,id,minute,result,X,Y,xG,player,h_a,player_id,situation,season,shotType,match_id,h_team,a_team,h_goals,a_goals,date,player_assisted,lastAction
0,82448,84,MissedShots,0.860999984741211,0.34900001525878904,0.07785099744796753,Christian Pulisic,h,2662,OpenPlay,2015,RightFoot,1270,Borussia Dortmund,Werder Bremen,3,2,2016-04-02 20:30:00,Julian Weigl,Pass
1,82626,3,SavedShot,0.9030000305175782,0.46,0.04236850142478943,Christian Pulisic,a,2662,OpenPlay,2015,Head,1280,Schalke 04,Borussia Dortmund,2,2,2016-04-10 17:30:00,Erik Durm,Aerial
2,82629,22,MissedShots,0.9369999694824219,0.34700000762939454,0.12063200026750565,Christian Pulisic,a,2662,OpenPlay,2015,RightFoot,1280,Schalke 04,Borussia Dortmund,2,2,2016-04-10 17:30:00,Sven Bender,TakeOn
3,82869,20,BlockedShot,0.845999984741211,0.5479999923706055,0.04745839908719063,Christian Pulisic,h,2662,OpenPlay,2015,RightFoot,1289,Borussia Dortmund,Hamburger SV,3,0,2016-04-17 17:30:00,Matthias Ginter,Cross
4,82871,37,Goal,0.9,0.6430000305175781,0.05576489865779877,Christian Pulisic,h,2662,FromCorner,2015,RightFoot,1289,Borussia Dortmund,Hamburger SV,3,0,2016-04-17 17:30:00,Mats Hummels,Pass
5,83188,19,BlockedShot,0.8819999694824219,0.6519999694824219,0.06699799746274948,Christian Pulisic,a,2662,OpenPlay,2015,LeftFoot,1292,VfB Stuttgart,Borussia Dortmund,0,3,2016-04-23 17:30:00,Marco Reus,Pass
6,83197,44,Goal,0.91,0.5309999847412109,0.4647200107574463,Christian Pulisic,a,2662,OpenPlay,2015,LeftFoot,1292,VfB Stuttgart,Borussia Dortmund,0,3,2016-04-23 17:30:00,,Rebound
7,83620,68,MissedShots,0.899000015258789,0.6869999694824219,0.05758960172533989,Christian Pulisic,a,2662,OpenPlay,2015,LeftFoot,1313,Eintracht Frankfurt,Borussia Dortmund,1,0,2016-05-07 17:30:00,Adrián Ramos,Pass
8,128202,53,Goal,0.9,0.40799999237060547,0.48405399918556213,Christian Pulisic,h,2662,OpenPlay,2016,LeftFoot,1350,Borussia Dortmund,Darmstadt,6,0,2016-09-17 17:30:00,,None
9,128207,76,SavedShot,0.955999984741211,0.5940000152587891,0.06054279953241348,Christian Pulisic,h,2662,OpenPlay,2016,Head,1350,Borussia Dortmund,Darmstadt,6,0,2016-09-17 17:30:00,Sebastian Rode,Chipped
10,128210,80,MissedShots,0.825999984741211,0.7580000305175781,0.017944399267435074,Christian Pulisic,h,2662,OpenPlay,2016,RightFoot,1350,Borussia Dortmund,Darmstadt,6,0,2016-09-17 17:30:00,Emre Mor,TakeOn
11,128634,92,SavedShot,0.7769999694824219,0.3,0.031012799590826035,Christian Pulisic,h,2662,OpenPlay,2016,RightFoot,1363,Borussia Dortmund,Freiburg,3,1,2016-09-23 22:30:00,Sebastian Rode,Pass
12,129084,94,MissedShots,0.909000015258789,0.24200000762939453,0.03396829962730408,Christian Pulisic,h,2662,OpenPlay,2016,RightFoot,1381,Borussia Dortmund,Hertha Berlin,1,1,2016-10-14 22:30:00,Shinji Kagawa,Pass
13,129416,82,MissedShots,0.8969999694824219,0.37900001525878907,0.029794499278068542,Christian Pulisic,a,2662,OpenPlay,2016,Head,1391,Ingolstadt,Borussia Dortmund,3,3,2016-10-22 17:30:00,Felix Passlack,Chipped
14,129421,90,Goal,0.9840000152587891,0.4620000076293945,0.9355739951133728,Christian Pulisic,a,2662,OpenPlay,2016,RightFoot,1391,Ingolstadt,Borussia Dortmund,3,3,2016-10-22 17:30:00,,Rebound
15,129751,52,MissedShots,0.919000015258789,0.3940000152587891,0.0508355014026165,Christian Pulisic,h,2662,OpenPlay,2016,Head,3305,Borussia Dortmund,Schalke 04,0,0,2016-10-29 20:30:00,Lukasz Piszczek,Cross
16,129754,57,MissedShots,0.8919999694824219,0.509000015258789,0.09705460071563721,Christian Pulisic,h,2662,OpenPlay,2016,LeftFoot,3305,Borussia Dortmund,Schalke 04,0,0,2016-10-29 20:30:00,Felix Passlack,Cross
17,129757,66,MissedShots,0.7980000305175782,0.4929999923706055,0.03498389944434166,Christian Pulisic,h,2662,SetPiece,2016,RightFoot,3305,Borussia Dortmund,Schalke 04,0,0,2016-10-29 20:30:00,,None
18,129630,26,MissedShots,0.8780000305175781,0.5629999923706055,0.10259799659252167,Christian Pulisic,a,2662,OpenPlay,2016,RightFoot,2807,Hamburger SV,Borussia Dortmund,2,5,2016-11-05 18:30:00,Pierre-Emerick Aubameyang,BallTouch
19,130369,87,SavedShot,0.96,0.34700000762939454,0.13317200541496277,Christian Pulisic,h,2662,OpenPlay,2016,RightFoot,3194,Borussia Dortmund,Borussia M.Gladbach,4,1,2016-12-03 18:30:00,Matthias Ginter,TakeOn
20,131741,43,BlockedShot,0.8959999847412109,0.43,0.07522380352020264,Christian Pulisic,h,2662,OpenPlay,2016,LeftFoot,3222,Borussia Dortmund,Augsburg,1,1,2016-12-20 23:00:00,,None
21,131753,86,SavedShot,0.875,0.2620000076293945,0.0317545011639595,Christian Pulisic,h,2662,OpenPlay,2016,RightFoot,3222,Borussia Dortmund,Augsburg,1,1,2016-12-20 23:00:00,Mario Götze,Pass
22,130746,36,SavedShot,0.914000015258789,0.46700000762939453,0.2433609962463379,Christian Pulisic,a,2662,OpenPlay,2016,RightFoot,3726,Werder Bremen,Borussia Dortmund,1,2,2017-01-21 14:30:00,,TakeOn
23,130762,72,BlockedShot,0.840999984741211,0.3039999961853027,0.04506229981780052,Christian Pulisic,a,2662,OpenPlay,2016,LeftFoot,3726,Werder Bremen,Borussia Dortmund,1,2,2017-01-21 14:30:00,Lukasz Piszczek,Pass
24,130763,73,MissedShots,0.9719999694824218,0.40799999237060547,0.05166430026292801,Christian Pulisic,a,2662,OpenPlay,2016,Head,3726,Werder Bremen,Borussia Dortmund,1,2,2017-01-21 14:30:00,Erik Durm,Chipped
25,131769,41,MissedShots,0.764000015258789,0.6020000076293945,0.01825989969074726,Christian Pulisic,a,2662,FromCorner,2016,RightFoot,3751,Darmstadt,Borussia Dortmund,2,1,2017-02-11 14:30:00,,None
26,131934,75,MissedShots,0.919000015258789,0.4329999923706055,0.3804610073566437,Christian Pulisic,h,2662,OpenPlay,2016,Head,3763,Borussia Dortmund,Wolfsburg,3,0,2017-02-18 14:30:00,,None
27,132466,52,SavedShot,0.9669999694824218,0.6509999847412109,0.08908189833164215,Christian Pulisic,h,2662,OpenPlay,2016,LeftFoot,3781,Borussia Dortmund,Bayer Leverkusen,6,2,2017-03-04 14:30:00,Ousmane Dembélé,Pass
28,132468,65,SavedShot,0.9059999847412109,0.33799999237060546,0.1008640006184578,Christian Pulisic,h,2662,OpenPlay,2016,RightFoot,3781,Borussia Dortmund,Bayer Leverkusen,6,2,2017-03-04 14:30:00,Erik Durm,TakeOn
29,132472,75,BlockedShot,0.915,0.3940000152587891,0.03904090076684952,Christian Pulisic,h,2662,OpenPlay,2016,Head,3781,Borussia Dortmund,Bayer Leverkusen,6,2,2017-03-04 14:30:00,,None
30,132474,76,Goal,0.909000015258789,0.4,0.12269199639558792,Christian Pulisic,h,2662,OpenPlay,2016,LeftFoot,3781,Borussia Dortmund,Bayer Leverkusen,6,2,2017-03-04 14:30:00,Erik Durm,Pass
31,133828,87,BlockedShot,0.750999984741211,0.6359999847412109,0.022871699184179306,Christian Pulisic,a,2662,FromCorner,2016,LeftFoot,3790,Hertha Berlin,Borussia Dortmund,2,1,2017-03-11 14:30:00,Pierre-Emerick Aubameyang,Pass
32,134288,28,BlockedShot,0.860999984741211,0.4179999923706055,0.08910760283470154,Christian Pulisic,h,2662,OpenPlay,2016,LeftFoot,3794,Borussia Dortmund,Ingolstadt,1,0,2017-03-17 19:30:00,,None
33,134452,86,SavedShot,0.865,0.610999984741211,0.05830899998545647,Christian Pulisic,a,2662,OpenPlay,2016,LeftFoot,3827,Bayern Munich,Borussia Dortmund,4,1,2017-04-08 17:30:00,Mikel Merino,TakeOn
34,133419,61,SavedShot,0.88,0.49,0.14413699507713318,Christian Pulisic,a,2662,OpenPlay,2016,RightFoot,3840,Borussia M.Gladbach,Borussia Dortmund,2,3,2017-04-22 17:30:00,Ousmane Dembélé,Pass
35,134154,20,MissedShots,0.9769999694824218,0.27600000381469725,0.041676800698041916,Christian Pulisic,h,2662,OpenPlay,2016,RightFoot,3848,Borussia Dortmund,FC Cologne,0,0,2017-04-29 14:30:00,Erik Durm,Pass
36,134165,49,MissedShots,0.805,0.5179999923706055,0.04843189939856529,Christian Pulisic,h,2662,FromCorner,2016,LeftFoot,3848,Borussia Dortmund,FC Cologne,0,0,2017-04-29 14:30:00,,Rebound
37,127698,63,BlockedShot,0.9,0.34900001525878904,0.09657129645347595,Christian Pulisic,h,2662,OpenPlay,2016,LeftFoot,3875,Borussia Dortmund,Werder Bremen,4,3,2017-05-20 14:30:00,,TakeOn
38,127701,69,SavedShot,0.91,0.38599998474121094,0.2244340032339096,Christian Pulisic,h,2662,OpenPlay,2016,Head,3875,Borussia Dortmund,Werder Bremen,4,3,2017-05-20 14:30:00,Raphael Guerreiro,Chipped
39,127705,76,SavedShot,0.9290000152587891,0.34900001525878904,0.06894610077142715,Christian Pulisic,h,2662,OpenPlay,2016,RightFoot,3875,Borussia Dortmund,Werder Bremen,4,3,2017-05-20 14:30:00,,None
40,165965,21,Goal,0.8719999694824219,0.33099998474121095,0.058216698467731476,Christian Pulisic,a,2662,OpenPlay,2017,RightFoot,8264,Wolfsburg,Borussia Dortmund,0,3,2017-08-19 14:30:00,Mario Götze,Pass
41,165987,27,SavedShot,0.894000015258789,0.40599998474121096,0.12026000022888184,Christian Pulisic,h,2662,OpenPlay,2017,LeftFoot,8274,Borussia Dortmund,Hertha Berlin,2,0,2017-08-26 17:30:00,Gonzalo Castro,Pass
42,165991,51,MissedShots,0.749000015258789,0.4929999923706055,0.03132089972496033,Christian Pulisic,h,2662,OpenPlay,2017,LeftFoot,8274,Borussia Dortmund,Hertha Berlin,2,0,2017-08-26 17:30:00,Gonzalo Castro,Pass
43,166000,81,SavedShot,0.9159999847412109,0.4329999923706055,0.5009260177612305,Christian Pulisic,h,2662,OpenPlay,2017,RightFoot,8274,Borussia Dortmund,Hertha Berlin,2,0,2017-08-26 17:30:00,Pierre-Emerick Aubameyang,Pass
44,166002,82,MissedShots,0.8119999694824219,0.620999984741211,0.09422279894351959,Christian Pulisic,h,2662,OpenPlay,2017,RightFoot,8274,Borussia Dortmund,Hertha Berlin,2,0,2017-08-26 17:30:00,Mahmoud Dahoud,Pass
45,166003,85,SavedShot,0.955999984741211,0.605999984741211,0.43413299322128296,Christian Pulisic,h,2662,OpenPlay,2017,RightFoot,8274,Borussia Dortmund,Hertha Berlin,2,0,2017-08-26 17:30:00,Mahmoud Dahoud,TakeOn
46,166286,46,SavedShot,0.9259999847412109,0.6140000152587891,0.29414600133895874,Christian Pulisic,a,2662,OpenPlay,2017,LeftFoot,8280,Freiburg,Borussia Dortmund,0,0,2017-09-09 14:30:00,Mario Götze,Chipped
47,166305,84,BlockedShot,0.855,0.37900001525878907,0.059094998985528946,Christian Pulisic,a,2662,OpenPlay,2017,LeftFoot,8280,Freiburg,Borussia Dortmund,0,0,2017-09-09 14:30:00,,None
48,167135,7,MissedShots,0.8780000305175781,0.3820000076293945,0.0931847020983696,Christian Pulisic,a,2662,OpenPlay,2017,RightFoot,8302,Hamburger SV,Borussia Dortmund,0,3,2017-09-20 19:30:00,Pierre-Emerick Aubameyang,Pass
49,167142,32,SavedShot,0.895,0.37400001525878906,0.11288099735975266,Christian Pulisic,a,2662,OpenPlay,2017,RightFoot,8302,Hamburger SV,Borussia Dortmund,0,3,2017-09-20 19:30:00,Andriy Yarmolenko,Pass
50,167153,78,Goal,0.9180000305175782,0.345,0.3424600064754486,Christian Pulisic,a,2662,OpenPlay,2017,RightFoot,8302,Hamburger SV,Borussia Dortmund,0,3,2017-09-20 19:30:00,Mahmoud Dahoud,Pass
51,167363,22,BlockedShot,0.805,0.285,0.023329799994826317,Christian Pulisic,h,2662,OpenPlay,2017,LeftFoot,8310,Borussia Dortmund,Borussia M.Gladbach,6,1,2017-09-23 17:30:00,Lukasz Piszczek,BallRecovery
52,167285,2,BlockedShot,0.9359999847412109,0.695,0.046859100461006165,Christian Pulisic,a,2662,OpenPlay,2017,LeftFoot,8321,Augsburg,Borussia Dortmund,1,2,2017-09-30 14:30:00,,Rebound
53,167299,63,MissedShots,0.779000015258789,0.3840000152587891,0.020250799134373665,Christian Pulisic,a,2662,FromCorner,2017,RightFoot,8321,Augsburg,Borussia Dortmund,1,2,2017-09-30 14:30:00,,None
54,167305,88,MissedShots,0.9219999694824219,0.43599998474121093,0.06066429987549782,Christian Pulisic,a,2662,OpenPlay,2017,Head,8321,Augsburg,Borussia Dortmund,1,2,2017-09-30 14:30:00,Gonzalo Castro,Aerial
55,167589,57,MissedShots,0.9180000305175782,0.4209999847412109,0.01996699906885624,Christian Pulisic,h,2662,FromCorner,2017,Head,8323,Borussia Dortmund,RasenBallsport Leipzig,2,3,2017-10-14 17:30:00,Gonzalo Castro,Aerial
56,168269,65,SavedShot,0.89,0.3920000076293945,0.1140730008482933,Christian Pulisic,a,2662,OpenPlay,2017,RightFoot,8336,Eintracht Frankfurt,Borussia Dortmund,2,2,2017-10-21 14:30:00,Maximilian Philipp,Pass
57,168274,75,MissedShots,0.715999984741211,0.49900001525878906,0.014087099581956863,Christian Pulisic,a,2662,FromCorner,2017,RightFoot,8336,Eintracht Frankfurt,Borussia Dortmund,2,2,2017-10-21 14:30:00,,None
58,168281,91,MissedShots,0.8119999694824219,0.23700000762939452,0.02061700075864792,Christian Pulisic,a,2662,OpenPlay,2017,RightFoot,8336,Eintracht Frankfurt,Borussia Dortmund,2,2,2017-10-21 14:30:00,Jadon Sancho,Pass
59,168811,62,SavedShot,0.9540000152587891,0.6430000305175781,0.09871239960193634,Christian Pulisic,a,2662,OpenPlay,2017,RightFoot,8347,Hannover 96,Borussia Dortmund,4,2,2017-10-28 14:30:00,Nuri Sahin,Throughball
60,169020,69,MissedShots,0.8540000152587891,0.3340000152587891,0.04417390003800392,Christian Pulisic,a,2662,OpenPlay,2017,RightFoot,8382,Bayer Leverkusen,Borussia Dortmund,1,1,2017-12-02 14:30:00,,BallRecovery
61,179821,27,BlockedShot,0.7930000305175782,0.725999984741211,0.02040109969675541,Christian Pulisic,h,2662,OpenPlay,2017,RightFoot,8385,Borussia Dortmund,Werder Bremen,1,2,2017-12-09 14:30:00,Shinji Kagawa,Pass
62,179836,89,BlockedShot,0.8469999694824218,0.5479999923706055,0.04933390021324158,Christian Pulisic,h,2662,OpenPlay,2017,LeftFoot,8385,Borussia Dortmund,Werder Bremen,1,2,2017-12-09 14:30:00,Marcel Schmelzer,Cross
63,184086,50,MissedShots,0.8590000152587891,0.6580000305175782,0.05825990065932274,Christian Pulisic,a,2662,OpenPlay,2017,RightFoot,8401,Mainz 05,Borussia Dortmund,0,2,2017-12-12 19:30:00,Marcel Schmelzer,Pass
64,184130,8,SavedShot,0.8630000305175781,0.37099998474121093,0.098574198782444,Christian Pulisic,h,2662,OpenPlay,2017,RightFoot,8403,Borussia Dortmund,Hoffenheim,2,1,2017-12-16 17:30:00,Andriy Yarmolenko,Pass
65,184156,88,Goal,0.9590000152587891,0.4620000076293945,0.9334359765052795,Christian Pulisic,h,2662,OpenPlay,2017,LeftFoot,8403,Borussia Dortmund,Hoffenheim,2,1,2017-12-16 17:30:00,,TakeOn
66,188409,55,SavedShot,0.8590000152587891,0.32799999237060545,0.05506389960646629,Christian Pulisic,a,2662,OpenPlay,2017,RightFoot,8423,Hertha Berlin,Borussia Dortmund,1,1,2018-01-19 19:30:00,Lukasz Piszczek,TakeOn
67,195079,28,MissedShots,0.93,0.34799999237060547,0.023670099675655365,Christian Pulisic,a,2662,OpenPlay,2017,Head,8447,FC Cologne,Borussia Dortmund,2,3,2018-02-02 19:30:00,Shinji Kagawa,Chipped
68,195085,55,BlockedShot,0.8669999694824219,0.425,0.138482004404068,Christian Pulisic,a,2662,OpenPlay,2017,RightFoot,8447,FC Cologne,Borussia Dortmund,2,3,2018-02-02 19:30:00,Shinji Kagawa,Pass
69,195091,67,MissedShots,0.9219999694824219,0.6930000305175781,0.06699349731206894,Christian Pulisic,a,2662,OpenPlay,2017,LeftFoot,8447,FC Cologne,Borussia Dortmund,2,3,2018-02-02 19:30:00,Raphael Guerreiro,Pass
70,194954,62,MissedShots,0.9719999694824218,0.43099998474121093,0.5921930074691772,Christian Pulisic,h,2662,OpenPlay,2017,RightFoot,8452,Borussia Dortmund,Hamburger SV,2,0,2018-02-10 14:30:00,Mahmoud Dahoud,Rebound
71,200843,55,MissedShots,0.774000015258789,0.40400001525878904,0.035807300359010696,Christian Pulisic,h,2662,OpenPlay,2017,LeftFoot,8485,Borussia Dortmund,Eintracht Frankfurt,3,2,2018-03-11 17:00:00,Maximilian Philipp,Pass
72,204483,19,SavedShot,0.7819999694824219,0.4520000076293945,0.03769880160689354,Christian Pulisic,a,2662,OpenPlay,2017,RightFoot,8502,Bayern Munich,Borussia Dortmund,6,0,2018-03-31 14:30:00,Mahmoud Dahoud,Pass
73,207447,30,MissedShots,0.9369999694824219,0.33599998474121096,0.09189719706773758,Christian Pulisic,h,2662,SetPiece,2017,RightFoot,8511,Borussia Dortmund,VfB Stuttgart,3,0,2018-04-08 13:30:00,Lukasz Piszczek,TakeOn
74,207449,37,Goal,0.8730000305175781,0.15300000190734864,0.019885700196027756,Christian Pulisic,h,2662,OpenPlay,2017,RightFoot,8511,Borussia Dortmund,VfB Stuttgart,3,0,2018-04-08 13:30:00,Lukasz Piszczek,Pass
75,207458,71,SavedShot,0.924000015258789,0.5929999923706055,0.1225539967417717,Christian Pulisic,h,2662,OpenPlay,2017,RightFoot,8511,Borussia Dortmund,VfB Stuttgart,3,0,2018-04-08 13:30:00,Nuri Sahin,Chipped
76,209153,70,MissedShots,0.9169999694824219,0.455,0.38447698950767517,Christian Pulisic,a,2662,OpenPlay,2017,LeftFoot,8524,Schalke 04,Borussia Dortmund,2,0,2018-04-15 13:30:00,Marco Reus,Cross
77,210570,14,BlockedShot,0.9330000305175781,0.35700000762939454,0.15138399600982666,Christian Pulisic,h,2662,OpenPlay,2017,RightFoot,8529,Borussia Dortmund,Bayer Leverkusen,4,0,2018-04-21 16:30:00,Jadon Sancho,Throughball
78,224898,83,Goal,0.9390000152587891,0.48900001525878906,0.5267750024795532,Christian Pulisic,a,2662,OpenPlay,2018,LeftFoot,10365,Hoffenheim,Borussia Dortmund,1,1,2018-09-22 13:30:00,Marco Reus,Pass
79,226679,25,BlockedShot,0.7809999847412109,0.40400001525878904,0.024414699524641037,Christian Pulisic,h,2662,SetPiece,2018,RightFoot,10378,Borussia Dortmund,Nuernberg,7,0,2018-09-26 18:30:00,Maximilian Philipp,Pass
80,226683,44,MissedShots,0.855999984741211,0.26799999237060546,0.034242499619722366,Christian Pulisic,h,2662,FromCorner,2018,RightFoot,10378,Borussia Dortmund,Nuernberg,7,0,2018-09-26 18:30:00,Manuel Akanji,Pass
81,226691,73,SavedShot,0.96,0.6370000076293946,0.02126389928162098,Christian Pulisic,h,2662,SetPiece,2018,Head,10378,Borussia Dortmund,Nuernberg,7,0,2018-09-26 18:30:00,Jadon Sancho,Cross
82,228231,10,SavedShot,0.8780000305175781,0.305,0.049312200397253036,Christian Pulisic,a,2662,OpenPlay,2018,RightFoot,10388,Bayer Leverkusen,Borussia Dortmund,2,4,2018-09-29 16:30:00,Marco Reus,Pass
83,255524,75,MissedShots,0.9159999847412109,0.3029999923706055,0.06629730015993118,Christian Pulisic,a,2662,OpenPlay,2018,RightFoot,10402,VfB Stuttgart,Borussia Dortmund,0,4,2018-10-20 13:30:00,Axel Witsel,Pass
84,255956,88,BlockedShot,0.8690000152587891,0.5879999923706055,0.06363160163164139,Christian Pulisic,a,2662,FromCorner,2018,LeftFoot,10421,Wolfsburg,Borussia Dortmund,0,1,2018-11-03 14:30:00,,None
85,284440,91,Goal,0.9219999694824219,0.575999984741211,0.4433180093765259,Christian Pulisic,h,2662,OpenPlay,2018,LeftFoot,10555,Borussia Dortmund,VfB Stuttgart,3,1,2019-03-09 14:30:00,Mario Götze,Pass
86,284439,91,BlockedShot,0.805,0.36900001525878906,0.05241980031132698,Christian Pulisic,h,2662,OpenPlay,2018,RightFoot,10555,Borussia Dortmund,VfB Stuttgart,3,1,2019-03-09 14:30:00,,Dispossessed
87,286392,45,MissedShots,0.845999984741211,0.7,0.03577449917793274,Christian Pulisic,a,2662,OpenPlay,2018,RightFoot,10568,Hertha Berlin,Borussia Dortmund,2,3,2019-03-16 17:30:00,,TakeOn
88,286394,48,BlockedShot,0.7959999847412109,0.6790000152587891,0.02589930035173893,Christian Pulisic,a,2662,OpenPlay,2018,RightFoot,10568,Hertha Berlin,Borussia Dortmund,2,3,2019-03-16 17:30:00,Thomas Delaney,Pass
89,286399,57,BlockedShot,0.895,0.67,0.07044389843940735,Christian Pulisic,a,2662,OpenPlay,2018,LeftFoot,10568,Hertha Berlin,Borussia Dortmund,2,3,2019-03-16 17:30:00,Jacob Bruun Larsen,Pass
90,286404,70,MissedShots,0.8930000305175781,0.6020000076293945,0.10082600265741348,Christian Pulisic,a,2662,OpenPlay,2018,RightFoot,10568,Hertha Berlin,Borussia Dortmund,2,3,2019-03-16 17:30:00,Jacob Bruun Larsen,Pass
91,286405,73,SavedShot,0.845,0.40599998474121096,0.07812490314245224,Christian Pulisic,a,2662,OpenPlay,2018,RightFoot,10568,Hertha Berlin,Borussia Dortmund,2,3,2019-03-16 17:30:00,Abdou Diallo,Pass
92,286406,73,MissedShots,0.9369999694824219,0.52,0.5922759771347046,Christian Pulisic,a,2662,OpenPlay,2018,LeftFoot,10568,Hertha Berlin,Borussia Dortmund,2,3,2019-03-16 17:30:00,Marius Wolf,Pass
93,286408,78,BlockedShot,0.85,0.4879999923706055,0.07264579832553864,Christian Pulisic,a,2662,OpenPlay,2018,RightFoot,10568,Hertha Berlin,Borussia Dortmund,2,3,2019-03-16 17:30:00,,Rebound
94,295931,84,SavedShot,0.9159999847412109,0.3509999847412109,0.11292800307273865,Christian Pulisic,a,2662,OpenPlay,2018,RightFoot,10601,Freiburg,Borussia Dortmund,0,4,2019-04-21 14:30:00,Manuel Akanji,Pass
95,299418,5,Goal,0.8919999694824219,0.43400001525878906,0.3993859887123108,Christian Pulisic,a,2662,OpenPlay,2018,RightFoot,10621,Werder Bremen,Borussia Dortmund,2,2,2019-05-04 17:30:00,Thomas Delaney,TakeOn
96,299423,19,MissedShots,0.9259999847412109,0.4809999847412109,0.42806199193000793,Christian Pulisic,a,2662,OpenPlay,2018,Head,10621,Werder Bremen,Borussia Dortmund,2,2,2019-05-04 17:30:00,Mario Götze,Cross
97,299432,44,SavedShot,0.8490000152587891,0.5320000076293945,0.30535098910331726,Christian Pulisic,a,2662,OpenPlay,2018,RightFoot,10621,Werder Bremen,Borussia Dortmund,2,2,2019-05-04 17:30:00,Mario Götze,Pass
98,299437,53,MissedShots,0.955999984741211,0.5729999923706055,0.13526000082492828,Christian Pulisic,a,2662,OpenPlay,2018,Head,10621,Werder Bremen,Borussia Dortmund,2,2,2019-05-04 17:30:00,Mario Götze,Cross
99,299443,73,SavedShot,0.7680000305175781,0.7030000305175781,0.0204818993806839,Christian Pulisic,a,2662,SetPiece,2018,RightFoot,10621,Werder Bremen,Borussia Dortmund,2,2,2019-05-04 17:30:00,Raphael Guerreiro,Pass
100,299447,87,MissedShots,0.9119999694824219,0.3390000152587891,0.070899598300457,Christian Pulisic,a,2662,OpenPlay,2018,RightFoot,10621,Werder Bremen,Borussia Dortmund,2,2,2019-05-04 17:30:00,,Dispossessed
101,300729,12,MissedShots,0.9219999694824219,0.37099998474121093,0.09394270181655884,Christian Pulisic,h,2662,OpenPlay,2018,RightFoot,10626,Borussia Dortmund,Fortuna Duesseldorf,3,2,2019-05-11 14:30:00,Paco Alcácer,Pass
102,300731,20,BlockedShot,0.9159999847412109,0.46900001525878904,0.45440301299095154,Christian Pulisic,h,2662,OpenPlay,2018,LeftFoot,10626,Borussia Dortmund,Fortuna Duesseldorf,3,2,2019-05-11 14:30:00,,Rebound
103,300735,40,Goal,0.9740000152587891,0.500999984741211,0.7430840134620667,Christian Pulisic,h,2662,OpenPlay,2018,Head,10626,Borussia Dortmund,Fortuna Duesseldorf,3,2,2019-05-11 14:30:00,Thomas Delaney,HeadPass
104,302345,63,BlockedShot,0.88,0.46700000762939453,0.13632799685001373,Christian Pulisic,a,2662,OpenPlay,2018,LeftFoot,10639,Borussia M.Gladbach,Borussia Dortmund,0,2,2019-05-18 13:30:00,Marco Reus,Pass
105,310319,87,BlockedShot,0.8209999847412109,0.6430000305175781,0.04654189944267273,Christian Pulisic,a,2662,OpenPlay,2019,RightFoot,11652,Manchester United,Chelsea,4,0,2019-08-11 16:30:00,Mason Mount,Pass
106,312312,43,BlockedShot,0.89,0.595999984741211,0.1520099937915802,Christian Pulisic,a,2662,OpenPlay,2019,RightFoot,11664,Norwich,Chelsea,2,3,2019-08-24 12:30:00,Ross Barkley,TakeOn
107,312315,46,MissedShots,0.915,0.3129999923706055,0.05887509882450104,Christian Pulisic,a,2662,OpenPlay,2019,RightFoot,11664,Norwich,Chelsea,2,3,2019-08-24 12:30:00,Jorginho,Chipped
108,315777,18,SavedShot,0.9640000152587891,0.4909999847412109,0.5728139877319336,Christian Pulisic,h,2662,OpenPlay,2019,LeftFoot,11675,Chelsea,Sheffield United,2,2,2019-08-31 15:00:00,Tammy Abraham,Goal
109,325607,67,SavedShot,0.9330000305175781,0.4420000076293945,0.4673599898815155,Christian Pulisic,h,2662,OpenPlay,2019,LeftFoot,11725,Chelsea,Newcastle United,1,0,2019-10-19 15:00:00,,Rebound
110,327339,20,Goal,0.904000015258789,0.6370000076293946,0.07899860292673111,Christian Pulisic,a,2662,OpenPlay,2019,LeftFoot,11735,Burnley,Chelsea,2,4,2019-10-26 17:30:00,,BallRecovery
111,327342,27,SavedShot,0.8930000305175781,0.6969999694824218,0.05805080011487007,Christian Pulisic,a,2662,OpenPlay,2019,RightFoot,11735,Burnley,Chelsea,2,4,2019-10-26 17:30:00,Willian,Chipped
112,327345,35,BlockedShot,0.895,0.6329999923706054,0.08678530156612396,Christian Pulisic,a,2662,OpenPlay,2019,LeftFoot,11735,Burnley,Chelsea,2,4,2019-10-26 17:30:00,,None
113,327348,44,Goal,0.8590000152587891,0.37799999237060544,0.08001530170440674,Christian Pulisic,a,2662,OpenPlay,2019,RightFoot,11735,Burnley,Chelsea,2,4,2019-10-26 17:30:00,Willian,BallRecovery
114,327351,55,Goal,0.945,0.5309999847412109,0.127020001411438,Christian Pulisic,a,2662,FromCorner,2019,Head,11735,Burnley,Chelsea,2,4,2019-10-26 17:30:00,Mason Mount,Cross
115,329407,18,SavedShot,0.9290000152587891,0.39099998474121095,0.01469040010124445,Christian Pulisic,a,2662,FromCorner,2019,Head,11751,Watford,Chelsea,1,2,2019-11-02 17:30:00,Willian,Aerial
116,329416,54,Goal,0.9590000152587891,0.5070000076293946,0.7136589884757996,Christian Pulisic,a,2662,OpenPlay,2019,RightFoot,11751,Watford,Chelsea,1,2,2019-11-02 17:30:00,Tammy Abraham,Pass
117,329417,57,SavedShot,0.965,0.6580000305175782,0.1309320032596588,Christian Pulisic,a,2662,OpenPlay,2019,LeftFoot,11751,Watford,Chelsea,1,2,2019-11-02 17:30:00,Mateo Kovacic,TakeOn
118,330405,6,MissedShots,0.8030000305175782,0.7030000305175781,0.02531849965453148,Christian Pulisic,h,2662,OpenPlay,2019,RightFoot,11754,Chelsea,Crystal Palace,2,0,2019-11-09 12:30:00,Mason Mount,Pass
119,330406,11,SavedShot,0.97,0.5829999923706055,0.41111400723457336,Christian Pulisic,h,2662,OpenPlay,2019,LeftFoot,11754,Chelsea,Crystal Palace,2,0,2019-11-09 12:30:00,Willian,TakeOn
120,330412,46,MissedShots,0.9019999694824219,0.53,0.04641060158610344,Christian Pulisic,h,2662,OpenPlay,2019,Head,11754,Chelsea,Crystal Palace,2,0,2019-11-09 12:30:00,N&#039;Golo Kanté,Aerial
121,330418,58,SavedShot,0.805,0.5209999847412109,0.0440962016582489,Christian Pulisic,h,2662,OpenPlay,2019,RightFoot,11754,Chelsea,Crystal Palace,2,0,2019-11-09 12:30:00,Mateo Kovacic,TakeOn
122,330420,66,MissedShots,0.86,0.6370000076293946,0.0712399035692215,Christian Pulisic,h,2662,OpenPlay,2019,RightFoot,11754,Chelsea,Crystal Palace,2,0,2019-11-09 12:30:00,Mason Mount,None
123,330424,78,Goal,0.9459999847412109,0.5270000076293946,0.5061920285224915,Christian Pulisic,h,2662,OpenPlay,2019,Head,11754,Chelsea,Crystal Palace,2,0,2019-11-09 12:30:00,,Rebound
124,333620,8,MissedShots,0.9369999694824219,0.5629999923706055,0.3587459921836853,Christian Pulisic,h,2662,OpenPlay,2019,Head,11774,Chelsea,West Ham,0,1,2019-11-30 15:00:00,Pedro,Cross
125,333623,20,BlockedShot,0.9519999694824218,0.6580000305175782,0.06522899866104126,Christian Pulisic,h,2662,OpenPlay,2019,RightFoot,11774,Chelsea,West Ham,0,1,2019-11-30 15:00:00,,None
126,333627,32,MissedShots,0.925,0.41700000762939454,0.058976199477910995,Christian Pulisic,h,2662,FromCorner,2019,Head,11774,Chelsea,West Ham,0,1,2019-11-30 15:00:00,Emerson,Cross
127,333630,46,MissedShots,0.9519999694824218,0.5690000152587891,0.5371729731559753,Christian Pulisic,h,2662,OpenPlay,2019,LeftFoot,11774,Chelsea,West Ham,0,1,2019-11-30 15:00:00,,None
128,333639,88,MissedShots,0.870999984741211,0.3970000076293945,0.08089450001716614,Christian Pulisic,h,2662,OpenPlay,2019,RightFoot,11774,Chelsea,West Ham,0,1,2019-11-30 15:00:00,N&#039;Golo Kanté,Pass
129,335051,5,MissedShots,0.889000015258789,0.43,0.014227399602532387,Christian Pulisic,h,2662,FromCorner,2019,Head,11789,Chelsea,Aston Villa,2,1,2019-12-04 19:30:00,N&#039;Golo Kanté,Aerial
130,335063,59,BlockedShot,0.8909999847412109,0.629000015258789,0.11750800162553787,Christian Pulisic,h,2662,OpenPlay,2019,RightFoot,11789,Chelsea,Aston Villa,2,1,2019-12-04 19:30:00,,TakeOn
131,335065,60,BlockedShot,0.9390000152587891,0.48700000762939455,0.14000800251960754,Christian Pulisic,h,2662,OpenPlay,2019,RightFoot,11789,Chelsea,Aston Villa,2,1,2019-12-04 19:30:00,Reece James,CornerAwarded
132,335074,76,SavedShot,0.915,0.6519999694824219,0.10393399745225906,Christian Pulisic,h,2662,OpenPlay,2019,RightFoot,11789,Chelsea,Aston Villa,2,1,2019-12-04 19:30:00,César Azpilicueta,TakeOn
133,335073,76,BlockedShot,0.7869999694824219,0.5779999923706055,0.042206600308418274,Christian Pulisic,h,2662,OpenPlay,2019,RightFoot,11789,Chelsea,Aston Villa,2,1,2019-12-04 19:30:00,Mateo Kovacic,Pass
134,335487,88,SavedShot,0.9069999694824219,0.5929999923706055,0.04733949899673462,Christian Pulisic,a,2662,OpenPlay,2019,Head,11796,Everton,Chelsea,3,1,2019-12-07 12:30:00,César Azpilicueta,Cross
135,335488,92,MissedShots,0.784000015258789,0.675,0.018598299473524094,Christian Pulisic,a,2662,OpenPlay,2019,RightFoot,11796,Everton,Chelsea,3,1,2019-12-07 12:30:00,Michy Batshuayi,Pass
136,336984,23,BlockedShot,0.9009999847412109,0.46299999237060546,0.04859039932489395,Christian Pulisic,h,2662,OpenPlay,2019,Head,11805,Chelsea,Bournemouth,0,1,2019-12-14 15:00:00,César Azpilicueta,Aerial
137,336988,38,BlockedShot,0.9819999694824219,0.5829999923706055,0.39562198519706726,Christian Pulisic,h,2662,OpenPlay,2019,Head,11805,Chelsea,Bournemouth,0,1,2019-12-14 15:00:00,Willian,Aerial
138,336998,58,BlockedShot,0.8719999694824219,0.44599998474121094,0.09009060263633728,Christian Pulisic,h,2662,OpenPlay,2019,RightFoot,11805,Chelsea,Bournemouth,0,1,2019-12-14 15:00:00,,BallRecovery
139,339542,75,SavedShot,0.8369999694824218,0.519000015258789,0.08963660150766373,Christian Pulisic,h,2662,OpenPlay,2019,LeftFoot,11825,Chelsea,Southampton,0,2,2019-12-26 15:00:00,Mason Mount,Pass
140,351402,46,MissedShots,0.875,0.705999984741211,0.05916599929332733,Christian Pulisic,a,2662,OpenPlay,2019,LeftFoot,11845,Brighton,Chelsea,1,1,2020-01-01 12:30:00,N&#039;Golo Kanté,Pass
141,351403,53,SavedShot,0.909000015258789,0.7140000152587891,0.061778999865055084,Christian Pulisic,a,2662,OpenPlay,2019,LeftFoot,11845,Brighton,Chelsea,1,1,2020-01-01 12:30:00,Mason Mount,Pass
142,351405,54,MissedShots,0.8530000305175781,0.6780000305175782,0.04638360068202019,Christian Pulisic,a,2662,OpenPlay,2019,RightFoot,11845,Brighton,Chelsea,1,1,2020-01-01 12:30:00,Reece James,Chipped
143,351407,63,SavedShot,0.9319999694824219,0.7230000305175781,0.05087659880518913,Christian Pulisic,a,2662,OpenPlay,2019,RightFoot,11845,Brighton,Chelsea,1,1,2020-01-01 12:30:00,Willian,Pass
144,351409,64,BlockedShot,0.8190000152587891,0.4279999923706055,0.03633670136332512,Christian Pulisic,a,2662,FromCorner,2019,RightFoot,11845,Brighton,Chelsea,1,1,2020-01-01 12:30:00,,None
145,365805,59,Goal,0.960999984741211,0.5940000152587891,0.31734699010849,Christian Pulisic,a,2662,OpenPlay,2019,LeftFoot,11933,Aston Villa,Chelsea,1,2,2020-06-21 15:15:00,César Azpilicueta,Cross
146,365811,84,BlockedShot,0.7909999847412109,0.34400001525878904,0.019014399498701096,Christian Pulisic,a,2662,FromCorner,2019,RightFoot,11933,Aston Villa,Chelsea,1,2,2020-06-21 15:15:00,,None
147,365810,84,BlockedShot,0.799000015258789,0.48700000762939455,0.03648199886083603,Christian Pulisic,a,2662,FromCorner,2019,LeftFoot,11933,Aston Villa,Chelsea,1,2,2020-06-21 15:15:00,Willian,Pass
148,366615,31,SavedShot,0.955999984741211,0.56,0.14721299707889557,Christian Pulisic,h,2662,OpenPlay,2019,RightFoot,11946,Chelsea,Manchester City,2,1,2020-06-25 19:15:00,Ross Barkley,Pass
149,366619,35,Goal,0.8230000305175781,0.62,0.3370310068130493,Christian Pulisic,h,2662,OpenPlay,2019,RightFoot,11946,Chelsea,Manchester City,2,1,2020-06-25 19:15:00,,TakeOn
150,366628,70,BlockedShot,0.9359999847412109,0.34200000762939453,0.4201189875602722,Christian Pulisic,h,2662,OpenPlay,2019,RightFoot,11946,Chelsea,Manchester City,2,1,2020-06-25 19:15:00,Andreas Christensen,TakeOn
151,368132,19,MissedShots,0.8630000305175781,0.539000015258789,0.10246399790048599,Christian Pulisic,a,2662,OpenPlay,2019,RightFoot,11962,West Ham,Chelsea,3,2,2020-07-01 19:15:00,César Azpilicueta,Pass
152,368135,37,MissedShots,0.870999984741211,0.5309999847412109,0.03008659929037094,Christian Pulisic,a,2662,OpenPlay,2019,Head,11962,West Ham,Chelsea,3,2,2020-07-01 19:15:00,Marcos Alonso,Cross
153,368146,72,MissedShots,0.775,0.639000015258789,0.02551320008933544,Christian Pulisic,a,2662,OpenPlay,2019,RightFoot,11962,West Ham,Chelsea,3,2,2020-07-01 19:15:00,Marcos Alonso,Pass
154,368147,76,MissedShots,0.83,0.590999984741211,0.02018590085208416,Christian Pulisic,a,2662,FromCorner,2019,RightFoot,11962,West Ham,Chelsea,3,2,2020-07-01 19:15:00,,Aerial
155,368811,29,SavedShot,0.8780000305175781,0.5370000076293945,0.06655559688806534,Christian Pulisic,h,2662,OpenPlay,2019,Head,11964,Chelsea,Watford,3,0,2020-07-04 19:00:00,César Azpilicueta,Cross
156,368816,46,MissedShots,0.83,0.6719999694824219,0.05619889870285988,Christian Pulisic,h,2662,OpenPlay,2019,RightFoot,11964,Chelsea,Watford,3,0,2020-07-04 19:00:00,César Azpilicueta,Pass
157,368828,89,BlockedShot,0.8819999694824219,0.6409999847412109,0.09092050045728683,Christian Pulisic,h,2662,OpenPlay,2019,LeftFoot,11964,Chelsea,Watford,3,0,2020-07-04 19:00:00,César Azpilicueta,Pass
158,369416,26,Goal,0.9,0.669000015258789,0.08623149991035461,Christian Pulisic,a,2662,OpenPlay,2019,LeftFoot,11977,Crystal Palace,Chelsea,2,3,2020-07-07 17:00:00,Willian,Pass
159,370499,6,MissedShots,0.9540000152587891,0.5920000076293945,0.047117799520492554,Christian Pulisic,a,2662,OpenPlay,2019,Head,11989,Sheffield United,Chelsea,3,0,2020-07-11 16:30:00,Reece James,Aerial
160,370507,64,BlockedShot,0.85,0.44,0.08571500331163406,Christian Pulisic,a,2662,OpenPlay,2019,LeftFoot,11989,Sheffield United,Chelsea,3,0,2020-07-11 16:30:00,Ross Barkley,Pass
161,371316,26,MissedShots,0.9019999694824219,0.6409999847412109,0.05522850155830383,Christian Pulisic,h,2662,OpenPlay,2019,LeftFoot,11995,Chelsea,Norwich,1,0,2020-07-14 19:15:00,Marcos Alonso,Cross
162,371319,35,SavedShot,0.870999984741211,0.5879999923706055,0.05704659968614578,Christian Pulisic,h,2662,OpenPlay,2019,LeftFoot,11995,Chelsea,Norwich,1,0,2020-07-14 19:15:00,Antonio Rüdiger,Cross
163,371332,74,SavedShot,0.9369999694824219,0.5790000152587891,0.33574798703193665,Christian Pulisic,h,2662,OpenPlay,2019,LeftFoot,11995,Chelsea,Norwich,1,0,2020-07-14 19:15:00,Olivier Giroud,Chipped
164,373317,63,MissedShots,0.8830000305175781,0.43400001525878906,0.2766079902648926,Christian Pulisic,a,2662,OpenPlay,2019,RightFoot,12006,Liverpool,Chelsea,5,3,2020-07-22 19:15:00,Reece James,Chipped
165,373318,67,MissedShots,0.924000015258789,0.735,0.03243640065193176,Christian Pulisic,a,2662,OpenPlay,2019,LeftFoot,12006,Liverpool,Chelsea,5,3,2020-07-22 19:15:00,César Azpilicueta,Chipped
166,373319,72,Goal,0.8690000152587891,0.5309999847412109,0.05774009972810745,Christian Pulisic,a,2662,OpenPlay,2019,RightFoot,12006,Liverpool,Chelsea,5,3,2020-07-22 19:15:00,Callum Hudson-Odoi,Cross
167,373686,76,MissedShots,0.8780000305175781,0.7130000305175781,0.06673700362443924,Christian Pulisic,h,2662,OpenPlay,2019,RightFoot,12021,Chelsea,Wolverhampton Wanderers,2,0,2020-07-26 15:00:00,Olivier Giroud,Pass
168,381888,5,MissedShots,0.8619999694824219,0.5459999847412109,0.02600879967212677,Christian Pulisic,h,2662,OpenPlay,2020,Head,14475,Chelsea,Southampton,3,3,2020-10-17 14:00:00,Ben Chilwell,Cross
169,381892,18,BlockedShot,0.8969999694824219,0.31799999237060544,0.08085960149765015,Christian Pulisic,h,2662,OpenPlay,2020,RightFoot,14475,Chelsea,Southampton,3,3,2020-10-17 14:00:00,Mason Mount,Pass
170,383519,17,MissedShots,0.7619999694824219,0.4640000152587891,0.01880430057644844,Christian Pulisic,a,2662,FromCorner,2020,RightFoot,14491,Manchester United,Chelsea,0,0,2020-10-24 16:30:00,Kurt Zouma,None
171,383524,31,SavedShot,0.875999984741211,0.735999984741211,0.033026400953531265,Christian Pulisic,a,2662,OpenPlay,2020,RightFoot,14491,Manchester United,Chelsea,0,0,2020-10-24 16:30:00,Ben Chilwell,Pass
172,383525,32,BlockedShot,0.8590000152587891,0.3940000152587891,0.07060500234365463,Christian Pulisic,a,2662,OpenPlay,2020,RightFoot,14491,Manchester United,Chelsea,0,0,2020-10-24 16:30:00,,BallRecovery
173,390458,50,BlockedShot,0.855,0.59,0.08859480172395706,Christian Pulisic,h,2662,OpenPlay,2020,RightFoot,14538,Chelsea,Leeds,3,1,2020-12-05 20:00:00,Ben Chilwell,Pass
174,390466,65,BlockedShot,0.7959999847412109,0.6630000305175782,0.028137600049376488,Christian Pulisic,h,2662,OpenPlay,2020,RightFoot,14538,Chelsea,Leeds,3,1,2020-12-05 20:00:00,Kai Havertz,TakeOn
175,390473,83,BlockedShot,0.8330000305175781,0.595999984741211,0.07287059724330902,Christian Pulisic,h,2662,OpenPlay,2020,RightFoot,14538,Chelsea,Leeds,3,1,2020-12-05 20:00:00,Timo Werner,Pass
176,390475,92,Goal,0.9440000152587891,0.475,0.7105990052223206,Christian Pulisic,h,2662,OpenPlay,2020,LeftFoot,14538,Chelsea,Leeds,3,1,2020-12-05 20:00:00,Timo Werner,Pass
177,394891,79,SavedShot,0.970999984741211,0.47,0.7334010004997253,Christian Pulisic,h,2662,OpenPlay,2020,Head,14567,Chelsea,West Ham,3,0,2020-12-21 20:00:00,Mason Mount,Cross
178,395678,50,MissedShots,0.9030000305175782,0.6530000305175782,0.06840860098600388,Christian Pulisic,a,2662,OpenPlay,2020,LeftFoot,14575,Arsenal,Chelsea,3,1,2020-12-26 17:30:00,Mason Mount,Pass
179,395683,60,BlockedShot,0.7980000305175782,0.6309999847412109,0.032047100365161896,Christian Pulisic,a,2662,OpenPlay,2020,RightFoot,14575,Arsenal,Chelsea,3,1,2020-12-26 17:30:00,Mason Mount,Pass
180,395695,94,SavedShot,0.81,0.4520000076293945,0.019789300858974457,Christian Pulisic,a,2662,OpenPlay,2020,LeftFoot,14575,Arsenal,Chelsea,3,1,2020-12-26 17:30:00,Reece James,TakeOn
181,395845,11,MissedShots,0.8640000152587891,0.4,0.06622059643268585,Christian Pulisic,h,2662,OpenPlay,2020,RightFoot,14586,Chelsea,Aston Villa,1,1,2020-12-28 17:30:00,,None
182,395846,13,BlockedShot,0.845,0.534000015258789,0.0796855017542839,Christian Pulisic,h,2662,OpenPlay,2020,RightFoot,14586,Chelsea,Aston Villa,1,1,2020-12-28 17:30:00,Mason Mount,Pass
183,395852,31,MissedShots,0.9740000152587891,0.515,0.7491059899330139,Christian Pulisic,h,2662,OpenPlay,2020,RightFoot,14586,Chelsea,Aston Villa,1,1,2020-12-28 17:30:00,,None
184,395860,78,SavedShot,0.7669999694824219,0.63,0.015207800082862377,Christian Pulisic,h,2662,OpenPlay,2020,RightFoot,14586,Chelsea,Aston Villa,1,1,2020-12-28 17:30:00,N&#039;Golo Kanté,Chipped
185,396955,80,MissedShots,0.909000015258789,0.5979999923706054,0.04244359955191612,Christian Pulisic,h,2662,OpenPlay,2020,Head,14603,Chelsea,Manchester City,1,3,2021-01-03 16:30:00,Callum Hudson-Odoi,Cross
186,399106,31,MissedShots,0.7630000305175781,0.4570000076293945,0.027145899832248688,Christian Pulisic,a,2662,OpenPlay,2020,RightFoot,14617,Fulham,Chelsea,0,1,2021-01-16 17:30:00,Mateo Kovacic,Pass
187,399840,57,MissedShots,0.9180000305175782,0.575999984741211,0.05247990041971207,Christian Pulisic,a,2662,OpenPlay,2020,Head,14609,Leicester,Chelsea,2,0,2021-01-19 20:15:00,Reece James,Aerial
188,401943,70,MissedShots,0.89,0.4229999923706055,0.11714199930429459,Christian Pulisic,h,2662,OpenPlay,2020,RightFoot,14637,Chelsea,Burnley,2,0,2021-01-31 12:00:00,Callum Hudson-Odoi,Pass
189,401946,82,SavedShot,0.9619999694824218,0.5779999923706055,0.15013399720191956,Christian Pulisic,h,2662,OpenPlay,2020,LeftFoot,14637,Chelsea,Burnley,2,0,2021-01-31 12:00:00,Kai Havertz,Pass
190,402898,83,MissedShots,0.7909999847412109,0.3320000076293945,0.03556180000305176,Christian Pulisic,a,2662,OpenPlay,2020,LeftFoot,14653,Tottenham,Chelsea,0,1,2021-02-04 20:00:00,,Dispossessed
191,407462,84,MissedShots,0.795,0.2979999923706055,0.02508299984037876,Christian Pulisic,h,2662,OpenPlay,2020,RightFoot,14685,Chelsea,Manchester United,0,0,2021-02-28 16:30:00,Andreas Christensen,Pass
192,409769,23,MissedShots,0.92,0.61,0.03666970133781433,Christian Pulisic,a,2662,OpenPlay,2020,Head,14709,Leeds,Chelsea,0,0,2021-03-13 12:30:00,Ben Chilwell,Cross
193,409778,58,SavedShot,0.93,0.3270000076293945,0.06945110112428665,Christian Pulisic,a,2662,OpenPlay,2020,RightFoot,14709,Leeds,Chelsea,0,0,2021-03-13 12:30:00,Mason Mount,Pass
194,409781,63,BlockedShot,0.8169999694824219,0.4520000076293945,0.06238799914717674,Christian Pulisic,a,2662,OpenPlay,2020,LeftFoot,14709,Leeds,Chelsea,0,0,2021-03-13 12:30:00,Hakim Ziyech,Pass
195,412190,26,Goal,0.9290000152587891,0.4620000076293945,0.556430995464325,Christian Pulisic,h,2662,SetPiece,2020,RightFoot,14727,Chelsea,West Bromwich Albion,2,5,2021-04-03 11:30:00,,Rebound
196,414047,7,SavedShot,0.9419999694824219,0.44,0.39133599400520325,Christian Pulisic,a,2662,OpenPlay,2020,RightFoot,14737,Crystal Palace,Chelsea,1,4,2021-04-10 16:30:00,Mason Mount,Cross
197,414049,9,Goal,0.95,0.639000015258789,0.09962409734725952,Christian Pulisic,a,2662,OpenPlay,2020,LeftFoot,14737,Crystal Palace,Chelsea,1,4,2021-04-10 16:30:00,Kai Havertz,Pass
198,414066,77,Goal,0.97,0.5420000076293945,0.703361988067627,Christian Pulisic,a,2662,OpenPlay,2020,LeftFoot,14737,Crystal Palace,Chelsea,1,4,2021-04-10 16:30:00,,None
199,416291,16,MissedShots,0.85,0.5329999923706055,0.09649589657783508,Christian Pulisic,h,2662,OpenPlay,2020,LeftFoot,14747,Chelsea,Brighton,0,0,2021-04-20 19:00:00,Jorginho,Pass
200,416298,49,BlockedShot,0.8880000305175781,0.34900001525878904,0.07523190230131149,Christian Pulisic,h,2662,OpenPlay,2020,RightFoot,14747,Chelsea,Brighton,0,0,2021-04-20 19:00:00,Hakim Ziyech,Pass
201,416306,87,SavedShot,0.9480000305175781,0.24100000381469727,0.032792799174785614,Christian Pulisic,h,2662,OpenPlay,2020,RightFoot,14747,Chelsea,Brighton,0,0,2021-04-20 19:00:00,Andreas Christensen,Pass
202,417426,14,SavedShot,0.889000015258789,0.47299999237060547,0.12524700164794922,Christian Pulisic,a,2662,OpenPlay,2020,RightFoot,14763,West Ham,Chelsea,0,1,2021-04-24 16:30:00,Timo Werner,Pass
203,420222,59,MissedShots,0.8430000305175781,0.47299999237060547,0.07450710237026215,Christian Pulisic,a,2662,OpenPlay,2020,RightFoot,14781,Manchester City,Chelsea,1,2,2021-05-08 16:30:00,Marcos Alonso,Pass
204,421507,31,MissedShots,0.9519999694824218,0.425,0.048135701566934586,Christian Pulisic,h,2662,FromCorner,2020,Head,14790,Chelsea,Arsenal,0,1,2021-05-12 19:15:00,,Aerial
205,421518,85,SavedShot,0.879000015258789,0.42700000762939455,0.10152599960565567,Christian Pulisic,h,2662,OpenPlay,2020,RightFoot,14790,Chelsea,Arsenal,0,1,2021-05-12 19:15:00,Callum Hudson-Odoi,Cross
206,421523,95,BlockedShot,0.8430000305175781,0.3629999923706055,0.05656860023736954,Christian Pulisic,h,2662,OpenPlay,2020,RightFoot,14790,Chelsea,Arsenal,0,1,2021-05-12 19:15:00,Jorginho,Pass
207,423218,8,BlockedShot,0.840999984741211,0.455,0.07079529762268066,Christian Pulisic,h,2662,OpenPlay,2020,RightFoot,14797,Chelsea,Leicester,2,1,2021-05-18 19:15:00,N&#039;Golo Kanté,Pass
208,423226,42,SavedShot,0.975999984741211,0.415,0.43298599123954773,Christian Pulisic,h,2662,OpenPlay,2020,LeftFoot,14797,Chelsea,Leicester,2,1,2021-05-18 19:15:00,Mason Mount,Pass
209,423948,21,SavedShot,0.8909999847412109,0.5640000152587891,0.09040430188179016,Christian Pulisic,a,2662,OpenPlay,2020,RightFoot,14806,Aston Villa,Chelsea,2,1,2021-05-23 15:00:00,,None
210,423954,46,MissedShots,0.8730000305175781,0.5570000076293945,0.3080979883670807,Christian Pulisic,a,2662,OpenPlay,2020,RightFoot,14806,Aston Villa,Chelsea,2,1,2021-05-23 15:00:00,Timo Werner,Cross
211,425824,9,SavedShot,0.8959999847412109,0.580999984741211,0.04770670086145401,Christian Pulisic,h,2662,OpenPlay,2021,Head,16379,Chelsea,Crystal Palace,3,0,2021-08-14 14:00:00,Marcos Alonso,Cross
212,425830,39,Goal,0.9359999847412109,0.4640000152587891,0.5904629826545715,Christian Pulisic,h,2662,OpenPlay,2021,LeftFoot,16379,Chelsea,Crystal Palace,3,0,2021-08-14 14:00:00,,None
213,442281,67,MissedShots,0.9430000305175781,0.4490000152587891,0.13803599774837494,Christian Pulisic,a,2662,OpenPlay,2021,RightFoot,16488,Leicester,Chelsea,0,3,2021-11-20 12:30:00,Hakim Ziyech,Cross
214,442282,70,Goal,0.9730000305175781,0.4570000076293945,0.7255550026893616,Christian Pulisic,a,2662,OpenPlay,2021,RightFoot,16488,Leicester,Chelsea,0,3,2021-11-20 12:30:00,Hakim Ziyech,Pass
215,445950,92,MissedShots,0.909000015258789,0.4620000076293945,0.0774964988231659,Christian Pulisic,a,2662,OpenPlay,2021,Head,16524,West Ham,Chelsea,3,2,2021-12-04 12:30:00,Mason Mount,Cross
216,449155,10,SavedShot,0.9330000305175781,0.5629999923706055,0.4796600043773651,Christian Pulisic,h,2662,OpenPlay,2021,LeftFoot,16543,Chelsea,Everton,1,1,2021-12-16 19:45:00,Hakim Ziyech,Pass
217,449172,56,MissedShots,0.9009999847412109,0.35200000762939454,0.016495099291205406,Christian Pulisic,h,2662,SetPiece,2021,Head,16543,Chelsea,Everton,1,1,2021-12-16 19:45:00,Reece James,Cross
218,449180,84,MissedShots,0.919000015258789,0.46900001525878904,0.12487500160932541,Christian Pulisic,h,2662,SetPiece,2021,Head,16543,Chelsea,Everton,1,1,2021-12-16 19:45:00,Reece James,Cross
219,449700,77,SavedShot,0.9280000305175782,0.6140000152587891,0.36177200078964233,Christian Pulisic,a,2662,OpenPlay,2021,LeftFoot,16555,Wolverhampton Wanderers,Chelsea,0,0,2021-12-19 14:00:00,Marcos Alonso,Pass
220,451184,45,Goal,0.8969999694824219,0.595,0.31181100010871887,Christian Pulisic,h,2662,OpenPlay,2021,LeftFoot,16578,Chelsea,Liverpool,2,2,2022-01-02 16:30:00,N&#039;Golo Kanté,Pass
221,451191,61,SavedShot,0.9169999694824219,0.485,0.3701300024986267,Christian Pulisic,h,2662,OpenPlay,2021,LeftFoot,16578,Chelsea,Liverpool,2,2,2022-01-02 16:30:00,Marcos Alonso,Cross
222,451193,71,MissedShots,0.7830000305175782,0.37400001525878906,0.021298900246620178,Christian Pulisic,h,2662,OpenPlay,2021,LeftFoot,16578,Chelsea,Liverpool,2,2,2022-01-02 16:30:00,N&#039;Golo Kanté,Pass
223,458279,8,MissedShots,0.9540000152587891,0.5890000152587891,0.4344399869441986,Christian Pulisic,a,2662,OpenPlay,2021,LeftFoot,16629,Crystal Palace,Chelsea,0,1,2022-02-19 15:00:00,,None
224,458281,16,BlockedShot,0.8969999694824219,0.625,0.09897050261497498,Christian Pulisic,a,2662,OpenPlay,2021,RightFoot,16629,Crystal Palace,Chelsea,0,1,2022-02-19 15:00:00,N&#039;Golo Kanté,Pass
225,461070,50,BlockedShot,0.8190000152587891,0.41900001525878905,0.07013999670743942,Christian Pulisic,a,2662,OpenPlay,2021,RightFoot,16647,Burnley,Chelsea,0,4,2022-03-05 15:00:00,N&#039;Golo Kanté,Pass
226,461075,68,Goal,0.955,0.5129999923706055,0.6469759941101074,Christian Pulisic,a,2662,OpenPlay,2021,RightFoot,16647,Burnley,Chelsea,0,4,2022-03-05 15:00:00,,None
227,466741,53,SavedShot,0.8690000152587891,0.5509999847412109,0.11667300015687943,Christian Pulisic,a,2662,OpenPlay,2021,RightFoot,16687,Southampton,Chelsea,0,6,2022-04-09 14:00:00,Marcos Alonso,Cross
228,466748,83,BlockedShot,0.8419999694824218,0.605,0.09366799890995026,Christian Pulisic,a,2662,OpenPlay,2021,RightFoot,16687,Southampton,Chelsea,0,6,2022-04-09 14:00:00,Timo Werner,Pass
229,470565,89,Goal,0.9219999694824219,0.5309999847412109,0.3712339997291565,Christian Pulisic,h,2662,OpenPlay,2021,LeftFoot,16711,Chelsea,West Ham,1,0,2022-04-24 13:00:00,Marcos Alonso,Cross
230,474769,18,MissedShots,0.7869999694824219,0.4,0.0320872999727726,Christian Pulisic,h,2662,OpenPlay,2021,LeftFoot,16731,Chelsea,Wolverhampton Wanderers,2,2,2022-05-07 14:00:00,Antonio Rüdiger,Pass
231,474781,45,MissedShots,0.7680000305175781,0.38099998474121094,0.0165375005453825,Christian Pulisic,h,2662,OpenPlay,2021,RightFoot,16731,Chelsea,Wolverhampton Wanderers,2,2,2022-05-07 14:00:00,Romelu Lukaku,HeadPass
232,474779,47,BlockedShot,0.8230000305175781,0.595999984741211,0.07015559822320938,Christian Pulisic,h,2662,OpenPlay,2021,LeftFoot,16731,Chelsea,Wolverhampton Wanderers,2,2,2022-05-07 14:00:00,Romelu Lukaku,LayOff
233,474788,59,BlockedShot,0.914000015258789,0.33799999237060546,0.10049299895763397,Christian Pulisic,h,2662,OpenPlay,2021,RightFoot,16731,Chelsea,Wolverhampton Wanderers,2,2,2022-05-07 14:00:00,Romelu Lukaku,Pass
234,475149,12,MissedShots,0.9469999694824218,0.4279999923706055,0.06668359786272049,Christian Pulisic,a,2662,OpenPlay,2021,Head,16703,Leeds,Chelsea,0,3,2022-05-11 18:30:00,Reece James,Aerial
235,475157,54,Goal,0.8240000152587891,0.5020000076293946,0.07531540095806122,Christian Pulisic,a,2662,OpenPlay,2021,LeftFoot,16703,Leeds,Chelsea,0,3,2022-05-11 18:30:00,Mason Mount,Pass
236,475158,58,MissedShots,0.8319999694824218,0.48400001525878905,0.07495039701461792,Christian Pulisic,a,2662,OpenPlay,2021,RightFoot,16703,Leeds,Chelsea,0,3,2022-05-11 18:30:00,Jorginho,BallRecovery
237,476987,17,BlockedShot,0.81,0.645,0.03259219974279404,Christian Pulisic,h,2662,OpenPlay,2021,RightFoot,16639,Chelsea,Leicester,1,1,2022-05-19 19:00:00,,Rebound
238,476995,62,MissedShots,0.9219999694824219,0.48,0.5288599729537964,Christian Pulisic,h,2662,OpenPlay,2021,RightFoot,16639,Chelsea,Leicester,1,1,2022-05-19 19:00:00,Romelu Lukaku,Pass
239,479454,88,MissedShots,0.9269999694824219,0.5359999847412109,0.11506599932909012,Christian Pulisic,a,2662,FromCorner,2022,LeftFoot,18208,Everton,Chelsea,0,1,2022-08-06 16:30:00,César Azpilicueta,None
240,485962,26,BlockedShot,0.8519999694824218,0.425,0.06632090359926224,Christian Pulisic,h,2662,OpenPlay,2022,LeftFoot,18260,Chelsea,West Ham,2,1,2022-09-03 14:00:00,,None
241,491625,20,MissedShots,0.8730000305175781,0.6329999923706054,0.08515279740095139,Christian Pulisic,h,2662,OpenPlay,2022,LeftFoot,18295,Chelsea,Wolverhampton Wanderers,3,0,2022-10-08 14:00:00,Ruben Loftus-Cheek,Pass
242,491629,27,MissedShots,0.9059999847412109,0.580999984741211,0.2076680064201355,Christian Pulisic,h,2662,OpenPlay,2022,Head,18295,Chelsea,Wolverhampton Wanderers,3,0,2022-10-08 14:00:00,César Azpilicueta,Cross
243,491630,30,SavedShot,0.7340000152587891,0.715,0.016376400366425514,Christian Pulisic,h,2662,OpenPlay,2022,RightFoot,18295,Chelsea,Wolverhampton Wanderers,3,0,2022-10-08 14:00:00,Mason Mount,Pass
244,491640,53,Goal,0.9590000152587891,0.6480000305175782,0.33254900574684143,Christian Pulisic,h,2662,OpenPlay,2022,LeftFoot,18295,Chelsea,Wolverhampton Wanderers,3,0,2022-10-08 14:00:00,Mason Mount,Throughball
245,494464,63,BlockedShot,0.8080000305175781,0.635,0.03760230168700218,Christian Pulisic,a,2662,OpenPlay,2022,RightFoot,18314,Brentford,Chelsea,0,0,2022-10-19 18:30:00,Mateo Kovacic,Pass
246,494476,88,SavedShot,0.754000015258789,0.6179999923706054,0.02272680029273033,Christian Pulisic,a,2662,OpenPlay,2022,RightFoot,18314,Brentford,Chelsea,0,0,2022-10-19 18:30:00,Mateo Kovacic,Pass
247,496511,16,MissedShots,0.905,0.4229999923706055,0.07666440308094025,Christian Pulisic,a,2662,OpenPlay,2022,RightFoot,18335,Brighton,Chelsea,4,1,2022-10-29 14:00:00,,None
248,496529,66,BlockedShot,0.7759999847412109,0.3129999923706055,0.014021400362253189,Christian Pulisic,a,2662,OpenPlay,2022,LeftFoot,18335,Brighton,Chelsea,4,1,2022-10-29 14:00:00,Conor Gallagher,Pass
249,501078,11,MissedShots,0.9030000305175782,0.6020000076293945,0.09232260286808014,Christian Pulisic,h,2662,OpenPlay,2022,LeftFoot,18365,Chelsea,Bournemouth,2,0,2022-12-27 17:30:00,,BallTouch
250,501085,56,MissedShots,0.8109999847412109,0.5379999923706055,0.043176401406526566,Christian Pulisic,h,2662,SetPiece,2022,RightFoot,18365,Chelsea,Bournemouth,2,0,2022-12-27 17:30:00,Jorginho,Pass
251,501091,73,MissedShots,0.835,0.34799999237060547,0.08220890164375305,Christian Pulisic,h,2662,OpenPlay,2022,RightFoot,18365,Chelsea,Bournemouth,2,0,2022-12-27 17:30:00,Jorginho,Chipped
252,501975,42,SavedShot,0.8830000305175781,0.43900001525878907,0.10789100080728531,Christian Pulisic,a,2662,SetPiece,2022,RightFoot,18378,Nottingham Forest,Chelsea,1,1,2023-01-01 16:30:00,Kalidou Koulibaly,Pass
253,502595,15,BlockedShot,0.9130000305175782,0.649000015258789,0.0883634015917778,Christian Pulisic,h,2662,OpenPlay,2022,RightFoot,18385,Chelsea,Manchester City,0,1,2023-01-05 20:00:00,Kai Havertz,Pass
254,516571,89,SavedShot,0.95,0.7759999847412109,0.019197000190615654,Christian Pulisic,h,2662,OpenPlay,2022,LeftFoot,18485,Chelsea,Aston Villa,0,2,2023-04-01 16:30:00,Enzo Fernández,Chipped
255,519460,48,ShotOnPost,0.925,0.5570000076293945,0.11093699932098389,Christian Pulisic,h,2662,OpenPlay,2022,Head,18503,Chelsea,Brighton,1,2,2023-04-15 14:00:00,Ben Chilwell,Cross
256,529762,90,SavedShot,0.885,0.5870000076293945,0.3541512191295624,Christian Pulisic,h,2662,OpenPlay,2022,RightFoot,18575,Chelsea,Newcastle United,1,1,2023-05-28 15:30:00,Raheem Sterling,Pass
257,534187,20,Goal,0.785,0.31799999237060544,0.026809390634298325,Christian Pulisic,a,2662,OpenPlay,2023,RightFoot,22314,Bologna,AC Milan,0,2,2023-08-21 18:45:00,Olivier Giroud,Pass
258,535052,32,Goal,0.955999984741211,0.5359999847412109,0.7633024454116821,Christian Pulisic,h,2662,OpenPlay,2023,LeftFoot,22317,AC Milan,Torino,4,1,2023-08-26 18:45:00,Ruben Loftus-Cheek,Pass
259,535059,56,MissedShots,0.8959999847412109,0.649000015258789,0.11715221405029297,Christian Pulisic,h,2662,OpenPlay,2023,LeftFoot,22317,AC Milan,Torino,4,1,2023-08-26 18:45:00,Olivier Giroud,LayOff
260,535064,89,SavedShot,0.8219999694824218,0.655,0.06084702908992767,Christian Pulisic,h,2662,OpenPlay,2023,RightFoot,22317,AC Milan,Torino,4,1,2023-08-26 18:45:00,Yunus Musah,Pass
261,535839,21,SavedShot,0.919000015258789,0.45799999237060546,0.13187219202518463,Christian Pulisic,a,2662,OpenPlay,2023,LeftFoot,22326,Roma,AC Milan,1,2,2023-09-01 18:45:00,,None
262,538921,71,SavedShot,0.909000015258789,0.345,0.09143944084644318,Christian Pulisic,h,2662,OpenPlay,2023,LeftFoot,22352,AC Milan,Verona,1,0,2023-09-23 13:00:00,Ruben Loftus-Cheek,Pass
263,541410,59,Goal,0.8819999694824219,0.514000015258789,0.38283130526542664,Christian Pulisic,h,2662,OpenPlay,2023,LeftFoot,22373,AC Milan,Lazio,2,0,2023-09-30 16:00:00,Rafael Leão,Pass
264,541416,75,SavedShot,0.8490000152587891,0.55,0.09281811863183975,Christian Pulisic,h,2662,OpenPlay,2023,LeftFoot,22373,AC Milan,Lazio,2,0,2023-09-30 16:00:00,Theo Hernández,Pass
265,542902,80,BlockedShot,0.9119999694824219,0.54,0.1339678317308426,Christian Pulisic,a,2662,OpenPlay,2023,RightFoot,22378,Genoa,AC Milan,0,1,2023-10-07 18:45:00,,Rebound
266,542904,86,Goal,0.9130000305175782,0.48900001525878906,0.3553071618080139,Christian Pulisic,a,2662,OpenPlay,2023,LeftFoot,22378,Genoa,AC Milan,0,1,2023-10-07 18:45:00,Yunus Musah,Cross
267,544909,36,MissedShots,0.935,0.36,0.021683471277356148,Christian Pulisic,h,2662,OpenPlay,2023,Head,22391,AC Milan,Juventus,0,1,2023-10-22 18:45:00,,Aerial
268,546358,33,BlockedShot,0.879000015258789,0.40200000762939453,0.1185140535235405,Christian Pulisic,a,2662,OpenPlay,2023,LeftFoot,22404,Napoli,AC Milan,2,2,2023-10-29 19:45:00,Olivier Giroud,Pass
269,546360,40,BlockedShot,0.8190000152587891,0.37799999237060544,0.06959350407123566,Christian Pulisic,a,2662,OpenPlay,2023,LeftFoot,22404,Napoli,AC Milan,2,2,2023-10-29 19:45:00,Rade Krunic,Pass
270,546365,49,BlockedShot,0.855999984741211,0.4229999923706055,0.08175216615200043,Christian Pulisic,a,2662,OpenPlay,2023,LeftFoot,22404,Napoli,AC Milan,2,2,2023-10-29 19:45:00,,None
271,550007,22,SavedShot,0.8080000305175781,0.47900001525878905,0.053569190204143524,Christian Pulisic,h,2662,OpenPlay,2023,RightFoot,22433,AC Milan,Fiorentina,1,0,2023-11-25 19:45:00,Yunus Musah,BlockedPass
272,551343,49,Goal,0.9230000305175782,0.43900001525878907,0.12489926815032959,Christian Pulisic,h,2662,OpenPlay,2023,RightFoot,22440,AC Milan,Frosinone,3,1,2023-12-02 19:45:00,Mike Maignan,Pass
273,553065,78,SavedShot,0.754000015258789,0.4490000152587891,0.022404063493013382,Christian Pulisic,a,2662,OpenPlay,2023,RightFoot,22445,Atalanta,AC Milan,3,2,2023-12-09 17:00:00,Theo Hernández,Pass
274,553068,83,MissedShots,0.89,0.725999984741211,0.043141428381204605,Christian Pulisic,a,2662,OpenPlay,2023,RightFoot,22445,Atalanta,AC Milan,3,2,2023-12-09 17:00:00,Tijjani Reijnders,Chipped
275,554593,43,ShotOnPost,0.8490000152587891,0.295,0.05496925488114357,Christian Pulisic,h,2662,OpenPlay,2023,LeftFoot,22459,AC Milan,Monza,3,0,2023-12-17 11:30:00,Ruben Loftus-Cheek,Pass
276,554596,48,SavedShot,0.8340000152587891,0.45599998474121095,0.12902753055095673,Christian Pulisic,h,2662,OpenPlay,2023,RightFoot,22459,AC Milan,Monza,3,0,2023-12-17 11:30:00,Olivier Giroud,BallTouch
277,556020,8,MissedShots,0.81,0.5079999923706054,0.04284072294831276,Christian Pulisic,a,2662,SetPiece,2023,RightFoot,22473,Salernitana,AC Milan,2,2,2023-12-22 19:45:00,,None
278,557062,33,MissedShots,0.8059999847412109,0.43200000762939456,0.04493362084031105,Christian Pulisic,h,2662,OpenPlay,2023,LeftFoot,22481,AC Milan,Sassuolo,1,0,2023-12-30 17:00:00,Rafael Leão,Pass
279,557074,58,Goal,0.9169999694824219,0.4640000152587891,0.5091921091079712,Christian Pulisic,h,2662,OpenPlay,2023,RightFoot,22481,AC Milan,Sassuolo,1,0,2023-12-30 17:00:00,Ismael Bennacer,Throughball
280,557656,61,SavedShot,0.9369999694824219,0.4620000076293945,0.09596537053585052,Christian Pulisic,a,2662,OpenPlay,2023,Head,22486,Empoli,AC Milan,0,3,2024-01-07 11:30:00,Rafael Leão,Chipped
281,558730,26,SavedShot,0.789000015258789,0.55,0.05271587893366814,Christian Pulisic,h,2662,OpenPlay,2023,LeftFoot,22500,AC Milan,Roma,3,1,2024-01-14 19:45:00,Olivier Giroud,Pass
282,558732,30,BlockedShot,0.9059999847412109,0.5529999923706055,0.1374177187681198,Christian Pulisic,h,2662,OpenPlay,2023,LeftFoot,22500,AC Milan,Roma,3,1,2024-01-14 19:45:00,Olivier Giroud,Pass
283,558733,36,MissedShots,0.8909999847412109,0.46299999237060546,0.0825473740696907,Christian Pulisic,h,2662,OpenPlay,2023,Head,22500,AC Milan,Roma,3,1,2024-01-14 19:45:00,Rafael Leão,Cross
284,558744,63,MissedShots,0.8719999694824219,0.40099998474121096,0.11518851667642593,Christian Pulisic,h,2662,OpenPlay,2023,LeftFoot,22500,AC Milan,Roma,3,1,2024-01-14 19:45:00,Rafael Leão,Pass
285,559131,11,BlockedShot,0.860999984741211,0.43400001525878906,0.056144945323467255,Christian Pulisic,a,2662,FromCorner,2023,LeftFoot,22513,Udinese,AC Milan,2,3,2024-01-20 19:45:00,Theo Hernández,Pass
286,559992,37,MissedShots,0.875999984741211,0.3,0.06195395812392235,Christian Pulisic,h,2662,OpenPlay,2023,RightFoot,22518,AC Milan,Bologna,2,2,2024-01-27 19:45:00,Ruben Loftus-Cheek,Pass
287,561329,29,SavedShot,0.8969999694824219,0.29700000762939455,0.05042937397956848,Christian Pulisic,a,2662,OpenPlay,2023,RightFoot,22531,Frosinone,AC Milan,2,3,2024-02-03 17:00:00,Olivier Giroud,Pass
288,561336,71,BlockedShot,0.7730000305175782,0.5879999923706055,0.023761579766869545,Christian Pulisic,a,2662,FromCorner,2023,RightFoot,22531,Frosinone,AC Milan,2,3,2024-02-03 17:00:00,Theo Hernández,Pass
289,563250,50,BlockedShot,0.8630000305175781,0.3029999923706055,0.05670737847685814,Christian Pulisic,h,2662,OpenPlay,2023,LeftFoot,22539,AC Milan,Napoli,1,0,2024-02-11 19:45:00,Ruben Loftus-Cheek,Pass
290,564712,48,MissedShots,0.904000015258789,0.32,0.0699833407998085,Christian Pulisic,a,2662,OpenPlay,2023,RightFoot,22548,Monza,AC Milan,4,2,2024-02-18 19:45:00,Alessandro Florenzi,Pass
291,564716,66,BlockedShot,0.7659999847412109,0.44099998474121094,0.02631913498044014,Christian Pulisic,a,2662,OpenPlay,2023,LeftFoot,22548,Monza,AC Milan,4,2,2024-02-18 19:45:00,Alessandro Florenzi,Pass
292,564722,87,Goal,0.8730000305175781,0.27899999618530275,0.038211751729249954,Christian Pulisic,a,2662,OpenPlay,2023,LeftFoot,22548,Monza,AC Milan,4,2,2024-02-18 19:45:00,Malick Thiaw,Pass
293,565907,68,MissedShots,0.9119999694824219,0.3579999923706055,0.2956320643424988,Christian Pulisic,h,2662,OpenPlay,2023,LeftFoot,22560,AC Milan,Atalanta,1,1,2024-02-25 19:45:00,Rafael Leão,Chipped
294,565908,74,SavedShot,0.81,0.36200000762939455,0.03590169921517372,Christian Pulisic,h,2662,OpenPlay,2023,LeftFoot,22560,AC Milan,Atalanta,1,1,2024-02-25 19:45:00,Rafael Leão,Pass
295,566208,35,MissedShots,0.8440000152587891,0.49,0.025549016892910004,Christian Pulisic,a,2662,FromCorner,2023,LeftFoot,22568,Lazio,AC Milan,0,1,2024-03-01 19:45:00,Simon Kjaer,Aerial
296,566210,45,SavedShot,0.8209999847412109,0.265,0.024539586156606674,Christian Pulisic,a,2662,OpenPlay,2023,LeftFoot,22568,Lazio,AC Milan,0,1,2024-03-01 19:45:00,Theo Hernández,Pass
297,568624,4,SavedShot,0.9019999694824219,0.34299999237060547,0.08294358104467392,Christian Pulisic,h,2662,OpenPlay,2023,RightFoot,22579,AC Milan,Empoli,1,0,2024-03-10 14:00:00,Ruben Loftus-Cheek,Pass
298,568631,37,MissedShots,0.9009999847412109,0.5840000152587891,0.03146417438983917,Christian Pulisic,h,2662,OpenPlay,2023,Head,22579,AC Milan,Empoli,1,0,2024-03-10 14:00:00,Tijjani Reijnders,Chipped
299,568632,39,Goal,0.830999984741211,0.47700000762939454,0.07693953067064285,Christian Pulisic,h,2662,OpenPlay,2023,LeftFoot,22579,AC Milan,Empoli,1,0,2024-03-10 14:00:00,Noah Okafor,Pass
300,569845,22,ShotOnPost,0.9209999847412109,0.34200000762939453,0.0836721658706665,Christian Pulisic,a,2662,OpenPlay,2023,RightFoot,22588,Verona,AC Milan,1,3,2024-03-17 14:00:00,Theo Hernández,Pass
301,569846,23,MissedShots,0.799000015258789,0.3609999847412109,0.030399957671761513,Christian Pulisic,a,2662,OpenPlay,2023,LeftFoot,22588,Verona,AC Milan,1,3,2024-03-17 14:00:00,Tijjani Reijnders,Pass
302,569854,49,Goal,0.9330000305175781,0.47400001525878904,0.5737358927726746,Christian Pulisic,a,2662,OpenPlay,2023,RightFoot,22588,Verona,AC Milan,1,3,2024-03-17 14:00:00,,Rebound
303,569855,52,BlockedShot,0.9069999694824219,0.27299999237060546,0.06208460405468941,Christian Pulisic,a,2662,OpenPlay,2023,RightFoot,22588,Verona,AC Milan,1,3,2024-03-17 14:00:00,Ruben Loftus-Cheek,Pass
304,571035,93,SavedShot,0.88,0.6990000152587891,0.03781844675540924,Christian Pulisic,a,2662,OpenPlay,2023,LeftFoot,22601,Fiorentina,AC Milan,1,2,2024-03-30 19:45:00,Mike Maignan,Pass
305,572177,5,Goal,0.8169999694824219,0.4490000152587891,0.053872860968112946,Christian Pulisic,h,2662,OpenPlay,2023,LeftFoot,22612,AC Milan,Lecce,3,0,2024-04-06 13:00:00,Samuel Chukwueze,Pass
306,572178,7,SavedShot,0.9259999847412109,0.4570000076293945,0.4960688054561615,Christian Pulisic,h,2662,OpenPlay,2023,Head,22612,AC Milan,Lecce,3,0,2024-04-06 13:00:00,Theo Hernández,Aerial
307,574245,77,SavedShot,0.92,0.4570000076293945,0.4795286953449249,Christian Pulisic,a,2662,OpenPlay,2023,RightFoot,22620,Sassuolo,AC Milan,3,3,2024-04-14 13:00:00,Yacine Adli,Pass
308,575927,73,MissedShots,0.89,0.5890000152587891,0.1005181297659874,Christian Pulisic,h,2662,OpenPlay,2023,LeftFoot,22633,AC Milan,Inter,1,2,2024-04-22 18:45:00,Rafael Leão,Pass
309,579090,6,BlockedShot,0.8080000305175781,0.32099998474121094,0.03325644135475159,Christian Pulisic,h,2662,OpenPlay,2023,RightFoot,22650,AC Milan,Genoa,3,3,2024-05-05 16:00:00,Tijjani Reijnders,TakeOn
310,579091,13,BlockedShot,0.87,0.6709999847412109,0.045642510056495667,Christian Pulisic,h,2662,OpenPlay,2023,RightFoot,22650,AC Milan,Genoa,3,3,2024-05-05 16:00:00,,None
311,579102,38,SavedShot,0.8080000305175781,0.2989999961853027,0.02449241280555725,Christian Pulisic,h,2662,OpenPlay,2023,RightFoot,22650,AC Milan,Genoa,3,3,2024-05-05 16:00:00,Fikayo Tomori,Pass
312,580196,56,BlockedShot,0.7880000305175782,0.34599998474121096,0.03392384946346283,Christian Pulisic,h,2662,OpenPlay,2023,LeftFoot,22663,AC Milan,Cagliari,5,1,2024-05-11 18:45:00,Pierre Kalulu Kyatengwa,Pass
313,580199,58,Goal,0.8969999694824219,0.5729999923706055,0.6178230047225952,Christian Pulisic,h,2662,OpenPlay,2023,LeftFoot,22663,AC Milan,Cagliari,5,1,2024-05-11 18:45:00,Rafael Leão,Throughball
314,580210,85,Goal,0.8869999694824219,0.3990000152587891,0.11409975588321686,Christian Pulisic,h,2662,OpenPlay,2023,RightFoot,22663,AC Milan,Cagliari,5,1,2024-05-11 18:45:00,Noah Okafor,Cross
315,581821,7,BlockedShot,0.879000015258789,0.32799999237060545,0.06298667192459106,Christian Pulisic,a,2662,OpenPlay,2023,RightFoot,22674,Torino,AC Milan,3,1,2024-05-18 18:45:00,Noah Okafor,Pass
316,581825,33,MissedShots,0.87,0.5459999847412109,0.032549165189266205,Christian Pulisic,a,2662,OpenPlay,2023,Head,22674,Torino,AC Milan,3,1,2024-05-18 18:45:00,Fikayo Tomori,Cross
317,581827,41,BlockedShot,0.8180000305175781,0.29200000762939454,0.0278617013245821,Christian Pulisic,a,2662,OpenPlay,2023,RightFoot,22674,Torino,AC Milan,3,1,2024-05-18 18:45:00,Yunus Musah,Pass
318,581840,70,MissedShots,0.945,0.485,0.07551726698875427,Christian Pulisic,a,2662,FromCorner,2023,Head,22674,Torino,AC Milan,3,1,2024-05-18 18:45:00,Alessandro Florenzi,Aerial
319,583341,9,SavedShot,0.9080000305175782,0.33299999237060546,0.06355992704629898,Christian Pulisic,h,2662,OpenPlay,2023,LeftFoot,22682,AC Milan,Salernitana,3,3,2024-05-25 18:45:00,Davide Calabria,Pass
320,583349,31,BlockedShot,0.8630000305175781,0.35200000762939454,0.05169626697897911,Christian Pulisic,h,2662,FromCorner,2023,RightFoot,22682,AC Milan,Salernitana,3,3,2024-05-25 18:45:00,,Rebound
321,583371,90,SavedShot,0.9730000305175781,0.38799999237060545,0.09848347306251526,Christian Pulisic,h,2662,OpenPlay,2023,RightFoot,22682,AC Milan,Salernitana,3,3,2024-05-25 18:45:00,Alessandro Florenzi,Pass
322,585061,47,MissedShots,0.9730000305175781,0.27899999618530275,0.19900651276111603,Christian Pulisic,h,2662,OpenPlay,2024,RightFoot,27365,AC Milan,Torino,2,2,2024-08-17 18:45:00,,BallRecovery
323,585062,48,MissedShots,0.7880000305175782,0.34700000762939454,0.02655058354139328,Christian Pulisic,h,2662,OpenPlay,2024,LeftFoot,27365,AC Milan,Torino,2,2,2024-08-17 18:45:00,Samuel Chukwueze,Pass
324,585065,71,MissedShots,0.8980000305175782,0.4570000076293945,0.07957429438829422,Christian Pulisic,h,2662,OpenPlay,2024,LeftFoot,27365,AC Milan,Torino,2,2,2024-08-17 18:45:00,Rafael Leão,None
325,586289,48,SavedShot,0.8369999694824218,0.43599998474121093,0.05531434342265129,Christian Pulisic,a,2662,OpenPlay,2024,RightFoot,27372,Parma Calcio 1913,AC Milan,2,1,2024-08-24 16:30:00,Theo Hernández,BallTouch
326,586294,65,Goal,0.9619999694824218,0.500999984741211,0.7424967885017395,Christian Pulisic,a,2662,OpenPlay,2024,RightFoot,27372,Parma Calcio 1913,AC Milan,2,1,2024-08-24 16:30:00,Rafael Leão,Pass
327,589632,39,BlockedShot,0.7,0.42200000762939455,0.036548905074596405,Christian Pulisic,a,2662,DirectFreekick,2024,RightFoot,27387,Lazio,AC Milan,2,2,2024-08-31 18:45:00,,Standard
328,591097,24,Goal,0.885,0.5,0.7612988352775574,Christian Pulisic,h,2662,Penalty,2024,RightFoot,27398,AC Milan,Venezia,4,0,2024-09-14 18:45:00,,Standard
329,591105,67,SavedShot,0.7930000305175782,0.3270000076293945,0.0428476445376873,Christian Pulisic,h,2662,OpenPlay,2024,LeftFoot,27398,AC Milan,Venezia,4,0,2024-09-14 18:45:00,Emerson,Pass
330,593266,9,Goal,0.8980000305175782,0.5479999923706055,0.4072853922843933,Christian Pulisic,a,2662,OpenPlay,2024,RightFoot,27406,Inter,AC Milan,1,2,2024-09-22 18:45:00,,BallRecovery
331,593690,42,Goal,0.9319999694824219,0.46599998474121096,0.5958048105239868,Christian Pulisic,h,2662,OpenPlay,2024,LeftFoot,27417,AC Milan,Lecce,3,0,2024-09-27 18:45:00,,Rebound
332,596484,59,Goal,0.94,0.40099998474121096,0.08211653679609299,Christian Pulisic,a,2662,OpenPlay,2024,RightFoot,27426,Fiorentina,AC Milan,2,1,2024-10-06 18:45:00,Theo Hernández,Cross
333,597226,21,BlockedShot,0.8440000152587891,0.3340000152587891,0.10549333691596985,Christian Pulisic,h,2662,OpenPlay,2024,RightFoot,27440,AC Milan,Udinese,1,0,2024-10-19 16:00:00,Strahinja Pavlovic,BallRecovery
334,597236,74,SavedShot,0.8919999694824219,0.4159999847412109,0.10192138701677322,Christian Pulisic,h,2662,OpenPlay,2024,RightFoot,27440,AC Milan,Udinese,1,0,2024-10-19 16:00:00,Tammy Abraham,HeadPass
335,599531,84,MissedShots,0.86,0.47,0.09829305857419968,Christian Pulisic,h,2662,OpenPlay,2024,RightFoot,27459,AC Milan,Napoli,0,2,2024-10-29 19:45:00,Samuel Chukwueze,Pass
336,599532,91,SavedShot,0.8980000305175782,0.7019999694824218,0.06304279714822769,Christian Pulisic,h,2662,OpenPlay,2024,RightFoot,27459,AC Milan,Napoli,0,2,2024-10-29 19:45:00,Strahinja Pavlovic,Pass
337,601615,6,BlockedShot,0.8180000305175781,0.43,0.03303392231464386,Christian Pulisic,a,2662,OpenPlay,2024,RightFoot,27478,Cagliari,AC Milan,3,3,2024-11-09 17:00:00,Samuel Chukwueze,HeadPass
338,601634,68,SavedShot,0.8930000305175781,0.3029999923706055,0.05245617777109146,Christian Pulisic,a,2662,OpenPlay,2024,RightFoot,27478,Cagliari,AC Milan,3,3,2024-11-09 17:00:00,Ruben Loftus-Cheek,Pass
339,601636,75,MissedShots,0.9359999847412109,0.47099998474121096,0.4875006377696991,Christian Pulisic,a,2662,OpenPlay,2024,Head,27478,Cagliari,AC Milan,3,3,2024-11-09 17:00:00,Tammy Abraham,HeadPass
340,603138,85,BlockedShot,0.7719999694824219,0.3609999847412109,0.024483297020196915,Christian Pulisic,h,2662,OpenPlay,2024,RightFoot,27490,AC Milan,Juventus,0,0,2024-11-23 17:00:00,Youssouf Fofana,Pass
341,604315,28,BlockedShot,0.7980000305175782,0.4829999923706055,0.06221041455864906,Christian Pulisic,h,2662,OpenPlay,2024,RightFoot,27498,AC Milan,Empoli,3,0,2024-11-30 17:00:00,Rafael Leão,Pass
342,604314,28,MissedShots,0.8519999694824218,0.385,0.07834469527006149,Christian Pulisic,h,2662,OpenPlay,2024,LeftFoot,27498,AC Milan,Empoli,3,0,2024-11-30 17:00:00,,BallRecovery
343,604318,39,BlockedShot,0.8219999694824218,0.45,0.07174655050039291,Christian Pulisic,h,2662,OpenPlay,2024,RightFoot,27498,AC Milan,Empoli,3,0,2024-11-30 17:00:00,,Dispossessed
344,604328,78,BlockedShot,0.8430000305175781,0.4229999923706055,0.0875808522105217,Christian Pulisic,h,2662,OpenPlay,2024,LeftFoot,27498,AC Milan,Empoli,3,0,2024-11-30 17:00:00,Samuel Chukwueze,Pass
345,605504,0,SavedShot,0.9009999847412109,0.36,0.08683016896247864,Christian Pulisic,a,2662,OpenPlay,2024,RightFoot,27502,Atalanta,AC Milan,2,1,2024-12-06 19:45:00,Yunus Musah,Pass
346,534181,6,BlockedShot,0.925,0.5540000152587891,0.13793858885765076,Tijjani Reijnders,a,11965,OpenPlay,2023,RightFoot,22314,Bologna,AC Milan,0,2,2023-08-21 18:45:00,Rafael Leão,Pass
347,534200,61,SavedShot,0.7569999694824219,0.6409999847412109,0.023856893181800842,Tijjani Reijnders,a,11965,OpenPlay,2023,RightFoot,22314,Bologna,AC Milan,0,2,2023-08-21 18:45:00,Rafael Leão,Pass
348,535065,90,MissedShots,0.8490000152587891,0.634000015258789,0.08143660426139832,Tijjani Reijnders,h,11965,OpenPlay,2023,RightFoot,22317,AC Milan,Torino,4,1,2023-08-26 18:45:00,Christian Pulisic,Pass
349,535838,14,BlockedShot,0.9330000305175781,0.580999984741211,0.1424424797296524,Tijjani Reijnders,a,11965,OpenPlay,2023,RightFoot,22326,Roma,AC Milan,1,2,2023-09-01 18:45:00,Rafael Leão,Pass
350,535846,56,SavedShot,0.87,0.4879999923706055,0.1360446810722351,Tijjani Reijnders,a,11965,OpenPlay,2023,OtherBodyPart,22326,Roma,AC Milan,1,2,2023-09-01 18:45:00,Christian Pulisic,Chipped
351,537782,54,MissedShots,0.7280000305175781,0.46599998474121096,0.01695035584270954,Tijjani Reijnders,a,11965,SetPiece,2023,RightFoot,22336,Inter,AC Milan,5,1,2023-09-16 16:00:00,Davide Calabria,Pass
352,538911,31,BlockedShot,0.845999984741211,0.38299999237060545,0.07168281823396683,Tijjani Reijnders,h,11965,OpenPlay,2023,RightFoot,22352,AC Milan,Verona,1,0,2023-09-23 13:00:00,,None
353,540217,1,MissedShots,0.830999984741211,0.3370000076293945,0.04344404488801956,Tijjani Reijnders,a,11965,OpenPlay,2023,RightFoot,22355,Cagliari,AC Milan,1,3,2023-09-27 16:30:00,Theo Hernández,Pass
354,540219,3,BlockedShot,0.840999984741211,0.580999984741211,0.06652418524026871,Tijjani Reijnders,a,11965,OpenPlay,2023,RightFoot,22355,Cagliari,AC Milan,1,3,2023-09-27 16:30:00,Theo Hernández,BallTouch
355,540218,3,BlockedShot,0.874000015258789,0.7390000152587891,0.02647649496793747,Tijjani Reijnders,a,11965,OpenPlay,2023,LeftFoot,22355,Cagliari,AC Milan,1,3,2023-09-27 16:30:00,Theo Hernández,Pass
356,541407,44,ShotOnPost,0.9830000305175781,0.44099998474121094,0.9546716213226318,Tijjani Reijnders,h,11965,OpenPlay,2023,RightFoot,22373,AC Milan,Lazio,2,0,2023-09-30 16:00:00,,TakeOn
357,541417,77,MissedShots,0.919000015258789,0.32799999237060545,0.06923157721757889,Tijjani Reijnders,h,11965,OpenPlay,2023,RightFoot,22373,AC Milan,Lazio,2,0,2023-09-30 16:00:00,Rafael Leão,TakeOn
358,542889,18,BlockedShot,0.8290000152587891,0.39799999237060546,0.05594811961054802,Tijjani Reijnders,a,11965,OpenPlay,2023,RightFoot,22378,Genoa,AC Milan,0,1,2023-10-07 18:45:00,Samuel Chukwueze,Pass
359,542894,56,BlockedShot,0.8290000152587891,0.645,0.04731686785817146,Tijjani Reijnders,a,11965,OpenPlay,2023,RightFoot,22378,Genoa,AC Milan,0,1,2023-10-07 18:45:00,Rafael Leão,Pass
360,544902,5,MissedShots,0.7730000305175782,0.59,0.02732732892036438,Tijjani Reijnders,h,11965,OpenPlay,2023,RightFoot,22391,AC Milan,Juventus,0,1,2023-10-22 18:45:00,Rafael Leão,Pass
361,546359,38,BlockedShot,0.8590000152587891,0.37799999237060544,0.11536134779453278,Tijjani Reijnders,a,11965,OpenPlay,2023,RightFoot,22404,Napoli,AC Milan,2,2,2023-10-29 19:45:00,Christian Pulisic,Pass
362,546361,40,MissedShots,0.885,0.5459999847412109,0.13578443229198456,Tijjani Reijnders,a,11965,OpenPlay,2023,RightFoot,22404,Napoli,AC Milan,2,2,2023-10-29 19:45:00,Theo Hernández,Pass
363,547104,47,MissedShots,0.8819999694824219,0.40200000762939453,0.34943684935569763,Tijjani Reijnders,h,11965,OpenPlay,2023,RightFoot,22410,AC Milan,Udinese,0,1,2023-11-04 19:45:00,,Dispossessed
364,548226,34,Goal,0.8730000305175781,0.4209999847412109,0.3307962417602539,Tijjani Reijnders,a,11965,OpenPlay,2023,RightFoot,22417,Lecce,AC Milan,2,2,2023-11-11 14:00:00,Samuel Chukwueze,Pass
365,548227,37,ShotOnPost,0.895,0.33599998474121096,0.35162171721458435,Tijjani Reijnders,a,11965,OpenPlay,2023,RightFoot,22417,Lecce,AC Milan,2,2,2023-11-11 14:00:00,Olivier Giroud,HeadPass
366,551333,23,MissedShots,0.9409999847412109,0.4490000152587891,0.057287633419036865,Tijjani Reijnders,h,11965,FromCorner,2023,Head,22440,AC Milan,Frosinone,3,1,2023-12-02 19:45:00,Christian Pulisic,Aerial
367,553044,29,MissedShots,0.7340000152587891,0.32099998474121094,0.011579854413866997,Tijjani Reijnders,a,11965,OpenPlay,2023,RightFoot,22445,Atalanta,AC Milan,3,2,2023-12-09 17:00:00,,None
368,554577,2,Goal,0.875,0.45799999237060546,0.12098059058189392,Tijjani Reijnders,h,11965,OpenPlay,2023,RightFoot,22459,AC Milan,Monza,3,0,2023-12-17 11:30:00,Christian Pulisic,TakeOn
369,556029,34,BlockedShot,0.8059999847412109,0.5120000076293946,0.049107324331998825,Tijjani Reijnders,a,11965,OpenPlay,2023,LeftFoot,22473,Salernitana,AC Milan,2,2,2023-12-22 19:45:00,Rafael Leão,Pass
370,556048,83,BlockedShot,0.8809999847412109,0.5790000152587891,0.06804685294628143,Tijjani Reijnders,a,11965,OpenPlay,2023,RightFoot,22473,Salernitana,AC Milan,2,2,2023-12-22 19:45:00,,None
371,557054,6,SavedShot,0.7230000305175781,0.5509999847412109,0.014205824583768845,Tijjani Reijnders,h,11965,OpenPlay,2023,RightFoot,22481,AC Milan,Sassuolo,1,0,2023-12-30 17:00:00,Olivier Giroud,Pass
372,557055,9,MissedShots,0.8119999694824219,0.5459999847412109,0.06832247227430344,Tijjani Reijnders,h,11965,OpenPlay,2023,RightFoot,22481,AC Milan,Sassuolo,1,0,2023-12-30 17:00:00,Rafael Leão,TakeOn
373,557069,52,BlockedShot,0.845,0.4829999923706055,0.09092071652412415,Tijjani Reijnders,h,11965,OpenPlay,2023,RightFoot,22481,AC Milan,Sassuolo,1,0,2023-12-30 17:00:00,Christian Pulisic,Pass
374,557641,2,MissedShots,0.8469999694824218,0.7319999694824219,0.024350829422473907,Tijjani Reijnders,a,11965,FromCorner,2023,RightFoot,22486,Empoli,AC Milan,0,3,2024-01-07 11:30:00,Alessandro Florenzi,Pass
375,558738,47,MissedShots,0.7669999694824219,0.30100000381469727,0.01986326463520527,Tijjani Reijnders,h,11965,OpenPlay,2023,RightFoot,22500,AC Milan,Roma,3,1,2024-01-14 19:45:00,Christian Pulisic,Pass
376,559984,21,MissedShots,0.765,0.44299999237060544,0.02614784985780716,Tijjani Reijnders,h,11965,OpenPlay,2023,RightFoot,22518,AC Milan,Bologna,2,2,2024-01-27 19:45:00,Ruben Loftus-Cheek,HeadPass
377,560003,63,ShotOnPost,0.8219999694824218,0.6530000305175782,0.025914572179317474,Tijjani Reijnders,h,11965,FromCorner,2023,RightFoot,22518,AC Milan,Bologna,2,2,2024-01-27 19:45:00,,None
378,561330,45,SavedShot,0.825,0.56,0.016586709767580032,Tijjani Reijnders,a,11965,OpenPlay,2023,Head,22531,Frosinone,AC Milan,2,3,2024-02-03 17:00:00,,None
379,566221,81,MissedShots,0.8540000152587891,0.24,0.025690792128443718,Tijjani Reijnders,a,11965,OpenPlay,2023,RightFoot,22568,Lazio,AC Milan,0,1,2024-03-01 19:45:00,Christian Pulisic,Pass
380,569851,40,MissedShots,0.7809999847412109,0.37200000762939456,0.0209620650857687,Tijjani Reijnders,a,11965,OpenPlay,2023,RightFoot,22588,Verona,AC Milan,1,3,2024-03-17 14:00:00,Noah Okafor,Pass
381,571016,32,SavedShot,0.8440000152587891,0.7090000152587891,0.03333621472120285,Tijjani Reijnders,a,11965,OpenPlay,2023,RightFoot,22601,Fiorentina,AC Milan,1,2,2024-03-30 19:45:00,Ruben Loftus-Cheek,Pass
382,572192,68,MissedShots,0.7669999694824219,0.3509999847412109,0.033139362931251526,Tijjani Reijnders,h,11965,OpenPlay,2023,RightFoot,22612,AC Milan,Lecce,3,0,2024-04-06 13:00:00,Luka Jovic,LayOff
383,575908,14,BlockedShot,0.8490000152587891,0.41700000762939454,0.08271089941263199,Tijjani Reijnders,h,11965,OpenPlay,2023,LeftFoot,22633,AC Milan,Inter,1,2,2024-04-22 18:45:00,Ruben Loftus-Cheek,Pass
384,576967,59,BlockedShot,0.7369999694824219,0.40900001525878904,0.019331026822328568,Tijjani Reijnders,a,11965,OpenPlay,2023,RightFoot,22638,Juventus,AC Milan,0,0,2024-04-27 16:00:00,Yunus Musah,Pass
385,579094,15,BlockedShot,0.7609999847412109,0.37599998474121094,0.014778231270611286,Tijjani Reijnders,h,11965,SetPiece,2023,RightFoot,22650,AC Milan,Genoa,3,3,2024-05-05 16:00:00,,Rebound
386,579098,23,MissedShots,0.7290000152587891,0.515,0.017649615183472633,Tijjani Reijnders,h,11965,OpenPlay,2023,RightFoot,22650,AC Milan,Genoa,3,3,2024-05-05 16:00:00,Rafael Leão,Pass
387,580203,73,Goal,0.725999984741211,0.45799999237060546,0.021902374923229218,Tijjani Reijnders,h,11965,FromCorner,2023,RightFoot,22663,AC Milan,Cagliari,5,1,2024-05-11 18:45:00,Theo Hernández,Pass
388,581832,51,BlockedShot,0.8030000305175782,0.6790000152587891,0.028065508231520653,Tijjani Reijnders,a,11965,OpenPlay,2023,LeftFoot,22674,Torino,AC Milan,3,1,2024-05-18 18:45:00,Ismael Bennacer,Pass
389,581844,89,SavedShot,0.7319999694824219,0.5109999847412109,0.012328486889600754,Tijjani Reijnders,a,11965,OpenPlay,2023,RightFoot,22674,Torino,AC Milan,3,1,2024-05-18 18:45:00,Christian Pulisic,Pass
390,585072,80,SavedShot,0.784000015258789,0.6580000305175782,0.012462861835956573,Tijjani Reijnders,h,11965,OpenPlay,2024,RightFoot,27365,AC Milan,Torino,2,2,2024-08-17 18:45:00,,Rebound
391,585074,88,BlockedShot,0.815,0.28200000762939453,0.015310609713196754,Tijjani Reijnders,h,11965,OpenPlay,2024,RightFoot,27365,AC Milan,Torino,2,2,2024-08-17 18:45:00,,Rebound
392,585080,98,BlockedShot,0.7430000305175781,0.555,0.017045950517058372,Tijjani Reijnders,h,11965,OpenPlay,2024,RightFoot,27365,AC Milan,Torino,2,2,2024-08-17 18:45:00,Alexis Saelemaekers,Pass
393,586279,31,SavedShot,0.9569999694824218,0.3079999923706055,0.04515247419476509,Tijjani Reijnders,a,11965,FromCorner,2024,RightFoot,27372,Parma Calcio 1913,AC Milan,2,1,2024-08-24 16:30:00,Rafael Leão,TakeOn
394,586286,46,ShotOnPost,0.735,0.5279999923706055,0.021246157586574554,Tijjani Reijnders,a,11965,OpenPlay,2024,RightFoot,27372,Parma Calcio 1913,AC Milan,2,1,2024-08-24 16:30:00,Rafael Leão,Pass
395,591092,10,BlockedShot,0.81,0.4909999847412109,0.0566282719373703,Tijjani Reijnders,h,11965,OpenPlay,2024,RightFoot,27398,AC Milan,Venezia,4,0,2024-09-14 18:45:00,Christian Pulisic,Pass
396,591096,21,SavedShot,0.8730000305175781,0.255,0.04460018873214722,Tijjani Reijnders,h,11965,OpenPlay,2024,RightFoot,27398,AC Milan,Venezia,4,0,2024-09-14 18:45:00,,BallRecovery
397,593278,63,SavedShot,0.8419999694824218,0.5329999923706055,0.0894932970404625,Tijjani Reijnders,a,11965,OpenPlay,2024,RightFoot,27406,Inter,AC Milan,1,2,2024-09-22 18:45:00,Rafael Leão,Pass
398,593289,86,BlockedShot,0.8430000305175781,0.6659999847412109,0.020131424069404602,Tijjani Reijnders,a,11965,OpenPlay,2024,LeftFoot,27406,Inter,AC Milan,1,2,2024-09-22 18:45:00,Ruben Loftus-Cheek,TakeOn
399,593694,56,MissedShots,0.7530000305175781,0.53,0.02434251643717289,Tijjani Reijnders,h,11965,OpenPlay,2024,RightFoot,27417,AC Milan,Lecce,3,0,2024-09-27 18:45:00,Theo Hernández,Pass
400,597225,19,MissedShots,0.9640000152587891,0.6140000152587891,0.07936310023069382,Tijjani Reijnders,h,11965,FromCorner,2024,LeftFoot,27440,AC Milan,Udinese,1,0,2024-10-19 16:00:00,Samuel Chukwueze,HeadPass
401,600430,42,Goal,0.9569999694824218,0.47400001525878904,0.8470855355262756,Tijjani Reijnders,a,11965,OpenPlay,2024,Head,27465,Monza,AC Milan,0,1,2024-11-02 19:45:00,,Rebound
402,600431,45,BlockedShot,0.7559999847412109,0.515,0.03730011731386185,Tijjani Reijnders,a,11965,OpenPlay,2024,RightFoot,27465,Monza,AC Milan,0,1,2024-11-02 19:45:00,Mike Maignan,TakeOn
403,600434,58,BlockedShot,0.750999984741211,0.5720000076293945,0.013752512633800507,Tijjani Reijnders,a,11965,FromCorner,2024,RightFoot,27465,Monza,AC Milan,0,1,2024-11-02 19:45:00,,Aerial
404,601633,64,MissedShots,0.9519999694824218,0.67,0.07593384385108948,Tijjani Reijnders,a,11965,OpenPlay,2024,LeftFoot,27478,Cagliari,AC Milan,3,3,2024-11-09 17:00:00,Theo Hernández,Pass
405,603135,64,MissedShots,0.7630000305175781,0.4759999847412109,0.07612811028957367,Tijjani Reijnders,h,11965,DirectFreekick,2024,RightFoot,27490,AC Milan,Juventus,0,0,2024-11-23 17:00:00,,Standard
406,604309,16,BlockedShot,0.735,0.6830000305175781,0.013821272179484367,Tijjani Reijnders,h,11965,OpenPlay,2024,RightFoot,27498,AC Milan,Empoli,3,0,2024-11-30 17:00:00,Rafael Leão,Pass
407,604319,43,Goal,0.8480000305175781,0.4859999847412109,0.04394332692027092,Tijjani Reijnders,h,11965,OpenPlay,2024,RightFoot,27498,AC Milan,Empoli,3,0,2024-11-30 17:00:00,Christian Pulisic,Aerial
408,604325,68,Goal,0.8109999847412109,0.524000015258789,0.1062302365899086,Tijjani Reijnders,h,11965,OpenPlay,2024,RightFoot,27498,AC Milan,Empoli,3,0,2024-11-30 17:00:00,Youssouf Fofana,Pass
409,605516,53,MissedShots,0.85,0.32,0.043416790664196014,Tijjani Reijnders,a,11965,OpenPlay,2024,RightFoot,27502,Atalanta,AC Milan,2,1,2024-12-06 19:45:00,Ruben Loftus-Cheek,Pass
410,607867,18,BlockedShot,0.700999984741211,0.33799999237060546,0.016214532777667046,Tijjani Reijnders,h,11965,OpenPlay,2024,RightFoot,27520,AC Milan,Genoa,0,0,2024-12-15 19:45:00,Emerson,Pass
411,607868,21,BlockedShot,0.8859999847412109,0.7480000305175781,0.027080679312348366,Tijjani Reijnders,h,11965,SetPiece,2024,RightFoot,27520,AC Milan,Genoa,0,0,2024-12-15 19:45:00,Samuel Chukwueze,Pass
412,607887,94,BlockedShot,0.82,0.46900001525878904,0.045997943729162216,Tijjani Reijnders,h,11965,OpenPlay,2024,RightFoot,27520,AC Milan,Genoa,0,0,2024-12-15 19:45:00,,Rebound
413,608103,55,Goal,0.8169999694824219,0.5279999923706055,0.3224186301231384,Tijjani Reijnders,a,11965,OpenPlay,2024,RightFoot,27522,Verona,AC Milan,0,1,2024-12-20 19:45:00,Youssouf Fofana,Throughball
414,608109,85,MissedShots,0.8090000152587891,0.5459999847412109,0.01502835750579834,Tijjani Reijnders,a,11965,FromCorner,2024,RightFoot,27522,Verona,AC Milan,0,1,2024-12-20 19:45:00,Theo Hernández,Chipped
415,609610,5,SavedShot,0.759000015258789,0.4979999923706055,0.02164340950548649,Tijjani Reijnders,h,11965,SetPiece,2024,RightFoot,27538,AC Milan,Roma,1,1,2024-12-29 19:45:00,Theo Hernández,Pass
416,609614,15,Goal,0.879000015258789,0.3890000152587891,0.3790323734283447,Tijjani Reijnders,h,11965,OpenPlay,2024,RightFoot,27538,AC Milan,Roma,1,1,2024-12-29 19:45:00,Youssouf Fofana,Pass
417,609618,31,SavedShot,0.8419999694824218,0.46099998474121096,0.08243236690759659,Tijjani Reijnders,h,11965,OpenPlay,2024,RightFoot,27538,AC Milan,Roma,1,1,2024-12-29 19:45:00,Samuel Chukwueze,Pass
418,41819,92,SavedShot,0.845,0.5259999847412109,0.09362880140542984,Álvaro Morata,h,1804,OpenPlay,2014,LeftFoot,5110,Juventus,Udinese,2,0,2014-09-13 19:45:00,Claudio Marchisio,Pass
419,42342,75,SavedShot,0.904000015258789,0.8180000305175781,0.03548179939389229,Álvaro Morata,h,1804,OpenPlay,2014,RightFoot,5133,Juventus,Cesena,3,0,2014-09-24 19:45:00,Claudio Marchisio,TakeOn
420,42466,67,BlockedShot,0.87,0.5670000076293945,0.1292250007390976,Álvaro Morata,a,1804,OpenPlay,2014,RightFoot,5140,Atalanta,Juventus,0,3,2014-09-27 19:45:00,Carlos Tévez,Pass
421,42471,82,Goal,0.9319999694824219,0.5570000076293945,0.43080899119377136,Álvaro Morata,a,1804,OpenPlay,2014,Head,5140,Atalanta,Juventus,0,3,2014-09-27 19:45:00,Roberto Pereyra,Cross
422,42820,73,MissedShots,0.710999984741211,0.4909999847412109,0.015607500448822975,Álvaro Morata,h,1804,OpenPlay,2014,RightFoot,5076,Juventus,Roma,3,2,2014-10-05 17:00:00,Carlos Tévez,Pass
423,42823,79,SavedShot,0.9230000305175782,0.42900001525878906,0.05464319884777069,Álvaro Morata,h,1804,OpenPlay,2014,Head,5076,Juventus,Roma,3,2,2014-10-05 17:00:00,,Aerial
424,42824,81,ShotOnPost,0.8819999694824219,0.4329999923706055,0.023204900324344635,Álvaro Morata,h,1804,OpenPlay,2014,Head,5076,Juventus,Roma,3,2,2014-10-05 17:00:00,Stephan Lichtsteiner,Aerial
425,43632,83,SavedShot,0.960999984741211,0.69,0.08489959686994553,Álvaro Morata,a,1804,OpenPlay,2014,LeftFoot,5107,Genoa,Juventus,1,0,2014-10-29 19:45:00,Carlos Tévez,Pass
426,43633,87,SavedShot,0.9369999694824219,0.65,0.08851329982280731,Álvaro Morata,a,1804,OpenPlay,2014,LeftFoot,5107,Genoa,Juventus,1,0,2014-10-29 19:45:00,Carlos Tévez,Pass
427,43849,45,MissedShots,0.74,0.5629999923706055,0.02313940040767193,Álvaro Morata,a,1804,OpenPlay,2014,RightFoot,5031,Empoli,Juventus,0,2,2014-11-01 17:00:00,Arturo Vidal,Pass
428,43861,71,Goal,0.86,0.32799999237060545,0.06960699707269669,Álvaro Morata,a,1804,OpenPlay,2014,LeftFoot,5031,Empoli,Juventus,0,2,2014-11-01 17:00:00,Carlos Tévez,Pass
429,44202,75,Goal,0.88,0.5640000152587891,0.3598560094833374,Álvaro Morata,h,1804,OpenPlay,2014,RightFoot,5045,Juventus,Parma,7,0,2014-11-09 14:00:00,Kingsley Coman,Chipped
430,44203,87,Goal,0.904000015258789,0.44400001525878907,0.12562799453735352,Álvaro Morata,h,1804,OpenPlay,2014,RightFoot,5045,Juventus,Parma,7,0,2014-11-09 14:00:00,Stephan Lichtsteiner,Cross
431,45181,6,MissedShots,0.9330000305175781,0.5609999847412109,0.12071800231933594,Álvaro Morata,h,1804,OpenPlay,2014,Head,5012,Juventus,Sampdoria,1,1,2014-12-14 11:30:00,Roberto Pereyra,Cross
432,45183,10,SavedShot,0.8819999694824219,0.3220000076293945,0.05795300006866455,Álvaro Morata,h,1804,OpenPlay,2014,RightFoot,5012,Juventus,Sampdoria,1,1,2014-12-14 11:30:00,Arturo Vidal,Pass
433,45376,75,BlockedShot,0.87,0.28,0.05996450036764145,Álvaro Morata,a,1804,OpenPlay,2014,LeftFoot,5020,Cagliari,Juventus,1,3,2014-12-18 18:00:00,Angelo Ogbonna,Pass
434,45381,85,MissedShots,0.855999984741211,0.5670000076293945,0.3224389851093292,Álvaro Morata,a,1804,OpenPlay,2014,RightFoot,5020,Cagliari,Juventus,1,3,2014-12-18 18:00:00,Arturo Vidal,Chipped
435,45905,49,MissedShots,0.7340000152587891,0.6990000152587891,0.02207699976861477,Álvaro Morata,h,1804,OpenPlay,2014,RightFoot,4986,Juventus,Verona,4,0,2015-01-18 19:45:00,Giorgio Chiellini,Pass
436,45910,63,BlockedShot,0.8209999847412109,0.4370000076293945,0.07910670340061188,Álvaro Morata,h,1804,OpenPlay,2014,RightFoot,4986,Juventus,Verona,4,0,2015-01-18 19:45:00,Claudio Marchisio,Pass
437,46403,16,BlockedShot,0.8959999847412109,0.74,0.03465219959616661,Álvaro Morata,h,1804,OpenPlay,2014,LeftFoot,4992,Juventus,Chievo,2,0,2015-01-25 14:00:00,Claudio Marchisio,Pass
438,46406,23,MissedShots,0.9290000152587891,0.47200000762939454,0.3994919955730438,Álvaro Morata,h,1804,OpenPlay,2014,Head,4992,Juventus,Chievo,2,0,2015-01-25 14:00:00,Martín Cáceres,Cross
439,46429,84,BlockedShot,0.779000015258789,0.5109999847412109,0.03268200159072876,Álvaro Morata,h,1804,OpenPlay,2014,RightFoot,4992,Juventus,Chievo,2,0,2015-01-25 14:00:00,,None
440,46431,88,MissedShots,0.845,0.30700000762939456,0.03615099936723709,Álvaro Morata,h,1804,OpenPlay,2014,LeftFoot,4992,Juventus,Chievo,2,0,2015-01-25 14:00:00,,None
441,46761,72,SavedShot,0.8619999694824219,0.5259999847412109,0.06582300364971161,Álvaro Morata,a,1804,OpenPlay,2014,RightFoot,4920,Udinese,Juventus,0,0,2015-02-01 14:00:00,Stephan Lichtsteiner,Cross
442,46976,1,SavedShot,0.779000015258789,0.6869999694824219,0.019848300144076347,Álvaro Morata,h,1804,OpenPlay,2014,RightFoot,4928,Juventus,AC Milan,3,1,2015-02-07 19:45:00,,BallRecovery
443,46988,37,BlockedShot,0.825999984741211,0.7269999694824218,0.03388569876551628,Álvaro Morata,h,1804,OpenPlay,2014,RightFoot,4928,Juventus,AC Milan,3,1,2015-02-07 19:45:00,Paul Pogba,Pass
444,46998,64,Goal,0.8919999694824219,0.54,0.37475699186325073,Álvaro Morata,h,1804,OpenPlay,2014,LeftFoot,4928,Juventus,AC Milan,3,1,2015-02-07 19:45:00,,Rebound
445,47370,18,SavedShot,0.9569999694824218,0.30700000762939456,0.059805601835250854,Álvaro Morata,a,1804,OpenPlay,2014,RightFoot,4946,Cesena,Juventus,2,2,2015-02-15 19:45:00,Arturo Vidal,Pass
446,47371,22,MissedShots,0.9,0.7440000152587891,0.03163610026240349,Álvaro Morata,a,1804,OpenPlay,2014,RightFoot,4946,Cesena,Juventus,2,2,2015-02-15 19:45:00,Arturo Vidal,Pass
447,47372,26,Goal,0.9290000152587891,0.534000015258789,0.32622599601745605,Álvaro Morata,a,1804,OpenPlay,2014,Head,4946,Cesena,Juventus,2,2,2015-02-15 19:45:00,Paul Pogba,Cross
448,47386,79,BlockedShot,0.8109999847412109,0.725999984741211,0.023237699642777443,Álvaro Morata,a,1804,OpenPlay,2014,RightFoot,4946,Cesena,Juventus,2,2,2015-02-15 19:45:00,Roberto Pereyra,Pass
449,47477,17,BlockedShot,0.8819999694824219,0.435,0.07436180114746094,Álvaro Morata,a,1804,OpenPlay,2014,RightFoot,4888,Roma,Juventus,1,1,2015-03-02 19:45:00,Stephan Lichtsteiner,Cross
450,47478,32,MissedShots,0.8730000305175781,0.7169999694824218,0.042057398706674576,Álvaro Morata,a,1804,OpenPlay,2014,LeftFoot,4888,Roma,Juventus,1,1,2015-03-02 19:45:00,Arturo Vidal,Pass
451,48192,8,BlockedShot,0.7959999847412109,0.5670000076293945,0.038026198744773865,Álvaro Morata,h,1804,OpenPlay,2014,RightFoot,4898,Juventus,Sassuolo,1,0,2015-03-09 20:00:00,Paul Pogba,Pass
452,48200,42,MissedShots,0.855999984741211,0.7319999694824219,0.03050529956817627,Álvaro Morata,h,1804,OpenPlay,2014,RightFoot,4898,Juventus,Sassuolo,1,0,2015-03-09 20:00:00,Claudio Marchisio,Pass
453,48203,52,BlockedShot,0.8690000152587891,0.345,0.05492449924349785,Álvaro Morata,h,1804,OpenPlay,2014,LeftFoot,4898,Juventus,Sassuolo,1,0,2015-03-09 20:00:00,,None
454,48205,61,MissedShots,0.7819999694824219,0.6140000152587891,0.029348099604249,Álvaro Morata,h,1804,OpenPlay,2014,LeftFoot,4898,Juventus,Sassuolo,1,0,2015-03-09 20:00:00,Leonardo Bonucci,Pass
455,48486,69,Goal,0.8130000305175781,0.32599998474121095,0.03331959992647171,Álvaro Morata,a,1804,OpenPlay,2014,LeftFoot,4899,Palermo,Juventus,0,1,2015-03-14 17:00:00,Claudio Marchisio,Chipped
456,48489,80,MissedShots,0.919000015258789,0.6790000152587891,0.10971099883317947,Álvaro Morata,a,1804,OpenPlay,2014,LeftFoot,4899,Palermo,Juventus,0,1,2015-03-14 17:00:00,Carlos Tévez,Pass
457,48717,65,MissedShots,0.784000015258789,0.7190000152587891,0.019340699538588524,Álvaro Morata,a,1804,OpenPlay,2014,RightFoot,4841,Parma,Juventus,1,0,2015-04-11 17:00:00,Giorgio Chiellini,Pass
458,51061,0,MissedShots,0.725,0.5479999923706055,0.020687399432063103,Álvaro Morata,a,1804,OpenPlay,2014,RightFoot,4865,Torino,Juventus,2,1,2015-04-26 14:00:00,Andrea Pirlo,Pass
459,51069,30,SavedShot,0.87,0.53,0.02134759910404682,Álvaro Morata,a,1804,OpenPlay,2014,Head,4865,Torino,Juventus,2,1,2015-04-26 14:00:00,Simone Padoin,Aerial
460,49986,2,MissedShots,0.91,0.7319999694824219,0.03867439925670624,Álvaro Morata,a,1804,OpenPlay,2014,LeftFoot,4799,Inter,Juventus,1,2,2015-05-16 17:00:00,Rômulo,TakeOn
461,49987,3,BlockedShot,0.8590000152587891,0.75,0.028157800436019897,Álvaro Morata,a,1804,OpenPlay,2014,RightFoot,4799,Inter,Juventus,1,2,2015-05-16 17:00:00,Roberto Pereyra,Pass
462,49995,21,SavedShot,0.885,0.705,0.04472900182008743,Álvaro Morata,a,1804,OpenPlay,2014,LeftFoot,4799,Inter,Juventus,1,2,2015-05-16 17:00:00,Alessandro Matri,Pass
463,50002,45,MissedShots,0.89,0.674000015258789,0.06564030051231384,Álvaro Morata,a,1804,OpenPlay,2014,RightFoot,4799,Inter,Juventus,1,2,2015-05-16 17:00:00,Simone Padoin,TakeOn
464,50003,45,MissedShots,0.970999984741211,0.5609999847412109,0.5161269903182983,Álvaro Morata,a,1804,OpenPlay,2014,Head,4799,Inter,Juventus,1,2,2015-05-16 17:00:00,,None
465,50008,60,MissedShots,0.755,0.48,0.026260800659656525,Álvaro Morata,a,1804,OpenPlay,2014,RightFoot,4799,Inter,Juventus,1,2,2015-05-16 17:00:00,Simone Padoin,Pass
466,50015,82,Goal,0.805,0.6969999694824218,0.022022200748324394,Álvaro Morata,a,1804,OpenPlay,2014,RightFoot,4799,Inter,Juventus,1,2,2015-05-16 17:00:00,,None
467,50018,86,MissedShots,0.9369999694824219,0.4329999923706055,0.12369299679994583,Álvaro Morata,a,1804,SetPiece,2014,Head,4799,Inter,Juventus,1,2,2015-05-16 17:00:00,Claudio Marchisio,Cross
468,51302,62,SavedShot,0.7669999694824219,0.4879999923706055,0.035397499799728394,Álvaro Morata,h,1804,OpenPlay,2014,RightFoot,4809,Juventus,Napoli,3,1,2015-05-23 17:00:00,Kwadwo Asamoah,TakeOn
469,93566,94,MissedShots,0.9680000305175781,0.5979999923706054,0.08229680359363556,Álvaro Morata,a,1804,OpenPlay,2015,RightFoot,563,Roma,Juventus,2,1,2015-08-30 20:00:00,Paul Pogba,HeadPass
470,93772,19,MissedShots,0.8619999694824219,0.66,0.04703550040721893,Álvaro Morata,h,1804,OpenPlay,2015,RightFoot,573,Juventus,Chievo,1,1,2015-09-12 22:45:00,Hernanes,BallTouch
471,93771,19,BlockedShot,0.875999984741211,0.68,0.06499800086021423,Álvaro Morata,h,1804,OpenPlay,2015,RightFoot,573,Juventus,Chievo,1,1,2015-09-12 22:45:00,,TakeOn
472,93779,34,BlockedShot,0.759000015258789,0.4329999923706055,0.023679399862885475,Álvaro Morata,h,1804,OpenPlay,2015,RightFoot,573,Juventus,Chievo,1,1,2015-09-12 22:45:00,Paulo Dybala,Pass
473,93789,69,SavedShot,0.9069999694824219,0.56,0.030003799125552177,Álvaro Morata,h,1804,OpenPlay,2015,Head,573,Juventus,Chievo,1,1,2015-09-12 22:45:00,Martín Cáceres,Aerial
474,95072,0,SavedShot,0.8130000305175781,0.2720000076293945,0.019357800483703613,Álvaro Morata,a,1804,OpenPlay,2015,RightFoot,584,Genoa,Juventus,0,2,2015-09-20 17:00:00,Juan Cuadrado,Pass
475,95974,72,MissedShots,0.825,0.5729999923706055,0.05950770154595375,Álvaro Morata,a,1804,OpenPlay,2015,RightFoot,602,Napoli,Juventus,2,1,2015-09-26 22:45:00,Roberto Pereyra,Pass
476,95977,92,BlockedShot,0.8830000305175781,0.654000015258789,0.059032101184129715,Álvaro Morata,a,1804,SetPiece,2015,RightFoot,602,Napoli,Juventus,2,1,2015-09-26 22:45:00,Simone Zaza,Pass
477,96306,4,SavedShot,0.9259999847412109,0.710999984741211,0.0395410992205143,Álvaro Morata,h,1804,OpenPlay,2015,RightFoot,617,Juventus,Bologna,3,1,2015-10-04 20:00:00,Giorgio Chiellini,TakeOn
478,96308,8,MissedShots,0.8530000305175781,0.6530000305175782,0.057566799223423004,Álvaro Morata,h,1804,OpenPlay,2015,LeftFoot,617,Juventus,Bologna,3,1,2015-10-04 20:00:00,Paulo Dybala,Pass
479,96313,32,Goal,0.975999984741211,0.49,0.6307989954948425,Álvaro Morata,h,1804,OpenPlay,2015,Head,617,Juventus,Bologna,3,1,2015-10-04 20:00:00,,None
480,96316,41,BlockedShot,0.8009999847412109,0.6329999923706054,0.030715100467205048,Álvaro Morata,h,1804,OpenPlay,2015,RightFoot,617,Juventus,Bologna,3,1,2015-10-04 20:00:00,Patrice Evra,Pass
481,96318,45,MissedShots,0.924000015258789,0.455,0.5092419981956482,Álvaro Morata,h,1804,OpenPlay,2015,LeftFoot,617,Juventus,Bologna,3,1,2015-10-04 20:00:00,Juan Cuadrado,Pass
482,96320,57,SavedShot,0.8959999847412109,0.620999984741211,0.11156299710273743,Álvaro Morata,h,1804,OpenPlay,2015,LeftFoot,617,Juventus,Bologna,3,1,2015-10-04 20:00:00,Sami Khedira,Pass
483,96324,68,BlockedShot,0.9209999847412109,0.5279999923706055,0.14668799936771393,Álvaro Morata,h,1804,OpenPlay,2015,LeftFoot,617,Juventus,Bologna,3,1,2015-10-04 20:00:00,,Rebound
484,97365,91,SavedShot,0.9459999847412109,0.764000015258789,0.3207949995994568,Álvaro Morata,h,1804,OpenPlay,2015,RightFoot,637,Juventus,Atalanta,2,0,2015-10-25 18:00:00,Paulo Dybala,Throughball
485,98381,58,BlockedShot,0.965999984741211,0.6020000076293945,0.04105670005083084,Álvaro Morata,h,1804,OpenPlay,2015,Head,651,Juventus,Torino,2,1,2015-10-31 21:00:00,,Aerial
486,101875,19,SavedShot,0.7859999847412109,0.7090000152587891,0.027707699686288834,Álvaro Morata,h,1804,OpenPlay,2015,RightFoot,725,Juventus,Verona,3,0,2016-01-06 18:00:00,Paul Pogba,Pass
487,101880,40,MissedShots,0.9159999847412109,0.45799999237060546,0.11490099877119064,Álvaro Morata,h,1804,SetPiece,2015,Head,725,Juventus,Verona,3,0,2016-01-06 18:00:00,Paulo Dybala,Cross
488,102579,0,BlockedShot,0.9169999694824219,0.7519999694824219,0.03652200102806091,Álvaro Morata,a,1804,OpenPlay,2015,RightFoot,739,Sampdoria,Juventus,1,2,2016-01-10 23:45:00,Paul Pogba,BallRecovery
489,102593,62,MissedShots,0.925,0.5459999847412109,0.26916199922561646,Álvaro Morata,a,1804,FromCorner,2015,Head,739,Sampdoria,Juventus,1,2,2016-01-10 23:45:00,Hernanes,Cross
490,94219,67,SavedShot,0.8730000305175781,0.6719999694824219,0.0766059011220932,Álvaro Morata,a,1804,OpenPlay,2015,RightFoot,745,Udinese,Juventus,0,4,2016-01-17 18:00:00,Mario Mandzukic,Pass
491,94288,86,BlockedShot,0.855,0.775,0.0301962997764349,Álvaro Morata,h,1804,OpenPlay,2015,RightFoot,760,Juventus,Roma,1,0,2016-01-24 23:45:00,Paul Pogba,Pass
492,94568,5,Goal,0.975999984741211,0.5570000076293945,0.584879994392395,Álvaro Morata,a,1804,OpenPlay,2015,LeftFoot,764,Chievo,Juventus,0,4,2016-01-31 15:30:00,Stephan Lichtsteiner,Cross
493,94577,39,Goal,0.9890000152587891,0.485,0.9757000207901001,Álvaro Morata,a,1804,OpenPlay,2015,RightFoot,764,Chievo,Juventus,0,4,2016-01-31 15:30:00,Sami Khedira,Pass
494,94593,73,MissedShots,0.8480000305175781,0.720999984741211,0.06714080274105072,Álvaro Morata,a,1804,OpenPlay,2015,RightFoot,764,Chievo,Juventus,0,4,2016-01-31 15:30:00,,TakeOn
495,94595,79,SavedShot,0.8690000152587891,0.6659999847412109,0.07868699729442596,Álvaro Morata,a,1804,OpenPlay,2015,LeftFoot,764,Chievo,Juventus,0,4,2016-01-31 15:30:00,Paulo Dybala,Pass
496,95418,41,BlockedShot,0.8269999694824218,0.28200000762939453,0.030437199398875237,Álvaro Morata,h,1804,OpenPlay,2015,LeftFoot,775,Juventus,Genoa,1,0,2016-02-03 23:45:00,Paulo Dybala,Pass
497,94949,10,SavedShot,0.87,0.19399999618530273,0.01944500021636486,Álvaro Morata,a,1804,OpenPlay,2015,RightFoot,784,Frosinone,Juventus,0,2,2016-02-07 18:00:00,Stefano Sturaro,Chipped
498,94956,44,SavedShot,0.9030000305175782,0.534000015258789,0.3874939978122711,Álvaro Morata,a,1804,OpenPlay,2015,RightFoot,784,Frosinone,Juventus,0,2,2016-02-07 18:00:00,,TakeOn
499,94962,55,MissedShots,0.830999984741211,0.4759999847412109,0.06379680335521698,Álvaro Morata,a,1804,OpenPlay,2015,LeftFoot,784,Frosinone,Juventus,0,2,2016-02-07 18:00:00,Alex Sandro,HeadPass
500,96595,86,MissedShots,0.895,0.33599998474121096,0.055587999522686005,Álvaro Morata,a,1804,OpenPlay,2015,RightFoot,801,Bologna,Juventus,0,0,2016-02-19 23:45:00,Stephan Lichtsteiner,Chipped
501,97140,83,Goal,0.885,0.5,0.7612990140914917,Álvaro Morata,h,1804,Penalty,2015,RightFoot,818,Juventus,Inter,2,0,2016-02-28 23:45:00,,Standard
502,98187,85,SavedShot,0.98,0.695,0.0872621014714241,Álvaro Morata,h,1804,OpenPlay,2015,RightFoot,831,Juventus,Sassuolo,1,0,2016-03-11 23:45:00,Daniele Rugani,TakeOn
503,98641,62,Goal,0.9119999694824219,0.615999984741211,0.30473101139068604,Álvaro Morata,a,1804,OpenPlay,2015,LeftFoot,847,Torino,Juventus,1,4,2016-03-20 18:00:00,Paul Pogba,Chipped
504,98647,75,Goal,0.9259999847412109,0.5070000076293946,0.5705010294914246,Álvaro Morata,a,1804,SetPiece,2015,RightFoot,847,Torino,Juventus,1,4,2016-03-20 18:00:00,Paul Pogba,Rebound
505,98650,89,SavedShot,0.8590000152587891,0.6140000152587891,0.11736699938774109,Álvaro Morata,a,1804,OpenPlay,2015,RightFoot,847,Torino,Juventus,1,4,2016-03-20 18:00:00,Simone Zaza,BallRecovery
506,98954,5,BlockedShot,0.784000015258789,0.29100000381469726,0.015942800790071487,Álvaro Morata,h,1804,OpenPlay,2015,LeftFoot,852,Juventus,Empoli,1,0,2016-04-02 22:45:00,Mario Mandzukic,Pass
507,98956,7,BlockedShot,0.845999984741211,0.32599998474121095,0.03597240149974823,Álvaro Morata,h,1804,OpenPlay,2015,LeftFoot,852,Juventus,Empoli,1,0,2016-04-02 22:45:00,Stephan Lichtsteiner,Pass
508,98962,21,ShotOnPost,0.7880000305175782,0.735999984741211,0.0213725995272398,Álvaro Morata,h,1804,OpenPlay,2015,RightFoot,852,Juventus,Empoli,1,0,2016-04-02 22:45:00,Patrice Evra,Pass
509,98970,50,SavedShot,0.9840000152587891,0.595999984741211,0.10454600304365158,Álvaro Morata,h,1804,OpenPlay,2015,RightFoot,852,Juventus,Empoli,1,0,2016-04-02 22:45:00,Mario Mandzukic,HeadPass
510,98978,90,SavedShot,0.8430000305175781,0.6659999847412109,0.05830150097608566,Álvaro Morata,h,1804,OpenPlay,2015,RightFoot,852,Juventus,Empoli,1,0,2016-04-02 22:45:00,Kwadwo Asamoah,Pass
511,100160,79,MissedShots,0.8690000152587891,0.41,0.009830170311033726,Álvaro Morata,h,1804,SetPiece,2015,Head,876,Juventus,Palermo,4,0,2016-04-17 17:00:00,Juan Cuadrado,Aerial
512,100165,91,MissedShots,0.8219999694824218,0.56,0.08878009766340256,Álvaro Morata,h,1804,OpenPlay,2015,LeftFoot,876,Juventus,Palermo,4,0,2016-04-17 17:00:00,Mario Mandzukic,Pass
513,101090,82,Goal,0.9690000152587891,0.5479999923706055,0.6257629990577698,Álvaro Morata,a,1804,FromCorner,2015,RightFoot,897,Fiorentina,Juventus,1,2,2016-04-24 22:45:00,,Rebound
514,101570,14,MissedShots,0.9159999847412109,0.575,0.09086830168962479,Álvaro Morata,h,1804,OpenPlay,2015,Head,903,Juventus,Carpi,2,0,2016-05-01 14:30:00,Alex Sandro,Cross
515,101578,38,BlockedShot,0.8090000152587891,0.779000015258789,0.0160715002566576,Álvaro Morata,h,1804,OpenPlay,2015,RightFoot,903,Juventus,Carpi,2,0,2016-05-01 14:30:00,Alex Sandro,Chipped
516,102872,84,MissedShots,0.9259999847412109,0.54,0.10171999782323837,Álvaro Morata,h,1804,FromCorner,2015,Head,921,Juventus,Sampdoria,5,0,2016-05-14 19:00:00,Hernanes,Cross
517,135076,14,BlockedShot,0.9669999694824218,0.3629999923706055,0.12668299674987793,Álvaro Morata,a,1804,OpenPlay,2016,LeftFoot,1785,Real Sociedad,Real Madrid,0,3,2016-08-21 22:15:00,Raphael Varane,TakeOn
518,135080,19,MissedShots,0.91,0.45599998474121095,0.048729799687862396,Álvaro Morata,a,1804,FromCorner,2016,Head,1785,Real Sociedad,Real Madrid,0,3,2016-08-21 22:15:00,Marcelo,None
519,135082,36,SavedShot,0.96,0.655,0.14887499809265137,Álvaro Morata,a,1804,OpenPlay,2016,RightFoot,1785,Real Sociedad,Real Madrid,0,3,2016-08-21 22:15:00,Toni Kroos,TakeOn
520,135088,54,SavedShot,0.899000015258789,0.645,0.1132420003414154,Álvaro Morata,a,1804,OpenPlay,2016,LeftFoot,1785,Real Sociedad,Real Madrid,0,3,2016-08-21 22:15:00,Toni Kroos,Pass
521,135329,12,MissedShots,0.8090000152587891,0.3509999847412109,0.03177890181541443,Álvaro Morata,h,1804,OpenPlay,2016,LeftFoot,1793,Real Madrid,Celta Vigo,2,1,2016-08-27 22:15:00,,TakeOn
522,135349,59,Goal,0.895,0.5129999923706055,0.42336198687553406,Álvaro Morata,h,1804,OpenPlay,2016,LeftFoot,1793,Real Madrid,Celta Vigo,2,1,2016-08-27 22:15:00,,Rebound
523,135351,63,ShotOnPost,0.879000015258789,0.575999984741211,0.35566800832748413,Álvaro Morata,h,1804,OpenPlay,2016,RightFoot,1793,Real Madrid,Celta Vigo,2,1,2016-08-27 22:15:00,Toni Kroos,Pass
524,135560,39,SavedShot,0.9390000152587891,0.495,0.14226600527763367,Álvaro Morata,h,1804,OpenPlay,2016,Head,1801,Real Madrid,Osasuna,5,2,2016-09-10 18:00:00,Cristiano Ronaldo,Chipped
525,135566,49,BlockedShot,0.9230000305175782,0.5459999847412109,0.14421799778938293,Álvaro Morata,h,1804,OpenPlay,2016,RightFoot,1801,Real Madrid,Osasuna,5,2,2016-09-10 18:00:00,,Rebound
526,135569,56,MissedShots,0.9,0.525,0.10046599805355072,Álvaro Morata,h,1804,OpenPlay,2016,Head,1801,Real Madrid,Osasuna,5,2,2016-09-10 18:00:00,Danilo,Cross
527,135573,64,MissedShots,0.9009999847412109,0.4909999847412109,0.21493899822235107,Álvaro Morata,h,1804,OpenPlay,2016,Head,1801,Real Madrid,Osasuna,5,2,2016-09-10 18:00:00,Danilo,Cross
528,136004,80,SavedShot,0.76,0.7569999694824219,0.02796260081231594,Álvaro Morata,a,1804,OpenPlay,2016,RightFoot,1817,Espanyol,Real Madrid,0,2,2016-09-18 22:45:00,Marcelo,Pass
529,136254,82,SavedShot,0.9290000152587891,0.5159999847412109,0.14374299347400665,Álvaro Morata,h,1804,OpenPlay,2016,Head,1821,Real Madrid,Villarreal,1,1,2016-09-21 22:00:00,Lucas Vázquez,Cross
530,136444,7,SavedShot,0.9209999847412109,0.5070000076293946,0.13634899258613586,Álvaro Morata,a,1804,SetPiece,2016,Head,1833,Las Palmas,Real Madrid,2,2,2016-09-24 22:45:00,Toni Kroos,Cross
531,136445,7,MissedShots,0.884000015258789,0.5429999923706055,0.04403410106897354,Álvaro Morata,a,1804,FromCorner,2016,Head,1833,Las Palmas,Real Madrid,2,2,2016-09-24 22:45:00,Toni Kroos,Cross
532,136448,17,SavedShot,0.855,0.735,0.029777400195598602,Álvaro Morata,a,1804,OpenPlay,2016,RightFoot,1833,Las Palmas,Real Madrid,2,2,2016-09-24 22:45:00,Luka Modric,Pass
533,136452,23,BlockedShot,0.899000015258789,0.4779999923706055,0.1267240047454834,Álvaro Morata,a,1804,OpenPlay,2016,RightFoot,1833,Las Palmas,Real Madrid,2,2,2016-09-24 22:45:00,,Rebound
534,136453,25,BlockedShot,0.879000015258789,0.509000015258789,0.07747840136289597,Álvaro Morata,a,1804,OpenPlay,2016,RightFoot,1833,Las Palmas,Real Madrid,2,2,2016-09-24 22:45:00,Daniel Carvajal,Cross
535,137579,79,MissedShots,0.9069999694824219,0.5359999847412109,0.12487699836492538,Álvaro Morata,h,1804,OpenPlay,2016,RightFoot,1868,Real Madrid,Athletic Club,2,1,2016-10-23 22:45:00,Lucas Vázquez,Pass
536,137582,82,Goal,0.98,0.53,0.8986579775810242,Álvaro Morata,h,1804,OpenPlay,2016,RightFoot,1868,Real Madrid,Athletic Club,2,1,2016-10-23 22:45:00,,Rebound
537,137581,82,SavedShot,0.9130000305175782,0.524000015258789,0.3747659921646118,Álvaro Morata,h,1804,OpenPlay,2016,RightFoot,1868,Real Madrid,Athletic Club,2,1,2016-10-23 22:45:00,Gareth Bale,Cross
538,136836,83,Goal,0.7980000305175782,0.3890000152587891,0.28731900453567505,Álvaro Morata,a,1804,OpenPlay,2016,RightFoot,3310,Alaves,Real Madrid,1,4,2016-10-29 18:15:00,Marcelo,Chipped
539,137528,20,MissedShots,0.9719999694824218,0.6480000305175782,0.021429400891065598,Álvaro Morata,h,1804,OpenPlay,2016,Head,2781,Real Madrid,Leganes,3,0,2016-11-06 15:00:00,Gareth Bale,Chipped
540,137547,75,Goal,0.915,0.61,0.4344780147075653,Álvaro Morata,h,1804,OpenPlay,2016,RightFoot,2781,Real Madrid,Leganes,3,0,2016-11-06 15:00:00,Toni Kroos,TakeOn
541,138406,39,BlockedShot,0.8930000305175781,0.5970000076293945,0.039757899940013885,Álvaro Morata,h,1804,OpenPlay,2016,Head,3177,Real Madrid,Deportivo La Coruna,3,2,2016-12-10 23:45:00,Isco,Cross
542,138408,49,Goal,0.7559999847412109,0.6020000076293945,0.022768700495362282,Álvaro Morata,h,1804,OpenPlay,2016,RightFoot,3177,Real Madrid,Deportivo La Coruna,3,2,2016-12-10 23:45:00,Isco,Pass
543,138413,90,SavedShot,0.8690000152587891,0.555,0.03882979974150658,Álvaro Morata,h,1804,OpenPlay,2016,Head,3177,Real Madrid,Deportivo La Coruna,3,2,2016-12-10 23:45:00,Pepe,Cross
544,138415,95,MissedShots,0.93,0.4909999847412109,0.14938099682331085,Álvaro Morata,h,1804,OpenPlay,2016,Head,3177,Real Madrid,Deportivo La Coruna,3,2,2016-12-10 23:45:00,Mariano,Cross
545,141323,91,BlockedShot,0.904000015258789,0.5309999847412109,0.10774999856948853,Álvaro Morata,h,1804,SetPiece,2016,Head,3906,Real Madrid,Malaga,2,1,2017-01-21 18:15:00,Toni Kroos,Cross
546,138990,81,Goal,0.93,0.5920000076293945,0.2520439922809601,Álvaro Morata,h,1804,OpenPlay,2016,Head,3922,Real Madrid,Real Sociedad,3,0,2017-01-29 22:45:00,Lucas Vázquez,Cross
547,139598,32,Goal,0.9259999847412109,0.5279999923706055,0.40153899788856506,Álvaro Morata,h,1804,OpenPlay,2016,Head,3952,Real Madrid,Espanyol,2,0,2017-02-18 15:15:00,Isco,Cross
548,139599,37,MissedShots,0.9590000152587891,0.5990000152587891,0.10768499970436096,Álvaro Morata,h,1804,OpenPlay,2016,LeftFoot,3952,Real Madrid,Espanyol,2,0,2017-02-18 15:15:00,,None
549,139604,64,MissedShots,0.9069999694824219,0.6619999694824219,0.08166389912366867,Álvaro Morata,h,1804,OpenPlay,2016,RightFoot,3952,Real Madrid,Espanyol,2,0,2017-02-18 15:15:00,,None
550,140621,79,MissedShots,0.8919999694824219,0.48900001525878906,0.07249940186738968,Álvaro Morata,a,1804,FromCorner,2016,Head,3962,Villarreal,Real Madrid,2,3,2017-02-26 19:45:00,Marcelo,Cross
551,140622,82,Goal,0.9169999694824219,0.49400001525878906,0.3782320022583008,Álvaro Morata,a,1804,OpenPlay,2016,Head,3962,Villarreal,Real Madrid,2,3,2017-02-26 19:45:00,Marcelo,Cross
552,140627,93,MissedShots,0.9440000152587891,0.47,0.613851010799408,Álvaro Morata,a,1804,OpenPlay,2016,LeftFoot,3962,Villarreal,Real Madrid,2,3,2017-02-26 19:45:00,Daniel Carvajal,Pass
553,138595,45,SavedShot,0.795,0.3060000038146973,0.025547800585627556,Álvaro Morata,h,1804,OpenPlay,2016,RightFoot,3965,Real Madrid,Las Palmas,3,3,2017-03-01 20:30:00,Daniel Carvajal,Chipped
554,138596,52,MissedShots,0.9019999694824219,0.7530000305175781,0.03271229937672615,Álvaro Morata,h,1804,OpenPlay,2016,RightFoot,3965,Real Madrid,Las Palmas,3,3,2017-03-01 20:30:00,Cristiano Ronaldo,Pass
555,141712,2,MissedShots,0.8580000305175781,0.69,0.03965739905834198,Álvaro Morata,a,1804,OpenPlay,2016,LeftFoot,4019,Leganes,Real Madrid,2,4,2017-04-05 20:30:00,Marco Asensio,TakeOn
556,141716,17,Goal,0.9619999694824218,0.5820000076293945,0.058519698679447174,Álvaro Morata,a,1804,FromCorner,2016,Head,4019,Leganes,Real Madrid,2,4,2017-04-05 20:30:00,Nacho,HeadPass
557,141718,20,MissedShots,0.7780000305175782,0.7609999847412109,0.026290999725461006,Álvaro Morata,a,1804,OpenPlay,2016,RightFoot,4019,Leganes,Real Madrid,2,4,2017-04-05 20:30:00,Mateo Kovacic,Pass
558,141719,22,Goal,0.8640000152587891,0.4879999923706055,0.31415799260139465,Álvaro Morata,a,1804,OpenPlay,2016,RightFoot,4019,Leganes,Real Madrid,2,4,2017-04-05 20:30:00,Mateo Kovacic,Pass
559,141730,47,Goal,0.9340000152587891,0.509000015258789,0.13987399637699127,Álvaro Morata,a,1804,SetPiece,2016,Head,4019,Leganes,Real Madrid,2,4,2017-04-05 20:30:00,James Rodríguez,Cross
560,142739,26,MissedShots,0.925,0.545,0.06337600201368332,Álvaro Morata,a,1804,OpenPlay,2016,Head,4038,Sporting Gijon,Real Madrid,2,3,2017-04-15 15:15:00,Lucas Vázquez,Aerial
561,142744,58,Goal,0.9219999694824219,0.519000015258789,0.05643869936466217,Álvaro Morata,a,1804,OpenPlay,2016,Head,4038,Sporting Gijon,Real Madrid,2,3,2017-04-15 15:15:00,Danilo,Aerial
562,142747,64,SavedShot,0.9,0.48200000762939454,0.04696450009942055,Álvaro Morata,a,1804,OpenPlay,2016,Head,4038,Sporting Gijon,Real Madrid,2,3,2017-04-15 15:15:00,Marcelo,Aerial
563,143029,0,Goal,0.9369999694824219,0.31799999237060544,0.05786160007119179,Álvaro Morata,a,1804,OpenPlay,2016,RightFoot,4058,Deportivo La Coruna,Real Madrid,2,6,2017-04-26 20:30:00,Isco,Pass
564,143034,10,SavedShot,0.9069999694824219,0.6419999694824219,0.3030939996242523,Álvaro Morata,a,1804,OpenPlay,2016,RightFoot,4058,Deportivo La Coruna,Real Madrid,2,6,2017-04-26 20:30:00,Marcelo,TakeOn
565,143045,31,SavedShot,0.905,0.5459999847412109,0.5063470005989075,Álvaro Morata,a,1804,OpenPlay,2016,RightFoot,4058,Deportivo La Coruna,Real Madrid,2,6,2017-04-26 20:30:00,Lucas Vázquez,Pass
566,143055,61,SavedShot,0.8040000152587891,0.6969999694824218,0.04354659840464592,Álvaro Morata,a,1804,OpenPlay,2016,RightFoot,4058,Deportivo La Coruna,Real Madrid,2,6,2017-04-26 20:30:00,Isco,Pass
567,143061,74,MissedShots,0.8830000305175781,0.6630000305175782,0.14493200182914734,Álvaro Morata,a,1804,OpenPlay,2016,LeftFoot,4058,Deportivo La Coruna,Real Madrid,2,6,2017-04-26 20:30:00,Isco,Throughball
568,143942,29,Goal,0.8859999847412109,0.48200000762939454,0.48835501074790955,Álvaro Morata,a,1804,OpenPlay,2016,RightFoot,4077,Granada,Real Madrid,0,4,2017-05-06 19:45:00,Danilo,Pass
569,143943,34,Goal,0.9469999694824218,0.6530000305175782,0.13058599829673767,Álvaro Morata,a,1804,OpenPlay,2016,RightFoot,4077,Granada,Real Madrid,0,4,2017-05-06 19:45:00,Marco Asensio,TakeOn
570,143960,70,MissedShots,0.895,0.5259999847412109,0.1421470046043396,Álvaro Morata,a,1804,OpenPlay,2016,LeftFoot,4077,Granada,Real Madrid,0,4,2017-05-06 19:45:00,James Rodríguez,Pass
571,143441,87,SavedShot,0.845,0.6869999694824219,0.053568799048662186,Álvaro Morata,a,1804,OpenPlay,2016,RightFoot,4099,Malaga,Real Madrid,0,2,2017-05-21 19:00:00,Mateo Kovacic,Pass
572,158201,58,MissedShots,0.740999984741211,0.69,0.013543499633669853,Álvaro Morata,h,1804,OpenPlay,2017,RightFoot,7123,Chelsea,Burnley,2,3,2017-08-12 15:00:00,Marcos Alonso,Pass
573,158207,68,Goal,0.9440000152587891,0.46,0.4227820038795471,Álvaro Morata,h,1804,OpenPlay,2017,Head,7123,Chelsea,Burnley,2,3,2017-08-12 15:00:00,Willian,Cross
574,158210,84,SavedShot,0.7909999847412109,0.4329999923706055,0.04419590160250664,Álvaro Morata,h,1804,OpenPlay,2017,LeftFoot,7123,Chelsea,Burnley,2,3,2017-08-12 15:00:00,César Azpilicueta,Pass
575,159056,3,BlockedShot,0.9130000305175782,0.549000015258789,0.047731999307870865,Álvaro Morata,a,1804,OpenPlay,2017,Head,7137,Tottenham,Chelsea,1,2,2017-08-20 16:00:00,N&#039;Golo Kanté,Aerial
576,159057,4,MissedShots,0.9180000305175782,0.5270000076293946,0.31014201045036316,Álvaro Morata,a,1804,OpenPlay,2017,Head,7137,Tottenham,Chelsea,1,2,2017-08-20 16:00:00,César Azpilicueta,Cross
577,159075,51,BlockedShot,0.8669999694824219,0.37,0.08431590348482132,Álvaro Morata,a,1804,OpenPlay,2017,RightFoot,7137,Tottenham,Chelsea,1,2,2017-08-20 16:00:00,Victor Moses,Pass
578,159077,69,BlockedShot,0.8719999694824219,0.5990000152587891,0.13662399351596832,Álvaro Morata,a,1804,OpenPlay,2017,RightFoot,7137,Tottenham,Chelsea,1,2,2017-08-20 16:00:00,Willian,Pass
579,159250,2,BlockedShot,0.8880000305175781,0.8040000152587891,0.018904000520706177,Álvaro Morata,h,1804,OpenPlay,2017,RightFoot,7140,Chelsea,Everton,2,0,2017-08-27 13:30:00,,None
580,159258,39,Goal,0.92,0.48200000762939454,0.3655169904232025,Álvaro Morata,h,1804,OpenPlay,2017,Head,7140,Chelsea,Everton,2,0,2017-08-27 13:30:00,César Azpilicueta,Cross
581,159295,1,SavedShot,0.774000015258789,0.6790000152587891,0.022343799471855164,Álvaro Morata,a,1804,OpenPlay,2017,RightFoot,7151,Leicester,Chelsea,1,2,2017-09-09 15:00:00,Tiemoué Bakayoko,Pass
582,159298,33,BlockedShot,0.889000015258789,0.595999984741211,0.10749299824237823,Álvaro Morata,a,1804,OpenPlay,2017,RightFoot,7151,Leicester,Chelsea,1,2,2017-09-09 15:00:00,N&#039;Golo Kanté,Pass
583,159299,35,BlockedShot,0.840999984741211,0.6780000305175782,0.042482100427150726,Álvaro Morata,a,1804,OpenPlay,2017,LeftFoot,7151,Leicester,Chelsea,1,2,2017-09-09 15:00:00,Marcos Alonso,BallRecovery
584,159301,40,Goal,0.9069999694824219,0.5670000076293945,0.2145799994468689,Álvaro Morata,a,1804,OpenPlay,2017,Head,7151,Leicester,Chelsea,1,2,2017-09-09 15:00:00,César Azpilicueta,Cross
585,159316,81,BlockedShot,0.914000015258789,0.425,0.1037679985165596,Álvaro Morata,a,1804,OpenPlay,2017,Head,7151,Leicester,Chelsea,1,2,2017-09-09 15:00:00,Marcos Alonso,Cross
586,158573,22,MissedShots,0.9059999847412109,0.4809999847412109,0.08895979821681976,Álvaro Morata,h,1804,OpenPlay,2017,Head,7167,Chelsea,Arsenal,0,0,2017-09-17 13:30:00,Victor Moses,Cross
587,158582,47,BlockedShot,0.7769999694824219,0.769000015258789,0.017398500815033913,Álvaro Morata,h,1804,OpenPlay,2017,RightFoot,7167,Chelsea,Arsenal,0,0,2017-09-17 13:30:00,Willian,Pass
588,159851,1,Goal,0.8859999847412109,0.6509999847412109,0.2910040020942688,Álvaro Morata,a,1804,OpenPlay,2017,RightFoot,7170,Stoke,Chelsea,0,4,2017-09-23 15:00:00,César Azpilicueta,Chipped
589,159865,76,Goal,0.97,0.615999984741211,0.10003399848937988,Álvaro Morata,a,1804,OpenPlay,2017,RightFoot,7170,Stoke,Chelsea,0,4,2017-09-23 15:00:00,Tiemoué Bakayoko,BallRecovery
590,159868,81,Goal,0.9690000152587891,0.4640000152587891,0.8605139851570129,Álvaro Morata,a,1804,OpenPlay,2017,RightFoot,7170,Stoke,Chelsea,0,4,2017-09-23 15:00:00,César Azpilicueta,Pass
591,159869,86,MissedShots,0.8719999694824219,0.4209999847412109,0.1150989979505539,Álvaro Morata,a,1804,OpenPlay,2017,RightFoot,7170,Stoke,Chelsea,0,4,2017-09-23 15:00:00,Cesc Fàbregas,Chipped
592,160090,2,MissedShots,0.95,0.44,0.4334680140018463,Álvaro Morata,h,1804,OpenPlay,2017,Head,7185,Chelsea,Manchester City,0,1,2017-09-30 17:30:00,N&#039;Golo Kanté,Cross
593,161775,7,SavedShot,0.9290000152587891,0.519000015258789,0.11461199820041656,Álvaro Morata,h,1804,FromCorner,2017,RightFoot,7199,Chelsea,Watford,4,2,2017-10-21 19:30:00,Pedro,Cross
594,159769,18,SavedShot,0.9740000152587891,0.425,0.12412700057029724,Álvaro Morata,a,1804,OpenPlay,2017,LeftFoot,7210,Bournemouth,Chelsea,0,1,2017-10-28 17:30:00,Eden Hazard,CornerAwarded
595,159770,23,MissedShots,0.8880000305175781,0.5940000152587891,0.352526992559433,Álvaro Morata,a,1804,OpenPlay,2017,RightFoot,7210,Bournemouth,Chelsea,0,1,2017-10-28 17:30:00,Eden Hazard,Pass
596,159774,33,SavedShot,0.87,0.54,0.37417399883270264,Álvaro Morata,a,1804,OpenPlay,2017,LeftFoot,7210,Bournemouth,Chelsea,0,1,2017-10-28 17:30:00,Eden Hazard,Pass
597,160213,31,SavedShot,0.8780000305175781,0.655,0.0687858983874321,Álvaro Morata,h,1804,OpenPlay,2017,RightFoot,7219,Chelsea,Manchester United,1,0,2017-11-05 16:30:00,Cesc Fàbregas,Pass
598,160216,48,MissedShots,0.8180000305175781,0.6959999847412109,0.027933599427342415,Álvaro Morata,h,1804,OpenPlay,2017,RightFoot,7219,Chelsea,Manchester United,1,0,2017-11-05 16:30:00,Tiemoué Bakayoko,Chipped
599,160218,54,Goal,0.8830000305175781,0.55,0.23229099810123444,Álvaro Morata,h,1804,OpenPlay,2017,Head,7219,Chelsea,Manchester United,1,0,2017-11-05 16:30:00,César Azpilicueta,Chipped
600,161012,16,Goal,0.9259999847412109,0.595999984741211,0.41127198934555054,Álvaro Morata,a,1804,OpenPlay,2017,LeftFoot,7229,West Bromwich Albion,Chelsea,0,4,2017-11-18 15:00:00,,None
601,161020,55,SavedShot,0.9640000152587891,0.285,0.08360449969768524,Álvaro Morata,a,1804,OpenPlay,2017,RightFoot,7229,West Bromwich Albion,Chelsea,0,4,2017-11-18 15:00:00,N&#039;Golo Kanté,TakeOn
602,161022,69,MissedShots,0.9059999847412109,0.3629999923706055,0.13494199514389038,Álvaro Morata,a,1804,OpenPlay,2017,RightFoot,7229,West Bromwich Albion,Chelsea,0,4,2017-11-18 15:00:00,N&#039;Golo Kanté,Throughball
603,161283,39,MissedShots,0.8969999694824219,0.42400001525878905,0.014718599617481232,Álvaro Morata,a,1804,FromCorner,2017,Head,7244,Liverpool,Chelsea,1,1,2017-11-25 17:30:00,Eden Hazard,Aerial
604,161285,41,BlockedShot,0.7340000152587891,0.36900001525878906,0.013371599838137627,Álvaro Morata,a,1804,OpenPlay,2017,RightFoot,7244,Liverpool,Chelsea,1,1,2017-11-25 17:30:00,Daniel Drinkwater,Pass
605,161294,67,MissedShots,0.8930000305175781,0.5179999923706055,0.09093789756298065,Álvaro Morata,a,1804,OpenPlay,2017,RightFoot,7244,Liverpool,Chelsea,1,1,2017-11-25 17:30:00,Davide Zappacosta,Cross
606,161107,12,SavedShot,0.8169999694824219,0.7269999694824218,0.025947799906134605,Álvaro Morata,h,1804,OpenPlay,2017,RightFoot,7255,Chelsea,Swansea,1,0,2017-11-29 19:45:00,Marcos Alonso,Pass
607,161111,19,MissedShots,0.9730000305175781,0.6619999694824219,0.01056160032749176,Álvaro Morata,h,1804,FromCorner,2017,Head,7255,Chelsea,Swansea,1,0,2017-11-29 19:45:00,Willian,Cross
608,161113,22,SavedShot,0.86,0.47200000762939454,0.01692350022494793,Álvaro Morata,h,1804,FromCorner,2017,Head,7255,Chelsea,Swansea,1,0,2017-11-29 19:45:00,Cesc Fàbregas,Cross
609,161114,27,SavedShot,0.879000015258789,0.59,0.0759567990899086,Álvaro Morata,h,1804,OpenPlay,2017,RightFoot,7255,Chelsea,Swansea,1,0,2017-11-29 19:45:00,,None
610,161124,62,SavedShot,0.9309999847412109,0.5509999847412109,0.38485801219940186,Álvaro Morata,h,1804,SetPiece,2017,Head,7255,Chelsea,Swansea,1,0,2017-11-29 19:45:00,Cesc Fàbregas,Aerial
611,161125,64,MissedShots,0.909000015258789,0.595999984741211,0.3113029897212982,Álvaro Morata,h,1804,OpenPlay,2017,LeftFoot,7255,Chelsea,Swansea,1,0,2017-11-29 19:45:00,Marcos Alonso,Chipped
612,161609,9,MissedShots,0.899000015258789,0.24600000381469728,0.04870690032839775,Álvaro Morata,h,1804,OpenPlay,2017,RightFoot,7259,Chelsea,Newcastle United,3,1,2017-12-02 12:30:00,Eden Hazard,LayOff
613,161616,31,MissedShots,0.865,0.45,0.015573300421237946,Álvaro Morata,h,1804,OpenPlay,2017,Head,7259,Chelsea,Newcastle United,3,1,2017-12-02 12:30:00,Eden Hazard,Aerial
614,161617,32,Goal,0.9640000152587891,0.5129999923706055,0.6401500105857849,Álvaro Morata,h,1804,OpenPlay,2017,Head,7259,Chelsea,Newcastle United,3,1,2017-12-02 12:30:00,Victor Moses,Cross
615,179363,19,BlockedShot,0.9259999847412109,0.46,0.09513670206069946,Álvaro Morata,a,1804,OpenPlay,2017,Head,7269,West Ham,Chelsea,1,0,2017-12-09 12:30:00,César Azpilicueta,Cross
616,179369,32,MissedShots,0.9319999694824219,0.5370000076293945,0.0545836016535759,Álvaro Morata,a,1804,OpenPlay,2017,Head,7269,West Ham,Chelsea,1,0,2017-12-09 12:30:00,Davide Zappacosta,Aerial
617,179370,34,MissedShots,0.92,0.5179999923706055,0.09337910264730453,Álvaro Morata,a,1804,OpenPlay,2017,RightFoot,7269,West Ham,Chelsea,1,0,2017-12-09 12:30:00,,None
618,179382,82,MissedShots,0.879000015258789,0.605999984741211,0.3601039946079254,Álvaro Morata,a,1804,OpenPlay,2017,RightFoot,7269,West Ham,Chelsea,1,0,2017-12-09 12:30:00,,None
619,183235,74,SavedShot,0.9640000152587891,0.31,0.06704709678888321,Álvaro Morata,h,1804,OpenPlay,2017,LeftFoot,7292,Chelsea,Southampton,1,0,2017-12-16 15:00:00,Cesc Fàbregas,TakeOn
620,183240,79,BlockedShot,0.795,0.5659999847412109,0.05419360101222992,Álvaro Morata,h,1804,OpenPlay,2017,RightFoot,7292,Chelsea,Southampton,1,0,2017-12-16 15:00:00,Tiemoué Bakayoko,Pass
621,185514,4,SavedShot,0.9830000305175781,0.695,0.05910699814558029,Álvaro Morata,h,1804,OpenPlay,2017,LeftFoot,7310,Chelsea,Brighton,2,0,2017-12-26 15:00:00,Marcos Alonso,TakeOn
622,185525,44,BlockedShot,0.8069999694824219,0.5729999923706055,0.049386799335479736,Álvaro Morata,h,1804,OpenPlay,2017,LeftFoot,7310,Chelsea,Brighton,2,0,2017-12-26 15:00:00,Eden Hazard,Pass
623,185527,45,Goal,0.919000015258789,0.524000015258789,0.31939300894737244,Álvaro Morata,h,1804,OpenPlay,2017,Head,7310,Chelsea,Brighton,2,0,2017-12-26 15:00:00,César Azpilicueta,Cross
624,185526,45,MissedShots,0.9119999694824219,0.48900001525878906,0.05633639916777611,Álvaro Morata,h,1804,OpenPlay,2017,Head,7310,Chelsea,Brighton,2,0,2017-12-26 15:00:00,César Azpilicueta,Aerial
625,186095,9,MissedShots,0.759000015258789,0.6309999847412109,0.02594350092113018,Álvaro Morata,h,1804,OpenPlay,2017,RightFoot,7320,Chelsea,Stoke,5,0,2017-12-30 15:00:00,Marcos Alonso,Pass
626,186096,13,SavedShot,0.9330000305175781,0.38,0.3523710072040558,Álvaro Morata,h,1804,OpenPlay,2017,RightFoot,7320,Chelsea,Stoke,5,0,2017-12-30 15:00:00,Willian,Pass
627,186105,59,SavedShot,0.9219999694824219,0.415,0.5280939936637878,Álvaro Morata,h,1804,OpenPlay,2017,RightFoot,7320,Chelsea,Stoke,5,0,2017-12-30 15:00:00,Willian,Throughball
628,186491,13,MissedShots,0.8730000305175781,0.5659999847412109,0.3042150139808655,Álvaro Morata,a,1804,OpenPlay,2017,RightFoot,7330,Arsenal,Chelsea,2,2,2018-01-03 19:45:00,Victor Moses,Throughball
629,186512,69,MissedShots,0.89,0.4,0.5393189787864685,Álvaro Morata,a,1804,OpenPlay,2017,RightFoot,7330,Arsenal,Chelsea,2,2,2018-01-03 19:45:00,Cesc Fàbregas,Throughball
630,186519,92,SavedShot,0.875,0.46799999237060547,0.3093230128288269,Álvaro Morata,a,1804,OpenPlay,2017,RightFoot,7330,Arsenal,Chelsea,2,2,2018-01-03 19:45:00,César Azpilicueta,Throughball
631,193840,61,BlockedShot,0.8030000305175782,0.39,0.050273600965738297,Álvaro Morata,h,1804,OpenPlay,2017,RightFoot,7379,Chelsea,West Bromwich Albion,3,0,2018-02-12 20:00:00,Pedro,Pass
632,193845,77,SavedShot,0.774000015258789,0.710999984741211,0.02573530003428459,Álvaro Morata,h,1804,OpenPlay,2017,RightFoot,7379,Chelsea,West Bromwich Albion,3,0,2018-02-12 20:00:00,Eden Hazard,Pass
633,197813,3,ShotOnPost,0.935,0.5359999847412109,0.447503000497818,Álvaro Morata,a,1804,OpenPlay,2017,RightFoot,7393,Manchester United,Chelsea,2,1,2018-02-25 14:05:00,Marcos Alonso,Cross
634,197822,43,SavedShot,0.9540000152587891,0.5370000076293945,0.1087850034236908,Álvaro Morata,a,1804,SetPiece,2017,RightFoot,7393,Manchester United,Chelsea,2,1,2018-02-25 14:05:00,Willian,Chipped
635,197823,48,BlockedShot,0.9159999847412109,0.6759999847412109,0.1513810008764267,Álvaro Morata,a,1804,OpenPlay,2017,RightFoot,7393,Manchester United,Chelsea,2,1,2018-02-25 14:05:00,,TakeOn
636,200164,77,SavedShot,0.7919999694824219,0.664000015258789,0.03954380005598068,Álvaro Morata,h,1804,OpenPlay,2017,RightFoot,7411,Chelsea,Crystal Palace,2,1,2018-03-10 17:30:00,Eden Hazard,Pass
637,200165,79,BlockedShot,0.8540000152587891,0.6519999694824219,0.06998620182275772,Álvaro Morata,h,1804,OpenPlay,2017,RightFoot,7411,Chelsea,Crystal Palace,2,1,2018-03-10 17:30:00,Eden Hazard,Pass
638,204095,29,Goal,0.9459999847412109,0.5129999923706055,0.5435739755630493,Álvaro Morata,h,1804,OpenPlay,2017,Head,7431,Chelsea,Tottenham,1,3,2018-04-01 16:00:00,Victor Moses,Cross
639,204112,75,MissedShots,0.9030000305175782,0.5729999923706055,0.11305999755859375,Álvaro Morata,h,1804,OpenPlay,2017,RightFoot,7431,Chelsea,Tottenham,1,3,2018-04-01 16:00:00,César Azpilicueta,Pass
640,206965,28,MissedShots,0.955999984741211,0.575,0.14372999966144562,Álvaro Morata,h,1804,OpenPlay,2017,LeftFoot,7442,Chelsea,West Ham,1,1,2018-04-08 15:30:00,Eden Hazard,Pass
641,206973,54,MissedShots,0.9369999694824219,0.44099998474121094,0.10311300307512283,Álvaro Morata,h,1804,FromCorner,2017,Head,7442,Chelsea,West Ham,1,1,2018-04-08 15:30:00,Willian,Cross
642,206977,75,MissedShots,0.86,0.49900001525878906,0.011287099681794643,Álvaro Morata,h,1804,SetPiece,2017,Head,7442,Chelsea,West Ham,1,1,2018-04-08 15:30:00,Cesc Fàbregas,Aerial
643,209328,26,MissedShots,0.9440000152587891,0.49700000762939456,0.09143169969320297,Álvaro Morata,a,1804,OpenPlay,2017,Head,7455,Southampton,Chelsea,2,3,2018-04-14 11:30:00,Davide Zappacosta,HeadPass
644,209337,45,MissedShots,0.7809999847412109,0.6680000305175782,0.03221359848976135,Álvaro Morata,a,1804,OpenPlay,2017,RightFoot,7455,Southampton,Chelsea,2,3,2018-04-14 11:30:00,Willian,LayOff
645,210041,10,SavedShot,0.9590000152587891,0.3340000152587891,0.0593114010989666,Álvaro Morata,a,1804,OpenPlay,2017,RightFoot,7420,Burnley,Chelsea,1,2,2018-04-19 18:45:00,,None
646,210046,31,SavedShot,0.915,0.43099998474121093,0.43981999158859253,Álvaro Morata,a,1804,OpenPlay,2017,RightFoot,7420,Burnley,Chelsea,1,2,2018-04-19 18:45:00,Olivier Giroud,Throughball
647,210049,54,MissedShots,0.8819999694824219,0.45099998474121095,0.5541980266571045,Álvaro Morata,a,1804,OpenPlay,2017,RightFoot,7420,Burnley,Chelsea,1,2,2018-04-19 18:45:00,N&#039;Golo Kanté,Throughball
648,214389,29,SavedShot,0.885,0.4209999847412109,0.06482069939374924,Álvaro Morata,h,1804,OpenPlay,2017,RightFoot,7460,Chelsea,Huddersfield,1,1,2018-05-09 19:45:00,Cesc Fàbregas,Cross
649,214396,75,BlockedShot,0.875,0.605,0.09532380104064941,Álvaro Morata,h,1804,OpenPlay,2017,LeftFoot,7460,Chelsea,Huddersfield,1,1,2018-05-09 19:45:00,Willian,Pass
650,214406,88,SavedShot,0.865999984741211,0.6270000076293946,0.07750129699707031,Álvaro Morata,h,1804,OpenPlay,2017,LeftFoot,7460,Chelsea,Huddersfield,1,1,2018-05-09 19:45:00,Eden Hazard,Pass
651,232776,56,BlockedShot,0.9309999847412109,0.5870000076293945,0.13309499621391296,Álvaro Morata,a,1804,OpenPlay,2018,RightFoot,9200,Huddersfield,Chelsea,0,3,2018-08-11 17:00:00,Marcos Alonso,Cross
652,232787,90,BlockedShot,0.875,0.36900001525878906,0.10793899744749069,Álvaro Morata,a,1804,OpenPlay,2018,RightFoot,9200,Huddersfield,Chelsea,0,3,2018-08-11 17:00:00,Victor Moses,Pass
653,233000,16,MissedShots,0.8030000305175782,0.24600000381469728,0.026031600311398506,Álvaro Morata,h,1804,OpenPlay,2018,LeftFoot,9212,Chelsea,Arsenal,3,2,2018-08-18 19:30:00,César Azpilicueta,BallRecovery
654,233003,19,Goal,0.8619999694824219,0.4640000152587891,0.1342719942331314,Álvaro Morata,h,1804,OpenPlay,2018,LeftFoot,9212,Chelsea,Arsenal,3,2,2018-08-18 19:30:00,César Azpilicueta,Throughball
655,233010,37,SavedShot,0.784000015258789,0.30100000381469727,0.02041970007121563,Álvaro Morata,h,1804,OpenPlay,2018,RightFoot,9212,Chelsea,Arsenal,3,2,2018-08-18 19:30:00,N&#039;Golo Kanté,Pass
656,233378,27,BlockedShot,0.7830000305175782,0.6029999923706054,0.03059069998562336,Álvaro Morata,a,1804,OpenPlay,2018,RightFoot,9225,Newcastle United,Chelsea,1,2,2018-08-26 18:00:00,Mateo Kovacic,Pass
657,233387,55,BlockedShot,0.9,0.34299999237060547,0.06112480163574219,Álvaro Morata,a,1804,OpenPlay,2018,RightFoot,9225,Newcastle United,Chelsea,1,2,2018-08-26 18:00:00,,None
658,233554,9,SavedShot,0.955999984741211,0.36700000762939455,0.07315850257873535,Álvaro Morata,h,1804,OpenPlay,2018,RightFoot,9231,Chelsea,Bournemouth,2,0,2018-09-01 14:00:00,,None
659,233566,36,BlockedShot,0.9119999694824219,0.4420000076293945,0.1048860028386116,Álvaro Morata,h,1804,OpenPlay,2018,RightFoot,9231,Chelsea,Bournemouth,2,0,2018-09-01 14:00:00,César Azpilicueta,Cross
660,234236,65,SavedShot,0.9369999694824219,0.5179999923706055,0.3861820101737976,Álvaro Morata,a,1804,FromCorner,2018,RightFoot,9255,West Ham,Chelsea,0,0,2018-09-23 12:30:00,David Luiz,BallTouch
661,234325,68,BlockedShot,0.8380000305175781,0.6309999847412109,0.06678800284862518,Álvaro Morata,h,1804,OpenPlay,2018,RightFoot,9264,Chelsea,Liverpool,1,1,2018-09-29 16:30:00,Eden Hazard,Pass
662,234329,77,MissedShots,0.8959999847412109,0.485,0.20126299560070038,Álvaro Morata,h,1804,SetPiece,2018,Head,9264,Chelsea,Liverpool,1,1,2018-09-29 16:30:00,Eden Hazard,Cross
663,249195,79,SavedShot,0.9159999847412109,0.6359999847412109,0.5398079752922058,Álvaro Morata,a,1804,OpenPlay,2018,RightFoot,9275,Southampton,Chelsea,0,3,2018-10-07 13:15:00,Eden Hazard,Throughball
664,249203,92,Goal,0.9119999694824219,0.5629999923706055,0.5341920256614685,Álvaro Morata,a,1804,OpenPlay,2018,RightFoot,9275,Southampton,Chelsea,0,3,2018-10-07 13:15:00,Eden Hazard,Throughball
665,249222,39,MissedShots,0.759000015258789,0.40799999237060547,0.030490100383758545,Álvaro Morata,h,1804,OpenPlay,2018,RightFoot,9277,Chelsea,Manchester United,2,2,2018-10-20 11:30:00,Eden Hazard,Pass
666,249224,46,SavedShot,0.865,0.5429999923706055,0.14159899950027466,Álvaro Morata,h,1804,OpenPlay,2018,LeftFoot,9277,Chelsea,Manchester United,2,2,2018-10-20 11:30:00,Jorginho,Throughball
667,249664,11,SavedShot,0.89,0.525,0.027151700109243393,Álvaro Morata,a,1804,OpenPlay,2018,Head,9295,Burnley,Chelsea,0,4,2018-10-28 12:30:00,Ross Barkley,Rebound
668,249669,21,Goal,0.865,0.5179999923706055,0.36951500177383423,Álvaro Morata,a,1804,OpenPlay,2018,RightFoot,9295,Burnley,Chelsea,0,4,2018-10-28 12:30:00,Ross Barkley,Throughball
669,249672,37,MissedShots,0.905,0.6140000152587891,0.39084699749946594,Álvaro Morata,a,1804,OpenPlay,2018,RightFoot,9295,Burnley,Chelsea,0,4,2018-10-28 12:30:00,Marcos Alonso,TakeOn
670,249673,40,SavedShot,0.9219999694824219,0.4329999923706055,0.3346889913082123,Álvaro Morata,a,1804,OpenPlay,2018,RightFoot,9295,Burnley,Chelsea,0,4,2018-10-28 12:30:00,Jorginho,Chipped
671,249676,55,MissedShots,0.965999984741211,0.5529999923706055,0.14505399763584137,Álvaro Morata,a,1804,OpenPlay,2018,Head,9295,Burnley,Chelsea,0,4,2018-10-28 12:30:00,,Aerial
672,249959,31,Goal,0.9219999694824219,0.49900001525878906,0.5392959713935852,Álvaro Morata,h,1804,OpenPlay,2018,RightFoot,9305,Chelsea,Crystal Palace,3,1,2018-11-04 16:00:00,Pedro,Pass
673,249963,38,MissedShots,0.960999984741211,0.4129999923706055,0.0568820983171463,Álvaro Morata,h,1804,SetPiece,2018,Head,9305,Chelsea,Crystal Palace,3,1,2018-11-04 16:00:00,Marcos Alonso,HeadPass
674,249967,61,BlockedShot,0.935,0.2929999923706055,0.11412700265645981,Álvaro Morata,h,1804,OpenPlay,2018,RightFoot,9305,Chelsea,Crystal Palace,3,1,2018-11-04 16:00:00,Willian,Throughball
675,249970,64,Goal,0.9490000152587891,0.6659999847412109,0.022965099662542343,Álvaro Morata,h,1804,SetPiece,2018,LeftFoot,9305,Chelsea,Crystal Palace,3,1,2018-11-04 16:00:00,Eden Hazard,Cross
676,249975,92,SavedShot,0.8159999847412109,0.46299999237060546,0.4476960003376007,Álvaro Morata,h,1804,OpenPlay,2018,RightFoot,9305,Chelsea,Crystal Palace,3,1,2018-11-04 16:00:00,Eden Hazard,Throughball
677,250194,45,SavedShot,0.945,0.49,0.5261039733886719,Álvaro Morata,h,1804,OpenPlay,2018,RightFoot,9314,Chelsea,Everton,0,0,2018-11-11 14:15:00,Eden Hazard,Cross
678,250387,4,MissedShots,0.9169999694824219,0.43099998474121093,0.0959722027182579,Álvaro Morata,a,1804,OpenPlay,2018,RightFoot,9323,Tottenham,Chelsea,3,1,2018-11-24 17:30:00,Willian,Cross
679,250394,20,BlockedShot,0.8069999694824219,0.34900001525878904,0.0345056988298893,Álvaro Morata,a,1804,OpenPlay,2018,LeftFoot,9323,Tottenham,Chelsea,3,1,2018-11-24 17:30:00,Willian,Pass
680,250693,72,MissedShots,0.96,0.5879999923706055,0.39937299489974976,Álvaro Morata,h,1804,OpenPlay,2018,LeftFoot,9334,Chelsea,Fulham,2,0,2018-12-02 12:00:00,,Rebound
681,250842,11,MissedShots,0.715,0.5540000152587891,0.013570900075137615,Álvaro Morata,a,1804,OpenPlay,2018,LeftFoot,9339,Wolverhampton Wanderers,Chelsea,2,1,2018-12-05 19:45:00,Eden Hazard,TakeOn
682,250850,47,MissedShots,0.925,0.5220000076293946,0.08678100258111954,Álvaro Morata,a,1804,OpenPlay,2018,Head,9339,Wolverhampton Wanderers,Chelsea,2,1,2018-12-05 19:45:00,César Azpilicueta,Aerial
683,274300,11,SavedShot,0.87,0.52,0.03397379815578461,Álvaro Morata,h,1804,OpenPlay,2018,Head,9403,Chelsea,Southampton,0,0,2019-01-02 19:45:00,César Azpilicueta,Chipped
684,274305,39,BlockedShot,0.8930000305175781,0.66,0.08012349903583527,Álvaro Morata,h,1804,OpenPlay,2018,RightFoot,9403,Chelsea,Southampton,0,0,2019-01-02 19:45:00,Ross Barkley,Pass
685,274317,77,SavedShot,0.9269999694824219,0.674000015258789,0.10050000250339508,Álvaro Morata,h,1804,OpenPlay,2018,LeftFoot,9403,Chelsea,Southampton,0,0,2019-01-02 19:45:00,Ruben Loftus-Cheek,Pass
686,280944,7,MissedShots,0.9290000152587891,0.5879999923706055,0.08803600072860718,Álvaro Morata,a,1804,OpenPlay,2018,RightFoot,10170,Real Betis,Atletico Madrid,1,0,2019-02-03 15:15:00,,None
687,280945,9,SavedShot,0.9059999847412109,0.715,0.03729959949851036,Álvaro Morata,a,1804,OpenPlay,2018,RightFoot,10170,Real Betis,Atletico Madrid,1,0,2019-02-03 15:15:00,Antoine Griezmann,Pass
688,280946,12,MissedShots,0.865999984741211,0.46900001525878904,0.011150199919939041,Álvaro Morata,a,1804,SetPiece,2018,Head,10170,Real Betis,Atletico Madrid,1,0,2019-02-03 15:15:00,Thomas Lemar,Aerial
689,280954,60,MissedShots,0.7619999694824219,0.4540000152587891,0.024811699986457825,Álvaro Morata,a,1804,OpenPlay,2018,RightFoot,10170,Real Betis,Atletico Madrid,1,0,2019-02-03 15:15:00,Antoine Griezmann,Pass
690,281115,46,MissedShots,0.9219999694824219,0.68,0.050067100673913956,Álvaro Morata,h,1804,OpenPlay,2018,LeftFoot,10177,Atletico Madrid,Real Madrid,1,3,2019-02-09 15:15:00,Antoine Griezmann,Pass
691,281345,6,SavedShot,0.8959999847412109,0.42400001525878905,0.015821199864149094,Álvaro Morata,a,1804,SetPiece,2018,Head,10191,Rayo Vallecano,Atletico Madrid,0,1,2019-02-16 15:15:00,Antoine Griezmann,Aerial
692,281694,22,SavedShot,0.875999984741211,0.5609999847412109,0.07584089785814285,Álvaro Morata,h,1804,SetPiece,2018,LeftFoot,10204,Atletico Madrid,Villarreal,2,0,2019-02-24 15:15:00,,Dispossessed
693,281698,30,Goal,0.899000015258789,0.4909999847412109,0.10124199837446213,Álvaro Morata,h,1804,OpenPlay,2018,LeftFoot,10204,Atletico Madrid,Villarreal,2,0,2019-02-24 15:15:00,Filipe Luis,Chipped
694,281959,17,MissedShots,0.8719999694824219,0.5070000076293946,0.3977839946746826,Álvaro Morata,a,1804,OpenPlay,2018,RightFoot,10209,Real Sociedad,Atletico Madrid,0,2,2019-03-03 17:30:00,,None
695,281960,18,SavedShot,0.960999984741211,0.47,0.6672989726066589,Álvaro Morata,a,1804,OpenPlay,2018,RightFoot,10209,Real Sociedad,Atletico Madrid,0,2,2019-03-03 17:30:00,Koke,Pass
696,281962,29,Goal,0.95,0.49700000762939456,0.4522489905357361,Álvaro Morata,a,1804,FromCorner,2018,Head,10209,Real Sociedad,Atletico Madrid,0,2,2019-03-03 17:30:00,Diego Godín,Rebound
697,281964,32,Goal,0.9290000152587891,0.4759999847412109,0.4289509952068329,Álvaro Morata,a,1804,SetPiece,2018,Head,10209,Real Sociedad,Atletico Madrid,0,2,2019-03-03 17:30:00,Koke,Cross
698,286427,88,MissedShots,0.975999984741211,0.5359999847412109,0.765067994594574,Álvaro Morata,a,1804,FromCorner,2018,LeftFoot,10227,Athletic Club,Atletico Madrid,2,0,2019-03-16 17:30:00,Rodri,Rebound
699,287827,58,Goal,0.87,0.534000015258789,0.49779999256134033,Álvaro Morata,a,1804,OpenPlay,2018,RightFoot,10237,Alaves,Atletico Madrid,0,4,2019-03-30 19:45:00,Thomas Lemar,Throughball
700,290959,42,MissedShots,0.9019999694824219,0.46,0.310355007648468,Álvaro Morata,h,1804,OpenPlay,2018,RightFoot,10255,Atletico Madrid,Girona,2,0,2019-04-02 18:30:00,Giménez,Chipped
701,290961,51,BlockedShot,0.97,0.674000015258789,0.049943000078201294,Álvaro Morata,h,1804,OpenPlay,2018,LeftFoot,10255,Atletico Madrid,Girona,2,0,2019-04-02 18:30:00,Giménez,Pass
702,290965,63,MissedShots,0.9519999694824218,0.6969999694824218,0.04901370033621788,Álvaro Morata,h,1804,OpenPlay,2018,LeftFoot,10255,Atletico Madrid,Girona,2,0,2019-04-02 18:30:00,Koke,Pass
703,292347,81,BlockedShot,0.915,0.54,0.09654580056667328,Álvaro Morata,a,1804,OpenPlay,2018,LeftFoot,10261,Barcelona,Atletico Madrid,2,0,2019-04-06 19:45:00,Saúl Ñíguez,Cross
704,293764,73,Goal,0.9359999847412109,0.59,0.8444219827651978,Álvaro Morata,h,1804,OpenPlay,2018,LeftFoot,10273,Atletico Madrid,Celta Vigo,2,0,2019-04-13 17:30:00,Antoine Griezmann,TakeOn
705,295343,48,MissedShots,0.879000015258789,0.6430000305175781,0.06935629993677139,Álvaro Morata,a,1804,OpenPlay,2018,LeftFoot,10280,Eibar,Atletico Madrid,0,1,2019-04-20 15:15:00,Vitolo,Pass
706,296686,8,Goal,0.9530000305175781,0.5379999923706055,0.5457710027694702,Álvaro Morata,h,1804,OpenPlay,2018,RightFoot,10295,Atletico Madrid,Valencia,3,2,2019-04-24 18:30:00,Juanfran,Cross
707,296687,10,SavedShot,0.8690000152587891,0.3729999923706055,0.10588599741458893,Álvaro Morata,h,1804,OpenPlay,2018,LeftFoot,10295,Atletico Madrid,Valencia,3,2,2019-04-24 18:30:00,Antoine Griezmann,Pass
708,297478,24,BlockedShot,0.875999984741211,0.629000015258789,0.017384300008416176,Álvaro Morata,h,1804,OpenPlay,2018,Head,10297,Atletico Madrid,Real Valladolid,1,0,2019-04-27 15:15:00,Thomas Lemar,Foul
709,297483,58,BlockedShot,0.885,0.4329999923706055,0.049512699246406555,Álvaro Morata,h,1804,FromCorner,2018,RightFoot,10297,Atletico Madrid,Real Valladolid,1,0,2019-04-27 15:15:00,Koke,Cross
710,299317,2,SavedShot,0.92,0.27700000762939453,0.30035400390625,Álvaro Morata,a,1804,OpenPlay,2018,RightFoot,10310,Espanyol,Atletico Madrid,3,0,2019-05-04 15:15:00,,BallRecovery
711,299318,4,BlockedShot,0.87,0.6719999694824219,0.05146609991788864,Álvaro Morata,a,1804,OpenPlay,2018,RightFoot,10310,Espanyol,Atletico Madrid,3,0,2019-05-04 15:15:00,Antoine Griezmann,Pass
712,299319,11,MissedShots,0.9330000305175781,0.5590000152587891,0.13879400491714478,Álvaro Morata,a,1804,OpenPlay,2018,Head,10310,Espanyol,Atletico Madrid,3,0,2019-05-04 15:15:00,Juanfran,Cross
713,299330,62,MissedShots,0.9119999694824219,0.47299999237060547,0.09245160222053528,Álvaro Morata,a,1804,FromCorner,2018,Head,10310,Espanyol,Atletico Madrid,3,0,2019-05-04 15:15:00,Koke,Cross
714,301745,18,SavedShot,0.91,0.5120000076293946,0.3694309890270233,Álvaro Morata,h,1804,OpenPlay,2018,Head,10325,Atletico Madrid,Sevilla,1,1,2019-05-12 17:30:00,Juanfran,Aerial
715,301748,41,BlockedShot,0.965,0.4570000076293945,0.714663028717041,Álvaro Morata,h,1804,OpenPlay,2018,RightFoot,10325,Atletico Madrid,Sevilla,1,1,2019-05-12 17:30:00,Juanfran,Pass
716,311285,22,Goal,0.9230000305175782,0.505,0.4209420084953308,Álvaro Morata,h,1804,OpenPlay,2019,Head,12032,Atletico Madrid,Getafe,1,0,2019-08-18 21:00:00,Kieran Trippier,Aerial
717,311287,55,SavedShot,0.885,0.5,0.7432780265808105,Álvaro Morata,h,1804,Penalty,2019,RightFoot,12032,Atletico Madrid,Getafe,1,0,2019-08-18 21:00:00,,Standard
718,313261,2,MissedShots,0.8090000152587891,0.5570000076293945,0.048437900841236115,Álvaro Morata,a,1804,OpenPlay,2019,RightFoot,12036,Leganes,Atletico Madrid,0,1,2019-08-25 18:00:00,Koke,Pass
719,313263,32,SavedShot,0.8859999847412109,0.4179999923706055,0.2931160032749176,Álvaro Morata,a,1804,OpenPlay,2019,RightFoot,12036,Leganes,Atletico Madrid,0,1,2019-08-25 18:00:00,Kieran Trippier,Chipped
720,313274,83,SavedShot,0.9130000305175782,0.6370000076293946,0.3615260124206543,Álvaro Morata,a,1804,OpenPlay,2019,RightFoot,12036,Leganes,Atletico Madrid,0,1,2019-08-25 18:00:00,Koke,TakeOn
721,320603,71,MissedShots,0.9259999847412109,0.5179999923706055,0.06302429735660553,Álvaro Morata,h,1804,FromCorner,2019,Head,12064,Atletico Madrid,Celta Vigo,0,0,2019-09-21 16:30:00,,Aerial
722,324913,49,BlockedShot,0.7140000152587891,0.534000015258789,0.021211499348282814,Álvaro Morata,a,1804,OpenPlay,2019,LeftFoot,12102,Real Valladolid,Atletico Madrid,0,0,2019-10-06 15:00:00,Thomas Partey,Pass
723,324915,53,SavedShot,0.9009999847412109,0.5329999923706055,0.4548049867153168,Álvaro Morata,a,1804,OpenPlay,2019,RightFoot,12102,Real Valladolid,Atletico Madrid,0,0,2019-10-06 15:00:00,Koke,Throughball
724,324918,69,MissedShots,0.9669999694824218,0.31799999237060544,0.05961000174283981,Álvaro Morata,a,1804,OpenPlay,2019,RightFoot,12102,Real Valladolid,Atletico Madrid,0,0,2019-10-06 15:00:00,Ángel Correa,Pass
725,325684,5,MissedShots,0.8430000305175781,0.5609999847412109,0.03895390033721924,Álvaro Morata,h,1804,FromCorner,2019,RightFoot,12105,Atletico Madrid,Valencia,1,1,2019-10-19 15:00:00,Thomas Partey,Cross
726,325688,20,SavedShot,0.9390000152587891,0.6480000305175782,0.07847540080547333,Álvaro Morata,h,1804,OpenPlay,2019,RightFoot,12105,Atletico Madrid,Valencia,1,1,2019-10-19 15:00:00,Koke,Pass
727,325691,24,BlockedShot,0.9169999694824219,0.485,0.06426069885492325,Álvaro Morata,h,1804,OpenPlay,2019,Head,12105,Atletico Madrid,Valencia,1,1,2019-10-19 15:00:00,Koke,Aerial
728,325692,25,MissedShots,0.915,0.6270000076293946,0.012545100413262844,Álvaro Morata,h,1804,FromCorner,2019,Head,12105,Atletico Madrid,Valencia,1,1,2019-10-19 15:00:00,Thomas Partey,Aerial
729,327593,54,MissedShots,0.9369999694824219,0.55,0.11702200025320053,Álvaro Morata,h,1804,FromCorner,2019,Head,12115,Atletico Madrid,Athletic Club,2,0,2019-10-26 20:00:00,Koke,Cross
730,327592,54,BlockedShot,0.955,0.315,0.06863129884004593,Álvaro Morata,h,1804,OpenPlay,2019,RightFoot,12115,Atletico Madrid,Athletic Club,2,0,2019-10-26 20:00:00,Thomas Partey,Pass
731,327595,63,Goal,0.9769999694824218,0.515,0.8893409967422485,Álvaro Morata,h,1804,OpenPlay,2019,RightFoot,12115,Atletico Madrid,Athletic Club,2,0,2019-10-26 20:00:00,Ángel Correa,Pass
732,328254,69,Goal,0.905,0.5670000076293945,0.4096609950065613,Álvaro Morata,a,1804,OpenPlay,2019,RightFoot,12123,Alaves,Atletico Madrid,1,1,2019-10-29 18:00:00,Ángel Correa,Throughball
733,328255,71,SavedShot,0.8719999694824219,0.41700000762939454,0.3842250108718872,Álvaro Morata,a,1804,OpenPlay,2019,RightFoot,12123,Alaves,Atletico Madrid,1,1,2019-10-29 18:00:00,,BallRecovery
734,329439,59,Goal,0.975999984741211,0.5640000152587891,0.43799901008605957,Álvaro Morata,a,1804,OpenPlay,2019,Head,12140,Sevilla,Atletico Madrid,1,1,2019-11-02 17:30:00,Santiago Arias,Chipped
735,329453,90,BlockedShot,0.9540000152587891,0.53,0.6447089910507202,Álvaro Morata,a,1804,OpenPlay,2019,RightFoot,12140,Sevilla,Atletico Madrid,1,1,2019-11-02 17:30:00,,Rebound
736,331468,15,MissedShots,0.845,0.61,0.33848199248313904,Álvaro Morata,h,1804,OpenPlay,2019,RightFoot,12145,Atletico Madrid,Espanyol,3,1,2019-11-10 15:00:00,Vitolo,Throughball
737,331480,57,Goal,0.8690000152587891,0.38,0.3446120023727417,Álvaro Morata,h,1804,OpenPlay,2019,RightFoot,12145,Atletico Madrid,Espanyol,3,1,2019-11-10 15:00:00,Vitolo,Throughball
738,331482,61,BlockedShot,0.794000015258789,0.7609999847412109,0.022535299882292747,Álvaro Morata,h,1804,OpenPlay,2019,RightFoot,12145,Atletico Madrid,Espanyol,3,1,2019-11-10 15:00:00,Koke,Pass
739,332424,3,SavedShot,0.93,0.46099998474121096,0.057653699070215225,Álvaro Morata,a,1804,FromCorner,2019,Head,12156,Granada,Atletico Madrid,1,1,2019-11-23 17:30:00,Kieran Trippier,Aerial
740,332437,68,MissedShots,0.9519999694824218,0.534000015258789,0.42342299222946167,Álvaro Morata,a,1804,FromCorner,2019,Head,12156,Granada,Atletico Madrid,1,1,2019-11-23 17:30:00,,Rebound
741,332441,79,MissedShots,0.9130000305175782,0.545,0.36118701100349426,Álvaro Morata,a,1804,OpenPlay,2019,LeftFoot,12156,Granada,Atletico Madrid,1,1,2019-11-23 17:30:00,Renan Lodi,Cross
742,332445,88,BlockedShot,0.92,0.45599998474121095,0.09942799806594849,Álvaro Morata,a,1804,FromCorner,2019,Head,12156,Granada,Atletico Madrid,1,1,2019-11-23 17:30:00,Kieran Trippier,Cross
743,332448,90,SavedShot,0.9530000305175781,0.5120000076293946,0.1247979998588562,Álvaro Morata,a,1804,OpenPlay,2019,RightFoot,12156,Granada,Atletico Madrid,1,1,2019-11-23 17:30:00,Darío Poveda,BallTouch
744,334627,1,MissedShots,0.749000015258789,0.7130000305175781,0.019167600199580193,Álvaro Morata,h,1804,OpenPlay,2019,RightFoot,12165,Atletico Madrid,Barcelona,0,1,2019-12-01 20:00:00,Thomas Partey,Pass
745,334628,9,BlockedShot,0.9530000305175781,0.34700000762939454,0.033599600195884705,Álvaro Morata,h,1804,OpenPlay,2019,RightFoot,12165,Atletico Madrid,Barcelona,0,1,2019-12-01 20:00:00,Kieran Trippier,Cross
746,334639,39,BlockedShot,0.899000015258789,0.4929999923706055,0.029821300879120827,Álvaro Morata,h,1804,FromCorner,2019,Head,12165,Atletico Madrid,Barcelona,0,1,2019-12-01 20:00:00,,Aerial
747,334638,39,SavedShot,0.9059999847412109,0.45799999237060546,0.07437880337238312,Álvaro Morata,h,1804,FromCorner,2019,Head,12165,Atletico Madrid,Barcelona,0,1,2019-12-01 20:00:00,Kieran Trippier,Cross
748,334651,71,MissedShots,0.95,0.46599998474121096,0.1185849979519844,Álvaro Morata,h,1804,OpenPlay,2019,RightFoot,12165,Atletico Madrid,Barcelona,0,1,2019-12-01 20:00:00,Ángel Correa,Cross
749,334653,75,MissedShots,0.914000015258789,0.27899999618530275,0.04611239954829216,Álvaro Morata,h,1804,OpenPlay,2019,RightFoot,12165,Atletico Madrid,Barcelona,0,1,2019-12-01 20:00:00,Kieran Trippier,Chipped
750,335377,30,MissedShots,0.9830000305175781,0.5940000152587891,0.015475999563932419,Álvaro Morata,a,1804,FromCorner,2019,Head,12181,Villarreal,Atletico Madrid,0,0,2019-12-06 20:00:00,Koke,Aerial
751,335398,71,BlockedShot,0.860999984741211,0.545,0.08411870151758194,Álvaro Morata,a,1804,OpenPlay,2019,LeftFoot,12181,Villarreal,Atletico Madrid,0,0,2019-12-06 20:00:00,,Rebound
752,337350,6,SavedShot,0.914000015258789,0.54,0.4379979968070984,Álvaro Morata,h,1804,OpenPlay,2019,RightFoot,12185,Atletico Madrid,Osasuna,2,0,2019-12-14 20:00:00,,Rebound
753,337355,28,MissedShots,0.784000015258789,0.5520000076293945,0.039514899253845215,Álvaro Morata,h,1804,OpenPlay,2019,RightFoot,12185,Atletico Madrid,Osasuna,2,0,2019-12-14 20:00:00,,BallTouch
754,337367,54,MissedShots,0.9530000305175781,0.3340000152587891,0.27981001138687134,Álvaro Morata,h,1804,OpenPlay,2019,RightFoot,12185,Atletico Madrid,Osasuna,2,0,2019-12-14 20:00:00,João Félix,Chipped
755,337372,66,Goal,0.9209999847412109,0.534000015258789,0.1319340020418167,Álvaro Morata,h,1804,SetPiece,2019,Head,12185,Atletico Madrid,Osasuna,2,0,2019-12-14 20:00:00,Kieran Trippier,Cross
756,337379,89,MissedShots,0.8930000305175781,0.62,0.09316349774599075,Álvaro Morata,h,1804,OpenPlay,2019,RightFoot,12185,Atletico Madrid,Osasuna,2,0,2019-12-14 20:00:00,Kieran Trippier,Cross
757,339282,34,SavedShot,0.845,0.4159999847412109,0.48899000883102417,Álvaro Morata,a,1804,OpenPlay,2019,RightFoot,12194,Real Betis,Atletico Madrid,1,2,2019-12-22 15:00:00,João Félix,Throughball
758,339284,43,MissedShots,0.9269999694824219,0.5429999923706055,0.06599420309066772,Álvaro Morata,a,1804,OpenPlay,2019,Head,12194,Real Betis,Atletico Madrid,1,2,2019-12-22 15:00:00,Renan Lodi,Aerial
759,339290,68,SavedShot,0.9169999694824219,0.5779999923706055,0.06867200136184692,Álvaro Morata,a,1804,SetPiece,2019,RightFoot,12194,Real Betis,Atletico Madrid,1,2,2019-12-22 15:00:00,Héctor Herrera,Cross
760,339295,83,Goal,0.96,0.46,0.14103899896144867,Álvaro Morata,a,1804,OpenPlay,2019,RightFoot,12194,Real Betis,Atletico Madrid,1,2,2019-12-22 15:00:00,Ángel Correa,Cross
761,355057,69,SavedShot,0.9280000305175782,0.46700000762939453,0.06049000099301338,Álvaro Morata,a,1804,OpenPlay,2019,Head,12216,Eibar,Atletico Madrid,2,0,2020-01-18 20:00:00,Saúl Ñíguez,Aerial
762,356105,36,SavedShot,0.9059999847412109,0.5670000076293945,0.12174200266599655,Álvaro Morata,h,1804,OpenPlay,2019,RightFoot,12224,Atletico Madrid,Leganes,0,0,2020-01-26 11:00:00,Ángel Correa,Cross
763,356109,58,BlockedShot,0.7090000152587891,0.725999984741211,0.01177740003913641,Álvaro Morata,h,1804,OpenPlay,2019,RightFoot,12224,Atletico Madrid,Leganes,0,0,2020-01-26 11:00:00,Renan Lodi,Pass
764,356120,90,MissedShots,0.9119999694824219,0.47900001525878905,0.12601900100708008,Álvaro Morata,h,1804,OpenPlay,2019,Head,12224,Atletico Madrid,Leganes,0,0,2020-01-26 11:00:00,Renan Lodi,Cross
765,358773,80,SavedShot,0.9390000152587891,0.580999984741211,0.234592005610466,Álvaro Morata,a,1804,OpenPlay,2019,Head,12261,Valencia,Atletico Madrid,2,2,2020-02-14 20:00:00,Sime Vrsaljko,Cross
766,360422,28,SavedShot,0.9219999694824219,0.5379999923706055,0.3052250146865845,Álvaro Morata,h,1804,FromCorner,2019,RightFoot,12264,Atletico Madrid,Villarreal,3,1,2020-02-23 20:00:00,Koke,Cross
767,360425,35,SavedShot,0.919000015258789,0.485,0.10501699894666672,Álvaro Morata,h,1804,OpenPlay,2019,Head,12264,Atletico Madrid,Villarreal,3,1,2020-02-23 20:00:00,Sime Vrsaljko,Cross
768,360428,51,SavedShot,0.774000015258789,0.715999984741211,0.02219739928841591,Álvaro Morata,h,1804,OpenPlay,2019,RightFoot,12264,Atletico Madrid,Villarreal,3,1,2020-02-23 20:00:00,Thomas Partey,Pass
769,361378,61,ShotOnPost,0.9930000305175781,0.43900001525878907,0.6013709902763367,Álvaro Morata,a,1804,OpenPlay,2019,RightFoot,12275,Espanyol,Atletico Madrid,1,1,2020-03-01 15:00:00,,None
770,361768,5,BlockedShot,0.9130000305175782,0.6840000152587891,0.10950399935245514,Álvaro Morata,h,1804,OpenPlay,2019,LeftFoot,12284,Atletico Madrid,Sevilla,2,2,2020-03-07 15:00:00,João Félix,Throughball
771,361777,31,Goal,0.885,0.5,0.7432780265808105,Álvaro Morata,h,1804,Penalty,2019,RightFoot,12284,Atletico Madrid,Sevilla,2,2,2020-03-07 15:00:00,,Standard
772,361792,63,MissedShots,0.98,0.41900001525878905,0.13031400740146637,Álvaro Morata,h,1804,OpenPlay,2019,RightFoot,12284,Atletico Madrid,Sevilla,2,2,2020-03-07 15:00:00,,Rebound
773,364892,81,Goal,0.93,0.654000015258789,0.24591399729251862,Álvaro Morata,a,1804,OpenPlay,2019,RightFoot,12311,Osasuna,Atletico Madrid,0,5,2020-06-17 20:00:00,Marcos Llorente,Pass
774,365673,4,MissedShots,0.9169999694824219,0.49599998474121093,0.07622010260820389,Álvaro Morata,h,1804,OpenPlay,2019,Head,12314,Atletico Madrid,Real Valladolid,1,0,2020-06-20 20:00:00,Héctor Herrera,Aerial
775,365676,25,BlockedShot,0.9490000152587891,0.45099998474121095,0.11572399735450745,Álvaro Morata,h,1804,OpenPlay,2019,RightFoot,12314,Atletico Madrid,Real Valladolid,1,0,2020-06-20 20:00:00,Marcos Llorente,Cross
776,365684,50,MissedShots,0.875,0.46299999237060546,0.021744100376963615,Álvaro Morata,h,1804,OpenPlay,2019,Head,12314,Atletico Madrid,Real Valladolid,1,0,2020-06-20 20:00:00,Manuel Sánchez,Aerial
777,365688,61,MissedShots,0.879000015258789,0.5209999847412109,0.1069360002875328,Álvaro Morata,h,1804,OpenPlay,2019,RightFoot,12314,Atletico Madrid,Real Valladolid,1,0,2020-06-20 20:00:00,,Rebound
778,367291,7,MissedShots,0.865999984741211,0.5309999847412109,0.047825299203395844,Álvaro Morata,h,1804,SetPiece,2019,Head,12334,Atletico Madrid,Alaves,2,1,2020-06-27 20:00:00,Renan Lodi,Chipped
779,367827,86,BlockedShot,0.9030000305175782,0.715,0.039248500019311905,Álvaro Morata,a,1804,OpenPlay,2019,RightFoot,12344,Barcelona,Atletico Madrid,2,2,2020-06-30 20:00:00,Vitolo,TakeOn
780,368482,28,Goal,0.885,0.5,0.743149995803833,Álvaro Morata,h,1804,Penalty,2019,RightFoot,12354,Atletico Madrid,Mallorca,3,0,2020-07-03 20:00:00,,Standard
781,368487,48,Goal,0.9680000305175781,0.5370000076293945,0.6877099871635437,Álvaro Morata,h,1804,OpenPlay,2019,RightFoot,12354,Atletico Madrid,Mallorca,3,0,2020-07-03 20:00:00,Marcos Llorente,Pass
782,369577,0,Goal,0.97,0.524000015258789,0.6945070028305054,Álvaro Morata,a,1804,OpenPlay,2019,RightFoot,12366,Celta Vigo,Atletico Madrid,1,1,2020-07-07 20:00:00,,None
783,369588,47,MissedShots,0.92,0.4370000076293945,0.0483429990708828,Álvaro Morata,a,1804,SetPiece,2019,Head,12366,Celta Vigo,Atletico Madrid,1,1,2020-07-07 20:00:00,Koke,Aerial
784,370635,46,MissedShots,0.8669999694824219,0.580999984741211,0.024696199223399162,Álvaro Morata,h,1804,OpenPlay,2019,Head,12378,Atletico Madrid,Real Betis,1,0,2020-07-11 20:00:00,Thomas Partey,Cross
785,379812,16,MissedShots,0.8730000305175781,0.4929999923706055,0.047663599252700806,Álvaro Morata,a,1804,SetPiece,2020,Head,14131,Roma,Juventus,2,2,2020-09-27 18:45:00,Dejan Kulusevski,Cross
786,382150,17,MissedShots,0.8880000305175781,0.5629999923706055,0.05316789820790291,Álvaro Morata,a,1804,FromCorner,2020,LeftFoot,15459,Crotone,Juventus,1,1,2020-10-17 18:45:00,Dejan Kulusevski,Cross
787,382152,20,Goal,0.9740000152587891,0.5120000076293946,0.9151750206947327,Álvaro Morata,a,1804,OpenPlay,2020,LeftFoot,15459,Crotone,Juventus,1,1,2020-10-17 18:45:00,Federico Chiesa,Pass
788,382155,34,MissedShots,0.9259999847412109,0.39099998474121095,0.03281860053539276,Álvaro Morata,a,1804,FromCorner,2020,Head,15459,Crotone,Juventus,1,1,2020-10-17 18:45:00,Dejan Kulusevski,Cross
789,382162,62,ShotOnPost,0.874000015258789,0.605999984741211,0.010373299941420555,Álvaro Morata,a,1804,SetPiece,2020,Head,15459,Crotone,Juventus,1,1,2020-10-17 18:45:00,Dejan Kulusevski,Aerial
790,384099,33,MissedShots,0.99,0.34200000762939453,0.029673799872398376,Álvaro Morata,h,1804,OpenPlay,2020,RightFoot,15471,Juventus,Verona,1,1,2020-10-25 19:45:00,Aaron Ramsey,Cross
791,384106,65,BlockedShot,0.8909999847412109,0.4640000152587891,0.07227320224046707,Álvaro Morata,h,1804,SetPiece,2020,Head,15471,Juventus,Verona,1,1,2020-10-25 19:45:00,Paulo Dybala,Cross
792,384110,71,SavedShot,0.865999984741211,0.5670000076293945,0.08596020191907883,Álvaro Morata,h,1804,OpenPlay,2020,RightFoot,15471,Juventus,Verona,1,1,2020-10-25 19:45:00,Paulo Dybala,Pass
793,384117,92,SavedShot,0.9269999694824219,0.53,0.4320409893989563,Álvaro Morata,h,1804,OpenPlay,2020,Head,15471,Juventus,Verona,1,1,2020-10-25 19:45:00,Paulo Dybala,HeadPass
794,385023,5,MissedShots,0.91,0.7030000305175781,0.04989219829440117,Álvaro Morata,a,1804,OpenPlay,2020,LeftFoot,15482,Spezia,Juventus,1,4,2020-11-01 14:00:00,Paulo Dybala,Pass
795,385024,13,Goal,0.960999984741211,0.585,0.47950300574302673,Álvaro Morata,a,1804,OpenPlay,2020,RightFoot,15482,Spezia,Juventus,1,4,2020-11-01 14:00:00,Weston McKennie,Pass
796,387589,25,MissedShots,0.92,0.46700000762939453,0.04104259982705116,Álvaro Morata,h,1804,FromCorner,2020,Head,15499,Juventus,Cagliari,2,0,2020-11-21 19:45:00,Juan Cuadrado,Aerial
797,387606,64,MissedShots,0.8619999694824219,0.5670000076293945,0.42272698879241943,Álvaro Morata,h,1804,OpenPlay,2020,RightFoot,15499,Juventus,Cagliari,2,0,2020-11-21 19:45:00,Federico Bernardeschi,Pass
798,388869,20,Goal,0.8809999847412109,0.6840000152587891,0.04840309917926788,Álvaro Morata,a,1804,OpenPlay,2020,LeftFoot,15507,Benevento,Juventus,1,1,2020-11-28 17:00:00,Federico Chiesa,Chipped
799,388880,50,MissedShots,0.9669999694824218,0.56,0.47850000858306885,Álvaro Morata,a,1804,OpenPlay,2020,Head,15507,Benevento,Juventus,1,1,2020-11-28 17:00:00,Federico Chiesa,Pass
800,388882,59,MissedShots,0.905,0.590999984741211,0.05219639837741852,Álvaro Morata,a,1804,SetPiece,2020,Head,15507,Benevento,Juventus,1,1,2020-11-28 17:00:00,Paulo Dybala,Cross
801,388883,61,MissedShots,0.7390000152587891,0.605999984741211,0.01594099961221218,Álvaro Morata,a,1804,OpenPlay,2020,RightFoot,15507,Benevento,Juventus,1,1,2020-11-28 17:00:00,Aaron Ramsey,Pass
802,392354,87,SavedShot,0.9119999694824219,0.4859999847412109,0.4928840100765228,Álvaro Morata,a,1804,OpenPlay,2020,LeftFoot,15530,Genoa,Juventus,1,3,2020-12-13 17:00:00,,Goal
803,392861,11,MissedShots,0.9159999847412109,0.5,0.48965299129486084,Álvaro Morata,h,1804,OpenPlay,2020,RightFoot,15540,Juventus,Atalanta,1,1,2020-12-16 17:30:00,Cristiano Ronaldo,BallTouch
804,392869,47,SavedShot,0.925,0.645,0.31519898772239685,Álvaro Morata,h,1804,OpenPlay,2020,RightFoot,15540,Juventus,Atalanta,1,1,2020-12-16 17:30:00,Weston McKennie,Pass
805,392874,61,SavedShot,0.8540000152587891,0.48400001525878905,0.2927420139312744,Álvaro Morata,h,1804,OpenPlay,2020,RightFoot,15540,Juventus,Atalanta,1,1,2020-12-16 17:30:00,Weston McKennie,LayOff
806,394200,38,BlockedShot,0.8830000305175781,0.6409999847412109,0.09660139679908752,Álvaro Morata,a,1804,OpenPlay,2020,LeftFoot,15552,Parma Calcio 1913,Juventus,0,4,2020-12-19 19:45:00,Aaron Ramsey,Pass
807,394209,61,MissedShots,0.86,0.425,0.10933700203895569,Álvaro Morata,a,1804,OpenPlay,2020,RightFoot,15552,Parma Calcio 1913,Juventus,0,4,2020-12-19 19:45:00,Cristiano Ronaldo,Pass
808,394217,84,Goal,0.899000015258789,0.4209999847412109,0.05286720022559166,Álvaro Morata,a,1804,OpenPlay,2020,Head,15552,Parma Calcio 1913,Juventus,0,4,2020-12-19 19:45:00,Federico Bernardeschi,Cross
809,399565,64,MissedShots,0.91,0.5070000076293946,0.08235760033130646,Álvaro Morata,a,1804,FromCorner,2020,Head,15600,Inter,Juventus,2,0,2021-01-17 19:45:00,Federico Bernardeschi,Cross
810,400712,69,SavedShot,0.955999984741211,0.335,0.32074499130249023,Álvaro Morata,h,1804,OpenPlay,2020,RightFoot,15609,Juventus,Bologna,2,0,2021-01-24 11:30:00,Juan Cuadrado,Throughball
811,404357,10,BlockedShot,0.8780000305175781,0.42400001525878905,0.10485100001096725,Álvaro Morata,a,1804,OpenPlay,2020,LeftFoot,15640,Napoli,Juventus,1,0,2021-02-13 17:00:00,Juan Cuadrado,Pass
812,404368,45,MissedShots,0.845999984741211,0.44299999237060544,0.01365050021559,Álvaro Morata,a,1804,OpenPlay,2020,Head,15640,Napoli,Juventus,1,0,2021-02-13 17:00:00,Federico Chiesa,Cross
813,404381,85,SavedShot,0.9119999694824219,0.5879999923706055,0.32643699645996094,Álvaro Morata,a,1804,OpenPlay,2020,RightFoot,15640,Napoli,Juventus,1,0,2021-02-13 17:00:00,Federico Chiesa,Cross
814,406304,76,MissedShots,0.9159999847412109,0.6519999694824219,0.04730819910764694,Álvaro Morata,h,1804,FromCorner,2020,RightFoot,15647,Juventus,Crotone,3,0,2021-02-22 19:45:00,Merih Demiral,BallTouch
815,407708,61,Goal,0.9740000152587891,0.555,0.6564459800720215,Álvaro Morata,h,1804,OpenPlay,2020,LeftFoot,15670,Juventus,Spezia,3,0,2021-03-02 19:45:00,Federico Bernardeschi,Pass
816,408725,36,MissedShots,0.9130000305175782,0.5770000076293945,0.16420100629329681,Álvaro Morata,h,1804,SetPiece,2020,Head,15681,Juventus,Lazio,3,1,2021-03-06 19:45:00,Federico Bernardeschi,Cross
817,408730,56,Goal,0.8880000305175781,0.600999984741211,0.36036598682403564,Álvaro Morata,h,1804,OpenPlay,2020,LeftFoot,15681,Juventus,Lazio,3,1,2021-03-06 19:45:00,Federico Chiesa,Pass
818,408731,59,Goal,0.885,0.5,0.7612590193748474,Álvaro Morata,h,1804,Penalty,2020,RightFoot,15681,Juventus,Lazio,3,1,2021-03-06 19:45:00,,Standard
819,410637,21,SavedShot,0.9269999694824219,0.5790000152587891,0.4235230088233948,Álvaro Morata,a,1804,OpenPlay,2020,RightFoot,15689,Cagliari,Juventus,1,3,2021-03-14 17:00:00,Federico Chiesa,Pass
820,411764,32,SavedShot,0.8469999694824218,0.5820000076293945,0.08317799866199493,Álvaro Morata,h,1804,OpenPlay,2020,LeftFoot,15704,Juventus,Benevento,0,1,2021-03-21 14:00:00,,TakeOn
821,411767,36,MissedShots,0.9269999694824219,0.34599998474121096,0.33595898747444153,Álvaro Morata,h,1804,FromCorner,2020,LeftFoot,15704,Juventus,Benevento,0,1,2021-03-21 14:00:00,,None
822,412666,1,SavedShot,0.97,0.6430000305175781,0.28139299154281616,Álvaro Morata,a,1804,OpenPlay,2020,LeftFoot,15709,Torino,Juventus,2,2,2021-04-03 16:00:00,Federico Chiesa,Pass
823,412677,42,SavedShot,0.9119999694824219,0.4909999847412109,0.11545299738645554,Álvaro Morata,a,1804,OpenPlay,2020,Head,15709,Torino,Juventus,2,2,2021-04-03 16:00:00,Juan Cuadrado,Cross
824,412688,75,MissedShots,0.9230000305175782,0.555,0.03788220137357712,Álvaro Morata,a,1804,OpenPlay,2020,Head,15709,Torino,Juventus,2,2,2021-04-03 16:00:00,Alex Sandro,Aerial
825,413493,4,BlockedShot,0.9630000305175781,0.6769999694824219,0.05506810173392296,Álvaro Morata,h,1804,OpenPlay,2020,LeftFoot,15455,Juventus,Napoli,2,1,2021-04-07 18:45:00,,None
826,413496,9,BlockedShot,0.7909999847412109,0.625,0.029207099229097366,Álvaro Morata,h,1804,OpenPlay,2020,RightFoot,15455,Juventus,Napoli,2,1,2021-04-07 18:45:00,Cristiano Ronaldo,Pass
827,414372,18,MissedShots,0.7980000305175782,0.629000015258789,0.02937310002744198,Álvaro Morata,h,1804,FromCorner,2020,RightFoot,15720,Juventus,Genoa,3,1,2021-04-11 13:00:00,Juan Cuadrado,Cross
828,414376,21,Goal,0.9180000305175782,0.54,0.4665670096874237,Álvaro Morata,h,1804,OpenPlay,2020,LeftFoot,15720,Juventus,Genoa,3,1,2021-04-11 13:00:00,,Rebound
829,414384,49,MissedShots,0.89,0.45099998474121095,0.1340869963169098,Álvaro Morata,h,1804,OpenPlay,2020,LeftFoot,15720,Juventus,Genoa,3,1,2021-04-11 13:00:00,Adrien Rabiot,Pass
830,415778,33,MissedShots,0.93,0.6370000076293946,0.3386490046977997,Álvaro Morata,a,1804,OpenPlay,2020,RightFoot,15730,Atalanta,Juventus,1,0,2021-04-18 13:00:00,Federico Chiesa,BallRecovery
831,415787,75,SavedShot,0.924000015258789,0.710999984741211,0.04160260036587715,Álvaro Morata,a,1804,OpenPlay,2020,RightFoot,15730,Atalanta,Juventus,1,0,2021-04-18 13:00:00,Dejan Kulusevski,Chipped
832,417672,45,Goal,0.8969999694824219,0.23299999237060548,0.028680400922894478,Álvaro Morata,a,1804,OpenPlay,2020,LeftFoot,15748,Fiorentina,Juventus,1,1,2021-04-25 13:00:00,Juan Cuadrado,Chipped
833,417674,49,MissedShots,0.9530000305175781,0.6079999923706054,0.05822860077023506,Álvaro Morata,a,1804,OpenPlay,2020,Head,15748,Fiorentina,Juventus,1,1,2021-04-25 13:00:00,Cristiano Ronaldo,Cross
834,420877,59,BlockedShot,0.924000015258789,0.42400001525878905,0.08959709852933884,Álvaro Morata,h,1804,OpenPlay,2020,RightFoot,15771,Juventus,AC Milan,0,3,2021-05-09 18:45:00,Juan Cuadrado,Cross
835,422016,77,SavedShot,0.9830000305175781,0.32,0.06590089946985245,Álvaro Morata,h,1804,OpenPlay,2020,RightFoot,15790,Juventus,Inter,3,2,2021-05-15 16:00:00,,None
836,424334,28,Goal,0.9690000152587891,0.51,0.8346689939498901,Álvaro Morata,a,1804,OpenPlay,2020,Head,15799,Bologna,Juventus,1,4,2021-05-23 18:45:00,Paulo Dybala,Rebound
837,424340,46,Goal,0.885,0.6329999923706054,0.10835400223731995,Álvaro Morata,a,1804,OpenPlay,2020,LeftFoot,15799,Bologna,Juventus,1,4,2021-05-23 18:45:00,Wojciech Szczesny,Chipped
838,424345,52,BlockedShot,0.8909999847412109,0.6140000152587891,0.0916614979505539,Álvaro Morata,a,1804,OpenPlay,2020,RightFoot,15799,Bologna,Juventus,1,4,2021-05-23 18:45:00,,None
839,424348,56,MissedShots,0.9619999694824218,0.5929999923706055,0.3952749967575073,Álvaro Morata,a,1804,OpenPlay,2020,LeftFoot,15799,Bologna,Juventus,1,4,2021-05-23 18:45:00,Juan Cuadrado,Cross
840,424365,87,MissedShots,0.950999984741211,0.6630000305175782,0.06700769811868668,Álvaro Morata,a,1804,OpenPlay,2020,RightFoot,15799,Bologna,Juventus,1,4,2021-05-23 18:45:00,,TakeOn
841,427845,30,MissedShots,0.8619999694824219,0.6509999847412109,0.10330899804830551,Álvaro Morata,a,1804,OpenPlay,2021,RightFoot,16761,Udinese,Juventus,2,2,2021-08-22 16:30:00,,TakeOn
842,427846,47,MissedShots,0.919000015258789,0.710999984741211,0.07362660020589828,Álvaro Morata,a,1804,OpenPlay,2021,RightFoot,16761,Udinese,Juventus,2,2,2021-08-22 16:30:00,Aaron Ramsey,HeadPass
843,427849,53,ShotOnPost,0.9440000152587891,0.4640000152587891,0.5188350081443787,Álvaro Morata,a,1804,OpenPlay,2021,Head,16761,Udinese,Juventus,2,2,2021-08-22 16:30:00,Alex Sandro,Aerial
844,430022,9,Goal,0.9590000152587891,0.6780000305175782,0.2879500091075897,Álvaro Morata,a,1804,OpenPlay,2021,RightFoot,16781,Napoli,Juventus,2,1,2021-09-11 16:00:00,,BallRecovery
845,430031,39,MissedShots,0.909000015258789,0.47400001525878904,0.06038559973239899,Álvaro Morata,a,1804,OpenPlay,2021,Head,16781,Napoli,Juventus,2,1,2021-09-11 16:00:00,Luca Pellegrini,Aerial
846,432226,3,Goal,0.85,0.495,0.38701900839805603,Álvaro Morata,h,1804,OpenPlay,2021,RightFoot,16790,Juventus,AC Milan,1,1,2021-09-19 18:45:00,Paulo Dybala,Pass
847,432228,15,SavedShot,0.92,0.56,0.1252409964799881,Álvaro Morata,h,1804,OpenPlay,2021,RightFoot,16790,Juventus,AC Milan,1,1,2021-09-19 18:45:00,Alex Sandro,Cross
848,432235,45,SavedShot,0.9209999847412109,0.685,0.050897300243377686,Álvaro Morata,h,1804,OpenPlay,2021,LeftFoot,16790,Juventus,AC Milan,1,1,2021-09-19 18:45:00,Alex Sandro,Cross
849,432518,65,BlockedShot,0.8590000152587891,0.5179999923706055,0.08443920314311981,Álvaro Morata,a,1804,OpenPlay,2021,RightFoot,16804,Spezia,Juventus,2,3,2021-09-22 16:30:00,Federico Chiesa,Pass
850,432528,93,MissedShots,0.7319999694824219,0.49900001525878906,0.02669450081884861,Álvaro Morata,a,1804,OpenPlay,2021,RightFoot,16804,Spezia,Juventus,2,3,2021-09-22 16:30:00,Manuel Locatelli,Pass
851,433833,13,SavedShot,0.9030000305175782,0.629000015258789,0.36470699310302734,Álvaro Morata,h,1804,OpenPlay,2021,RightFoot,16809,Juventus,Sampdoria,3,2,2021-09-26 10:30:00,Paulo Dybala,Throughball
852,433834,15,SavedShot,0.9269999694824219,0.6790000152587891,0.08754059672355652,Álvaro Morata,h,1804,OpenPlay,2021,LeftFoot,16809,Juventus,Sampdoria,3,2,2021-09-26 10:30:00,Paulo Dybala,Pass
853,433845,80,MissedShots,0.8540000152587891,0.6580000305175782,0.07718340307474136,Álvaro Morata,h,1804,OpenPlay,2021,LeftFoot,16809,Juventus,Sampdoria,3,2,2021-09-26 10:30:00,Aaron Ramsey,Pass
854,438648,6,SavedShot,0.845,0.6680000305175782,0.04180169850587845,Álvaro Morata,a,1804,SetPiece,2021,RightFoot,16840,Inter,Juventus,1,1,2021-10-24 18:45:00,Leonardo Bonucci,BallTouch
855,438665,63,MissedShots,0.909000015258789,0.345,0.02266019955277443,Álvaro Morata,a,1804,OpenPlay,2021,Head,16840,Inter,Juventus,1,1,2021-10-24 18:45:00,Manuel Locatelli,Chipped
856,439792,7,SavedShot,0.985999984741211,0.4520000076293945,0.687995970249176,Álvaro Morata,a,1804,OpenPlay,2021,RightFoot,16860,Verona,Juventus,2,1,2021-10-30 16:00:00,,None
857,439812,81,MissedShots,0.955999984741211,0.6809999847412109,0.062104299664497375,Álvaro Morata,a,1804,OpenPlay,2021,LeftFoot,16860,Verona,Juventus,2,1,2021-10-30 16:00:00,Paulo Dybala,Pass
858,441210,49,MissedShots,0.8269999694824218,0.6919999694824219,0.03151540085673332,Álvaro Morata,h,1804,OpenPlay,2021,LeftFoot,16868,Juventus,Fiorentina,1,0,2021-11-06 17:00:00,,None
859,442751,40,MissedShots,0.9230000305175782,0.5609999847412109,0.1304679960012436,Álvaro Morata,a,1804,OpenPlay,2021,RightFoot,16882,Lazio,Juventus,0,2,2021-11-20 17:00:00,Juan Cuadrado,Chipped
860,444200,17,MissedShots,0.879000015258789,0.69,0.036470700055360794,Álvaro Morata,h,1804,OpenPlay,2021,RightFoot,16888,Juventus,Atalanta,0,1,2021-11-27 17:00:00,Juan Cuadrado,Chipped
861,444206,35,BlockedShot,0.8830000305175781,0.6880000305175781,0.05113900080323219,Álvaro Morata,h,1804,OpenPlay,2021,LeftFoot,16888,Juventus,Atalanta,0,1,2021-11-27 17:00:00,Paulo Dybala,Pass
862,445165,69,Goal,0.9869999694824219,0.5670000076293945,0.595255970954895,Álvaro Morata,a,1804,OpenPlay,2021,RightFoot,16903,Salernitana,Juventus,0,2,2021-11-30 19:45:00,,None
863,445167,79,MissedShots,0.93,0.6090000152587891,0.062057700008153915,Álvaro Morata,a,1804,OpenPlay,2021,Head,16903,Salernitana,Juventus,0,2,2021-11-30 19:45:00,Juan Cuadrado,Cross
864,447137,36,SavedShot,0.9669999694824218,0.4909999847412109,0.7569059729576111,Álvaro Morata,h,1804,FromCorner,2021,RightFoot,16909,Juventus,Genoa,2,0,2021-12-05 19:45:00,,Rebound
865,447138,44,SavedShot,0.919000015258789,0.47400001525878904,0.5487200021743774,Álvaro Morata,h,1804,OpenPlay,2021,RightFoot,16909,Juventus,Genoa,2,0,2021-12-05 19:45:00,Paulo Dybala,Cross
866,447141,52,SavedShot,0.915,0.6020000076293945,0.11617500334978104,Álvaro Morata,h,1804,OpenPlay,2021,RightFoot,16909,Juventus,Genoa,2,0,2021-12-05 19:45:00,,BallRecovery
867,447837,26,SavedShot,0.9519999694824218,0.685,0.06332220137119293,Álvaro Morata,a,1804,OpenPlay,2021,LeftFoot,16925,Venezia,Juventus,1,1,2021-12-11 17:00:00,Luca Pellegrini,Pass
868,447840,31,Goal,0.9369999694824219,0.5609999847412109,0.38454699516296387,Álvaro Morata,a,1804,OpenPlay,2021,RightFoot,16925,Venezia,Juventus,1,1,2021-12-11 17:00:00,Luca Pellegrini,Cross
869,447841,35,SavedShot,0.8380000305175781,0.5059999847412109,0.09256330132484436,Álvaro Morata,a,1804,OpenPlay,2021,RightFoot,16925,Venezia,Juventus,1,1,2021-12-11 17:00:00,Mattia De Sciglio,Pass
870,449501,5,Goal,0.9290000152587891,0.43099998474121093,0.4463199973106384,Álvaro Morata,a,1804,OpenPlay,2021,RightFoot,16927,Bologna,Juventus,0,2,2021-12-18 17:00:00,Federico Bernardeschi,Throughball
871,449503,15,SavedShot,0.8630000305175781,0.3820000076293945,0.08249589800834656,Álvaro Morata,a,1804,OpenPlay,2021,RightFoot,16927,Bologna,Juventus,0,2,2021-12-18 17:00:00,Weston McKennie,Pass
872,449514,61,BlockedShot,0.9290000152587891,0.654000015258789,0.10328400135040283,Álvaro Morata,a,1804,OpenPlay,2021,RightFoot,16927,Bologna,Juventus,0,2,2021-12-18 17:00:00,Alex Sandro,Pass
873,450055,53,BlockedShot,0.909000015258789,0.5690000152587891,0.08246240019798279,Álvaro Morata,h,1804,SetPiece,2021,Head,16940,Juventus,Cagliari,2,0,2021-12-21 19:45:00,Federico Bernardeschi,Cross
874,450057,56,MissedShots,0.794000015258789,0.6079999923706054,0.04272089898586273,Álvaro Morata,h,1804,OpenPlay,2021,RightFoot,16940,Juventus,Cagliari,2,0,2021-12-21 19:45:00,Alex Sandro,Pass
875,450061,60,SavedShot,0.9590000152587891,0.68,0.07436469942331314,Álvaro Morata,h,1804,OpenPlay,2021,LeftFoot,16940,Juventus,Cagliari,2,0,2021-12-21 19:45:00,Weston McKennie,Pass
876,451854,48,MissedShots,0.8690000152587891,0.3940000152587891,0.06874269992113113,Álvaro Morata,h,1804,OpenPlay,2021,RightFoot,16949,Juventus,Napoli,1,1,2022-01-06 19:45:00,Federico Chiesa,Pass
877,452736,71,BlockedShot,0.909000015258789,0.524000015258789,0.096316397190094,Álvaro Morata,a,1804,OpenPlay,2021,RightFoot,16962,Roma,Juventus,3,4,2022-01-09 17:30:00,Juan Cuadrado,HeadPass
878,455449,50,MissedShots,0.89,0.545,0.06513649970293045,Álvaro Morata,a,1804,OpenPlay,2021,Head,16982,AC Milan,Juventus,0,0,2022-01-23 19:45:00,Mattia De Sciglio,Cross
879,457809,51,MissedShots,0.7759999847412109,0.40900001525878904,0.02828270010650158,Álvaro Morata,a,1804,OpenPlay,2021,RightFoot,16996,Atalanta,Juventus,1,1,2022-02-13 19:45:00,Weston McKennie,Pass
880,457982,22,SavedShot,0.74,0.62,0.024163300171494484,Álvaro Morata,h,1804,OpenPlay,2021,RightFoot,17010,Juventus,Torino,1,1,2022-02-18 19:45:00,Alex Sandro,BallRecovery
881,457995,86,BlockedShot,0.914000015258789,0.6609999847412109,0.03418010100722313,Álvaro Morata,h,1804,OpenPlay,2021,LeftFoot,17010,Juventus,Torino,1,1,2022-02-18 19:45:00,Mattia De Sciglio,Cross
882,461824,6,SavedShot,0.8880000305175781,0.7380000305175781,0.02268330007791519,Álvaro Morata,h,1804,SetPiece,2021,RightFoot,17031,Juventus,Spezia,1,0,2022-03-06 17:00:00,Danilo,Rebound
883,461826,20,Goal,0.875,0.5770000076293945,0.34456199407577515,Álvaro Morata,h,1804,OpenPlay,2021,RightFoot,17031,Juventus,Spezia,1,0,2022-03-06 17:00:00,Manuel Locatelli,Pass
884,461831,52,BlockedShot,0.8109999847412109,0.5020000076293946,0.06434480100870132,Álvaro Morata,h,1804,OpenPlay,2021,RightFoot,17031,Juventus,Spezia,1,0,2022-03-06 17:00:00,,None
885,461835,74,BlockedShot,0.855,0.43,0.09275530278682709,Álvaro Morata,h,1804,OpenPlay,2021,RightFoot,17031,Juventus,Spezia,1,0,2022-03-06 17:00:00,Adrien Rabiot,BlockedPass
886,461840,90,MissedShots,0.9690000152587891,0.6090000152587891,0.30512499809265137,Álvaro Morata,h,1804,OpenPlay,2021,LeftFoot,17031,Juventus,Spezia,1,0,2022-03-06 17:00:00,Juan Cuadrado,Cross
887,462635,33,Goal,0.885,0.5,0.7612990140914917,Álvaro Morata,a,1804,Penalty,2021,RightFoot,17042,Sampdoria,Juventus,1,3,2022-03-12 17:00:00,,Standard
888,462636,44,BlockedShot,0.875,0.7030000305175781,0.06844630092382431,Álvaro Morata,a,1804,OpenPlay,2021,RightFoot,17042,Sampdoria,Juventus,1,3,2022-03-12 17:00:00,Adrien Rabiot,Pass
889,462647,87,Goal,0.9890000152587891,0.5820000076293945,0.08611570298671722,Álvaro Morata,a,1804,OpenPlay,2021,Head,17042,Sampdoria,Juventus,1,3,2022-03-12 17:00:00,Manuel Locatelli,Cross
890,466116,4,MissedShots,0.9169999694824219,0.595999984741211,0.032982200384140015,Álvaro Morata,h,1804,OpenPlay,2021,Head,17059,Juventus,Inter,0,1,2022-04-03 18:45:00,Paulo Dybala,Aerial
891,466122,15,MissedShots,0.965999984741211,0.605,0.16717800498008728,Álvaro Morata,h,1804,OpenPlay,2021,Head,17059,Juventus,Inter,0,1,2022-04-03 18:45:00,Dusan Vlahovic,Cross
892,466125,28,BlockedShot,0.9540000152587891,0.3970000076293945,0.1123649999499321,Álvaro Morata,h,1804,OpenPlay,2021,RightFoot,17059,Juventus,Inter,0,1,2022-04-03 18:45:00,,Rebound
893,466124,28,BlockedShot,0.8809999847412109,0.3820000076293945,0.07768339663743973,Álvaro Morata,h,1804,OpenPlay,2021,RightFoot,17059,Juventus,Inter,0,1,2022-04-03 18:45:00,Juan Cuadrado,Pass
894,468351,94,BlockedShot,0.9719999694824218,0.5670000076293945,0.11942800134420395,Álvaro Morata,h,1804,FromCorner,2021,RightFoot,17079,Juventus,Bologna,1,1,2022-04-16 16:30:00,Danilo,HeadPass
895,470939,7,MissedShots,0.735,0.615,0.04814419895410538,Álvaro Morata,a,1804,DirectFreekick,2021,RightFoot,17093,Sassuolo,Juventus,1,2,2022-04-25 18:45:00,,Standard
896,470956,46,MissedShots,0.935,0.5579999923706055,0.0625540018081665,Álvaro Morata,a,1804,OpenPlay,2021,Head,17093,Sassuolo,Juventus,1,2,2022-04-25 18:45:00,Mattia De Sciglio,Aerial
897,470958,48,SavedShot,0.955,0.4159999847412109,0.08494870364665985,Álvaro Morata,a,1804,FromCorner,2021,Head,17093,Sassuolo,Juventus,1,2,2022-04-25 18:45:00,Mattia De Sciglio,Cross
898,470962,60,MissedShots,0.8230000305175781,0.53,0.05589750036597252,Álvaro Morata,a,1804,OpenPlay,2021,LeftFoot,17093,Sassuolo,Juventus,1,2,2022-04-25 18:45:00,,None
899,472454,30,MissedShots,0.9430000305175781,0.3340000152587891,0.08710730075836182,Álvaro Morata,h,1804,OpenPlay,2021,RightFoot,17099,Juventus,Venezia,2,1,2022-05-01 10:30:00,Leonardo Bonucci,Pass
900,472786,91,BlockedShot,0.9219999694824219,0.5779999923706055,0.10034099966287613,Álvaro Morata,a,1804,OpenPlay,2021,RightFoot,17107,Genoa,Juventus,2,1,2022-05-06 19:00:00,Alex Sandro,Cross
901,476860,35,Goal,0.860999984741211,0.5829999923706055,0.10493399947881699,Álvaro Morata,h,1804,OpenPlay,2021,RightFoot,17120,Juventus,Lazio,2,2,2022-05-16 18:45:00,Juan Cuadrado,Pass
902,481370,14,Goal,0.815,0.47200000762939454,0.04951469972729683,Álvaro Morata,a,1804,OpenPlay,2022,LeftFoot,18970,Getafe,Atletico Madrid,0,3,2022-08-15 17:30:00,João Félix,Pass
903,481379,58,Goal,0.925,0.6459999847412109,0.3076240122318268,Álvaro Morata,a,1804,OpenPlay,2022,LeftFoot,18970,Getafe,Atletico Madrid,0,3,2022-08-15 17:30:00,João Félix,Pass
904,481382,67,MissedShots,0.914000015258789,0.575,0.020585300400853157,Álvaro Morata,a,1804,FromCorner,2022,Head,18970,Getafe,Atletico Madrid,0,3,2022-08-15 17:30:00,Yannick Carrasco,Aerial
905,482736,12,BlockedShot,0.9330000305175781,0.41,0.048806000500917435,Álvaro Morata,h,1804,OpenPlay,2022,Head,18978,Atletico Madrid,Villarreal,0,2,2022-08-21 17:30:00,João Félix,Aerial
906,482740,23,SavedShot,0.8930000305175781,0.5790000152587891,0.06315469741821289,Álvaro Morata,h,1804,OpenPlay,2022,Head,18978,Atletico Madrid,Villarreal,0,2,2022-08-21 17:30:00,Koke,Cross
907,482746,39,SavedShot,0.9059999847412109,0.5729999923706055,0.1758590042591095,Álvaro Morata,h,1804,OpenPlay,2022,Head,18978,Atletico Madrid,Villarreal,0,2,2022-08-21 17:30:00,Thomas Lemar,Cross
908,482747,41,SavedShot,0.9169999694824219,0.5570000076293945,0.08896459639072418,Álvaro Morata,h,1804,OpenPlay,2022,RightFoot,18978,Atletico Madrid,Villarreal,0,2,2022-08-21 17:30:00,Thomas Lemar,Cross
909,484782,0,SavedShot,0.7319999694824219,0.34,0.011400200426578522,Álvaro Morata,a,1804,OpenPlay,2022,RightFoot,18991,Valencia,Atletico Madrid,0,1,2022-08-29 20:00:00,,None
910,484787,21,MissedShots,0.9359999847412109,0.4779999923706055,0.13966000080108643,Álvaro Morata,a,1804,OpenPlay,2022,RightFoot,18991,Valencia,Atletico Madrid,0,1,2022-08-29 20:00:00,Marcos Llorente,Pass
911,484790,33,MissedShots,0.9309999847412109,0.56,0.4064210057258606,Álvaro Morata,a,1804,SetPiece,2022,Head,18991,Valencia,Atletico Madrid,0,1,2022-08-29 20:00:00,Geoffrey Kondogbia,HeadPass
912,484794,49,SavedShot,0.8640000152587891,0.5690000152587891,0.3721500039100647,Álvaro Morata,a,1804,OpenPlay,2022,LeftFoot,18991,Valencia,Atletico Madrid,0,1,2022-08-29 20:00:00,João Félix,Pass
913,484802,71,BlockedShot,0.8630000305175781,0.495,0.11266600340604782,Álvaro Morata,a,1804,OpenPlay,2022,RightFoot,18991,Valencia,Atletico Madrid,0,1,2022-08-29 20:00:00,Marcos Llorente,Pass
914,486155,4,Goal,0.97,0.48700000762939455,0.6781420111656189,Álvaro Morata,a,1804,FromCorner,2022,LeftFoot,18994,Real Sociedad,Atletico Madrid,1,1,2022-09-03 16:30:00,,None
915,486169,61,MissedShots,0.82,0.5479999923706055,0.05908970162272453,Álvaro Morata,a,1804,OpenPlay,2022,RightFoot,18994,Real Sociedad,Atletico Madrid,1,1,2022-09-03 16:30:00,Rodrigo de Paul,Pass
916,487734,24,MissedShots,0.9630000305175781,0.3120000076293945,0.06281039863824844,Álvaro Morata,h,1804,OpenPlay,2022,RightFoot,19002,Atletico Madrid,Celta Vigo,4,1,2022-09-10 19:00:00,Ángel Correa,Pass
917,490345,18,MissedShots,0.865999984741211,0.40700000762939453,0.08857019990682602,Álvaro Morata,a,1804,OpenPlay,2022,RightFoot,19026,Sevilla,Atletico Madrid,0,2,2022-10-01 16:30:00,Koke,Pass
918,490349,31,MissedShots,0.9219999694824219,0.3220000076293945,0.07615800201892853,Álvaro Morata,a,1804,OpenPlay,2022,RightFoot,19026,Sevilla,Atletico Madrid,0,2,2022-10-01 16:30:00,,None
919,490357,56,Goal,0.8590000152587891,0.6229999923706054,0.2936440110206604,Álvaro Morata,a,1804,OpenPlay,2022,RightFoot,19026,Sevilla,Atletico Madrid,0,2,2022-10-01 16:30:00,Matheus Cunha,Pass
920,491668,78,MissedShots,0.9209999847412109,0.45099998474121095,0.041453901678323746,Álvaro Morata,h,1804,FromCorner,2022,Head,19032,Atletico Madrid,Girona,2,1,2022-10-08 14:15:00,Thomas Lemar,Aerial
921,494257,19,Goal,0.9169999694824219,0.40900001525878904,0.31096500158309937,Álvaro Morata,h,1804,OpenPlay,2022,RightFoot,19052,Atletico Madrid,Rayo Vallecano,1,1,2022-10-18 19:00:00,Antoine Griezmann,Cross
922,494266,56,MissedShots,0.965999984741211,0.5609999847412109,0.07496470212936401,Álvaro Morata,h,1804,FromCorner,2022,Head,19052,Atletico Madrid,Rayo Vallecano,1,1,2022-10-18 19:00:00,Antoine Griezmann,Aerial
923,495700,29,BlockedShot,0.874000015258789,0.32,0.057739999145269394,Álvaro Morata,a,1804,OpenPlay,2022,LeftFoot,19066,Real Betis,Atletico Madrid,1,2,2022-10-23 14:15:00,Ángel Correa,Pass
924,496621,4,SavedShot,0.9169999694824219,0.41,0.07473190128803253,Álvaro Morata,a,1804,OpenPlay,2022,RightFoot,19076,Cadiz,Atletico Madrid,3,2,2022-10-29 14:15:00,Rodrigo de Paul,Cross
925,498462,50,SavedShot,0.9259999847412109,0.5,0.09710130095481873,Álvaro Morata,h,1804,OpenPlay,2022,RightFoot,19082,Atletico Madrid,Espanyol,1,1,2022-11-06 13:00:00,Yannick Carrasco,Cross
926,498463,51,BlockedShot,0.7340000152587891,0.675,0.020637400448322296,Álvaro Morata,h,1804,OpenPlay,2022,RightFoot,19082,Atletico Madrid,Espanyol,1,1,2022-11-06 13:00:00,Yannick Carrasco,Pass
927,498471,67,BlockedShot,0.8859999847412109,0.6,0.06804189831018448,Álvaro Morata,h,1804,SetPiece,2022,LeftFoot,19082,Atletico Madrid,Espanyol,1,1,2022-11-06 13:00:00,,None
928,499580,17,BlockedShot,0.769000015258789,0.575999984741211,0.026751600205898285,Álvaro Morata,a,1804,OpenPlay,2022,LeftFoot,19096,Mallorca,Atletico Madrid,1,0,2022-11-09 20:30:00,Antoine Griezmann,Pass
929,499587,56,SavedShot,0.789000015258789,0.42400001525878905,0.0317624993622303,Álvaro Morata,a,1804,OpenPlay,2022,LeftFoot,19096,Mallorca,Atletico Madrid,1,0,2022-11-09 20:30:00,Antoine Griezmann,Pass
930,499594,81,SavedShot,0.9569999694824218,0.46599998474121096,0.46887800097465515,Álvaro Morata,a,1804,FromCorner,2022,Head,19096,Mallorca,Atletico Madrid,1,0,2022-11-09 20:30:00,Antoine Griezmann,Cross
931,499597,85,SavedShot,0.91,0.4779999923706055,0.4730759859085083,Álvaro Morata,a,1804,OpenPlay,2022,RightFoot,19096,Mallorca,Atletico Madrid,1,0,2022-11-09 20:30:00,Antoine Griezmann,Pass
932,501447,26,MissedShots,0.96,0.674000015258789,0.05137360095977783,Álvaro Morata,h,1804,OpenPlay,2022,LeftFoot,19102,Atletico Madrid,Elche,2,0,2022-12-29 20:30:00,Mario Hermoso,Pass
933,501448,27,MissedShots,0.9719999694824218,0.605999984741211,0.11522799730300903,Álvaro Morata,h,1804,OpenPlay,2022,RightFoot,19102,Atletico Madrid,Elche,2,0,2022-12-29 20:30:00,Yannick Carrasco,Pass
934,501452,34,MissedShots,0.825999984741211,0.665,0.032925400882959366,Álvaro Morata,h,1804,OpenPlay,2022,LeftFoot,19102,Atletico Madrid,Elche,2,0,2022-12-29 20:30:00,Pablo Barrios Rivas,Pass
935,501463,73,Goal,0.9440000152587891,0.3559999847412109,0.13398900628089905,Álvaro Morata,h,1804,OpenPlay,2022,LeftFoot,19102,Atletico Madrid,Elche,2,0,2022-12-29 20:30:00,Antoine Griezmann,TakeOn
936,504132,71,MissedShots,0.9380000305175781,0.5690000152587891,0.36580199003219604,Álvaro Morata,a,1804,OpenPlay,2022,Head,19125,Almeria,Atletico Madrid,1,1,2023-01-15 15:15:00,Marcos Llorente,Cross
937,504133,72,SavedShot,0.8719999694824219,0.545,0.4131779968738556,Álvaro Morata,a,1804,OpenPlay,2022,LeftFoot,19125,Almeria,Atletico Madrid,1,1,2023-01-15 15:15:00,Marcos Llorente,Pass
938,504771,2,MissedShots,0.950999984741211,0.4590000152587891,0.6275140047073364,Álvaro Morata,h,1804,OpenPlay,2022,RightFoot,19133,Atletico Madrid,Real Valladolid,3,0,2023-01-21 17:30:00,Ángel Correa,Pass
939,504772,17,Goal,0.9059999847412109,0.575,0.44200998544692993,Álvaro Morata,h,1804,OpenPlay,2022,RightFoot,19133,Atletico Madrid,Real Valladolid,3,0,2023-01-21 17:30:00,Antoine Griezmann,TakeOn
940,504783,64,MissedShots,0.7709999847412109,0.3940000152587891,0.03898090124130249,Álvaro Morata,h,1804,OpenPlay,2022,RightFoot,19133,Atletico Madrid,Real Valladolid,3,0,2023-01-21 17:30:00,Nahuel Molina,Pass
941,508979,9,MissedShots,0.9269999694824219,0.5729999923706055,0.053213901817798615,Álvaro Morata,a,1804,OpenPlay,2022,Head,19167,Celta Vigo,Atletico Madrid,0,1,2023-02-12 15:15:00,Antoine Griezmann,Aerial
942,508989,47,SavedShot,0.8480000305175781,0.4929999923706055,0.0924815982580185,Álvaro Morata,a,1804,OpenPlay,2022,RightFoot,19167,Celta Vigo,Atletico Madrid,0,1,2023-02-12 15:15:00,Marcos Llorente,Pass
943,510426,61,MissedShots,0.835,0.8390000152587891,0.010610600002110004,Álvaro Morata,h,1804,OpenPlay,2022,RightFoot,19179,Atletico Madrid,Athletic Club,1,0,2023-02-19 17:30:00,,None
944,510432,76,MissedShots,0.9109999847412109,0.6719999694824219,0.3443700075149536,Álvaro Morata,h,1804,OpenPlay,2022,LeftFoot,19179,Atletico Madrid,Athletic Club,1,0,2023-02-19 17:30:00,Memphis Depay,Throughball
945,512475,75,Goal,0.980999984741211,0.4879999923706055,0.9651259779930115,Álvaro Morata,h,1804,OpenPlay,2022,RightFoot,19192,Atletico Madrid,Sevilla,6,1,2023-03-04 20:00:00,,Rebound
946,512474,75,SavedShot,0.8880000305175781,0.345,0.3148050010204315,Álvaro Morata,h,1804,OpenPlay,2022,RightFoot,19192,Atletico Madrid,Sevilla,6,1,2023-03-04 20:00:00,Antoine Griezmann,Chipped
947,512480,91,Goal,0.8880000305175781,0.62,0.08715370297431946,Álvaro Morata,h,1804,OpenPlay,2022,LeftFoot,19192,Atletico Madrid,Sevilla,6,1,2023-03-04 20:00:00,,None
948,514514,90,Goal,0.99,0.5329999923706055,0.9268630146980286,Álvaro Morata,a,1804,FromCorner,2022,LeftFoot,19207,Girona,Atletico Madrid,0,1,2023-03-13 20:00:00,,None
949,517302,54,SavedShot,0.8980000305175782,0.525,0.035370200872421265,Álvaro Morata,h,1804,SetPiece,2022,Head,19223,Atletico Madrid,Real Betis,1,0,2023-04-02 19:00:00,Nahuel Molina,Aerial
950,518935,37,MissedShots,0.9369999694824219,0.7090000152587891,0.07217589765787125,Álvaro Morata,a,1804,OpenPlay,2022,LeftFoot,19237,Rayo Vallecano,Atletico Madrid,1,2,2023-04-09 19:00:00,Yannick Carrasco,Pass
951,518940,53,MissedShots,0.9330000305175781,0.46900001525878904,0.14575199782848358,Álvaro Morata,a,1804,OpenPlay,2022,RightFoot,19237,Rayo Vallecano,Atletico Madrid,1,2,2023-04-09 19:00:00,Rodrigo de Paul,Pass
952,518947,68,MissedShots,0.879000015258789,0.5670000076293945,0.32211801409721375,Álvaro Morata,a,1804,OpenPlay,2022,RightFoot,19237,Rayo Vallecano,Atletico Madrid,1,2,2023-04-09 19:00:00,Saúl Ñíguez,Pass
953,521588,69,BlockedShot,0.9019999694824219,0.6969999694824218,0.04261499643325806,Álvaro Morata,a,1804,OpenPlay,2022,LeftFoot,19255,Barcelona,Atletico Madrid,1,0,2023-04-23 14:15:00,Antoine Griezmann,Pass
954,521594,87,MissedShots,0.9459999847412109,0.5970000076293945,0.03360351175069809,Álvaro Morata,a,1804,OpenPlay,2022,Head,19255,Barcelona,Atletico Madrid,1,0,2023-04-23 14:15:00,Sergio Reguilón,Aerial
955,522013,5,MissedShots,0.9169999694824219,0.5729999923706055,0.027498602867126465,Álvaro Morata,h,1804,FromCorner,2022,Head,19263,Atletico Madrid,Mallorca,3,1,2023-04-26 17:30:00,Yannick Carrasco,Aerial
956,522016,16,MissedShots,0.8969999694824219,0.37400001525878906,0.08405724912881851,Álvaro Morata,h,1804,OpenPlay,2022,RightFoot,19263,Atletico Madrid,Mallorca,3,1,2023-04-26 17:30:00,Antoine Griezmann,Pass
957,522022,28,SavedShot,0.8540000152587891,0.5729999923706055,0.060556571930646896,Álvaro Morata,h,1804,OpenPlay,2022,RightFoot,19263,Atletico Madrid,Mallorca,3,1,2023-04-26 17:30:00,,None
958,522029,46,Goal,0.8930000305175781,0.48200000762939454,0.03602782264351845,Álvaro Morata,h,1804,OpenPlay,2022,Head,19263,Atletico Madrid,Mallorca,3,1,2023-04-26 17:30:00,Nahuel Molina,Aerial
959,522033,54,MissedShots,0.9730000305175781,0.34599998474121096,0.015734946355223656,Álvaro Morata,h,1804,FromCorner,2022,Head,19263,Atletico Madrid,Mallorca,3,1,2023-04-26 17:30:00,Yannick Carrasco,Cross
960,522038,74,MissedShots,0.899000015258789,0.555,0.09755218774080276,Álvaro Morata,h,1804,OpenPlay,2022,RightFoot,19263,Atletico Madrid,Mallorca,3,1,2023-04-26 17:30:00,Saúl Ñíguez,Cross
961,523629,28,BlockedShot,0.9209999847412109,0.5670000076293945,0.45433273911476135,Álvaro Morata,a,1804,OpenPlay,2022,RightFoot,19278,Real Valladolid,Atletico Madrid,2,5,2023-04-30 19:00:00,Mario Hermoso,Pass
962,523633,37,Goal,0.955999984741211,0.4620000076293945,0.6367037296295166,Álvaro Morata,a,1804,OpenPlay,2022,RightFoot,19278,Real Valladolid,Atletico Madrid,2,5,2023-04-30 19:00:00,Antoine Griezmann,Pass
963,524151,5,SavedShot,0.9209999847412109,0.47099998474121096,0.45256245136260986,Álvaro Morata,h,1804,OpenPlay,2022,Head,19283,Atletico Madrid,Cadiz,5,1,2023-05-03 20:00:00,Koke,Aerial
964,524158,33,MissedShots,0.9119999694824219,0.34,0.08970897644758224,Álvaro Morata,h,1804,OpenPlay,2022,RightFoot,19283,Atletico Madrid,Cadiz,5,1,2023-05-03 20:00:00,Rodrigo de Paul,Pass
965,524159,38,SavedShot,0.8980000305175782,0.29100000381469726,0.097292959690094,Álvaro Morata,h,1804,OpenPlay,2022,LeftFoot,19283,Atletico Madrid,Cadiz,5,1,2023-05-03 20:00:00,Antoine Griezmann,Pass
966,524161,41,ShotOnPost,0.970999984741211,0.4179999923706055,0.5629114508628845,Álvaro Morata,h,1804,OpenPlay,2022,RightFoot,19283,Atletico Madrid,Cadiz,5,1,2023-05-03 20:00:00,,None
967,524162,42,BlockedShot,0.87,0.6569999694824219,0.0844387412071228,Álvaro Morata,h,1804,OpenPlay,2022,RightFoot,19283,Atletico Madrid,Cadiz,5,1,2023-05-03 20:00:00,Yannick Carrasco,Pass
968,524164,48,Goal,0.9309999847412109,0.4229999923706055,0.5191424489021301,Álvaro Morata,h,1804,OpenPlay,2022,RightFoot,19283,Atletico Madrid,Cadiz,5,1,2023-05-03 20:00:00,Mario Hermoso,Pass
969,526634,6,SavedShot,0.8980000305175782,0.41200000762939454,0.1780492067337036,Álvaro Morata,a,1804,OpenPlay,2022,Head,19298,Elche,Atletico Madrid,1,0,2023-05-14 14:15:00,Rodrigo de Paul,Cross
970,526639,28,BlockedShot,0.799000015258789,0.5879999923706055,0.03543418273329735,Álvaro Morata,a,1804,OpenPlay,2022,RightFoot,19298,Elche,Atletico Madrid,1,0,2023-05-14 14:15:00,Mario Hermoso,Pass
971,526649,69,SavedShot,0.9169999694824219,0.6320000076293946,0.380367249250412,Álvaro Morata,a,1804,OpenPlay,2022,RightFoot,19298,Elche,Atletico Madrid,1,0,2023-05-14 14:15:00,Antoine Griezmann,Throughball
972,526658,91,MissedShots,0.9440000152587891,0.534000015258789,0.3688044250011444,Álvaro Morata,a,1804,OpenPlay,2022,Head,19298,Elche,Atletico Madrid,1,0,2023-05-14 14:15:00,Nahuel Molina,Cross
973,532789,4,SavedShot,0.9640000152587891,0.45,0.6450621485710144,Álvaro Morata,h,1804,OpenPlay,2023,LeftFoot,22694,Atletico Madrid,Granada,3,1,2023-08-14 19:30:00,Antoine Griezmann,Pass
974,532790,13,MissedShots,0.895,0.509000015258789,0.09919338673353195,Álvaro Morata,h,1804,OpenPlay,2023,Head,22694,Atletico Madrid,Granada,3,1,2023-08-14 19:30:00,Yannick Carrasco,Cross
975,532794,48,Goal,0.9080000305175782,0.4620000076293945,0.47205373644828796,Álvaro Morata,h,1804,FromCorner,2023,RightFoot,22694,Atletico Madrid,Granada,3,1,2023-08-14 19:30:00,,None
976,534133,91,MissedShots,0.9419999694824219,0.4370000076293945,0.06931211054325104,Álvaro Morata,a,1804,OpenPlay,2023,Head,22702,Real Betis,Atletico Madrid,0,0,2023-08-20 19:30:00,Samuel Lino,Aerial
977,535765,52,SavedShot,0.97,0.5690000152587891,0.35367321968078613,Álvaro Morata,a,1804,FromCorner,2023,Head,22714,Rayo Vallecano,Atletico Madrid,0,7,2023-08-28 19:30:00,Axel Witsel,Rebound
978,535770,72,Goal,0.8830000305175781,0.6229999923706054,0.45568913221359253,Álvaro Morata,a,1804,OpenPlay,2023,RightFoot,22714,Rayo Vallecano,Atletico Madrid,0,7,2023-08-28 19:30:00,Saúl Ñíguez,Throughball
979,535773,83,Goal,0.9119999694824219,0.64,0.11498966813087463,Álvaro Morata,a,1804,OpenPlay,2023,LeftFoot,22714,Rayo Vallecano,Atletico Madrid,0,7,2023-08-28 19:30:00,Ángel Correa,Pass
980,537738,23,MissedShots,0.8830000305175781,0.4570000076293945,0.06202084571123123,Álvaro Morata,a,1804,OpenPlay,2023,Head,22731,Valencia,Atletico Madrid,3,0,2023-09-16 14:15:00,Marcos Llorente,Cross
981,537745,50,SavedShot,0.9369999694824219,0.4520000076293945,0.1433190256357193,Álvaro Morata,a,1804,OpenPlay,2023,Head,22731,Valencia,Atletico Madrid,3,0,2023-09-16 14:15:00,Nahuel Molina,Cross
982,540083,3,Goal,0.92,0.49200000762939455,0.3746933937072754,Álvaro Morata,h,1804,OpenPlay,2023,Head,22736,Atletico Madrid,Real Madrid,3,1,2023-09-24 19:00:00,Samuel Lino,Cross
983,540098,45,Goal,0.9519999694824218,0.4759999847412109,0.5945449471473694,Álvaro Morata,h,1804,OpenPlay,2023,Head,22736,Atletico Madrid,Real Madrid,3,1,2023-09-24 19:00:00,Saúl Ñíguez,Cross
984,540620,5,MissedShots,0.870999984741211,0.34700000762939454,0.021314876154065132,Álvaro Morata,a,1804,SetPiece,2023,RightFoot,22748,Osasuna,Atletico Madrid,0,2,2023-09-28 19:30:00,,Aerial
985,543270,59,SavedShot,0.7319999694824219,0.4570000076293945,0.025836801156401634,Álvaro Morata,h,1804,OpenPlay,2023,LeftFoot,22765,Atletico Madrid,Real Sociedad,2,1,2023-10-08 14:15:00,,BallRecovery
986,543279,84,MissedShots,0.9309999847412109,0.4279999923706055,0.04206123948097229,Álvaro Morata,h,1804,OpenPlay,2023,Head,22765,Atletico Madrid,Real Sociedad,2,1,2023-10-08 14:15:00,,Rebound
987,543283,95,BlockedShot,0.8730000305175781,0.5159999847412109,0.12252449989318848,Álvaro Morata,h,1804,OpenPlay,2023,RightFoot,22765,Atletico Madrid,Real Sociedad,2,1,2023-10-08 14:15:00,Antoine Griezmann,Pass
988,544371,36,BlockedShot,0.7980000305175782,0.35,0.052703630179166794,Álvaro Morata,a,1804,OpenPlay,2023,LeftFoot,22778,Celta Vigo,Atletico Madrid,0,3,2023-10-21 19:00:00,Antoine Griezmann,Pass
989,544383,73,BlockedShot,0.899000015258789,0.46900001525878904,0.09086702764034271,Álvaro Morata,a,1804,FromCorner,2023,RightFoot,22778,Celta Vigo,Atletico Madrid,0,3,2023-10-21 19:00:00,Ángel Correa,Pass
990,546390,19,MissedShots,0.9619999694824218,0.4809999847412109,0.6172592043876648,Álvaro Morata,h,1804,OpenPlay,2023,Head,22794,Atletico Madrid,Alaves,2,1,2023-10-29 20:00:00,Rodrigo Riquelme,Cross
991,546391,22,SavedShot,0.93,0.544000015258789,0.06978749483823776,Álvaro Morata,h,1804,SetPiece,2023,Head,22794,Atletico Madrid,Alaves,2,1,2023-10-29 20:00:00,Saúl Ñíguez,Aerial
992,546394,45,Goal,0.9080000305175782,0.3579999923706055,0.10917048901319504,Álvaro Morata,h,1804,OpenPlay,2023,LeftFoot,22794,Atletico Madrid,Alaves,2,1,2023-10-29 20:00:00,Koke,TakeOn
993,546547,18,BlockedShot,0.8109999847412109,0.6930000305175781,0.025631122291088104,Álvaro Morata,a,1804,OpenPlay,2023,LeftFoot,22799,Las Palmas,Atletico Madrid,2,1,2023-11-03 19:00:00,Rodrigo de Paul,Pass
994,546562,82,Goal,0.9230000305175782,0.4640000152587891,0.29514309763908386,Álvaro Morata,a,1804,OpenPlay,2023,RightFoot,22799,Las Palmas,Atletico Madrid,2,1,2023-11-03 19:00:00,Rodrigo Riquelme,Cross
995,546565,90,ShotOnPost,0.985999984741211,0.6780000305175782,0.2811606228351593,Álvaro Morata,a,1804,OpenPlay,2023,LeftFoot,22799,Las Palmas,Atletico Madrid,2,1,2023-11-03 19:00:00,,Rebound
996,549232,11,MissedShots,0.899000015258789,0.43900001525878907,0.08453961461782455,Álvaro Morata,h,1804,OpenPlay,2023,Head,22807,Atletico Madrid,Villarreal,3,1,2023-11-12 20:00:00,Rodrigo de Paul,Cross
997,549241,36,BlockedShot,0.9540000152587891,0.605,0.03625791147351265,Álvaro Morata,h,1804,OpenPlay,2023,Head,22807,Atletico Madrid,Villarreal,3,1,2023-11-12 20:00:00,Rodrigo Riquelme,Aerial
998,549243,38,SavedShot,0.8830000305175781,0.539000015258789,0.022115129977464676,Álvaro Morata,h,1804,OpenPlay,2023,Head,22807,Atletico Madrid,Villarreal,3,1,2023-11-12 20:00:00,Mario Hermoso,Aerial
999,549247,47,MissedShots,0.9080000305175782,0.5609999847412109,0.09012617915868759,Álvaro Morata,h,1804,OpenPlay,2023,RightFoot,22807,Atletico Madrid,Villarreal,3,1,2023-11-12 20:00:00,,None
1000,549250,50,MissedShots,0.9459999847412109,0.5070000076293946,0.5694886445999146,Álvaro Morata,h,1804,OpenPlay,2023,Head,22807,Atletico Madrid,Villarreal,3,1,2023-11-12 20:00:00,Marcos Llorente,Cross
1001,549253,53,MissedShots,0.9290000152587891,0.519000015258789,0.4418860077857971,Álvaro Morata,h,1804,OpenPlay,2023,Head,22807,Atletico Madrid,Villarreal,3,1,2023-11-12 20:00:00,Marcos Llorente,Cross
1002,550066,2,MissedShots,0.8980000305175782,0.47900001525878905,0.433661550283432,Álvaro Morata,h,1804,OpenPlay,2023,LeftFoot,22815,Atletico Madrid,Mallorca,1,0,2023-11-25 20:00:00,Pablo Barrios Rivas,Throughball
1003,550076,45,BlockedShot,0.7530000305175781,0.4909999847412109,0.021706299856305122,Álvaro Morata,h,1804,OpenPlay,2023,RightFoot,22815,Atletico Madrid,Mallorca,1,0,2023-11-25 20:00:00,Samuel Lino,Pass
1004,550077,47,SavedShot,0.8969999694824219,0.5120000076293946,0.2786432206630707,Álvaro Morata,h,1804,OpenPlay,2023,Head,22815,Atletico Madrid,Mallorca,1,0,2023-11-25 20:00:00,César Azpilicueta,Chipped
1005,550079,53,MissedShots,0.91,0.5790000152587891,0.43995970487594604,Álvaro Morata,h,1804,OpenPlay,2023,RightFoot,22815,Atletico Madrid,Mallorca,1,0,2023-11-25 20:00:00,Samuel Lino,Pass
1006,550080,56,MissedShots,0.765,0.745,0.015324166975915432,Álvaro Morata,h,1804,OpenPlay,2023,RightFoot,22815,Atletico Madrid,Mallorca,1,0,2023-11-25 20:00:00,Samuel Lino,Pass
1007,552085,60,SavedShot,0.924000015258789,0.485,0.42944851517677307,Álvaro Morata,a,1804,OpenPlay,2023,LeftFoot,22830,Barcelona,Atletico Madrid,1,0,2023-12-03 20:00:00,Marcos Llorente,Cross
1008,553334,16,Goal,0.9640000152587891,0.6580000305175782,0.5077998638153076,Álvaro Morata,h,1804,OpenPlay,2023,LeftFoot,22841,Atletico Madrid,Almeria,2,1,2023-12-10 13:00:00,Antoine Griezmann,TakeOn
1009,553345,49,MissedShots,0.850999984741211,0.835,0.030921705067157745,Álvaro Morata,h,1804,OpenPlay,2023,RightFoot,22841,Atletico Madrid,Almeria,2,1,2023-12-10 13:00:00,Antoine Griezmann,Pass
1010,555354,62,Goal,0.9530000305175781,0.48200000762939454,0.5597538352012634,Álvaro Morata,h,1804,OpenPlay,2023,Head,22856,Atletico Madrid,Getafe,3,3,2023-12-19 20:30:00,Marcos Llorente,Aerial
1011,556301,2,SavedShot,0.875999984741211,0.5670000076293945,0.3687232732772827,Álvaro Morata,h,1804,OpenPlay,2023,LeftFoot,22716,Atletico Madrid,Sevilla,1,0,2023-12-23 14:15:00,Rodrigo de Paul,Throughball
1012,557429,13,Goal,0.8930000305175781,0.35,0.06246117129921913,Álvaro Morata,a,1804,OpenPlay,2023,RightFoot,22869,Girona,Atletico Madrid,4,3,2024-01-03 20:30:00,Antoine Griezmann,HeadPass
1013,557435,43,Goal,0.935,0.42700000762939455,0.38573533296585083,Álvaro Morata,a,1804,OpenPlay,2023,RightFoot,22869,Girona,Atletico Madrid,4,3,2024-01-03 20:30:00,Rodrigo de Paul,TakeOn
1014,557439,45,SavedShot,0.945,0.415,0.08530659973621368,Álvaro Morata,a,1804,OpenPlay,2023,Head,22869,Girona,Atletico Madrid,4,3,2024-01-03 20:30:00,Rodrigo Riquelme,Cross
1015,557438,48,MissedShots,0.9419999694824219,0.47700000762939454,0.5408480167388916,Álvaro Morata,a,1804,OpenPlay,2023,LeftFoot,22869,Girona,Atletico Madrid,4,3,2024-01-03 20:30:00,Rodrigo de Paul,None
1016,557443,50,MissedShots,0.9369999694824219,0.4909999847412109,0.396928608417511,Álvaro Morata,a,1804,OpenPlay,2023,Head,22869,Girona,Atletico Madrid,4,3,2024-01-03 20:30:00,Rodrigo Riquelme,Cross
1017,557444,53,Goal,0.9230000305175782,0.3559999847412109,0.2724037766456604,Álvaro Morata,a,1804,OpenPlay,2023,RightFoot,22869,Girona,Atletico Madrid,4,3,2024-01-03 20:30:00,Rodrigo de Paul,Pass
1018,559489,34,MissedShots,0.960999984741211,0.34400001525878904,0.01577753946185112,Álvaro Morata,a,1804,OpenPlay,2023,Head,22890,Granada,Atletico Madrid,0,1,2024-01-22 20:00:00,Saúl Ñíguez,Cross
1019,559492,47,SavedShot,0.9069999694824219,0.5690000152587891,0.38208070397377014,Álvaro Morata,a,1804,OpenPlay,2023,Head,22890,Granada,Atletico Madrid,0,1,2024-01-22 20:00:00,,None
1020,559496,53,Goal,0.9119999694824219,0.5120000076293946,0.32540303468704224,Álvaro Morata,a,1804,OpenPlay,2023,Head,22890,Granada,Atletico Madrid,0,1,2024-01-22 20:00:00,Antoine Griezmann,Cross
1021,562000,7,SavedShot,0.8930000305175781,0.35200000762939454,0.11113739758729935,Álvaro Morata,a,1804,OpenPlay,2023,RightFoot,22912,Real Madrid,Atletico Madrid,1,1,2024-02-04 20:00:00,Antoine Griezmann,Throughball
1022,563217,1,MissedShots,0.84,0.675,0.03609117120504379,Álvaro Morata,a,1804,OpenPlay,2023,LeftFoot,22920,Sevilla,Atletico Madrid,1,0,2024-02-11 17:30:00,Antoine Griezmann,Pass
1023,563229,40,SavedShot,0.86,0.5690000152587891,0.379842072725296,Álvaro Morata,a,1804,OpenPlay,2023,RightFoot,22920,Sevilla,Atletico Madrid,1,0,2024-02-11 17:30:00,,None
1024,565499,79,SavedShot,0.92,0.620999984741211,0.07764872908592224,Álvaro Morata,a,1804,OpenPlay,2023,LeftFoot,22935,Almeria,Atletico Madrid,2,2,2024-02-24 20:00:00,Rodrigo de Paul,Chipped
1025,565502,93,MissedShots,0.915,0.595999984741211,0.4055035710334778,Álvaro Morata,a,1804,OpenPlay,2023,RightFoot,22935,Almeria,Atletico Madrid,2,2,2024-02-24 20:00:00,,BlockedPass
1026,567239,27,SavedShot,0.885,0.5,0.7432776093482971,Álvaro Morata,h,1804,Penalty,2023,RightFoot,22946,Atletico Madrid,Real Betis,2,1,2024-03-03 15:15:00,,Standard
1027,567241,27,SavedShot,0.9769999694824218,0.590999984741211,0.4332389235496521,Álvaro Morata,h,1804,SetPiece,2023,RightFoot,22946,Atletico Madrid,Real Betis,2,1,2024-03-03 15:15:00,,Rebound
1028,567240,27,SavedShot,0.9580000305175781,0.5579999923706055,0.6059105396270752,Álvaro Morata,h,1804,SetPiece,2023,LeftFoot,22946,Atletico Madrid,Real Betis,2,1,2024-03-03 15:15:00,,Rebound
1029,567246,43,Goal,0.96,0.495,0.5271259546279907,Álvaro Morata,h,1804,FromCorner,2023,Head,22946,Atletico Madrid,Real Betis,2,1,2024-03-03 15:15:00,,Rebound
1030,568136,71,MissedShots,0.9630000305175781,0.5670000076293945,0.4711647927761078,Álvaro Morata,a,1804,OpenPlay,2023,LeftFoot,22962,Cadiz,Atletico Madrid,2,0,2024-03-09 15:15:00,,Rebound
1031,570183,43,MissedShots,0.8590000152587891,0.48,0.06547171622514725,Álvaro Morata,h,1804,OpenPlay,2023,RightFoot,22965,Atletico Madrid,Barcelona,0,3,2024-03-17 20:00:00,Marcos Llorente,BallTouch
1032,571739,72,SavedShot,0.9409999847412109,0.665,0.10428258776664734,Álvaro Morata,a,1804,OpenPlay,2023,RightFoot,22982,Villarreal,Atletico Madrid,1,2,2024-04-01 19:00:00,Samuel Lino,Throughball
1033,571741,76,SavedShot,0.8859999847412109,0.4829999923706055,0.08031904697418213,Álvaro Morata,a,1804,OpenPlay,2023,RightFoot,22982,Villarreal,Atletico Madrid,1,2,2024-04-01 19:00:00,César Azpilicueta,Cross
1034,573457,75,ShotOnPost,0.970999984741211,0.615,0.10859513282775879,Álvaro Morata,h,1804,OpenPlay,2023,RightFoot,22986,Atletico Madrid,Girona,3,1,2024-04-13 12:00:00,,Rebound
1035,573456,75,BlockedShot,0.9030000305175782,0.62,0.10661441087722778,Álvaro Morata,h,1804,OpenPlay,2023,LeftFoot,22986,Atletico Madrid,Girona,3,1,2024-04-13 12:00:00,Koke,Pass
1036,580409,45,MissedShots,0.8819999694824219,0.47200000762939454,0.032424651086330414,Álvaro Morata,h,1804,OpenPlay,2023,Head,23026,Atletico Madrid,Celta Vigo,1,0,2024-05-12 14:15:00,César Azpilicueta,Aerial
1037,580415,72,MissedShots,0.9059999847412109,0.445,0.33907607197761536,Álvaro Morata,h,1804,OpenPlay,2023,Head,23026,Atletico Madrid,Celta Vigo,1,0,2024-05-12 14:15:00,Rodrigo Riquelme,Aerial
1038,582478,54,Goal,0.9380000305175781,0.4779999923706055,0.575758695602417,Álvaro Morata,h,1804,OpenPlay,2023,RightFoot,23046,Atletico Madrid,Osasuna,1,4,2024-05-19 17:00:00,Samuel Lino,Pass
1039,583245,79,MissedShots,0.875999984741211,0.59,0.5423370599746704,Álvaro Morata,a,1804,OpenPlay,2023,LeftFoot,23061,Real Sociedad,Atletico Madrid,0,2,2024-05-25 14:15:00,Koke,Throughball
1040,585075,88,Goal,0.905,0.43400001525878906,0.10009291023015976,Álvaro Morata,h,1804,OpenPlay,2024,RightFoot,27365,AC Milan,Torino,2,2,2024-08-17 18:45:00,,Rebound
1041,593265,5,SavedShot,0.884000015258789,0.4209999847412109,0.08211331069469452,Álvaro Morata,a,1804,OpenPlay,2024,LeftFoot,27406,Inter,AC Milan,1,2,2024-09-22 18:45:00,,None
1042,593281,67,MissedShots,0.7869999694824219,0.4,0.0398365743458271,Álvaro Morata,a,1804,OpenPlay,2024,RightFoot,27406,Inter,AC Milan,1,2,2024-09-22 18:45:00,,Rebound
1043,593686,37,Goal,0.9480000305175781,0.5520000076293945,0.13834203779697418,Álvaro Morata,h,1804,SetPiece,2024,Head,27417,AC Milan,Lecce,3,0,2024-09-27 18:45:00,Theo Hernández,Cross
1044,596469,14,MissedShots,0.914000015258789,0.4329999923706055,0.04534527659416199,Álvaro Morata,a,1804,OpenPlay,2024,Head,27426,Fiorentina,AC Milan,2,1,2024-10-06 18:45:00,Emerson,Aerial
1045,597224,17,SavedShot,0.875,0.49700000762939456,0.1084553673863411,Álvaro Morata,h,1804,OpenPlay,2024,Head,27440,AC Milan,Udinese,1,0,2024-10-19 16:00:00,Noah Okafor,Cross
1046,599527,65,MissedShots,0.9159999847412109,0.4640000152587891,0.061708226799964905,Álvaro Morata,h,1804,OpenPlay,2024,Head,27459,AC Milan,Napoli,0,2,2024-10-29 19:45:00,Yunus Musah,Aerial
1047,600426,26,MissedShots,0.8969999694824219,0.56,0.06716617941856384,Álvaro Morata,a,1804,OpenPlay,2024,Head,27465,Monza,AC Milan,0,1,2024-11-02 19:45:00,Samuel Chukwueze,Cross
1048,600429,42,BlockedShot,0.9059999847412109,0.5359999847412109,0.33275631070137024,Álvaro Morata,a,1804,OpenPlay,2024,Head,27465,Monza,AC Milan,0,1,2024-11-02 19:45:00,Christian Pulisic,Cross
1049,600435,59,SavedShot,0.9130000305175782,0.5629999923706055,0.11649218946695328,Álvaro Morata,a,1804,FromCorner,2024,RightFoot,27465,Monza,AC Milan,0,1,2024-11-02 19:45:00,Tijjani Reijnders,Rebound
1050,600443,83,MissedShots,0.9119999694824219,0.5109999847412109,0.29159772396087646,Álvaro Morata,a,1804,SetPiece,2024,Head,27465,Monza,AC Milan,0,1,2024-11-02 19:45:00,Theo Hernández,Cross
1051,603131,37,MissedShots,0.9480000305175781,0.42700000762939455,0.12565213441848755,Álvaro Morata,h,1804,SetPiece,2024,Head,27490,AC Milan,Juventus,0,0,2024-11-23 17:00:00,Rafael Leão,Cross
1052,604308,13,MissedShots,0.9119999694824219,0.6379999923706055,0.12420008331537247,Álvaro Morata,h,1804,OpenPlay,2024,LeftFoot,27498,AC Milan,Empoli,3,0,2024-11-30 17:00:00,Theo Hernández,Throughball
1053,604311,18,Goal,0.9030000305175782,0.5559999847412109,0.11636964231729507,Álvaro Morata,h,1804,OpenPlay,2024,RightFoot,27498,AC Milan,Empoli,3,0,2024-11-30 17:00:00,,Rebound
1054,604313,27,BlockedShot,0.8669999694824219,0.3220000076293945,0.06329365074634552,Álvaro Morata,h,1804,OpenPlay,2024,LeftFoot,27498,AC Milan,Empoli,3,0,2024-11-30 17:00:00,,None
1055,604317,37,BlockedShot,0.8490000152587891,0.695,0.053733326494693756,Álvaro Morata,h,1804,OpenPlay,2024,RightFoot,27498,AC Milan,Empoli,3,0,2024-11-30 17:00:00,Christian Pulisic,Pass
1056,605508,21,Goal,0.9459999847412109,0.4640000152587891,0.5585416555404663,Álvaro Morata,a,1804,OpenPlay,2024,RightFoot,27502,Atalanta,AC Milan,2,1,2024-12-06 19:45:00,Rafael Leão,Pass
1057,607878,75,MissedShots,0.865999984741211,0.3659999847412109,0.1485615372657776,Álvaro Morata,h,1804,OpenPlay,2024,LeftFoot,27520,AC Milan,Genoa,0,0,2024-12-15 19:45:00,Tijjani Reijnders,TakeOn
1058,607879,78,ShotOnPost,0.8980000305175782,0.40400001525878904,0.3720574676990509,Álvaro Morata,h,1804,OpenPlay,2024,RightFoot,27520,AC Milan,Genoa,0,0,2024-12-15 19:45:00,Tijjani Reijnders,Pass
1059,607881,86,BlockedShot,0.8440000152587891,0.5640000152587891,0.07313691079616547,Álvaro Morata,h,1804,OpenPlay,2024,LeftFoot,27520,AC Milan,Genoa,0,0,2024-12-15 19:45:00,Rafael Leão,Pass
1060,609615,17,MissedShots,0.9640000152587891,0.5409999847412109,0.8474681377410889,Álvaro Morata,h,1804,OpenPlay,2024,RightFoot,27538,AC Milan,Roma,1,1,2024-12-29 19:45:00,Alejandro Jiménez,Pass
1061,609619,32,MissedShots,0.9669999694824218,0.5729999923706055,0.05592045187950134,Álvaro Morata,h,1804,FromCorner,2024,Head,27538,AC Milan,Roma,1,1,2024-12-29 19:45:00,Tijjani Reijnders,Aerial
1062,228928,90,BlockedShot,0.7440000152587891,0.5790000152587891,0.02057819999754429,Rafael Leão,h,7193,OpenPlay,2018,LeftFoot,10715,Lille,Marseille,3,0,2018-09-30 19:00:00,Fode Toure,Pass
1063,261056,23,SavedShot,0.87,0.485,0.11232999712228775,Rafael Leão,h,7193,OpenPlay,2018,LeftFoot,10747,Lille,Caen,1,0,2018-10-27 18:00:00,Nicolas Pepe,Pass
1064,261058,55,Goal,0.87,0.37599998474121094,0.1185310035943985,Rafael Leão,h,7193,OpenPlay,2018,RightFoot,10747,Lille,Caen,1,0,2018-10-27 18:00:00,Nicolas Pepe,Throughball
1065,261216,42,MissedShots,0.8830000305175781,0.7190000152587891,0.0392921008169651,Rafael Leão,a,7193,OpenPlay,2018,LeftFoot,10759,Paris Saint Germain,Lille,2,1,2018-11-02 19:45:00,Jonathan Ikone,Pass
1066,262127,92,BlockedShot,0.9390000152587891,0.66,0.07345029711723328,Rafael Leão,h,7193,OpenPlay,2018,RightFoot,10771,Lille,Strasbourg,0,0,2018-11-09 19:45:00,,BallTouch
1067,262545,27,MissedShots,0.7719999694824219,0.37099998474121093,0.023302899673581123,Rafael Leão,h,7193,OpenPlay,2018,RightFoot,10805,Lille,Reims,1,1,2018-12-09 16:00:00,Nicolas Pepe,Pass
1068,262550,46,SavedShot,0.81,0.7609999847412109,0.022346200421452522,Rafael Leão,h,7193,OpenPlay,2018,RightFoot,10805,Lille,Reims,1,1,2018-12-09 16:00:00,Luiz Araujo,Pass
1069,262640,3,Goal,0.9369999694824219,0.544000015258789,0.41266000270843506,Rafael Leão,a,7193,SetPiece,2018,Head,10821,Nimes,Lille,2,3,2018-12-16 14:00:00,,Rebound
1070,262858,2,SavedShot,0.7519999694824219,0.6170000076293946,0.022843800485134125,Rafael Leão,h,7193,OpenPlay,2018,LeftFoot,10825,Lille,Toulouse,1,2,2018-12-22 19:00:00,Jonathan Ikone,Pass
1071,262862,16,Goal,0.879000015258789,0.33,0.11653099954128265,Rafael Leão,h,7193,OpenPlay,2018,RightFoot,10825,Lille,Toulouse,1,2,2018-12-22 19:00:00,Thiago Maia,Throughball
1072,282082,19,Goal,0.9519999694824218,0.3729999923706055,0.6478980183601379,Rafael Leão,a,7193,OpenPlay,2018,RightFoot,10840,Caen,Lille,1,3,2019-01-11 18:00:00,Nicolas Pepe,TakeOn
1073,282087,46,MissedShots,0.9169999694824219,0.5879999923706055,0.3748460114002228,Rafael Leão,a,7193,OpenPlay,2018,RightFoot,10840,Caen,Lille,1,3,2019-01-11 18:00:00,Nicolas Pepe,Chipped
1074,282088,54,SavedShot,0.7980000305175782,0.41200000762939454,0.05576840043067932,Rafael Leão,a,7193,OpenPlay,2018,RightFoot,10840,Caen,Lille,1,3,2019-01-11 18:00:00,,BallTouch
1075,282447,25,MissedShots,0.8930000305175781,0.35200000762939454,0.05904030054807663,Rafael Leão,h,7193,OpenPlay,2018,RightFoot,10851,Lille,Amiens,2,1,2019-01-18 19:45:00,José Fonte,Chipped
1076,282451,46,Goal,0.9269999694824219,0.4779999923706055,0.5449519753456116,Rafael Leão,h,7193,SetPiece,2018,LeftFoot,10851,Lille,Amiens,2,1,2019-01-18 19:45:00,,None
1077,282453,55,BlockedShot,0.865999984741211,0.46,0.07940620183944702,Rafael Leão,h,7193,OpenPlay,2018,RightFoot,10851,Lille,Amiens,2,1,2019-01-18 19:45:00,,None
1078,282458,74,SavedShot,0.9519999694824218,0.565,0.1387619972229004,Rafael Leão,h,7193,OpenPlay,2018,Head,10851,Lille,Amiens,2,1,2019-01-18 19:45:00,Jérémy Pied,Cross
1079,282731,82,MissedShots,0.9219999694824219,0.6880000305175781,0.26609599590301514,Rafael Leão,a,7193,OpenPlay,2018,LeftFoot,10855,Marseille,Lille,1,2,2019-01-25 19:45:00,Jonathan Ikone,Pass
1080,282963,6,Goal,0.9290000152587891,0.47200000762939454,0.549813985824585,Rafael Leão,h,7193,OpenPlay,2018,RightFoot,10864,Lille,Nice,4,0,2019-02-01 19:45:00,,None
1081,282966,32,SavedShot,0.9030000305175782,0.5029999923706054,0.12080200016498566,Rafael Leão,h,7193,OpenPlay,2018,RightFoot,10864,Lille,Nice,4,0,2019-02-01 19:45:00,José Fonte,Cross
1082,283270,29,ShotOnPost,0.9390000152587891,0.3120000076293945,0.07053279876708984,Rafael Leão,a,7193,OpenPlay,2018,RightFoot,10875,Guingamp,Lille,0,2,2019-02-10 16:00:00,Jonathan Ikone,TakeOn
1083,283273,44,SavedShot,0.8159999847412109,0.3160000038146973,0.03314710035920143,Rafael Leão,a,7193,OpenPlay,2018,RightFoot,10875,Guingamp,Lille,0,2,2019-02-10 16:00:00,Thiago Mendes,Chipped
1084,283274,46,Goal,0.8880000305175781,0.5279999923706055,0.1257140040397644,Rafael Leão,a,7193,OpenPlay,2018,RightFoot,10875,Guingamp,Lille,0,2,2019-02-10 16:00:00,Jonathan Ikone,Pass
1085,283548,16,SavedShot,0.8959999847412109,0.5940000152587891,0.0345534011721611,Rafael Leão,h,7193,OpenPlay,2018,Head,10886,Lille,Montpellier,0,0,2019-02-17 14:00:00,Jérémy Pied,Cross
1086,283550,19,BlockedShot,0.7709999847412109,0.42400001525878905,0.028330199420452118,Rafael Leão,h,7193,OpenPlay,2018,RightFoot,10886,Lille,Montpellier,0,0,2019-02-17 14:00:00,Nicolas Pepe,Pass
1087,283693,20,SavedShot,0.9180000305175782,0.35200000762939454,0.1134129986166954,Rafael Leão,a,7193,OpenPlay,2018,RightFoot,10900,Strasbourg,Lille,1,1,2019-02-22 19:45:00,Nicolas Pepe,Throughball
1088,284012,62,BlockedShot,0.9269999694824219,0.3529999923706055,0.10573700070381165,Rafael Leão,h,7193,OpenPlay,2018,RightFoot,10908,Lille,Dijon,1,0,2019-03-03 14:00:00,,None
1089,284997,10,SavedShot,0.8680000305175781,0.5209999847412109,0.04860730096697807,Rafael Leão,a,7193,FromCorner,2018,RightFoot,10916,Saint-Etienne,Lille,0,1,2019-03-10 14:00:00,Jonathan Bamba,Cross
1090,285000,33,BlockedShot,0.9059999847412109,0.4370000076293945,0.13056200742721558,Rafael Leão,a,7193,OpenPlay,2018,RightFoot,10916,Saint-Etienne,Lille,0,1,2019-03-10 14:00:00,Jonathan Ikone,Pass
1091,285005,36,BlockedShot,0.889000015258789,0.445,0.09847089648246765,Rafael Leão,a,7193,FromCorner,2018,RightFoot,10916,Saint-Etienne,Lille,0,1,2019-03-10 14:00:00,,Rebound
1092,285011,62,BlockedShot,0.8690000152587891,0.515,0.013326800428330898,Rafael Leão,a,7193,SetPiece,2018,Head,10916,Saint-Etienne,Lille,0,1,2019-03-10 14:00:00,Xeka,Aerial
1093,285906,20,BlockedShot,0.8690000152587891,0.7169999694824218,0.039820000529289246,Rafael Leão,h,7193,OpenPlay,2018,RightFoot,10929,Lille,Monaco,0,1,2019-03-15 19:45:00,Jonathan Bamba,Pass
1094,285917,59,SavedShot,0.905,0.28700000762939454,0.07720109820365906,Rafael Leão,h,7193,OpenPlay,2018,RightFoot,10929,Lille,Monaco,0,1,2019-03-15 19:45:00,Nicolas Pepe,Pass
1095,288227,61,Goal,0.9690000152587891,0.5690000152587891,0.4794760048389435,Rafael Leão,a,7193,FromCorner,2018,RightFoot,10939,Nantes,Lille,2,3,2019-03-31 15:00:00,Adama Soumaoro,HeadPass
1096,295860,21,MissedShots,0.9319999694824219,0.7169999694824218,0.04627259820699692,Rafael Leão,a,7193,OpenPlay,2018,LeftFoot,10971,Toulouse,Lille,0,0,2019-04-21 14:00:00,Boubakary Soumare,Pass
1097,295867,49,MissedShots,0.9080000305175782,0.4779999923706055,0.05043160170316696,Rafael Leão,a,7193,OpenPlay,2018,Head,10971,Toulouse,Lille,0,0,2019-04-21 14:00:00,Youssouf Kone,Aerial
1098,298013,72,SavedShot,0.8619999694824219,0.3120000076293945,0.13513100147247314,Rafael Leão,h,7193,OpenPlay,2018,RightFoot,10979,Lille,Nimes,5,0,2019-04-28 14:00:00,Nicolas Pepe,Throughball
1099,322229,21,SavedShot,0.919000015258789,0.5329999923706055,0.13868099451065063,Rafael Leão,a,7193,OpenPlay,2019,Head,13138,Torino,AC Milan,2,1,2019-09-26 19:00:00,,None
1100,322232,24,MissedShots,0.879000015258789,0.624000015258789,0.025214899331331253,Rafael Leão,a,7193,FromCorner,2019,RightFoot,13138,Torino,AC Milan,2,1,2019-09-26 19:00:00,,Aerial
1101,323568,33,MissedShots,0.8859999847412109,0.48400001525878905,0.10741999745368958,Rafael Leão,h,7193,OpenPlay,2019,RightFoot,13143,AC Milan,Fiorentina,1,3,2019-09-29 18:45:00,Hakan Calhanoglu,Pass
1102,323583,79,Goal,0.9169999694824219,0.6,0.22320100665092468,Rafael Leão,h,7193,OpenPlay,2019,LeftFoot,13143,AC Milan,Fiorentina,1,3,2019-09-29 18:45:00,Theo Hernández,TakeOn
1103,324467,66,SavedShot,0.9359999847412109,0.5840000152587891,0.15586599707603455,Rafael Leão,a,7193,OpenPlay,2019,LeftFoot,13153,Genoa,AC Milan,1,2,2019-10-05 19:45:00,Franck Kessié,TakeOn
1104,326584,0,SavedShot,0.91,0.6509999847412109,0.13549600541591644,Rafael Leão,h,7193,OpenPlay,2019,RightFoot,13163,AC Milan,Lecce,2,2,2019-10-20 19:45:00,Hakan Calhanoglu,TakeOn
1105,326585,2,MissedShots,0.9059999847412109,0.675,0.11744700372219086,Rafael Leão,h,7193,OpenPlay,2019,LeftFoot,13163,AC Milan,Lecce,2,2,2019-10-20 19:45:00,Hakan Calhanoglu,Throughball
1106,326595,23,BlockedShot,0.9169999694824219,0.53,0.14799000322818756,Rafael Leão,h,7193,OpenPlay,2019,RightFoot,13163,AC Milan,Lecce,2,2,2019-10-20 19:45:00,Theo Hernández,Pass
1107,326605,56,MissedShots,0.9469999694824218,0.3240000152587891,0.1260949969291687,Rafael Leão,h,7193,OpenPlay,2019,RightFoot,13163,AC Milan,Lecce,2,2,2019-10-20 19:45:00,Suso,Throughball
1108,328093,11,MissedShots,0.87,0.30700000762939456,0.038052599877119064,Rafael Leão,a,7193,OpenPlay,2019,LeftFoot,13176,Roma,AC Milan,2,1,2019-10-27 17:00:00,Hakan Calhanoglu,Pass
1109,328102,44,MissedShots,0.775,0.49400001525878906,0.06674530357122421,Rafael Leão,a,7193,OpenPlay,2019,RightFoot,13176,Roma,AC Milan,2,1,2019-10-27 17:00:00,,TakeOn
1110,334248,72,MissedShots,0.76,0.524000015258789,0.024430200457572937,Rafael Leão,a,7193,OpenPlay,2019,RightFoot,13228,Parma Calcio 1913,AC Milan,0,1,2019-12-01 14:00:00,Hakan Calhanoglu,Pass
1111,337546,82,ShotOnPost,0.865,0.7,0.044077400118112564,Rafael Leão,h,7193,OpenPlay,2019,RightFoot,13246,AC Milan,Sassuolo,0,0,2019-12-15 14:00:00,Giacomo Bonaventura,Pass
1112,337549,86,ShotOnPost,0.779000015258789,0.5990000152587891,0.029367100447416306,Rafael Leão,h,7193,OpenPlay,2019,LeftFoot,13246,AC Milan,Sassuolo,0,0,2019-12-15 14:00:00,Theo Hernández,Pass
1113,339141,41,BlockedShot,0.84,0.395,0.05409400165081024,Rafael Leão,a,7193,OpenPlay,2019,RightFoot,13249,Atalanta,AC Milan,5,0,2019-12-22 11:30:00,Franck Kessié,Pass
1114,354058,64,SavedShot,0.9169999694824219,0.6780000305175782,0.05703340098261833,Rafael Leão,h,7193,OpenPlay,2019,LeftFoot,13265,AC Milan,Sampdoria,0,0,2020-01-06 14:00:00,Mateo Musacchio,BallRecovery
1115,354062,70,MissedShots,0.94,0.575,0.46045899391174316,Rafael Leão,h,7193,SetPiece,2019,RightFoot,13265,AC Milan,Sampdoria,0,0,2020-01-06 14:00:00,Mateo Musacchio,HeadPass
1116,354066,87,MissedShots,0.7959999847412109,0.6619999694824219,0.025449300184845924,Rafael Leão,h,7193,OpenPlay,2019,RightFoot,13265,AC Milan,Sampdoria,0,0,2020-01-06 14:00:00,,None
1117,354149,30,MissedShots,0.9830000305175781,0.44299999237060544,0.638683021068573,Rafael Leão,a,7193,FromCorner,2019,RightFoot,13269,Cagliari,AC Milan,0,2,2020-01-11 14:00:00,Alessio Romagnoli,Rebound
1118,354157,45,Goal,0.8919999694824219,0.38799999237060545,0.1079619973897934,Rafael Leão,a,7193,SetPiece,2019,RightFoot,13269,Cagliari,AC Milan,0,2,2020-01-11 14:00:00,Samu Castillejo,Throughball
1119,355094,43,BlockedShot,0.8880000305175781,0.42200000762939455,0.041036300361156464,Rafael Leão,h,7193,OpenPlay,2019,RightFoot,13286,AC Milan,Udinese,3,2,2020-01-19 11:30:00,,Aerial
1120,355107,64,SavedShot,0.8569999694824219,0.4520000076293945,0.09618449956178665,Rafael Leão,h,7193,OpenPlay,2019,RightFoot,13286,AC Milan,Udinese,3,2,2020-01-19 11:30:00,Samu Castillejo,Pass
1121,355111,70,BlockedShot,0.9230000305175782,0.6719999694824219,0.07326149940490723,Rafael Leão,h,7193,OpenPlay,2019,LeftFoot,13286,AC Milan,Udinese,3,2,2020-01-19 11:30:00,Ante Rebic,Pass
1122,355114,75,BlockedShot,0.845,0.509000015258789,0.10642100125551224,Rafael Leão,h,7193,OpenPlay,2019,RightFoot,13286,AC Milan,Udinese,3,2,2020-01-19 11:30:00,Ante Rebic,Pass
1123,355540,11,BlockedShot,0.7290000152587891,0.5329999923706055,0.01816990040242672,Rafael Leão,a,7193,OpenPlay,2019,RightFoot,13289,Brescia,AC Milan,0,1,2020-01-24 19:45:00,Samu Castillejo,Pass
1124,357184,42,MissedShots,0.735,0.4,0.03949280083179474,Rafael Leão,h,7193,OpenPlay,2019,LeftFoot,13305,AC Milan,Verona,1,1,2020-02-02 14:00:00,Hakan Calhanoglu,Pass
1125,357185,43,BlockedShot,0.81,0.37599998474121094,0.11994999647140503,Rafael Leão,h,7193,OpenPlay,2019,RightFoot,13305,AC Milan,Verona,1,1,2020-02-02 14:00:00,Davide Calabria,TakeOn
1126,357196,71,SavedShot,0.88,0.6029999923706054,0.09924910217523575,Rafael Leão,h,7193,OpenPlay,2019,RightFoot,13305,AC Milan,Verona,1,1,2020-02-02 14:00:00,Lucas Paquetá,Pass
1127,357201,83,SavedShot,0.7669999694824219,0.5159999847412109,0.027964899316430092,Rafael Leão,h,7193,OpenPlay,2019,RightFoot,13305,AC Milan,Verona,1,1,2020-02-02 14:00:00,Ante Rebic,Pass
1128,358669,86,BlockedShot,0.8090000152587891,0.605999984741211,0.04364030063152313,Rafael Leão,a,7193,OpenPlay,2019,LeftFoot,13312,Inter,AC Milan,4,2,2020-02-09 19:45:00,Giacomo Bonaventura,Pass
1129,365952,71,Goal,0.9719999694824218,0.5220000076293946,0.7568730115890503,Rafael Leão,a,7193,OpenPlay,2019,Head,13354,Lecce,AC Milan,1,4,2020-06-22 17:30:00,Andrea Conti,Cross
1130,368268,78,Goal,0.8540000152587891,0.5220000076293946,0.059346798807382584,Rafael Leão,a,7193,OpenPlay,2019,RightFoot,13375,SPAL 2013,AC Milan,2,2,2020-07-01 19:45:00,,None
1131,368273,91,BlockedShot,0.9059999847412109,0.534000015258789,0.12437199801206589,Rafael Leão,a,7193,OpenPlay,2019,RightFoot,13375,SPAL 2013,AC Milan,2,2,2020-07-01 19:45:00,Alexis Saelemaekers,Pass
1132,369568,66,Goal,0.9059999847412109,0.720999984741211,0.04753980040550232,Rafael Leão,h,7193,OpenPlay,2019,RightFoot,13394,AC Milan,Juventus,4,2,2020-07-07 19:45:00,Ante Rebic,BallTouch
1133,369571,74,BlockedShot,0.8059999847412109,0.345,0.04006839916110039,Rafael Leão,h,7193,OpenPlay,2019,RightFoot,13394,AC Milan,Juventus,4,2,2020-07-07 19:45:00,Theo Hernández,Pass
1134,371139,63,MissedShots,0.740999984741211,0.62,0.01948229968547821,Rafael Leão,a,7193,OpenPlay,2019,LeftFoot,13401,Napoli,AC Milan,2,2,2020-07-12 19:45:00,Franck Kessié,Pass
1135,371573,28,MissedShots,0.9030000305175782,0.6659999847412109,0.07294400036334991,Rafael Leão,h,7193,OpenPlay,2019,LeftFoot,13416,AC Milan,Parma Calcio 1913,3,1,2020-07-15 17:30:00,Franck Kessié,Pass
1136,371587,57,MissedShots,0.8919999694824219,0.629000015258789,0.03160500153899193,Rafael Leão,h,7193,FromCorner,2019,Head,13416,AC Milan,Parma Calcio 1913,3,1,2020-07-15 17:30:00,,None
1137,372415,67,BlockedShot,0.8669999694824219,0.5459999847412109,0.10783900320529938,Rafael Leão,h,7193,OpenPlay,2019,RightFoot,13424,AC Milan,Bologna,5,1,2020-07-18 19:45:00,,Dispossessed
1138,372419,75,SavedShot,0.88,0.685,0.07172270119190216,Rafael Leão,h,7193,OpenPlay,2019,LeftFoot,13424,AC Milan,Bologna,5,1,2020-07-18 19:45:00,Ismael Bennacer,Pass
1139,372422,84,SavedShot,0.77,0.4159999847412109,0.034628499299287796,Rafael Leão,h,7193,OpenPlay,2019,RightFoot,13424,AC Milan,Bologna,5,1,2020-07-18 19:45:00,Lorenzo Colombo,BallRecovery
1140,374178,69,MissedShots,0.845,0.34,0.07437659800052643,Rafael Leão,a,7193,OpenPlay,2019,RightFoot,13456,Sampdoria,AC Milan,1,4,2020-07-29 17:30:00,Samu Castillejo,Pass
1141,374188,91,Goal,0.8190000152587891,0.47299999237060547,0.08555559813976288,Rafael Leão,a,7193,OpenPlay,2019,RightFoot,13456,Sampdoria,AC Milan,1,4,2020-07-29 17:30:00,Giacomo Bonaventura,Pass
1142,374425,9,ShotOnPost,0.9680000305175781,0.615,0.32517901062965393,Rafael Leão,h,7193,OpenPlay,2019,LeftFoot,13464,AC Milan,Cagliari,3,0,2020-08-01 18:45:00,Hakan Calhanoglu,Pass
1143,374431,22,ShotOnPost,0.9269999694824219,0.5570000076293945,0.13343900442123413,Rafael Leão,h,7193,OpenPlay,2019,RightFoot,13464,AC Milan,Cagliari,3,0,2020-08-01 18:45:00,Davide Calabria,Cross
1144,379667,85,BlockedShot,0.88,0.5579999923706055,0.24226799607276917,Rafael Leão,a,7193,OpenPlay,2020,RightFoot,14130,Crotone,AC Milan,0,2,2020-09-27 16:00:00,Franck Kessié,TakeOn
1145,381388,37,BlockedShot,0.7469999694824219,0.715999984741211,0.0182023998349905,Rafael Leão,h,7193,OpenPlay,2020,RightFoot,15454,AC Milan,Spezia,3,0,2020-10-04 16:00:00,Rade Krunic,Pass
1146,381396,56,Goal,0.9569999694824218,0.524000015258789,0.5966709852218628,Rafael Leão,h,7193,SetPiece,2020,RightFoot,15454,AC Milan,Spezia,3,0,2020-10-04 16:00:00,Hakan Calhanoglu,Cross
1147,381400,77,Goal,0.9740000152587891,0.49700000762939456,0.8940370082855225,Rafael Leão,h,7193,OpenPlay,2020,RightFoot,15454,AC Milan,Spezia,3,0,2020-10-04 16:00:00,Franck Kessié,HeadPass
1148,381972,55,MissedShots,0.769000015258789,0.59,0.032709598541259766,Rafael Leão,a,7193,OpenPlay,2020,RightFoot,15457,Inter,AC Milan,1,2,2020-10-17 16:00:00,Franck Kessié,Pass
1149,386929,22,SavedShot,0.7719999694824219,0.5070000076293946,0.1667100042104721,Rafael Leão,h,7193,OpenPlay,2020,RightFoot,15492,AC Milan,Verona,2,2,2020-11-08 19:45:00,Franck Kessié,TakeOn
1150,386931,25,MissedShots,0.7969999694824219,0.7,0.023479999974370003,Rafael Leão,h,7193,OpenPlay,2020,RightFoot,15492,AC Milan,Verona,2,2,2020-11-08 19:45:00,Ismael Bennacer,Pass
1151,386942,50,BlockedShot,0.7730000305175782,0.595999984741211,0.02616240084171295,Rafael Leão,h,7193,OpenPlay,2020,RightFoot,15492,AC Milan,Verona,2,2,2020-11-08 19:45:00,Hakan Calhanoglu,Pass
1152,386953,75,MissedShots,0.860999984741211,0.5209999847412109,0.07468560338020325,Rafael Leão,h,7193,FromCorner,2020,RightFoot,15492,AC Milan,Verona,2,2,2020-11-08 19:45:00,,Rebound
1153,394452,0,Goal,0.879000015258789,0.615999984741211,0.29882898926734924,Rafael Leão,a,7193,OpenPlay,2020,RightFoot,15554,Sassuolo,AC Milan,1,2,2020-12-20 14:00:00,Hakan Calhanoglu,Pass
1154,394463,44,MissedShots,0.8530000305175781,0.6329999923706054,0.11363399773836136,Rafael Leão,a,7193,OpenPlay,2020,RightFoot,15554,Sassuolo,AC Milan,1,2,2020-12-20 14:00:00,Hakan Calhanoglu,Pass
1155,395369,10,SavedShot,0.8930000305175781,0.3240000152587891,0.0923829972743988,Rafael Leão,h,7193,OpenPlay,2020,RightFoot,15559,AC Milan,Lazio,3,2,2020-12-23 19:45:00,Pierre Kalulu Kyatengwa,Pass
1156,395380,56,BlockedShot,0.8730000305175781,0.6890000152587891,0.06367199867963791,Rafael Leão,h,7193,OpenPlay,2020,RightFoot,15559,AC Milan,Lazio,3,2,2020-12-23 19:45:00,Hakan Calhanoglu,Pass
1157,396992,19,MissedShots,0.91,0.754000015258789,0.04025069996714592,Rafael Leão,a,7193,OpenPlay,2020,LeftFoot,15567,Benevento,AC Milan,0,2,2021-01-03 17:00:00,Ante Rebic,Pass
1158,397000,48,Goal,0.9009999847412109,0.8180000305175781,0.027396000921726227,Rafael Leão,a,7193,OpenPlay,2020,RightFoot,15567,Benevento,AC Milan,0,2,2021-01-03 17:00:00,Ante Rebic,Pass
1159,397510,2,MissedShots,0.795,0.655,0.02948869951069355,Rafael Leão,h,7193,OpenPlay,2020,RightFoot,15581,AC Milan,Juventus,1,3,2021-01-06 19:45:00,Simon Kjaer,Chipped
1160,397520,21,MissedShots,0.7959999847412109,0.395,0.03440909832715988,Rafael Leão,h,7193,OpenPlay,2020,LeftFoot,15581,AC Milan,Juventus,1,3,2021-01-06 19:45:00,Hakan Calhanoglu,TakeOn
1161,397522,26,SavedShot,0.895,0.635,0.07620470225811005,Rafael Leão,h,7193,OpenPlay,2020,LeftFoot,15581,AC Milan,Juventus,1,3,2021-01-06 19:45:00,Jens Petter Hauge,Pass
1162,397957,24,Goal,0.8719999694824219,0.509000015258789,0.3549230098724365,Rafael Leão,h,7193,OpenPlay,2020,RightFoot,15590,AC Milan,Torino,2,0,2021-01-09 19:45:00,Brahim Diaz,Pass
1163,401516,6,MissedShots,0.845999984741211,0.5540000152587891,0.08593879640102386,Rafael Leão,a,7193,OpenPlay,2020,LeftFoot,15619,Bologna,AC Milan,1,2,2021-01-30 14:00:00,Ante Rebic,Pass
1164,401523,28,SavedShot,0.815,0.6909999847412109,0.05372919887304306,Rafael Leão,a,7193,OpenPlay,2020,RightFoot,15619,Bologna,AC Milan,1,2,2021-01-30 14:00:00,Alexis Saelemaekers,Pass
1165,401526,32,SavedShot,0.7719999694824219,0.649000015258789,0.019746599718928337,Rafael Leão,a,7193,OpenPlay,2020,RightFoot,15619,Bologna,AC Milan,1,2,2021-01-30 14:00:00,Zlatan Ibrahimovic,TakeOn
1166,403720,10,BlockedShot,0.9009999847412109,0.68,0.08957900106906891,Rafael Leão,h,7193,OpenPlay,2020,RightFoot,15628,AC Milan,Crotone,4,0,2021-02-07 14:00:00,Theo Hernández,Pass
1167,403724,24,MissedShots,0.875999984741211,0.57,0.10646399855613708,Rafael Leão,h,7193,OpenPlay,2020,RightFoot,15628,AC Milan,Crotone,4,0,2021-02-07 14:00:00,Ante Rebic,Pass
1168,403731,60,SavedShot,0.8630000305175781,0.5640000152587891,0.11051800101995468,Rafael Leão,h,7193,OpenPlay,2020,RightFoot,15628,AC Milan,Crotone,4,0,2021-02-07 14:00:00,Ante Rebic,Pass
1169,407592,68,SavedShot,0.845999984741211,0.6179999923706054,0.09437789767980576,Rafael Leão,a,7193,OpenPlay,2020,RightFoot,15663,Roma,AC Milan,1,2,2021-02-28 19:45:00,Theo Hernández,TakeOn
1170,408077,37,SavedShot,0.9169999694824219,0.539000015258789,0.08755770325660706,Rafael Leão,h,7193,SetPiece,2020,RightFoot,15672,AC Milan,Udinese,1,1,2021-03-03 19:45:00,,None
1171,408085,77,MissedShots,0.9319999694824219,0.54,0.050886400043964386,Rafael Leão,h,7193,OpenPlay,2020,Head,15672,AC Milan,Udinese,1,1,2021-03-03 19:45:00,Davide Calabria,Aerial
1172,408913,14,MissedShots,0.93,0.5479999923706055,0.33842000365257263,Rafael Leão,a,7193,OpenPlay,2020,Head,15682,Verona,AC Milan,0,2,2021-03-07 14:00:00,Davide Calabria,Cross
1173,408915,31,MissedShots,0.8719999694824219,0.32599998474121095,0.13026200234889984,Rafael Leão,a,7193,OpenPlay,2020,RightFoot,15682,Verona,AC Milan,0,2,2021-03-07 14:00:00,Rade Krunic,Throughball
1174,410708,3,SavedShot,0.950999984741211,0.61,0.3531950116157532,Rafael Leão,h,7193,OpenPlay,2020,LeftFoot,15690,AC Milan,Napoli,0,1,2021-03-14 19:45:00,Theo Hernández,Throughball
1175,410714,19,MissedShots,0.8480000305175781,0.65,0.10523799806833267,Rafael Leão,h,7193,OpenPlay,2020,RightFoot,15690,AC Milan,Napoli,0,1,2021-03-14 19:45:00,Hakan Calhanoglu,Chipped
1176,410717,32,SavedShot,0.8009999847412109,0.41,0.04201149940490723,Rafael Leão,h,7193,OpenPlay,2020,RightFoot,15690,AC Milan,Napoli,0,1,2021-03-14 19:45:00,Samu Castillejo,Pass
1177,410727,64,SavedShot,0.9569999694824218,0.47299999237060547,0.5748810172080994,Rafael Leão,h,7193,OpenPlay,2020,RightFoot,15690,AC Milan,Napoli,0,1,2021-03-14 19:45:00,Ante Rebic,Cross
1178,413999,93,Goal,0.8640000152587891,0.5529999923706055,0.42987701296806335,Rafael Leão,a,7193,OpenPlay,2020,RightFoot,15722,Parma Calcio 1913,AC Milan,1,3,2021-04-10 16:00:00,Diogo Dalot,Pass
1179,415525,18,SavedShot,0.875,0.35700000762939454,0.09268230199813843,Rafael Leão,h,7193,OpenPlay,2020,RightFoot,15728,AC Milan,Genoa,2,1,2021-04-18 10:30:00,Hakan Calhanoglu,Pass
1180,415538,58,BlockedShot,0.775,0.4209999847412109,0.02998330071568489,Rafael Leão,h,7193,OpenPlay,2020,LeftFoot,15728,AC Milan,Genoa,2,1,2021-04-18 10:30:00,Hakan Calhanoglu,TakeOn
1181,416316,25,BlockedShot,0.9219999694824219,0.635,0.0787637010216713,Rafael Leão,h,7193,OpenPlay,2020,LeftFoot,15744,AC Milan,Sassuolo,1,2,2021-04-21 16:30:00,Diogo Dalot,Chipped
1182,416320,32,MissedShots,0.8119999694824219,0.5690000152587891,0.0685989037156105,Rafael Leão,h,7193,OpenPlay,2020,RightFoot,15744,AC Milan,Sassuolo,1,2,2021-04-21 16:30:00,Franck Kessié,Pass
1183,416332,68,SavedShot,0.7909999847412109,0.2929999923706055,0.020579200237989426,Rafael Leão,h,7193,OpenPlay,2020,RightFoot,15744,AC Milan,Sassuolo,1,2,2021-04-21 16:30:00,Alexis Saelemaekers,Chipped
1184,418749,15,SavedShot,0.91,0.624000015258789,0.4248169958591461,Rafael Leão,h,7193,OpenPlay,2020,RightFoot,15757,AC Milan,Benevento,2,0,2021-05-01 18:45:00,Franck Kessié,Pass
1185,418752,34,MissedShots,0.925,0.620999984741211,0.02746110036969185,Rafael Leão,h,7193,OpenPlay,2020,Head,15757,AC Milan,Benevento,2,0,2021-05-01 18:45:00,Hakan Calhanoglu,Aerial
1186,424267,67,ShotOnPost,0.91,0.425,0.4043009877204895,Rafael Leão,a,7193,OpenPlay,2020,RightFoot,15801,Atalanta,AC Milan,0,2,2021-05-23 18:45:00,Soualiho Meité,Throughball
1187,428025,4,SavedShot,0.8959999847412109,0.6509999847412109,0.05570799857378006,Rafael Leão,a,7193,OpenPlay,2021,LeftFoot,16765,Sampdoria,AC Milan,0,1,2021-08-23 18:45:00,Mike Maignan,Pass
1188,429485,8,BlockedShot,0.91,0.5590000152587891,0.4452190101146698,Rafael Leão,h,7193,OpenPlay,2021,RightFoot,16774,AC Milan,Cagliari,4,1,2021-08-29 18:45:00,Olivier Giroud,Throughball
1189,429488,16,Goal,0.7619999694824219,0.6659999847412109,0.019317399710416794,Rafael Leão,h,7193,OpenPlay,2021,RightFoot,16774,AC Milan,Cagliari,4,1,2021-08-29 18:45:00,Theo Hernández,Pass
1190,430643,14,MissedShots,0.7519999694824219,0.5879999923706055,0.020545199513435364,Rafael Leão,h,7193,OpenPlay,2021,RightFoot,16780,AC Milan,Lazio,2,0,2021-09-12 16:00:00,,BallRecovery
1191,430646,24,MissedShots,0.9359999847412109,0.62,0.25126200914382935,Rafael Leão,h,7193,OpenPlay,2021,Head,16780,AC Milan,Lazio,2,0,2021-09-12 16:00:00,Sandro Tonali,Chipped
1192,430650,44,Goal,0.9130000305175782,0.485,0.6196939945220947,Rafael Leão,h,7193,OpenPlay,2021,RightFoot,16780,AC Milan,Lazio,2,0,2021-09-12 16:00:00,Ante Rebic,Pass
1193,432239,68,MissedShots,0.8069999694824219,0.7519999694824219,0.021007699891924858,Rafael Leão,a,7193,OpenPlay,2021,RightFoot,16790,Juventus,AC Milan,1,1,2021-09-19 18:45:00,Theo Hernández,Pass
1194,432751,38,MissedShots,0.8159999847412109,0.34700000762939454,0.03215840086340904,Rafael Leão,h,7193,OpenPlay,2021,RightFoot,16800,AC Milan,Venezia,2,0,2021-09-22 18:45:00,Pierre Kalulu Kyatengwa,TakeOn
1195,433218,56,ShotOnPost,0.8690000152587891,0.7469999694824219,0.039662398397922516,Rafael Leão,a,7193,OpenPlay,2021,RightFoot,16812,Spezia,AC Milan,1,2,2021-09-25 13:00:00,Franck Kessié,Pass
1196,433221,60,MissedShots,0.8680000305175781,0.545,0.10554900020360947,Rafael Leão,a,7193,OpenPlay,2021,LeftFoot,16812,Spezia,AC Milan,1,2,2021-09-25 13:00:00,Franck Kessié,BlockedPass
1197,433222,61,SavedShot,0.9169999694824219,0.7240000152587891,0.08050890266895294,Rafael Leão,a,7193,OpenPlay,2021,LeftFoot,16812,Spezia,AC Milan,1,2,2021-09-25 13:00:00,Alexis Saelemaekers,TakeOn
1198,433223,73,SavedShot,0.7730000305175782,0.5690000152587891,0.030737999826669693,Rafael Leão,a,7193,OpenPlay,2021,RightFoot,16812,Spezia,AC Milan,1,2,2021-09-25 13:00:00,Franck Kessié,Pass
1199,433226,82,MissedShots,0.7319999694824219,0.7759999847412109,0.014035199768841267,Rafael Leão,a,7193,OpenPlay,2021,RightFoot,16812,Spezia,AC Milan,1,2,2021-09-25 13:00:00,Ismael Bennacer,Pass
1200,433227,84,MissedShots,0.9340000152587891,0.610999984741211,0.030079899355769157,Rafael Leão,a,7193,OpenPlay,2021,Head,16812,Spezia,AC Milan,1,2,2021-09-25 13:00:00,Davide Calabria,Aerial
1201,433230,91,MissedShots,0.830999984741211,0.6840000152587891,0.026222700253129005,Rafael Leão,a,7193,OpenPlay,2021,RightFoot,16812,Spezia,AC Milan,1,2,2021-09-25 13:00:00,Brahim Diaz,Cross
1202,435849,68,BlockedShot,0.725,0.6179999923706054,0.023068999871611595,Rafael Leão,a,7193,OpenPlay,2021,RightFoot,16816,Atalanta,AC Milan,2,3,2021-10-03 18:45:00,Franck Kessié,Pass
1203,435851,77,Goal,0.8480000305175781,0.5970000076293945,0.11754400283098221,Rafael Leão,a,7193,OpenPlay,2021,RightFoot,16816,Atalanta,AC Milan,2,3,2021-10-03 18:45:00,Theo Hernández,Pass
1204,436546,44,BlockedShot,0.720999984741211,0.5379999923706055,0.015576500445604324,Rafael Leão,h,7193,OpenPlay,2021,LeftFoot,16831,AC Milan,Verona,3,2,2021-10-16 18:45:00,Fode Toure,Pass
1205,436547,45,MissedShots,0.8909999847412109,0.48200000762939454,0.02607700042426586,Rafael Leão,h,7193,SetPiece,2021,Head,16831,AC Milan,Verona,3,2,2021-10-16 18:45:00,Ismael Bennacer,Aerial
1206,436551,55,BlockedShot,0.889000015258789,0.6329999923706054,0.04957469925284386,Rafael Leão,h,7193,OpenPlay,2021,LeftFoot,16831,AC Milan,Verona,3,2,2021-10-16 18:45:00,Rade Krunic,HeadPass
1207,436556,68,MissedShots,0.855999984741211,0.6809999847412109,0.047318100929260254,Rafael Leão,h,7193,OpenPlay,2021,RightFoot,16831,AC Milan,Verona,3,2,2021-10-16 18:45:00,Samu Castillejo,Pass
1208,438014,14,MissedShots,0.875999984741211,0.31,0.04700149968266487,Rafael Leão,a,7193,OpenPlay,2021,LeftFoot,16837,Bologna,AC Milan,2,4,2021-10-23 18:45:00,,TakeOn
1209,438015,15,Goal,0.9230000305175782,0.7380000305175781,0.0635908991098404,Rafael Leão,a,7193,OpenPlay,2021,LeftFoot,16837,Bologna,AC Milan,2,4,2021-10-23 18:45:00,Zlatan Ibrahimovic,Pass
1210,438850,28,SavedShot,0.7390000152587891,0.5220000076293946,0.024217499420046806,Rafael Leão,h,7193,OpenPlay,2021,LeftFoot,16850,AC Milan,Torino,1,0,2021-10-26 18:45:00,Alexis Saelemaekers,Pass
1211,438851,35,MissedShots,0.7390000152587891,0.26799999237060546,0.019999299198389053,Rafael Leão,h,7193,OpenPlay,2021,RightFoot,16850,AC Milan,Torino,1,0,2021-10-26 18:45:00,Davide Calabria,TakeOn
1212,440534,9,MissedShots,0.92,0.524000015258789,0.38182199001312256,Rafael Leão,a,7193,OpenPlay,2021,LeftFoot,16862,Roma,AC Milan,1,2,2021-10-31 19:45:00,Davide Calabria,Cross
1213,440539,36,BlockedShot,0.904000015258789,0.455,0.13889600336551666,Rafael Leão,a,7193,OpenPlay,2021,RightFoot,16862,Roma,AC Milan,1,2,2021-10-31 19:45:00,Alexis Saelemaekers,Pass
1214,442088,13,SavedShot,0.8490000152587891,0.6919999694824219,0.03906039893627167,Rafael Leão,h,7193,OpenPlay,2021,RightFoot,16870,AC Milan,Inter,1,1,2021-11-07 19:45:00,Sandro Tonali,Pass
1215,442089,15,SavedShot,0.6959999847412109,0.48400001525878905,0.011592400260269642,Rafael Leão,h,7193,OpenPlay,2021,RightFoot,16870,AC Milan,Inter,1,1,2021-11-07 19:45:00,,BallRecovery
1216,442095,36,MissedShots,0.8959999847412109,0.59,0.09053049981594086,Rafael Leão,h,7193,OpenPlay,2021,RightFoot,16870,AC Milan,Inter,1,1,2021-11-07 19:45:00,,Rebound
1217,442094,36,SavedShot,0.9,0.68,0.0645504966378212,Rafael Leão,h,7193,OpenPlay,2021,LeftFoot,16870,AC Milan,Inter,1,1,2021-11-07 19:45:00,Rade Krunic,Pass
1218,442897,5,MissedShots,0.9169999694824219,0.6530000305175782,0.06416580080986023,Rafael Leão,a,7193,OpenPlay,2021,LeftFoot,16878,Fiorentina,AC Milan,4,3,2021-11-20 19:45:00,Sandro Tonali,Chipped
1219,442902,20,SavedShot,0.76,0.51,0.028039800003170967,Rafael Leão,a,7193,OpenPlay,2021,RightFoot,16878,Fiorentina,AC Milan,4,3,2021-11-20 19:45:00,Theo Hernández,TakeOn
1220,442903,29,SavedShot,0.8090000152587891,0.639000015258789,0.05674640089273453,Rafael Leão,a,7193,OpenPlay,2021,RightFoot,16878,Fiorentina,AC Milan,4,3,2021-11-20 19:45:00,Matteo Gabbia,Pass
1221,442906,34,BlockedShot,0.909000015258789,0.66,0.06855429708957672,Rafael Leão,a,7193,OpenPlay,2021,LeftFoot,16878,Fiorentina,AC Milan,4,3,2021-11-20 19:45:00,Simon Kjaer,TakeOn
1222,442909,43,BlockedShot,0.8490000152587891,0.6320000076293946,0.047550298273563385,Rafael Leão,a,7193,OpenPlay,2021,LeftFoot,16878,Fiorentina,AC Milan,4,3,2021-11-20 19:45:00,Sandro Tonali,BallTouch
1223,442915,52,MissedShots,0.9030000305175782,0.65,0.07792189717292786,Rafael Leão,a,7193,OpenPlay,2021,RightFoot,16878,Fiorentina,AC Milan,4,3,2021-11-20 19:45:00,Franck Kessié,Pass
1224,444576,54,MissedShots,0.825,0.7230000305175781,0.045016899704933167,Rafael Leão,h,7193,OpenPlay,2021,RightFoot,16889,AC Milan,Sassuolo,1,3,2021-11-28 14:00:00,Alexis Saelemaekers,Pass
1225,446002,10,SavedShot,0.8009999847412109,0.40900001525878904,0.052412498742341995,Rafael Leão,h,7193,OpenPlay,2021,RightFoot,16910,AC Milan,Salernitana,2,0,2021-12-04 14:00:00,Franck Kessié,Pass
1226,446006,20,MissedShots,0.879000015258789,0.5720000076293945,0.1249219998717308,Rafael Leão,h,7193,OpenPlay,2021,RightFoot,16910,AC Milan,Salernitana,2,0,2021-12-04 14:00:00,Brahim Diaz,Pass
1227,446009,30,BlockedShot,0.879000015258789,0.624000015258789,0.0773921012878418,Rafael Leão,h,7193,OpenPlay,2021,LeftFoot,16910,AC Milan,Salernitana,2,0,2021-12-04 14:00:00,Theo Hernández,TakeOn
1228,446015,44,BlockedShot,0.845999984741211,0.7280000305175781,0.05254850164055824,Rafael Leão,h,7193,OpenPlay,2021,RightFoot,16910,AC Milan,Salernitana,2,0,2021-12-04 14:00:00,Rade Krunic,HeadPass
1229,451827,81,Goal,0.8540000152587891,0.5429999923706055,0.3733690083026886,Rafael Leão,h,7193,OpenPlay,2021,RightFoot,16951,AC Milan,Roma,3,1,2022-01-06 17:30:00,Zlatan Ibrahimovic,None
1230,452319,6,SavedShot,0.92,0.725,0.06926710158586502,Rafael Leão,a,7193,OpenPlay,2021,RightFoot,16965,Venezia,AC Milan,0,3,2022-01-09 11:30:00,Zlatan Ibrahimovic,TakeOn
1231,452328,40,SavedShot,0.740999984741211,0.445,0.027007900178432465,Rafael Leão,a,7193,OpenPlay,2021,RightFoot,16965,Venezia,AC Milan,0,3,2022-01-09 11:30:00,Alexis Saelemaekers,TakeOn
1232,453897,1,MissedShots,0.8380000305175781,0.7069999694824218,0.03201320022344589,Rafael Leão,h,7193,OpenPlay,2021,RightFoot,16970,AC Milan,Spezia,1,2,2022-01-17 17:30:00,Zlatan Ibrahimovic,Pass
1233,453900,15,SavedShot,0.9590000152587891,0.61,0.22366200387477875,Rafael Leão,h,7193,OpenPlay,2021,LeftFoot,16970,AC Milan,Spezia,1,2,2022-01-17 17:30:00,Zlatan Ibrahimovic,TakeOn
1234,453903,23,MissedShots,0.8490000152587891,0.46700000762939453,0.08852250128984451,Rafael Leão,h,7193,OpenPlay,2021,RightFoot,16970,AC Milan,Spezia,1,2,2022-01-17 17:30:00,Alexis Saelemaekers,Pass
1235,453910,45,Goal,0.8390000152587891,0.52,0.3294920027256012,Rafael Leão,h,7193,OpenPlay,2021,RightFoot,16970,AC Milan,Spezia,1,2,2022-01-17 17:30:00,,None
1236,455437,7,MissedShots,0.8490000152587891,0.5540000152587891,0.05294499918818474,Rafael Leão,h,7193,FromCorner,2021,RightFoot,16982,AC Milan,Juventus,0,0,2022-01-23 19:45:00,Junior Messias,Pass
1237,455439,19,SavedShot,0.8109999847412109,0.5120000076293946,0.063052698969841,Rafael Leão,h,7193,OpenPlay,2021,RightFoot,16982,AC Milan,Juventus,0,0,2022-01-23 19:45:00,Zlatan Ibrahimovic,Pass
1238,455450,55,SavedShot,0.765,0.46900001525878904,0.027741000056266785,Rafael Leão,h,7193,OpenPlay,2021,RightFoot,16982,AC Milan,Juventus,0,0,2022-01-23 19:45:00,Olivier Giroud,Pass
1239,455868,19,MissedShots,0.8480000305175781,0.4520000076293945,0.09200990200042725,Rafael Leão,a,7193,OpenPlay,2021,RightFoot,16989,Inter,AC Milan,1,2,2022-02-05 17:00:00,Alexis Saelemaekers,Pass
1240,455875,34,MissedShots,0.92,0.5590000152587891,0.13742899894714355,Rafael Leão,a,7193,OpenPlay,2021,RightFoot,16989,Inter,AC Milan,1,2,2022-02-05 17:00:00,Theo Hernández,Pass
1241,455883,64,MissedShots,0.870999984741211,0.580999984741211,0.08265189826488495,Rafael Leão,a,7193,OpenPlay,2021,RightFoot,16989,Inter,AC Milan,1,2,2022-02-05 17:00:00,Brahim Diaz,Pass
1242,457310,7,Goal,0.93,0.669000015258789,0.17670699954032898,Rafael Leão,h,7193,OpenPlay,2021,RightFoot,17001,AC Milan,Sampdoria,1,0,2022-02-13 11:30:00,Mike Maignan,TakeOn
1243,458508,22,BlockedShot,0.8190000152587891,0.5279999923706055,0.0776263028383255,Rafael Leão,a,7193,OpenPlay,2021,LeftFoot,17012,Salernitana,AC Milan,2,2,2022-02-19 19:45:00,Olivier Giroud,Pass
1244,458514,46,MissedShots,0.9230000305175782,0.5429999923706055,0.12578600645065308,Rafael Leão,a,7193,OpenPlay,2021,RightFoot,17012,Salernitana,AC Milan,2,2,2022-02-19 19:45:00,Sandro Tonali,Chipped
1245,458519,67,SavedShot,0.755,0.6029999923706054,0.018570400774478912,Rafael Leão,a,7193,OpenPlay,2021,RightFoot,17012,Salernitana,AC Milan,2,2,2022-02-19 19:45:00,Ante Rebic,Pass
1246,459314,28,Goal,0.9640000152587891,0.5570000076293945,0.472802996635437,Rafael Leão,h,7193,OpenPlay,2021,RightFoot,17021,AC Milan,Udinese,1,1,2022-02-25 17:45:00,Sandro Tonali,Chipped
1247,461892,27,SavedShot,0.720999984741211,0.575,0.014851399697363377,Rafael Leão,a,7193,OpenPlay,2021,RightFoot,17032,Napoli,AC Milan,0,1,2022-03-06 19:45:00,,Dispossessed
1248,461898,51,SavedShot,0.7530000305175781,0.6120000076293945,0.028421400114893913,Rafael Leão,a,7193,OpenPlay,2021,RightFoot,17032,Napoli,AC Milan,0,1,2022-03-06 19:45:00,Theo Hernández,Pass
1249,462720,10,BlockedShot,0.85,0.674000015258789,0.047437701374292374,Rafael Leão,h,7193,OpenPlay,2021,RightFoot,17040,AC Milan,Empoli,1,0,2022-03-12 19:45:00,Junior Messias,Pass
1250,464191,46,MissedShots,0.8030000305175782,0.7469999694824219,0.02185009978711605,Rafael Leão,a,7193,OpenPlay,2021,RightFoot,17047,Cagliari,AC Milan,0,1,2022-03-19 19:45:00,Brahim Diaz,Pass
1251,464192,49,SavedShot,0.86,0.5570000076293945,0.09952879697084427,Rafael Leão,a,7193,OpenPlay,2021,LeftFoot,17047,Cagliari,AC Milan,0,1,2022-03-19 19:45:00,Theo Hernández,Pass
1252,466191,15,MissedShots,0.8630000305175781,0.47099998474121096,0.07091090083122253,Rafael Leão,h,7193,SetPiece,2021,LeftFoot,17061,AC Milan,Bologna,0,0,2022-04-04 18:45:00,,None
1253,466190,15,BlockedShot,0.835,0.28200000762939453,0.025207800790667534,Rafael Leão,h,7193,SetPiece,2021,LeftFoot,17061,AC Milan,Bologna,0,0,2022-04-04 18:45:00,Sandro Tonali,Pass
1254,466199,30,BlockedShot,0.745,0.715999984741211,0.017136000096797943,Rafael Leão,h,7193,OpenPlay,2021,RightFoot,17061,AC Milan,Bologna,0,0,2022-04-04 18:45:00,Ismael Bennacer,Pass
1255,466200,31,BlockedShot,0.835,0.6969999694824218,0.024229800328612328,Rafael Leão,h,7193,SetPiece,2021,RightFoot,17061,AC Milan,Bologna,0,0,2022-04-04 18:45:00,,None
1256,466205,45,MissedShots,0.925,0.5790000152587891,0.13456499576568604,Rafael Leão,h,7193,OpenPlay,2021,LeftFoot,17061,AC Milan,Bologna,0,0,2022-04-04 18:45:00,Brahim Diaz,Pass
1257,466207,46,SavedShot,0.8690000152587891,0.66,0.0660019963979721,Rafael Leão,h,7193,OpenPlay,2021,RightFoot,17061,AC Milan,Bologna,0,0,2022-04-04 18:45:00,Brahim Diaz,Pass
1258,466211,55,BlockedShot,0.8430000305175781,0.29700000762939455,0.05528010055422783,Rafael Leão,h,7193,OpenPlay,2021,RightFoot,17061,AC Milan,Bologna,0,0,2022-04-04 18:45:00,Brahim Diaz,Pass
1259,466215,71,MissedShots,0.8530000305175781,0.585,0.08169969916343689,Rafael Leão,h,7193,OpenPlay,2021,RightFoot,17061,AC Milan,Bologna,0,0,2022-04-04 18:45:00,Zlatan Ibrahimovic,Pass
1260,467645,6,BlockedShot,0.7659999847412109,0.41200000762939454,0.022810399532318115,Rafael Leão,a,7193,OpenPlay,2021,RightFoot,17074,Torino,AC Milan,0,0,2022-04-10 18:45:00,Alexis Saelemaekers,Pass
1261,467665,85,BlockedShot,0.735999984741211,0.4370000076293945,0.015645399689674377,Rafael Leão,a,7193,OpenPlay,2021,RightFoot,17074,Torino,AC Milan,0,0,2022-04-10 18:45:00,Olivier Giroud,Pass
1262,467668,91,BlockedShot,0.8859999847412109,0.6029999923706054,0.11264099925756454,Rafael Leão,a,7193,OpenPlay,2021,LeftFoot,17074,Torino,AC Milan,0,0,2022-04-10 18:45:00,,TakeOn
1263,467814,10,Goal,0.9369999694824219,0.5670000076293945,0.34191399812698364,Rafael Leão,h,7193,OpenPlay,2021,LeftFoot,17081,AC Milan,Genoa,2,0,2022-04-15 19:00:00,Pierre Kalulu Kyatengwa,Cross
1264,467822,76,SavedShot,0.8780000305175781,0.6940000152587891,0.10852299630641937,Rafael Leão,h,7193,OpenPlay,2021,LeftFoot,17081,AC Milan,Genoa,2,0,2022-04-15 19:00:00,Ante Rebic,Chipped
1265,470861,27,MissedShots,0.919000015258789,0.6659999847412109,0.0683974027633667,Rafael Leão,a,7193,OpenPlay,2021,LeftFoot,17091,Lazio,AC Milan,1,2,2022-04-24 18:45:00,Franck Kessié,Pass
1266,470864,31,SavedShot,0.8069999694824219,0.7469999694824219,0.016977200284600258,Rafael Leão,a,7193,OpenPlay,2021,RightFoot,17091,Lazio,AC Milan,1,2,2022-04-24 18:45:00,Pierre Kalulu Kyatengwa,BallRecovery
1267,470867,36,BlockedShot,0.7919999694824219,0.705,0.022114599123597145,Rafael Leão,a,7193,OpenPlay,2021,RightFoot,17091,Lazio,AC Milan,1,2,2022-04-24 18:45:00,Brahim Diaz,Pass
1268,470877,60,BlockedShot,0.7440000152587891,0.695,0.0149148004129529,Rafael Leão,a,7193,OpenPlay,2021,RightFoot,17091,Lazio,AC Milan,1,2,2022-04-24 18:45:00,Fikayo Tomori,TakeOn
1269,470879,64,MissedShots,0.5940000152587891,0.8059999847412109,0.00772362994030118,Rafael Leão,a,7193,OpenPlay,2021,RightFoot,17091,Lazio,AC Milan,1,2,2022-04-24 18:45:00,,BallRecovery
1270,470884,83,SavedShot,0.8880000305175781,0.7019999694824218,0.03558909893035889,Rafael Leão,a,7193,OpenPlay,2021,LeftFoot,17091,Lazio,AC Milan,1,2,2022-04-24 18:45:00,Ante Rebic,TakeOn
1271,472114,29,BlockedShot,0.9019999694824219,0.6840000152587891,0.06360519677400589,Rafael Leão,h,7193,OpenPlay,2021,RightFoot,17100,AC Milan,Fiorentina,1,0,2022-05-01 13:00:00,Brahim Diaz,Pass
1272,472118,44,BlockedShot,0.8159999847412109,0.69,0.025038400664925575,Rafael Leão,h,7193,OpenPlay,2021,RightFoot,17100,AC Milan,Fiorentina,1,0,2022-05-01 13:00:00,Franck Kessié,Pass
1273,472120,47,MissedShots,0.9019999694824219,0.5120000076293946,0.46153900027275085,Rafael Leão,h,7193,OpenPlay,2021,RightFoot,17100,AC Milan,Fiorentina,1,0,2022-05-01 13:00:00,Olivier Giroud,TakeOn
1274,472126,81,Goal,0.88,0.6320000076293946,0.07228220254182816,Rafael Leão,h,7193,OpenPlay,2021,RightFoot,17100,AC Milan,Fiorentina,1,0,2022-05-01 13:00:00,,BallRecovery
1275,474555,5,MissedShots,0.750999984741211,0.705999984741211,0.017222300171852112,Rafael Leão,a,7193,OpenPlay,2021,RightFoot,17108,Verona,AC Milan,1,3,2022-05-08 18:45:00,Theo Hernández,Pass
1276,474575,64,SavedShot,0.9169999694824219,0.6790000152587891,0.08243239670991898,Rafael Leão,a,7193,OpenPlay,2021,RightFoot,17108,Verona,AC Milan,1,3,2022-05-08 18:45:00,Ante Rebic,Pass
1277,476547,20,SavedShot,0.894000015258789,0.7190000152587891,0.04105269908905029,Rafael Leão,h,7193,OpenPlay,2021,RightFoot,17121,AC Milan,Atalanta,2,0,2022-05-15 16:00:00,Rade Krunic,Pass
1278,476552,41,MissedShots,0.8190000152587891,0.5429999923706055,0.06390400230884552,Rafael Leão,h,7193,OpenPlay,2021,RightFoot,17121,AC Milan,Atalanta,2,0,2022-05-15 16:00:00,Alexis Saelemaekers,Pass
1279,476553,44,BlockedShot,0.749000015258789,0.605,0.016587400808930397,Rafael Leão,h,7193,OpenPlay,2021,RightFoot,17121,AC Milan,Atalanta,2,0,2022-05-15 16:00:00,,None
1280,476556,55,Goal,0.885,0.35700000762939454,0.46919700503349304,Rafael Leão,h,7193,OpenPlay,2021,RightFoot,17121,AC Milan,Atalanta,2,0,2022-05-15 16:00:00,Junior Messias,Throughball
1281,478054,7,BlockedShot,0.9069999694824219,0.590999984741211,0.11475899815559387,Rafael Leão,a,7193,OpenPlay,2021,RightFoot,17132,Sassuolo,AC Milan,0,3,2022-05-22 16:00:00,Sandro Tonali,Pass
1282,478057,11,SavedShot,0.845,0.7280000305175781,0.03539289906620979,Rafael Leão,a,7193,OpenPlay,2021,RightFoot,17132,Sassuolo,AC Milan,0,3,2022-05-22 16:00:00,Franck Kessié,TakeOn
1283,478068,39,SavedShot,0.8530000305175781,0.485,0.08875869959592819,Rafael Leão,a,7193,OpenPlay,2021,RightFoot,17132,Sassuolo,AC Milan,0,3,2022-05-22 16:00:00,,None
1284,480525,17,MissedShots,0.72,0.5970000076293945,0.01928430050611496,Rafael Leão,h,7193,OpenPlay,2022,LeftFoot,18582,AC Milan,Udinese,4,2,2022-08-13 16:30:00,Junior Messias,Pass
1285,480535,74,MissedShots,0.8430000305175781,0.41200000762939454,0.10117299854755402,Rafael Leão,h,7193,OpenPlay,2022,LeftFoot,18582,AC Milan,Udinese,4,2,2022-08-13 16:30:00,Fikayo Tomori,Chipped
1286,482801,0,MissedShots,0.9730000305175781,0.7330000305175781,0.03738050162792206,Rafael Leão,a,7193,OpenPlay,2022,RightFoot,18599,Atalanta,AC Milan,1,1,2022-08-21 18:45:00,Brahim Diaz,Pass
1287,482802,2,SavedShot,0.9030000305175782,0.27,0.03901119902729988,Rafael Leão,a,7193,OpenPlay,2022,RightFoot,18599,Atalanta,AC Milan,1,1,2022-08-21 18:45:00,Ante Rebic,Pass
1288,482813,33,SavedShot,0.7240000152587891,0.57,0.017896899953484535,Rafael Leão,a,7193,OpenPlay,2022,RightFoot,18599,Atalanta,AC Milan,1,1,2022-08-21 18:45:00,Brahim Diaz,Pass
1289,482819,52,MissedShots,0.7530000305175781,0.54,0.022766800597310066,Rafael Leão,a,7193,OpenPlay,2022,RightFoot,18599,Atalanta,AC Milan,1,1,2022-08-21 18:45:00,Ismael Bennacer,Pass
1290,483980,20,Goal,0.905,0.62,0.3884519934654236,Rafael Leão,h,7193,OpenPlay,2022,RightFoot,18606,AC Milan,Bologna,2,0,2022-08-27 18:45:00,Charles De Ketelaere,Pass
1291,483984,27,MissedShots,0.8769999694824219,0.4420000076293945,0.10529900342226028,Rafael Leão,h,7193,OpenPlay,2022,RightFoot,18606,AC Milan,Bologna,2,0,2022-08-27 18:45:00,,Rebound
1292,483985,32,BlockedShot,0.9440000152587891,0.6530000305175782,0.01541990041732788,Rafael Leão,h,7193,OpenPlay,2022,Head,18606,AC Milan,Bologna,2,0,2022-08-27 18:45:00,Charles De Ketelaere,Aerial
1293,483987,38,BlockedShot,0.74,0.5940000152587891,0.023705899715423584,Rafael Leão,h,7193,OpenPlay,2022,LeftFoot,18606,AC Milan,Bologna,2,0,2022-08-27 18:45:00,Ismael Bennacer,Pass
1294,483990,46,SavedShot,0.9430000305175781,0.6370000076293946,0.4093250036239624,Rafael Leão,h,7193,OpenPlay,2022,RightFoot,18606,AC Milan,Bologna,2,0,2022-08-27 18:45:00,Olivier Giroud,Pass
1295,483992,47,BlockedShot,0.755,0.5940000152587891,0.028553100302815437,Rafael Leão,h,7193,OpenPlay,2022,RightFoot,18606,AC Milan,Bologna,2,0,2022-08-27 18:45:00,Charles De Ketelaere,Pass
1296,484808,7,MissedShots,0.88,0.6459999847412109,0.05309030041098595,Rafael Leão,a,7193,OpenPlay,2022,RightFoot,18612,Sassuolo,AC Milan,0,0,2022-08-30 16:30:00,,Rebound
1297,484809,11,MissedShots,0.774000015258789,0.519000015258789,0.06891009956598282,Rafael Leão,a,7193,OpenPlay,2022,RightFoot,18612,Sassuolo,AC Milan,0,0,2022-08-30 16:30:00,,TakeOn
1298,484810,12,BlockedShot,0.904000015258789,0.68,0.0597412995994091,Rafael Leão,a,7193,OpenPlay,2022,RightFoot,18612,Sassuolo,AC Milan,0,0,2022-08-30 16:30:00,Theo Hernández,Pass
1299,484822,69,BlockedShot,0.9080000305175782,0.649000015258789,0.056610699743032455,Rafael Leão,a,7193,FromCorner,2022,RightFoot,18612,Sassuolo,AC Milan,0,0,2022-08-30 16:30:00,,None
1300,484821,69,BlockedShot,0.9219999694824219,0.3579999923706055,0.30683499574661255,Rafael Leão,a,7193,OpenPlay,2022,RightFoot,18612,Sassuolo,AC Milan,0,0,2022-08-30 16:30:00,Junior Messias,Pass
1301,484825,93,SavedShot,0.8619999694824219,0.4329999923706055,0.09558510035276413,Rafael Leão,a,7193,OpenPlay,2022,RightFoot,18612,Sassuolo,AC Milan,0,0,2022-08-30 16:30:00,Charles De Ketelaere,Pass
1302,486101,16,SavedShot,0.7969999694824219,0.7040000152587891,0.024976199492812157,Rafael Leão,h,7193,OpenPlay,2022,RightFoot,18623,AC Milan,Inter,3,2,2022-09-03 16:00:00,Charles De Ketelaere,Pass
1303,486105,27,Goal,0.9230000305175782,0.65,0.25997599959373474,Rafael Leão,h,7193,OpenPlay,2022,LeftFoot,18623,AC Milan,Inter,3,2,2022-09-03 16:00:00,Sandro Tonali,Pass
1304,486114,43,BlockedShot,0.919000015258789,0.6819999694824219,0.06621170043945312,Rafael Leão,h,7193,OpenPlay,2022,LeftFoot,18623,AC Milan,Inter,3,2,2022-09-03 16:00:00,Ismael Bennacer,Pass
1305,486121,59,Goal,0.9480000305175781,0.6480000305175782,0.35303598642349243,Rafael Leão,h,7193,OpenPlay,2022,RightFoot,18623,AC Milan,Inter,3,2,2022-09-03 16:00:00,Olivier Giroud,Pass
1306,486133,87,MissedShots,0.845,0.47,0.09602990001440048,Rafael Leão,h,7193,OpenPlay,2022,RightFoot,18623,AC Milan,Inter,3,2,2022-09-03 16:00:00,Brahim Diaz,Pass
1307,487681,2,BlockedShot,0.8630000305175781,0.6419999694824219,0.09058249741792679,Rafael Leão,a,7193,OpenPlay,2022,LeftFoot,18640,Sampdoria,AC Milan,1,2,2022-09-10 18:45:00,Charles De Ketelaere,Pass
1308,487687,28,MissedShots,0.7730000305175782,0.7169999694824218,0.022486500442028046,Rafael Leão,a,7193,OpenPlay,2022,RightFoot,18640,Sampdoria,AC Milan,1,2,2022-09-10 18:45:00,Theo Hernández,Pass
1309,490411,7,SavedShot,0.9169999694824219,0.5870000076293945,0.4036720097064972,Rafael Leão,a,7193,OpenPlay,2022,RightFoot,18653,Empoli,AC Milan,1,3,2022-10-01 18:45:00,Charles De Ketelaere,Pass
1310,490421,41,MissedShots,0.9230000305175782,0.31799999237060544,0.06822069734334946,Rafael Leão,a,7193,OpenPlay,2022,RightFoot,18653,Empoli,AC Milan,1,3,2022-10-01 18:45:00,Rade Krunic,Pass
1311,490429,60,BlockedShot,0.775,0.575999984741211,0.02860569953918457,Rafael Leão,a,7193,OpenPlay,2022,RightFoot,18653,Empoli,AC Milan,1,3,2022-10-01 18:45:00,Sandro Tonali,Pass
1312,490444,96,Goal,0.815,0.524000015258789,0.2699739933013916,Rafael Leão,a,7193,OpenPlay,2022,RightFoot,18653,Empoli,AC Milan,1,3,2022-10-01 18:45:00,Ante Rebic,Pass
1313,491720,19,ShotOnPost,0.9519999694824218,0.5259999847412109,0.14676299691200256,Rafael Leão,h,7193,FromCorner,2022,RightFoot,18665,AC Milan,Juventus,2,0,2022-10-08 16:00:00,Pierre Kalulu Kyatengwa,Rebound
1314,491722,28,BlockedShot,0.9290000152587891,0.7280000305175781,0.03910059854388237,Rafael Leão,h,7193,FromCorner,2022,RightFoot,18665,AC Milan,Juventus,2,0,2022-10-08 16:00:00,Theo Hernández,TakeOn
1315,491725,33,ShotOnPost,0.7119999694824218,0.58,0.01563440077006817,Rafael Leão,h,7193,OpenPlay,2022,RightFoot,18665,AC Milan,Juventus,2,0,2022-10-08 16:00:00,Ismael Bennacer,Pass
1316,491726,35,BlockedShot,0.745,0.44,0.0166315995156765,Rafael Leão,h,7193,OpenPlay,2022,RightFoot,18665,AC Milan,Juventus,2,0,2022-10-08 16:00:00,Olivier Giroud,Pass
1317,491730,52,MissedShots,0.8019999694824219,0.375,0.045958198606967926,Rafael Leão,h,7193,OpenPlay,2022,RightFoot,18665,AC Milan,Juventus,2,0,2022-10-08 16:00:00,Brahim Diaz,Pass
1318,491737,75,BlockedShot,0.7930000305175782,0.6959999847412109,0.03648440167307854,Rafael Leão,h,7193,OpenPlay,2022,RightFoot,18665,AC Milan,Juventus,2,0,2022-10-08 16:00:00,Rade Krunic,Pass
1319,495153,62,BlockedShot,0.8019999694824219,0.7190000152587891,0.0381494015455246,Rafael Leão,h,7193,OpenPlay,2022,RightFoot,18687,AC Milan,Monza,4,1,2022-10-22 16:00:00,Divock Origi,Pass
1320,495163,83,Goal,0.855,0.5479999923706055,0.112295001745224,Rafael Leão,h,7193,OpenPlay,2022,RightFoot,18687,AC Milan,Monza,4,1,2022-10-22 16:00:00,Theo Hernández,Pass
1321,495164,89,MissedShots,0.8859999847412109,0.659000015258789,0.09667409956455231,Rafael Leão,h,7193,OpenPlay,2022,LeftFoot,18687,AC Milan,Monza,4,1,2022-10-22 16:00:00,Charles De Ketelaere,Pass
1322,497509,2,MissedShots,0.9180000305175782,0.654000015258789,0.06947720050811768,Rafael Leão,a,7193,OpenPlay,2022,LeftFoot,18701,Torino,AC Milan,2,1,2022-10-30 19:45:00,Brahim Diaz,Chipped
1323,497510,5,MissedShots,0.88,0.55,0.3725639879703522,Rafael Leão,a,7193,OpenPlay,2022,RightFoot,18701,Torino,AC Milan,2,1,2022-10-30 19:45:00,Brahim Diaz,Pass
1324,497513,32,MissedShots,0.7769999694824219,0.44299999237060544,0.04433339834213257,Rafael Leão,a,7193,OpenPlay,2022,LeftFoot,18701,Torino,AC Milan,2,1,2022-10-30 19:45:00,Brahim Diaz,LayOff
1325,497515,35,MissedShots,0.7369999694824219,0.4929999923706055,0.01976029947400093,Rafael Leão,a,7193,OpenPlay,2022,LeftFoot,18701,Torino,AC Milan,2,1,2022-10-30 19:45:00,Junior Messias,Pass
1326,498300,27,BlockedShot,0.8530000305175781,0.590999984741211,0.08123389631509781,Rafael Leão,h,7193,OpenPlay,2022,RightFoot,18706,AC Milan,Spezia,2,1,2022-11-05 19:45:00,,None
1327,498307,47,BlockedShot,0.8590000152587891,0.67,0.05815429985523224,Rafael Leão,h,7193,OpenPlay,2022,RightFoot,18706,AC Milan,Spezia,2,1,2022-11-05 19:45:00,Brahim Diaz,Pass
1328,498305,47,BlockedShot,0.8119999694824219,0.4179999923706055,0.060473501682281494,Rafael Leão,h,7193,OpenPlay,2022,LeftFoot,18706,AC Milan,Spezia,2,1,2022-11-05 19:45:00,,None
1329,500841,1,Goal,0.8619999694824219,0.5770000076293945,0.3454299867153168,Rafael Leão,h,7193,OpenPlay,2022,RightFoot,18727,AC Milan,Fiorentina,2,1,2022-11-13 17:00:00,Olivier Giroud,Pass
1330,500854,51,BlockedShot,0.840999984741211,0.3970000076293945,0.06977300345897675,Rafael Leão,h,7193,OpenPlay,2022,RightFoot,18727,AC Milan,Fiorentina,2,1,2022-11-13 17:00:00,Theo Hernández,Pass
1331,500858,75,BlockedShot,0.749000015258789,0.7340000152587891,0.016292300075292587,Rafael Leão,h,7193,OpenPlay,2022,RightFoot,18727,AC Milan,Fiorentina,2,1,2022-11-13 17:00:00,Sandro Tonali,Pass
1332,500860,77,MissedShots,0.914000015258789,0.56,0.4418269991874695,Rafael Leão,h,7193,OpenPlay,2022,RightFoot,18727,AC Milan,Fiorentina,2,1,2022-11-13 17:00:00,Divock Origi,None
1333,500862,83,BlockedShot,0.6909999847412109,0.5220000076293946,0.015599600039422512,Rafael Leão,h,7193,OpenPlay,2022,RightFoot,18727,AC Milan,Fiorentina,2,1,2022-11-13 17:00:00,Theo Hernández,Pass
1334,502273,5,SavedShot,0.875,0.5570000076293945,0.48107999563217163,Rafael Leão,a,7193,OpenPlay,2022,LeftFoot,18737,Salernitana,AC Milan,1,2,2023-01-04 11:30:00,Brahim Diaz,TakeOn
1335,502274,9,Goal,0.9219999694824219,0.8030000305175782,0.36419999599456787,Rafael Leão,a,7193,OpenPlay,2022,LeftFoot,18737,Salernitana,AC Milan,1,2,2023-01-04 11:30:00,Sandro Tonali,TakeOn
1336,503007,47,MissedShots,0.9159999847412109,0.6990000152587891,0.11264300346374512,Rafael Leão,h,7193,OpenPlay,2022,LeftFoot,18747,AC Milan,Roma,2,2,2023-01-08 19:45:00,Ismael Bennacer,Chipped
1337,503689,48,BlockedShot,0.855999984741211,0.7580000305175781,0.022470800206065178,Rafael Leão,a,7193,OpenPlay,2022,RightFoot,18756,Lecce,AC Milan,2,2,2023-01-14 17:00:00,Ismael Bennacer,Pass
1338,503692,57,Goal,0.9209999847412109,0.6859999847412109,0.05410270020365715,Rafael Leão,a,7193,OpenPlay,2022,RightFoot,18756,Lecce,AC Milan,2,2,2023-01-14 17:00:00,Brahim Diaz,BlockedPass
1339,505411,15,BlockedShot,0.8080000305175781,0.55,0.04235529899597168,Rafael Leão,a,7193,OpenPlay,2022,RightFoot,18767,Lazio,AC Milan,4,0,2023-01-24 19:45:00,,None
1340,505419,59,BlockedShot,0.865999984741211,0.755,0.05439930036664009,Rafael Leão,a,7193,OpenPlay,2022,RightFoot,18767,Lazio,AC Milan,4,0,2023-01-24 19:45:00,Sandro Tonali,Pass
1341,505420,61,MissedShots,0.9630000305175781,0.48400001525878905,0.6048489809036255,Rafael Leão,a,7193,OpenPlay,2022,RightFoot,18767,Lazio,AC Milan,4,0,2023-01-24 19:45:00,Alexis Saelemaekers,Chipped
1342,508118,5,BlockedShot,0.8580000305175781,0.28,0.03486799821257591,Rafael Leão,h,7193,OpenPlay,2022,RightFoot,18799,AC Milan,Torino,1,0,2023-02-10 19:45:00,Brahim Diaz,Pass
1343,508128,53,SavedShot,0.9230000305175782,0.3629999923706055,0.4888710081577301,Rafael Leão,h,7193,OpenPlay,2022,RightFoot,18799,AC Milan,Torino,1,0,2023-02-10 19:45:00,,None
1344,509814,18,ShotOnPost,0.7280000305175781,0.6379999923706055,0.015489200130105019,Rafael Leão,a,7193,OpenPlay,2022,RightFoot,18805,Monza,AC Milan,0,1,2023-02-18 17:00:00,Rade Krunic,Pass
1345,509815,24,SavedShot,0.8140000152587891,0.580999984741211,0.08121640235185623,Rafael Leão,a,7193,OpenPlay,2022,RightFoot,18805,Monza,AC Milan,0,1,2023-02-18 17:00:00,Junior Messias,Pass
1346,509825,67,SavedShot,0.909000015258789,0.710999984741211,0.05321839824318886,Rafael Leão,a,7193,OpenPlay,2022,LeftFoot,18805,Monza,AC Milan,0,1,2023-02-18 17:00:00,Rade Krunic,Chipped
1347,511518,32,MissedShots,0.8619999694824219,0.355,0.13656200468540192,Rafael Leão,h,7193,OpenPlay,2022,RightFoot,18814,AC Milan,Atalanta,2,0,2023-02-26 19:45:00,Olivier Giroud,LayOff
1348,511519,36,MissedShots,0.875999984741211,0.625,0.09861080348491669,Rafael Leão,h,7193,OpenPlay,2022,RightFoot,18814,AC Milan,Atalanta,2,0,2023-02-26 19:45:00,Brahim Diaz,Pass
1349,511522,60,SavedShot,0.8490000152587891,0.705,0.04732289910316467,Rafael Leão,h,7193,OpenPlay,2022,RightFoot,18814,AC Milan,Atalanta,2,0,2023-02-26 19:45:00,Olivier Giroud,Chipped
1350,514466,9,BlockedShot,0.7280000305175781,0.4779999923706055,0.017022300511598587,Rafael Leão,h,7193,OpenPlay,2022,RightFoot,18838,AC Milan,Salernitana,1,1,2023-03-13 19:45:00,Fikayo Tomori,BallRecovery
1351,514470,22,MissedShots,0.909000015258789,0.645,0.06752060353755951,Rafael Leão,h,7193,OpenPlay,2022,LeftFoot,18838,AC Milan,Salernitana,1,1,2023-03-13 19:45:00,,None
1352,514473,36,BlockedShot,0.85,0.7030000305175781,0.03800119832158089,Rafael Leão,h,7193,OpenPlay,2022,RightFoot,18838,AC Milan,Salernitana,1,1,2023-03-13 19:45:00,Brahim Diaz,Pass
1353,514477,41,BlockedShot,0.7380000305175781,0.710999984741211,0.015649499371647835,Rafael Leão,h,7193,OpenPlay,2022,RightFoot,18838,AC Milan,Salernitana,1,1,2023-03-13 19:45:00,Pierre Kalulu Kyatengwa,LayOff
1354,514482,51,MissedShots,0.9019999694824219,0.5479999923706055,0.13415299355983734,Rafael Leão,h,7193,OpenPlay,2022,RightFoot,18838,AC Milan,Salernitana,1,1,2023-03-13 19:45:00,Ismael Bennacer,Rebound
1355,515265,22,SavedShot,0.9030000305175782,0.6769999694824219,0.0580655001103878,Rafael Leão,a,7193,OpenPlay,2022,RightFoot,18851,Udinese,AC Milan,3,1,2023-03-18 19:45:00,Sandro Tonali,Pass
1356,515267,39,SavedShot,0.789000015258789,0.73,0.019503800198435783,Rafael Leão,a,7193,OpenPlay,2022,RightFoot,18851,Udinese,AC Milan,3,1,2023-03-18 19:45:00,Sandro Tonali,Pass
1357,515275,72,BlockedShot,0.7230000305175781,0.5629999923706055,0.013299900107085705,Rafael Leão,a,7193,OpenPlay,2022,LeftFoot,18851,Udinese,AC Milan,3,1,2023-03-18 19:45:00,Brahim Diaz,Pass
1358,517240,16,Goal,0.8719999694824219,0.435,0.35180899500846863,Rafael Leão,a,7193,OpenPlay,2022,RightFoot,18859,Napoli,AC Milan,0,4,2023-04-02 18:45:00,Brahim Diaz,Throughball
1359,517250,46,MissedShots,0.7169999694824218,0.6609999847412109,0.016659699380397797,Rafael Leão,a,7193,OpenPlay,2022,LeftFoot,18859,Napoli,AC Milan,0,4,2023-04-02 18:45:00,Sandro Tonali,Pass
1360,517256,58,Goal,0.919000015258789,0.67,0.2714410126209259,Rafael Leão,a,7193,OpenPlay,2022,LeftFoot,18859,Napoli,AC Milan,0,4,2023-04-02 18:45:00,Sandro Tonali,Pass
1361,517675,72,MissedShots,0.8690000152587891,0.6190000152587891,0.02718289941549301,Rafael Leão,h,7193,SetPiece,2022,RightFoot,18867,AC Milan,Empoli,0,0,2023-04-07 19:00:00,Alessandro Florenzi,Cross
1362,521660,39,Goal,0.9640000152587891,0.42900001525878906,0.3499957025051117,Rafael Leão,h,7193,FromCorner,2022,Head,18891,AC Milan,Lecce,2,0,2023-04-23 16:00:00,Sandro Tonali,Cross
1363,521668,72,MissedShots,0.9530000305175781,0.6,0.3409518897533417,Rafael Leão,h,7193,OpenPlay,2022,RightFoot,18891,AC Milan,Lecce,2,0,2023-04-23 16:00:00,Ante Rebic,TakeOn
1364,521670,74,Goal,0.9,0.664000015258789,0.07633467763662338,Rafael Leão,h,7193,OpenPlay,2022,LeftFoot,18891,AC Milan,Lecce,2,0,2023-04-23 16:00:00,Brahim Diaz,None
1365,522852,30,MissedShots,0.805,0.6840000152587891,0.024737900123000145,Rafael Leão,a,7193,OpenPlay,2022,RightFoot,18898,Roma,AC Milan,1,1,2023-04-29 16:00:00,,None
1366,524101,80,MissedShots,0.8930000305175781,0.5879999923706055,0.3429516553878784,Rafael Leão,h,7193,FromCorner,2022,RightFoot,18907,AC Milan,Cremonese,1,1,2023-05-03 19:00:00,Junior Messias,Rebound
1367,524445,7,SavedShot,0.955999984741211,0.5929999923706055,0.30228304862976074,Rafael Leão,h,7193,OpenPlay,2022,LeftFoot,18916,AC Milan,Lazio,2,0,2023-05-06 13:00:00,Olivier Giroud,TakeOn
1368,527694,8,Goal,0.904000015258789,0.5729999923706055,0.39672955870628357,Rafael Leão,h,7193,OpenPlay,2022,RightFoot,18936,AC Milan,Sampdoria,5,1,2023-05-20 18:45:00,Brahim Diaz,Throughball
1369,527695,13,BlockedShot,0.8030000305175782,0.715999984741211,0.01962745003402233,Rafael Leão,h,7193,OpenPlay,2022,RightFoot,18936,AC Milan,Sampdoria,5,1,2023-05-20 18:45:00,Davide Calabria,Cross
1370,527704,46,BlockedShot,0.92,0.585999984741211,0.40359067916870117,Rafael Leão,h,7193,OpenPlay,2022,RightFoot,18936,AC Milan,Sampdoria,5,1,2023-05-20 18:45:00,Sandro Tonali,Foul
1371,530277,77,MissedShots,0.8490000152587891,0.6719999694824219,0.06188829988241196,Rafael Leão,a,7193,OpenPlay,2022,RightFoot,18946,Juventus,AC Milan,0,1,2023-05-28 18:45:00,Theo Hernández,Pass
1372,531163,5,BlockedShot,0.9,0.6659999847412109,0.07592455297708511,Rafael Leão,h,7193,OpenPlay,2022,RightFoot,18956,AC Milan,Verona,3,1,2023-06-04 19:00:00,Rade Krunic,Pass
1373,531176,74,BlockedShot,0.914000015258789,0.5459999847412109,0.053830962628126144,Rafael Leão,h,7193,OpenPlay,2022,Head,18956,AC Milan,Verona,3,1,2023-06-04 19:00:00,,None
1374,531179,84,Goal,0.745,0.47200000762939454,0.023723063990473747,Rafael Leão,h,7193,OpenPlay,2022,RightFoot,18956,AC Milan,Verona,3,1,2023-06-04 19:00:00,Fikayo Tomori,Pass
1375,531181,91,Goal,0.9780000305175781,0.5259999847412109,0.979946494102478,Rafael Leão,h,7193,OpenPlay,2022,RightFoot,18956,AC Milan,Verona,3,1,2023-06-04 19:00:00,Alexis Saelemaekers,TakeOn
1376,534191,28,BlockedShot,0.9530000305175781,0.6040000152587891,0.10395108908414841,Rafael Leão,a,7193,FromCorner,2023,RightFoot,22314,Bologna,AC Milan,0,2,2023-08-21 18:45:00,Ruben Loftus-Cheek,Rebound
1377,534204,89,BlockedShot,0.9130000305175782,0.6759999847412109,0.26081833243370056,Rafael Leão,a,7193,OpenPlay,2023,LeftFoot,22314,Bologna,AC Milan,0,2,2023-08-21 18:45:00,Rade Krunic,Pass
1378,535044,4,SavedShot,0.7919999694824219,0.75,0.01011014822870493,Rafael Leão,h,7193,OpenPlay,2023,RightFoot,22317,AC Milan,Torino,4,1,2023-08-26 18:45:00,Olivier Giroud,Chipped
1379,535051,23,MissedShots,0.765,0.5690000152587891,0.023785781115293503,Rafael Leão,h,7193,OpenPlay,2023,LeftFoot,22317,AC Milan,Torino,4,1,2023-08-26 18:45:00,,None
1380,535841,27,BlockedShot,0.8490000152587891,0.7609999847412109,0.08790262788534164,Rafael Leão,a,7193,OpenPlay,2023,RightFoot,22326,Roma,AC Milan,1,2,2023-09-01 18:45:00,Malick Thiaw,Chipped
1381,535844,47,Goal,0.925,0.5359999847412109,0.13607743382453918,Rafael Leão,a,7193,OpenPlay,2023,RightFoot,22326,Roma,AC Milan,1,2,2023-09-01 18:45:00,Davide Calabria,Cross
1382,537783,56,Goal,0.9069999694824219,0.5940000152587891,0.3135691285133362,Rafael Leão,a,7193,OpenPlay,2023,RightFoot,22336,Inter,AC Milan,5,1,2023-09-16 16:00:00,Olivier Giroud,Throughball
1383,538908,7,Goal,0.8690000152587891,0.56,0.2634730339050293,Rafael Leão,h,7193,OpenPlay,2023,LeftFoot,22352,AC Milan,Verona,1,0,2023-09-23 13:00:00,Olivier Giroud,BallRecovery
1384,538919,61,BlockedShot,0.8909999847412109,0.5479999923706055,0.15034544467926025,Rafael Leão,h,7193,OpenPlay,2023,RightFoot,22352,AC Milan,Verona,1,0,2023-09-23 13:00:00,Alessandro Florenzi,Pass
1385,540246,91,BlockedShot,0.9059999847412109,0.23700000762939452,0.022575492039322853,Rafael Leão,a,7193,SetPiece,2023,RightFoot,22355,Cagliari,AC Milan,1,3,2023-09-27 16:30:00,,None
1386,541403,32,SavedShot,0.8909999847412109,0.720999984741211,0.06707978993654251,Rafael Leão,h,7193,OpenPlay,2023,LeftFoot,22373,AC Milan,Lazio,2,0,2023-09-30 16:00:00,Christian Pulisic,Pass
1387,541418,80,BlockedShot,0.7519999694824219,0.505,0.04996361956000328,Rafael Leão,h,7193,OpenPlay,2023,RightFoot,22373,AC Milan,Lazio,2,0,2023-09-30 16:00:00,Tijjani Reijnders,TakeOn
1388,542896,64,SavedShot,0.9269999694824219,0.57,0.05277511477470398,Rafael Leão,a,7193,OpenPlay,2023,Head,22378,Genoa,AC Milan,0,1,2023-10-07 18:45:00,Alessandro Florenzi,Aerial
1389,544911,45,BlockedShot,0.875,0.675,0.05571821331977844,Rafael Leão,h,7193,OpenPlay,2023,RightFoot,22391,AC Milan,Juventus,0,1,2023-10-22 18:45:00,Olivier Giroud,Pass
1390,544914,72,MissedShots,0.925,0.44599998474121094,0.05437816306948662,Rafael Leão,h,7193,SetPiece,2023,Head,22391,AC Milan,Juventus,0,1,2023-10-22 18:45:00,Rade Krunic,Aerial
1391,546368,52,MissedShots,0.750999984741211,0.4540000152587891,0.0308153685182333,Rafael Leão,a,7193,OpenPlay,2023,RightFoot,22404,Napoli,AC Milan,2,2,2023-10-29 19:45:00,,Dispossessed
1392,546377,66,SavedShot,0.7730000305175782,0.6609999847412109,0.01788761466741562,Rafael Leão,a,7193,OpenPlay,2023,RightFoot,22404,Napoli,AC Milan,2,2,2023-10-29 19:45:00,Yunus Musah,Pass
1393,547099,31,MissedShots,0.8590000152587891,0.6669999694824219,0.04772401973605156,Rafael Leão,h,7193,OpenPlay,2023,RightFoot,22410,AC Milan,Udinese,0,1,2023-11-04 19:45:00,,None
1394,547110,73,BlockedShot,0.8530000305175781,0.6120000076293945,0.04381341114640236,Rafael Leão,h,7193,OpenPlay,2023,RightFoot,22410,AC Milan,Udinese,0,1,2023-11-04 19:45:00,Davide Calabria,Cross
1395,547111,78,BlockedShot,0.95,0.7030000305175781,0.052601370960474014,Rafael Leão,h,7193,OpenPlay,2023,RightFoot,22410,AC Milan,Udinese,0,1,2023-11-04 19:45:00,Malick Thiaw,TakeOn
1396,547118,95,MissedShots,0.71,0.624000015258789,0.013980570249259472,Rafael Leão,h,7193,OpenPlay,2023,RightFoot,22410,AC Milan,Udinese,0,1,2023-11-04 19:45:00,Ruben Loftus-Cheek,Pass
1397,554581,9,MissedShots,0.799000015258789,0.6509999847412109,0.0804789811372757,Rafael Leão,h,7193,OpenPlay,2023,LeftFoot,22459,AC Milan,Monza,3,0,2023-12-17 11:30:00,,TakeOn
1398,556015,1,BlockedShot,0.784000015258789,0.710999984741211,0.02076401747763157,Rafael Leão,a,7193,OpenPlay,2023,RightFoot,22473,Salernitana,AC Milan,2,2,2023-12-22 19:45:00,Olivier Giroud,Pass
1399,556016,5,MissedShots,0.7280000305175781,0.5120000076293946,0.01822219043970108,Rafael Leão,a,7193,OpenPlay,2023,RightFoot,22473,Salernitana,AC Milan,2,2,2023-12-22 19:45:00,Tijjani Reijnders,Pass
1400,556054,92,MissedShots,0.7580000305175781,0.5670000076293945,0.02434062398970127,Rafael Leão,a,7193,OpenPlay,2023,RightFoot,22473,Salernitana,AC Milan,2,2,2023-12-22 19:45:00,Mike Maignan,Pass
1401,557058,24,BlockedShot,0.9290000152587891,0.6580000305175782,0.05841716751456261,Rafael Leão,h,7193,OpenPlay,2023,LeftFoot,22481,AC Milan,Sassuolo,1,0,2023-12-30 17:00:00,Ismael Bennacer,Chipped
1402,557060,31,MissedShots,0.9230000305175782,0.5640000152587891,0.10229978710412979,Rafael Leão,h,7193,OpenPlay,2023,Head,22481,AC Milan,Sassuolo,1,0,2023-12-30 17:00:00,Christian Pulisic,Cross
1403,557071,53,BlockedShot,0.84,0.610999984741211,0.06600558757781982,Rafael Leão,h,7193,OpenPlay,2023,RightFoot,22481,AC Milan,Sassuolo,1,0,2023-12-30 17:00:00,Ruben Loftus-Cheek,Pass
1404,557081,79,BlockedShot,0.92,0.634000015258789,0.10787978768348694,Rafael Leão,h,7193,OpenPlay,2023,RightFoot,22481,AC Milan,Sassuolo,1,0,2023-12-30 17:00:00,Tijjani Reijnders,Pass
1405,557640,1,BlockedShot,0.8480000305175781,0.8140000152587891,0.01911148987710476,Rafael Leão,a,7193,OpenPlay,2023,RightFoot,22486,Empoli,AC Milan,0,3,2024-01-07 11:30:00,Tijjani Reijnders,Pass
1406,557658,63,MissedShots,0.8819999694824219,0.7169999694824218,0.060652878135442734,Rafael Leão,a,7193,OpenPlay,2023,RightFoot,22486,Empoli,AC Milan,0,3,2024-01-07 11:30:00,Tijjani Reijnders,Pass
1407,557664,73,BlockedShot,0.899000015258789,0.6359999847412109,0.09680917859077454,Rafael Leão,a,7193,OpenPlay,2023,RightFoot,22486,Empoli,AC Milan,0,3,2024-01-07 11:30:00,Alejandro Jiménez,Cross
1408,559982,18,SavedShot,0.919000015258789,0.6659999847412109,0.10727526247501373,Rafael Leão,h,7193,OpenPlay,2023,LeftFoot,22518,AC Milan,Bologna,2,2,2024-01-27 19:45:00,Ruben Loftus-Cheek,Pass
1409,559997,49,MissedShots,0.7930000305175782,0.3390000152587891,0.02487368881702423,Rafael Leão,h,7193,OpenPlay,2023,RightFoot,22518,AC Milan,Bologna,2,2,2024-01-27 19:45:00,,None
1410,560004,69,MissedShots,0.9109999847412109,0.5520000076293945,0.3360585570335388,Rafael Leão,h,7193,OpenPlay,2023,LeftFoot,22518,AC Milan,Bologna,2,2,2024-01-27 19:45:00,Christian Pulisic,Cross
1411,560006,80,MissedShots,0.879000015258789,0.605,0.05571326985955238,Rafael Leão,h,7193,FromCorner,2023,LeftFoot,22518,AC Milan,Bologna,2,2,2024-01-27 19:45:00,Theo Hernández,Pass
1412,561328,26,BlockedShot,0.86,0.7240000152587891,0.03965900093317032,Rafael Leão,a,7193,OpenPlay,2023,RightFoot,22531,Frosinone,AC Milan,2,3,2024-02-03 17:00:00,Tijjani Reijnders,TakeOn
1413,561332,59,BlockedShot,0.9590000152587891,0.639000015258789,0.11514731496572495,Rafael Leão,a,7193,OpenPlay,2023,RightFoot,22531,Frosinone,AC Milan,2,3,2024-02-03 17:00:00,Olivier Giroud,TakeOn
1414,563245,27,SavedShot,0.7609999847412109,0.7330000305175781,0.020160997286438942,Rafael Leão,h,7193,OpenPlay,2023,RightFoot,22539,AC Milan,Napoli,1,0,2024-02-11 19:45:00,Ruben Loftus-Cheek,Pass
1415,563252,52,MissedShots,0.7630000305175781,0.6869999694824219,0.02281465008854866,Rafael Leão,h,7193,OpenPlay,2023,RightFoot,22539,AC Milan,Napoli,1,0,2024-02-11 19:45:00,Matteo Gabbia,BallRecovery
1416,563258,69,MissedShots,0.8719999694824219,0.6419999694824219,0.08686159551143646,Rafael Leão,h,7193,OpenPlay,2023,RightFoot,22539,AC Milan,Napoli,1,0,2024-02-11 19:45:00,Yunus Musah,Pass
1417,565887,2,Goal,0.9230000305175782,0.74,0.04196614399552345,Rafael Leão,h,7193,OpenPlay,2023,RightFoot,22560,AC Milan,Atalanta,1,1,2024-02-25 19:45:00,Theo Hernández,TakeOn
1418,565897,35,BlockedShot,0.7580000305175781,0.7630000305175781,0.014573471620678902,Rafael Leão,h,7193,OpenPlay,2023,RightFoot,22560,AC Milan,Atalanta,1,1,2024-02-25 19:45:00,,None
1419,565910,79,SavedShot,0.9530000305175781,0.68,0.04973246902227402,Rafael Leão,h,7193,OpenPlay,2023,RightFoot,22560,AC Milan,Atalanta,1,1,2024-02-25 19:45:00,Theo Hernández,Chipped
1420,566212,47,MissedShots,0.7,0.610999984741211,0.014232379384338856,Rafael Leão,a,7193,OpenPlay,2023,LeftFoot,22568,Lazio,AC Milan,0,1,2024-03-01 19:45:00,Ismael Bennacer,Pass
1421,569860,67,BlockedShot,0.7819999694824219,0.5770000076293945,0.038593605160713196,Rafael Leão,a,7193,OpenPlay,2023,RightFoot,22588,Verona,AC Milan,1,3,2024-03-17 14:00:00,Tijjani Reijnders,Pass
1422,569862,69,MissedShots,0.8540000152587891,0.5579999923706055,0.5468553900718689,Rafael Leão,a,7193,OpenPlay,2023,RightFoot,22588,Verona,AC Milan,1,3,2024-03-17 14:00:00,Olivier Giroud,Throughball
1423,571007,11,MissedShots,0.8959999847412109,0.6769999694824219,0.19669121503829956,Rafael Leão,a,7193,OpenPlay,2023,RightFoot,22601,Fiorentina,AC Milan,1,2,2024-03-30 19:45:00,Tijjani Reijnders,TakeOn
1424,571015,31,SavedShot,0.955,0.6630000305175782,0.2567899823188782,Rafael Leão,a,7193,OpenPlay,2023,RightFoot,22601,Fiorentina,AC Milan,1,2,2024-03-30 19:45:00,Tijjani Reijnders,Pass
1425,571018,42,SavedShot,0.914000015258789,0.34599998474121096,0.06281115859746933,Rafael Leão,a,7193,OpenPlay,2023,RightFoot,22601,Fiorentina,AC Milan,1,2,2024-03-30 19:45:00,Samuel Chukwueze,Chipped
1426,571022,52,Goal,0.9159999847412109,0.45299999237060545,0.8079273104667664,Rafael Leão,a,7193,OpenPlay,2023,RightFoot,22601,Fiorentina,AC Milan,1,2,2024-03-30 19:45:00,Tijjani Reijnders,TakeOn
1427,572179,10,BlockedShot,0.875,0.715999984741211,0.05101478472352028,Rafael Leão,h,7193,OpenPlay,2023,RightFoot,22612,AC Milan,Lecce,3,0,2024-04-06 13:00:00,Samuel Chukwueze,Pass
1428,572187,56,Goal,0.8809999847412109,0.5929999923706055,0.3930060863494873,Rafael Leão,h,7193,OpenPlay,2023,LeftFoot,22612,AC Milan,Lecce,3,0,2024-04-06 13:00:00,Yacine Adli,Throughball
1429,574225,12,BlockedShot,0.9409999847412109,0.6669999694824219,0.042912427335977554,Rafael Leão,a,7193,FromCorner,2023,RightFoot,22620,Sassuolo,AC Milan,3,3,2024-04-14 13:00:00,,OffsidePass
1430,574229,19,Goal,0.8830000305175781,0.6379999923706055,0.0678277239203453,Rafael Leão,a,7193,OpenPlay,2023,RightFoot,22620,Sassuolo,AC Milan,3,3,2024-04-14 13:00:00,Yunus Musah,TakeOn
1431,575916,28,MissedShots,0.775,0.66,0.023140965029597282,Rafael Leão,h,7193,OpenPlay,2023,RightFoot,22633,AC Milan,Inter,1,2,2024-04-22 18:45:00,Tijjani Reijnders,Pass
1432,575915,28,SavedShot,0.89,0.624000015258789,0.4793343245983124,Rafael Leão,h,7193,OpenPlay,2023,LeftFoot,22633,AC Milan,Inter,1,2,2024-04-22 18:45:00,Yunus Musah,Pass
1433,576957,24,MissedShots,0.715,0.49900001525878906,0.03663968667387962,Rafael Leão,a,7193,OpenPlay,2023,RightFoot,22638,Juventus,AC Milan,0,0,2024-04-27 16:00:00,Christian Pulisic,Pass
1434,576973,78,BlockedShot,0.86,0.6609999847412109,0.05068100243806839,Rafael Leão,a,7193,OpenPlay,2023,RightFoot,22638,Juventus,AC Milan,0,0,2024-04-27 16:00:00,Alessandro Florenzi,Pass
1435,579095,18,BlockedShot,0.8059999847412109,0.61,0.03332975506782532,Rafael Leão,h,7193,OpenPlay,2023,RightFoot,22650,AC Milan,Genoa,3,3,2024-05-05 16:00:00,Christian Pulisic,Pass
1436,579101,37,SavedShot,0.8569999694824219,0.519000015258789,0.06378031522035599,Rafael Leão,h,7193,OpenPlay,2023,RightFoot,22650,AC Milan,Genoa,3,3,2024-05-05 16:00:00,,BallRecovery
1437,579104,38,BlockedShot,0.9680000305175781,0.395,0.09602264314889908,Rafael Leão,h,7193,FromCorner,2023,RightFoot,22650,AC Milan,Genoa,3,3,2024-05-05 16:00:00,,Rebound
1438,579110,63,MissedShots,0.7080000305175781,0.385,0.015694452449679375,Rafael Leão,h,7193,OpenPlay,2023,RightFoot,22650,AC Milan,Genoa,3,3,2024-05-05 16:00:00,Tijjani Reijnders,Pass
1439,580192,48,ShotOnPost,0.9580000305175781,0.5640000152587891,0.461677610874176,Rafael Leão,h,7193,OpenPlay,2023,LeftFoot,22663,AC Milan,Cagliari,5,1,2024-05-11 18:45:00,Christian Pulisic,Cross
1440,580207,80,SavedShot,0.8109999847412109,0.5329999923706055,0.06527334451675415,Rafael Leão,h,7193,OpenPlay,2023,RightFoot,22663,AC Milan,Cagliari,5,1,2024-05-11 18:45:00,Christian Pulisic,Pass
1441,580208,82,Goal,0.970999984741211,0.5220000076293946,0.9791815876960754,Rafael Leão,h,7193,OpenPlay,2023,RightFoot,22663,AC Milan,Cagliari,5,1,2024-05-11 18:45:00,Ismael Bennacer,TakeOn
1442,580209,84,SavedShot,0.9030000305175782,0.6669999694824219,0.2567567229270935,Rafael Leão,h,7193,OpenPlay,2023,LeftFoot,22663,AC Milan,Cagliari,5,1,2024-05-11 18:45:00,Tommaso Pobega,Pass
1443,581843,86,SavedShot,0.8680000305175781,0.4829999923706055,0.2620925307273865,Rafael Leão,a,7193,OpenPlay,2023,RightFoot,22674,Torino,AC Milan,3,1,2024-05-18 18:45:00,Alessandro Florenzi,TakeOn
1444,583338,2,SavedShot,0.915,0.6630000305175782,0.08376824110746384,Rafael Leão,h,7193,OpenPlay,2023,RightFoot,22682,AC Milan,Salernitana,3,3,2024-05-25 18:45:00,Olivier Giroud,Pass
1445,583345,21,Goal,0.9719999694824218,0.5209999847412109,0.6944934725761414,Rafael Leão,h,7193,OpenPlay,2023,RightFoot,22682,AC Milan,Salernitana,3,3,2024-05-25 18:45:00,,None
1446,585047,5,BlockedShot,0.9209999847412109,0.6890000152587891,0.08846275508403778,Rafael Leão,h,7193,OpenPlay,2024,LeftFoot,27365,AC Milan,Torino,2,2,2024-08-17 18:45:00,Christian Pulisic,Pass
1447,585049,6,MissedShots,0.955999984741211,0.5370000076293945,0.5998543500900269,Rafael Leão,h,7193,FromCorner,2024,RightFoot,27365,AC Milan,Torino,2,2,2024-08-17 18:45:00,,Rebound
1448,585052,20,SavedShot,0.7580000305175781,0.33099998474121095,0.014814427122473717,Rafael Leão,h,7193,OpenPlay,2024,RightFoot,27365,AC Milan,Torino,2,2,2024-08-17 18:45:00,,None
1449,585053,24,MissedShots,0.8169999694824219,0.6530000305175782,0.03863939642906189,Rafael Leão,h,7193,OpenPlay,2024,LeftFoot,27365,AC Milan,Torino,2,2,2024-08-17 18:45:00,Alexis Saelemaekers,Pass
1450,585057,40,SavedShot,0.855,0.5879999923706055,0.17630186676979065,Rafael Leão,h,7193,OpenPlay,2024,RightFoot,27365,AC Milan,Torino,2,2,2024-08-17 18:45:00,Ruben Loftus-Cheek,TakeOn
1451,585067,73,BlockedShot,0.889000015258789,0.6129999923706054,0.019157761707901955,Rafael Leão,h,7193,OpenPlay,2024,Head,27365,AC Milan,Torino,2,2,2024-08-17 18:45:00,Fikayo Tomori,Aerial
1452,585071,80,BlockedShot,0.884000015258789,0.669000015258789,0.06590963155031204,Rafael Leão,h,7193,OpenPlay,2024,RightFoot,27365,AC Milan,Torino,2,2,2024-08-17 18:45:00,Theo Hernández,Pass
1453,586287,47,MissedShots,0.7180000305175781,0.44299999237060544,0.01586279831826687,Rafael Leão,a,7193,OpenPlay,2024,RightFoot,27372,Parma Calcio 1913,AC Milan,2,1,2024-08-24 16:30:00,Theo Hernández,Pass
1454,586290,48,MissedShots,0.855,0.6070000076293945,0.05477495118975639,Rafael Leão,a,7193,OpenPlay,2024,RightFoot,27372,Parma Calcio 1913,AC Milan,2,1,2024-08-24 16:30:00,,Rebound
1455,586295,67,MissedShots,0.8059999847412109,0.6320000076293946,0.0809684470295906,Rafael Leão,a,7193,OpenPlay,2024,RightFoot,27372,Parma Calcio 1913,AC Milan,2,1,2024-08-24 16:30:00,Christian Pulisic,Chipped
1456,586298,88,BlockedShot,0.8469999694824218,0.675,0.04488760977983475,Rafael Leão,a,7193,OpenPlay,2024,RightFoot,27372,Parma Calcio 1913,AC Milan,2,1,2024-08-24 16:30:00,Luka Jovic,Pass
1457,589637,71,Goal,0.8930000305175781,0.435,0.10796714574098587,Rafael Leão,a,7193,OpenPlay,2024,RightFoot,27387,Lazio,AC Milan,2,2,2024-08-31 18:45:00,Tammy Abraham,Pass
1458,591102,48,SavedShot,0.835999984741211,0.4759999847412109,0.23920127749443054,Rafael Leão,h,7193,OpenPlay,2024,RightFoot,27398,AC Milan,Venezia,4,0,2024-09-14 18:45:00,Ruben Loftus-Cheek,Pass
1459,593275,45,SavedShot,0.924000015258789,0.5609999847412109,0.3154103755950928,Rafael Leão,a,7193,OpenPlay,2024,Head,27406,Inter,AC Milan,1,2,2024-09-22 18:45:00,Emerson,Cross
1460,593282,69,SavedShot,0.8419999694824218,0.6880000305175781,0.061733972281217575,Rafael Leão,a,7193,OpenPlay,2024,RightFoot,27406,Inter,AC Milan,1,2,2024-09-22 18:45:00,Álvaro Morata,Pass
1461,593284,73,MissedShots,0.7559999847412109,0.5990000152587891,0.015772737562656403,Rafael Leão,a,7193,OpenPlay,2024,RightFoot,27406,Inter,AC Milan,1,2,2024-09-22 18:45:00,Álvaro Morata,Cross
1462,593285,74,SavedShot,0.9080000305175782,0.6630000305175782,0.29183652997016907,Rafael Leão,a,7193,OpenPlay,2024,LeftFoot,27406,Inter,AC Milan,1,2,2024-09-22 18:45:00,Tammy Abraham,Pass
1463,593691,44,BlockedShot,0.8480000305175781,0.5990000152587891,0.07651029527187347,Rafael Leão,h,7193,OpenPlay,2024,RightFoot,27417,AC Milan,Lecce,3,0,2024-09-27 18:45:00,Theo Hernández,BallRecovery
1464,593695,58,MissedShots,0.89,0.7180000305175781,0.06429945677518845,Rafael Leão,h,7193,OpenPlay,2024,RightFoot,27417,AC Milan,Lecce,3,0,2024-09-27 18:45:00,Ruben Loftus-Cheek,Pass
1465,593707,89,SavedShot,0.759000015258789,0.4490000152587891,0.01986619085073471,Rafael Leão,h,7193,OpenPlay,2024,RightFoot,27417,AC Milan,Lecce,3,0,2024-09-27 18:45:00,Tijjani Reijnders,TakeOn
1466,596472,22,BlockedShot,0.799000015258789,0.48400001525878905,0.046373624354600906,Rafael Leão,a,7193,OpenPlay,2024,RightFoot,27426,Fiorentina,AC Milan,2,1,2024-10-06 18:45:00,Tammy Abraham,Pass
1467,596476,30,SavedShot,0.8380000305175781,0.6830000305175781,0.040555473417043686,Rafael Leão,a,7193,OpenPlay,2024,LeftFoot,27426,Fiorentina,AC Milan,2,1,2024-10-06 18:45:00,Theo Hernández,Pass
1468,596478,36,SavedShot,0.83,0.710999984741211,0.0619695819914341,Rafael Leão,a,7193,OpenPlay,2024,LeftFoot,27426,Fiorentina,AC Milan,2,1,2024-10-06 18:45:00,,BallRecovery
1469,599530,82,SavedShot,0.860999984741211,0.6530000305175782,0.047211676836013794,Rafael Leão,h,7193,OpenPlay,2024,RightFoot,27459,AC Milan,Napoli,0,2,2024-10-29 19:45:00,Mike Maignan,Pass
1470,600438,63,MissedShots,0.8819999694824219,0.555,0.12343797087669373,Rafael Leão,a,7193,OpenPlay,2024,RightFoot,27465,Monza,AC Milan,0,1,2024-11-02 19:45:00,Tijjani Reijnders,Pass
1471,600444,84,SavedShot,0.875999984741211,0.4570000076293945,0.337519109249115,Rafael Leão,a,7193,OpenPlay,2024,RightFoot,27465,Monza,AC Milan,0,1,2024-11-02 19:45:00,Mike Maignan,TakeOn
1472,600446,89,MissedShots,0.8480000305175781,0.455,0.06500229984521866,Rafael Leão,a,7193,OpenPlay,2024,RightFoot,27465,Monza,AC Milan,0,1,2024-11-02 19:45:00,Yunus Musah,Cross
1473,601616,8,MissedShots,0.8590000152587891,0.5579999923706055,0.08565126359462738,Rafael Leão,a,7193,OpenPlay,2024,LeftFoot,27478,Cagliari,AC Milan,3,3,2024-11-09 17:00:00,Samuel Chukwueze,Pass
1474,601617,14,Goal,0.914000015258789,0.6229999923706054,0.27735093235969543,Rafael Leão,a,7193,OpenPlay,2024,RightFoot,27478,Cagliari,AC Milan,3,3,2024-11-09 17:00:00,Tijjani Reijnders,Chipped
1475,601622,39,Goal,0.885,0.385,0.5744020342826843,Rafael Leão,a,7193,OpenPlay,2024,RightFoot,27478,Cagliari,AC Milan,3,3,2024-11-09 17:00:00,Youssouf Fofana,TakeOn
1476,604310,18,BlockedShot,0.895,0.4,0.10892287641763687,Rafael Leão,h,7193,OpenPlay,2024,LeftFoot,27498,AC Milan,Empoli,3,0,2024-11-30 17:00:00,Emerson,Pass
1477,604316,37,SavedShot,0.8769999694824219,0.6459999847412109,0.08850497752428055,Rafael Leão,h,7193,OpenPlay,2024,RightFoot,27498,AC Milan,Empoli,3,0,2024-11-30 17:00:00,Tijjani Reijnders,Pass
1478,607876,70,BlockedShot,0.86,0.764000015258789,0.026983080431818962,Rafael Leão,h,7193,OpenPlay,2024,RightFoot,27520,AC Milan,Genoa,0,0,2024-12-15 19:45:00,Álvaro Morata,Pass
1479,607886,94,BlockedShot,0.889000015258789,0.33299999237060546,0.009534639306366444,Rafael Leão,h,7193,OpenPlay,2024,Head,27520,AC Milan,Genoa,0,0,2024-12-15 19:45:00,Alejandro Jiménez,Aerial
1480,608090,10,BlockedShot,0.924000015258789,0.6869999694824219,0.036912161856889725,Rafael Leão,a,7193,FromCorner,2024,RightFoot,27522,Verona,AC Milan,0,1,2024-12-20 19:45:00,Malick Thiaw,BallTouch
1481,52015,64,BlockedShot,0.91,0.49400001525878906,0.13746799528598785,Tammy Abraham,h,702,OpenPlay,2015,RightFoot,452,Chelsea,Leicester,1,1,2016-05-15 18:00:00,Eden Hazard,Pass
1482,52023,90,MissedShots,0.8240000152587891,0.7119999694824218,0.027639899402856827,Tammy Abraham,h,702,OpenPlay,2015,RightFoot,452,Chelsea,Leicester,1,1,2016-05-15 18:00:00,Cesc Fàbregas,Pass
1483,158315,9,MissedShots,0.9219999694824219,0.46,0.11461599916219711,Tammy Abraham,a,702,OpenPlay,2017,Head,7122,Southampton,Swansea,0,0,2017-08-12 15:00:00,Wayne Routledge,Cross
1484,158326,43,BlockedShot,0.779000015258789,0.4329999923706055,0.0296385008841753,Tammy Abraham,a,702,OpenPlay,2017,RightFoot,7122,Southampton,Swansea,0,0,2017-08-12 15:00:00,Tom Carroll,Pass
1485,158327,45,BlockedShot,0.8819999694824219,0.43099998474121093,0.22616000473499298,Tammy Abraham,a,702,OpenPlay,2017,LeftFoot,7122,Southampton,Swansea,0,0,2017-08-12 15:00:00,Leroy Fer,TakeOn
1486,159008,60,MissedShots,0.879000015258789,0.5459999847412109,0.17404499650001526,Tammy Abraham,h,702,OpenPlay,2017,Head,7129,Swansea,Manchester United,0,4,2017-08-19 12:30:00,Tom Carroll,Cross
1487,159325,35,BlockedShot,0.9359999847412109,0.565,0.10368499904870987,Tammy Abraham,a,702,OpenPlay,2017,RightFoot,7141,Crystal Palace,Swansea,0,2,2017-08-26 15:00:00,,None
1488,159328,43,Goal,0.9130000305175782,0.534000015258789,0.10331899672746658,Tammy Abraham,a,702,OpenPlay,2017,RightFoot,7141,Crystal Palace,Swansea,0,2,2017-08-26 15:00:00,Leroy Fer,Cross
1489,159533,55,MissedShots,0.865,0.43099998474121093,0.022543499246239662,Tammy Abraham,h,702,OpenPlay,2017,Head,7157,Swansea,Newcastle United,0,1,2017-09-10 16:00:00,Kyle Naughton,Cross
1490,159536,59,BlockedShot,0.9319999694824219,0.40400001525878904,0.6596059799194336,Tammy Abraham,h,702,OpenPlay,2017,RightFoot,7157,Swansea,Newcastle United,0,1,2017-09-10 16:00:00,Leroy Fer,TakeOn
1491,159908,55,Goal,0.9819999694824219,0.46599998474121096,0.9273549914360046,Tammy Abraham,h,702,OpenPlay,2017,RightFoot,7171,Swansea,Watford,1,2,2017-09-23 15:00:00,,Rebound
1492,160381,25,BlockedShot,0.835,0.4640000152587891,0.026128200814127922,Tammy Abraham,a,702,OpenPlay,2017,RightFoot,7183,West Ham,Swansea,1,0,2017-09-30 15:00:00,,Aerial
1493,160573,7,SavedShot,0.875999984741211,0.40900001525878904,0.08349969983100891,Tammy Abraham,h,702,OpenPlay,2017,RightFoot,7196,Swansea,Huddersfield,2,0,2017-10-14 15:00:00,Tom Carroll,Chipped
1494,160577,41,Goal,0.9059999847412109,0.5029999923706054,0.4672040045261383,Tammy Abraham,h,702,OpenPlay,2017,RightFoot,7196,Swansea,Huddersfield,2,0,2017-10-14 15:00:00,Tom Carroll,Pass
1495,160580,47,Goal,0.9830000305175781,0.46299999237060546,0.926393985748291,Tammy Abraham,h,702,OpenPlay,2017,RightFoot,7196,Swansea,Huddersfield,2,0,2017-10-14 15:00:00,Jordan Ayew,Rebound
1496,159610,21,MissedShots,0.905,0.42200000762939455,0.04017319902777672,Tammy Abraham,h,702,FromCorner,2017,Head,7206,Swansea,Leicester,1,2,2017-10-21 15:00:00,Tom Carroll,Cross
1497,159611,22,SavedShot,0.865,0.545,0.05730050057172775,Tammy Abraham,h,702,OpenPlay,2017,RightFoot,7206,Swansea,Leicester,1,2,2017-10-21 15:00:00,Martin Olsson,Cross
1498,159623,58,MissedShots,0.879000015258789,0.5729999923706055,0.017745299264788628,Tammy Abraham,h,702,OpenPlay,2017,Head,7206,Swansea,Leicester,1,2,2017-10-21 15:00:00,Kyle Naughton,Aerial
1499,159704,76,MissedShots,0.8480000305175781,0.43599998474121093,0.06058439984917641,Tammy Abraham,a,702,SetPiece,2017,RightFoot,7209,Arsenal,Swansea,2,1,2017-10-28 15:00:00,,None
1500,161267,51,MissedShots,0.92,0.495,0.10175900161266327,Tammy Abraham,h,702,FromCorner,2017,RightFoot,7225,Swansea,Brighton,0,1,2017-11-04 15:00:00,,BallTouch
1501,161264,51,SavedShot,0.94,0.43,0.1021599993109703,Tammy Abraham,h,702,OpenPlay,2017,RightFoot,7225,Swansea,Brighton,0,1,2017-11-04 15:00:00,Nathan Dyer,Pass
1502,161272,93,BlockedShot,0.88,0.495,0.07449880242347717,Tammy Abraham,h,702,OpenPlay,2017,RightFoot,7225,Swansea,Brighton,0,1,2017-11-04 15:00:00,Federico Fernández,Cross
1503,160634,51,MissedShots,0.8490000152587891,0.34599998474121096,0.05731860175728798,Tammy Abraham,a,702,OpenPlay,2017,RightFoot,7233,Burnley,Swansea,2,0,2017-11-18 15:00:00,Wilfried Bony,Pass
1504,160641,77,MissedShots,0.8480000305175781,0.6840000152587891,0.050490401685237885,Tammy Abraham,a,702,OpenPlay,2017,LeftFoot,7233,Burnley,Swansea,2,0,2017-11-18 15:00:00,Ki Sung-yueng,Pass
1505,179328,76,MissedShots,0.9,0.5420000076293945,0.0647687017917633,Tammy Abraham,h,702,FromCorner,2017,RightFoot,7271,Swansea,West Bromwich Albion,1,0,2017-12-09 15:00:00,Ki Sung-yueng,Cross
1506,179330,80,BlockedShot,0.97,0.45,0.05900850147008896,Tammy Abraham,h,702,FromCorner,2017,Head,7271,Swansea,West Bromwich Albion,1,0,2017-12-09 15:00:00,Ki Sung-yueng,Goal
1507,179335,90,MissedShots,0.7680000305175781,0.495,0.2279680073261261,Tammy Abraham,h,702,OpenPlay,2017,RightFoot,7271,Swansea,West Bromwich Albion,1,0,2017-12-09 15:00:00,Luciano Narsingh,TakeOn
1508,182638,20,BlockedShot,0.8159999847412109,0.325,0.03021560050547123,Tammy Abraham,h,702,OpenPlay,2017,RightFoot,7299,Swansea,Crystal Palace,1,1,2017-12-23 15:00:00,,None
1509,182647,60,MissedShots,0.905,0.355,0.05872830003499985,Tammy Abraham,h,702,OpenPlay,2017,RightFoot,7299,Swansea,Crystal Palace,1,1,2017-12-23 15:00:00,,Dispossessed
1510,182648,64,SavedShot,0.9519999694824218,0.385,0.3727419972419739,Tammy Abraham,h,702,OpenPlay,2017,RightFoot,7299,Swansea,Crystal Palace,1,1,2017-12-23 15:00:00,Luciano Narsingh,Pass
1511,185681,93,SavedShot,0.8719999694824219,0.4520000076293945,0.024955399334430695,Tammy Abraham,a,702,OpenPlay,2017,Head,7313,Liverpool,Swansea,5,0,2017-12-26 17:30:00,Wayne Routledge,Chipped
1512,194010,77,BlockedShot,0.905,0.35900001525878905,0.07708720117807388,Tammy Abraham,h,702,OpenPlay,2017,RightFoot,7386,Swansea,Burnley,1,0,2018-02-10 15:00:00,Jordan Ayew,Tackle
1513,194017,88,BlockedShot,0.875,0.4,0.1365469992160797,Tammy Abraham,h,702,OpenPlay,2017,RightFoot,7386,Swansea,Burnley,1,0,2018-02-10 15:00:00,Ki Sung-yueng,Pass
1514,197437,84,MissedShots,0.7580000305175781,0.45599998474121095,0.018446799367666245,Tammy Abraham,a,702,OpenPlay,2017,RightFoot,7391,Brighton,Swansea,4,1,2018-02-24 15:00:00,Lukasz Fabianski,Pass
1515,203962,58,SavedShot,0.899000015258789,0.615999984741211,0.05498550087213516,Tammy Abraham,a,702,OpenPlay,2017,RightFoot,7435,Manchester United,Swansea,2,0,2018-03-31 15:00:00,Tom Carroll,Chipped
1516,203963,59,SavedShot,0.87,0.47400001525878904,0.05799210071563721,Tammy Abraham,a,702,OpenPlay,2017,LeftFoot,7435,Manchester United,Swansea,2,0,2018-03-31 15:00:00,Martin Olsson,Cross
1517,207097,19,BlockedShot,0.7759999847412109,0.3220000076293945,0.018086999654769897,Tammy Abraham,a,702,OpenPlay,2017,RightFoot,7448,West Bromwich Albion,Swansea,1,1,2018-04-07 14:00:00,,None
1518,207105,63,MissedShots,0.909000015258789,0.435,0.03504389896988869,Tammy Abraham,a,702,SetPiece,2017,Head,7448,West Bromwich Albion,Swansea,1,1,2018-04-07 14:00:00,Sam Clucas,Aerial
1519,207107,74,Goal,0.9480000305175781,0.4809999847412109,0.1527470052242279,Tammy Abraham,a,702,FromCorner,2017,OtherBodyPart,7448,West Bromwich Albion,Swansea,1,1,2018-04-07 14:00:00,Sam Clucas,Cross
1520,208513,77,MissedShots,0.9080000305175782,0.4909999847412109,0.09816669672727585,Tammy Abraham,h,702,SetPiece,2017,LeftFoot,7456,Swansea,Everton,1,1,2018-04-14 14:00:00,Jordan Ayew,HeadPass
1521,214261,69,SavedShot,0.8009999847412109,0.40700000762939453,0.040756698697805405,Tammy Abraham,h,702,OpenPlay,2017,RightFoot,7426,Swansea,Southampton,0,1,2018-05-08 19:45:00,André Ayew,Pass
1522,214267,91,MissedShots,0.885,0.425,0.08133099973201752,Tammy Abraham,h,702,OpenPlay,2017,LeftFoot,7426,Swansea,Southampton,0,1,2018-05-08 19:45:00,Ki Sung-yueng,Chipped
1523,215590,75,BlockedShot,0.905,0.7,0.043515801429748535,Tammy Abraham,h,702,OpenPlay,2017,RightFoot,7491,Swansea,Stoke,1,2,2018-05-13 15:00:00,,None
1524,215593,77,BlockedShot,0.884000015258789,0.5459999847412109,0.08064299821853638,Tammy Abraham,h,702,OpenPlay,2017,LeftFoot,7491,Swansea,Stoke,1,2,2018-05-13 15:00:00,,Rebound
1525,310293,3,ShotOnPost,0.835999984741211,0.38599998474121094,0.033928900957107544,Tammy Abraham,a,702,FromCorner,2019,RightFoot,11652,Manchester United,Chelsea,4,0,2019-08-11 16:30:00,Mateo Kovacic,BallTouch
1526,310308,51,BlockedShot,0.9330000305175781,0.48700000762939455,0.061983898282051086,Tammy Abraham,a,702,FromCorner,2019,Head,11652,Manchester United,Chelsea,4,0,2019-08-11 16:30:00,Mason Mount,Aerial
1527,311182,73,MissedShots,0.9109999847412109,0.5029999923706054,0.11819999665021896,Tammy Abraham,h,702,OpenPlay,2019,Head,11661,Chelsea,Leicester,1,1,2019-08-18 16:30:00,Pedro,Cross
1528,311190,90,MissedShots,0.8219999694824218,0.615,0.041720300912857056,Tammy Abraham,h,702,OpenPlay,2019,RightFoot,11661,Chelsea,Leicester,1,1,2019-08-18 16:30:00,N&#039;Golo Kanté,Pass
1529,312300,2,Goal,0.88,0.529000015258789,0.08907859772443771,Tammy Abraham,a,702,OpenPlay,2019,RightFoot,11664,Norwich,Chelsea,2,3,2019-08-24 12:30:00,César Azpilicueta,Cross
1530,312306,23,BlockedShot,0.8909999847412109,0.5609999847412109,0.11851999908685684,Tammy Abraham,a,702,OpenPlay,2019,RightFoot,11664,Norwich,Chelsea,2,3,2019-08-24 12:30:00,,Rebound
1531,312324,67,Goal,0.8040000152587891,0.5020000076293946,0.07181719690561295,Tammy Abraham,a,702,OpenPlay,2019,RightFoot,11664,Norwich,Chelsea,2,3,2019-08-24 12:30:00,Mateo Kovacic,Pass
1532,315775,14,MissedShots,0.889000015258789,0.31799999237060544,0.04871999844908714,Tammy Abraham,h,702,OpenPlay,2019,RightFoot,11675,Chelsea,Sheffield United,2,2,2019-08-31 15:00:00,Fikayo Tomori,Chipped
1533,315778,18,Goal,0.9169999694824219,0.4779999923706055,0.5009210109710693,Tammy Abraham,h,702,OpenPlay,2019,RightFoot,11675,Chelsea,Sheffield United,2,2,2019-08-31 15:00:00,,None
1534,315784,42,Goal,0.8690000152587891,0.5209999847412109,0.37891799211502075,Tammy Abraham,h,702,OpenPlay,2019,RightFoot,11675,Chelsea,Sheffield United,2,2,2019-08-31 15:00:00,,None
1535,315787,54,SavedShot,0.91,0.48,0.34936198592185974,Tammy Abraham,h,702,OpenPlay,2019,RightFoot,11675,Chelsea,Sheffield United,2,2,2019-08-31 15:00:00,César Azpilicueta,Chipped
1536,317302,33,Goal,0.9169999694824219,0.5029999923706054,0.5290030241012573,Tammy Abraham,a,702,OpenPlay,2019,RightFoot,11688,Wolverhampton Wanderers,Chelsea,2,5,2019-09-14 14:00:00,,None
1537,317303,40,Goal,0.9109999847412109,0.515,0.05410449951887131,Tammy Abraham,a,702,OpenPlay,2019,Head,11688,Wolverhampton Wanderers,Chelsea,2,5,2019-09-14 14:00:00,Marcos Alonso,Aerial
1538,317306,54,Goal,0.905,0.34,0.24587100744247437,Tammy Abraham,a,702,OpenPlay,2019,RightFoot,11688,Wolverhampton Wanderers,Chelsea,2,5,2019-09-14 14:00:00,Jorginho,TakeOn
1539,317314,68,OwnGoal,0.01399999976158142,0.5320000076293945,0,Tammy Abraham,a,702,FromCorner,2019,OtherBodyPart,11688,Wolverhampton Wanderers,Chelsea,2,5,2019-09-14 14:00:00,,Clearance
1540,317315,73,MissedShots,0.8930000305175781,0.47900001525878905,0.13015300035476685,Tammy Abraham,a,702,OpenPlay,2019,RightFoot,11688,Wolverhampton Wanderers,Chelsea,2,5,2019-09-14 14:00:00,Ross Barkley,Chipped
1541,321265,23,SavedShot,0.8959999847412109,0.415,0.31714800000190735,Tammy Abraham,h,702,OpenPlay,2019,RightFoot,11701,Chelsea,Liverpool,1,2,2019-09-22 15:30:00,Andreas Christensen,Throughball
1542,321269,44,MissedShots,0.9230000305175782,0.5279999923706055,0.07316180318593979,Tammy Abraham,h,702,OpenPlay,2019,Head,11701,Chelsea,Liverpool,1,2,2019-09-22 15:30:00,César Azpilicueta,Aerial
1543,321272,58,MissedShots,0.9230000305175782,0.4329999923706055,0.08085259795188904,Tammy Abraham,h,702,OpenPlay,2019,RightFoot,11701,Chelsea,Liverpool,1,2,2019-09-22 15:30:00,César Azpilicueta,Cross
1544,322616,2,SavedShot,0.985999984741211,0.7330000305175781,0.04502899944782257,Tammy Abraham,h,702,OpenPlay,2019,RightFoot,11708,Chelsea,Brighton,2,0,2019-09-28 14:00:00,,BallTouch
1545,322618,5,MissedShots,0.9490000152587891,0.64,0.32694700360298157,Tammy Abraham,h,702,OpenPlay,2019,LeftFoot,11708,Chelsea,Brighton,2,0,2019-09-28 14:00:00,Mason Mount,Pass
1546,322623,20,BlockedShot,0.8719999694824219,0.6090000152587891,0.09284830093383789,Tammy Abraham,h,702,OpenPlay,2019,RightFoot,11708,Chelsea,Brighton,2,0,2019-09-28 14:00:00,Jorginho,Pass
1547,322636,60,SavedShot,0.9030000305175782,0.62,0.36208900809288025,Tammy Abraham,h,702,OpenPlay,2019,LeftFoot,11708,Chelsea,Brighton,2,0,2019-09-28 14:00:00,,Tackle
1548,322641,77,SavedShot,0.915,0.40099998474121096,0.383433997631073,Tammy Abraham,h,702,OpenPlay,2019,RightFoot,11708,Chelsea,Brighton,2,0,2019-09-28 14:00:00,Mateo Kovacic,Pass
1549,324679,10,SavedShot,0.8209999847412109,0.4640000152587891,0.05619509890675545,Tammy Abraham,a,702,OpenPlay,2019,LeftFoot,11718,Southampton,Chelsea,1,4,2019-10-06 14:00:00,Callum Hudson-Odoi,Pass
1550,324680,16,Goal,0.84,0.6609999847412109,0.10286100208759308,Tammy Abraham,a,702,OpenPlay,2019,RightFoot,11718,Southampton,Chelsea,1,4,2019-10-06 14:00:00,Callum Hudson-Odoi,Chipped
1551,324693,59,SavedShot,0.8059999847412109,0.5740000152587891,0.06309709697961807,Tammy Abraham,a,702,OpenPlay,2019,RightFoot,11718,Southampton,Chelsea,1,4,2019-10-06 14:00:00,Mason Mount,Pass
1552,325603,55,BlockedShot,0.9290000152587891,0.509000015258789,0.05777600035071373,Tammy Abraham,h,702,FromCorner,2019,Head,11725,Chelsea,Newcastle United,1,0,2019-10-19 15:00:00,Willian,Aerial
1553,325605,65,MissedShots,0.9330000305175781,0.4909999847412109,0.23325900733470917,Tammy Abraham,h,702,FromCorner,2019,Head,11725,Chelsea,Newcastle United,1,0,2019-10-19 15:00:00,Callum Hudson-Odoi,Aerial
1554,325610,75,SavedShot,0.879000015258789,0.669000015258789,0.10054399818181992,Tammy Abraham,h,702,OpenPlay,2019,RightFoot,11725,Chelsea,Newcastle United,1,0,2019-10-19 15:00:00,,TakeOn
1555,325611,79,BlockedShot,0.92,0.445,0.5094789862632751,Tammy Abraham,h,702,OpenPlay,2019,RightFoot,11725,Chelsea,Newcastle United,1,0,2019-10-19 15:00:00,Christian Pulisic,Pass
1556,327346,38,MissedShots,0.8159999847412109,0.5379999923706055,0.07340019941329956,Tammy Abraham,a,702,OpenPlay,2019,RightFoot,11735,Burnley,Chelsea,2,4,2019-10-26 17:30:00,Christian Pulisic,Pass
1557,329402,4,Goal,0.8480000305175781,0.4929999923706055,0.29196199774742126,Tammy Abraham,a,702,OpenPlay,2019,RightFoot,11751,Watford,Chelsea,1,2,2019-11-02 17:30:00,Jorginho,Chipped
1558,329406,17,SavedShot,0.8880000305175781,0.59,0.33822301030158997,Tammy Abraham,a,702,OpenPlay,2019,RightFoot,11751,Watford,Chelsea,1,2,2019-11-02 17:30:00,,Rebound
1559,329420,68,BlockedShot,0.9059999847412109,0.500999984741211,0.12276899814605713,Tammy Abraham,a,702,OpenPlay,2019,RightFoot,11751,Watford,Chelsea,1,2,2019-11-02 17:30:00,,Dispossessed
1560,329425,85,BlockedShot,0.91,0.455,0.12382999807596207,Tammy Abraham,a,702,OpenPlay,2019,RightFoot,11751,Watford,Chelsea,1,2,2019-11-02 17:30:00,Willian,Cross
1561,330414,46,MissedShots,0.9490000152587891,0.345,0.3054159879684448,Tammy Abraham,h,702,OpenPlay,2019,RightFoot,11754,Chelsea,Crystal Palace,2,0,2019-11-09 12:30:00,Mason Mount,BallTouch
1562,330415,51,Goal,0.9230000305175782,0.5579999923706055,0.4947749972343445,Tammy Abraham,h,702,OpenPlay,2019,RightFoot,11754,Chelsea,Crystal Palace,2,0,2019-11-09 12:30:00,Willian,Pass
1563,330419,60,MissedShots,0.905,0.6780000305175782,0.08800160139799118,Tammy Abraham,h,702,OpenPlay,2019,LeftFoot,11754,Chelsea,Crystal Palace,2,0,2019-11-09 12:30:00,Willian,Pass
1564,332399,10,MissedShots,0.8040000152587891,0.5570000076293945,0.05225810036063194,Tammy Abraham,a,702,OpenPlay,2019,RightFoot,11769,Manchester City,Chelsea,2,1,2019-11-23 17:30:00,N&#039;Golo Kanté,Pass
1565,332401,14,BlockedShot,0.8830000305175781,0.534000015258789,0.036563001573085785,Tammy Abraham,a,702,FromCorner,2019,LeftFoot,11769,Manchester City,Chelsea,2,1,2019-11-23 17:30:00,,Aerial
1566,335054,22,BlockedShot,0.8690000152587891,0.7290000152587891,0.03086470067501068,Tammy Abraham,h,702,OpenPlay,2019,RightFoot,11789,Chelsea,Aston Villa,2,1,2019-12-04 19:30:00,César Azpilicueta,Pass
1567,335055,23,Goal,0.9290000152587891,0.509000015258789,0.42393699288368225,Tammy Abraham,h,702,OpenPlay,2019,Head,11789,Chelsea,Aston Villa,2,1,2019-12-04 19:30:00,Reece James,Cross
1568,335069,71,MissedShots,0.9119999694824219,0.5,0.1303360015153885,Tammy Abraham,h,702,FromCorner,2019,RightFoot,11789,Chelsea,Aston Villa,2,1,2019-12-04 19:30:00,N&#039;Golo Kanté,Rebound
1569,335070,72,MissedShots,0.915,0.35200000762939454,0.13718000054359436,Tammy Abraham,h,702,OpenPlay,2019,RightFoot,11789,Chelsea,Aston Villa,2,1,2019-12-04 19:30:00,Willian,Throughball
1570,335076,80,SavedShot,0.81,0.3729999923706055,0.05345670133829117,Tammy Abraham,h,702,OpenPlay,2019,RightFoot,11789,Chelsea,Aston Villa,2,1,2019-12-04 19:30:00,,BallRecovery
1571,335464,25,MissedShots,0.965999984741211,0.4570000076293945,0.5787910223007202,Tammy Abraham,a,702,OpenPlay,2019,LeftFoot,11796,Everton,Chelsea,3,1,2019-12-07 12:30:00,Willian,Cross
1572,335465,34,SavedShot,0.895,0.504000015258789,0.044077400118112564,Tammy Abraham,a,702,OpenPlay,2019,OtherBodyPart,11796,Everton,Chelsea,3,1,2019-12-07 12:30:00,N&#039;Golo Kanté,Aerial
1573,336983,15,MissedShots,0.9019999694824219,0.43,0.09207600355148315,Tammy Abraham,h,702,OpenPlay,2019,RightFoot,11805,Chelsea,Bournemouth,0,1,2019-12-14 15:00:00,César Azpilicueta,Cross
1574,336992,46,MissedShots,0.9180000305175782,0.524000015258789,0.09350249916315079,Tammy Abraham,h,702,FromCorner,2019,Head,11805,Chelsea,Bournemouth,0,1,2019-12-14 15:00:00,Willian,Cross
1575,336999,59,SavedShot,0.9409999847412109,0.49400001525878906,0.0837647020816803,Tammy Abraham,h,702,FromCorner,2019,Head,11805,Chelsea,Bournemouth,0,1,2019-12-14 15:00:00,,Aerial
1576,337004,75,MissedShots,0.919000015258789,0.49700000762939456,0.06121150031685829,Tammy Abraham,h,702,OpenPlay,2019,Head,11805,Chelsea,Bournemouth,0,1,2019-12-14 15:00:00,César Azpilicueta,Aerial
1577,339339,5,MissedShots,0.9019999694824219,0.3320000076293945,0.07854580134153366,Tammy Abraham,a,702,OpenPlay,2019,RightFoot,11820,Tottenham,Chelsea,0,2,2019-12-22 16:30:00,Mason Mount,Pass
1578,339340,7,BlockedShot,0.8930000305175781,0.4329999923706055,0.027630699798464775,Tammy Abraham,a,702,OpenPlay,2019,Head,11820,Tottenham,Chelsea,0,2,2019-12-22 16:30:00,N&#039;Golo Kanté,Aerial
1579,339343,19,MissedShots,0.88,0.4779999923706055,0.07162400335073471,Tammy Abraham,a,702,OpenPlay,2019,Head,11820,Tottenham,Chelsea,0,2,2019-12-22 16:30:00,Marcos Alonso,Cross
1580,339536,45,MissedShots,0.9619999694824218,0.3370000076293945,0.2689880132675171,Tammy Abraham,h,702,OpenPlay,2019,RightFoot,11825,Chelsea,Southampton,0,2,2019-12-26 15:00:00,Mason Mount,Pass
1581,339915,63,BlockedShot,0.9180000305175782,0.6869999694824219,0.04860619828104973,Tammy Abraham,a,702,OpenPlay,2019,RightFoot,11833,Arsenal,Chelsea,1,2,2019-12-29 14:00:00,César Azpilicueta,Chipped
1582,339917,65,BlockedShot,0.9119999694824219,0.3559999847412109,0.06915579736232758,Tammy Abraham,a,702,OpenPlay,2019,RightFoot,11833,Arsenal,Chelsea,1,2,2019-12-29 14:00:00,Tariq Lamptey,Pass
1583,339919,74,SavedShot,0.93,0.4640000152587891,0.3295550048351288,Tammy Abraham,a,702,FromCorner,2019,Head,11833,Arsenal,Chelsea,1,2,2019-12-29 14:00:00,Willian,Cross
1584,339923,86,Goal,0.9369999694824219,0.4420000076293945,0.15351499617099762,Tammy Abraham,a,702,OpenPlay,2019,RightFoot,11833,Arsenal,Chelsea,1,2,2019-12-29 14:00:00,Willian,Pass
1585,339924,92,MissedShots,0.8690000152587891,0.33599998474121096,0.06670760363340378,Tammy Abraham,a,702,OpenPlay,2019,RightFoot,11833,Arsenal,Chelsea,1,2,2019-12-29 14:00:00,,None
1586,351394,9,BlockedShot,0.9319999694824219,0.46099998474121096,0.12191399931907654,Tammy Abraham,a,702,FromCorner,2019,LeftFoot,11845,Brighton,Chelsea,1,1,2020-01-01 12:30:00,Kurt Zouma,HeadPass
1587,351396,26,BlockedShot,0.8419999694824218,0.47900001525878905,0.08839549869298935,Tammy Abraham,a,702,OpenPlay,2019,RightFoot,11845,Brighton,Chelsea,1,1,2020-01-01 12:30:00,,BallRecovery
1588,351753,37,Goal,0.9330000305175781,0.5209999847412109,0.10058099776506424,Tammy Abraham,h,702,OpenPlay,2019,Head,11858,Chelsea,Burnley,3,0,2020-01-11 15:00:00,Reece James,Aerial
1589,351759,63,SavedShot,0.9530000305175781,0.41200000762939454,0.14631499350070953,Tammy Abraham,h,702,OpenPlay,2019,RightFoot,11858,Chelsea,Burnley,3,0,2020-01-11 15:00:00,Mason Mount,Pass
1590,351762,67,MissedShots,0.9119999694824219,0.5,0.3265419900417328,Tammy Abraham,h,702,OpenPlay,2019,Head,11858,Chelsea,Burnley,3,0,2020-01-11 15:00:00,Mason Mount,Cross
1591,351767,82,BlockedShot,0.8919999694824219,0.4179999923706055,0.10836900025606155,Tammy Abraham,h,702,OpenPlay,2019,RightFoot,11858,Chelsea,Burnley,3,0,2020-01-11 15:00:00,,Dispossessed
1592,352025,28,MissedShots,0.7330000305175781,0.44599998474121094,0.01909570023417473,Tammy Abraham,a,702,OpenPlay,2019,RightFoot,11868,Newcastle United,Chelsea,1,0,2020-01-18 17:30:00,Jorginho,Pass
1593,352038,59,MissedShots,0.9219999694824219,0.46599998474121096,0.11720400303602219,Tammy Abraham,a,702,OpenPlay,2019,RightFoot,11868,Newcastle United,Chelsea,1,0,2020-01-18 17:30:00,Callum Hudson-Odoi,Cross
1594,352040,71,MissedShots,0.9830000305175781,0.6,0.34320101141929626,Tammy Abraham,a,702,OpenPlay,2019,LeftFoot,11868,Newcastle United,Chelsea,1,0,2020-01-18 17:30:00,,None
1595,352042,78,BlockedShot,0.96,0.5279999923706055,0.6231750249862671,Tammy Abraham,a,702,OpenPlay,2019,RightFoot,11868,Newcastle United,Chelsea,1,0,2020-01-18 17:30:00,César Azpilicueta,HeadPass
1596,352226,14,SavedShot,0.9390000152587891,0.509000015258789,0.41180598735809326,Tammy Abraham,h,702,FromCorner,2019,Head,11881,Chelsea,Arsenal,2,2,2020-01-21 20:15:00,Antonio Rüdiger,Aerial
1597,352239,76,SavedShot,0.8530000305175781,0.5320000076293945,0.024509599432349205,Tammy Abraham,h,702,SetPiece,2019,Head,11881,Chelsea,Arsenal,2,2,2020-01-21 20:15:00,Emerson,Cross
1598,352915,78,SavedShot,0.9480000305175781,0.47,0.6213390231132507,Tammy Abraham,h,702,OpenPlay,2019,LeftFoot,11906,Chelsea,Tottenham,2,1,2020-02-22 12:30:00,,None
1599,365808,82,MissedShots,0.9259999847412109,0.5029999923706054,0.11242800205945969,Tammy Abraham,a,702,FromCorner,2019,Head,11933,Aston Villa,Chelsea,1,2,2020-06-21 15:15:00,Willian,Cross
1600,366629,70,BlockedShot,0.9869999694824219,0.4540000152587891,0.8566780090332031,Tammy Abraham,h,702,OpenPlay,2019,RightFoot,11946,Chelsea,Manchester City,2,1,2020-06-25 19:15:00,,Rebound
1601,366631,74,BlockedShot,0.985999984741211,0.4979999923706055,0.7760900259017944,Tammy Abraham,h,702,OpenPlay,2019,LeftFoot,11946,Chelsea,Manchester City,2,1,2020-06-25 19:15:00,,BallTouch
1602,366630,74,SavedShot,0.9159999847412109,0.4620000076293945,0.4823960065841675,Tammy Abraham,h,702,OpenPlay,2019,RightFoot,11946,Chelsea,Manchester City,2,1,2020-06-25 19:15:00,Willian,Pass
1603,368130,16,MissedShots,0.9269999694824219,0.5729999923706055,0.1055769994854927,Tammy Abraham,a,702,OpenPlay,2019,Head,11962,West Ham,Chelsea,3,2,2020-07-01 19:15:00,Marcos Alonso,Cross
1604,369425,70,Goal,0.9169999694824219,0.34700000762939454,0.5234689712524414,Tammy Abraham,a,702,OpenPlay,2019,RightFoot,11977,Crystal Palace,Chelsea,2,3,2020-07-07 17:00:00,Ruben Loftus-Cheek,Throughball
1605,369430,88,MissedShots,0.8980000305175782,0.3920000076293945,0.09661039710044861,Tammy Abraham,a,702,OpenPlay,2019,RightFoot,11977,Crystal Palace,Chelsea,2,3,2020-07-07 17:00:00,,None
1606,370505,58,MissedShots,0.8959999847412109,0.4640000152587891,0.055785298347473145,Tammy Abraham,a,702,OpenPlay,2019,OtherBodyPart,11989,Sheffield United,Chelsea,3,0,2020-07-11 16:30:00,Reece James,Aerial
1607,370512,72,MissedShots,0.965999984741211,0.43599998474121093,0.5536590218544006,Tammy Abraham,a,702,FromCorner,2019,RightFoot,11989,Sheffield United,Chelsea,3,0,2020-07-11 16:30:00,Antonio Rüdiger,Rebound
1608,370513,75,MissedShots,0.8859999847412109,0.5790000152587891,0.03641830012202263,Tammy Abraham,a,702,SetPiece,2019,Head,11989,Sheffield United,Chelsea,3,0,2020-07-11 16:30:00,Willian,Cross
1609,370517,85,SavedShot,0.904000015258789,0.46599998474121096,0.08967509865760803,Tammy Abraham,a,702,OpenPlay,2019,Head,11989,Sheffield United,Chelsea,3,0,2020-07-11 16:30:00,Callum Hudson-Odoi,Cross
1610,370518,86,BlockedShot,0.9219999694824219,0.40599998474121096,0.07709839940071106,Tammy Abraham,a,702,OpenPlay,2019,RightFoot,11989,Sheffield United,Chelsea,3,0,2020-07-11 16:30:00,,None
1611,373316,60,Goal,0.9619999694824218,0.49,0.6991980075836182,Tammy Abraham,a,702,OpenPlay,2019,RightFoot,12006,Liverpool,Chelsea,5,3,2020-07-22 19:15:00,Christian Pulisic,Pass
1612,373688,88,MissedShots,0.9259999847412109,0.5029999923706054,0.11219800263643265,Tammy Abraham,h,702,FromCorner,2019,Head,12021,Chelsea,Wolverhampton Wanderers,2,0,2020-07-26 15:00:00,Reece James,Cross
1613,373690,92,SavedShot,0.8,0.534000015258789,0.1053289994597435,Tammy Abraham,h,702,OpenPlay,2019,RightFoot,12021,Chelsea,Wolverhampton Wanderers,2,0,2020-07-26 15:00:00,Marcos Alonso,BallRecovery
1614,387039,83,SavedShot,0.8819999694824219,0.6659999847412109,0.06026940047740936,Tammy Abraham,h,702,OpenPlay,2020,RightFoot,14102,Chelsea,Liverpool,0,2,2020-09-20 15:30:00,Timo Werner,Pass
1615,379013,11,MissedShots,0.9159999847412109,0.5359999847412109,0.3656420111656189,Tammy Abraham,a,702,OpenPlay,2020,LeftFoot,14108,West Bromwich Albion,Chelsea,3,3,2020-09-26 16:30:00,Reece James,Cross
1616,379021,39,MissedShots,0.8769999694824219,0.40900001525878904,0.09681130200624466,Tammy Abraham,a,702,OpenPlay,2020,RightFoot,14108,West Bromwich Albion,Chelsea,3,3,2020-09-26 16:30:00,Reece James,Pass
1617,379040,92,Goal,0.965999984741211,0.48400001525878905,0.7280210256576538,Tammy Abraham,a,702,FromCorner,2020,LeftFoot,14108,West Bromwich Albion,Chelsea,3,3,2020-09-26 16:30:00,,Rebound
1618,380388,7,MissedShots,0.904000015258789,0.500999984741211,0.056147098541259766,Tammy Abraham,h,702,OpenPlay,2020,OtherBodyPart,14467,Chelsea,Crystal Palace,4,0,2020-10-03 11:30:00,Jorginho,Aerial
1619,380392,24,MissedShots,0.9080000305175782,0.4879999923706055,0.02938620001077652,Tammy Abraham,h,702,FromCorner,2020,Head,14467,Chelsea,Crystal Palace,4,0,2020-10-03 11:30:00,Ben Chilwell,Aerial
1620,380395,38,SavedShot,0.9869999694824219,0.38599998474121094,0.06535559892654419,Tammy Abraham,h,702,OpenPlay,2020,RightFoot,14467,Chelsea,Crystal Palace,4,0,2020-10-03 11:30:00,Jorginho,Chipped
1621,380406,74,MissedShots,0.91,0.46900001525878904,0.3470270037651062,Tammy Abraham,h,702,OpenPlay,2020,Head,14467,Chelsea,Crystal Palace,4,0,2020-10-03 11:30:00,Callum Hudson-Odoi,Cross
1622,384607,15,SavedShot,0.8640000152587891,0.515,0.030456800013780594,Tammy Abraham,a,702,OpenPlay,2020,Head,14496,Burnley,Chelsea,0,3,2020-10-31 15:00:00,N&#039;Golo Kanté,Cross
1623,384610,37,BlockedShot,0.9159999847412109,0.524000015258789,0.062329500913619995,Tammy Abraham,a,702,FromCorner,2020,Head,14496,Burnley,Chelsea,0,3,2020-10-31 15:00:00,Timo Werner,Chipped
1624,386142,3,MissedShots,0.9259999847412109,0.39799999237060546,0.09132400155067444,Tammy Abraham,h,702,OpenPlay,2020,RightFoot,14507,Chelsea,Sheffield United,4,1,2020-11-07 17:30:00,Reece James,Cross
1625,386148,12,SavedShot,0.8730000305175781,0.6619999694824219,0.06017589941620827,Tammy Abraham,h,702,OpenPlay,2020,RightFoot,14507,Chelsea,Sheffield United,4,1,2020-11-07 17:30:00,Ben Chilwell,Pass
1626,386150,22,Goal,0.8690000152587891,0.4109999847412109,0.08130510151386261,Tammy Abraham,h,702,OpenPlay,2020,RightFoot,14507,Chelsea,Sheffield United,4,1,2020-11-07 17:30:00,Mateo Kovacic,Pass
1627,386158,57,BlockedShot,0.9219999694824219,0.5590000152587891,0.10719499737024307,Tammy Abraham,h,702,FromCorner,2020,LeftFoot,14507,Chelsea,Sheffield United,4,1,2020-11-07 17:30:00,,None
1628,387141,8,SavedShot,0.9109999847412109,0.4879999923706055,0.11938700079917908,Tammy Abraham,a,702,OpenPlay,2020,Head,14521,Newcastle United,Chelsea,0,2,2020-11-21 12:30:00,Hakim Ziyech,Cross
1629,387152,61,BlockedShot,0.845,0.5790000152587891,0.0950528010725975,Tammy Abraham,a,702,OpenPlay,2020,RightFoot,14521,Newcastle United,Chelsea,0,2,2020-11-21 12:30:00,Hakim Ziyech,Pass
1630,387153,64,Goal,0.885,0.4370000076293945,0.47739899158477783,Tammy Abraham,a,702,OpenPlay,2020,RightFoot,14521,Newcastle United,Chelsea,0,2,2020-11-21 12:30:00,Timo Werner,Pass
1631,389550,37,MissedShots,0.89,0.47400001525878904,0.09846380352973938,Tammy Abraham,h,702,OpenPlay,2020,RightFoot,14529,Chelsea,Tottenham,0,0,2020-11-29 16:30:00,Hakim Ziyech,Chipped
1632,389552,47,MissedShots,0.924000015258789,0.49400001525878906,0.1318890005350113,Tammy Abraham,h,702,OpenPlay,2020,Head,14529,Chelsea,Tottenham,0,0,2020-11-29 16:30:00,Reece James,Cross
1633,389553,50,MissedShots,0.9080000305175782,0.485,0.10938999801874161,Tammy Abraham,h,702,OpenPlay,2020,OtherBodyPart,14529,Chelsea,Tottenham,0,0,2020-11-29 16:30:00,Reece James,Cross
1634,389555,63,MissedShots,0.9430000305175781,0.42900001525878906,0.16200299561023712,Tammy Abraham,h,702,OpenPlay,2020,OtherBodyPart,14529,Chelsea,Tottenham,0,0,2020-11-29 16:30:00,Timo Werner,Cross
1635,390474,86,MissedShots,0.9009999847412109,0.3,0.0670057013630867,Tammy Abraham,h,702,OpenPlay,2020,RightFoot,14538,Chelsea,Leeds,3,1,2020-12-05 20:00:00,Timo Werner,Pass
1636,394890,77,Goal,0.9359999847412109,0.515,0.589326024055481,Tammy Abraham,h,702,OpenPlay,2020,RightFoot,14567,Chelsea,West Ham,3,0,2020-12-21 20:00:00,Timo Werner,Rebound
1637,394892,79,Goal,0.9540000152587891,0.36,0.3206290006637573,Tammy Abraham,h,702,OpenPlay,2020,RightFoot,14567,Chelsea,West Ham,3,0,2020-12-21 20:00:00,,Rebound
1638,395671,28,BlockedShot,0.8059999847412109,0.5059999847412109,0.05120659992098808,Tammy Abraham,a,702,OpenPlay,2020,RightFoot,14575,Arsenal,Chelsea,3,1,2020-12-26 17:30:00,Timo Werner,HeadPass
1639,395688,79,MissedShots,0.925,0.5029999923706054,0.0760250985622406,Tammy Abraham,a,702,OpenPlay,2020,Head,14575,Arsenal,Chelsea,3,1,2020-12-26 17:30:00,Callum Hudson-Odoi,Aerial
1640,395692,84,Goal,0.960999984741211,0.48200000762939454,0.7027390003204346,Tammy Abraham,a,702,OpenPlay,2020,OtherBodyPart,14575,Arsenal,Chelsea,3,1,2020-12-26 17:30:00,Callum Hudson-Odoi,Pass
1641,399118,65,SavedShot,0.9259999847412109,0.4809999847412109,0.13825500011444092,Tammy Abraham,a,702,OpenPlay,2020,Head,14617,Fulham,Chelsea,0,1,2021-01-16 17:30:00,Antonio Rüdiger,Cross
1642,399835,49,BlockedShot,0.93,0.295,0.04215319827198982,Tammy Abraham,a,702,OpenPlay,2020,RightFoot,14609,Leicester,Chelsea,2,0,2021-01-19 20:15:00,Reece James,Pass
1643,399836,50,SavedShot,0.904000015258789,0.5359999847412109,0.021550599485635757,Tammy Abraham,a,702,FromCorner,2020,Head,14609,Leicester,Chelsea,2,0,2021-01-19 20:15:00,Mason Mount,Aerial
1644,405110,6,MissedShots,0.925,0.46,0.10189100354909897,Tammy Abraham,h,702,FromCorner,2020,Head,14667,Chelsea,Newcastle United,2,0,2021-02-15 20:00:00,Mason Mount,Cross
1645,417449,95,MissedShots,0.9769999694824218,0.4929999923706055,0.7033389806747437,Tammy Abraham,a,702,OpenPlay,2020,Head,14763,West Ham,Chelsea,0,1,2021-04-24 16:30:00,Mason Mount,Chipped
1646,427934,61,ShotOnPost,0.9430000305175781,0.47,0.5140630006790161,Tammy Abraham,h,702,OpenPlay,2021,Head,16763,Roma,Fiorentina,3,1,2021-08-22 18:45:00,Lorenzo Pellegrini,Cross
1647,429430,14,MissedShots,0.8469999694824218,0.509000015258789,0.06648790091276169,Tammy Abraham,a,702,OpenPlay,2021,RightFoot,16775,Salernitana,Roma,0,4,2021-08-29 18:45:00,,Rebound
1648,429436,33,MissedShots,0.9169999694824219,0.445,0.05281919986009598,Tammy Abraham,a,702,OpenPlay,2021,Head,16775,Salernitana,Roma,0,4,2021-08-29 18:45:00,,Aerial
1649,429437,37,SavedShot,0.8669999694824219,0.7730000305175782,0.02679459936916828,Tammy Abraham,a,702,OpenPlay,2021,RightFoot,16775,Salernitana,Roma,0,4,2021-08-29 18:45:00,Henrikh Mkhitaryan,Pass
1650,429449,63,MissedShots,0.9030000305175782,0.44,0.06779850274324417,Tammy Abraham,a,702,OpenPlay,2021,Head,16775,Salernitana,Roma,0,4,2021-08-29 18:45:00,Rick Karsdorp,Cross
1651,429452,68,Goal,0.850999984741211,0.44799999237060545,0.12022300064563751,Tammy Abraham,a,702,OpenPlay,2021,RightFoot,16775,Salernitana,Roma,0,4,2021-08-29 18:45:00,Carles Pérez,Pass
1652,429455,78,MissedShots,0.8480000305175781,0.5329999923706055,0.08229319751262665,Tammy Abraham,a,702,OpenPlay,2021,LeftFoot,16775,Salernitana,Roma,0,4,2021-08-29 18:45:00,,None
1653,430731,33,MissedShots,0.9130000305175782,0.4,0.3547309935092926,Tammy Abraham,h,702,OpenPlay,2021,RightFoot,16782,Roma,Sassuolo,2,1,2021-09-12 18:45:00,Rick Karsdorp,Throughball
1654,430740,58,ShotOnPost,0.97,0.4420000076293945,0.6355140209197998,Tammy Abraham,h,702,OpenPlay,2021,RightFoot,16782,Roma,Sassuolo,2,1,2021-09-12 18:45:00,,Rebound
1655,432114,92,BlockedShot,0.8730000305175781,0.7069999694824218,0.038882799446582794,Tammy Abraham,a,702,OpenPlay,2021,RightFoot,16788,Verona,Roma,3,2,2021-09-19 16:00:00,Stephan El Shaarawy,Pass
1656,433045,17,BlockedShot,0.8669999694824219,0.6730000305175782,0.05106019973754883,Tammy Abraham,h,702,OpenPlay,2021,RightFoot,16801,Roma,Udinese,1,0,2021-09-23 18:45:00,Jordan Veretout,Chipped
1657,433049,35,Goal,0.9590000152587891,0.5259999847412109,0.6805030107498169,Tammy Abraham,h,702,OpenPlay,2021,RightFoot,16801,Roma,Udinese,1,0,2021-09-23 18:45:00,Riccardo Calafiori,Pass
1658,435676,24,BlockedShot,0.795,0.5070000076293946,0.0454242005944252,Tammy Abraham,h,702,OpenPlay,2021,RightFoot,16821,Roma,Empoli,2,0,2021-10-03 16:00:00,Henrikh Mkhitaryan,Pass
1659,435684,45,BlockedShot,0.7240000152587891,0.6719999694824219,0.037929099053144455,Tammy Abraham,h,702,DirectFreekick,2021,RightFoot,16821,Roma,Empoli,2,0,2021-10-03 16:00:00,,Standard
1660,435685,47,SavedShot,0.879000015258789,0.35900001525878905,0.08387929946184158,Tammy Abraham,h,702,OpenPlay,2021,RightFoot,16821,Roma,Empoli,2,0,2021-10-03 16:00:00,,BallRecovery
1661,435687,51,SavedShot,0.8680000305175781,0.34099998474121096,0.08407799899578094,Tammy Abraham,h,702,OpenPlay,2021,RightFoot,16821,Roma,Empoli,2,0,2021-10-03 16:00:00,Rick Karsdorp,Pass
1662,435693,71,BlockedShot,0.965,0.5129999923706055,0.5317659974098206,Tammy Abraham,h,702,FromCorner,2021,Head,16821,Roma,Empoli,2,0,2021-10-03 16:00:00,Jordan Veretout,Cross
1663,435692,71,SavedShot,0.875,0.654000015258789,0.09214910119771957,Tammy Abraham,h,702,OpenPlay,2021,LeftFoot,16821,Roma,Empoli,2,0,2021-10-03 16:00:00,Lorenzo Pellegrini,Pass
1664,437114,4,BlockedShot,0.7919999694824219,0.4620000076293945,0.038501400500535965,Tammy Abraham,a,702,OpenPlay,2021,RightFoot,16829,Juventus,Roma,1,0,2021-10-17 18:45:00,,None
1665,437122,36,SavedShot,0.91,0.425,0.06609699875116348,Tammy Abraham,a,702,OpenPlay,2021,Head,16829,Juventus,Roma,1,0,2021-10-17 18:45:00,Matias Viña,Cross
1666,438567,27,MissedShots,0.8730000305175781,0.5279999923706055,0.35299599170684814,Tammy Abraham,h,702,OpenPlay,2021,RightFoot,16841,Roma,Napoli,0,0,2021-10-24 16:00:00,Bryan Cristante,Throughball
1667,438569,32,BlockedShot,0.9540000152587891,0.43099998474121093,0.12015099823474884,Tammy Abraham,h,702,OpenPlay,2021,RightFoot,16841,Roma,Napoli,0,0,2021-10-24 16:00:00,Rick Karsdorp,Cross
1668,439071,32,BlockedShot,0.9740000152587891,0.5990000152587891,0.03225409984588623,Tammy Abraham,a,702,OpenPlay,2021,Head,16846,Cagliari,Roma,1,2,2021-10-27 18:45:00,Rick Karsdorp,Aerial
1669,439078,55,MissedShots,0.9569999694824218,0.49900001525878906,0.27492499351501465,Tammy Abraham,a,702,OpenPlay,2021,Head,16846,Cagliari,Roma,1,2,2021-10-27 18:45:00,Stephan El Shaarawy,SubstitutionOn
1670,440544,52,BlockedShot,0.8530000305175781,0.4490000152587891,0.07938069850206375,Tammy Abraham,h,702,OpenPlay,2021,RightFoot,16862,Roma,AC Milan,1,2,2021-10-31 19:45:00,Rick Karsdorp,Pass
1671,441397,17,BlockedShot,0.95,0.6079999923706054,0.07948370277881622,Tammy Abraham,a,702,OpenPlay,2021,LeftFoot,16875,Venezia,Roma,3,2,2021-11-07 11:30:00,Stephan El Shaarawy,Pass
1672,441401,26,ShotOnPost,0.9290000152587891,0.355,0.32074201107025146,Tammy Abraham,a,702,OpenPlay,2021,RightFoot,16875,Venezia,Roma,3,2,2021-11-07 11:30:00,Eldor Shomurodov,Aerial
1673,441408,42,SavedShot,0.8969999694824219,0.40400001525878904,0.037015400826931,Tammy Abraham,a,702,OpenPlay,2021,Head,16875,Venezia,Roma,3,2,2021-11-07 11:30:00,Stephan El Shaarawy,Cross
1674,441411,46,Goal,0.93,0.5279999923706055,0.398157000541687,Tammy Abraham,a,702,OpenPlay,2021,LeftFoot,16875,Venezia,Roma,3,2,2021-11-07 11:30:00,Eldor Shomurodov,Cross
1675,441415,47,BlockedShot,0.8159999847412109,0.47200000762939454,0.038159098476171494,Tammy Abraham,a,702,OpenPlay,2021,RightFoot,16875,Venezia,Roma,3,2,2021-11-07 11:30:00,Lorenzo Pellegrini,Cross
1676,441422,66,SavedShot,0.924000015258789,0.505,0.5374619960784912,Tammy Abraham,a,702,OpenPlay,2021,RightFoot,16875,Venezia,Roma,3,2,2021-11-07 11:30:00,Lorenzo Pellegrini,Pass
1677,441425,72,MissedShots,0.8180000305175781,0.4909999847412109,0.055378399789333344,Tammy Abraham,a,702,OpenPlay,2021,RightFoot,16875,Venezia,Roma,3,2,2021-11-07 11:30:00,Lorenzo Pellegrini,Pass
1678,443530,79,MissedShots,0.899000015258789,0.3609999847412109,0.09141449630260468,Tammy Abraham,a,702,OpenPlay,2021,RightFoot,16879,Genoa,Roma,0,2,2021-11-21 19:45:00,Felix Afena-Gyan,Pass
1679,444852,31,Goal,0.8690000152587891,0.52,0.37150999903678894,Tammy Abraham,h,702,OpenPlay,2021,RightFoot,16891,Roma,Torino,1,0,2021-11-28 17:00:00,Henrikh Mkhitaryan,Throughball
1680,444855,44,SavedShot,0.9259999847412109,0.525,0.05170850083231926,Tammy Abraham,h,702,FromCorner,2021,Head,16891,Roma,Torino,1,0,2021-11-28 17:00:00,Carles Pérez,Aerial
1681,445199,18,MissedShots,0.925,0.4470000076293945,0.30181699991226196,Tammy Abraham,a,702,OpenPlay,2021,Head,16897,Bologna,Roma,1,0,2021-12-01 17:30:00,Rick Karsdorp,Cross
1682,445202,41,SavedShot,0.92,0.534000015258789,0.11157099902629852,Tammy Abraham,a,702,FromCorner,2021,RightFoot,16897,Bologna,Roma,1,0,2021-12-01 17:30:00,,None
1683,445213,74,MissedShots,0.7519999694824219,0.6430000305175781,0.05320829898118973,Tammy Abraham,a,702,DirectFreekick,2021,RightFoot,16897,Bologna,Roma,1,0,2021-12-01 17:30:00,,Standard
1684,445215,85,SavedShot,0.8809999847412109,0.46599998474121096,0.08600500226020813,Tammy Abraham,a,702,OpenPlay,2021,RightFoot,16897,Bologna,Roma,1,0,2021-12-01 17:30:00,Bryan Cristante,Chipped
1685,448718,5,BlockedShot,0.914000015258789,0.5670000076293945,0.06074630096554756,Tammy Abraham,h,702,FromCorner,2021,Head,16921,Roma,Spezia,2,0,2021-12-13 19:45:00,Jordan Veretout,Cross
1686,448727,46,ShotOnPost,0.9619999694824218,0.49599998474121093,0.6746349930763245,Tammy Abraham,h,702,OpenPlay,2021,OtherBodyPart,16921,Roma,Spezia,2,0,2021-12-13 19:45:00,Henrikh Mkhitaryan,Cross
1687,448734,74,SavedShot,0.9119999694824219,0.47900001525878905,0.5811740159988403,Tammy Abraham,h,702,OpenPlay,2021,RightFoot,16921,Roma,Spezia,2,0,2021-12-13 19:45:00,Matias Viña,Throughball
1688,449334,0,Goal,0.8690000152587891,0.45099998474121095,0.11770699918270111,Tammy Abraham,a,702,OpenPlay,2021,RightFoot,16926,Atalanta,Roma,1,4,2021-12-18 14:00:00,,TakeOn
1689,449356,81,Goal,0.8880000305175781,0.41700000762939454,0.3831369876861572,Tammy Abraham,a,702,OpenPlay,2021,RightFoot,16926,Atalanta,Roma,1,4,2021-12-18 14:00:00,,Rebound
1690,450152,2,MissedShots,0.8969999694824219,0.32799999237060545,0.12036900222301483,Tammy Abraham,h,702,OpenPlay,2021,RightFoot,16942,Roma,Sampdoria,1,1,2021-12-22 17:30:00,Henrikh Mkhitaryan,Throughball
1691,450158,35,MissedShots,0.9259999847412109,0.5259999847412109,0.3552980124950409,Tammy Abraham,h,702,OpenPlay,2021,Head,16942,Roma,Sampdoria,1,1,2021-12-22 17:30:00,Rick Karsdorp,Cross
1692,451815,39,Goal,0.924000015258789,0.49599998474121093,0.5041469931602478,Tammy Abraham,a,702,FromCorner,2021,RightFoot,16951,AC Milan,Roma,3,1,2022-01-06 17:30:00,Lorenzo Pellegrini,Rebound
1693,451813,39,SavedShot,0.8819999694824219,0.43099998474121093,0.018695300444960594,Tammy Abraham,a,702,OpenPlay,2021,Head,16951,AC Milan,Roma,3,1,2022-01-06 17:30:00,Nicolo Zaniolo,Rebound
1694,451819,58,SavedShot,0.8069999694824219,0.5,0.05166039988398552,Tammy Abraham,a,702,OpenPlay,2021,RightFoot,16951,AC Milan,Roma,3,1,2022-01-06 17:30:00,Henrikh Mkhitaryan,Pass
1695,452716,6,SavedShot,0.919000015258789,0.4779999923706055,0.05449489876627922,Tammy Abraham,h,702,FromCorner,2021,Head,16962,Roma,Juventus,3,4,2022-01-09 17:30:00,Chris Smalling,HeadPass
1696,452718,10,Goal,0.970999984741211,0.5270000076293946,0.5398820042610168,Tammy Abraham,h,702,FromCorner,2021,Head,16962,Roma,Juventus,3,4,2022-01-09 17:30:00,Jordan Veretout,Aerial
1697,452729,48,MissedShots,0.9640000152587891,0.4779999923706055,0.46917301416397095,Tammy Abraham,h,702,FromCorner,2021,RightFoot,16962,Roma,Juventus,3,4,2022-01-09 17:30:00,Chris Smalling,BallTouch
1698,452739,79,BlockedShot,0.884000015258789,0.5220000076293946,0.08387850224971771,Tammy Abraham,h,702,OpenPlay,2021,RightFoot,16962,Roma,Juventus,3,4,2022-01-09 17:30:00,Ainsley Maitland-Niles,Cross
1699,452743,89,BlockedShot,0.7390000152587891,0.6809999847412109,0.04205689951777458,Tammy Abraham,h,702,DirectFreekick,2021,RightFoot,16962,Roma,Juventus,3,4,2022-01-09 17:30:00,,Standard
1700,453799,12,SavedShot,0.9669999694824218,0.515,0.1561650037765503,Tammy Abraham,h,702,OpenPlay,2021,Head,16971,Roma,Cagliari,1,0,2022-01-16 17:00:00,Ainsley Maitland-Niles,Cross
1701,453809,62,BlockedShot,0.81,0.5159999847412109,0.06642259657382965,Tammy Abraham,h,702,OpenPlay,2021,LeftFoot,16971,Roma,Cagliari,1,0,2022-01-16 17:00:00,Henrikh Mkhitaryan,Pass
1702,453816,81,BlockedShot,0.9119999694824219,0.505,0.14745500683784485,Tammy Abraham,h,702,OpenPlay,2021,RightFoot,16971,Roma,Cagliari,1,0,2022-01-16 17:00:00,Henrikh Mkhitaryan,Pass
1703,455351,9,MissedShots,0.879000015258789,0.4520000076293945,0.09177310019731522,Tammy Abraham,a,702,OpenPlay,2021,LeftFoot,16977,Empoli,Roma,2,4,2022-01-23 17:00:00,Henrikh Mkhitaryan,Rebound
1704,455352,16,SavedShot,0.8780000305175781,0.335,0.05392469838261604,Tammy Abraham,a,702,OpenPlay,2021,RightFoot,16977,Empoli,Roma,2,4,2022-01-23 17:00:00,,None
1705,455355,21,MissedShots,0.9059999847412109,0.4879999923706055,0.10376100242137909,Tammy Abraham,a,702,OpenPlay,2021,Head,16977,Empoli,Roma,2,4,2022-01-23 17:00:00,Sérgio Oliveira,Cross
1706,455357,23,Goal,0.8780000305175781,0.45799999237060546,0.09250789880752563,Tammy Abraham,a,702,OpenPlay,2021,RightFoot,16977,Empoli,Roma,2,4,2022-01-23 17:00:00,Sérgio Oliveira,Rebound
1707,455360,32,Goal,0.97,0.5070000076293946,0.7064120173454285,Tammy Abraham,a,702,FromCorner,2021,RightFoot,16977,Empoli,Roma,2,4,2022-01-23 17:00:00,,None
1708,455639,29,BlockedShot,0.9490000152587891,0.425,0.10941900312900543,Tammy Abraham,h,702,OpenPlay,2021,RightFoot,16991,Roma,Genoa,0,0,2022-02-05 14:00:00,Rick Karsdorp,Cross
1709,455656,65,BlockedShot,0.86,0.415,0.09099069982767105,Tammy Abraham,h,702,OpenPlay,2021,RightFoot,16991,Roma,Genoa,0,0,2022-02-05 14:00:00,Rick Karsdorp,Pass
1710,455659,75,MissedShots,0.87,0.4779999923706055,0.04421110078692436,Tammy Abraham,h,702,SetPiece,2021,Head,16991,Roma,Genoa,0,0,2022-02-05 14:00:00,Jordan Veretout,Cross
1711,457719,29,MissedShots,0.9480000305175781,0.5509999847412109,0.11823800206184387,Tammy Abraham,a,702,OpenPlay,2021,RightFoot,17003,Sassuolo,Roma,2,2,2022-02-13 17:00:00,Matias Viña,Cross
1712,457721,45,Goal,0.885,0.5,0.7612990140914917,Tammy Abraham,a,702,Penalty,2021,RightFoot,17003,Sassuolo,Roma,2,2,2022-02-13 17:00:00,,Standard
1713,458436,84,BlockedShot,0.8969999694824219,0.37400001525878906,0.14607900381088257,Tammy Abraham,h,702,OpenPlay,2021,RightFoot,17011,Roma,Verona,2,2,2022-02-19 17:00:00,Rick Karsdorp,Throughball
1714,460465,17,SavedShot,0.93,0.59,0.38209399580955505,Tammy Abraham,a,702,OpenPlay,2021,RightFoot,17024,Spezia,Roma,0,1,2022-02-27 17:00:00,,Rebound
1715,460466,18,MissedShots,0.905,0.3840000152587891,0.1036050021648407,Tammy Abraham,a,702,OpenPlay,2021,LeftFoot,17024,Spezia,Roma,0,1,2022-02-27 17:00:00,Henrikh Mkhitaryan,Pass
1716,460472,46,MissedShots,0.9159999847412109,0.5209999847412109,0.2815850079059601,Tammy Abraham,a,702,FromCorner,2021,Head,17024,Spezia,Roma,0,1,2022-02-27 17:00:00,Lorenzo Pellegrini,Cross
1717,460471,47,MissedShots,0.86,0.720999984741211,0.03396749868988991,Tammy Abraham,a,702,OpenPlay,2021,RightFoot,17024,Spezia,Roma,0,1,2022-02-27 17:00:00,,None
1718,460491,79,SavedShot,0.9340000152587891,0.34799999237060547,0.08997110277414322,Tammy Abraham,a,702,OpenPlay,2021,RightFoot,17024,Spezia,Roma,0,1,2022-02-27 17:00:00,Nicolo Zaniolo,Pass
1719,460493,82,MissedShots,0.875999984741211,0.48,0.08785119652748108,Tammy Abraham,a,702,OpenPlay,2021,RightFoot,17024,Spezia,Roma,0,1,2022-02-27 17:00:00,,None
1720,460497,92,BlockedShot,0.970999984741211,0.39799999237060546,0.08796309679746628,Tammy Abraham,a,702,OpenPlay,2021,RightFoot,17024,Spezia,Roma,0,1,2022-02-27 17:00:00,Rick Karsdorp,Cross
1721,460499,98,Goal,0.885,0.5,0.7612990140914917,Tammy Abraham,a,702,Penalty,2021,RightFoot,17024,Spezia,Roma,0,1,2022-02-27 17:00:00,,Standard
1722,461223,31,Goal,0.9169999694824219,0.4470000076293945,0.6574990153312683,Tammy Abraham,h,702,OpenPlay,2021,RightFoot,17033,Roma,Atalanta,1,0,2022-03-05 17:00:00,Nicolo Zaniolo,TakeOn
1723,461233,79,MissedShots,0.8219999694824218,0.664000015258789,0.05124419927597046,Tammy Abraham,h,702,OpenPlay,2021,RightFoot,17033,Roma,Atalanta,1,0,2022-03-05 17:00:00,Jordan Veretout,BallTouch
1724,463312,10,MissedShots,0.76,0.43400001525878906,0.024893799796700478,Tammy Abraham,a,702,OpenPlay,2021,RightFoot,17045,Udinese,Roma,1,1,2022-03-13 17:00:00,Nicolo Zaniolo,Pass
1725,464723,0,Goal,0.98,0.47900001525878905,0.8417189717292786,Tammy Abraham,h,702,FromCorner,2021,RightFoot,17053,Roma,Lazio,3,0,2022-03-20 17:00:00,,None
1726,464728,21,Goal,0.9690000152587891,0.53,0.6481329798698425,Tammy Abraham,h,702,OpenPlay,2021,RightFoot,17053,Roma,Lazio,3,0,2022-03-20 17:00:00,Rick Karsdorp,Cross
1727,464738,66,MissedShots,0.86,0.485,0.3981890082359314,Tammy Abraham,h,702,OpenPlay,2021,RightFoot,17053,Roma,Lazio,3,0,2022-03-20 17:00:00,Bryan Cristante,Throughball
1728,466020,37,MissedShots,0.9319999694824219,0.6769999694824219,0.3265720009803772,Tammy Abraham,a,702,OpenPlay,2021,LeftFoot,17063,Sampdoria,Roma,0,1,2022-04-03 16:00:00,,BallRecovery
1729,466026,78,BlockedShot,0.8530000305175781,0.4929999923706055,0.09140139818191528,Tammy Abraham,a,702,OpenPlay,2021,RightFoot,17063,Sampdoria,Roma,0,1,2022-04-03 16:00:00,,None
1730,468995,60,SavedShot,0.955999984741211,0.5509999847412109,0.40625301003456116,Tammy Abraham,a,702,OpenPlay,2021,Head,17082,Napoli,Roma,1,1,2022-04-18 17:00:00,Rick Karsdorp,Cross
1731,470099,66,MissedShots,0.960999984741211,0.33,0.06958720088005066,Tammy Abraham,a,702,OpenPlay,2021,RightFoot,17090,Inter,Roma,3,1,2022-04-23 16:00:00,Gianluca Mancini,TakeOn
1732,472395,80,MissedShots,0.905,0.3729999923706055,0.09582330286502838,Tammy Abraham,h,702,OpenPlay,2021,RightFoot,17102,Roma,Bologna,0,0,2022-05-01 18:45:00,Gianluca Mancini,Pass
1733,474961,53,MissedShots,0.9259999847412109,0.55,0.3168019950389862,Tammy Abraham,a,702,OpenPlay,2021,Head,17106,Fiorentina,Roma,2,0,2022-05-09 18:45:00,Nicola Zalewski,Cross
1734,475897,40,BlockedShot,0.850999984741211,0.6790000152587891,0.06050020083785057,Tammy Abraham,h,702,OpenPlay,2021,RightFoot,17123,Roma,Venezia,1,1,2022-05-14 18:45:00,Bryan Cristante,Pass
1735,475904,51,SavedShot,0.8859999847412109,0.4779999923706055,0.031533800065517426,Tammy Abraham,h,702,OpenPlay,2021,Head,17123,Roma,Venezia,1,1,2022-05-14 18:45:00,,Aerial
1736,475918,74,BlockedShot,0.8780000305175781,0.7,0.04031269997358322,Tammy Abraham,h,702,OpenPlay,2021,RightFoot,17123,Roma,Venezia,1,1,2022-05-14 18:45:00,Bryan Cristante,Chipped
1737,477009,26,MissedShots,0.7959999847412109,0.31,0.02600190043449402,Tammy Abraham,a,702,OpenPlay,2021,RightFoot,17134,Torino,Roma,0,3,2022-05-20 18:45:00,Jordan Veretout,Pass
1738,477012,32,Goal,0.9130000305175782,0.5379999923706055,0.48052600026130676,Tammy Abraham,a,702,OpenPlay,2021,RightFoot,17134,Torino,Roma,0,3,2022-05-20 18:45:00,Lorenzo Pellegrini,TakeOn
1739,477016,41,Goal,0.885,0.5,0.7612990140914917,Tammy Abraham,a,702,Penalty,2021,RightFoot,17134,Torino,Roma,0,3,2022-05-20 18:45:00,,Standard
1740,481224,32,BlockedShot,0.925,0.615999984741211,0.09478329867124557,Tammy Abraham,a,702,OpenPlay,2022,RightFoot,18589,Salernitana,Roma,0,1,2022-08-14 18:45:00,Nicolo Zaniolo,BallTouch
1741,481227,41,MissedShots,0.924000015258789,0.5459999847412109,0.040389999747276306,Tammy Abraham,a,702,FromCorner,2022,Head,18589,Salernitana,Roma,0,1,2022-08-14 18:45:00,Paulo Dybala,Aerial
1742,481230,43,BlockedShot,0.894000015258789,0.5120000076293946,0.37881800532341003,Tammy Abraham,a,702,OpenPlay,2022,RightFoot,18589,Salernitana,Roma,0,1,2022-08-14 18:45:00,,Rebound
1743,483000,7,BlockedShot,0.96,0.5070000076293946,0.6221989989280701,Tammy Abraham,h,702,OpenPlay,2022,RightFoot,18600,Roma,Cremonese,1,0,2022-08-22 16:30:00,Paulo Dybala,Cross
1744,483005,18,SavedShot,0.8180000305175781,0.5209999847412109,0.048677198588848114,Tammy Abraham,h,702,OpenPlay,2022,RightFoot,18600,Roma,Cremonese,1,0,2022-08-22 16:30:00,Gianluca Mancini,Chipped
1745,483016,49,MissedShots,0.960999984741211,0.445,0.1514430046081543,Tammy Abraham,h,702,OpenPlay,2022,Head,18600,Roma,Cremonese,1,0,2022-08-22 16:30:00,,End
1746,483026,61,BlockedShot,0.9069999694824219,0.3079999923706055,0.06078429892659187,Tammy Abraham,h,702,OpenPlay,2022,RightFoot,18600,Roma,Cremonese,1,0,2022-08-22 16:30:00,Stephan El Shaarawy,Pass
1747,483033,70,SavedShot,0.8530000305175781,0.6120000076293945,0.09033790230751038,Tammy Abraham,h,702,OpenPlay,2022,RightFoot,18600,Roma,Cremonese,1,0,2022-08-22 16:30:00,Paulo Dybala,Pass
1748,483856,66,SavedShot,0.8690000152587891,0.5359999847412109,0.0686241015791893,Tammy Abraham,a,702,OpenPlay,2022,RightFoot,18604,Juventus,Roma,1,1,2022-08-27 16:30:00,,None
1749,483857,68,Goal,0.97,0.49,0.6003260016441345,Tammy Abraham,a,702,FromCorner,2022,Head,18604,Juventus,Roma,1,1,2022-08-27 16:30:00,Paulo Dybala,Pass
1750,484898,24,MissedShots,0.8640000152587891,0.6930000305175781,0.057872600853443146,Tammy Abraham,h,702,OpenPlay,2022,LeftFoot,18613,Roma,Monza,3,0,2022-08-30 18:45:00,Nicola Zalewski,Chipped
1751,484900,31,SavedShot,0.8380000305175781,0.6630000305175782,0.05373210087418556,Tammy Abraham,h,702,OpenPlay,2022,RightFoot,18613,Roma,Monza,3,0,2022-08-30 18:45:00,Nemanja Matic,Chipped
1752,484909,55,BlockedShot,0.884000015258789,0.6519999694824219,0.35383498668670654,Tammy Abraham,h,702,OpenPlay,2022,RightFoot,18613,Roma,Monza,3,0,2022-08-30 18:45:00,,TakeOn
1753,486821,35,BlockedShot,0.9119999694824219,0.455,0.045890700072050095,Tammy Abraham,a,702,SetPiece,2022,Head,18628,Udinese,Roma,4,0,2022-09-04 18:45:00,,None
1754,486822,35,MissedShots,0.9169999694824219,0.47299999237060547,0.13168799877166748,Tammy Abraham,a,702,SetPiece,2022,LeftFoot,18628,Udinese,Roma,4,0,2022-09-04 18:45:00,,Rebound
1755,486829,61,MissedShots,0.925,0.29200000762939454,0.05262929946184158,Tammy Abraham,a,702,OpenPlay,2022,RightFoot,18628,Udinese,Roma,4,0,2022-09-04 18:45:00,Paulo Dybala,Pass
1756,488299,6,BlockedShot,0.91,0.46900001525878904,0.048962198197841644,Tammy Abraham,a,702,OpenPlay,2022,Head,18634,Empoli,Roma,1,2,2022-09-12 18:45:00,Mehmet Zeki Çelik,Aerial
1757,488322,70,Goal,0.95,0.5509999847412109,0.43129000067710876,Tammy Abraham,a,702,OpenPlay,2022,RightFoot,18634,Empoli,Roma,1,2,2022-09-12 18:45:00,Paulo Dybala,Chipped
1758,489528,40,MissedShots,0.8530000305175781,0.4879999923706055,0.2787410020828247,Tammy Abraham,h,702,OpenPlay,2022,RightFoot,18647,Roma,Atalanta,0,1,2022-09-18 16:00:00,Lorenzo Pellegrini,Chipped
1759,489531,44,SavedShot,0.9580000305175781,0.5529999923706055,0.5488389730453491,Tammy Abraham,h,702,OpenPlay,2022,RightFoot,18647,Roma,Atalanta,0,1,2022-09-18 16:00:00,Nemanja Matic,Pass
1760,489541,72,SavedShot,0.7519999694824219,0.6780000305175782,0.016710400581359863,Tammy Abraham,h,702,OpenPlay,2022,RightFoot,18647,Roma,Atalanta,0,1,2022-09-18 16:00:00,Andrea Belotti,LayOff
1761,490306,70,SavedShot,0.9219999694824219,0.4490000152587891,0.11140099912881851,Tammy Abraham,a,702,OpenPlay,2022,RightFoot,18655,Inter,Roma,1,2,2022-10-01 16:00:00,Mehmet Zeki Çelik,Cross
1762,490311,88,MissedShots,0.9059999847412109,0.45099998474121095,0.16024599969387054,Tammy Abraham,a,702,OpenPlay,2022,RightFoot,18655,Inter,Roma,1,2,2022-10-01 16:00:00,Andrea Belotti,Pass
1763,492533,70,BlockedShot,0.84,0.580999984741211,0.13422299921512604,Tammy Abraham,h,702,OpenPlay,2022,RightFoot,18667,Roma,Lecce,2,1,2022-10-09 18:45:00,Ibañez,Throughball
1764,492536,81,MissedShots,0.8919999694824219,0.49900001525878906,0.4500960111618042,Tammy Abraham,h,702,OpenPlay,2022,RightFoot,18667,Roma,Lecce,2,1,2022-10-09 18:45:00,,None
1765,492537,87,SavedShot,0.9359999847412109,0.4759999847412109,0.4710339903831482,Tammy Abraham,h,702,OpenPlay,2022,Head,18667,Roma,Lecce,2,1,2022-10-09 18:45:00,Bryan Cristante,Cross
1766,495909,8,MissedShots,0.855,0.615,0.07856489717960358,Tammy Abraham,h,702,OpenPlay,2022,RightFoot,18688,Roma,Napoli,0,1,2022-10-23 18:45:00,Mady Camara,Pass
1767,497553,18,ShotOnPost,0.9480000305175781,0.37,0.6044099926948547,Tammy Abraham,a,702,OpenPlay,2022,RightFoot,18694,Verona,Roma,1,3,2022-10-31 17:30:00,Rick Karsdorp,TakeOn
1768,497554,20,MissedShots,0.93,0.46900001525878904,0.4137659966945648,Tammy Abraham,a,702,SetPiece,2022,Head,18694,Verona,Roma,1,3,2022-10-31 17:30:00,,None
1769,497558,46,ShotOnPost,0.925,0.649000015258789,0.2927039861679077,Tammy Abraham,a,702,OpenPlay,2022,RightFoot,18694,Verona,Roma,1,3,2022-10-31 17:30:00,Mady Camara,Pass
1770,497567,83,BlockedShot,0.9059999847412109,0.5270000076293946,0.10639400035142899,Tammy Abraham,a,702,OpenPlay,2022,RightFoot,18694,Verona,Roma,1,3,2022-10-31 17:30:00,Cristian Volpato,Cross
1771,498861,1,SavedShot,0.8169999694824219,0.555,0.050798699259757996,Tammy Abraham,h,702,OpenPlay,2022,RightFoot,18708,Roma,Lazio,0,1,2022-11-06 17:00:00,,None
1772,498872,83,MissedShots,0.960999984741211,0.595,0.08483660221099854,Tammy Abraham,h,702,OpenPlay,2022,RightFoot,18708,Roma,Lazio,0,1,2022-11-06 17:00:00,Nemanja Matic,Cross
1773,499317,79,Goal,0.9119999694824219,0.455,0.09784500300884247,Tammy Abraham,a,702,OpenPlay,2022,Head,18719,Sassuolo,Roma,1,1,2022-11-09 17:30:00,Gianluca Mancini,Cross
1774,503018,91,MissedShots,0.8669999694824219,0.5309999847412109,0.03017999976873398,Tammy Abraham,a,702,OpenPlay,2022,Head,18747,AC Milan,Roma,2,2,2023-01-08 19:45:00,Lorenzo Pellegrini,Cross
1775,503020,92,Goal,0.9630000305175781,0.5179999923706055,0.7321940064430237,Tammy Abraham,a,702,SetPiece,2022,RightFoot,18747,AC Milan,Roma,2,2,2023-01-08 19:45:00,,Rebound
1776,504240,60,SavedShot,0.955,0.654000015258789,0.32884299755096436,Tammy Abraham,h,702,OpenPlay,2022,RightFoot,18758,Roma,Fiorentina,2,0,2023-01-15 19:45:00,,BallRecovery
1777,505105,40,MissedShots,0.955999984741211,0.46599998474121096,0.5237089991569519,Tammy Abraham,a,702,SetPiece,2022,Head,18771,Spezia,Roma,0,2,2023-01-22 17:00:00,Paulo Dybala,Cross
1778,505112,48,Goal,0.8280000305175781,0.47400001525878904,0.4472320079803467,Tammy Abraham,a,702,OpenPlay,2022,RightFoot,18771,Spezia,Roma,0,2,2023-01-22 17:00:00,Paulo Dybala,TakeOn
1779,507281,5,Goal,0.9459999847412109,0.524000015258789,0.44495999813079834,Tammy Abraham,h,702,FromCorner,2022,Head,18787,Roma,Empoli,2,0,2023-02-04 17:00:00,Paulo Dybala,Cross
1780,507284,23,SavedShot,0.9119999694824219,0.5070000076293946,0.2837119996547699,Tammy Abraham,h,702,FromCorner,2022,Head,18787,Roma,Empoli,2,0,2023-02-04 17:00:00,Paulo Dybala,Cross
1781,507285,28,MissedShots,0.914000015258789,0.4809999847412109,0.27563801407814026,Tammy Abraham,h,702,SetPiece,2022,Head,18787,Roma,Empoli,2,0,2023-02-04 17:00:00,Lorenzo Pellegrini,Cross
1782,507293,46,SavedShot,0.9769999694824218,0.5359999847412109,0.6033040285110474,Tammy Abraham,h,702,FromCorner,2022,Head,18787,Roma,Empoli,2,0,2023-02-04 17:00:00,,Rebound
1783,508560,41,SavedShot,0.914000015258789,0.3609999847412109,0.3498629927635193,Tammy Abraham,a,702,OpenPlay,2022,RightFoot,18798,Lecce,Roma,1,1,2023-02-11 17:00:00,Paulo Dybala,Throughball
1784,508561,46,SavedShot,0.865999984741211,0.64,0.050849799066782,Tammy Abraham,a,702,OpenPlay,2022,RightFoot,18798,Lecce,Roma,1,1,2023-02-11 17:00:00,Gianluca Mancini,TakeOn
1785,508565,49,SavedShot,0.8880000305175781,0.524000015258789,0.06903629750013351,Tammy Abraham,a,702,SetPiece,2022,Head,18798,Lecce,Roma,1,1,2023-02-11 17:00:00,Lorenzo Pellegrini,Cross
1786,511675,77,SavedShot,0.9690000152587891,0.46700000762939453,0.09486299753189087,Tammy Abraham,a,702,FromCorner,2022,Head,18817,Cremonese,Roma,2,1,2023-02-28 17:30:00,Paulo Dybala,Aerial
1787,514295,5,MissedShots,0.8180000305175781,0.42400001525878905,0.04848819971084595,Tammy Abraham,h,702,OpenPlay,2022,RightFoot,18840,Roma,Sassuolo,3,4,2023-03-12 17:00:00,Nicola Zalewski,Chipped
1788,517142,2,BlockedShot,0.955999984741211,0.40799999237060547,0.10723400115966797,Tammy Abraham,h,702,OpenPlay,2022,RightFoot,18860,Roma,Sampdoria,3,0,2023-04-02 16:00:00,Georginio Wijnaldum,Cross
1789,517157,45,MissedShots,0.9359999847412109,0.515,0.06596460193395615,Tammy Abraham,h,702,FromCorner,2022,Head,18860,Roma,Sampdoria,3,0,2023-04-02 16:00:00,Paulo Dybala,Aerial
1790,518280,91,MissedShots,0.8730000305175781,0.66,0.06273949891328812,Tammy Abraham,a,702,OpenPlay,2022,RightFoot,18870,Torino,Roma,0,1,2023-04-08 16:30:00,Nemanja Matic,TakeOn
1791,520344,90,Goal,0.909000015258789,0.57,0.06779950112104416,Tammy Abraham,h,702,OpenPlay,2022,Head,18878,Roma,Udinese,3,0,2023-04-16 18:45:00,Leonardo Spinazzola,Cross
1792,521848,31,BlockedShot,0.909000015258789,0.4470000076293945,0.10674762725830078,Tammy Abraham,a,702,OpenPlay,2022,RightFoot,18882,Atalanta,Roma,3,1,2023-04-24 18:45:00,Gianluca Mancini,Cross
1793,521853,45,MissedShots,0.860999984741211,0.285,0.040095653384923935,Tammy Abraham,a,702,OpenPlay,2022,RightFoot,18882,Atalanta,Roma,3,1,2023-04-24 18:45:00,Ola Solbakken,Pass
1794,521854,47,MissedShots,0.9119999694824219,0.4520000076293945,0.09002664685249329,Tammy Abraham,a,702,OpenPlay,2022,Head,18882,Atalanta,Roma,3,1,2023-04-24 18:45:00,Gianluca Mancini,Cross
1795,522862,60,BlockedShot,0.835999984741211,0.74,0.026279635727405548,Tammy Abraham,h,702,OpenPlay,2022,RightFoot,18898,Roma,AC Milan,1,1,2023-04-29 16:00:00,Lorenzo Pellegrini,Pass
1796,522869,93,Goal,0.875999984741211,0.46799999237060547,0.14564061164855957,Tammy Abraham,h,702,OpenPlay,2022,RightFoot,18898,Roma,AC Milan,1,1,2023-04-29 16:00:00,Mehmet Zeki Çelik,Pass
1797,524126,77,SavedShot,0.8719999694824219,0.7609999847412109,0.026617269963026047,Tammy Abraham,a,702,OpenPlay,2022,RightFoot,18908,Monza,Roma,1,1,2023-05-03 19:00:00,Lorenzo Pellegrini,TakeOn
1798,526765,77,MissedShots,0.8669999694824219,0.41700000762939454,0.3117729127407074,Tammy Abraham,a,702,OpenPlay,2022,RightFoot,18922,Bologna,Roma,0,0,2023-05-14 16:00:00,Lorenzo Pellegrini,Throughball
1799,526768,86,SavedShot,0.8969999694824219,0.4829999923706055,0.03815319761633873,Tammy Abraham,a,702,SetPiece,2022,Head,18922,Bologna,Roma,0,0,2023-05-14 16:00:00,Nicola Zalewski,None
1800,528386,80,SavedShot,0.8780000305175781,0.5420000076293945,0.04135732725262642,Tammy Abraham,h,702,OpenPlay,2022,Head,18938,Roma,Salernitana,2,2,2023-05-22 16:30:00,Stephan El Shaarawy,Cross
1801,577576,87,Goal,0.9619999694824218,0.4470000076293945,0.37200623750686646,Tammy Abraham,a,702,FromCorner,2023,Head,22636,Napoli,Roma,2,2,2024-04-28 16:00:00,Evan Ndicka,None
1802,579233,93,SavedShot,0.9069999694824219,0.39099998474121095,0.10771430283784866,Tammy Abraham,h,702,OpenPlay,2023,RightFoot,22652,Roma,Juventus,1,1,2024-05-05 18:45:00,Sardar Azmoun,Pass
1803,583581,31,BlockedShot,0.885,0.519000015258789,0.07997105270624161,Tammy Abraham,a,702,SetPiece,2023,RightFoot,22677,Empoli,Roma,2,1,2024-05-26 18:45:00,,None
1804,583584,42,MissedShots,0.8519999694824218,0.585,0.13468396663665771,Tammy Abraham,a,702,OpenPlay,2023,OtherBodyPart,22677,Empoli,Roma,2,1,2024-05-26 18:45:00,Nicola Zalewski,None
1805,589639,93,SavedShot,0.905,0.6279999923706054,0.33853644132614136,Tammy Abraham,a,702,OpenPlay,2024,LeftFoot,27387,Lazio,AC Milan,2,2,2024-08-31 18:45:00,Christian Pulisic,Throughball
1806,589641,94,SavedShot,0.8730000305175781,0.514000015258789,0.06611938029527664,Tammy Abraham,a,702,FromCorner,2024,RightFoot,27387,Lazio,AC Milan,2,2,2024-08-31 18:45:00,Yunus Musah,End
1807,591098,28,Goal,0.885,0.5,0.7612988352775574,Tammy Abraham,h,702,Penalty,2024,RightFoot,27398,AC Milan,Venezia,4,0,2024-09-14 18:45:00,,Standard
1808,593280,67,BlockedShot,0.7869999694824219,0.4879999923706055,0.06791917979717255,Tammy Abraham,a,702,OpenPlay,2024,RightFoot,27406,Inter,AC Milan,1,2,2024-09-22 18:45:00,,None
1809,593286,76,MissedShots,0.92,0.33599998474121096,0.3161067068576813,Tammy Abraham,a,702,OpenPlay,2024,RightFoot,27406,Inter,AC Milan,1,2,2024-09-22 18:45:00,Tijjani Reijnders,Throughball
1810,593287,83,BlockedShot,0.8369999694824218,0.46799999237060547,0.07371159642934799,Tammy Abraham,a,702,OpenPlay,2024,RightFoot,27406,Inter,AC Milan,1,2,2024-09-22 18:45:00,Emerson,Pass
1811,593689,42,SavedShot,0.85,0.4379999923706055,0.10443776100873947,Tammy Abraham,h,702,OpenPlay,2024,RightFoot,27417,AC Milan,Lecce,3,0,2024-09-27 18:45:00,Emerson,Pass
1812,593688,42,ShotOnPost,0.879000015258789,0.4179999923706055,0.4068396985530853,Tammy Abraham,h,702,OpenPlay,2024,RightFoot,27417,AC Milan,Lecce,3,0,2024-09-27 18:45:00,Álvaro Morata,Pass
1813,593697,60,MissedShots,0.9459999847412109,0.5659999847412109,0.14894428849220276,Tammy Abraham,h,702,OpenPlay,2024,RightFoot,27417,AC Milan,Lecce,3,0,2024-09-27 18:45:00,Ruben Loftus-Cheek,Rebound
1814,596482,46,SavedShot,0.874000015258789,0.44799999237060545,0.049233730882406235,Tammy Abraham,a,702,FromCorner,2024,RightFoot,27426,Fiorentina,AC Milan,2,1,2024-10-06 18:45:00,Rafael Leão,Cross
1815,596483,55,SavedShot,0.885,0.5,0.7612988352775574,Tammy Abraham,a,702,Penalty,2024,RightFoot,27426,Fiorentina,AC Milan,2,1,2024-10-06 18:45:00,,Standard
1816,596489,70,SavedShot,0.86,0.32299999237060545,0.31461435556411743,Tammy Abraham,a,702,OpenPlay,2024,RightFoot,27426,Fiorentina,AC Milan,2,1,2024-10-06 18:45:00,Christian Pulisic,Throughball
1817,596494,90,BlockedShot,0.9030000305175782,0.54,0.1356809437274933,Tammy Abraham,a,702,OpenPlay,2024,RightFoot,27426,Fiorentina,AC Milan,2,1,2024-10-06 18:45:00,Noah Okafor,Throughball
1818,597237,74,SavedShot,0.9540000152587891,0.5579999923706055,0.5812198519706726,Tammy Abraham,h,702,OpenPlay,2024,LeftFoot,27440,AC Milan,Udinese,1,0,2024-10-19 16:00:00,,Rebound
1819,601635,68,Goal,0.980999984741211,0.5279999923706055,0.9326106309890747,Tammy Abraham,a,702,OpenPlay,2024,RightFoot,27478,Cagliari,AC Milan,3,3,2024-11-09 17:00:00,,Rebound
1820,604332,87,MissedShots,0.970999984741211,0.5540000152587891,0.5693241953849792,Tammy Abraham,h,702,OpenPlay,2024,RightFoot,27498,AC Milan,Empoli,3,0,2024-11-30 17:00:00,Samuel Chukwueze,Chipped
1821,607863,12,MissedShots,0.8869999694824219,0.3160000038146973,0.05675650015473366,Tammy Abraham,h,702,OpenPlay,2024,RightFoot,27520,AC Milan,Genoa,0,0,2024-12-15 19:45:00,Tijjani Reijnders,Pass
1822,607873,45,BlockedShot,0.9159999847412109,0.509000015258789,0.05787070095539093,Tammy Abraham,h,702,OpenPlay,2024,Head,27520,AC Milan,Genoa,0,0,2024-12-15 19:45:00,Rafael Leão,Aerial
1823,608094,28,SavedShot,0.9640000152587891,0.5540000152587891,0.6332986950874329,Tammy Abraham,a,702,FromCorner,2024,OtherBodyPart,27522,Verona,AC Milan,0,1,2024-12-20 19:45:00,Tijjani Reijnders,Aerial
1824,135362,4,MissedShots,0.7369999694824219,0.73,0.010514900088310242,Theo Hernández,h,2547,OpenPlay,2016,LeftFoot,1796,Alaves,Sporting Gijon,0,0,2016-08-28 20:15:00,,TakeOn
1825,135367,28,MissedShots,0.8590000152587891,0.8019999694824219,0.02311900071799755,Theo Hernández,h,2547,OpenPlay,2016,LeftFoot,1796,Alaves,Sporting Gijon,0,0,2016-08-28 20:15:00,Marcos Llorente,Pass
1826,135839,6,MissedShots,0.9080000305175782,0.69,0.04652630165219307,Theo Hernández,h,2547,OpenPlay,2016,LeftFoot,1818,Alaves,Deportivo La Coruna,0,0,2016-09-19 22:45:00,Ibai Gómez,Pass
1827,135857,72,BlockedShot,0.919000015258789,0.645,0.09858950227499008,Theo Hernández,h,2547,OpenPlay,2016,LeftFoot,1818,Alaves,Deportivo La Coruna,0,0,2016-09-19 22:45:00,Deyverson,TakeOn
1828,136617,33,BlockedShot,0.705,0.62,0.009178970009088516,Theo Hernández,a,2547,SetPiece,2016,LeftFoot,1841,Sevilla,Alaves,2,1,2016-10-01 18:15:00,,None
1829,136620,46,MissedShots,0.715,0.6759999847412109,0.009942829608917236,Theo Hernández,a,2547,OpenPlay,2016,LeftFoot,1841,Sevilla,Alaves,2,1,2016-10-01 18:15:00,Marcos Llorente,Chipped
1830,137227,41,BlockedShot,0.7090000152587891,0.509000015258789,0.013746200129389763,Theo Hernández,h,2547,FromCorner,2016,LeftFoot,1854,Alaves,Malaga,1,1,2016-10-16 14:00:00,,None
1831,137228,45,SavedShot,0.6859999847412109,0.7230000305175781,0.016187099739909172,Theo Hernández,h,2547,OpenPlay,2016,LeftFoot,1854,Alaves,Malaga,1,1,2016-10-16 14:00:00,Manu García,Pass
1832,137585,2,MissedShots,0.9630000305175781,0.7340000152587891,0.03490389883518219,Theo Hernández,a,2547,OpenPlay,2016,LeftFoot,2779,Osasuna,Alaves,0,1,2016-11-05 21:30:00,Marcos Llorente,Chipped
1833,137604,81,MissedShots,0.9130000305175782,0.779000015258789,0.04534190148115158,Theo Hernández,a,2547,OpenPlay,2016,LeftFoot,2779,Osasuna,Alaves,0,1,2016-11-05 21:30:00,,BallRecovery
1834,137832,10,MissedShots,0.7390000152587891,0.69,0.014334199950098991,Theo Hernández,h,2547,OpenPlay,2016,LeftFoot,2791,Alaves,Espanyol,0,1,2016-11-20 15:00:00,Cristian Espinoza,Pass
1835,137839,52,MissedShots,0.870999984741211,0.62,0.08052810281515121,Theo Hernández,h,2547,OpenPlay,2016,LeftFoot,2791,Alaves,Espanyol,0,1,2016-11-20 15:00:00,Deyverson,Pass
1836,138364,12,SavedShot,0.8319999694824218,0.30700000762939456,0.027626900002360344,Theo Hernández,a,2547,SetPiece,2016,LeftFoot,2801,Villarreal,Alaves,0,2,2016-11-27 15:00:00,Ibai Gómez,Pass
1837,138019,18,MissedShots,0.63,0.7709999847412109,0.010814799927175045,Theo Hernández,h,2547,OpenPlay,2016,LeftFoot,3170,Alaves,Las Palmas,1,1,2016-12-04 21:30:00,Marcos Llorente,Pass
1838,140950,79,SavedShot,0.8930000305175781,0.67,0.07581289857625961,Theo Hernández,a,2547,OpenPlay,2016,LeftFoot,3899,Celta Vigo,Alaves,1,0,2017-01-15 19:15:00,Víctor Camarasa,TakeOn
1839,138807,56,MissedShots,0.759000015258789,0.7019999694824218,0.014637400396168232,Theo Hernández,h,2547,FromCorner,2016,LeftFoot,3907,Alaves,Leganes,2,2,2017-01-21 20:30:00,,None
1840,139179,87,SavedShot,0.909000015258789,0.7090000152587891,0.039308398962020874,Theo Hernández,h,2547,OpenPlay,2016,LeftFoot,3916,Alaves,Atletico Madrid,0,0,2017-01-28 18:15:00,Edgar Méndez,Pass
1841,141278,24,SavedShot,0.889000015258789,0.4520000076293945,0.2143000066280365,Theo Hernández,h,2547,OpenPlay,2016,LeftFoot,3936,Alaves,Barcelona,0,6,2017-02-11 15:15:00,Nenad Krsticic,TakeOn
1842,141296,76,SavedShot,0.9440000152587891,0.74,0.029735399410128593,Theo Hernández,h,2547,OpenPlay,2016,LeftFoot,3936,Alaves,Barcelona,0,6,2017-02-11 15:15:00,Óscar Romero,Chipped
1843,141207,54,MissedShots,0.779000015258789,0.7019999694824218,0.017624199390411377,Theo Hernández,a,2547,OpenPlay,2016,LeftFoot,3971,Granada,Alaves,2,1,2017-03-01 20:30:00,Víctor Camarasa,Pass
1844,139230,48,MissedShots,0.9259999847412109,0.7669999694824219,0.030855199322104454,Theo Hernández,h,2547,OpenPlay,2016,LeftFoot,3979,Alaves,Sevilla,1,1,2017-03-06 19:45:00,Marcos Llorente,Pass
1845,142059,47,MissedShots,0.89,0.6840000152587891,0.0489359013736248,Theo Hernández,a,2547,OpenPlay,2016,LeftFoot,4005,Real Madrid,Alaves,3,0,2017-04-02 15:15:00,,None
1846,144209,88,BlockedShot,0.725,0.6509999847412109,0.016519300639629364,Theo Hernández,a,2547,OpenPlay,2016,LeftFoot,4045,Las Palmas,Alaves,1,1,2017-04-23 17:30:00,Rubén Sobrino,Pass
1847,143243,28,MissedShots,0.769000015258789,0.4929999923706055,0.019659899175167084,Theo Hernández,h,2547,SetPiece,2016,LeftFoot,4062,Alaves,Eibar,0,0,2017-04-27 18:30:00,,Rebound
1848,144111,52,Goal,0.85,0.7030000305175781,0.030676500871777534,Theo Hernández,h,2547,FromCorner,2016,LeftFoot,4083,Alaves,Athletic Club,1,0,2017-05-07 11:00:00,Ibai Gómez,Cross
1849,143263,26,SavedShot,0.769000015258789,0.06800000190734863,0.02516149915754795,Theo Hernández,h,2547,DirectFreekick,2016,LeftFoot,4093,Alaves,Celta Vigo,3,1,2017-05-14 15:00:00,,Standard
1850,143267,37,MissedShots,0.789000015258789,0.649000015258789,0.04738850146532059,Theo Hernández,h,2547,OpenPlay,2016,LeftFoot,4093,Alaves,Celta Vigo,3,1,2017-05-14 15:00:00,Aleksandar Katai,Pass
1851,197466,65,SavedShot,0.8919999694824219,0.6430000305175781,0.30070099234580994,Theo Hernández,h,2547,OpenPlay,2017,LeftFoot,8120,Real Madrid,Alaves,4,0,2018-02-24 15:15:00,Mateo Kovacic,TakeOn
1852,197476,91,SavedShot,0.8809999847412109,0.735999984741211,0.05679060146212578,Theo Hernández,h,2547,OpenPlay,2017,LeftFoot,8120,Real Madrid,Alaves,4,0,2018-02-24 15:15:00,Gareth Bale,Pass
1853,221384,29,MissedShots,0.74,0.72,0.009445779956877232,Theo Hernández,a,2547,SetPiece,2018,LeftFoot,9978,Eibar,Real Sociedad,2,1,2018-08-31 23:00:00,,None
1854,223638,59,SavedShot,0.9369999694824219,0.69,0.30907800793647766,Theo Hernández,h,2547,OpenPlay,2018,LeftFoot,9989,Real Sociedad,Barcelona,1,2,2018-09-15 14:15:00,,None
1855,224689,3,MissedShots,0.755,0.6990000152587891,0.023089800029993057,Theo Hernández,a,2547,FromCorner,2018,LeftFoot,10003,SD Huesca,Real Sociedad,0,1,2018-09-21 19:00:00,Rubén Pardo,Pass
1856,224699,54,MissedShots,0.6869999694824219,0.63,0.008885979652404785,Theo Hernández,a,2547,OpenPlay,2018,LeftFoot,10003,SD Huesca,Real Sociedad,0,1,2018-09-21 19:00:00,,TakeOn
1857,258987,24,MissedShots,0.7809999847412109,0.69,0.021984800696372986,Theo Hernández,a,2547,OpenPlay,2018,LeftFoot,10071,Levante,Real Sociedad,1,3,2018-11-09 20:00:00,Willian José,Pass
1858,258999,62,MissedShots,0.7969999694824219,0.6519999694824219,0.02601969987154007,Theo Hernández,a,2547,OpenPlay,2018,LeftFoot,10071,Levante,Real Sociedad,1,3,2018-11-09 20:00:00,Asier Illarramendi,Pass
1859,259005,70,SavedShot,0.7319999694824219,0.6619999694824219,0.016297699883580208,Theo Hernández,a,2547,OpenPlay,2018,LeftFoot,10071,Levante,Real Sociedad,1,3,2018-11-09 20:00:00,Mikel Oyarzabal,Pass
1860,259007,72,Goal,0.9130000305175782,0.5590000152587891,0.4791469871997833,Theo Hernández,a,2547,OpenPlay,2018,LeftFoot,10071,Levante,Real Sociedad,1,3,2018-11-09 20:00:00,Mikel Oyarzabal,Pass
1861,259476,3,BlockedShot,0.759000015258789,0.565,0.018854599446058273,Theo Hernández,h,2547,OpenPlay,2018,LeftFoot,10078,Real Sociedad,Celta Vigo,2,1,2018-11-26 20:00:00,,Rebound
1862,259481,34,MissedShots,0.7659999847412109,0.7340000152587891,0.009815280325710773,Theo Hernández,h,2547,OpenPlay,2018,LeftFoot,10078,Real Sociedad,Celta Vigo,2,1,2018-11-26 20:00:00,Adnan Januzaj,Chipped
1863,259486,66,BlockedShot,0.855,0.45599998474121095,0.12166400253772736,Theo Hernández,h,2547,OpenPlay,2018,LeftFoot,10078,Real Sociedad,Celta Vigo,2,1,2018-11-26 20:00:00,Mikel Oyarzabal,Pass
1864,260287,23,SavedShot,0.8680000305175781,0.7180000305175781,0.03527370095252991,Theo Hernández,h,2547,OpenPlay,2018,LeftFoot,10123,Real Sociedad,Alaves,0,1,2018-12-21 20:00:00,David Zurutuza,Pass
1865,280717,87,BlockedShot,0.830999984741211,0.5790000152587891,0.04904960095882416,Theo Hernández,h,2547,SetPiece,2018,LeftFoot,10158,Real Sociedad,SD Huesca,0,0,2019-01-27 17:30:00,,None
1866,281379,78,MissedShots,0.735,0.7269999694824218,0.018490100279450417,Theo Hernández,h,2547,OpenPlay,2018,LeftFoot,10188,Real Sociedad,Leganes,3,0,2019-02-16 17:30:00,Willian José,Pass
1867,281382,93,MissedShots,0.9359999847412109,0.6680000305175782,0.11294999718666077,Theo Hernández,h,2547,OpenPlay,2018,LeftFoot,10188,Real Sociedad,Leganes,3,0,2019-02-16 17:30:00,Sandro Ramírez,Pass
1868,281963,31,BlockedShot,0.865999984741211,0.7030000305175781,0.03619220107793808,Theo Hernández,h,2547,OpenPlay,2018,LeftFoot,10209,Real Sociedad,Atletico Madrid,0,2,2019-03-03 17:30:00,Mikel Oyarzabal,Chipped
1869,281973,74,MissedShots,0.8590000152587891,0.7519999694824219,0.013578199781477451,Theo Hernández,h,2547,OpenPlay,2018,LeftFoot,10209,Real Sociedad,Atletico Madrid,0,2,2019-03-03 17:30:00,,Aerial
1870,281977,82,BlockedShot,0.8009999847412109,0.7440000152587891,0.016851000487804413,Theo Hernández,h,2547,OpenPlay,2018,LeftFoot,10209,Real Sociedad,Atletico Madrid,0,2,2019-03-03 17:30:00,Jon Bautista,BallTouch
1871,285933,32,MissedShots,0.6880000305175781,0.6329999923706054,0.014143300242722034,Theo Hernández,h,2547,OpenPlay,2018,LeftFoot,10228,Real Sociedad,Levante,1,1,2019-03-15 20:00:00,,BallRecovery
1872,285952,90,MissedShots,0.7419999694824219,0.5629999923706055,0.01961280032992363,Theo Hernández,h,2547,OpenPlay,2018,LeftFoot,10228,Real Sociedad,Levante,1,1,2019-03-15 20:00:00,,BallRecovery
1873,288341,32,MissedShots,0.6990000152587891,0.765,0.007513219956308603,Theo Hernández,a,2547,OpenPlay,2018,LeftFoot,10242,Real Valladolid,Real Sociedad,1,1,2019-03-31 16:30:00,Igor Zubeldia,BallRecovery
1874,292814,2,SavedShot,0.8080000305175781,0.5179999923706055,0.05378749966621399,Theo Hernández,a,2547,OpenPlay,2018,LeftFoot,10264,Celta Vigo,Real Sociedad,3,1,2019-04-07 17:30:00,Willian José,Pass
1875,292817,10,MissedShots,0.745999984741211,0.7230000305175781,0.018395500257611275,Theo Hernández,a,2547,OpenPlay,2018,LeftFoot,10264,Celta Vigo,Real Sociedad,3,1,2019-04-07 17:30:00,Mikel Merino,Pass
1876,297084,90,MissedShots,0.885,0.575,0.01538429968059063,Theo Hernández,h,2547,OpenPlay,2018,Head,10293,Real Sociedad,Villarreal,0,1,2019-04-25 19:30:00,Zaldúa,Aerial
1877,320819,85,ShotOnPost,0.9569999694824218,0.655,0.2586280107498169,Theo Hernández,h,2547,OpenPlay,2019,LeftFoot,13125,AC Milan,Inter,0,2,2019-09-21 18:45:00,Ante Rebic,Pass
1878,323573,46,BlockedShot,0.815,0.4909999847412109,0.047715600579977036,Theo Hernández,h,2547,OpenPlay,2019,LeftFoot,13143,AC Milan,Fiorentina,1,3,2019-09-29 18:45:00,,BallRecovery
1879,324462,50,Goal,0.9869999694824219,0.6029999923706054,0.06706900149583817,Theo Hernández,a,2547,SetPiece,2019,LeftFoot,13153,Genoa,AC Milan,1,2,2019-10-05 19:45:00,Lucas Paquetá,Pass
1880,326614,77,SavedShot,0.865,0.69,0.0466713011264801,Theo Hernández,h,2547,OpenPlay,2019,LeftFoot,13163,AC Milan,Lecce,2,2,2019-10-20 19:45:00,Rade Krunic,Pass
1881,328106,54,Goal,0.875,0.485,0.07537910342216492,Theo Hernández,a,2547,OpenPlay,2019,RightFoot,13176,Roma,AC Milan,2,1,2019-10-27 17:00:00,Davide Calabria,Cross
1882,330048,47,MissedShots,0.7030000305175781,0.64,0.012733000330626965,Theo Hernández,h,2547,OpenPlay,2019,LeftFoot,13195,AC Milan,Lazio,1,2,2019-11-03 19:45:00,Lucas Paquetá,Pass
1883,331659,31,MissedShots,0.78,0.67,0.016898300498723984,Theo Hernández,a,2547,FromCorner,2019,LeftFoot,13202,Juventus,AC Milan,1,0,2019-11-10 19:45:00,,None
1884,331661,44,SavedShot,0.725,0.6969999694824218,0.011646999977529049,Theo Hernández,a,2547,OpenPlay,2019,LeftFoot,13202,Juventus,AC Milan,1,0,2019-11-10 19:45:00,Andrea Conti,Pass
1885,334252,80,BlockedShot,0.794000015258789,0.77,0.019711099565029144,Theo Hernández,a,2547,OpenPlay,2019,LeftFoot,13228,Parma Calcio 1913,AC Milan,0,1,2019-12-01 14:00:00,Giacomo Bonaventura,Pass
1886,334258,87,Goal,0.9130000305175782,0.625,0.3198220133781433,Theo Hernández,a,2547,OpenPlay,2019,LeftFoot,13228,Parma Calcio 1913,AC Milan,0,1,2019-12-01 14:00:00,,Rebound
1887,336605,31,Goal,0.9480000305175781,0.5220000076293946,0.6532909870147705,Theo Hernández,a,2547,OpenPlay,2019,RightFoot,13230,Bologna,AC Milan,2,3,2019-12-08 19:45:00,Suso,Throughball
1888,336607,39,OwnGoal,0.049000000953674315,0.4759999847412109,0,Theo Hernández,a,2547,FromCorner,2019,OtherBodyPart,13230,Bologna,AC Milan,2,3,2019-12-08 19:45:00,,CornerAwarded
1889,336622,94,SavedShot,0.9069999694824219,0.6409999847412109,0.29373300075531006,Theo Hernández,a,2547,OpenPlay,2019,LeftFoot,13230,Bologna,AC Milan,2,3,2019-12-08 19:45:00,Lucas Paquetá,Pass
1890,337551,93,SavedShot,0.8669999694824219,0.7,0.12453100085258484,Theo Hernández,h,2547,OpenPlay,2019,LeftFoot,13246,AC Milan,Sassuolo,0,0,2019-12-15 14:00:00,,TakeOn
1891,354042,3,BlockedShot,0.794000015258789,0.7330000305175781,0.01837730035185814,Theo Hernández,h,2547,OpenPlay,2019,LeftFoot,13265,AC Milan,Sampdoria,0,0,2020-01-06 14:00:00,Krzysztof Piatek,BallTouch
1892,354061,70,BlockedShot,0.8040000152587891,0.73,0.02179040014743805,Theo Hernández,h,2547,SetPiece,2019,RightFoot,13265,AC Milan,Sampdoria,0,0,2020-01-06 14:00:00,Ismael Bennacer,Pass
1893,354145,16,SavedShot,0.9669999694824218,0.7119999694824218,0.04671970009803772,Theo Hernández,a,2547,OpenPlay,2019,LeftFoot,13269,Cagliari,AC Milan,0,2,2020-01-11 14:00:00,Hakan Calhanoglu,Pass
1894,355086,8,MissedShots,0.8930000305175781,0.549000015258789,0.0673770010471344,Theo Hernández,h,2547,SetPiece,2019,Head,13286,AC Milan,Udinese,3,2,2020-01-19 11:30:00,Samu Castillejo,Cross
1895,355091,33,MissedShots,0.7769999694824219,0.6730000305175782,0.019631000235676765,Theo Hernández,h,2547,OpenPlay,2019,LeftFoot,13286,AC Milan,Udinese,3,2,2020-01-19 11:30:00,,None
1896,355112,70,Goal,0.7809999847412109,0.6229999923706054,0.019366100430488586,Theo Hernández,h,2547,FromCorner,2019,LeftFoot,13286,AC Milan,Udinese,3,2,2020-01-19 11:30:00,,None
1897,355567,80,MissedShots,0.6790000152587891,0.73,0.011818500235676765,Theo Hernández,a,2547,OpenPlay,2019,LeftFoot,13289,Brescia,AC Milan,0,1,2020-01-24 19:45:00,Samu Castillejo,Pass
1898,355570,85,ShotOnPost,0.8440000152587891,0.56,0.16484400629997253,Theo Hernández,a,2547,OpenPlay,2019,LeftFoot,13289,Brescia,AC Milan,0,1,2020-01-24 19:45:00,Zlatan Ibrahimovic,TakeOn
1899,357198,78,BlockedShot,0.7759999847412109,0.6480000305175782,0.01792149990797043,Theo Hernández,h,2547,OpenPlay,2019,LeftFoot,13305,AC Milan,Verona,1,1,2020-02-02 14:00:00,,Rebound
1900,357203,90,MissedShots,0.8959999847412109,0.7119999694824218,0.05098389834165573,Theo Hernández,h,2547,OpenPlay,2019,LeftFoot,13305,AC Milan,Verona,1,1,2020-02-02 14:00:00,Ante Rebic,Pass
1901,357204,91,SavedShot,0.9280000305175782,0.7230000305175781,0.043055400252342224,Theo Hernández,h,2547,OpenPlay,2019,LeftFoot,13305,AC Milan,Verona,1,1,2020-02-02 14:00:00,,None
1902,357206,94,MissedShots,0.8159999847412109,0.675,0.03023719973862171,Theo Hernández,h,2547,OpenPlay,2019,LeftFoot,13305,AC Milan,Verona,1,1,2020-02-02 14:00:00,,None
1903,358650,21,MissedShots,0.8009999847412109,0.649000015258789,0.030482500791549683,Theo Hernández,a,2547,OpenPlay,2019,LeftFoot,13312,Inter,AC Milan,4,2,2020-02-09 19:45:00,,None
1904,359599,22,MissedShots,0.7909999847412109,0.6890000152587891,0.02213679999113083,Theo Hernández,h,2547,OpenPlay,2019,RightFoot,13325,AC Milan,Torino,1,0,2020-02-17 19:45:00,Ismael Bennacer,TakeOn
1905,359612,74,BlockedShot,0.72,0.5509999847412109,0.019028499722480774,Theo Hernández,h,2547,FromCorner,2019,LeftFoot,13325,AC Milan,Torino,1,0,2020-02-17 19:45:00,Zlatan Ibrahimovic,Pass
1906,359613,77,BlockedShot,0.7519999694824219,0.5640000152587891,0.023932399228215218,Theo Hernández,h,2547,FromCorner,2019,LeftFoot,13325,AC Milan,Torino,1,0,2020-02-17 19:45:00,Ismael Bennacer,Pass
1907,360113,18,BlockedShot,0.8019999694824219,0.725999984741211,0.024117199704051018,Theo Hernández,a,2547,OpenPlay,2019,LeftFoot,13332,Fiorentina,AC Milan,1,1,2020-02-22 19:45:00,Alessio Romagnoli,Pass
1908,360126,67,MissedShots,0.865999984741211,0.7190000152587891,0.04451780021190643,Theo Hernández,a,2547,OpenPlay,2019,LeftFoot,13332,Fiorentina,AC Milan,1,1,2020-02-22 19:45:00,Ante Rebic,Pass
1909,362140,28,MissedShots,0.94,0.7090000152587891,0.047455400228500366,Theo Hernández,h,2547,OpenPlay,2019,LeftFoot,13343,AC Milan,Genoa,1,2,2020-03-08 14:00:00,Ante Rebic,Pass
1910,365931,14,MissedShots,0.9080000305175782,0.4520000076293945,0.022640300914645195,Theo Hernández,a,2547,FromCorner,2019,Head,13354,Lecce,AC Milan,1,4,2020-06-22 17:30:00,Hakan Calhanoglu,Aerial
1911,365935,24,SavedShot,0.8819999694824219,0.72,0.038298800587654114,Theo Hernández,a,2547,OpenPlay,2019,LeftFoot,13354,Lecce,AC Milan,1,4,2020-06-22 17:30:00,Ismael Bennacer,Pass
1912,367390,66,BlockedShot,0.75,0.5879999923706055,0.021186500787734985,Theo Hernández,h,2547,OpenPlay,2019,LeftFoot,13363,AC Milan,Roma,2,0,2020-06-28 15:15:00,Hakan Calhanoglu,Pass
1913,368247,46,MissedShots,0.71,0.525,0.009928219951689243,Theo Hernández,a,2547,SetPiece,2019,LeftFoot,13375,SPAL 2013,AC Milan,2,2,2020-07-01 19:45:00,,None
1914,368258,57,BlockedShot,0.8290000152587891,0.6370000076293946,0.030717000365257263,Theo Hernández,a,2547,FromCorner,2019,LeftFoot,13375,SPAL 2013,AC Milan,2,2,2020-07-01 19:45:00,,None
1915,368842,67,SavedShot,0.905,0.5979999923706054,0.36206600069999695,Theo Hernández,a,2547,OpenPlay,2019,LeftFoot,13379,Lazio,AC Milan,0,3,2020-07-04 19:45:00,Ante Rebic,Pass
1916,368843,79,MissedShots,0.9130000305175782,0.4909999847412109,0.5601480007171631,Theo Hernández,a,2547,OpenPlay,2019,LeftFoot,13379,Lazio,AC Milan,0,3,2020-07-04 19:45:00,Rade Krunic,TakeOn
1917,371127,19,Goal,0.9669999694824218,0.5690000152587891,0.39865800738334656,Theo Hernández,a,2547,OpenPlay,2019,LeftFoot,13401,Napoli,AC Milan,2,2,2020-07-12 19:45:00,Ante Rebic,Chipped
1918,371564,8,MissedShots,0.9180000305175782,0.4779999923706055,0.04106159880757332,Theo Hernández,h,2547,FromCorner,2019,Head,13416,AC Milan,Parma Calcio 1913,3,1,2020-07-15 17:30:00,Hakan Calhanoglu,Aerial
1919,371567,16,MissedShots,0.909000015258789,0.46299999237060546,0.07809659838676453,Theo Hernández,h,2547,FromCorner,2019,RightFoot,13416,AC Milan,Parma Calcio 1913,3,1,2020-07-15 17:30:00,Lucas Biglia,Cross
1920,371581,44,SavedShot,0.9540000152587891,0.635,0.32318899035453796,Theo Hernández,h,2547,OpenPlay,2019,LeftFoot,13416,AC Milan,Parma Calcio 1913,3,1,2020-07-15 17:30:00,Franck Kessié,Throughball
1921,372395,6,SavedShot,0.9290000152587891,0.6759999847412109,0.2566460072994232,Theo Hernández,h,2547,OpenPlay,2019,LeftFoot,13424,AC Milan,Bologna,5,1,2020-07-18 19:45:00,Ante Rebic,Pass
1922,372413,63,MissedShots,0.789000015258789,0.6229999923706054,0.038190700113773346,Theo Hernández,h,2547,OpenPlay,2019,LeftFoot,13424,AC Milan,Bologna,5,1,2020-07-18 19:45:00,,BallRecovery
1923,372418,71,MissedShots,0.960999984741211,0.5879999923706055,0.3052990138530731,Theo Hernández,h,2547,FromCorner,2019,LeftFoot,13424,AC Milan,Bologna,5,1,2020-07-18 19:45:00,Ante Rebic,Cross
1924,372417,71,MissedShots,0.9219999694824219,0.5120000076293946,0.1056009978055954,Theo Hernández,h,2547,FromCorner,2019,Head,13424,AC Milan,Bologna,5,1,2020-07-18 19:45:00,Ismael Bennacer,Cross
1925,374152,7,SavedShot,0.9169999694824219,0.5890000152587891,0.424576997756958,Theo Hernández,a,2547,OpenPlay,2019,RightFoot,13456,Sampdoria,AC Milan,1,4,2020-07-29 17:30:00,Ante Rebic,Pass
1926,374424,2,MissedShots,0.9130000305175782,0.5109999847412109,0.05553929880261421,Theo Hernández,h,2547,FromCorner,2019,OtherBodyPart,13464,AC Milan,Cagliari,3,0,2020-08-01 18:45:00,Hakan Calhanoglu,Cross
1927,374442,72,BlockedShot,0.7169999694824218,0.5159999847412109,0.018768800422549248,Theo Hernández,h,2547,OpenPlay,2019,LeftFoot,13464,AC Milan,Cagliari,3,0,2020-08-01 18:45:00,Giacomo Bonaventura,Pass
1928,378507,48,BlockedShot,0.925,0.5059999847412109,0.053554899990558624,Theo Hernández,h,2547,FromCorner,2020,Head,14122,AC Milan,Bologna,2,0,2020-09-21 18:45:00,Hakan Calhanoglu,Aerial
1929,378519,75,SavedShot,0.6990000152587891,0.5479999923706055,0.01423409953713417,Theo Hernández,h,2547,OpenPlay,2020,LeftFoot,14122,AC Milan,Bologna,2,0,2020-09-21 18:45:00,,None
1930,381390,40,BlockedShot,0.7569999694824219,0.6029999923706054,0.03608360141515732,Theo Hernández,h,2547,SetPiece,2020,LeftFoot,15454,AC Milan,Spezia,3,0,2020-10-04 16:00:00,Brahim Diaz,TakeOn
1931,381399,75,Goal,0.86,0.6809999847412109,0.06238289922475815,Theo Hernández,h,2547,OpenPlay,2020,LeftFoot,15454,AC Milan,Spezia,3,0,2020-10-04 16:00:00,,BallRecovery
1932,381401,81,SavedShot,0.8980000305175782,0.6409999847412109,0.12222500145435333,Theo Hernández,h,2547,OpenPlay,2020,LeftFoot,15454,AC Milan,Spezia,3,0,2020-10-04 16:00:00,Hakan Calhanoglu,Pass
1933,381962,24,BlockedShot,0.75,0.664000015258789,0.021382100880146027,Theo Hernández,a,2547,OpenPlay,2020,LeftFoot,15457,Inter,AC Milan,1,2,2020-10-17 16:00:00,Alexis Saelemaekers,Pass
1934,384242,28,BlockedShot,0.8640000152587891,0.5459999847412109,0.09804269671440125,Theo Hernández,h,2547,OpenPlay,2020,LeftFoot,15473,AC Milan,Roma,3,3,2020-10-26 19:45:00,Hakan Calhanoglu,Pass
1935,384921,61,MissedShots,0.8909999847412109,0.4209999847412109,0.037595298141241074,Theo Hernández,a,2547,FromCorner,2020,Head,15484,Udinese,AC Milan,1,2,2020-11-01 11:30:00,Simon Kjaer,HeadPass
1936,386934,29,SavedShot,0.9690000152587891,0.5729999923706055,0.3661409914493561,Theo Hernández,h,2547,OpenPlay,2020,LeftFoot,15492,AC Milan,Verona,2,2,2020-11-08 19:45:00,,BallTouch
1937,386947,63,SavedShot,0.92,0.6020000076293945,0.36002200841903687,Theo Hernández,h,2547,OpenPlay,2020,LeftFoot,15492,AC Milan,Verona,2,2,2020-11-08 19:45:00,Ante Rebic,Pass
1938,389373,29,BlockedShot,0.7969999694824219,0.40900001525878904,0.10507100075483322,Theo Hernández,h,2547,DirectFreekick,2020,LeftFoot,15512,AC Milan,Fiorentina,2,0,2020-11-29 14:00:00,,Standard
1939,392475,52,BlockedShot,0.9169999694824219,0.6990000152587891,0.053700998425483704,Theo Hernández,h,2547,OpenPlay,2020,LeftFoot,15532,AC Milan,Parma Calcio 1913,2,2,2020-12-13 19:45:00,Jens Petter Hauge,Pass
1940,392477,57,Goal,0.95,0.5029999923706054,0.4717000126838684,Theo Hernández,h,2547,FromCorner,2020,Head,15532,AC Milan,Parma Calcio 1913,2,2,2020-12-13 19:45:00,Hakan Calhanoglu,Cross
1941,392482,81,BlockedShot,0.7519999694824219,0.6229999923706054,0.01699879951775074,Theo Hernández,h,2547,OpenPlay,2020,LeftFoot,15532,AC Milan,Parma Calcio 1913,2,2,2020-12-13 19:45:00,,None
1942,392486,90,Goal,0.8590000152587891,0.5940000152587891,0.058310601860284805,Theo Hernández,h,2547,OpenPlay,2020,LeftFoot,15532,AC Milan,Parma Calcio 1913,2,2,2020-12-13 19:45:00,,Rebound
1943,394459,35,BlockedShot,0.7580000305175781,0.7519999694824219,0.019626200199127197,Theo Hernández,a,2547,OpenPlay,2020,LeftFoot,15554,Sassuolo,AC Milan,1,2,2020-12-20 14:00:00,Franck Kessié,Pass
1944,394475,86,SavedShot,0.6909999847412109,0.95,0.020277800038456917,Theo Hernández,a,2547,DirectFreekick,2020,LeftFoot,15554,Sassuolo,AC Milan,1,2,2020-12-20 14:00:00,,Standard
1945,395377,46,BlockedShot,0.9669999694824218,0.6469999694824219,0.10079900175333023,Theo Hernández,h,2547,OpenPlay,2020,LeftFoot,15559,AC Milan,Lazio,3,2,2020-12-23 19:45:00,Ante Rebic,Pass
1946,395389,91,Goal,0.9259999847412109,0.5379999923706055,0.10316800326108932,Theo Hernández,h,2547,FromCorner,2020,Head,15559,AC Milan,Lazio,3,2,2020-12-23 19:45:00,Hakan Calhanoglu,Cross
1947,397541,88,BlockedShot,0.835,0.68,0.0433398000895977,Theo Hernández,h,2547,OpenPlay,2020,LeftFoot,15581,AC Milan,Juventus,1,3,2021-01-06 19:45:00,Brahim Diaz,Pass
1948,397956,16,MissedShots,0.7480000305175781,0.6780000305175782,0.016904400661587715,Theo Hernández,h,2547,OpenPlay,2020,LeftFoot,15590,AC Milan,Torino,2,0,2021-01-09 19:45:00,Sandro Tonali,Pass
1949,400542,43,BlockedShot,0.745,0.665,0.017433099448680878,Theo Hernández,h,2547,OpenPlay,2020,LeftFoot,15611,AC Milan,Atalanta,0,3,2021-01-23 17:00:00,Franck Kessié,Pass
1950,400562,94,MissedShots,0.935,0.56,0.07371439784765244,Theo Hernández,h,2547,OpenPlay,2020,Head,15611,AC Milan,Atalanta,0,3,2021-01-23 17:00:00,Ante Rebic,Aerial
1951,401517,11,BlockedShot,0.8059999847412109,0.36400001525878906,0.0358365997672081,Theo Hernández,a,2547,SetPiece,2020,LeftFoot,15619,Bologna,AC Milan,1,2,2021-01-30 14:00:00,Zlatan Ibrahimovic,TakeOn
1952,403725,25,BlockedShot,0.7419999694824219,0.635,0.017259400337934494,Theo Hernández,h,2547,OpenPlay,2020,LeftFoot,15628,AC Milan,Crotone,4,0,2021-02-07 14:00:00,Soualiho Meité,Pass
1953,403730,52,BlockedShot,0.7619999694824219,0.6170000076293946,0.0276676993817091,Theo Hernández,h,2547,OpenPlay,2020,LeftFoot,15628,AC Milan,Crotone,4,0,2021-02-07 14:00:00,Franck Kessié,Pass
1954,403732,62,MissedShots,0.7859999847412109,0.6079999923706054,0.042981699109077454,Theo Hernández,h,2547,OpenPlay,2020,LeftFoot,15628,AC Milan,Crotone,4,0,2021-02-07 14:00:00,Ante Rebic,Pass
1955,404481,25,MissedShots,0.9069999694824219,0.415,0.06347370147705078,Theo Hernández,a,2547,SetPiece,2020,Head,15642,Spezia,AC Milan,2,0,2021-02-13 19:45:00,Hakan Calhanoglu,Cross
1956,405936,32,MissedShots,0.8630000305175781,0.42400001525878905,0.08762729912996292,Theo Hernández,h,2547,OpenPlay,2020,RightFoot,15648,AC Milan,Inter,0,3,2021-02-21 14:00:00,,TakeOn
1957,407586,48,MissedShots,0.8440000152587891,0.4520000076293945,0.12514400482177734,Theo Hernández,a,2547,OpenPlay,2020,LeftFoot,15663,Roma,AC Milan,1,2,2021-02-28 19:45:00,,TakeOn
1958,408076,37,BlockedShot,0.8769999694824219,0.42200000762939455,0.014624499715864658,Theo Hernández,h,2547,SetPiece,2020,Head,15672,AC Milan,Udinese,1,1,2021-03-03 19:45:00,Sandro Tonali,SubstitutionOn
1959,408088,94,MissedShots,0.8380000305175781,0.6179999923706054,0.058667100965976715,Theo Hernández,h,2547,OpenPlay,2020,LeftFoot,15672,AC Milan,Udinese,1,1,2021-03-03 19:45:00,Jens Petter Hauge,Pass
1960,410732,82,MissedShots,0.8109999847412109,0.695,0.028884900733828545,Theo Hernández,h,2547,OpenPlay,2020,LeftFoot,15690,AC Milan,Napoli,0,1,2021-03-14 19:45:00,Jens Petter Hauge,LayOff
1961,410735,94,MissedShots,0.77,0.5870000076293945,0.011510300450026989,Theo Hernández,h,2547,OpenPlay,2020,LeftFoot,15690,AC Milan,Napoli,0,1,2021-03-14 19:45:00,Soualiho Meité,Aerial
1962,411995,36,MissedShots,0.8030000305175782,0.549000015258789,0.03262830153107643,Theo Hernández,a,2547,FromCorner,2020,LeftFoot,15701,Fiorentina,AC Milan,2,3,2021-03-21 17:00:00,Hakan Calhanoglu,Cross
1963,412003,66,MissedShots,0.9540000152587891,0.620999984741211,0.3003070056438446,Theo Hernández,a,2547,OpenPlay,2020,LeftFoot,15701,Fiorentina,AC Milan,2,3,2021-03-21 17:00:00,Brahim Diaz,Chipped
1964,412133,40,MissedShots,0.7280000305175781,0.5840000152587891,0.012824100442230701,Theo Hernández,h,2547,FromCorner,2020,LeftFoot,15712,AC Milan,Sampdoria,1,1,2021-04-03 10:30:00,,Aerial
1965,413977,16,MissedShots,0.9059999847412109,0.5659999847412109,0.051113300025463104,Theo Hernández,a,2547,FromCorner,2020,Head,15722,Parma Calcio 1913,AC Milan,1,3,2021-04-10 16:00:00,Hakan Calhanoglu,Cross
1966,415522,4,MissedShots,0.8569999694824219,0.6609999847412109,0.032556500285863876,Theo Hernández,h,2547,OpenPlay,2020,LeftFoot,15728,AC Milan,Genoa,2,1,2021-04-18 10:30:00,Hakan Calhanoglu,Cross
1967,415523,12,BlockedShot,0.7680000305175781,0.2620000076293945,0.04378369823098183,Theo Hernández,h,2547,DirectFreekick,2020,LeftFoot,15728,AC Milan,Genoa,2,1,2021-04-18 10:30:00,,Standard
1968,415530,41,BlockedShot,0.8530000305175781,0.6469999694824219,0.05691029876470566,Theo Hernández,h,2547,OpenPlay,2020,LeftFoot,15728,AC Milan,Genoa,2,1,2021-04-18 10:30:00,Ante Rebic,BallTouch
1969,418222,39,MissedShots,0.794000015258789,0.6270000076293946,0.027049999684095383,Theo Hernández,a,2547,OpenPlay,2020,LeftFoot,15749,Lazio,AC Milan,3,0,2021-04-26 18:45:00,Ante Rebic,Pass
1970,418753,36,SavedShot,0.8380000305175781,0.6480000305175782,0.044360898435115814,Theo Hernández,h,2547,SetPiece,2020,LeftFoot,15757,AC Milan,Benevento,2,0,2021-05-01 18:45:00,Diogo Dalot,Chipped
1971,418769,59,Goal,0.9230000305175782,0.5359999847412109,0.4713729918003082,Theo Hernández,h,2547,OpenPlay,2020,LeftFoot,15757,AC Milan,Benevento,2,0,2021-05-01 18:45:00,,Rebound
1972,421384,18,Goal,0.8109999847412109,0.695,0.02791539952158928,Theo Hernández,a,2547,OpenPlay,2020,LeftFoot,15780,Torino,AC Milan,0,7,2021-05-12 18:45:00,Brahim Diaz,Pass
1973,421397,61,Goal,0.915,0.5979999923706054,0.4746040105819702,Theo Hernández,a,2547,OpenPlay,2020,LeftFoot,15780,Torino,AC Milan,0,7,2021-05-12 18:45:00,Ante Rebic,Throughball
1974,422826,41,MissedShots,0.749000015258789,0.3529999923706055,0.018765099346637726,Theo Hernández,h,2547,SetPiece,2020,LeftFoot,15788,AC Milan,Cagliari,0,0,2021-05-16 18:45:00,Ante Rebic,Pass
1975,422831,52,BlockedShot,0.835999984741211,0.639000015258789,0.05175679922103882,Theo Hernández,h,2547,OpenPlay,2020,RightFoot,15788,AC Milan,Cagliari,0,0,2021-05-16 18:45:00,Ante Rebic,BallTouch
1976,428031,25,SavedShot,0.765,0.5840000152587891,0.011292800307273865,Theo Hernández,a,2547,SetPiece,2021,LeftFoot,16765,Sampdoria,AC Milan,0,1,2021-08-23 18:45:00,,Aerial
1977,430641,6,MissedShots,0.7819999694824219,0.6559999847412109,0.02518559992313385,Theo Hernández,h,2547,OpenPlay,2021,LeftFoot,16780,AC Milan,Lazio,2,0,2021-09-12 16:00:00,Sandro Tonali,Pass
1978,432238,58,MissedShots,0.7019999694824218,0.625,0.013693500310182571,Theo Hernández,a,2547,OpenPlay,2021,LeftFoot,16790,Juventus,AC Milan,1,1,2021-09-19 18:45:00,Brahim Diaz,Pass
1979,432761,77,SavedShot,0.765,0.5120000076293946,0.07857800275087357,Theo Hernández,h,2547,DirectFreekick,2021,LeftFoot,16800,AC Milan,Venezia,2,0,2021-09-22 18:45:00,,Standard
1980,432762,81,Goal,0.93,0.67,0.28187599778175354,Theo Hernández,h,2547,OpenPlay,2021,LeftFoot,16800,AC Milan,Venezia,2,0,2021-09-22 18:45:00,Alexis Saelemaekers,Pass
1981,433210,26,MissedShots,0.8059999847412109,0.18,0.039316900074481964,Theo Hernández,a,2547,DirectFreekick,2021,LeftFoot,16812,Spezia,AC Milan,1,2,2021-09-25 13:00:00,,Standard
1982,433215,43,BlockedShot,0.9280000305175782,0.6580000305175782,0.11246400326490402,Theo Hernández,a,2547,OpenPlay,2021,LeftFoot,16812,Spezia,AC Milan,1,2,2021-09-25 13:00:00,Franck Kessié,Pass
1983,438861,81,MissedShots,0.765,0.735999984741211,0.019186699762940407,Theo Hernández,h,2547,OpenPlay,2021,LeftFoot,16850,AC Milan,Torino,1,0,2021-10-26 18:45:00,Alexis Saelemaekers,Pass
1984,440542,46,SavedShot,0.7930000305175782,0.37099998474121093,0.0866250991821289,Theo Hernández,a,2547,DirectFreekick,2021,LeftFoot,16862,Roma,AC Milan,1,2,2021-10-31 19:45:00,,Standard
1985,445452,24,BlockedShot,0.860999984741211,0.7069999694824218,0.0511941984295845,Theo Hernández,a,2547,OpenPlay,2021,RightFoot,16899,Genoa,AC Milan,0,3,2021-12-01 19:45:00,Brahim Diaz,Pass
1986,446008,25,MissedShots,0.7180000305175781,0.5990000152587891,0.021384399384260178,Theo Hernández,h,2547,OpenPlay,2021,LeftFoot,16910,AC Milan,Salernitana,2,0,2021-12-04 14:00:00,Brahim Diaz,Pass
1987,448000,85,MissedShots,0.840999984741211,0.6530000305175782,0.042972199618816376,Theo Hernández,a,2547,OpenPlay,2021,LeftFoot,16924,Udinese,AC Milan,1,1,2021-12-11 19:45:00,Sandro Tonali,BallRecovery
1988,450309,28,MissedShots,0.735999984741211,0.509000015258789,0.05555180087685585,Theo Hernández,a,2547,DirectFreekick,2021,LeftFoot,16936,Empoli,AC Milan,2,4,2021-12-22 19:45:00,,Standard
1989,450325,68,Goal,0.9209999847412109,0.4490000152587891,0.5656200051307678,Theo Hernández,a,2547,OpenPlay,2021,LeftFoot,16936,Empoli,AC Milan,2,4,2021-12-22 19:45:00,,None
1990,451802,3,BlockedShot,0.7730000305175782,0.6120000076293945,0.020371200516819954,Theo Hernández,h,2547,FromCorner,2021,LeftFoot,16951,AC Milan,Roma,3,1,2022-01-06 17:30:00,,Goal
1991,451810,29,MissedShots,0.7609999847412109,0.700999984741211,0.021584900096058846,Theo Hernández,h,2547,OpenPlay,2021,LeftFoot,16951,AC Milan,Roma,3,1,2022-01-06 17:30:00,Sandro Tonali,Pass
1992,451824,69,MissedShots,0.7190000152587891,0.605999984741211,0.009920420125126839,Theo Hernández,h,2547,SetPiece,2021,LeftFoot,16951,AC Milan,Roma,3,1,2022-01-06 17:30:00,,None
1993,452320,7,MissedShots,0.815,0.4370000076293945,0.01596969924867153,Theo Hernández,a,2547,FromCorner,2021,LeftFoot,16965,Venezia,AC Milan,0,3,2022-01-09 11:30:00,Alessandro Florenzi,Chipped
1994,452322,27,SavedShot,0.7480000305175781,0.3139999961853027,0.04481729865074158,Theo Hernández,a,2547,DirectFreekick,2021,LeftFoot,16965,Venezia,AC Milan,0,3,2022-01-09 11:30:00,,Standard
1995,452330,47,Goal,0.9619999694824218,0.654000015258789,0.28296199440956116,Theo Hernández,a,2547,OpenPlay,2021,LeftFoot,16965,Venezia,AC Milan,0,3,2022-01-09 11:30:00,Rafael Leão,Pass
1996,452334,56,BlockedShot,0.9590000152587891,0.495,0.7891370058059692,Theo Hernández,a,2547,OpenPlay,2021,RightFoot,16965,Venezia,AC Milan,0,3,2022-01-09 11:30:00,,Rebound
1997,452335,58,Goal,0.885,0.5,0.7612990140914917,Theo Hernández,a,2547,Penalty,2021,LeftFoot,16965,Venezia,AC Milan,0,3,2022-01-09 11:30:00,,Standard
1998,453909,44,ShotOnPost,0.885,0.5,0.7612990140914917,Theo Hernández,h,2547,Penalty,2021,LeftFoot,16970,AC Milan,Spezia,1,2,2022-01-17 17:30:00,,Standard
1999,455442,30,BlockedShot,0.765,0.7609999847412109,0.013113000430166721,Theo Hernández,h,2547,OpenPlay,2021,LeftFoot,16982,AC Milan,Juventus,0,0,2022-01-23 19:45:00,,BallRecovery
2000,455445,33,BlockedShot,0.7780000305175782,0.6090000152587891,0.022821199148893356,Theo Hernández,h,2547,SetPiece,2021,LeftFoot,16982,AC Milan,Juventus,0,0,2022-01-23 19:45:00,,Foul
2001,455453,62,SavedShot,0.8430000305175781,0.6459999847412109,0.05838309973478317,Theo Hernández,h,2547,OpenPlay,2021,LeftFoot,16982,AC Milan,Juventus,0,0,2022-01-23 19:45:00,Rafael Leão,Pass
2002,459327,77,BlockedShot,0.7030000305175781,0.46900001525878904,0.015546300448477268,Theo Hernández,h,2547,SetPiece,2021,LeftFoot,17021,AC Milan,Udinese,1,1,2022-02-25 17:45:00,Sandro Tonali,Pass
2003,461907,85,SavedShot,0.8490000152587891,0.7709999847412109,0.046709898859262466,Theo Hernández,a,2547,OpenPlay,2021,LeftFoot,17032,Napoli,AC Milan,0,1,2022-03-06 19:45:00,Ante Rebic,Pass
2004,464190,43,MissedShots,0.8059999847412109,0.5670000076293945,0.04614109918475151,Theo Hernández,a,2547,OpenPlay,2021,LeftFoot,17047,Cagliari,AC Milan,0,1,2022-03-19 19:45:00,Brahim Diaz,TakeOn
2005,464193,50,SavedShot,0.7019999694824218,0.629000015258789,0.013122400268912315,Theo Hernández,a,2547,OpenPlay,2021,LeftFoot,17047,Cagliari,AC Milan,0,1,2022-03-19 19:45:00,Brahim Diaz,Pass
2006,466188,12,SavedShot,0.7030000305175781,0.6329999923706054,0.013381400145590305,Theo Hernández,h,2547,OpenPlay,2021,LeftFoot,17061,AC Milan,Bologna,0,0,2022-04-04 18:45:00,Ismael Bennacer,Pass
2007,466202,32,MissedShots,0.7169999694824218,0.4779999923706055,0.01584869995713234,Theo Hernández,h,2547,FromCorner,2021,LeftFoot,17061,AC Milan,Bologna,0,0,2022-04-04 18:45:00,,BallTouch
2008,466218,85,MissedShots,0.74,0.5529999923706055,0.01567390002310276,Theo Hernández,h,2547,FromCorner,2021,LeftFoot,17061,AC Milan,Bologna,0,0,2022-04-04 18:45:00,,None
2009,467671,97,BlockedShot,0.715,0.5070000076293946,0.044268399477005005,Theo Hernández,a,2547,DirectFreekick,2021,LeftFoot,17074,Torino,AC Milan,0,0,2022-04-10 18:45:00,,Standard
2010,470870,43,SavedShot,0.755,0.73,0.04080219939351082,Theo Hernández,a,2547,DirectFreekick,2021,LeftFoot,17091,Lazio,AC Milan,1,2,2022-04-24 18:45:00,,Standard
2011,470887,89,MissedShots,0.76,0.615,0.016683999449014664,Theo Hernández,a,2547,FromCorner,2021,LeftFoot,17091,Lazio,AC Milan,1,2,2022-04-24 18:45:00,,None
2012,472110,11,MissedShots,0.9640000152587891,0.645,0.30297398567199707,Theo Hernández,h,2547,OpenPlay,2021,LeftFoot,17100,AC Milan,Fiorentina,1,0,2022-05-01 13:00:00,,None
2013,472124,52,MissedShots,0.92,0.6580000305175782,0.27099400758743286,Theo Hernández,h,2547,OpenPlay,2021,LeftFoot,17100,AC Milan,Fiorentina,1,0,2022-05-01 13:00:00,Sandro Tonali,Pass
2014,474556,7,MissedShots,0.6919999694824219,0.5420000076293945,0.00858302041888237,Theo Hernández,a,2547,OpenPlay,2021,LeftFoot,17108,Verona,AC Milan,1,3,2022-05-08 18:45:00,Rafael Leão,TakeOn
2015,476545,16,BlockedShot,0.8540000152587891,0.590999984741211,0.07083769887685776,Theo Hernández,h,2547,OpenPlay,2021,RightFoot,17121,AC Milan,Atalanta,2,0,2022-05-15 16:00:00,,BallRecovery
2016,476555,53,MissedShots,0.7419999694824219,0.7040000152587891,0.04018250107765198,Theo Hernández,h,2547,DirectFreekick,2021,LeftFoot,17121,AC Milan,Atalanta,2,0,2022-05-15 16:00:00,,Standard
2017,476561,74,Goal,0.879000015258789,0.6309999847412109,0.1317649930715561,Theo Hernández,h,2547,OpenPlay,2021,LeftFoot,17121,AC Milan,Atalanta,2,0,2022-05-15 16:00:00,Rade Krunic,BallRecovery
2018,480523,10,Goal,0.885,0.5,0.7612990140914917,Theo Hernández,h,2547,Penalty,2022,LeftFoot,18582,AC Milan,Udinese,4,2,2022-08-13 16:30:00,,Standard
2019,480533,62,MissedShots,0.7240000152587891,0.5120000076293946,0.0486362986266613,Theo Hernández,h,2547,DirectFreekick,2022,LeftFoot,18582,AC Milan,Udinese,4,2,2022-08-13 16:30:00,,Standard
2020,482806,21,BlockedShot,0.725999984741211,0.3089999961853027,0.01632080040872097,Theo Hernández,a,2547,SetPiece,2022,LeftFoot,18599,Atalanta,AC Milan,1,1,2022-08-21 18:45:00,Ismael Bennacer,Pass
2021,482811,29,MissedShots,0.745999984741211,0.664000015258789,0.016920000314712524,Theo Hernández,a,2547,OpenPlay,2022,LeftFoot,18599,Atalanta,AC Milan,1,1,2022-08-21 18:45:00,Ismael Bennacer,Pass
2022,482815,42,BlockedShot,0.76,0.5820000076293945,0.02425610087811947,Theo Hernández,a,2547,OpenPlay,2022,LeftFoot,18599,Atalanta,AC Milan,1,1,2022-08-21 18:45:00,Ismael Bennacer,Pass
2023,482829,85,SavedShot,0.789000015258789,0.725999984741211,0.022585300728678703,Theo Hernández,a,2547,OpenPlay,2022,LeftFoot,18599,Atalanta,AC Milan,1,1,2022-08-21 18:45:00,Sandro Tonali,Pass
2024,483979,10,MissedShots,0.794000015258789,0.6809999847412109,0.021717799827456474,Theo Hernández,h,2547,OpenPlay,2022,LeftFoot,18606,AC Milan,Bologna,2,0,2022-08-27 18:45:00,,None
2025,483988,42,MissedShots,0.909000015258789,0.47200000762939454,0.07532539963722229,Theo Hernández,h,2547,FromCorner,2022,Head,18606,AC Milan,Bologna,2,0,2022-08-27 18:45:00,Ismael Bennacer,Cross
2026,484000,70,BlockedShot,0.91,0.5779999923706055,0.015967300161719322,Theo Hernández,h,2547,FromCorner,2022,Head,18606,AC Milan,Bologna,2,0,2022-08-27 18:45:00,Sandro Tonali,Aerial
2027,484823,73,MissedShots,0.735,0.41900001525878905,0.051375601440668106,Theo Hernández,a,2547,DirectFreekick,2022,LeftFoot,18612,Sassuolo,AC Milan,0,0,2022-08-30 16:30:00,,Standard
2028,486108,34,MissedShots,0.8290000152587891,0.7130000305175781,0.029800599440932274,Theo Hernández,h,2547,OpenPlay,2022,LeftFoot,18623,AC Milan,Inter,3,2,2022-09-03 16:00:00,,BallRecovery
2029,486112,41,MissedShots,0.9080000305175782,0.42200000762939455,0.023507799953222275,Theo Hernández,h,2547,SetPiece,2022,Head,18623,AC Milan,Inter,3,2,2022-09-03 16:00:00,Ismael Bennacer,Aerial
2030,486117,48,MissedShots,0.8780000305175781,0.5129999923706055,0.025350799784064293,Theo Hernández,h,2547,SetPiece,2022,Head,18623,AC Milan,Inter,3,2,2022-09-03 16:00:00,,None
2031,487690,40,MissedShots,0.9440000152587891,0.675,0.036496199667453766,Theo Hernández,a,2547,FromCorner,2022,LeftFoot,18640,Sampdoria,AC Milan,1,2,2022-09-10 18:45:00,Rafael Leão,Cross
2032,487697,62,SavedShot,0.8080000305175781,0.5929999923706055,0.039401400834321976,Theo Hernández,a,2547,OpenPlay,2022,RightFoot,18640,Sampdoria,AC Milan,1,2,2022-09-10 18:45:00,Tommaso Pobega,Pass
2033,489617,6,MissedShots,0.7859999847412109,0.620999984741211,0.020392799749970436,Theo Hernández,h,2547,FromCorner,2022,LeftFoot,18645,AC Milan,Napoli,1,2,2022-09-18 18:45:00,,None
2034,489632,56,BlockedShot,0.95,0.595999984741211,0.06810429692268372,Theo Hernández,h,2547,OpenPlay,2022,Head,18645,AC Milan,Napoli,1,2,2022-09-18 18:45:00,Alexis Saelemaekers,Cross
2035,491713,2,BlockedShot,0.8069999694824219,0.33599998474121096,0.024705100804567337,Theo Hernández,h,2547,OpenPlay,2022,LeftFoot,18665,AC Milan,Juventus,2,0,2022-10-08 16:00:00,Brahim Diaz,Pass
2036,491716,10,MissedShots,0.775,0.7269999694824218,0.013609499670565128,Theo Hernández,h,2547,OpenPlay,2022,LeftFoot,18665,AC Milan,Juventus,2,0,2022-10-08 16:00:00,,None
2037,491734,66,MissedShots,0.9340000152587891,0.27700000762939453,0.0482684001326561,Theo Hernández,h,2547,OpenPlay,2022,LeftFoot,18665,AC Milan,Juventus,2,0,2022-10-08 16:00:00,,None
2038,493984,33,BlockedShot,0.7130000305175781,0.6659999847412109,0.009938569739460945,Theo Hernández,a,2547,OpenPlay,2022,LeftFoot,18674,Verona,AC Milan,1,2,2022-10-16 18:45:00,,None
2039,493996,67,BlockedShot,0.8090000152587891,0.5579999923706055,0.03990950062870979,Theo Hernández,a,2547,SetPiece,2022,LeftFoot,18674,Verona,AC Milan,1,2,2022-10-16 18:45:00,Rafael Leão,Pass
2040,493998,75,SavedShot,0.765,0.639000015258789,0.018681200221180916,Theo Hernández,a,2547,OpenPlay,2022,LeftFoot,18674,Verona,AC Milan,1,2,2022-10-16 18:45:00,,None
2041,498299,20,Goal,0.960999984741211,0.5609999847412109,0.5977659821510315,Theo Hernández,h,2547,OpenPlay,2022,LeftFoot,18706,AC Milan,Spezia,2,1,2022-11-05 19:45:00,Ismael Bennacer,Throughball
2042,498302,38,SavedShot,0.95,0.6509999847412109,0.08281580358743668,Theo Hernández,h,2547,OpenPlay,2022,LeftFoot,18706,AC Milan,Spezia,2,1,2022-11-05 19:45:00,Ismael Bennacer,Chipped
2043,498315,80,BlockedShot,0.705,0.46299999237060546,0.0396311990916729,Theo Hernández,h,2547,DirectFreekick,2022,LeftFoot,18706,AC Milan,Spezia,2,1,2022-11-05 19:45:00,,Standard
2044,498317,86,BlockedShot,0.7130000305175781,0.624000015258789,0.012459400109946728,Theo Hernández,h,2547,OpenPlay,2022,LeftFoot,18706,AC Milan,Spezia,2,1,2022-11-05 19:45:00,Olivier Giroud,Pass
2045,498319,88,BlockedShot,0.74,0.6329999923706054,0.014066300354897976,Theo Hernández,h,2547,OpenPlay,2022,LeftFoot,18706,AC Milan,Spezia,2,1,2022-11-05 19:45:00,,None
2046,500845,8,MissedShots,0.3340000152587891,0.285,0.006514959968626499,Theo Hernández,h,2547,OpenPlay,2022,LeftFoot,18727,AC Milan,Fiorentina,2,1,2022-11-13 17:00:00,,BallRecovery
2047,502277,19,BlockedShot,0.7319999694824219,0.6320000076293946,0.01953520067036152,Theo Hernández,a,2547,OpenPlay,2022,LeftFoot,18737,Salernitana,AC Milan,1,2,2023-01-04 11:30:00,Brahim Diaz,Pass
2048,503008,51,SavedShot,0.7580000305175781,0.675,0.023220499977469444,Theo Hernández,h,2547,OpenPlay,2022,LeftFoot,18747,AC Milan,Roma,2,2,2023-01-08 19:45:00,Olivier Giroud,Pass
2049,503672,2,OwnGoal,0.105,0.5179999923706055,0,Theo Hernández,a,2547,OpenPlay,2022,OtherBodyPart,18756,Lecce,AC Milan,2,2,2023-01-14 17:00:00,,None
2050,503677,13,BlockedShot,0.7419999694824219,0.5359999847412109,0.018627600744366646,Theo Hernández,a,2547,OpenPlay,2022,LeftFoot,18756,Lecce,AC Milan,2,2,2023-01-14 17:00:00,,None
2051,507866,68,MissedShots,0.7440000152587891,0.49,0.060864001512527466,Theo Hernández,a,2547,DirectFreekick,2022,LeftFoot,18785,Inter,AC Milan,1,0,2023-02-05 19:45:00,,Standard
2052,508117,1,MissedShots,0.93,0.7609999847412109,0.0350399985909462,Theo Hernández,h,2547,OpenPlay,2022,LeftFoot,18799,AC Milan,Torino,1,0,2023-02-10 19:45:00,Brahim Diaz,Chipped
2053,508124,29,MissedShots,0.8969999694824219,0.695,0.05509579926729202,Theo Hernández,h,2547,OpenPlay,2022,LeftFoot,18799,AC Milan,Torino,1,0,2023-02-10 19:45:00,Rafael Leão,BallTouch
2054,508136,75,MissedShots,0.8859999847412109,0.49700000762939456,0.51801598072052,Theo Hernández,h,2547,OpenPlay,2022,LeftFoot,18799,AC Milan,Torino,1,0,2023-02-10 19:45:00,Pierre Kalulu Kyatengwa,Pass
2055,509822,56,MissedShots,0.9230000305175782,0.65,0.5288090109825134,Theo Hernández,a,2547,OpenPlay,2022,LeftFoot,18805,Monza,AC Milan,0,1,2023-02-18 17:00:00,Rafael Leão,BallTouch
2056,511516,24,ShotOnPost,0.7680000305175781,0.590999984741211,0.026450200006365776,Theo Hernández,h,2547,OpenPlay,2022,LeftFoot,18814,AC Milan,Atalanta,2,0,2023-02-26 19:45:00,Olivier Giroud,LayOff
2057,512418,57,SavedShot,0.89,0.6840000152587891,0.2201559990644455,Theo Hernández,a,2547,OpenPlay,2022,LeftFoot,18823,Fiorentina,AC Milan,2,1,2023-03-04 19:45:00,Fikayo Tomori,Throughball
2058,512428,94,Goal,0.874000015258789,0.6379999923706055,0.07010850310325623,Theo Hernández,a,2547,OpenPlay,2022,LeftFoot,18823,Fiorentina,AC Milan,2,1,2023-03-04 19:45:00,Alexis Saelemaekers,Pass
2059,514475,39,MissedShots,0.7419999694824219,0.5070000076293946,0.0189605001360178,Theo Hernández,h,2547,OpenPlay,2022,LeftFoot,18838,AC Milan,Salernitana,1,1,2023-03-13 19:45:00,Alexis Saelemaekers,Pass
2060,514476,40,BlockedShot,0.7919999694824219,0.5829999923706055,0.024291599169373512,Theo Hernández,h,2547,FromCorner,2022,LeftFoot,18838,AC Milan,Salernitana,1,1,2023-03-13 19:45:00,,None
2061,517237,5,BlockedShot,0.8169999694824219,0.6659999847412109,0.025429900735616684,Theo Hernández,a,2547,OpenPlay,2022,LeftFoot,18859,Napoli,AC Milan,0,4,2023-04-02 18:45:00,,Rebound
2062,517236,5,BlockedShot,0.7190000152587891,0.6580000305175782,0.013418200425803661,Theo Hernández,a,2547,OpenPlay,2022,LeftFoot,18859,Napoli,AC Milan,0,4,2023-04-02 18:45:00,Brahim Diaz,Pass
2063,517662,12,SavedShot,0.9490000152587891,0.6659999847412109,0.08080840110778809,Theo Hernández,h,2547,OpenPlay,2022,LeftFoot,18867,AC Milan,Empoli,0,0,2023-04-07 19:00:00,,TakeOn
2064,517666,32,BlockedShot,0.8959999847412109,0.665,0.07801830023527145,Theo Hernández,h,2547,OpenPlay,2022,LeftFoot,18867,AC Milan,Empoli,0,0,2023-04-07 19:00:00,Davide Calabria,Pass
2065,521671,85,MissedShots,0.7269999694824218,0.54,0.014589124359190464,Theo Hernández,h,2547,FromCorner,2022,LeftFoot,18891,AC Milan,Lecce,2,0,2023-04-23 16:00:00,,None
2066,524448,28,Goal,0.735999984741211,0.6519999694824219,0.020574431866407394,Theo Hernández,h,2547,OpenPlay,2022,LeftFoot,18916,AC Milan,Lazio,2,0,2023-05-06 13:00:00,Mike Maignan,TakeOn
2067,524453,45,BlockedShot,0.8930000305175781,0.6569999694824219,0.0492234006524086,Theo Hernández,h,2547,FromCorner,2022,LeftFoot,18916,AC Milan,Lazio,2,0,2023-05-06 13:00:00,,None
2068,526117,23,SavedShot,0.7719999694824219,0.5420000076293945,0.02163410745561123,Theo Hernández,a,2547,OpenPlay,2022,LeftFoot,18931,Spezia,AC Milan,2,0,2023-05-13 16:00:00,,Rebound
2069,527692,4,MissedShots,0.8469999694824218,0.57,0.04318566992878914,Theo Hernández,h,2547,FromCorner,2022,LeftFoot,18936,AC Milan,Sampdoria,5,1,2023-05-20 18:45:00,Brahim Diaz,Pass
2070,531166,15,BlockedShot,0.7,0.48400001525878905,0.03812473639845848,Theo Hernández,h,2547,DirectFreekick,2022,LeftFoot,18956,AC Milan,Verona,3,1,2023-06-04 19:00:00,,Standard
2071,535042,3,MissedShots,0.8769999694824219,0.6419999694824219,0.012637128122150898,Theo Hernández,h,2547,SetPiece,2023,Head,22317,AC Milan,Torino,4,1,2023-08-26 18:45:00,Rafael Leão,Cross
2072,535046,11,MissedShots,0.7169999694824218,0.47200000762939454,0.017011206597089767,Theo Hernández,h,2547,SetPiece,2023,LeftFoot,22317,AC Milan,Torino,4,1,2023-08-26 18:45:00,Tijjani Reijnders,Pass
2073,535050,19,MissedShots,0.725999984741211,0.53,0.017964214086532593,Theo Hernández,h,2547,OpenPlay,2023,LeftFoot,22317,AC Milan,Torino,4,1,2023-08-26 18:45:00,Ruben Loftus-Cheek,Pass
2074,535056,46,Goal,0.97,0.65,0.3210066258907318,Theo Hernández,h,2547,OpenPlay,2023,LeftFoot,22317,AC Milan,Torino,4,1,2023-08-26 18:45:00,Rafael Leão,Throughball
2075,537775,30,MissedShots,0.9640000152587891,0.6120000076293945,0.3412771224975586,Theo Hernández,a,2547,OpenPlay,2023,LeftFoot,22336,Inter,AC Milan,5,1,2023-09-16 16:00:00,Olivier Giroud,TakeOn
2076,540231,44,SavedShot,0.8909999847412109,0.72,0.040992993861436844,Theo Hernández,a,2547,OpenPlay,2023,LeftFoot,22355,Cagliari,AC Milan,1,3,2023-09-27 16:30:00,,None
2077,542892,27,MissedShots,0.7869999694824219,0.715999984741211,0.019015034660696983,Theo Hernández,a,2547,OpenPlay,2023,LeftFoot,22378,Genoa,AC Milan,0,1,2023-10-07 18:45:00,Tijjani Reijnders,BallTouch
2078,546369,56,MissedShots,0.9180000305175782,0.5479999923706055,0.4720996916294098,Theo Hernández,a,2547,OpenPlay,2023,LeftFoot,22404,Napoli,AC Milan,2,2,2023-10-29 19:45:00,Rafael Leão,Pass
2079,546376,65,MissedShots,0.7469999694824219,0.84,0.027453484013676643,Theo Hernández,a,2547,DirectFreekick,2023,LeftFoot,22404,Napoli,AC Milan,2,2,2023-10-29 19:45:00,,Standard
2080,548237,71,MissedShots,0.749000015258789,0.6630000305175782,0.013729930855333805,Theo Hernández,a,2547,OpenPlay,2023,LeftFoot,22417,Lecce,AC Milan,2,2,2023-11-11 14:00:00,,None
2081,550014,43,BlockedShot,0.85,0.355,0.03721930459141731,Theo Hernández,h,2547,FromCorner,2023,LeftFoot,22433,AC Milan,Fiorentina,1,0,2023-11-25 19:45:00,,None
2082,550015,46,Goal,0.885,0.5,0.7612988352775574,Theo Hernández,h,2547,Penalty,2023,LeftFoot,22433,AC Milan,Fiorentina,1,0,2023-11-25 19:45:00,,Standard
2083,553040,3,BlockedShot,0.775,0.620999984741211,0.020342998206615448,Theo Hernández,a,2547,OpenPlay,2023,LeftFoot,22445,Atalanta,AC Milan,3,2,2023-12-09 17:00:00,,Rebound
2084,553048,43,MissedShots,0.779000015258789,0.6359999847412109,0.02480032481253147,Theo Hernández,a,2547,OpenPlay,2023,LeftFoot,22445,Atalanta,AC Milan,3,2,2023-12-09 17:00:00,Samuel Chukwueze,Pass
2085,554580,7,SavedShot,0.92,0.5879999923706055,0.13415764272212982,Theo Hernández,h,2547,OpenPlay,2023,LeftFoot,22459,AC Milan,Monza,3,0,2023-12-17 11:30:00,Rafael Leão,Pass
2086,554597,51,BlockedShot,0.7580000305175781,0.6840000152587891,0.018535448238253593,Theo Hernández,h,2547,OpenPlay,2023,LeftFoot,22459,AC Milan,Monza,3,0,2023-12-17 11:30:00,Tijjani Reijnders,Pass
2087,556022,14,BlockedShot,0.8430000305175781,0.6969999694824218,0.03792687878012657,Theo Hernández,a,2547,OpenPlay,2023,LeftFoot,22473,Salernitana,AC Milan,2,2,2023-12-22 19:45:00,Christian Pulisic,Pass
2088,556034,44,SavedShot,0.7280000305175781,0.345,0.015809325501322746,Theo Hernández,a,2547,SetPiece,2023,LeftFoot,22473,Salernitana,AC Milan,2,2,2023-12-22 19:45:00,Ismael Bennacer,Pass
2089,557067,44,MissedShots,0.905,0.555,0.02930767834186554,Theo Hernández,h,2547,FromCorner,2023,Head,22481,AC Milan,Sassuolo,1,0,2023-12-30 17:00:00,Alessandro Florenzi,Challenge
2090,557079,77,MissedShots,0.9130000305175782,0.43,0.019568493589758873,Theo Hernández,h,2547,FromCorner,2023,Head,22481,AC Milan,Sassuolo,1,0,2023-12-30 17:00:00,Tijjani Reijnders,Aerial
2091,557646,21,SavedShot,0.7769999694824219,0.534000015258789,0.04998243227601051,Theo Hernández,a,2547,OpenPlay,2023,RightFoot,22486,Empoli,AC Milan,0,3,2024-01-07 11:30:00,Alessandro Florenzi,Chipped
2092,557655,56,SavedShot,0.93,0.4809999847412109,0.057495612651109695,Theo Hernández,a,2547,FromCorner,2023,Head,22486,Empoli,AC Milan,0,3,2024-01-07 11:30:00,Yacine Adli,Aerial
2093,557657,61,MissedShots,0.86,0.5329999923706055,0.06749776750802994,Theo Hernández,a,2547,FromCorner,2023,LeftFoot,22486,Empoli,AC Milan,0,3,2024-01-07 11:30:00,,None
2094,558742,55,BlockedShot,0.7140000152587891,0.754000015258789,0.014684256166219711,Theo Hernández,h,2547,OpenPlay,2023,LeftFoot,22500,AC Milan,Roma,3,1,2024-01-14 19:45:00,Yacine Adli,Pass
2095,558751,83,Goal,0.8540000152587891,0.6580000305175782,0.06698545813560486,Theo Hernández,h,2547,OpenPlay,2023,LeftFoot,22500,AC Milan,Roma,3,1,2024-01-14 19:45:00,Olivier Giroud,Pass
2096,559980,8,MissedShots,0.8,0.6830000305175781,0.022283481433987617,Theo Hernández,h,2547,OpenPlay,2023,LeftFoot,22518,AC Milan,Bologna,2,2,2024-01-27 19:45:00,,None
2097,560005,73,ShotOnPost,0.885,0.5,0.7612988352775574,Theo Hernández,h,2547,Penalty,2023,LeftFoot,22518,AC Milan,Bologna,2,2,2024-01-27 19:45:00,,Standard
2098,561340,80,BlockedShot,0.7859999847412109,0.7180000305175781,0.01425996609032154,Theo Hernández,a,2547,OpenPlay,2023,LeftFoot,22531,Frosinone,AC Milan,2,3,2024-02-03 17:00:00,,Rebound
2099,563244,24,Goal,0.9209999847412109,0.6719999694824219,0.3154916763305664,Theo Hernández,h,2547,OpenPlay,2023,LeftFoot,22539,AC Milan,Napoli,1,0,2024-02-11 19:45:00,Rafael Leão,Throughball
2100,563256,61,SavedShot,0.9119999694824219,0.47400001525878904,0.10825307667255402,Theo Hernández,h,2547,FromCorner,2023,LeftFoot,22539,AC Milan,Napoli,1,0,2024-02-11 19:45:00,,None
2101,564700,4,BlockedShot,0.794000015258789,0.5579999923706055,0.0314486064016819,Theo Hernández,a,2547,OpenPlay,2023,LeftFoot,22548,Monza,AC Milan,4,2,2024-02-18 19:45:00,Ismael Bennacer,Pass
2102,564705,34,BlockedShot,0.7530000305175781,0.6669999694824219,0.019414063543081284,Theo Hernández,a,2547,SetPiece,2023,LeftFoot,22548,Monza,AC Milan,4,2,2024-02-18 19:45:00,Alessandro Florenzi,Pass
2103,564707,46,BlockedShot,0.924000015258789,0.6509999847412109,0.05904132500290871,Theo Hernández,a,2547,OpenPlay,2023,LeftFoot,22548,Monza,AC Milan,4,2,2024-02-18 19:45:00,,BallTouch
2104,564709,49,MissedShots,0.889000015258789,0.62,0.06413254141807556,Theo Hernández,a,2547,OpenPlay,2023,LeftFoot,22548,Monza,AC Milan,4,2,2024-02-18 19:45:00,,Rebound
2105,565888,7,MissedShots,0.769000015258789,0.64,0.016901304945349693,Theo Hernández,h,2547,FromCorner,2023,LeftFoot,22560,AC Milan,Atalanta,1,1,2024-02-25 19:45:00,,None
2106,565896,28,BlockedShot,0.7769999694824219,0.6830000305175781,0.01603703573346138,Theo Hernández,h,2547,FromCorner,2023,LeftFoot,22560,AC Milan,Atalanta,1,1,2024-02-25 19:45:00,,None
2107,565912,88,BlockedShot,0.784000015258789,0.695,0.017381971701979637,Theo Hernández,h,2547,OpenPlay,2023,LeftFoot,22560,AC Milan,Atalanta,1,1,2024-02-25 19:45:00,,None
2108,565913,93,BlockedShot,0.7090000152587891,0.7030000305175781,0.015085341408848763,Theo Hernández,h,2547,SetPiece,2023,LeftFoot,22560,AC Milan,Atalanta,1,1,2024-02-25 19:45:00,Yacine Adli,Pass
2109,569852,43,Goal,0.9769999694824218,0.5890000152587891,0.41239285469055176,Theo Hernández,a,2547,OpenPlay,2023,LeftFoot,22588,Verona,AC Milan,1,3,2024-03-17 14:00:00,,None
2110,572190,63,ShotOnPost,0.749000015258789,0.4470000076293945,0.02466413378715515,Theo Hernández,h,2547,OpenPlay,2023,LeftFoot,22612,AC Milan,Lecce,3,0,2024-04-06 13:00:00,Samuel Chukwueze,Pass
2111,572191,67,SavedShot,0.7230000305175781,0.48400001525878905,0.04806516692042351,Theo Hernández,h,2547,DirectFreekick,2023,LeftFoot,22612,AC Milan,Lecce,3,0,2024-04-06 13:00:00,,Standard
2112,574219,7,MissedShots,0.825999984741211,0.6819999694824219,0.030454842373728752,Theo Hernández,a,2547,OpenPlay,2023,LeftFoot,22620,Sassuolo,AC Milan,3,3,2024-04-14 13:00:00,Yunus Musah,None
2113,574231,24,MissedShots,0.44099998474121094,0.6969999694824218,0.007326428312808275,Theo Hernández,a,2547,OpenPlay,2023,LeftFoot,22620,Sassuolo,AC Milan,3,3,2024-04-14 13:00:00,Yacine Adli,Pass
2114,574235,44,MissedShots,0.960999984741211,0.6780000305175782,0.05306079238653183,Theo Hernández,a,2547,OpenPlay,2023,LeftFoot,22620,Sassuolo,AC Milan,3,3,2024-04-14 13:00:00,Yacine Adli,Pass
2115,574234,44,SavedShot,0.919000015258789,0.6969999694824218,0.23139643669128418,Theo Hernández,a,2547,SetPiece,2023,LeftFoot,22620,Sassuolo,AC Milan,3,3,2024-04-14 13:00:00,,Rebound
2116,575909,14,MissedShots,0.8,0.6809999847412109,0.01845996454358101,Theo Hernández,h,2547,OpenPlay,2023,LeftFoot,22633,AC Milan,Inter,1,2,2024-04-22 18:45:00,,Rebound
2117,575913,26,MissedShots,0.9340000152587891,0.43200000762939456,0.10937513411045074,Theo Hernández,h,2547,FromCorner,2023,LeftFoot,22633,AC Milan,Inter,1,2,2024-04-22 18:45:00,,None
2118,575923,50,SavedShot,0.855,0.7330000305175781,0.025216607376933098,Theo Hernández,h,2547,OpenPlay,2023,LeftFoot,22633,AC Milan,Inter,1,2,2024-04-22 18:45:00,Rafael Leão,BallTouch
2119,575928,74,BlockedShot,0.784000015258789,0.6170000076293946,0.03036598302423954,Theo Hernández,h,2547,OpenPlay,2023,LeftFoot,22633,AC Milan,Inter,1,2,2024-04-22 18:45:00,Samuel Chukwueze,Pass
2120,579092,13,BlockedShot,0.9009999847412109,0.6869999694824219,0.03809168189764023,Theo Hernández,h,2547,OpenPlay,2023,LeftFoot,22650,AC Milan,Genoa,3,3,2024-05-05 16:00:00,Samuel Chukwueze,Cross
2121,579096,21,MissedShots,0.8030000305175782,0.710999984741211,0.023093070834875107,Theo Hernández,h,2547,OpenPlay,2023,LeftFoot,22650,AC Milan,Genoa,3,3,2024-05-05 16:00:00,Samuel Chukwueze,Pass
2122,579103,38,SavedShot,0.919000015258789,0.4759999847412109,0.04264172539114952,Theo Hernández,h,2547,FromCorner,2023,Head,22650,AC Milan,Genoa,3,3,2024-05-05 16:00:00,Alessandro Florenzi,Aerial
2123,579111,63,SavedShot,0.8480000305175781,0.5459999847412109,0.11553899198770523,Theo Hernández,h,2547,OpenPlay,2023,LeftFoot,22650,AC Milan,Genoa,3,3,2024-05-05 16:00:00,Samuel Chukwueze,Pass
2124,579120,92,MissedShots,0.9,0.615999984741211,0.06198212131857872,Theo Hernández,h,2547,OpenPlay,2023,LeftFoot,22650,AC Milan,Genoa,3,3,2024-05-05 16:00:00,Yacine Adli,Cross
2125,583350,33,BlockedShot,0.8369999694824218,0.624000015258789,0.0870133712887764,Theo Hernández,h,2547,OpenPlay,2023,LeftFoot,22682,AC Milan,Salernitana,3,3,2024-05-25 18:45:00,Rafael Leão,TakeOn
2126,583353,44,SavedShot,0.899000015258789,0.6730000305175782,0.11173693835735321,Theo Hernández,h,2547,OpenPlay,2023,LeftFoot,22682,AC Milan,Salernitana,3,3,2024-05-25 18:45:00,Olivier Giroud,TakeOn
2127,583367,80,BlockedShot,0.87,0.5129999923706055,0.10299341380596161,Theo Hernández,h,2547,OpenPlay,2023,LeftFoot,22682,AC Milan,Salernitana,3,3,2024-05-25 18:45:00,,None
2128,585078,97,BlockedShot,0.8640000152587891,0.3770000076293945,0.06304231286048889,Theo Hernández,h,2547,SetPiece,2024,LeftFoot,27365,AC Milan,Torino,2,2,2024-08-17 18:45:00,Álvaro Morata,BallTouch
2129,586275,20,MissedShots,0.76,0.425,0.017778141424059868,Theo Hernández,a,2547,FromCorner,2024,LeftFoot,27372,Parma Calcio 1913,AC Milan,2,1,2024-08-24 16:30:00,,None
2130,586283,41,MissedShots,0.7030000305175781,0.62,0.014856468886137009,Theo Hernández,a,2547,OpenPlay,2024,LeftFoot,27372,Parma Calcio 1913,AC Milan,2,1,2024-08-24 16:30:00,Yunus Musah,Pass
2131,586291,55,BlockedShot,0.794000015258789,0.615,0.03369421511888504,Theo Hernández,a,2547,OpenPlay,2024,LeftFoot,27372,Parma Calcio 1913,AC Milan,2,1,2024-08-24 16:30:00,Yunus Musah,Pass
2132,591091,1,Goal,0.9730000305175781,0.67,0.06557568162679672,Theo Hernández,h,2547,OpenPlay,2024,LeftFoot,27398,AC Milan,Venezia,4,0,2024-09-14 18:45:00,Rafael Leão,Pass
2133,593687,40,Goal,0.9490000152587891,0.6790000152587891,0.2454403042793274,Theo Hernández,h,2547,OpenPlay,2024,LeftFoot,27417,AC Milan,Lecce,3,0,2024-09-27 18:45:00,Rafael Leão,Pass
2134,593692,44,MissedShots,0.9619999694824218,0.6619999694824219,0.31894931197166443,Theo Hernández,h,2547,OpenPlay,2024,LeftFoot,27417,AC Milan,Lecce,3,0,2024-09-27 18:45:00,,Rebound
2135,596481,45,SavedShot,0.885,0.5,0.7612988352775574,Theo Hernández,a,2547,Penalty,2024,LeftFoot,27426,Fiorentina,AC Milan,2,1,2024-10-06 18:45:00,,Standard
2136,596493,88,BlockedShot,0.8059999847412109,0.4779999923706055,0.03105069324374199,Theo Hernández,a,2547,FromCorner,2024,LeftFoot,27426,Fiorentina,AC Milan,2,1,2024-10-06 18:45:00,Emerson,BallTouch
2137,600439,66,SavedShot,0.8580000305175781,0.6890000152587891,0.1433415710926056,Theo Hernández,a,2547,OpenPlay,2024,LeftFoot,27465,Monza,AC Milan,0,1,2024-11-02 19:45:00,Rafael Leão,TakeOn
2138,603139,94,SavedShot,0.9380000305175781,0.67,0.01024904940277338,Theo Hernández,h,2547,OpenPlay,2024,Head,27490,AC Milan,Juventus,0,0,2024-11-23 17:00:00,Samuel Chukwueze,Aerial
2139,605506,5,BlockedShot,0.9119999694824219,0.7069999694824218,0.051568739116191864,Theo Hernández,a,2547,OpenPlay,2024,LeftFoot,27502,Atalanta,AC Milan,2,1,2024-12-06 19:45:00,Rafael Leão,Pass
2140,605514,49,MissedShots,0.6769999694824219,0.42400001525878905,0.01351824589073658,Theo Hernández,a,2547,SetPiece,2024,LeftFoot,27502,Atalanta,AC Milan,2,1,2024-12-06 19:45:00,Tijjani Reijnders,Pass
2141,609616,20,SavedShot,0.779000015258789,0.5890000152587891,0.039794083684682846,Theo Hernández,h,2547,OpenPlay,2024,LeftFoot,27538,AC Milan,Roma,1,1,2024-12-29 19:45:00,Samuel Chukwueze,Pass
2142,609622,45,MissedShots,0.7669999694824219,0.700999984741211,0.01401655562222004,Theo Hernández,h,2547,OpenPlay,2024,LeftFoot,27538,AC Milan,Roma,1,1,2024-12-29 19:45:00,,None
2143,609632,63,BlockedShot,0.9019999694824219,0.605,0.1623486429452896,Theo Hernández,h,2547,OpenPlay,2024,RightFoot,27538,AC Milan,Roma,1,1,2024-12-29 19:45:00,Youssouf Fofana,TakeOn
2144,609634,68,MissedShots,0.7340000152587891,0.610999984741211,0.01863986812531948,Theo Hernández,h,2547,OpenPlay,2024,LeftFoot,27538,AC Milan,Roma,1,1,2024-12-29 19:45:00,Ismael Bennacer,Pass
2145,359604,46,BlockedShot,0.9030000305175782,0.42400001525878905,0.01562969945371151,Matteo Gabbia,h,4920,FromCorner,2019,Head,13325,AC Milan,Torino,1,0,2020-02-17 19:45:00,Samu Castillejo,Aerial
2146,365941,47,SavedShot,0.8640000152587891,0.42400001525878905,0.06618349999189377,Matteo Gabbia,a,4920,SetPiece,2019,LeftFoot,13354,Lecce,AC Milan,1,4,2020-06-22 17:30:00,,None
2147,368270,87,SavedShot,0.93,0.4929999923706055,0.05941789969801903,Matteo Gabbia,a,4920,FromCorner,2019,Head,13375,SPAL 2013,AC Milan,2,2,2020-07-01 19:45:00,Hakan Calhanoglu,Aerial
2148,374163,30,MissedShots,0.715999984741211,0.555,0.019434399902820587,Matteo Gabbia,a,4920,OpenPlay,2019,LeftFoot,13456,Sampdoria,AC Milan,1,4,2020-07-29 17:30:00,Ismael Bennacer,BallTouch
2149,378500,25,MissedShots,0.9230000305175782,0.46,0.5266870260238647,Matteo Gabbia,h,4920,SetPiece,2020,LeftFoot,14122,AC Milan,Bologna,2,0,2020-09-21 18:45:00,Ante Rebic,Pass
2150,378513,53,BlockedShot,0.7619999694824219,0.5420000076293945,0.017969999462366104,Matteo Gabbia,h,4920,OpenPlay,2020,RightFoot,14122,AC Milan,Bologna,2,0,2020-09-21 18:45:00,,Rebound
2151,379661,42,MissedShots,0.8769999694824219,0.47200000762939454,0.049196600914001465,Matteo Gabbia,a,4920,SetPiece,2020,Head,14130,Crotone,AC Milan,0,2,2020-09-27 16:00:00,Hakan Calhanoglu,Cross
2152,381389,37,MissedShots,0.925,0.5370000076293945,0.04959430173039436,Matteo Gabbia,h,4920,FromCorner,2020,Head,15454,AC Milan,Spezia,3,0,2020-10-04 16:00:00,Brahim Diaz,Aerial
2153,386930,23,MissedShots,0.91,0.54,0.07923710346221924,Matteo Gabbia,h,4920,FromCorner,2020,Head,15492,AC Milan,Verona,2,2,2020-11-08 19:45:00,Hakan Calhanoglu,Cross
2154,453899,10,MissedShots,0.9480000305175781,0.63,0.012990100309252739,Matteo Gabbia,h,4920,FromCorner,2021,Head,16970,AC Milan,Spezia,1,2,2022-01-17 17:30:00,Alessandro Florenzi,Aerial
2155,491738,76,BlockedShot,0.8390000152587891,0.295,0.011826099827885628,Matteo Gabbia,h,4920,FromCorner,2022,RightFoot,18665,AC Milan,Juventus,2,0,2022-10-08 16:00:00,Charles De Ketelaere,HeadPass
2156,558741,54,MissedShots,0.9169999694824219,0.47200000762939454,0.12024547904729843,Matteo Gabbia,h,4920,SetPiece,2023,Head,22500,AC Milan,Roma,3,1,2024-01-14 19:45:00,Theo Hernández,Cross
2157,559147,78,BlockedShot,0.9309999847412109,0.43099998474121093,0.04478546604514122,Matteo Gabbia,a,4920,OpenPlay,2023,Head,22513,Udinese,AC Milan,2,3,2024-01-20 19:45:00,Rafael Leão,Aerial
2158,561337,71,Goal,0.9790000152587891,0.5209999847412109,0.6768612861633301,Matteo Gabbia,a,4920,FromCorner,2023,Head,22531,Frosinone,AC Milan,2,3,2024-02-03 17:00:00,Olivier Giroud,HeadPass
2159,563246,34,SavedShot,0.765,0.515,0.0173050407320261,Matteo Gabbia,h,4920,OpenPlay,2023,RightFoot,22539,AC Milan,Napoli,1,0,2024-02-11 19:45:00,,Aerial
2160,565905,66,MissedShots,0.7180000305175781,0.65,0.013054494746029377,Matteo Gabbia,h,4920,OpenPlay,2023,RightFoot,22560,AC Milan,Atalanta,1,1,2024-02-25 19:45:00,Theo Hernández,Pass
2161,571026,61,MissedShots,0.93,0.43099998474121093,0.079060398042202,Matteo Gabbia,a,4920,FromCorner,2023,Head,22601,Fiorentina,AC Milan,1,2,2024-03-30 19:45:00,Alessandro Florenzi,Cross
2162,575929,79,SavedShot,0.9480000305175781,0.5070000076293946,0.4872424304485321,Matteo Gabbia,h,4920,FromCorner,2023,Head,22633,AC Milan,Inter,1,2,2024-04-22 18:45:00,Rafael Leão,Aerial
2163,576959,28,MissedShots,0.9309999847412109,0.5320000076293945,0.05551280081272125,Matteo Gabbia,a,4920,FromCorner,2023,Head,22638,Juventus,AC Milan,0,0,2024-04-27 16:00:00,Alessandro Florenzi,Aerial
2164,579105,39,MissedShots,0.8809999847412109,0.555,0.01328893844038248,Matteo Gabbia,h,4920,FromCorner,2023,Head,22650,AC Milan,Genoa,3,3,2024-05-05 16:00:00,Alessandro Florenzi,Aerial
2165,579115,71,Goal,0.9059999847412109,0.5220000076293946,0.07201944291591644,Matteo Gabbia,h,4920,FromCorner,2023,Head,22650,AC Milan,Genoa,3,3,2024-05-05 16:00:00,Alessandro Florenzi,Cross
2166,583354,45,SavedShot,0.8980000305175782,0.45099998474121095,0.020181914791464806,Matteo Gabbia,h,4920,FromCorner,2023,Head,22682,AC Milan,Salernitana,3,3,2024-05-25 18:45:00,Ismael Bennacer,Aerial
2167,591103,51,MissedShots,0.9180000305175782,0.5720000076293945,0.040199123322963715,Matteo Gabbia,h,4920,SetPiece,2024,Head,27398,AC Milan,Venezia,4,0,2024-09-14 18:45:00,Rafael Leão,Aerial
2168,593290,88,Goal,0.9159999847412109,0.4640000152587891,0.3030335009098053,Matteo Gabbia,a,4920,SetPiece,2024,Head,27406,Inter,AC Milan,1,2,2024-09-22 18:45:00,Tijjani Reijnders,Cross
2169,596468,8,MissedShots,0.9740000152587891,0.5479999923706055,0.12126145511865616,Matteo Gabbia,a,4920,SetPiece,2024,Head,27426,Fiorentina,AC Milan,2,1,2024-10-06 18:45:00,Christian Pulisic,Aerial
2170,596474,27,MissedShots,0.905,0.43400001525878906,0.030473139137029648,Matteo Gabbia,a,4920,SetPiece,2024,Head,27426,Fiorentina,AC Milan,2,1,2024-10-06 18:45:00,Emerson,Aerial
2171,596486,65,MissedShots,0.8859999847412109,0.5459999847412109,0.25465452671051025,Matteo Gabbia,a,4920,SetPiece,2024,Head,27426,Fiorentina,AC Milan,2,1,2024-10-06 18:45:00,Christian Pulisic,Aerial
2172,607882,87,SavedShot,0.8669999694824219,0.56,0.0458647646009922,Matteo Gabbia,h,4920,FromCorner,2024,RightFoot,27520,AC Milan,Genoa,0,0,2024-12-15 19:45:00,Tijjani Reijnders,Cross
2173,608101,46,SavedShot,0.919000015258789,0.48200000762939454,0.0479431077837944,Matteo Gabbia,a,4920,FromCorner,2024,Head,27522,Verona,AC Milan,0,1,2024-12-20 19:45:00,,Aerial
2174,609613,13,MissedShots,0.919000015258789,0.46900001525878904,0.12072525918483734,Matteo Gabbia,h,4920,SetPiece,2024,Head,27538,AC Milan,Roma,1,1,2024-12-29 19:45:00,Theo Hernández,Cross
2175,282512,8,MissedShots,0.7280000305175781,0.509000015258789,0.013144600205123425,Youssouf Fofana,a,6945,SetPiece,2018,LeftFoot,10846,Monaco,Strasbourg,1,5,2019-01-19 19:00:00,,Rebound
2176,282534,93,Goal,0.895,0.3629999923706055,0.4884360134601593,Youssouf Fofana,a,6945,OpenPlay,2018,RightFoot,10846,Monaco,Strasbourg,1,5,2019-01-19 19:00:00,Joia Nuno Da Costa,Throughball
2177,283539,76,BlockedShot,0.7819999694824219,0.6409999847412109,0.026767000555992126,Youssouf Fofana,a,6945,OpenPlay,2018,RightFoot,10885,Caen,Strasbourg,0,0,2019-02-17 14:00:00,,BallTouch
2178,283542,82,SavedShot,0.8330000305175781,0.534000015258789,0.0554720014333725,Youssouf Fofana,a,6945,OpenPlay,2018,RightFoot,10885,Caen,Strasbourg,0,0,2019-02-17 14:00:00,,Rebound
2179,284606,22,BlockedShot,0.9119999694824219,0.39099998474121095,0.06652449816465378,Youssouf Fofana,h,6945,OpenPlay,2018,RightFoot,10913,Strasbourg,Lyon,2,2,2019-03-09 16:00:00,Kenny Lala,Cross
2180,284620,52,MissedShots,0.710999984741211,0.31799999237060544,0.012433400377631187,Youssouf Fofana,h,6945,OpenPlay,2018,RightFoot,10913,Strasbourg,Lyon,2,2,2019-03-09 16:00:00,Sanjin Prcic,Pass
2181,284624,63,BlockedShot,0.789000015258789,0.67,0.015932699665427208,Youssouf Fofana,h,6945,OpenPlay,2018,LeftFoot,10913,Strasbourg,Lyon,2,2,2019-03-09 16:00:00,,None
2182,284630,81,BlockedShot,0.754000015258789,0.4929999923706055,0.023375999182462692,Youssouf Fofana,h,6945,OpenPlay,2018,RightFoot,10913,Strasbourg,Lyon,2,2,2019-03-09 16:00:00,Kenny Lala,Pass
2183,286457,2,MissedShots,0.7559999847412109,0.285,0.013721800409257412,Youssouf Fofana,a,6945,FromCorner,2018,RightFoot,10924,Nimes,Strasbourg,2,2,2019-03-16 19:00:00,,None
2184,286462,40,MissedShots,0.7730000305175782,0.28,0.024997899308800697,Youssouf Fofana,a,6945,OpenPlay,2018,LeftFoot,10924,Nimes,Strasbourg,2,2,2019-03-16 19:00:00,Anthony Goncalves,Pass
2185,286470,52,Goal,0.8590000152587891,0.41900001525878905,0.3610279858112335,Youssouf Fofana,a,6945,OpenPlay,2018,RightFoot,10924,Nimes,Strasbourg,2,2,2019-03-16 19:00:00,Joia Nuno Da Costa,Pass
2186,291159,62,MissedShots,0.6769999694824219,0.37099998474121093,0.013446199707686901,Youssouf Fofana,h,6945,OpenPlay,2018,RightFoot,10942,Strasbourg,Reims,4,0,2019-04-03 18:00:00,Kenny Lala,TakeOn
2187,327528,1,SavedShot,0.7780000305175782,0.3320000076293945,0.022352900356054306,Youssouf Fofana,h,6945,OpenPlay,2019,RightFoot,12809,Strasbourg,Nice,1,0,2019-10-26 19:00:00,,BallRecovery
2188,327548,66,SavedShot,0.795,0.4879999923706055,0.057803601026535034,Youssouf Fofana,h,6945,OpenPlay,2019,LeftFoot,12809,Strasbourg,Nice,1,0,2019-10-26 19:00:00,Ludovic Ajorque,Pass
2189,327550,74,MissedShots,0.879000015258789,0.3390000152587891,0.04453599825501442,Youssouf Fofana,h,6945,FromCorner,2019,RightFoot,12809,Strasbourg,Nice,1,0,2019-10-26 19:00:00,,None
2190,330984,21,MissedShots,0.66,0.4570000076293945,0.012671800330281258,Youssouf Fofana,h,6945,OpenPlay,2019,RightFoot,12837,Strasbourg,Nimes,4,1,2019-11-09 19:00:00,Jean-Ricner Bellegarde,Pass
2191,332527,13,MissedShots,0.9130000305175782,0.43900001525878907,0.05130210146307945,Youssouf Fofana,a,6945,OpenPlay,2019,Head,12846,Amiens,Strasbourg,0,4,2019-11-23 19:00:00,,None
2192,332530,27,SavedShot,0.7340000152587891,0.51,0.019685300067067146,Youssouf Fofana,a,6945,OpenPlay,2019,LeftFoot,12846,Amiens,Strasbourg,0,4,2019-11-23 19:00:00,Adrien Thomasson,Pass
2193,332535,47,BlockedShot,0.875,0.29399999618530276,0.054288599640131,Youssouf Fofana,a,6945,OpenPlay,2019,RightFoot,12846,Amiens,Strasbourg,0,4,2019-11-23 19:00:00,Adrien Thomasson,Pass
2194,332545,88,MissedShots,0.865,0.6140000152587891,0.04959139972925186,Youssouf Fofana,a,6945,FromCorner,2019,RightFoot,12846,Amiens,Strasbourg,0,4,2019-11-23 19:00:00,Adrien Thomasson,Pass
2195,332547,92,ShotOnPost,0.9130000305175782,0.649000015258789,0.328574001789093,Youssouf Fofana,a,6945,OpenPlay,2019,LeftFoot,12846,Amiens,Strasbourg,0,4,2019-11-23 19:00:00,Adrien Thomasson,Pass
2196,333762,21,Goal,0.8830000305175781,0.33599998474121096,0.06845889985561371,Youssouf Fofana,h,6945,OpenPlay,2019,RightFoot,12849,Strasbourg,Lyon,1,2,2019-11-30 17:00:00,Ludovic Ajorque,Pass
2197,333771,71,MissedShots,0.7830000305175782,0.3940000152587891,0.03899729996919632,Youssouf Fofana,h,6945,OpenPlay,2019,LeftFoot,12849,Strasbourg,Lyon,1,2,2019-11-30 17:00:00,Lebo Mothiba,LayOff
2198,334796,39,MissedShots,0.799000015258789,0.40700000762939453,0.013208500109612942,Youssouf Fofana,a,6945,FromCorner,2019,LeftFoot,12866,Brest,Strasbourg,5,0,2019-12-03 18:00:00,Dmitri Lienard,Chipped
2199,354313,56,MissedShots,0.7180000305175781,0.5709999847412109,0.011742999777197838,Youssouf Fofana,a,6945,OpenPlay,2019,RightFoot,12905,Metz,Strasbourg,1,0,2020-01-11 19:00:00,,None
2200,354323,80,MissedShots,0.8290000152587891,0.6819999694824219,0.0323559008538723,Youssouf Fofana,a,6945,OpenPlay,2019,RightFoot,12905,Metz,Strasbourg,1,0,2020-01-11 19:00:00,,None
2201,357534,15,SavedShot,0.6980000305175781,0.46599998474121096,0.015180700458586216,Youssouf Fofana,h,6945,OpenPlay,2019,RightFoot,12936,Monaco,Angers,1,0,2020-02-04 18:00:00,Cesc Fàbregas,Pass
2202,357537,38,MissedShots,0.8880000305175781,0.5529999923706055,0.06879779696464539,Youssouf Fofana,h,6945,OpenPlay,2019,Head,12936,Monaco,Angers,1,0,2020-02-04 18:00:00,Fode Toure,Cross
2203,360044,24,BlockedShot,0.8159999847412109,0.2979999923706055,0.04704960063099861,Youssouf Fofana,a,6945,OpenPlay,2019,RightFoot,12963,Dijon,Monaco,1,1,2020-02-22 19:00:00,Adrien Silva,Pass
2204,360062,81,SavedShot,0.8159999847412109,0.5459999847412109,0.05682620033621788,Youssouf Fofana,a,6945,OpenPlay,2019,RightFoot,12963,Dijon,Monaco,1,1,2020-02-22 19:00:00,Islam Slimani,TakeOn
2205,361073,78,BlockedShot,0.7180000305175781,0.4520000076293945,0.016828199848532677,Youssouf Fofana,h,6945,OpenPlay,2019,RightFoot,12975,Monaco,Reims,1,1,2020-02-29 19:00:00,Islam Slimani,Pass
2206,361850,30,BlockedShot,0.7080000305175781,0.49900001525878906,0.01407769974321127,Youssouf Fofana,a,6945,OpenPlay,2019,RightFoot,12979,Nice,Monaco,2,1,2020-03-07 18:00:00,,BallRecovery
2207,361857,51,MissedShots,0.735,0.6719999694824219,0.012636800296604633,Youssouf Fofana,a,6945,OpenPlay,2019,RightFoot,12979,Nice,Monaco,2,1,2020-03-07 18:00:00,Tiemoué Bakayoko,Chipped
2208,375679,6,BlockedShot,0.750999984741211,0.4159999847412109,0.016739699989557266,Youssouf Fofana,h,6945,FromCorner,2020,RightFoot,13982,Monaco,Reims,2,2,2020-08-23 11:00:00,,None
2209,375681,14,MissedShots,0.769000015258789,0.29399999618530276,0.023415500298142433,Youssouf Fofana,h,6945,FromCorner,2020,RightFoot,13982,Monaco,Reims,2,2,2020-08-23 11:00:00,Ruben Aguilar,Pass
2210,377719,14,BlockedShot,0.740999984741211,0.6220000076293946,0.01642009988427162,Youssouf Fofana,a,6945,OpenPlay,2020,RightFoot,14206,Rennes,Monaco,2,1,2020-09-19 19:00:00,Djibril Sidibe,Pass
2211,377728,46,BlockedShot,0.8419999694824218,0.295,0.023764800280332565,Youssouf Fofana,a,6945,FromCorner,2020,RightFoot,14206,Rennes,Monaco,2,1,2020-09-19 19:00:00,,None
2212,377735,67,BlockedShot,0.8,0.5779999923706055,0.048750098794698715,Youssouf Fofana,a,6945,OpenPlay,2020,RightFoot,14206,Rennes,Monaco,2,1,2020-09-19 19:00:00,Wissam Ben Yedder,Pass
2213,379386,22,BlockedShot,0.7759999847412109,0.37099998474121093,0.04093199968338013,Youssouf Fofana,h,6945,OpenPlay,2020,LeftFoot,14220,Monaco,Strasbourg,3,2,2020-09-27 13:00:00,Aurelien Tchouameni,OffsidePass
2214,384124,10,SavedShot,0.9359999847412109,0.4259999847412109,0.2965329885482788,Youssouf Fofana,a,6945,OpenPlay,2020,Head,15827,Lyon,Monaco,4,1,2020-10-25 20:00:00,Djibril Sidibe,Cross
2215,384127,18,SavedShot,0.725999984741211,0.66,0.010175899602472782,Youssouf Fofana,a,6945,OpenPlay,2020,RightFoot,15827,Lyon,Monaco,4,1,2020-10-25 20:00:00,Ruben Aguilar,TakeOn
2216,385279,84,BlockedShot,0.73,0.40400001525878904,0.020228499546647072,Youssouf Fofana,h,6945,OpenPlay,2020,RightFoot,15838,Monaco,Bordeaux,4,0,2020-11-01 16:00:00,Stevan Jovetic,Pass
2217,386725,8,SavedShot,0.749000015258789,0.3089999961853027,0.01494939997792244,Youssouf Fofana,a,6945,OpenPlay,2020,RightFoot,15849,Nice,Monaco,1,2,2020-11-08 16:00:00,,BallRecovery
2218,387093,23,MissedShots,0.6759999847412109,0.5720000076293945,0.012659600004553795,Youssouf Fofana,h,6945,OpenPlay,2020,RightFoot,15861,Monaco,Paris Saint Germain,3,2,2020-11-20 20:00:00,Sofiane Diop,Pass
2219,389325,31,BlockedShot,0.9119999694824219,0.4570000076293945,0.13029199838638306,Youssouf Fofana,h,6945,OpenPlay,2020,Head,15869,Monaco,Nimes,3,0,2020-11-29 14:00:00,Ruben Aguilar,Cross
2220,389327,37,MissedShots,0.8219999694824218,0.46299999237060546,0.1760450005531311,Youssouf Fofana,h,6945,DirectFreekick,2020,RightFoot,15869,Monaco,Nimes,3,0,2020-11-29 14:00:00,,Standard
2221,393392,53,MissedShots,0.8080000305175781,0.41900001525878905,0.049095701426267624,Youssouf Fofana,h,6945,OpenPlay,2020,RightFoot,15901,Monaco,Lens,0,3,2020-12-16 20:00:00,Gelson Martins,Pass
2222,393393,55,MissedShots,0.8869999694824219,0.335,0.06732829660177231,Youssouf Fofana,h,6945,OpenPlay,2020,RightFoot,15901,Monaco,Lens,0,3,2020-12-16 20:00:00,Gelson Martins,Pass
2223,394495,65,MissedShots,0.7380000305175781,0.375,0.018576499074697495,Youssouf Fofana,a,6945,OpenPlay,2020,RightFoot,15907,Dijon,Monaco,0,1,2020-12-20 14:00:00,Kevin Volland,Pass
2224,397503,87,BlockedShot,0.7230000305175781,0.4520000076293945,0.023698700591921806,Youssouf Fofana,a,6945,FromCorner,2020,RightFoot,15927,Lorient,Monaco,2,5,2021-01-06 18:00:00,Sofiane Diop,Pass
2225,398797,45,MissedShots,0.85,0.4590000152587891,0.10523699969053268,Youssouf Fofana,a,6945,OpenPlay,2020,RightFoot,15952,Montpellier,Monaco,2,3,2021-01-15 20:00:00,Ruben Aguilar,Pass
2226,398810,88,MissedShots,0.77,0.4779999923706055,0.036226000636816025,Youssouf Fofana,a,6945,OpenPlay,2020,RightFoot,15952,Montpellier,Monaco,2,3,2021-01-15 20:00:00,Fode Toure,Pass
2227,400640,59,MissedShots,0.78,0.3370000076293945,0.021956300362944603,Youssouf Fofana,h,6945,OpenPlay,2020,RightFoot,15960,Monaco,Marseille,3,1,2021-01-23 20:00:00,Aleksandr Golovin,Pass
2228,402380,2,MissedShots,0.7569999694824219,0.43,0.020625099539756775,Youssouf Fofana,a,6945,OpenPlay,2020,RightFoot,15973,Nantes,Monaco,1,2,2021-01-31 20:00:00,,None
2229,402387,41,MissedShots,0.8590000152587891,0.3370000076293945,0.05189190059900284,Youssouf Fofana,a,6945,OpenPlay,2020,RightFoot,15973,Nantes,Monaco,1,2,2021-01-31 20:00:00,Kevin Volland,Pass
2230,402761,84,BlockedShot,0.7769999694824219,0.34200000762939453,0.017500899732112885,Youssouf Fofana,h,6945,FromCorner,2020,RightFoot,15980,Monaco,Nice,2,1,2021-02-03 20:00:00,,None
2231,406259,18,BlockedShot,0.740999984741211,0.5790000152587891,0.025760000571608543,Youssouf Fofana,a,6945,FromCorner,2020,RightFoot,16013,Paris Saint Germain,Monaco,0,2,2021-02-21 20:00:00,Sofiane Diop,Pass
2232,411201,69,BlockedShot,0.8180000305175781,0.455,0.040029801428318024,Youssouf Fofana,a,6945,FromCorner,2020,RightFoot,16054,Saint-Etienne,Monaco,0,4,2021-03-19 16:05:00,,None
2233,411204,84,MissedShots,0.8130000305175781,0.37599998474121094,0.04729820042848587,Youssouf Fofana,a,6945,OpenPlay,2020,LeftFoot,16054,Saint-Etienne,Monaco,0,4,2021-03-19 16:05:00,Krépin Diatta,Pass
2234,412165,6,MissedShots,0.83,0.5629999923706055,0.04016130045056343,Youssouf Fofana,h,6945,FromCorner,2020,LeftFoot,16063,Monaco,Metz,4,0,2021-04-03 11:00:00,Stevan Jovetic,Pass
2235,412171,37,BlockedShot,0.715999984741211,0.5929999923706055,0.016340000554919243,Youssouf Fofana,h,6945,OpenPlay,2020,LeftFoot,16063,Monaco,Metz,4,0,2021-04-03 11:00:00,Cesc Fàbregas,Pass
2236,414607,1,SavedShot,0.7480000305175781,0.33,0.016905099153518677,Youssouf Fofana,h,6945,OpenPlay,2020,RightFoot,16070,Monaco,Dijon,3,0,2021-04-11 15:05:00,Sofiane Diop,Pass
2237,414606,1,BlockedShot,0.7759999847412109,0.4570000076293945,0.0314738005399704,Youssouf Fofana,h,6945,OpenPlay,2020,RightFoot,16070,Monaco,Dijon,3,0,2021-04-11 15:05:00,Caio Henrique,Pass
2238,415925,44,MissedShots,0.715999984741211,0.42400001525878905,0.020479800179600716,Youssouf Fofana,a,6945,OpenPlay,2020,RightFoot,16085,Bordeaux,Monaco,0,3,2021-04-18 15:05:00,Caio Henrique,Pass
2239,420725,26,BlockedShot,0.7419999694824219,0.6619999694824219,0.026127800345420837,Youssouf Fofana,a,6945,OpenPlay,2020,LeftFoot,16112,Reims,Monaco,0,1,2021-05-09 15:05:00,Benoit Badiashile Mukinayi,TakeOn
2240,420738,91,MissedShots,0.7959999847412109,0.555,0.07078149914741516,Youssouf Fofana,a,6945,OpenPlay,2020,RightFoot,16112,Reims,Monaco,0,1,2021-05-09 15:05:00,Gelson Martins,Pass
2241,422949,74,BlockedShot,0.710999984741211,0.5,0.012539999559521675,Youssouf Fofana,h,6945,OpenPlay,2020,RightFoot,16121,Monaco,Rennes,2,1,2021-05-16 19:00:00,,Aerial
2242,424425,16,MissedShots,0.7190000152587891,0.38599998474121094,0.01703229919075966,Youssouf Fofana,a,6945,OpenPlay,2020,RightFoot,16128,Lens,Monaco,0,0,2021-05-23 19:00:00,Aurelien Tchouameni,Pass
2243,424435,51,MissedShots,0.7469999694824219,0.4129999923706055,0.020395400002598763,Youssouf Fofana,a,6945,OpenPlay,2020,RightFoot,16128,Lens,Monaco,0,0,2021-05-23 19:00:00,,None
2244,430175,80,BlockedShot,0.789000015258789,0.43099998474121093,0.026823900640010834,Youssouf Fofana,h,6945,OpenPlay,2021,RightFoot,17871,Monaco,Marseille,0,2,2021-09-11 19:00:00,,None
2245,432559,31,ShotOnPost,0.7480000305175781,0.455,0.027642399072647095,Youssouf Fofana,h,6945,OpenPlay,2021,RightFoot,17886,Monaco,Saint-Etienne,3,1,2021-09-22 17:00:00,Eliot Matazo,Pass
2246,432570,72,MissedShots,0.7709999847412109,0.7709999847412109,0.015261700376868248,Youssouf Fofana,h,6945,OpenPlay,2021,RightFoot,17886,Monaco,Saint-Etienne,3,1,2021-09-22 17:00:00,Aleksandr Golovin,Pass
2247,436506,41,BlockedShot,0.7909999847412109,0.4179999923706055,0.03507069870829582,Youssouf Fofana,a,6945,OpenPlay,2021,RightFoot,17915,Lyon,Monaco,2,0,2021-10-16 19:00:00,,None
2248,438476,77,MissedShots,0.7969999694824219,0.7759999847412109,0.0165203008800745,Youssouf Fofana,h,6945,OpenPlay,2021,RightFoot,17926,Monaco,Montpellier,3,1,2021-10-24 15:00:00,Myron Boadu,Pass
2249,440404,88,SavedShot,0.7830000305175782,0.42400001525878905,0.03279909864068031,Youssouf Fofana,a,6945,OpenPlay,2021,LeftFoot,17934,Brest,Monaco,2,0,2021-10-31 16:00:00,Aleksandr Golovin,Pass
2250,441666,31,MissedShots,0.7269999694824218,0.4640000152587891,0.0203901007771492,Youssouf Fofana,a,6945,OpenPlay,2021,RightFoot,17949,Reims,Monaco,0,0,2021-11-07 14:00:00,Aleksandr Golovin,Pass
2251,441679,83,MissedShots,0.6780000305175782,0.5159999847412109,0.011919699609279633,Youssouf Fofana,a,6945,FromCorner,2021,RightFoot,17949,Reims,Monaco,0,0,2021-11-07 14:00:00,,None
2252,442206,60,SavedShot,0.7669999694824219,0.539000015258789,0.02403539977967739,Youssouf Fofana,h,6945,SetPiece,2021,RightFoot,17961,Monaco,Lille,2,2,2021-11-19 20:00:00,Sofiane Diop,Pass
2253,444692,20,BlockedShot,0.7980000305175782,0.3820000076293945,0.03541149944067001,Youssouf Fofana,h,6945,OpenPlay,2021,RightFoot,17969,Monaco,Strasbourg,1,1,2021-11-28 14:00:00,Sofiane Diop,Pass
2254,448656,41,BlockedShot,0.7130000305175781,0.575999984741211,0.015057800337672234,Youssouf Fofana,a,6945,OpenPlay,2021,RightFoot,17999,Paris Saint Germain,Monaco,2,0,2021-12-12 19:45:00,Aleksandr Golovin,Pass
2255,460170,27,BlockedShot,0.7330000305175781,0.5509999847412109,0.019367199391126633,Youssouf Fofana,h,6945,OpenPlay,2021,RightFoot,18074,Monaco,Reims,1,2,2022-02-27 12:00:00,Ismail Jakobs,Pass
2256,460177,39,BlockedShot,0.9009999847412109,0.485,0.04736730083823204,Youssouf Fofana,h,6945,FromCorner,2021,RightFoot,18074,Monaco,Reims,1,2,2022-02-27 12:00:00,Kevin Volland,Aerial
2257,460187,71,BlockedShot,0.73,0.48200000762939454,0.02288540080189705,Youssouf Fofana,h,6945,OpenPlay,2021,RightFoot,18074,Monaco,Reims,1,2,2022-02-27 12:00:00,,None
2258,461886,82,MissedShots,0.7680000305175781,0.43900001525878907,0.034749001264572144,Youssouf Fofana,a,6945,OpenPlay,2021,RightFoot,18089,Marseille,Monaco,0,1,2022-03-06 19:45:00,Sofiane Diop,Pass
2259,464338,5,SavedShot,0.7869999694824219,0.57,0.03515230119228363,Youssouf Fofana,h,6945,OpenPlay,2021,LeftFoot,18107,Monaco,Paris Saint Germain,3,0,2022-03-20 12:00:00,,None
2260,464350,40,SavedShot,0.710999984741211,0.44799999237060545,0.022899700328707695,Youssouf Fofana,h,6945,OpenPlay,2021,LeftFoot,18107,Monaco,Paris Saint Germain,3,0,2022-03-20 12:00:00,Aurelien Tchouameni,Pass
2261,465735,18,MissedShots,0.7240000152587891,0.645,0.013943799771368504,Youssouf Fofana,a,6945,OpenPlay,2021,RightFoot,18115,Metz,Monaco,1,2,2022-04-03 13:00:00,Caio Henrique,Pass
2262,467312,32,MissedShots,0.7130000305175781,0.57,0.016240600496530533,Youssouf Fofana,h,6945,OpenPlay,2021,LeftFoot,18129,Monaco,Troyes,2,1,2022-04-10 13:00:00,,None
2263,467323,70,MissedShots,0.7869999694824219,0.37400001525878906,0.041721198707818985,Youssouf Fofana,h,6945,OpenPlay,2021,RightFoot,18129,Monaco,Troyes,2,1,2022-04-10 13:00:00,,None
2264,467866,76,MissedShots,0.7630000305175781,0.534000015258789,0.0318353995680809,Youssouf Fofana,a,6945,OpenPlay,2021,RightFoot,18139,Rennes,Monaco,2,3,2022-04-15 19:00:00,Myron Boadu,Pass
2265,469174,30,MissedShots,0.7340000152587891,0.534000015258789,0.018068300560116768,Youssouf Fofana,h,6945,OpenPlay,2021,RightFoot,18148,Monaco,Nice,1,0,2022-04-20 17:00:00,,BallTouch
2266,469176,37,SavedShot,0.9730000305175781,0.6780000305175782,0.04325690120458603,Youssouf Fofana,h,6945,FromCorner,2021,LeftFoot,18148,Monaco,Nice,1,0,2022-04-20 17:00:00,,None
2267,469180,45,MissedShots,0.8690000152587891,0.6079999923706054,0.1033179983496666,Youssouf Fofana,h,6945,OpenPlay,2021,RightFoot,18148,Monaco,Nice,1,0,2022-04-20 17:00:00,Kevin Volland,Pass
2268,470206,71,MissedShots,0.6909999847412109,0.7080000305175781,0.0287392009049654,Youssouf Fofana,a,6945,DirectFreekick,2021,RightFoot,18161,Saint-Etienne,Monaco,1,4,2022-04-23 17:00:00,,Standard
2269,472176,41,SavedShot,0.8819999694824219,0.524000015258789,0.12771999835968018,Youssouf Fofana,h,6945,OpenPlay,2021,RightFoot,18165,Monaco,Angers,2,0,2022-05-01 13:00:00,,TakeOn
2270,472851,93,MissedShots,0.6919999694824219,0.6430000305175781,0.03237750008702278,Youssouf Fofana,a,6945,DirectFreekick,2021,RightFoot,18179,Lille,Monaco,1,2,2022-05-06 19:00:00,,Standard
2271,476132,53,BlockedShot,0.79,0.40400001525878904,0.023675400763750076,Youssouf Fofana,h,6945,FromCorner,2021,LeftFoot,18189,Monaco,Brest,4,2,2022-05-14 19:00:00,,None
2272,477429,27,MissedShots,0.7169999694824218,0.6909999847412109,0.014868400059640408,Youssouf Fofana,a,6945,OpenPlay,2021,RightFoot,18192,Lens,Monaco,2,2,2022-05-21 19:00:00,Aleksandr Golovin,Pass
2273,477442,65,BlockedShot,0.705999984741211,0.66,0.014399499632418156,Youssouf Fofana,a,6945,FromCorner,2021,RightFoot,18192,Lens,Monaco,2,2,2022-05-21 19:00:00,,BallRecovery
2274,479401,72,MissedShots,0.9330000305175781,0.225,0.044437799602746964,Youssouf Fofana,a,6945,OpenPlay,2022,RightFoot,19649,Strasbourg,Monaco,1,2,2022-08-06 15:00:00,,None
2275,479405,79,MissedShots,0.6880000305175781,0.44400001525878907,0.034811101853847504,Youssouf Fofana,a,6945,DirectFreekick,2022,RightFoot,19649,Strasbourg,Monaco,1,2,2022-08-06 15:00:00,,Standard
2276,484698,25,SavedShot,0.754000015258789,0.575,0.027861300855875015,Youssouf Fofana,a,6945,OpenPlay,2022,RightFoot,19683,Paris Saint Germain,Monaco,1,1,2022-08-28 18:45:00,Maghnes Akliouche,Pass
2277,485133,62,Goal,0.9619999694824218,0.4640000152587891,0.5625830292701721,Youssouf Fofana,h,6945,FromCorner,2022,LeftFoot,19688,Monaco,Troyes,2,4,2022-08-31 17:00:00,Axel Disasi,HeadPass
2278,486838,16,BlockedShot,0.735,0.600999984741211,0.017216099426150322,Youssouf Fofana,a,6945,OpenPlay,2022,RightFoot,19703,Nice,Monaco,0,1,2022-09-04 18:45:00,Caio Henrique,Pass
2279,486859,80,BlockedShot,0.7519999694824219,0.49700000762939456,0.03157719969749451,Youssouf Fofana,a,6945,OpenPlay,2022,LeftFoot,19703,Nice,Monaco,0,1,2022-09-04 18:45:00,Mohamed Camara,Pass
2280,489088,14,SavedShot,0.740999984741211,0.42900001525878906,0.015857499092817307,Youssouf Fofana,a,6945,OpenPlay,2022,RightFoot,19727,Reims,Monaco,0,3,2022-09-18 11:00:00,,None
2281,489091,28,MissedShots,0.7669999694824219,0.4570000076293945,0.025744400918483734,Youssouf Fofana,a,6945,OpenPlay,2022,RightFoot,19727,Reims,Monaco,0,3,2022-09-18 11:00:00,Maghnes Akliouche,Pass
2282,489095,35,MissedShots,0.9459999847412109,0.4,0.019799500703811646,Youssouf Fofana,a,6945,FromCorner,2022,Head,19727,Reims,Monaco,0,3,2022-09-18 11:00:00,Aleksandr Golovin,Aerial
2283,489108,85,SavedShot,0.8059999847412109,0.5370000076293945,0.042571600526571274,Youssouf Fofana,a,6945,OpenPlay,2022,LeftFoot,19727,Reims,Monaco,0,3,2022-09-18 11:00:00,Vanderson,TakeOn
2284,491942,72,MissedShots,0.705,0.475,0.016992200165987015,Youssouf Fofana,a,6945,OpenPlay,2022,RightFoot,19741,Montpellier,Monaco,0,2,2022-10-09 11:00:00,Wissam Ben Yedder,Pass
2285,498549,16,MissedShots,0.750999984741211,0.5720000076293945,0.021545499563217163,Youssouf Fofana,a,6945,OpenPlay,2022,RightFoot,19786,Toulouse,Monaco,0,2,2022-11-06 14:00:00,Aleksandr Golovin,Pass
2286,498552,31,BlockedShot,0.7330000305175781,0.43599998474121093,0.018800100311636925,Youssouf Fofana,a,6945,OpenPlay,2022,RightFoot,19786,Toulouse,Monaco,0,2,2022-11-06 14:00:00,Caio Henrique,Pass
2287,498555,39,MissedShots,0.955999984741211,0.37599998474121094,0.025921300053596497,Youssouf Fofana,a,6945,FromCorner,2022,Head,19786,Toulouse,Monaco,0,2,2022-11-06 14:00:00,Caio Henrique,Cross
2288,500889,7,MissedShots,0.8040000152587891,0.555,0.05021600052714348,Youssouf Fofana,h,6945,OpenPlay,2022,LeftFoot,19788,Monaco,Marseille,2,3,2022-11-13 19:45:00,Kevin Volland,BallTouch
2289,500906,76,BlockedShot,0.835,0.545,0.062494199723005295,Youssouf Fofana,h,6945,SetPiece,2022,LeftFoot,19788,Monaco,Marseille,2,3,2022-11-13 19:45:00,,BallTouch
2290,501184,67,OwnGoal,0.06699999809265136,0.5020000076293946,0,Youssouf Fofana,a,6945,FromCorner,2022,RightFoot,19799,Auxerre,Monaco,2,3,2022-12-28 16:00:00,,CornerAwarded
2291,501913,62,BlockedShot,0.7340000152587891,0.4379999923706055,0.024096699431538582,Youssouf Fofana,h,6945,OpenPlay,2022,RightFoot,19808,Monaco,Brest,1,0,2023-01-01 14:00:00,Mohamed Camara,Pass
2292,503302,18,SavedShot,0.9119999694824219,0.52,0.0488865002989769,Youssouf Fofana,a,6945,SetPiece,2022,Head,19821,Lorient,Monaco,2,2,2023-01-11 20:00:00,Axel Disasi,BallTouch
2293,503318,83,ShotOnPost,0.82,0.5659999847412109,0.05772960186004639,Youssouf Fofana,a,6945,OpenPlay,2022,RightFoot,19821,Lorient,Monaco,2,2,2023-01-11 20:00:00,Ismail Jakobs,Pass
2294,508545,73,BlockedShot,0.8130000305175781,0.5359999847412109,0.05721500143408775,Youssouf Fofana,h,6945,OpenPlay,2022,LeftFoot,19868,Monaco,Paris Saint Germain,3,1,2023-02-11 16:00:00,,None
2295,508549,86,MissedShots,0.855999984741211,0.4759999847412109,0.03428350016474724,Youssouf Fofana,h,6945,SetPiece,2022,RightFoot,19868,Monaco,Paris Saint Germain,3,1,2023-02-11 16:00:00,,Aerial
2296,510204,13,MissedShots,0.755,0.33599998474121096,0.016617199406027794,Youssouf Fofana,a,6945,OpenPlay,2022,RightFoot,19884,Brest,Monaco,1,2,2023-02-19 14:00:00,Krépin Diatta,Pass
2297,510213,44,MissedShots,0.7140000152587891,0.46799999237060547,0.017030900344252586,Youssouf Fofana,a,6945,OpenPlay,2022,RightFoot,19884,Brest,Monaco,1,2,2023-02-19 14:00:00,,None
2298,510221,87,MissedShots,0.7530000305175781,0.53,0.026272600516676903,Youssouf Fofana,a,6945,OpenPlay,2022,LeftFoot,19884,Brest,Monaco,1,2,2023-02-19 14:00:00,Breel Embolo,Pass
2299,511425,32,BlockedShot,0.85,0.49599998474121093,0.10224699974060059,Youssouf Fofana,h,6945,OpenPlay,2022,LeftFoot,19889,Monaco,Nice,0,3,2023-02-26 16:05:00,Ben Seghir,TakeOn
2300,511426,33,BlockedShot,0.7330000305175781,0.4540000152587891,0.018057899549603462,Youssouf Fofana,h,6945,OpenPlay,2022,RightFoot,19889,Monaco,Nice,0,3,2023-02-26 16:05:00,Mohamed Camara,Pass
2301,511433,56,MissedShots,0.8059999847412109,0.47900001525878905,0.047666601836681366,Youssouf Fofana,h,6945,FromCorner,2022,RightFoot,19889,Monaco,Nice,0,3,2023-02-26 16:05:00,,Rebound
2302,511442,86,SavedShot,0.7380000305175781,0.43599998474121093,0.01767450012266636,Youssouf Fofana,h,6945,OpenPlay,2022,LeftFoot,19889,Monaco,Nice,0,3,2023-02-26 16:05:00,Aleksandr Golovin,Pass
2303,512541,18,MissedShots,0.7469999694824219,0.45099998474121095,0.019101599231362343,Youssouf Fofana,a,6945,OpenPlay,2022,RightFoot,19907,Troyes,Monaco,2,2,2023-03-05 12:00:00,,None
2304,514198,48,MissedShots,0.845,0.5509999847412109,0.06180179864168167,Youssouf Fofana,h,6945,OpenPlay,2022,LeftFoot,19910,Monaco,Reims,0,1,2023-03-12 16:05:00,,Rebound
2305,517084,64,Goal,0.8230000305175781,0.3679999923706055,0.08394569903612137,Youssouf Fofana,h,6945,OpenPlay,2022,RightFoot,19929,Monaco,Strasbourg,4,3,2023-04-02 15:05:00,Kevin Volland,LayOff
2306,521174,32,MissedShots,0.95,0.3370000076293945,0.05905390903353691,Youssouf Fofana,a,6945,OpenPlay,2022,RightFoot,19966,Lens,Monaco,3,0,2023-04-22 19:00:00,,BallRecovery
2307,523021,12,MissedShots,0.710999984741211,0.3890000152587891,0.013292357325553894,Youssouf Fofana,h,6945,OpenPlay,2022,RightFoot,19968,Monaco,Montpellier,0,4,2023-04-30 11:00:00,Ruben Aguilar,BallRecovery
2308,524942,10,SavedShot,0.7880000305175782,0.5659999847412109,0.03214750438928604,Youssouf Fofana,a,6945,OpenPlay,2022,RightFoot,19980,Angers,Monaco,1,2,2023-05-07 11:00:00,Myron Boadu,Pass
2309,524963,90,BlockedShot,0.6840000152587891,0.509000015258789,0.008581722155213356,Youssouf Fofana,a,6945,SetPiece,2022,RightFoot,19980,Angers,Monaco,1,2,2023-05-07 11:00:00,,None
2310,527098,10,MissedShots,0.774000015258789,0.28899999618530275,0.022053424268960953,Youssouf Fofana,a,6945,OpenPlay,2022,RightFoot,20004,Lyon,Monaco,3,1,2023-05-19 19:00:00,,None
2311,527099,11,SavedShot,0.7909999847412109,0.33099998474121095,0.03328533098101616,Youssouf Fofana,a,6945,OpenPlay,2022,RightFoot,20004,Lyon,Monaco,3,1,2023-05-19 19:00:00,Vanderson,Pass
2312,527108,33,SavedShot,0.6859999847412109,0.47200000762939454,0.017242128029465675,Youssouf Fofana,a,6945,OpenPlay,2022,RightFoot,20004,Lyon,Monaco,3,1,2023-05-19 19:00:00,Aleksandr Golovin,Pass
2313,527128,79,BlockedShot,0.9269999694824219,0.47200000762939454,0.13805007934570312,Youssouf Fofana,a,6945,OpenPlay,2022,RightFoot,20004,Lyon,Monaco,3,1,2023-05-19 19:00:00,Krépin Diatta,Pass
2314,529398,82,MissedShots,0.7480000305175781,0.37099998474121093,0.015526187606155872,Youssouf Fofana,a,6945,OpenPlay,2022,RightFoot,20016,Rennes,Monaco,2,0,2023-05-27 19:00:00,Eliot Matazo,Pass
2315,530585,41,MissedShots,0.755,0.3139999961853027,0.017742011696100235,Youssouf Fofana,h,6945,OpenPlay,2022,RightFoot,20020,Monaco,Toulouse,1,2,2023-06-03 17:00:00,Ben Seghir,Pass
2316,530589,51,MissedShots,0.7480000305175781,0.4929999923706055,0.022620076313614845,Youssouf Fofana,h,6945,OpenPlay,2022,RightFoot,20020,Monaco,Toulouse,1,2,2023-06-03 17:00:00,Vanderson,Pass
2317,532461,29,BlockedShot,0.815,0.43599998474121093,0.04920455068349838,Youssouf Fofana,a,6945,FromCorner,2023,RightFoot,23375,Clermont Foot,Monaco,2,4,2023-08-13 13:00:00,,Rebound
2318,532465,42,ShotOnPost,0.86,0.664000015258789,0.04763702675700188,Youssouf Fofana,a,6945,OpenPlay,2023,RightFoot,23375,Clermont Foot,Monaco,2,4,2023-08-13 13:00:00,Soungoutou Magassa,Pass
2319,533980,91,BlockedShot,0.82,0.49599998474121093,0.06329306215047836,Youssouf Fofana,h,6945,OpenPlay,2023,RightFoot,23382,Monaco,Strasbourg,3,0,2023-08-20 15:05:00,,None
2320,534368,57,BlockedShot,0.9059999847412109,0.5020000076293946,0.37616100907325745,Youssouf Fofana,a,6945,OpenPlay,2023,RightFoot,23396,Nantes,Monaco,3,3,2023-08-25 19:00:00,Caio Henrique,Pass
2321,534374,72,SavedShot,0.99,0.524000015258789,0.9471153616905212,Youssouf Fofana,a,6945,FromCorner,2023,LeftFoot,23396,Nantes,Monaco,3,3,2023-08-25 19:00:00,,None
2322,534373,72,SavedShot,0.975,0.514000015258789,0.7653023600578308,Youssouf Fofana,a,6945,FromCorner,2023,LeftFoot,23396,Nantes,Monaco,3,3,2023-08-25 19:00:00,,None
2323,534378,84,ShotOnPost,0.9209999847412109,0.5570000076293945,0.24217449128627777,Youssouf Fofana,a,6945,OpenPlay,2023,Head,23396,Nantes,Monaco,3,3,2023-08-25 19:00:00,Wilfried Stephane Singo,Chipped
2324,536615,7,SavedShot,0.7709999847412109,0.5629999923706055,0.029243648052215576,Youssouf Fofana,h,6945,OpenPlay,2023,LeftFoot,23399,Monaco,Lens,3,0,2023-09-02 19:00:00,Vanderson,Pass
2325,536626,57,BlockedShot,0.785,0.40200000762939453,0.05141497775912285,Youssouf Fofana,h,6945,OpenPlay,2023,RightFoot,23399,Monaco,Lens,3,0,2023-09-02 19:00:00,Takumi Minamino,Pass
2326,538048,47,SavedShot,0.8669999694824219,0.5979999923706054,0.09149065613746643,Youssouf Fofana,a,6945,OpenPlay,2023,LeftFoot,23411,Lorient,Monaco,2,2,2023-09-17 11:00:00,Aleksandr Golovin,Pass
2327,538053,50,SavedShot,0.8169999694824219,0.514000015258789,0.05331025645136833,Youssouf Fofana,a,6945,OpenPlay,2023,RightFoot,23411,Lorient,Monaco,2,2,2023-09-17 11:00:00,,None
2328,538805,22,MissedShots,0.7759999847412109,0.25799999237060545,0.03582954406738281,Youssouf Fofana,h,6945,OpenPlay,2023,RightFoot,23417,Monaco,Nice,0,1,2023-09-22 19:00:00,Mohamed Camara,Pass
2329,538815,67,MissedShots,0.8680000305175781,0.4640000152587891,0.022312171757221222,Youssouf Fofana,h,6945,FromCorner,2023,Head,23417,Monaco,Nice,0,1,2023-09-22 19:00:00,Caio Henrique,Cross
2330,541537,9,MissedShots,0.730999984741211,0.46,0.014921056106686592,Youssouf Fofana,h,6945,OpenPlay,2023,LeftFoot,23429,Monaco,Marseille,3,2,2023-09-30 19:00:00,,None
2331,544722,9,MissedShots,0.725,0.7169999694824218,0.01379463728517294,Youssouf Fofana,h,6945,OpenPlay,2023,RightFoot,23446,Monaco,Metz,2,1,2023-10-22 15:05:00,Ismail Jakobs,Pass
2332,544728,26,BlockedShot,0.705999984741211,0.5720000076293945,0.01531386747956276,Youssouf Fofana,h,6945,OpenPlay,2023,RightFoot,23446,Monaco,Metz,2,1,2023-10-22 15:05:00,Chrislain Matsima,Pass
2333,544730,39,MissedShots,0.8780000305175781,0.46799999237060547,0.03142819553613663,Youssouf Fofana,h,6945,FromCorner,2023,Head,23446,Monaco,Metz,2,1,2023-10-22 15:05:00,Aleksandr Golovin,Cross
2334,544733,44,MissedShots,0.8219999694824218,0.5029999923706054,0.07258103042840958,Youssouf Fofana,h,6945,OpenPlay,2023,RightFoot,23446,Monaco,Metz,2,1,2023-10-22 15:05:00,Folarin Balogun,Pass
2335,546050,67,BlockedShot,0.7859999847412109,0.644000015258789,0.01924431137740612,Youssouf Fofana,a,6945,OpenPlay,2023,RightFoot,23454,Lille,Monaco,2,0,2023-10-29 14:00:00,,None
2336,547464,29,BlockedShot,0.87,0.4329999923706055,0.09542059898376465,Youssouf Fofana,h,6945,OpenPlay,2023,RightFoot,23466,Monaco,Brest,2,0,2023-11-05 16:05:00,,None
2337,548658,28,MissedShots,0.7190000152587891,0.48700000762939455,0.0179666206240654,Youssouf Fofana,a,6945,OpenPlay,2023,RightFoot,23475,Le Havre,Monaco,0,0,2023-11-11 20:00:00,Denis Zakaria,Pass
2338,548669,68,BlockedShot,0.72,0.44,0.01245598029345274,Youssouf Fofana,a,6945,OpenPlay,2023,RightFoot,23475,Le Havre,Monaco,0,0,2023-11-11 20:00:00,,None
2339,552999,39,MissedShots,0.909000015258789,0.5520000076293945,0.09678256511688232,Youssouf Fofana,a,6945,SetPiece,2023,Head,23499,Rennes,Monaco,1,2,2023-12-09 16:00:00,Aleksandr Golovin,Cross
2340,553012,84,Goal,0.879000015258789,0.3870000076293945,0.08259611576795578,Youssouf Fofana,a,6945,OpenPlay,2023,RightFoot,23499,Rennes,Monaco,1,2,2023-12-09 16:00:00,Folarin Balogun,Chipped
2341,554047,57,MissedShots,0.8830000305175781,0.3940000152587891,0.07550662010908127,Youssouf Fofana,h,6945,OpenPlay,2023,RightFoot,23509,Monaco,Lyon,0,1,2023-12-15 20:00:00,,Rebound
2342,554050,66,MissedShots,0.8440000152587891,0.5429999923706055,0.026975838467478752,Youssouf Fofana,h,6945,SetPiece,2023,LeftFoot,23509,Monaco,Lyon,0,1,2023-12-15 20:00:00,Wilfried Stephane Singo,Aerial
2343,554053,74,BlockedShot,0.775,0.500999984741211,0.02678675763309002,Youssouf Fofana,h,6945,OpenPlay,2023,LeftFoot,23509,Monaco,Lyon,0,1,2023-12-15 20:00:00,Krépin Diatta,Pass
2344,554054,75,MissedShots,0.8980000305175782,0.46,0.057219963520765305,Youssouf Fofana,h,6945,FromCorner,2023,Head,23509,Monaco,Lyon,0,1,2023-12-15 20:00:00,Krépin Diatta,Cross
2345,558148,68,SavedShot,0.8859999847412109,0.5479999923706055,0.025034528225660324,Youssouf Fofana,h,6945,OpenPlay,2023,Head,23526,Monaco,Reims,1,3,2024-01-13 16:00:00,Vanderson,Aerial
2346,561512,64,OwnGoal,0.07699999809265137,0.504000015258789,0,Youssouf Fofana,h,6945,SetPiece,2023,RightFoot,23544,Monaco,Le Havre,1,1,2024-02-04 12:00:00,,Foul
2347,563275,27,BlockedShot,0.735,0.4129999923706055,0.04484373331069946,Youssouf Fofana,a,6945,OpenPlay,2023,RightFoot,23555,Nice,Monaco,2,3,2024-02-11 19:45:00,,BallRecovery
2348,564386,13,BlockedShot,0.725,0.34400001525878904,0.016225077211856842,Youssouf Fofana,h,6945,OpenPlay,2023,RightFoot,23562,Monaco,Toulouse,1,2,2024-02-18 14:00:00,Mohamed Camara,Pass
2349,564392,21,BlockedShot,0.8680000305175781,0.4209999847412109,0.011984444223344326,Youssouf Fofana,h,6945,FromCorner,2023,Head,23562,Monaco,Toulouse,1,2,2024-02-18 14:00:00,Mohamed Camara,Aerial
2350,564395,30,BlockedShot,0.765,0.5229999923706055,0.029153767973184586,Youssouf Fofana,h,6945,OpenPlay,2023,RightFoot,23562,Monaco,Toulouse,1,2,2024-02-18 14:00:00,,Dispossessed
2351,564397,34,MissedShots,0.735,0.3770000076293945,0.01570444367825985,Youssouf Fofana,h,6945,OpenPlay,2023,LeftFoot,23562,Monaco,Toulouse,1,2,2024-02-18 14:00:00,Maghnes Akliouche,Pass
2352,564408,57,BlockedShot,0.850999984741211,0.5070000076293946,0.10127813369035721,Youssouf Fofana,h,6945,OpenPlay,2023,RightFoot,23562,Monaco,Toulouse,1,2,2024-02-18 14:00:00,Folarin Balogun,LayOff
2353,569934,16,MissedShots,0.78,0.5409999847412109,0.03471402823925018,Youssouf Fofana,h,6945,OpenPlay,2023,RightFoot,23598,Monaco,Lorient,2,2,2024-03-17 14:00:00,Wissam Ben Yedder,Pass
2354,569950,59,Goal,0.9630000305175781,0.4859999847412109,0.5375332832336426,Youssouf Fofana,h,6945,FromCorner,2023,Head,23598,Monaco,Lorient,2,2,2024-03-17 14:00:00,Aleksandr Golovin,Cross
2355,570883,31,MissedShots,0.754000015258789,0.5059999847412109,0.022700661793351173,Youssouf Fofana,a,6945,OpenPlay,2023,RightFoot,23613,Metz,Monaco,2,5,2024-03-30 16:00:00,,None
2356,570887,49,BlockedShot,0.879000015258789,0.4109999847412109,0.06878455728292465,Youssouf Fofana,a,6945,FromCorner,2023,RightFoot,23613,Metz,Monaco,2,5,2024-03-30 16:00:00,,None
2357,573017,3,MissedShots,0.9009999847412109,0.4859999847412109,0.4533149003982544,Youssouf Fofana,h,6945,OpenPlay,2023,LeftFoot,23616,Monaco,Rennes,1,0,2024-04-07 15:05:00,Takumi Minamino,Pass
2358,575591,15,BlockedShot,0.855999984741211,0.5890000152587891,0.11118612438440323,Youssouf Fofana,a,6945,OpenPlay,2023,LeftFoot,23640,Brest,Monaco,0,2,2024-04-21 15:05:00,,Rebound
2359,575590,15,BlockedShot,0.7919999694824219,0.6079999923706054,0.05860518664121628,Youssouf Fofana,a,6945,OpenPlay,2023,LeftFoot,23640,Brest,Monaco,0,2,2024-04-21 15:05:00,Guillermo Maripán,Pass
2360,576157,8,MissedShots,0.7680000305175781,0.534000015258789,0.024659413844347,Youssouf Fofana,h,6945,OpenPlay,2023,LeftFoot,23626,Monaco,Lille,1,0,2024-04-24 19:00:00,Wissam Ben Yedder,Pass
2361,576165,26,MissedShots,0.9180000305175782,0.5329999923706055,0.04063652828335762,Youssouf Fofana,h,6945,FromCorner,2023,Head,23626,Monaco,Lille,1,0,2024-04-24 19:00:00,Maghnes Akliouche,Aerial
2362,576175,60,Goal,0.78,0.47099998474121096,0.03704497218132019,Youssouf Fofana,h,6945,OpenPlay,2023,LeftFoot,23626,Monaco,Lille,1,0,2024-04-24 19:00:00,,BallRecovery
2363,577618,18,SavedShot,0.69,0.6730000305175782,0.013617272488772869,Youssouf Fofana,a,6945,OpenPlay,2023,RightFoot,23646,Lyon,Monaco,3,2,2024-04-28 17:00:00,Krépin Diatta,Pass
2364,577629,55,SavedShot,0.9119999694824219,0.29600000381469727,0.06372721493244171,Youssouf Fofana,a,6945,OpenPlay,2023,RightFoot,23646,Lyon,Monaco,3,2,2024-04-28 17:00:00,Breel Embolo,LayOff
2365,578536,45,MissedShots,0.9080000305175782,0.5840000152587891,0.04237328842282295,Youssouf Fofana,h,6945,FromCorner,2023,Head,23651,Monaco,Clermont Foot,4,1,2024-05-04 15:00:00,Maghnes Akliouche,Cross
2366,578540,46,BlockedShot,0.8540000152587891,0.5629999923706055,0.06794450432062149,Youssouf Fofana,h,6945,FromCorner,2023,RightFoot,23651,Monaco,Clermont Foot,4,1,2024-05-04 15:00:00,,Rebound
2367,580798,6,SavedShot,0.7390000152587891,0.3110000038146973,0.014136027544736862,Youssouf Fofana,a,6945,OpenPlay,2023,RightFoot,23666,Montpellier,Monaco,0,2,2024-05-12 19:00:00,Krépin Diatta,BallRecovery
2368,580800,20,MissedShots,0.79,0.37799999237060544,0.033422887325286865,Youssouf Fofana,a,6945,OpenPlay,2023,RightFoot,23666,Montpellier,Monaco,0,2,2024-05-12 19:00:00,,BallTouch
2369,580815,64,Goal,0.850999984741211,0.5420000076293945,0.406524658203125,Youssouf Fofana,a,6945,OpenPlay,2023,RightFoot,23666,Montpellier,Monaco,0,2,2024-05-12 19:00:00,Maghnes Akliouche,Pass
2370,589629,15,MissedShots,0.845,0.61,0.04369035363197327,Youssouf Fofana,a,6945,FromCorner,2024,RightFoot,27387,Lazio,AC Milan,2,2,2024-08-31 18:45:00,,None
2371,591095,15,Goal,0.9819999694824219,0.5929999923706055,0.04221024736762047,Youssouf Fofana,h,6945,FromCorner,2024,Head,27398,AC Milan,Venezia,4,0,2024-09-14 18:45:00,Christian Pulisic,Cross
2372,593683,14,MissedShots,0.6669999694824219,0.36900001525878906,0.010353215970098972,Youssouf Fofana,h,6945,OpenPlay,2024,RightFoot,27417,AC Milan,Lecce,3,0,2024-09-27 18:45:00,Rafael Leão,Pass
2373,599522,36,SavedShot,0.735999984741211,0.4929999923706055,0.019848182797431946,Youssouf Fofana,h,6945,OpenPlay,2024,RightFoot,27459,AC Milan,Napoli,0,2,2024-10-29 19:45:00,Noah Okafor,Pass
2374,599528,73,BlockedShot,0.845,0.4490000152587891,0.05366140231490135,Youssouf Fofana,h,6945,OpenPlay,2024,RightFoot,27459,AC Milan,Napoli,0,2,2024-10-29 19:45:00,,None
2375,600428,36,BlockedShot,0.7140000152587891,0.47400001525878904,0.015267773531377316,Youssouf Fofana,a,6945,OpenPlay,2024,RightFoot,27465,Monza,AC Milan,0,1,2024-11-02 19:45:00,,BallRecovery
2376,600437,61,MissedShots,0.72,0.6309999847412109,0.015811985358595848,Youssouf Fofana,a,6945,OpenPlay,2024,RightFoot,27465,Monza,AC Milan,0,1,2024-11-02 19:45:00,,None
2377,601620,36,BlockedShot,0.7280000305175781,0.529000015258789,0.0156311746686697,Youssouf Fofana,a,6945,OpenPlay,2024,RightFoot,27478,Cagliari,AC Milan,3,3,2024-11-09 17:00:00,Rafael Leão,Pass
2378,601637,75,MissedShots,0.669000015258789,0.5690000152587891,0.01274026744067669,Youssouf Fofana,a,6945,OpenPlay,2024,RightFoot,27478,Cagliari,AC Milan,3,3,2024-11-09 17:00:00,Strahinja Pavlovic,BallRecovery
2379,603136,80,MissedShots,0.6940000152587891,0.5120000076293946,0.015432357788085938,Youssouf Fofana,h,6945,OpenPlay,2024,RightFoot,27490,AC Milan,Juventus,0,0,2024-11-23 17:00:00,Theo Hernández,Pass
2380,604307,11,BlockedShot,0.7619999694824219,0.3220000076293945,0.016244200989603996,Youssouf Fofana,h,6945,OpenPlay,2024,RightFoot,27498,AC Milan,Empoli,3,0,2024-11-30 17:00:00,Christian Pulisic,Pass
2381,607871,39,MissedShots,0.6930000305175781,0.500999984741211,0.012803567573428154,Youssouf Fofana,h,6945,OpenPlay,2024,RightFoot,27520,AC Milan,Genoa,0,0,2024-12-15 19:45:00,Samuel Chukwueze,BallRecovery
2382,608095,35,BlockedShot,0.8109999847412109,0.5620000076293945,0.05052999034523964,Youssouf Fofana,a,6945,OpenPlay,2024,LeftFoot,27522,Verona,AC Milan,0,1,2024-12-20 19:45:00,Malick Thiaw,Pass
2383,608097,47,BlockedShot,0.695,0.37099998474121093,0.013081008568406105,Youssouf Fofana,a,6945,OpenPlay,2024,RightFoot,27522,Verona,AC Milan,0,1,2024-12-20 19:45:00,Tijjani Reijnders,Pass
2384,608099,48,BlockedShot,0.789000015258789,0.48700000762939455,0.02904239483177662,Youssouf Fofana,a,6945,OpenPlay,2024,RightFoot,27522,Verona,AC Milan,0,1,2024-12-20 19:45:00,,Rebound
2385,609625,49,BlockedShot,0.7219999694824218,0.5720000076293945,0.017017409205436707,Youssouf Fofana,h,6945,OpenPlay,2024,RightFoot,27538,AC Milan,Roma,1,1,2024-12-29 19:45:00,Emerson,Pass
2386,609626,51,MissedShots,0.945,0.4370000076293945,0.1152878925204277,Youssouf Fofana,h,6945,FromCorner,2024,LeftFoot,27538,AC Milan,Roma,1,1,2024-12-29 19:45:00,,None
2387,258862,37,MissedShots,0.7680000305175781,0.4329999923706055,0.018440600484609604,Samuel Chukwueze,h,7208,SetPiece,2018,LeftFoot,10066,Villarreal,Levante,1,1,2018-11-04 15:15:00,,None
2388,258864,46,BlockedShot,0.915,0.35200000762939454,0.08439750224351883,Samuel Chukwueze,h,7208,OpenPlay,2018,LeftFoot,10066,Villarreal,Levante,1,1,2018-11-04 15:15:00,Pablo Fornals,Pass
2389,258867,50,MissedShots,0.885,0.27899999618530275,0.03653490170836449,Samuel Chukwueze,h,7208,OpenPlay,2018,LeftFoot,10066,Villarreal,Levante,1,1,2018-11-04 15:15:00,Santiago Cáseres,Pass
2390,258869,52,SavedShot,0.8819999694824219,0.43099998474121093,0.08086109906435013,Samuel Chukwueze,h,7208,OpenPlay,2018,LeftFoot,10066,Villarreal,Levante,1,1,2018-11-04 15:15:00,,None
2391,258871,58,SavedShot,0.7859999847412109,0.6229999923706054,0.03243749961256981,Samuel Chukwueze,h,7208,OpenPlay,2018,LeftFoot,10066,Villarreal,Levante,1,1,2018-11-04 15:15:00,Ramiro Funes Mori,BallRecovery
2392,258884,81,MissedShots,0.7809999847412109,0.4329999923706055,0.0337584987282753,Samuel Chukwueze,h,7208,OpenPlay,2018,LeftFoot,10066,Villarreal,Levante,1,1,2018-11-04 15:15:00,Pablo Fornals,Pass
2393,259158,32,Goal,0.9130000305175782,0.4209999847412109,0.17685799300670624,Samuel Chukwueze,a,7208,OpenPlay,2018,LeftFoot,10070,Rayo Vallecano,Villarreal,2,2,2018-11-11 17:30:00,Ramiro Funes Mori,TakeOn
2394,259162,51,MissedShots,0.914000015258789,0.34799999237060547,0.08972109854221344,Samuel Chukwueze,a,7208,OpenPlay,2018,LeftFoot,10070,Rayo Vallecano,Villarreal,2,2,2018-11-11 17:30:00,Ramiro Funes Mori,TakeOn
2395,259163,53,MissedShots,0.855,0.5879999923706055,0.08313489705324173,Samuel Chukwueze,a,7208,OpenPlay,2018,LeftFoot,10070,Rayo Vallecano,Villarreal,2,2,2018-11-11 17:30:00,Karl Toko Ekambi,Pass
2396,259169,68,MissedShots,0.799000015258789,0.3579999923706055,0.03420979902148247,Samuel Chukwueze,a,7208,OpenPlay,2018,LeftFoot,10070,Rayo Vallecano,Villarreal,2,2,2018-11-11 17:30:00,Miguelón,Pass
2397,259449,5,SavedShot,0.7390000152587891,0.5129999923706055,0.016462700441479683,Samuel Chukwueze,h,7208,OpenPlay,2018,LeftFoot,10079,Villarreal,Real Betis,2,1,2018-11-25 19:45:00,,None
2398,259455,26,SavedShot,0.895,0.4540000152587891,0.44380998611450195,Samuel Chukwueze,h,7208,OpenPlay,2018,LeftFoot,10079,Villarreal,Real Betis,2,1,2018-11-25 19:45:00,Manu Trigueros,Pass
2399,259463,53,Goal,0.8919999694824219,0.32799999237060545,0.07138410210609436,Samuel Chukwueze,h,7208,OpenPlay,2018,LeftFoot,10079,Villarreal,Real Betis,2,1,2018-11-25 19:45:00,Santiago Cazorla,Pass
2400,259466,63,MissedShots,0.8530000305175781,0.3240000152587891,0.06693720072507858,Samuel Chukwueze,h,7208,OpenPlay,2018,LeftFoot,10079,Villarreal,Real Betis,2,1,2018-11-25 19:45:00,Gerard Moreno,Pass
2401,259659,12,BlockedShot,0.919000015258789,0.30700000762939456,0.05062529817223549,Samuel Chukwueze,a,7208,OpenPlay,2018,LeftFoot,10095,Barcelona,Villarreal,2,0,2018-12-02 17:30:00,,Rebound
2402,259661,13,SavedShot,0.8059999847412109,0.3609999847412109,0.030265500769019127,Samuel Chukwueze,a,7208,OpenPlay,2018,LeftFoot,10095,Barcelona,Villarreal,2,0,2018-12-02 17:30:00,Pablo Fornals,Pass
2403,259812,20,BlockedShot,0.8530000305175781,0.32599998474121095,0.04117650166153908,Samuel Chukwueze,h,7208,OpenPlay,2018,LeftFoot,10099,Villarreal,Celta Vigo,2,3,2018-12-08 17:30:00,Pablo Fornals,Pass
2404,260174,7,SavedShot,0.805,0.41200000762939454,0.0658683031797409,Samuel Chukwueze,a,7208,OpenPlay,2018,LeftFoot,10112,SD Huesca,Villarreal,2,2,2018-12-16 17:30:00,,TakeOn
2405,260189,45,MissedShots,0.745,0.345,0.011324199847877026,Samuel Chukwueze,a,7208,SetPiece,2018,LeftFoot,10112,SD Huesca,Villarreal,2,2,2018-12-16 17:30:00,,None
2406,279782,2,SavedShot,0.9359999847412109,0.3139999961853027,0.04777190089225769,Samuel Chukwueze,h,7208,OpenPlay,2018,LeftFoot,10126,Villarreal,Real Madrid,2,2,2019-01-03 20:30:00,Pablo Fornals,Chipped
2407,279791,26,BlockedShot,0.8519999694824218,0.3920000076293945,0.060480400919914246,Samuel Chukwueze,h,7208,OpenPlay,2018,LeftFoot,10126,Villarreal,Real Madrid,2,2,2019-01-03 20:30:00,Santiago Cazorla,Pass
2408,279792,30,BlockedShot,0.745,0.6509999847412109,0.014182000420987606,Samuel Chukwueze,h,7208,OpenPlay,2018,LeftFoot,10126,Villarreal,Real Madrid,2,2,2019-01-03 20:30:00,,None
2409,279803,69,BlockedShot,0.895,0.534000015258789,0.11175700277090073,Samuel Chukwueze,h,7208,OpenPlay,2018,LeftFoot,10126,Villarreal,Real Madrid,2,2,2019-01-03 20:30:00,Karl Toko Ekambi,Pass
2410,280171,22,MissedShots,0.8680000305175781,0.37400001525878906,0.07431729882955551,Samuel Chukwueze,h,7208,OpenPlay,2018,LeftFoot,10137,Villarreal,Getafe,1,2,2019-01-12 19:45:00,Mario,Pass
2411,280566,78,BlockedShot,0.7609999847412109,0.5179999923706055,0.019996600225567818,Samuel Chukwueze,a,7208,OpenPlay,2018,LeftFoot,10162,Valencia,Villarreal,3,0,2019-01-26 00:00:00,,None
2412,280938,85,BlockedShot,0.95,0.32799999237060545,0.06353329867124557,Samuel Chukwueze,h,7208,OpenPlay,2018,LeftFoot,10169,Villarreal,Espanyol,2,2,2019-02-03 11:00:00,Carlos Bacca,Pass
2413,281054,84,MissedShots,0.799000015258789,0.375,0.024363499134778976,Samuel Chukwueze,a,7208,SetPiece,2018,LeftFoot,10181,Real Valladolid,Villarreal,0,0,2019-02-08 20:00:00,,None
2414,281704,59,BlockedShot,0.8519999694824218,0.3029999923706055,0.03903770074248314,Samuel Chukwueze,a,7208,OpenPlay,2018,LeftFoot,10204,Atletico Madrid,Villarreal,2,0,2019-02-24 15:15:00,Carlos Bacca,Pass
2415,285359,87,MissedShots,0.9640000152587891,0.43400001525878906,0.4343799948692322,Samuel Chukwueze,a,7208,OpenPlay,2018,Head,10220,Levante,Villarreal,0,2,2019-03-10 17:30:00,Jaume Costa,Chipped
2416,285363,95,Goal,0.8330000305175781,0.36700000762939455,0.056945499032735825,Samuel Chukwueze,a,7208,OpenPlay,2018,LeftFoot,10220,Levante,Villarreal,0,2,2019-03-10 17:30:00,Santiago Cazorla,Pass
2417,286997,35,SavedShot,0.935,0.46799999237060547,0.5183519721031189,Samuel Chukwueze,h,7208,OpenPlay,2018,RightFoot,10236,Villarreal,Rayo Vallecano,3,1,2019-03-17 17:30:00,,None
2418,287733,7,MissedShots,0.865999984741211,0.385,0.0805336982011795,Samuel Chukwueze,a,7208,OpenPlay,2018,LeftFoot,10240,Celta Vigo,Villarreal,3,2,2019-03-30 17:30:00,Xavier Quintillá,Pass
2419,287739,29,BlockedShot,0.8619999694824219,0.2589999961853027,0.04728639870882034,Samuel Chukwueze,a,7208,OpenPlay,2018,LeftFoot,10240,Celta Vigo,Villarreal,3,2,2019-03-30 17:30:00,Manuel Morlanes,Pass
2420,287741,34,SavedShot,0.9219999694824219,0.649000015258789,0.4184510111808777,Samuel Chukwueze,a,7208,OpenPlay,2018,LeftFoot,10240,Celta Vigo,Villarreal,3,2,2019-03-30 17:30:00,Manuel Morlanes,Throughball
2421,291088,7,SavedShot,0.905,0.39599998474121095,0.08838889747858047,Samuel Chukwueze,h,7208,OpenPlay,2018,LeftFoot,10250,Villarreal,Barcelona,4,4,2019-04-02 20:30:00,,BallRecovery
2422,291097,22,Goal,0.9,0.3770000076293945,0.06313119828701019,Samuel Chukwueze,h,7208,OpenPlay,2018,LeftFoot,10250,Villarreal,Barcelona,4,4,2019-04-02 20:30:00,,Rebound
2423,291096,22,BlockedShot,0.8590000152587891,0.43900001525878907,0.0743751972913742,Samuel Chukwueze,h,7208,OpenPlay,2018,RightFoot,10250,Villarreal,Barcelona,4,4,2019-04-02 20:30:00,Santiago Cazorla,Pass
2424,291099,39,SavedShot,0.904000015258789,0.605999984741211,0.3967669904232025,Samuel Chukwueze,h,7208,OpenPlay,2018,LeftFoot,10250,Villarreal,Barcelona,4,4,2019-04-02 20:30:00,,None
2425,291107,67,SavedShot,0.8180000305175781,0.47400001525878904,0.08839079737663269,Samuel Chukwueze,h,7208,OpenPlay,2018,LeftFoot,10250,Villarreal,Barcelona,4,4,2019-04-02 20:30:00,Santiago Cáseres,Pass
2426,292908,7,SavedShot,0.875999984741211,0.3220000076293945,0.050421200692653656,Samuel Chukwueze,a,7208,OpenPlay,2018,LeftFoot,10263,Real Betis,Villarreal,2,1,2019-04-07 19:45:00,Alfonso,Pass
2427,294372,1,SavedShot,0.9490000152587891,0.38799999237060545,0.08121640235185623,Samuel Chukwueze,a,7208,OpenPlay,2018,LeftFoot,10274,Girona,Villarreal,0,1,2019-04-14 17:30:00,,None
2428,294374,6,Goal,0.8190000152587891,0.43599998474121093,0.3174790143966675,Samuel Chukwueze,a,7208,OpenPlay,2018,LeftFoot,10274,Girona,Villarreal,0,1,2019-04-14 17:30:00,Pablo Fornals,Throughball
2429,294376,26,BlockedShot,0.850999984741211,0.2670000076293945,0.03647169843316078,Samuel Chukwueze,a,7208,OpenPlay,2018,LeftFoot,10274,Girona,Villarreal,0,1,2019-04-14 17:30:00,Santiago Cazorla,Pass
2430,294385,53,MissedShots,0.740999984741211,0.4329999923706055,0.027997400611639023,Samuel Chukwueze,a,7208,OpenPlay,2018,LeftFoot,10274,Girona,Villarreal,0,1,2019-04-14 17:30:00,Carlos Bacca,Pass
2431,294388,61,BlockedShot,0.7769999694824219,0.63,0.04445299878716469,Samuel Chukwueze,a,7208,OpenPlay,2018,LeftFoot,10274,Girona,Villarreal,0,1,2019-04-14 17:30:00,Santiago Cáseres,TakeOn
2432,296085,23,BlockedShot,0.909000015258789,0.44299999237060544,0.08776950091123581,Samuel Chukwueze,h,7208,OpenPlay,2018,LeftFoot,10286,Villarreal,Leganes,2,1,2019-04-21 17:30:00,,None
2433,296090,55,MissedShots,0.7859999847412109,0.23299999237060548,0.01923150010406971,Samuel Chukwueze,h,7208,OpenPlay,2018,LeftFoot,10286,Villarreal,Leganes,2,1,2019-04-21 17:30:00,Pablo Fornals,Pass
2434,296093,66,MissedShots,0.835,0.3029999923706055,0.043178100138902664,Samuel Chukwueze,h,7208,OpenPlay,2018,LeftFoot,10286,Villarreal,Leganes,2,1,2019-04-21 17:30:00,Carlos Bacca,Pass
2435,296094,67,BlockedShot,0.745,0.495,0.02962229959666729,Samuel Chukwueze,h,7208,OpenPlay,2018,LeftFoot,10286,Villarreal,Leganes,2,1,2019-04-21 17:30:00,Vicente Iborra,Pass
2436,297075,57,SavedShot,0.784000015258789,0.3659999847412109,0.02755960077047348,Samuel Chukwueze,a,7208,OpenPlay,2018,LeftFoot,10293,Real Sociedad,Villarreal,0,1,2019-04-25 19:30:00,Gerard Moreno,Pass
2437,297080,69,BlockedShot,0.8580000305175781,0.295,0.0597723014652729,Samuel Chukwueze,a,7208,OpenPlay,2018,LeftFoot,10293,Real Sociedad,Villarreal,0,1,2019-04-25 19:30:00,Gerard Moreno,Pass
2438,298316,2,SavedShot,0.9180000305175782,0.285,0.046127799898386,Samuel Chukwueze,h,7208,OpenPlay,2018,LeftFoot,10306,Villarreal,SD Huesca,1,1,2019-04-28 17:30:00,Pablo Fornals,Pass
2439,298320,15,MissedShots,0.8130000305175781,0.3139999961853027,0.0235919002443552,Samuel Chukwueze,h,7208,OpenPlay,2018,LeftFoot,10306,Villarreal,SD Huesca,1,1,2019-04-28 17:30:00,Santiago Cazorla,TakeOn
2440,300058,30,SavedShot,0.805,0.6120000076293945,0.049001000821590424,Samuel Chukwueze,a,7208,OpenPlay,2018,LeftFoot,10312,Real Madrid,Villarreal,3,2,2019-05-05 15:15:00,Gerard Moreno,HeadPass
2441,300065,51,MissedShots,0.86,0.25299999237060544,0.02983199991285801,Samuel Chukwueze,a,7208,OpenPlay,2018,LeftFoot,10312,Real Madrid,Villarreal,3,2,2019-05-05 15:15:00,Gerard Moreno,TakeOn
2442,300068,63,SavedShot,0.7090000152587891,0.5459999847412109,0.015502099879086018,Samuel Chukwueze,a,7208,OpenPlay,2018,LeftFoot,10312,Real Madrid,Villarreal,3,2,2019-05-05 15:15:00,Vicente Iborra,Pass
2443,300071,75,MissedShots,0.915,0.5590000152587891,0.07462059706449509,Samuel Chukwueze,a,7208,OpenPlay,2018,LeftFoot,10312,Real Madrid,Villarreal,3,2,2019-05-05 15:15:00,Xavier Quintillá,Cross
2444,301614,20,MissedShots,0.8690000152587891,0.5929999923706055,0.2858250141143799,Samuel Chukwueze,h,7208,OpenPlay,2018,LeftFoot,10319,Villarreal,Eibar,1,0,2019-05-12 17:30:00,Vicente Iborra,Chipped
2445,311026,72,Goal,0.8280000305175781,0.5129999923706055,0.08497410267591476,Samuel Chukwueze,h,7208,OpenPlay,2019,LeftFoot,12028,Villarreal,Granada,4,4,2019-08-17 20:00:00,Santiago Cazorla,BallRecovery
2446,311031,82,BlockedShot,0.8019999694824219,0.43900001525878907,0.034809499979019165,Samuel Chukwueze,h,7208,OpenPlay,2019,LeftFoot,12028,Villarreal,Granada,4,4,2019-08-17 20:00:00,,Rebound
2447,312241,23,BlockedShot,0.775,0.5179999923706055,0.04686329886317253,Samuel Chukwueze,a,7208,OpenPlay,2019,LeftFoot,12041,Levante,Villarreal,2,1,2019-08-23 21:00:00,Pau Torres,TakeOn
2448,320185,67,BlockedShot,0.74,0.295,0.019862700253725052,Samuel Chukwueze,h,7208,OpenPlay,2019,LeftFoot,12070,Villarreal,Real Valladolid,2,0,2019-09-21 11:00:00,Franck Zambo,Pass
2449,320189,72,BlockedShot,0.8109999847412109,0.3060000038146973,0.018381299450993538,Samuel Chukwueze,h,7208,SetPiece,2019,LeftFoot,12070,Villarreal,Real Valladolid,2,0,2019-09-21 11:00:00,,Rebound
2450,321617,7,BlockedShot,0.8169999694824219,0.27899999618530275,0.02645779959857464,Samuel Chukwueze,a,7208,OpenPlay,2019,LeftFoot,12073,Barcelona,Villarreal,2,1,2019-09-24 19:00:00,Santiago Cazorla,Pass
2451,321622,39,BlockedShot,0.89,0.515,0.143885999917984,Samuel Chukwueze,a,7208,OpenPlay,2019,OtherBodyPart,12073,Barcelona,Villarreal,2,1,2019-09-24 19:00:00,Gerard Moreno,BallTouch
2452,321626,53,MissedShots,0.8180000305175781,0.4329999923706055,0.04876070097088814,Samuel Chukwueze,a,7208,OpenPlay,2019,LeftFoot,12073,Barcelona,Villarreal,2,1,2019-09-24 19:00:00,Santiago Cazorla,BallTouch
2453,321627,62,BlockedShot,0.8590000152587891,0.425,0.06976210325956345,Samuel Chukwueze,a,7208,OpenPlay,2019,LeftFoot,12073,Barcelona,Villarreal,2,1,2019-09-24 19:00:00,Santiago Cazorla,Pass
2454,322305,93,Goal,0.904000015258789,0.34299999237060547,0.0750138983130455,Samuel Chukwueze,h,7208,OpenPlay,2019,LeftFoot,12092,Villarreal,Real Betis,5,1,2019-09-27 19:00:00,Rubén Peña,TakeOn
2455,324477,12,SavedShot,0.815,0.3120000076293945,0.05042349919676781,Samuel Chukwueze,a,7208,OpenPlay,2019,LeftFoot,12098,Osasuna,Villarreal,2,1,2019-10-05 20:00:00,Rubén Peña,TakeOn
2456,324490,52,SavedShot,0.925,0.4759999847412109,0.39679399132728577,Samuel Chukwueze,a,7208,OpenPlay,2019,Head,12098,Osasuna,Villarreal,2,1,2019-10-05 20:00:00,Gerard Moreno,Cross
2457,326411,83,SavedShot,0.8159999847412109,0.46299999237060546,0.07501450181007385,Samuel Chukwueze,a,7208,OpenPlay,2019,LeftFoot,12107,Espanyol,Villarreal,0,1,2019-10-20 15:00:00,Gerard Moreno,Pass
2458,326892,93,SavedShot,0.8819999694824219,0.3729999923706055,0.11733199656009674,Samuel Chukwueze,h,7208,OpenPlay,2019,LeftFoot,12121,Villarreal,Alaves,4,1,2019-10-25 20:00:00,Santiago Cazorla,Pass
2459,328689,44,MissedShots,0.9069999694824219,0.43,0.3983849883079529,Samuel Chukwueze,a,7208,OpenPlay,2019,RightFoot,12127,Eibar,Villarreal,2,1,2019-10-31 18:00:00,Karl Toko Ekambi,Pass
2460,331122,55,BlockedShot,0.845,0.3659999847412109,0.04965829849243164,Samuel Chukwueze,a,7208,OpenPlay,2019,LeftFoot,12150,Mallorca,Villarreal,3,1,2019-11-10 11:00:00,Santiago Cazorla,Pass
2461,333126,45,MissedShots,0.9409999847412109,0.7140000152587891,0.06807409971952438,Samuel Chukwueze,h,7208,OpenPlay,2019,LeftFoot,12161,Villarreal,Celta Vigo,1,3,2019-11-24 17:30:00,Vicente Iborra,TakeOn
2462,333129,58,Goal,0.9059999847412109,0.5109999847412109,0.4818379878997803,Samuel Chukwueze,h,7208,OpenPlay,2019,LeftFoot,12161,Villarreal,Celta Vigo,1,3,2019-11-24 17:30:00,Xavier Quintillá,Pass
2463,334051,63,MissedShots,0.9569999694824218,0.5309999847412109,0.14575399458408356,Samuel Chukwueze,a,7208,OpenPlay,2019,Head,12172,Valencia,Villarreal,2,1,2019-11-30 20:00:00,,None
2464,334056,77,BlockedShot,0.7859999847412109,0.28100000381469725,0.021296100690960884,Samuel Chukwueze,a,7208,OpenPlay,2019,LeftFoot,12172,Valencia,Villarreal,2,1,2019-11-30 20:00:00,Mario,Pass
2465,334057,81,MissedShots,0.7680000305175781,0.4129999923706055,0.02353549934923649,Samuel Chukwueze,a,7208,OpenPlay,2019,LeftFoot,12172,Valencia,Villarreal,2,1,2019-11-30 20:00:00,Franck Zambo,Pass
2466,335366,1,MissedShots,0.879000015258789,0.285,0.042183298617601395,Samuel Chukwueze,h,7208,OpenPlay,2019,LeftFoot,12181,Villarreal,Atletico Madrid,0,0,2019-12-06 20:00:00,Mario,Pass
2467,335370,9,BlockedShot,0.805,0.31,0.027105100452899933,Samuel Chukwueze,h,7208,OpenPlay,2019,LeftFoot,12181,Villarreal,Atletico Madrid,0,0,2019-12-06 20:00:00,Franck Zambo,Pass
2468,335385,42,BlockedShot,0.8440000152587891,0.36900001525878906,0.06032229959964752,Samuel Chukwueze,h,7208,OpenPlay,2019,LeftFoot,12181,Villarreal,Atletico Madrid,0,0,2019-12-06 20:00:00,,Tackle
2469,335391,53,MissedShots,0.95,0.34599998474121096,0.09645800292491913,Samuel Chukwueze,h,7208,OpenPlay,2019,RightFoot,12181,Villarreal,Atletico Madrid,0,0,2019-12-06 20:00:00,Manu Trigueros,Pass
2470,338770,5,BlockedShot,0.8159999847412109,0.28600000381469726,0.02552269957959652,Samuel Chukwueze,h,7208,OpenPlay,2019,LeftFoot,12201,Villarreal,Getafe,1,0,2019-12-21 17:30:00,Franck Zambo,Pass
2471,338773,26,MissedShots,0.7580000305175781,0.5970000076293945,0.02479889988899231,Samuel Chukwueze,h,7208,OpenPlay,2019,LeftFoot,12201,Villarreal,Getafe,1,0,2019-12-21 17:30:00,Franck Zambo,Pass
2472,353797,34,MissedShots,0.79,0.36400001525878906,0.026404600590467453,Samuel Chukwueze,a,7208,OpenPlay,2019,LeftFoot,12209,Real Sociedad,Villarreal,1,2,2020-01-05 13:00:00,Franck Zambo,TakeOn
2473,355275,15,MissedShots,0.8640000152587891,0.2520000076293945,0.030865900218486786,Samuel Chukwueze,h,7208,OpenPlay,2019,LeftFoot,12222,Villarreal,Espanyol,1,2,2020-01-19 15:00:00,Franck Zambo,Pass
2474,355279,33,BlockedShot,0.8169999694824219,0.49599998474121093,0.06009940057992935,Samuel Chukwueze,h,7208,OpenPlay,2019,LeftFoot,12222,Villarreal,Espanyol,1,2,2020-01-19 15:00:00,Alberto Moreno,Pass
2475,355880,22,MissedShots,0.8530000305175781,0.28,0.05017939954996109,Samuel Chukwueze,a,7208,OpenPlay,2019,LeftFoot,12223,Alaves,Villarreal,1,2,2020-01-25 17:30:00,Manu Trigueros,Chipped
2476,355889,47,SavedShot,0.8859999847412109,0.27899999618530275,0.06011119857430458,Samuel Chukwueze,a,7208,OpenPlay,2019,LeftFoot,12223,Alaves,Villarreal,1,2,2020-01-25 17:30:00,Carlos Bacca,Pass
2477,355890,49,BlockedShot,0.8030000305175782,0.295,0.03010540083050728,Samuel Chukwueze,a,7208,OpenPlay,2019,LeftFoot,12223,Alaves,Villarreal,1,2,2020-01-25 17:30:00,Santiago Cazorla,Chipped
2478,355893,61,SavedShot,0.89,0.3160000038146973,0.06720279902219772,Samuel Chukwueze,a,7208,OpenPlay,2019,LeftFoot,12223,Alaves,Villarreal,1,2,2020-01-25 17:30:00,Mario,Chipped
2479,359074,92,MissedShots,0.7390000152587891,0.6309999847412109,0.019669100642204285,Samuel Chukwueze,h,7208,OpenPlay,2019,LeftFoot,12262,Villarreal,Levante,2,1,2020-02-15 17:30:00,,None
2480,361266,85,MissedShots,0.835999984741211,0.27600000381469725,0.027647800743579865,Samuel Chukwueze,a,7208,OpenPlay,2019,LeftFoot,12273,Athletic Club,Villarreal,1,0,2020-03-01 13:00:00,Rubén Peña,TakeOn
2481,364295,65,SavedShot,0.885,0.36,0.10442899912595749,Samuel Chukwueze,a,7208,OpenPlay,2019,LeftFoot,12295,Celta Vigo,Villarreal,0,1,2020-06-13 15:00:00,,TakeOn
2482,364299,90,BlockedShot,0.8719999694824219,0.4879999923706055,0.12080500274896622,Samuel Chukwueze,a,7208,OpenPlay,2019,LeftFoot,12295,Celta Vigo,Villarreal,0,1,2020-06-13 15:00:00,,TakeOn
2483,364569,49,MissedShots,0.8519999694824218,0.44599998474121094,0.08814260363578796,Samuel Chukwueze,h,7208,OpenPlay,2019,LeftFoot,12309,Villarreal,Mallorca,1,0,2020-06-16 17:30:00,,None
2484,364577,85,BlockedShot,0.8519999694824218,0.3579999923706055,0.06237180158495903,Samuel Chukwueze,h,7208,OpenPlay,2019,LeftFoot,12309,Villarreal,Mallorca,1,0,2020-06-16 17:30:00,Gerard Moreno,Pass
2485,365996,59,MissedShots,0.8069999694824219,0.285,0.03264139965176582,Samuel Chukwueze,h,7208,OpenPlay,2019,LeftFoot,12331,Villarreal,Sevilla,2,2,2020-06-22 20:00:00,,None
2486,367358,5,MissedShots,0.8130000305175781,0.3089999961853027,0.02737330086529255,Samuel Chukwueze,h,7208,OpenPlay,2019,LeftFoot,12342,Villarreal,Valencia,2,0,2020-06-28 16:30:00,Mario,BallRecovery
2487,367362,19,BlockedShot,0.914000015258789,0.34900001525878904,0.0999808982014656,Samuel Chukwueze,h,7208,OpenPlay,2019,RightFoot,12342,Villarreal,Valencia,2,0,2020-06-28 16:30:00,Franck Zambo,TakeOn
2488,368294,82,BlockedShot,0.9459999847412109,0.3509999847412109,0.11843600124120712,Samuel Chukwueze,a,7208,OpenPlay,2019,LeftFoot,12345,Real Betis,Villarreal,0,2,2020-07-01 20:00:00,,TakeOn
2489,369288,29,MissedShots,0.8180000305175781,0.265,0.02447180077433586,Samuel Chukwueze,h,7208,OpenPlay,2019,LeftFoot,12361,Villarreal,Barcelona,1,4,2020-07-05 20:00:00,Gerard Moreno,Pass
2490,369296,75,SavedShot,0.8480000305175781,0.3189999961853027,0.03734130039811134,Samuel Chukwueze,h,7208,OpenPlay,2019,LeftFoot,12361,Villarreal,Barcelona,1,4,2020-07-05 20:00:00,Franck Zambo,Pass
2491,369304,93,MissedShots,0.7869999694824219,0.6480000305175782,0.015315099619328976,Samuel Chukwueze,h,7208,FromCorner,2019,LeftFoot,12361,Villarreal,Barcelona,1,4,2020-07-05 20:00:00,,Aerial
2492,371986,38,BlockedShot,0.9209999847412109,0.7019999694824218,0.047922998666763306,Samuel Chukwueze,a,7208,OpenPlay,2019,LeftFoot,12390,Real Madrid,Villarreal,2,1,2020-07-16 19:00:00,,None
2493,376994,20,BlockedShot,0.7580000305175781,0.549000015258789,0.025716599076986313,Samuel Chukwueze,h,7208,OpenPlay,2020,LeftFoot,14143,Villarreal,SD Huesca,1,1,2020-09-13 16:30:00,Daniel Parejo,Pass
2494,377010,79,BlockedShot,0.9169999694824219,0.4909999847412109,0.13395699858665466,Samuel Chukwueze,h,7208,OpenPlay,2020,LeftFoot,14143,Villarreal,SD Huesca,1,1,2020-09-13 16:30:00,Alfonso,Pass
2495,377011,87,MissedShots,0.88,0.6120000076293945,0.08011090010404587,Samuel Chukwueze,h,7208,SetPiece,2020,LeftFoot,14143,Villarreal,SD Huesca,1,1,2020-09-13 16:30:00,Moi Gómez,Pass
2496,377546,11,MissedShots,0.9369999694824219,0.3729999923706055,0.10533300042152405,Samuel Chukwueze,h,7208,OpenPlay,2020,RightFoot,14146,Villarreal,Eibar,2,1,2020-09-19 14:00:00,Gerard Moreno,Pass
2497,377560,64,MissedShots,0.8180000305175781,0.455,0.04887070134282112,Samuel Chukwueze,h,7208,OpenPlay,2020,LeftFoot,14146,Villarreal,Eibar,2,1,2020-09-19 14:00:00,Daniel Parejo,Pass
2498,382606,17,MissedShots,0.885,0.6140000152587891,0.07820270210504532,Samuel Chukwueze,h,7208,OpenPlay,2020,LeftFoot,14834,Villarreal,Valencia,2,1,2020-10-18 14:00:00,Paco Alcácer,Chipped
2499,382605,17,MissedShots,0.75,0.5870000076293945,0.02918880060315132,Samuel Chukwueze,h,7208,OpenPlay,2020,LeftFoot,14834,Villarreal,Valencia,2,1,2020-10-18 14:00:00,Manu Trigueros,Pass
2500,385586,20,Goal,0.88,0.5320000076293945,0.08270210027694702,Samuel Chukwueze,h,7208,OpenPlay,2020,LeftFoot,14854,Villarreal,Real Valladolid,2,0,2020-11-02 20:00:00,Alfonso,Cross
2501,387384,62,MissedShots,0.845,0.3729999923706055,0.052263498306274414,Samuel Chukwueze,h,7208,OpenPlay,2020,LeftFoot,14874,Villarreal,Real Madrid,1,1,2020-11-21 15:15:00,Daniel Parejo,Pass
2502,389748,94,SavedShot,0.7580000305175781,0.2670000076293945,0.014229799620807171,Samuel Chukwueze,a,7208,OpenPlay,2020,LeftFoot,14881,Real Sociedad,Villarreal,1,1,2020-11-29 20:00:00,,BallRecovery
2503,394147,73,BlockedShot,0.8580000305175781,0.34,0.0873216986656189,Samuel Chukwueze,a,7208,OpenPlay,2020,LeftFoot,14915,Osasuna,Villarreal,1,3,2020-12-19 17:30:00,Mario,TakeOn
2504,395953,72,SavedShot,0.8719999694824219,0.3629999923706055,0.07259450107812881,Samuel Chukwueze,a,7208,OpenPlay,2020,LeftFoot,14935,Sevilla,Villarreal,2,0,2020-12-29 18:00:00,Yeremi Pino,Pass
2505,396316,47,SavedShot,0.899000015258789,0.30100000381469727,0.05967630073428154,Samuel Chukwueze,h,7208,OpenPlay,2020,LeftFoot,14946,Villarreal,Levante,2,1,2021-01-02 13:00:00,Manu Trigueros,Pass
2506,396319,56,BlockedShot,0.895,0.33599998474121096,0.10013899952173233,Samuel Chukwueze,h,7208,OpenPlay,2020,LeftFoot,14946,Villarreal,Levante,2,1,2021-01-02 13:00:00,Rubén Peña,Chipped
2507,396327,80,SavedShot,0.8519999694824218,0.6409999847412109,0.07373400032520294,Samuel Chukwueze,h,7208,OpenPlay,2020,LeftFoot,14946,Villarreal,Levante,2,1,2021-01-02 13:00:00,Estupiñán,Pass
2508,407626,17,MissedShots,0.799000015258789,0.6609999847412109,0.032986998558044434,Samuel Chukwueze,h,7208,FromCorner,2020,LeftFoot,15027,Villarreal,Atletico Madrid,0,2,2021-02-28 20:00:00,Moi Gómez,Pass
2509,407634,35,MissedShots,0.74,0.49599998474121093,0.01696470007300377,Samuel Chukwueze,h,7208,FromCorner,2020,LeftFoot,15027,Villarreal,Atletico Madrid,0,2,2021-02-28 20:00:00,,None
2510,407644,84,BlockedShot,0.8369999694824218,0.36400001525878906,0.04596969857811928,Samuel Chukwueze,h,7208,OpenPlay,2020,LeftFoot,15027,Villarreal,Atletico Madrid,0,2,2021-02-28 20:00:00,Juan Foyth,Pass
2511,411910,26,MissedShots,0.9230000305175782,0.3729999923706055,0.07343380153179169,Samuel Chukwueze,h,7208,OpenPlay,2020,LeftFoot,15057,Villarreal,Cadiz,2,1,2021-03-21 15:15:00,Estupiñán,Cross
2512,411920,76,BlockedShot,0.855999984741211,0.31,0.05005950108170509,Samuel Chukwueze,h,7208,OpenPlay,2020,LeftFoot,15057,Villarreal,Cadiz,2,1,2021-03-21 15:15:00,Mario,Pass
2513,412228,66,BlockedShot,0.81,0.51,0.07471639662981033,Samuel Chukwueze,a,7208,OpenPlay,2020,LeftFoot,15061,Granada,Villarreal,0,3,2021-04-03 12:00:00,Pau Torres,TakeOn
2514,416061,6,SavedShot,0.925,0.32,0.054456401616334915,Samuel Chukwueze,a,7208,OpenPlay,2020,LeftFoot,15105,Levante,Villarreal,1,5,2021-04-18 19:00:00,Gerard Moreno,Pass
2515,416067,23,SavedShot,0.850999984741211,0.2979999923706055,0.04611840099096298,Samuel Chukwueze,a,7208,OpenPlay,2020,LeftFoot,15105,Levante,Villarreal,1,5,2021-04-18 19:00:00,Moi Gómez,Pass
2516,416070,32,MissedShots,0.8969999694824219,0.5459999847412109,0.13595999777317047,Samuel Chukwueze,a,7208,OpenPlay,2020,LeftFoot,15105,Levante,Villarreal,1,5,2021-04-18 19:00:00,Alfonso,Pass
2517,416072,38,MissedShots,0.9290000152587891,0.4520000076293945,0.12225499749183655,Samuel Chukwueze,a,7208,OpenPlay,2020,LeftFoot,15105,Levante,Villarreal,1,5,2021-04-18 19:00:00,Alfonso,Cross
2518,416075,49,MissedShots,0.7859999847412109,0.61,0.05630730092525482,Samuel Chukwueze,a,7208,OpenPlay,2020,LeftFoot,15105,Levante,Villarreal,1,5,2021-04-18 19:00:00,Francis Coquelin,TakeOn
2519,416079,60,BlockedShot,0.845999984741211,0.46599998474121096,0.10903900116682053,Samuel Chukwueze,a,7208,OpenPlay,2020,LeftFoot,15105,Levante,Villarreal,1,5,2021-04-18 19:00:00,Gerard Moreno,Pass
2520,416081,62,Goal,0.885,0.48400001525878905,0.4216409921646118,Samuel Chukwueze,a,7208,OpenPlay,2020,LeftFoot,15105,Levante,Villarreal,1,5,2021-04-18 19:00:00,Paco Alcácer,Pass
2521,416085,74,Goal,0.815,0.44799999237060545,0.3644540011882782,Samuel Chukwueze,a,7208,OpenPlay,2020,LeftFoot,15105,Levante,Villarreal,1,5,2021-04-18 19:00:00,Daniel Parejo,Throughball
2522,416700,0,BlockedShot,0.9119999694824219,0.4329999923706055,0.08790969848632812,Samuel Chukwueze,a,7208,OpenPlay,2020,Head,15078,Alaves,Villarreal,2,1,2021-04-21 19:00:00,Alfonso,Cross
2523,417910,25,Goal,0.97,0.6469999694824219,0.46537700295448303,Samuel Chukwueze,h,7208,OpenPlay,2020,LeftFoot,15096,Villarreal,Barcelona,1,2,2021-04-25 14:15:00,Pau Torres,TakeOn
2524,438052,72,MissedShots,0.8209999847412109,0.43900001525878907,0.05749480053782463,Samuel Chukwueze,a,7208,OpenPlay,2021,LeftFoot,17226,Athletic Club,Villarreal,2,1,2021-10-23 19:00:00,Estupiñán,Chipped
2525,438059,92,BlockedShot,0.8680000305175781,0.46700000762939453,0.09072539955377579,Samuel Chukwueze,a,7208,FromCorner,2021,LeftFoot,17226,Athletic Club,Villarreal,2,1,2021-10-23 19:00:00,,Rebound
2526,438920,65,ShotOnPost,0.855,0.35700000762939454,0.05771090090274811,Samuel Chukwueze,h,7208,OpenPlay,2021,LeftFoot,17238,Villarreal,Cadiz,3,3,2021-10-26 19:30:00,Yeremi Pino,Pass
2527,441476,87,MissedShots,0.84,0.28700000762939454,0.035753101110458374,Samuel Chukwueze,h,7208,OpenPlay,2021,LeftFoot,17265,Villarreal,Getafe,1,0,2021-11-07 13:00:00,Serge Aurier,TakeOn
2528,444355,75,Goal,0.8540000152587891,0.5259999847412109,0.36915698647499084,Samuel Chukwueze,h,7208,OpenPlay,2021,LeftFoot,17285,Villarreal,Barcelona,1,3,2021-11-27 20:00:00,Arnaut Danjuma Groeneveld,Pass
2529,445973,93,BlockedShot,0.8540000152587891,0.385,0.06822569668292999,Samuel Chukwueze,a,7208,OpenPlay,2021,LeftFoot,17292,Sevilla,Villarreal,1,0,2021-12-04 13:00:00,Juan Foyth,Pass
2530,449500,95,Goal,0.9230000305175782,0.4540000152587891,0.616798996925354,Samuel Chukwueze,a,7208,OpenPlay,2021,LeftFoot,17312,Real Sociedad,Villarreal,1,3,2021-12-18 15:15:00,Gerard Moreno,Pass
2531,450018,16,MissedShots,0.9180000305175782,0.5459999847412109,0.10766799747943878,Samuel Chukwueze,h,7208,OpenPlay,2021,LeftFoot,17175,Villarreal,Alaves,5,2,2021-12-21 20:00:00,Estupiñán,Cross
2532,450030,61,MissedShots,0.905,0.37099998474121093,0.10262499749660492,Samuel Chukwueze,h,7208,OpenPlay,2021,LeftFoot,17175,Villarreal,Alaves,5,2,2021-12-21 20:00:00,,Rebound
2533,451363,45,BlockedShot,0.870999984741211,0.32599998474121095,0.07560530304908752,Samuel Chukwueze,h,7208,OpenPlay,2021,LeftFoot,17318,Villarreal,Levante,5,0,2022-01-03 18:00:00,Manu Trigueros,Pass
2534,451369,68,MissedShots,0.7569999694824219,0.46099998474121096,0.019509200006723404,Samuel Chukwueze,h,7208,FromCorner,2021,LeftFoot,17318,Villarreal,Levante,5,0,2022-01-03 18:00:00,,None
2535,456378,38,BlockedShot,0.785,0.32,0.02370389923453331,Samuel Chukwueze,a,7208,OpenPlay,2021,LeftFoot,17358,Real Betis,Villarreal,0,2,2022-02-06 17:30:00,Alfonso,Pass
2536,456379,39,BlockedShot,0.9109999847412109,0.33099998474121095,0.06263580173254013,Samuel Chukwueze,a,7208,OpenPlay,2021,LeftFoot,17358,Real Betis,Villarreal,0,2,2022-02-06 17:30:00,Alberto Moreno,Chipped
2537,457107,38,MissedShots,0.7819999694824219,0.36900001525878906,0.024928199127316475,Samuel Chukwueze,h,7208,OpenPlay,2021,LeftFoot,17375,Villarreal,Real Madrid,0,0,2022-02-12 15:15:00,,None
2538,458089,63,SavedShot,0.8819999694824219,0.29700000762939455,0.0504475012421608,Samuel Chukwueze,a,7208,OpenPlay,2021,LeftFoot,17380,Granada,Villarreal,1,4,2022-02-19 13:00:00,Giovani Lo Celso,Pass
2539,458095,79,BlockedShot,0.9080000305175782,0.555,0.1397700011730194,Samuel Chukwueze,a,7208,OpenPlay,2021,LeftFoot,17380,Granada,Villarreal,1,4,2022-02-19 13:00:00,Alfonso,Pass
2540,460218,79,SavedShot,0.89,0.47299999237060547,0.523714005947113,Samuel Chukwueze,h,7208,OpenPlay,2021,LeftFoot,17395,Villarreal,Espanyol,5,1,2022-02-27 13:00:00,Manu Trigueros,Throughball
2541,462674,15,MissedShots,0.9319999694824219,0.555,0.13395099341869354,Samuel Chukwueze,h,7208,OpenPlay,2021,Head,17415,Villarreal,Celta Vigo,1,0,2022-03-12 17:30:00,Arnaut Danjuma Groeneveld,Cross
2542,462684,73,MissedShots,0.835,0.3320000076293945,0.038822200149297714,Samuel Chukwueze,h,7208,OpenPlay,2021,LeftFoot,17415,Villarreal,Celta Vigo,1,0,2022-03-12 17:30:00,Daniel Parejo,Pass
2543,462687,85,BlockedShot,0.8040000152587891,0.5309999847412109,0.0807328000664711,Samuel Chukwueze,h,7208,OpenPlay,2021,LeftFoot,17415,Villarreal,Celta Vigo,1,0,2022-03-12 17:30:00,Boulaye Dia,Pass
2544,468434,34,MissedShots,0.915,0.46099998474121096,0.4312500059604645,Samuel Chukwueze,a,7208,OpenPlay,2021,RightFoot,17450,Getafe,Villarreal,1,2,2022-04-16 19:00:00,Alfonso,Cross
2545,469140,80,MissedShots,0.8569999694824219,0.46599998474121096,0.3230989873409271,Samuel Chukwueze,h,7208,OpenPlay,2021,LeftFoot,17465,Villarreal,Valencia,2,0,2022-04-19 19:30:00,Daniel Parejo,Chipped
2546,469141,88,BlockedShot,0.8190000152587891,0.4829999923706055,0.06045819818973541,Samuel Chukwueze,h,7208,OpenPlay,2021,LeftFoot,17465,Villarreal,Valencia,2,0,2022-04-19 19:30:00,,TakeOn
2547,469142,89,MissedShots,0.919000015258789,0.500999984741211,0.45597198605537415,Samuel Chukwueze,h,7208,OpenPlay,2021,LeftFoot,17465,Villarreal,Valencia,2,0,2022-04-19 19:30:00,Moi Gómez,Cross
2548,471302,13,MissedShots,0.87,0.4279999923706055,0.05814630165696144,Samuel Chukwueze,a,7208,OpenPlay,2021,LeftFoot,17466,Alaves,Villarreal,2,1,2022-04-30 12:00:00,Alfonso,Cross
2549,471310,46,Goal,0.8490000152587891,0.46599998474121096,0.07984089851379395,Samuel Chukwueze,a,7208,OpenPlay,2021,LeftFoot,17466,Alaves,Villarreal,2,1,2022-04-30 12:00:00,Giovani Lo Celso,TakeOn
2550,474198,10,ShotOnPost,0.8569999694824219,0.3320000076293945,0.043342601507902145,Samuel Chukwueze,h,7208,OpenPlay,2021,LeftFoot,17485,Villarreal,Sevilla,1,1,2022-05-08 14:15:00,Francis Coquelin,Pass
2551,474205,42,BlockedShot,0.740999984741211,0.3139999961853027,0.014376699924468994,Samuel Chukwueze,h,7208,OpenPlay,2021,LeftFoot,17485,Villarreal,Sevilla,1,1,2022-05-08 14:15:00,,BallRecovery
2552,474209,68,SavedShot,0.8819999694824219,0.27799999237060546,0.039098698645830154,Samuel Chukwueze,h,7208,OpenPlay,2021,LeftFoot,17485,Villarreal,Sevilla,1,1,2022-05-08 14:15:00,,TakeOn
2553,475359,57,MissedShots,0.8290000152587891,0.33,0.08379720151424408,Samuel Chukwueze,a,7208,OpenPlay,2021,LeftFoot,17494,Rayo Vallecano,Villarreal,1,5,2022-05-12 18:00:00,Nicolas Jackson,Pass
2554,476786,24,SavedShot,0.8880000305175781,0.34,0.06538370251655579,Samuel Chukwueze,h,7208,OpenPlay,2021,RightFoot,17505,Villarreal,Real Sociedad,1,2,2022-05-15 17:30:00,Daniel Parejo,Pass
2555,476791,53,MissedShots,0.9030000305175782,0.4329999923706055,0.5109540224075317,Samuel Chukwueze,h,7208,OpenPlay,2021,LeftFoot,17505,Villarreal,Real Sociedad,1,2,2022-05-15 17:30:00,Giovani Lo Celso,Pass
2556,482758,78,BlockedShot,0.9230000305175782,0.28399999618530275,0.050489798188209534,Samuel Chukwueze,a,7208,OpenPlay,2022,LeftFoot,18978,Atletico Madrid,Villarreal,0,2,2022-08-21 17:30:00,Francis Coquelin,Pass
2557,482763,92,BlockedShot,0.8519999694824218,0.3559999847412109,0.04180010035634041,Samuel Chukwueze,a,7208,FromCorner,2022,LeftFoot,18978,Atletico Madrid,Villarreal,0,2,2022-08-21 17:30:00,,None
2558,484531,63,BlockedShot,0.7630000305175781,0.48200000762939454,0.03581300005316734,Samuel Chukwueze,a,7208,OpenPlay,2022,LeftFoot,18987,Getafe,Villarreal,0,0,2022-08-28 15:30:00,Giovani Lo Celso,TakeOn
2559,484533,68,MissedShots,0.87,0.25799999237060545,0.02836880087852478,Samuel Chukwueze,a,7208,OpenPlay,2022,LeftFoot,18987,Getafe,Villarreal,0,0,2022-08-28 15:30:00,Kiko Femenía,Pass
2560,484537,85,SavedShot,0.8959999847412109,0.5670000076293945,0.29312199354171753,Samuel Chukwueze,a,7208,OpenPlay,2022,LeftFoot,18987,Getafe,Villarreal,0,0,2022-08-28 15:30:00,Alfonso,Cross
2561,486772,77,BlockedShot,0.8590000152587891,0.305,0.05518089979887009,Samuel Chukwueze,h,7208,OpenPlay,2022,LeftFoot,18997,Villarreal,Elche,4,0,2022-09-04 16:30:00,Kiko Femenía,Pass
2562,489442,49,MissedShots,0.764000015258789,0.3609999847412109,0.021537499502301216,Samuel Chukwueze,h,7208,OpenPlay,2022,LeftFoot,19019,Villarreal,Sevilla,1,1,2022-09-18 14:15:00,Kiko Femenía,Pass
2563,495837,6,SavedShot,0.8919999694824219,0.5059999847412109,0.08540420234203339,Samuel Chukwueze,h,7208,OpenPlay,2022,Head,19071,Villarreal,Almeria,2,1,2022-10-23 16:30:00,Alberto Moreno,Cross
2564,495845,51,MissedShots,0.8209999847412109,0.5,0.045868899673223495,Samuel Chukwueze,h,7208,FromCorner,2022,LeftFoot,19071,Villarreal,Almeria,2,1,2022-10-23 16:30:00,,None
2565,498874,4,MissedShots,0.7469999694824219,0.47299999237060547,0.033347900956869125,Samuel Chukwueze,h,7208,FromCorner,2022,LeftFoot,19089,Villarreal,Mallorca,0,2,2022-11-06 17:30:00,Alberto Moreno,Pass
2566,498883,68,MissedShots,0.8569999694824219,0.47200000762939454,0.05921829864382744,Samuel Chukwueze,h,7208,OpenPlay,2022,LeftFoot,19089,Villarreal,Mallorca,0,2,2022-11-06 17:30:00,Arnaut Danjuma Groeneveld,Cross
2567,498885,72,ShotOnPost,0.799000015258789,0.4909999847412109,0.03814540058374405,Samuel Chukwueze,h,7208,OpenPlay,2022,LeftFoot,19089,Villarreal,Mallorca,0,2,2022-11-06 17:30:00,Yeremi Pino,Pass
2568,498888,80,BlockedShot,0.965999984741211,0.6869999694824219,0.07480520009994507,Samuel Chukwueze,h,7208,OpenPlay,2022,LeftFoot,19089,Villarreal,Mallorca,0,2,2022-11-06 17:30:00,Daniel Parejo,Throughball
2569,499403,58,MissedShots,0.840999984741211,0.325,0.03958750143647194,Samuel Chukwueze,a,7208,OpenPlay,2022,LeftFoot,19094,Espanyol,Villarreal,0,1,2022-11-09 19:00:00,Yeremi Pino,Pass
2570,501791,24,SavedShot,0.860999984741211,0.335,0.05331199988722801,Samuel Chukwueze,h,7208,OpenPlay,2022,LeftFoot,19110,Villarreal,Valencia,2,1,2022-12-31 15:15:00,Gerard Moreno,Pass
2571,501798,44,Goal,0.8530000305175781,0.4109999847412109,0.3886829912662506,Samuel Chukwueze,h,7208,OpenPlay,2022,LeftFoot,19110,Villarreal,Valencia,2,1,2022-12-31 15:15:00,Gerard Moreno,Chipped
2572,502703,52,MissedShots,0.81,0.4879999923706055,0.08028870075941086,Samuel Chukwueze,h,7208,OpenPlay,2022,LeftFoot,19121,Villarreal,Real Madrid,2,1,2023-01-07 15:15:00,Gerard Moreno,Pass
2573,502713,89,SavedShot,0.9730000305175781,0.3820000076293945,0.14055299758911133,Samuel Chukwueze,h,7208,OpenPlay,2022,LeftFoot,19121,Villarreal,Real Madrid,2,1,2023-01-07 15:15:00,Arnaut Danjuma Groeneveld,TakeOn
2574,504901,52,MissedShots,0.7180000305175781,0.580999984741211,0.01789890043437481,Samuel Chukwueze,h,7208,OpenPlay,2022,LeftFoot,19141,Villarreal,Girona,1,0,2023-01-22 13:00:00,Álex Baena,Pass
2575,504902,56,MissedShots,0.9119999694824219,0.5770000076293945,0.08973629772663116,Samuel Chukwueze,h,7208,OpenPlay,2022,LeftFoot,19141,Villarreal,Girona,1,0,2023-01-22 13:00:00,Johan Mojica,Cross
2576,506482,38,MissedShots,0.8230000305175781,0.3220000076293945,0.03391129896044731,Samuel Chukwueze,h,7208,OpenPlay,2022,LeftFoot,19151,Villarreal,Rayo Vallecano,0,1,2023-01-30 20:00:00,Juan Foyth,Pass
2577,506487,60,SavedShot,0.8180000305175781,0.33099998474121095,0.030409900471568108,Samuel Chukwueze,h,7208,OpenPlay,2022,LeftFoot,19151,Villarreal,Rayo Vallecano,0,1,2023-01-30 20:00:00,Gerard Moreno,Pass
2578,506497,97,MissedShots,0.799000015258789,0.35900001525878905,0.03339949995279312,Samuel Chukwueze,h,7208,OpenPlay,2022,LeftFoot,19151,Villarreal,Rayo Vallecano,0,1,2023-01-30 20:00:00,Francis Coquelin,Pass
2579,507236,61,BlockedShot,0.74,0.47200000762939454,0.019669899716973305,Samuel Chukwueze,a,7208,OpenPlay,2022,LeftFoot,19156,Elche,Villarreal,3,1,2023-02-04 15:15:00,Juan Foyth,Pass
2580,509172,83,MissedShots,0.785,0.4229999923706055,0.0346498005092144,Samuel Chukwueze,h,7208,OpenPlay,2022,LeftFoot,19168,Villarreal,Barcelona,0,1,2023-02-12 20:00:00,Juan Foyth,Pass
2581,509870,49,Goal,0.9019999694824219,0.435,0.4405289888381958,Samuel Chukwueze,a,7208,OpenPlay,2022,RightFoot,19175,Mallorca,Villarreal,4,2,2023-02-18 17:30:00,Yeremi Pino,Throughball
2582,511654,43,Goal,0.9219999694824219,0.5690000152587891,0.6004679799079895,Samuel Chukwueze,h,7208,OpenPlay,2022,LeftFoot,19191,Villarreal,Getafe,2,1,2023-02-27 20:00:00,,Rebound
2583,512238,32,MissedShots,0.9630000305175781,0.32799999237060545,0.31329599022865295,Samuel Chukwueze,a,7208,OpenPlay,2022,LeftFoot,19196,Almeria,Villarreal,0,2,2023-03-04 15:15:00,Álex Baena,Throughball
2584,512240,34,BlockedShot,0.7559999847412109,0.3629999923706055,0.02513119950890541,Samuel Chukwueze,a,7208,OpenPlay,2022,LeftFoot,19196,Almeria,Villarreal,0,2,2023-03-04 15:15:00,Juan Foyth,TakeOn
2585,512245,57,MissedShots,0.8580000305175781,0.31799999237060544,0.04077469930052757,Samuel Chukwueze,a,7208,OpenPlay,2022,LeftFoot,19196,Almeria,Villarreal,0,2,2023-03-04 15:15:00,Juan Foyth,Pass
2586,514345,85,BlockedShot,0.96,0.36,0.10290800034999847,Samuel Chukwueze,h,7208,OpenPlay,2022,LeftFoot,19208,Villarreal,Real Betis,1,1,2023-03-12 17:30:00,,TakeOn
2587,514347,92,MissedShots,0.8180000305175781,0.26899999618530274,0.024764500558376312,Samuel Chukwueze,h,7208,OpenPlay,2022,LeftFoot,19208,Villarreal,Real Betis,1,1,2023-03-12 17:30:00,Daniel Parejo,Pass
2588,515679,13,Goal,0.925,0.46599998474121096,0.3935849964618683,Samuel Chukwueze,a,7208,OpenPlay,2022,LeftFoot,19216,Osasuna,Villarreal,0,3,2023-03-19 15:15:00,Alfonso,Cross
2589,515685,40,SavedShot,0.7419999694824219,0.4879999923706055,0.027852600440382957,Samuel Chukwueze,a,7208,OpenPlay,2022,LeftFoot,19216,Osasuna,Villarreal,0,3,2023-03-19 15:15:00,Yeremi Pino,Pass
2590,517212,23,SavedShot,0.879000015258789,0.355,0.0860695019364357,Samuel Chukwueze,h,7208,OpenPlay,2022,LeftFoot,19229,Villarreal,Real Sociedad,2,0,2023-04-02 16:30:00,Morales,TakeOn
2591,518417,23,MissedShots,0.8540000152587891,0.485,0.06726609915494919,Samuel Chukwueze,a,7208,OpenPlay,2022,LeftFoot,19234,Real Madrid,Villarreal,2,3,2023-04-08 19:00:00,Juan Foyth,TakeOn
2592,518419,26,MissedShots,0.7780000305175782,0.51,0.07864449918270111,Samuel Chukwueze,a,7208,OpenPlay,2022,LeftFoot,19234,Real Madrid,Villarreal,2,3,2023-04-08 19:00:00,Yeremi Pino,Chipped
2593,518424,34,SavedShot,0.8140000152587891,0.385,0.04125649854540825,Samuel Chukwueze,a,7208,OpenPlay,2022,LeftFoot,19234,Real Madrid,Villarreal,2,3,2023-04-08 19:00:00,Giovani Lo Celso,Pass
2594,518425,38,Goal,0.875999984741211,0.524000015258789,0.4444130063056946,Samuel Chukwueze,a,7208,OpenPlay,2022,LeftFoot,19234,Real Madrid,Villarreal,2,3,2023-04-08 19:00:00,Giovani Lo Celso,TakeOn
2595,518442,79,Goal,0.799000015258789,0.34599998474121096,0.028712399303913116,Samuel Chukwueze,a,7208,OpenPlay,2022,LeftFoot,19234,Real Madrid,Villarreal,2,3,2023-04-08 19:00:00,Álex Baena,Pass
2596,519207,11,MissedShots,0.879000015258789,0.5309999847412109,0.10001400113105774,Samuel Chukwueze,h,7208,OpenPlay,2022,RightFoot,19246,Villarreal,Real Valladolid,1,2,2023-04-15 12:00:00,Alfonso,Pass
2597,519221,49,BlockedShot,0.8719999694824219,0.49,0.09760790318250656,Samuel Chukwueze,h,7208,OpenPlay,2022,LeftFoot,19246,Villarreal,Real Valladolid,1,2,2023-04-15 12:00:00,Giovani Lo Celso,LayOff
2598,519224,54,MissedShots,0.9769999694824218,0.4420000076293945,0.9379349946975708,Samuel Chukwueze,h,7208,OpenPlay,2022,RightFoot,19246,Villarreal,Real Valladolid,1,2,2023-04-15 12:00:00,Morales,TakeOn
2599,519227,68,ShotOnPost,0.8719999694824219,0.35,0.05372779816389084,Samuel Chukwueze,h,7208,OpenPlay,2022,LeftFoot,19246,Villarreal,Real Valladolid,1,2,2023-04-15 12:00:00,Giovani Lo Celso,Pass
2600,519231,80,MissedShots,0.965,0.6859999847412109,0.04986780136823654,Samuel Chukwueze,h,7208,OpenPlay,2022,LeftFoot,19246,Villarreal,Real Valladolid,1,2,2023-04-15 12:00:00,Aissa Mandi,Pass
2601,519230,80,BlockedShot,0.8830000305175781,0.36400001525878906,0.06010729819536209,Samuel Chukwueze,h,7208,OpenPlay,2022,LeftFoot,19246,Villarreal,Real Valladolid,1,2,2023-04-15 12:00:00,Nicolas Jackson,TakeOn
2602,521805,53,SavedShot,0.9359999847412109,0.3390000152587891,0.2555345594882965,Samuel Chukwueze,a,7208,OpenPlay,2022,LeftFoot,19253,Sevilla,Villarreal,2,1,2023-04-23 19:00:00,Giovani Lo Celso,Pass
2603,521810,76,BlockedShot,0.8009999847412109,0.3920000076293945,0.033398862928152084,Samuel Chukwueze,a,7208,OpenPlay,2022,LeftFoot,19253,Sevilla,Villarreal,2,1,2023-04-23 19:00:00,Álex Baena,Pass
2604,522265,10,BlockedShot,0.8490000152587891,0.34900001525878904,0.07275287061929703,Samuel Chukwueze,h,7208,OpenPlay,2022,LeftFoot,19270,Villarreal,Espanyol,4,2,2023-04-27 17:30:00,Etienne Capoue,Pass
2605,522269,17,MissedShots,0.855,0.5309999847412109,0.08102310448884964,Samuel Chukwueze,h,7208,OpenPlay,2022,LeftFoot,19270,Villarreal,Espanyol,4,2,2023-04-27 17:30:00,,Rebound
2606,522270,24,SavedShot,0.9630000305175781,0.3940000152587891,0.3767314851284027,Samuel Chukwueze,h,7208,OpenPlay,2022,RightFoot,19270,Villarreal,Espanyol,4,2,2023-04-27 17:30:00,,None
2607,522272,29,BlockedShot,0.8680000305175781,0.3029999923706055,0.047305602580308914,Samuel Chukwueze,h,7208,OpenPlay,2022,LeftFoot,19270,Villarreal,Espanyol,4,2,2023-04-27 17:30:00,Giovani Lo Celso,Pass
2608,522273,32,SavedShot,0.8430000305175781,0.435,0.09287520498037338,Samuel Chukwueze,h,7208,OpenPlay,2022,LeftFoot,19270,Villarreal,Espanyol,4,2,2023-04-27 17:30:00,Giovani Lo Celso,Pass
2609,522279,41,MissedShots,0.8959999847412109,0.5690000152587891,0.10949516296386719,Samuel Chukwueze,h,7208,OpenPlay,2022,LeftFoot,19270,Villarreal,Espanyol,4,2,2023-04-27 17:30:00,,Rebound
2610,522287,50,MissedShots,0.8430000305175781,0.34200000762939453,0.0391947366297245,Samuel Chukwueze,h,7208,OpenPlay,2022,LeftFoot,19270,Villarreal,Espanyol,4,2,2023-04-27 17:30:00,Giovani Lo Celso,Pass
2611,522301,89,MissedShots,0.865999984741211,0.35900001525878905,0.08238650858402252,Samuel Chukwueze,h,7208,OpenPlay,2022,LeftFoot,19270,Villarreal,Espanyol,4,2,2023-04-27 17:30:00,Giovani Lo Celso,Pass
2612,523392,39,MissedShots,0.8109999847412109,0.3940000152587891,0.05487728491425514,Samuel Chukwueze,h,7208,OpenPlay,2022,LeftFoot,19279,Villarreal,Celta Vigo,3,1,2023-04-30 14:15:00,Juan Foyth,Chipped
2613,526163,8,BlockedShot,0.8059999847412109,0.34900001525878904,0.030610186979174614,Samuel Chukwueze,h,7208,OpenPlay,2022,LeftFoot,19297,Villarreal,Athletic Club,5,1,2023-05-13 16:30:00,Nicolas Jackson,Pass
2614,528575,76,MissedShots,0.835999984741211,0.4470000076293945,0.09019935131072998,Samuel Chukwueze,h,7208,OpenPlay,2022,LeftFoot,19319,Villarreal,Cadiz,2,0,2023-05-24 17:30:00,Nicolas Jackson,Pass
2615,530892,5,MissedShots,0.899000015258789,0.3029999923706055,0.04395766928792,Samuel Chukwueze,h,7208,FromCorner,2022,LeftFoot,19333,Villarreal,Atletico Madrid,2,2,2023-06-04 18:00:00,Daniel Parejo,Pass
2616,535061,67,BlockedShot,0.8959999847412109,0.28899999618530275,0.06307858973741531,Samuel Chukwueze,h,7208,OpenPlay,2023,LeftFoot,22317,AC Milan,Torino,4,1,2023-08-26 18:45:00,,Dispossessed
2617,537789,91,BlockedShot,0.894000015258789,0.3679999923706055,0.06760981678962708,Samuel Chukwueze,a,7208,OpenPlay,2023,LeftFoot,22336,Inter,AC Milan,5,1,2023-09-16 16:00:00,Alessandro Florenzi,Dispossessed
2618,540230,42,MissedShots,0.7680000305175781,0.46,0.026594962924718857,Samuel Chukwueze,a,7208,OpenPlay,2023,LeftFoot,22355,Cagliari,AC Milan,1,3,2023-09-27 16:30:00,Tijjani Reijnders,Pass
2619,541424,95,BlockedShot,0.9059999847412109,0.34799999237060547,0.10379862785339355,Samuel Chukwueze,h,7208,OpenPlay,2023,LeftFoot,22373,AC Milan,Lazio,2,0,2023-09-30 16:00:00,Alessandro Florenzi,Pass
2620,548221,20,BlockedShot,0.7859999847412109,0.37,0.028848225250840187,Samuel Chukwueze,a,7208,OpenPlay,2023,LeftFoot,22417,Lecce,AC Milan,2,2,2023-11-11 14:00:00,Rade Krunic,Pass
2621,548224,23,MissedShots,0.9230000305175782,0.4779999923706055,0.09837329387664795,Samuel Chukwueze,a,7208,OpenPlay,2023,Head,22417,Lecce,AC Milan,2,2,2023-11-11 14:00:00,Tijjani Reijnders,Chipped
2622,548231,46,SavedShot,0.875999984741211,0.3320000076293945,0.08687357604503632,Samuel Chukwueze,a,7208,OpenPlay,2023,LeftFoot,22417,Lecce,AC Milan,2,2,2023-11-11 14:00:00,Tijjani Reijnders,Pass
2623,550012,39,BlockedShot,0.8590000152587891,0.33299999237060546,0.05065176635980606,Samuel Chukwueze,h,7208,OpenPlay,2023,LeftFoot,22433,AC Milan,Fiorentina,1,0,2023-11-25 19:45:00,Yunus Musah,Pass
2624,550016,48,SavedShot,0.895,0.545,0.2577268183231354,Samuel Chukwueze,h,7208,OpenPlay,2023,Head,22433,AC Milan,Fiorentina,1,0,2023-11-25 19:45:00,Theo Hernández,Cross
2625,551332,22,BlockedShot,0.7530000305175781,0.3559999847412109,0.015178707428276539,Samuel Chukwueze,h,7208,FromCorner,2023,LeftFoot,22440,AC Milan,Frosinone,3,1,2023-12-02 19:45:00,,None
2626,551337,32,MissedShots,0.7809999847412109,0.5179999923706055,0.01897450163960457,Samuel Chukwueze,h,7208,FromCorner,2023,LeftFoot,22440,AC Milan,Frosinone,3,1,2023-12-02 19:45:00,Fikayo Tomori,HeadPass
2627,551336,32,BlockedShot,0.765,0.43900001525878907,0.027620257809758186,Samuel Chukwueze,h,7208,FromCorner,2023,LeftFoot,22440,AC Milan,Frosinone,3,1,2023-12-02 19:45:00,Alessandro Florenzi,TakeOn
2628,551342,47,MissedShots,0.9019999694824219,0.4179999923706055,0.06286017596721649,Samuel Chukwueze,h,7208,OpenPlay,2023,Head,22440,AC Milan,Frosinone,3,1,2023-12-02 19:45:00,Christian Pulisic,Cross
2629,556049,84,SavedShot,0.754000015258789,0.29700000762939455,0.01680271327495575,Samuel Chukwueze,a,7208,OpenPlay,2023,LeftFoot,22473,Salernitana,AC Milan,2,2,2023-12-22 19:45:00,Ruben Loftus-Cheek,Pass
2630,557084,89,MissedShots,0.8780000305175781,0.38,0.053023383021354675,Samuel Chukwueze,h,7208,FromCorner,2023,LeftFoot,22481,AC Milan,Sassuolo,1,0,2023-12-30 17:00:00,Tijjani Reijnders,Pass
2631,564701,20,SavedShot,0.7819999694824219,0.30700000762939456,0.023066239431500435,Samuel Chukwueze,a,7208,OpenPlay,2023,LeftFoot,22548,Monza,AC Milan,4,2,2024-02-18 19:45:00,Malick Thiaw,Pass
2632,568638,65,BlockedShot,0.9059999847412109,0.38,0.11487706005573273,Samuel Chukwueze,h,7208,OpenPlay,2023,LeftFoot,22579,AC Milan,Empoli,1,0,2024-03-10 14:00:00,Noah Okafor,Pass
2633,568643,93,SavedShot,0.8,0.539000015258789,0.05202808976173401,Samuel Chukwueze,h,7208,OpenPlay,2023,LeftFoot,22579,AC Milan,Empoli,1,0,2024-03-10 14:00:00,Ismael Bennacer,Pass
2634,569864,78,Goal,0.855,0.37099998474121093,0.04375125840306282,Samuel Chukwueze,a,7208,FromCorner,2023,LeftFoot,22588,Verona,AC Milan,1,3,2024-03-17 14:00:00,,None
2635,569867,88,MissedShots,0.8130000305175781,0.47400001525878904,0.08362188935279846,Samuel Chukwueze,a,7208,OpenPlay,2023,LeftFoot,22588,Verona,AC Milan,1,3,2024-03-17 14:00:00,Davide Calabria,Pass
2636,571008,16,SavedShot,0.9519999694824218,0.43099998474121093,0.0692630410194397,Samuel Chukwueze,a,7208,OpenPlay,2023,Head,22601,Fiorentina,AC Milan,1,2,2024-03-30 19:45:00,Rafael Leão,Aerial
2637,572185,30,MissedShots,0.8809999847412109,0.2589999961853027,0.05320915952324867,Samuel Chukwueze,h,7208,OpenPlay,2023,LeftFoot,22612,AC Milan,Lecce,3,0,2024-04-06 13:00:00,Tijjani Reijnders,Pass
2638,572194,77,BlockedShot,0.855999984741211,0.44400001525878907,0.12225561589002609,Samuel Chukwueze,h,7208,OpenPlay,2023,LeftFoot,22612,AC Milan,Lecce,3,0,2024-04-06 13:00:00,Rafael Leão,TakeOn
2639,574222,10,MissedShots,0.9069999694824219,0.29100000381469726,0.055207207798957825,Samuel Chukwueze,a,7208,OpenPlay,2023,LeftFoot,22620,Sassuolo,AC Milan,3,3,2024-04-14 13:00:00,Ruben Loftus-Cheek,Pass
2640,574226,13,BlockedShot,0.9319999694824219,0.31,0.024705413728952408,Samuel Chukwueze,a,7208,OpenPlay,2023,LeftFoot,22620,Sassuolo,AC Milan,3,3,2024-04-14 13:00:00,Rafael Leão,Cross
2641,574232,38,MissedShots,0.7680000305175781,0.47400001525878904,0.04837504401803017,Samuel Chukwueze,a,7208,OpenPlay,2023,LeftFoot,22620,Sassuolo,AC Milan,3,3,2024-04-14 13:00:00,Theo Hernández,Pass
2642,579109,57,MissedShots,0.7909999847412109,0.3970000076293945,0.03261977806687355,Samuel Chukwueze,h,7208,OpenPlay,2023,LeftFoot,22650,AC Milan,Genoa,3,3,2024-05-05 16:00:00,Ismael Bennacer,Pass
2643,580187,34,SavedShot,0.960999984741211,0.5379999923706055,0.6195226311683655,Samuel Chukwueze,h,7208,OpenPlay,2023,LeftFoot,22663,AC Milan,Cagliari,5,1,2024-05-11 18:45:00,,None
2644,585059,44,MissedShots,0.7340000152587891,0.49400001525878906,0.018501846119761467,Samuel Chukwueze,h,7208,OpenPlay,2024,LeftFoot,27365,AC Milan,Torino,2,2,2024-08-17 18:45:00,Christian Pulisic,Pass
2645,585063,58,BlockedShot,0.8590000152587891,0.415,0.07421773672103882,Samuel Chukwueze,h,7208,OpenPlay,2024,LeftFoot,27365,AC Milan,Torino,2,2,2024-08-17 18:45:00,Rafael Leão,Pass
2646,589630,16,MissedShots,0.8919999694824219,0.37400001525878906,0.06801994889974594,Samuel Chukwueze,a,7208,OpenPlay,2024,LeftFoot,27387,Lazio,AC Milan,2,2,2024-08-31 18:45:00,Christian Pulisic,Cross
2647,593704,83,BlockedShot,0.8009999847412109,0.525,0.072934091091156,Samuel Chukwueze,h,7208,OpenPlay,2024,LeftFoot,27417,AC Milan,Lecce,3,0,2024-09-27 18:45:00,Tijjani Reijnders,Pass
2648,596491,85,SavedShot,0.7759999847412109,0.3170000076293945,0.021251076832413673,Samuel Chukwueze,a,7208,OpenPlay,2024,LeftFoot,27426,Fiorentina,AC Milan,2,1,2024-10-06 18:45:00,Youssouf Fofana,Pass
2649,596492,86,MissedShots,0.8859999847412109,0.37400001525878906,0.07728489488363266,Samuel Chukwueze,a,7208,OpenPlay,2024,LeftFoot,27426,Fiorentina,AC Milan,2,1,2024-10-06 18:45:00,Matteo Gabbia,Pass
2650,597222,12,Goal,0.8680000305175781,0.3139999961853027,0.053032997995615005,Samuel Chukwueze,h,7208,OpenPlay,2024,LeftFoot,27440,AC Milan,Udinese,1,0,2024-10-19 16:00:00,Christian Pulisic,Pass
2651,597229,35,BlockedShot,0.8340000152587891,0.27899999618530275,0.03396836668252945,Samuel Chukwueze,h,7208,OpenPlay,2024,LeftFoot,27440,AC Milan,Udinese,1,0,2024-10-19 16:00:00,Christian Pulisic,Pass
2652,597230,47,BlockedShot,0.884000015258789,0.6580000305175782,0.08617789298295975,Samuel Chukwueze,h,7208,OpenPlay,2024,LeftFoot,27440,AC Milan,Udinese,1,0,2024-10-19 16:00:00,Noah Okafor,Pass
2653,599517,19,SavedShot,0.715999984741211,0.40400001525878904,0.015568461269140244,Samuel Chukwueze,h,7208,OpenPlay,2024,LeftFoot,27459,AC Milan,Napoli,0,2,2024-10-29 19:45:00,Yunus Musah,Pass
2654,600418,2,SavedShot,0.835999984741211,0.2510000038146973,0.02493111416697502,Samuel Chukwueze,a,7208,OpenPlay,2024,LeftFoot,27465,Monza,AC Milan,0,1,2024-11-02 19:45:00,Filippo Terracciano,Pass
2655,600436,60,BlockedShot,0.84,0.4209999847412109,0.088375985622406,Samuel Chukwueze,a,7208,OpenPlay,2024,LeftFoot,27465,Monza,AC Milan,0,1,2024-11-02 19:45:00,Christian Pulisic,Pass
2656,601628,46,MissedShots,0.895,0.519000015258789,0.13677078485488892,Samuel Chukwueze,a,7208,OpenPlay,2024,LeftFoot,27478,Cagliari,AC Milan,3,3,2024-11-09 17:00:00,Francesco Camarda,Pass
2657,604329,80,MissedShots,0.8440000152587891,0.28,0.042533520609140396,Samuel Chukwueze,h,7208,OpenPlay,2024,LeftFoot,27498,AC Milan,Empoli,3,0,2024-11-30 17:00:00,,Dispossessed
2658,604330,84,BlockedShot,0.8909999847412109,0.435,0.2381221354007721,Samuel Chukwueze,h,7208,OpenPlay,2024,LeftFoot,27498,AC Milan,Empoli,3,0,2024-11-30 17:00:00,Christian Pulisic,TakeOn
2659,607864,14,BlockedShot,0.78,0.3170000076293945,0.022558540105819702,Samuel Chukwueze,h,7208,OpenPlay,2024,LeftFoot,27520,AC Milan,Genoa,0,0,2024-12-15 19:45:00,Emerson,Pass
2660,607865,15,BlockedShot,0.870999984741211,0.3659999847412109,0.07609933614730835,Samuel Chukwueze,h,7208,OpenPlay,2024,LeftFoot,27520,AC Milan,Genoa,0,0,2024-12-15 19:45:00,Mattia Liberali,Pass
2661,607869,23,MissedShots,0.899000015258789,0.37,0.0643395483493805,Samuel Chukwueze,h,7208,OpenPlay,2024,LeftFoot,27520,AC Milan,Genoa,0,0,2024-12-15 19:45:00,Alejandro Jiménez,Cross
2662,607870,32,BlockedShot,0.8180000305175781,0.27399999618530274,0.02626805752515793,Samuel Chukwueze,h,7208,OpenPlay,2024,LeftFoot,27520,AC Milan,Genoa,0,0,2024-12-15 19:45:00,Emerson,Pass
2663,608092,22,SavedShot,0.7130000305175781,0.33799999237060546,0.012481987476348877,Samuel Chukwueze,a,7208,OpenPlay,2024,LeftFoot,27522,Verona,AC Milan,0,1,2024-12-20 19:45:00,Rafael Leão,Pass
2664,608098,48,BlockedShot,0.8830000305175781,0.27399999618530274,0.03712592273950577,Samuel Chukwueze,a,7208,OpenPlay,2024,LeftFoot,27522,Verona,AC Milan,0,1,2024-12-20 19:45:00,,None
2665,609621,41,BlockedShot,0.8819999694824219,0.28,0.0415528267621994,Samuel Chukwueze,h,7208,OpenPlay,2024,LeftFoot,27538,AC Milan,Roma,1,1,2024-12-29 19:45:00,Emerson,Pass
2666,609627,53,MissedShots,0.755,0.37599998474121094,0.015887996181845665,Samuel Chukwueze,h,7208,FromCorner,2024,LeftFoot,27538,AC Milan,Roma,1,1,2024-12-29 19:45:00,,None
2667,609629,54,BlockedShot,0.905,0.44400001525878907,0.12517663836479187,Samuel Chukwueze,h,7208,OpenPlay,2024,LeftFoot,27538,AC Milan,Roma,1,1,2024-12-29 19:45:00,Youssouf Fofana,Pass
2668,609630,55,SavedShot,0.7709999847412109,0.4570000076293945,0.029923127964138985,Samuel Chukwueze,h,7208,OpenPlay,2024,LeftFoot,27538,AC Milan,Roma,1,1,2024-12-29 19:45:00,Youssouf Fofana,Pass
2669,425625,43,BlockedShot,0.885,0.639000015258789,0.012257699854671955,Strahinja Pavlovic,a,8642,FromCorner,2021,Head,17832,Lorient,Monaco,1,0,2021-08-13 19:00:00,Jean Lucas,Cross
2670,425626,54,MissedShots,0.9030000305175782,0.5670000076293945,0.017142800614237785,Strahinja Pavlovic,a,8642,FromCorner,2021,Head,17832,Lorient,Monaco,1,0,2021-08-13 19:00:00,Jean Lucas,Aerial
2671,425627,60,SavedShot,0.9280000305175782,0.45799999237060546,0.35814398527145386,Strahinja Pavlovic,a,8642,SetPiece,2021,Head,17832,Lorient,Monaco,1,0,2021-08-13 19:00:00,Aleksandr Golovin,Chipped
2672,427173,72,BlockedShot,0.92,0.54,0.05539809912443161,Strahinja Pavlovic,h,8642,FromCorner,2021,OtherBodyPart,17843,Monaco,Lens,0,2,2021-08-21 15:00:00,Jean Lucas,Cross
2673,442208,67,MissedShots,0.8909999847412109,0.395,0.03480919823050499,Strahinja Pavlovic,h,8642,FromCorner,2021,Head,17961,Monaco,Lille,2,2,2021-11-19 20:00:00,Axel Disasi,HeadPass
2674,586278,30,SavedShot,0.9059999847412109,0.5029999923706054,0.07843099534511566,Strahinja Pavlovic,a,8642,OpenPlay,2024,Head,27372,Parma Calcio 1913,AC Milan,2,1,2024-08-24 16:30:00,Christian Pulisic,Cross
2675,586280,36,MissedShots,0.92,0.4909999847412109,0.10186083614826202,Strahinja Pavlovic,a,8642,FromCorner,2024,Head,27372,Parma Calcio 1913,AC Milan,2,1,2024-08-24 16:30:00,Christian Pulisic,Cross
2676,589626,7,Goal,0.9590000152587891,0.5179999923706055,0.49959829449653625,Strahinja Pavlovic,a,8642,FromCorner,2024,Head,27387,Lazio,AC Milan,2,2,2024-08-31 18:45:00,Christian Pulisic,Cross
2677,600445,86,SavedShot,0.8730000305175781,0.5220000076293946,0.04542381688952446,Strahinja Pavlovic,a,8642,SetPiece,2024,Head,27465,Monza,AC Milan,0,1,2024-11-02 19:45:00,Christian Pulisic,Cross
2678,540221,8,MissedShots,0.9280000305175782,0.5309999847412109,0.06691735237836838,Noah Okafor,a,11966,OpenPlay,2023,Head,22355,Cagliari,AC Milan,1,3,2023-09-27 16:30:00,Tijjani Reijnders,Aerial
2679,540222,12,MissedShots,0.8780000305175781,0.51,0.054737627506256104,Noah Okafor,a,11966,OpenPlay,2023,Head,22355,Cagliari,AC Milan,1,3,2023-09-27 16:30:00,Theo Hernández,Cross
2680,540226,27,SavedShot,0.855,0.47,0.08193468302488327,Noah Okafor,a,11966,OpenPlay,2023,LeftFoot,22355,Cagliari,AC Milan,1,3,2023-09-27 16:30:00,Tijjani Reijnders,BallTouch
2681,540229,39,Goal,0.96,0.5479999923706055,0.5798237919807434,Noah Okafor,a,11966,OpenPlay,2023,LeftFoot,22355,Cagliari,AC Milan,1,3,2023-09-27 16:30:00,,None
2682,540241,64,MissedShots,0.7580000305175781,0.4420000076293945,0.03046499937772751,Noah Okafor,a,11966,OpenPlay,2023,RightFoot,22355,Cagliari,AC Milan,1,3,2023-09-27 16:30:00,,BallRecovery
2683,541423,87,Goal,0.9440000152587891,0.5120000076293946,0.6135601997375488,Noah Okafor,h,11966,OpenPlay,2023,RightFoot,22373,AC Milan,Lazio,2,0,2023-09-30 16:00:00,Rafael Leão,Pass
2684,548233,63,SavedShot,0.9180000305175782,0.6990000152587891,0.3324117064476013,Noah Okafor,a,11966,OpenPlay,2023,RightFoot,22417,Lecce,AC Milan,2,2,2023-11-11 14:00:00,Olivier Giroud,TakeOn
2685,554606,72,SavedShot,0.874000015258789,0.6830000305175781,0.07666999846696854,Noah Okafor,h,11966,OpenPlay,2023,RightFoot,22459,AC Milan,Monza,3,0,2023-12-17 11:30:00,Olivier Giroud,Pass
2686,554608,75,Goal,0.8830000305175781,0.514000015258789,0.47807711362838745,Noah Okafor,h,11966,OpenPlay,2023,RightFoot,22459,AC Milan,Monza,3,0,2023-12-17 11:30:00,Olivier Giroud,Pass
2687,559155,92,Goal,0.9569999694824218,0.5429999923706055,0.5915363430976868,Noah Okafor,a,11966,FromCorner,2023,RightFoot,22513,Udinese,AC Milan,2,3,2024-01-20 19:45:00,Olivier Giroud,Rebound
2688,566224,87,Goal,0.8590000152587891,0.5320000076293945,0.07439538091421127,Noah Okafor,a,11966,OpenPlay,2023,RightFoot,22568,Lazio,AC Milan,0,1,2024-03-01 19:45:00,,Rebound
2689,566222,87,SavedShot,0.8630000305175781,0.5679999923706055,0.09579164534807205,Noah Okafor,a,11966,OpenPlay,2023,LeftFoot,22568,Lazio,AC Milan,0,1,2024-03-01 19:45:00,Rafael Leão,Pass
2690,568630,31,SavedShot,0.79,0.7290000152587891,0.021667510271072388,Noah Okafor,h,11966,OpenPlay,2023,RightFoot,22579,AC Milan,Empoli,1,0,2024-03-10 14:00:00,Tijjani Reijnders,Pass
2691,569844,18,SavedShot,0.860999984741211,0.6530000305175782,0.04993394389748573,Noah Okafor,a,11966,FromCorner,2023,RightFoot,22588,Verona,AC Milan,1,3,2024-03-17 14:00:00,Pierre Kalulu Kyatengwa,Rebound
2692,569848,36,MissedShots,0.9059999847412109,0.3679999923706055,0.09544220566749573,Noah Okafor,a,11966,OpenPlay,2023,RightFoot,22588,Verona,AC Milan,1,3,2024-03-17 14:00:00,Christian Pulisic,Pass
2693,569849,38,MissedShots,0.870999984741211,0.654000015258789,0.10925232619047165,Noah Okafor,a,11966,OpenPlay,2023,RightFoot,22588,Verona,AC Milan,1,3,2024-03-17 14:00:00,Rafael Leão,BallTouch
2694,569850,40,BlockedShot,0.7980000305175782,0.41200000762939454,0.05720730870962143,Noah Okafor,a,11966,OpenPlay,2023,RightFoot,22588,Verona,AC Milan,1,3,2024-03-17 14:00:00,,TakeOn
2695,569853,49,SavedShot,0.9069999694824219,0.6480000305175782,0.09000124782323837,Noah Okafor,a,11966,OpenPlay,2023,LeftFoot,22588,Verona,AC Milan,1,3,2024-03-17 14:00:00,,BallRecovery
2696,574247,83,Goal,0.9259999847412109,0.5229999923706055,0.35502177476882935,Noah Okafor,a,11966,FromCorner,2023,RightFoot,22620,Sassuolo,AC Milan,3,3,2024-04-14 13:00:00,Matteo Gabbia,BallTouch
2697,575931,82,SavedShot,0.9590000152587891,0.4640000152587891,0.5939184427261353,Noah Okafor,h,11966,OpenPlay,2023,RightFoot,22633,AC Milan,Inter,1,2,2024-04-22 18:45:00,,None
2698,581823,24,MissedShots,0.8880000305175781,0.6969999694824218,0.05409795790910721,Noah Okafor,a,11966,OpenPlay,2023,RightFoot,22674,Torino,AC Milan,3,1,2024-05-18 18:45:00,Tijjani Reijnders,Pass
2699,581834,55,MissedShots,0.8809999847412109,0.68,0.06289983540773392,Noah Okafor,a,11966,OpenPlay,2023,RightFoot,22674,Torino,AC Milan,3,1,2024-05-18 18:45:00,Luka Jovic,Pass
2700,585077,94,Goal,0.875,0.45799999237060546,0.3063787817955017,Noah Okafor,h,11966,OpenPlay,2024,RightFoot,27365,AC Milan,Torino,2,2,2024-08-17 18:45:00,Yunus Musah,Cross
2701,586288,48,MissedShots,0.909000015258789,0.5679999923706055,0.3366461992263794,Noah Okafor,a,11966,OpenPlay,2024,RightFoot,27372,Parma Calcio 1913,AC Milan,2,1,2024-08-24 16:30:00,Davide Calabria,Cross
2702,586292,56,MissedShots,0.875,0.5790000152587891,0.07426518201828003,Noah Okafor,a,11966,OpenPlay,2024,RightFoot,27372,Parma Calcio 1913,AC Milan,2,1,2024-08-24 16:30:00,Tijjani Reijnders,Pass
2703,589631,30,MissedShots,0.8219999694824218,0.629000015258789,0.059702515602111816,Noah Okafor,a,11966,OpenPlay,2024,RightFoot,27387,Lazio,AC Milan,2,2,2024-08-31 18:45:00,Christian Pulisic,Pass
2704,591107,86,SavedShot,0.8490000152587891,0.8119999694824219,0.03125343099236488,Noah Okafor,h,11966,OpenPlay,2024,RightFoot,27398,AC Milan,Venezia,4,0,2024-09-14 18:45:00,Theo Hernández,Pass
2705,593288,83,SavedShot,0.860999984741211,0.55,0.10269061475992203,Noah Okafor,a,11966,OpenPlay,2024,LeftFoot,27406,Inter,AC Milan,1,2,2024-09-22 18:45:00,Rafael Leão,Pass
2706,593293,96,MissedShots,0.875,0.5540000152587891,0.47066113352775574,Noah Okafor,a,11966,OpenPlay,2024,RightFoot,27406,Inter,AC Milan,1,2,2024-09-22 18:45:00,Samuel Chukwueze,Pass
2707,597221,8,SavedShot,0.855999984741211,0.6769999694824219,0.03839786723256111,Noah Okafor,h,11966,OpenPlay,2024,RightFoot,27440,AC Milan,Udinese,1,0,2024-10-19 16:00:00,Strahinja Pavlovic,TakeOn
2708,599519,26,MissedShots,0.860999984741211,0.6419999694824219,0.06058165431022644,Noah Okafor,h,11966,OpenPlay,2024,RightFoot,27459,AC Milan,Napoli,0,2,2024-10-29 19:45:00,Filippo Terracciano,Pass
2709,600422,19,SavedShot,0.8640000152587891,0.6409999847412109,0.2562877833843231,Noah Okafor,a,11966,OpenPlay,2024,RightFoot,27465,Monza,AC Milan,0,1,2024-11-02 19:45:00,Álvaro Morata,Pass
2710,600423,21,MissedShots,0.904000015258789,0.6,0.3723527789115906,Noah Okafor,a,11966,OpenPlay,2024,LeftFoot,27465,Monza,AC Milan,0,1,2024-11-02 19:45:00,Theo Hernández,Pass
2711,601640,92,SavedShot,0.9319999694824219,0.5929999923706055,0.08209073543548584,Noah Okafor,a,11966,OpenPlay,2024,Head,27478,Cagliari,AC Milan,3,3,2024-11-09 17:00:00,Yunus Musah,Cross
2712,21456,5,BlockedShot,0.745,0.5279999923706055,0.017071999609470367,Ruben Loftus-Cheek,a,688,OpenPlay,2014,RightFoot,4428,West Bromwich Albion,Chelsea,3,0,2015-05-18 20:00:00,Diego Costa,Pass
2713,58897,6,BlockedShot,0.87,0.544000015258789,0.11294800043106079,Ruben Loftus-Cheek,h,688,OpenPlay,2015,RightFoot,164,Chelsea,Aston Villa,2,0,2015-10-17 18:00:00,Pedro,Pass
2714,59664,64,BlockedShot,0.7909999847412109,0.375,0.02130349911749363,Ruben Loftus-Cheek,h,688,SetPiece,2015,RightFoot,362,Chelsea,Stoke,1,1,2016-03-05 19:00:00,,None
2715,59669,80,SavedShot,0.9630000305175781,0.6409999847412109,0.13659599423408508,Ruben Loftus-Cheek,h,688,OpenPlay,2015,RightFoot,362,Chelsea,Stoke,1,1,2016-03-05 19:00:00,Willian,Throughball
2716,59983,94,MissedShots,0.8519999694824218,0.5659999847412109,0.0802609995007515,Ruben Loftus-Cheek,h,688,SetPiece,2015,RightFoot,376,Chelsea,West Ham,2,2,2016-03-19 19:00:00,Bertrand Traoré,Pass
2717,61059,25,Goal,0.885,0.44599998474121094,0.11862500011920929,Ruben Loftus-Cheek,a,688,OpenPlay,2015,RightFoot,384,Aston Villa,Chelsea,0,4,2016-04-02 15:45:00,César Azpilicueta,Pass
2718,61069,44,MissedShots,0.825999984741211,0.5590000152587891,0.0736801028251648,Ruben Loftus-Cheek,a,688,OpenPlay,2015,RightFoot,384,Aston Villa,Chelsea,0,4,2016-04-02 15:45:00,,Interception
2719,61007,5,SavedShot,0.8530000305175781,0.39,0.06978049874305725,Ruben Loftus-Cheek,a,688,OpenPlay,2015,RightFoot,397,Swansea,Chelsea,1,0,2016-04-09 18:00:00,Oscar,Pass
2720,61027,45,BlockedShot,0.8580000305175781,0.5720000076293945,0.0867312029004097,Ruben Loftus-Cheek,a,688,OpenPlay,2015,LeftFoot,397,Swansea,Chelsea,1,0,2016-04-09 18:00:00,,TakeOn
2721,61035,71,BlockedShot,0.8169999694824219,0.3559999847412109,0.03463380038738251,Ruben Loftus-Cheek,a,688,OpenPlay,2015,RightFoot,397,Swansea,Chelsea,1,0,2016-04-09 18:00:00,,None
2722,56252,18,MissedShots,0.9309999847412109,0.7090000152587891,0.056969501078128815,Ruben Loftus-Cheek,h,688,OpenPlay,2015,LeftFoot,410,Chelsea,Manchester City,0,3,2016-04-16 20:30:00,Pedro,TakeOn
2723,56259,49,MissedShots,0.78,0.44599998474121094,0.03463440015912056,Ruben Loftus-Cheek,h,688,OpenPlay,2015,RightFoot,410,Chelsea,Manchester City,0,3,2016-04-16 20:30:00,Pedro,TakeOn
2724,52013,61,BlockedShot,0.894000015258789,0.45799999237060546,0.12844599783420563,Ruben Loftus-Cheek,h,688,OpenPlay,2015,RightFoot,452,Chelsea,Leicester,1,1,2016-05-15 18:00:00,Willian,Pass
2725,120248,92,SavedShot,0.8590000152587891,0.5629999923706055,0.13750000298023224,Ruben Loftus-Cheek,a,688,OpenPlay,2016,RightFoot,3424,Stoke,Chelsea,1,2,2017-03-18 15:00:00,Pedro,BallRecovery
2726,158222,27,BlockedShot,0.8419999694824218,0.6930000305175781,0.05258230119943619,Ruben Loftus-Cheek,h,688,OpenPlay,2017,RightFoot,7124,Crystal Palace,Huddersfield,0,3,2017-08-12 15:00:00,,TakeOn
2727,158596,16,MissedShots,0.9119999694824219,0.509000015258789,0.05459640175104141,Ruben Loftus-Cheek,h,688,FromCorner,2017,OtherBodyPart,7160,Crystal Palace,Southampton,0,1,2017-09-16 12:30:00,Yohan Cabaye,Cross
2728,158601,29,MissedShots,0.7480000305175781,0.41900001525878905,0.026244400069117546,Ruben Loftus-Cheek,h,688,OpenPlay,2017,RightFoot,7160,Crystal Palace,Southampton,0,1,2017-09-16 12:30:00,Christian Benteke,LayOff
2729,158602,30,BlockedShot,0.8980000305175782,0.355,0.0767534002661705,Ruben Loftus-Cheek,h,688,OpenPlay,2017,RightFoot,7160,Crystal Palace,Southampton,0,1,2017-09-16 12:30:00,Jason Puncheon,Pass
2730,159713,18,BlockedShot,0.82,0.5790000152587891,0.06084879860281944,Ruben Loftus-Cheek,a,688,OpenPlay,2017,RightFoot,7173,Manchester City,Crystal Palace,5,0,2017-09-23 15:00:00,Yohan Cabaye,TakeOn
2731,159715,27,MissedShots,0.9359999847412109,0.4229999923706055,0.45378801226615906,Ruben Loftus-Cheek,a,688,OpenPlay,2017,RightFoot,7173,Manchester City,Crystal Palace,5,0,2017-09-23 15:00:00,,None
2732,159560,79,MissedShots,0.865999984741211,0.355,0.06398849934339523,Ruben Loftus-Cheek,a,688,OpenPlay,2017,RightFoot,7203,Newcastle United,Crystal Palace,1,0,2017-10-21 15:00:00,Jeffrey Schlupp,Pass
2733,159918,39,MissedShots,0.8980000305175782,0.5509999847412109,0.07417160272598267,Ruben Loftus-Cheek,h,688,SetPiece,2017,Head,7213,Crystal Palace,West Ham,2,2,2017-10-28 15:00:00,Andros Townsend,Cross
2734,159920,49,MissedShots,0.965999984741211,0.6140000152587891,0.11998599767684937,Ruben Loftus-Cheek,h,688,FromCorner,2017,Head,7213,Crystal Palace,West Ham,2,2,2017-10-28 15:00:00,Scott Dann,HeadPass
2735,160691,0,SavedShot,0.905,0.40599998474121096,0.36395499110221863,Ruben Loftus-Cheek,h,688,OpenPlay,2017,LeftFoot,7234,Crystal Palace,Everton,2,2,2017-11-18 15:00:00,Yohan Cabaye,Pass
2736,161149,15,BlockedShot,0.9159999847412109,0.5070000076293946,0.14266499876976013,Ruben Loftus-Cheek,h,688,OpenPlay,2017,LeftFoot,7246,Crystal Palace,Stoke,2,1,2017-11-25 15:00:00,Wilfried Zaha,Pass
2737,161158,55,Goal,0.980999984741211,0.415,0.31973201036453247,Ruben Loftus-Cheek,h,688,OpenPlay,2017,RightFoot,7246,Crystal Palace,Stoke,2,1,2017-11-25 15:00:00,Andros Townsend,Cross
2738,160847,58,BlockedShot,0.865999984741211,0.6869999694824219,0.02877799980342388,Ruben Loftus-Cheek,a,688,FromCorner,2017,RightFoot,7250,Brighton,Crystal Palace,0,0,2017-11-28 19:45:00,Jeffrey Schlupp,Chipped
2739,160855,87,SavedShot,0.7659999847412109,0.7190000152587891,0.01909329928457737,Ruben Loftus-Cheek,a,688,OpenPlay,2017,RightFoot,7250,Brighton,Crystal Palace,0,0,2017-11-28 19:45:00,James McArthur,Pass
2740,179164,8,MissedShots,0.9290000152587891,0.5129999923706055,0.07202310115098953,Ruben Loftus-Cheek,h,688,SetPiece,2017,Head,7273,Crystal Palace,Bournemouth,2,2,2017-12-09 15:00:00,Yohan Cabaye,Aerial
2741,179188,85,SavedShot,0.825999984741211,0.7169999694824218,0.027477199211716652,Ruben Loftus-Cheek,h,688,OpenPlay,2017,RightFoot,7273,Crystal Palace,Bournemouth,2,2,2017-12-09 15:00:00,Wilfried Zaha,Pass
2742,182867,52,BlockedShot,0.865,0.4540000152587891,0.086244598031044,Ruben Loftus-Cheek,h,688,OpenPlay,2017,RightFoot,7282,Crystal Palace,Watford,2,1,2017-12-12 20:00:00,Timothy Fosu-Mensah,Pass
2743,182871,75,BlockedShot,0.88,0.39,0.06100349873304367,Ruben Loftus-Cheek,h,688,OpenPlay,2017,RightFoot,7282,Crystal Palace,Watford,2,1,2017-12-12 20:00:00,,None
2744,182658,10,SavedShot,0.8430000305175781,0.5379999923706055,0.08821289986371994,Ruben Loftus-Cheek,a,688,OpenPlay,2017,RightFoot,7294,Leicester,Crystal Palace,0,3,2017-12-16 12:30:00,Wilfried Zaha,Pass
2745,182663,26,BlockedShot,0.8230000305175781,0.5790000152587891,0.07549340277910233,Ruben Loftus-Cheek,a,688,OpenPlay,2017,RightFoot,7294,Leicester,Crystal Palace,0,3,2017-12-16 12:30:00,Wilfried Zaha,Pass
2746,182640,28,MissedShots,0.8640000152587891,0.7119999694824218,0.038289301097393036,Ruben Loftus-Cheek,a,688,OpenPlay,2017,RightFoot,7299,Swansea,Crystal Palace,1,1,2017-12-23 15:00:00,Wilfried Zaha,Pass
2747,182642,36,MissedShots,0.754000015258789,0.6790000152587891,0.012558399699628353,Ruben Loftus-Cheek,a,688,OpenPlay,2017,RightFoot,7299,Swansea,Crystal Palace,1,1,2017-12-23 15:00:00,,Rebound
2748,182645,53,BlockedShot,0.885,0.710999984741211,0.049331098794937134,Ruben Loftus-Cheek,a,688,OpenPlay,2017,RightFoot,7299,Swansea,Crystal Palace,1,1,2017-12-23 15:00:00,James McArthur,Pass
2749,185751,17,BlockedShot,0.7480000305175781,0.53,0.016414200887084007,Ruben Loftus-Cheek,h,688,OpenPlay,2017,RightFoot,7311,Crystal Palace,Arsenal,2,3,2017-12-28 20:00:00,Wilfried Zaha,TakeOn
2750,185764,51,BlockedShot,0.925,0.6659999847412109,0.08356720209121704,Ruben Loftus-Cheek,h,688,OpenPlay,2017,RightFoot,7311,Crystal Palace,Arsenal,2,3,2017-12-28 20:00:00,Wilfried Zaha,Pass
2751,185766,54,MissedShots,0.835,0.6819999694824219,0.038274601101875305,Ruben Loftus-Cheek,h,688,OpenPlay,2017,RightFoot,7311,Crystal Palace,Arsenal,2,3,2017-12-28 20:00:00,James McArthur,Pass
2752,206901,15,BlockedShot,0.755,0.7069999694824218,0.012094100005924702,Ruben Loftus-Cheek,a,688,OpenPlay,2017,RightFoot,7440,Bournemouth,Crystal Palace,2,2,2018-04-07 14:00:00,,None
2753,210434,70,BlockedShot,0.8490000152587891,0.6459999847412109,0.05741490051150322,Ruben Loftus-Cheek,a,688,OpenPlay,2017,RightFoot,7467,Watford,Crystal Palace,0,0,2018-04-21 14:00:00,Patrick van Aanholt,Pass
2754,211683,80,Goal,0.9059999847412109,0.524000015258789,0.7225210070610046,Ruben Loftus-Cheek,h,688,OpenPlay,2017,RightFoot,7470,Crystal Palace,Leicester,5,0,2018-04-28 14:00:00,Mamadou Sakho,TakeOn
2755,213020,7,MissedShots,0.7859999847412109,0.62,0.030482400208711624,Ruben Loftus-Cheek,a,688,OpenPlay,2017,RightFoot,7481,Stoke,Crystal Palace,1,2,2018-05-05 12:30:00,Wilfried Zaha,Pass
2756,213036,83,MissedShots,0.9419999694824219,0.3,0.054376401007175446,Ruben Loftus-Cheek,a,688,OpenPlay,2017,RightFoot,7481,Stoke,Crystal Palace,1,2,2018-05-05 12:30:00,Wilfried Zaha,Pass
2757,215695,55,SavedShot,0.8630000305175781,0.555,0.068682000041008,Ruben Loftus-Cheek,h,688,SetPiece,2017,RightFoot,7493,Crystal Palace,West Bromwich Albion,2,0,2018-05-13 15:00:00,,None
2758,249681,64,BlockedShot,0.8209999847412109,0.49900001525878906,0.03739149868488312,Ruben Loftus-Cheek,a,688,OpenPlay,2018,LeftFoot,9295,Burnley,Chelsea,0,4,2018-10-28 12:30:00,,Rebound
2759,249679,64,BlockedShot,0.805,0.34,0.0477852001786232,Ruben Loftus-Cheek,a,688,OpenPlay,2018,LeftFoot,9295,Burnley,Chelsea,0,4,2018-10-28 12:30:00,N&#039;Golo Kanté,Pass
2760,249684,85,MissedShots,0.87,0.32099998474121094,0.07738679647445679,Ruben Loftus-Cheek,a,688,OpenPlay,2018,RightFoot,9295,Burnley,Chelsea,0,4,2018-10-28 12:30:00,N&#039;Golo Kanté,Pass
2761,249688,90,BlockedShot,0.8119999694824219,0.48200000762939454,0.076972097158432,Ruben Loftus-Cheek,a,688,OpenPlay,2018,RightFoot,9295,Burnley,Chelsea,0,4,2018-10-28 12:30:00,Marcos Alonso,Pass
2762,249691,91,Goal,0.925,0.42400001525878905,0.4053120017051697,Ruben Loftus-Cheek,a,688,FromCorner,2018,LeftFoot,9295,Burnley,Chelsea,0,4,2018-10-28 12:30:00,,Rebound
2763,250697,81,Goal,0.879000015258789,0.4229999923706055,0.35571399331092834,Ruben Loftus-Cheek,h,688,OpenPlay,2018,RightFoot,9334,Chelsea,Fulham,2,0,2018-12-02 12:00:00,Eden Hazard,Pass
2764,250699,85,BlockedShot,0.8880000305175781,0.700999984741211,0.0641338974237442,Ruben Loftus-Cheek,h,688,OpenPlay,2018,LeftFoot,9334,Chelsea,Fulham,2,0,2018-12-02 12:00:00,,Tackle
2765,250843,17,Goal,0.8209999847412109,0.720999984741211,0.026813799515366554,Ruben Loftus-Cheek,a,688,OpenPlay,2018,RightFoot,9339,Wolverhampton Wanderers,Chelsea,2,1,2018-12-05 19:45:00,Eden Hazard,Pass
2766,275047,77,MissedShots,0.9309999847412109,0.6659999847412109,0.042806901037693024,Ruben Loftus-Cheek,a,688,FromCorner,2018,RightFoot,9430,Bournemouth,Chelsea,4,0,2019-01-30 19:45:00,Eden Hazard,Pass
2767,285128,69,SavedShot,0.9330000305175781,0.5629999923706055,0.12004200369119644,Ruben Loftus-Cheek,h,688,OpenPlay,2018,RightFoot,9494,Chelsea,Wolverhampton Wanderers,1,1,2019-03-10 14:05:00,,Rebound
2768,285133,90,BlockedShot,0.909000015258789,0.6569999694824219,0.07495609670877457,Ruben Loftus-Cheek,h,688,OpenPlay,2018,LeftFoot,9494,Chelsea,Wolverhampton Wanderers,1,1,2019-03-10 14:05:00,Gonzalo Higuaín,Pass
2769,288135,64,BlockedShot,0.889000015258789,0.6179999923706054,0.06322470307350159,Ruben Loftus-Cheek,a,688,OpenPlay,2018,LeftFoot,9514,Cardiff,Chelsea,1,2,2019-03-31 13:05:00,,BallTouch
2770,288138,77,BlockedShot,0.87,0.5609999847412109,0.09072290360927582,Ruben Loftus-Cheek,a,688,OpenPlay,2018,RightFoot,9514,Cardiff,Chelsea,1,2,2019-03-31 13:05:00,Marcos Alonso,Pass
2771,288143,90,Goal,0.919000015258789,0.5259999847412109,0.34334200620651245,Ruben Loftus-Cheek,a,688,OpenPlay,2018,Head,9514,Cardiff,Chelsea,1,2,2019-03-31 13:05:00,Willian,Cross
2772,291379,62,Goal,0.779000015258789,0.624000015258789,0.04126309975981712,Ruben Loftus-Cheek,h,688,OpenPlay,2018,RightFoot,9462,Chelsea,Brighton,3,0,2019-04-03 19:45:00,Eden Hazard,Pass
2773,291380,65,MissedShots,0.7780000305175782,0.495,0.042223598808050156,Ruben Loftus-Cheek,h,688,OpenPlay,2018,RightFoot,9462,Chelsea,Brighton,3,0,2019-04-03 19:45:00,N&#039;Golo Kanté,Pass
2774,293033,55,SavedShot,0.8919999694824219,0.6,0.3824959993362427,Ruben Loftus-Cheek,h,688,OpenPlay,2018,RightFoot,9525,Chelsea,West Ham,2,0,2019-04-08 20:00:00,Gonzalo Higuaín,TakeOn
2775,293035,56,MissedShots,0.8240000152587891,0.67,0.03809040039777756,Ruben Loftus-Cheek,h,688,OpenPlay,2018,RightFoot,9525,Chelsea,West Ham,2,0,2019-04-08 20:00:00,Eden Hazard,Pass
2776,296439,1,MissedShots,0.8909999847412109,0.4159999847412109,0.07748070359230042,Ruben Loftus-Cheek,h,688,FromCorner,2018,RightFoot,9543,Chelsea,Burnley,2,2,2019-04-22 20:00:00,,None
2777,296446,19,MissedShots,0.7969999694824219,0.685,0.033590298146009445,Ruben Loftus-Cheek,h,688,OpenPlay,2018,RightFoot,9543,Chelsea,Burnley,2,2,2019-04-22 20:00:00,N&#039;Golo Kanté,Pass
2778,296462,67,MissedShots,0.835,0.6840000152587891,0.034532900899648666,Ruben Loftus-Cheek,h,688,OpenPlay,2018,LeftFoot,9543,Chelsea,Burnley,2,2,2019-04-22 20:00:00,,None
2779,296465,80,MissedShots,0.955,0.57,0.1095850020647049,Ruben Loftus-Cheek,h,688,OpenPlay,2018,LeftFoot,9543,Chelsea,Burnley,2,2,2019-04-22 20:00:00,Mateo Kovacic,Cross
2780,298225,92,MissedShots,0.7380000305175781,0.41900001525878905,0.018449099734425545,Ruben Loftus-Cheek,a,688,OpenPlay,2018,LeftFoot,9550,Manchester United,Chelsea,1,1,2019-04-28 16:30:00,Pedro,Pass
2781,299842,47,Goal,0.9319999694824219,0.5279999923706055,0.28413599729537964,Ruben Loftus-Cheek,h,688,FromCorner,2018,Head,9563,Chelsea,Watford,3,0,2019-05-05 13:00:00,Eden Hazard,Aerial
2782,299846,57,MissedShots,0.9330000305175781,0.5629999923706055,0.1452450007200241,Ruben Loftus-Cheek,h,688,OpenPlay,2018,RightFoot,9563,Chelsea,Watford,3,0,2019-05-05 13:00:00,,Rebound
2783,301330,6,MissedShots,0.924000015258789,0.5120000076293946,0.12946100533008575,Ruben Loftus-Cheek,a,688,OpenPlay,2018,OtherBodyPart,9572,Leicester,Chelsea,0,0,2019-05-12 14:00:00,Pedro,Aerial
2784,301340,39,MissedShots,0.8069999694824219,0.5159999847412109,0.05307589843869209,Ruben Loftus-Cheek,a,688,OpenPlay,2018,RightFoot,9572,Leicester,Chelsea,0,0,2019-05-12 14:00:00,,Dispossessed
2785,301348,59,BlockedShot,0.7819999694824219,0.6090000152587891,0.024000300094485283,Ruben Loftus-Cheek,a,688,OpenPlay,2018,RightFoot,9572,Leicester,Chelsea,0,0,2019-05-12 14:00:00,Ross Barkley,Pass
2786,365789,3,MissedShots,0.8959999847412109,0.46,0.038405999541282654,Ruben Loftus-Cheek,a,688,OpenPlay,2019,Head,11933,Aston Villa,Chelsea,1,2,2020-06-21 15:15:00,César Azpilicueta,Aerial
2787,368142,63,MissedShots,0.9409999847412109,0.32799999237060545,0.04011140018701553,Ruben Loftus-Cheek,a,688,OpenPlay,2019,LeftFoot,11962,West Ham,Chelsea,3,2,2020-07-01 19:15:00,Willian,Cross
2788,368827,87,MissedShots,0.9540000152587891,0.5570000076293945,0.4534650146961212,Ruben Loftus-Cheek,h,688,OpenPlay,2019,Head,11964,Chelsea,Watford,3,0,2020-07-04 19:00:00,Reece James,Cross
2789,371313,2,MissedShots,0.935,0.34400001525878904,0.012711199931800365,Ruben Loftus-Cheek,h,688,OpenPlay,2019,Head,11995,Chelsea,Norwich,1,0,2020-07-14 19:15:00,César Azpilicueta,Cross
2790,382341,15,SavedShot,0.720999984741211,0.33099998474121095,0.014366500079631805,Ruben Loftus-Cheek,a,688,OpenPlay,2020,RightFoot,14482,Sheffield United,Fulham,1,1,2020-10-18 11:00:00,Ademola Lookman,Pass
2791,382349,55,BlockedShot,0.879000015258789,0.6370000076293946,0.012661299668252468,Ruben Loftus-Cheek,a,688,FromCorner,2020,Head,14482,Sheffield United,Fulham,1,1,2020-10-18 11:00:00,Ivan Cavaleiro,Aerial
2792,386225,93,BlockedShot,0.8809999847412109,0.6270000076293946,0.06212719902396202,Ruben Loftus-Cheek,a,688,SetPiece,2020,RightFoot,14514,West Ham,Fulham,1,0,2020-11-07 20:00:00,,Rebound
2793,387711,69,Goal,0.9119999694824219,0.4109999847412109,0.326911985874176,Ruben Loftus-Cheek,h,688,OpenPlay,2020,RightFoot,14517,Fulham,Everton,2,3,2020-11-22 12:00:00,Ademola Lookman,Pass
2794,389791,70,BlockedShot,0.855,0.43900001525878907,0.1173119992017746,Ruben Loftus-Cheek,a,688,OpenPlay,2020,RightFoot,14532,Leicester,Fulham,1,2,2020-11-30 17:30:00,Ademola Lookman,Pass
2795,393504,67,SavedShot,0.8580000305175781,0.5779999923706055,0.23172999918460846,Ruben Loftus-Cheek,h,688,OpenPlay,2020,RightFoot,14557,Fulham,Brighton,0,0,2020-12-16 20:00:00,Antonee Robinson,Pass
2796,395626,70,BlockedShot,0.7580000305175781,0.40900001525878904,0.02396870031952858,Ruben Loftus-Cheek,h,688,OpenPlay,2020,RightFoot,14577,Fulham,Southampton,0,0,2020-12-26 15:00:00,Ademola Lookman,Pass
2797,398709,3,BlockedShot,0.895,0.6,0.07823900133371353,Ruben Loftus-Cheek,a,688,OpenPlay,2020,RightFoot,14589,Tottenham,Fulham,1,1,2021-01-13 20:00:00,,None
2798,398712,8,BlockedShot,0.750999984741211,0.4520000076293945,0.0228923000395298,Ruben Loftus-Cheek,a,688,OpenPlay,2020,RightFoot,14589,Tottenham,Fulham,1,1,2021-01-13 20:00:00,Antonee Robinson,Pass
2799,398723,34,MissedShots,0.8669999694824219,0.5120000076293946,0.06907960027456284,Ruben Loftus-Cheek,a,688,OpenPlay,2020,RightFoot,14589,Tottenham,Fulham,1,1,2021-01-13 20:00:00,Kenny Tete,Cross
2800,398731,65,BlockedShot,0.9180000305175782,0.4,0.0353332981467247,Ruben Loftus-Cheek,a,688,FromCorner,2020,Head,14589,Tottenham,Fulham,1,1,2021-01-13 20:00:00,Ivan Cavaleiro,Cross
2801,398735,77,SavedShot,0.9430000305175781,0.36700000762939455,0.3739039897918701,Ruben Loftus-Cheek,a,688,OpenPlay,2020,RightFoot,14589,Tottenham,Fulham,1,1,2021-01-13 20:00:00,Ademola Lookman,Pass
2802,400126,74,SavedShot,0.8769999694824219,0.41,0.07904329895973206,Ruben Loftus-Cheek,h,688,OpenPlay,2020,RightFoot,14607,Fulham,Manchester United,1,2,2021-01-20 20:15:00,Aboubakar Kamara,Pass
2803,400128,82,MissedShots,0.8469999694824218,0.4329999923706055,0.0922205001115799,Ruben Loftus-Cheek,h,688,OpenPlay,2020,RightFoot,14607,Fulham,Manchester United,1,2,2021-01-20 20:15:00,,None
2804,401291,91,BlockedShot,0.9009999847412109,0.37599998474121094,0.082703597843647,Ruben Loftus-Cheek,a,688,OpenPlay,2020,RightFoot,14625,Brighton,Fulham,0,0,2021-01-27 19:30:00,Ademola Lookman,BallTouch
2805,401679,12,SavedShot,0.885,0.6790000152587891,0.06882309913635254,Ruben Loftus-Cheek,a,688,OpenPlay,2020,RightFoot,14640,West Bromwich Albion,Fulham,2,2,2021-01-30 15:00:00,Aleksandar Mitrovic,Pass
2806,401682,25,MissedShots,0.7980000305175782,0.55,0.058852698653936386,Ruben Loftus-Cheek,a,688,OpenPlay,2020,LeftFoot,14640,West Bromwich Albion,Fulham,2,2,2021-01-30 15:00:00,Bobby Reid,Pass
2807,401685,35,SavedShot,0.7290000152587891,0.590999984741211,0.01979519985616207,Ruben Loftus-Cheek,a,688,OpenPlay,2020,RightFoot,14640,West Bromwich Albion,Fulham,2,2,2021-01-30 15:00:00,Franck Zambo,Pass
2808,403357,2,BlockedShot,0.9169999694824219,0.34200000762939453,0.0805514007806778,Ruben Loftus-Cheek,h,688,OpenPlay,2020,LeftFoot,14657,Fulham,West Ham,0,0,2021-02-06 17:30:00,Ivan Cavaleiro,Pass
2809,403361,16,MissedShots,0.895,0.2929999923706055,0.03234900161623955,Ruben Loftus-Cheek,h,688,FromCorner,2020,RightFoot,14657,Fulham,West Ham,0,0,2021-02-06 17:30:00,Ademola Lookman,Cross
2810,403372,52,MissedShots,0.91,0.6469999694824219,0.2754729986190796,Ruben Loftus-Cheek,h,688,OpenPlay,2020,LeftFoot,14657,Fulham,West Ham,0,0,2021-02-06 17:30:00,Ademola Lookman,Pass
2811,403381,86,MissedShots,0.9459999847412109,0.645,0.015261500142514706,Ruben Loftus-Cheek,h,688,OpenPlay,2020,Head,14657,Fulham,West Ham,0,0,2021-02-06 17:30:00,,Rebound
2812,403383,89,MissedShots,0.8209999847412109,0.5609999847412109,0.051291000097990036,Ruben Loftus-Cheek,h,688,OpenPlay,2020,RightFoot,14657,Fulham,West Ham,0,0,2021-02-06 17:30:00,Aleksandar Mitrovic,Pass
2813,405171,77,MissedShots,0.9209999847412109,0.5379999923706055,0.11958300322294235,Ruben Loftus-Cheek,a,688,OpenPlay,2020,Head,14602,Burnley,Fulham,1,1,2021-02-17 18:00:00,Ivan Cavaleiro,Cross
2814,405766,18,MissedShots,0.8669999694824219,0.740999984741211,0.033081699162721634,Ruben Loftus-Cheek,h,688,OpenPlay,2020,LeftFoot,14679,Fulham,Sheffield United,1,0,2021-02-20 20:00:00,,BallRecovery
2815,405769,44,MissedShots,0.9130000305175782,0.47900001525878905,0.03455900028347969,Ruben Loftus-Cheek,h,688,FromCorner,2020,Head,14679,Fulham,Sheffield United,1,0,2021-02-20 20:00:00,Ademola Lookman,Aerial
2816,405771,52,BlockedShot,0.92,0.44299999237060544,0.4300670027732849,Ruben Loftus-Cheek,h,688,OpenPlay,2020,LeftFoot,14679,Fulham,Sheffield United,1,0,2021-02-20 20:00:00,,TakeOn
2817,405780,94,BlockedShot,0.8719999694824219,0.43599998474121093,0.08557820320129395,Ruben Loftus-Cheek,h,688,OpenPlay,2020,RightFoot,14679,Fulham,Sheffield United,1,0,2021-02-20 20:00:00,Ola Aina,Cross
2818,407069,57,SavedShot,0.8119999694824219,0.32799999237060545,0.02655860036611557,Ruben Loftus-Cheek,a,688,OpenPlay,2020,LeftFoot,14687,Crystal Palace,Fulham,0,0,2021-02-28 12:00:00,Bobby Reid,Pass
2819,407073,69,MissedShots,0.755,0.3579999923706055,0.018273700028657913,Ruben Loftus-Cheek,a,688,OpenPlay,2020,RightFoot,14687,Crystal Palace,Fulham,0,0,2021-02-28 12:00:00,Ivan Cavaleiro,LayOff
2820,408219,1,MissedShots,0.8619999694824219,0.28,0.036483101546764374,Ruben Loftus-Cheek,h,688,OpenPlay,2020,RightFoot,14757,Fulham,Tottenham,0,1,2021-03-04 18:00:00,Harrison Reed,BallRecovery
2821,408234,60,MissedShots,0.805,0.655,0.029899299144744873,Ruben Loftus-Cheek,h,688,OpenPlay,2020,RightFoot,14757,Fulham,Tottenham,0,1,2021-03-04 18:00:00,Ademola Lookman,Pass
2822,413227,40,BlockedShot,0.759000015258789,0.3729999923706055,0.01715420000255108,Ruben Loftus-Cheek,a,688,OpenPlay,2020,RightFoot,14726,Aston Villa,Fulham,3,1,2021-04-04 15:30:00,Kenny Tete,TakeOn
2823,413587,27,MissedShots,0.8969999694824219,0.51,0.23930099606513977,Ruben Loftus-Cheek,h,688,OpenPlay,2020,Head,14738,Fulham,Wolverhampton Wanderers,0,1,2021-04-09 19:00:00,Antonee Robinson,Cross
2824,421028,78,MissedShots,0.884000015258789,0.5659999847412109,0.03458090126514435,Ruben Loftus-Cheek,h,688,OpenPlay,2020,Head,14777,Fulham,Burnley,0,2,2021-05-10 19:00:00,Ivan Cavaleiro,Cross
2825,434877,8,MissedShots,0.925,0.43,0.07185190171003342,Ruben Loftus-Cheek,h,688,FromCorner,2021,Head,16438,Chelsea,Southampton,3,1,2021-10-02 14:00:00,Ben Chilwell,Cross
2826,434884,21,MissedShots,0.7980000305175782,0.40900001525878904,0.03887829929590225,Ruben Loftus-Cheek,h,688,OpenPlay,2021,RightFoot,16438,Chelsea,Southampton,3,1,2021-10-02 14:00:00,,Rebound
2827,437533,66,SavedShot,0.745999984741211,0.55,0.024350300431251526,Ruben Loftus-Cheek,h,688,OpenPlay,2021,RightFoot,16459,Chelsea,Norwich,7,0,2021-10-23 11:30:00,Ben Chilwell,Pass
2828,437537,78,SavedShot,0.7709999847412109,0.485,0.04381439834833145,Ruben Loftus-Cheek,h,688,OpenPlay,2021,RightFoot,16459,Chelsea,Norwich,7,0,2021-10-23 11:30:00,Ross Barkley,TakeOn
2829,439650,76,BlockedShot,0.855999984741211,0.42400001525878905,0.09430000185966492,Ruben Loftus-Cheek,a,688,OpenPlay,2021,RightFoot,16471,Newcastle United,Chelsea,0,3,2021-10-30 14:00:00,Reece James,Pass
2830,444834,71,BlockedShot,0.815,0.5320000076293945,0.05310229957103729,Ruben Loftus-Cheek,h,688,OpenPlay,2021,LeftFoot,16500,Chelsea,Manchester United,1,1,2021-11-28 16:30:00,Marcos Alonso,Pass
2831,444840,83,MissedShots,0.9280000305175782,0.475,0.08091650158166885,Ruben Loftus-Cheek,h,688,FromCorner,2021,OtherBodyPart,16500,Chelsea,Manchester United,1,1,2021-11-28 16:30:00,Hakim Ziyech,Cross
2832,445659,48,BlockedShot,0.815,0.47200000762939454,0.045822400599718094,Ruben Loftus-Cheek,a,688,OpenPlay,2021,RightFoot,16509,Watford,Chelsea,1,2,2021-12-01 19:30:00,Christian Pulisic,Pass
2833,445930,31,SavedShot,0.825999984741211,0.49700000762939456,0.07287870347499847,Ruben Loftus-Cheek,a,688,OpenPlay,2021,RightFoot,16524,West Ham,Chelsea,3,2,2021-12-04 12:30:00,,None
2834,445946,77,BlockedShot,0.8980000305175782,0.5820000076293945,0.013538099825382233,Ruben Loftus-Cheek,a,688,FromCorner,2021,Head,16524,West Ham,Chelsea,3,2,2021-12-04 12:30:00,Mason Mount,Aerial
2835,447702,13,MissedShots,0.7480000305175781,0.4540000152587891,0.021772900596261024,Ruben Loftus-Cheek,h,688,OpenPlay,2021,RightFoot,16530,Chelsea,Leeds,3,2,2021-12-11 15:00:00,,BallRecovery
2836,447705,15,BlockedShot,0.8140000152587891,0.5120000076293946,0.06451640278100967,Ruben Loftus-Cheek,h,688,OpenPlay,2021,LeftFoot,16530,Chelsea,Leeds,3,2,2021-12-11 15:00:00,Reece James,Pass
2837,447713,45,BlockedShot,0.8980000305175782,0.57,0.015073699876666069,Ruben Loftus-Cheek,h,688,FromCorner,2021,Head,16530,Chelsea,Leeds,3,2,2021-12-11 15:00:00,Mason Mount,Aerial
2838,449169,50,MissedShots,0.9519999694824218,0.48400001525878905,0.11544200032949448,Ruben Loftus-Cheek,h,688,FromCorner,2021,OtherBodyPart,16543,Chelsea,Everton,1,1,2021-12-16 19:45:00,Marcos Alonso,Aerial
2839,465240,30,SavedShot,0.7569999694824219,0.5970000076293945,0.021434800699353218,Ruben Loftus-Cheek,h,688,OpenPlay,2021,LeftFoot,16683,Chelsea,Brentford,1,4,2022-04-02 14:00:00,N&#039;Golo Kanté,Pass
2840,466737,44,SavedShot,0.9130000305175782,0.52,0.034647200256586075,Ruben Loftus-Cheek,a,688,FromCorner,2021,Head,16687,Southampton,Chelsea,0,6,2022-04-09 14:00:00,Marcos Alonso,Aerial
2841,472070,59,MissedShots,0.9,0.49900001525878906,0.0642772987484932,Ruben Loftus-Cheek,a,688,FromCorner,2021,Head,16724,Everton,Chelsea,1,0,2022-05-01 13:00:00,Mason Mount,Cross
2842,472078,78,SavedShot,0.715,0.4109999847412109,0.010858699679374695,Ruben Loftus-Cheek,a,688,OpenPlay,2021,LeftFoot,16724,Everton,Chelsea,1,0,2022-05-01 13:00:00,Reece James,TakeOn
2843,475156,51,MissedShots,0.794000015258789,0.500999984741211,0.05450569838285446,Ruben Loftus-Cheek,a,688,OpenPlay,2021,LeftFoot,16703,Leeds,Chelsea,0,3,2022-05-11 18:30:00,Romelu Lukaku,Pass
2844,481013,59,BlockedShot,0.8730000305175781,0.38299999237060545,0.10174699872732162,Ruben Loftus-Cheek,h,688,OpenPlay,2022,LeftFoot,18220,Chelsea,Tottenham,2,2,2022-08-14 15:30:00,Mason Mount,Pass
2845,482400,4,BlockedShot,0.9330000305175781,0.3770000076293945,0.11174699664115906,Ruben Loftus-Cheek,a,688,OpenPlay,2022,RightFoot,18228,Leeds,Chelsea,3,0,2022-08-21 13:00:00,Mason Mount,Pass
2846,482413,50,BlockedShot,0.769000015258789,0.455,0.027706900611519814,Ruben Loftus-Cheek,a,688,OpenPlay,2022,RightFoot,18228,Leeds,Chelsea,3,0,2022-08-21 13:00:00,Marc Cucurella,Pass
2847,483671,5,SavedShot,0.919000015258789,0.43599998474121093,0.4394339919090271,Ruben Loftus-Cheek,h,688,OpenPlay,2022,RightFoot,18235,Chelsea,Leicester,2,1,2022-08-27 14:00:00,Raheem Sterling,Pass
2848,491628,25,MissedShots,0.899000015258789,0.41,0.08712299913167953,Ruben Loftus-Cheek,h,688,OpenPlay,2022,RightFoot,18295,Chelsea,Wolverhampton Wanderers,3,0,2022-10-08 14:00:00,,None
2849,494460,44,MissedShots,0.7919999694824219,0.27600000381469725,0.020175300538539886,Ruben Loftus-Cheek,a,688,OpenPlay,2022,RightFoot,18314,Brentford,Chelsea,0,0,2022-10-19 18:30:00,Jorginho,Pass
2850,495175,42,SavedShot,0.8030000305175782,0.3340000152587891,0.027184799313545227,Ruben Loftus-Cheek,h,688,OpenPlay,2022,LeftFoot,18323,Chelsea,Manchester United,1,1,2022-10-22 15:30:00,,None
2851,495177,48,BlockedShot,0.754000015258789,0.7030000305175781,0.016391800716519356,Ruben Loftus-Cheek,h,688,OpenPlay,2022,RightFoot,18323,Chelsea,Manchester United,1,1,2022-10-22 15:30:00,Mateo Kovacic,Pass
2852,496508,13,OwnGoal,0.03700000047683716,0.524000015258789,0,Ruben Loftus-Cheek,a,688,FromCorner,2022,LeftFoot,18335,Brighton,Chelsea,4,1,2022-10-29 14:00:00,,Clearance
2853,496526,60,BlockedShot,0.7969999694824219,0.3139999961853027,0.02488739974796772,Ruben Loftus-Cheek,a,688,OpenPlay,2022,LeftFoot,18335,Brighton,Chelsea,4,1,2022-10-29 14:00:00,Mason Mount,Pass
2854,534186,16,MissedShots,0.9209999847412109,0.575,0.06954407691955566,Ruben Loftus-Cheek,a,688,FromCorner,2023,Head,22314,Bologna,AC Milan,0,2,2023-08-21 18:45:00,Tijjani Reijnders,Cross
2855,534190,28,MissedShots,0.909000015258789,0.3940000152587891,0.025525281205773354,Ruben Loftus-Cheek,a,688,FromCorner,2023,Head,22314,Bologna,AC Milan,0,2,2023-08-21 18:45:00,Christian Pulisic,Cross
2856,535058,55,SavedShot,0.8640000152587891,0.31799999237060544,0.07163959741592407,Ruben Loftus-Cheek,h,688,OpenPlay,2023,RightFoot,22317,AC Milan,Torino,4,1,2023-08-26 18:45:00,Olivier Giroud,Pass
2857,535835,5,BlockedShot,0.9069999694824219,0.3609999847412109,0.08977403491735458,Ruben Loftus-Cheek,a,688,OpenPlay,2023,RightFoot,22326,Roma,AC Milan,1,2,2023-09-01 18:45:00,Olivier Giroud,Pass
2858,535845,50,BlockedShot,0.8480000305175781,0.4759999847412109,0.10880548506975174,Ruben Loftus-Cheek,a,688,OpenPlay,2023,RightFoot,22326,Roma,AC Milan,1,2,2023-09-01 18:45:00,Rafael Leão,Pass
2859,537779,41,BlockedShot,0.860999984741211,0.3290000152587891,0.022600073367357254,Ruben Loftus-Cheek,a,688,OpenPlay,2023,RightFoot,22336,Inter,AC Milan,5,1,2023-09-16 16:00:00,Olivier Giroud,HeadPass
2860,540223,21,MissedShots,0.904000015258789,0.435,0.03036901354789734,Ruben Loftus-Cheek,a,688,OpenPlay,2023,Head,22355,Cagliari,AC Milan,1,3,2023-09-27 16:30:00,Yacine Adli,Aerial
2861,540225,25,BlockedShot,0.845999984741211,0.524000015258789,0.09082774072885513,Ruben Loftus-Cheek,a,688,OpenPlay,2023,LeftFoot,22355,Cagliari,AC Milan,1,3,2023-09-27 16:30:00,Theo Hernández,Pass
2862,540239,59,Goal,0.7419999694824219,0.5,0.022647058591246605,Ruben Loftus-Cheek,a,688,OpenPlay,2023,RightFoot,22355,Cagliari,AC Milan,1,3,2023-09-27 16:30:00,Christian Pulisic,Pass
2863,554584,19,SavedShot,0.8859999847412109,0.5479999923706055,0.014010275714099407,Ruben Loftus-Cheek,h,688,FromCorner,2023,Head,22459,AC Milan,Monza,3,0,2023-12-17 11:30:00,Alessandro Florenzi,Aerial
2864,554583,19,BlockedShot,0.8040000152587891,0.3139999961853027,0.03465856984257698,Ruben Loftus-Cheek,h,688,OpenPlay,2023,RightFoot,22459,AC Milan,Monza,3,0,2023-12-17 11:30:00,Theo Hernández,Pass
2865,556035,45,BlockedShot,0.950999984741211,0.5890000152587891,0.10403440147638321,Ruben Loftus-Cheek,a,688,SetPiece,2023,Head,22473,Salernitana,AC Milan,2,2,2023-12-22 19:45:00,Tijjani Reijnders,Cross
2866,556039,59,SavedShot,0.855,0.445,0.07988686114549637,Ruben Loftus-Cheek,a,688,OpenPlay,2023,LeftFoot,22473,Salernitana,AC Milan,2,2,2023-12-22 19:45:00,Tijjani Reijnders,Chipped
2867,556050,86,MissedShots,0.9169999694824219,0.535,0.04846878722310066,Ruben Loftus-Cheek,a,688,OpenPlay,2023,Head,22473,Salernitana,AC Milan,2,2,2023-12-22 19:45:00,Alessandro Florenzi,Aerial
2868,557053,5,BlockedShot,0.8080000305175781,0.34700000762939454,0.035200826823711395,Ruben Loftus-Cheek,h,688,OpenPlay,2023,RightFoot,22481,AC Milan,Sassuolo,1,0,2023-12-30 17:00:00,,BallRecovery
2869,557059,28,MissedShots,0.7440000152587891,0.5509999847412109,0.017569152638316154,Ruben Loftus-Cheek,h,688,OpenPlay,2023,RightFoot,22481,AC Milan,Sassuolo,1,0,2023-12-30 17:00:00,Rafael Leão,Pass
2870,557643,10,Goal,0.8619999694824219,0.5629999923706055,0.09763558208942413,Ruben Loftus-Cheek,a,688,OpenPlay,2023,RightFoot,22486,Empoli,AC Milan,0,3,2024-01-07 11:30:00,Rafael Leão,Pass
2871,557651,44,BlockedShot,0.919000015258789,0.669000015258789,0.049565382301807404,Ruben Loftus-Cheek,a,688,FromCorner,2023,LeftFoot,22486,Empoli,AC Milan,0,3,2024-01-07 11:30:00,,None
2872,557654,53,MissedShots,0.7340000152587891,0.44799999237060545,0.019941341131925583,Ruben Loftus-Cheek,a,688,OpenPlay,2023,RightFoot,22486,Empoli,AC Milan,0,3,2024-01-07 11:30:00,Rafael Leão,Pass
2873,558735,38,BlockedShot,0.8569999694824219,0.5209999847412109,0.09238559007644653,Ruben Loftus-Cheek,h,688,OpenPlay,2023,RightFoot,22500,AC Milan,Roma,3,1,2024-01-14 19:45:00,,None
2874,558739,48,BlockedShot,0.8869999694824219,0.705,0.053841669112443924,Ruben Loftus-Cheek,h,688,OpenPlay,2023,LeftFoot,22500,AC Milan,Roma,3,1,2024-01-14 19:45:00,Rafael Leão,Pass
2875,558740,50,MissedShots,0.76,0.355,0.026875149458646774,Ruben Loftus-Cheek,h,688,OpenPlay,2023,RightFoot,22500,AC Milan,Roma,3,1,2024-01-14 19:45:00,Tijjani Reijnders,Pass
2876,559136,30,Goal,0.86,0.524000015258789,0.10199107229709625,Ruben Loftus-Cheek,a,688,OpenPlay,2023,RightFoot,22513,Udinese,AC Milan,2,3,2024-01-20 19:45:00,Theo Hernández,Pass
2877,559994,44,Goal,0.9519999694824218,0.44,0.4856445789337158,Ruben Loftus-Cheek,h,688,OpenPlay,2023,RightFoot,22518,AC Milan,Bologna,2,2,2024-01-27 19:45:00,Davide Calabria,Cross
2878,560007,82,Goal,0.93,0.52,0.4180031418800354,Ruben Loftus-Cheek,h,688,OpenPlay,2023,Head,22518,AC Milan,Bologna,2,2,2024-01-27 19:45:00,Alessandro Florenzi,Cross
2879,564719,78,SavedShot,0.9169999694824219,0.5420000076293945,0.08109702169895172,Ruben Loftus-Cheek,a,688,OpenPlay,2023,Head,22548,Monza,AC Milan,4,2,2024-02-18 19:45:00,Tijjani Reijnders,Cross
2880,565895,19,MissedShots,0.9080000305175782,0.549000015258789,0.05596061050891876,Ruben Loftus-Cheek,h,688,OpenPlay,2023,Head,22560,AC Milan,Atalanta,1,1,2024-02-25 19:45:00,Alessandro Florenzi,Aerial
2881,565902,58,SavedShot,0.8530000305175781,0.644000015258789,0.06494142860174179,Ruben Loftus-Cheek,h,688,OpenPlay,2023,RightFoot,22560,AC Milan,Atalanta,1,1,2024-02-25 19:45:00,Christian Pulisic,Pass
2882,565906,67,MissedShots,0.87,0.5379999923706055,0.35460540652275085,Ruben Loftus-Cheek,h,688,OpenPlay,2023,RightFoot,22560,AC Milan,Atalanta,1,1,2024-02-25 19:45:00,Rafael Leão,Pass
2883,565909,76,SavedShot,0.7680000305175781,0.63,0.02480778656899929,Ruben Loftus-Cheek,h,688,OpenPlay,2023,RightFoot,22560,AC Milan,Atalanta,1,1,2024-02-25 19:45:00,Theo Hernández,Pass
2884,566218,73,SavedShot,0.8669999694824219,0.5109999847412109,0.07450451701879501,Ruben Loftus-Cheek,a,688,OpenPlay,2023,RightFoot,22568,Lazio,AC Milan,0,1,2024-03-01 19:45:00,Christian Pulisic,Cross
2885,568637,57,MissedShots,0.7669999694824219,0.3820000076293945,0.02344954013824463,Ruben Loftus-Cheek,h,688,OpenPlay,2023,RightFoot,22579,AC Milan,Empoli,1,0,2024-03-10 14:00:00,Ismael Bennacer,Pass
2886,568639,73,SavedShot,0.8030000305175782,0.6029999923706054,0.05436037853360176,Ruben Loftus-Cheek,h,688,OpenPlay,2023,LeftFoot,22579,AC Milan,Empoli,1,0,2024-03-10 14:00:00,Ismael Bennacer,BallRecovery
2887,571020,46,Goal,0.955,0.51,0.6691659092903137,Ruben Loftus-Cheek,a,688,OpenPlay,2023,LeftFoot,22601,Fiorentina,AC Milan,1,2,2024-03-30 19:45:00,Rafael Leão,Pass
2888,574236,46,BlockedShot,0.914000015258789,0.34,0.10358749330043793,Ruben Loftus-Cheek,a,688,OpenPlay,2023,RightFoot,22620,Sassuolo,AC Milan,3,3,2024-04-14 13:00:00,Samuel Chukwueze,Pass
2889,574238,49,BlockedShot,0.7859999847412109,0.41900001525878905,0.036212675273418427,Ruben Loftus-Cheek,a,688,OpenPlay,2023,LeftFoot,22620,Sassuolo,AC Milan,3,3,2024-04-14 13:00:00,Luka Jovic,Pass
2890,575912,26,BlockedShot,0.9259999847412109,0.585,0.02001691423356533,Ruben Loftus-Cheek,h,688,FromCorner,2023,Head,22633,AC Milan,Inter,1,2,2024-04-22 18:45:00,Yacine Adli,Aerial
2891,575924,50,MissedShots,0.915,0.509000015258789,0.12453335523605347,Ruben Loftus-Cheek,h,688,OpenPlay,2023,LeftFoot,22633,AC Milan,Inter,1,2,2024-04-22 18:45:00,,Rebound
2892,576962,34,MissedShots,0.91,0.5579999923706055,0.044515933841466904,Ruben Loftus-Cheek,a,688,OpenPlay,2023,Head,22638,Juventus,AC Milan,0,0,2024-04-27 16:00:00,Christian Pulisic,Aerial
2893,576968,59,BlockedShot,0.8180000305175781,0.3129999923706055,0.03146560862660408,Ruben Loftus-Cheek,a,688,OpenPlay,2023,RightFoot,22638,Juventus,AC Milan,0,0,2024-04-27 16:00:00,Tijjani Reijnders,Pass
2894,576970,65,MissedShots,0.6940000152587891,0.45299999237060545,0.013350315392017365,Ruben Loftus-Cheek,a,688,OpenPlay,2023,RightFoot,22638,Juventus,AC Milan,0,0,2024-04-27 16:00:00,Tijjani Reijnders,Pass
2895,591106,76,BlockedShot,0.8130000305175781,0.5579999923706055,0.040342677384614944,Ruben Loftus-Cheek,h,688,OpenPlay,2024,RightFoot,27398,AC Milan,Venezia,4,0,2024-09-14 18:45:00,Christian Pulisic,TakeOn
2896,591108,93,MissedShots,0.8059999847412109,0.4179999923706055,0.06352479755878448,Ruben Loftus-Cheek,h,688,OpenPlay,2024,RightFoot,27398,AC Milan,Venezia,4,0,2024-09-14 18:45:00,Emerson,Pass
2897,593696,60,MissedShots,0.8590000152587891,0.4829999923706055,0.09756795316934586,Ruben Loftus-Cheek,h,688,OpenPlay,2024,RightFoot,27417,AC Milan,Lecce,3,0,2024-09-27 18:45:00,Rafael Leão,BallTouch
2898,593702,76,SavedShot,0.915,0.41900001525878905,0.2091757357120514,Ruben Loftus-Cheek,h,688,OpenPlay,2024,Head,27417,AC Milan,Lecce,3,0,2024-09-27 18:45:00,Samuel Chukwueze,Cross
2899,597240,81,BlockedShot,0.9680000305175781,0.6730000305175782,0.07518386840820312,Ruben Loftus-Cheek,h,688,OpenPlay,2024,RightFoot,27440,AC Milan,Udinese,1,0,2024-10-19 16:00:00,Christian Pulisic,Pass
2900,599520,32,SavedShot,0.9180000305175782,0.4909999847412109,0.050190519541502,Ruben Loftus-Cheek,h,688,OpenPlay,2024,Head,27459,AC Milan,Napoli,0,2,2024-10-29 19:45:00,Samuel Chukwueze,Aerial
2901,317301,30,Goal,0.7280000305175781,0.34900001525878904,0.015166799537837505,Fikayo Tomori,a,703,FromCorner,2019,RightFoot,11688,Wolverhampton Wanderers,Chelsea,2,5,2019-09-14 14:00:00,,Dispossessed
2902,321273,58,BlockedShot,0.91,0.5109999847412109,0.03266119956970215,Fikayo Tomori,h,703,FromCorner,2019,Head,11701,Chelsea,Liverpool,1,2,2019-09-22 15:30:00,Mason Mount,Aerial
2903,325604,56,MissedShots,0.8569999694824219,0.5690000152587891,0.029728399589657784,Fikayo Tomori,h,703,SetPiece,2019,RightFoot,11725,Chelsea,Newcastle United,1,0,2019-10-19 15:00:00,,Aerial
2904,332402,14,MissedShots,0.879000015258789,0.4640000152587891,0.07365229725837708,Fikayo Tomori,a,703,FromCorner,2019,LeftFoot,11769,Manchester City,Chelsea,2,1,2019-11-23 17:30:00,Tammy Abraham,Pass
2905,333640,90,SavedShot,0.9219999694824219,0.4470000076293945,0.18007799983024597,Fikayo Tomori,h,703,SetPiece,2019,Head,11774,Chelsea,West Ham,0,1,2019-11-30 15:00:00,N&#039;Golo Kanté,CornerAwarded
2906,339532,21,SavedShot,0.945,0.5970000076293945,0.18797999620437622,Fikayo Tomori,h,703,FromCorner,2019,Head,11825,Chelsea,Southampton,0,2,2019-12-26 15:00:00,Callum Hudson-Odoi,Cross
2907,339913,49,MissedShots,0.9130000305175782,0.27899999618530275,0.043709199875593185,Fikayo Tomori,a,703,OpenPlay,2019,RightFoot,11833,Arsenal,Chelsea,1,2,2019-12-29 14:00:00,Willian,Pass
2908,407596,77,SavedShot,0.9669999694824218,0.42900001525878906,0.4432219862937927,Fikayo Tomori,a,703,SetPiece,2020,RightFoot,15663,Roma,AC Milan,1,2,2021-02-28 19:45:00,Theo Hernández,Chipped
2909,416318,26,BlockedShot,0.85,0.68,0.04070520028471947,Fikayo Tomori,h,703,FromCorner,2020,LeftFoot,15744,AC Milan,Sassuolo,1,2,2021-04-21 16:30:00,,Rebound
2910,418229,73,SavedShot,0.9009999847412109,0.39799999237060546,0.012714600190520287,Fikayo Tomori,a,703,FromCorner,2020,Head,15749,Lazio,AC Milan,3,0,2021-04-26 18:45:00,Brahim Diaz,Aerial
2911,418762,51,SavedShot,0.965999984741211,0.555,0.37167999148368835,Fikayo Tomori,h,703,FromCorner,2020,Head,15757,AC Milan,Benevento,2,0,2021-05-01 18:45:00,Alessio Romagnoli,HeadPass
2912,420883,81,Goal,0.9069999694824219,0.51,0.10861799865961075,Fikayo Tomori,a,703,SetPiece,2020,Head,15771,Juventus,AC Milan,0,3,2021-05-09 18:45:00,Hakan Calhanoglu,Cross
2913,429492,27,SavedShot,0.92,0.5570000076293945,0.08644069731235504,Fikayo Tomori,h,703,SetPiece,2021,RightFoot,16774,AC Milan,Cagliari,4,1,2021-08-29 18:45:00,,None
2914,430640,3,MissedShots,0.93,0.509000015258789,0.13996300101280212,Fikayo Tomori,h,703,SetPiece,2021,Head,16780,AC Milan,Lazio,2,0,2021-09-12 16:00:00,Rafael Leão,Cross
2915,432237,50,MissedShots,0.7119999694824218,0.500999984741211,0.013501799665391445,Fikayo Tomori,a,703,OpenPlay,2021,LeftFoot,16790,Juventus,AC Milan,1,1,2021-09-19 18:45:00,,None
2916,446019,61,SavedShot,0.919000015258789,0.575999984741211,0.019425900653004646,Fikayo Tomori,h,703,FromCorner,2021,Head,16910,AC Milan,Salernitana,2,0,2021-12-04 14:00:00,Alessandro Florenzi,Aerial
2917,447997,78,MissedShots,0.865,0.55,0.010212399996817112,Fikayo Tomori,a,703,SetPiece,2021,Head,16924,Udinese,AC Milan,1,1,2021-12-11 19:45:00,Sandro Tonali,Aerial
2918,461901,55,SavedShot,0.9169999694824219,0.4520000076293945,0.039571598172187805,Fikayo Tomori,a,703,FromCorner,2021,Head,17032,Napoli,AC Milan,0,1,2022-03-06 19:45:00,,Rebound
2919,466219,85,MissedShots,0.9309999847412109,0.5179999923706055,0.3614960014820099,Fikayo Tomori,h,703,FromCorner,2021,Head,17061,AC Milan,Bologna,0,0,2022-04-04 18:45:00,Sandro Tonali,Cross
2920,466223,94,MissedShots,0.9,0.49400001525878906,0.02201399952173233,Fikayo Tomori,h,703,FromCorner,2021,Head,17061,AC Milan,Bologna,0,0,2022-04-04 18:45:00,Theo Hernández,Aerial
2921,470874,56,MissedShots,0.9,0.43099998474121093,0.06509760022163391,Fikayo Tomori,a,703,SetPiece,2021,Head,17091,Lazio,AC Milan,1,2,2022-04-24 18:45:00,Theo Hernández,Cross
2922,474572,54,MissedShots,0.9,0.4570000076293945,0.03160259872674942,Fikayo Tomori,a,703,SetPiece,2021,Head,17108,Verona,AC Milan,1,3,2022-05-08 18:45:00,Theo Hernández,Aerial
2923,478055,8,BlockedShot,0.9330000305175781,0.48200000762939454,0.5283740162849426,Fikayo Tomori,a,703,FromCorner,2021,OtherBodyPart,17132,Sassuolo,AC Milan,0,3,2022-05-22 16:00:00,Olivier Giroud,None
2924,478062,22,MissedShots,0.9640000152587891,0.46900001525878904,0.6305429935455322,Fikayo Tomori,a,703,FromCorner,2021,LeftFoot,17132,Sassuolo,AC Milan,0,3,2022-05-22 16:00:00,Theo Hernández,Pass
2925,491729,45,Goal,0.9630000305175781,0.524000015258789,0.6713110208511353,Fikayo Tomori,h,703,FromCorner,2022,LeftFoot,18665,AC Milan,Juventus,2,0,2022-10-08 16:00:00,Olivier Giroud,Rebound
2926,498292,13,SavedShot,0.865999984741211,0.519000015258789,0.14021900296211243,Fikayo Tomori,h,703,OpenPlay,2022,RightFoot,18706,AC Milan,Spezia,2,1,2022-11-05 19:45:00,Rafael Leão,Pass
2927,498298,18,SavedShot,0.865,0.5690000152587891,0.026975899934768677,Fikayo Tomori,h,703,OpenPlay,2022,Head,18706,AC Milan,Spezia,2,1,2022-11-05 19:45:00,,None
2928,499234,58,MissedShots,0.7330000305175781,0.4809999847412109,0.015196099877357483,Fikayo Tomori,a,703,OpenPlay,2022,RightFoot,18712,Cremonese,AC Milan,0,0,2022-11-08 19:45:00,,None
2929,502287,57,BlockedShot,0.9690000152587891,0.515,0.7084910273551941,Fikayo Tomori,a,703,SetPiece,2022,LeftFoot,18737,Salernitana,AC Milan,1,2,2023-01-04 11:30:00,Olivier Giroud,None
2930,503671,2,MissedShots,0.8109999847412109,0.7069999694824218,0.02402609959244728,Fikayo Tomori,a,703,OpenPlay,2022,RightFoot,18756,Lecce,AC Milan,2,2,2023-01-14 17:00:00,Theo Hernández,Pass
2931,509818,28,SavedShot,0.89,0.6930000305175781,0.05140810087323189,Fikayo Tomori,a,703,OpenPlay,2022,LeftFoot,18805,Monza,AC Milan,0,1,2023-02-18 17:00:00,Theo Hernández,Chipped
2932,517258,70,BlockedShot,0.904000015258789,0.49599998474121093,0.07119929790496826,Fikayo Tomori,a,703,FromCorner,2022,Head,18859,Napoli,AC Milan,0,4,2023-04-02 18:45:00,Ismael Bennacer,Cross
2933,522859,49,MissedShots,0.9130000305175782,0.4879999923706055,0.09152287244796753,Fikayo Tomori,a,703,FromCorner,2022,RightFoot,18898,Roma,AC Milan,1,1,2023-04-29 16:00:00,Sandro Tonali,Cross
2934,535840,21,MissedShots,0.9130000305175782,0.524000015258789,0.03451172634959221,Fikayo Tomori,a,703,FromCorner,2023,Head,22326,Roma,AC Milan,1,2,2023-09-01 18:45:00,Christian Pulisic,Aerial
2935,540232,44,Goal,0.9819999694824219,0.5129999923706055,0.8949152231216431,Fikayo Tomori,a,703,FromCorner,2023,RightFoot,22355,Cagliari,AC Milan,1,3,2023-09-27 16:30:00,,None
2936,541412,65,BlockedShot,0.835,0.43,0.07799997180700302,Fikayo Tomori,h,703,OpenPlay,2023,RightFoot,22373,AC Milan,Lazio,2,0,2023-09-30 16:00:00,,BallRecovery
2937,541414,73,SavedShot,0.9,0.524000015258789,0.06041238084435463,Fikayo Tomori,h,703,FromCorner,2023,Head,22373,AC Milan,Lazio,2,0,2023-09-30 16:00:00,Christian Pulisic,Cross
2938,546351,2,BlockedShot,0.960999984741211,0.425,0.10592330247163773,Fikayo Tomori,a,703,FromCorner,2023,Head,22404,Napoli,AC Milan,2,2,2023-10-29 19:45:00,Theo Hernández,Cross
2939,551349,73,Goal,0.9519999694824218,0.51,0.5525349974632263,Fikayo Tomori,h,703,FromCorner,2023,RightFoot,22440,AC Milan,Frosinone,3,1,2023-12-02 19:45:00,Luka Jovic,HeadPass
2940,553042,26,BlockedShot,0.9269999694824219,0.425,0.07462592422962189,Fikayo Tomori,a,703,FromCorner,2023,LeftFoot,22445,Atalanta,AC Milan,3,2,2023-12-09 17:00:00,Alessandro Florenzi,Cross
2941,553070,95,MissedShots,0.7969999694824219,0.645,0.026125676929950714,Fikayo Tomori,a,703,OpenPlay,2023,RightFoot,22445,Atalanta,AC Milan,3,2,2023-12-09 17:00:00,Olivier Giroud,BallTouch
2942,556024,16,Goal,0.955999984741211,0.49400001525878906,0.5250603556632996,Fikayo Tomori,a,703,SetPiece,2023,Head,22473,Salernitana,AC Milan,2,2,2023-12-22 19:45:00,,None
2943,568625,12,MissedShots,0.8830000305175781,0.5640000152587891,0.020178617909550667,Fikayo Tomori,h,703,FromCorner,2023,Head,22579,AC Milan,Empoli,1,0,2024-03-10 14:00:00,Tijjani Reijnders,Foul
2944,568628,16,MissedShots,0.9030000305175782,0.5770000076293945,0.015374472364783287,Fikayo Tomori,h,703,FromCorner,2023,Head,22579,AC Milan,Empoli,1,0,2024-03-10 14:00:00,Ismael Bennacer,Aerial
2945,569840,3,MissedShots,0.9230000305175782,0.509000015258789,0.45322585105895996,Fikayo Tomori,a,703,SetPiece,2023,RightFoot,22588,Verona,AC Milan,1,3,2024-03-17 14:00:00,Theo Hernández,Cross
2946,571009,16,SavedShot,0.9059999847412109,0.4379999923706055,0.022304166108369827,Fikayo Tomori,a,703,FromCorner,2023,Head,22601,Fiorentina,AC Milan,1,2,2024-03-30 19:45:00,,Aerial
2947,575917,32,MissedShots,0.8619999694824219,0.5109999847412109,0.031326163560152054,Fikayo Tomori,h,703,SetPiece,2023,Head,22633,AC Milan,Inter,1,2,2024-04-22 18:45:00,Davide Calabria,Cross
2948,575930,79,Goal,0.9740000152587891,0.4779999923706055,0.6254507899284363,Fikayo Tomori,h,703,FromCorner,2023,Head,22633,AC Milan,Inter,1,2,2024-04-22 18:45:00,,Rebound
2949,583343,14,MissedShots,0.909000015258789,0.485,0.030983803793787956,Fikayo Tomori,h,703,FromCorner,2023,Head,22682,AC Milan,Salernitana,3,3,2024-05-25 18:45:00,Alessandro Florenzi,Aerial
2950,583348,31,SavedShot,0.9169999694824219,0.575,0.0572206974029541,Fikayo Tomori,h,703,FromCorner,2023,Head,22682,AC Milan,Salernitana,3,3,2024-05-25 18:45:00,Alessandro Florenzi,Cross
2951,585069,75,MissedShots,0.894000015258789,0.5259999847412109,0.02182174287736416,Fikayo Tomori,h,703,FromCorner,2024,Head,27365,AC Milan,Torino,2,2,2024-08-17 18:45:00,Yunus Musah,Aerial
2952,593279,64,MissedShots,0.9109999847412109,0.4540000152587891,0.10247615724802017,Fikayo Tomori,a,703,FromCorner,2024,RightFoot,27406,Inter,AC Milan,1,2,2024-09-22 18:45:00,Christian Pulisic,Pass
2953,94711,47,MissedShots,0.750999984741211,0.3089999961853027,0.016867099329829216,Davide Calabria,a,1574,OpenPlay,2015,LeftFoot,591,Udinese,AC Milan,2,3,2015-09-22 22:45:00,Keisuke Honda,Pass
2954,146016,33,BlockedShot,0.7390000152587891,0.7419999694824219,0.011254199780523777,Davide Calabria,a,1574,OpenPlay,2016,RightFoot,960,Sampdoria,AC Milan,0,1,2016-09-16 22:45:00,Gianluca Lapadula,Pass
2955,146025,74,BlockedShot,0.73,0.6580000305175782,0.013334100134670734,Davide Calabria,a,1574,FromCorner,2016,RightFoot,960,Sampdoria,AC Milan,0,1,2016-09-16 22:45:00,,None
2956,144704,5,MissedShots,0.8519999694824218,0.669000015258789,0.031962800770998,Davide Calabria,a,1574,FromCorner,2016,RightFoot,3539,Torino,AC Milan,2,2,2017-01-16 23:45:00,,None
2957,144719,38,BlockedShot,0.705,0.5029999923706054,0.018714100122451782,Davide Calabria,a,1574,FromCorner,2016,RightFoot,3539,Torino,AC Milan,2,2,2017-01-16 23:45:00,Suso,Pass
2958,144741,83,MissedShots,0.845999984741211,0.769000015258789,0.04046180099248886,Davide Calabria,a,1574,OpenPlay,2016,RightFoot,3539,Torino,AC Milan,2,2,2017-01-16 23:45:00,Mario Pasalic,TakeOn
2959,145228,94,MissedShots,0.7190000152587891,0.565,0.013140399940311909,Davide Calabria,h,1574,OpenPlay,2016,RightFoot,3541,AC Milan,Napoli,1,2,2017-01-21 19:45:00,,Dispossessed
2960,150011,23,BlockedShot,0.745999984741211,0.30100000381469727,0.013092800043523312,Davide Calabria,a,1574,OpenPlay,2016,LeftFoot,3639,Pescara,AC Milan,1,1,2017-04-02 14:00:00,,None
2961,151583,81,MissedShots,0.7190000152587891,0.4540000152587891,0.013162500225007534,Davide Calabria,h,1574,SetPiece,2016,RightFoot,3665,AC Milan,Empoli,1,2,2017-04-23 14:00:00,Cristian Zapata,BallTouch
2962,154214,43,SavedShot,0.8619999694824219,0.3029999923706055,0.041544899344444275,Davide Calabria,a,1574,OpenPlay,2016,LeftFoot,3717,Cagliari,AC Milan,2,1,2017-05-28 14:00:00,Carlos Bacca,TakeOn
2963,173464,72,SavedShot,0.8059999847412109,0.27299999237060546,0.028661800548434258,Davide Calabria,h,1574,OpenPlay,2017,RightFoot,7533,AC Milan,Udinese,2,1,2017-09-17 14:00:00,Patrick Cutrone,Pass
2964,184831,0,SavedShot,0.8619999694824219,0.29200000762939454,0.04021180048584938,Davide Calabria,a,1574,OpenPlay,2017,LeftFoot,7664,Verona,AC Milan,3,0,2017-12-17 11:30:00,Suso,Pass
2965,186804,72,BlockedShot,0.9,0.34,0.06861220300197601,Davide Calabria,h,1574,OpenPlay,2017,LeftFoot,7691,AC Milan,Crotone,1,0,2018-01-06 14:00:00,,Rebound
2966,189410,41,BlockedShot,0.7919999694824219,0.28700000762939454,0.020058199763298035,Davide Calabria,a,1574,OpenPlay,2017,RightFoot,7704,Cagliari,AC Milan,1,2,2018-01-21 17:00:00,Nikola Kalinic,Pass
2967,190478,59,MissedShots,0.695,0.605999984741211,0.01199520006775856,Davide Calabria,h,1574,FromCorner,2017,LeftFoot,7716,AC Milan,Lazio,2,1,2018-01-28 14:00:00,,Aerial
2968,196966,87,SavedShot,0.884000015258789,0.34,0.1102840006351471,Davide Calabria,h,1574,OpenPlay,2017,RightFoot,7748,AC Milan,Sampdoria,1,0,2018-02-18 19:45:00,André Silva,Pass
2969,198093,73,Goal,0.904000015258789,0.43099998474121093,0.4183970093727112,Davide Calabria,a,1574,OpenPlay,2017,RightFoot,7753,Roma,AC Milan,0,2,2018-02-25 19:45:00,Nikola Kalinic,Throughball
2970,210690,40,MissedShots,0.8540000152587891,0.24899999618530275,0.024666300043463707,Davide Calabria,h,1574,OpenPlay,2017,RightFoot,7829,AC Milan,Benevento,0,1,2018-04-21 18:45:00,,None
2971,220484,48,Goal,0.894000015258789,0.33299999237060546,0.07527279853820801,Davide Calabria,a,1574,OpenPlay,2018,RightFoot,9588,Napoli,AC Milan,3,2,2018-08-25 21:30:00,Suso,Pass
2972,221298,15,MissedShots,0.91,0.345,0.12304999679327011,Davide Calabria,h,1574,OpenPlay,2018,RightFoot,9597,AC Milan,Roma,2,1,2018-08-31 21:30:00,Hakan Calhanoglu,Throughball
2973,253833,32,MissedShots,0.7909999847412109,0.28,0.022198999300599098,Davide Calabria,h,1574,OpenPlay,2018,LeftFoot,9711,AC Milan,Parma Calcio 1913,2,1,2018-12-02 11:30:00,Suso,Pass
2974,254279,33,BlockedShot,0.7780000305175782,0.365,0.01829100027680397,Davide Calabria,h,1574,FromCorner,2018,LeftFoot,9719,AC Milan,Torino,0,0,2018-12-09 19:30:00,,None
2975,254614,48,MissedShots,0.7680000305175781,0.40299999237060546,0.019809799268841743,Davide Calabria,h,1574,OpenPlay,2018,LeftFoot,9738,AC Milan,Fiorentina,0,1,2018-12-22 14:00:00,Gonzalo Higuaín,Pass
2976,254923,69,BlockedShot,0.7780000305175782,0.3,0.015930600464344025,Davide Calabria,a,1574,OpenPlay,2018,LeftFoot,9751,Frosinone,AC Milan,0,0,2018-12-26 11:30:00,,None
2977,263728,76,SavedShot,0.8419999694824218,0.47,0.08478769659996033,Davide Calabria,h,1574,OpenPlay,2018,RightFoot,9762,AC Milan,SPAL 2013,2,1,2018-12-29 19:30:00,,None
2978,277439,46,MissedShots,0.7230000305175781,0.3029999923706055,0.016790999099612236,Davide Calabria,h,1574,OpenPlay,2018,LeftFoot,9802,AC Milan,Cagliari,3,0,2019-02-10 19:30:00,Franck Kessié,Pass
2979,277447,64,MissedShots,0.8569999694824219,0.2620000076293945,0.047431398183107376,Davide Calabria,h,1574,OpenPlay,2018,LeftFoot,9802,AC Milan,Cagliari,3,0,2019-02-10 19:30:00,Suso,Pass
2980,278046,79,BlockedShot,0.840999984741211,0.33099998474121095,0.054823800921440125,Davide Calabria,h,1574,OpenPlay,2018,LeftFoot,9835,AC Milan,Sassuolo,1,0,2019-03-02 17:00:00,Suso,Pass
2981,313223,90,MissedShots,0.8219999694824218,0.3029999923706055,0.04119409993290901,Davide Calabria,a,1574,OpenPlay,2019,RightFoot,13091,Udinese,AC Milan,1,0,2019-08-25 17:00:00,,TakeOn
2982,318283,56,ShotOnPost,0.7780000305175782,0.2670000076293945,0.013402599841356277,Davide Calabria,a,1574,OpenPlay,2019,RightFoot,13112,Verona,AC Milan,0,1,2019-09-15 18:45:00,,None
2983,323559,7,MissedShots,0.7609999847412109,0.3509999847412109,0.016668399795889854,Davide Calabria,h,1574,OpenPlay,2019,RightFoot,13143,AC Milan,Fiorentina,1,3,2019-09-29 18:45:00,,None
2984,323577,67,MissedShots,0.7780000305175782,0.285,0.017406199127435684,Davide Calabria,h,1574,OpenPlay,2019,RightFoot,13143,AC Milan,Fiorentina,1,3,2019-09-29 18:45:00,Suso,Pass
2985,354152,34,BlockedShot,0.6680000305175782,0.43400001525878906,0.009721090085804462,Davide Calabria,a,1574,SetPiece,2019,RightFoot,13269,Cagliari,AC Milan,0,2,2020-01-11 14:00:00,,Rebound
2986,357192,57,MissedShots,0.884000015258789,0.295,0.04702639952301979,Davide Calabria,h,1574,OpenPlay,2019,RightFoot,13305,AC Milan,Verona,1,1,2020-02-02 14:00:00,Samu Castillejo,Pass
2987,357195,68,MissedShots,0.8519999694824218,0.375,0.06679879873991013,Davide Calabria,h,1574,OpenPlay,2019,LeftFoot,13305,AC Milan,Verona,1,1,2020-02-02 14:00:00,Hakan Calhanoglu,Pass
2988,359596,14,MissedShots,0.700999984741211,0.47200000762939454,0.012270799838006496,Davide Calabria,h,1574,FromCorner,2019,RightFoot,13325,AC Milan,Torino,1,0,2020-02-17 19:45:00,,Aerial
2989,368248,49,MissedShots,0.899000015258789,0.27399999618530274,0.02706330083310604,Davide Calabria,a,1574,OpenPlay,2019,RightFoot,13375,SPAL 2013,AC Milan,2,2,2020-07-01 19:45:00,Alessio Romagnoli,Chipped
2990,372424,91,Goal,0.9209999847412109,0.4520000076293945,0.14815300703048706,Davide Calabria,h,1574,OpenPlay,2019,RightFoot,13424,AC Milan,Bologna,5,1,2020-07-18 19:45:00,Rafael Leão,Pass
2991,373068,68,MissedShots,0.9069999694824219,0.24899999618530275,0.03663640096783638,Davide Calabria,a,1574,OpenPlay,2019,RightFoot,13435,Sassuolo,AC Milan,1,2,2020-07-21 19:45:00,Hakan Calhanoglu,Pass
2992,373074,80,MissedShots,0.755,0.4,0.016506899148225784,Davide Calabria,a,1574,FromCorner,2019,RightFoot,13435,Sassuolo,AC Milan,1,2,2020-07-21 19:45:00,,None
2993,374153,7,SavedShot,0.8290000152587891,0.3609999847412109,0.044932398945093155,Davide Calabria,a,1574,OpenPlay,2019,RightFoot,13456,Sampdoria,AC Milan,1,4,2020-07-29 17:30:00,,Rebound
2994,386958,86,BlockedShot,0.7430000305175781,0.3370000076293945,0.017357800155878067,Davide Calabria,h,1574,OpenPlay,2020,RightFoot,15492,AC Milan,Verona,2,2,2020-11-08 19:45:00,,Rebound
2995,386962,94,SavedShot,0.89,0.38599998474121094,0.06743019819259644,Davide Calabria,h,1574,OpenPlay,2020,RightFoot,15492,AC Milan,Verona,2,2,2020-11-08 19:45:00,Ante Rebic,Cross
2996,388217,33,BlockedShot,0.725999984741211,0.41900001525878905,0.020660599693655968,Davide Calabria,a,1574,OpenPlay,2020,RightFoot,15500,Napoli,AC Milan,1,3,2020-11-22 19:45:00,Franck Kessié,Pass
2997,393192,51,Goal,0.7769999694824219,0.2610000038146973,0.018038500100374222,Davide Calabria,a,1574,OpenPlay,2020,RightFoot,15538,Genoa,AC Milan,2,2,2020-12-16 19:45:00,Hakan Calhanoglu,Pass
2998,393202,93,MissedShots,0.74,0.63,0.01445860043168068,Davide Calabria,a,1574,FromCorner,2020,RightFoot,15538,Genoa,AC Milan,2,2,2020-12-16 19:45:00,,None
2999,397512,5,MissedShots,0.7969999694824219,0.6530000305175782,0.02184000052511692,Davide Calabria,h,1574,FromCorner,2020,LeftFoot,15581,AC Milan,Juventus,1,3,2021-01-06 19:45:00,,BallTouch
3000,397525,32,MissedShots,0.7340000152587891,0.30100000381469727,0.014738800004124641,Davide Calabria,h,1574,OpenPlay,2020,RightFoot,15581,AC Milan,Juventus,1,3,2021-01-06 19:45:00,Hakan Calhanoglu,Pass
3001,397528,40,Goal,0.85,0.47400001525878904,0.1260489970445633,Davide Calabria,h,1574,OpenPlay,2020,RightFoot,15581,AC Milan,Juventus,1,3,2021-01-06 19:45:00,Rafael Leão,Pass
3002,397953,5,BlockedShot,0.7769999694824219,0.34299999237060547,0.02231379970908165,Davide Calabria,h,1574,OpenPlay,2020,RightFoot,15590,AC Milan,Torino,2,0,2021-01-09 19:45:00,Samu Castillejo,Pass
3003,399615,24,SavedShot,0.7030000305175781,0.34,0.014540099538862705,Davide Calabria,a,1574,OpenPlay,2020,RightFoot,15598,Cagliari,AC Milan,0,2,2021-01-18 19:45:00,Franck Kessié,Pass
3004,399620,35,ShotOnPost,0.8590000152587891,0.3890000152587891,0.07743579894304276,Davide Calabria,a,1574,OpenPlay,2020,LeftFoot,15598,Cagliari,AC Milan,0,2,2021-01-18 19:45:00,Franck Kessié,None
3005,400549,62,BlockedShot,0.8440000152587891,0.40299999237060546,0.05885839834809303,Davide Calabria,h,1574,OpenPlay,2020,LeftFoot,15611,AC Milan,Atalanta,0,3,2021-01-23 17:00:00,Franck Kessié,BallTouch
3006,400550,63,BlockedShot,0.8030000305175782,0.36700000762939455,0.0282089002430439,Davide Calabria,h,1574,SetPiece,2020,RightFoot,15611,AC Milan,Atalanta,0,3,2021-01-23 17:00:00,Sandro Tonali,Pass
3007,401528,40,SavedShot,0.925,0.5029999923706054,0.46845299005508423,Davide Calabria,a,1574,OpenPlay,2020,Head,15619,Bologna,AC Milan,1,2,2021-01-30 14:00:00,Zlatan Ibrahimovic,HeadPass
3008,401531,44,MissedShots,0.8980000305175782,0.345,0.0707302987575531,Davide Calabria,a,1574,OpenPlay,2020,RightFoot,15619,Bologna,AC Milan,1,2,2021-01-30 14:00:00,,Rebound
3009,401536,60,SavedShot,0.8590000152587891,0.31,0.06717439740896225,Davide Calabria,a,1574,OpenPlay,2020,RightFoot,15619,Bologna,AC Milan,1,2,2021-01-30 14:00:00,Theo Hernández,Pass
3010,403721,15,SavedShot,0.9840000152587891,0.45,0.6274970173835754,Davide Calabria,h,1574,OpenPlay,2020,Head,15628,AC Milan,Crotone,4,0,2021-02-07 14:00:00,Ante Rebic,HeadPass
3011,408087,88,BlockedShot,0.889000015258789,0.6329999923706054,0.05849650129675865,Davide Calabria,h,1574,OpenPlay,2020,LeftFoot,15672,AC Milan,Udinese,1,1,2021-03-03 19:45:00,,Rebound
3012,408086,88,BlockedShot,0.8209999847412109,0.5320000076293945,0.051349200308322906,Davide Calabria,h,1574,OpenPlay,2020,LeftFoot,15672,AC Milan,Udinese,1,1,2021-03-03 19:45:00,Alexis Saelemaekers,Pass
3013,416314,16,MissedShots,0.89,0.3629999923706055,0.011944199912250042,Davide Calabria,h,1574,OpenPlay,2020,Head,15744,AC Milan,Sassuolo,1,2,2021-04-21 16:30:00,Hakan Calhanoglu,Aerial
3014,418227,64,MissedShots,0.8440000152587891,0.3120000076293945,0.04479900002479553,Davide Calabria,a,1574,OpenPlay,2020,RightFoot,15749,Lazio,AC Milan,3,0,2021-04-26 18:45:00,Rafael Leão,Pass
3015,422820,14,MissedShots,0.7140000152587891,0.4570000076293945,0.008853020146489143,Davide Calabria,h,1574,SetPiece,2020,RightFoot,15788,AC Milan,Cagliari,0,0,2021-05-16 18:45:00,,Aerial
3016,422825,30,MissedShots,0.73,0.34900001525878904,0.015213299542665482,Davide Calabria,h,1574,OpenPlay,2020,RightFoot,15788,AC Milan,Cagliari,0,0,2021-05-16 18:45:00,Hakan Calhanoglu,Pass
3017,422830,51,MissedShots,0.764000015258789,0.45599998474121095,0.019101200625300407,Davide Calabria,h,1574,FromCorner,2020,RightFoot,15788,AC Milan,Cagliari,0,0,2021-05-16 18:45:00,,None
3018,428041,60,MissedShots,0.785,0.3559999847412109,0.03327849879860878,Davide Calabria,a,1574,OpenPlay,2021,LeftFoot,16765,Sampdoria,AC Milan,0,1,2021-08-23 18:45:00,Sandro Tonali,Pass
3019,429489,19,MissedShots,0.6940000152587891,0.33099998474121095,0.014373100362718105,Davide Calabria,h,1574,OpenPlay,2021,RightFoot,16774,AC Milan,Cagliari,4,1,2021-08-29 18:45:00,Brahim Diaz,Pass
3020,430642,10,BlockedShot,0.8669999694824219,0.34099998474121096,0.05944019928574562,Davide Calabria,h,1574,OpenPlay,2021,RightFoot,16780,AC Milan,Lazio,2,0,2021-09-12 16:00:00,Ante Rebic,Pass
3021,430645,23,MissedShots,0.9080000305175782,0.34099998474121096,0.08178850263357162,Davide Calabria,h,1574,OpenPlay,2021,RightFoot,16780,AC Milan,Lazio,2,0,2021-09-12 16:00:00,Ante Rebic,Pass
3022,430648,30,MissedShots,0.765,0.29,0.012535699643194675,Davide Calabria,h,1574,OpenPlay,2021,RightFoot,16780,AC Milan,Lazio,2,0,2021-09-12 16:00:00,,Rebound
3023,435828,0,SavedShot,0.8859999847412109,0.5029999923706054,0.3886840045452118,Davide Calabria,a,1574,OpenPlay,2021,RightFoot,16816,Atalanta,AC Milan,2,3,2021-10-03 18:45:00,Theo Hernández,Throughball
3024,435829,0,Goal,0.95,0.5459999847412109,0.5924950242042542,Davide Calabria,a,1574,OpenPlay,2021,LeftFoot,16816,Atalanta,AC Milan,2,3,2021-10-03 18:45:00,,Rebound
3025,435848,61,BlockedShot,0.7959999847412109,0.4640000152587891,0.04498659819364548,Davide Calabria,a,1574,OpenPlay,2021,LeftFoot,16816,Atalanta,AC Milan,2,3,2021-10-03 18:45:00,,None
3026,436542,26,MissedShots,0.8009999847412109,0.46099998474121096,0.05020759999752045,Davide Calabria,h,1574,OpenPlay,2021,RightFoot,16831,AC Milan,Verona,3,2,2021-10-16 18:45:00,Daniel Maldini,Pass
3027,436549,50,BlockedShot,0.8159999847412109,0.285,0.01698409952223301,Davide Calabria,h,1574,OpenPlay,2021,LeftFoot,16831,AC Milan,Verona,3,2,2021-10-16 18:45:00,Rade Krunic,Pass
3028,436550,54,BlockedShot,0.8430000305175781,0.46799999237060547,0.16743099689483643,Davide Calabria,h,1574,OpenPlay,2021,LeftFoot,16831,AC Milan,Verona,3,2,2021-10-16 18:45:00,Olivier Giroud,TakeOn
3029,436552,57,BlockedShot,0.745999984741211,0.4879999923706055,0.023035800084471703,Davide Calabria,h,1574,FromCorner,2021,RightFoot,16831,AC Milan,Verona,3,2,2021-10-16 18:45:00,Rade Krunic,Pass
3030,438021,34,Goal,0.8690000152587891,0.46599998474121096,0.1019819974899292,Davide Calabria,a,1574,OpenPlay,2021,RightFoot,16837,Bologna,AC Milan,2,4,2021-10-23 18:45:00,,Rebound
3031,438022,40,BlockedShot,0.94,0.34400001525878904,0.13780799508094788,Davide Calabria,a,1574,OpenPlay,2021,LeftFoot,16837,Bologna,AC Milan,2,4,2021-10-23 18:45:00,Rafael Leão,Throughball
3032,438025,60,BlockedShot,0.805,0.5059999847412109,0.039635900408029556,Davide Calabria,a,1574,SetPiece,2021,RightFoot,16837,Bologna,AC Milan,2,4,2021-10-23 18:45:00,,None
3033,438031,79,MissedShots,0.8159999847412109,0.45799999237060546,0.029166700318455696,Davide Calabria,a,1574,OpenPlay,2021,RightFoot,16837,Bologna,AC Milan,2,4,2021-10-23 18:45:00,Zlatan Ibrahimovic,Chipped
3034,442112,87,BlockedShot,0.7959999847412109,0.38,0.030991999432444572,Davide Calabria,h,1574,OpenPlay,2021,LeftFoot,16870,AC Milan,Inter,1,1,2021-11-07 19:45:00,Alexis Saelemaekers,Pass
3035,453924,70,BlockedShot,0.8590000152587891,0.5529999923706055,0.059843599796295166,Davide Calabria,h,1574,OpenPlay,2021,LeftFoot,16970,AC Milan,Spezia,1,2,2022-01-17 17:30:00,Zlatan Ibrahimovic,HeadPass
3036,453925,80,BlockedShot,0.769000015258789,0.37400001525878906,0.012101800180971622,Davide Calabria,h,1574,OpenPlay,2021,RightFoot,16970,AC Milan,Spezia,1,2,2022-01-17 17:30:00,,Aerial
3037,455441,29,MissedShots,0.7719999694824219,0.46700000762939453,0.030342699959874153,Davide Calabria,h,1574,OpenPlay,2021,LeftFoot,16982,AC Milan,Juventus,0,0,2022-01-23 19:45:00,Junior Messias,Pass
3038,455443,31,MissedShots,0.735,0.5129999923706055,0.015429999679327011,Davide Calabria,h,1574,FromCorner,2021,RightFoot,16982,AC Milan,Juventus,0,0,2022-01-23 19:45:00,,None
3039,458512,39,MissedShots,0.8009999847412109,0.34900001525878904,0.023144999518990517,Davide Calabria,a,1574,OpenPlay,2021,RightFoot,17012,Salernitana,AC Milan,2,2,2022-02-19 19:45:00,,Rebound
3040,459313,26,MissedShots,0.8109999847412109,0.27700000762939453,0.024472299963235855,Davide Calabria,h,1574,OpenPlay,2021,RightFoot,17021,AC Milan,Udinese,1,1,2022-02-25 17:45:00,Brahim Diaz,Pass
3041,459316,37,BlockedShot,0.7169999694824218,0.3940000152587891,0.009793680161237717,Davide Calabria,h,1574,SetPiece,2021,RightFoot,17021,AC Milan,Udinese,1,1,2022-02-25 17:45:00,,None
3042,461895,48,MissedShots,0.8109999847412109,0.35400001525878905,0.02236280031502247,Davide Calabria,a,1574,SetPiece,2021,RightFoot,17032,Napoli,AC Milan,0,1,2022-03-06 19:45:00,Junior Messias,Rebound
3043,464200,73,BlockedShot,0.7809999847412109,0.3729999923706055,0.04811450093984604,Davide Calabria,a,1574,OpenPlay,2021,RightFoot,17047,Cagliari,AC Milan,0,1,2022-03-19 19:45:00,,TakeOn
3044,464204,83,SavedShot,0.9,0.5520000076293945,0.5466560125350952,Davide Calabria,a,1574,OpenPlay,2021,RightFoot,17047,Cagliari,AC Milan,0,1,2022-03-19 19:45:00,Ante Rebic,Pass
3045,466197,28,MissedShots,0.845999984741211,0.4209999847412109,0.04283260181546211,Davide Calabria,h,1574,OpenPlay,2021,RightFoot,17061,AC Milan,Bologna,0,0,2022-04-04 18:45:00,Olivier Giroud,HeadPass
3046,466212,60,MissedShots,0.8930000305175781,0.3220000076293945,0.11647199839353561,Davide Calabria,h,1574,OpenPlay,2021,RightFoot,17061,AC Milan,Bologna,0,0,2022-04-04 18:45:00,Rafael Leão,Throughball
3047,467647,23,SavedShot,0.885,0.365,0.09191790223121643,Davide Calabria,a,1574,OpenPlay,2021,LeftFoot,17074,Torino,AC Milan,0,0,2022-04-10 18:45:00,,TakeOn
3048,472117,41,MissedShots,0.8069999694824219,0.4570000076293945,0.03837810084223747,Davide Calabria,h,1574,OpenPlay,2021,RightFoot,17100,AC Milan,Fiorentina,1,0,2022-05-01 13:00:00,,Rebound
3049,472116,41,BlockedShot,0.7980000305175782,0.4570000076293945,0.03360519930720329,Davide Calabria,h,1574,SetPiece,2021,RightFoot,17100,AC Milan,Fiorentina,1,0,2022-05-01 13:00:00,,None
3050,474560,18,SavedShot,0.909000015258789,0.39599998474121095,0.37939199805259705,Davide Calabria,a,1574,OpenPlay,2021,RightFoot,17108,Verona,AC Milan,1,3,2022-05-08 18:45:00,Sandro Tonali,Pass
3051,474568,40,BlockedShot,0.784000015258789,0.40700000762939453,0.029524900019168854,Davide Calabria,a,1574,OpenPlay,2021,LeftFoot,17108,Verona,AC Milan,1,3,2022-05-08 18:45:00,,None
3052,474579,79,SavedShot,0.7380000305175781,0.305,0.01728159934282303,Davide Calabria,a,1574,OpenPlay,2021,RightFoot,17108,Verona,AC Milan,1,3,2022-05-08 18:45:00,,BallRecovery
3053,478081,88,SavedShot,0.9219999694824219,0.41900001525878905,0.5297799706459045,Davide Calabria,a,1574,OpenPlay,2021,RightFoot,17132,Sassuolo,AC Milan,0,3,2022-05-22 16:00:00,Franck Kessié,None
3054,482816,44,MissedShots,0.7390000152587891,0.5270000076293946,0.015783900395035744,Davide Calabria,a,1574,FromCorner,2022,RightFoot,18599,Atalanta,AC Milan,1,1,2022-08-21 18:45:00,,None
3055,483998,68,MissedShots,0.7469999694824219,0.445,0.040522098541259766,Davide Calabria,h,1574,OpenPlay,2022,RightFoot,18606,AC Milan,Bologna,2,0,2022-08-27 18:45:00,Olivier Giroud,LayOff
3056,484003,90,BlockedShot,0.904000015258789,0.40599998474121096,0.12690700590610504,Davide Calabria,h,1574,OpenPlay,2022,RightFoot,18606,AC Milan,Bologna,2,0,2022-08-27 18:45:00,Rafael Leão,Pass
3057,486103,24,MissedShots,0.8959999847412109,0.34400001525878904,0.010815500281751156,Davide Calabria,h,1574,OpenPlay,2022,Head,18623,AC Milan,Inter,3,2,2022-09-03 16:00:00,Rafael Leão,Cross
3058,490418,33,MissedShots,0.720999984741211,0.45099998474121095,0.014073800295591354,Davide Calabria,a,1574,FromCorner,2022,RightFoot,18653,Empoli,AC Milan,1,3,2022-10-01 18:45:00,,None
3059,503694,69,Goal,0.965999984741211,0.5279999923706055,0.5242549777030945,Davide Calabria,a,1574,OpenPlay,2022,Head,18756,Lecce,AC Milan,2,2,2023-01-14 17:00:00,Olivier Giroud,HeadPass
3060,503695,77,MissedShots,0.7609999847412109,0.49599998474121093,0.02554989978671074,Davide Calabria,a,1574,OpenPlay,2022,LeftFoot,18756,Lecce,AC Milan,2,2,2023-01-14 17:00:00,,None
3061,517664,21,MissedShots,0.7180000305175781,0.5420000076293945,0.010443099774420261,Davide Calabria,h,1574,SetPiece,2022,RightFoot,18867,AC Milan,Empoli,0,0,2023-04-07 19:00:00,,None
3062,517671,48,MissedShots,0.8190000152587891,0.40400001525878904,0.04645780101418495,Davide Calabria,h,1574,OpenPlay,2022,RightFoot,18867,AC Milan,Empoli,0,0,2023-04-07 19:00:00,Alexis Saelemaekers,Pass
3063,519258,75,MissedShots,0.7569999694824219,0.43099998474121093,0.017481399700045586,Davide Calabria,a,1574,FromCorner,2022,LeftFoot,18872,Bologna,AC Milan,1,1,2023-04-15 13:00:00,,None
3064,522856,44,MissedShots,0.8880000305175781,0.315,0.05117003619670868,Davide Calabria,a,1574,OpenPlay,2022,RightFoot,18898,Roma,AC Milan,1,1,2023-04-29 16:00:00,,None
3065,524084,14,BlockedShot,0.7669999694824219,0.6509999847412109,0.01627892628312111,Davide Calabria,h,1574,FromCorner,2022,LeftFoot,18907,AC Milan,Cremonese,1,1,2023-05-03 19:00:00,,None
3066,527714,78,MissedShots,0.725999984741211,0.519000015258789,0.01460155937820673,Davide Calabria,h,1574,FromCorner,2022,RightFoot,18936,AC Milan,Sampdoria,5,1,2023-05-20 18:45:00,,None
3067,531165,12,MissedShots,0.7390000152587891,0.4470000076293945,0.01926245167851448,Davide Calabria,h,1574,OpenPlay,2022,RightFoot,18956,AC Milan,Verona,3,1,2023-06-04 19:00:00,Rafael Leão,Pass
3068,531168,30,SavedShot,0.7169999694824218,0.34700000762939454,0.007943712174892426,Davide Calabria,h,1574,OpenPlay,2022,RightFoot,18956,AC Milan,Verona,3,1,2023-06-04 19:00:00,Sandro Tonali,Chipped
3069,531169,31,MissedShots,0.8219999694824218,0.32,0.026895686984062195,Davide Calabria,h,1574,OpenPlay,2022,RightFoot,18956,AC Milan,Verona,3,1,2023-06-04 19:00:00,Sandro Tonali,Pass
3070,535043,3,MissedShots,0.9640000152587891,0.40599998474121096,0.11967741698026657,Davide Calabria,h,1574,SetPiece,2023,RightFoot,22317,AC Milan,Torino,4,1,2023-08-26 18:45:00,Theo Hernández,Rebound
3071,535047,16,BlockedShot,0.7519999694824219,0.39599998474121095,0.02180231735110283,Davide Calabria,h,1574,OpenPlay,2023,LeftFoot,22317,AC Milan,Torino,4,1,2023-08-26 18:45:00,Ruben Loftus-Cheek,Pass
3072,537771,12,SavedShot,0.8830000305175781,0.415,0.023908257484436035,Davide Calabria,a,1574,OpenPlay,2023,Head,22336,Inter,AC Milan,5,1,2023-09-16 16:00:00,Tijjani Reijnders,Pass
3073,537777,36,BlockedShot,0.7519999694824219,0.4179999923706055,0.02277962677180767,Davide Calabria,a,1574,OpenPlay,2023,RightFoot,22336,Inter,AC Milan,5,1,2023-09-16 16:00:00,Rade Krunic,Pass
3074,542903,82,MissedShots,0.765,0.3990000152587891,0.021561263129115105,Davide Calabria,a,1574,OpenPlay,2023,RightFoot,22378,Genoa,AC Milan,0,1,2023-10-07 18:45:00,,None
3075,544904,10,BlockedShot,0.7369999694824219,0.26299999237060545,0.01218027900904417,Davide Calabria,h,1574,OpenPlay,2023,LeftFoot,22391,AC Milan,Juventus,0,1,2023-10-22 18:45:00,Christian Pulisic,Dispossessed
3076,546384,90,MissedShots,0.9440000152587891,0.375,0.03954147547483444,Davide Calabria,a,1574,OpenPlay,2023,Head,22404,Napoli,AC Milan,2,2,2023-10-29 19:45:00,Luka Jovic,HeadPass
3077,547097,24,SavedShot,0.7369999694824219,0.44299999237060544,0.021363239735364914,Davide Calabria,h,1574,OpenPlay,2023,RightFoot,22410,AC Milan,Udinese,0,1,2023-11-04 19:45:00,Tijjani Reijnders,Pass
3078,550009,29,SavedShot,0.9309999847412109,0.3089999961853027,0.059689123183488846,Davide Calabria,h,1574,OpenPlay,2023,RightFoot,22433,AC Milan,Fiorentina,1,0,2023-11-25 19:45:00,Tijjani Reijnders,Pass
3079,553047,40,MissedShots,0.8619999694824219,0.34200000762939453,0.05880826711654663,Davide Calabria,a,1574,OpenPlay,2023,LeftFoot,22445,Atalanta,AC Milan,3,2,2023-12-09 17:00:00,Yunus Musah,Pass
3080,556052,91,SavedShot,0.874000015258789,0.47,0.018627218902111053,Davide Calabria,a,1574,OpenPlay,2023,Head,22473,Salernitana,AC Milan,2,2,2023-12-22 19:45:00,Alessandro Florenzi,Aerial
3081,558745,65,MissedShots,0.749000015258789,0.415,0.028114138171076775,Davide Calabria,h,1574,OpenPlay,2023,LeftFoot,22500,AC Milan,Roma,3,1,2024-01-14 19:45:00,Yacine Adli,Pass
3082,559983,18,MissedShots,0.764000015258789,0.42400001525878905,0.025387633591890335,Davide Calabria,h,1574,OpenPlay,2023,LeftFoot,22518,AC Milan,Bologna,2,2,2024-01-27 19:45:00,Tijjani Reijnders,BallTouch
3083,565904,60,SavedShot,0.8730000305175781,0.38799999237060545,0.09374453127384186,Davide Calabria,h,1574,OpenPlay,2023,LeftFoot,22560,AC Milan,Atalanta,1,1,2024-02-25 19:45:00,Ismael Bennacer,Pass
3084,566217,72,BlockedShot,0.69,0.6530000305175782,0.015508037991821766,Davide Calabria,a,1574,FromCorner,2023,RightFoot,22568,Lazio,AC Milan,0,1,2024-03-01 19:45:00,Theo Hernández,Pass
3085,568634,47,MissedShots,0.87,0.3290000152587891,0.0658002495765686,Davide Calabria,h,1574,OpenPlay,2023,RightFoot,22579,AC Milan,Empoli,1,0,2024-03-10 14:00:00,,None
3086,568640,76,MissedShots,0.970999984741211,0.4159999847412109,0.3134157061576843,Davide Calabria,h,1574,OpenPlay,2023,Head,22579,AC Milan,Empoli,1,0,2024-03-10 14:00:00,Noah Okafor,Cross
3087,569865,83,SavedShot,0.860999984741211,0.6619999694824219,0.033205728977918625,Davide Calabria,a,1574,FromCorner,2023,LeftFoot,22588,Verona,AC Milan,1,3,2024-03-17 14:00:00,Tijjani Reijnders,BallTouch
3088,575920,39,SavedShot,0.9109999847412109,0.39099998474121095,0.06888590008020401,Davide Calabria,h,1574,OpenPlay,2023,RightFoot,22633,AC Milan,Inter,1,2,2024-04-22 18:45:00,Yunus Musah,Cross
3089,583351,33,BlockedShot,0.8640000152587891,0.42200000762939455,0.07200786471366882,Davide Calabria,h,1574,OpenPlay,2023,RightFoot,22682,AC Milan,Salernitana,3,3,2024-05-25 18:45:00,,Rebound
3090,583365,76,Goal,0.9230000305175782,0.580999984741211,0.09653127938508987,Davide Calabria,h,1574,OpenPlay,2023,Head,22682,AC Milan,Salernitana,3,3,2024-05-25 18:45:00,Christian Pulisic,Cross
3091,586277,29,SavedShot,0.9269999694824219,0.5209999847412109,0.35854464769363403,Davide Calabria,a,1574,FromCorner,2024,RightFoot,27372,Parma Calcio 1913,AC Milan,2,1,2024-08-24 16:30:00,Ruben Loftus-Cheek,BallTouch
3092,608110,91,BlockedShot,0.85,0.4470000076293945,0.1038605198264122,Davide Calabria,a,1574,OpenPlay,2024,RightFoot,27522,Verona,AC Milan,0,1,2024-12-20 19:45:00,Alejandro Jiménez,Pass
3093,359593,93,MissedShots,0.8859999847412109,0.6309999847412109,0.008311470039188862,Mike Maignan,h,3737,SetPiece,2019,Head,12956,Lille,Marseille,1,2,2020-02-16 20:00:00,Renato Sanches,Aerial
3094,166626,78,Goal,0.9159999847412109,0.52,0.2950820028781891,Luka Jovic,h,6228,FromCorner,2017,Head,8288,Eintracht Frankfurt,Augsburg,1,2,2017-09-16 14:30:00,Jonathan de Guzmán,Cross
3095,166625,78,SavedShot,0.86,0.42700000762939455,0.043418701738119125,Luka Jovic,h,6228,OpenPlay,2017,RightFoot,8288,Eintracht Frankfurt,Augsburg,1,2,2017-09-16 14:30:00,Kevin-Prince Boateng,Cross
3096,166560,68,MissedShots,0.915,0.3659999847412109,0.020434999838471413,Luka Jovic,a,6228,OpenPlay,2017,Head,8308,RasenBallsport Leipzig,Eintracht Frankfurt,2,1,2017-09-23 14:30:00,Timothy Chandler,Cross
3097,184052,25,MissedShots,0.8519999694824218,0.4209999847412109,0.3355030119419098,Luka Jovic,a,6228,OpenPlay,2017,RightFoot,8400,Hamburger SV,Eintracht Frankfurt,1,2,2017-12-12 19:30:00,Ante Rebic,TakeOn
3098,184054,28,BlockedShot,0.955,0.595999984741211,0.13750599324703217,Luka Jovic,a,6228,OpenPlay,2017,LeftFoot,8400,Hamburger SV,Eintracht Frankfurt,1,2,2017-12-12 19:30:00,Ante Rebic,Pass
3099,184056,31,MissedShots,0.9619999694824218,0.57,0.14311400055885315,Luka Jovic,a,6228,OpenPlay,2017,LeftFoot,8400,Hamburger SV,Eintracht Frankfurt,1,2,2017-12-12 19:30:00,Ante Rebic,Cross
3100,183772,1,Goal,0.9519999694824218,0.5129999923706055,0.6547399759292603,Luka Jovic,h,6228,OpenPlay,2017,RightFoot,8407,Eintracht Frankfurt,Schalke 04,2,2,2017-12-16 14:30:00,Mijat Gacinovic,Pass
3101,188642,84,Goal,0.965999984741211,0.5279999923706055,0.6383789777755737,Luka Jovic,a,6228,SetPiece,2017,LeftFoot,8429,Wolfsburg,Eintracht Frankfurt,1,3,2018-01-20 14:30:00,Sébastien Haller,None
3102,188643,90,BlockedShot,0.8330000305175781,0.5579999923706055,0.06986120343208313,Luka Jovic,a,6228,OpenPlay,2017,LeftFoot,8429,Wolfsburg,Eintracht Frankfurt,1,3,2018-01-20 14:30:00,,None
3103,189703,91,Goal,0.8669999694824219,0.655,0.09878090023994446,Luka Jovic,h,6228,OpenPlay,2017,LeftFoot,8432,Eintracht Frankfurt,Borussia M.Gladbach,2,0,2018-01-26 19:30:00,Aymen Barkok,Pass
3104,194813,15,MissedShots,0.905,0.5670000076293945,0.08490130305290222,Luka Jovic,a,6228,OpenPlay,2017,Head,8443,Augsburg,Eintracht Frankfurt,3,0,2018-02-04 14:30:00,Timothy Chandler,Cross
3105,194816,20,ShotOnPost,0.9059999847412109,0.5629999923706055,0.06708300113677979,Luka Jovic,a,6228,OpenPlay,2017,Head,8443,Augsburg,Eintracht Frankfurt,3,0,2018-02-04 14:30:00,Timothy Chandler,Cross
3106,194831,84,ShotOnPost,0.7969999694824219,0.4929999923706055,0.04849249869585037,Luka Jovic,a,6228,OpenPlay,2017,RightFoot,8443,Augsburg,Eintracht Frankfurt,3,0,2018-02-04 14:30:00,Omar Mascarell,Pass
3107,195053,29,BlockedShot,0.7340000152587891,0.43900001525878907,0.022427799180150032,Luka Jovic,h,6228,OpenPlay,2017,RightFoot,8456,Eintracht Frankfurt,FC Cologne,4,2,2018-02-10 14:30:00,,None
3108,195057,46,MissedShots,0.9359999847412109,0.5690000152587891,0.1248759999871254,Luka Jovic,h,6228,OpenPlay,2017,RightFoot,8456,Eintracht Frankfurt,FC Cologne,4,2,2018-02-10 14:30:00,Timothy Chandler,Cross
3109,197259,78,BlockedShot,0.8780000305175781,0.62,0.05965200066566467,Luka Jovic,a,6228,OpenPlay,2017,LeftFoot,8471,VfB Stuttgart,Eintracht Frankfurt,1,0,2018-02-24 14:30:00,,None
3110,200848,74,Goal,0.9119999694824219,0.53,0.2837660014629364,Luka Jovic,a,6228,SetPiece,2017,Head,8485,Borussia Dortmund,Eintracht Frankfurt,3,2,2018-03-11 17:00:00,Jonathan de Guzmán,Cross
3111,201337,22,Goal,0.9590000152587891,0.5359999847412109,0.6561570167541504,Luka Jovic,h,6228,OpenPlay,2017,RightFoot,8495,Eintracht Frankfurt,Mainz 05,3,0,2018-03-17 14:30:00,Ante Rebic,Pass
3112,201345,50,BlockedShot,0.8340000152587891,0.64,0.09149680286645889,Luka Jovic,h,6228,OpenPlay,2017,LeftFoot,8495,Eintracht Frankfurt,Mainz 05,3,0,2018-03-17 14:30:00,Simon Falette,Chipped
3113,201346,52,SavedShot,0.9130000305175782,0.585,0.139505997300148,Luka Jovic,h,6228,OpenPlay,2017,RightFoot,8495,Eintracht Frankfurt,Mainz 05,3,0,2018-03-17 14:30:00,,TakeOn
3114,201348,58,SavedShot,0.884000015258789,0.509000015258789,0.12698200345039368,Luka Jovic,h,6228,OpenPlay,2017,LeftFoot,8495,Eintracht Frankfurt,Mainz 05,3,0,2018-03-17 14:30:00,Ante Rebic,LayOff
3115,201349,60,MissedShots,0.915,0.475,0.47060099244117737,Luka Jovic,h,6228,OpenPlay,2017,RightFoot,8495,Eintracht Frankfurt,Mainz 05,3,0,2018-03-17 14:30:00,Marius Wolf,Cross
3116,201350,61,BlockedShot,0.8830000305175781,0.649000015258789,0.0655411034822464,Luka Jovic,h,6228,OpenPlay,2017,LeftFoot,8495,Eintracht Frankfurt,Mainz 05,3,0,2018-03-17 14:30:00,Danny da Costa,Cross
3117,201352,67,ShotOnPost,0.8619999694824219,0.485,0.12294699996709824,Luka Jovic,h,6228,OpenPlay,2017,RightFoot,8495,Eintracht Frankfurt,Mainz 05,3,0,2018-03-17 14:30:00,Danny da Costa,Pass
3118,204550,52,Goal,0.875999984741211,0.4779999923706055,0.10208600014448166,Luka Jovic,a,6228,OpenPlay,2017,LeftFoot,8504,Werder Bremen,Eintracht Frankfurt,2,1,2018-04-01 14:30:00,Kevin-Prince Boateng,Pass
3119,204551,55,SavedShot,0.8719999694824219,0.6630000305175782,0.2429479956626892,Luka Jovic,a,6228,OpenPlay,2017,LeftFoot,8504,Werder Bremen,Eintracht Frankfurt,2,1,2018-04-01 14:30:00,Marco Fabián,Pass
3120,207349,16,SavedShot,0.919000015258789,0.5459999847412109,0.08816579729318619,Luka Jovic,h,6228,FromCorner,2017,Head,8516,Eintracht Frankfurt,Hoffenheim,1,1,2018-04-08 16:00:00,Jonathan de Guzmán,Cross
3121,207359,41,BlockedShot,0.9669999694824218,0.524000015258789,0.7097920179367065,Luka Jovic,h,6228,FromCorner,2017,RightFoot,8516,Eintracht Frankfurt,Hoffenheim,1,1,2018-04-08 16:00:00,,Rebound
3122,207362,48,Goal,0.9540000152587891,0.46700000762939453,0.5507140159606934,Luka Jovic,h,6228,OpenPlay,2017,LeftFoot,8516,Eintracht Frankfurt,Hoffenheim,1,1,2018-04-08 16:00:00,Marius Wolf,Cross
3123,208398,84,MissedShots,0.92,0.5479999923706055,0.0370400995016098,Luka Jovic,a,6228,FromCorner,2017,Head,8525,Bayer Leverkusen,Eintracht Frankfurt,4,1,2018-04-14 13:30:00,Jonathan de Guzmán,Aerial
3124,210339,8,MissedShots,0.86,0.4909999847412109,0.36202600598335266,Luka Jovic,h,6228,OpenPlay,2017,LeftFoot,8533,Eintracht Frankfurt,Hertha Berlin,0,3,2018-04-21 13:30:00,,None
3125,210341,18,MissedShots,0.879000015258789,0.4209999847412109,0.0856660008430481,Luka Jovic,h,6228,OpenPlay,2017,LeftFoot,8533,Eintracht Frankfurt,Hertha Berlin,0,3,2018-04-21 13:30:00,,Rebound
3126,210346,54,MissedShots,0.9409999847412109,0.44799999237060545,0.1400589942932129,Luka Jovic,h,6228,OpenPlay,2017,Head,8533,Eintracht Frankfurt,Hertha Berlin,0,3,2018-04-21 13:30:00,Aymen Barkok,Cross
3127,210348,62,BlockedShot,0.8969999694824219,0.509000015258789,0.03243039920926094,Luka Jovic,h,6228,OpenPlay,2017,Head,8533,Eintracht Frankfurt,Hertha Berlin,0,3,2018-04-21 13:30:00,Timothy Chandler,Aerial
3128,210353,74,MissedShots,0.8959999847412109,0.51,0.06313549727201462,Luka Jovic,h,6228,FromCorner,2017,Head,8533,Eintracht Frankfurt,Hertha Berlin,0,3,2018-04-21 13:30:00,Marco Fabián,Cross
3129,211534,10,SavedShot,0.7909999847412109,0.44599998474121094,0.042936500161886215,Luka Jovic,a,6228,OpenPlay,2017,LeftFoot,8538,Bayern Munich,Eintracht Frankfurt,4,1,2018-04-28 13:30:00,,BallRecovery
3130,211540,41,SavedShot,0.8480000305175781,0.475,0.30555200576782227,Luka Jovic,a,6228,OpenPlay,2017,RightFoot,8538,Bayern Munich,Eintracht Frankfurt,4,1,2018-04-28 13:30:00,Marius Wolf,Pass
3131,225962,27,SavedShot,0.8969999694824219,0.5320000076293945,0.35431399941444397,Luka Jovic,h,6228,OpenPlay,2018,LeftFoot,10372,Eintracht Frankfurt,RasenBallsport Leipzig,1,1,2018-09-23 16:00:00,Danny da Costa,HeadPass
3132,226754,87,MissedShots,0.9069999694824219,0.5429999923706055,0.12094900012016296,Luka Jovic,a,6228,OpenPlay,2018,LeftFoot,10380,Borussia M.Gladbach,Eintracht Frankfurt,3,1,2018-09-26 18:30:00,Ante Rebic,Pass
3133,228651,85,MissedShots,0.865,0.5820000076293945,0.011736799962818623,Luka Jovic,h,6228,OpenPlay,2018,Head,10389,Eintracht Frankfurt,Hannover 96,4,1,2018-09-30 13:30:00,Makoto Hasebe,Aerial
3134,228653,88,Goal,0.9130000305175782,0.645,0.4206089973449707,Luka Jovic,h,6228,OpenPlay,2018,LeftFoot,10389,Eintracht Frankfurt,Hannover 96,4,1,2018-09-30 13:30:00,Jonathan de Guzmán,Throughball
3135,255370,21,SavedShot,0.9790000152587891,0.36700000762939455,0.06709430366754532,Luka Jovic,a,6228,OpenPlay,2018,RightFoot,10392,Hoffenheim,Eintracht Frankfurt,1,2,2018-10-07 13:30:00,,None
3136,255379,45,Goal,0.8859999847412109,0.5159999847412109,0.4297710061073303,Luka Jovic,a,6228,OpenPlay,2018,RightFoot,10392,Hoffenheim,Eintracht Frankfurt,1,2,2018-10-07 13:30:00,,None
3137,255420,20,SavedShot,0.9069999694824219,0.3220000076293945,0.3092319965362549,Luka Jovic,h,6228,OpenPlay,2018,RightFoot,10403,Eintracht Frankfurt,Fortuna Duesseldorf,7,1,2018-10-19 18:30:00,,TakeOn
3138,255421,25,Goal,0.9019999694824219,0.5220000076293946,0.11990900337696075,Luka Jovic,h,6228,OpenPlay,2018,LeftFoot,10403,Eintracht Frankfurt,Fortuna Duesseldorf,7,1,2018-10-19 18:30:00,Filip Kostic,Cross
3139,255422,33,Goal,0.8380000305175781,0.45799999237060546,0.10436200350522995,Luka Jovic,h,6228,OpenPlay,2018,LeftFoot,10403,Eintracht Frankfurt,Fortuna Duesseldorf,7,1,2018-10-19 18:30:00,Sébastien Haller,Pass
3140,255437,54,Goal,0.8959999847412109,0.5520000076293945,0.15120400488376617,Luka Jovic,h,6228,OpenPlay,2018,RightFoot,10403,Eintracht Frankfurt,Fortuna Duesseldorf,7,1,2018-10-19 18:30:00,Filip Kostic,Pass
3141,255439,68,Goal,0.8490000152587891,0.6329999923706054,0.0742197036743164,Luka Jovic,h,6228,OpenPlay,2018,LeftFoot,10403,Eintracht Frankfurt,Fortuna Duesseldorf,7,1,2018-10-19 18:30:00,Jonathan de Guzmán,Tackle
3142,255441,71,Goal,0.9119999694824219,0.43900001525878907,0.03781789913773537,Luka Jovic,h,6228,OpenPlay,2018,Head,10403,Eintracht Frankfurt,Fortuna Duesseldorf,7,1,2018-10-19 18:30:00,Sébastien Haller,Aerial
3143,255806,14,SavedShot,0.870999984741211,0.509000015258789,0.02114430069923401,Luka Jovic,a,6228,OpenPlay,2018,Head,10417,Nuernberg,Eintracht Frankfurt,1,1,2018-10-28 11:30:00,David Abraham,Aerial
3144,255811,23,MissedShots,0.8690000152587891,0.4779999923706055,0.06623020023107529,Luka Jovic,a,6228,OpenPlay,2018,RightFoot,10417,Nuernberg,Eintracht Frankfurt,1,1,2018-10-28 11:30:00,David Abraham,Cross
3145,255810,23,BlockedShot,0.9,0.46900001525878904,0.10174500197172165,Luka Jovic,a,6228,OpenPlay,2018,Head,10417,Nuernberg,Eintracht Frankfurt,1,1,2018-10-28 11:30:00,Filip Kostic,Cross
3146,255821,83,MissedShots,0.8440000152587891,0.345,0.044429998844861984,Luka Jovic,a,6228,OpenPlay,2018,LeftFoot,10417,Nuernberg,Eintracht Frankfurt,1,1,2018-10-28 11:30:00,Danny da Costa,Pass
3147,255878,3,BlockedShot,0.85,0.57,0.10822200030088425,Luka Jovic,a,6228,OpenPlay,2018,LeftFoot,10425,VfB Stuttgart,Eintracht Frankfurt,0,3,2018-11-02 19:30:00,Ante Rebic,HeadPass
3148,255880,10,SavedShot,0.805,0.49900001525878906,0.055004801601171494,Luka Jovic,a,6228,OpenPlay,2018,LeftFoot,10425,VfB Stuttgart,Eintracht Frankfurt,0,3,2018-11-02 19:30:00,Ante Rebic,Pass
3149,255891,48,MissedShots,0.879000015258789,0.544000015258789,0.1232919991016388,Luka Jovic,a,6228,OpenPlay,2018,LeftFoot,10425,VfB Stuttgart,Eintracht Frankfurt,0,3,2018-11-02 19:30:00,Danny da Costa,Chipped
3150,255895,55,MissedShots,0.855999984741211,0.634000015258789,0.08866310119628906,Luka Jovic,a,6228,OpenPlay,2018,LeftFoot,10425,VfB Stuttgart,Eintracht Frankfurt,0,3,2018-11-02 19:30:00,Sébastien Haller,Pass
3151,255896,57,MissedShots,0.9059999847412109,0.5520000076293945,0.4052160084247589,Luka Jovic,a,6228,SetPiece,2018,LeftFoot,10425,VfB Stuttgart,Eintracht Frankfurt,0,3,2018-11-02 19:30:00,Sébastien Haller,HeadPass
3152,255897,63,MissedShots,0.8080000305175781,0.4779999923706055,0.07381109893321991,Luka Jovic,a,6228,OpenPlay,2018,RightFoot,10425,VfB Stuttgart,Eintracht Frankfurt,0,3,2018-11-02 19:30:00,Ante Rebic,Pass
3153,255900,76,BlockedShot,0.8730000305175781,0.555,0.12762999534606934,Luka Jovic,a,6228,OpenPlay,2018,LeftFoot,10425,VfB Stuttgart,Eintracht Frankfurt,0,3,2018-11-02 19:30:00,Ante Rebic,Pass
3154,256381,5,MissedShots,0.8859999847412109,0.5970000076293945,0.015716399997472763,Luka Jovic,h,6228,OpenPlay,2018,Head,10430,Eintracht Frankfurt,Schalke 04,3,0,2018-11-11 17:00:00,Evan Ndicka,Aerial
3155,256382,7,MissedShots,0.8769999694824219,0.5659999847412109,0.03885120153427124,Luka Jovic,h,6228,OpenPlay,2018,Head,10430,Eintracht Frankfurt,Schalke 04,3,0,2018-11-11 17:00:00,Jonathan de Guzmán,Chipped
3156,256383,11,BlockedShot,0.8440000152587891,0.5270000076293946,0.06810930371284485,Luka Jovic,h,6228,OpenPlay,2018,RightFoot,10430,Eintracht Frankfurt,Schalke 04,3,0,2018-11-11 17:00:00,,None
3157,256388,37,MissedShots,0.8819999694824219,0.544000015258789,0.014610899612307549,Luka Jovic,h,6228,SetPiece,2018,Head,10430,Eintracht Frankfurt,Schalke 04,3,0,2018-11-11 17:00:00,Jonathan de Guzmán,Aerial
3158,256390,60,Goal,0.8730000305175781,0.585,0.46274399757385254,Luka Jovic,h,6228,OpenPlay,2018,LeftFoot,10430,Eintracht Frankfurt,Schalke 04,3,0,2018-11-11 17:00:00,Ante Rebic,TakeOn
3159,256393,72,Goal,0.8730000305175781,0.5259999847412109,0.3660379946231842,Luka Jovic,h,6228,OpenPlay,2018,LeftFoot,10430,Eintracht Frankfurt,Schalke 04,3,0,2018-11-11 17:00:00,Filip Kostic,Pass
3160,256396,79,SavedShot,0.9390000152587891,0.509000015258789,0.5699120163917542,Luka Jovic,h,6228,FromCorner,2018,LeftFoot,10430,Eintracht Frankfurt,Schalke 04,3,0,2018-11-11 17:00:00,,Rebound
3161,256495,29,SavedShot,0.76,0.33099998474121095,0.30800101161003113,Luka Jovic,a,6228,OpenPlay,2018,RightFoot,10441,Augsburg,Eintracht Frankfurt,1,3,2018-11-24 14:30:00,Jonathan de Guzmán,Chipped
3162,256500,44,BlockedShot,0.88,0.3840000152587891,0.08082369714975357,Luka Jovic,a,6228,OpenPlay,2018,RightFoot,10441,Augsburg,Eintracht Frankfurt,1,3,2018-11-24 14:30:00,Sébastien Haller,Chipped
3163,256504,48,MissedShots,0.7390000152587891,0.495,0.0339123010635376,Luka Jovic,a,6228,OpenPlay,2018,RightFoot,10441,Augsburg,Eintracht Frankfurt,1,3,2018-11-24 14:30:00,,TakeOn
3164,256507,57,BlockedShot,0.865999984741211,0.6029999923706054,0.09013369679450989,Luka Jovic,a,6228,OpenPlay,2018,LeftFoot,10441,Augsburg,Eintracht Frankfurt,1,3,2018-11-24 14:30:00,Filip Kostic,Cross
3165,256508,58,BlockedShot,0.879000015258789,0.4520000076293945,0.13448500633239746,Luka Jovic,a,6228,OpenPlay,2018,RightFoot,10441,Augsburg,Eintracht Frankfurt,1,3,2018-11-24 14:30:00,Ante Rebic,Pass
3166,256915,24,MissedShots,0.904000015258789,0.524000015258789,0.049128301441669464,Luka Jovic,h,6228,OpenPlay,2018,Head,10449,Eintracht Frankfurt,Wolfsburg,1,2,2018-12-02 17:00:00,Ante Rebic,Aerial
3167,256920,48,MissedShots,0.9219999694824219,0.44599998474121094,0.3034529983997345,Luka Jovic,h,6228,SetPiece,2018,Head,10449,Eintracht Frankfurt,Wolfsburg,1,2,2018-12-02 17:00:00,Jonathan de Guzmán,Cross
3168,256927,61,MissedShots,0.9119999694824219,0.7419999694824219,0.035514600574970245,Luka Jovic,h,6228,OpenPlay,2018,RightFoot,10449,Eintracht Frankfurt,Wolfsburg,1,2,2018-12-02 17:00:00,,None
3169,256933,86,Goal,0.9680000305175781,0.46099998474121096,0.6097300052642822,Luka Jovic,h,6228,SetPiece,2018,RightFoot,10449,Eintracht Frankfurt,Wolfsburg,1,2,2018-12-02 17:00:00,Sébastien Haller,HeadPass
3170,257150,51,SavedShot,0.8690000152587891,0.49400001525878906,0.27953800559043884,Luka Jovic,a,6228,OpenPlay,2018,LeftFoot,10458,Hertha Berlin,Eintracht Frankfurt,1,0,2018-12-08 17:30:00,Filip Kostic,Cross
3171,257156,82,BlockedShot,0.9159999847412109,0.48700000762939455,0.08627759665250778,Luka Jovic,a,6228,OpenPlay,2018,LeftFoot,10458,Hertha Berlin,Eintracht Frankfurt,1,0,2018-12-08 17:30:00,,None
3172,257396,92,MissedShots,0.879000015258789,0.38799999237060545,0.32615599036216736,Luka Jovic,h,6228,OpenPlay,2018,RightFoot,10467,Eintracht Frankfurt,Bayer Leverkusen,2,1,2018-12-16 17:00:00,Sébastien Haller,Pass
3173,257563,30,Goal,0.9130000305175782,0.53,0.6162409782409668,Luka Jovic,a,6228,OpenPlay,2018,RightFoot,10476,Mainz 05,Eintracht Frankfurt,2,2,2018-12-19 19:30:00,Filip Kostic,Pass
3174,257572,45,Goal,0.9209999847412109,0.46900001525878904,0.04643839970231056,Luka Jovic,a,6228,FromCorner,2018,Head,10476,Mainz 05,Eintracht Frankfurt,2,2,2018-12-19 19:30:00,Jonathan de Guzmán,Aerial
3175,257801,9,MissedShots,0.860999984741211,0.48700000762939455,0.13146600127220154,Luka Jovic,h,6228,OpenPlay,2018,RightFoot,10487,Eintracht Frankfurt,Bayern Munich,0,3,2018-12-22 17:30:00,Sébastien Haller,Pass
3176,257814,70,MissedShots,0.9259999847412109,0.7090000152587891,0.044412098824977875,Luka Jovic,h,6228,OpenPlay,2018,LeftFoot,10487,Eintracht Frankfurt,Bayern Munich,0,3,2018-12-22 17:30:00,Jonathan de Guzmán,Pass
3177,278320,44,Goal,0.8519999694824218,0.485,0.41570600867271423,Luka Jovic,h,6228,OpenPlay,2018,RightFoot,10492,Eintracht Frankfurt,Freiburg,3,1,2019-01-19 14:30:00,,BallRecovery
3178,278328,60,MissedShots,0.9,0.495,0.5213710069656372,Luka Jovic,h,6228,OpenPlay,2018,RightFoot,10492,Eintracht Frankfurt,Freiburg,3,1,2019-01-19 14:30:00,Danny da Costa,Pass
3179,278679,8,SavedShot,0.870999984741211,0.3940000152587891,0.07320970296859741,Luka Jovic,a,6228,OpenPlay,2018,RightFoot,10503,Werder Bremen,Eintracht Frankfurt,2,2,2019-01-26 17:30:00,Sébastien Haller,HeadPass
3180,278806,4,BlockedShot,0.8469999694824218,0.32099998474121094,0.04750709980726242,Luka Jovic,h,6228,OpenPlay,2018,RightFoot,10510,Eintracht Frankfurt,Borussia Dortmund,1,1,2019-02-02 14:30:00,,BallRecovery
3181,278813,29,MissedShots,0.7269999694824218,0.5609999847412109,0.017236800864338875,Luka Jovic,h,6228,OpenPlay,2018,RightFoot,10510,Eintracht Frankfurt,Borussia Dortmund,1,1,2019-02-02 14:30:00,Sébastien Haller,Pass
3182,278818,35,Goal,0.9590000152587891,0.53,0.5155609846115112,Luka Jovic,h,6228,FromCorner,2018,RightFoot,10510,Eintracht Frankfurt,Borussia Dortmund,1,1,2019-02-02 14:30:00,Danny da Costa,Cross
3183,279021,33,SavedShot,0.9430000305175781,0.7630000305175781,0.03277590125799179,Luka Jovic,a,6228,OpenPlay,2018,LeftFoot,10519,RasenBallsport Leipzig,Eintracht Frankfurt,0,0,2019-02-09 14:30:00,Danny da Costa,Chipped
3184,279513,3,SavedShot,0.81,0.4570000076293945,0.30036500096321106,Luka Jovic,a,6228,OpenPlay,2018,RightFoot,10540,Hannover 96,Eintracht Frankfurt,0,3,2019-02-24 14:30:00,,None
3185,279519,36,BlockedShot,0.8880000305175781,0.5770000076293945,0.11029999703168869,Luka Jovic,a,6228,OpenPlay,2018,LeftFoot,10540,Hannover 96,Eintracht Frankfurt,0,3,2019-02-24 14:30:00,Filip Kostic,Pass
3186,279520,39,SavedShot,0.745,0.54,0.022218700498342514,Luka Jovic,a,6228,OpenPlay,2018,RightFoot,10540,Hannover 96,Eintracht Frankfurt,0,3,2019-02-24 14:30:00,Evan Ndicka,Pass
3187,279521,40,SavedShot,0.8569999694824219,0.33599998474121096,0.0826387032866478,Luka Jovic,a,6228,OpenPlay,2018,RightFoot,10540,Hannover 96,Eintracht Frankfurt,0,3,2019-02-24 14:30:00,,None
3188,279528,62,Goal,0.925,0.509000015258789,0.42292600870132446,Luka Jovic,a,6228,OpenPlay,2018,Head,10540,Hannover 96,Eintracht Frankfurt,0,3,2019-02-24 14:30:00,Filip Kostic,Cross
3189,279529,67,SavedShot,0.9290000152587891,0.39599998474121095,0.37226399779319763,Luka Jovic,a,6228,OpenPlay,2018,RightFoot,10540,Hannover 96,Eintracht Frankfurt,0,3,2019-02-24 14:30:00,Danny da Costa,TakeOn
3190,279644,56,SavedShot,0.935,0.44099998474121094,0.35849401354789734,Luka Jovic,h,6228,OpenPlay,2018,Head,10547,Eintracht Frankfurt,Hoffenheim,3,2,2019-03-02 14:30:00,Filip Kostic,Cross
3191,279648,68,SavedShot,0.865999984741211,0.565,0.03190169855952263,Luka Jovic,h,6228,OpenPlay,2018,Head,10547,Eintracht Frankfurt,Hoffenheim,3,2,2019-03-02 14:30:00,Makoto Hasebe,Chipped
3192,279649,74,MissedShots,0.8959999847412109,0.5729999923706055,0.021719099953770638,Luka Jovic,h,6228,OpenPlay,2018,Head,10547,Eintracht Frankfurt,Hoffenheim,3,2,2019-03-02 14:30:00,Makoto Hasebe,Aerial
3193,285545,6,MissedShots,0.9019999694824219,0.53,0.10793600231409073,Luka Jovic,a,6228,OpenPlay,2018,Head,10558,Fortuna Duesseldorf,Eintracht Frankfurt,0,3,2019-03-11 19:30:00,Filip Kostic,Cross
3194,285547,24,MissedShots,0.7380000305175781,0.515,0.022385800257325172,Luka Jovic,a,6228,OpenPlay,2018,LeftFoot,10558,Fortuna Duesseldorf,Eintracht Frankfurt,0,3,2019-03-11 19:30:00,Danny da Costa,Pass
3195,285550,37,MissedShots,0.9,0.49900001525878906,0.12222500145435333,Luka Jovic,a,6228,FromCorner,2018,RightFoot,10558,Fortuna Duesseldorf,Eintracht Frankfurt,0,3,2019-03-11 19:30:00,Gonçalo Paciência,Rebound
3196,285552,43,SavedShot,0.91,0.6880000305175781,0.28589099645614624,Luka Jovic,a,6228,OpenPlay,2018,LeftFoot,10558,Fortuna Duesseldorf,Eintracht Frankfurt,0,3,2019-03-11 19:30:00,Makoto Hasebe,Chipped
3197,285557,66,SavedShot,0.82,0.555,0.04771450161933899,Luka Jovic,a,6228,FromCorner,2018,RightFoot,10558,Fortuna Duesseldorf,Eintracht Frankfurt,0,3,2019-03-11 19:30:00,Martin Hinteregger,Pass
3198,286779,17,BlockedShot,0.9030000305175782,0.534000015258789,0.0675600990653038,Luka Jovic,h,6228,FromCorner,2018,Head,10570,Eintracht Frankfurt,Nuernberg,1,0,2019-03-17 14:30:00,Filip Kostic,Cross
3199,286785,46,BlockedShot,0.8669999694824219,0.46,0.07597459852695465,Luka Jovic,h,6228,SetPiece,2018,LeftFoot,10570,Eintracht Frankfurt,Nuernberg,1,0,2019-03-17 14:30:00,Sebastian Rode,Chipped
3200,286786,49,SavedShot,0.8180000305175781,0.49700000762939456,0.02652999944984913,Luka Jovic,h,6228,OpenPlay,2018,Head,10570,Eintracht Frankfurt,Nuernberg,1,0,2019-03-17 14:30:00,Sebastian Rode,Chipped
3201,286793,63,BlockedShot,0.9,0.5379999923706055,0.09488029778003693,Luka Jovic,h,6228,FromCorner,2018,LeftFoot,10570,Eintracht Frankfurt,Nuernberg,1,0,2019-03-17 14:30:00,,None
3202,286795,66,MissedShots,0.8209999847412109,0.509000015258789,0.07948119938373566,Luka Jovic,h,6228,OpenPlay,2018,RightFoot,10570,Eintracht Frankfurt,Nuernberg,1,0,2019-03-17 14:30:00,Filip Kostic,Pass
3203,288314,2,BlockedShot,0.8930000305175781,0.45,0.41825100779533386,Luka Jovic,h,6228,OpenPlay,2018,LeftFoot,10574,Eintracht Frankfurt,VfB Stuttgart,3,0,2019-03-31 16:00:00,Gelson Fernandes,TakeOn
3204,288322,44,BlockedShot,0.735,0.585,0.01949789933860302,Luka Jovic,h,6228,OpenPlay,2018,RightFoot,10574,Eintracht Frankfurt,VfB Stuttgart,3,0,2019-03-31 16:00:00,Gelson Fernandes,TakeOn
3205,288330,70,MissedShots,0.8040000152587891,0.32099998474121094,0.052128300070762634,Luka Jovic,h,6228,OpenPlay,2018,RightFoot,10574,Eintracht Frankfurt,VfB Stuttgart,3,0,2019-03-31 16:00:00,Sébastien Haller,HeadPass
3206,288333,83,Goal,0.9059999847412109,0.5540000152587891,0.5110939741134644,Luka Jovic,h,6228,OpenPlay,2018,RightFoot,10574,Eintracht Frankfurt,VfB Stuttgart,3,0,2019-03-31 16:00:00,Danny da Costa,Pass
3207,293097,2,SavedShot,0.914000015258789,0.46299999237060546,0.3619990050792694,Luka Jovic,a,6228,OpenPlay,2018,RightFoot,10581,Schalke 04,Eintracht Frankfurt,1,2,2019-04-06 14:30:00,Danny da Costa,Cross
3208,293109,53,MissedShots,0.9119999694824219,0.5640000152587891,0.038661401718854904,Luka Jovic,a,6228,SetPiece,2018,Head,10581,Schalke 04,Eintracht Frankfurt,1,2,2019-04-06 14:30:00,Jetro Willems,Aerial
3209,293118,98,Goal,0.885,0.5,0.7577769756317139,Luka Jovic,a,6228,Penalty,2018,RightFoot,10581,Schalke 04,Eintracht Frankfurt,1,2,2019-04-06 14:30:00,,Standard
3210,294338,3,MissedShots,0.9290000152587891,0.5570000076293945,0.12670700252056122,Luka Jovic,h,6228,OpenPlay,2018,Head,10593,Eintracht Frankfurt,Augsburg,1,3,2019-04-14 17:00:00,Danny da Costa,Cross
3211,294339,4,SavedShot,0.8519999694824218,0.575999984741211,0.06572359800338745,Luka Jovic,h,6228,OpenPlay,2018,RightFoot,10593,Eintracht Frankfurt,Augsburg,1,3,2019-04-14 17:00:00,,None
3212,294341,19,BlockedShot,0.825,0.44099998474121094,0.07937149703502655,Luka Jovic,h,6228,OpenPlay,2018,RightFoot,10593,Eintracht Frankfurt,Augsburg,1,3,2019-04-14 17:00:00,Ante Rebic,Pass
3213,294345,35,SavedShot,0.9259999847412109,0.5720000076293945,0.0765376016497612,Luka Jovic,h,6228,FromCorner,2018,Head,10593,Eintracht Frankfurt,Augsburg,1,3,2019-04-14 17:00:00,Filip Kostic,Cross
3214,294353,55,MissedShots,0.8730000305175781,0.4490000152587891,0.11384700238704681,Luka Jovic,h,6228,OpenPlay,2018,RightFoot,10593,Eintracht Frankfurt,Augsburg,1,3,2019-04-14 17:00:00,Filip Kostic,Chipped
3215,294355,59,SavedShot,0.915,0.45799999237060546,0.09361869841814041,Luka Jovic,h,6228,OpenPlay,2018,Head,10593,Eintracht Frankfurt,Augsburg,1,3,2019-04-14 17:00:00,Filip Kostic,Cross
3216,294364,75,BlockedShot,0.8680000305175781,0.5379999923706055,0.06852109730243683,Luka Jovic,h,6228,OpenPlay,2018,LeftFoot,10593,Eintracht Frankfurt,Augsburg,1,3,2019-04-14 17:00:00,,None
3217,294367,87,BlockedShot,0.9069999694824219,0.40400001525878904,0.034321799874305725,Luka Jovic,h,6228,FromCorner,2018,Head,10593,Eintracht Frankfurt,Augsburg,1,3,2019-04-14 17:00:00,Jonathan de Guzmán,Cross
3218,294370,92,MissedShots,0.8780000305175781,0.55,0.31665700674057007,Luka Jovic,h,6228,OpenPlay,2018,LeftFoot,10593,Eintracht Frankfurt,Augsburg,1,3,2019-04-14 17:00:00,Mijat Gacinovic,Throughball
3219,296411,28,BlockedShot,0.8969999694824219,0.5420000076293945,0.24037499725818634,Luka Jovic,a,6228,OpenPlay,2018,LeftFoot,10605,Wolfsburg,Eintracht Frankfurt,1,1,2019-04-22 19:30:00,Sebastian Rode,TakeOn
3220,297276,29,MissedShots,0.7809999847412109,0.5179999923706055,0.047404199838638306,Luka Jovic,h,6228,OpenPlay,2018,LeftFoot,10611,Eintracht Frankfurt,Hertha Berlin,0,0,2019-04-27 14:30:00,Ante Rebic,LayOff
3221,297288,86,MissedShots,0.9080000305175782,0.48700000762939455,0.11527500301599503,Luka Jovic,h,6228,OpenPlay,2018,Head,10611,Eintracht Frankfurt,Hertha Berlin,0,0,2019-04-27 14:30:00,Filip Kostic,Cross
3222,297289,87,MissedShots,0.9180000305175782,0.5179999923706055,0.08396899700164795,Luka Jovic,h,6228,OpenPlay,2018,RightFoot,10611,Eintracht Frankfurt,Hertha Berlin,0,0,2019-04-27 14:30:00,Filip Kostic,Aerial
3223,300212,79,SavedShot,0.9009999847412109,0.4520000076293945,0.07574760168790817,Luka Jovic,a,6228,OpenPlay,2018,RightFoot,10618,Bayer Leverkusen,Eintracht Frankfurt,6,1,2019-05-05 17:00:00,Timothy Chandler,Cross
3224,301539,2,SavedShot,0.950999984741211,0.5520000076293945,0.14777100086212158,Luka Jovic,h,6228,OpenPlay,2018,RightFoot,10630,Eintracht Frankfurt,Mainz 05,0,2,2019-05-12 17:00:00,Ante Rebic,Pass
3225,301548,31,MissedShots,0.914000015258789,0.5279999923706055,0.05713900178670883,Luka Jovic,h,6228,OpenPlay,2018,Head,10630,Eintracht Frankfurt,Mainz 05,0,2,2019-05-12 17:00:00,Filip Kostic,Aerial
3226,301557,66,BlockedShot,0.84,0.505,0.06664689630270004,Luka Jovic,h,6228,OpenPlay,2018,LeftFoot,10630,Eintracht Frankfurt,Mainz 05,0,2,2019-05-12 17:00:00,Sébastien Haller,Dispossessed
3227,310764,87,BlockedShot,0.89,0.455,0.029982300475239754,Luka Jovic,a,6228,SetPiece,2019,Head,12023,Celta Vigo,Real Madrid,1,3,2019-08-17 16:00:00,Casemiro,Challenge
3228,312754,68,ShotOnPost,0.9269999694824219,0.5279999923706055,0.08374720066785812,Luka Jovic,h,6228,OpenPlay,2019,Head,12034,Real Madrid,Real Valladolid,1,1,2019-08-24 18:00:00,Gareth Bale,Aerial
3229,316648,5,MissedShots,0.9059999847412109,0.49900001525878906,0.03257770091295242,Luka Jovic,a,6228,FromCorner,2019,Head,12052,Villarreal,Real Madrid,2,2,2019-09-01 20:00:00,Toni Kroos,Aerial
3230,316654,24,MissedShots,0.779000015258789,0.5259999847412109,0.029086599126458168,Luka Jovic,a,6228,OpenPlay,2019,LeftFoot,12052,Villarreal,Real Madrid,2,2,2019-09-01 20:00:00,Casemiro,Pass
3231,321955,17,MissedShots,0.9369999694824219,0.4759999847412109,0.5738400220870972,Luka Jovic,h,6228,OpenPlay,2019,RightFoot,12078,Real Madrid,Osasuna,2,0,2019-09-25 19:00:00,,None
3232,321961,49,MissedShots,0.8590000152587891,0.6220000076293946,0.30534398555755615,Luka Jovic,h,6228,OpenPlay,2019,LeftFoot,12078,Real Madrid,Osasuna,2,0,2019-09-25 19:00:00,Lucas Vázquez,Pass
3233,321968,74,MissedShots,0.9159999847412109,0.4540000152587891,0.09459850192070007,Luka Jovic,h,6228,FromCorner,2019,Head,12078,Real Madrid,Osasuna,2,0,2019-09-25 19:00:00,Lucas Vázquez,Cross
3234,321970,85,MissedShots,0.9069999694824219,0.5540000152587891,0.02321629971265793,Luka Jovic,h,6228,FromCorner,2019,Head,12078,Real Madrid,Osasuna,2,0,2019-09-25 19:00:00,Toni Kroos,Aerial
3235,328667,71,MissedShots,0.8219999694824218,0.529000015258789,0.09609179943799973,Luka Jovic,h,6228,OpenPlay,2019,LeftFoot,12130,Real Madrid,Leganes,5,0,2019-10-30 20:15:00,,None
3236,328673,90,Goal,0.9419999694824219,0.5570000076293945,0.47518399357795715,Luka Jovic,h,6228,OpenPlay,2019,Head,12130,Real Madrid,Leganes,5,0,2019-10-30 20:15:00,Daniel Carvajal,Chipped
3237,328676,92,SavedShot,0.9569999694824218,0.5420000076293945,0.5680050253868103,Luka Jovic,h,6228,FromCorner,2019,LeftFoot,12130,Real Madrid,Leganes,5,0,2019-10-30 20:15:00,,None
3238,339476,85,ShotOnPost,0.89,0.53,0.03620019927620888,Luka Jovic,h,6228,OpenPlay,2019,Head,12200,Real Madrid,Athletic Club,0,0,2019-12-22 20:00:00,Daniel Carvajal,Aerial
3239,354916,4,BlockedShot,0.8109999847412109,0.4779999923706055,0.0590692013502121,Luka Jovic,h,6228,OpenPlay,2019,RightFoot,12221,Real Madrid,Sevilla,2,1,2020-01-18 15:00:00,Rodrygo,Pass
3240,358535,91,Goal,0.8569999694824219,0.47400001525878904,0.34248000383377075,Luka Jovic,a,6228,OpenPlay,2019,LeftFoot,12246,Osasuna,Real Madrid,1,4,2020-02-09 15:00:00,Federico Valverde,Chipped
3241,380173,16,MissedShots,0.885,0.5179999923706055,0.48360100388526917,Luka Jovic,h,6228,OpenPlay,2020,LeftFoot,14169,Real Madrid,Real Valladolid,1,0,2020-09-30 19:30:00,Federico Valverde,Pass
3242,380175,34,MissedShots,0.9019999694824219,0.7080000305175781,0.04712900146842003,Luka Jovic,h,6228,OpenPlay,2020,RightFoot,14169,Real Madrid,Real Valladolid,1,0,2020-09-30 19:30:00,Luka Modric,Pass
3243,380179,47,SavedShot,0.905,0.5220000076293946,0.02971710078418255,Luka Jovic,h,6228,FromCorner,2020,Head,14169,Real Madrid,Real Valladolid,1,0,2020-09-30 19:30:00,Luka Modric,Aerial
3244,382092,90,MissedShots,0.8380000305175781,0.5320000076293945,0.057905301451683044,Luka Jovic,h,6228,OpenPlay,2020,RightFoot,14833,Real Madrid,Cadiz,0,1,2020-10-17 16:30:00,,None
3245,382093,93,MissedShots,0.9159999847412109,0.519000015258789,0.10864599794149399,Luka Jovic,h,6228,OpenPlay,2020,Head,14833,Real Madrid,Cadiz,0,1,2020-10-17 16:30:00,Marco Asensio,Cross
3246,387019,90,MissedShots,0.9330000305175781,0.53,0.13925300538539886,Luka Jovic,a,6228,FromCorner,2020,RightFoot,14862,Valencia,Real Madrid,4,1,2020-11-08 20:00:00,Rodrygo,Rebound
3247,399527,71,Goal,0.9080000305175782,0.5220000076293946,0.3464359939098358,Luka Jovic,h,6228,OpenPlay,2020,RightFoot,15279,Eintracht Frankfurt,Schalke 04,3,1,2021-01-17 17:00:00,Filip Kostic,Cross
3248,399530,90,Goal,0.8980000305175782,0.605,0.3936449885368347,Luka Jovic,h,6228,OpenPlay,2020,RightFoot,15279,Eintracht Frankfurt,Schalke 04,3,1,2021-01-17 17:00:00,Filip Kostic,Pass
3249,400045,80,MissedShots,0.885,0.48400001525878905,0.07701060175895691,Luka Jovic,a,6228,OpenPlay,2020,RightFoot,15287,Freiburg,Eintracht Frankfurt,2,2,2021-01-20 19:30:00,Filip Kostic,Cross
3250,400377,74,Goal,0.8919999694824219,0.585,0.13405899703502655,Luka Jovic,a,6228,OpenPlay,2020,LeftFoot,15301,Arminia Bielefeld,Eintracht Frankfurt,1,5,2021-01-23 14:30:00,Daichi Kamada,Pass
3251,408549,43,BlockedShot,0.81,0.4570000076293945,0.05451250076293945,Luka Jovic,h,6228,OpenPlay,2020,RightFoot,15355,Eintracht Frankfurt,VfB Stuttgart,1,1,2021-03-06 14:30:00,Amin Younes,Pass
3252,408554,65,MissedShots,0.8869999694824219,0.5120000076293946,0.08685310184955597,Luka Jovic,h,6228,OpenPlay,2020,LeftFoot,15355,Eintracht Frankfurt,VfB Stuttgart,1,1,2021-03-06 14:30:00,Filip Kostic,Cross
3253,408556,68,BlockedShot,0.8109999847412109,0.415,0.04161280021071434,Luka Jovic,h,6228,OpenPlay,2020,LeftFoot,15355,Eintracht Frankfurt,VfB Stuttgart,1,1,2021-03-06 14:30:00,Djibril Sow,Pass
3254,408559,71,BlockedShot,0.919000015258789,0.45799999237060546,0.1045290008187294,Luka Jovic,h,6228,FromCorner,2020,RightFoot,15355,Eintracht Frankfurt,VfB Stuttgart,1,1,2021-03-06 14:30:00,Almamy Touré,None
3255,408563,85,MissedShots,0.909000015258789,0.48700000762939455,0.03344310075044632,Luka Jovic,h,6228,FromCorner,2020,Head,15355,Eintracht Frankfurt,VfB Stuttgart,1,1,2021-03-06 14:30:00,Filip Kostic,Aerial
3256,410535,80,MissedShots,0.8980000305175782,0.6,0.3939630091190338,Luka Jovic,a,6228,OpenPlay,2020,LeftFoot,15357,RasenBallsport Leipzig,Eintracht Frankfurt,1,1,2021-03-14 14:30:00,Filip Kostic,Pass
3257,411343,15,MissedShots,0.794000015258789,0.5570000076293945,0.041341401636600494,Luka Jovic,h,6228,OpenPlay,2020,LeftFoot,15368,Eintracht Frankfurt,Union Berlin,5,2,2021-03-20 14:30:00,André Silva,Pass
3258,411348,25,MissedShots,0.8919999694824219,0.53,0.3214940130710602,Luka Jovic,h,6228,OpenPlay,2020,RightFoot,15368,Eintracht Frankfurt,Union Berlin,5,2,2021-03-20 14:30:00,Filip Kostic,Cross
3259,412554,80,MissedShots,0.9530000305175781,0.42700000762939455,0.13550299406051636,Luka Jovic,a,6228,OpenPlay,2020,Head,15374,Borussia Dortmund,Eintracht Frankfurt,1,2,2021-04-03 13:30:00,Filip Kostic,Cross
3260,413760,26,Goal,0.9059999847412109,0.4109999847412109,0.11824899911880493,Luka Jovic,h,6228,OpenPlay,2020,RightFoot,15385,Eintracht Frankfurt,Wolfsburg,4,3,2021-04-10 13:30:00,André Silva,Pass
3261,413779,78,SavedShot,0.899000015258789,0.5370000076293945,0.04105690121650696,Luka Jovic,h,6228,OpenPlay,2020,Head,15385,Eintracht Frankfurt,Wolfsburg,4,3,2021-04-10 13:30:00,,Aerial
3262,415332,14,MissedShots,0.899000015258789,0.6170000076293946,0.028857700526714325,Luka Jovic,a,6228,OpenPlay,2020,Head,15394,Borussia M.Gladbach,Eintracht Frankfurt,4,0,2021-04-17 13:30:00,Filip Kostic,Cross
3263,415343,46,MissedShots,0.9009999847412109,0.5479999923706055,0.08866599947214127,Luka Jovic,a,6228,SetPiece,2020,Head,15394,Borussia M.Gladbach,Eintracht Frankfurt,4,0,2021-04-17 13:30:00,Filip Kostic,Cross
3264,415364,91,MissedShots,0.85,0.4779999923706055,0.008986669592559338,Luka Jovic,a,6228,SetPiece,2020,Head,15394,Borussia M.Gladbach,Eintracht Frankfurt,4,0,2021-04-17 13:30:00,Aymen Barkok,Aerial
3265,416248,67,MissedShots,0.7469999694824219,0.6480000305175782,0.023729300126433372,Luka Jovic,h,6228,OpenPlay,2020,RightFoot,15404,Eintracht Frankfurt,Augsburg,2,0,2021-04-20 18:30:00,Filip Kostic,Pass
3266,416250,75,MissedShots,0.9030000305175782,0.49,0.026302000507712364,Luka Jovic,h,6228,FromCorner,2020,Head,15404,Eintracht Frankfurt,Augsburg,2,0,2021-04-20 18:30:00,Filip Kostic,Aerial
3267,420681,15,BlockedShot,0.8419999694824218,0.6079999923706054,0.060488998889923096,Luka Jovic,h,6228,OpenPlay,2020,LeftFoot,15423,Eintracht Frankfurt,Mainz 05,1,1,2021-05-09 13:30:00,Daichi Kamada,Pass
3268,420682,19,BlockedShot,0.875,0.57,0.06547290086746216,Luka Jovic,h,6228,OpenPlay,2020,LeftFoot,15423,Eintracht Frankfurt,Mainz 05,1,1,2021-05-09 13:30:00,,BallTouch
3269,420685,33,MissedShots,0.8819999694824219,0.5509999847412109,0.024397099390625954,Luka Jovic,h,6228,OpenPlay,2020,Head,15423,Eintracht Frankfurt,Mainz 05,1,1,2021-05-09 13:30:00,Filip Kostic,Aerial
3270,421914,71,SavedShot,0.9309999847412109,0.34700000762939454,0.05959229916334152,Luka Jovic,a,6228,FromCorner,2020,RightFoot,15433,Schalke 04,Eintracht Frankfurt,4,3,2021-05-15 13:30:00,Martin Hinteregger,HeadPass
3271,421921,79,MissedShots,0.9030000305175782,0.575,0.08076599985361099,Luka Jovic,a,6228,OpenPlay,2020,RightFoot,15433,Schalke 04,Eintracht Frankfurt,4,3,2021-05-15 13:30:00,Steven Zuber,Cross
3272,427965,83,SavedShot,0.9330000305175781,0.5159999847412109,0.4512839913368225,Luka Jovic,a,6228,OpenPlay,2021,Head,17153,Levante,Real Madrid,3,3,2021-08-22 20:00:00,Rodrygo,Cross
3273,427970,94,BlockedShot,0.8859999847412109,0.4540000152587891,0.08175010234117508,Luka Jovic,a,6228,FromCorner,2021,LeftFoot,17153,Levante,Real Madrid,3,3,2021-08-22 20:00:00,,None
3274,432904,88,SavedShot,0.895,0.43900001525878907,0.12112899869680405,Luka Jovic,h,6228,OpenPlay,2021,RightFoot,17190,Real Madrid,Mallorca,6,1,2021-09-22 20:00:00,Sergio Santos,Cross
3275,432906,89,MissedShots,0.9059999847412109,0.4520000076293945,0.06717810034751892,Luka Jovic,h,6228,OpenPlay,2021,Head,17190,Real Madrid,Mallorca,6,1,2021-09-22 20:00:00,Vinícius Júnior,Chipped
3276,446489,56,Goal,0.9690000152587891,0.5220000076293946,0.585640013217926,Luka Jovic,a,6228,FromCorner,2021,Head,17295,Real Sociedad,Real Madrid,0,2,2021-12-04 20:00:00,Casemiro,Rebound
3277,449946,74,MissedShots,0.8930000305175781,0.38,0.029340900480747223,Luka Jovic,h,6228,OpenPlay,2021,Head,17313,Real Madrid,Cadiz,0,0,2021-12-19 20:00:00,Toni Kroos,Chipped
3278,449958,88,MissedShots,0.78,0.34400001525878904,0.025223299860954285,Luka Jovic,h,6228,OpenPlay,2021,LeftFoot,17313,Real Madrid,Cadiz,0,0,2021-12-19 20:00:00,Eden Hazard,Pass
3279,450549,91,BlockedShot,0.850999984741211,0.5170000076293946,0.10476800054311752,Luka Jovic,a,6228,OpenPlay,2021,LeftFoot,17336,Athletic Club,Real Madrid,1,2,2021-12-22 20:30:00,Peter,Pass
3280,456463,65,MissedShots,0.8819999694824219,0.5990000152587891,0.09099370241165161,Luka Jovic,h,6228,OpenPlay,2021,LeftFoot,17363,Real Madrid,Granada,1,0,2022-02-06 20:00:00,Eden Hazard,Pass
3281,456467,82,BlockedShot,0.879000015258789,0.6320000076293946,0.10899200290441513,Luka Jovic,h,6228,OpenPlay,2021,LeftFoot,17363,Real Madrid,Granada,1,0,2022-02-06 20:00:00,Federico Valverde,Pass
3282,456469,82,MissedShots,0.9009999847412109,0.669000015258789,0.07664330303668976,Luka Jovic,h,6228,OpenPlay,2021,RightFoot,17363,Real Madrid,Granada,1,0,2022-02-06 20:00:00,,Rebound
3283,456471,91,BlockedShot,0.874000015258789,0.5690000152587891,0.1145310029387474,Luka Jovic,h,6228,OpenPlay,2021,LeftFoot,17363,Real Madrid,Granada,1,0,2022-02-06 20:00:00,Eden Hazard,Pass
3284,457119,91,ShotOnPost,0.8209999847412109,0.3659999847412109,0.31355100870132446,Luka Jovic,a,6228,OpenPlay,2021,RightFoot,17375,Villarreal,Real Madrid,0,0,2022-02-12 15:15:00,Eden Hazard,Throughball
3285,474650,46,SavedShot,0.87,0.35700000762939454,0.2526650130748749,Luka Jovic,a,6228,OpenPlay,2021,RightFoot,17477,Atletico Madrid,Real Madrid,1,0,2022-05-08 19:00:00,,Dispossessed
3286,474651,49,BlockedShot,0.884000015258789,0.40700000762939453,0.07661060243844986,Luka Jovic,a,6228,OpenPlay,2021,RightFoot,17477,Atletico Madrid,Real Madrid,1,0,2022-05-08 19:00:00,Marco Asensio,Pass
3287,475434,85,MissedShots,0.8809999847412109,0.4420000076293945,0.051218099892139435,Luka Jovic,h,6228,OpenPlay,2021,Head,17490,Real Madrid,Levante,6,0,2022-05-12 19:30:00,Lucas Vázquez,Cross
3288,481102,3,MissedShots,0.9059999847412109,0.4520000076293945,0.09975609928369522,Luka Jovic,h,6228,OpenPlay,2022,RightFoot,18587,Fiorentina,Cremonese,3,2,2022-08-14 16:30:00,Marco Benassi,HeadPass
3289,481106,12,SavedShot,0.9059999847412109,0.43,0.048427898436784744,Luka Jovic,h,6228,FromCorner,2022,Head,18587,Fiorentina,Cremonese,3,2,2022-08-14 16:30:00,Cristiano Biraghi,Cross
3290,481113,33,Goal,0.875,0.41900001525878905,0.10411900281906128,Luka Jovic,h,6228,OpenPlay,2022,RightFoot,18587,Fiorentina,Cremonese,3,2,2022-08-14 16:30:00,Riccardo Sottil,Pass
3291,481117,40,BlockedShot,0.8809999847412109,0.5429999923706055,0.09256120026111603,Luka Jovic,h,6228,OpenPlay,2022,LeftFoot,18587,Fiorentina,Cremonese,3,2,2022-08-14 16:30:00,Youssef Maleh,Cross
3292,481120,49,MissedShots,0.805,0.475,0.06796620041131973,Luka Jovic,h,6228,OpenPlay,2022,LeftFoot,18587,Fiorentina,Cremonese,3,2,2022-08-14 16:30:00,Christian Kouamé,Pass
3293,481126,59,BlockedShot,0.870999984741211,0.524000015258789,0.11555399745702744,Luka Jovic,h,6228,OpenPlay,2022,RightFoot,18587,Fiorentina,Cremonese,3,2,2022-08-14 16:30:00,Youssef Maleh,Pass
3294,481129,62,SavedShot,0.9269999694824219,0.5940000152587891,0.047724198549985886,Luka Jovic,h,6228,OpenPlay,2022,Head,18587,Fiorentina,Cremonese,3,2,2022-08-14 16:30:00,Giacomo Bonaventura,Aerial
3295,484689,73,SavedShot,0.875999984741211,0.43400001525878906,0.031742699444293976,Luka Jovic,h,6228,OpenPlay,2022,Head,18611,Fiorentina,Napoli,0,0,2022-08-28 18:45:00,Cristiano Biraghi,Cross
3296,485715,43,SavedShot,0.885,0.5,0.7612990140914917,Luka Jovic,h,6228,Penalty,2022,LeftFoot,18622,Fiorentina,Juventus,1,1,2022-09-03 13:00:00,,Standard
3297,485718,63,MissedShots,0.8859999847412109,0.5509999847412109,0.043953899294137955,Luka Jovic,h,6228,OpenPlay,2022,Head,18622,Fiorentina,Juventus,1,1,2022-09-03 13:00:00,,None
3298,487985,50,MissedShots,0.9059999847412109,0.46700000762939453,0.06836330145597458,Luka Jovic,a,6228,FromCorner,2022,Head,18633,Bologna,Fiorentina,2,1,2022-09-11 13:00:00,Cristiano Biraghi,Cross
3299,491011,87,SavedShot,0.8340000152587891,0.44,0.054010700434446335,Luka Jovic,a,6228,OpenPlay,2022,RightFoot,18652,Atalanta,Fiorentina,1,0,2022-10-02 16:00:00,Arthur Cabral,BallTouch
3300,491012,88,BlockedShot,0.9119999694824219,0.4620000076293945,0.033255498856306076,Luka Jovic,a,6228,FromCorner,2022,Head,18652,Atalanta,Fiorentina,1,0,2022-10-02 16:00:00,Sofyan Amrabat,Aerial
3301,491013,89,MissedShots,0.93,0.48900001525878906,0.11610999703407288,Luka Jovic,a,6228,FromCorner,2022,Head,18652,Atalanta,Fiorentina,1,0,2022-10-02 16:00:00,Cristiano Biraghi,Cross
3302,491014,91,MissedShots,0.8859999847412109,0.5029999923706054,0.06545759737491608,Luka Jovic,a,6228,OpenPlay,2022,Head,18652,Atalanta,Fiorentina,1,0,2022-10-02 16:00:00,Christian Kouamé,Cross
3303,492610,3,SavedShot,0.875,0.53,0.11621300131082535,Luka Jovic,h,6228,OpenPlay,2022,LeftFoot,18664,Fiorentina,Lazio,0,4,2022-10-10 18:45:00,Christian Kouamé,Pass
3304,492611,4,MissedShots,0.9219999694824219,0.544000015258789,0.365121990442276,Luka Jovic,h,6228,FromCorner,2022,RightFoot,18664,Fiorentina,Lazio,0,4,2022-10-10 18:45:00,Christian Kouamé,Cross
3305,492618,36,MissedShots,0.95,0.5179999923706055,0.39477598667144775,Luka Jovic,h,6228,FromCorner,2022,Head,18664,Fiorentina,Lazio,0,4,2022-10-10 18:45:00,Giacomo Bonaventura,None
3306,492621,40,MissedShots,0.8219999694824218,0.3029999923706055,0.03308429941534996,Luka Jovic,h,6228,OpenPlay,2022,LeftFoot,18664,Fiorentina,Lazio,0,4,2022-10-10 18:45:00,Sofyan Amrabat,Pass
3307,492625,45,BlockedShot,0.9159999847412109,0.600999984741211,0.3238399922847748,Luka Jovic,h,6228,OpenPlay,2022,RightFoot,18664,Fiorentina,Lazio,0,4,2022-10-10 18:45:00,Christian Kouamé,Pass
3308,492633,66,MissedShots,0.9259999847412109,0.544000015258789,0.34821999073028564,Luka Jovic,h,6228,OpenPlay,2022,Head,18664,Fiorentina,Lazio,0,4,2022-10-10 18:45:00,Christian Kouamé,HeadPass
3309,495246,89,Goal,0.9159999847412109,0.40599998474121096,0.08801759779453278,Luka Jovic,h,6228,FromCorner,2022,RightFoot,18685,Fiorentina,Inter,3,4,2022-10-22 18:45:00,Nikola Milenkovic,HeadPass
3310,497230,17,ShotOnPost,0.8680000305175781,0.5079999923706054,0.1185149997472763,Luka Jovic,a,6228,OpenPlay,2022,RightFoot,18700,Spezia,Fiorentina,1,2,2022-10-30 14:00:00,Jonathan Ikone,Pass
3311,497237,37,BlockedShot,0.8390000152587891,0.47,0.029933899641036987,Luka Jovic,a,6228,SetPiece,2022,Head,18700,Spezia,Fiorentina,1,2,2022-10-30 14:00:00,Cristiano Biraghi,Chipped
3312,497247,53,BlockedShot,0.9169999694824219,0.5720000076293945,0.15151800215244293,Luka Jovic,a,6228,OpenPlay,2022,RightFoot,18700,Spezia,Fiorentina,1,2,2022-10-30 14:00:00,Jonathan Ikone,Pass
3313,497248,55,MissedShots,0.8919999694824219,0.534000015258789,0.07018779963254929,Luka Jovic,a,6228,SetPiece,2022,Head,18700,Spezia,Fiorentina,1,2,2022-10-30 14:00:00,Christian Kouamé,Cross
3314,497252,71,MissedShots,0.825,0.5320000076293945,0.06620039790868759,Luka Jovic,a,6228,OpenPlay,2022,LeftFoot,18700,Spezia,Fiorentina,1,2,2022-10-30 14:00:00,Rolando Mandragora,Pass
3315,499572,80,Goal,0.9069999694824219,0.4620000076293945,0.45227301120758057,Luka Jovic,h,6228,OpenPlay,2022,RightFoot,18713,Fiorentina,Salernitana,2,1,2022-11-09 19:45:00,Riccardo Saponara,Throughball
3316,504839,82,MissedShots,0.9080000305175782,0.5629999923706055,0.08708690106868744,Luka Jovic,h,6228,OpenPlay,2022,LeftFoot,18763,Fiorentina,Torino,0,1,2023-01-21 19:45:00,Aleksa Terzic,Cross
3317,506320,27,SavedShot,0.8180000305175781,0.35200000762939454,0.03465019911527634,Luka Jovic,a,6228,OpenPlay,2022,RightFoot,18777,Lazio,Fiorentina,1,1,2023-01-29 17:00:00,,None
3318,506321,28,BlockedShot,0.8859999847412109,0.4640000152587891,0.0874485969543457,Luka Jovic,a,6228,FromCorner,2022,RightFoot,18777,Lazio,Fiorentina,1,1,2023-01-29 17:00:00,,None
3319,506331,65,SavedShot,0.899000015258789,0.4829999923706055,0.044833600521087646,Luka Jovic,a,6228,OpenPlay,2022,Head,18777,Lazio,Fiorentina,1,1,2023-01-29 17:00:00,Dodô,Aerial
3320,507818,45,SavedShot,0.7880000305175782,0.3029999923706055,0.020765699446201324,Luka Jovic,h,6228,OpenPlay,2022,RightFoot,18783,Fiorentina,Bologna,1,2,2023-02-05 17:00:00,Nicolás González,TakeOn
3321,507829,92,BlockedShot,0.8669999694824219,0.505,0.08072619885206223,Luka Jovic,h,6228,SetPiece,2022,LeftFoot,18783,Fiorentina,Bologna,1,2,2023-02-05 17:00:00,Josip Brekalo,Foul
3322,509079,81,MissedShots,0.8909999847412109,0.4640000152587891,0.2415190041065216,Luka Jovic,a,6228,OpenPlay,2022,Head,18796,Juventus,Fiorentina,1,0,2023-02-12 17:00:00,Aleksa Terzic,Aerial
3323,510227,13,BlockedShot,0.875999984741211,0.4779999923706055,0.020298000425100327,Luka Jovic,h,6228,SetPiece,2022,Head,18803,Fiorentina,Empoli,1,1,2023-02-19 14:00:00,Rolando Mandragora,Foul
3324,510234,35,BlockedShot,0.9309999847412109,0.4329999923706055,0.0367593988776207,Luka Jovic,h,6228,FromCorner,2022,Head,18803,Fiorentina,Empoli,1,1,2023-02-19 14:00:00,Sofyan Amrabat,Aerial
3325,510237,48,MissedShots,0.9480000305175781,0.54,0.06976249814033508,Luka Jovic,h,6228,FromCorner,2022,Head,18803,Fiorentina,Empoli,1,1,2023-02-19 14:00:00,Rolando Mandragora,Aerial
3326,512424,80,SavedShot,0.924000015258789,0.4329999923706055,0.04619180038571358,Luka Jovic,h,6228,SetPiece,2022,Head,18823,Fiorentina,AC Milan,2,1,2023-03-04 19:45:00,Rolando Mandragora,Aerial
3327,512426,86,Goal,0.9209999847412109,0.5320000076293945,0.3620069921016693,Luka Jovic,h,6228,OpenPlay,2022,Head,18823,Fiorentina,AC Milan,2,1,2023-03-04 19:45:00,Dodô,Cross
3328,514024,88,MissedShots,0.7930000305175782,0.4520000076293945,0.057331301271915436,Luka Jovic,a,6228,OpenPlay,2022,RightFoot,18833,Cremonese,Fiorentina,0,2,2023-03-12 14:00:00,,BallTouch
3329,517831,87,MissedShots,0.9380000305175781,0.34299999237060547,0.08773840218782425,Luka Jovic,h,6228,OpenPlay,2022,RightFoot,18863,Fiorentina,Spezia,1,1,2023-04-08 12:30:00,Josip Brekalo,Pass
3330,523486,42,MissedShots,0.904000015258789,0.5209999847412109,0.029922951012849808,Luka Jovic,h,6228,FromCorner,2022,Head,18894,Fiorentina,Sampdoria,5,0,2023-04-30 16:00:00,,Aerial
3331,523497,81,SavedShot,0.8119999694824219,0.4779999923706055,0.08126688748598099,Luka Jovic,h,6228,OpenPlay,2022,LeftFoot,18894,Fiorentina,Sampdoria,5,0,2023-04-30 16:00:00,Christian Kouamé,HeadPass
3332,523941,74,MissedShots,0.9540000152587891,0.6040000152587891,0.02804192714393139,Luka Jovic,a,6228,FromCorner,2022,Head,18909,Salernitana,Fiorentina,3,3,2023-05-03 16:00:00,,BallTouch
3333,525201,4,MissedShots,0.8780000305175781,0.509000015258789,0.03397081047296524,Luka Jovic,a,6228,OpenPlay,2022,Head,18917,Napoli,Fiorentina,1,0,2023-05-07 16:00:00,Aleksa Terzic,Aerial
3334,525204,14,SavedShot,0.9019999694824219,0.555,0.07216552644968033,Luka Jovic,a,6228,OpenPlay,2022,Head,18917,Napoli,Fiorentina,1,0,2023-05-07 16:00:00,Aleksa Terzic,Cross
3335,525205,14,BlockedShot,0.8909999847412109,0.40400001525878904,0.11056968569755554,Luka Jovic,a,6228,OpenPlay,2022,RightFoot,18917,Napoli,Fiorentina,1,0,2023-05-07 16:00:00,Giacomo Bonaventura,Pass
3336,525206,17,SavedShot,0.9380000305175781,0.6559999847412109,0.06809074431657791,Luka Jovic,a,6228,OpenPlay,2022,LeftFoot,18917,Napoli,Fiorentina,1,0,2023-05-07 16:00:00,Nicolás González,HeadPass
3337,527916,47,Goal,0.9340000152587891,0.525,0.43424344062805176,Luka Jovic,a,6228,OpenPlay,2022,Head,18940,Torino,Fiorentina,1,1,2023-05-21 13:00:00,Christian Kouamé,Cross
3338,529206,3,BlockedShot,0.7919999694824219,0.48200000762939454,0.04307007044553757,Luka Jovic,h,6228,OpenPlay,2022,LeftFoot,18943,Fiorentina,Roma,2,1,2023-05-27 16:00:00,Antonin Barak,Pass
3339,529211,26,SavedShot,0.8919999694824219,0.4329999923706055,0.024493301287293434,Luka Jovic,h,6228,OpenPlay,2022,Head,18943,Fiorentina,Roma,2,1,2023-05-27 16:00:00,Cristiano Biraghi,Aerial
3340,529212,30,MissedShots,0.745,0.54,0.016524100676178932,Luka Jovic,h,6228,OpenPlay,2022,LeftFoot,18943,Fiorentina,Roma,2,1,2023-05-27 16:00:00,Alfred Duncan,TakeOn
3341,529221,53,BlockedShot,0.9640000152587891,0.47200000762939454,0.6083897352218628,Luka Jovic,h,6228,FromCorner,2022,RightFoot,18943,Fiorentina,Roma,2,1,2023-05-27 16:00:00,Jonathan Ikone,Rebound
3342,529220,53,BlockedShot,0.9640000152587891,0.47200000762939454,0.5385105609893799,Luka Jovic,h,6228,FromCorner,2022,RightFoot,18943,Fiorentina,Roma,2,1,2023-05-27 16:00:00,Jonathan Ikone,Cross
3343,529223,74,MissedShots,0.774000015258789,0.27899999618530275,0.017629586160182953,Luka Jovic,h,6228,OpenPlay,2022,RightFoot,18943,Fiorentina,Roma,2,1,2023-05-27 16:00:00,Dodô,Pass
3344,529225,84,Goal,0.9780000305175781,0.48700000762939455,0.8600171208381653,Luka Jovic,h,6228,OpenPlay,2022,RightFoot,18943,Fiorentina,Roma,2,1,2023-05-27 16:00:00,Rolando Mandragora,None
3345,542900,78,BlockedShot,0.8809999847412109,0.5209999847412109,0.08905373513698578,Luka Jovic,a,6228,OpenPlay,2023,RightFoot,22378,Genoa,AC Milan,0,1,2023-10-07 18:45:00,Davide Calabria,Chipped
3346,542901,80,BlockedShot,0.8640000152587891,0.5720000076293945,0.07214068621397018,Luka Jovic,a,6228,OpenPlay,2023,RightFoot,22378,Genoa,AC Milan,0,1,2023-10-07 18:45:00,,None
3347,550025,74,SavedShot,0.895,0.5220000076293946,0.4522528648376465,Luka Jovic,h,6228,OpenPlay,2023,LeftFoot,22433,AC Milan,Fiorentina,1,0,2023-11-25 19:45:00,Theo Hernández,Throughball
3348,551341,42,Goal,0.904000015258789,0.5509999847412109,0.09538276493549347,Luka Jovic,h,6228,OpenPlay,2023,LeftFoot,22440,AC Milan,Frosinone,3,1,2023-12-02 19:45:00,,None
3349,553066,78,BlockedShot,0.830999984741211,0.49400001525878906,0.07165229320526123,Luka Jovic,a,6228,OpenPlay,2023,RightFoot,22445,Atalanta,AC Milan,3,2,2023-12-09 17:00:00,Olivier Giroud,Pass
3350,553067,79,Goal,0.9209999847412109,0.45299999237060545,0.3773067891597748,Luka Jovic,a,6228,OpenPlay,2023,LeftFoot,22445,Atalanta,AC Milan,3,2,2023-12-09 17:00:00,Christian Pulisic,Cross
3351,556046,81,SavedShot,0.960999984741211,0.524000015258789,0.6731162667274475,Luka Jovic,a,6228,OpenPlay,2023,RightFoot,22473,Salernitana,AC Milan,2,2,2023-12-22 19:45:00,,Rebound
3352,556045,81,SavedShot,0.9159999847412109,0.5309999847412109,0.35466253757476807,Luka Jovic,a,6228,OpenPlay,2023,Head,22473,Salernitana,AC Milan,2,2,2023-12-22 19:45:00,Rafael Leão,Cross
3353,556051,89,Goal,0.9230000305175782,0.435,0.4108164608478546,Luka Jovic,a,6228,OpenPlay,2023,LeftFoot,22473,Salernitana,AC Milan,2,2,2023-12-22 19:45:00,Olivier Giroud,HeadPass
3354,559151,82,Goal,0.9869999694824219,0.49599998474121093,0.7521304488182068,Luka Jovic,a,6228,OpenPlay,2023,Head,22513,Udinese,AC Milan,2,3,2024-01-20 19:45:00,,Rebound
3355,559152,91,BlockedShot,0.7959999847412109,0.5890000152587891,0.04462048038840294,Luka Jovic,a,6228,OpenPlay,2023,RightFoot,22513,Udinese,AC Milan,2,3,2024-01-20 19:45:00,Olivier Giroud,HeadPass
3356,561341,80,Goal,0.9159999847412109,0.47,0.5052586197853088,Luka Jovic,a,6228,OpenPlay,2023,RightFoot,22531,Frosinone,AC Milan,2,3,2024-02-03 17:00:00,,None
3357,564698,1,SavedShot,0.88,0.49700000762939456,0.01676076278090477,Luka Jovic,a,6228,SetPiece,2023,Head,22548,Monza,AC Milan,4,2,2024-02-18 19:45:00,Theo Hernández,Aerial
3358,564708,48,BlockedShot,0.909000015258789,0.4620000076293945,0.09397978335618973,Luka Jovic,a,6228,OpenPlay,2023,RightFoot,22548,Monza,AC Milan,4,2,2024-02-18 19:45:00,Ruben Loftus-Cheek,HeadPass
3359,568626,12,BlockedShot,0.874000015258789,0.5670000076293945,0.034815941005945206,Luka Jovic,h,6228,FromCorner,2023,Head,22579,AC Milan,Empoli,1,0,2024-03-10 14:00:00,Fikayo Tomori,None
3360,568633,47,MissedShots,0.894000015258789,0.5509999847412109,0.016020217910408974,Luka Jovic,h,6228,FromCorner,2023,Head,22579,AC Milan,Empoli,1,0,2024-03-10 14:00:00,Ismael Bennacer,Aerial
3361,572195,81,SavedShot,0.9319999694824219,0.40599998474121096,0.5199463963508606,Luka Jovic,h,6228,OpenPlay,2023,RightFoot,22612,AC Milan,Lecce,3,0,2024-04-06 13:00:00,Samuel Chukwueze,Throughball
3362,572196,81,BlockedShot,0.9309999847412109,0.4370000076293945,0.5495068430900574,Luka Jovic,h,6228,OpenPlay,2023,RightFoot,22612,AC Milan,Lecce,3,0,2024-04-06 13:00:00,,Rebound
3363,574241,58,Goal,0.9159999847412109,0.47,0.3611326515674591,Luka Jovic,a,6228,OpenPlay,2023,LeftFoot,22620,Sassuolo,AC Milan,3,3,2024-04-14 13:00:00,,None
3364,581831,49,SavedShot,0.9669999694824218,0.37,0.09113450348377228,Luka Jovic,a,6228,OpenPlay,2023,RightFoot,22674,Torino,AC Milan,3,1,2024-05-18 18:45:00,Christian Pulisic,Throughball
3365,581836,59,MissedShots,0.87,0.4640000152587891,0.04950936138629913,Luka Jovic,a,6228,FromCorner,2023,RightFoot,22674,Torino,AC Milan,3,1,2024-05-18 18:45:00,Ismael Bennacer,Cross
3366,583372,91,MissedShots,0.9019999694824219,0.4929999923706055,0.02319217659533024,Luka Jovic,h,6228,FromCorner,2023,Head,22682,AC Milan,Salernitana,3,3,2024-05-25 18:45:00,Alessandro Florenzi,Aerial
3367,585060,48,MissedShots,0.9080000305175782,0.5,0.03904826194047928,Luka Jovic,h,6228,OpenPlay,2024,Head,27365,AC Milan,Torino,2,2,2024-08-17 18:45:00,Rafael Leão,Aerial
3368,220966,76,MissedShots,0.7559999847412109,0.3089999961853027,0.012759299948811531,Ismael Bennacer,a,6981,OpenPlay,2018,LeftFoot,9594,Genoa,Empoli,2,1,2018-08-26 21:30:00,Giovanni Di Lorenzo,LayOff
3369,228828,11,BlockedShot,0.8540000152587891,0.46299999237060546,0.08907540142536163,Ismael Bennacer,a,6981,OpenPlay,2018,LeftFoot,9645,Parma Calcio 1913,Empoli,1,0,2018-09-30 16:00:00,Giovanni Di Lorenzo,Pass
3370,228842,48,MissedShots,0.720999984741211,0.43599998474121093,0.017441699281334877,Ismael Bennacer,a,6981,OpenPlay,2018,LeftFoot,9645,Parma Calcio 1913,Empoli,1,0,2018-09-30 16:00:00,Rade Krunic,Pass
3371,252119,44,MissedShots,0.759000015258789,0.700999984741211,0.017136499285697937,Ismael Bennacer,h,6981,OpenPlay,2018,LeftFoot,9649,Empoli,Roma,0,2,2018-10-06 18:30:00,,Rebound
3372,252122,49,ShotOnPost,0.8109999847412109,0.29700000762939455,0.07330729812383652,Ismael Bennacer,h,6981,DirectFreekick,2018,LeftFoot,9649,Empoli,Roma,0,2,2018-10-06 18:30:00,,Standard
3373,253602,16,MissedShots,0.86,0.18399999618530274,0.01714080013334751,Ismael Bennacer,h,6981,FromCorner,2018,LeftFoot,9699,Empoli,Atalanta,3,2,2018-11-25 14:00:00,Rade Krunic,Pass
3374,253626,75,SavedShot,0.735,0.5129999923706055,0.01757119968533516,Ismael Bennacer,h,6981,OpenPlay,2018,LeftFoot,9699,Empoli,Atalanta,3,2,2018-11-25 14:00:00,Antonio La Gumina,Pass
3375,253749,28,SavedShot,0.7169999694824218,0.49400001525878906,0.012466000393033028,Ismael Bennacer,a,6981,OpenPlay,2018,LeftFoot,9714,SPAL 2013,Empoli,2,2,2018-12-01 14:00:00,,None
3376,253760,64,SavedShot,0.755,0.67,0.0208491999655962,Ismael Bennacer,a,6981,OpenPlay,2018,LeftFoot,9714,SPAL 2013,Empoli,2,2,2018-12-01 14:00:00,,None
3377,254378,15,MissedShots,0.749000015258789,0.33299999237060546,0.04805919900536537,Ismael Bennacer,a,6981,DirectFreekick,2018,LeftFoot,9731,Fiorentina,Empoli,3,1,2018-12-16 14:00:00,,Standard
3378,277750,31,BlockedShot,0.7519999694824219,0.3920000076293945,0.010163200087845325,Ismael Bennacer,a,6981,SetPiece,2018,RightFoot,9822,AC Milan,Empoli,3,0,2019-02-22 19:30:00,Cristian Dell&#039;Orco,Aerial
3379,278006,45,SavedShot,0.7959999847412109,0.6509999847412109,0.02448049932718277,Ismael Bennacer,h,6981,OpenPlay,2018,LeftFoot,9832,Empoli,Parma Calcio 1913,3,3,2019-03-02 14:00:00,Rade Krunic,Pass
3380,285542,95,SavedShot,0.7769999694824219,0.2879999923706055,0.018275700509548187,Ismael Bennacer,a,6981,FromCorner,2018,LeftFoot,9844,Roma,Empoli,2,1,2019-03-11 19:30:00,Salih Ucan,Pass
3381,286708,5,MissedShots,0.81,0.47,0.0392364002764225,Ismael Bennacer,h,6981,OpenPlay,2018,LeftFoot,9849,Empoli,Frosinone,2,1,2019-03-17 14:00:00,,Rebound
3382,287711,86,BlockedShot,0.7809999847412109,0.29100000381469726,0.019153699278831482,Ismael Bennacer,a,6981,FromCorner,2018,LeftFoot,9862,Juventus,Empoli,1,0,2019-03-30 17:00:00,Manuel Pasqual,Pass
3383,295017,31,BlockedShot,0.7530000305175781,0.27700000762939453,0.041186898946762085,Ismael Bennacer,h,6981,DirectFreekick,2018,LeftFoot,9899,Empoli,SPAL 2013,2,4,2019-04-20 14:00:00,,Standard
3384,295020,41,MissedShots,0.7390000152587891,0.46700000762939453,0.016396600753068924,Ismael Bennacer,h,6981,OpenPlay,2018,LeftFoot,9899,Empoli,SPAL 2013,2,4,2019-04-20 14:00:00,Francesco Caputo,Pass
3385,295029,57,MissedShots,0.740999984741211,0.3820000076293945,0.05082910135388374,Ismael Bennacer,h,6981,DirectFreekick,2018,LeftFoot,9899,Empoli,SPAL 2013,2,4,2019-04-20 14:00:00,,Standard
3386,295034,66,MissedShots,0.7130000305175781,0.4159999847412109,0.014747199602425098,Ismael Bennacer,h,6981,OpenPlay,2018,LeftFoot,9899,Empoli,SPAL 2013,2,4,2019-04-20 14:00:00,Levan Mchedlidze,Pass
3387,331676,86,MissedShots,0.7290000152587891,0.4929999923706055,0.015814900398254395,Ismael Bennacer,a,6981,OpenPlay,2019,LeftFoot,13202,Juventus,AC Milan,1,0,2019-11-10 19:45:00,,None
3388,337524,40,BlockedShot,0.7669999694824219,0.26799999237060546,0.4375070035457611,Ismael Bennacer,h,6981,OpenPlay,2019,LeftFoot,13246,AC Milan,Sassuolo,0,0,2019-12-15 14:00:00,,TakeOn
3389,354065,79,BlockedShot,0.7659999847412109,0.33,0.016032999381422997,Ismael Bennacer,h,6981,OpenPlay,2019,LeftFoot,13265,AC Milan,Sampdoria,0,0,2020-01-06 14:00:00,Suso,Pass
3390,355543,16,MissedShots,0.8019999694824219,0.725999984741211,0.017298199236392975,Ismael Bennacer,a,6981,OpenPlay,2019,LeftFoot,13289,Brescia,AC Milan,0,1,2020-01-24 19:45:00,,None
3391,360115,31,MissedShots,0.765,0.3120000076293945,0.01894659921526909,Ismael Bennacer,a,6981,FromCorner,2019,LeftFoot,13332,Fiorentina,AC Milan,1,1,2020-02-22 19:45:00,Hakan Calhanoglu,Pass
3392,362130,11,BlockedShot,0.765,0.5179999923706055,0.026500800624489784,Ismael Bennacer,h,6981,OpenPlay,2019,LeftFoot,13343,AC Milan,Genoa,1,2,2020-03-08 14:00:00,,None
3393,362139,27,MissedShots,0.7269999694824218,0.49,0.016544200479984283,Ismael Bennacer,h,6981,OpenPlay,2019,LeftFoot,13343,AC Milan,Genoa,1,2,2020-03-08 14:00:00,Samu Castillejo,Pass
3394,362147,45,BlockedShot,0.7480000305175781,0.41,0.016316300258040428,Ismael Bennacer,h,6981,OpenPlay,2019,LeftFoot,13343,AC Milan,Genoa,1,2,2020-03-08 14:00:00,Ante Rebic,Pass
3395,367387,55,MissedShots,0.8009999847412109,0.34099998474121096,0.029207099229097366,Ismael Bennacer,h,6981,OpenPlay,2019,RightFoot,13363,AC Milan,Roma,2,0,2020-06-28 15:15:00,,None
3396,368251,50,MissedShots,0.8019999694824219,0.17899999618530274,0.012712500058114529,Ismael Bennacer,a,6981,FromCorner,2019,LeftFoot,13375,SPAL 2013,AC Milan,2,2,2020-07-01 19:45:00,,None
3397,368249,50,BlockedShot,0.7380000305175781,0.4929999923706055,0.015666600316762924,Ismael Bennacer,a,6981,OpenPlay,2019,LeftFoot,13375,SPAL 2013,AC Milan,2,2,2020-07-01 19:45:00,Franck Kessié,Pass
3398,368838,51,BlockedShot,0.8469999694824218,0.065,0.02861269935965538,Ismael Bennacer,a,6981,DirectFreekick,2019,LeftFoot,13379,Lazio,AC Milan,0,3,2020-07-04 19:45:00,,Standard
3399,372411,48,Goal,0.86,0.49,0.3512150049209595,Ismael Bennacer,h,6981,OpenPlay,2019,LeftFoot,13424,AC Milan,Bologna,5,1,2020-07-18 19:45:00,Hakan Calhanoglu,Pass
3400,373069,73,ShotOnPost,0.7430000305175781,0.5640000152587891,0.021645300090312958,Ismael Bennacer,a,6981,OpenPlay,2019,LeftFoot,13435,Sassuolo,AC Milan,1,2,2020-07-21 19:45:00,Ante Rebic,Pass
3401,374433,37,MissedShots,0.749000015258789,0.455,0.03125780075788498,Ismael Bennacer,h,6981,OpenPlay,2019,LeftFoot,13464,AC Milan,Cagliari,3,0,2020-08-01 18:45:00,Theo Hernández,LayOff
3402,378502,27,MissedShots,0.935,0.5070000076293946,0.5876590013504028,Ismael Bennacer,h,6981,OpenPlay,2020,RightFoot,14122,AC Milan,Bologna,2,0,2020-09-21 18:45:00,,None
3403,378518,67,MissedShots,0.720999984741211,0.5129999923706055,0.019294999539852142,Ismael Bennacer,h,6981,OpenPlay,2020,LeftFoot,14122,AC Milan,Bologna,2,0,2020-09-21 18:45:00,Zlatan Ibrahimovic,Pass
3404,384912,24,SavedShot,0.7030000305175781,0.35700000762939454,0.015485100448131561,Ismael Bennacer,a,6981,OpenPlay,2020,LeftFoot,15484,Udinese,AC Milan,1,2,2020-11-01 11:30:00,Davide Calabria,Pass
3405,386940,49,MissedShots,0.750999984741211,0.49,0.02172759920358658,Ismael Bennacer,h,6981,OpenPlay,2020,LeftFoot,15492,AC Milan,Verona,2,2,2020-11-08 19:45:00,Hakan Calhanoglu,Pass
3406,388222,46,MissedShots,0.77,0.43599998474121093,0.03802340105175972,Ismael Bennacer,a,6981,OpenPlay,2020,LeftFoot,15500,Napoli,AC Milan,1,3,2020-11-22 19:45:00,Alexis Saelemaekers,LayOff
3407,388227,66,BlockedShot,0.7619999694824219,0.40700000762939453,0.029139099642634392,Ismael Bennacer,a,6981,OpenPlay,2020,LeftFoot,15500,Napoli,AC Milan,1,3,2020-11-22 19:45:00,Zlatan Ibrahimovic,Pass
3408,392472,46,MissedShots,0.759000015258789,0.5690000152587891,0.02431670017540455,Ismael Bennacer,h,6981,OpenPlay,2020,LeftFoot,15532,AC Milan,Parma Calcio 1913,2,2,2020-12-13 19:45:00,Hakan Calhanoglu,Pass
3409,392480,71,BlockedShot,0.6969999694824218,0.4229999923706055,0.013704500161111355,Ismael Bennacer,h,6981,OpenPlay,2020,LeftFoot,15532,AC Milan,Parma Calcio 1913,2,2,2020-12-13 19:45:00,Davide Calabria,Pass
3410,404487,40,MissedShots,0.720999984741211,0.495,0.012999399565160275,Ismael Bennacer,a,6981,OpenPlay,2020,LeftFoot,15642,Spezia,AC Milan,2,0,2021-02-13 19:45:00,,None
3411,412001,64,BlockedShot,0.8030000305175782,0.595999984741211,0.055246900767087936,Ismael Bennacer,a,6981,OpenPlay,2020,LeftFoot,15701,Fiorentina,AC Milan,2,3,2021-03-21 17:00:00,,TakeOn
3412,415541,65,BlockedShot,0.6990000152587891,0.46599998474121096,0.013230499811470509,Ismael Bennacer,h,6981,OpenPlay,2020,LeftFoot,15728,AC Milan,Genoa,2,1,2021-04-18 10:30:00,Brahim Diaz,Pass
3413,418755,45,BlockedShot,0.8730000305175781,0.4759999847412109,0.10338699817657471,Ismael Bennacer,h,6981,OpenPlay,2020,LeftFoot,15757,AC Milan,Benevento,2,0,2021-05-01 18:45:00,,None
3414,432747,26,BlockedShot,0.784000015258789,0.49900001525878906,0.015295200049877167,Ismael Bennacer,h,6981,OpenPlay,2021,LeftFoot,16800,AC Milan,Venezia,2,0,2021-09-22 18:45:00,,Aerial
3415,432754,48,BlockedShot,0.740999984741211,0.42400001525878905,0.05525989830493927,Ismael Bennacer,h,6981,DirectFreekick,2021,LeftFoot,16800,AC Milan,Venezia,2,0,2021-09-22 18:45:00,,Standard
3416,438028,75,SavedShot,0.7730000305175782,0.63,0.025469599291682243,Ismael Bennacer,a,6981,OpenPlay,2021,LeftFoot,16837,Bologna,AC Milan,2,4,2021-10-23 18:45:00,Zlatan Ibrahimovic,Pass
3417,438033,83,Goal,0.8090000152587891,0.47400001525878904,0.04860629886388779,Ismael Bennacer,a,6981,OpenPlay,2021,LeftFoot,16837,Bologna,AC Milan,2,4,2021-10-23 18:45:00,,None
3418,440538,28,MissedShots,0.7680000305175781,0.41700000762939454,0.036521799862384796,Ismael Bennacer,a,6981,OpenPlay,2021,RightFoot,16862,Roma,AC Milan,1,2,2021-10-31 19:45:00,,BallRecovery
3419,442108,82,MissedShots,0.8969999694824219,0.5609999847412109,0.09220640361309052,Ismael Bennacer,h,6981,OpenPlay,2021,RightFoot,16870,AC Milan,Inter,1,1,2021-11-07 19:45:00,Zlatan Ibrahimovic,HeadPass
3420,444562,4,BlockedShot,0.799000015258789,0.49700000762939456,0.04340760037302971,Ismael Bennacer,h,6981,OpenPlay,2021,LeftFoot,16889,AC Milan,Sassuolo,1,3,2021-11-28 14:00:00,,None
3421,450312,43,MissedShots,0.7919999694824219,0.6079999923706054,0.03379800170660019,Ismael Bennacer,a,6981,OpenPlay,2021,LeftFoot,16936,Empoli,AC Milan,2,4,2021-12-22 19:45:00,Alexis Saelemaekers,Pass
3422,457319,64,MissedShots,0.85,0.6809999847412109,0.05557459965348244,Ismael Bennacer,h,6981,OpenPlay,2021,LeftFoot,17001,AC Milan,Sampdoria,1,0,2022-02-13 11:30:00,Ante Rebic,Pass
3423,458506,16,SavedShot,0.789000015258789,0.36400001525878906,0.08046700060367584,Ismael Bennacer,a,6981,DirectFreekick,2021,LeftFoot,17012,Salernitana,AC Milan,2,2,2022-02-19 19:45:00,,Standard
3424,461899,54,SavedShot,0.7909999847412109,0.3220000076293945,0.028253600001335144,Ismael Bennacer,a,6981,OpenPlay,2021,LeftFoot,17032,Napoli,AC Milan,0,1,2022-03-06 19:45:00,Franck Kessié,Pass
3425,464187,24,MissedShots,0.735,0.42400001525878905,0.017009800300002098,Ismael Bennacer,a,6981,OpenPlay,2021,LeftFoot,17047,Cagliari,AC Milan,0,1,2022-03-19 19:45:00,Junior Messias,BallTouch
3426,464196,58,Goal,0.815,0.46900001525878904,0.06636430323123932,Ismael Bennacer,a,6981,OpenPlay,2021,LeftFoot,17047,Cagliari,AC Milan,0,1,2022-03-19 19:45:00,Olivier Giroud,LayOff
3427,464209,85,MissedShots,0.7580000305175781,0.48700000762939455,0.026230599731206894,Ismael Bennacer,a,6981,FromCorner,2021,LeftFoot,17047,Cagliari,AC Milan,0,1,2022-03-19 19:45:00,,Rebound
3428,466210,53,MissedShots,0.7969999694824219,0.525,0.037415798753499985,Ismael Bennacer,h,6981,OpenPlay,2021,LeftFoot,17061,AC Milan,Bologna,0,0,2022-04-04 18:45:00,Rafael Leão,Pass
3429,466214,68,SavedShot,0.7559999847412109,0.519000015258789,0.024439500644803047,Ismael Bennacer,h,6981,OpenPlay,2021,LeftFoot,17061,AC Milan,Bologna,0,0,2022-04-04 18:45:00,,BallTouch
3430,480528,29,MissedShots,0.750999984741211,0.24399999618530274,0.036153100430965424,Ismael Bennacer,h,6981,DirectFreekick,2022,LeftFoot,18582,AC Milan,Udinese,4,2,2022-08-13 16:30:00,,Standard
3431,482828,67,Goal,0.8969999694824219,0.34200000762939453,0.058716099709272385,Ismael Bennacer,a,6981,OpenPlay,2022,LeftFoot,18599,Atalanta,AC Milan,1,1,2022-08-21 18:45:00,Alexis Saelemaekers,Pass
3432,482827,67,SavedShot,0.75,0.3029999923706055,0.015016299672424793,Ismael Bennacer,a,6981,OpenPlay,2022,LeftFoot,18599,Atalanta,AC Milan,1,1,2022-08-21 18:45:00,Alexis Saelemaekers,Pass
3433,486111,39,MissedShots,0.7630000305175781,0.5540000152587891,0.017000799998641014,Ismael Bennacer,h,6981,SetPiece,2022,LeftFoot,18623,AC Milan,Inter,3,2,2022-09-03 16:00:00,,Rebound
3434,491727,35,MissedShots,0.7280000305175781,0.6320000076293946,0.014430100098252296,Ismael Bennacer,h,6981,OpenPlay,2022,LeftFoot,18665,AC Milan,Juventus,2,0,2022-10-08 16:00:00,Sandro Tonali,BallRecovery
3435,497524,77,MissedShots,0.7419999694824219,0.45299999237060545,0.016770100221037865,Ismael Bennacer,a,6981,OpenPlay,2022,LeftFoot,18701,Torino,AC Milan,2,1,2022-10-30 19:45:00,Tommaso Pobega,BallRecovery
3436,505418,48,BlockedShot,0.7280000305175781,0.3890000152587891,0.045262400060892105,Ismael Bennacer,a,6981,DirectFreekick,2022,LeftFoot,18767,Lazio,AC Milan,4,0,2023-01-24 19:45:00,,Standard
3437,514467,13,BlockedShot,0.785,0.4129999923706055,0.09077149629592896,Ismael Bennacer,h,6981,DirectFreekick,2022,LeftFoot,18838,AC Milan,Salernitana,1,1,2023-03-13 19:45:00,,Standard
3438,514478,42,MissedShots,0.7180000305175781,0.505,0.01636900007724762,Ismael Bennacer,h,6981,OpenPlay,2022,LeftFoot,18838,AC Milan,Salernitana,1,1,2023-03-13 19:45:00,Pierre Kalulu Kyatengwa,Pass
3439,514481,51,MissedShots,0.885,0.6930000305175781,0.06754270195960999,Ismael Bennacer,h,6981,OpenPlay,2022,LeftFoot,18838,AC Milan,Salernitana,1,1,2023-03-13 19:45:00,Pierre Kalulu Kyatengwa,Pass
3440,514485,64,MissedShots,0.8209999847412109,0.52,0.05488070100545883,Ismael Bennacer,h,6981,OpenPlay,2022,LeftFoot,18838,AC Milan,Salernitana,1,1,2023-03-13 19:45:00,,None
3441,517264,81,BlockedShot,0.8080000305175781,0.52,0.10427799820899963,Ismael Bennacer,a,6981,OpenPlay,2022,LeftFoot,18859,Napoli,AC Milan,0,4,2023-04-02 18:45:00,Divock Origi,Pass
3442,522864,67,MissedShots,0.6969999694824218,0.445,0.012027016840875149,Ismael Bennacer,a,6981,OpenPlay,2022,LeftFoot,18898,Roma,AC Milan,1,1,2023-04-29 16:00:00,Alexis Saelemaekers,Pass
3443,524447,16,Goal,0.8969999694824219,0.514000015258789,0.4504646062850952,Ismael Bennacer,h,6981,OpenPlay,2022,LeftFoot,18916,AC Milan,Lazio,2,0,2023-05-06 13:00:00,Olivier Giroud,Pass
3444,524454,46,MissedShots,0.7969999694824219,0.3990000152587891,0.059159524738788605,Ismael Bennacer,h,6981,OpenPlay,2022,LeftFoot,18916,AC Milan,Lazio,2,0,2023-05-06 13:00:00,Rade Krunic,Pass
3445,524455,50,BlockedShot,0.8069999694824219,0.48200000762939454,0.05083376541733742,Ismael Bennacer,h,6981,OpenPlay,2022,LeftFoot,18916,AC Milan,Lazio,2,0,2023-05-06 13:00:00,,None
3446,556030,36,BlockedShot,0.7440000152587891,0.5170000076293946,0.027890818193554878,Ismael Bennacer,a,6981,OpenPlay,2023,LeftFoot,22473,Salernitana,AC Milan,2,2,2023-12-22 19:45:00,,None
3447,557057,22,MissedShots,0.8090000152587891,0.3129999923706055,0.02484147809445858,Ismael Bennacer,h,6981,FromCorner,2023,LeftFoot,22481,AC Milan,Sassuolo,1,0,2023-12-30 17:00:00,Christian Pulisic,TakeOn
3448,561339,80,BlockedShot,0.845,0.5329999923706055,0.07746370881795883,Ismael Bennacer,a,6981,OpenPlay,2023,LeftFoot,22531,Frosinone,AC Milan,2,3,2024-02-03 17:00:00,Rafael Leão,Pass
3449,563251,52,MissedShots,0.88,0.659000015258789,0.08887876570224762,Ismael Bennacer,h,6981,OpenPlay,2023,LeftFoot,22539,AC Milan,Napoli,1,0,2024-02-11 19:45:00,Yacine Adli,Pass
3450,564702,23,MissedShots,0.8440000152587891,0.514000015258789,0.3107130825519562,Ismael Bennacer,a,6981,OpenPlay,2023,LeftFoot,22548,Monza,AC Milan,4,2,2024-02-18 19:45:00,Luka Jovic,Pass
3451,572197,82,BlockedShot,0.7430000305175781,0.43099998474121093,0.05711234733462334,Ismael Bennacer,h,6981,DirectFreekick,2023,LeftFoot,22612,AC Milan,Lecce,3,0,2024-04-06 13:00:00,,Standard
3452,579097,21,MissedShots,0.8569999694824219,0.64,0.04776228219270706,Ismael Bennacer,h,6981,OpenPlay,2023,LeftFoot,22650,AC Milan,Genoa,3,3,2024-05-05 16:00:00,,Rebound
3453,580188,34,Goal,0.86,0.47200000762939454,0.3230051100254059,Ismael Bennacer,h,6981,OpenPlay,2023,LeftFoot,22663,AC Milan,Cagliari,5,1,2024-05-11 18:45:00,,Rebound
3454,580189,40,BlockedShot,0.7869999694824219,0.37,0.03171823173761368,Ismael Bennacer,h,6981,OpenPlay,2023,LeftFoot,22663,AC Milan,Cagliari,5,1,2024-05-11 18:45:00,Samuel Chukwueze,Pass
3455,580195,51,BlockedShot,0.7869999694824219,0.5020000076293946,0.053334083408117294,Ismael Bennacer,h,6981,OpenPlay,2023,LeftFoot,22663,AC Milan,Cagliari,5,1,2024-05-11 18:45:00,Tijjani Reijnders,BallTouch
3456,581833,54,Goal,0.885,0.5,0.7612988352775574,Ismael Bennacer,a,6981,Penalty,2023,LeftFoot,22674,Torino,AC Milan,3,1,2024-05-18 18:45:00,,Standard
3457,583359,61,MissedShots,0.9209999847412109,0.475,0.04628775641322136,Ismael Bennacer,h,6981,OpenPlay,2023,Head,22682,AC Milan,Salernitana,3,3,2024-05-25 18:45:00,Alessandro Florenzi,CornerAwarded
3458,609628,53,SavedShot,0.7219999694824218,0.455,0.014220403507351875,Ismael Bennacer,h,6981,OpenPlay,2024,LeftFoot,27538,AC Milan,Roma,1,1,2024-12-29 19:45:00,Samuel Chukwueze,Pass
3459,609633,63,SavedShot,0.7290000152587891,0.4640000152587891,0.013462147675454617,Ismael Bennacer,h,6981,OpenPlay,2024,LeftFoot,27538,AC Milan,Roma,1,1,2024-12-29 19:45:00,,Rebound
3460,287927,25,BlockedShot,0.9069999694824219,0.33599998474121096,0.07993599772453308,Emerson,a,7430,OpenPlay,2018,RightFoot,10244,Rayo Vallecano,Real Betis,1,1,2019-03-31 13:00:00,Joaquín,Pass
3461,292918,40,SavedShot,0.795,0.33599998474121096,0.020902499556541443,Emerson,h,7430,OpenPlay,2018,LeftFoot,10263,Real Betis,Villarreal,2,1,2019-04-07 19:45:00,,Rebound
3462,292925,62,BlockedShot,0.8430000305175781,0.32599998474121095,0.043842900544404984,Emerson,h,7430,OpenPlay,2018,RightFoot,10263,Real Betis,Villarreal,2,1,2019-04-07 19:45:00,Jesé,Pass
3463,316249,75,SavedShot,0.8009999847412109,0.39,0.028147699311375618,Emerson,h,7430,FromCorner,2019,RightFoot,12048,Real Betis,Leganes,2,1,2019-08-31 19:00:00,Andrés Guardado,Chipped
3464,322290,47,Goal,0.85,0.2879999923706055,0.030633199959993362,Emerson,a,7430,OpenPlay,2019,RightFoot,12092,Villarreal,Real Betis,5,1,2019-09-27 19:00:00,Borja Iglesias,Pass
3465,323792,40,BlockedShot,0.8540000152587891,0.3729999923706055,0.03916040062904358,Emerson,h,7430,OpenPlay,2019,RightFoot,12094,Real Betis,Eibar,1,1,2019-10-04 20:00:00,Alfonso,Cross
3466,323802,77,BlockedShot,0.87,0.27100000381469724,0.05520259961485863,Emerson,h,7430,OpenPlay,2019,RightFoot,12094,Real Betis,Eibar,1,1,2019-10-04 20:00:00,Loren Morón,Pass
3467,327692,83,MissedShots,0.8330000305175781,0.35700000762939454,0.04224599897861481,Emerson,a,7430,OpenPlay,2019,LeftFoot,12116,Granada,Real Betis,1,0,2019-10-27 13:00:00,Joaquín,Pass
3468,328451,7,Goal,0.8880000305175781,0.44299999237060544,0.09507829695940018,Emerson,h,7430,OpenPlay,2019,RightFoot,12126,Real Betis,Celta Vigo,2,1,2019-10-30 20:00:00,Borja Iglesias,BallTouch
3469,328467,64,MissedShots,0.8369999694824218,0.3,0.03767490014433861,Emerson,h,7430,OpenPlay,2019,RightFoot,12126,Real Betis,Celta Vigo,2,1,2019-10-30 20:00:00,Andrés Guardado,Chipped
3470,329627,88,MissedShots,0.850999984741211,0.3240000152587891,0.027224499732255936,Emerson,a,7430,OpenPlay,2019,RightFoot,12139,Real Madrid,Real Betis,0,0,2019-11-02 20:00:00,Álex Moreno,Cross
3471,331688,35,MissedShots,0.740999984741211,0.3870000076293945,0.013105999678373337,Emerson,h,7430,FromCorner,2019,RightFoot,12147,Real Betis,Sevilla,1,2,2019-11-10 20:00:00,,Aerial
3472,331689,44,BlockedShot,0.919000015258789,0.40700000762939453,0.02606239914894104,Emerson,h,7430,OpenPlay,2019,Head,12147,Real Betis,Sevilla,1,2,2019-11-10 20:00:00,Nabil Fekir,Aerial
3473,331705,95,BlockedShot,0.845999984741211,0.3160000038146973,0.015458299778401852,Emerson,h,7430,OpenPlay,2019,LeftFoot,12147,Real Betis,Sevilla,1,2,2019-11-10 20:00:00,,Aerial
3474,332175,21,BlockedShot,0.899000015258789,0.29700000762939455,0.043187301605939865,Emerson,h,7430,OpenPlay,2019,RightFoot,12153,Real Betis,Valencia,2,1,2019-11-23 15:00:00,,Rebound
3475,332182,39,MissedShots,0.9330000305175781,0.43900001525878907,0.06213320046663284,Emerson,h,7430,OpenPlay,2019,Head,12153,Real Betis,Valencia,2,1,2019-11-23 15:00:00,Joaquín,Aerial
3476,332193,70,MissedShots,0.92,0.4179999923706055,0.04278840124607086,Emerson,h,7430,OpenPlay,2019,Head,12153,Real Betis,Valencia,2,1,2019-11-23 15:00:00,Joaquín,Aerial
3477,339278,13,BlockedShot,0.9209999847412109,0.29700000762939455,0.05217370018362999,Emerson,h,7430,OpenPlay,2019,RightFoot,12194,Real Betis,Atletico Madrid,1,2,2019-12-22 15:00:00,,None
3478,339289,62,MissedShots,0.8630000305175781,0.285,0.03503609821200371,Emerson,h,7430,OpenPlay,2019,RightFoot,12194,Real Betis,Atletico Madrid,1,2,2019-12-22 15:00:00,,None
3479,339297,85,MissedShots,0.92,0.33,0.07103879749774933,Emerson,h,7430,OpenPlay,2019,RightFoot,12194,Real Betis,Atletico Madrid,1,2,2019-12-22 15:00:00,Borja Iglesias,Pass
3480,353862,54,Goal,0.95,0.48,0.4560700058937073,Emerson,a,7430,FromCorner,2019,Head,12203,Alaves,Real Betis,1,1,2020-01-05 15:00:00,Nabil Fekir,Aerial
3481,355135,67,MissedShots,0.9119999694824219,0.534000015258789,0.24392400681972504,Emerson,h,7430,FromCorner,2019,Head,12215,Real Betis,Real Sociedad,3,0,2020-01-19 13:00:00,Sergio Canales,Cross
3482,359722,36,MissedShots,0.9580000305175781,0.590999984741211,0.08208300173282623,Emerson,h,7430,FromCorner,2019,Head,12266,Real Betis,Mallorca,3,3,2020-02-21 20:00:00,Sergio Canales,Cross
3483,359727,55,MissedShots,0.905,0.27399999618530274,0.024353599175810814,Emerson,h,7430,OpenPlay,2019,RightFoot,12266,Real Betis,Mallorca,3,3,2020-02-21 20:00:00,Álex Moreno,Cross
3484,360824,18,BlockedShot,0.9569999694824218,0.5879999923706055,0.12043700367212296,Emerson,a,7430,SetPiece,2019,OtherBodyPart,12282,Valencia,Real Betis,2,1,2020-02-29 15:00:00,,CornerAwarded
3485,362408,76,MissedShots,0.7530000305175781,0.27799999237060546,0.017270799726247787,Emerson,h,7430,OpenPlay,2019,RightFoot,12286,Real Betis,Real Madrid,2,1,2020-03-08 20:00:00,Alfonso,Pass
3486,364063,76,MissedShots,0.904000015258789,0.37099998474121093,0.08318500220775604,Emerson,a,7430,OpenPlay,2019,LeftFoot,12301,Sevilla,Real Betis,2,0,2020-06-11 20:00:00,Diego Lainez,Pass
3487,366646,55,MissedShots,0.8969999694824219,0.27399999618530274,0.05073229968547821,Emerson,h,7430,OpenPlay,2019,RightFoot,12325,Real Betis,Espanyol,1,0,2020-06-25 20:00:00,Andrés Guardado,Chipped
3488,368278,2,BlockedShot,0.899000015258789,0.44299999237060544,0.028520600870251656,Emerson,h,7430,SetPiece,2019,Head,12345,Real Betis,Villarreal,0,2,2020-07-01 20:00:00,Sergio Canales,Aerial
3489,378483,54,MissedShots,0.855999984741211,0.26299999237060545,0.04508280009031296,Emerson,h,7430,OpenPlay,2020,RightFoot,14153,Real Betis,Real Valladolid,2,0,2020-09-20 16:30:00,Joaquín,Pass
3490,379133,47,OwnGoal,0.061999998092651366,0.4779999923706055,0,Emerson,h,7430,OpenPlay,2020,LeftFoot,14157,Real Betis,Real Madrid,2,3,2020-09-26 19:00:00,,None
3491,384973,0,MissedShots,0.779000015258789,0.3120000076293945,0.021493900567293167,Emerson,h,7430,OpenPlay,2020,RightFoot,14847,Real Betis,Elche,3,1,2020-11-01 13:00:00,Nabil Fekir,Pass
3492,384984,36,BlockedShot,0.8830000305175781,0.27899999618530275,0.056171100586652756,Emerson,h,7430,OpenPlay,2020,RightFoot,14847,Real Betis,Elche,3,1,2020-11-01 13:00:00,Nabil Fekir,Pass
3493,392243,39,BlockedShot,0.9009999847412109,0.47400001525878904,0.033829301595687866,Emerson,h,7430,OpenPlay,2020,Head,14899,Real Betis,Villarreal,1,1,2020-12-13 15:15:00,Álex Moreno,Aerial
3494,396478,64,MissedShots,0.6569999694824219,0.445,0.013527699746191502,Emerson,h,7430,SetPiece,2020,RightFoot,14939,Real Betis,Sevilla,1,1,2021-01-02 15:15:00,Sergio Canales,Pass
3495,405003,51,Goal,0.9540000152587891,0.48200000762939454,0.48106300830841064,Emerson,a,7430,FromCorner,2020,Head,15007,Villarreal,Real Betis,1,2,2021-02-14 20:00:00,Sergio Canales,Cross
3496,405374,25,BlockedShot,0.7809999847412109,0.3039999961853027,0.02161639928817749,Emerson,h,7430,OpenPlay,2020,RightFoot,15011,Real Betis,Getafe,1,0,2021-02-19 20:00:00,Aitor Ruibal,TakeOn
3497,414842,56,SavedShot,0.9209999847412109,0.5329999923706055,0.04911249876022339,Emerson,h,7430,FromCorner,2020,Head,15069,Real Betis,Atletico Madrid,1,1,2021-04-11 19:00:00,Nabil Fekir,Aerial
3498,416007,27,MissedShots,0.845,0.3340000152587891,0.04203749820590019,Emerson,h,7430,OpenPlay,2020,LeftFoot,15102,Real Betis,Valencia,2,2,2021-04-18 16:30:00,Cristian Tello,Pass
3499,416019,81,BlockedShot,0.8880000305175781,0.5059999847412109,0.035645801573991776,Emerson,h,7430,FromCorner,2020,OtherBodyPart,15102,Real Betis,Valencia,2,2,2021-04-18 16:30:00,Sergio Canales,Aerial
3500,418936,58,SavedShot,0.97,0.47299999237060547,0.5983690023422241,Emerson,a,7430,OpenPlay,2020,RightFoot,15110,Real Valladolid,Real Betis,1,1,2021-05-02 12:00:00,Nabil Fekir,Chipped
3501,435346,51,BlockedShot,0.8930000305175781,0.29700000762939455,0.06010260060429573,Emerson,h,7430,OpenPlay,2021,RightFoot,16443,Tottenham,Aston Villa,2,1,2021-10-03 13:00:00,,None
3502,441591,21,MissedShots,0.9209999847412109,0.44,0.10754600167274475,Emerson,a,7430,OpenPlay,2021,Head,16481,Everton,Tottenham,0,0,2021-11-07 14:00:00,Sergio Reguilón,Cross
3503,450561,39,SavedShot,0.9319999694824219,0.43400001525878906,0.05474970117211342,Emerson,h,7430,OpenPlay,2021,Head,16563,Tottenham,Crystal Palace,3,0,2021-12-26 15:00:00,Sergio Reguilón,Aerial
3504,450980,66,MissedShots,0.8880000305175781,0.3139999961853027,0.05606909841299057,Emerson,a,7430,OpenPlay,2021,RightFoot,16585,Watford,Tottenham,0,1,2022-01-01 15:00:00,Lucas Moura,BallTouch
3505,454170,17,BlockedShot,0.95,0.3729999923706055,0.0783815011382103,Emerson,a,7430,FromCorner,2021,RightFoot,16540,Leicester,Tottenham,2,3,2022-01-19 19:30:00,,Rebound
3506,458468,24,MissedShots,0.775,0.33299999237060546,0.023775700479745865,Emerson,a,7430,OpenPlay,2021,RightFoot,16632,Manchester City,Tottenham,2,3,2022-02-19 17:30:00,Son Heung-Min,Chipped
3507,459173,32,MissedShots,0.8090000152587891,0.3609999847412109,0.03930339962244034,Emerson,a,7430,OpenPlay,2021,LeftFoot,16499,Burnley,Tottenham,1,0,2022-02-23 19:30:00,Harry Kane,TakeOn
3508,464677,94,MissedShots,0.924000015258789,0.4879999923706055,0.08212599903345108,Emerson,h,7430,OpenPlay,2021,Head,16673,Tottenham,West Ham,3,1,2022-03-20 16:30:00,Steven Bergwijn,Chipped
3509,466005,62,Goal,0.9590000152587891,0.5120000076293946,0.6642109751701355,Emerson,h,7430,OpenPlay,2021,RightFoot,16678,Tottenham,Newcastle United,5,1,2022-04-03 15:30:00,,None
3510,473776,51,BlockedShot,0.9280000305175782,0.2610000038146973,0.03417370095849037,Emerson,a,7430,OpenPlay,2021,RightFoot,16728,Liverpool,Tottenham,1,1,2022-05-07 18:45:00,Harry Kane,Chipped
3511,475375,26,MissedShots,0.8680000305175781,0.3029999923706055,0.04436440020799637,Emerson,h,7430,OpenPlay,2021,RightFoot,16593,Tottenham,Arsenal,3,0,2022-05-12 18:45:00,,Rebound
3512,475381,41,MissedShots,0.9530000305175781,0.41900001525878905,0.4286389946937561,Emerson,h,7430,OpenPlay,2021,LeftFoot,16593,Tottenham,Arsenal,3,0,2022-05-12 18:45:00,Ryan Sessegnon,Chipped
3513,475386,58,SavedShot,0.895,0.46099998474121096,0.2959060072898865,Emerson,h,7430,OpenPlay,2021,Head,16593,Tottenham,Arsenal,3,0,2022-05-12 18:45:00,Harry Kane,Chipped
3514,476247,9,BlockedShot,0.879000015258789,0.27700000762939453,0.038842301815748215,Emerson,h,7430,OpenPlay,2021,RightFoot,16739,Tottenham,Burnley,1,0,2022-05-15 11:00:00,Lucas Moura,Pass
3515,476252,16,SavedShot,0.68,0.5479999923706055,0.011921999976038933,Emerson,h,7430,FromCorner,2021,RightFoot,16739,Tottenham,Burnley,1,0,2022-05-15 11:00:00,,None
3516,479327,35,BlockedShot,0.8059999847412109,0.345,0.03142109885811806,Emerson,h,7430,OpenPlay,2022,LeftFoot,18207,Tottenham,Southampton,4,1,2022-08-06 14:00:00,Dejan Kulusevski,Pass
3517,479333,49,MissedShots,0.885,0.3189999961853027,0.010532399639487267,Emerson,h,7430,OpenPlay,2022,Head,18207,Tottenham,Southampton,4,1,2022-08-06 14:00:00,Ben Davies,Cross
3518,479342,72,MissedShots,0.914000015258789,0.445,0.12479200214147568,Emerson,h,7430,OpenPlay,2022,RightFoot,18207,Tottenham,Southampton,4,1,2022-08-06 14:00:00,Harry Kane,HeadPass
3519,481642,68,BlockedShot,0.914000015258789,0.5459999847412109,0.12158200144767761,Emerson,h,7430,OpenPlay,2022,RightFoot,18222,Tottenham,Wolverhampton Wanderers,1,0,2022-08-20 11:30:00,,None
3520,485270,2,SavedShot,0.750999984741211,0.22100000381469725,0.01492950040847063,Emerson,a,7430,OpenPlay,2022,RightFoot,18249,West Ham,Tottenham,1,1,2022-08-31 18:45:00,Pierre-Emile Højbjerg,Pass
3521,485294,80,MissedShots,0.9030000305175782,0.415,0.030977899208664894,Emerson,a,7430,OpenPlay,2022,Head,18249,West Ham,Tottenham,1,1,2022-08-31 18:45:00,Ivan Perisic,Aerial
3522,496597,40,MissedShots,0.845999984741211,0.4179999923706055,0.05429660156369209,Emerson,a,7430,OpenPlay,2022,RightFoot,18333,Bournemouth,Tottenham,2,3,2022-10-29 14:00:00,,None
3523,500122,12,SavedShot,0.92,0.37,0.08955840021371841,Emerson,h,7430,OpenPlay,2022,RightFoot,18359,Tottenham,Leeds,4,3,2022-11-12 15:00:00,Dejan Kulusevski,Pass
3524,500124,17,MissedShots,0.9009999847412109,0.4379999923706055,0.39692598581314087,Emerson,h,7430,OpenPlay,2022,RightFoot,18359,Tottenham,Leeds,4,3,2022-11-12 15:00:00,Ben Davies,Pass
3525,504350,26,MissedShots,0.7330000305175781,0.38799999237060545,0.018899399787187576,Emerson,a,7430,FromCorner,2022,RightFoot,18267,Manchester City,Tottenham,4,2,2023-01-19 19:00:00,Dejan Kulusevski,Pass
3526,504359,46,Goal,0.9459999847412109,0.40400001525878904,0.30319100618362427,Emerson,a,7430,OpenPlay,2022,Head,18267,Manchester City,Tottenham,4,2,2023-01-19 19:00:00,,Rebound
3527,505292,35,SavedShot,0.9069999694824219,0.295,0.05057670176029205,Emerson,a,7430,OpenPlay,2022,RightFoot,18405,Fulham,Tottenham,0,1,2023-01-23 20:00:00,Dejan Kulusevski,Pass
3528,510356,26,BlockedShot,0.7630000305175781,0.4570000076293945,0.02240999974310398,Emerson,h,7430,OpenPlay,2022,RightFoot,18440,Tottenham,West Ham,2,0,2023-02-19 16:30:00,Richarlison,Pass
3529,510364,55,Goal,0.8530000305175781,0.4620000076293945,0.31515398621559143,Emerson,h,7430,OpenPlay,2022,RightFoot,18440,Tottenham,West Ham,2,0,2023-02-19 16:30:00,Ben Davies,Pass
3530,511222,45,SavedShot,0.9119999694824219,0.355,0.09693209826946259,Emerson,h,7430,OpenPlay,2022,RightFoot,18450,Tottenham,Chelsea,2,0,2023-02-26 13:30:00,Dejan Kulusevski,Pass
3531,527176,23,BlockedShot,0.905,0.40400001525878904,0.048910003155469894,Emerson,h,7430,OpenPlay,2022,Head,18569,Tottenham,Brentford,1,3,2023-05-20 11:30:00,Son Heung-Min,Cross
3532,527186,52,BlockedShot,0.745,0.34200000762939453,0.014217809773981571,Emerson,h,7430,FromCorner,2022,RightFoot,18569,Tottenham,Brentford,1,3,2023-05-20 11:30:00,,None
3533,532420,48,Goal,0.7780000305175782,0.5570000076293945,0.03262129798531532,Emerson,a,7430,OpenPlay,2023,RightFoot,22282,Brentford,Tottenham,2,2,2023-08-13 13:00:00,James Maddison,Pass
3534,545167,74,BlockedShot,0.7809999847412109,0.6990000152587891,0.02350764349102974,Emerson,a,7430,OpenPlay,2023,RightFoot,21990,Crystal Palace,Tottenham,1,2,2023-10-27 19:00:00,James Maddison,Pass
3535,550316,94,MissedShots,0.955999984741211,0.6079999923706054,0.015399912372231483,Emerson,h,7430,FromCorner,2023,Head,22024,Tottenham,Aston Villa,1,2,2023-11-26 14:00:00,Pedro Porro,Aerial
3536,557180,17,SavedShot,0.774000015258789,0.37099998474121093,0.034267112612724304,Emerson,h,7430,OpenPlay,2023,RightFoot,22092,Tottenham,Bournemouth,3,1,2023-12-31 14:00:00,,BallTouch
3537,563958,82,SavedShot,0.825999984741211,0.37599998474121094,0.049096930772066116,Emerson,h,7430,OpenPlay,2023,RightFoot,22144,Tottenham,Wolverhampton Wanderers,1,2,2024-02-17 15:00:00,Rodrigo Bentancur,Pass
3538,577989,62,MissedShots,0.754000015258789,0.4279999923706055,0.022254150360822678,Emerson,a,7430,OpenPlay,2023,RightFoot,22149,Chelsea,Tottenham,2,0,2024-05-02 18:30:00,Yves Bissouma,Pass
3539,599518,22,MissedShots,0.799000015258789,0.21200000762939453,0.016540681943297386,Emerson,h,7430,OpenPlay,2024,RightFoot,27459,AC Milan,Napoli,0,2,2024-10-29 19:45:00,Ruben Loftus-Cheek,Pass
3540,603132,45,MissedShots,0.9380000305175781,0.445,0.05439681187272072,Emerson,h,7430,FromCorner,2024,Head,27490,AC Milan,Juventus,0,0,2024-11-23 17:00:00,,Aerial
3541,604304,1,BlockedShot,0.8640000152587891,0.3559999847412109,0.03321990743279457,Emerson,h,7430,OpenPlay,2024,RightFoot,27498,AC Milan,Empoli,3,0,2024-11-30 17:00:00,Rafael Leão,Chipped
3542,604326,71,BlockedShot,0.7219999694824218,0.44,0.020018842071294785,Emerson,h,7430,OpenPlay,2024,RightFoot,27498,AC Milan,Empoli,3,0,2024-11-30 17:00:00,Rafael Leão,Pass
3543,607861,8,SavedShot,0.85,0.39299999237060546,0.10048999637365341,Emerson,h,7430,OpenPlay,2024,RightFoot,27520,AC Milan,Genoa,0,0,2024-12-15 19:45:00,Tammy Abraham,Pass
3544,607874,45,SavedShot,0.8869999694824219,0.34200000762939453,0.009693765081465244,Emerson,h,7430,OpenPlay,2024,Head,27520,AC Milan,Genoa,0,0,2024-12-15 19:45:00,Samuel Chukwueze,Cross
3545,608100,45,BlockedShot,0.79,0.2560000038146973,0.01654861867427826,Emerson,a,7430,OpenPlay,2024,RightFoot,27522,Verona,AC Milan,0,1,2024-12-20 19:45:00,,Dispossessed
3546,609635,75,BlockedShot,0.8430000305175781,0.3729999923706055,0.05225096270442009,Emerson,h,7430,OpenPlay,2024,RightFoot,27538,AC Milan,Roma,1,1,2024-12-29 19:45:00,,None
3547,609637,79,MissedShots,0.7230000305175781,0.33799999237060546,0.012632370926439762,Emerson,h,7430,OpenPlay,2024,RightFoot,27538,AC Milan,Roma,1,1,2024-12-29 19:45:00,Tammy Abraham,Pass
3548,357202,88,MissedShots,0.7580000305175781,0.4570000076293945,0.024914000183343887,Alexis Saelemaekers,h,8297,OpenPlay,2019,LeftFoot,13305,AC Milan,Verona,1,1,2020-02-02 14:00:00,,BallRecovery
3549,367388,56,BlockedShot,0.789000015258789,0.475,0.0321149006485939,Alexis Saelemaekers,h,8297,SetPiece,2019,RightFoot,13363,AC Milan,Roma,2,0,2020-06-28 15:15:00,Theo Hernández,Pass
3550,368240,23,BlockedShot,0.8169999694824219,0.555,0.05475270003080368,Alexis Saelemaekers,a,8297,OpenPlay,2019,RightFoot,13375,SPAL 2013,AC Milan,2,2,2020-07-01 19:45:00,Franck Kessié,Pass
3551,368242,28,MissedShots,0.9069999694824219,0.38799999237060545,0.06310489773750305,Alexis Saelemaekers,a,8297,OpenPlay,2019,LeftFoot,13375,SPAL 2013,AC Milan,2,2,2020-07-01 19:45:00,Hakan Calhanoglu,Chipped
3552,368277,95,BlockedShot,0.8059999847412109,0.37599998474121094,0.024928400292992592,Alexis Saelemaekers,a,8297,FromCorner,2019,RightFoot,13375,SPAL 2013,AC Milan,2,2,2020-07-01 19:45:00,,None
3553,369550,7,SavedShot,0.8269999694824218,0.5509999847412109,0.06974080204963684,Alexis Saelemaekers,h,8297,OpenPlay,2019,LeftFoot,13394,AC Milan,Juventus,4,2,2020-07-07 19:45:00,Lucas Paquetá,Pass
3554,372397,9,Goal,0.8680000305175781,0.5379999923706055,0.10655099898576736,Alexis Saelemaekers,h,8297,OpenPlay,2019,LeftFoot,13424,AC Milan,Bologna,5,1,2020-07-18 19:45:00,Theo Hernández,Pass
3555,373532,61,BlockedShot,0.904000015258789,0.5309999847412109,0.13527700304985046,Alexis Saelemaekers,h,8297,OpenPlay,2019,LeftFoot,13440,AC Milan,Atalanta,1,1,2020-07-24 19:45:00,Rafael Leão,Pass
3556,374165,37,MissedShots,0.8859999847412109,0.509000015258789,0.13399100303649902,Alexis Saelemaekers,a,8297,OpenPlay,2019,LeftFoot,13456,Sampdoria,AC Milan,1,4,2020-07-29 17:30:00,Theo Hernández,Pass
3557,381392,43,MissedShots,0.8719999694824219,0.3870000076293945,0.07716120034456253,Alexis Saelemaekers,h,8297,OpenPlay,2020,RightFoot,15454,AC Milan,Spezia,3,0,2020-10-04 16:00:00,Davide Calabria,Pass
3558,384248,46,Goal,0.9119999694824219,0.5509999847412109,0.44134798645973206,Alexis Saelemaekers,h,8297,OpenPlay,2020,RightFoot,15473,AC Milan,Roma,3,3,2020-10-26 19:45:00,Rafael Leão,Pass
3559,384253,57,BlockedShot,0.850999984741211,0.40099998474121096,0.09208899736404419,Alexis Saelemaekers,h,8297,OpenPlay,2020,LeftFoot,15473,AC Milan,Roma,3,3,2020-10-26 19:45:00,Hakan Calhanoglu,Pass
3560,384908,9,MissedShots,0.9290000152587891,0.5029999923706054,0.45310699939727783,Alexis Saelemaekers,a,8297,OpenPlay,2020,RightFoot,15484,Udinese,AC Milan,1,2,2020-11-01 11:30:00,Rafael Leão,Cross
3561,386925,7,SavedShot,0.805,0.5029999923706054,0.05143659934401512,Alexis Saelemaekers,h,8297,OpenPlay,2020,RightFoot,15492,AC Milan,Verona,2,2,2020-11-08 19:45:00,Zlatan Ibrahimovic,Pass
3562,388208,13,MissedShots,0.8290000152587891,0.3189999961853027,0.037458401173353195,Alexis Saelemaekers,a,8297,OpenPlay,2020,LeftFoot,15500,Napoli,AC Milan,1,3,2020-11-22 19:45:00,Franck Kessié,Chipped
3563,389387,82,MissedShots,0.9480000305175781,0.3189999961853027,0.08234760165214539,Alexis Saelemaekers,h,8297,OpenPlay,2020,RightFoot,15512,AC Milan,Fiorentina,2,0,2020-11-29 14:00:00,,BallRecovery
3564,391041,29,MissedShots,0.8130000305175781,0.2979999923706055,0.02467449940741062,Alexis Saelemaekers,a,8297,FromCorner,2020,RightFoot,15522,Sampdoria,AC Milan,1,2,2020-12-06 19:45:00,Hakan Calhanoglu,Pass
3565,393195,71,BlockedShot,0.8090000152587891,0.5170000076293946,0.056647300720214844,Alexis Saelemaekers,a,8297,OpenPlay,2020,RightFoot,15538,Genoa,AC Milan,2,2,2020-12-16 19:45:00,,TakeOn
3566,394453,19,MissedShots,0.8019999694824219,0.45799999237060546,0.030649399384856224,Alexis Saelemaekers,a,8297,FromCorner,2020,LeftFoot,15554,Sassuolo,AC Milan,1,2,2020-12-20 14:00:00,,None
3567,394456,25,Goal,0.9309999847412109,0.4420000076293945,0.6215010285377502,Alexis Saelemaekers,a,8297,OpenPlay,2020,LeftFoot,15554,Sassuolo,AC Milan,1,2,2020-12-20 14:00:00,Theo Hernández,Pass
3568,394470,71,MissedShots,0.9169999694824219,0.4520000076293945,0.127702996134758,Alexis Saelemaekers,a,8297,OpenPlay,2020,LeftFoot,15554,Sassuolo,AC Milan,1,2,2020-12-20 14:00:00,,None
3569,395364,2,MissedShots,0.7219999694824218,0.46599998474121096,0.010825100354850292,Alexis Saelemaekers,h,8297,SetPiece,2020,LeftFoot,15559,AC Milan,Lazio,3,2,2020-12-23 19:45:00,,None
3570,407578,33,SavedShot,0.9269999694824219,0.6,0.12475399672985077,Alexis Saelemaekers,a,8297,OpenPlay,2020,RightFoot,15663,Roma,AC Milan,1,2,2021-02-28 19:45:00,Ante Rebic,Pass
3571,407594,72,MissedShots,0.8519999694824218,0.32799999237060545,0.055743999779224396,Alexis Saelemaekers,a,8297,OpenPlay,2020,LeftFoot,15663,Roma,AC Milan,1,2,2021-02-28 19:45:00,Davide Calabria,Pass
3572,408910,4,MissedShots,0.8030000305175782,0.3220000076293945,0.018422400578856468,Alexis Saelemaekers,a,8297,SetPiece,2020,RightFoot,15682,Verona,AC Milan,0,2,2021-03-07 14:00:00,,None
3573,408919,52,MissedShots,0.81,0.5309999847412109,0.07817249745130539,Alexis Saelemaekers,a,8297,OpenPlay,2020,LeftFoot,15682,Verona,AC Milan,0,2,2021-03-07 14:00:00,Rafael Leão,Pass
3574,410733,84,BlockedShot,0.895,0.3529999923706055,0.04500859975814819,Alexis Saelemaekers,h,8297,FromCorner,2020,RightFoot,15690,AC Milan,Napoli,0,1,2021-03-14 19:45:00,Theo Hernández,BallTouch
3575,415531,43,BlockedShot,0.8119999694824219,0.605999984741211,0.06083130091428757,Alexis Saelemaekers,h,8297,OpenPlay,2020,RightFoot,15728,AC Milan,Genoa,2,1,2021-04-18 10:30:00,Theo Hernández,TakeOn
3576,416327,54,SavedShot,0.8209999847412109,0.41900001525878905,0.07425550371408463,Alexis Saelemaekers,h,8297,OpenPlay,2020,RightFoot,15744,AC Milan,Sassuolo,1,2,2021-04-21 16:30:00,Ante Rebic,Pass
3577,416330,66,BlockedShot,0.9169999694824219,0.445,0.14329800009727478,Alexis Saelemaekers,h,8297,OpenPlay,2020,LeftFoot,15744,AC Milan,Sassuolo,1,2,2021-04-21 16:30:00,Rafael Leão,Pass
3578,418218,28,BlockedShot,0.7119999694824218,0.6370000076293946,0.016419799998402596,Alexis Saelemaekers,a,8297,OpenPlay,2020,RightFoot,15749,Lazio,AC Milan,3,0,2021-04-26 18:45:00,Ismael Bennacer,Pass
3579,418221,34,SavedShot,0.8109999847412109,0.6140000152587891,0.044332701712846756,Alexis Saelemaekers,a,8297,OpenPlay,2020,RightFoot,15749,Lazio,AC Milan,3,0,2021-04-26 18:45:00,Hakan Calhanoglu,LayOff
3580,418758,48,MissedShots,0.7619999694824219,0.6090000152587891,0.01393510028719902,Alexis Saelemaekers,h,8297,FromCorner,2020,RightFoot,15757,AC Milan,Benevento,2,0,2021-05-01 18:45:00,,Aerial
3581,418767,58,MissedShots,0.91,0.5479999923706055,0.14578600227832794,Alexis Saelemaekers,h,8297,OpenPlay,2020,RightFoot,15757,AC Milan,Benevento,2,0,2021-05-01 18:45:00,,TakeOn
3582,422822,17,SavedShot,0.74,0.4370000076293945,0.01944120042026043,Alexis Saelemaekers,h,8297,OpenPlay,2020,RightFoot,15788,AC Milan,Cagliari,0,0,2021-05-16 18:45:00,Hakan Calhanoglu,Pass
3583,422823,18,MissedShots,0.8080000305175781,0.445,0.03260929882526398,Alexis Saelemaekers,h,8297,FromCorner,2020,RightFoot,15788,AC Milan,Cagliari,0,0,2021-05-16 18:45:00,,None
3584,424253,3,MissedShots,0.78,0.33799999237060546,0.023028599098324776,Alexis Saelemaekers,a,8297,OpenPlay,2020,RightFoot,15801,Atalanta,AC Milan,0,2,2021-05-23 18:45:00,Rafael Leão,HeadPass
3585,428033,26,MissedShots,0.7280000305175781,0.4640000152587891,0.011390799656510353,Alexis Saelemaekers,a,8297,SetPiece,2021,RightFoot,16765,Sampdoria,AC Milan,0,1,2021-08-23 18:45:00,,None
3586,429493,29,BlockedShot,0.9019999694824219,0.355,0.08088599890470505,Alexis Saelemaekers,h,8297,OpenPlay,2021,RightFoot,16774,AC Milan,Cagliari,4,1,2021-08-29 18:45:00,Olivier Giroud,None
3587,429498,51,MissedShots,0.914000015258789,0.30700000762939456,0.03927119821310043,Alexis Saelemaekers,h,8297,FromCorner,2021,RightFoot,16774,AC Milan,Cagliari,4,1,2021-08-29 18:45:00,,None
3588,429501,58,BlockedShot,0.7480000305175781,0.4929999923706055,0.016930600628256798,Alexis Saelemaekers,h,8297,FromCorner,2021,LeftFoot,16774,AC Milan,Cagliari,4,1,2021-08-29 18:45:00,,None
3589,429502,60,BlockedShot,0.7809999847412109,0.27,0.018658800050616264,Alexis Saelemaekers,h,8297,OpenPlay,2021,LeftFoot,16774,AC Milan,Cagliari,4,1,2021-08-29 18:45:00,Olivier Giroud,Pass
3590,432763,90,SavedShot,0.7469999694824219,0.5820000076293945,0.01913280040025711,Alexis Saelemaekers,h,8297,OpenPlay,2021,RightFoot,16800,AC Milan,Venezia,2,0,2021-09-22 18:45:00,Pietro Pellegri,Pass
3591,433213,33,MissedShots,0.7709999847412109,0.4370000076293945,0.01999649964272976,Alexis Saelemaekers,a,8297,FromCorner,2021,LeftFoot,16812,Spezia,AC Milan,1,2,2021-09-25 13:00:00,,None
3592,435844,45,MissedShots,0.7709999847412109,0.45799999237060546,0.04942129924893379,Alexis Saelemaekers,a,8297,OpenPlay,2021,LeftFoot,16816,Atalanta,AC Milan,2,3,2021-10-03 18:45:00,Ante Rebic,LayOff
3593,435847,58,SavedShot,0.955999984741211,0.48900001525878906,0.6138989925384521,Alexis Saelemaekers,a,8297,OpenPlay,2021,Head,16816,Atalanta,AC Milan,2,3,2021-10-03 18:45:00,Ante Rebic,Cross
3594,436543,29,SavedShot,0.784000015258789,0.645,0.022496100515127182,Alexis Saelemaekers,h,8297,OpenPlay,2021,RightFoot,16831,AC Milan,Verona,3,2,2021-10-16 18:45:00,Franck Kessié,Pass
3595,438849,24,BlockedShot,0.9619999694824218,0.40400001525878904,0.11205700039863586,Alexis Saelemaekers,h,8297,OpenPlay,2021,RightFoot,16850,AC Milan,Torino,1,0,2021-10-26 18:45:00,Rafael Leão,Interception
3596,438852,40,MissedShots,0.7090000152587891,0.5,0.009896350093185902,Alexis Saelemaekers,h,8297,SetPiece,2021,LeftFoot,16850,AC Milan,Torino,1,0,2021-10-26 18:45:00,,None
3597,438857,72,MissedShots,0.700999984741211,0.47900001525878905,0.01544640026986599,Alexis Saelemaekers,h,8297,OpenPlay,2021,RightFoot,16850,AC Milan,Torino,1,0,2021-10-26 18:45:00,Tiemoué Bakayoko,Pass
3598,442114,88,ShotOnPost,0.755,0.5629999923706055,0.023795699700713158,Alexis Saelemaekers,h,8297,OpenPlay,2021,RightFoot,16870,AC Milan,Inter,1,1,2021-11-07 19:45:00,Fikayo Tomori,TakeOn
3599,444577,56,MissedShots,0.7580000305175781,0.6229999923706054,0.018695499747991562,Alexis Saelemaekers,h,8297,OpenPlay,2021,LeftFoot,16889,AC Milan,Sassuolo,1,3,2021-11-28 14:00:00,Zlatan Ibrahimovic,HeadPass
3600,446004,13,MissedShots,0.77,0.659000015258789,0.021945200860500336,Alexis Saelemaekers,h,8297,OpenPlay,2021,RightFoot,16910,AC Milan,Salernitana,2,0,2021-12-04 14:00:00,Pietro Pellegri,Pass
3601,446005,17,Goal,0.9109999847412109,0.2620000076293945,0.047852300107479095,Alexis Saelemaekers,h,8297,OpenPlay,2021,LeftFoot,16910,AC Milan,Salernitana,2,0,2021-12-04 14:00:00,Brahim Diaz,Pass
3602,449983,80,BlockedShot,0.7440000152587891,0.649000015258789,0.011617099866271019,Alexis Saelemaekers,h,8297,OpenPlay,2021,RightFoot,16931,AC Milan,Napoli,0,1,2021-12-19 19:45:00,Alessio Romagnoli,TakeOn
3603,449985,94,MissedShots,0.7619999694824219,0.504000015258789,0.017849700525403023,Alexis Saelemaekers,h,8297,SetPiece,2021,RightFoot,16931,AC Milan,Napoli,0,1,2021-12-19 19:45:00,,None
3604,450303,9,SavedShot,0.9640000152587891,0.71,0.04695750027894974,Alexis Saelemaekers,a,8297,OpenPlay,2021,LeftFoot,16936,Empoli,AC Milan,2,4,2021-12-22 19:45:00,Ismael Bennacer,Pass
3605,450314,45,SavedShot,0.8009999847412109,0.765,0.018681999295949936,Alexis Saelemaekers,a,8297,OpenPlay,2021,RightFoot,16936,Empoli,AC Milan,2,4,2021-12-22 19:45:00,Theo Hernández,Pass
3606,450328,77,MissedShots,0.7709999847412109,0.43900001525878907,0.03537749871611595,Alexis Saelemaekers,a,8297,OpenPlay,2021,LeftFoot,16936,Empoli,AC Milan,2,4,2021-12-22 19:45:00,Olivier Giroud,Pass
3607,453898,9,BlockedShot,0.86,0.3529999923706055,0.06286419928073883,Alexis Saelemaekers,h,8297,OpenPlay,2021,LeftFoot,16970,AC Milan,Spezia,1,2,2022-01-17 17:30:00,Rafael Leão,Pass
3608,453901,19,BlockedShot,0.9180000305175782,0.5570000076293945,0.23518599569797516,Alexis Saelemaekers,h,8297,OpenPlay,2021,LeftFoot,16970,AC Milan,Spezia,1,2,2022-01-17 17:30:00,Brahim Diaz,TakeOn
3609,453908,39,SavedShot,0.8540000152587891,0.40700000762939453,0.08150079846382141,Alexis Saelemaekers,h,8297,OpenPlay,2021,LeftFoot,16970,AC Milan,Spezia,1,2,2022-01-17 17:30:00,Rafael Leão,Pass
3610,453912,56,SavedShot,0.9169999694824219,0.555,0.12334199994802475,Alexis Saelemaekers,h,8297,OpenPlay,2021,RightFoot,16970,AC Milan,Spezia,1,2,2022-01-17 17:30:00,Rafael Leão,Cross
3611,455457,76,MissedShots,0.92,0.7340000152587891,0.04281279817223549,Alexis Saelemaekers,h,8297,OpenPlay,2021,RightFoot,16982,AC Milan,Juventus,0,0,2022-01-23 19:45:00,Olivier Giroud,TakeOn
3612,461909,93,SavedShot,0.8630000305175781,0.5029999923706054,0.46864598989486694,Alexis Saelemaekers,a,8297,OpenPlay,2021,RightFoot,17032,Napoli,AC Milan,0,1,2022-03-06 19:45:00,Theo Hernández,Pass
3613,464213,92,BlockedShot,0.9359999847412109,0.41,0.13777199387550354,Alexis Saelemaekers,a,8297,OpenPlay,2021,RightFoot,17047,Cagliari,AC Milan,0,1,2022-03-19 19:45:00,Ismael Bennacer,Pass
3614,467644,1,BlockedShot,0.7980000305175782,0.3820000076293945,0.0333683006465435,Alexis Saelemaekers,a,8297,OpenPlay,2021,RightFoot,17074,Torino,AC Milan,0,0,2022-04-10 18:45:00,,None
3615,467650,45,BlockedShot,0.7980000305175782,0.2979999923706055,0.023496899753808975,Alexis Saelemaekers,a,8297,OpenPlay,2021,LeftFoot,17074,Torino,AC Milan,0,0,2022-04-10 18:45:00,Davide Calabria,Pass
3616,467816,35,MissedShots,0.8980000305175782,0.5179999923706055,0.14039300382137299,Alexis Saelemaekers,h,8297,OpenPlay,2021,LeftFoot,17081,AC Milan,Genoa,2,0,2022-04-15 19:00:00,Franck Kessié,Pass
3617,467819,50,MissedShots,0.81,0.35900001525878905,0.0504039004445076,Alexis Saelemaekers,h,8297,OpenPlay,2021,RightFoot,17081,AC Milan,Genoa,2,0,2022-04-15 19:00:00,,BallRecovery
3618,474565,27,MissedShots,0.7709999847412109,0.485,0.028554100543260574,Alexis Saelemaekers,a,8297,OpenPlay,2021,LeftFoot,17108,Verona,AC Milan,1,3,2022-05-08 18:45:00,,None
3619,474569,43,BlockedShot,0.764000015258789,0.3890000152587891,0.023381700739264488,Alexis Saelemaekers,a,8297,OpenPlay,2021,RightFoot,17108,Verona,AC Milan,1,3,2022-05-08 18:45:00,Franck Kessié,Pass
3620,476550,34,SavedShot,0.7980000305175782,0.31799999237060544,0.021480800583958626,Alexis Saelemaekers,h,8297,OpenPlay,2021,RightFoot,17121,AC Milan,Atalanta,2,0,2022-05-15 16:00:00,Davide Calabria,Pass
3621,478056,8,SavedShot,0.9059999847412109,0.639000015258789,0.3108789920806885,Alexis Saelemaekers,a,8297,OpenPlay,2021,LeftFoot,17132,Sassuolo,AC Milan,0,3,2022-05-22 16:00:00,Sandro Tonali,Throughball
3622,478061,22,SavedShot,0.7909999847412109,0.3509999847412109,0.026804499328136444,Alexis Saelemaekers,a,8297,FromCorner,2021,RightFoot,17132,Sassuolo,AC Milan,0,3,2022-05-22 16:00:00,Theo Hernández,Cross
3623,478071,47,MissedShots,0.85,0.54,0.09715169668197632,Alexis Saelemaekers,a,8297,OpenPlay,2021,LeftFoot,17132,Sassuolo,AC Milan,0,3,2022-05-22 16:00:00,,BallTouch
3624,480536,77,BlockedShot,0.785,0.3890000152587891,0.029165299609303474,Alexis Saelemaekers,h,8297,OpenPlay,2022,RightFoot,18582,AC Milan,Udinese,4,2,2022-08-13 16:30:00,,None
3625,480537,78,MissedShots,0.7240000152587891,0.4570000076293945,0.012846499681472778,Alexis Saelemaekers,h,8297,FromCorner,2022,LeftFoot,18582,AC Milan,Udinese,4,2,2022-08-13 16:30:00,,Aerial
3626,480539,85,MissedShots,0.9330000305175781,0.34700000762939454,0.10746300220489502,Alexis Saelemaekers,h,8297,OpenPlay,2022,RightFoot,18582,AC Milan,Udinese,4,2,2022-08-13 16:30:00,Ismael Bennacer,Chipped
3627,483999,69,SavedShot,0.775,0.30700000762939456,0.02947230078279972,Alexis Saelemaekers,h,8297,OpenPlay,2022,RightFoot,18606,AC Milan,Bologna,2,0,2022-08-27 18:45:00,Theo Hernández,Pass
3628,489634,59,MissedShots,0.7180000305175781,0.5729999923706055,0.008890880271792412,Alexis Saelemaekers,h,8297,SetPiece,2022,LeftFoot,18645,AC Milan,Napoli,1,2,2022-09-18 18:45:00,,Aerial
3629,489635,61,BlockedShot,0.865,0.5579999923706055,0.0822158008813858,Alexis Saelemaekers,h,8297,OpenPlay,2022,RightFoot,18645,AC Milan,Napoli,1,2,2022-09-18 18:45:00,Olivier Giroud,Pass
3630,490415,20,MissedShots,0.9130000305175782,0.395,0.11587399989366531,Alexis Saelemaekers,a,8297,OpenPlay,2022,RightFoot,18653,Empoli,AC Milan,1,3,2022-10-01 18:45:00,Rafael Leão,Pass
3631,490416,22,SavedShot,0.835,0.36900001525878906,0.05586500093340874,Alexis Saelemaekers,a,8297,OpenPlay,2022,RightFoot,18653,Empoli,AC Milan,1,3,2022-10-01 18:45:00,Davide Calabria,Pass
3632,503004,36,MissedShots,0.8080000305175781,0.6140000152587891,0.05378590151667595,Alexis Saelemaekers,h,8297,OpenPlay,2022,RightFoot,18747,AC Milan,Roma,2,2,2023-01-08 19:45:00,Olivier Giroud,Pass
3633,506053,56,SavedShot,0.740999984741211,0.580999984741211,0.018188999965786934,Alexis Saelemaekers,h,8297,OpenPlay,2022,LeftFoot,18779,AC Milan,Sassuolo,2,5,2023-01-29 11:30:00,Ante Rebic,Pass
3634,508126,40,MissedShots,0.8159999847412109,0.37,0.03135310113430023,Alexis Saelemaekers,h,8297,SetPiece,2022,LeftFoot,18799,AC Milan,Torino,1,0,2023-02-10 19:45:00,,None
3635,514468,13,MissedShots,0.6819999694824219,0.44799999237060545,0.011991900391876698,Alexis Saelemaekers,h,8297,FromCorner,2022,RightFoot,18838,AC Milan,Salernitana,1,1,2023-03-13 19:45:00,,None
3636,515264,21,SavedShot,0.77,0.34700000762939454,0.02072020061314106,Alexis Saelemaekers,a,8297,OpenPlay,2022,LeftFoot,18851,Udinese,AC Milan,3,1,2023-03-18 19:45:00,Pierre Kalulu Kyatengwa,Pass
3637,517257,66,Goal,0.93,0.45799999237060546,0.6552990078926086,Alexis Saelemaekers,a,8297,OpenPlay,2022,RightFoot,18859,Napoli,AC Milan,0,4,2023-04-02 18:45:00,Davide Calabria,TakeOn
3638,517260,72,SavedShot,0.745999984741211,0.4540000152587891,0.10548499971628189,Alexis Saelemaekers,a,8297,OpenPlay,2022,RightFoot,18859,Napoli,AC Milan,0,4,2023-04-02 18:45:00,Sandro Tonali,TakeOn
3639,517266,84,SavedShot,0.825,0.6140000152587891,0.09600070118904114,Alexis Saelemaekers,a,8297,OpenPlay,2022,RightFoot,18859,Napoli,AC Milan,0,4,2023-04-02 18:45:00,Charles De Ketelaere,TakeOn
3640,517663,14,MissedShots,0.7680000305175781,0.33599998474121096,0.020635200664401054,Alexis Saelemaekers,h,8297,OpenPlay,2022,LeftFoot,18867,AC Milan,Empoli,0,0,2023-04-07 19:00:00,Sandro Tonali,Pass
3641,517674,54,BlockedShot,0.774000015258789,0.42900001525878906,0.0203527994453907,Alexis Saelemaekers,h,8297,FromCorner,2022,RightFoot,18867,AC Milan,Empoli,0,0,2023-04-07 19:00:00,,None
3642,517677,77,BlockedShot,0.7709999847412109,0.5690000152587891,0.02906860038638115,Alexis Saelemaekers,h,8297,OpenPlay,2022,RightFoot,18867,AC Milan,Empoli,0,0,2023-04-07 19:00:00,Rafael Leão,Pass
3643,517679,82,BlockedShot,0.8730000305175781,0.3529999923706055,0.15401999652385712,Alexis Saelemaekers,h,8297,OpenPlay,2022,RightFoot,18867,AC Milan,Empoli,0,0,2023-04-07 19:00:00,Brahim Diaz,TakeOn
3644,519242,22,MissedShots,0.785,0.38099998474121094,0.015051299706101418,Alexis Saelemaekers,a,8297,FromCorner,2022,RightFoot,18872,Bologna,AC Milan,1,1,2023-04-15 13:00:00,,Aerial
3645,519252,53,BlockedShot,0.899000015258789,0.2610000038146973,0.040160100907087326,Alexis Saelemaekers,a,8297,OpenPlay,2022,LeftFoot,18872,Bologna,AC Milan,1,1,2023-04-15 13:00:00,,BallTouch
3646,522860,56,BlockedShot,0.7619999694824219,0.504000015258789,0.019126715138554573,Alexis Saelemaekers,a,8297,FromCorner,2022,LeftFoot,18898,Roma,AC Milan,1,1,2023-04-29 16:00:00,,None
3647,522861,59,MissedShots,0.919000015258789,0.3940000152587891,0.3100919723510742,Alexis Saelemaekers,a,8297,OpenPlay,2022,RightFoot,18898,Roma,AC Milan,1,1,2023-04-29 16:00:00,Rafael Leão,Chipped
3648,522866,83,MissedShots,0.9059999847412109,0.46700000762939453,0.0901394858956337,Alexis Saelemaekers,a,8297,OpenPlay,2022,Head,18898,Roma,AC Milan,1,1,2023-04-29 16:00:00,Theo Hernández,Cross
3649,522870,96,Goal,0.9630000305175781,0.445,0.546969473361969,Alexis Saelemaekers,a,8297,OpenPlay,2022,RightFoot,18898,Roma,AC Milan,1,1,2023-04-29 16:00:00,Rafael Leão,Cross
3650,524087,27,BlockedShot,0.875,0.6630000305175782,0.053662680089473724,Alexis Saelemaekers,h,8297,OpenPlay,2022,RightFoot,18907,AC Milan,Cremonese,1,1,2023-05-03 19:00:00,,None
3651,524091,51,MissedShots,0.750999984741211,0.3509999847412109,0.019289253279566765,Alexis Saelemaekers,h,8297,OpenPlay,2022,RightFoot,18907,AC Milan,Cremonese,1,1,2023-05-03 19:00:00,Rade Krunic,Pass
3652,524096,73,SavedShot,0.73,0.4779999923706055,0.015031112357974052,Alexis Saelemaekers,h,8297,OpenPlay,2022,LeftFoot,18907,AC Milan,Cremonese,1,1,2023-05-03 19:00:00,,None
3653,524452,44,BlockedShot,0.7730000305175782,0.7430000305175781,0.05239972099661827,Alexis Saelemaekers,h,8297,OpenPlay,2022,RightFoot,18916,AC Milan,Lazio,2,0,2023-05-06 13:00:00,Ismael Bennacer,TakeOn
3654,526114,19,MissedShots,0.805,0.4159999847412109,0.033402275294065475,Alexis Saelemaekers,a,8297,SetPiece,2022,RightFoot,18931,Spezia,AC Milan,2,0,2023-05-13 16:00:00,,None
3655,527713,78,BlockedShot,0.845999984741211,0.3609999847412109,0.0679512470960617,Alexis Saelemaekers,h,8297,OpenPlay,2022,LeftFoot,18936,AC Milan,Sampdoria,5,1,2023-05-20 18:45:00,Charles De Ketelaere,Pass
3656,530272,68,BlockedShot,0.8969999694824219,0.27899999618530275,0.054397933185100555,Alexis Saelemaekers,a,8297,OpenPlay,2022,LeftFoot,18946,Juventus,AC Milan,0,1,2023-05-28 18:45:00,Rafael Leão,Pass
3657,530274,70,SavedShot,0.8880000305175781,0.355,0.09757307916879654,Alexis Saelemaekers,a,8297,OpenPlay,2022,RightFoot,18946,Juventus,AC Milan,0,1,2023-05-28 18:45:00,Olivier Giroud,Pass
3658,531182,95,MissedShots,0.87,0.67,0.07604376971721649,Alexis Saelemaekers,h,8297,OpenPlay,2022,RightFoot,18956,AC Milan,Verona,3,1,2023-06-04 19:00:00,Tommaso Pobega,Pass
3659,544525,18,MissedShots,0.899000015258789,0.6559999847412109,0.09158872812986374,Alexis Saelemaekers,h,8297,OpenPlay,2023,LeftFoot,22386,Bologna,Frosinone,2,1,2023-10-22 13:00:00,,TakeOn
3660,544542,81,MissedShots,0.7630000305175781,0.705,0.047804396599531174,Alexis Saelemaekers,h,8297,DirectFreekick,2023,RightFoot,22386,Bologna,Frosinone,2,1,2023-10-22 13:00:00,,Standard
3661,548796,38,MissedShots,0.9069999694824219,0.5670000076293945,0.3155543804168701,Alexis Saelemaekers,a,8297,OpenPlay,2023,LeftFoot,22420,Fiorentina,Bologna,2,1,2023-11-12 14:00:00,Riccardo Orsolini,Cross
3662,548797,40,SavedShot,0.92,0.4329999923706055,0.4469469487667084,Alexis Saelemaekers,a,8297,OpenPlay,2023,RightFoot,22420,Fiorentina,Bologna,2,1,2023-11-12 14:00:00,,None
3663,548800,58,BlockedShot,0.8530000305175781,0.68,0.03888260945677757,Alexis Saelemaekers,a,8297,OpenPlay,2023,RightFoot,22420,Fiorentina,Bologna,2,1,2023-11-12 14:00:00,Stefan Posch,Foul
3664,550701,66,BlockedShot,0.8109999847412109,0.7130000305175781,0.030348805710673332,Alexis Saelemaekers,h,8297,OpenPlay,2023,RightFoot,22425,Bologna,Torino,2,0,2023-11-27 19:45:00,Dan Ndoye,Pass
3665,556140,22,MissedShots,0.7569999694824219,0.43900001525878907,0.02383418381214142,Alexis Saelemaekers,h,8297,OpenPlay,2023,RightFoot,22469,Bologna,Atalanta,1,0,2023-12-23 14:00:00,Joshua Zirkzee,Pass
3666,556154,68,MissedShots,0.8419999694824218,0.29100000381469726,0.021853815764188766,Alexis Saelemaekers,h,8297,OpenPlay,2023,RightFoot,22469,Bologna,Atalanta,1,0,2023-12-23 14:00:00,Lewis Ferguson,TakeOn
3667,561430,65,BlockedShot,0.8180000305175781,0.585,0.04438871890306473,Alexis Saelemaekers,h,8297,FromCorner,2023,LeftFoot,22528,Bologna,Sassuolo,4,2,2024-02-03 19:45:00,,TakeOn
3668,561433,66,MissedShots,0.865999984741211,0.6709999847412109,0.03585747629404068,Alexis Saelemaekers,h,8297,FromCorner,2023,RightFoot,22528,Bologna,Sassuolo,4,2,2024-02-03 19:45:00,,None
3669,561437,78,BlockedShot,0.8019999694824219,0.634000015258789,0.05603110045194626,Alexis Saelemaekers,h,8297,OpenPlay,2023,RightFoot,22528,Bologna,Sassuolo,4,2,2024-02-03 19:45:00,Joshua Zirkzee,Pass
3670,561441,85,Goal,0.895,0.5970000076293945,0.07737908512353897,Alexis Saelemaekers,h,8297,SetPiece,2023,RightFoot,22528,Bologna,Sassuolo,4,2,2024-02-03 19:45:00,,TakeOn
3671,562917,3,SavedShot,0.7680000305175781,0.7290000152587891,0.017064925283193588,Alexis Saelemaekers,h,8297,OpenPlay,2023,RightFoot,22535,Bologna,Lecce,4,0,2024-02-11 14:00:00,Riccardo Calafiori,Pass
3672,562922,13,MissedShots,0.909000015258789,0.710999984741211,0.062394462525844574,Alexis Saelemaekers,h,8297,OpenPlay,2023,LeftFoot,22535,Bologna,Lecce,4,0,2024-02-11 14:00:00,Lewis Ferguson,Pass
3673,562923,15,MissedShots,0.8480000305175781,0.605,0.07923837006092072,Alexis Saelemaekers,h,8297,OpenPlay,2023,RightFoot,22535,Bologna,Lecce,4,0,2024-02-11 14:00:00,Joshua Zirkzee,BallTouch
3674,563453,24,SavedShot,0.7880000305175782,0.539000015258789,0.051517270505428314,Alexis Saelemaekers,h,8297,OpenPlay,2023,RightFoot,22505,Bologna,Fiorentina,2,0,2024-02-14 18:00:00,,None
3675,564221,36,MissedShots,0.7280000305175781,0.5629999923706055,0.04892239347100258,Alexis Saelemaekers,a,8297,DirectFreekick,2023,RightFoot,22549,Lazio,Bologna,1,2,2024-02-18 11:30:00,,Standard
3676,568205,34,MissedShots,0.7580000305175781,0.34900001525878904,0.018107745796442032,Alexis Saelemaekers,h,8297,OpenPlay,2023,LeftFoot,22575,Bologna,Inter,0,1,2024-03-09 17:00:00,Stefan Posch,Pass
3677,569151,80,SavedShot,0.8730000305175781,0.5890000152587891,0.348154753446579,Alexis Saelemaekers,a,8297,OpenPlay,2023,RightFoot,22591,Empoli,Bologna,0,1,2024-03-15 19:45:00,Giovanni Fabbian,BallRecovery
3678,571594,43,Goal,0.8069999694824219,0.7380000305175781,0.027735525742173195,Alexis Saelemaekers,h,8297,OpenPlay,2023,RightFoot,22596,Bologna,Salernitana,3,0,2024-04-01 11:30:00,Remo Freuler,Pass
3679,575888,41,ShotOnPost,0.750999984741211,0.32099998474121094,0.04710834100842476,Alexis Saelemaekers,a,8297,DirectFreekick,2023,RightFoot,22630,Roma,Bologna,1,3,2024-04-22 16:30:00,,Standard
3680,575896,64,Goal,0.815,0.49599998474121093,0.5076733827590942,Alexis Saelemaekers,a,8297,OpenPlay,2023,RightFoot,22630,Roma,Bologna,1,3,2024-04-22 16:30:00,Joshua Zirkzee,Throughball
3681,575897,66,BlockedShot,0.8880000305175781,0.7,0.07462124526500702,Alexis Saelemaekers,a,8297,OpenPlay,2023,LeftFoot,22630,Roma,Bologna,1,3,2024-04-22 16:30:00,Riccardo Calafiori,Pass
3682,575902,91,MissedShots,0.7759999847412109,0.4490000152587891,0.03750191628932953,Alexis Saelemaekers,a,8297,OpenPlay,2023,RightFoot,22630,Roma,Bologna,1,3,2024-04-22 16:30:00,Kacper Urbanski,Pass
3683,577273,63,BlockedShot,0.9080000305175782,0.7080000305175781,0.04392130300402641,Alexis Saelemaekers,h,8297,OpenPlay,2023,RightFoot,22642,Bologna,Udinese,1,1,2024-04-28 13:00:00,Dan Ndoye,Chipped
3684,577278,77,Goal,0.860999984741211,0.8819999694824219,0.03723391517996788,Alexis Saelemaekers,h,8297,DirectFreekick,2023,RightFoot,22642,Bologna,Udinese,1,1,2024-04-28 13:00:00,,Standard
3685,577280,87,SavedShot,0.8669999694824219,0.40599998474121096,0.09501752257347107,Alexis Saelemaekers,h,8297,OpenPlay,2023,LeftFoot,22642,Bologna,Udinese,1,1,2024-04-28 13:00:00,Riccardo Orsolini,Pass
3686,577281,88,MissedShots,0.845,0.5370000076293945,0.07394729554653168,Alexis Saelemaekers,h,8297,OpenPlay,2023,LeftFoot,22642,Bologna,Udinese,1,1,2024-04-28 13:00:00,Giovanni Fabbian,BallTouch
3687,580030,60,SavedShot,0.759000015258789,0.7380000305175781,0.02436055615544319,Alexis Saelemaekers,a,8297,OpenPlay,2023,RightFoot,22662,Napoli,Bologna,0,2,2024-05-11 16:00:00,Victor Kristiansen,Pass
3688,590203,12,SavedShot,0.749000015258789,0.485,0.01703949272632599,Alexis Saelemaekers,a,8297,FromCorner,2024,RightFoot,27390,Juventus,Roma,0,0,2024-09-01 18:45:00,,None
3689,606090,12,Goal,0.9019999694824219,0.6190000152587891,0.12685799598693848,Alexis Saelemaekers,h,8297,OpenPlay,2024,LeftFoot,27510,Roma,Lecce,4,1,2024-12-07 19:45:00,Stephan El Shaarawy,Throughball
3690,606093,34,BlockedShot,0.8969999694824219,0.544000015258789,0.138393834233284,Alexis Saelemaekers,h,8297,OpenPlay,2024,LeftFoot,27510,Roma,Lecce,4,1,2024-12-07 19:45:00,Stephan El Shaarawy,Pass
3691,606097,46,BlockedShot,0.8669999694824219,0.4490000152587891,0.10803861916065216,Alexis Saelemaekers,h,8297,OpenPlay,2024,RightFoot,27510,Roma,Lecce,4,1,2024-12-07 19:45:00,Paulo Dybala,Pass
3692,606099,49,SavedShot,0.8669999694824219,0.41900001525878905,0.3279781937599182,Alexis Saelemaekers,h,8297,OpenPlay,2024,RightFoot,27510,Roma,Lecce,4,1,2024-12-07 19:45:00,Leandro Paredes,Throughball
3693,607664,5,MissedShots,0.8619999694824219,0.63,0.04673590138554573,Alexis Saelemaekers,a,8297,FromCorner,2024,RightFoot,27512,Como,Roma,2,0,2024-12-15 17:00:00,,None
3694,608587,12,Goal,0.9319999694824219,0.3079999923706055,0.0391053780913353,Alexis Saelemaekers,h,8297,OpenPlay,2024,RightFoot,27529,Roma,Parma Calcio 1913,5,0,2024-12-22 11:30:00,Angelino,Cross
3695,608598,50,BlockedShot,0.860999984741211,0.41900001525878905,0.11810077726840973,Alexis Saelemaekers,h,8297,OpenPlay,2024,RightFoot,27529,Roma,Parma Calcio 1913,5,0,2024-12-22 11:30:00,Angelino,Pass
3696,610356,17,Goal,0.9680000305175781,0.45099998474121095,0.6520602107048035,Alexis Saelemaekers,h,8297,OpenPlay,2024,LeftFoot,27549,Roma,Lazio,2,0,2025-01-05 19:45:00,,Rebound
3697,610355,17,SavedShot,0.9159999847412109,0.36400001525878906,0.1084185466170311,Alexis Saelemaekers,h,8297,OpenPlay,2024,LeftFoot,27549,Roma,Lazio,2,0,2025-01-05 19:45:00,Paulo Dybala,Pass
3698,367087,87,SavedShot,0.6909999847412109,0.35700000762939454,0.008482090197503567,Malick Thiaw,a,8378,OpenPlay,2019,RightFoot,12706,Freiburg,Schalke 04,4,0,2020-06-27 13:30:00,Weston McKennie,Pass
3699,384312,29,Goal,0.9540000152587891,0.5540000152587891,0.45302900671958923,Malick Thiaw,h,8378,SetPiece,2020,Head,15185,Schalke 04,VfB Stuttgart,1,1,2020-10-30 19:30:00,Amine Harit,Cross
3700,384329,81,SavedShot,0.955,0.34,0.008005639538168907,Malick Thiaw,h,8378,SetPiece,2020,Head,15185,Schalke 04,VfB Stuttgart,1,1,2020-10-30 19:30:00,Mark Uth,Aerial
3701,384334,90,BlockedShot,0.9269999694824219,0.46700000762939453,0.05591399967670441,Malick Thiaw,h,8378,SetPiece,2020,Head,15185,Schalke 04,VfB Stuttgart,1,1,2020-10-30 19:30:00,,Rebound
3702,387303,21,SavedShot,0.9119999694824219,0.415,0.04775340110063553,Malick Thiaw,h,8378,FromCorner,2020,Head,15206,Schalke 04,Wolfsburg,0,2,2020-11-21 14:30:00,Bastian Oczipka,Cross
3703,390963,9,OwnGoal,0.07699999809265137,0.53,0,Malick Thiaw,h,8378,FromCorner,2020,OtherBodyPart,15226,Schalke 04,Bayer Leverkusen,0,3,2020-12-06 17:00:00,,CornerAwarded
3704,390982,56,MissedShots,0.8959999847412109,0.37099998474121093,0.00852345023304224,Malick Thiaw,h,8378,SetPiece,2020,Head,15226,Schalke 04,Bayer Leverkusen,0,3,2020-12-06 17:00:00,Benjamin Stambouli,Aerial
3705,404403,65,BlockedShot,0.9130000305175782,0.5529999923706055,0.04837990179657936,Malick Thiaw,a,8378,OpenPlay,2020,Head,15326,Union Berlin,Schalke 04,0,0,2021-02-13 17:30:00,Amine Harit,Aerial
3706,409874,48,MissedShots,0.9169999694824219,0.500999984741211,0.10207799822092056,Malick Thiaw,a,8378,FromCorner,2020,Head,15359,Wolfsburg,Schalke 04,5,0,2021-03-13 14:30:00,Alessandro Schöpf,Cross
3707,415305,86,SavedShot,0.9259999847412109,0.48700000762939455,0.11569199711084366,Malick Thiaw,a,8378,FromCorner,2020,Head,15397,Freiburg,Schalke 04,4,0,2021-04-17 13:30:00,Mark Uth,Cross
3708,480573,33,BlockedShot,0.8919999694824219,0.44599998474121094,0.1220019981265068,Malick Thiaw,h,8378,SetPiece,2022,LeftFoot,19357,Schalke 04,Borussia M.Gladbach,2,2,2022-08-13 16:30:00,Rodrigo Zalazar,TakeOn
3709,483442,9,SavedShot,0.9269999694824219,0.5220000076293946,0.05666099861264229,Malick Thiaw,h,8378,FromCorner,2022,Head,19374,Schalke 04,Union Berlin,1,6,2022-08-27 13:30:00,Thomas Ouwejan,Aerial
3710,499228,35,SavedShot,0.8919999694824219,0.47200000762939454,0.04814919829368591,Malick Thiaw,a,8378,FromCorner,2022,Head,18712,Cremonese,AC Milan,0,0,2022-11-08 19:45:00,Sandro Tonali,Cross
3711,509817,24,MissedShots,0.9540000152587891,0.53,0.4702009856700897,Malick Thiaw,a,8378,FromCorner,2022,Head,18805,Monza,AC Milan,0,1,2023-02-18 17:00:00,Theo Hernández,Cross
3712,515270,51,SavedShot,0.9230000305175782,0.49700000762939456,0.051095299422740936,Malick Thiaw,a,8378,FromCorner,2022,Head,18851,Udinese,AC Milan,3,1,2023-03-18 19:45:00,Sandro Tonali,Aerial
3713,517684,96,MissedShots,0.8930000305175781,0.48900001525878906,0.08595740050077438,Malick Thiaw,h,8378,OpenPlay,2022,Head,18867,AC Milan,Empoli,0,0,2023-04-07 19:00:00,Sandro Tonali,Cross
3714,521663,51,BlockedShot,0.8180000305175781,0.3579999923706055,0.04301314800977707,Malick Thiaw,h,8378,OpenPlay,2022,RightFoot,18891,AC Milan,Lecce,2,0,2023-04-23 16:00:00,Junior Messias,Pass
3715,524099,80,BlockedShot,0.8980000305175782,0.5170000076293946,0.060524940490722656,Malick Thiaw,h,8378,FromCorner,2022,Head,18907,AC Milan,Cremonese,1,1,2023-05-03 19:00:00,Sandro Tonali,Cross
3716,524457,64,MissedShots,0.9269999694824219,0.4520000076293945,0.31491708755493164,Malick Thiaw,h,8378,FromCorner,2022,Head,18916,AC Milan,Lazio,2,0,2023-05-06 13:00:00,Sandro Tonali,Cross
3717,527697,22,SavedShot,0.919000015258789,0.4829999923706055,0.04424532502889633,Malick Thiaw,h,8378,FromCorner,2022,Head,18936,AC Milan,Sampdoria,5,1,2023-05-20 18:45:00,Sandro Tonali,Aerial
3718,537776,35,MissedShots,0.7430000305175781,0.51,0.02113274112343788,Malick Thiaw,a,8378,OpenPlay,2023,LeftFoot,22336,Inter,AC Milan,5,1,2023-09-16 16:00:00,Davide Calabria,Pass
3719,547107,57,BlockedShot,0.924000015258789,0.5479999923706055,0.05630175769329071,Malick Thiaw,h,8378,SetPiece,2023,Head,22410,AC Milan,Udinese,0,1,2023-11-04 19:45:00,,Aerial
3720,565900,48,MissedShots,0.925,0.47099998474121096,0.06689848005771637,Malick Thiaw,h,8378,SetPiece,2023,Head,22560,AC Milan,Atalanta,1,1,2024-02-25 19:45:00,Rafael Leão,HeadPass
3721,574224,12,SavedShot,0.960999984741211,0.5129999923706055,0.5242837071418762,Malick Thiaw,a,8378,FromCorner,2023,Head,22620,Sassuolo,AC Milan,3,3,2024-04-14 13:00:00,Simon Kjaer,Rebound
3722,579119,86,OwnGoal,0.024000000953674317,0.5079999923706054,0,Malick Thiaw,h,8378,OpenPlay,2023,LeftFoot,22650,AC Milan,Genoa,3,3,2024-05-05 16:00:00,,Clearance
3723,580184,15,MissedShots,0.885,0.5609999847412109,0.013487390242516994,Malick Thiaw,h,8378,FromCorner,2023,Head,22663,AC Milan,Cagliari,5,1,2024-05-11 18:45:00,Alessandro Florenzi,Aerial
3724,585048,6,BlockedShot,0.9369999694824219,0.5509999847412109,0.05281731113791466,Malick Thiaw,h,8378,FromCorner,2024,Head,27365,AC Milan,Torino,2,2,2024-08-17 18:45:00,Ismael Bennacer,Aerial
3725,585055,29,OwnGoal,0.006000000238418579,0.500999984741211,0,Malick Thiaw,h,8378,OpenPlay,2024,LeftFoot,27365,AC Milan,Torino,2,2,2024-08-17 18:45:00,,None
3726,609631,55,BlockedShot,0.92,0.6,0.08623703569173813,Malick Thiaw,h,8378,FromCorner,2024,LeftFoot,27538,AC Milan,Roma,1,1,2024-12-29 19:45:00,,None
3727,488139,29,MissedShots,0.639000015258789,0.13100000381469726,0.006678429897874594,Filippo Terracciano,a,8512,OpenPlay,2022,RightFoot,18637,Lazio,Verona,2,0,2022-09-11 16:00:00,,None
3728,498704,91,SavedShot,0.7880000305175782,0.750999984741211,0.012713000178337097,Filippo Terracciano,a,8512,OpenPlay,2022,RightFoot,18707,Monza,Verona,2,0,2022-11-06 14:00:00,,BallRecovery
3729,500705,82,SavedShot,0.905,0.38299999237060545,0.029277099296450615,Filippo Terracciano,h,8512,OpenPlay,2022,Head,18725,Verona,Spezia,1,2,2022-11-13 14:00:00,Adrien Tameze,Chipped
3730,516640,82,SavedShot,0.7669999694824219,0.41,0.02602750062942505,Filippo Terracciano,a,8512,OpenPlay,2022,LeftFoot,18857,Juventus,Verona,1,0,2023-04-01 18:45:00,Pawel Dawidowicz,TakeOn
3731,529545,57,MissedShots,0.9690000152587891,0.35900001525878905,0.01436834316700697,Filippo Terracciano,h,8512,OpenPlay,2022,Head,18944,Verona,Empoli,1,1,2023-05-28 10:30:00,Federico Ceccherini,Cross
3732,535068,3,SavedShot,0.7559999847412109,0.21700000762939453,0.014134266413748264,Filippo Terracciano,h,8512,OpenPlay,2023,RightFoot,22318,Verona,Roma,2,1,2023-08-26 18:45:00,Cyril Ngonge,Pass
3733,540280,17,SavedShot,0.8230000305175781,0.6359999847412109,0.04698384553194046,Filippo Terracciano,h,8512,OpenPlay,2023,RightFoot,22362,Verona,Atalanta,0,1,2023-09-27 16:30:00,Ondrej Duda,Pass
3734,540281,27,MissedShots,0.740999984741211,0.3509999847412109,0.014158644713461399,Filippo Terracciano,h,8512,FromCorner,2023,RightFoot,22362,Verona,Atalanta,0,1,2023-09-27 16:30:00,,None
3735,543142,52,MissedShots,0.895,0.34299999237060547,0.1514812856912613,Filippo Terracciano,a,8512,OpenPlay,2023,Head,22377,Frosinone,Verona,2,1,2023-10-08 13:00:00,Riccardo Saponara,Chipped
3736,543146,65,BlockedShot,0.8680000305175781,0.41200000762939454,0.014259913936257362,Filippo Terracciano,a,8512,FromCorner,2023,Head,22377,Frosinone,Verona,2,1,2023-10-08 13:00:00,Cyril Ngonge,Cross
3737,547201,62,SavedShot,0.725,0.5929999923706055,0.01677284948527813,Filippo Terracciano,h,8512,OpenPlay,2023,RightFoot,22409,Verona,Monza,1,3,2023-11-05 11:30:00,Federico Bonazzoli,Pass
3738,548008,72,ShotOnPost,0.89,0.6519999694824219,0.054006386548280716,Filippo Terracciano,a,8512,OpenPlay,2023,RightFoot,22415,Genoa,Verona,1,0,2023-11-10 19:45:00,,None
3739,551701,38,BlockedShot,0.8930000305175781,0.7440000152587891,0.03072628565132618,Filippo Terracciano,a,8512,OpenPlay,2023,RightFoot,22441,Udinese,Verona,3,3,2023-12-03 14:00:00,,GoodSkill
3740,589633,58,BlockedShot,0.8580000305175781,0.5029999923706054,0.10752049833536148,Filippo Terracciano,a,8512,OpenPlay,2024,RightFoot,27387,Lazio,AC Milan,2,2,2024-08-31 18:45:00,Samuel Chukwueze,Pass
3741,599515,11,BlockedShot,0.8419999694824218,0.5640000152587891,0.02429923042654991,Filippo Terracciano,h,8512,SetPiece,2024,LeftFoot,27459,AC Milan,Napoli,0,2,2024-10-29 19:45:00,,Aerial
3742,608096,40,SavedShot,0.75,0.34400001525878904,0.016459524631500244,Filippo Terracciano,a,8512,OpenPlay,2024,RightFoot,27522,Verona,AC Milan,0,1,2024-12-20 19:45:00,Emerson,Pass
3743,377050,52,ShotOnPost,0.909000015258789,0.345,0.2539860010147095,Yunus Musah,h,8771,OpenPlay,2020,RightFoot,14144,Valencia,Levante,4,2,2020-09-13 19:00:00,Gonçalo Guedes,Pass
3744,385444,21,Goal,0.8669999694824219,0.39299999237060546,0.4917919933795929,Yunus Musah,h,8771,OpenPlay,2020,RightFoot,14853,Valencia,Getafe,2,2,2020-11-01 20:00:00,Gabriel,BallRecovery
3745,388774,26,MissedShots,0.7,0.4809999847412109,0.013279999606311321,Yunus Musah,h,8771,OpenPlay,2020,RightFoot,14882,Valencia,Atletico Madrid,0,1,2020-11-28 15:15:00,,BallRecovery
3746,394002,25,MissedShots,0.86,0.4879999923706055,0.07678370177745819,Yunus Musah,a,8771,OpenPlay,2020,LeftFoot,14909,Barcelona,Valencia,2,2,2020-12-19 15:15:00,,None
3747,403825,66,MissedShots,0.8619999694824219,0.29700000762939455,0.04058010131120682,Yunus Musah,a,8771,OpenPlay,2020,LeftFoot,14989,Athletic Club,Valencia,1,1,2021-02-07 15:15:00,Uros Racic,TakeOn
3748,404820,55,BlockedShot,0.7580000305175781,0.36900001525878906,0.018876800313591957,Yunus Musah,a,8771,OpenPlay,2020,RightFoot,15005,Real Madrid,Valencia,2,0,2021-02-14 15:15:00,Uros Racic,Pass
3749,416016,72,SavedShot,0.894000015258789,0.40700000762939453,0.30850398540496826,Yunus Musah,a,8771,OpenPlay,2020,RightFoot,15102,Real Betis,Valencia,2,2,2021-04-18 16:30:00,Patrick Cutrone,TakeOn
3750,430523,91,BlockedShot,0.95,0.33,0.07099690288305283,Yunus Musah,a,8771,OpenPlay,2021,LeftFoot,17172,Osasuna,Valencia,1,4,2021-09-12 14:15:00,,TakeOn
3751,432177,37,MissedShots,0.9369999694824219,0.305,0.06597959995269775,Yunus Musah,h,8771,OpenPlay,2021,RightFoot,17183,Valencia,Real Madrid,1,2,2021-09-19 19:00:00,Gonçalo Guedes,Pass
3752,433514,13,SavedShot,0.904000015258789,0.27299999237060546,0.035561300814151764,Yunus Musah,h,8771,OpenPlay,2021,LeftFoot,17199,Valencia,Athletic Club,1,1,2021-09-25 14:15:00,Maxi Gómez,Pass
3753,454252,71,BlockedShot,0.895,0.2979999923706055,0.04624420031905174,Yunus Musah,h,8771,OpenPlay,2021,RightFoot,17344,Valencia,Sevilla,1,1,2022-01-19 20:30:00,Gonçalo Guedes,Pass
3754,454854,24,Goal,0.8440000152587891,0.6190000152587891,0.10288599878549576,Yunus Musah,a,8771,OpenPlay,2021,RightFoot,17347,Atletico Madrid,Valencia,3,2,2022-01-22 20:00:00,Gonçalo Guedes,Chipped
3755,456074,11,MissedShots,0.9169999694824219,0.43,0.09006139636039734,Yunus Musah,h,8771,OpenPlay,2021,RightFoot,17364,Valencia,Real Sociedad,0,0,2022-02-06 13:00:00,José Gayá,Cross
3756,469134,29,BlockedShot,0.8130000305175781,0.46299999237060546,0.05704420059919357,Yunus Musah,a,8771,OpenPlay,2021,RightFoot,17465,Villarreal,Valencia,2,0,2022-04-19 19:30:00,Carlos Soler,TakeOn
3757,481170,17,MissedShots,0.7830000305175782,0.26299999237060545,0.01720540039241314,Yunus Musah,h,8771,OpenPlay,2022,RightFoot,18967,Valencia,Girona,1,0,2022-08-14 17:30:00,Hugo Guillamón,TakeOn
3758,481172,37,BlockedShot,0.8680000305175781,0.580999984741211,0.38008901476860046,Yunus Musah,h,8771,FromCorner,2022,RightFoot,18967,Valencia,Girona,1,0,2022-08-14 17:30:00,,None
3759,482549,46,BlockedShot,0.76,0.2610000038146973,0.01144730020314455,Yunus Musah,a,8771,OpenPlay,2022,RightFoot,18977,Athletic Club,Valencia,1,0,2022-08-21 15:30:00,,None
3760,486878,43,BlockedShot,0.7869999694824219,0.6020000076293945,0.03902069851756096,Yunus Musah,h,8771,OpenPlay,2022,LeftFoot,18998,Valencia,Getafe,5,1,2022-09-04 19:00:00,Hugo Duro,Pass
3761,486879,46,BlockedShot,0.8340000152587891,0.5359999847412109,0.10400699824094772,Yunus Musah,h,8771,OpenPlay,2022,RightFoot,18998,Valencia,Getafe,5,1,2022-09-04 19:00:00,,TakeOn
3762,498753,34,MissedShots,0.8669999694824219,0.4379999923706055,0.012813200242817402,Yunus Musah,a,8771,FromCorner,2022,Head,19085,Real Sociedad,Valencia,1,1,2022-11-06 15:15:00,André Almeida,Aerial
3763,499652,30,MissedShots,0.8130000305175781,0.504000015258789,0.05823009833693504,Yunus Musah,h,8771,OpenPlay,2022,RightFoot,19098,Valencia,Real Betis,3,0,2022-11-10 19:00:00,Samu Castillejo,Pass
3764,499651,30,ShotOnPost,0.7519999694824219,0.3509999847412109,0.02372029982507229,Yunus Musah,h,8771,OpenPlay,2022,LeftFoot,19098,Valencia,Real Betis,3,0,2022-11-10 19:00:00,Eray Cömert,TakeOn
3765,501796,43,BlockedShot,0.7280000305175781,0.35700000762939454,0.017700999975204468,Yunus Musah,a,8771,OpenPlay,2022,RightFoot,19110,Villarreal,Valencia,2,1,2022-12-31 15:15:00,Samuel Lino,Pass
3766,502643,2,BlockedShot,0.9030000305175782,0.3320000076293945,0.03817620128393173,Yunus Musah,h,8771,FromCorner,2022,RightFoot,19120,Valencia,Cadiz,0,1,2023-01-06 20:00:00,Hugo Guillamón,Cross
3767,505256,3,MissedShots,0.909000015258789,0.44799999237060545,0.12371599674224854,Yunus Musah,h,8771,FromCorner,2022,RightFoot,19140,Valencia,Almeria,2,2,2023-01-23 20:00:00,Cenk Özkacar,Rebound
3768,506095,19,SavedShot,0.9230000305175782,0.36400001525878906,0.2856830060482025,Yunus Musah,a,8771,OpenPlay,2022,RightFoot,19150,Real Valladolid,Valencia,1,0,2023-01-29 13:00:00,Samu Castillejo,Chipped
3769,506788,55,MissedShots,0.7980000305175782,0.3189999961853027,0.018725799396634102,Yunus Musah,a,8771,OpenPlay,2022,RightFoot,19124,Real Madrid,Valencia,2,0,2023-02-02 20:00:00,,None
3770,507686,22,SavedShot,0.8490000152587891,0.5459999847412109,0.5125269889831543,Yunus Musah,a,8771,OpenPlay,2022,LeftFoot,19160,Girona,Valencia,1,0,2023-02-05 15:15:00,Edinson Cavani,Throughball
3771,508689,61,MissedShots,0.725,0.4909999847412109,0.02024729922413826,Yunus Musah,h,8771,OpenPlay,2022,LeftFoot,19166,Valencia,Athletic Club,1,2,2023-02-11 20:00:00,Hugo Duro,Pass
3772,511091,22,MissedShots,0.8780000305175781,0.40599998474121096,0.07418400049209595,Yunus Musah,h,8771,OpenPlay,2022,RightFoot,19183,Valencia,Real Sociedad,1,0,2023-02-25 20:00:00,,None
3773,512789,85,BlockedShot,0.8419999694824218,0.49200000762939455,0.05844169855117798,Yunus Musah,a,8771,FromCorner,2022,LeftFoot,19193,Barcelona,Valencia,1,0,2023-03-05 15:15:00,,None
3774,517395,56,MissedShots,0.7380000305175781,0.635,0.018203100189566612,Yunus Musah,h,8771,OpenPlay,2022,RightFoot,19230,Valencia,Rayo Vallecano,1,1,2023-04-03 19:00:00,José Gayá,Pass
3775,520378,11,MissedShots,0.9169999694824219,0.544000015258789,0.130513995885849,Yunus Musah,h,8771,OpenPlay,2022,Head,19250,Valencia,Sevilla,0,2,2023-04-16 19:00:00,José Gayá,Cross
3776,520384,47,BlockedShot,0.9109999847412109,0.519000015258789,0.11738599836826324,Yunus Musah,h,8771,OpenPlay,2022,LeftFoot,19250,Valencia,Sevilla,0,2,2023-04-16 19:00:00,,None
3777,522240,35,SavedShot,0.9780000305175781,0.3340000152587891,0.07212159782648087,Yunus Musah,h,8771,OpenPlay,2022,RightFoot,19267,Valencia,Real Valladolid,2,1,2023-04-27 17:30:00,André Almeida,Pass
3778,522244,44,BlockedShot,0.909000015258789,0.47,0.04272673279047012,Yunus Musah,h,8771,OpenPlay,2022,Head,19267,Valencia,Real Valladolid,2,1,2023-04-27 17:30:00,Cenk Özkacar,Aerial
3779,538923,85,SavedShot,0.9259999847412109,0.32,0.08022799342870712,Yunus Musah,h,8771,OpenPlay,2023,RightFoot,22352,AC Milan,Verona,1,0,2023-09-23 13:00:00,Luka Jovic,Pass
3780,540242,67,SavedShot,0.8040000152587891,0.29399999618530276,0.011031963862478733,Yunus Musah,a,8771,SetPiece,2023,RightFoot,22355,Cagliari,AC Milan,1,3,2023-09-27 16:30:00,,Aerial
3781,541413,72,SavedShot,0.8440000152587891,0.4179999923706055,0.07809507846832275,Yunus Musah,h,8771,OpenPlay,2023,RightFoot,22373,AC Milan,Lazio,2,0,2023-09-30 16:00:00,,None
3782,546349,1,BlockedShot,0.7480000305175781,0.39,0.022521894425153732,Yunus Musah,a,8771,OpenPlay,2023,RightFoot,22404,Napoli,AC Milan,2,2,2023-10-29 19:45:00,Davide Calabria,Pass
3783,546366,50,SavedShot,0.9059999847412109,0.7090000152587891,0.06106361374258995,Yunus Musah,a,8771,OpenPlay,2023,RightFoot,22404,Napoli,AC Milan,2,2,2023-10-29 19:45:00,Theo Hernández,Pass
3784,547100,33,SavedShot,0.784000015258789,0.33799999237060546,0.024400733411312103,Yunus Musah,h,8771,OpenPlay,2023,LeftFoot,22410,AC Milan,Udinese,0,1,2023-11-04 19:45:00,Luka Jovic,Pass
3785,551344,55,BlockedShot,0.7369999694824219,0.605,0.037499673664569855,Yunus Musah,h,8771,OpenPlay,2023,LeftFoot,22440,AC Milan,Frosinone,3,1,2023-12-02 19:45:00,Alessandro Florenzi,TakeOn
3786,558753,89,ShotOnPost,0.8869999694824219,0.6079999923706054,0.11433792859315872,Yunus Musah,h,8771,OpenPlay,2023,RightFoot,22500,AC Milan,Roma,3,1,2024-01-14 19:45:00,Ruben Loftus-Cheek,TakeOn
3787,564721,87,BlockedShot,0.8719999694824219,0.40599998474121096,0.07932920008897781,Yunus Musah,a,8771,OpenPlay,2023,LeftFoot,22548,Monza,AC Milan,4,2,2024-02-18 19:45:00,Theo Hernández,TakeOn
3788,568641,78,MissedShots,0.8130000305175781,0.515,0.06565742194652557,Yunus Musah,h,8771,OpenPlay,2023,LeftFoot,22579,AC Milan,Empoli,1,0,2024-03-10 14:00:00,Samuel Chukwueze,Pass
3789,572198,83,MissedShots,0.889000015258789,0.7780000305175782,0.01360836811363697,Yunus Musah,h,8771,FromCorner,2023,RightFoot,22612,AC Milan,Lecce,3,0,2024-04-06 13:00:00,Rafael Leão,TakeOn
3790,576958,26,BlockedShot,0.7880000305175782,0.2670000076293945,0.014476971700787544,Yunus Musah,a,8771,OpenPlay,2023,RightFoot,22638,Juventus,AC Milan,0,0,2024-04-27 16:00:00,,TakeOn
3791,581828,42,BlockedShot,0.7169999694824218,0.455,0.013819354586303234,Yunus Musah,a,8771,FromCorner,2023,RightFoot,22674,Torino,AC Milan,3,1,2024-05-18 18:45:00,,None
3792,581837,61,BlockedShot,0.8690000152587891,0.735,0.0326278954744339,Yunus Musah,a,8771,OpenPlay,2023,RightFoot,22674,Torino,AC Milan,3,1,2024-05-18 18:45:00,Luka Jovic,Pass
3793,585066,73,BlockedShot,0.784000015258789,0.539000015258789,0.024793682619929314,Yunus Musah,h,8771,OpenPlay,2024,RightFoot,27365,AC Milan,Torino,2,2,2024-08-17 18:45:00,,None
3794,585068,74,MissedShots,0.8859999847412109,0.27899999618530275,0.022001296281814575,Yunus Musah,h,8771,OpenPlay,2024,RightFoot,27365,AC Milan,Torino,2,2,2024-08-17 18:45:00,Ruben Loftus-Cheek,TakeOn
3795,585073,88,BlockedShot,0.75,0.4570000076293945,0.02061837539076805,Yunus Musah,h,8771,OpenPlay,2024,RightFoot,27365,AC Milan,Torino,2,2,2024-08-17 18:45:00,Tijjani Reijnders,Pass
3796,585076,93,BlockedShot,0.7830000305175782,0.634000015258789,0.02163696475327015,Yunus Musah,h,8771,FromCorner,2024,RightFoot,27365,AC Milan,Torino,2,2,2024-08-17 18:45:00,Rafael Leão,Pass
3797,585079,97,MissedShots,0.7909999847412109,0.265,0.018724709749221802,Yunus Musah,h,8771,FromCorner,2024,RightFoot,27365,AC Milan,Torino,2,2,2024-08-17 18:45:00,Theo Hernández,Pass
3798,586276,21,BlockedShot,0.784000015258789,0.36400001525878906,0.02437444217503071,Yunus Musah,a,8771,OpenPlay,2024,LeftFoot,27372,Parma Calcio 1913,AC Milan,2,1,2024-08-24 16:30:00,Christian Pulisic,Pass
3799,589640,94,BlockedShot,0.7290000152587891,0.4540000152587891,0.014714553952217102,Yunus Musah,a,8771,FromCorner,2024,RightFoot,27387,Lazio,AC Milan,2,2,2024-08-31 18:45:00,,None
3800,599516,17,MissedShots,0.845999984741211,0.6830000305175781,0.04392736405134201,Yunus Musah,h,8771,OpenPlay,2024,RightFoot,27459,AC Milan,Napoli,0,2,2024-10-29 19:45:00,Ruben Loftus-Cheek,Pass
3801,599534,93,MissedShots,0.7190000152587891,0.4229999923706055,0.013382669538259506,Yunus Musah,h,8771,OpenPlay,2024,RightFoot,27459,AC Milan,Napoli,0,2,2024-10-29 19:45:00,Youssouf Fofana,Pass
3802,605519,74,MissedShots,0.9419999694824219,0.43599998474121093,0.14564020931720734,Yunus Musah,a,8771,OpenPlay,2024,RightFoot,27502,Atalanta,AC Milan,2,1,2024-12-06 19:45:00,Ruben Loftus-Cheek,Pass
3803,607872,43,SavedShot,0.7119999694824218,0.28200000762939453,0.011965841986238956,Alejandro Jiménez,h,12168,SetPiece,2024,RightFoot,27520,AC Milan,Genoa,0,0,2024-12-15 19:45:00,Rafael Leão,Pass
3804,607877,70,MissedShots,0.7190000152587891,0.675,0.01047649048268795,Alejandro Jiménez,h,12168,OpenPlay,2024,RightFoot,27520,AC Milan,Genoa,0,0,2024-12-15 19:45:00,,Rebound
3805,608106,62,SavedShot,0.7819999694824219,0.605,0.04139445722103119,Alejandro Jiménez,a,12168,OpenPlay,2024,LeftFoot,27522,Verona,AC Milan,0,1,2024-12-20 19:45:00,Youssouf Fofana,Pass
3806,601631,56,SavedShot,0.9219999694824219,0.519000015258789,0.058785319328308105,Francesco Camarda,a,12218,OpenPlay,2024,Head,27478,Cagliari,AC Milan,3,3,2024-11-09 17:00:00,Christian Pulisic,Aerial
3807,604331,85,MissedShots,0.8669999694824219,0.545,0.09723706543445587,Francesco Camarda,h,12218,OpenPlay,2024,RightFoot,27498,AC Milan,Empoli,3,0,2024-11-30 17:00:00,,None
3808,607862,8,MissedShots,0.7659999847412109,0.544000015258789,0.014759507961571217,Mattia Liberali,h,13151,FromCorner,2024,RightFoot,27520,AC Milan,Genoa,0,0,2024-12-15 19:45:00,,Aerial
3809,607875,57,MissedShots,0.9259999847412109,0.41700000762939454,0.05364194139838219,Mattia Liberali,h,13151,OpenPlay,2024,Head,27520,AC Milan,Genoa,0,0,2024-12-15 19:45:00,Youssouf Fofana,Chipped
