,id,minute,result,X,Y,xG,player,h_a,player_id,situation,season,shotType,match_id,h_team,a_team,h_goals,a_goals,date,player_assisted,lastAction
0,61405,8,BlockedShot,0.87,0.3940000152587891,0.08428460359573364,Serhou Guirassy,h,3738,OpenPlay,2015,RightFoot,1869,Lille,Paris Saint Germain,0,1,2015-08-07 22:30:00,Sofiane Boufal,Pass
1,61413,59,SavedShot,0.9669999694824218,0.4129999923706055,0.4665980041027069,Serhou Guirassy,h,3738,OpenPlay,2015,RightFoot,1869,Lille,Paris Saint Germain,0,1,2015-08-07 22:30:00,,None
2,61840,74,SavedShot,0.779000015258789,0.48700000762939455,0.02247530035674572,Serhou Guirassy,h,3738,OpenPlay,2015,RightFoot,1896,Lille,Bordeaux,0,0,2015-08-23 16:00:00,Vincent Enyeama,Pass
3,64076,62,MissedShots,0.924000015258789,0.5109999847412109,0.11164399981498718,Serhou Guirassy,a,3738,FromCorner,2015,Head,2004,Troyes,Lille,1,1,2015-11-21 23:00:00,Florent Balmont,Cross
4,64086,74,SavedShot,0.919000015258789,0.664000015258789,0.062066301703453064,Serhou Guirassy,a,3738,OpenPlay,2015,RightFoot,2004,Troyes,Lille,1,1,2015-11-21 23:00:00,Renato Civelli,Chipped
5,130731,77,MissedShots,0.9590000152587891,0.4540000152587891,0.5537970066070557,Serhou Guirassy,a,3738,OpenPlay,2016,OtherBodyPart,3196,Hoffenheim,FC Cologne,4,0,2016-12-03 18:30:00,Frederik Sörensen,Aerial
6,166065,85,MissedShots,0.9569999694824218,0.534000015258789,0.5761330127716064,Serhou Guirassy,h,3738,OpenPlay,2017,Head,8268,FC Cologne,Hamburger SV,1,3,2017-08-25 19:30:00,Jannes Horn,Cross
7,166068,94,MissedShots,0.9280000305175782,0.4420000076293945,0.09393499791622162,Serhou Guirassy,h,3738,FromCorner,2017,Head,8268,FC Cologne,Hamburger SV,1,3,2017-08-25 19:30:00,Milos Jojic,Cross
8,166373,81,MissedShots,0.94,0.27899999618530275,0.0592540018260479,Serhou Guirassy,a,3738,OpenPlay,2017,LeftFoot,8282,Augsburg,FC Cologne,3,0,2017-09-09 14:30:00,Marco Höger,TakeOn
9,166375,87,MissedShots,0.8959999847412109,0.48900001525878906,0.03442800045013428,Serhou Guirassy,a,3738,SetPiece,2017,Head,8282,Augsburg,FC Cologne,3,0,2017-09-09 14:30:00,Jonas Hector,Aerial
10,166376,88,MissedShots,0.8769999694824219,0.3129999923706055,0.03493630141019821,Serhou Guirassy,a,3738,OpenPlay,2017,LeftFoot,8282,Augsburg,FC Cologne,3,0,2017-09-09 14:30:00,Marco Höger,Chipped
11,166378,92,BlockedShot,0.919000015258789,0.45799999237060546,0.03897149860858917,Serhou Guirassy,a,3738,FromCorner,2017,Head,8282,Augsburg,FC Cologne,3,0,2017-09-09 14:30:00,Jonas Hector,Aerial
12,167967,95,SavedShot,0.9480000305175781,0.5870000076293945,0.3090299963951111,Serhou Guirassy,a,3738,OpenPlay,2017,RightFoot,8330,VfB Stuttgart,FC Cologne,2,1,2017-10-13 19:30:00,Lukas Klünter,Chipped
13,168038,5,MissedShots,0.9119999694824219,0.4929999923706055,0.3432469964027405,Serhou Guirassy,h,3738,OpenPlay,2017,Head,8332,FC Cologne,Werder Bremen,0,0,2017-10-22 12:30:00,Yuya Osako,Cross
14,168040,7,SavedShot,0.9119999694824219,0.43400001525878906,0.08797679841518402,Serhou Guirassy,h,3738,OpenPlay,2017,Head,8332,FC Cologne,Werder Bremen,0,0,2017-10-22 12:30:00,Milos Jojic,Chipped
15,168044,12,SavedShot,0.705999984741211,0.645,0.012082899920642376,Serhou Guirassy,h,3738,OpenPlay,2017,RightFoot,8332,FC Cologne,Werder Bremen,0,0,2017-10-22 12:30:00,Salih Özcan,BallRecovery
16,168048,32,SavedShot,0.879000015258789,0.4620000076293945,0.09555459767580032,Serhou Guirassy,h,3738,OpenPlay,2017,LeftFoot,8332,FC Cologne,Werder Bremen,0,0,2017-10-22 12:30:00,Leonardo Bittencourt,BallTouch
17,168058,80,BlockedShot,0.919000015258789,0.654000015258789,0.10525999963283539,Serhou Guirassy,h,3738,OpenPlay,2017,LeftFoot,8332,FC Cologne,Werder Bremen,0,0,2017-10-22 12:30:00,Dominique Heintz,Pass
18,168060,85,MissedShots,0.9690000152587891,0.455,0.7765380144119263,Serhou Guirassy,h,3738,OpenPlay,2017,RightFoot,8332,FC Cologne,Werder Bremen,0,0,2017-10-22 12:30:00,Tim Handwerker,Pass
19,168063,87,SavedShot,0.8809999847412109,0.425,0.09086059778928757,Serhou Guirassy,h,3738,OpenPlay,2017,RightFoot,8332,FC Cologne,Werder Bremen,0,0,2017-10-22 12:30:00,,Dispossessed
20,168764,22,Goal,0.9469999694824218,0.5279999923706055,0.5765569806098938,Serhou Guirassy,a,3738,OpenPlay,2017,LeftFoot,8345,Bayer Leverkusen,FC Cologne,2,1,2017-10-28 14:30:00,Frederik Sörensen,Pass
21,168773,57,MissedShots,0.8569999694824219,0.7390000152587891,0.03032509982585907,Serhou Guirassy,a,3738,OpenPlay,2017,RightFoot,8345,Bayer Leverkusen,FC Cologne,2,1,2017-10-28 14:30:00,Simon Zoller,Pass
22,167447,76,MissedShots,0.9319999694824219,0.6020000076293945,0.07680340111255646,Serhou Guirassy,h,3738,SetPiece,2017,RightFoot,8350,FC Cologne,Hoffenheim,0,3,2017-11-05 14:30:00,Dominic Maroh,HeadPass
23,168073,23,MissedShots,0.7240000152587891,0.425,0.015336999669671059,Serhou Guirassy,a,3738,OpenPlay,2017,LeftFoot,8364,Mainz 05,FC Cologne,1,0,2017-11-18 14:30:00,Dominic Maroh,BallRecovery
24,168075,35,MissedShots,0.879000015258789,0.7119999694824218,0.03797059878706932,Serhou Guirassy,a,3738,OpenPlay,2017,LeftFoot,8364,Mainz 05,FC Cologne,1,0,2017-11-18 14:30:00,Simon Zoller,Pass
25,168332,7,MissedShots,0.7559999847412109,0.6270000076293946,0.03964050114154816,Serhou Guirassy,h,3738,OpenPlay,2017,RightFoot,8369,FC Cologne,Hertha Berlin,0,2,2017-11-26 17:00:00,Salih Özcan,Pass
26,168336,24,MissedShots,0.884000015258789,0.685,0.13188999891281128,Serhou Guirassy,h,3738,OpenPlay,2017,RightFoot,8369,FC Cologne,Hertha Berlin,0,2,2017-11-26 17:00:00,Claudio Pizarro,Throughball
27,168342,45,BlockedShot,0.905,0.6040000152587891,0.09374839812517166,Serhou Guirassy,h,3738,OpenPlay,2017,RightFoot,8369,FC Cologne,Hertha Berlin,0,2,2017-11-26 17:00:00,Yuya Osako,Pass
28,168346,48,BlockedShot,0.8930000305175781,0.4779999923706055,0.07883089780807495,Serhou Guirassy,h,3738,OpenPlay,2017,RightFoot,8369,FC Cologne,Hertha Berlin,0,2,2017-11-26 17:00:00,Lukas Klünter,Cross
29,168984,49,Goal,0.9459999847412109,0.48200000762939454,0.5712370276451111,Serhou Guirassy,a,3738,SetPiece,2017,LeftFoot,8381,Schalke 04,FC Cologne,2,2,2017-12-02 17:30:00,Salih Özcan,HeadPass
30,168987,59,BlockedShot,0.95,0.7319999694824219,0.03926829993724823,Serhou Guirassy,a,3738,OpenPlay,2017,LeftFoot,8381,Schalke 04,FC Cologne,2,2,2017-12-02 17:30:00,Yuya Osako,Chipped
31,168994,74,BlockedShot,0.899000015258789,0.49400001525878906,0.08972519636154175,Serhou Guirassy,a,3738,OpenPlay,2017,RightFoot,8381,Schalke 04,FC Cologne,2,2,2017-12-02 17:30:00,Salih Özcan,HeadPass
32,168995,76,Goal,0.885,0.5,0.7577769756317139,Serhou Guirassy,a,3738,Penalty,2017,RightFoot,8381,Schalke 04,FC Cologne,2,2,2017-12-02 17:30:00,,Standard
33,179657,15,Goal,0.885,0.5,0.7577769756317139,Serhou Guirassy,h,3738,Penalty,2017,RightFoot,8389,FC Cologne,Freiburg,3,4,2017-12-10 12:30:00,,Standard
34,179664,44,MissedShots,0.97,0.43099998474121093,0.12957599759101868,Serhou Guirassy,h,3738,OpenPlay,2017,LeftFoot,8389,FC Cologne,Freiburg,3,4,2017-12-10 12:30:00,,None
35,179668,53,SavedShot,0.850999984741211,0.5059999847412109,0.14281700551509857,Serhou Guirassy,h,3738,OpenPlay,2017,RightFoot,8389,FC Cologne,Freiburg,3,4,2017-12-10 12:30:00,Milos Jojic,Chipped
36,189884,90,MissedShots,0.7969999694824219,0.6179999923706054,0.03243919834494591,Serhou Guirassy,h,3738,OpenPlay,2017,LeftFoot,8434,FC Cologne,Augsburg,1,1,2018-01-27 14:30:00,,None
37,195083,53,MissedShots,0.874000015258789,0.28299999237060547,0.03204309940338135,Serhou Guirassy,h,3738,OpenPlay,2017,RightFoot,8447,FC Cologne,Borussia Dortmund,2,3,2018-02-02 19:30:00,Marco Höger,Pass
38,283743,7,SavedShot,0.9259999847412109,0.2979999923706055,0.04736170172691345,Serhou Guirassy,h,3738,OpenPlay,2018,RightFoot,10893,Amiens,Nice,1,0,2019-02-23 19:00:00,Saman Ghoddos,Chipped
39,283745,10,Goal,0.8819999694824219,0.44299999237060544,0.382546991109848,Serhou Guirassy,h,3738,OpenPlay,2018,RightFoot,10893,Amiens,Nice,1,0,2019-02-23 19:00:00,Moussa Konate,Throughball
40,283753,67,BlockedShot,0.96,0.53,0.4986160099506378,Serhou Guirassy,h,3738,FromCorner,2018,Head,10893,Amiens,Nice,1,0,2019-02-23 19:00:00,Saman Ghoddos,Cross
41,283943,29,BlockedShot,0.935,0.485,0.11548499763011932,Serhou Guirassy,a,3738,SetPiece,2018,RightFoot,10903,Reims,Amiens,2,2,2019-03-02 19:00:00,Emil Krafth,Chipped
42,283949,60,MissedShots,0.9580000305175781,0.5179999923706055,0.614808976650238,Serhou Guirassy,a,3738,SetPiece,2018,LeftFoot,10903,Reims,Amiens,2,2,2019-03-02 19:00:00,Moussa Konate,None
43,284787,26,ShotOnPost,0.9019999694824219,0.4909999847412109,0.43632400035858154,Serhou Guirassy,h,3738,OpenPlay,2018,RightFoot,10920,Amiens,Nimes,2,1,2019-03-09 19:00:00,Cheick Timite,Pass
44,284788,30,SavedShot,0.8090000152587891,0.53,0.05334800109267235,Serhou Guirassy,h,3738,OpenPlay,2018,RightFoot,10920,Amiens,Nimes,2,1,2019-03-09 19:00:00,Thomas Monconduit,Pass
45,284790,31,BlockedShot,0.8930000305175781,0.6170000076293946,0.08331199735403061,Serhou Guirassy,h,3738,OpenPlay,2018,LeftFoot,10920,Amiens,Nimes,2,1,2019-03-09 19:00:00,Moussa Konate,BallTouch
46,284798,48,Goal,0.919000015258789,0.4779999923706055,0.5277550220489502,Serhou Guirassy,h,3738,OpenPlay,2018,RightFoot,10920,Amiens,Nimes,2,1,2019-03-09 19:00:00,,None
47,284804,67,MissedShots,0.95,0.62,0.03593200072646141,Serhou Guirassy,h,3738,FromCorner,2018,OtherBodyPart,10920,Amiens,Nimes,2,1,2019-03-09 19:00:00,Saman Ghoddos,Aerial
48,284808,74,BlockedShot,0.7969999694824219,0.4929999923706055,0.05243289843201637,Serhou Guirassy,h,3738,OpenPlay,2018,RightFoot,10920,Amiens,Nimes,2,1,2019-03-09 19:00:00,Emil Krafth,Pass
49,284812,77,BlockedShot,0.6890000152587891,0.37099998474121093,0.032354600727558136,Serhou Guirassy,h,3738,DirectFreekick,2018,RightFoot,10920,Amiens,Nimes,2,1,2019-03-09 19:00:00,,Standard
50,295839,4,MissedShots,0.659000015258789,0.47200000762939454,0.014867500402033329,Serhou Guirassy,a,3738,OpenPlay,2018,RightFoot,10966,Nantes,Amiens,3,2,2019-04-21 14:00:00,Régis Gurtner,Pass
51,295850,73,SavedShot,0.8380000305175781,0.585,0.059599701315164566,Serhou Guirassy,a,3738,OpenPlay,2018,LeftFoot,10966,Nantes,Amiens,3,2,2019-04-21 14:00:00,Cheick Timite,BallRecovery
52,298051,36,MissedShots,0.6840000152587891,0.505,0.016232600435614586,Serhou Guirassy,h,3738,OpenPlay,2018,RightFoot,10973,Amiens,Strasbourg,0,0,2019-04-28 14:00:00,Alexis Blin,Pass
53,298059,84,MissedShots,0.9059999847412109,0.5059999847412109,0.28802499175071716,Serhou Guirassy,h,3738,SetPiece,2018,Head,10973,Amiens,Strasbourg,0,0,2019-04-28 14:00:00,Saman Ghoddos,Cross
54,300870,17,BlockedShot,0.7290000152587891,0.72,0.012155899778008461,Serhou Guirassy,h,3738,OpenPlay,2018,RightFoot,10993,Amiens,Toulouse,0,0,2019-05-11 19:00:00,,BallRecovery
55,300872,24,SavedShot,0.710999984741211,0.40900001525878904,0.041284698992967606,Serhou Guirassy,h,3738,DirectFreekick,2018,RightFoot,10993,Amiens,Toulouse,0,0,2019-05-11 19:00:00,,Standard
56,300873,26,MissedShots,0.7480000305175781,0.6079999923706054,0.0229652002453804,Serhou Guirassy,h,3738,OpenPlay,2018,RightFoot,10993,Amiens,Toulouse,0,0,2019-05-11 19:00:00,Eddy Gnahore,Pass
57,300888,75,BlockedShot,0.745999984741211,0.48700000762939455,0.02476930059492588,Serhou Guirassy,h,3738,OpenPlay,2018,RightFoot,10993,Amiens,Toulouse,0,0,2019-05-11 19:00:00,Khaled Adenon,Pass
58,300892,80,MissedShots,0.9330000305175781,0.6819999694824219,0.060085199773311615,Serhou Guirassy,h,3738,OpenPlay,2018,LeftFoot,10993,Amiens,Toulouse,0,0,2019-05-11 19:00:00,Erik Pieters,Pass
59,302854,17,MissedShots,0.88,0.45799999237060546,0.11281199753284454,Serhou Guirassy,a,3738,OpenPlay,2018,RightFoot,11007,Monaco,Amiens,2,0,2019-05-18 19:00:00,Juan Ferney Otero,Pass
60,302857,27,BlockedShot,0.8959999847412109,0.3509999847412109,0.06434450298547745,Serhou Guirassy,a,3738,OpenPlay,2018,RightFoot,11007,Monaco,Amiens,2,0,2019-05-18 19:00:00,Thomas Monconduit,Chipped
61,302866,62,SavedShot,0.8219999694824218,0.66,0.04379289969801903,Serhou Guirassy,a,3738,OpenPlay,2018,LeftFoot,11007,Monaco,Amiens,2,0,2019-05-18 19:00:00,Moussa Konate,HeadPass
62,303415,13,Goal,0.9319999694824219,0.43400001525878906,0.45004400610923767,Serhou Guirassy,h,3738,OpenPlay,2018,RightFoot,11013,Amiens,Guingamp,2,1,2019-05-24 19:05:00,,Rebound
63,303416,19,SavedShot,0.86,0.6270000076293946,0.08658470213413239,Serhou Guirassy,h,3738,OpenPlay,2018,LeftFoot,11013,Amiens,Guingamp,2,1,2019-05-24 19:05:00,Saman Ghoddos,Pass
64,303426,48,MissedShots,0.9290000152587891,0.5129999923706055,0.4351939857006073,Serhou Guirassy,h,3738,OpenPlay,2018,Head,11013,Amiens,Guingamp,2,1,2019-05-24 19:05:00,Juan Ferney Otero,Cross
65,310132,8,BlockedShot,0.9319999694824219,0.5270000076293946,0.08391939848661423,Serhou Guirassy,a,3738,OpenPlay,2019,Head,12713,Nice,Amiens,2,1,2019-08-10 19:00:00,Cheick Timite,Aerial
66,310140,41,MissedShots,0.870999984741211,0.395,0.06018809974193573,Serhou Guirassy,a,3738,OpenPlay,2019,RightFoot,12713,Nice,Amiens,2,1,2019-08-10 19:00:00,,None
67,310836,66,BlockedShot,0.894000015258789,0.62,0.1277170032262802,Serhou Guirassy,h,3738,OpenPlay,2019,LeftFoot,12721,Amiens,Lille,1,0,2019-08-17 19:00:00,Chadrac Akolo,Pass
68,310839,69,Goal,0.9290000152587891,0.5220000076293946,0.640753984451294,Serhou Guirassy,h,3738,OpenPlay,2019,LeftFoot,12721,Amiens,Lille,1,0,2019-08-17 19:00:00,Chadrac Akolo,Pass
69,312800,65,BlockedShot,0.759000015258789,0.5109999847412109,0.025842899456620216,Serhou Guirassy,h,3738,OpenPlay,2019,RightFoot,12730,Amiens,Nantes,1,2,2019-08-24 19:00:00,Thomas Monconduit,Pass
70,312806,87,BlockedShot,0.8690000152587891,0.625,0.25508999824523926,Serhou Guirassy,h,3738,OpenPlay,2019,RightFoot,12730,Amiens,Nantes,1,2,2019-08-24 19:00:00,Bongani Zungu,Chipped
71,316955,41,BlockedShot,0.740999984741211,0.5940000152587891,0.020096000283956528,Serhou Guirassy,h,3738,OpenPlay,2019,RightFoot,12757,Amiens,Lyon,2,2,2019-09-13 18:45:00,Jordan Lefort,Pass
72,316958,54,BlockedShot,0.715,0.4929999923706055,0.01709810085594654,Serhou Guirassy,h,3738,OpenPlay,2019,RightFoot,12757,Amiens,Lyon,2,2,2019-09-13 18:45:00,Eddy Gnahore,Pass
73,316965,83,BlockedShot,0.9030000305175782,0.45099998474121095,0.030466699972748756,Serhou Guirassy,h,3738,OpenPlay,2019,Head,12757,Amiens,Lyon,2,2,2019-09-13 18:45:00,Christophe Jallet,Aerial
74,320752,28,SavedShot,0.955999984741211,0.455,0.5642769932746887,Serhou Guirassy,a,3738,OpenPlay,2019,LeftFoot,12760,Metz,Amiens,1,2,2019-09-21 18:00:00,Juan Ferney Otero,Cross
75,320751,28,BlockedShot,0.83,0.4279999923706055,0.0633103996515274,Serhou Guirassy,a,3738,OpenPlay,2019,LeftFoot,12760,Metz,Amiens,1,2,2019-09-21 18:00:00,Gaël Kakuta,BallTouch
76,320753,36,MissedShots,0.784000015258789,0.5840000152587891,0.032510701566934586,Serhou Guirassy,a,3738,OpenPlay,2019,RightFoot,12760,Metz,Amiens,1,2,2019-09-21 18:00:00,Alexis Blin,Pass
77,320754,38,Goal,0.9319999694824219,0.485,0.2778800129890442,Serhou Guirassy,a,3738,FromCorner,2019,Head,12760,Metz,Amiens,1,2,2019-09-21 18:00:00,Alexis Blin,Chipped
78,320766,90,SavedShot,0.765,0.580999984741211,0.07474459707736969,Serhou Guirassy,a,3738,DirectFreekick,2019,RightFoot,12760,Metz,Amiens,1,2,2019-09-21 18:00:00,,Standard
79,321912,31,MissedShots,0.730999984741211,0.46599998474121096,0.054095201194286346,Serhou Guirassy,h,3738,DirectFreekick,2019,RightFoot,12778,Amiens,Bordeaux,1,3,2019-09-25 17:00:00,,Standard
80,321922,60,MissedShots,0.9630000305175781,0.42400001525878905,0.052178699523210526,Serhou Guirassy,h,3738,FromCorner,2019,Head,12778,Amiens,Bordeaux,1,3,2019-09-25 17:00:00,Gaël Kakuta,Aerial
81,321926,77,BlockedShot,0.9290000152587891,0.48200000762939454,0.08682979643344879,Serhou Guirassy,h,3738,OpenPlay,2019,Head,12778,Amiens,Bordeaux,1,3,2019-09-25 17:00:00,Arturo Calabresi,Aerial
82,323767,40,Goal,0.885,0.5,0.7600950002670288,Serhou Guirassy,h,3738,Penalty,2019,RightFoot,12791,Amiens,Marseille,3,1,2019-10-04 19:45:00,,Standard
83,323769,48,BlockedShot,0.9419999694824219,0.5429999923706055,0.13383500277996063,Serhou Guirassy,h,3738,OpenPlay,2019,RightFoot,12791,Amiens,Marseille,3,1,2019-10-04 19:45:00,John Mendoza,Cross
84,325977,12,BlockedShot,0.875999984741211,0.40099998474121096,0.05908690020442009,Serhou Guirassy,a,3738,FromCorner,2019,RightFoot,12805,Nimes,Amiens,1,1,2019-10-19 19:00:00,Aurélien Chedjou,Pass
85,325980,23,SavedShot,0.894000015258789,0.37599998474121094,0.07302969694137573,Serhou Guirassy,a,3738,OpenPlay,2019,RightFoot,12805,Nimes,Amiens,1,1,2019-10-19 19:00:00,Régis Gurtner,Pass
86,327928,28,SavedShot,0.8030000305175782,0.43,0.047181300818920135,Serhou Guirassy,a,3738,OpenPlay,2019,RightFoot,12811,Saint-Etienne,Amiens,2,2,2019-10-27 16:00:00,Fousseni Diabate,Pass
87,327936,65,SavedShot,0.9019999694824219,0.455,0.4224720001220703,Serhou Guirassy,a,3738,OpenPlay,2019,RightFoot,12811,Saint-Etienne,Amiens,2,2,2019-10-27 16:00:00,Chadrac Akolo,Rebound
88,329476,2,SavedShot,0.885,0.5,0.7600950002670288,Serhou Guirassy,h,3738,Penalty,2019,RightFoot,12827,Amiens,Brest,1,0,2019-11-02 19:00:00,,Standard
89,329483,48,MissedShots,0.9290000152587891,0.5720000076293945,0.11932899802923203,Serhou Guirassy,h,3738,OpenPlay,2019,RightFoot,12827,Amiens,Brest,1,0,2019-11-02 19:00:00,Gaël Kakuta,Cross
90,331386,34,Goal,0.799000015258789,0.5879999923706055,0.04218389838933945,Serhou Guirassy,a,3738,OpenPlay,2019,RightFoot,12833,Rennes,Amiens,3,1,2019-11-10 14:00:00,Gaël Kakuta,Pass
91,331391,42,SavedShot,0.7290000152587891,0.605999984741211,0.020228300243616104,Serhou Guirassy,a,3738,OpenPlay,2019,RightFoot,12833,Rennes,Amiens,3,1,2019-11-10 14:00:00,Gaël Kakuta,Pass
92,331412,88,MissedShots,0.715999984741211,0.6609999847412109,0.00860511977225542,Serhou Guirassy,a,3738,OpenPlay,2019,RightFoot,12833,Rennes,Amiens,3,1,2019-11-10 14:00:00,,TakeOn
93,332526,6,MissedShots,0.9169999694824219,0.6270000076293946,0.07761330157518387,Serhou Guirassy,h,3738,OpenPlay,2019,LeftFoot,12846,Amiens,Strasbourg,0,4,2019-11-23 19:00:00,Christophe Jallet,Chipped
94,332531,30,MissedShots,0.9219999694824219,0.425,0.022425999864935875,Serhou Guirassy,h,3738,FromCorner,2019,Head,12846,Amiens,Strasbourg,0,4,2019-11-23 19:00:00,Christophe Jallet,Aerial
95,355940,57,Goal,0.885,0.5,0.7600950002670288,Serhou Guirassy,a,3738,Penalty,2019,RightFoot,12909,Brest,Amiens,2,1,2020-01-25 19:00:00,,Standard
96,356965,79,SavedShot,0.919000015258789,0.53,0.4952009916305542,Serhou Guirassy,h,3738,OpenPlay,2019,LeftFoot,12926,Amiens,Toulouse,0,0,2020-02-01 19:00:00,,None
97,357688,34,SavedShot,0.7480000305175781,0.6430000305175781,0.014097600243985653,Serhou Guirassy,a,3738,OpenPlay,2019,RightFoot,12937,Lyon,Amiens,0,0,2020-02-05 18:00:00,,None
98,357693,64,BlockedShot,0.874000015258789,0.539000015258789,0.0841732993721962,Serhou Guirassy,a,3738,OpenPlay,2019,RightFoot,12937,Lyon,Amiens,0,0,2020-02-05 18:00:00,,None
99,358203,8,Goal,0.8780000305175781,0.3390000152587891,0.0671733021736145,Serhou Guirassy,h,3738,OpenPlay,2019,RightFoot,12944,Amiens,Monaco,1,2,2020-02-08 19:00:00,Juan Ferney Otero,Pass
100,358213,45,BlockedShot,0.9009999847412109,0.34900001525878904,0.04620889946818352,Serhou Guirassy,h,3738,FromCorner,2019,RightFoot,12944,Amiens,Monaco,1,2,2020-02-08 19:00:00,Bakaye Dibassy,BallTouch
101,358218,59,MissedShots,0.785,0.5920000076293945,0.04211580008268356,Serhou Guirassy,h,3738,OpenPlay,2019,RightFoot,12944,Amiens,Monaco,1,2,2020-02-08 19:00:00,Fousseni Diabate,TakeOn
102,359002,4,Goal,0.879000015258789,0.34200000762939453,0.3259570002555847,Serhou Guirassy,h,3738,OpenPlay,2019,RightFoot,12949,Amiens,Paris Saint Germain,4,4,2020-02-15 16:30:00,Gaël Kakuta,Throughball
103,359007,23,MissedShots,0.759000015258789,0.8119999694824219,0.019842199981212616,Serhou Guirassy,h,3738,OpenPlay,2019,RightFoot,12949,Amiens,Paris Saint Germain,4,4,2020-02-15 16:30:00,Haitam Aleesami,Pass
104,359008,24,SavedShot,0.9259999847412109,0.3220000076293945,0.2803640067577362,Serhou Guirassy,h,3738,OpenPlay,2019,RightFoot,12949,Amiens,Paris Saint Germain,4,4,2020-02-15 16:30:00,Juan Ferney Otero,Pass
105,359012,36,MissedShots,0.9130000305175782,0.6029999923706054,0.13398100435733795,Serhou Guirassy,h,3738,OpenPlay,2019,RightFoot,12949,Amiens,Paris Saint Germain,4,4,2020-02-15 16:30:00,Fousseni Diabate,Pass
106,359026,90,Goal,0.860999984741211,0.53,0.31358200311660767,Serhou Guirassy,h,3738,OpenPlay,2019,LeftFoot,12949,Amiens,Paris Saint Germain,4,4,2020-02-15 16:30:00,Quentin Cornette,Pass
107,361558,20,MissedShots,0.7630000305175781,0.6170000076293946,0.07650010287761688,Serhou Guirassy,a,3738,OpenPlay,2019,RightFoot,12985,Marseille,Amiens,2,2,2020-03-06 19:00:00,Gaël Kakuta,Chipped
108,361574,82,Goal,0.885,0.5,0.7600950002670288,Serhou Guirassy,a,3738,Penalty,2019,RightFoot,12985,Marseille,Amiens,2,2,2020-03-06 19:00:00,,Standard
109,361576,85,ShotOnPost,0.9669999694824218,0.5209999847412109,0.284278005361557,Serhou Guirassy,a,3738,FromCorner,2019,Head,12985,Marseille,Amiens,2,2,2020-03-06 19:00:00,Aurélien Chedjou,Foul
110,376111,69,MissedShots,0.8780000305175781,0.34900001525878904,0.10608799755573273,Serhou Guirassy,h,3738,OpenPlay,2020,RightFoot,13994,Rennes,Montpellier,2,1,2020-08-29 15:00:00,Martin Terrier,Pass
111,376785,11,Goal,0.769000015258789,0.5079999923706054,0.028302300721406937,Serhou Guirassy,a,3738,OpenPlay,2020,LeftFoot,14198,Nimes,Rennes,2,4,2020-09-13 13:00:00,Raphinha,Pass
112,376792,38,Goal,0.9159999847412109,0.5120000076293946,0.4954710006713867,Serhou Guirassy,a,3738,OpenPlay,2020,RightFoot,14198,Nimes,Rennes,2,4,2020-09-13 13:00:00,Flavien Tait,Pass
113,376797,64,MissedShots,0.9440000152587891,0.43900001525878907,0.13911999762058258,Serhou Guirassy,a,3738,OpenPlay,2020,Head,14198,Nimes,Rennes,2,4,2020-09-13 13:00:00,Faitout Maouassa,Cross
114,376800,75,MissedShots,0.815,0.5220000076293946,0.07280559837818146,Serhou Guirassy,a,3738,OpenPlay,2020,RightFoot,14198,Nimes,Rennes,2,4,2020-09-13 13:00:00,Jonas Martin,Pass
115,377738,78,MissedShots,0.914000015258789,0.49,0.0944788008928299,Serhou Guirassy,h,3738,OpenPlay,2020,Head,14206,Rennes,Monaco,2,1,2020-09-19 19:00:00,Hamari Traore,Cross
116,378884,29,SavedShot,0.7769999694824219,0.3240000152587891,0.016102099791169167,Serhou Guirassy,a,3738,OpenPlay,2020,LeftFoot,14215,Saint-Etienne,Rennes,0,3,2020-09-26 15:00:00,Eduardo Camavinga,TakeOn
117,378888,52,Goal,0.9230000305175782,0.48200000762939454,0.40010198950767517,Serhou Guirassy,a,3738,OpenPlay,2020,RightFoot,14215,Saint-Etienne,Rennes,0,3,2020-09-26 15:00:00,Romain Del Castillo,Cross
118,381333,16,BlockedShot,0.9080000305175782,0.36400001525878906,0.07404450327157974,Serhou Guirassy,h,3738,OpenPlay,2020,RightFoot,15814,Rennes,Reims,2,2,2020-10-04 15:00:00,Raphinha,Pass
119,381339,40,MissedShots,0.94,0.49900001525878906,0.4806840121746063,Serhou Guirassy,h,3738,SetPiece,2020,Head,15814,Rennes,Reims,2,2,2020-10-04 15:00:00,Raphinha,Cross
120,381353,91,MissedShots,0.8490000152587891,0.5670000076293945,0.04301070049405098,Serhou Guirassy,h,3738,OpenPlay,2020,RightFoot,15814,Rennes,Reims,2,2,2020-10-04 15:00:00,Hamari Traore,Cross
121,384649,12,BlockedShot,0.8569999694824219,0.6630000305175782,0.05052249878644943,Serhou Guirassy,h,3738,OpenPlay,2020,RightFoot,15842,Rennes,Brest,2,1,2020-10-31 16:00:00,Martin Terrier,Pass
122,384675,86,SavedShot,0.870999984741211,0.425,0.0723792016506195,Serhou Guirassy,h,3738,OpenPlay,2020,RightFoot,15842,Rennes,Brest,2,1,2020-10-31 16:00:00,Hamari Traore,Cross
123,384676,87,SavedShot,0.9340000152587891,0.5279999923706055,0.06182219833135605,Serhou Guirassy,h,3738,FromCorner,2020,Head,15842,Rennes,Brest,2,1,2020-10-31 16:00:00,Benjamin Bourigeaud,Aerial
124,386267,47,BlockedShot,0.6980000305175781,0.44799999237060545,0.010857099667191505,Serhou Guirassy,a,3738,OpenPlay,2020,LeftFoot,15846,Paris Saint Germain,Rennes,3,0,2020-11-07 20:00:00,Benjamin Bourigeaud,Pass
125,386273,75,SavedShot,0.8490000152587891,0.6509999847412109,0.05111030116677284,Serhou Guirassy,a,3738,OpenPlay,2020,RightFoot,15846,Paris Saint Germain,Rennes,3,0,2020-11-07 20:00:00,Adrien Hunou,BlockedPass
126,387057,63,MissedShots,0.9630000305175781,0.48200000762939454,0.576570987701416,Serhou Guirassy,h,3738,OpenPlay,2020,Head,15856,Rennes,Bordeaux,0,1,2020-11-20 18:00:00,Hamari Traore,Cross
127,403504,27,MissedShots,0.7759999847412109,0.585,0.023869799450039864,Serhou Guirassy,a,3738,OpenPlay,2020,RightFoot,15992,Lens,Rennes,0,0,2021-02-06 20:00:00,Martin Terrier,Pass
128,403507,53,MissedShots,0.8619999694824219,0.42200000762939455,0.08296819776296616,Serhou Guirassy,a,3738,OpenPlay,2020,RightFoot,15992,Lens,Rennes,0,0,2021-02-06 20:00:00,Martin Terrier,Pass
129,404679,15,MissedShots,0.9569999694824218,0.43400001525878906,0.11887600272893906,Serhou Guirassy,h,3738,OpenPlay,2020,LeftFoot,16005,Rennes,Saint-Etienne,0,2,2021-02-14 14:00:00,Hamari Traore,Cross
130,404683,46,SavedShot,0.914000015258789,0.41200000762939454,0.0737299993634224,Serhou Guirassy,h,3738,OpenPlay,2020,RightFoot,16005,Rennes,Saint-Etienne,0,2,2021-02-14 14:00:00,,Card
131,404690,74,MissedShots,0.9119999694824219,0.5259999847412109,0.13016800582408905,Serhou Guirassy,h,3738,OpenPlay,2020,RightFoot,16005,Rennes,Saint-Etienne,0,2,2021-02-14 14:00:00,Benjamin Bourigeaud,Rebound
132,405836,5,SavedShot,0.9569999694824218,0.534000015258789,0.5894550085067749,Serhou Guirassy,a,3738,OpenPlay,2020,LeftFoot,16009,Montpellier,Rennes,2,1,2021-02-21 12:00:00,Adrien Truffert,Cross
133,405838,11,MissedShots,0.9359999847412109,0.53,0.12471900135278702,Serhou Guirassy,a,3738,FromCorner,2020,LeftFoot,16009,Montpellier,Rennes,2,1,2021-02-21 12:00:00,Benjamin Bourigeaud,Cross
134,405839,12,BlockedShot,0.8069999694824219,0.624000015258789,0.041062500327825546,Serhou Guirassy,a,3738,OpenPlay,2020,RightFoot,16009,Montpellier,Rennes,2,1,2021-02-21 12:00:00,Benjamin Bourigeaud,TakeOn
135,405841,24,SavedShot,0.73,0.6029999923706054,0.018348699435591698,Serhou Guirassy,a,3738,OpenPlay,2020,RightFoot,16009,Montpellier,Rennes,2,1,2021-02-21 12:00:00,Adrien Truffert,Pass
136,405845,36,MissedShots,0.885,0.46700000762939453,0.05778390169143677,Serhou Guirassy,a,3738,SetPiece,2020,Head,16009,Montpellier,Rennes,2,1,2021-02-21 12:00:00,Benjamin Bourigeaud,Cross
137,405859,77,Goal,0.9530000305175781,0.3729999923706055,0.1590300053358078,Serhou Guirassy,a,3738,OpenPlay,2020,RightFoot,16009,Montpellier,Rennes,2,1,2021-02-21 12:00:00,Clément Grenier,TakeOn
138,406491,37,SavedShot,0.7559999847412109,0.28100000381469725,0.04453349858522415,Serhou Guirassy,h,3738,DirectFreekick,2020,RightFoot,16024,Rennes,Nice,1,2,2021-02-26 20:00:00,,Standard
139,406500,61,SavedShot,0.740999984741211,0.5990000152587891,0.015892500057816505,Serhou Guirassy,h,3738,OpenPlay,2020,RightFoot,16024,Rennes,Nice,1,2,2021-02-26 20:00:00,Martin Terrier,BallRecovery
140,406507,80,SavedShot,0.79,0.34599998474121096,0.07851439714431763,Serhou Guirassy,h,3738,DirectFreekick,2020,RightFoot,16024,Rennes,Nice,1,2,2021-02-26 20:00:00,,Standard
141,406510,88,ShotOnPost,0.9180000305175782,0.5070000076293946,0.04666789993643761,Serhou Guirassy,h,3738,FromCorner,2020,Head,16024,Rennes,Nice,1,2,2021-02-26 20:00:00,Benjamin Bourigeaud,Aerial
142,407894,8,MissedShots,0.9080000305175782,0.4420000076293945,0.09579720348119736,Serhou Guirassy,a,3738,OpenPlay,2020,RightFoot,16029,Lyon,Rennes,1,0,2021-03-03 18:00:00,Hamari Traore,Cross
143,407900,39,MissedShots,0.7180000305175781,0.23799999237060546,0.008745989762246609,Serhou Guirassy,a,3738,OpenPlay,2020,RightFoot,16029,Lyon,Rennes,1,0,2021-03-03 18:00:00,,None
144,409481,45,BlockedShot,0.7880000305175782,0.4640000152587891,0.03978880122303963,Serhou Guirassy,a,3738,OpenPlay,2020,LeftFoot,15971,Marseille,Rennes,1,0,2021-03-10 20:00:00,Clément Grenier,Pass
145,411227,87,Goal,0.8640000152587891,0.425,0.4294449985027313,Serhou Guirassy,a,3738,OpenPlay,2020,LeftFoot,16049,Metz,Rennes,1,3,2021-03-20 12:00:00,,None
146,413049,13,SavedShot,0.784000015258789,0.5979999923706054,0.03964129835367203,Serhou Guirassy,a,3738,OpenPlay,2020,RightFoot,16057,Reims,Rennes,2,2,2021-04-04 13:00:00,Martin Terrier,HeadPass
147,413050,19,MissedShots,0.6980000305175781,0.6179999923706054,0.017440199851989746,Serhou Guirassy,a,3738,OpenPlay,2020,RightFoot,16057,Reims,Rennes,2,2,2021-04-04 13:00:00,Steven N&#039;Zonzi,Pass
148,413066,74,Goal,0.885,0.5,0.7600290179252625,Serhou Guirassy,a,3738,Penalty,2020,RightFoot,16057,Reims,Rennes,2,2,2021-04-04 13:00:00,,Standard
149,413071,82,Goal,0.965,0.514000015258789,0.5215319991111755,Serhou Guirassy,a,3738,FromCorner,2020,RightFoot,16057,Reims,Rennes,2,2,2021-04-04 13:00:00,Romain Del Castillo,Cross
150,415098,90,Goal,0.9130000305175782,0.6270000076293946,0.3539069890975952,Serhou Guirassy,a,3738,OpenPlay,2020,LeftFoot,16080,Angers,Rennes,0,3,2021-04-17 11:00:00,Dalbert,TakeOn
151,418914,64,BlockedShot,0.779000015258789,0.72,0.053676798939704895,Serhou Guirassy,a,3738,DirectFreekick,2020,RightFoot,16105,Bordeaux,Rennes,1,0,2021-05-02 11:00:00,,Standard
152,418917,77,BlockedShot,0.8119999694824219,0.53,0.15441100299358368,Serhou Guirassy,a,3738,DirectFreekick,2020,RightFoot,16105,Bordeaux,Rennes,1,0,2021-05-02 11:00:00,,Standard
153,418919,84,SavedShot,0.875999984741211,0.6459999847412109,0.06269530206918716,Serhou Guirassy,a,3738,OpenPlay,2020,RightFoot,16105,Bordeaux,Rennes,1,0,2021-05-02 11:00:00,Jéremy Doku,Pass
154,418921,90,SavedShot,0.914000015258789,0.5029999923706054,0.04781949892640114,Serhou Guirassy,a,3738,OpenPlay,2020,Head,16105,Bordeaux,Rennes,1,0,2021-05-02 11:00:00,,Aerial
155,420916,1,MissedShots,0.9009999847412109,0.615,0.10268399864435196,Serhou Guirassy,h,3738,OpenPlay,2020,RightFoot,16113,Rennes,Paris Saint Germain,1,1,2021-05-09 19:00:00,Flavien Tait,Pass
156,420941,69,Goal,0.9269999694824219,0.54,0.10455500334501266,Serhou Guirassy,h,3738,FromCorner,2020,Head,16113,Rennes,Paris Saint Germain,1,1,2021-05-09 19:00:00,Benjamin Bourigeaud,Cross
157,420943,84,SavedShot,0.81,0.6090000152587891,0.06490969657897949,Serhou Guirassy,h,3738,OpenPlay,2020,RightFoot,16113,Rennes,Paris Saint Germain,1,1,2021-05-09 19:00:00,,TakeOn
158,422942,52,BlockedShot,0.7930000305175782,0.525,0.029360299929976463,Serhou Guirassy,a,3738,OpenPlay,2020,RightFoot,16121,Monaco,Rennes,2,1,2021-05-16 19:00:00,,None
159,422948,72,MissedShots,0.9290000152587891,0.46599998474121096,0.05881660059094429,Serhou Guirassy,a,3738,OpenPlay,2020,Head,16121,Monaco,Rennes,2,1,2021-05-16 19:00:00,Adrien Truffert,Aerial
160,424542,24,Goal,0.9690000152587891,0.445,0.5793420076370239,Serhou Guirassy,h,3738,OpenPlay,2020,Head,16133,Rennes,Nimes,2,0,2021-05-23 19:00:00,Jéremy Doku,Cross
161,424544,39,SavedShot,0.9069999694824219,0.6680000305175782,0.24157199263572693,Serhou Guirassy,h,3738,OpenPlay,2020,LeftFoot,16133,Rennes,Nimes,2,0,2021-05-23 19:00:00,Eduardo Camavinga,Pass
162,426267,83,Goal,0.9159999847412109,0.5159999847412109,0.32685500383377075,Serhou Guirassy,a,3738,OpenPlay,2021,Head,17836,Brest,Rennes,1,1,2021-08-15 13:00:00,Birger Meling,Cross
163,427745,35,MissedShots,0.905,0.5,0.05225849896669388,Serhou Guirassy,h,3738,OpenPlay,2021,Head,17850,Rennes,Nantes,1,0,2021-08-22 15:00:00,Loic Bade,Aerial
164,427746,37,BlockedShot,0.895,0.4,0.10882899910211563,Serhou Guirassy,h,3738,OpenPlay,2021,LeftFoot,17850,Rennes,Nantes,1,0,2021-08-22 15:00:00,Benjamin Bourigeaud,Pass
165,427751,60,SavedShot,0.8930000305175781,0.715,0.046721700578927994,Serhou Guirassy,h,3738,OpenPlay,2021,RightFoot,17850,Rennes,Nantes,1,0,2021-08-22 15:00:00,,Rebound
166,427750,60,SavedShot,0.89,0.6120000076293945,0.34458601474761963,Serhou Guirassy,h,3738,OpenPlay,2021,RightFoot,17850,Rennes,Nantes,1,0,2021-08-22 15:00:00,Benjamin Bourigeaud,Throughball
167,429161,60,SavedShot,0.955999984741211,0.5820000076293945,0.15457099676132202,Serhou Guirassy,a,3738,OpenPlay,2021,LeftFoot,17857,Angers,Rennes,2,0,2021-08-29 13:00:00,Benjamin Bourigeaud,TakeOn
168,430298,21,MissedShots,0.8719999694824219,0.524000015258789,0.10974100232124329,Serhou Guirassy,h,3738,OpenPlay,2021,RightFoot,17864,Rennes,Reims,0,2,2021-09-12 13:00:00,Hamari Traore,Pass
169,430306,52,MissedShots,0.9330000305175781,0.48900001525878906,0.12392400205135345,Serhou Guirassy,h,3738,FromCorner,2021,Head,17864,Rennes,Reims,0,2,2021-09-12 13:00:00,Benjamin Bourigeaud,Cross
170,431948,31,MissedShots,0.9369999694824219,0.49599998474121093,0.07007759809494019,Serhou Guirassy,a,3738,FromCorner,2021,Head,17877,Marseille,Rennes,2,0,2021-09-19 15:00:00,Benjamin Bourigeaud,Aerial
171,431949,34,MissedShots,0.9330000305175781,0.46,0.41405901312828064,Serhou Guirassy,a,3738,OpenPlay,2021,RightFoot,17877,Marseille,Rennes,2,0,2021-09-19 15:00:00,Gaetan Laborde,Cross
172,431951,34,MissedShots,0.9219999694824219,0.5629999923706055,0.09677620232105255,Serhou Guirassy,a,3738,OpenPlay,2021,RightFoot,17877,Marseille,Rennes,2,0,2021-09-19 15:00:00,Chimuanya Ugochukwu,None
173,432655,89,BlockedShot,0.7369999694824219,0.5609999847412109,0.026708800345659256,Serhou Guirassy,h,3738,OpenPlay,2021,RightFoot,17889,Rennes,Clermont Foot,6,0,2021-09-22 17:00:00,Adrien Truffert,Pass
174,433906,85,BlockedShot,0.895,0.3529999923706055,0.11841899901628494,Serhou Guirassy,a,3738,OpenPlay,2021,RightFoot,17892,Bordeaux,Rennes,1,1,2021-09-26 11:00:00,Flavien Tait,Pass
175,436801,84,SavedShot,0.94,0.495,0.14839699864387512,Serhou Guirassy,a,3738,OpenPlay,2021,RightFoot,17917,Metz,Rennes,0,3,2021-10-17 13:00:00,Hamari Traore,Pass
176,440226,84,BlockedShot,0.879000015258789,0.32599998474121095,0.08139649778604507,Serhou Guirassy,a,3738,OpenPlay,2021,RightFoot,17941,Troyes,Rennes,2,2,2021-10-31 14:00:00,Lovro Majer,Pass
177,442896,93,BlockedShot,0.889000015258789,0.6,0.12856900691986084,Serhou Guirassy,h,3738,OpenPlay,2021,RightFoot,17957,Rennes,Montpellier,2,0,2021-11-20 20:00:00,Jéremy Doku,Pass
178,445515,69,MissedShots,0.8959999847412109,0.44299999237060544,0.06546659767627716,Serhou Guirassy,h,3738,OpenPlay,2021,RightFoot,17979,Rennes,Lille,1,2,2021-12-01 20:00:00,Hamari Traore,Cross
179,448352,45,MissedShots,0.815,0.4929999923706055,0.043756499886512756,Serhou Guirassy,h,3738,OpenPlay,2021,RightFoot,17993,Rennes,Nice,1,2,2021-12-12 14:00:00,Benjamin Bourigeaud,Chipped
180,448356,56,MissedShots,0.914000015258789,0.5129999923706055,0.06361470371484756,Serhou Guirassy,h,3738,OpenPlay,2021,Head,17993,Rennes,Nice,1,2,2021-12-12 14:00:00,Hamari Traore,Aerial
181,453525,88,Goal,0.8530000305175781,0.39299999237060546,0.09286420047283173,Serhou Guirassy,h,3738,OpenPlay,2021,RightFoot,18028,Rennes,Bordeaux,6,0,2022-01-16 12:00:00,Gaetan Laborde,Pass
182,453528,91,Goal,0.91,0.47200000762939454,0.15915599465370178,Serhou Guirassy,h,3738,OpenPlay,2021,RightFoot,18028,Rennes,Bordeaux,6,0,2022-01-16 12:00:00,,Rebound
183,456331,87,BlockedShot,0.81,0.6309999847412109,0.041305698454380035,Serhou Guirassy,h,3738,OpenPlay,2021,RightFoot,18050,Rennes,Brest,2,0,2022-02-06 16:00:00,Baptiste Santamaria,Pass
184,458737,4,BlockedShot,0.88,0.4470000076293945,0.11345700174570084,Serhou Guirassy,h,3738,OpenPlay,2021,RightFoot,18063,Rennes,Troyes,4,1,2022-02-20 14:00:00,Hamari Traore,Pass
185,458738,11,MissedShots,0.759000015258789,0.5420000076293945,0.027386099100112915,Serhou Guirassy,h,3738,OpenPlay,2021,RightFoot,18063,Rennes,Troyes,4,1,2022-02-20 14:00:00,Benjamin Bourigeaud,Pass
186,458741,13,Goal,0.9690000152587891,0.5,0.6914380192756653,Serhou Guirassy,h,3738,FromCorner,2021,RightFoot,18063,Rennes,Troyes,4,1,2022-02-20 14:00:00,,None
187,458744,19,Goal,0.9380000305175781,0.5059999847412109,0.14240199327468872,Serhou Guirassy,h,3738,SetPiece,2021,Head,18063,Rennes,Troyes,4,1,2022-02-20 14:00:00,Birger Meling,Cross
188,459435,91,SavedShot,0.8830000305175781,0.4540000152587891,0.1365160048007965,Serhou Guirassy,a,3738,OpenPlay,2021,RightFoot,18073,Montpellier,Rennes,2,4,2022-02-25 20:00:00,Jéremy Doku,Pass
189,461539,14,SavedShot,0.9330000305175781,0.3659999847412109,0.34557101130485535,Serhou Guirassy,h,3738,OpenPlay,2021,RightFoot,18083,Rennes,Angers,2,0,2022-03-06 14:00:00,Hamari Traore,Throughball
190,461541,22,BlockedShot,0.7980000305175782,0.3189999961853027,0.026790300384163857,Serhou Guirassy,h,3738,OpenPlay,2021,LeftFoot,18083,Rennes,Angers,2,0,2022-03-06 14:00:00,Benjamin Bourigeaud,BallTouch
191,461543,28,MissedShots,0.7630000305175781,0.4879999923706055,0.028315000236034393,Serhou Guirassy,h,3738,OpenPlay,2021,RightFoot,18083,Rennes,Angers,2,0,2022-03-06 14:00:00,,Interception
192,461547,40,BlockedShot,0.7859999847412109,0.6669999694824219,0.029031500220298767,Serhou Guirassy,h,3738,OpenPlay,2021,RightFoot,18083,Rennes,Angers,2,0,2022-03-06 14:00:00,Martin Terrier,Pass
193,464430,10,SavedShot,0.9390000152587891,0.26,0.03491650149226189,Serhou Guirassy,h,3738,OpenPlay,2021,RightFoot,18109,Rennes,Metz,6,1,2022-03-20 14:00:00,Lovro Majer,Pass
194,464434,36,ShotOnPost,0.9069999694824219,0.3370000076293945,0.09219390153884888,Serhou Guirassy,h,3738,OpenPlay,2021,RightFoot,18109,Rennes,Metz,6,1,2022-03-20 14:00:00,Benjamin Bourigeaud,Pass
195,464437,39,Goal,0.89,0.48700000762939455,0.4818040132522583,Serhou Guirassy,h,3738,OpenPlay,2021,RightFoot,18109,Rennes,Metz,6,1,2022-03-20 14:00:00,Benjamin Bourigeaud,Pass
196,464440,49,MissedShots,0.9219999694824219,0.44799999237060545,0.053986698389053345,Serhou Guirassy,h,3738,SetPiece,2021,Head,18109,Rennes,Metz,6,1,2022-03-20 14:00:00,Lovro Majer,Aerial
197,464441,50,MissedShots,0.8069999694824219,0.3729999923706055,0.052400100976228714,Serhou Guirassy,h,3738,OpenPlay,2021,RightFoot,18109,Rennes,Metz,6,1,2022-03-20 14:00:00,Martin Terrier,BallRecovery
198,464444,53,Goal,0.9259999847412109,0.5570000076293945,0.5488799810409546,Serhou Guirassy,h,3738,OpenPlay,2021,LeftFoot,18109,Rennes,Metz,6,1,2022-03-20 14:00:00,Hamari Traore,Rebound
199,464449,63,Goal,0.9490000152587891,0.44099998474121094,0.3769190013408661,Serhou Guirassy,h,3738,FromCorner,2021,RightFoot,18109,Rennes,Metz,6,1,2022-03-20 14:00:00,Benjamin Bourigeaud,Cross
200,465368,83,BlockedShot,0.674000015258789,0.5820000076293945,0.009328760206699371,Serhou Guirassy,a,3738,OpenPlay,2021,RightFoot,18117,Nice,Rennes,1,1,2022-04-02 15:00:00,,None
201,465372,92,BlockedShot,0.9440000152587891,0.45799999237060546,0.07452449947595596,Serhou Guirassy,a,3738,FromCorner,2021,Head,18117,Nice,Rennes,1,1,2022-04-02 15:00:00,Lovro Majer,Aerial
202,467865,70,MissedShots,0.955,0.47900001525878905,0.6355080008506775,Serhou Guirassy,h,3738,OpenPlay,2021,LeftFoot,18139,Rennes,Monaco,2,3,2022-04-15 19:00:00,,Rebound
203,467868,79,BlockedShot,0.8219999694824218,0.590999984741211,0.06186540052294731,Serhou Guirassy,h,3738,OpenPlay,2021,RightFoot,18139,Rennes,Monaco,2,3,2022-04-15 19:00:00,Flavien Tait,Pass
204,467870,88,BlockedShot,0.965,0.5629999923706055,0.15098300576210022,Serhou Guirassy,h,3738,OpenPlay,2021,Head,18139,Rennes,Monaco,2,3,2022-04-15 19:00:00,Loum Tchaouna,Cross
205,469534,92,BlockedShot,0.9590000152587891,0.5820000076293945,0.12622599303722382,Serhou Guirassy,a,3738,OpenPlay,2021,LeftFoot,18150,Strasbourg,Rennes,2,1,2022-04-20 19:00:00,Adrien Truffert,Pass
206,471939,82,SavedShot,0.8730000305175781,0.5329999923706055,0.11618900299072266,Serhou Guirassy,h,3738,OpenPlay,2021,LeftFoot,18167,Rennes,Saint-Etienne,2,0,2022-04-30 19:00:00,Martin Terrier,Pass
207,477509,92,Goal,0.9569999694824218,0.48700000762939455,0.5492979884147644,Serhou Guirassy,a,3738,OpenPlay,2021,Head,18193,Lille,Rennes,2,2,2022-05-21 19:00:00,Adrien Truffert,Cross
208,479835,77,SavedShot,0.93,0.34900001525878904,0.28078800439834595,Serhou Guirassy,h,3738,OpenPlay,2022,RightFoot,19656,Rennes,Lorient,0,1,2022-08-07 15:05:00,Jéremy Doku,Pass
209,479838,81,BlockedShot,0.9290000152587891,0.34,0.059251099824905396,Serhou Guirassy,h,3738,OpenPlay,2022,RightFoot,19656,Rennes,Lorient,0,1,2022-08-07 15:05:00,Désiré Doué,Rebound
210,487395,37,MissedShots,0.750999984741211,0.6990000152587891,0.015838399529457092,Serhou Guirassy,a,3738,OpenPlay,2022,RightFoot,19388,Bayern Munich,VfB Stuttgart,2,2,2022-09-10 13:30:00,Borna Sosa,Pass
211,487407,73,BlockedShot,0.7809999847412109,0.5179999923706055,0.03224769979715347,Serhou Guirassy,a,3738,OpenPlay,2022,RightFoot,19388,Bayern Munich,VfB Stuttgart,2,2,2022-09-10 13:30:00,,None
212,487413,91,Goal,0.885,0.5,0.7577769756317139,Serhou Guirassy,a,3738,Penalty,2022,RightFoot,19388,Bayern Munich,VfB Stuttgart,2,2,2022-09-10 13:30:00,,Standard
213,488693,92,MissedShots,0.9130000305175782,0.45099998474121095,0.09277179837226868,Serhou Guirassy,h,3738,OpenPlay,2022,Head,19400,VfB Stuttgart,Eintracht Frankfurt,1,3,2022-09-17 13:30:00,Borna Sosa,Cross
214,489997,21,Goal,0.9540000152587891,0.509000015258789,0.6668480038642883,Serhou Guirassy,a,3738,OpenPlay,2022,LeftFoot,19410,Wolfsburg,VfB Stuttgart,3,2,2022-10-01 13:30:00,Hiroki Ito,Pass
215,492478,33,MissedShots,0.9480000305175781,0.485,0.5320460200309753,Serhou Guirassy,h,3738,OpenPlay,2022,Head,19421,VfB Stuttgart,Union Berlin,0,1,2022-10-09 17:30:00,Tiago Tomás,Aerial
216,494998,36,BlockedShot,0.8690000152587891,0.3160000038146973,0.050638098269701004,Serhou Guirassy,a,3738,OpenPlay,2022,RightFoot,19432,Borussia Dortmund,VfB Stuttgart,5,0,2022-10-22 13:30:00,Naouirou Ahamada,Pass
217,496371,1,MissedShots,0.7959999847412109,0.5979999923706054,0.02956159971654415,Serhou Guirassy,h,3738,OpenPlay,2022,LeftFoot,19447,VfB Stuttgart,Augsburg,2,1,2022-10-29 13:30:00,Hiroki Ito,Pass
218,496374,14,Goal,0.9459999847412109,0.45799999237060546,0.3742409944534302,Serhou Guirassy,h,3738,OpenPlay,2022,Head,19447,VfB Stuttgart,Augsburg,2,1,2022-10-29 13:30:00,Borna Sosa,Cross
219,496396,74,BlockedShot,0.8719999694824219,0.5259999847412109,0.1098409965634346,Serhou Guirassy,h,3738,OpenPlay,2022,RightFoot,19447,VfB Stuttgart,Augsburg,2,1,2022-10-29 13:30:00,Luca Pfeiffer,Pass
220,496397,74,MissedShots,0.88,0.4470000076293945,0.09702499955892563,Serhou Guirassy,h,3738,OpenPlay,2022,RightFoot,19447,VfB Stuttgart,Augsburg,2,1,2022-10-29 13:30:00,,Rebound
221,496398,75,MissedShots,0.875999984741211,0.55,0.09216920286417007,Serhou Guirassy,h,3738,OpenPlay,2022,RightFoot,19447,VfB Stuttgart,Augsburg,2,1,2022-10-29 13:30:00,Luca Pfeiffer,BallTouch
222,496404,84,BlockedShot,0.889000015258789,0.7369999694824219,0.027312099933624268,Serhou Guirassy,h,3738,OpenPlay,2022,RightFoot,19447,VfB Stuttgart,Augsburg,2,1,2022-10-29 13:30:00,Florian Müller,TakeOn
223,497647,10,MissedShots,0.8930000305175781,0.49,0.06679119914770126,Serhou Guirassy,a,3738,OpenPlay,2022,Head,19453,Borussia M.Gladbach,VfB Stuttgart,3,1,2022-11-04 18:30:00,Borna Sosa,Cross
224,497650,19,SavedShot,0.85,0.6630000305175782,0.05206120014190674,Serhou Guirassy,a,3738,OpenPlay,2022,LeftFoot,19453,Borussia M.Gladbach,VfB Stuttgart,3,1,2022-11-04 18:30:00,Naouirou Ahamada,Pass
225,497666,82,SavedShot,0.9619999694824218,0.4640000152587891,0.5640289783477783,Serhou Guirassy,a,3738,OpenPlay,2022,RightFoot,19453,Borussia M.Gladbach,VfB Stuttgart,3,1,2022-11-04 18:30:00,Tiago Tomás,Cross
226,499192,2,Goal,0.8530000305175781,0.44299999237060544,0.3277119994163513,Serhou Guirassy,h,3738,OpenPlay,2022,RightFoot,19466,VfB Stuttgart,Hertha Berlin,2,1,2022-11-08 19:30:00,Tiago Tomás,Throughball
227,499200,32,BlockedShot,0.7880000305175782,0.47,0.03317460045218468,Serhou Guirassy,h,3738,OpenPlay,2022,RightFoot,19466,VfB Stuttgart,Hertha Berlin,2,1,2022-11-08 19:30:00,Silas Wamangituka,Pass
228,500085,58,MissedShots,0.935,0.5720000076293945,0.043327800929546356,Serhou Guirassy,a,3738,OpenPlay,2022,Head,19468,Bayer Leverkusen,VfB Stuttgart,2,0,2022-11-12 14:30:00,Waldemar Anton,Aerial
229,500091,87,MissedShots,0.870999984741211,0.4279999923706055,0.0750282034277916,Serhou Guirassy,a,3738,OpenPlay,2022,RightFoot,19468,Bayer Leverkusen,VfB Stuttgart,2,0,2022-11-12 14:30:00,,BallTouch
230,504507,34,BlockedShot,0.7169999694824218,0.615,0.013899100013077259,Serhou Guirassy,h,3738,OpenPlay,2022,RightFoot,19485,VfB Stuttgart,Mainz 05,1,1,2023-01-21 14:30:00,Wataru Endo,BallRecovery
231,504508,34,SavedShot,0.889000015258789,0.42400001525878905,0.39099401235580444,Serhou Guirassy,h,3738,OpenPlay,2022,RightFoot,19485,VfB Stuttgart,Mainz 05,1,1,2023-01-21 14:30:00,Tiago Tomás,Dispossessed
232,504509,35,Goal,0.8690000152587891,0.48,0.3894230127334595,Serhou Guirassy,h,3738,OpenPlay,2022,RightFoot,19485,VfB Stuttgart,Mainz 05,1,1,2023-01-21 14:30:00,Wataru Endo,Throughball
233,504513,52,MissedShots,0.8809999847412109,0.5479999923706055,0.09954290091991425,Serhou Guirassy,h,3738,OpenPlay,2022,LeftFoot,19485,VfB Stuttgart,Mainz 05,1,1,2023-01-21 14:30:00,,Rebound
234,504517,59,ShotOnPost,0.8380000305175781,0.5070000076293946,0.08346769958734512,Serhou Guirassy,h,3738,OpenPlay,2022,RightFoot,19485,VfB Stuttgart,Mainz 05,1,1,2023-01-21 14:30:00,Waldemar Anton,Pass
235,505360,9,MissedShots,0.7090000152587891,0.40799999237060547,0.013607500120997429,Serhou Guirassy,a,3738,OpenPlay,2022,RightFoot,19490,Hoffenheim,VfB Stuttgart,2,2,2023-01-24 19:30:00,,BallRecovery
236,505367,49,Goal,0.865999984741211,0.42700000762939455,0.3738049864768982,Serhou Guirassy,a,3738,OpenPlay,2022,RightFoot,19490,Hoffenheim,VfB Stuttgart,2,2,2023-01-24 19:30:00,Naouirou Ahamada,Throughball
237,507654,2,SavedShot,0.7780000305175782,0.514000015258789,0.033894799649715424,Serhou Guirassy,h,3738,OpenPlay,2022,RightFoot,19512,VfB Stuttgart,Werder Bremen,0,2,2023-02-05 14:30:00,Chris Führich,Pass
238,507656,8,SavedShot,0.9219999694824219,0.740999984741211,0.29302799701690674,Serhou Guirassy,h,3738,OpenPlay,2022,RightFoot,19512,VfB Stuttgart,Werder Bremen,0,2,2023-02-05 14:30:00,,BallRecovery
239,516261,74,BlockedShot,0.8880000305175781,0.5209999847412109,0.33254700899124146,Serhou Guirassy,a,3738,OpenPlay,2022,RightFoot,19567,Union Berlin,VfB Stuttgart,3,0,2023-04-01 13:30:00,Wataru Endo,Pass
240,516262,75,SavedShot,0.6759999847412109,0.49700000762939456,0.03276690095663071,Serhou Guirassy,a,3738,DirectFreekick,2022,RightFoot,19567,Union Berlin,VfB Stuttgart,3,0,2023-04-01 13:30:00,,Standard
241,516267,83,MissedShots,0.9059999847412109,0.580999984741211,0.3114300072193146,Serhou Guirassy,a,3738,OpenPlay,2022,RightFoot,19567,Union Berlin,VfB Stuttgart,3,0,2023-04-01 13:30:00,,Rebound
242,518797,59,Goal,0.975,0.47,0.6168580055236816,Serhou Guirassy,a,3738,OpenPlay,2022,RightFoot,19582,Bochum,VfB Stuttgart,2,3,2023-04-09 15:30:00,Borna Sosa,Cross
243,519316,17,MissedShots,0.85,0.525,0.06434690207242966,Serhou Guirassy,h,3738,OpenPlay,2022,LeftFoot,19591,VfB Stuttgart,Borussia Dortmund,3,3,2023-04-15 13:30:00,Joshua Vagnoman,HeadPass
244,519319,29,SavedShot,0.9269999694824219,0.5820000076293945,0.6192910075187683,Serhou Guirassy,h,3738,OpenPlay,2022,RightFoot,19591,VfB Stuttgart,Borussia Dortmund,3,3,2023-04-15 13:30:00,Chris Führich,Pass
245,519330,71,BlockedShot,0.769000015258789,0.6090000152587891,0.07454320043325424,Serhou Guirassy,h,3738,DirectFreekick,2022,RightFoot,19591,VfB Stuttgart,Borussia Dortmund,3,3,2023-04-15 13:30:00,,Standard
246,522706,21,Goal,0.9830000305175781,0.51,0.9523155093193054,Serhou Guirassy,h,3738,OpenPlay,2022,RightFoot,19610,VfB Stuttgart,Borussia M.Gladbach,2,1,2023-04-29 13:30:00,Waldemar Anton,Rebound
247,522715,46,BlockedShot,0.8469999694824218,0.5870000076293945,0.08823103457689285,Serhou Guirassy,h,3738,OpenPlay,2022,RightFoot,19610,VfB Stuttgart,Borussia M.Gladbach,2,1,2023-04-29 13:30:00,Borna Sosa,Pass
248,524533,6,SavedShot,0.8169999694824219,0.485,0.06469498574733734,Serhou Guirassy,a,3738,OpenPlay,2022,LeftFoot,19619,Hertha Berlin,VfB Stuttgart,2,1,2023-05-06 13:30:00,Joshua Vagnoman,Pass
249,524537,19,BlockedShot,0.8880000305175781,0.46599998474121096,0.016103051602840424,Serhou Guirassy,a,3738,FromCorner,2022,Head,19619,Hertha Berlin,VfB Stuttgart,2,1,2023-05-06 13:30:00,Borna Sosa,Aerial
250,524536,19,BlockedShot,0.775,0.3970000076293945,0.08111591637134552,Serhou Guirassy,a,3738,DirectFreekick,2022,RightFoot,19619,Hertha Berlin,VfB Stuttgart,2,1,2023-05-06 13:30:00,,Standard
251,524542,37,Goal,0.9540000152587891,0.46799999237060547,0.6002140641212463,Serhou Guirassy,a,3738,OpenPlay,2022,RightFoot,19619,Hertha Berlin,VfB Stuttgart,2,1,2023-05-06 13:30:00,Joshua Vagnoman,Pass
252,526590,34,MissedShots,0.8080000305175781,0.7169999694824218,0.023022815585136414,Serhou Guirassy,h,3738,OpenPlay,2022,RightFoot,19629,VfB Stuttgart,Bayer Leverkusen,1,1,2023-05-14 13:30:00,Silas Wamangituka,Pass
253,526596,56,Goal,0.885,0.5,0.75777667760849,Serhou Guirassy,h,3738,Penalty,2022,RightFoot,19629,VfB Stuttgart,Bayer Leverkusen,1,1,2023-05-14 13:30:00,,Standard
254,526599,70,MissedShots,0.955,0.57,0.11569207161664963,Serhou Guirassy,h,3738,FromCorner,2022,Head,19629,VfB Stuttgart,Bayer Leverkusen,1,1,2023-05-14 13:30:00,Borna Sosa,Cross
255,528026,63,Goal,0.9580000305175781,0.5220000076293946,0.49882063269615173,Serhou Guirassy,a,3738,FromCorner,2022,Head,19633,Mainz 05,VfB Stuttgart,1,4,2023-05-21 13:30:00,Chris Führich,Cross
256,528029,75,SavedShot,0.805,0.48900001525878906,0.14267733693122864,Serhou Guirassy,a,3738,DirectFreekick,2022,RightFoot,19633,Mainz 05,VfB Stuttgart,1,4,2023-05-21 13:30:00,,Standard
257,528985,39,MissedShots,0.8830000305175781,0.435,0.3751312494277954,Serhou Guirassy,h,3738,OpenPlay,2022,RightFoot,19647,VfB Stuttgart,Hoffenheim,1,1,2023-05-27 13:30:00,Silas Wamangituka,Throughball
258,528988,62,MissedShots,0.9540000152587891,0.5429999923706055,0.4572634696960449,Serhou Guirassy,h,3738,FromCorner,2022,Head,19647,VfB Stuttgart,Hoffenheim,1,1,2023-05-27 13:30:00,Chris Führich,Cross
259,532988,17,Goal,0.8119999694824219,0.46599998474121096,0.32639244198799133,Serhou Guirassy,h,3738,OpenPlay,2023,RightFoot,23070,VfB Stuttgart,Bochum,5,0,2023-08-19 13:30:00,Hiroki Ito,Throughball
260,532995,47,MissedShots,0.835999984741211,0.575,0.07651099562644958,Serhou Guirassy,h,3738,OpenPlay,2023,LeftFoot,23070,VfB Stuttgart,Bochum,5,0,2023-08-19 13:30:00,Hiroki Ito,Pass
261,532997,53,MissedShots,0.914000015258789,0.4929999923706055,0.05179261788725853,Serhou Guirassy,h,3738,FromCorner,2023,Head,23070,VfB Stuttgart,Bochum,5,0,2023-08-19 13:30:00,,None
262,533006,76,Goal,0.9009999847412109,0.345,0.40605586767196655,Serhou Guirassy,h,3738,OpenPlay,2023,RightFoot,23070,VfB Stuttgart,Bochum,5,0,2023-08-19 13:30:00,Pascal Stenzel,Throughball
263,534327,6,MissedShots,0.9169999694824219,0.649000015258789,0.2997133433818817,Serhou Guirassy,a,3738,OpenPlay,2023,RightFoot,23074,RasenBallsport Leipzig,VfB Stuttgart,5,1,2023-08-25 18:30:00,,Rebound
264,534333,34,Goal,0.8830000305175781,0.4470000076293945,0.35932376980781555,Serhou Guirassy,a,3738,OpenPlay,2023,LeftFoot,23074,RasenBallsport Leipzig,VfB Stuttgart,5,1,2023-08-25 18:30:00,Atakan Karazor,BallRecovery
265,534332,34,MissedShots,0.9359999847412109,0.555,0.37918344140052795,Serhou Guirassy,a,3738,OpenPlay,2023,Head,23074,RasenBallsport Leipzig,VfB Stuttgart,5,1,2023-08-25 18:30:00,Chris Führich,Cross
266,536034,16,Goal,0.799000015258789,0.645,0.038554783910512924,Serhou Guirassy,h,3738,OpenPlay,2023,RightFoot,23088,VfB Stuttgart,Freiburg,5,0,2023-09-02 13:30:00,Silas Wamangituka,Pass
267,536036,18,Goal,0.9590000152587891,0.48200000762939454,0.5714867115020752,Serhou Guirassy,h,3738,OpenPlay,2023,RightFoot,23088,VfB Stuttgart,Freiburg,5,0,2023-09-02 13:30:00,Hiroki Ito,Cross
268,536044,54,MissedShots,0.8540000152587891,0.4640000152587891,0.12265101820230484,Serhou Guirassy,h,3738,OpenPlay,2023,RightFoot,23088,VfB Stuttgart,Freiburg,5,0,2023-09-02 13:30:00,Silas Wamangituka,Pass
269,537467,16,MissedShots,0.9159999847412109,0.524000015258789,0.057998038828372955,Serhou Guirassy,a,3738,OpenPlay,2023,Head,23096,Mainz 05,VfB Stuttgart,1,3,2023-09-16 13:30:00,,Aerial
270,537470,40,BlockedShot,0.67,0.48900001525878906,0.03127496689558029,Serhou Guirassy,a,3738,DirectFreekick,2023,RightFoot,23096,Mainz 05,VfB Stuttgart,1,3,2023-09-16 13:30:00,,Standard
271,537478,55,Goal,0.935,0.3609999847412109,0.22002863883972168,Serhou Guirassy,a,3738,OpenPlay,2023,RightFoot,23096,Mainz 05,VfB Stuttgart,1,3,2023-09-16 13:30:00,Waldemar Anton,Pass
272,537485,83,Goal,0.9409999847412109,0.6619999694824219,0.29905402660369873,Serhou Guirassy,a,3738,OpenPlay,2023,LeftFoot,23096,Mainz 05,VfB Stuttgart,1,3,2023-09-16 13:30:00,Maximilian Mittelstädt,TakeOn
273,537491,96,Goal,0.865999984741211,0.47200000762939454,0.38786929845809937,Serhou Guirassy,a,3738,OpenPlay,2023,Head,23096,Mainz 05,VfB Stuttgart,1,3,2023-09-16 13:30:00,Deniz Undav,TakeOn
274,538759,31,Goal,0.815,0.3220000076293945,0.031040890142321587,Serhou Guirassy,h,3738,OpenPlay,2023,RightFoot,23101,VfB Stuttgart,Darmstadt,3,1,2023-09-22 18:30:00,Chris Führich,Pass
275,538760,38,SavedShot,0.9059999847412109,0.485,0.3654755651950836,Serhou Guirassy,h,3738,OpenPlay,2023,LeftFoot,23101,VfB Stuttgart,Darmstadt,3,1,2023-09-22 18:30:00,Pascal Stenzel,Cross
276,538764,52,BlockedShot,0.909000015258789,0.47,0.49561169743537903,Serhou Guirassy,h,3738,OpenPlay,2023,RightFoot,23101,VfB Stuttgart,Darmstadt,3,1,2023-09-22 18:30:00,Enzo Millot,Pass
277,538766,65,MissedShots,0.9069999694824219,0.605,0.1176663413643837,Serhou Guirassy,h,3738,OpenPlay,2023,RightFoot,23101,VfB Stuttgart,Darmstadt,3,1,2023-09-22 18:30:00,Chris Führich,Pass
278,538767,66,SavedShot,0.9259999847412109,0.674000015258789,0.14894846081733704,Serhou Guirassy,h,3738,OpenPlay,2023,LeftFoot,23101,VfB Stuttgart,Darmstadt,3,1,2023-09-22 18:30:00,Chris Führich,TakeOn
279,538774,91,Goal,0.904000015258789,0.415,0.406551718711853,Serhou Guirassy,h,3738,OpenPlay,2023,RightFoot,23101,VfB Stuttgart,Darmstadt,3,1,2023-09-22 18:30:00,Pascal Stenzel,Throughball
280,540925,6,ShotOnPost,0.950999984741211,0.5059999847412109,0.08477333188056946,Serhou Guirassy,a,3738,FromCorner,2023,Head,23115,FC Cologne,VfB Stuttgart,0,2,2023-09-30 13:30:00,Chris Führich,Aerial
281,540934,41,MissedShots,0.9590000152587891,0.5270000076293946,0.15057231485843658,Serhou Guirassy,a,3738,OpenPlay,2023,Head,23115,FC Cologne,VfB Stuttgart,0,2,2023-09-30 13:30:00,Jamie Leweling,Cross
282,540936,50,MissedShots,0.8809999847412109,0.43,0.022231450304389,Serhou Guirassy,a,3738,OpenPlay,2023,Head,23115,FC Cologne,VfB Stuttgart,0,2,2023-09-30 13:30:00,Hiroki Ito,Aerial
283,542548,47,BlockedShot,0.855999984741211,0.4809999847412109,0.08253701776266098,Serhou Guirassy,h,3738,OpenPlay,2023,LeftFoot,23123,VfB Stuttgart,Wolfsburg,3,1,2023-10-07 13:30:00,Waldemar Anton,Pass
284,542550,53,SavedShot,0.845,0.35200000762939454,0.10206230729818344,Serhou Guirassy,h,3738,OpenPlay,2023,RightFoot,23123,VfB Stuttgart,Wolfsburg,3,1,2023-10-07 13:30:00,Enzo Millot,Throughball
285,542556,66,Goal,0.885,0.5,0.75777667760849,Serhou Guirassy,h,3738,Penalty,2023,RightFoot,23123,VfB Stuttgart,Wolfsburg,3,1,2023-10-07 13:30:00,,Standard
286,542562,77,Goal,0.9730000305175781,0.54,0.9708579778671265,Serhou Guirassy,h,3738,OpenPlay,2023,RightFoot,23123,VfB Stuttgart,Wolfsburg,3,1,2023-10-07 13:30:00,Chris Führich,TakeOn
287,542561,77,SavedShot,0.835,0.49599998474121093,0.06629718840122223,Serhou Guirassy,h,3738,OpenPlay,2023,RightFoot,23123,VfB Stuttgart,Wolfsburg,3,1,2023-10-07 13:30:00,Enzo Millot,Chipped
288,542563,81,Goal,0.925,0.48,0.5514553189277649,Serhou Guirassy,h,3738,OpenPlay,2023,RightFoot,23123,VfB Stuttgart,Wolfsburg,3,1,2023-10-07 13:30:00,,TakeOn
289,543965,15,Goal,0.9130000305175782,0.47400001525878904,0.3754783570766449,Serhou Guirassy,a,3738,OpenPlay,2023,Head,23129,Union Berlin,VfB Stuttgart,0,3,2023-10-21 13:30:00,Anthony Rouault,Throughball
290,548339,82,Goal,0.885,0.5,0.75777667760849,Serhou Guirassy,h,3738,Penalty,2023,RightFoot,23162,VfB Stuttgart,Borussia Dortmund,2,1,2023-11-11 14:30:00,,Standard
291,550004,81,MissedShots,0.88,0.3320000076293945,0.4788881838321686,Serhou Guirassy,a,3738,OpenPlay,2023,RightFoot,23167,Eintracht Frankfurt,VfB Stuttgart,1,2,2023-11-25 17:30:00,Enzo Millot,Throughball
292,551263,15,SavedShot,0.914000015258789,0.38799999237060545,0.12167923897504807,Serhou Guirassy,h,3738,OpenPlay,2023,RightFoot,23180,VfB Stuttgart,Werder Bremen,2,0,2023-12-02 17:30:00,Silas Wamangituka,Throughball
293,551266,18,BlockedShot,0.8530000305175781,0.509000015258789,0.07083539664745331,Serhou Guirassy,h,3738,OpenPlay,2023,RightFoot,23180,VfB Stuttgart,Werder Bremen,2,0,2023-12-02 17:30:00,Atakan Karazor,Cross
294,551270,39,MissedShots,0.9530000305175781,0.3529999923706055,0.3233814537525177,Serhou Guirassy,h,3738,OpenPlay,2023,RightFoot,23180,VfB Stuttgart,Werder Bremen,2,0,2023-12-02 17:30:00,Silas Wamangituka,Pass
295,551271,42,MissedShots,0.89,0.54,0.13441802561283112,Serhou Guirassy,h,3738,OpenPlay,2023,RightFoot,23180,VfB Stuttgart,Werder Bremen,2,0,2023-12-02 17:30:00,Deniz Undav,Pass
296,551275,50,MissedShots,0.9059999847412109,0.669000015258789,0.3390597999095917,Serhou Guirassy,h,3738,OpenPlay,2023,RightFoot,23180,VfB Stuttgart,Werder Bremen,2,0,2023-12-02 17:30:00,Silas Wamangituka,Throughball
297,551277,60,BlockedShot,0.879000015258789,0.3089999961853027,0.0586155503988266,Serhou Guirassy,h,3738,OpenPlay,2023,RightFoot,23180,VfB Stuttgart,Werder Bremen,2,0,2023-12-02 17:30:00,Silas Wamangituka,Pass
298,551280,74,Goal,0.885,0.5,0.75777667760849,Serhou Guirassy,h,3738,Penalty,2023,RightFoot,23180,VfB Stuttgart,Werder Bremen,2,0,2023-12-02 17:30:00,,Standard
299,553548,6,SavedShot,0.715999984741211,0.625999984741211,0.04162650555372238,Serhou Guirassy,h,3738,DirectFreekick,2023,RightFoot,23189,VfB Stuttgart,Bayer Leverkusen,1,1,2023-12-10 14:30:00,,Standard
300,553554,14,BlockedShot,0.7480000305175781,0.47099998474121096,0.041586920619010925,Serhou Guirassy,h,3738,OpenPlay,2023,RightFoot,23189,VfB Stuttgart,Bayer Leverkusen,1,1,2023-12-10 14:30:00,Waldemar Anton,Pass
301,553558,24,SavedShot,0.875,0.509000015258789,0.3255670964717865,Serhou Guirassy,h,3738,OpenPlay,2023,RightFoot,23189,VfB Stuttgart,Bayer Leverkusen,1,1,2023-12-10 14:30:00,Chris Führich,Pass
302,555040,12,BlockedShot,0.855,0.4759999847412109,0.08491446077823639,Serhou Guirassy,a,3738,OpenPlay,2023,RightFoot,23191,Bayern Munich,VfB Stuttgart,3,0,2023-12-17 18:30:00,Enzo Millot,Pass
303,555661,7,SavedShot,0.7369999694824219,0.610999984741211,0.0217091403901577,Serhou Guirassy,h,3738,OpenPlay,2023,RightFoot,23207,VfB Stuttgart,Augsburg,3,0,2023-12-20 19:30:00,Deniz Undav,Pass
304,555670,45,MissedShots,0.9459999847412109,0.5320000076293945,0.6127101182937622,Serhou Guirassy,h,3738,OpenPlay,2023,LeftFoot,23207,VfB Stuttgart,Augsburg,3,0,2023-12-20 19:30:00,,Rebound
305,555671,45,Goal,0.815,0.43200000762939456,0.2371443659067154,Serhou Guirassy,h,3738,OpenPlay,2023,RightFoot,23207,VfB Stuttgart,Augsburg,3,0,2023-12-20 19:30:00,Deniz Undav,BallRecovery
306,563071,69,SavedShot,0.8090000152587891,0.46,0.07504554837942123,Serhou Guirassy,h,3738,OpenPlay,2023,RightFoot,23253,VfB Stuttgart,Mainz 05,3,1,2024-02-11 14:30:00,Atakan Karazor,Pass
307,563801,13,Goal,0.9769999694824218,0.4979999923706055,0.7249943017959595,Serhou Guirassy,a,3738,FromCorner,2023,Head,23262,Darmstadt,VfB Stuttgart,1,2,2024-02-17 14:30:00,Waldemar Anton,HeadPass
308,565047,16,MissedShots,0.9,0.5220000076293946,0.042176831513643265,Serhou Guirassy,h,3738,OpenPlay,2023,Head,23263,VfB Stuttgart,FC Cologne,1,1,2024-02-24 14:30:00,Woo-Yeong Jeong,Aerial
309,565048,18,BlockedShot,0.9119999694824219,0.34599998474121096,0.06747036427259445,Serhou Guirassy,h,3738,OpenPlay,2023,RightFoot,23263,VfB Stuttgart,FC Cologne,1,1,2024-02-24 14:30:00,,None
310,565052,39,BlockedShot,0.784000015258789,0.3729999923706055,0.08612150698900223,Serhou Guirassy,h,3738,OpenPlay,2023,RightFoot,23263,VfB Stuttgart,FC Cologne,1,1,2024-02-24 14:30:00,Hiroki Ito,Chipped
311,565064,79,BlockedShot,0.9680000305175781,0.5,0.16566328704357147,Serhou Guirassy,h,3738,OpenPlay,2023,RightFoot,23263,VfB Stuttgart,FC Cologne,1,1,2024-02-24 14:30:00,Chris Führich,Pass
312,565063,79,BlockedShot,0.95,0.5509999847412109,0.10121277719736099,Serhou Guirassy,h,3738,OpenPlay,2023,Head,23263,VfB Stuttgart,FC Cologne,1,1,2024-02-24 14:30:00,Enzo Millot,Aerial
313,566861,13,Goal,0.89,0.5159999847412109,0.03922091796994209,Serhou Guirassy,a,3738,OpenPlay,2023,Head,23274,Wolfsburg,VfB Stuttgart,2,3,2024-03-02 17:30:00,Maximilian Mittelstädt,Aerial
314,566868,53,Goal,0.885,0.5,0.75777667760849,Serhou Guirassy,a,3738,Penalty,2023,RightFoot,23274,Wolfsburg,VfB Stuttgart,2,3,2024-03-02 17:30:00,,Standard
315,566869,62,BlockedShot,0.8,0.44299999237060544,0.08304672688245773,Serhou Guirassy,a,3738,OpenPlay,2023,RightFoot,23274,Wolfsburg,VfB Stuttgart,2,3,2024-03-02 17:30:00,Joshua Vagnoman,Pass
316,567623,18,Goal,0.8719999694824219,0.355,0.3303201496601105,Serhou Guirassy,h,3738,OpenPlay,2023,RightFoot,23289,VfB Stuttgart,Union Berlin,2,0,2024-03-08 19:30:00,Atakan Karazor,Throughball
317,569603,25,MissedShots,0.7909999847412109,0.4370000076293945,0.13156944513320923,Serhou Guirassy,a,3738,OpenPlay,2023,RightFoot,23296,Hoffenheim,VfB Stuttgart,0,3,2024-03-16 17:30:00,Deniz Undav,Throughball
318,569606,37,MissedShots,0.8640000152587891,0.4829999923706055,0.08621226996183395,Serhou Guirassy,a,3738,OpenPlay,2023,LeftFoot,23296,Hoffenheim,VfB Stuttgart,0,3,2024-03-16 17:30:00,Maximilian Mittelstädt,Cross
319,569608,45,Goal,0.91,0.5670000076293945,0.45034173130989075,Serhou Guirassy,a,3738,OpenPlay,2023,LeftFoot,23296,Hoffenheim,VfB Stuttgart,0,3,2024-03-16 17:30:00,Deniz Undav,Throughball
320,569616,67,SavedShot,0.8669999694824219,0.36400001525878906,0.08804245293140411,Serhou Guirassy,a,3738,OpenPlay,2023,RightFoot,23296,Hoffenheim,VfB Stuttgart,0,3,2024-03-16 17:30:00,Atakan Karazor,Pass
321,571434,12,BlockedShot,0.8490000152587891,0.5479999923706055,0.06835007667541504,Serhou Guirassy,h,3738,OpenPlay,2023,LeftFoot,23307,VfB Stuttgart,FC Heidenheim,3,3,2024-03-31 16:30:00,,Rebound
322,571435,13,MissedShots,0.9169999694824219,0.500999984741211,0.09729008376598358,Serhou Guirassy,h,3738,FromCorner,2023,RightFoot,23307,VfB Stuttgart,FC Heidenheim,3,3,2024-03-31 16:30:00,Chris Führich,Cross
323,571436,16,SavedShot,0.9630000305175781,0.4329999923706055,0.41240593791007996,Serhou Guirassy,h,3738,OpenPlay,2023,Head,23307,VfB Stuttgart,FC Heidenheim,3,3,2024-03-31 16:30:00,Maximilian Mittelstädt,Chipped
324,571444,40,Goal,0.9740000152587891,0.46599998474121096,0.7676584124565125,Serhou Guirassy,h,3738,OpenPlay,2023,RightFoot,23307,VfB Stuttgart,FC Heidenheim,3,3,2024-03-31 16:30:00,Angelo Stiller,Pass
325,572575,1,MissedShots,0.9130000305175782,0.5270000076293946,0.03629135340452194,Serhou Guirassy,a,3738,FromCorner,2023,Head,23308,Borussia Dortmund,VfB Stuttgart,0,1,2024-04-06 16:30:00,Chris Führich,Aerial
326,572580,24,MissedShots,0.955999984741211,0.45099998474121095,0.5280788540840149,Serhou Guirassy,a,3738,OpenPlay,2023,Head,23308,Borussia Dortmund,VfB Stuttgart,0,1,2024-04-06 16:30:00,Maximilian Mittelstädt,Cross
327,572589,63,Goal,0.8719999694824219,0.4879999923706055,0.3865066170692444,Serhou Guirassy,a,3738,OpenPlay,2023,RightFoot,23308,Borussia Dortmund,VfB Stuttgart,0,1,2024-04-06 16:30:00,Jamie Leweling,Cross
328,572597,95,MissedShots,0.8580000305175781,0.385,0.5191044807434082,Serhou Guirassy,a,3738,OpenPlay,2023,RightFoot,23308,Borussia Dortmund,VfB Stuttgart,0,1,2024-04-06 16:30:00,Silas Wamangituka,Throughball
329,573940,3,BlockedShot,0.9009999847412109,0.325,0.0640464723110199,Serhou Guirassy,h,3738,OpenPlay,2023,RightFoot,23324,VfB Stuttgart,Eintracht Frankfurt,3,0,2024-04-13 16:30:00,Leonidas Stergiou,BallRecovery
330,573941,10,Goal,0.8469999694824218,0.6270000076293946,0.2819267213344574,Serhou Guirassy,h,3738,OpenPlay,2023,RightFoot,23324,VfB Stuttgart,Eintracht Frankfurt,3,0,2024-04-13 16:30:00,Angelo Stiller,Chipped
331,573946,31,SavedShot,0.9830000305175781,0.6509999847412109,0.13360781967639923,Serhou Guirassy,h,3738,OpenPlay,2023,RightFoot,23324,VfB Stuttgart,Eintracht Frankfurt,3,0,2024-04-13 16:30:00,Chris Führich,Throughball
332,575483,22,SavedShot,0.759000015258789,0.6379999923706055,0.06165517121553421,Serhou Guirassy,a,3738,DirectFreekick,2023,RightFoot,23333,Werder Bremen,VfB Stuttgart,2,1,2024-04-21 13:30:00,,Standard
333,575496,70,MissedShots,0.9540000152587891,0.519000015258789,0.5958298444747925,Serhou Guirassy,a,3738,OpenPlay,2023,RightFoot,23333,Werder Bremen,VfB Stuttgart,2,1,2024-04-21 13:30:00,Chris Führich,Goal
334,575499,75,MissedShots,0.845999984741211,0.500999984741211,0.07377108186483383,Serhou Guirassy,a,3738,OpenPlay,2023,LeftFoot,23333,Werder Bremen,VfB Stuttgart,2,1,2024-04-21 13:30:00,Silas Wamangituka,Pass
335,575502,97,BlockedShot,0.8780000305175781,0.5629999923706055,0.08069135248661041,Serhou Guirassy,a,3738,OpenPlay,2023,RightFoot,23333,Werder Bremen,VfB Stuttgart,2,1,2024-04-21 13:30:00,Waldemar Anton,Pass
336,576883,8,BlockedShot,0.725,0.39799999237060546,0.017440233379602432,Serhou Guirassy,a,3738,OpenPlay,2023,RightFoot,23338,Bayer Leverkusen,VfB Stuttgart,2,2,2024-04-27 16:30:00,Deniz Undav,Pass
337,576884,13,MissedShots,0.9059999847412109,0.49,0.11088068783283234,Serhou Guirassy,a,3738,OpenPlay,2023,Head,23338,Bayer Leverkusen,VfB Stuttgart,2,2,2024-04-27 16:30:00,Leonidas Stergiou,Cross
338,576893,48,BlockedShot,0.715999984741211,0.35,0.008580511435866356,Serhou Guirassy,a,3738,OpenPlay,2023,RightFoot,23338,Bayer Leverkusen,VfB Stuttgart,2,2,2024-04-27 16:30:00,Deniz Undav,TakeOn
339,576896,58,MissedShots,0.8419999694824218,0.46099998474121096,0.38310545682907104,Serhou Guirassy,a,3738,OpenPlay,2023,RightFoot,23338,Bayer Leverkusen,VfB Stuttgart,2,2,2024-04-27 16:30:00,Jamie Leweling,Pass
340,576902,71,MissedShots,0.9480000305175781,0.4779999923706055,0.6230877041816711,Serhou Guirassy,a,3738,OpenPlay,2023,RightFoot,23338,Bayer Leverkusen,VfB Stuttgart,2,2,2024-04-27 16:30:00,,None
341,576904,86,SavedShot,0.94,0.4979999923706055,0.6341111660003662,Serhou Guirassy,a,3738,OpenPlay,2023,LeftFoot,23338,Bayer Leverkusen,VfB Stuttgart,2,2,2024-04-27 16:30:00,Woo-Yeong Jeong,Pass
342,578234,20,MissedShots,0.7290000152587891,0.4909999847412109,0.021693967282772064,Serhou Guirassy,h,3738,OpenPlay,2023,RightFoot,23351,VfB Stuttgart,Bayern Munich,3,1,2024-05-04 13:30:00,Anthony Rouault,Pass
343,578236,27,BlockedShot,0.895,0.5729999923706055,0.3985185921192169,Serhou Guirassy,h,3738,OpenPlay,2023,RightFoot,23351,VfB Stuttgart,Bayern Munich,3,1,2024-05-04 13:30:00,,None
344,578250,46,SavedShot,0.9359999847412109,0.585,0.05016270652413368,Serhou Guirassy,h,3738,OpenPlay,2023,Head,23351,VfB Stuttgart,Bayern Munich,3,1,2024-05-04 13:30:00,Atakan Karazor,Aerial
345,578262,89,SavedShot,0.909000015258789,0.49700000762939456,0.06674107164144516,Serhou Guirassy,h,3738,OpenPlay,2023,Head,23351,VfB Stuttgart,Bayern Munich,3,1,2024-05-04 13:30:00,Leonidas Stergiou,Aerial
346,579512,47,Goal,0.8719999694824219,0.5570000076293945,0.29425862431526184,Serhou Guirassy,a,3738,OpenPlay,2023,LeftFoot,23360,Augsburg,VfB Stuttgart,0,1,2024-05-10 18:30:00,Enzo Millot,Chipped
347,581660,22,Goal,0.9330000305175781,0.49400001525878906,0.43319839239120483,Serhou Guirassy,h,3738,OpenPlay,2023,Head,23369,VfB Stuttgart,Borussia M.Gladbach,4,0,2024-05-18 13:30:00,Enzo Millot,Chipped
348,581662,30,Goal,0.860999984741211,0.4520000076293945,0.11384136974811554,Serhou Guirassy,h,3738,OpenPlay,2023,LeftFoot,23369,VfB Stuttgart,Borussia M.Gladbach,4,0,2024-05-18 13:30:00,Atakan Karazor,Pass
349,581669,42,ShotOnPost,0.905,0.6530000305175782,0.2551337480545044,Serhou Guirassy,h,3738,OpenPlay,2023,LeftFoot,23369,VfB Stuttgart,Borussia M.Gladbach,4,0,2024-05-18 13:30:00,Deniz Undav,Pass
350,590355,36,BlockedShot,0.8590000152587891,0.7030000305175781,0.08351726084947586,Serhou Guirassy,h,3738,OpenPlay,2024,RightFoot,27760,Borussia Dortmund,FC Heidenheim,4,2,2024-09-13 18:30:00,Felix Nmecha,Chipped
351,590360,48,BlockedShot,0.894000015258789,0.4470000076293945,0.05760763958096504,Serhou Guirassy,h,3738,FromCorner,2024,RightFoot,27760,Borussia Dortmund,FC Heidenheim,4,2,2024-09-13 18:30:00,Pascal Groß,Cross
352,590363,58,MissedShots,0.909000015258789,0.4909999847412109,0.5432764291763306,Serhou Guirassy,h,3738,OpenPlay,2024,LeftFoot,27760,Borussia Dortmund,FC Heidenheim,4,2,2024-09-13 18:30:00,Karim Adeyemi,Pass
353,590366,66,SavedShot,0.9219999694824219,0.525,0.5830580592155457,Serhou Guirassy,h,3738,OpenPlay,2024,RightFoot,27760,Borussia Dortmund,FC Heidenheim,4,2,2024-09-13 18:30:00,,None
354,593112,52,SavedShot,0.8480000305175781,0.3820000076293945,0.06462137401103973,Serhou Guirassy,a,3738,OpenPlay,2024,RightFoot,27776,VfB Stuttgart,Borussia Dortmund,5,1,2024-09-22 15:30:00,Julian Brandt,Pass
355,593116,74,Goal,0.9119999694824219,0.34799999237060547,0.2796434760093689,Serhou Guirassy,a,3738,OpenPlay,2024,RightFoot,27776,VfB Stuttgart,Borussia Dortmund,5,1,2024-09-22 15:30:00,Jamie Bynoe-Gittens,Pass
356,593658,37,MissedShots,0.9309999847412109,0.5520000076293945,0.05445922166109085,Serhou Guirassy,h,3738,FromCorner,2024,Head,27778,Borussia Dortmund,Bochum,4,2,2024-09-27 18:30:00,Yan Couto,Aerial
357,593660,39,SavedShot,0.8959999847412109,0.5279999923706055,0.04864949733018875,Serhou Guirassy,h,3738,SetPiece,2024,OtherBodyPart,27778,Borussia Dortmund,Bochum,4,2,2024-09-27 18:30:00,Pascal Groß,Cross
358,593662,42,BlockedShot,0.9059999847412109,0.525,0.11669658869504929,Serhou Guirassy,h,3738,OpenPlay,2024,RightFoot,27778,Borussia Dortmund,Bochum,4,2,2024-09-27 18:30:00,Yan Couto,Pass
359,593663,43,Goal,0.9369999694824219,0.524000015258789,0.5770708918571472,Serhou Guirassy,h,3738,OpenPlay,2024,Head,27778,Borussia Dortmund,Bochum,4,2,2024-09-27 18:30:00,Julian Brandt,Aerial
360,593671,74,Goal,0.9069999694824219,0.5709999847412109,0.6000584363937378,Serhou Guirassy,h,3738,OpenPlay,2024,LeftFoot,27778,Borussia Dortmund,Bochum,4,2,2024-09-27 18:30:00,Karim Adeyemi,Throughball
361,593677,90,MissedShots,0.955999984741211,0.539000015258789,0.6575317978858948,Serhou Guirassy,h,3738,OpenPlay,2024,LeftFoot,27778,Borussia Dortmund,Bochum,4,2,2024-09-27 18:30:00,Julien Duranville,Pass
362,595384,19,MissedShots,0.8,0.3940000152587891,0.03757866099476814,Serhou Guirassy,a,3738,OpenPlay,2024,RightFoot,27791,Union Berlin,Borussia Dortmund,2,1,2024-10-05 13:30:00,Maximilian Beier,Pass
363,595388,36,MissedShots,0.9059999847412109,0.495,0.09208279103040695,Serhou Guirassy,a,3738,FromCorner,2024,RightFoot,27791,Union Berlin,Borussia Dortmund,2,1,2024-10-05 13:30:00,Emre Can,BallTouch
364,596629,6,SavedShot,0.91,0.6120000076293945,0.3715454339981079,Serhou Guirassy,h,3738,OpenPlay,2024,RightFoot,27798,Borussia Dortmund,St. Pauli,2,1,2024-10-18 18:30:00,Julian Brandt,Throughball
365,596637,38,BlockedShot,0.8809999847412109,0.6079999923706054,0.0819227322936058,Serhou Guirassy,h,3738,OpenPlay,2024,LeftFoot,27798,Borussia Dortmund,St. Pauli,2,1,2024-10-18 18:30:00,Marcel Sabitzer,BallTouch
366,596645,61,MissedShots,0.7290000152587891,0.40900001525878904,0.01901838555932045,Serhou Guirassy,h,3738,OpenPlay,2024,RightFoot,27798,Borussia Dortmund,St. Pauli,2,1,2024-10-18 18:30:00,,None
367,596647,63,MissedShots,0.9669999694824218,0.5320000076293945,0.6402329802513123,Serhou Guirassy,h,3738,OpenPlay,2024,RightFoot,27798,Borussia Dortmund,St. Pauli,2,1,2024-10-18 18:30:00,Jamie Bynoe-Gittens,Cross
368,596646,63,SavedShot,0.9019999694824219,0.5840000152587891,0.14027078449726105,Serhou Guirassy,h,3738,OpenPlay,2024,LeftFoot,27798,Borussia Dortmund,St. Pauli,2,1,2024-10-18 18:30:00,Julian Brandt,Throughball
369,596652,82,Goal,0.9440000152587891,0.48200000762939454,0.45968618988990784,Serhou Guirassy,h,3738,OpenPlay,2024,Head,27798,Borussia Dortmund,St. Pauli,2,1,2024-10-18 18:30:00,Jamie Bynoe-Gittens,Aerial
370,598337,61,MissedShots,0.92,0.514000015258789,0.06505555659532547,Serhou Guirassy,a,3738,OpenPlay,2024,Head,27809,Augsburg,Borussia Dortmund,2,1,2024-10-26 13:30:00,Jamie Bynoe-Gittens,Chipped
371,600289,62,BlockedShot,0.845999984741211,0.5329999923706055,0.088520348072052,Serhou Guirassy,h,3738,OpenPlay,2024,RightFoot,27816,Borussia Dortmund,RasenBallsport Leipzig,2,1,2024-11-02 17:30:00,Alexander Meyer,Pass
372,600290,63,Goal,0.9269999694824219,0.5209999847412109,0.3301831781864166,Serhou Guirassy,h,3738,OpenPlay,2024,OtherBodyPart,27816,Borussia Dortmund,RasenBallsport Leipzig,2,1,2024-11-02 17:30:00,Maximilian Beier,Cross
373,601339,39,Goal,0.885,0.5,0.75777667760849,Serhou Guirassy,a,3738,Penalty,2024,RightFoot,27828,Mainz 05,Borussia Dortmund,3,1,2024-11-09 14:30:00,,Standard
374,604359,21,BlockedShot,0.8540000152587891,0.43400001525878906,0.05512157827615738,Serhou Guirassy,h,3738,OpenPlay,2024,RightFoot,27842,Borussia Dortmund,Bayern Munich,1,1,2024-11-30 17:30:00,Julian Ryerson,Cross
375,604364,41,MissedShots,0.9119999694824219,0.685,0.09186139702796936,Serhou Guirassy,h,3738,OpenPlay,2024,RightFoot,27842,Borussia Dortmund,Bayern Munich,1,1,2024-11-30 17:30:00,Ramy Bensebaini,TakeOn
376,606039,33,BlockedShot,0.924000015258789,0.505,0.10699425637722015,Serhou Guirassy,a,3738,OpenPlay,2024,RightFoot,27854,Borussia M.Gladbach,Borussia Dortmund,1,1,2024-12-07 17:30:00,,None
377,606054,84,MissedShots,0.9259999847412109,0.5320000076293945,0.05209435895085335,Serhou Guirassy,a,3738,FromCorner,2024,Head,27854,Borussia M.Gladbach,Borussia Dortmund,1,1,2024-12-07 17:30:00,Ramy Bensebaini,Aerial
378,606056,92,MissedShots,0.9169999694824219,0.47200000762939454,0.10068342834711075,Serhou Guirassy,a,3738,FromCorner,2024,Head,27854,Borussia M.Gladbach,Borussia Dortmund,1,1,2024-12-07 17:30:00,Giovanni Reyna,Cross
379,607660,67,SavedShot,0.8059999847412109,0.5970000076293945,0.12032996118068695,Serhou Guirassy,h,3738,DirectFreekick,2024,RightFoot,27860,Borussia Dortmund,Hoffenheim,1,1,2024-12-15 16:30:00,,Standard
380,608829,14,MissedShots,0.874000015258789,0.6680000305175782,0.05895475670695305,Serhou Guirassy,a,3738,OpenPlay,2024,LeftFoot,27874,Wolfsburg,Borussia Dortmund,1,3,2024-12-22 16:30:00,Jamie Bynoe-Gittens,Pass
381,608831,17,MissedShots,0.8619999694824219,0.5620000076293945,0.37687766551971436,Serhou Guirassy,a,3738,OpenPlay,2024,RightFoot,27874,Wolfsburg,Borussia Dortmund,1,3,2024-12-22 16:30:00,Jamie Bynoe-Gittens,Throughball
382,471529,1,SavedShot,0.879000015258789,0.5479999923706055,0.11471299827098846,Jamie Bynoe-Gittens,h,10542,OpenPlay,2021,RightFoot,17803,Borussia Dortmund,Bochum,3,4,2022-04-30 13:30:00,Erling Haaland,Pass
383,480059,76,Goal,0.7280000305175781,0.5379999923706055,0.017895899713039398,Jamie Bynoe-Gittens,a,10542,OpenPlay,2022,LeftFoot,19351,Freiburg,Borussia Dortmund,1,3,2022-08-12 18:30:00,Youssoufa Moukoko,Pass
384,480061,82,MissedShots,0.9230000305175782,0.5829999923706055,0.11824099719524384,Jamie Bynoe-Gittens,a,10542,OpenPlay,2022,LeftFoot,19351,Freiburg,Borussia Dortmund,1,3,2022-08-12 18:30:00,Marius Wolf,Pass
385,483496,85,SavedShot,0.9,0.634000015258789,0.10202900320291519,Jamie Bynoe-Gittens,a,10542,OpenPlay,2022,LeftFoot,19373,Hertha Berlin,Borussia Dortmund,0,1,2022-08-27 13:30:00,Nico Schlotterbeck,Pass
386,485547,21,MissedShots,0.9230000305175782,0.54,0.5569909811019897,Jamie Bynoe-Gittens,h,10542,OpenPlay,2022,RightFoot,19378,Borussia Dortmund,Hoffenheim,1,0,2022-09-02 18:30:00,Anthony Modeste,Cross
387,505007,74,Goal,0.7830000305175782,0.6519999694824219,0.026379000395536423,Jamie Bynoe-Gittens,h,10542,OpenPlay,2022,RightFoot,19477,Borussia Dortmund,Augsburg,4,3,2023-01-22 14:30:00,Nico Schlotterbeck,Pass
388,505012,86,BlockedShot,0.874000015258789,0.575999984741211,0.08781850337982178,Jamie Bynoe-Gittens,h,10542,OpenPlay,2022,RightFoot,19477,Borussia Dortmund,Augsburg,4,3,2023-01-22 14:30:00,Salih Özcan,Chipped
389,505443,67,SavedShot,0.8880000305175781,0.664000015258789,0.08694980293512344,Jamie Bynoe-Gittens,a,10542,OpenPlay,2022,RightFoot,19489,Mainz 05,Borussia Dortmund,1,2,2023-01-25 17:30:00,Julian Brandt,Pass
390,506988,62,MissedShots,0.7230000305175781,0.4329999923706055,0.015285800211131573,Jamie Bynoe-Gittens,h,10542,SetPiece,2022,RightFoot,19504,Borussia Dortmund,Freiburg,5,1,2023-02-04 14:30:00,Nico Schlotterbeck,Pass
391,506994,73,SavedShot,0.7580000305175781,0.46900001525878904,0.03186609968543053,Jamie Bynoe-Gittens,h,10542,FromCorner,2022,LeftFoot,19504,Borussia Dortmund,Freiburg,5,1,2023-02-04 14:30:00,Emre Can,Pass
392,506993,73,BlockedShot,0.8819999694824219,0.6819999694824219,0.06700090318918228,Jamie Bynoe-Gittens,h,10542,OpenPlay,2022,RightFoot,19504,Borussia Dortmund,Freiburg,5,1,2023-02-04 14:30:00,Nico Schlotterbeck,Pass
393,506997,81,SavedShot,0.8690000152587891,0.5779999923706055,0.23726700246334076,Jamie Bynoe-Gittens,h,10542,OpenPlay,2022,RightFoot,19504,Borussia Dortmund,Freiburg,5,1,2023-02-04 14:30:00,Mahmoud Dahoud,TakeOn
394,508271,66,Goal,0.8730000305175781,0.65,0.0765015035867691,Jamie Bynoe-Gittens,a,10542,OpenPlay,2022,LeftFoot,19521,Werder Bremen,Borussia Dortmund,0,2,2023-02-11 14:30:00,Nico Schlotterbeck,Pass
395,508280,88,SavedShot,0.8430000305175781,0.2720000076293945,0.04252440109848976,Jamie Bynoe-Gittens,a,10542,OpenPlay,2022,RightFoot,19521,Werder Bremen,Borussia Dortmund,0,2,2023-02-11 14:30:00,Mahmoud Dahoud,Pass
396,508281,94,BlockedShot,0.9630000305175781,0.32,0.06756950169801712,Jamie Bynoe-Gittens,a,10542,OpenPlay,2022,RightFoot,19521,Werder Bremen,Borussia Dortmund,0,2,2023-02-11 14:30:00,,None
397,510340,47,MissedShots,0.8159999847412109,0.695,0.03441710025072098,Jamie Bynoe-Gittens,h,10542,OpenPlay,2022,RightFoot,19522,Borussia Dortmund,Hertha Berlin,4,1,2023-02-19 16:30:00,Julian Ryerson,TakeOn
398,510343,64,SavedShot,0.8580000305175781,0.6020000076293945,0.0924983024597168,Jamie Bynoe-Gittens,h,10542,OpenPlay,2022,RightFoot,19522,Borussia Dortmund,Hertha Berlin,4,1,2023-02-19 16:30:00,Donyell Malen,Pass
399,510723,3,SavedShot,0.924000015258789,0.6730000305175782,0.10448099672794342,Jamie Bynoe-Gittens,a,10542,OpenPlay,2022,RightFoot,19536,Hoffenheim,Borussia Dortmund,0,1,2023-02-25 14:30:00,Marco Reus,TakeOn
400,510740,47,BlockedShot,0.9119999694824219,0.275,0.05576629936695099,Jamie Bynoe-Gittens,a,10542,OpenPlay,2022,RightFoot,19536,Hoffenheim,Borussia Dortmund,0,1,2023-02-25 14:30:00,Jude Bellingham,Pass
401,513713,10,BlockedShot,0.8619999694824219,0.7559999847412109,0.028232000768184662,Jamie Bynoe-Gittens,a,10542,OpenPlay,2022,RightFoot,19556,Schalke 04,Borussia Dortmund,2,2,2023-03-11 17:30:00,Julian Ryerson,Pass
402,513725,47,BlockedShot,0.695,0.6769999694824219,0.010489500127732754,Jamie Bynoe-Gittens,a,10542,OpenPlay,2022,RightFoot,19556,Schalke 04,Borussia Dortmund,2,2,2023-03-11 17:30:00,Julian Ryerson,TakeOn
403,513729,64,MissedShots,0.8630000305175781,0.625,0.3288710117340088,Jamie Bynoe-Gittens,a,10542,OpenPlay,2022,LeftFoot,19556,Schalke 04,Borussia Dortmund,2,2,2023-03-11 17:30:00,Marius Wolf,Pass
404,517974,89,SavedShot,0.855999984741211,0.5329999923706055,0.12457499653100967,Jamie Bynoe-Gittens,h,10542,OpenPlay,2022,RightFoot,19576,Borussia Dortmund,Union Berlin,2,1,2023-04-08 13:30:00,Raphael Guerreiro,Pass
405,519331,72,BlockedShot,0.85,0.5329999923706055,0.19957099854946136,Jamie Bynoe-Gittens,a,10542,OpenPlay,2022,RightFoot,19591,VfB Stuttgart,Borussia Dortmund,3,3,2023-04-15 13:30:00,Youssoufa Moukoko,TakeOn
406,519337,91,BlockedShot,0.9230000305175782,0.6769999694824219,0.06814820319414139,Jamie Bynoe-Gittens,a,10542,OpenPlay,2022,RightFoot,19591,VfB Stuttgart,Borussia Dortmund,3,3,2023-04-15 13:30:00,Raphael Guerreiro,Pass
407,534606,94,SavedShot,0.955999984741211,0.3320000076293945,0.3119072914123535,Jamie Bynoe-Gittens,a,10542,OpenPlay,2023,RightFoot,23077,Bochum,Borussia Dortmund,1,1,2023-08-26 13:30:00,,None
408,538989,42,MissedShots,0.875999984741211,0.7019999694824218,0.05329369381070137,Jamie Bynoe-Gittens,h,10542,OpenPlay,2023,LeftFoot,23105,Borussia Dortmund,Wolfsburg,1,0,2023-09-23 13:30:00,Ramy Bensebaini,TakeOn
409,538994,55,MissedShots,0.88,0.5659999847412109,0.09223326295614243,Jamie Bynoe-Gittens,h,10542,OpenPlay,2023,RightFoot,23105,Borussia Dortmund,Wolfsburg,1,0,2023-09-23 13:30:00,,Rebound
410,542600,44,BlockedShot,0.8540000152587891,0.695,0.03997896611690521,Jamie Bynoe-Gittens,h,10542,OpenPlay,2023,RightFoot,23120,Borussia Dortmund,Union Berlin,4,2,2023-10-07 13:30:00,Emre Can,Pass
411,542601,46,BlockedShot,0.8819999694824219,0.69,0.044616274535655975,Jamie Bynoe-Gittens,h,10542,OpenPlay,2023,RightFoot,23120,Borussia Dortmund,Union Berlin,4,2,2023-10-07 13:30:00,,None
412,549611,7,SavedShot,0.875,0.7,0.04491617903113365,Jamie Bynoe-Gittens,h,10542,OpenPlay,2023,RightFoot,23164,Borussia Dortmund,Borussia M.Gladbach,4,2,2023-11-25 14:30:00,Emre Can,Chipped
413,549613,10,MissedShots,0.8209999847412109,0.43599998474121093,0.013273029588162899,Jamie Bynoe-Gittens,h,10542,FromCorner,2023,Head,23164,Borussia Dortmund,Borussia M.Gladbach,4,2,2023-11-25 14:30:00,,Aerial
414,549623,44,Goal,0.83,0.5509999847412109,0.07228989154100418,Jamie Bynoe-Gittens,h,10542,OpenPlay,2023,RightFoot,23164,Borussia Dortmund,Borussia M.Gladbach,4,2,2023-11-25 14:30:00,Niclas Füllkrug,Pass
415,549629,53,SavedShot,0.9130000305175782,0.6759999847412109,0.0822475478053093,Jamie Bynoe-Gittens,h,10542,OpenPlay,2023,LeftFoot,23164,Borussia Dortmund,Borussia M.Gladbach,4,2,2023-11-25 14:30:00,Emre Can,Pass
416,549628,53,SavedShot,0.9490000152587891,0.669000015258789,0.34255102276802063,Jamie Bynoe-Gittens,h,10542,OpenPlay,2023,LeftFoot,23164,Borussia Dortmund,Borussia M.Gladbach,4,2,2023-11-25 14:30:00,Marco Reus,Throughball
417,549632,57,SavedShot,0.8959999847412109,0.695,0.06531181186437607,Jamie Bynoe-Gittens,h,10542,OpenPlay,2023,RightFoot,23164,Borussia Dortmund,Borussia M.Gladbach,4,2,2023-11-25 14:30:00,Giovanni Reyna,Pass
418,551939,35,BlockedShot,0.8490000152587891,0.5479999923706055,0.10548582673072815,Jamie Bynoe-Gittens,a,10542,OpenPlay,2023,RightFoot,23175,Bayer Leverkusen,Borussia Dortmund,1,1,2023-12-03 16:30:00,Emre Can,Pass
419,554171,39,MissedShots,0.7959999847412109,0.3129999923706055,0.026370089501142502,Jamie Bynoe-Gittens,a,10542,OpenPlay,2023,LeftFoot,23198,Augsburg,Borussia Dortmund,1,1,2023-12-16 14:30:00,Thomas Meunier,Pass
420,554183,63,SavedShot,0.7719999694824219,0.38299999237060545,0.01894441246986389,Jamie Bynoe-Gittens,a,10542,FromCorner,2023,RightFoot,23198,Augsburg,Borussia Dortmund,1,1,2023-12-16 14:30:00,,None
421,555253,7,ShotOnPost,0.8719999694824219,0.645,0.0629490315914154,Jamie Bynoe-Gittens,h,10542,OpenPlay,2023,LeftFoot,23200,Borussia Dortmund,Mainz 05,1,1,2023-12-19 19:30:00,Niclas Füllkrug,Pass
422,555256,16,MissedShots,0.7759999847412109,0.5609999847412109,0.04296059161424637,Jamie Bynoe-Gittens,h,10542,OpenPlay,2023,RightFoot,23200,Borussia Dortmund,Mainz 05,1,1,2023-12-19 19:30:00,Ramy Bensebaini,TakeOn
423,555257,17,BlockedShot,0.8019999694824219,0.5259999847412109,0.0582500621676445,Jamie Bynoe-Gittens,h,10542,OpenPlay,2023,RightFoot,23200,Borussia Dortmund,Mainz 05,1,1,2023-12-19 19:30:00,Niclas Füllkrug,LayOff
424,555272,59,BlockedShot,0.8469999694824218,0.4129999923706055,0.15174144506454468,Jamie Bynoe-Gittens,h,10542,OpenPlay,2023,RightFoot,23200,Borussia Dortmund,Mainz 05,1,1,2023-12-19 19:30:00,Emre Can,TakeOn
425,558251,48,MissedShots,0.82,0.42200000762939455,0.06836657971143723,Jamie Bynoe-Gittens,a,10542,OpenPlay,2023,LeftFoot,23217,Darmstadt,Borussia Dortmund,0,3,2024-01-13 17:30:00,Donyell Malen,Pass
426,560363,73,BlockedShot,0.7959999847412109,0.3189999961853027,0.04300347715616226,Jamie Bynoe-Gittens,h,10542,OpenPlay,2023,LeftFoot,23227,Borussia Dortmund,Bochum,3,1,2024-01-28 16:30:00,Thomas Meunier,TakeOn
427,560366,76,BlockedShot,0.8959999847412109,0.37599998474121094,0.11173366010189056,Jamie Bynoe-Gittens,h,10542,OpenPlay,2023,LeftFoot,23227,Borussia Dortmund,Bochum,3,1,2024-01-28 16:30:00,Marcel Sabitzer,Pass
428,560368,81,BlockedShot,0.88,0.3079999923706055,0.05766511335968971,Jamie Bynoe-Gittens,h,10542,OpenPlay,2023,LeftFoot,23227,Borussia Dortmund,Bochum,3,1,2024-01-28 16:30:00,Marcel Sabitzer,Pass
429,560878,29,MissedShots,0.775,0.605999984741211,0.01999368891119957,Jamie Bynoe-Gittens,a,10542,FromCorner,2023,RightFoot,23243,FC Heidenheim,Borussia Dortmund,0,0,2024-02-02 19:30:00,,None
430,560879,33,BlockedShot,0.8490000152587891,0.3659999847412109,0.06531324982643127,Jamie Bynoe-Gittens,a,10542,OpenPlay,2023,RightFoot,23243,FC Heidenheim,Borussia Dortmund,0,0,2024-02-02 19:30:00,Ian Maatsen,Pass
431,560882,39,SavedShot,0.7680000305175781,0.63,0.03138098865747452,Jamie Bynoe-Gittens,a,10542,FromCorner,2023,LeftFoot,23243,FC Heidenheim,Borussia Dortmund,0,0,2024-02-02 19:30:00,Ian Maatsen,Pass
432,560887,55,SavedShot,0.924000015258789,0.4540000152587891,0.09898756444454193,Jamie Bynoe-Gittens,a,10542,OpenPlay,2023,RightFoot,23243,FC Heidenheim,Borussia Dortmund,0,0,2024-02-02 19:30:00,,None
433,562164,45,SavedShot,0.785,0.7019999694824218,0.016447173431515694,Jamie Bynoe-Gittens,h,10542,FromCorner,2023,RightFoot,23246,Borussia Dortmund,Freiburg,3,0,2024-02-09 19:30:00,,None
434,563737,90,BlockedShot,0.8030000305175782,0.505,0.03410026803612709,Jamie Bynoe-Gittens,a,10542,FromCorner,2023,RightFoot,23256,Wolfsburg,Borussia Dortmund,1,1,2024-02-17 14:30:00,,None
435,566523,77,MissedShots,0.85,0.48200000762939454,0.06984861195087433,Jamie Bynoe-Gittens,a,10542,SetPiece,2023,RightFoot,23272,Union Berlin,Borussia Dortmund,0,2,2024-03-02 14:30:00,Ian Maatsen,HeadPass
436,566524,79,BlockedShot,0.8469999694824218,0.585,0.044307928532361984,Jamie Bynoe-Gittens,a,10542,FromCorner,2023,RightFoot,23272,Union Berlin,Borussia Dortmund,0,2,2024-03-02 14:30:00,,BallTouch
437,573514,18,BlockedShot,0.749000015258789,0.5629999923706055,0.01708134450018406,Jamie Bynoe-Gittens,a,10542,FromCorner,2023,LeftFoot,23321,Borussia M.Gladbach,Borussia Dortmund,1,2,2024-04-13 13:30:00,,None
438,575665,16,BlockedShot,0.705999984741211,0.6990000152587891,0.011582404375076294,Jamie Bynoe-Gittens,h,10542,OpenPlay,2023,RightFoot,23326,Borussia Dortmund,Bayer Leverkusen,1,1,2024-04-21 15:30:00,Niclas Füllkrug,Pass
439,575675,54,BlockedShot,0.8080000305175781,0.23700000762939452,0.02021023817360401,Jamie Bynoe-Gittens,h,10542,OpenPlay,2023,LeftFoot,23326,Borussia Dortmund,Bayer Leverkusen,1,1,2024-04-21 15:30:00,Emre Can,Pass
440,576709,64,MissedShots,0.850999984741211,0.2520000076293945,0.02406652458012104,Jamie Bynoe-Gittens,a,10542,OpenPlay,2023,LeftFoot,23336,RasenBallsport Leipzig,Borussia Dortmund,4,1,2024-04-27 13:30:00,Julian Brandt,Pass
441,576712,72,BlockedShot,0.8219999694824218,0.5270000076293946,0.0675964429974556,Jamie Bynoe-Gittens,a,10542,OpenPlay,2023,LeftFoot,23336,RasenBallsport Leipzig,Borussia Dortmund,4,1,2024-04-27 13:30:00,Youssoufa Moukoko,Pass
442,576721,92,ShotOnPost,0.914000015258789,0.22799999237060548,0.02713863179087639,Jamie Bynoe-Gittens,a,10542,OpenPlay,2023,RightFoot,23336,RasenBallsport Leipzig,Borussia Dortmund,4,1,2024-04-27 13:30:00,Julian Brandt,Pass
443,578366,88,SavedShot,0.8719999694824219,0.7130000305175781,0.07703866064548492,Jamie Bynoe-Gittens,h,10542,OpenPlay,2023,RightFoot,23344,Borussia Dortmund,Augsburg,5,1,2024-05-04 13:30:00,Salih Özcan,Chipped
444,578368,91,BlockedShot,0.8119999694824219,0.6270000076293946,0.05487687140703201,Jamie Bynoe-Gittens,h,10542,OpenPlay,2023,RightFoot,23344,Borussia Dortmund,Augsburg,5,1,2024-05-04 13:30:00,Julian Brandt,Pass
445,580094,3,BlockedShot,0.8540000152587891,0.534000015258789,0.11256708949804306,Jamie Bynoe-Gittens,a,10542,OpenPlay,2023,RightFoot,23356,Mainz 05,Borussia Dortmund,3,0,2024-05-11 16:30:00,Mateu Morey,TakeOn
446,580098,9,BlockedShot,0.7909999847412109,0.6680000305175782,0.026484142988920212,Jamie Bynoe-Gittens,a,10542,OpenPlay,2023,RightFoot,23356,Mainz 05,Borussia Dortmund,3,0,2024-05-11 16:30:00,Felix Nmecha,Pass
447,580104,28,MissedShots,0.8519999694824218,0.32099998474121094,0.06405063718557358,Jamie Bynoe-Gittens,a,10542,OpenPlay,2023,LeftFoot,23356,Mainz 05,Borussia Dortmund,3,0,2024-05-11 16:30:00,Felix Nmecha,TakeOn
448,580113,48,MissedShots,0.845999984741211,0.31799999237060544,0.033892374485731125,Jamie Bynoe-Gittens,a,10542,OpenPlay,2023,LeftFoot,23356,Mainz 05,Borussia Dortmund,3,0,2024-05-11 16:30:00,Marius Wolf,Chipped
449,586341,71,Goal,0.905,0.6769999694824219,0.057699281722307205,Jamie Bynoe-Gittens,h,10542,OpenPlay,2024,RightFoot,27748,Borussia Dortmund,Eintracht Frankfurt,2,0,2024-08-24 16:30:00,Pascal Groß,TakeOn
450,586345,92,Goal,0.8780000305175781,0.6090000152587891,0.42987060546875,Jamie Bynoe-Gittens,h,10542,OpenPlay,2024,LeftFoot,27748,Borussia Dortmund,Eintracht Frankfurt,2,0,2024-08-24 16:30:00,Ramy Bensebaini,TakeOn
451,593107,47,SavedShot,0.9180000305175782,0.3039999961853027,0.08274465054273605,Jamie Bynoe-Gittens,a,10542,OpenPlay,2024,RightFoot,27776,VfB Stuttgart,Borussia Dortmund,5,1,2024-09-22 15:30:00,Julian Brandt,Pass
452,593649,11,BlockedShot,0.9109999847412109,0.700999984741211,0.05238841101527214,Jamie Bynoe-Gittens,h,10542,OpenPlay,2024,RightFoot,27778,Borussia Dortmund,Bochum,4,2,2024-09-27 18:30:00,Karim Adeyemi,TakeOn
453,593657,36,BlockedShot,0.7930000305175782,0.710999984741211,0.02565959095954895,Jamie Bynoe-Gittens,h,10542,OpenPlay,2024,RightFoot,27778,Borussia Dortmund,Bochum,4,2,2024-09-27 18:30:00,Pascal Groß,TakeOn
454,598328,28,MissedShots,0.705,0.610999984741211,0.018129538744688034,Jamie Bynoe-Gittens,a,10542,OpenPlay,2024,RightFoot,27809,Augsburg,Borussia Dortmund,2,1,2024-10-26 13:30:00,Nico Schlotterbeck,Pass
455,598340,69,SavedShot,0.9330000305175781,0.6959999847412109,0.04821472615003586,Jamie Bynoe-Gittens,a,10542,OpenPlay,2024,RightFoot,27809,Augsburg,Borussia Dortmund,2,1,2024-10-26 13:30:00,Almugera Kabar,None
456,598343,79,MissedShots,0.89,0.7019999694824218,0.0461120530962944,Jamie Bynoe-Gittens,a,10542,OpenPlay,2024,RightFoot,27809,Augsburg,Borussia Dortmund,2,1,2024-10-26 13:30:00,Almugera Kabar,Pass
457,598346,97,SavedShot,0.850999984741211,0.7230000305175781,0.03295818343758583,Jamie Bynoe-Gittens,a,10542,OpenPlay,2024,RightFoot,27809,Augsburg,Borussia Dortmund,2,1,2024-10-26 13:30:00,Julian Brandt,TakeOn
458,600270,5,BlockedShot,0.874000015258789,0.6419999694824219,0.11015445739030838,Jamie Bynoe-Gittens,h,10542,OpenPlay,2024,RightFoot,27816,Borussia Dortmund,RasenBallsport Leipzig,2,1,2024-11-02 17:30:00,Felix Nmecha,Chipped
459,600272,13,SavedShot,0.8180000305175781,0.534000015258789,0.2735809087753296,Jamie Bynoe-Gittens,h,10542,OpenPlay,2024,RightFoot,27816,Borussia Dortmund,RasenBallsport Leipzig,2,1,2024-11-02 17:30:00,Julian Brandt,Pass
460,600276,28,SavedShot,0.88,0.57,0.39680156111717224,Jamie Bynoe-Gittens,h,10542,OpenPlay,2024,RightFoot,27816,Borussia Dortmund,RasenBallsport Leipzig,2,1,2024-11-02 17:30:00,,TakeOn
461,600286,48,BlockedShot,0.8440000152587891,0.4420000076293945,0.06546256691217422,Jamie Bynoe-Gittens,h,10542,SetPiece,2024,RightFoot,27816,Borussia Dortmund,RasenBallsport Leipzig,2,1,2024-11-02 17:30:00,,BallTouch
462,600288,60,BlockedShot,0.909000015258789,0.7140000152587891,0.04428531602025032,Jamie Bynoe-Gittens,h,10542,OpenPlay,2024,LeftFoot,27816,Borussia Dortmund,RasenBallsport Leipzig,2,1,2024-11-02 17:30:00,Julian Brandt,Pass
463,602745,20,SavedShot,0.875999984741211,0.7169999694824218,0.0590495765209198,Jamie Bynoe-Gittens,h,10542,OpenPlay,2024,RightFoot,27835,Borussia Dortmund,Freiburg,4,0,2024-11-23 14:30:00,Felix Nmecha,TakeOn
464,602755,46,BlockedShot,0.9340000152587891,0.6830000305175781,0.08374109864234924,Jamie Bynoe-Gittens,h,10542,OpenPlay,2024,LeftFoot,27835,Borussia Dortmund,Freiburg,4,0,2024-11-23 14:30:00,Julian Brandt,Pass
465,602758,49,BlockedShot,0.830999984741211,0.6409999847412109,0.06752576678991318,Jamie Bynoe-Gittens,h,10542,OpenPlay,2024,LeftFoot,27835,Borussia Dortmund,Freiburg,4,0,2024-11-23 14:30:00,Nico Schlotterbeck,Pass
466,602767,76,Goal,0.924000015258789,0.68,0.08645451068878174,Jamie Bynoe-Gittens,h,10542,OpenPlay,2024,RightFoot,27835,Borussia Dortmund,Freiburg,4,0,2024-11-23 14:30:00,Ramy Bensebaini,Pass
467,604361,26,Goal,0.9169999694824219,0.674000015258789,0.05878738686442375,Jamie Bynoe-Gittens,h,10542,OpenPlay,2024,LeftFoot,27842,Borussia Dortmund,Bayern Munich,1,1,2024-11-30 17:30:00,Nico Schlotterbeck,GoodSkill
468,606037,20,BlockedShot,0.8640000152587891,0.6840000152587891,0.04922332242131233,Jamie Bynoe-Gittens,a,10542,OpenPlay,2024,RightFoot,27854,Borussia M.Gladbach,Borussia Dortmund,1,1,2024-12-07 17:30:00,Nico Schlotterbeck,Pass
469,606040,41,SavedShot,0.7680000305175781,0.54,0.028462138026952744,Jamie Bynoe-Gittens,a,10542,OpenPlay,2024,RightFoot,27854,Borussia M.Gladbach,Borussia Dortmund,1,1,2024-12-07 17:30:00,Nico Schlotterbeck,Pass
470,606045,55,MissedShots,0.774000015258789,0.7559999847412109,0.017422320321202278,Jamie Bynoe-Gittens,a,10542,OpenPlay,2024,RightFoot,27854,Borussia M.Gladbach,Borussia Dortmund,1,1,2024-12-07 17:30:00,Pascal Groß,Pass
471,606049,64,Goal,0.8640000152587891,0.580999984741211,0.09348508715629578,Jamie Bynoe-Gittens,a,10542,OpenPlay,2024,RightFoot,27854,Borussia M.Gladbach,Borussia Dortmund,1,1,2024-12-07 17:30:00,Nico Schlotterbeck,TakeOn
472,606058,97,MissedShots,0.89,0.4590000152587891,0.19992616772651672,Jamie Bynoe-Gittens,a,10542,OpenPlay,2024,Head,27854,Borussia M.Gladbach,Borussia Dortmund,1,1,2024-12-07 17:30:00,Julian Ryerson,Cross
473,608844,68,SavedShot,0.89,0.6709999847412109,0.10739839822053909,Jamie Bynoe-Gittens,a,10542,OpenPlay,2024,LeftFoot,27874,Wolfsburg,Borussia Dortmund,1,3,2024-12-22 16:30:00,Julian Brandt,Pass
474,362977,53,MissedShots,0.8730000305175781,0.5109999847412109,0.37887701392173767,Maximilian Beier,h,8137,OpenPlay,2019,RightFoot,12632,Hoffenheim,Hertha Berlin,0,3,2020-05-16 13:30:00,Sebastian Rudy,Pass
475,362997,94,SavedShot,0.9030000305175782,0.5979999923706054,0.06835850328207016,Maximilian Beier,h,8137,OpenPlay,2019,RightFoot,12632,Hoffenheim,Hertha Berlin,0,3,2020-05-16 13:30:00,,None
476,363653,74,SavedShot,0.88,0.38599998474121094,0.08607500046491623,Maximilian Beier,a,8137,OpenPlay,2019,LeftFoot,12659,Mainz 05,Hoffenheim,0,1,2020-05-30 13:30:00,Stefan Posch,Chipped
477,363654,78,SavedShot,0.879000015258789,0.3160000038146973,0.08655639737844467,Maximilian Beier,a,8137,OpenPlay,2019,RightFoot,12659,Mainz 05,Hoffenheim,0,1,2020-05-30 13:30:00,Sebastian Rudy,Pass
478,364849,75,ShotOnPost,0.85,0.46,0.379707008600235,Maximilian Beier,a,8137,OpenPlay,2019,RightFoot,12689,Augsburg,Hoffenheim,1,3,2020-06-17 18:30:00,Diadie Samassékou,Pass
479,533077,85,BlockedShot,0.86,0.4229999923706055,0.06336528062820435,Maximilian Beier,h,8137,OpenPlay,2023,RightFoot,23068,Hoffenheim,Freiburg,1,2,2023-08-19 13:30:00,Pavel Kaderábek,BallTouch
480,534543,76,Goal,0.955999984741211,0.47,0.4899573028087616,Maximilian Beier,a,8137,FromCorner,2023,RightFoot,23078,FC Heidenheim,Hoffenheim,2,3,2023-08-26 13:30:00,Tom Bischof,Cross
481,536113,11,SavedShot,0.745999984741211,0.3940000152587891,0.04110800474882126,Maximilian Beier,h,8137,OpenPlay,2023,RightFoot,23085,Hoffenheim,Wolfsburg,3,1,2023-09-02 13:30:00,Grischa Prömel,Pass
482,536126,59,Goal,0.8830000305175781,0.4640000152587891,0.39432254433631897,Maximilian Beier,h,8137,OpenPlay,2023,LeftFoot,23085,Hoffenheim,Wolfsburg,3,1,2023-09-02 13:30:00,Robert Skov,Cross
483,537445,51,Goal,0.8109999847412109,0.66,0.09374403208494186,Maximilian Beier,a,8137,OpenPlay,2023,RightFoot,23097,FC Cologne,Hoffenheim,1,3,2023-09-16 13:30:00,Grischa Prömel,Pass
484,538951,14,SavedShot,0.8030000305175782,0.6370000076293946,0.031520597636699677,Maximilian Beier,a,8137,OpenPlay,2023,RightFoot,23106,Union Berlin,Hoffenheim,0,2,2023-09-23 13:30:00,Robert Skov,Pass
485,538955,29,BlockedShot,0.825999984741211,0.7090000152587891,0.03187977895140648,Maximilian Beier,a,8137,OpenPlay,2023,RightFoot,23106,Union Berlin,Hoffenheim,0,2,2023-09-23 13:30:00,Grischa Prömel,TakeOn
486,538958,37,Goal,0.92,0.49700000762939456,0.4064617156982422,Maximilian Beier,a,8137,OpenPlay,2023,LeftFoot,23106,Union Berlin,Hoffenheim,0,2,2023-09-23 13:30:00,Grischa Prömel,Cross
487,540718,35,BlockedShot,0.8119999694824219,0.585,0.049961138516664505,Maximilian Beier,h,8137,OpenPlay,2023,RightFoot,23110,Hoffenheim,Borussia Dortmund,1,3,2023-09-29 18:30:00,Robert Skov,Pass
488,542866,7,Goal,0.91,0.5659999847412109,0.4189547002315521,Maximilian Beier,a,8137,OpenPlay,2023,RightFoot,23124,Werder Bremen,Hoffenheim,2,3,2023-10-07 16:30:00,Grischa Prömel,Pass
489,542872,45,MissedShots,0.9519999694824218,0.6419999694824219,0.12771952152252197,Maximilian Beier,a,8137,OpenPlay,2023,LeftFoot,23124,Werder Bremen,Hoffenheim,2,3,2023-10-07 16:30:00,Wout Weghorst,Pass
490,542874,61,MissedShots,0.8219999694824218,0.664000015258789,0.020325293764472008,Maximilian Beier,a,8137,OpenPlay,2023,RightFoot,23124,Werder Bremen,Hoffenheim,2,3,2023-10-07 16:30:00,,Aerial
491,542880,78,MissedShots,0.8369999694824218,0.5,0.10975117236375809,Maximilian Beier,a,8137,OpenPlay,2023,RightFoot,23124,Werder Bremen,Hoffenheim,2,3,2023-10-07 16:30:00,Pavel Kaderábek,LayOff
492,543877,2,Goal,0.86,0.5309999847412109,0.2383202314376831,Maximilian Beier,h,8137,OpenPlay,2023,LeftFoot,23132,Hoffenheim,Eintracht Frankfurt,1,3,2023-10-21 13:30:00,Oliver Baumann,TakeOn
493,543885,25,MissedShots,0.95,0.6759999847412109,0.04809408634901047,Maximilian Beier,h,8137,FromCorner,2023,LeftFoot,23132,Hoffenheim,Eintracht Frankfurt,1,3,2023-10-21 13:30:00,,None
494,543890,38,SavedShot,0.855999984741211,0.4640000152587891,0.08126848191022873,Maximilian Beier,h,8137,OpenPlay,2023,RightFoot,23132,Hoffenheim,Eintracht Frankfurt,1,3,2023-10-21 13:30:00,Anton Stach,Pass
495,543892,43,MissedShots,0.955999984741211,0.5370000076293945,0.14161577820777893,Maximilian Beier,h,8137,OpenPlay,2023,LeftFoot,23132,Hoffenheim,Eintracht Frankfurt,1,3,2023-10-21 13:30:00,,Rebound
496,545334,3,SavedShot,0.9130000305175782,0.40599998474121096,0.5539587140083313,Maximilian Beier,a,8137,OpenPlay,2023,RightFoot,23145,VfB Stuttgart,Hoffenheim,2,3,2023-10-28 13:30:00,Wout Weghorst,Throughball
497,545347,48,SavedShot,0.899000015258789,0.46099998474121096,0.11589417606592178,Maximilian Beier,a,8137,OpenPlay,2023,RightFoot,23145,VfB Stuttgart,Hoffenheim,2,3,2023-10-28 13:30:00,,None
498,546692,49,MissedShots,0.9390000152587891,0.615,0.0787762776017189,Maximilian Beier,h,8137,OpenPlay,2023,RightFoot,23152,Hoffenheim,Bayer Leverkusen,2,3,2023-11-04 14:30:00,,Rebound
499,546691,49,SavedShot,0.925,0.6859999847412109,0.05342501029372215,Maximilian Beier,h,8137,OpenPlay,2023,LeftFoot,23152,Hoffenheim,Bayer Leverkusen,2,3,2023-11-04 14:30:00,Grischa Prömel,Pass
500,546695,57,SavedShot,0.6780000305175782,0.4759999847412109,0.011175808496773243,Maximilian Beier,h,8137,OpenPlay,2023,RightFoot,23152,Hoffenheim,Bayer Leverkusen,2,3,2023-11-04 14:30:00,,BallRecovery
501,546700,72,BlockedShot,0.8430000305175781,0.6509999847412109,0.044655829668045044,Maximilian Beier,h,8137,OpenPlay,2023,RightFoot,23152,Hoffenheim,Bayer Leverkusen,2,3,2023-11-04 14:30:00,Wout Weghorst,Pass
502,548299,38,MissedShots,0.914000015258789,0.6459999847412109,0.08915621042251587,Maximilian Beier,a,8137,OpenPlay,2023,RightFoot,23161,Augsburg,Hoffenheim,1,1,2023-11-11 14:30:00,,None
503,548304,54,SavedShot,0.9319999694824219,0.6630000305175782,0.08304732292890549,Maximilian Beier,a,8137,OpenPlay,2023,LeftFoot,23161,Augsburg,Hoffenheim,1,1,2023-11-11 14:30:00,,TakeOn
504,548305,67,SavedShot,0.8769999694824219,0.715,0.03997528925538063,Maximilian Beier,a,8137,OpenPlay,2023,RightFoot,23161,Augsburg,Hoffenheim,1,1,2023-11-11 14:30:00,Grischa Prömel,Pass
505,550516,20,MissedShots,0.965,0.67,0.06263305246829987,Maximilian Beier,h,8137,OpenPlay,2023,LeftFoot,23170,Hoffenheim,Mainz 05,1,1,2023-11-26 16:30:00,Andrej Kramaric,Chipped
506,550518,27,SavedShot,0.8190000152587891,0.45799999237060546,0.06706083565950394,Maximilian Beier,h,8137,OpenPlay,2023,RightFoot,23170,Hoffenheim,Mainz 05,1,1,2023-11-26 16:30:00,Andrej Kramaric,Pass
507,550525,49,BlockedShot,0.8530000305175781,0.5129999923706055,0.0674017071723938,Maximilian Beier,h,8137,OpenPlay,2023,RightFoot,23170,Hoffenheim,Mainz 05,1,1,2023-11-26 16:30:00,,Rebound
508,551131,55,BlockedShot,0.8640000152587891,0.6909999847412109,0.0422123484313488,Maximilian Beier,a,8137,OpenPlay,2023,RightFoot,23177,Borussia M.Gladbach,Hoffenheim,2,1,2023-12-02 14:30:00,Finn Becker,Pass
509,551141,79,BlockedShot,0.7769999694824219,0.40900001525878904,0.030687768012285233,Maximilian Beier,a,8137,OpenPlay,2023,RightFoot,23177,Borussia M.Gladbach,Hoffenheim,2,1,2023-12-02 14:30:00,Florian Grillitsch,BallRecovery
510,555310,87,SavedShot,0.9230000305175782,0.600999984741211,0.04221607372164726,Maximilian Beier,h,8137,FromCorner,2023,Head,23205,Hoffenheim,Darmstadt,3,3,2023-12-19 19:30:00,Robert Skov,Cross
511,557821,1,MissedShots,0.9169999694824219,0.4329999923706055,0.09692997485399246,Maximilian Beier,a,8137,OpenPlay,2023,RightFoot,23209,Bayern Munich,Hoffenheim,3,0,2024-01-12 19:30:00,Grischa Prömel,Cross
512,557833,49,MissedShots,0.8769999694824219,0.534000015258789,0.02097354270517826,Maximilian Beier,a,8137,OpenPlay,2023,Head,23209,Bayern Munich,Hoffenheim,3,0,2024-01-12 19:30:00,Pavel Kaderábek,Aerial
513,557843,62,SavedShot,0.9640000152587891,0.534000015258789,0.5381264686584473,Maximilian Beier,a,8137,FromCorner,2023,Head,23209,Bayern Munich,Hoffenheim,3,0,2024-01-12 19:30:00,Ozan Kabak,Aerial
514,557845,64,ShotOnPost,0.9069999694824219,0.42400001525878905,0.4230501651763916,Maximilian Beier,a,8137,OpenPlay,2023,RightFoot,23209,Bayern Munich,Hoffenheim,3,0,2024-01-12 19:30:00,Andrej Kramaric,Throughball
515,557849,76,SavedShot,0.7769999694824219,0.6329999923706054,0.05157723277807236,Maximilian Beier,a,8137,OpenPlay,2023,RightFoot,23209,Bayern Munich,Hoffenheim,3,0,2024-01-12 19:30:00,Wout Weghorst,Pass
516,558908,76,Goal,0.8540000152587891,0.5,0.30862998962402344,Maximilian Beier,a,8137,OpenPlay,2023,RightFoot,23220,Freiburg,Hoffenheim,3,2,2024-01-20 14:30:00,Florian Grillitsch,TakeOn
517,558917,88,BlockedShot,0.8909999847412109,0.504000015258789,0.10174904018640518,Maximilian Beier,a,8137,OpenPlay,2023,RightFoot,23220,Freiburg,Hoffenheim,3,2,2024-01-20 14:30:00,,Rebound
518,559797,2,MissedShots,0.8119999694824219,0.48,0.062118686735630035,Maximilian Beier,h,8137,OpenPlay,2023,RightFoot,23232,Hoffenheim,FC Heidenheim,1,1,2024-01-27 14:30:00,Anton Stach,Pass
519,559799,9,BlockedShot,0.8,0.5209999847412109,0.09519039839506149,Maximilian Beier,h,8137,OpenPlay,2023,RightFoot,23232,Hoffenheim,FC Heidenheim,1,1,2024-01-27 14:30:00,,Dispossessed
520,559813,46,MissedShots,0.9569999694824218,0.65,0.01236194558441639,Maximilian Beier,h,8137,FromCorner,2023,Head,23232,Hoffenheim,FC Heidenheim,1,1,2024-01-27 14:30:00,Andrej Kramaric,Aerial
521,559815,48,BlockedShot,0.87,0.5640000152587891,0.07037866115570068,Maximilian Beier,h,8137,OpenPlay,2023,RightFoot,23232,Hoffenheim,FC Heidenheim,1,1,2024-01-27 14:30:00,Wout Weghorst,HeadPass
522,559819,49,SavedShot,0.9119999694824219,0.4590000152587891,0.3852141499519348,Maximilian Beier,h,8137,FromCorner,2023,LeftFoot,23232,Hoffenheim,FC Heidenheim,1,1,2024-01-27 14:30:00,Pavel Kaderábek,HeadPass
523,561737,5,Goal,0.9459999847412109,0.6580000305175782,0.3076270818710327,Maximilian Beier,a,8137,OpenPlay,2023,LeftFoot,23239,Wolfsburg,Hoffenheim,2,2,2024-02-04 14:30:00,Umut Tohumcu,TakeOn
524,561749,36,MissedShots,0.8490000152587891,0.620999984741211,0.0762873962521553,Maximilian Beier,a,8137,OpenPlay,2023,RightFoot,23239,Wolfsburg,Hoffenheim,2,2,2024-02-04 14:30:00,Andrej Kramaric,Pass
525,561759,72,SavedShot,0.8640000152587891,0.7480000305175781,0.2732907235622406,Maximilian Beier,a,8137,OpenPlay,2023,RightFoot,23239,Wolfsburg,Hoffenheim,2,2,2024-02-04 14:30:00,,BallRecovery
526,563184,63,BlockedShot,0.86,0.5990000152587891,0.06449826061725616,Maximilian Beier,h,8137,OpenPlay,2023,RightFoot,23247,Hoffenheim,FC Cologne,1,1,2024-02-11 16:30:00,,Rebound
527,563779,49,MissedShots,0.8619999694824219,0.5529999923706055,0.027036674320697784,Maximilian Beier,h,8137,OpenPlay,2023,Head,23259,Hoffenheim,Union Berlin,0,1,2024-02-17 14:30:00,Pavel Kaderábek,Cross
528,563786,67,MissedShots,0.8119999694824219,0.5259999847412109,0.037180107086896896,Maximilian Beier,h,8137,FromCorner,2023,LeftFoot,23259,Hoffenheim,Union Berlin,0,1,2024-02-17 14:30:00,Andrej Kramaric,Pass
529,563789,72,MissedShots,0.865999984741211,0.6029999923706054,0.11919430643320084,Maximilian Beier,h,8137,OpenPlay,2023,LeftFoot,23259,Hoffenheim,Union Berlin,0,1,2024-02-17 14:30:00,Wout Weghorst,TakeOn
530,563790,76,SavedShot,0.785,0.5890000152587891,0.031963855028152466,Maximilian Beier,h,8137,OpenPlay,2023,RightFoot,23259,Hoffenheim,Union Berlin,0,1,2024-02-17 14:30:00,Andrej Kramaric,Pass
531,565809,56,MissedShots,0.794000015258789,0.6780000305175782,0.022185219451785088,Maximilian Beier,a,8137,OpenPlay,2023,RightFoot,23270,Borussia Dortmund,Hoffenheim,2,3,2024-02-25 16:30:00,,BallRecovery
532,565810,60,Goal,0.764000015258789,0.585,0.03978151082992554,Maximilian Beier,a,8137,OpenPlay,2023,RightFoot,23270,Borussia Dortmund,Hoffenheim,2,3,2024-02-25 16:30:00,Florian Grillitsch,Pass
533,565812,63,Goal,0.9109999847412109,0.4759999847412109,0.6121630668640137,Maximilian Beier,a,8137,OpenPlay,2023,RightFoot,23270,Borussia Dortmund,Hoffenheim,2,3,2024-02-25 16:30:00,Anton Stach,Pass
534,567347,5,MissedShots,0.845999984741211,0.635,0.3195604979991913,Maximilian Beier,h,8137,OpenPlay,2023,LeftFoot,23277,Hoffenheim,Werder Bremen,2,1,2024-03-03 16:30:00,Umut Tohumcu,Throughball
535,567349,7,Goal,0.8930000305175781,0.5529999923706055,0.055978819727897644,Maximilian Beier,h,8137,FromCorner,2023,RightFoot,23277,Hoffenheim,Werder Bremen,2,1,2024-03-03 16:30:00,Anton Stach,Cross
536,567352,18,SavedShot,0.8719999694824219,0.6090000152587891,0.06805312633514404,Maximilian Beier,h,8137,OpenPlay,2023,LeftFoot,23277,Hoffenheim,Werder Bremen,2,1,2024-03-03 16:30:00,Oliver Baumann,Pass
537,567360,43,Goal,0.9230000305175782,0.5729999923706055,0.46037447452545166,Maximilian Beier,h,8137,OpenPlay,2023,LeftFoot,23277,Hoffenheim,Werder Bremen,2,1,2024-03-03 16:30:00,Ihlas Bebou,Pass
538,567364,57,SavedShot,0.904000015258789,0.46299999237060546,0.5012797117233276,Maximilian Beier,h,8137,OpenPlay,2023,LeftFoot,23277,Hoffenheim,Werder Bremen,2,1,2024-03-03 16:30:00,Ihlas Bebou,Pass
539,568795,73,MissedShots,0.909000015258789,0.6869999694824219,0.03986818343400955,Maximilian Beier,a,8137,OpenPlay,2023,LeftFoot,23284,Eintracht Frankfurt,Hoffenheim,3,1,2024-03-10 16:30:00,Florian Grillitsch,Chipped
540,568797,77,BlockedShot,0.899000015258789,0.659000015258789,0.043461598455905914,Maximilian Beier,a,8137,OpenPlay,2023,RightFoot,23284,Eintracht Frankfurt,Hoffenheim,3,1,2024-03-10 16:30:00,Florian Grillitsch,Chipped
541,569610,52,MissedShots,0.915,0.5929999923706055,0.0636664479970932,Maximilian Beier,h,8137,OpenPlay,2023,RightFoot,23296,Hoffenheim,VfB Stuttgart,0,3,2024-03-16 17:30:00,David Jurásek,Cross
542,570616,32,Goal,0.9209999847412109,0.6419999694824219,0.31041961908340454,Maximilian Beier,a,8137,OpenPlay,2023,RightFoot,23301,Bayer Leverkusen,Hoffenheim,2,1,2024-03-30 14:30:00,Wout Weghorst,Pass
543,570625,47,BlockedShot,0.74,0.6730000305175782,0.03753546252846718,Maximilian Beier,a,8137,OpenPlay,2023,RightFoot,23301,Bayer Leverkusen,Hoffenheim,2,1,2024-03-30 14:30:00,David Jurásek,Pass
544,572952,22,MissedShots,0.9419999694824219,0.5779999923706055,0.2957710325717926,Maximilian Beier,h,8137,OpenPlay,2023,Head,23314,Hoffenheim,Augsburg,3,1,2024-04-07 13:30:00,Pavel Kaderábek,Cross
545,572960,51,BlockedShot,0.875,0.34200000762939453,0.10888118296861649,Maximilian Beier,h,8137,OpenPlay,2023,RightFoot,23314,Hoffenheim,Augsburg,3,1,2024-04-07 13:30:00,David Jurásek,Pass
546,572962,57,SavedShot,0.8630000305175781,0.509000015258789,0.10988228768110275,Maximilian Beier,h,8137,OpenPlay,2023,RightFoot,23314,Hoffenheim,Augsburg,3,1,2024-04-07 13:30:00,Pavel Kaderábek,Cross
547,572976,83,SavedShot,0.79,0.5970000076293945,0.024035632610321045,Maximilian Beier,h,8137,FromCorner,2023,RightFoot,23314,Hoffenheim,Augsburg,3,1,2024-04-07 13:30:00,,None
548,573594,2,MissedShots,0.8619999694824219,0.634000015258789,0.05266997590661049,Maximilian Beier,a,8137,SetPiece,2023,RightFoot,23320,Mainz 05,Hoffenheim,4,1,2024-04-13 13:30:00,,None
549,573605,35,BlockedShot,0.855,0.7180000305175781,0.06163608655333519,Maximilian Beier,a,8137,OpenPlay,2023,RightFoot,23320,Mainz 05,Hoffenheim,4,1,2024-04-13 13:30:00,Wout Weghorst,Pass
550,574898,31,ShotOnPost,0.9330000305175781,0.5770000076293945,0.24838335812091827,Maximilian Beier,h,8137,OpenPlay,2023,Head,23332,Hoffenheim,Borussia M.Gladbach,4,3,2024-04-20 13:30:00,Grischa Prömel,Cross
551,574913,52,SavedShot,0.7709999847412109,0.7130000305175781,0.019728928804397583,Maximilian Beier,h,8137,OpenPlay,2023,RightFoot,23332,Hoffenheim,Borussia M.Gladbach,4,3,2024-04-20 13:30:00,Robert Skov,TakeOn
552,574923,68,BlockedShot,0.914000015258789,0.3110000038146973,0.11159126460552216,Maximilian Beier,h,8137,OpenPlay,2023,RightFoot,23332,Hoffenheim,Borussia M.Gladbach,4,3,2024-04-20 13:30:00,Wout Weghorst,Pass
553,576453,22,BlockedShot,0.8619999694824219,0.6480000305175782,0.05545002967119217,Maximilian Beier,a,8137,OpenPlay,2023,RightFoot,23341,Bochum,Hoffenheim,3,2,2024-04-26 18:30:00,Grischa Prömel,Chipped
554,578042,63,SavedShot,0.8859999847412109,0.519000015258789,0.20946966111660004,Maximilian Beier,h,8137,OpenPlay,2023,Head,23349,Hoffenheim,RasenBallsport Leipzig,1,1,2024-05-03 18:30:00,Andrej Kramaric,Cross
555,580379,5,Goal,0.89,0.32599998474121095,0.32264673709869385,Maximilian Beier,a,8137,OpenPlay,2023,RightFoot,23361,Darmstadt,Hoffenheim,0,6,2024-05-12 13:30:00,Pavel Kaderábek,Throughball
556,580387,43,Goal,0.8569999694824219,0.5320000076293945,0.4597993791103363,Maximilian Beier,a,8137,OpenPlay,2023,RightFoot,23361,Darmstadt,Hoffenheim,0,6,2024-05-12 13:30:00,Ihlas Bebou,Throughball
557,581729,7,Goal,0.88,0.48200000762939454,0.3403896689414978,Maximilian Beier,h,8137,OpenPlay,2023,RightFoot,23367,Hoffenheim,Bayern Munich,4,2,2024-05-18 13:30:00,Andrej Kramaric,Pass
558,581735,29,SavedShot,0.8469999694824218,0.4209999847412109,0.05615008622407913,Maximilian Beier,h,8137,OpenPlay,2023,RightFoot,23367,Hoffenheim,Bayern Munich,4,2,2024-05-18 13:30:00,,None
559,581739,47,MissedShots,0.8680000305175781,0.31,0.040840473026037216,Maximilian Beier,h,8137,OpenPlay,2023,RightFoot,23367,Hoffenheim,Bayern Munich,4,2,2024-05-18 13:30:00,Andrej Kramaric,Pass
560,581745,66,MissedShots,0.8680000305175781,0.5479999923706055,0.09197238832712173,Maximilian Beier,h,8137,OpenPlay,2023,RightFoot,23367,Hoffenheim,Bayern Munich,4,2,2024-05-18 13:30:00,David Jurásek,Pass
561,590369,89,BlockedShot,0.8440000152587891,0.5479999923706055,0.08599820733070374,Maximilian Beier,h,8137,OpenPlay,2024,LeftFoot,27760,Borussia Dortmund,FC Heidenheim,4,2,2024-09-13 18:30:00,,None
562,595396,54,SavedShot,0.8780000305175781,0.40599998474121096,0.3752153813838959,Maximilian Beier,a,8137,OpenPlay,2024,RightFoot,27791,Union Berlin,Borussia Dortmund,2,1,2024-10-05 13:30:00,Julian Brandt,Pass
563,595397,57,MissedShots,0.855,0.30100000381469727,0.07310599088668823,Maximilian Beier,a,8137,OpenPlay,2024,RightFoot,27791,Union Berlin,Borussia Dortmund,2,1,2024-10-05 13:30:00,Julian Brandt,Pass
564,600271,9,MissedShots,0.9180000305175782,0.4470000076293945,0.3205581307411194,Maximilian Beier,h,8137,OpenPlay,2024,Head,27816,Borussia Dortmund,RasenBallsport Leipzig,2,1,2024-11-02 17:30:00,Jamie Bynoe-Gittens,Cross
565,600278,29,Goal,0.960999984741211,0.5179999923706055,0.6632047891616821,Maximilian Beier,h,8137,FromCorner,2024,RightFoot,27816,Borussia Dortmund,RasenBallsport Leipzig,2,1,2024-11-02 17:30:00,Felix Nmecha,Rebound
566,600294,73,MissedShots,0.885,0.3629999923706055,0.11254717409610748,Maximilian Beier,h,8137,OpenPlay,2024,RightFoot,27816,Borussia Dortmund,RasenBallsport Leipzig,2,1,2024-11-02 17:30:00,Felix Nmecha,Pass
567,602743,6,Goal,0.9119999694824219,0.415,0.4087110757827759,Maximilian Beier,h,8137,OpenPlay,2024,RightFoot,27835,Borussia Dortmund,Freiburg,4,0,2024-11-23 14:30:00,Ramy Bensebaini,Pass
568,602757,49,BlockedShot,0.8540000152587891,0.3559999847412109,0.0749424397945404,Maximilian Beier,h,8137,OpenPlay,2024,RightFoot,27835,Borussia Dortmund,Freiburg,4,0,2024-11-23 14:30:00,,BallRecovery
569,604376,93,BlockedShot,0.8909999847412109,0.3609999847412109,0.027438681572675705,Maximilian Beier,h,8137,SetPiece,2024,RightFoot,27842,Borussia Dortmund,Bayern Munich,1,1,2024-11-30 17:30:00,Nico Schlotterbeck,Aerial
570,606036,17,MissedShots,0.89,0.37400001525878906,0.07026614993810654,Maximilian Beier,a,8137,OpenPlay,2024,LeftFoot,27854,Borussia M.Gladbach,Borussia Dortmund,1,1,2024-12-07 17:30:00,,None
571,608826,1,MissedShots,0.9309999847412109,0.4420000076293945,0.3619210720062256,Maximilian Beier,a,8137,OpenPlay,2024,RightFoot,27874,Wolfsburg,Borussia Dortmund,1,3,2024-12-22 16:30:00,Donyell Malen,Cross
572,608833,27,Goal,0.87,0.5429999923706055,0.3749428689479828,Maximilian Beier,a,8137,OpenPlay,2024,RightFoot,27874,Wolfsburg,Borussia Dortmund,1,3,2024-12-22 16:30:00,Julian Brandt,Throughball
573,608839,51,MissedShots,0.8030000305175782,0.615999984741211,0.058780547231435776,Maximilian Beier,a,8137,OpenPlay,2024,RightFoot,27874,Wolfsburg,Borussia Dortmund,1,3,2024-12-22 16:30:00,Pascal Groß,Pass
574,428373,39,SavedShot,0.904000015258789,0.6780000305175782,0.0702534019947052,Donyell Malen,h,9749,OpenPlay,2021,RightFoot,17534,Borussia Dortmund,Hoffenheim,3,2,2021-08-27 18:30:00,Marco Reus,Pass
575,428382,65,SavedShot,0.794000015258789,0.6519999694824219,0.02793779969215393,Donyell Malen,h,9749,OpenPlay,2021,RightFoot,17534,Borussia Dortmund,Hoffenheim,3,2,2021-08-27 18:30:00,Marco Reus,Pass
576,428385,69,SavedShot,0.9380000305175781,0.6759999847412109,0.07664869725704193,Donyell Malen,h,9749,OpenPlay,2021,LeftFoot,17534,Borussia Dortmund,Hoffenheim,3,2,2021-08-27 18:30:00,Julian Brandt,Pass
577,432000,18,SavedShot,0.7319999694824219,0.725,0.012348400428891182,Donyell Malen,h,9749,OpenPlay,2021,RightFoot,17559,Borussia Dortmund,Union Berlin,4,2,2021-09-19 15:30:00,,None
578,432009,58,SavedShot,0.7680000305175781,0.5629999923706055,0.04557029902935028,Donyell Malen,h,9749,OpenPlay,2021,RightFoot,17559,Borussia Dortmund,Union Berlin,4,2,2021-09-19 15:30:00,Raphael Guerreiro,Pass
579,433640,46,MissedShots,0.8959999847412109,0.445,0.05892229825258255,Donyell Malen,a,9749,OpenPlay,2021,Head,17567,Borussia M.Gladbach,Borussia Dortmund,1,0,2021-09-25 16:30:00,Thomas Meunier,Cross
580,434750,29,MissedShots,0.9009999847412109,0.645,0.05935230106115341,Donyell Malen,h,9749,OpenPlay,2021,RightFoot,17576,Borussia Dortmund,Augsburg,2,1,2021-10-02 13:30:00,Marius Wolf,Cross
581,434756,56,BlockedShot,0.96,0.605999984741211,0.13140900433063507,Donyell Malen,h,9749,OpenPlay,2021,LeftFoot,17576,Borussia Dortmund,Augsburg,2,1,2021-10-02 13:30:00,Thorgan Hazard,Pass
582,434761,61,BlockedShot,0.9380000305175781,0.6509999847412109,0.10059700161218643,Donyell Malen,h,9749,OpenPlay,2021,RightFoot,17576,Borussia Dortmund,Augsburg,2,1,2021-10-02 13:30:00,Jude Bellingham,Pass
583,437697,6,SavedShot,0.710999984741211,0.47900001525878905,0.015533500351011753,Donyell Malen,a,9749,OpenPlay,2021,RightFoot,17590,Arminia Bielefeld,Borussia Dortmund,1,3,2021-10-23 13:30:00,Marco Reus,Pass
584,437698,7,MissedShots,0.975999984741211,0.5459999847412109,0.5484340190887451,Donyell Malen,a,9749,FromCorner,2021,Head,17590,Arminia Bielefeld,Borussia Dortmund,1,3,2021-10-23 13:30:00,Thorgan Hazard,Cross
585,439602,70,SavedShot,0.7230000305175781,0.794000015258789,0.010715500451624393,Donyell Malen,h,9749,OpenPlay,2021,RightFoot,17605,Borussia Dortmund,FC Cologne,2,0,2021-10-30 13:30:00,Julian Brandt,TakeOn
586,439606,83,MissedShots,0.9209999847412109,0.515,0.5132499933242798,Donyell Malen,h,9749,OpenPlay,2021,RightFoot,17605,Borussia Dortmund,FC Cologne,2,0,2021-10-30 13:30:00,Steffen Tigges,Cross
587,442367,12,MissedShots,0.9069999694824219,0.4929999923706055,0.24210099875926971,Donyell Malen,h,9749,FromCorner,2021,Head,17623,Borussia Dortmund,VfB Stuttgart,2,1,2021-11-20 14:30:00,Julian Brandt,Chipped
588,442379,52,BlockedShot,0.71,0.5670000076293945,0.01580600067973137,Donyell Malen,h,9749,OpenPlay,2021,RightFoot,17623,Borussia Dortmund,VfB Stuttgart,2,1,2021-11-20 14:30:00,Julian Brandt,Pass
589,442382,55,Goal,0.7909999847412109,0.4229999923706055,0.037420500069856644,Donyell Malen,h,9749,OpenPlay,2021,RightFoot,17623,Borussia Dortmund,VfB Stuttgart,2,1,2021-11-20 14:30:00,Raphael Guerreiro,Pass
590,442392,79,MissedShots,0.855,0.6480000305175782,0.06480029970407486,Donyell Malen,h,9749,OpenPlay,2021,RightFoot,17623,Borussia Dortmund,VfB Stuttgart,2,1,2021-11-20 14:30:00,Thorgan Hazard,Pass
591,443948,15,SavedShot,0.81,0.25,0.020194200798869133,Donyell Malen,a,9749,OpenPlay,2021,RightFoot,17630,Wolfsburg,Borussia Dortmund,1,3,2021-11-27 14:30:00,Emre Can,TakeOn
592,443959,54,Goal,0.785,0.5629999923706055,0.03478899970650673,Donyell Malen,a,9749,OpenPlay,2021,RightFoot,17630,Wolfsburg,Borussia Dortmund,1,3,2021-11-27 14:30:00,Marco Reus,TakeOn
593,446375,94,SavedShot,0.885,0.685,0.044065799564123154,Donyell Malen,h,9749,SetPiece,2021,RightFoot,17641,Borussia Dortmund,Bayern Munich,2,3,2021-12-04 17:30:00,,None
594,448994,88,Goal,0.9519999694824218,0.5779999923706055,0.450437992811203,Donyell Malen,h,9749,OpenPlay,2021,RightFoot,17659,Borussia Dortmund,Greuther Fuerth,3,0,2021-12-15 19:30:00,Julian Brandt,Cross
595,452249,46,ShotOnPost,0.9740000152587891,0.5529999923706055,0.591385006904602,Donyell Malen,a,9749,FromCorner,2021,RightFoot,17675,Eintracht Frankfurt,Borussia Dortmund,2,3,2022-01-08 17:30:00,,None
596,452254,64,MissedShots,0.89,0.4209999847412109,0.04996589943766594,Donyell Malen,a,9749,SetPiece,2021,Head,17675,Eintracht Frankfurt,Borussia Dortmund,2,3,2022-01-08 17:30:00,Raphael Guerreiro,Cross
597,452260,76,SavedShot,0.9230000305175782,0.25,0.020442400127649307,Donyell Malen,a,9749,OpenPlay,2021,RightFoot,17675,Eintracht Frankfurt,Borussia Dortmund,2,3,2022-01-08 17:30:00,Marco Reus,TakeOn
598,452971,10,MissedShots,0.8430000305175781,0.6179999923706054,0.05860750004649162,Donyell Malen,h,9749,OpenPlay,2021,RightFoot,17686,Borussia Dortmund,Freiburg,5,1,2022-01-14 19:30:00,Mahmoud Dahoud,Pass
599,452975,31,BlockedShot,0.905,0.3870000076293945,0.1278180032968521,Donyell Malen,h,9749,OpenPlay,2021,RightFoot,17686,Borussia Dortmund,Freiburg,5,1,2022-01-14 19:30:00,Marco Reus,TakeOn
600,452986,52,BlockedShot,0.845999984741211,0.5159999847412109,0.0965408980846405,Donyell Malen,h,9749,OpenPlay,2021,RightFoot,17686,Borussia Dortmund,Freiburg,5,1,2022-01-14 19:30:00,Marco Reus,BallTouch
601,456277,56,SavedShot,0.8519999694824218,0.720999984741211,0.03365189954638481,Donyell Malen,h,9749,OpenPlay,2021,RightFoot,17703,Borussia Dortmund,Bayer Leverkusen,2,5,2022-02-06 14:30:00,Julian Brandt,Pass
602,457587,15,MissedShots,0.855,0.5170000076293946,0.10276299715042114,Donyell Malen,a,9749,OpenPlay,2021,LeftFoot,17710,Union Berlin,Borussia Dortmund,0,3,2022-02-13 14:30:00,Julian Brandt,Pass
603,457592,35,SavedShot,0.8440000152587891,0.5979999923706054,0.06760650128126144,Donyell Malen,a,9749,OpenPlay,2021,RightFoot,17710,Union Berlin,Borussia Dortmund,0,3,2022-02-13 14:30:00,,None
604,457593,41,BlockedShot,0.9419999694824219,0.35200000762939454,0.10524400323629379,Donyell Malen,a,9749,OpenPlay,2021,RightFoot,17710,Union Berlin,Borussia Dortmund,0,3,2022-02-13 14:30:00,Mahmoud Dahoud,Pass
605,457600,70,SavedShot,0.9819999694824219,0.5320000076293945,0.9334909915924072,Donyell Malen,a,9749,OpenPlay,2021,RightFoot,17710,Union Berlin,Borussia Dortmund,0,3,2022-02-13 14:30:00,Jude Bellingham,Pass
606,458873,4,MissedShots,0.91,0.7140000152587891,0.06844279915094376,Donyell Malen,h,9749,OpenPlay,2021,LeftFoot,17721,Borussia Dortmund,Borussia M.Gladbach,6,0,2022-02-20 16:30:00,Marco Reus,Pass
607,458878,25,SavedShot,0.89,0.6659999847412109,0.06916440278291702,Donyell Malen,h,9749,OpenPlay,2021,RightFoot,17721,Borussia Dortmund,Borussia M.Gladbach,6,0,2022-02-20 16:30:00,Raphael Guerreiro,Pass
608,458881,31,Goal,0.8480000305175781,0.5570000076293945,0.3350290060043335,Donyell Malen,h,9749,OpenPlay,2021,RightFoot,17721,Borussia Dortmund,Borussia M.Gladbach,6,0,2022-02-20 16:30:00,Marco Reus,Throughball
609,458887,60,MissedShots,0.8680000305175781,0.19200000762939454,0.036806799471378326,Donyell Malen,h,9749,OpenPlay,2021,RightFoot,17721,Borussia Dortmund,Borussia M.Gladbach,6,0,2022-02-20 16:30:00,Mahmoud Dahoud,Pass
610,460441,2,SavedShot,0.725999984741211,0.335,0.019683100283145905,Donyell Malen,a,9749,OpenPlay,2021,RightFoot,17725,Augsburg,Borussia Dortmund,1,1,2022-02-27 16:30:00,Mahmoud Dahoud,Pass
611,460450,50,SavedShot,0.8519999694824218,0.7140000152587891,0.04337580129504204,Donyell Malen,a,9749,OpenPlay,2021,RightFoot,17725,Augsburg,Borussia Dortmund,1,1,2022-02-27 16:30:00,Mahmoud Dahoud,Pass
612,460451,54,MissedShots,0.9330000305175781,0.32799999237060545,0.0851086974143982,Donyell Malen,a,9749,OpenPlay,2021,RightFoot,17725,Augsburg,Borussia Dortmund,1,1,2022-02-27 16:30:00,Axel Witsel,TakeOn
613,463226,7,BlockedShot,0.8569999694824219,0.4640000152587891,0.09491880238056183,Donyell Malen,h,9749,OpenPlay,2021,RightFoot,17749,Borussia Dortmund,Arminia Bielefeld,1,0,2022-03-13 16:30:00,Marius Wolf,Pass
614,463227,8,MissedShots,0.850999984741211,0.44,0.05219550058245659,Donyell Malen,h,9749,FromCorner,2021,RightFoot,17749,Borussia Dortmund,Arminia Bielefeld,1,0,2022-03-13 16:30:00,Thorgan Hazard,Pass
615,463236,39,MissedShots,0.7780000305175782,0.524000015258789,0.04916569963097572,Donyell Malen,h,9749,OpenPlay,2021,RightFoot,17749,Borussia Dortmund,Arminia Bielefeld,1,0,2022-03-13 16:30:00,,Tackle
616,463243,58,ShotOnPost,0.8680000305175781,0.30100000381469727,0.06081650033593178,Donyell Malen,h,9749,OpenPlay,2021,RightFoot,17749,Borussia Dortmund,Arminia Bielefeld,1,0,2022-03-13 16:30:00,Marius Wolf,Pass
617,463558,64,MissedShots,0.8909999847412109,0.71,0.042136300355196,Donyell Malen,a,9749,OpenPlay,2021,RightFoot,17736,Mainz 05,Borussia Dortmund,0,1,2022-03-16 17:30:00,Thorgan Hazard,Pass
618,465421,70,BlockedShot,0.8540000152587891,0.635,0.062306199222803116,Donyell Malen,h,9749,OpenPlay,2021,RightFoot,17767,Borussia Dortmund,RasenBallsport Leipzig,1,4,2022-04-02 16:30:00,Thorgan Hazard,Pass
619,465425,83,Goal,0.950999984741211,0.5359999847412109,0.4569379985332489,Donyell Malen,h,9749,FromCorner,2021,Head,17767,Borussia Dortmund,RasenBallsport Leipzig,1,4,2022-04-02 16:30:00,Emre Can,Chipped
620,465424,83,MissedShots,0.924000015258789,0.4809999847412109,0.10346200317144394,Donyell Malen,h,9749,FromCorner,2021,RightFoot,17767,Borussia Dortmund,RasenBallsport Leipzig,1,4,2022-04-02 16:30:00,Jude Bellingham,BallTouch
621,479430,73,MissedShots,0.865999984741211,0.715999984741211,0.04867640137672424,Donyell Malen,h,9749,OpenPlay,2022,RightFoot,19348,Borussia Dortmund,Bayer Leverkusen,1,0,2022-08-06 16:30:00,Raphael Guerreiro,Pass
622,480038,3,SavedShot,0.81,0.4979999923706055,0.05292610079050064,Donyell Malen,a,9749,OpenPlay,2022,RightFoot,19351,Freiburg,Borussia Dortmund,1,3,2022-08-12 18:30:00,Marco Reus,Pass
623,488738,45,SavedShot,0.9290000152587891,0.6379999923706055,0.13638900220394135,Donyell Malen,h,9749,OpenPlay,2022,LeftFoot,19397,Borussia Dortmund,Schalke 04,1,0,2022-09-17 13:30:00,Marius Wolf,TakeOn
624,489918,17,SavedShot,0.8809999847412109,0.7180000305175781,0.037735700607299805,Donyell Malen,a,9749,OpenPlay,2022,RightFoot,19408,FC Cologne,Borussia Dortmund,3,2,2022-10-01 13:30:00,Jude Bellingham,Chipped
625,489919,26,MissedShots,0.8669999694824219,0.6170000076293946,0.33459800481796265,Donyell Malen,a,9749,OpenPlay,2022,LeftFoot,19408,FC Cologne,Borussia Dortmund,3,2,2022-10-01 13:30:00,Karim Adeyemi,Pass
626,489926,39,SavedShot,0.9130000305175782,0.6229999923706054,0.34779900312423706,Donyell Malen,a,9749,OpenPlay,2022,LeftFoot,19408,FC Cologne,Borussia Dortmund,3,2,2022-10-01 13:30:00,Thomas Meunier,Pass
627,489928,43,BlockedShot,0.7380000305175781,0.5129999923706055,0.02716810069978237,Donyell Malen,a,9749,OpenPlay,2022,RightFoot,19408,FC Cologne,Borussia Dortmund,3,2,2022-10-01 13:30:00,Raphael Guerreiro,Pass
628,489932,49,BlockedShot,0.7619999694824219,0.355,0.06220389902591705,Donyell Malen,a,9749,DirectFreekick,2022,RightFoot,19408,FC Cologne,Borussia Dortmund,3,2,2022-10-01 13:30:00,,Standard
629,489936,54,MissedShots,0.965,0.675,0.0630405992269516,Donyell Malen,a,9749,OpenPlay,2022,LeftFoot,19408,FC Cologne,Borussia Dortmund,3,2,2022-10-01 13:30:00,Anthony Modeste,Pass
630,491744,20,BlockedShot,0.865999984741211,0.34599998474121096,0.06449290364980698,Donyell Malen,h,9749,OpenPlay,2022,RightFoot,19414,Borussia Dortmund,Bayern Munich,2,2,2022-10-08 16:30:00,Julian Brandt,Pass
631,491748,35,SavedShot,0.895,0.40200000762939453,0.10260900110006332,Donyell Malen,h,9749,OpenPlay,2022,RightFoot,19414,Borussia Dortmund,Bayern Munich,2,2,2022-10-08 16:30:00,Julian Brandt,Throughball
632,493822,60,BlockedShot,0.9169999694824219,0.28899999618530275,0.01628590002655983,Donyell Malen,a,9749,OpenPlay,2022,RightFoot,19425,Union Berlin,Borussia Dortmund,2,0,2022-10-16 15:30:00,Jude Bellingham,Cross
633,496728,7,BlockedShot,0.8019999694824219,0.524000015258789,0.05199280008673668,Donyell Malen,a,9749,OpenPlay,2022,RightFoot,19445,Eintracht Frankfurt,Borussia Dortmund,1,2,2022-10-29 16:30:00,Thorgan Hazard,Pass
634,498996,10,BlockedShot,0.909000015258789,0.544000015258789,0.09628300368785858,Donyell Malen,a,9749,OpenPlay,2022,RightFoot,19464,Wolfsburg,Borussia Dortmund,2,0,2022-11-08 17:30:00,Niklas Süle,Cross
635,498997,18,SavedShot,0.8880000305175781,0.529000015258789,0.08470270037651062,Donyell Malen,a,9749,OpenPlay,2022,RightFoot,19464,Wolfsburg,Borussia Dortmund,2,0,2022-11-08 17:30:00,Raphael Guerreiro,Cross
636,499000,20,MissedShots,0.7219999694824218,0.5279999923706055,0.017725899815559387,Donyell Malen,a,9749,OpenPlay,2022,RightFoot,19464,Wolfsburg,Borussia Dortmund,2,0,2022-11-08 17:30:00,Raphael Guerreiro,Pass
637,498999,20,SavedShot,0.89,0.715999984741211,0.04501790180802345,Donyell Malen,a,9749,OpenPlay,2022,RightFoot,19464,Wolfsburg,Borussia Dortmund,2,0,2022-11-08 17:30:00,Nico Schlotterbeck,TakeOn
638,499758,42,SavedShot,0.9590000152587891,0.5,0.6863189935684204,Donyell Malen,a,9749,OpenPlay,2022,RightFoot,19472,Borussia M.Gladbach,Borussia Dortmund,4,2,2022-11-11 19:30:00,Giovanni Reyna,Pass
639,504984,15,SavedShot,0.9519999694824218,0.5529999923706055,0.08855479955673218,Donyell Malen,h,9749,OpenPlay,2022,Head,19477,Borussia Dortmund,Augsburg,4,3,2023-01-22 14:30:00,Julian Ryerson,Aerial
640,504985,17,SavedShot,0.8880000305175781,0.69,0.05280039831995964,Donyell Malen,h,9749,OpenPlay,2022,LeftFoot,19477,Borussia Dortmund,Augsburg,4,3,2023-01-22 14:30:00,Raphael Guerreiro,Pass
641,504990,30,BlockedShot,0.9480000305175781,0.700999984741211,0.06222299858927727,Donyell Malen,h,9749,OpenPlay,2022,RightFoot,19477,Borussia Dortmund,Augsburg,4,3,2023-01-22 14:30:00,Julian Brandt,Pass
642,504991,34,BlockedShot,0.8180000305175781,0.435,0.07575149834156036,Donyell Malen,h,9749,OpenPlay,2022,RightFoot,19477,Borussia Dortmund,Augsburg,4,3,2023-01-22 14:30:00,Raphael Guerreiro,Pass
643,505436,37,SavedShot,0.7919999694824219,0.465,0.04237530007958412,Donyell Malen,a,9749,OpenPlay,2022,RightFoot,19489,Mainz 05,Borussia Dortmund,1,2,2023-01-25 17:30:00,Karim Adeyemi,Pass
644,510333,29,MissedShots,0.8540000152587891,0.759000015258789,0.030955500900745392,Donyell Malen,h,9749,OpenPlay,2022,RightFoot,19522,Borussia Dortmund,Hertha Berlin,4,1,2023-02-19 16:30:00,Marco Reus,Pass
645,510334,30,Goal,0.98,0.4329999923706055,0.6131460070610046,Donyell Malen,h,9749,OpenPlay,2022,RightFoot,19522,Borussia Dortmund,Hertha Berlin,4,1,2023-02-19 16:30:00,Karim Adeyemi,Pass
646,513719,29,SavedShot,0.9259999847412109,0.4179999923706055,0.11653400212526321,Donyell Malen,a,9749,OpenPlay,2022,RightFoot,19556,Schalke 04,Borussia Dortmund,2,2,2023-03-11 17:30:00,Jude Bellingham,TakeOn
647,513724,43,BlockedShot,0.91,0.30100000381469727,0.06662169843912125,Donyell Malen,a,9749,OpenPlay,2022,RightFoot,19556,Schalke 04,Borussia Dortmund,2,2,2023-03-11 17:30:00,,None
648,515240,31,SavedShot,0.9259999847412109,0.4640000152587891,0.6001629829406738,Donyell Malen,h,9749,OpenPlay,2022,RightFoot,19558,Borussia Dortmund,FC Cologne,6,1,2023-03-18 17:30:00,Jude Bellingham,Throughball
649,515242,35,Goal,0.894000015258789,0.33599998474121096,0.07962840050458908,Donyell Malen,h,9749,OpenPlay,2022,RightFoot,19558,Borussia Dortmund,FC Cologne,6,1,2023-03-18 17:30:00,Niklas Süle,Pass
650,516618,66,SavedShot,0.7069999694824218,0.49900001525878906,0.012833899818360806,Donyell Malen,a,9749,OpenPlay,2022,RightFoot,19574,Bayern Munich,Borussia Dortmund,4,2,2023-04-01 16:30:00,Jude Bellingham,Pass
651,516622,86,MissedShots,0.7969999694824219,0.37,0.0331760011613369,Donyell Malen,a,9749,OpenPlay,2022,RightFoot,19574,Bayern Munich,Borussia Dortmund,4,2,2023-04-01 16:30:00,,BallRecovery
652,516623,89,Goal,0.86,0.6680000305175782,0.050495799630880356,Donyell Malen,a,9749,OpenPlay,2022,RightFoot,19574,Bayern Munich,Borussia Dortmund,4,2,2023-04-01 16:30:00,Raphael Guerreiro,Pass
653,517956,27,Goal,0.9690000152587891,0.4779999923706055,0.631667971611023,Donyell Malen,h,9749,OpenPlay,2022,RightFoot,19576,Borussia Dortmund,Union Berlin,2,1,2023-04-08 13:30:00,Raphael Guerreiro,Cross
654,517960,40,MissedShots,0.9469999694824218,0.355,0.042075999081134796,Donyell Malen,h,9749,FromCorner,2022,RightFoot,19576,Borussia Dortmund,Union Berlin,2,1,2023-04-08 13:30:00,Julian Brandt,Cross
655,517962,42,MissedShots,0.715999984741211,0.5259999847412109,0.024056900292634964,Donyell Malen,h,9749,OpenPlay,2022,RightFoot,19576,Borussia Dortmund,Union Berlin,2,1,2023-04-08 13:30:00,Mats Hummels,Pass
656,519321,32,Goal,0.8580000305175781,0.53,0.06709799915552139,Donyell Malen,a,9749,FromCorner,2022,RightFoot,19591,VfB Stuttgart,Borussia Dortmund,3,3,2023-04-15 13:30:00,,None
657,519322,41,SavedShot,0.9359999847412109,0.46700000762939453,0.1458739936351776,Donyell Malen,a,9749,OpenPlay,2022,RightFoot,19591,VfB Stuttgart,Borussia Dortmund,3,3,2023-04-15 13:30:00,Jude Bellingham,Pass
658,519329,66,MissedShots,0.88,0.30100000381469727,0.06924170255661011,Donyell Malen,a,9749,OpenPlay,2022,RightFoot,19591,VfB Stuttgart,Borussia Dortmund,3,3,2023-04-15 13:30:00,Jude Bellingham,Pass
659,521039,13,BlockedShot,0.769000015258789,0.629000015258789,0.07029546052217484,Donyell Malen,h,9749,DirectFreekick,2022,RightFoot,19594,Borussia Dortmund,Eintracht Frankfurt,4,0,2023-04-22 16:30:00,,Standard
660,521042,23,Goal,0.9209999847412109,0.43099998474121093,0.3913125693798065,Donyell Malen,h,9749,OpenPlay,2022,RightFoot,19594,Borussia Dortmund,Eintracht Frankfurt,4,0,2023-04-22 16:30:00,Karim Adeyemi,HeadPass
661,521056,59,SavedShot,0.8730000305175781,0.29700000762939455,0.06232296675443649,Donyell Malen,h,9749,OpenPlay,2022,RightFoot,19594,Borussia Dortmund,Eintracht Frankfurt,4,0,2023-04-22 16:30:00,Jude Bellingham,Pass
662,521059,65,Goal,0.8819999694824219,0.34200000762939453,0.09134037047624588,Donyell Malen,h,9749,OpenPlay,2022,RightFoot,19594,Borussia Dortmund,Eintracht Frankfurt,4,0,2023-04-22 16:30:00,Karim Adeyemi,Pass
663,522462,16,BlockedShot,0.8680000305175781,0.315,0.04504925012588501,Donyell Malen,a,9749,OpenPlay,2022,RightFoot,19609,Bochum,Borussia Dortmund,1,1,2023-04-28 18:30:00,Emre Can,Pass
664,522469,39,SavedShot,0.865999984741211,0.5120000076293946,0.06434211134910583,Donyell Malen,a,9749,OpenPlay,2022,RightFoot,19609,Bochum,Borussia Dortmund,1,1,2023-04-28 18:30:00,Raphael Guerreiro,Cross
665,522480,64,MissedShots,0.7869999694824219,0.56,0.05351988971233368,Donyell Malen,a,9749,OpenPlay,2022,RightFoot,19609,Bochum,Borussia Dortmund,1,1,2023-04-28 18:30:00,Raphael Guerreiro,LayOff
666,522486,81,MissedShots,0.9130000305175782,0.4420000076293945,0.09603859484195709,Donyell Malen,a,9749,OpenPlay,2022,RightFoot,19609,Bochum,Borussia Dortmund,1,1,2023-04-28 18:30:00,Julian Ryerson,Cross
667,525178,31,MissedShots,0.9230000305175782,0.3920000076293945,0.4671844244003296,Donyell Malen,h,9749,OpenPlay,2022,RightFoot,19612,Borussia Dortmund,Wolfsburg,6,0,2023-05-07 15:30:00,Julian Brandt,Pass
668,525180,36,Goal,0.9459999847412109,0.525,0.6472133994102478,Donyell Malen,h,9749,OpenPlay,2022,RightFoot,19612,Borussia Dortmund,Wolfsburg,6,0,2023-05-07 15:30:00,Julian Brandt,Pass
669,526192,4,Goal,0.9830000305175781,0.46599998474121096,0.8763928413391113,Donyell Malen,h,9749,OpenPlay,2022,Head,19622,Borussia Dortmund,Borussia M.Gladbach,5,2,2023-05-13 16:30:00,,Rebound
670,526191,4,SavedShot,0.98,0.4879999923706055,0.8805189728736877,Donyell Malen,h,9749,OpenPlay,2022,Head,19622,Borussia Dortmund,Borussia M.Gladbach,5,2,2023-05-13 16:30:00,,None
671,526194,11,MissedShots,0.8119999694824219,0.21899999618530275,0.03191259503364563,Donyell Malen,h,9749,OpenPlay,2022,RightFoot,19622,Borussia Dortmund,Borussia M.Gladbach,5,2,2023-05-13 16:30:00,Sébastien Haller,HeadPass
672,526207,36,SavedShot,0.7580000305175781,0.545,0.050846297293901443,Donyell Malen,h,9749,OpenPlay,2022,RightFoot,19622,Borussia Dortmund,Borussia M.Gladbach,5,2,2023-05-13 16:30:00,,TakeOn
673,526209,39,SavedShot,0.72,0.355,0.015163327567279339,Donyell Malen,h,9749,OpenPlay,2022,RightFoot,19622,Borussia Dortmund,Borussia M.Gladbach,5,2,2023-05-13 16:30:00,Karim Adeyemi,BallTouch
674,526211,45,BlockedShot,0.855,0.6930000305175781,0.08426777273416519,Donyell Malen,h,9749,OpenPlay,2022,RightFoot,19622,Borussia Dortmund,Borussia M.Gladbach,5,2,2023-05-13 16:30:00,Jude Bellingham,Chipped
675,526218,57,BlockedShot,0.884000015258789,0.335,0.08999261260032654,Donyell Malen,h,9749,OpenPlay,2022,RightFoot,19622,Borussia Dortmund,Borussia M.Gladbach,5,2,2023-05-13 16:30:00,Julian Brandt,TakeOn
676,528143,3,MissedShots,0.7680000305175781,0.7169999694824218,0.05068918317556381,Donyell Malen,a,9749,DirectFreekick,2022,RightFoot,19635,Augsburg,Borussia Dortmund,0,3,2023-05-21 15:30:00,,Standard
677,528152,24,BlockedShot,0.8830000305175781,0.2989999961853027,0.05184299871325493,Donyell Malen,a,9749,OpenPlay,2022,RightFoot,19635,Augsburg,Borussia Dortmund,0,3,2023-05-21 15:30:00,Sébastien Haller,Pass
678,528160,48,BlockedShot,0.7390000152587891,0.5729999923706055,0.019135495647788048,Donyell Malen,a,9749,SetPiece,2022,RightFoot,19635,Augsburg,Borussia Dortmund,0,3,2023-05-21 15:30:00,Julian Brandt,Pass
679,528168,72,BlockedShot,0.9169999694824219,0.40900001525878904,0.13247711956501007,Donyell Malen,a,9749,OpenPlay,2022,RightFoot,19635,Augsburg,Borussia Dortmund,0,3,2023-05-21 15:30:00,Marius Wolf,Pass
680,528872,3,MissedShots,0.8190000152587891,0.3220000076293945,0.03325282037258148,Donyell Malen,h,9749,OpenPlay,2022,LeftFoot,19639,Borussia Dortmund,Mainz 05,2,2,2023-05-27 13:30:00,Marius Wolf,Pass
681,528888,48,ShotOnPost,0.9890000152587891,0.4209999847412109,0.49351823329925537,Donyell Malen,h,9749,OpenPlay,2022,Head,19639,Borussia Dortmund,Mainz 05,2,2,2023-05-27 13:30:00,Julian Ryerson,Aerial
682,528894,61,MissedShots,0.9459999847412109,0.44299999237060544,0.4564030170440674,Donyell Malen,h,9749,OpenPlay,2022,RightFoot,19639,Borussia Dortmund,Mainz 05,2,2,2023-05-27 13:30:00,Emre Can,None
683,533423,87,Goal,0.935,0.5690000152587891,0.1318504512310028,Donyell Malen,h,9749,FromCorner,2023,RightFoot,23071,Borussia Dortmund,FC Cologne,1,0,2023-08-19 16:30:00,Felix Nmecha,Rebound
684,534582,27,MissedShots,0.8069999694824219,0.5170000076293946,0.04210149869322777,Donyell Malen,a,9749,OpenPlay,2023,RightFoot,23077,Bochum,Borussia Dortmund,1,1,2023-08-26 13:30:00,Emre Can,Pass
685,534594,55,Goal,0.775,0.41700000762939454,0.03042905405163765,Donyell Malen,a,9749,OpenPlay,2023,RightFoot,23077,Bochum,Borussia Dortmund,1,1,2023-08-26 13:30:00,Julian Brandt,Pass
686,534595,58,BlockedShot,0.7980000305175782,0.5379999923706055,0.04352504387497902,Donyell Malen,a,9749,OpenPlay,2023,RightFoot,23077,Bochum,Borussia Dortmund,1,1,2023-08-26 13:30:00,Julian Brandt,Pass
687,535809,27,SavedShot,0.9740000152587891,0.3559999847412109,0.115541473031044,Donyell Malen,h,9749,OpenPlay,2023,RightFoot,23083,Borussia Dortmund,FC Heidenheim,2,2,2023-09-01 18:30:00,Marcel Sabitzer,Pass
688,535810,36,BlockedShot,0.8019999694824219,0.7190000152587891,0.06656595319509506,Donyell Malen,h,9749,DirectFreekick,2023,RightFoot,23083,Borussia Dortmund,FC Heidenheim,2,2,2023-09-01 18:30:00,,Standard
689,535812,39,SavedShot,0.7390000152587891,0.41200000762939454,0.01780550181865692,Donyell Malen,h,9749,OpenPlay,2023,RightFoot,23083,Borussia Dortmund,FC Heidenheim,2,2,2023-09-01 18:30:00,,None
690,535813,42,MissedShots,0.8130000305175781,0.5120000076293946,0.07890480756759644,Donyell Malen,h,9749,OpenPlay,2023,RightFoot,23083,Borussia Dortmund,FC Heidenheim,2,2,2023-09-01 18:30:00,Sébastien Haller,Pass
691,535819,55,SavedShot,0.845999984741211,0.4759999847412109,0.10745961219072342,Donyell Malen,h,9749,OpenPlay,2023,LeftFoot,23083,Borussia Dortmund,FC Heidenheim,2,2,2023-09-01 18:30:00,Julian Brandt,Pass
692,535825,61,SavedShot,0.895,0.544000015258789,0.1366559863090515,Donyell Malen,h,9749,OpenPlay,2023,RightFoot,23083,Borussia Dortmund,FC Heidenheim,2,2,2023-09-01 18:30:00,Marcel Sabitzer,Pass
693,535831,87,MissedShots,0.92,0.51,0.06646762788295746,Donyell Malen,h,9749,OpenPlay,2023,Head,23083,Borussia Dortmund,FC Heidenheim,2,2,2023-09-01 18:30:00,Marius Wolf,Aerial
694,537561,59,Goal,0.870999984741211,0.41700000762939454,0.37704476714134216,Donyell Malen,a,9749,OpenPlay,2023,RightFoot,23094,Freiburg,Borussia Dortmund,2,4,2023-09-16 13:30:00,Niclas Füllkrug,Pass
695,539003,88,MissedShots,0.75,0.6769999694824219,0.02464235946536064,Donyell Malen,h,9749,FromCorner,2023,RightFoot,23105,Borussia Dortmund,Wolfsburg,1,0,2023-09-23 13:30:00,Emre Can,Pass
696,539004,92,BlockedShot,0.7830000305175782,0.5270000076293946,0.10404913127422333,Donyell Malen,h,9749,DirectFreekick,2023,RightFoot,23105,Borussia Dortmund,Wolfsburg,1,0,2023-09-23 13:30:00,,Standard
697,540709,14,SavedShot,0.8969999694824219,0.6329999923706054,0.08713515847921371,Donyell Malen,a,9749,OpenPlay,2023,LeftFoot,23110,Hoffenheim,Borussia Dortmund,1,3,2023-09-29 18:30:00,Salih Özcan,Pass
698,542596,15,SavedShot,0.7280000305175781,0.47400001525878904,0.020255018025636673,Donyell Malen,h,9749,OpenPlay,2023,RightFoot,23120,Borussia Dortmund,Union Berlin,4,2,2023-10-07 13:30:00,Julian Ryerson,Pass
699,542605,51,BlockedShot,0.769000015258789,0.4109999847412109,0.027630023658275604,Donyell Malen,h,9749,OpenPlay,2023,RightFoot,23120,Borussia Dortmund,Union Berlin,4,2,2023-10-07 13:30:00,,BallRecovery
700,543584,5,SavedShot,0.7559999847412109,0.4209999847412109,0.024547476321458817,Donyell Malen,h,9749,OpenPlay,2023,RightFoot,23128,Borussia Dortmund,Werder Bremen,1,0,2023-10-20 18:30:00,Felix Nmecha,Pass
701,543592,38,SavedShot,0.9269999694824219,0.4909999847412109,0.1443614810705185,Donyell Malen,h,9749,OpenPlay,2023,LeftFoot,23128,Borussia Dortmund,Werder Bremen,1,0,2023-10-20 18:30:00,Felix Nmecha,Pass
702,543593,44,SavedShot,0.9209999847412109,0.295,0.05291344225406647,Donyell Malen,h,9749,OpenPlay,2023,RightFoot,23128,Borussia Dortmund,Werder Bremen,1,0,2023-10-20 18:30:00,Niclas Füllkrug,Pass
703,543596,52,MissedShots,0.9630000305175781,0.3629999923706055,0.1708703190088272,Donyell Malen,h,9749,FromCorner,2023,RightFoot,23128,Borussia Dortmund,Werder Bremen,1,0,2023-10-20 18:30:00,Marco Reus,Chipped
704,546136,2,MissedShots,0.9730000305175781,0.4420000076293945,0.5674393773078918,Donyell Malen,a,9749,OpenPlay,2023,RightFoot,23140,Eintracht Frankfurt,Borussia Dortmund,3,3,2023-10-29 14:30:00,Giovanni Reyna,Cross
705,547017,13,BlockedShot,0.855999984741211,0.6559999847412109,0.0683196485042572,Donyell Malen,h,9749,OpenPlay,2023,RightFoot,23146,Borussia Dortmund,Bayern Munich,0,4,2023-11-04 17:30:00,Julian Brandt,TakeOn
706,547022,46,MissedShots,0.9169999694824219,0.4620000076293945,0.1204214096069336,Donyell Malen,h,9749,OpenPlay,2023,LeftFoot,23146,Borussia Dortmund,Bayern Munich,0,4,2023-11-04 17:30:00,Julian Brandt,Pass
707,547026,51,BlockedShot,0.8130000305175781,0.4540000152587891,0.05735041946172714,Donyell Malen,h,9749,OpenPlay,2023,RightFoot,23146,Borussia Dortmund,Bayern Munich,0,4,2023-11-04 17:30:00,Marcel Sabitzer,Pass
708,549635,83,BlockedShot,0.769000015258789,0.3820000076293945,0.032428473234176636,Donyell Malen,h,9749,OpenPlay,2023,RightFoot,23164,Borussia Dortmund,Borussia M.Gladbach,4,2,2023-11-25 14:30:00,Giovanni Reyna,Pass
709,549638,89,SavedShot,0.8540000152587891,0.3659999847412109,0.0633774921298027,Donyell Malen,h,9749,OpenPlay,2023,RightFoot,23164,Borussia Dortmund,Borussia M.Gladbach,4,2,2023-11-25 14:30:00,,Rebound
710,549641,96,Goal,0.9319999694824219,0.5220000076293946,0.6165882349014282,Donyell Malen,h,9749,OpenPlay,2023,RightFoot,23164,Borussia Dortmund,Borussia M.Gladbach,4,2,2023-11-25 14:30:00,,BallRecovery
711,553164,87,MissedShots,0.88,0.2670000076293945,0.03500894457101822,Donyell Malen,h,9749,OpenPlay,2023,RightFoot,23182,Borussia Dortmund,RasenBallsport Leipzig,2,3,2023-12-09 17:30:00,Julian Brandt,Pass
712,553168,91,SavedShot,0.8019999694824219,0.28899999618530275,0.022291556000709534,Donyell Malen,h,9749,OpenPlay,2023,RightFoot,23182,Borussia Dortmund,RasenBallsport Leipzig,2,3,2023-12-09 17:30:00,Niklas Süle,Pass
713,554164,17,BlockedShot,0.8069999694824219,0.4179999923706055,0.03469521924853325,Donyell Malen,a,9749,SetPiece,2023,RightFoot,23198,Augsburg,Borussia Dortmund,1,1,2023-12-16 14:30:00,,None
714,554168,34,Goal,0.8180000305175781,0.49,0.060781463980674744,Donyell Malen,a,9749,OpenPlay,2023,RightFoot,23198,Augsburg,Borussia Dortmund,1,1,2023-12-16 14:30:00,Niclas Füllkrug,Pass
715,554186,72,MissedShots,0.7809999847412109,0.595999984741211,0.028079576790332794,Donyell Malen,a,9749,OpenPlay,2023,RightFoot,23198,Augsburg,Borussia Dortmund,1,1,2023-12-16 14:30:00,,None
716,554188,74,BlockedShot,0.8480000305175781,0.6509999847412109,0.04944213852286339,Donyell Malen,a,9749,OpenPlay,2023,RightFoot,23198,Augsburg,Borussia Dortmund,1,1,2023-12-16 14:30:00,,None
717,554189,77,SavedShot,0.9280000305175782,0.33299999237060546,0.10088470578193665,Donyell Malen,a,9749,OpenPlay,2023,RightFoot,23198,Augsburg,Borussia Dortmund,1,1,2023-12-16 14:30:00,Samuel Bamba,Pass
718,554193,86,SavedShot,0.9640000152587891,0.4109999847412109,0.1264796257019043,Donyell Malen,a,9749,OpenPlay,2023,RightFoot,23198,Augsburg,Borussia Dortmund,1,1,2023-12-16 14:30:00,Ramy Bensebaini,Pass
719,554195,87,SavedShot,0.9219999694824219,0.5279999923706055,0.10899046063423157,Donyell Malen,a,9749,OpenPlay,2023,RightFoot,23198,Augsburg,Borussia Dortmund,1,1,2023-12-16 14:30:00,Ramy Bensebaini,Cross
720,555252,6,MissedShots,0.9019999694824219,0.29100000381469726,0.07357075065374374,Donyell Malen,h,9749,OpenPlay,2023,RightFoot,23200,Borussia Dortmund,Mainz 05,1,1,2023-12-19 19:30:00,,TakeOn
721,555255,10,SavedShot,0.909000015258789,0.335,0.06873924285173416,Donyell Malen,h,9749,OpenPlay,2023,RightFoot,23200,Borussia Dortmund,Mainz 05,1,1,2023-12-19 19:30:00,Julian Brandt,Pass
722,555271,55,SavedShot,0.8719999694824219,0.41200000762939454,0.11430130153894424,Donyell Malen,h,9749,OpenPlay,2023,RightFoot,23200,Borussia Dortmund,Mainz 05,1,1,2023-12-19 19:30:00,Julian Brandt,Pass
723,555283,94,SavedShot,0.8669999694824219,0.654000015258789,0.06568070501089096,Donyell Malen,h,9749,OpenPlay,2023,RightFoot,23200,Borussia Dortmund,Mainz 05,1,1,2023-12-19 19:30:00,Giovanni Reyna,Pass
724,558248,41,MissedShots,0.7809999847412109,0.6569999694824219,0.02220206893980503,Donyell Malen,a,9749,OpenPlay,2023,RightFoot,23217,Darmstadt,Borussia Dortmund,0,3,2024-01-13 17:30:00,Niclas Füllkrug,HeadPass
725,558264,83,BlockedShot,0.74,0.6090000152587891,0.02727658301591873,Donyell Malen,a,9749,OpenPlay,2023,RightFoot,23217,Darmstadt,Borussia Dortmund,0,3,2024-01-13 17:30:00,Ian Maatsen,Pass
726,558922,11,Goal,0.8730000305175781,0.4470000076293945,0.04813370853662491,Donyell Malen,a,9749,FromCorner,2023,RightFoot,23223,FC Cologne,Borussia Dortmund,0,4,2024-01-20 14:30:00,Julian Brandt,Cross
727,558939,60,Goal,0.8719999694824219,0.455,0.48476696014404297,Donyell Malen,a,9749,OpenPlay,2023,RightFoot,23223,FC Cologne,Borussia Dortmund,0,4,2024-01-20 14:30:00,Ian Maatsen,Chipped
728,560351,36,BlockedShot,0.9530000305175781,0.5520000076293945,0.12860208749771118,Donyell Malen,h,9749,FromCorner,2023,Head,23227,Borussia Dortmund,Bochum,3,1,2024-01-28 16:30:00,Marcel Sabitzer,Cross
729,560884,48,BlockedShot,0.8680000305175781,0.3039999961853027,0.04067390039563179,Donyell Malen,a,9749,OpenPlay,2023,RightFoot,23243,FC Heidenheim,Borussia Dortmund,0,0,2024-02-02 19:30:00,Youssoufa Moukoko,Pass
730,560895,85,BlockedShot,0.8019999694824219,0.3509999847412109,0.022679636254906654,Donyell Malen,a,9749,FromCorner,2023,RightFoot,23243,FC Heidenheim,Borussia Dortmund,0,0,2024-02-02 19:30:00,,None
731,562159,12,SavedShot,0.8869999694824219,0.46599998474121096,0.09992662072181702,Donyell Malen,h,9749,OpenPlay,2023,RightFoot,23246,Borussia Dortmund,Freiburg,3,0,2024-02-09 19:30:00,,BallTouch
732,562160,15,Goal,0.8580000305175781,0.47700000762939454,0.10281817615032196,Donyell Malen,h,9749,OpenPlay,2023,RightFoot,23246,Borussia Dortmund,Freiburg,3,0,2024-02-09 19:30:00,Niclas Füllkrug,Pass
733,562162,51,Goal,0.914000015258789,0.3189999961853027,0.09790359437465668,Donyell Malen,h,9749,OpenPlay,2023,RightFoot,23246,Borussia Dortmund,Freiburg,3,0,2024-02-09 19:30:00,Niclas Füllkrug,Pass
734,562168,65,BlockedShot,0.8180000305175781,0.5520000076293945,0.06640208512544632,Donyell Malen,h,9749,OpenPlay,2023,RightFoot,23246,Borussia Dortmund,Freiburg,3,0,2024-02-09 19:30:00,Jamie Bynoe-Gittens,CornerAwarded
735,565795,6,BlockedShot,0.9080000305175782,0.644000015258789,0.057573020458221436,Donyell Malen,h,9749,FromCorner,2023,RightFoot,23270,Borussia Dortmund,Hoffenheim,2,3,2024-02-25 16:30:00,Jadon Sancho,Pass
736,565798,14,BlockedShot,0.8519999694824218,0.6790000152587891,0.04021202772855759,Donyell Malen,h,9749,OpenPlay,2023,RightFoot,23270,Borussia Dortmund,Hoffenheim,2,3,2024-02-25 16:30:00,,BallRecovery
737,565800,19,SavedShot,0.86,0.6170000076293946,0.18821662664413452,Donyell Malen,h,9749,OpenPlay,2023,LeftFoot,23270,Borussia Dortmund,Hoffenheim,2,3,2024-02-25 16:30:00,Marcel Sabitzer,Pass
738,565802,20,Goal,0.9619999694824218,0.5020000076293946,0.5801037549972534,Donyell Malen,h,9749,FromCorner,2023,RightFoot,23270,Borussia Dortmund,Hoffenheim,2,3,2024-02-25 16:30:00,Marco Reus,HeadPass
739,568222,18,BlockedShot,0.9440000152587891,0.40900001525878904,0.09686615318059921,Donyell Malen,a,9749,FromCorner,2023,RightFoot,23286,Werder Bremen,Borussia Dortmund,1,2,2024-03-09 17:30:00,,None
740,568224,20,Goal,0.9640000152587891,0.4179999923706055,0.13702283799648285,Donyell Malen,a,9749,OpenPlay,2023,RightFoot,23286,Werder Bremen,Borussia Dortmund,1,2,2024-03-09 17:30:00,,Rebound
741,570083,27,SavedShot,0.735999984741211,0.44599998474121094,0.01571100391447544,Donyell Malen,h,9749,OpenPlay,2023,RightFoot,23290,Borussia Dortmund,Eintracht Frankfurt,3,1,2024-03-17 16:30:00,Niclas Füllkrug,BallRecovery
742,570091,70,MissedShots,0.84,0.275,0.029220862314105034,Donyell Malen,h,9749,OpenPlay,2023,RightFoot,23290,Borussia Dortmund,Eintracht Frankfurt,3,1,2024-03-17 16:30:00,Marius Wolf,Pass
743,573531,76,BlockedShot,0.8640000152587891,0.590999984741211,0.11719639599323273,Donyell Malen,a,9749,OpenPlay,2023,LeftFoot,23321,Borussia M.Gladbach,Borussia Dortmund,1,2,2024-04-13 13:30:00,Nico Schlotterbeck,Pass
744,573534,89,MissedShots,0.7040000152587891,0.6,0.03493071347475052,Donyell Malen,a,9749,OpenPlay,2023,RightFoot,23321,Borussia M.Gladbach,Borussia Dortmund,1,2,2024-04-13 13:30:00,Felix Nmecha,Pass
745,578329,12,BlockedShot,0.8159999847412109,0.3970000076293945,0.05736071988940239,Donyell Malen,h,9749,OpenPlay,2023,LeftFoot,23344,Borussia Dortmund,Augsburg,5,1,2024-05-04 13:30:00,Marco Reus,Chipped
746,578330,15,SavedShot,0.9290000152587891,0.3529999923706055,0.10294806957244873,Donyell Malen,h,9749,OpenPlay,2023,RightFoot,23344,Borussia Dortmund,Augsburg,5,1,2024-05-04 13:30:00,Kjell-Arik Wätjen,Pass
747,578333,19,Goal,0.945,0.45599998474121095,0.4724457859992981,Donyell Malen,h,9749,OpenPlay,2023,Head,23344,Borussia Dortmund,Augsburg,5,1,2024-05-04 13:30:00,Jamie Bynoe-Gittens,Cross
748,578336,28,SavedShot,0.879000015258789,0.675,0.2643371820449829,Donyell Malen,h,9749,OpenPlay,2023,RightFoot,23344,Borussia Dortmund,Augsburg,5,1,2024-05-04 13:30:00,Kjell-Arik Wätjen,Pass
749,578344,37,BlockedShot,0.8859999847412109,0.30100000381469727,0.10325702279806137,Donyell Malen,h,9749,OpenPlay,2023,RightFoot,23344,Borussia Dortmund,Augsburg,5,1,2024-05-04 13:30:00,Felix Nmecha,Pass
750,578345,38,MissedShots,0.755,0.6919999694824219,0.021834002807736397,Donyell Malen,h,9749,OpenPlay,2023,RightFoot,23344,Borussia Dortmund,Augsburg,5,1,2024-05-04 13:30:00,Youssoufa Moukoko,Pass
751,581476,61,SavedShot,0.9569999694824218,0.29600000381469727,0.07711871713399887,Donyell Malen,h,9749,OpenPlay,2023,RightFoot,23362,Borussia Dortmund,Darmstadt,4,0,2024-05-18 13:30:00,Marco Reus,Pass
752,581480,75,BlockedShot,0.9269999694824219,0.32,0.08045338094234467,Donyell Malen,h,9749,OpenPlay,2023,RightFoot,23362,Borussia Dortmund,Darmstadt,4,0,2024-05-18 13:30:00,Julian Brandt,Pass
753,581486,87,Goal,0.975,0.4859999847412109,0.9220479130744934,Donyell Malen,h,9749,OpenPlay,2023,RightFoot,23362,Borussia Dortmund,Darmstadt,4,0,2024-05-18 13:30:00,,Rebound
754,581485,87,ShotOnPost,0.905,0.5079999923706054,0.5540062189102173,Donyell Malen,h,9749,OpenPlay,2023,RightFoot,23362,Borussia Dortmund,Darmstadt,4,0,2024-05-18 13:30:00,Nico Schlotterbeck,TakeOn
755,589110,93,SavedShot,0.879000015258789,0.3240000152587891,0.058460600674152374,Donyell Malen,a,9749,OpenPlay,2024,RightFoot,27753,Werder Bremen,Borussia Dortmund,0,0,2024-08-31 13:30:00,Pascal Groß,Pass
756,590349,10,Goal,0.8230000305175781,0.51,0.07171561568975449,Donyell Malen,h,9749,OpenPlay,2024,RightFoot,27760,Borussia Dortmund,FC Heidenheim,4,2,2024-09-13 18:30:00,Karim Adeyemi,Pass
757,590358,44,BlockedShot,0.845,0.27100000381469724,0.02453427016735077,Donyell Malen,h,9749,SetPiece,2024,RightFoot,27760,Borussia Dortmund,FC Heidenheim,4,2,2024-09-13 18:30:00,Julian Brandt,Pass
758,590361,51,MissedShots,0.845,0.47900001525878905,0.11947015672922134,Donyell Malen,h,9749,OpenPlay,2024,RightFoot,27760,Borussia Dortmund,FC Heidenheim,4,2,2024-09-13 18:30:00,Karim Adeyemi,Pass
759,596630,14,BlockedShot,0.9680000305175781,0.3970000076293945,0.12667079269886017,Donyell Malen,h,9749,OpenPlay,2024,RightFoot,27798,Borussia Dortmund,St. Pauli,2,1,2024-10-18 18:30:00,,TakeOn
760,596642,46,MissedShots,0.9340000152587891,0.4809999847412109,0.4573213756084442,Donyell Malen,h,9749,OpenPlay,2024,Head,27798,Borussia Dortmund,St. Pauli,2,1,2024-10-18 18:30:00,Ramy Bensebaini,Cross
761,596648,63,MissedShots,0.9730000305175781,0.4520000076293945,0.656689465045929,Donyell Malen,h,9749,OpenPlay,2024,RightFoot,27798,Borussia Dortmund,St. Pauli,2,1,2024-10-18 18:30:00,Serhou Guirassy,None
762,598324,3,Goal,0.875999984741211,0.48200000762939454,0.3995875120162964,Donyell Malen,a,9749,OpenPlay,2024,LeftFoot,27809,Augsburg,Borussia Dortmund,2,1,2024-10-26 13:30:00,Serhou Guirassy,Throughball
763,602744,10,BlockedShot,0.8590000152587891,0.629000015258789,0.08342036604881287,Donyell Malen,h,9749,OpenPlay,2024,RightFoot,27835,Borussia Dortmund,Freiburg,4,0,2024-11-23 14:30:00,Julian Brandt,Pass
764,602749,33,SavedShot,0.79,0.5,0.05607086047530174,Donyell Malen,h,9749,OpenPlay,2024,RightFoot,27835,Borussia Dortmund,Freiburg,4,0,2024-11-23 14:30:00,,None
765,602754,44,BlockedShot,0.855,0.44599998474121094,0.11846582591533661,Donyell Malen,h,9749,OpenPlay,2024,RightFoot,27835,Borussia Dortmund,Freiburg,4,0,2024-11-23 14:30:00,Ramy Bensebaini,Pass
766,602765,71,BlockedShot,0.924000015258789,0.3139999961853027,0.07945244759321213,Donyell Malen,h,9749,OpenPlay,2024,RightFoot,27835,Borussia Dortmund,Freiburg,4,0,2024-11-23 14:30:00,Felix Nmecha,Pass
767,606046,60,SavedShot,0.845999984741211,0.37599998474121094,0.0618400014936924,Donyell Malen,a,9749,OpenPlay,2024,LeftFoot,27854,Borussia M.Gladbach,Borussia Dortmund,1,1,2024-12-07 17:30:00,Nico Schlotterbeck,Pass
768,606048,63,BlockedShot,0.89,0.2989999961853027,0.04610104858875275,Donyell Malen,a,9749,OpenPlay,2024,RightFoot,27854,Borussia M.Gladbach,Borussia Dortmund,1,1,2024-12-07 17:30:00,Serhou Guirassy,Pass
769,606057,95,MissedShots,0.945,0.29100000381469726,0.04789327085018158,Donyell Malen,a,9749,OpenPlay,2024,RightFoot,27854,Borussia M.Gladbach,Borussia Dortmund,1,1,2024-12-07 17:30:00,Felix Nmecha,Chipped
770,608828,9,BlockedShot,0.8130000305175781,0.5109999847412109,0.06966747343540192,Donyell Malen,a,9749,OpenPlay,2024,LeftFoot,27874,Wolfsburg,Borussia Dortmund,1,3,2024-12-22 16:30:00,Maximilian Beier,LayOff
771,608832,24,Goal,0.980999984741211,0.525,0.5972854495048523,Donyell Malen,a,9749,FromCorner,2024,RightFoot,27874,Wolfsburg,Borussia Dortmund,1,3,2024-12-22 16:30:00,Ramy Bensebaini,Cross
772,608836,35,BlockedShot,0.87,0.30700000762939456,0.06723787635564804,Donyell Malen,a,9749,OpenPlay,2024,RightFoot,27874,Wolfsburg,Borussia Dortmund,1,3,2024-12-22 16:30:00,Julian Brandt,Pass
773,24599,73,Goal,0.8919999694824219,0.5070000076293946,0.3980120122432709,Julian Brandt,h,261,OpenPlay,2014,RightFoot,5460,Bayer Leverkusen,Hertha Berlin,4,2,2014-08-30 14:30:00,,Rebound
774,26723,34,MissedShots,0.9819999694824219,0.5570000076293945,0.14701099693775177,Julian Brandt,h,261,FromCorner,2014,RightFoot,5359,Bayer Leverkusen,Mainz 05,0,0,2014-11-08 14:30:00,Ömer Toprak,Pass
775,27874,77,BlockedShot,0.9059999847412109,0.40700000762939453,0.11061300337314606,Julian Brandt,h,261,OpenPlay,2014,RightFoot,5328,Bayer Leverkusen,Borussia M.Gladbach,1,1,2014-12-14 14:30:00,Gonzalo Castro,Pass
776,27756,93,SavedShot,0.850999984741211,0.629000015258789,0.0739877000451088,Julian Brandt,a,261,OpenPlay,2014,LeftFoot,5337,Hoffenheim,Bayer Leverkusen,0,1,2014-12-17 19:00:00,Son Heung-Min,Pass
777,28030,89,SavedShot,0.8530000305175781,0.46599998474121096,0.2955949902534485,Julian Brandt,h,261,OpenPlay,2014,RightFoot,5343,Bayer Leverkusen,Eintracht Frankfurt,1,1,2014-12-20 14:30:00,Emir Spahic,Chipped
778,28852,69,MissedShots,0.7469999694824219,0.44299999237060544,0.016912400722503662,Julian Brandt,a,261,FromCorner,2014,RightFoot,5269,Hertha Berlin,Bayer Leverkusen,0,1,2015-02-04 19:00:00,,None
779,29722,39,MissedShots,0.914000015258789,0.5970000076293945,0.03813499957323074,Julian Brandt,a,261,OpenPlay,2014,Head,5278,Werder Bremen,Bayer Leverkusen,2,1,2015-02-08 14:30:00,Wendell,Aerial
780,30564,81,SavedShot,0.88,0.5370000076293945,0.10464800149202347,Julian Brandt,a,261,OpenPlay,2014,LeftFoot,5241,Paderborn,Bayer Leverkusen,0,3,2015-03-08 16:30:00,Roberto Hilbert,Chipped
781,31673,22,MissedShots,0.8030000305175782,0.45799999237060546,0.03159260004758835,Julian Brandt,a,261,SetPiece,2014,LeftFoot,5257,Schalke 04,Bayer Leverkusen,0,1,2015-03-21 17:30:00,Simon Rolfes,HeadPass
782,32296,47,SavedShot,0.875999984741211,0.6809999847412109,0.04332929849624634,Julian Brandt,h,261,OpenPlay,2014,RightFoot,5199,Bayer Leverkusen,Hamburger SV,4,0,2015-04-04 14:30:00,Gonzalo Castro,Cross
783,32307,69,SavedShot,0.8919999694824219,0.595999984741211,0.1202550008893013,Julian Brandt,h,261,OpenPlay,2014,RightFoot,5199,Bayer Leverkusen,Hamburger SV,4,0,2015-04-04 14:30:00,Gonzalo Castro,Pass
784,32308,72,MissedShots,0.7219999694824218,0.475,0.02931700088083744,Julian Brandt,h,261,OpenPlay,2014,RightFoot,5199,Bayer Leverkusen,Hamburger SV,4,0,2015-04-04 14:30:00,Simon Rolfes,Pass
785,31733,39,Goal,0.879000015258789,0.6469999694824219,0.09083379805088043,Julian Brandt,h,261,OpenPlay,2014,LeftFoot,5218,Bayer Leverkusen,Hannover 96,4,0,2015-04-18 14:30:00,Stefan Kießling,Pass
786,30165,59,Goal,0.835,0.42700000762939455,0.07045689970254898,Julian Brandt,a,261,OpenPlay,2014,RightFoot,5226,FC Cologne,Bayer Leverkusen,1,1,2015-04-25 14:30:00,Karim Bellarabi,Pass
787,30501,80,Goal,0.870999984741211,0.39099998474121095,0.12049400061368942,Julian Brandt,h,261,OpenPlay,2014,RightFoot,5165,Bayer Leverkusen,Bayern Munich,2,0,2015-05-02 17:30:00,Karim Bellarabi,Pass
788,30504,92,MissedShots,0.8880000305175781,0.6519999694824219,0.05802160128951073,Julian Brandt,h,261,SetPiece,2014,LeftFoot,5165,Bayer Leverkusen,Bayern Munich,2,0,2015-05-02 17:30:00,Tin Jedvaj,Chipped
789,31502,26,MissedShots,0.8059999847412109,0.500999984741211,0.05297569930553436,Julian Brandt,a,261,OpenPlay,2014,LeftFoot,5171,Borussia M.Gladbach,Bayer Leverkusen,3,0,2015-05-09 14:30:00,Hakan Calhanoglu,Pass
790,31507,36,BlockedShot,0.730999984741211,0.3920000076293945,0.012580799870193005,Julian Brandt,a,261,SetPiece,2014,RightFoot,5171,Borussia M.Gladbach,Bayer Leverkusen,3,0,2015-05-09 14:30:00,,Rebound
791,31527,6,ShotOnPost,0.85,0.43599998474121093,0.10524100065231323,Julian Brandt,a,261,OpenPlay,2014,RightFoot,5188,Eintracht Frankfurt,Bayer Leverkusen,2,1,2015-05-23 14:30:00,Karim Bellarabi,Pass
792,31532,35,BlockedShot,0.8580000305175781,0.5640000152587891,0.09556759893894196,Julian Brandt,a,261,OpenPlay,2014,LeftFoot,5188,Eintracht Frankfurt,Bayer Leverkusen,2,1,2015-05-23 14:30:00,Son Heung-Min,Pass
793,76132,70,Goal,0.8730000305175781,0.655,0.08764459937810898,Julian Brandt,h,261,OpenPlay,2015,LeftFoot,1022,Bayer Leverkusen,Hoffenheim,2,1,2015-08-15 17:30:00,Admir Mehmedi,Pass
794,76138,92,BlockedShot,0.8809999847412109,0.6309999847412109,0.12095999717712402,Julian Brandt,h,261,OpenPlay,2015,LeftFoot,1022,Bayer Leverkusen,Hoffenheim,2,1,2015-08-15 17:30:00,Admir Mehmedi,Pass
795,76438,9,MissedShots,0.8540000152587891,0.5120000076293946,0.07120300084352493,Julian Brandt,a,261,OpenPlay,2015,RightFoot,1035,Hannover 96,Bayer Leverkusen,0,1,2015-08-22 17:30:00,Lars Bender,Chipped
796,76818,49,MissedShots,0.7980000305175782,0.8159999847412109,0.016385000199079514,Julian Brandt,h,261,FromCorner,2015,RightFoot,1053,Bayer Leverkusen,Darmstadt,0,1,2015-09-12 17:30:00,Wendell,Pass
797,76821,69,BlockedShot,0.8690000152587891,0.605999984741211,0.04845049977302551,Julian Brandt,h,261,OpenPlay,2015,RightFoot,1053,Bayer Leverkusen,Darmstadt,0,1,2015-09-12 17:30:00,Lars Bender,HeadPass
798,77598,57,Goal,0.8059999847412109,0.5370000076293945,0.14098100364208221,Julian Brandt,a,261,DirectFreekick,2015,RightFoot,1079,Werder Bremen,Bayer Leverkusen,0,3,2015-09-26 17:30:00,,Standard
799,77764,87,MissedShots,0.870999984741211,0.629000015258789,0.07743869721889496,Julian Brandt,h,261,OpenPlay,2015,LeftFoot,1091,Bayer Leverkusen,Augsburg,1,1,2015-10-04 19:30:00,Admir Mehmedi,Pass
800,77989,40,SavedShot,0.875,0.49,0.1745939999818802,Julian Brandt,a,261,OpenPlay,2015,RightFoot,1098,Hamburger SV,Bayer Leverkusen,0,0,2015-10-17 17:30:00,Giulio Donati,TakeOn
801,80559,85,MissedShots,0.9259999847412109,0.3240000152587891,0.049451299011707306,Julian Brandt,h,261,OpenPlay,2015,RightFoot,1198,Bayer Leverkusen,Bayern Munich,0,0,2016-02-06 21:30:00,Chicharito,HeadPass
802,80969,76,Goal,0.9540000152587891,0.46299999237060546,0.6865720152854919,Julian Brandt,a,261,OpenPlay,2015,RightFoot,1202,Darmstadt,Bayer Leverkusen,1,2,2016-02-13 18:30:00,Stefan Kießling,Rebound
803,81513,30,MissedShots,0.754000015258789,0.5540000152587891,0.023384999483823776,Julian Brandt,h,261,OpenPlay,2015,RightFoot,1235,Bayer Leverkusen,Werder Bremen,1,4,2016-03-02 23:00:00,Chicharito,Pass
804,81788,21,BlockedShot,0.785,0.29200000762939454,0.02727700024843216,Julian Brandt,a,261,OpenPlay,2015,RightFoot,1238,Augsburg,Bayer Leverkusen,3,3,2016-03-05 18:30:00,,TakeOn
805,82281,10,Goal,0.865,0.54,0.12433700263500214,Julian Brandt,a,261,OpenPlay,2015,RightFoot,1262,VfB Stuttgart,Bayer Leverkusen,0,2,2016-03-20 18:30:00,Karim Bellarabi,Pass
806,82283,28,SavedShot,0.8430000305175781,0.6880000305175781,0.01479410007596016,Julian Brandt,a,261,SetPiece,2015,LeftFoot,1262,VfB Stuttgart,Bayer Leverkusen,0,2,2016-03-20 18:30:00,,Aerial
807,82292,56,SavedShot,0.855999984741211,0.46700000762939453,0.33748000860214233,Julian Brandt,a,261,OpenPlay,2015,RightFoot,1262,VfB Stuttgart,Bayer Leverkusen,0,2,2016-03-20 18:30:00,Vladlen Yurchenko,TakeOn
808,82305,76,SavedShot,0.8490000152587891,0.519000015258789,0.2871040105819702,Julian Brandt,a,261,OpenPlay,2015,LeftFoot,1262,VfB Stuttgart,Bayer Leverkusen,0,2,2016-03-20 18:30:00,Chicharito,Pass
809,82459,26,Goal,0.875,0.485,0.1082409992814064,Julian Brandt,h,261,OpenPlay,2015,RightFoot,1264,Bayer Leverkusen,Wolfsburg,3,0,2016-04-01 22:30:00,Hakan Calhanoglu,Pass
810,82461,36,SavedShot,0.8369999694824218,0.7230000305175781,0.0370509997010231,Julian Brandt,h,261,OpenPlay,2015,RightFoot,1264,Bayer Leverkusen,Wolfsburg,3,0,2016-04-01 22:30:00,Wendell,Pass
811,82773,38,Goal,0.8980000305175782,0.43599998474121093,0.31943899393081665,Julian Brandt,a,261,OpenPlay,2015,RightFoot,1281,FC Cologne,Bayer Leverkusen,0,2,2016-04-10 19:30:00,Karim Bellarabi,Chipped
812,82789,82,MissedShots,0.7680000305175781,0.63,0.01777449995279312,Julian Brandt,a,261,FromCorner,2015,RightFoot,1281,FC Cologne,Bayer Leverkusen,0,2,2016-04-10 19:30:00,,None
813,82887,39,SavedShot,0.879000015258789,0.625,0.021629199385643005,Julian Brandt,h,261,SetPiece,2015,Head,1285,Bayer Leverkusen,Eintracht Frankfurt,3,0,2016-04-16 17:30:00,Hakan Calhanoglu,Cross
814,82897,71,BlockedShot,0.8490000152587891,0.544000015258789,0.12582999467849731,Julian Brandt,h,261,OpenPlay,2015,RightFoot,1285,Bayer Leverkusen,Eintracht Frankfurt,3,0,2016-04-16 17:30:00,,None
815,82900,75,Goal,0.8959999847412109,0.505,0.590686023235321,Julian Brandt,h,261,OpenPlay,2015,RightFoot,1285,Bayer Leverkusen,Eintracht Frankfurt,3,0,2016-04-16 17:30:00,Karim Bellarabi,Pass
816,83050,9,MissedShots,0.7909999847412109,0.33,0.025127999484539032,Julian Brandt,a,261,OpenPlay,2015,RightFoot,1297,Schalke 04,Bayer Leverkusen,2,3,2016-04-23 20:30:00,Ömer Toprak,Pass
817,83054,14,BlockedShot,0.8690000152587891,0.7119999694824218,0.04052560031414032,Julian Brandt,a,261,OpenPlay,2015,LeftFoot,1297,Schalke 04,Bayer Leverkusen,2,3,2016-04-23 20:30:00,Kevin Kampl,Pass
818,83062,53,Goal,0.915,0.6840000152587891,0.06550759822130203,Julian Brandt,a,261,OpenPlay,2015,RightFoot,1297,Schalke 04,Bayer Leverkusen,2,3,2016-04-23 20:30:00,Karim Bellarabi,Pass
819,83073,73,SavedShot,0.9290000152587891,0.64,0.13110800087451935,Julian Brandt,a,261,OpenPlay,2015,RightFoot,1297,Schalke 04,Bayer Leverkusen,2,3,2016-04-23 20:30:00,Chicharito,Pass
820,83076,76,BlockedShot,0.8969999694824219,0.38599998474121094,0.09205439686775208,Julian Brandt,a,261,OpenPlay,2015,RightFoot,1297,Schalke 04,Bayer Leverkusen,2,3,2016-04-23 20:30:00,,None
821,83330,1,Goal,0.9119999694824219,0.5920000076293945,0.4126780033111572,Julian Brandt,h,261,OpenPlay,2015,LeftFoot,1307,Bayer Leverkusen,Hertha Berlin,2,1,2016-04-30 20:30:00,,None
822,83886,81,SavedShot,0.92,0.40299999237060546,0.4325929880142212,Julian Brandt,h,261,OpenPlay,2015,RightFoot,1323,Bayer Leverkusen,Ingolstadt,3,2,2016-05-14 17:30:00,Hakan Calhanoglu,Cross
823,127717,40,MissedShots,0.86,0.2929999923706055,0.04092729836702347,Julian Brandt,h,261,OpenPlay,2016,RightFoot,1341,Bayer Leverkusen,Hamburger SV,3,1,2016-09-10 17:30:00,Benjamin Henrichs,Pass
824,127723,69,BlockedShot,0.8019999694824219,0.580999984741211,0.044116098433732986,Julian Brandt,h,261,OpenPlay,2016,RightFoot,1341,Bayer Leverkusen,Hamburger SV,3,1,2016-09-10 17:30:00,Kevin Kampl,Pass
825,128431,76,MissedShots,0.9519999694824218,0.2989999961853027,0.049545399844646454,Julian Brandt,h,261,OpenPlay,2016,RightFoot,1361,Bayer Leverkusen,Augsburg,0,0,2016-09-21 22:00:00,Kevin Volland,Pass
826,128432,88,SavedShot,0.765,0.38799999237060545,0.025256499648094177,Julian Brandt,h,261,OpenPlay,2016,LeftFoot,1361,Bayer Leverkusen,Augsburg,0,0,2016-09-21 22:00:00,Benjamin Henrichs,Pass
827,128669,67,MissedShots,0.850999984741211,0.6880000305175781,0.044332198798656464,Julian Brandt,a,261,OpenPlay,2016,LeftFoot,1365,Mainz 05,Bayer Leverkusen,2,3,2016-09-24 17:30:00,Chicharito,Pass
828,129209,11,MissedShots,0.7859999847412109,0.4,0.03156530112028122,Julian Brandt,a,261,OpenPlay,2016,RightFoot,1387,Werder Bremen,Bayer Leverkusen,2,1,2016-10-15 20:30:00,Charles Aránguiz,Pass
829,129225,64,BlockedShot,0.9269999694824219,0.6580000305175782,0.06816869974136353,Julian Brandt,a,261,OpenPlay,2016,LeftFoot,1387,Werder Bremen,Bayer Leverkusen,2,1,2016-10-15 20:30:00,Chicharito,Pass
830,129308,23,MissedShots,0.93,0.6469999694824219,0.3421880006790161,Julian Brandt,h,261,OpenPlay,2016,RightFoot,1395,Bayer Leverkusen,Hoffenheim,0,3,2016-10-22 17:30:00,Charles Aránguiz,Throughball
831,129309,25,BlockedShot,0.9159999847412109,0.3240000152587891,0.046776801347732544,Julian Brandt,h,261,FromCorner,2016,LeftFoot,1395,Bayer Leverkusen,Hoffenheim,0,3,2016-10-22 17:30:00,Admir Mehmedi,Pass
832,129320,74,SavedShot,0.8680000305175781,0.34700000762939454,0.04135869815945625,Julian Brandt,h,261,OpenPlay,2016,LeftFoot,1395,Bayer Leverkusen,Hoffenheim,0,3,2016-10-22 17:30:00,Kevin Kampl,Chipped
833,129895,61,MissedShots,0.919000015258789,0.695,0.0948135033249855,Julian Brandt,a,261,OpenPlay,2016,RightFoot,3301,Wolfsburg,Bayer Leverkusen,1,2,2016-10-29 17:30:00,Lars Bender,Throughball
834,129554,13,MissedShots,0.8180000305175781,0.48900001525878906,0.04244619980454445,Julian Brandt,h,261,FromCorner,2016,RightFoot,2810,Bayer Leverkusen,Darmstadt,3,2,2016-11-05 18:30:00,,None
835,129562,51,BlockedShot,0.7519999694824219,0.47200000762939454,0.015154199674725533,Julian Brandt,h,261,SetPiece,2016,RightFoot,2810,Bayer Leverkusen,Darmstadt,3,2,2016-11-05 18:30:00,,None
836,129563,51,MissedShots,0.7780000305175782,0.475,0.028412800282239914,Julian Brandt,h,261,OpenPlay,2016,LeftFoot,2810,Bayer Leverkusen,Darmstadt,3,2,2016-11-05 18:30:00,Chicharito,Pass
837,129564,55,Goal,0.935,0.4329999923706055,0.2790350019931793,Julian Brandt,h,261,OpenPlay,2016,Head,2810,Bayer Leverkusen,Darmstadt,3,2,2016-11-05 18:30:00,Julian Baumgartlinger,Chipped
838,129565,64,ShotOnPost,0.88,0.6809999847412109,0.0700140967965126,Julian Brandt,h,261,OpenPlay,2016,LeftFoot,2810,Bayer Leverkusen,Darmstadt,3,2,2016-11-05 18:30:00,Hakan Calhanoglu,Pass
839,129809,27,MissedShots,0.7559999847412109,0.5779999923706055,0.017759500071406364,Julian Brandt,h,261,FromCorner,2016,RightFoot,2815,Bayer Leverkusen,RasenBallsport Leipzig,2,3,2016-11-18 23:30:00,,None
840,129813,46,Goal,0.9269999694824219,0.6819999694824219,0.10968799889087677,Julian Brandt,h,261,OpenPlay,2016,LeftFoot,2815,Bayer Leverkusen,RasenBallsport Leipzig,2,3,2016-11-18 23:30:00,Hakan Calhanoglu,Chipped
841,131042,74,MissedShots,0.8119999694824219,0.6780000305175782,0.02459079958498478,Julian Brandt,a,261,SetPiece,2016,LeftFoot,3209,Schalke 04,Bayer Leverkusen,0,1,2016-12-11 20:30:00,Aleksandar Dragovic,Pass
842,131405,50,SavedShot,0.94,0.6659999847412109,0.06754449754953384,Julian Brandt,h,261,OpenPlay,2016,LeftFoot,3218,Bayer Leverkusen,Ingolstadt,1,2,2016-12-18 20:30:00,Wendell,Pass
843,130251,76,SavedShot,0.8109999847412109,0.33,0.03073189966380596,Julian Brandt,a,261,OpenPlay,2016,LeftFoot,3226,FC Cologne,Bayer Leverkusen,1,1,2016-12-21 23:00:00,Benjamin Henrichs,Pass
844,131057,37,BlockedShot,0.9080000305175782,0.6819999694824219,0.08303230255842209,Julian Brandt,h,261,OpenPlay,2016,LeftFoot,3737,Bayer Leverkusen,Borussia M.Gladbach,2,3,2017-01-28 20:30:00,Hakan Calhanoglu,Pass
845,132428,47,MissedShots,0.8819999694824219,0.5709999847412109,0.10400299727916718,Julian Brandt,h,261,OpenPlay,2016,RightFoot,3750,Bayer Leverkusen,Eintracht Frankfurt,3,0,2017-02-11 14:30:00,Benjamin Henrichs,End
846,132432,49,BlockedShot,0.895,0.41900001525878905,0.09488960355520248,Julian Brandt,h,261,FromCorner,2016,LeftFoot,3750,Bayer Leverkusen,Eintracht Frankfurt,3,0,2017-02-11 14:30:00,,Rebound
847,132444,81,SavedShot,0.9080000305175782,0.5879999923706055,0.3787589967250824,Julian Brandt,h,261,OpenPlay,2016,RightFoot,3750,Bayer Leverkusen,Eintracht Frankfurt,3,0,2017-02-11 14:30:00,Kevin Kampl,Pass
848,131960,70,MissedShots,0.7319999694824219,0.5570000076293945,0.054730501025915146,Julian Brandt,h,261,DirectFreekick,2016,RightFoot,3771,Bayer Leverkusen,Mainz 05,0,2,2017-02-25 14:30:00,,Standard
849,133595,5,SavedShot,0.7680000305175781,0.40599998474121096,0.019818399101495743,Julian Brandt,h,261,OpenPlay,2016,RightFoot,3785,Bayer Leverkusen,Werder Bremen,1,1,2017-03-10 19:30:00,,TakeOn
850,132722,8,SavedShot,0.8430000305175781,0.4209999847412109,0.07506439834833145,Julian Brandt,a,261,OpenPlay,2016,LeftFoot,3799,Hoffenheim,Bayer Leverkusen,1,0,2017-03-18 14:30:00,Admir Mehmedi,Pass
851,134254,5,BlockedShot,0.7759999847412109,0.5029999923706054,0.03288169950246811,Julian Brandt,a,261,OpenPlay,2016,RightFoot,3816,Darmstadt,Bayer Leverkusen,0,2,2017-04-05 19:00:00,Kevin Volland,Pass
852,134255,14,Goal,0.9130000305175782,0.46599998474121096,0.470770001411438,Julian Brandt,a,261,OpenPlay,2016,RightFoot,3816,Darmstadt,Bayer Leverkusen,0,2,2017-04-05 19:00:00,Kevin Volland,Pass
853,134262,43,BlockedShot,0.87,0.6459999847412109,0.08569569885730743,Julian Brandt,a,261,OpenPlay,2016,LeftFoot,3816,Darmstadt,Bayer Leverkusen,0,2,2017-04-05 19:00:00,Kevin Volland,Pass
854,134274,75,SavedShot,0.855,0.534000015258789,0.3772299885749817,Julian Brandt,a,261,OpenPlay,2016,RightFoot,3816,Darmstadt,Bayer Leverkusen,0,2,2017-04-05 19:00:00,Kevin Volland,Pass
855,134932,81,SavedShot,0.8430000305175781,0.51,0.08853170275688171,Julian Brandt,a,261,OpenPlay,2016,RightFoot,3823,RasenBallsport Leipzig,Bayer Leverkusen,1,0,2017-04-08 14:30:00,Leon Bailey,Pass
856,135011,29,MissedShots,0.899000015258789,0.5479999923706055,0.12705500423908234,Julian Brandt,h,261,OpenPlay,2016,LeftFoot,3831,Bayer Leverkusen,Bayern Munich,0,0,2017-04-15 17:30:00,Kevin Volland,Pass
857,134075,26,MissedShots,0.764000015258789,0.4209999847412109,0.026660200208425522,Julian Brandt,a,261,OpenPlay,2016,RightFoot,3847,Freiburg,Bayer Leverkusen,2,1,2017-04-23 14:30:00,Kevin Kampl,Pass
858,134229,0,SavedShot,0.899000015258789,0.35200000762939454,0.08423089981079102,Julian Brandt,h,261,OpenPlay,2016,RightFoot,3856,Bayer Leverkusen,Schalke 04,1,4,2017-04-28 19:30:00,Karim Bellarabi,Pass
859,134233,10,MissedShots,0.81,0.6630000305175782,0.03203969821333885,Julian Brandt,h,261,OpenPlay,2016,RightFoot,3856,Bayer Leverkusen,Schalke 04,1,4,2017-04-28 19:30:00,Charles Aránguiz,Pass
860,134246,59,MissedShots,0.870999984741211,0.5509999847412109,0.07904619723558426,Julian Brandt,h,261,OpenPlay,2016,LeftFoot,3856,Bayer Leverkusen,Schalke 04,1,4,2017-04-28 19:30:00,Karim Bellarabi,BallTouch
861,134250,71,BlockedShot,0.865,0.41900001525878905,0.09565020352602005,Julian Brandt,h,261,OpenPlay,2016,RightFoot,3856,Bayer Leverkusen,Schalke 04,1,4,2017-04-28 19:30:00,Wendell,Pass
862,134252,78,MissedShots,0.8009999847412109,0.53,0.050293900072574615,Julian Brandt,h,261,OpenPlay,2016,RightFoot,3856,Bayer Leverkusen,Schalke 04,1,4,2017-04-28 19:30:00,Kevin Volland,Pass
863,132902,42,BlockedShot,0.764000015258789,0.6329999923706054,0.010982099920511246,Julian Brandt,h,261,OpenPlay,2016,RightFoot,3866,Bayer Leverkusen,FC Cologne,2,2,2017-05-13 14:30:00,Wendell,Aerial
864,132904,46,BlockedShot,0.8580000305175781,0.509000015258789,0.06090020015835762,Julian Brandt,h,261,OpenPlay,2016,LeftFoot,3866,Bayer Leverkusen,FC Cologne,2,2,2017-05-13 14:30:00,Charles Aránguiz,TakeOn
865,132917,86,MissedShots,0.9159999847412109,0.3340000152587891,0.05192609876394272,Julian Brandt,h,261,OpenPlay,2016,RightFoot,3866,Bayer Leverkusen,FC Cologne,2,2,2017-05-13 14:30:00,,TakeOn
866,127796,13,SavedShot,0.9119999694824219,0.34,0.07689610123634338,Julian Brandt,a,261,OpenPlay,2016,RightFoot,3877,Hertha Berlin,Bayer Leverkusen,2,6,2017-05-20 14:30:00,Charles Aránguiz,Chipped
867,127799,21,BlockedShot,0.865,0.6020000076293945,0.08834079653024673,Julian Brandt,a,261,OpenPlay,2016,RightFoot,3877,Hertha Berlin,Bayer Leverkusen,2,6,2017-05-20 14:30:00,Wendell,Pass
868,127802,27,SavedShot,0.9540000152587891,0.6580000305175782,0.12645600736141205,Julian Brandt,a,261,OpenPlay,2016,LeftFoot,3877,Hertha Berlin,Bayer Leverkusen,2,6,2017-05-20 14:30:00,Charles Aránguiz,Chipped
869,165778,55,MissedShots,0.8109999847412109,0.355,0.08739469945430756,Julian Brandt,a,261,OpenPlay,2017,RightFoot,8259,Bayern Munich,Bayer Leverkusen,3,1,2017-08-18 19:30:00,Dominik Kohr,Throughball
870,165779,56,SavedShot,0.9219999694824219,0.42700000762939455,0.3612929880619049,Julian Brandt,a,261,OpenPlay,2017,RightFoot,8259,Bayern Munich,Bayer Leverkusen,3,1,2017-08-18 19:30:00,Karim Bellarabi,Pass
871,165789,87,MissedShots,0.91,0.62,0.3418479859828949,Julian Brandt,a,261,FromCorner,2017,RightFoot,8259,Bayern Munich,Bayer Leverkusen,3,1,2017-08-18 19:30:00,,Rebound
872,166130,52,MissedShots,0.8430000305175781,0.40099998474121096,0.08095069974660873,Julian Brandt,h,261,OpenPlay,2017,LeftFoot,8271,Bayer Leverkusen,Hoffenheim,2,2,2017-08-26 14:30:00,Karim Bellarabi,Pass
873,166669,23,BlockedShot,0.765,0.5479999923706055,0.014905700460076332,Julian Brandt,h,261,FromCorner,2017,RightFoot,8293,Bayer Leverkusen,Freiburg,4,0,2017-09-17 14:30:00,,Aerial
874,166689,85,Goal,0.8719999694824219,0.5709999847412109,0.3991219997406006,Julian Brandt,h,261,SetPiece,2017,LeftFoot,8293,Bayer Leverkusen,Freiburg,4,0,2017-09-17 14:30:00,Charles Aránguiz,Throughball
875,166853,1,SavedShot,0.9030000305175782,0.7030000305175781,0.05618090182542801,Julian Brandt,a,261,OpenPlay,2017,LeftFoot,8300,Hertha Berlin,Bayer Leverkusen,2,1,2017-09-20 19:30:00,Kevin Volland,Pass
876,166867,83,Goal,0.7469999694824219,0.5729999923706055,0.017903700470924377,Julian Brandt,a,261,OpenPlay,2017,RightFoot,8300,Hertha Berlin,Bayer Leverkusen,2,1,2017-09-20 19:30:00,Panagiotis Retsos,Pass
877,167167,44,SavedShot,0.8730000305175781,0.635,0.055248599499464035,Julian Brandt,a,261,OpenPlay,2017,RightFoot,8314,Schalke 04,Bayer Leverkusen,1,1,2017-09-29 19:30:00,,None
878,167801,51,SavedShot,0.7719999694824219,0.3579999923706055,0.025767900049686432,Julian Brandt,h,261,OpenPlay,2017,LeftFoot,8327,Bayer Leverkusen,Wolfsburg,2,2,2017-10-15 14:30:00,Dominik Kohr,Pass
879,168170,60,Goal,0.915,0.705,0.08589369803667068,Julian Brandt,a,261,OpenPlay,2017,LeftFoot,8334,Borussia M.Gladbach,Bayer Leverkusen,1,5,2017-10-21 14:30:00,Kai Havertz,Pass
880,168761,7,BlockedShot,0.8619999694824219,0.4909999847412109,0.06949889659881592,Julian Brandt,h,261,OpenPlay,2017,RightFoot,8345,Bayer Leverkusen,FC Cologne,2,1,2017-10-28 14:30:00,Leon Bailey,Cross
881,168776,66,SavedShot,0.8719999694824219,0.6609999847412109,0.057889100164175034,Julian Brandt,h,261,OpenPlay,2017,LeftFoot,8345,Bayer Leverkusen,FC Cologne,2,1,2017-10-28 14:30:00,Leon Bailey,Pass
882,168019,37,MissedShots,0.8719999694824219,0.41200000762939454,0.3279399871826172,Julian Brandt,h,261,OpenPlay,2017,RightFoot,8363,Bayer Leverkusen,RasenBallsport Leipzig,2,2,2017-11-18 14:30:00,Wendell,Pass
883,168508,30,MissedShots,0.9069999694824219,0.4179999923706055,0.3146679997444153,Julian Brandt,a,261,OpenPlay,2017,RightFoot,8372,Eintracht Frankfurt,Bayer Leverkusen,0,1,2017-11-25 14:30:00,Kevin Volland,Chipped
884,169003,13,SavedShot,0.7530000305175781,0.44,0.01476529985666275,Julian Brandt,h,261,SetPiece,2017,RightFoot,8382,Bayer Leverkusen,Borussia Dortmund,1,1,2017-12-02 14:30:00,,None
885,179791,16,BlockedShot,0.895,0.6759999847412109,0.11479499936103821,Julian Brandt,a,261,OpenPlay,2017,LeftFoot,8393,VfB Stuttgart,Bayer Leverkusen,0,2,2017-12-08 19:30:00,Kevin Volland,Throughball
886,183821,10,Goal,0.8719999694824219,0.46900001525878904,0.07902129739522934,Julian Brandt,a,261,OpenPlay,2017,RightFoot,8411,Hannover 96,Bayer Leverkusen,4,4,2017-12-17 14:30:00,Lars Bender,Cross
887,187137,53,BlockedShot,0.7469999694824219,0.6519999694824219,0.05251830071210861,Julian Brandt,h,261,DirectFreekick,2017,RightFoot,8417,Bayer Leverkusen,Bayern Munich,1,3,2018-01-12 19:30:00,,Standard
888,188649,18,BlockedShot,0.919000015258789,0.4209999847412109,0.1179480031132698,Julian Brandt,a,261,OpenPlay,2017,LeftFoot,8422,Hoffenheim,Bayer Leverkusen,1,4,2018-01-20 14:30:00,Leon Bailey,Pass
889,188662,62,MissedShots,0.85,0.519000015258789,0.5132250189781189,Julian Brandt,a,261,OpenPlay,2017,RightFoot,8422,Hoffenheim,Bayer Leverkusen,1,4,2018-01-20 14:30:00,Kevin Volland,Throughball
890,190393,52,MissedShots,0.7519999694824219,0.6930000305175781,0.022086000069975853,Julian Brandt,h,261,OpenPlay,2017,RightFoot,8438,Bayer Leverkusen,Mainz 05,2,0,2018-01-28 14:30:00,Charles Aránguiz,Pass
891,196267,66,MissedShots,0.8180000305175781,0.6179999923706054,0.04411419853568077,Julian Brandt,a,261,OpenPlay,2017,RightFoot,8464,Hamburger SV,Bayer Leverkusen,1,2,2018-02-17 14:30:00,Kai Havertz,None
892,197966,59,SavedShot,0.9340000152587891,0.7169999694824218,0.03094559907913208,Julian Brandt,h,261,OpenPlay,2017,RightFoot,8474,Bayer Leverkusen,Schalke 04,0,2,2018-02-25 14:30:00,Kai Havertz,Cross
893,198744,77,Goal,0.919000015258789,0.43900001525878907,0.4943470060825348,Julian Brandt,a,261,OpenPlay,2017,RightFoot,8483,Wolfsburg,Bayer Leverkusen,1,2,2018-03-03 14:30:00,Lucas Alario,Pass
894,200197,92,Goal,0.899000015258789,0.555,0.32188400626182556,Julian Brandt,h,261,OpenPlay,2017,RightFoot,8492,Bayer Leverkusen,Borussia M.Gladbach,2,0,2018-03-10 17:30:00,Lucas Alario,Chipped
895,202089,46,SavedShot,0.9130000305175782,0.28899999618530275,0.040795598179101944,Julian Brandt,a,261,OpenPlay,2017,RightFoot,8498,FC Cologne,Bayer Leverkusen,2,0,2018-03-18 14:30:00,Kai Havertz,Pass
896,202097,78,MissedShots,0.6980000305175781,0.7,0.012539600022137165,Julian Brandt,a,261,OpenPlay,2017,RightFoot,8498,FC Cologne,Bayer Leverkusen,2,0,2018-03-18 14:30:00,Sven Bender,Pass
897,204381,29,MissedShots,0.7430000305175781,0.7019999694824218,0.011515500023961067,Julian Brandt,h,261,OpenPlay,2017,RightFoot,8507,Bayer Leverkusen,Augsburg,0,0,2018-03-31 14:30:00,,None
898,204383,37,SavedShot,0.7719999694824219,0.36400001525878906,0.025316400453448296,Julian Brandt,h,261,OpenPlay,2017,LeftFoot,8507,Bayer Leverkusen,Augsburg,0,0,2018-03-31 14:30:00,Julian Baumgartlinger,Pass
899,204395,63,BlockedShot,0.8619999694824219,0.6409999847412109,0.06884709745645523,Julian Brandt,h,261,OpenPlay,2017,LeftFoot,8507,Bayer Leverkusen,Augsburg,0,0,2018-03-31 14:30:00,Leon Bailey,Pass
900,207472,30,SavedShot,0.8590000152587891,0.544000015258789,0.3745259940624237,Julian Brandt,a,261,OpenPlay,2017,RightFoot,8512,RasenBallsport Leipzig,Bayer Leverkusen,1,4,2018-04-09 18:30:00,Kai Havertz,Throughball
901,207480,50,Goal,0.879000015258789,0.46799999237060547,0.11029499769210815,Julian Brandt,a,261,SetPiece,2017,LeftFoot,8512,RasenBallsport Leipzig,Bayer Leverkusen,1,4,2018-04-09 18:30:00,,TakeOn
902,208386,19,Goal,0.924000015258789,0.41200000762939454,0.2988789975643158,Julian Brandt,h,261,OpenPlay,2017,Head,8525,Bayer Leverkusen,Eintracht Frankfurt,4,1,2018-04-14 13:30:00,Kai Havertz,Cross
903,208388,33,MissedShots,0.7430000305175781,0.625999984741211,0.016872400417923927,Julian Brandt,h,261,OpenPlay,2017,RightFoot,8525,Bayer Leverkusen,Eintracht Frankfurt,4,1,2018-04-14 13:30:00,Leon Bailey,BallRecovery
904,210573,25,MissedShots,0.7140000152587891,0.5129999923706055,0.016620099544525146,Julian Brandt,a,261,OpenPlay,2017,RightFoot,8529,Borussia Dortmund,Bayer Leverkusen,4,0,2018-04-21 16:30:00,Lucas Alario,Pass
905,211953,89,SavedShot,0.9630000305175781,0.6719999694824219,0.05709569901227951,Julian Brandt,h,261,OpenPlay,2017,LeftFoot,8544,Bayer Leverkusen,VfB Stuttgart,0,1,2018-04-28 16:30:00,Stefan Kießling,HeadPass
906,213282,30,SavedShot,0.909000015258789,0.5509999847412109,0.09404069930315018,Julian Brandt,a,261,OpenPlay,2017,LeftFoot,8553,Werder Bremen,Bayer Leverkusen,0,0,2018-05-05 14:30:00,Wendell,Cross
907,214615,16,MissedShots,0.9080000305175782,0.6020000076293945,0.08876969665288925,Julian Brandt,h,261,OpenPlay,2017,LeftFoot,8561,Bayer Leverkusen,Hannover 96,3,2,2018-05-12 14:30:00,Lars Bender,Cross
908,214619,31,MissedShots,0.9280000305175782,0.31799999237060544,0.0833773985505104,Julian Brandt,h,261,OpenPlay,2017,LeftFoot,8561,Bayer Leverkusen,Hannover 96,3,2,2018-05-12 14:30:00,Kai Havertz,Pass
909,214621,45,SavedShot,0.9619999694824218,0.35200000762939454,0.10569699853658676,Julian Brandt,h,261,OpenPlay,2017,RightFoot,8561,Bayer Leverkusen,Hannover 96,3,2,2018-05-12 14:30:00,Dominik Kohr,Chipped
910,214627,54,Goal,0.8419999694824218,0.43900001525878907,0.40369200706481934,Julian Brandt,h,261,OpenPlay,2017,RightFoot,8561,Bayer Leverkusen,Hannover 96,3,2,2018-05-12 14:30:00,Lars Bender,Throughball
911,214630,58,BlockedShot,0.875999984741211,0.5109999847412109,0.12487299740314484,Julian Brandt,h,261,OpenPlay,2017,LeftFoot,8561,Bayer Leverkusen,Hannover 96,3,2,2018-05-12 14:30:00,Leon Bailey,Pass
912,221623,4,MissedShots,0.78,0.40299999237060546,0.0299018993973732,Julian Brandt,h,261,OpenPlay,2018,LeftFoot,10351,Bayer Leverkusen,Wolfsburg,1,3,2018-09-01 13:30:00,Lucas Alario,Pass
913,225832,1,BlockedShot,0.8719999694824219,0.5309999847412109,0.02814910002052784,Julian Brandt,h,261,OpenPlay,2018,Head,10371,Bayer Leverkusen,Mainz 05,1,0,2018-09-23 13:30:00,Kai Havertz,Chipped
914,225836,13,MissedShots,0.789000015258789,0.6730000305175782,0.01779410056769848,Julian Brandt,h,261,OpenPlay,2018,RightFoot,10371,Bayer Leverkusen,Mainz 05,1,0,2018-09-23 13:30:00,,Rebound
915,226432,69,MissedShots,0.850999984741211,0.35400001525878905,0.07983239740133286,Julian Brandt,a,261,OpenPlay,2018,LeftFoot,10377,Fortuna Duesseldorf,Bayer Leverkusen,1,2,2018-09-26 16:30:00,Mitchell Weiser,Pass
916,228241,49,SavedShot,0.8369999694824218,0.31799999237060544,0.05667160078883171,Julian Brandt,h,261,OpenPlay,2018,RightFoot,10388,Bayer Leverkusen,Borussia Dortmund,2,4,2018-09-29 16:30:00,Lars Bender,Pass
917,255352,36,BlockedShot,0.7980000305175782,0.6780000305175782,0.07804939895868301,Julian Brandt,a,261,DirectFreekick,2018,RightFoot,10397,Freiburg,Bayer Leverkusen,0,0,2018-10-07 11:30:00,,Standard
918,255357,56,BlockedShot,0.749000015258789,0.555,0.01156460028141737,Julian Brandt,a,261,OpenPlay,2018,LeftFoot,10397,Freiburg,Bayer Leverkusen,0,0,2018-10-07 11:30:00,,Aerial
919,255457,36,MissedShots,0.9159999847412109,0.4209999847412109,0.08156970143318176,Julian Brandt,h,261,OpenPlay,2018,Head,10401,Bayer Leverkusen,Hannover 96,2,2,2018-10-20 13:30:00,Kevin Volland,Cross
920,255461,51,MissedShots,0.9290000152587891,0.5129999923706055,0.43097400665283203,Julian Brandt,h,261,OpenPlay,2018,Head,10401,Bayer Leverkusen,Hannover 96,2,2,2018-10-20 13:30:00,Mitchell Weiser,Cross
921,255857,37,Goal,0.8530000305175781,0.4329999923706055,0.4870609939098358,Julian Brandt,a,261,OpenPlay,2018,RightFoot,10412,Werder Bremen,Bayer Leverkusen,2,6,2018-10-28 16:00:00,,None
922,255870,73,SavedShot,0.875999984741211,0.38299999237060545,0.10169100016355515,Julian Brandt,a,261,OpenPlay,2018,RightFoot,10412,Werder Bremen,Bayer Leverkusen,2,6,2018-10-28 16:00:00,Dominik Kohr,Pass
923,255876,84,SavedShot,0.755,0.4929999923706055,0.023414699360728264,Julian Brandt,a,261,OpenPlay,2018,RightFoot,10412,Werder Bremen,Bayer Leverkusen,2,6,2018-10-28 16:00:00,,None
924,256038,36,MissedShots,0.9009999847412109,0.6309999847412109,0.11674399673938751,Julian Brandt,h,261,OpenPlay,2018,RightFoot,10424,Bayer Leverkusen,Hoffenheim,1,4,2018-11-03 14:30:00,,Rebound
925,256040,49,MissedShots,0.9130000305175782,0.5159999847412109,0.41561099886894226,Julian Brandt,h,261,OpenPlay,2018,LeftFoot,10424,Bayer Leverkusen,Hoffenheim,1,4,2018-11-03 14:30:00,Wendell,Pass
926,256378,79,SavedShot,0.7559999847412109,0.5670000076293945,0.012255599722266197,Julian Brandt,a,261,OpenPlay,2018,RightFoot,10429,RasenBallsport Leipzig,Bayer Leverkusen,3,0,2018-11-11 14:30:00,Leon Bailey,Chipped
927,256406,24,BlockedShot,0.8769999694824219,0.35400001525878905,0.03393999859690666,Julian Brandt,h,261,OpenPlay,2018,RightFoot,10438,Bayer Leverkusen,VfB Stuttgart,2,0,2018-11-23 19:30:00,Karim Bellarabi,Cross
928,256409,35,MissedShots,0.8519999694824218,0.3820000076293945,0.07098379731178284,Julian Brandt,h,261,OpenPlay,2018,LeftFoot,10438,Bayer Leverkusen,VfB Stuttgart,2,0,2018-11-23 19:30:00,Kai Havertz,Pass
929,256426,86,MissedShots,0.86,0.3039999961853027,0.08198320120573044,Julian Brandt,h,261,OpenPlay,2018,RightFoot,10438,Bayer Leverkusen,VfB Stuttgart,2,0,2018-11-23 19:30:00,Kai Havertz,Chipped
930,256951,49,SavedShot,0.8440000152587891,0.519000015258789,0.12512700259685516,Julian Brandt,a,261,OpenPlay,2018,RightFoot,10453,Nuernberg,Bayer Leverkusen,1,1,2018-12-03 19:30:00,Karim Bellarabi,Pass
931,256955,62,MissedShots,0.9380000305175781,0.7180000305175781,0.045970700681209564,Julian Brandt,a,261,OpenPlay,2018,LeftFoot,10453,Nuernberg,Bayer Leverkusen,1,1,2018-12-03 19:30:00,,None
932,257369,14,SavedShot,0.8390000152587891,0.6309999847412109,0.07391110062599182,Julian Brandt,a,261,OpenPlay,2018,RightFoot,10467,Eintracht Frankfurt,Bayer Leverkusen,2,1,2018-12-16 17:00:00,Karim Bellarabi,Pass
933,257370,17,SavedShot,0.9019999694824219,0.6469999694824219,0.10725399851799011,Julian Brandt,a,261,OpenPlay,2018,LeftFoot,10467,Eintracht Frankfurt,Bayer Leverkusen,2,1,2018-12-16 17:00:00,Karim Bellarabi,Pass
934,257888,22,SavedShot,0.7269999694824218,0.7730000305175782,0.03105200082063675,Julian Brandt,h,261,DirectFreekick,2018,RightFoot,10484,Bayer Leverkusen,Hertha Berlin,3,1,2018-12-22 14:30:00,,Standard
935,257892,34,SavedShot,0.8219999694824218,0.33599998474121096,0.04582050070166588,Julian Brandt,h,261,OpenPlay,2018,LeftFoot,10484,Bayer Leverkusen,Hertha Berlin,3,1,2018-12-22 14:30:00,Kai Havertz,Pass
936,257896,43,MissedShots,0.815,0.7090000152587891,0.01943260058760643,Julian Brandt,h,261,FromCorner,2018,RightFoot,10484,Bayer Leverkusen,Hertha Berlin,3,1,2018-12-22 14:30:00,,None
937,257903,62,MissedShots,0.8580000305175781,0.674000015258789,0.07141370326280594,Julian Brandt,h,261,OpenPlay,2018,LeftFoot,10484,Bayer Leverkusen,Hertha Berlin,3,1,2018-12-22 14:30:00,Kevin Volland,Pass
938,278405,21,MissedShots,0.779000015258789,0.315,0.018147999420762062,Julian Brandt,h,261,OpenPlay,2018,LeftFoot,10498,Bayer Leverkusen,Borussia M.Gladbach,0,1,2019-01-19 14:30:00,Leon Bailey,Pass
939,278415,56,MissedShots,0.794000015258789,0.2610000038146973,0.020464299246668816,Julian Brandt,h,261,OpenPlay,2018,LeftFoot,10498,Bayer Leverkusen,Borussia M.Gladbach,0,1,2019-01-19 14:30:00,Leon Bailey,Pass
940,278661,49,SavedShot,0.9669999694824218,0.345,0.3088270127773285,Julian Brandt,a,261,OpenPlay,2018,RightFoot,10506,Wolfsburg,Bayer Leverkusen,0,3,2019-01-26 14:30:00,Leon Bailey,Pass
941,278677,80,SavedShot,0.909000015258789,0.649000015258789,0.11958499997854233,Julian Brandt,a,261,OpenPlay,2018,LeftFoot,10506,Wolfsburg,Bayer Leverkusen,0,3,2019-01-26 14:30:00,Kai Havertz,Pass
942,278678,87,Goal,0.9469999694824218,0.5359999847412109,0.556647002696991,Julian Brandt,a,261,OpenPlay,2018,LeftFoot,10506,Wolfsburg,Bayer Leverkusen,0,3,2019-01-26 14:30:00,Karim Bellarabi,Cross
943,278779,11,MissedShots,0.7780000305175782,0.5990000152587891,0.026114700362086296,Julian Brandt,h,261,OpenPlay,2018,RightFoot,10508,Bayer Leverkusen,Bayern Munich,3,1,2019-02-02 14:30:00,,None
944,278789,42,BlockedShot,0.8090000152587891,0.5109999847412109,0.045716699212789536,Julian Brandt,h,261,OpenPlay,2018,RightFoot,10508,Bayer Leverkusen,Bayern Munich,3,1,2019-02-02 14:30:00,,BallRecovery
945,278794,59,SavedShot,0.7859999847412109,0.5929999923706055,0.014038500376045704,Julian Brandt,h,261,OpenPlay,2018,RightFoot,10508,Bayer Leverkusen,Bayern Munich,3,1,2019-02-02 14:30:00,,Aerial
946,278960,15,MissedShots,0.8230000305175781,0.6530000305175782,0.04052339866757393,Julian Brandt,a,261,OpenPlay,2018,RightFoot,10524,Mainz 05,Bayer Leverkusen,1,5,2019-02-08 19:30:00,Leon Bailey,Pass
947,278966,29,Goal,0.9369999694824219,0.62,0.3713589906692505,Julian Brandt,a,261,OpenPlay,2018,LeftFoot,10524,Mainz 05,Bayer Leverkusen,1,5,2019-02-08 19:30:00,Kevin Volland,Throughball
948,278978,63,Goal,0.865999984741211,0.509000015258789,0.36953499913215637,Julian Brandt,a,261,OpenPlay,2018,RightFoot,10524,Mainz 05,Bayer Leverkusen,1,5,2019-02-08 19:30:00,Kevin Volland,Pass
949,279323,28,BlockedShot,0.7559999847412109,0.585,0.015498200431466103,Julian Brandt,h,261,OpenPlay,2018,LeftFoot,10527,Bayer Leverkusen,Fortuna Duesseldorf,2,0,2019-02-17 17:00:00,,Aerial
950,279670,40,BlockedShot,0.815,0.45799999237060546,0.07523810118436813,Julian Brandt,h,261,OpenPlay,2018,RightFoot,10545,Bayer Leverkusen,Freiburg,2,0,2019-03-02 14:30:00,Kevin Volland,Pass
951,279678,61,BlockedShot,0.7709999847412109,0.580999984741211,0.034113798290491104,Julian Brandt,h,261,OpenPlay,2018,LeftFoot,10545,Bayer Leverkusen,Freiburg,2,0,2019-03-02 14:30:00,Julian Baumgartlinger,Pass
952,279682,72,BlockedShot,0.9390000152587891,0.3729999923706055,0.3530929982662201,Julian Brandt,h,261,OpenPlay,2018,RightFoot,10545,Bayer Leverkusen,Freiburg,2,0,2019-03-02 14:30:00,Kai Havertz,Goal
953,285282,12,SavedShot,0.9180000305175782,0.5970000076293945,0.4002079963684082,Julian Brandt,a,261,OpenPlay,2018,LeftFoot,10561,Hannover 96,Bayer Leverkusen,2,3,2019-03-10 17:00:00,Leon Bailey,Pass
954,285284,20,MissedShots,0.860999984741211,0.35700000762939454,0.0782821998000145,Julian Brandt,a,261,OpenPlay,2018,RightFoot,10561,Hannover 96,Bayer Leverkusen,2,3,2019-03-10 17:00:00,Kevin Volland,BallTouch
955,285292,47,BlockedShot,0.7569999694824219,0.6140000152587891,0.01968429982662201,Julian Brandt,a,261,FromCorner,2018,LeftFoot,10561,Hannover 96,Bayer Leverkusen,2,3,2019-03-10 17:00:00,,CornerAwarded
956,287167,41,MissedShots,0.8959999847412109,0.3529999923706055,0.4445599913597107,Julian Brandt,a,261,OpenPlay,2018,LeftFoot,10571,Hoffenheim,Bayer Leverkusen,4,1,2019-03-29 19:30:00,,None
957,287172,56,BlockedShot,0.8190000152587891,0.5690000152587891,0.057223498821258545,Julian Brandt,a,261,OpenPlay,2018,LeftFoot,10571,Hoffenheim,Bayer Leverkusen,4,1,2019-03-29 19:30:00,Kevin Volland,Pass
958,287177,64,BlockedShot,0.7659999847412109,0.47,0.02105559967458248,Julian Brandt,a,261,OpenPlay,2018,RightFoot,10571,Hoffenheim,Bayer Leverkusen,4,1,2019-03-29 19:30:00,,None
959,287182,81,BlockedShot,0.7519999694824219,0.33299999237060546,0.014467500150203705,Julian Brandt,a,261,OpenPlay,2018,RightFoot,10571,Hoffenheim,Bayer Leverkusen,4,1,2019-03-29 19:30:00,Kai Havertz,Pass
960,291879,38,MissedShots,0.875,0.41,0.10815200209617615,Julian Brandt,h,261,OpenPlay,2018,LeftFoot,10582,Bayer Leverkusen,RasenBallsport Leipzig,2,4,2019-04-06 14:30:00,Mitchell Weiser,Pass
961,293412,26,MissedShots,0.980999984741211,0.30700000762939456,0.04426079988479614,Julian Brandt,a,261,OpenPlay,2018,RightFoot,10592,VfB Stuttgart,Bayer Leverkusen,0,1,2019-04-13 14:30:00,Kai Havertz,Pass
962,293422,49,MissedShots,0.8780000305175781,0.42400001525878905,0.07333160191774368,Julian Brandt,a,261,OpenPlay,2018,RightFoot,10592,VfB Stuttgart,Bayer Leverkusen,0,1,2019-04-13 14:30:00,Kai Havertz,Cross
963,295152,54,MissedShots,0.735999984741211,0.629000015258789,0.018727999180555344,Julian Brandt,h,261,OpenPlay,2018,LeftFoot,10599,Bayer Leverkusen,Nuernberg,2,0,2019-04-20 14:30:00,Kai Havertz,Pass
964,297121,59,SavedShot,0.895,0.8119999694824219,0.06584800034761429,Julian Brandt,a,261,DirectFreekick,2018,RightFoot,10612,Augsburg,Bayer Leverkusen,1,4,2019-04-26 19:30:00,,Standard
965,297123,65,SavedShot,0.7780000305175782,0.42700000762939455,0.045952800661325455,Julian Brandt,a,261,OpenPlay,2018,LeftFoot,10612,Augsburg,Bayer Leverkusen,1,4,2019-04-26 19:30:00,Lucas Alario,Pass
966,297126,87,Goal,0.955999984741211,0.45799999237060546,0.6258940100669861,Julian Brandt,a,261,OpenPlay,2018,RightFoot,10612,Augsburg,Bayer Leverkusen,1,4,2019-04-26 19:30:00,Dominik Kohr,None
967,300195,12,Goal,0.9219999694824219,0.544000015258789,0.48215898871421814,Julian Brandt,h,261,OpenPlay,2018,RightFoot,10618,Bayer Leverkusen,Eintracht Frankfurt,6,1,2019-05-05 17:00:00,Charles Aránguiz,Rebound
968,300207,38,MissedShots,0.825999984741211,0.41200000762939454,0.08369360119104385,Julian Brandt,h,261,OpenPlay,2018,RightFoot,10618,Bayer Leverkusen,Eintracht Frankfurt,6,1,2019-05-05 17:00:00,Lars Bender,Pass
969,300208,42,SavedShot,0.7240000152587891,0.555,0.024427499622106552,Julian Brandt,h,261,OpenPlay,2018,RightFoot,10618,Bayer Leverkusen,Eintracht Frankfurt,6,1,2019-05-05 17:00:00,Charles Aránguiz,Pass
970,300213,84,SavedShot,0.7619999694824219,0.555,0.028445500880479813,Julian Brandt,h,261,OpenPlay,2018,RightFoot,10618,Bayer Leverkusen,Eintracht Frankfurt,6,1,2019-05-05 17:00:00,Kevin Volland,Pass
971,300752,11,ShotOnPost,0.825999984741211,0.41900001525878905,0.046625301241874695,Julian Brandt,h,261,OpenPlay,2018,RightFoot,10627,Bayer Leverkusen,Schalke 04,1,1,2019-05-11 14:30:00,,Rebound
972,300756,21,MissedShots,0.9159999847412109,0.40400001525878904,0.30596598982810974,Julian Brandt,h,261,OpenPlay,2018,RightFoot,10627,Bayer Leverkusen,Schalke 04,1,1,2019-05-11 14:30:00,Kai Havertz,Chipped
973,300767,59,MissedShots,0.87,0.585,0.07396549731492996,Julian Brandt,h,261,OpenPlay,2018,RightFoot,10627,Bayer Leverkusen,Schalke 04,1,1,2019-05-11 14:30:00,,None
974,300766,59,BlockedShot,0.74,0.36700000762939455,0.02198130078613758,Julian Brandt,h,261,OpenPlay,2018,RightFoot,10627,Bayer Leverkusen,Schalke 04,1,1,2019-05-11 14:30:00,Charles Aránguiz,Pass
975,302361,37,SavedShot,0.9580000305175781,0.6719999694824219,0.0691806972026825,Julian Brandt,a,261,OpenPlay,2018,LeftFoot,10638,Hertha Berlin,Bayer Leverkusen,1,5,2019-05-18 13:30:00,Wendell,TakeOn
976,302364,53,Goal,0.8190000152587891,0.3529999923706055,0.04913970082998276,Julian Brandt,a,261,OpenPlay,2018,RightFoot,10638,Hertha Berlin,Bayer Leverkusen,1,5,2019-05-18 13:30:00,Charles Aránguiz,Pass
977,310668,81,Goal,0.9290000152587891,0.47,0.4989989995956421,Julian Brandt,h,261,OpenPlay,2019,LeftFoot,12406,Borussia Dortmund,Augsburg,5,1,2019-08-17 14:30:00,Axel Witsel,Chipped
978,312182,66,MissedShots,0.774000015258789,0.33599998474121096,0.022644300013780594,Julian Brandt,a,261,OpenPlay,2019,LeftFoot,12412,FC Cologne,Borussia Dortmund,1,3,2019-08-23 19:30:00,Lukasz Piszczek,Pass
979,317106,23,SavedShot,0.97,0.6,0.360588014125824,Julian Brandt,h,261,OpenPlay,2019,LeftFoot,12435,Borussia Dortmund,Bayer Leverkusen,4,0,2019-09-14 13:30:00,,Rebound
980,322920,77,BlockedShot,0.7480000305175781,0.41,0.01473969966173172,Julian Brandt,h,261,OpenPlay,2019,RightFoot,12454,Borussia Dortmund,Werder Bremen,2,2,2019-09-28 16:30:00,,Rebound
981,324024,15,MissedShots,0.9430000305175781,0.6459999847412109,0.22928300499916077,Julian Brandt,a,261,OpenPlay,2019,LeftFoot,12460,Freiburg,Borussia Dortmund,2,2,2019-10-05 14:30:00,Achraf Hakimi,Cross
982,324028,33,MissedShots,0.9209999847412109,0.5520000076293945,0.3149479925632477,Julian Brandt,a,261,OpenPlay,2019,Head,12460,Freiburg,Borussia Dortmund,2,2,2019-10-05 14:30:00,Mario Götze,Chipped
983,324034,65,SavedShot,0.7430000305175781,0.63,0.017806699499487877,Julian Brandt,a,261,OpenPlay,2019,RightFoot,12460,Freiburg,Borussia Dortmund,2,2,2019-10-05 14:30:00,Mario Götze,Pass
984,325833,11,SavedShot,0.8690000152587891,0.7030000305175781,0.03899950161576271,Julian Brandt,h,261,OpenPlay,2019,LeftFoot,12469,Borussia Dortmund,Borussia M.Gladbach,1,0,2019-10-19 17:30:00,Marco Reus,Pass
985,325841,47,MissedShots,0.7980000305175782,0.3,0.02532370015978813,Julian Brandt,h,261,FromCorner,2019,LeftFoot,12469,Borussia Dortmund,Borussia M.Gladbach,1,0,2019-10-19 17:30:00,Axel Witsel,Pass
986,325845,50,MissedShots,0.8830000305175781,0.4520000076293945,0.09601090103387833,Julian Brandt,h,261,OpenPlay,2019,RightFoot,12469,Borussia Dortmund,Borussia M.Gladbach,1,0,2019-10-19 17:30:00,Marco Reus,BallTouch
987,325855,81,SavedShot,0.840999984741211,0.3189999961853027,0.2876020073890686,Julian Brandt,h,261,OpenPlay,2019,RightFoot,12469,Borussia Dortmund,Borussia M.Gladbach,1,0,2019-10-19 17:30:00,Julian Weigl,Chipped
988,331774,75,SavedShot,0.815,0.37900001525878907,0.04253289848566055,Julian Brandt,h,261,OpenPlay,2019,RightFoot,12502,Borussia Dortmund,Paderborn,3,3,2019-11-22 19:30:00,Jadon Sancho,Pass
989,335574,34,MissedShots,0.775,0.38599998474121094,0.03143719956278801,Julian Brandt,h,261,OpenPlay,2019,RightFoot,12520,Borussia Dortmund,Fortuna Duesseldorf,5,0,2019-12-07 14:30:00,Axel Witsel,TakeOn
990,336895,36,MissedShots,0.97,0.629000015258789,0.019145799800753593,Julian Brandt,a,261,FromCorner,2019,Head,12534,Mainz 05,Borussia Dortmund,0,4,2019-12-14 14:30:00,Jadon Sancho,Cross
991,336896,37,BlockedShot,0.779000015258789,0.385,0.03075830079615116,Julian Brandt,a,261,OpenPlay,2019,RightFoot,12534,Mainz 05,Borussia Dortmund,0,4,2019-12-14 14:30:00,Jadon Sancho,Pass
992,336897,47,SavedShot,0.870999984741211,0.6029999923706054,0.025256900116801262,Julian Brandt,a,261,SetPiece,2019,Head,12534,Mainz 05,Borussia Dortmund,0,4,2019-12-14 14:30:00,Marco Reus,Cross
993,336908,77,SavedShot,0.945,0.3370000076293945,0.03902440145611763,Julian Brandt,a,261,FromCorner,2019,RightFoot,12534,Mainz 05,Borussia Dortmund,0,4,2019-12-14 14:30:00,Achraf Hakimi,Cross
994,338000,33,Goal,0.955999984741211,0.610999984741211,0.40070998668670654,Julian Brandt,h,261,OpenPlay,2019,LeftFoot,12538,Borussia Dortmund,RasenBallsport Leipzig,3,3,2019-12-17 19:30:00,Jadon Sancho,Pass
995,338017,92,BlockedShot,0.9180000305175782,0.3129999923706055,0.054255299270153046,Julian Brandt,h,261,OpenPlay,2019,RightFoot,12538,Borussia Dortmund,RasenBallsport Leipzig,3,3,2019-12-17 19:30:00,Thorgan Hazard,Pass
996,338318,44,BlockedShot,0.8680000305175781,0.3770000076293945,0.045194100588560104,Julian Brandt,a,261,FromCorner,2019,LeftFoot,12549,Hoffenheim,Borussia Dortmund,2,1,2019-12-20 19:30:00,Dan-Axel Zagadou,BallTouch
997,338321,49,SavedShot,0.9159999847412109,0.39099998474121095,0.38411998748779297,Julian Brandt,a,261,OpenPlay,2019,RightFoot,12549,Hoffenheim,Borussia Dortmund,2,1,2019-12-20 19:30:00,Jadon Sancho,Pass
998,354871,48,Goal,0.8680000305175781,0.41200000762939454,0.087295301258564,Julian Brandt,a,261,OpenPlay,2019,LeftFoot,12562,Augsburg,Borussia Dortmund,3,5,2020-01-18 14:30:00,Thorgan Hazard,TakeOn
999,358136,20,SavedShot,0.875999984741211,0.35200000762939454,0.053155601024627686,Julian Brandt,a,261,OpenPlay,2019,RightFoot,12584,Bayer Leverkusen,Borussia Dortmund,4,3,2020-02-08 17:30:00,,None
1000,360727,31,MissedShots,0.775,0.5670000076293945,0.03810359910130501,Julian Brandt,h,261,OpenPlay,2019,RightFoot,12610,Borussia Dortmund,Freiburg,1,0,2020-02-29 14:30:00,Emre Can,Pass
1001,360739,60,MissedShots,0.8009999847412109,0.4179999923706055,0.046252500265836716,Julian Brandt,h,261,OpenPlay,2019,RightFoot,12610,Borussia Dortmund,Freiburg,1,0,2020-02-29 14:30:00,Raphael Guerreiro,TakeOn
1002,363344,3,SavedShot,0.8680000305175781,0.75,0.026540199294686317,Julian Brandt,h,261,OpenPlay,2019,RightFoot,12652,Borussia Dortmund,Bayern Munich,0,1,2020-05-26 16:30:00,Raphael Guerreiro,Pass
1003,363742,44,MissedShots,0.8430000305175781,0.5609999847412109,0.08316870033740997,Julian Brandt,a,261,OpenPlay,2019,RightFoot,12663,Paderborn,Borussia Dortmund,1,6,2020-05-31 16:00:00,Achraf Hakimi,Pass
1004,363958,22,MissedShots,0.8180000305175781,0.46,0.058905601501464844,Julian Brandt,h,261,OpenPlay,2019,RightFoot,12664,Borussia Dortmund,Hertha Berlin,1,0,2020-06-06 16:30:00,Manuel Akanji,Pass
1005,364204,28,SavedShot,0.9069999694824219,0.6309999847412109,0.09685169905424118,Julian Brandt,a,261,OpenPlay,2019,LeftFoot,12676,Fortuna Duesseldorf,Borussia Dortmund,0,1,2020-06-13 13:30:00,Thorgan Hazard,Pass
1006,364753,7,MissedShots,0.8809999847412109,0.40700000762939453,0.032392099499702454,Julian Brandt,h,261,SetPiece,2019,Head,12682,Borussia Dortmund,Mainz 05,0,2,2020-06-17 18:30:00,Thorgan Hazard,Cross
1007,364767,59,MissedShots,0.759000015258789,0.40200000762939453,0.01986050046980381,Julian Brandt,h,261,OpenPlay,2019,RightFoot,12682,Borussia Dortmund,Mainz 05,0,2,2020-06-17 18:30:00,Jadon Sancho,Pass
1008,365254,15,SavedShot,0.885,0.605,0.09550199657678604,Julian Brandt,a,261,OpenPlay,2019,LeftFoot,12692,RasenBallsport Leipzig,Borussia Dortmund,0,2,2020-06-20 13:30:00,Raphael Guerreiro,Pass
1009,366828,4,SavedShot,0.955,0.36,0.018179500475525856,Julian Brandt,h,261,FromCorner,2019,Head,12700,Borussia Dortmund,Hoffenheim,0,4,2020-06-27 13:30:00,Raphael Guerreiro,Cross
1010,366843,58,SavedShot,0.7390000152587891,0.3970000076293945,0.013453000225126743,Julian Brandt,h,261,OpenPlay,2019,LeftFoot,12700,Borussia Dortmund,Hoffenheim,0,4,2020-06-27 13:30:00,Lukasz Piszczek,BallRecovery
1011,380505,82,MissedShots,0.8419999694824218,0.43099998474121093,0.09168080240488052,Julian Brandt,h,261,OpenPlay,2020,RightFoot,15162,Borussia Dortmund,Freiburg,4,0,2020-10-03 13:30:00,Raphael Guerreiro,Pass
1012,380506,88,BlockedShot,0.7190000152587891,0.3579999923706055,0.04136969894170761,Julian Brandt,h,261,DirectFreekick,2020,RightFoot,15162,Borussia Dortmund,Freiburg,4,0,2020-10-03 13:30:00,,Standard
1013,384557,17,BlockedShot,0.855,0.6519999694824219,0.051702000200748444,Julian Brandt,a,261,OpenPlay,2020,RightFoot,15188,Arminia Bielefeld,Borussia Dortmund,0,2,2020-10-31 14:30:00,,None
1014,384558,22,BlockedShot,0.805,0.38799999237060545,0.04333660006523132,Julian Brandt,a,261,OpenPlay,2020,RightFoot,15188,Arminia Bielefeld,Borussia Dortmund,0,2,2020-10-31 14:30:00,Thorgan Hazard,Dispossessed
1015,384574,83,SavedShot,0.8930000305175781,0.655,0.25964099168777466,Julian Brandt,a,261,OpenPlay,2020,LeftFoot,15188,Arminia Bielefeld,Borussia Dortmund,0,2,2020-10-31 14:30:00,Axel Witsel,Pass
1016,390083,52,MissedShots,0.8480000305175781,0.32799999237060545,0.046334799379110336,Julian Brandt,a,261,OpenPlay,2020,RightFoot,15224,Eintracht Frankfurt,Borussia Dortmund,1,1,2020-12-05 14:30:00,Mateu Morey,Pass
1017,390087,63,MissedShots,0.995,0.345,0.06794390082359314,Julian Brandt,a,261,OpenPlay,2020,RightFoot,15224,Eintracht Frankfurt,Borussia Dortmund,1,1,2020-12-05 14:30:00,Jadon Sancho,Pass
1018,398971,22,SavedShot,0.8780000305175781,0.5920000076293945,0.08405250310897827,Julian Brandt,h,261,OpenPlay,2020,RightFoot,15276,Borussia Dortmund,Mainz 05,1,1,2021-01-16 14:30:00,Erling Haaland,BallRecovery
1019,398976,31,SavedShot,0.825999984741211,0.664000015258789,0.03795669972896576,Julian Brandt,h,261,OpenPlay,2020,RightFoot,15276,Borussia Dortmund,Mainz 05,1,1,2021-01-16 14:30:00,Jadon Sancho,Pass
1020,398988,79,MissedShots,0.875,0.47400001525878904,0.05307349935173988,Julian Brandt,h,261,SetPiece,2020,Head,15276,Borussia Dortmund,Mainz 05,1,1,2021-01-16 14:30:00,Jadon Sancho,Cross
1021,399789,2,BlockedShot,0.8690000152587891,0.649000015258789,0.06455469876527786,Julian Brandt,a,261,OpenPlay,2020,RightFoot,15286,Bayer Leverkusen,Borussia Dortmund,2,1,2021-01-19 19:30:00,Jadon Sancho,Pass
1022,399795,24,MissedShots,0.875,0.6790000152587891,0.04574590176343918,Julian Brandt,a,261,OpenPlay,2020,RightFoot,15286,Bayer Leverkusen,Borussia Dortmund,2,1,2021-01-19 19:30:00,,None
1023,399805,47,MissedShots,0.7619999694824219,0.700999984741211,0.01694989949464798,Julian Brandt,a,261,OpenPlay,2020,RightFoot,15286,Bayer Leverkusen,Borussia Dortmund,2,1,2021-01-19 19:30:00,Raphael Guerreiro,Pass
1024,399812,66,Goal,0.7930000305175782,0.6780000305175782,0.018334800377488136,Julian Brandt,a,261,OpenPlay,2020,RightFoot,15286,Bayer Leverkusen,Borussia Dortmund,2,1,2021-01-19 19:30:00,Raphael Guerreiro,BlockedPass
1025,399813,67,BlockedShot,0.975999984741211,0.42700000762939455,0.5608999729156494,Julian Brandt,a,261,OpenPlay,2020,RightFoot,15286,Bayer Leverkusen,Borussia Dortmund,2,1,2021-01-19 19:30:00,Jude Bellingham,Pass
1026,401614,7,SavedShot,0.8880000305175781,0.35200000762939454,0.32509100437164307,Julian Brandt,h,261,OpenPlay,2020,RightFoot,15303,Borussia Dortmund,Augsburg,3,1,2021-01-30 14:30:00,Marco Reus,Throughball
1027,401622,34,BlockedShot,0.815,0.46799999237060547,0.06361620128154755,Julian Brandt,h,261,OpenPlay,2020,RightFoot,15303,Borussia Dortmund,Augsburg,3,1,2021-01-30 14:30:00,Giovanni Reyna,Pass
1028,403089,38,SavedShot,0.725,0.5159999847412109,0.019617099314928055,Julian Brandt,a,261,OpenPlay,2020,RightFoot,15314,Freiburg,Borussia Dortmund,2,1,2021-02-06 14:30:00,Raphael Guerreiro,Pass
1029,406727,88,MissedShots,0.7859999847412109,0.5970000076293945,0.05120629817247391,Julian Brandt,h,261,OpenPlay,2020,RightFoot,15339,Borussia Dortmund,Arminia Bielefeld,3,0,2021-02-27 14:30:00,Jadon Sancho,Pass
1030,410103,53,Goal,0.7090000152587891,0.5579999923706055,0.018490299582481384,Julian Brandt,h,261,OpenPlay,2020,RightFoot,15356,Borussia Dortmund,Hertha Berlin,2,0,2021-03-13 17:30:00,Marco Reus,Pass
1031,415840,15,MissedShots,0.904000015258789,0.6029999923706054,0.032704200595617294,Julian Brandt,h,261,FromCorner,2020,LeftFoot,15392,Borussia Dortmund,Werder Bremen,4,1,2021-04-18 13:30:00,,Aerial
1032,424617,79,Goal,0.9430000305175781,0.5709999847412109,0.8467829823493958,Julian Brandt,a,261,OpenPlay,2020,LeftFoot,15434,Mainz 05,Borussia Dortmund,1,3,2021-05-16 16:00:00,Erling Haaland,TakeOn
1033,429780,10,MissedShots,0.8690000152587891,0.4279999923706055,0.3524630069732666,Julian Brandt,a,261,OpenPlay,2021,RightFoot,17547,Bayer Leverkusen,Borussia Dortmund,3,4,2021-09-11 13:30:00,Erling Haaland,Pass
1034,429789,48,Goal,0.9330000305175781,0.35,0.307873010635376,Julian Brandt,a,261,OpenPlay,2021,RightFoot,17547,Bayer Leverkusen,Borussia Dortmund,3,4,2021-09-11 13:30:00,Erling Haaland,Pass
1035,434753,50,Goal,0.8159999847412109,0.39799999237060546,0.04348570108413696,Julian Brandt,h,261,OpenPlay,2021,LeftFoot,17576,Borussia Dortmund,Augsburg,2,1,2021-10-02 13:30:00,Marco Reus,Pass
1036,434768,82,BlockedShot,0.945,0.725,0.04021989926695824,Julian Brandt,h,261,OpenPlay,2021,LeftFoot,17576,Borussia Dortmund,Augsburg,2,1,2021-10-02 13:30:00,Thorgan Hazard,Chipped
1037,436139,30,MissedShots,0.78,0.39799999237060546,0.04210620000958443,Julian Brandt,h,261,OpenPlay,2021,LeftFoot,17587,Borussia Dortmund,Mainz 05,3,1,2021-10-16 13:30:00,,None
1038,437710,43,SavedShot,0.9469999694824218,0.3370000076293945,0.09550339728593826,Julian Brandt,a,261,OpenPlay,2021,RightFoot,17590,Arminia Bielefeld,Borussia Dortmund,1,3,2021-10-23 13:30:00,Donyell Malen,Pass
1039,442385,65,MissedShots,0.8580000305175781,0.624000015258789,0.06656110286712646,Julian Brandt,h,261,OpenPlay,2021,LeftFoot,17623,Borussia Dortmund,VfB Stuttgart,2,1,2021-11-20 14:30:00,Marco Reus,Pass
1040,442386,66,BlockedShot,0.784000015258789,0.62,0.032187800854444504,Julian Brandt,h,261,OpenPlay,2021,RightFoot,17623,Borussia Dortmund,VfB Stuttgart,2,1,2021-11-20 14:30:00,Thorgan Hazard,TakeOn
1041,443952,30,BlockedShot,0.8119999694824219,0.5329999923706055,0.04621820151805878,Julian Brandt,a,261,OpenPlay,2021,LeftFoot,17630,Wolfsburg,Borussia Dortmund,1,3,2021-11-27 14:30:00,Mahmoud Dahoud,BlockedPass
1042,446351,4,Goal,0.9069999694824219,0.49700000762939456,0.4217529892921448,Julian Brandt,h,261,OpenPlay,2021,RightFoot,17641,Borussia Dortmund,Bayern Munich,2,3,2021-12-04 17:30:00,Jude Bellingham,TakeOn
1043,446364,37,BlockedShot,0.8069999694824219,0.34900001525878904,0.03331879898905754,Julian Brandt,h,261,OpenPlay,2021,RightFoot,17641,Borussia Dortmund,Bayern Munich,2,3,2021-12-04 17:30:00,Emre Can,Pass
1044,446370,57,BlockedShot,0.8180000305175781,0.5029999923706054,0.04722040146589279,Julian Brandt,h,261,OpenPlay,2021,LeftFoot,17641,Borussia Dortmund,Bayern Munich,2,3,2021-12-04 17:30:00,,Rebound
1045,447671,84,Goal,0.9669999694824218,0.40700000762939453,0.311504989862442,Julian Brandt,a,261,OpenPlay,2021,RightFoot,17643,Bochum,Borussia Dortmund,1,1,2021-12-11 14:30:00,Erling Haaland,Chipped
1046,449556,30,Goal,0.9430000305175781,0.6580000305175782,0.07458549737930298,Julian Brandt,a,261,OpenPlay,2021,LeftFoot,17663,Hertha Berlin,Borussia Dortmund,3,2,2021-12-18 17:30:00,,BallTouch
1047,452247,42,MissedShots,0.8159999847412109,0.5690000152587891,0.03603870049118996,Julian Brandt,a,261,FromCorner,2021,LeftFoot,17675,Eintracht Frankfurt,Borussia Dortmund,2,3,2022-01-08 17:30:00,Donyell Malen,Pass
1048,452253,62,MissedShots,0.8580000305175781,0.3840000152587891,0.07012730091810226,Julian Brandt,a,261,OpenPlay,2021,LeftFoot,17675,Eintracht Frankfurt,Borussia Dortmund,2,3,2022-01-08 17:30:00,Marco Reus,Pass
1049,452994,79,MissedShots,0.8209999847412109,0.49,0.08023340255022049,Julian Brandt,h,261,OpenPlay,2021,RightFoot,17686,Borussia Dortmund,Freiburg,5,1,2022-01-14 19:30:00,Erling Haaland,Pass
1050,456273,49,SavedShot,0.6959999847412109,0.39599998474121095,0.009437629953026772,Julian Brandt,h,261,OpenPlay,2021,RightFoot,17703,Borussia Dortmund,Bayer Leverkusen,2,5,2022-02-06 14:30:00,Donyell Malen,Pass
1051,456278,61,MissedShots,0.87,0.7340000152587891,0.027471400797367096,Julian Brandt,h,261,OpenPlay,2021,RightFoot,17703,Borussia Dortmund,Bayer Leverkusen,2,5,2022-02-06 14:30:00,Donyell Malen,Pass
1052,456283,71,MissedShots,0.7080000305175781,0.535,0.012049700133502483,Julian Brandt,h,261,OpenPlay,2021,RightFoot,17703,Borussia Dortmund,Bayer Leverkusen,2,5,2022-02-06 14:30:00,Donyell Malen,Pass
1053,458892,78,SavedShot,0.7880000305175782,0.6229999923706054,0.04215160012245178,Julian Brandt,h,261,OpenPlay,2021,RightFoot,17721,Borussia Dortmund,Borussia M.Gladbach,6,0,2022-02-20 16:30:00,Marco Reus,Pass
1054,458895,86,MissedShots,0.9059999847412109,0.700999984741211,0.0777248963713646,Julian Brandt,h,261,OpenPlay,2021,RightFoot,17721,Borussia Dortmund,Borussia M.Gladbach,6,0,2022-02-20 16:30:00,Mahmoud Dahoud,Pass
1055,460448,46,SavedShot,0.78,0.415,0.046016499400138855,Julian Brandt,a,261,OpenPlay,2021,LeftFoot,17725,Augsburg,Borussia Dortmund,1,1,2022-02-27 16:30:00,Donyell Malen,BallTouch
1056,463255,90,SavedShot,0.909000015258789,0.27399999618530274,0.06400199979543686,Julian Brandt,h,261,OpenPlay,2021,RightFoot,17749,Borussia Dortmund,Arminia Bielefeld,1,0,2022-03-13 16:30:00,Jude Bellingham,HeadPass
1057,463560,69,BlockedShot,0.9430000305175781,0.305,0.033451300114393234,Julian Brandt,a,261,FromCorner,2021,LeftFoot,17736,Mainz 05,Borussia Dortmund,0,1,2022-03-16 17:30:00,Giovanni Reyna,Cross
1058,463566,94,MissedShots,0.9730000305175781,0.585,0.3481920063495636,Julian Brandt,a,261,OpenPlay,2021,RightFoot,17736,Mainz 05,Borussia Dortmund,0,1,2022-03-16 17:30:00,Erling Haaland,Cross
1059,466384,11,Goal,0.97,0.46599998474121096,0.7944560050964355,Julian Brandt,a,261,OpenPlay,2021,RightFoot,17772,VfB Stuttgart,Borussia Dortmund,0,2,2022-04-08 18:30:00,Erling Haaland,Pass
1060,466400,70,Goal,0.774000015258789,0.405,0.03633100166916847,Julian Brandt,a,261,OpenPlay,2021,RightFoot,17772,VfB Stuttgart,Borussia Dortmund,0,2,2022-04-08 18:30:00,Marco Reus,Pass
1061,468029,20,MissedShots,0.7559999847412109,0.5720000076293945,0.024701200425624847,Julian Brandt,h,261,OpenPlay,2021,RightFoot,17785,Borussia Dortmund,Wolfsburg,6,1,2022-04-16 13:30:00,Axel Witsel,Pass
1062,471536,20,SavedShot,0.88,0.5270000076293946,0.15308600664138794,Julian Brandt,h,261,OpenPlay,2021,RightFoot,17803,Borussia Dortmund,Bochum,3,4,2022-04-30 13:30:00,Jude Bellingham,TakeOn
1063,471551,66,BlockedShot,0.775,0.4329999923706055,0.03888789936900139,Julian Brandt,h,261,OpenPlay,2021,LeftFoot,17803,Borussia Dortmund,Bochum,3,4,2022-04-30 13:30:00,Erling Haaland,Pass
1064,474869,25,Goal,0.9690000152587891,0.40400001525878904,0.3683669865131378,Julian Brandt,a,261,OpenPlay,2021,RightFoot,17804,Greuther Fuerth,Borussia Dortmund,1,3,2022-05-07 13:30:00,,Rebound
1065,474877,71,Goal,0.919000015258789,0.5979999923706054,0.3251110017299652,Julian Brandt,a,261,OpenPlay,2021,LeftFoot,17804,Greuther Fuerth,Borussia Dortmund,1,3,2022-05-07 13:30:00,Nico Schulz,TakeOn
1066,475572,43,MissedShots,0.8819999694824219,0.37200000762939456,0.07550639659166336,Julian Brandt,h,261,OpenPlay,2021,LeftFoot,17821,Borussia Dortmund,Hertha Berlin,2,1,2022-05-14 13:30:00,Marius Wolf,TakeOn
1067,481707,46,Goal,0.8190000152587891,0.3120000076293945,0.03088649921119213,Julian Brandt,h,261,OpenPlay,2022,LeftFoot,19364,Borussia Dortmund,Werder Bremen,2,3,2022-08-20 13:30:00,Marco Reus,Pass
1068,483469,18,SavedShot,0.8580000305175781,0.6930000305175781,0.040275901556015015,Julian Brandt,a,261,OpenPlay,2022,RightFoot,19373,Hertha Berlin,Borussia Dortmund,0,1,2022-08-27 13:30:00,Salih Özcan,Pass
1069,485549,38,MissedShots,0.9530000305175781,0.2979999923706055,0.027053700760006905,Julian Brandt,h,261,OpenPlay,2022,RightFoot,19378,Borussia Dortmund,Hoffenheim,1,0,2022-09-02 18:30:00,Anthony Modeste,Aerial
1070,489922,30,Goal,0.8819999694824219,0.5029999923706054,0.3406769931316376,Julian Brandt,a,261,OpenPlay,2022,RightFoot,19408,FC Cologne,Borussia Dortmund,3,2,2022-10-01 13:30:00,Jude Bellingham,Tackle
1071,489939,62,SavedShot,0.85,0.4909999847412109,0.08426280319690704,Julian Brandt,a,261,OpenPlay,2022,RightFoot,19408,FC Cologne,Borussia Dortmund,3,2,2022-10-01 13:30:00,Jude Bellingham,Pass
1072,494992,19,SavedShot,0.9359999847412109,0.68,0.07327999919652939,Julian Brandt,h,261,OpenPlay,2022,LeftFoot,19432,Borussia Dortmund,VfB Stuttgart,5,0,2022-10-22 13:30:00,Giovanni Reyna,Pass
1073,496730,14,MissedShots,0.8980000305175782,0.2989999961853027,0.05428459867835045,Julian Brandt,a,261,OpenPlay,2022,RightFoot,19445,Eintracht Frankfurt,Borussia Dortmund,1,2,2022-10-29 16:30:00,Karim Adeyemi,Pass
1074,496731,19,Goal,0.8780000305175781,0.44299999237060544,0.07301650196313858,Julian Brandt,a,261,OpenPlay,2022,RightFoot,19445,Eintracht Frankfurt,Borussia Dortmund,1,2,2022-10-29 16:30:00,Donyell Malen,Cross
1075,497945,55,MissedShots,0.77,0.6569999694824219,0.06473039835691452,Julian Brandt,h,261,DirectFreekick,2022,RightFoot,19457,Borussia Dortmund,Bochum,3,0,2022-11-05 14:30:00,,Standard
1076,499006,38,MissedShots,0.8580000305175781,0.46799999237060547,0.026389500126242638,Julian Brandt,a,261,OpenPlay,2022,Head,19464,Wolfsburg,Borussia Dortmund,2,0,2022-11-08 17:30:00,Donyell Malen,Cross
1077,499745,13,MissedShots,0.915,0.6409999847412109,0.07184469699859619,Julian Brandt,a,261,OpenPlay,2022,LeftFoot,19472,Borussia M.Gladbach,Borussia Dortmund,4,2,2022-11-11 19:30:00,Youssoufa Moukoko,Pass
1078,499748,18,Goal,0.9180000305175782,0.5,0.4823809862136841,Julian Brandt,a,261,OpenPlay,2022,LeftFoot,19472,Borussia M.Gladbach,Borussia Dortmund,4,2,2022-11-11 19:30:00,Jude Bellingham,Throughball
1079,499760,49,MissedShots,0.7530000305175781,0.40400001525878904,0.020171400159597397,Julian Brandt,a,261,OpenPlay,2022,RightFoot,19472,Borussia M.Gladbach,Borussia Dortmund,4,2,2022-11-11 19:30:00,Jude Bellingham,Pass
1080,504986,20,SavedShot,0.769000015258789,0.61,0.02468479983508587,Julian Brandt,h,261,OpenPlay,2022,LeftFoot,19477,Borussia Dortmund,Augsburg,4,3,2023-01-22 14:30:00,Jude Bellingham,Pass
1081,505004,59,BlockedShot,0.8430000305175781,0.3270000076293945,0.039744000881910324,Julian Brandt,h,261,OpenPlay,2022,RightFoot,19477,Borussia Dortmund,Augsburg,4,3,2023-01-22 14:30:00,Karim Adeyemi,Pass
1082,505433,13,BlockedShot,0.7980000305175782,0.5359999847412109,0.04492039978504181,Julian Brandt,a,261,OpenPlay,2022,LeftFoot,19489,Mainz 05,Borussia Dortmund,1,2,2023-01-25 17:30:00,Donyell Malen,Pass
1083,506293,25,BlockedShot,0.9059999847412109,0.68,0.07030250132083893,Julian Brandt,a,261,OpenPlay,2022,LeftFoot,19496,Bayer Leverkusen,Borussia Dortmund,0,2,2023-01-29 16:30:00,Sébastien Haller,Pass
1084,506304,71,SavedShot,0.7269999694824218,0.4540000152587891,0.021436799317598343,Julian Brandt,a,261,OpenPlay,2022,RightFoot,19496,Bayer Leverkusen,Borussia Dortmund,0,2,2023-01-29 16:30:00,Anthony Modeste,Pass
1085,506970,12,BlockedShot,0.775,0.6959999847412109,0.012449800036847591,Julian Brandt,h,261,SetPiece,2022,LeftFoot,19504,Borussia Dortmund,Freiburg,5,1,2023-02-04 14:30:00,,None
1086,506990,68,Goal,0.74,0.5159999847412109,0.032891400158405304,Julian Brandt,h,261,OpenPlay,2022,RightFoot,19504,Borussia Dortmund,Freiburg,5,1,2023-02-04 14:30:00,Raphael Guerreiro,Pass
1087,508273,76,MissedShots,0.92,0.47400001525878904,0.7463340163230896,Julian Brandt,a,261,OpenPlay,2022,LeftFoot,19521,Werder Bremen,Borussia Dortmund,0,2,2023-02-11 14:30:00,Niklas Süle,TakeOn
1088,508277,83,Goal,0.8909999847412109,0.6480000305175782,0.15179400146007538,Julian Brandt,a,261,OpenPlay,2022,RightFoot,19521,Werder Bremen,Borussia Dortmund,0,2,2023-02-11 14:30:00,Raphael Guerreiro,Throughball
1089,510349,89,Goal,0.9,0.5129999923706055,0.580070972442627,Julian Brandt,h,261,OpenPlay,2022,LeftFoot,19522,Borussia Dortmund,Hertha Berlin,4,1,2023-02-19 16:30:00,Jamie Bynoe-Gittens,Throughball
1090,510738,42,Goal,0.95,0.555,0.1459590047597885,Julian Brandt,a,261,SetPiece,2022,OtherBodyPart,19536,Hoffenheim,Borussia Dortmund,0,1,2023-02-25 14:30:00,Marco Reus,Cross
1091,510751,75,SavedShot,0.805,0.6419999694824219,0.04295499995350838,Julian Brandt,a,261,OpenPlay,2022,RightFoot,19536,Hoffenheim,Borussia Dortmund,0,1,2023-02-25 14:30:00,Raphael Guerreiro,Pass
1092,510756,90,SavedShot,0.794000015258789,0.6419999694824219,0.0462195985019207,Julian Brandt,a,261,OpenPlay,2022,RightFoot,19536,Hoffenheim,Borussia Dortmund,0,1,2023-02-25 14:30:00,Salih Özcan,BallRecovery
1093,511770,17,BlockedShot,0.8880000305175781,0.28299999237060547,0.035578399896621704,Julian Brandt,h,261,OpenPlay,2022,RightFoot,19540,Borussia Dortmund,RasenBallsport Leipzig,2,1,2023-03-03 19:30:00,Jude Bellingham,Pass
1094,516611,38,MissedShots,0.9130000305175782,0.5590000152587891,0.07448670268058777,Julian Brandt,a,261,OpenPlay,2022,Head,19574,Bayern Munich,Borussia Dortmund,4,2,2023-04-01 16:30:00,Marco Reus,Cross
1095,517967,62,BlockedShot,0.7659999847412109,0.515,0.02571759931743145,Julian Brandt,h,261,OpenPlay,2022,RightFoot,19576,Borussia Dortmund,Union Berlin,2,1,2023-04-08 13:30:00,,None
1096,519315,9,SavedShot,0.775,0.6730000305175782,0.018147600814700127,Julian Brandt,a,261,OpenPlay,2022,RightFoot,19591,VfB Stuttgart,Borussia Dortmund,3,3,2023-04-15 13:30:00,,None
1097,522467,36,SavedShot,0.9669999694824218,0.6179999923706054,0.10598057508468628,Julian Brandt,a,261,OpenPlay,2022,RightFoot,19609,Bochum,Borussia Dortmund,1,1,2023-04-28 18:30:00,Karim Adeyemi,Pass
1098,525182,48,SavedShot,0.8030000305175782,0.31,0.019316524267196655,Julian Brandt,h,261,FromCorner,2022,LeftFoot,19612,Borussia Dortmund,Wolfsburg,6,0,2023-05-07 15:30:00,,None
1099,525193,77,BlockedShot,0.8580000305175781,0.46099998474121096,0.12523561716079712,Julian Brandt,h,261,OpenPlay,2022,RightFoot,19612,Borussia Dortmund,Wolfsburg,6,0,2023-05-07 15:30:00,Youssoufa Moukoko,Pass
1100,526222,67,MissedShots,0.8569999694824219,0.615,0.08810827136039734,Julian Brandt,h,261,OpenPlay,2022,LeftFoot,19622,Borussia Dortmund,Borussia M.Gladbach,5,2,2023-05-13 16:30:00,Jude Bellingham,Pass
1101,528154,28,SavedShot,0.8859999847412109,0.639000015258789,0.2941102087497711,Julian Brandt,a,261,OpenPlay,2022,LeftFoot,19635,Augsburg,Borussia Dortmund,0,3,2023-05-21 15:30:00,Raphael Guerreiro,Chipped
1102,528155,32,SavedShot,0.789000015258789,0.665,0.28482383489608765,Julian Brandt,a,261,OpenPlay,2022,LeftFoot,19635,Augsburg,Borussia Dortmund,0,3,2023-05-21 15:30:00,Emre Can,Throughball
1103,528161,45,SavedShot,0.7519999694824219,0.700999984741211,0.01696271449327469,Julian Brandt,a,261,OpenPlay,2022,LeftFoot,19635,Augsburg,Borussia Dortmund,0,3,2023-05-21 15:30:00,Karim Adeyemi,Pass
1104,528171,81,SavedShot,0.7830000305175782,0.639000015258789,0.03425298258662224,Julian Brandt,a,261,OpenPlay,2022,RightFoot,19635,Augsburg,Borussia Dortmund,0,3,2023-05-21 15:30:00,Salih Özcan,Pass
1105,528174,92,Goal,0.9080000305175782,0.63,0.36806073784828186,Julian Brandt,a,261,OpenPlay,2022,LeftFoot,19635,Augsburg,Borussia Dortmund,0,3,2023-05-21 15:30:00,Nico Schlotterbeck,Pass
1106,528881,33,SavedShot,0.925,0.32799999237060545,0.04439352825284004,Julian Brandt,h,261,OpenPlay,2022,RightFoot,19639,Borussia Dortmund,Mainz 05,2,2,2023-05-27 13:30:00,Niklas Süle,Chipped
1107,528885,43,SavedShot,0.885,0.5879999923706055,0.2781310975551605,Julian Brandt,h,261,OpenPlay,2022,RightFoot,19639,Borussia Dortmund,Mainz 05,2,2,2023-05-27 13:30:00,Marco Reus,TakeOn
1108,528890,52,SavedShot,0.735999984741211,0.7419999694824219,0.011516326107084751,Julian Brandt,h,261,OpenPlay,2022,RightFoot,19639,Borussia Dortmund,Mainz 05,2,2,2023-05-27 13:30:00,Raphael Guerreiro,Pass
1109,533406,29,BlockedShot,0.8209999847412109,0.6359999847412109,0.04373856633901596,Julian Brandt,h,261,OpenPlay,2023,RightFoot,23071,Borussia Dortmund,FC Cologne,1,0,2023-08-19 16:30:00,Marco Reus,Pass
1110,533407,29,SavedShot,0.9419999694824219,0.6880000305175781,0.0789312943816185,Julian Brandt,h,261,OpenPlay,2023,LeftFoot,23071,Borussia Dortmund,FC Cologne,1,0,2023-08-19 16:30:00,Emre Can,TakeOn
1111,534574,2,MissedShots,0.9059999847412109,0.605999984741211,0.11400957405567169,Julian Brandt,a,261,OpenPlay,2023,RightFoot,23077,Bochum,Borussia Dortmund,1,1,2023-08-26 13:30:00,Ramy Bensebaini,Pass
1112,534588,37,MissedShots,0.9030000305175782,0.6809999847412109,0.04620840400457382,Julian Brandt,a,261,OpenPlay,2023,LeftFoot,23077,Bochum,Borussia Dortmund,1,1,2023-08-26 13:30:00,Marcel Sabitzer,Chipped
1113,534607,94,MissedShots,0.9469999694824218,0.7040000152587891,0.06267934292554855,Julian Brandt,a,261,OpenPlay,2023,LeftFoot,23077,Bochum,Borussia Dortmund,1,1,2023-08-26 13:30:00,Ramy Bensebaini,TakeOn
1114,535803,6,Goal,0.8569999694824219,0.4329999923706055,0.07945840805768967,Julian Brandt,h,261,OpenPlay,2023,LeftFoot,23083,Borussia Dortmund,FC Heidenheim,2,2,2023-09-01 18:30:00,Emre Can,BallTouch
1115,537549,23,MissedShots,0.7669999694824219,0.6480000305175782,0.02640208601951599,Julian Brandt,a,261,OpenPlay,2023,RightFoot,23094,Freiburg,Borussia Dortmund,2,4,2023-09-16 13:30:00,Marcel Sabitzer,BallRecovery
1116,537559,53,MissedShots,0.8780000305175781,0.28200000762939453,0.03300555795431137,Julian Brandt,a,261,OpenPlay,2023,RightFoot,23094,Freiburg,Borussia Dortmund,2,4,2023-09-16 13:30:00,Emre Can,Pass
1117,538991,53,MissedShots,0.935,0.5720000076293945,0.46972233057022095,Julian Brandt,h,261,OpenPlay,2023,LeftFoot,23105,Borussia Dortmund,Wolfsburg,1,0,2023-09-23 13:30:00,Salih Özcan,Throughball
1118,538999,67,SavedShot,0.889000015258789,0.69,0.3177019953727722,Julian Brandt,h,261,OpenPlay,2023,LeftFoot,23105,Borussia Dortmund,Wolfsburg,1,0,2023-09-23 13:30:00,Marco Reus,Throughball
1119,542602,47,SavedShot,0.7519999694824219,0.38599998474121094,0.017350275069475174,Julian Brandt,h,261,OpenPlay,2023,RightFoot,23120,Borussia Dortmund,Union Berlin,4,2,2023-10-07 13:30:00,,None
1120,542606,53,Goal,0.8909999847412109,0.375,0.3518444895744324,Julian Brandt,h,261,OpenPlay,2023,RightFoot,23120,Borussia Dortmund,Union Berlin,4,2,2023-10-07 13:30:00,Marco Reus,Pass
1121,543594,52,BlockedShot,0.7709999847412109,0.24700000762939453,0.019562911242246628,Julian Brandt,h,261,OpenPlay,2023,LeftFoot,23128,Borussia Dortmund,Werder Bremen,1,0,2023-10-20 18:30:00,Marius Wolf,Pass
1122,543600,66,Goal,0.879000015258789,0.5020000076293946,0.4024060368537903,Julian Brandt,h,261,OpenPlay,2023,RightFoot,23128,Borussia Dortmund,Werder Bremen,1,0,2023-10-20 18:30:00,Emre Can,Throughball
1123,546159,81,Goal,0.9640000152587891,0.5209999847412109,0.5960274934768677,Julian Brandt,a,261,OpenPlay,2023,RightFoot,23140,Eintracht Frankfurt,Borussia Dortmund,3,3,2023-10-29 14:30:00,Karim Adeyemi,Cross
1124,547018,22,MissedShots,0.71,0.4809999847412109,0.008993322029709816,Julian Brandt,h,261,OpenPlay,2023,RightFoot,23146,Borussia Dortmund,Bayern Munich,0,4,2023-11-04 17:30:00,Mats Hummels,Chipped
1125,551948,53,BlockedShot,0.85,0.495,0.08834247291088104,Julian Brandt,a,261,OpenPlay,2023,RightFoot,23175,Bayer Leverkusen,Borussia Dortmund,1,1,2023-12-03 16:30:00,,None
1126,551949,53,SavedShot,0.7319999694824219,0.2989999961853027,0.021363168954849243,Julian Brandt,a,261,OpenPlay,2023,RightFoot,23175,Bayer Leverkusen,Borussia Dortmund,1,1,2023-12-03 16:30:00,Nico Schlotterbeck,Pass
1127,554172,43,MissedShots,0.874000015258789,0.4540000152587891,0.11170993745326996,Julian Brandt,a,261,OpenPlay,2023,RightFoot,23198,Augsburg,Borussia Dortmund,1,1,2023-12-16 14:30:00,Jamie Bynoe-Gittens,Pass
1128,555259,23,MissedShots,0.8040000152587891,0.33599998474121096,0.029254019260406494,Julian Brandt,h,261,OpenPlay,2023,RightFoot,23200,Borussia Dortmund,Mainz 05,1,1,2023-12-19 19:30:00,Mats Hummels,Pass
1129,555260,28,Goal,0.7969999694824219,0.6990000152587891,0.07019385695457458,Julian Brandt,h,261,DirectFreekick,2023,RightFoot,23200,Borussia Dortmund,Mainz 05,1,1,2023-12-19 19:30:00,,Standard
1130,558243,19,SavedShot,0.9369999694824219,0.5359999847412109,0.45171111822128296,Julian Brandt,a,261,OpenPlay,2023,RightFoot,23217,Darmstadt,Borussia Dortmund,0,3,2024-01-13 17:30:00,Ian Maatsen,Cross
1131,558245,23,Goal,0.8980000305175782,0.36700000762939455,0.5345807671546936,Julian Brandt,a,261,OpenPlay,2023,RightFoot,23217,Darmstadt,Borussia Dortmund,0,3,2024-01-13 17:30:00,Jamie Bynoe-Gittens,Throughball
1132,558920,3,SavedShot,0.845999984741211,0.4570000076293945,0.09069324284791946,Julian Brandt,a,261,OpenPlay,2023,RightFoot,23223,FC Cologne,Borussia Dortmund,0,4,2024-01-20 14:30:00,Jadon Sancho,Pass
1133,563739,98,MissedShots,0.7959999847412109,0.7,0.06926131993532181,Julian Brandt,a,261,DirectFreekick,2023,RightFoot,23256,Wolfsburg,Borussia Dortmund,1,1,2024-02-17 14:30:00,,Standard
1134,566520,63,SavedShot,0.7730000305175782,0.32299999237060545,0.03784731402993202,Julian Brandt,a,261,OpenPlay,2023,LeftFoot,23272,Union Berlin,Borussia Dortmund,0,2,2024-03-02 14:30:00,Niclas Füllkrug,HeadPass
1135,568223,20,SavedShot,0.7290000152587891,0.40099998474121096,0.021352993324398994,Julian Brandt,a,261,OpenPlay,2023,RightFoot,23286,Werder Bremen,Borussia Dortmund,1,2,2024-03-09 17:30:00,Niklas Süle,Pass
1136,570076,8,MissedShots,0.7319999694824219,0.3110000038146973,0.017319530248641968,Julian Brandt,h,261,OpenPlay,2023,RightFoot,23290,Borussia Dortmund,Eintracht Frankfurt,3,1,2024-03-17 16:30:00,Niclas Füllkrug,Pass
1137,570092,71,BlockedShot,0.8869999694824219,0.544000015258789,0.13363169133663177,Julian Brandt,h,261,OpenPlay,2023,RightFoot,23290,Borussia Dortmund,Eintracht Frankfurt,3,1,2024-03-17 16:30:00,Jamie Bynoe-Gittens,BallTouch
1138,570990,43,BlockedShot,0.795,0.31,0.029823699966073036,Julian Brandt,a,261,OpenPlay,2023,RightFoot,23299,Bayern Munich,Borussia Dortmund,0,2,2024-03-30 17:30:00,Niclas Füllkrug,Pass
1139,576692,17,SavedShot,0.735999984741211,0.4329999923706055,0.022040827199816704,Julian Brandt,a,261,OpenPlay,2023,RightFoot,23336,RasenBallsport Leipzig,Borussia Dortmund,4,1,2024-04-27 13:30:00,Niclas Füllkrug,Pass
1140,576719,89,BlockedShot,0.764000015258789,0.3089999961853027,0.01853610947728157,Julian Brandt,a,261,OpenPlay,2023,RightFoot,23336,RasenBallsport Leipzig,Borussia Dortmund,4,1,2024-04-27 13:30:00,Niclas Füllkrug,Pass
1141,581479,71,Goal,0.93,0.6559999847412109,0.41806092858314514,Julian Brandt,h,261,OpenPlay,2023,LeftFoot,23362,Borussia Dortmund,Darmstadt,4,0,2024-05-18 13:30:00,Jadon Sancho,Throughball
1142,586328,40,SavedShot,0.8540000152587891,0.7469999694824219,0.028114479035139084,Julian Brandt,h,261,OpenPlay,2024,RightFoot,27748,Borussia Dortmund,Eintracht Frankfurt,2,0,2024-08-24 16:30:00,Nico Schlotterbeck,Pass
1143,586330,48,MissedShots,0.7569999694824219,0.2720000076293945,0.019434256479144096,Julian Brandt,h,261,OpenPlay,2024,RightFoot,27748,Borussia Dortmund,Eintracht Frankfurt,2,0,2024-08-24 16:30:00,Niklas Süle,Pass
1144,586335,61,BlockedShot,0.8080000305175781,0.624000015258789,0.038674045354127884,Julian Brandt,h,261,OpenPlay,2024,RightFoot,27748,Borussia Dortmund,Eintracht Frankfurt,2,0,2024-08-24 16:30:00,Pascal Groß,Pass
1145,589099,39,MissedShots,0.7140000152587891,0.47200000762939454,0.01892523467540741,Julian Brandt,a,261,OpenPlay,2024,RightFoot,27753,Werder Bremen,Borussia Dortmund,0,0,2024-08-31 13:30:00,Jamie Bynoe-Gittens,Pass
1146,589101,44,MissedShots,0.8959999847412109,0.4379999923706055,0.09391158074140549,Julian Brandt,a,261,OpenPlay,2024,RightFoot,27753,Werder Bremen,Borussia Dortmund,0,0,2024-08-31 13:30:00,Julian Ryerson,Cross
1147,593111,50,BlockedShot,0.88,0.595999984741211,0.0895698070526123,Julian Brandt,a,261,OpenPlay,2024,RightFoot,27776,VfB Stuttgart,Borussia Dortmund,5,1,2024-09-22 15:30:00,Ramy Bensebaini,Pass
1148,593113,54,BlockedShot,0.735,0.46900001525878904,0.017273975536227226,Julian Brandt,a,261,OpenPlay,2024,RightFoot,27776,VfB Stuttgart,Borussia Dortmund,5,1,2024-09-22 15:30:00,Marcel Sabitzer,Pass
1149,593650,13,SavedShot,0.8130000305175781,0.43599998474121093,0.05085662007331848,Julian Brandt,h,261,OpenPlay,2024,RightFoot,27778,Borussia Dortmund,Bochum,4,2,2024-09-27 18:30:00,Pascal Groß,Pass
1150,593659,38,MissedShots,0.93,0.6859999847412109,0.2834467589855194,Julian Brandt,h,261,OpenPlay,2024,RightFoot,27778,Borussia Dortmund,Bochum,4,2,2024-09-27 18:30:00,Serhou Guirassy,Throughball
1151,596641,45,MissedShots,0.9259999847412109,0.46799999237060547,0.40435150265693665,Julian Brandt,h,261,OpenPlay,2024,Head,27798,Borussia Dortmund,St. Pauli,2,1,2024-10-18 18:30:00,Nico Schlotterbeck,Cross
1152,596644,57,SavedShot,0.8,0.34200000762939453,0.03701421245932579,Julian Brandt,h,261,OpenPlay,2024,RightFoot,27798,Borussia Dortmund,St. Pauli,2,1,2024-10-18 18:30:00,Marcel Sabitzer,Pass
1153,596653,86,SavedShot,0.9169999694824219,0.3270000076293945,0.3245900273323059,Julian Brandt,h,261,OpenPlay,2024,RightFoot,27798,Borussia Dortmund,St. Pauli,2,1,2024-10-18 18:30:00,Julian Ryerson,Pass
1154,598341,70,BlockedShot,0.7530000305175781,0.669000015258789,0.012845170684158802,Julian Brandt,a,261,FromCorner,2024,LeftFoot,27809,Augsburg,Borussia Dortmund,2,1,2024-10-26 13:30:00,,Aerial
1155,600274,23,BlockedShot,0.87,0.4540000152587891,0.09873951226472855,Julian Brandt,h,261,OpenPlay,2024,RightFoot,27816,Borussia Dortmund,RasenBallsport Leipzig,2,1,2024-11-02 17:30:00,Maximilian Beier,Pass
1156,600285,48,BlockedShot,0.79,0.26299999237060545,0.055598191916942596,Julian Brandt,h,261,DirectFreekick,2024,RightFoot,27816,Borussia Dortmund,RasenBallsport Leipzig,2,1,2024-11-02 17:30:00,,Standard
1157,600292,71,SavedShot,0.895,0.4829999923706055,0.4601327180862427,Julian Brandt,h,261,OpenPlay,2024,LeftFoot,27816,Borussia Dortmund,RasenBallsport Leipzig,2,1,2024-11-02 17:30:00,Ramy Bensebaini,Cross
1158,600293,71,SavedShot,0.895,0.4829999923706055,0.15662534534931183,Julian Brandt,h,261,OpenPlay,2024,LeftFoot,27816,Borussia Dortmund,RasenBallsport Leipzig,2,1,2024-11-02 17:30:00,,Rebound
1159,602759,50,MissedShots,0.9219999694824219,0.49599998474121093,0.06631338596343994,Julian Brandt,h,261,OpenPlay,2024,Head,27835,Borussia Dortmund,Freiburg,4,0,2024-11-23 14:30:00,,Aerial
1160,602763,65,Goal,0.76,0.49,0.07819968461990356,Julian Brandt,h,261,DirectFreekick,2024,RightFoot,27835,Borussia Dortmund,Freiburg,4,0,2024-11-23 14:30:00,,Standard
1161,608827,1,MissedShots,0.9640000152587891,0.52,0.15551291406154633,Julian Brandt,a,261,OpenPlay,2024,RightFoot,27874,Wolfsburg,Borussia Dortmund,1,3,2024-12-22 16:30:00,Maximilian Beier,Rebound
1162,608830,14,MissedShots,0.9159999847412109,0.5409999847412109,0.13355189561843872,Julian Brandt,a,261,OpenPlay,2024,LeftFoot,27874,Wolfsburg,Borussia Dortmund,1,3,2024-12-22 16:30:00,Serhou Guirassy,Rebound
1163,608834,29,Goal,0.8430000305175781,0.4879999923706055,0.11362570524215698,Julian Brandt,a,261,OpenPlay,2024,RightFoot,27874,Wolfsburg,Borussia Dortmund,1,3,2024-12-22 16:30:00,Maximilian Beier,Pass
1164,14793,78,MissedShots,0.909000015258789,0.4779999923706055,0.029197100549936295,Emre Can,a,604,FromCorner,2014,Head,4768,Manchester City,Liverpool,3,1,2014-08-25 20:00:00,Jordan Henderson,Aerial
1165,16682,57,BlockedShot,0.7969999694824219,0.38299999237060545,0.03397979959845543,Emre Can,a,604,OpenPlay,2014,RightFoot,4706,Queens Park Rangers,Liverpool,2,3,2014-10-19 13:30:00,Jordan Henderson,Pass
1166,16456,0,BlockedShot,0.7280000305175781,0.4540000152587891,0.013378899544477463,Emre Can,h,604,OpenPlay,2014,RightFoot,4659,Liverpool,Chelsea,1,2,2014-11-08 12:45:00,,None
1167,16458,8,Goal,0.730999984741211,0.40400001525878904,0.019084399566054344,Emre Can,h,604,OpenPlay,2014,RightFoot,4659,Liverpool,Chelsea,1,2,2014-11-08 12:45:00,Raheem Sterling,Pass
1168,18472,87,MissedShots,0.7319999694824219,0.305,0.017544999718666077,Emre Can,a,604,OpenPlay,2014,RightFoot,4571,Aston Villa,Liverpool,0,2,2015-01-17 15:00:00,Jordan Henderson,Pass
1169,23087,88,MissedShots,0.81,0.6140000152587891,0.05503559857606888,Emre Can,h,604,OpenPlay,2014,RightFoot,4528,Liverpool,Tottenham,3,2,2015-02-10 20:00:00,Mario Balotelli,Pass
1170,20844,23,BlockedShot,0.7140000152587891,0.3920000076293945,0.014934799633920193,Emre Can,h,604,FromCorner,2014,RightFoot,4491,Liverpool,Burnley,2,0,2015-03-04 20:00:00,,BallTouch
1171,20862,79,SavedShot,0.764000015258789,0.26299999237060545,0.03193100169301033,Emre Can,h,604,OpenPlay,2014,RightFoot,4491,Liverpool,Burnley,2,0,2015-03-04 20:00:00,Daniel Sturridge,Chipped
1172,20797,56,SavedShot,0.865,0.3920000076293945,0.08481790125370026,Emre Can,a,604,OpenPlay,2014,RightFoot,4440,Arsenal,Liverpool,4,1,2015-04-04 12:45:00,Daniel Sturridge,Pass
1173,20804,71,MissedShots,0.7380000305175781,0.3890000152587891,0.014623300172388554,Emre Can,a,604,FromCorner,2014,RightFoot,4440,Arsenal,Liverpool,4,1,2015-04-04 12:45:00,,None
1174,20311,30,MissedShots,0.72,0.23399999618530273,0.007201230153441429,Emre Can,a,604,OpenPlay,2014,RightFoot,4471,West Bromwich Albion,Liverpool,0,0,2015-04-25 15:00:00,Philippe Coutinho,Chipped
1175,20324,67,SavedShot,0.909000015258789,0.3990000152587891,0.08167409896850586,Emre Can,a,604,OpenPlay,2014,RightFoot,4471,West Bromwich Albion,Liverpool,0,0,2015-04-25 15:00:00,Steven Gerrard,Cross
1176,20706,90,BlockedShot,0.745,0.2879999923706055,0.015487900003790855,Emre Can,a,604,OpenPlay,2014,RightFoot,4478,Hull,Liverpool,1,0,2015-04-28 19:45:00,Jordan Henderson,Pass
1177,20482,93,MissedShots,0.92,0.25,0.020948199555277824,Emre Can,a,604,OpenPlay,2014,RightFoot,4417,Chelsea,Liverpool,1,1,2015-05-10 16:00:00,Raheem Sterling,Cross
1178,22392,1,MissedShots,0.7280000305175781,0.37900001525878907,0.011138600297272205,Emre Can,h,604,OpenPlay,2014,RightFoot,4425,Liverpool,Crystal Palace,1,3,2015-05-16 17:30:00,,TakeOn
1179,58157,93,MissedShots,0.9180000305175782,0.534000015258789,0.1109199970960617,Emre Can,h,604,FromCorner,2015,LeftFoot,140,Liverpool,Norwich,1,1,2015-09-20 19:00:00,Adam Lallana,None
1180,58373,4,SavedShot,0.9459999847412109,0.3290000152587891,0.012924600392580032,Emre Can,h,604,SetPiece,2015,Head,145,Liverpool,Aston Villa,3,2,2015-09-26 18:00:00,Alberto Moreno,Cross
1181,59135,42,BlockedShot,0.7240000152587891,0.48,0.017597699537873268,Emre Can,a,604,OpenPlay,2015,RightFoot,161,Tottenham,Liverpool,0,0,2015-10-17 15:45:00,Divock Origi,Pass
1182,59154,88,MissedShots,0.745999984741211,0.5270000076293946,0.02038309909403324,Emre Can,a,604,OpenPlay,2015,RightFoot,161,Tottenham,Liverpool,0,0,2015-10-17 15:45:00,Joe Allen,Pass
1183,59285,3,MissedShots,0.91,0.3840000152587891,0.04793199896812439,Emre Can,h,604,FromCorner,2015,RightFoot,180,Liverpool,Southampton,1,1,2015-10-25 20:15:00,James Milner,Cross
1184,59313,69,MissedShots,0.7609999847412109,0.6719999694824219,0.014718799851834774,Emre Can,h,604,OpenPlay,2015,RightFoot,180,Liverpool,Southampton,1,1,2015-10-25 20:15:00,,None
1185,54073,10,SavedShot,0.9680000305175781,0.669000015258789,0.0641435980796814,Emre Can,h,604,OpenPlay,2015,LeftFoot,238,Liverpool,West Bromwich Albion,2,2,2015-12-13 20:00:00,Alberto Moreno,BallTouch
1186,53151,71,SavedShot,0.7559999847412109,0.305,0.009735439904034138,Emre Can,a,604,OpenPlay,2015,RightFoot,248,Watford,Liverpool,3,0,2015-12-20 17:30:00,,None
1187,54448,22,SavedShot,0.735,0.5029999923706054,0.018683599308133125,Emre Can,h,604,OpenPlay,2015,RightFoot,257,Liverpool,Leicester,1,0,2015-12-26 19:00:00,Nathaniel Clyne,Pass
1188,54458,35,BlockedShot,0.769000015258789,0.6530000305175782,0.022977400571107864,Emre Can,h,604,OpenPlay,2015,RightFoot,257,Liverpool,Leicester,1,0,2015-12-26 19:00:00,Philippe Coutinho,Pass
1189,54465,77,MissedShots,0.745,0.48,0.02914920076727867,Emre Can,h,604,OpenPlay,2015,RightFoot,257,Liverpool,Leicester,1,0,2015-12-26 19:00:00,Roberto Firmino,Pass
1190,53837,36,BlockedShot,0.7880000305175782,0.41,0.027557499706745148,Emre Can,a,604,OpenPlay,2015,RightFoot,270,Sunderland,Liverpool,0,1,2015-12-30 23:45:00,Christian Benteke,TakeOn
1191,53847,73,MissedShots,0.9030000305175782,0.44,0.1357100009918213,Emre Can,a,604,OpenPlay,2015,LeftFoot,270,Sunderland,Liverpool,0,1,2015-12-30 23:45:00,Christian Benteke,Pass
1192,52863,46,ShotOnPost,0.8030000305175782,0.39099998474121095,0.029095100238919258,Emre Can,a,604,OpenPlay,2015,RightFoot,271,West Ham,Liverpool,2,0,2016-01-02 16:45:00,Roberto Firmino,Pass
1193,53889,9,SavedShot,0.8290000152587891,0.7230000305175781,0.03182949870824814,Emre Can,h,604,FromCorner,2015,RightFoot,289,Liverpool,Arsenal,3,3,2016-01-14 00:00:00,James Milner,Pass
1194,53897,29,MissedShots,0.825999984741211,0.639000015258789,0.04882020130753517,Emre Can,h,604,OpenPlay,2015,RightFoot,289,Liverpool,Arsenal,3,3,2016-01-14 00:00:00,Roberto Firmino,Pass
1195,53900,45,SavedShot,0.7430000305175781,0.5420000076293945,0.019192799925804138,Emre Can,h,604,OpenPlay,2015,RightFoot,289,Liverpool,Arsenal,3,3,2016-01-14 00:00:00,James Milner,Pass
1196,56089,49,SavedShot,0.9080000305175782,0.6940000152587891,0.06534440070390701,Emre Can,h,604,OpenPlay,2015,LeftFoot,298,Liverpool,Manchester United,0,1,2016-01-17 18:05:00,Adam Lallana,Pass
1197,56097,65,SavedShot,0.774000015258789,0.37599998474121094,0.02571140043437481,Emre Can,h,604,OpenPlay,2015,RightFoot,298,Liverpool,Manchester United,0,1,2016-01-17 18:05:00,,TakeOn
1198,53443,3,MissedShots,0.754000015258789,0.6329999923706054,0.021349700167775154,Emre Can,a,604,OpenPlay,2015,RightFoot,312,Leicester,Liverpool,2,0,2016-02-02 23:45:00,Alberto Moreno,Pass
1199,53455,43,BlockedShot,0.8119999694824219,0.6709999847412109,0.03110410086810589,Emre Can,a,604,OpenPlay,2015,RightFoot,312,Leicester,Liverpool,2,0,2016-02-02 23:45:00,Adam Lallana,Pass
1200,53456,44,BlockedShot,0.764000015258789,0.485,0.02508380077779293,Emre Can,a,604,OpenPlay,2015,RightFoot,312,Leicester,Liverpool,2,0,2016-02-02 23:45:00,,None
1201,53457,47,BlockedShot,0.87,0.6279999923706054,0.07053720206022263,Emre Can,a,604,OpenPlay,2015,RightFoot,312,Leicester,Liverpool,2,0,2016-02-02 23:45:00,Jordan Henderson,Pass
1202,53462,68,SavedShot,0.9440000152587891,0.34799999237060547,0.0587690994143486,Emre Can,a,604,OpenPlay,2015,RightFoot,312,Leicester,Liverpool,2,0,2016-02-02 23:45:00,,None
1203,54480,57,Goal,0.8090000152587891,0.455,0.07314179837703705,Emre Can,a,604,OpenPlay,2015,RightFoot,339,Aston Villa,Liverpool,0,6,2016-02-14 18:05:00,Roberto Firmino,Pass
1204,59765,88,BlockedShot,0.754000015258789,0.6120000076293945,0.01697690039873123,Emre Can,a,604,OpenPlay,2015,LeftFoot,367,Crystal Palace,Liverpool,1,2,2016-03-06 17:30:00,Christian Benteke,Pass
1205,60481,9,SavedShot,0.9,0.45599998474121095,0.0548224002122879,Emre Can,a,604,FromCorner,2015,Head,380,Southampton,Liverpool,3,2,2016-03-20 17:30:00,Philippe Coutinho,Cross
1206,61041,6,BlockedShot,0.745,0.45799999237060546,0.019853200763463974,Emre Can,h,604,OpenPlay,2015,RightFoot,450,Liverpool,Chelsea,1,1,2016-05-11 23:00:00,Roberto Firmino,Pass
1207,61080,46,BlockedShot,0.8680000305175781,0.5179999923706055,0.07369039952754974,Emre Can,h,604,SetPiece,2015,RightFoot,450,Liverpool,Chelsea,1,1,2016-05-11 23:00:00,,None
1208,61101,78,SavedShot,0.7680000305175781,0.3240000152587891,0.016807500272989273,Emre Can,h,604,OpenPlay,2015,RightFoot,450,Liverpool,Chelsea,1,1,2016-05-11 23:00:00,,Dispossessed
1209,113809,77,BlockedShot,0.865,0.4209999847412109,0.11761199682950974,Emre Can,h,604,OpenPlay,2016,RightFoot,516,Liverpool,Hull,5,1,2016-09-24 18:00:00,Nathaniel Clyne,Pass
1210,113812,90,MissedShots,0.4420000076293945,0.7240000152587891,0.008624989539384842,Emre Can,h,604,OpenPlay,2016,RightFoot,516,Liverpool,Hull,5,1,2016-09-24 18:00:00,Roberto Firmino,Pass
1211,113984,22,MissedShots,0.7380000305175781,0.36900001525878906,0.019592199474573135,Emre Can,h,604,OpenPlay,2016,RightFoot,540,Liverpool,Manchester United,0,0,2016-10-17 23:00:00,Philippe Coutinho,Pass
1212,113987,58,SavedShot,0.8809999847412109,0.3920000076293945,0.09373059868812561,Emre Can,h,604,OpenPlay,2016,LeftFoot,540,Liverpool,Manchester United,0,0,2016-10-17 23:00:00,Joel Matip,Pass
1213,113992,78,MissedShots,0.7390000152587891,0.39,0.010927299968898296,Emre Can,h,604,OpenPlay,2016,RightFoot,540,Liverpool,Manchester United,0,0,2016-10-17 23:00:00,,Aerial
1214,114461,61,MissedShots,0.7190000152587891,0.54,0.01615140028297901,Emre Can,h,604,OpenPlay,2016,RightFoot,548,Liverpool,West Bromwich Albion,2,1,2016-10-22 20:30:00,,None
1215,114462,65,BlockedShot,0.86,0.534000015258789,0.390408992767334,Emre Can,h,604,OpenPlay,2016,RightFoot,548,Liverpool,West Bromwich Albion,2,1,2016-10-22 20:30:00,Philippe Coutinho,Pass
1216,114464,66,MissedShots,0.725,0.5720000076293945,0.01862649992108345,Emre Can,h,604,OpenPlay,2016,RightFoot,548,Liverpool,West Bromwich Albion,2,1,2016-10-22 20:30:00,Roberto Firmino,Pass
1217,114657,15,Goal,0.899000015258789,0.5690000152587891,0.12427300214767456,Emre Can,a,604,OpenPlay,2016,LeftFoot,2683,Crystal Palace,Liverpool,2,4,2016-10-29 20:30:00,Alberto Moreno,Pass
1218,114662,24,BlockedShot,0.88,0.66,0.0731659010052681,Emre Can,a,604,OpenPlay,2016,LeftFoot,2683,Crystal Palace,Liverpool,2,4,2016-10-29 20:30:00,,None
1219,115194,20,BlockedShot,0.865999984741211,0.38799999237060545,0.06418129801750183,Emre Can,h,604,OpenPlay,2016,LeftFoot,2693,Liverpool,Watford,6,1,2016-11-06 18:15:00,,None
1220,115203,42,Goal,0.9380000305175781,0.5329999923706055,0.4947659969329834,Emre Can,h,604,OpenPlay,2016,Head,2693,Liverpool,Watford,6,1,2016-11-06 18:15:00,Adam Lallana,Cross
1221,115622,63,MissedShots,0.82,0.590999984741211,0.05430860072374344,Emre Can,a,604,OpenPlay,2016,LeftFoot,2698,Southampton,Liverpool,0,0,2016-11-19 19:00:00,Roberto Firmino,Pass
1222,115625,75,BlockedShot,0.9130000305175782,0.48,0.08536910265684128,Emre Can,a,604,FromCorner,2016,Head,2698,Southampton,Liverpool,0,0,2016-11-19 19:00:00,Philippe Coutinho,Cross
1223,115236,40,MissedShots,0.9319999694824219,0.37,0.019923200830817223,Emre Can,h,604,FromCorner,2016,Head,2710,Liverpool,Sunderland,2,0,2016-11-26 19:00:00,Jordan Henderson,Cross
1224,115237,45,MissedShots,0.9180000305175782,0.5609999847412109,0.05731699988245964,Emre Can,h,604,OpenPlay,2016,Head,2710,Liverpool,Sunderland,2,0,2016-11-26 19:00:00,Roberto Firmino,Chipped
1225,115246,64,MissedShots,0.8419999694824218,0.5270000076293946,0.06568989902734756,Emre Can,h,604,OpenPlay,2016,RightFoot,2710,Liverpool,Sunderland,2,0,2016-11-26 19:00:00,,None
1226,115255,83,BlockedShot,0.7619999694824219,0.5990000152587891,0.02686779946088791,Emre Can,h,604,OpenPlay,2016,RightFoot,2710,Liverpool,Sunderland,2,0,2016-11-26 19:00:00,Divock Origi,TakeOn
1227,115256,85,BlockedShot,0.86,0.605,0.10696599632501602,Emre Can,h,604,OpenPlay,2016,RightFoot,2710,Liverpool,Sunderland,2,0,2016-11-26 19:00:00,Jordan Henderson,Pass
1228,115483,63,Goal,0.8080000305175781,0.47,0.06480419635772705,Emre Can,a,604,OpenPlay,2016,RightFoot,3112,Bournemouth,Liverpool,4,3,2016-12-04 17:30:00,Sadio Mané,Pass
1229,117500,29,MissedShots,0.8219999694824218,0.6719999694824219,0.04482780024409294,Emre Can,h,604,OpenPlay,2016,RightFoot,3162,Liverpool,Manchester City,1,0,2016-12-31 21:30:00,Adam Lallana,Pass
1230,116783,63,SavedShot,0.8019999694824219,0.43400001525878906,0.04698789864778519,Emre Can,a,604,OpenPlay,2016,RightFoot,3334,Sunderland,Liverpool,2,2,2017-01-02 19:00:00,Sadio Mané,Pass
1231,117551,2,BlockedShot,0.9840000152587891,0.6020000076293945,0.01901490055024624,Emre Can,a,604,FromCorner,2016,Head,3349,Manchester United,Liverpool,1,1,2017-01-15 16:00:00,James Milner,BallTouch
1232,118419,8,MissedShots,0.9209999847412109,0.5129999923706055,0.36344799399375916,Emre Can,h,604,OpenPlay,2016,Head,3350,Liverpool,Swansea,2,3,2017-01-21 15:30:00,Jordan Henderson,Cross
1233,116210,62,BlockedShot,0.875999984741211,0.3579999923706055,0.03609360009431839,Emre Can,h,604,OpenPlay,2016,LeftFoot,3366,Liverpool,Chelsea,1,1,2017-01-31 23:00:00,James Milner,Cross
1234,116639,0,MissedShots,0.879000015258789,0.7090000152587891,0.041899099946022034,Emre Can,a,604,OpenPlay,2016,RightFoot,3373,Hull,Liverpool,2,0,2017-02-04 15:00:00,,None
1235,118539,46,SavedShot,0.7290000152587891,0.5109999847412109,0.014192500151693821,Emre Can,a,604,OpenPlay,2016,RightFoot,3399,Leicester,Liverpool,3,1,2017-02-27 20:00:00,Sadio Mané,Pass
1236,112653,26,BlockedShot,0.774000015258789,0.33799999237060546,0.02122120000422001,Emre Can,h,604,OpenPlay,2016,RightFoot,3419,Liverpool,Burnley,2,1,2017-03-12 16:00:00,Nathaniel Clyne,Pass
1237,112662,60,Goal,0.7380000305175781,0.485,0.018910599872469902,Emre Can,h,604,OpenPlay,2016,RightFoot,3419,Liverpool,Burnley,2,1,2017-03-12 16:00:00,Divock Origi,Pass
1238,119448,10,BlockedShot,0.6959999847412109,0.524000015258789,0.014364699833095074,Emre Can,h,604,OpenPlay,2016,RightFoot,3435,Liverpool,Everton,3,1,2017-04-01 12:30:00,Philippe Coutinho,Pass
1239,119453,30,BlockedShot,0.825999984741211,0.2989999961853027,0.013593499548733234,Emre Can,h,604,OpenPlay,2016,RightFoot,3435,Liverpool,Everton,3,1,2017-04-01 12:30:00,,Aerial
1240,119456,48,BlockedShot,0.860999984741211,0.6329999923706054,0.08457250148057938,Emre Can,h,604,OpenPlay,2016,RightFoot,3435,Liverpool,Everton,3,1,2017-04-01 12:30:00,Roberto Firmino,Pass
1241,120223,78,BlockedShot,0.769000015258789,0.3890000152587891,0.03462750092148781,Emre Can,a,604,OpenPlay,2016,RightFoot,3451,Stoke,Liverpool,1,2,2017-04-08 15:00:00,,None
1242,120224,88,BlockedShot,0.74,0.4159999847412109,0.025881100445985794,Emre Can,a,604,OpenPlay,2016,RightFoot,3451,Stoke,Liverpool,1,2,2017-04-08 15:00:00,Philippe Coutinho,Pass
1243,121567,78,MissedShots,0.7169999694824218,0.49900001525878906,0.01799039915204048,Emre Can,a,604,OpenPlay,2016,RightFoot,3469,West Bromwich Albion,Liverpool,0,1,2017-04-16 13:30:00,,None
1244,120821,38,MissedShots,0.9059999847412109,0.5640000152587891,0.1362760066986084,Emre Can,h,604,OpenPlay,2016,RightFoot,3476,Liverpool,Crystal Palace,1,2,2017-04-23 16:30:00,Georginio Wijnaldum,Pass
1245,121125,20,SavedShot,0.720999984741211,0.49400001525878906,0.015659000724554062,Emre Can,a,604,OpenPlay,2016,LeftFoot,3488,Watford,Liverpool,0,1,2017-05-01 20:00:00,Adam Lallana,Pass
1246,121130,46,Goal,0.855999984741211,0.5279999923706055,0.07672719657421112,Emre Can,a,604,OpenPlay,2016,RightFoot,3488,Watford,Liverpool,0,1,2017-05-01 20:00:00,Lucas Leiva,Chipped
1247,121138,80,MissedShots,0.7269999694824218,0.54,0.019665900617837906,Emre Can,a,604,OpenPlay,2016,RightFoot,3488,Watford,Liverpool,0,1,2017-05-01 20:00:00,Divock Origi,Pass
1248,121532,41,SavedShot,0.7580000305175781,0.6170000076293946,0.02147670090198517,Emre Can,h,604,OpenPlay,2016,LeftFoot,3496,Liverpool,Southampton,0,0,2017-05-07 13:30:00,Philippe Coutinho,Pass
1249,121534,59,MissedShots,0.7440000152587891,0.6370000076293946,0.013698199763894081,Emre Can,h,604,OpenPlay,2016,RightFoot,3496,Liverpool,Southampton,0,0,2017-05-07 13:30:00,,None
1250,121545,87,MissedShots,0.755,0.40599998474121096,0.021517399698495865,Emre Can,h,604,OpenPlay,2016,RightFoot,3496,Liverpool,Southampton,0,0,2017-05-07 13:30:00,Daniel Sturridge,Pass
1251,120690,47,MissedShots,0.9230000305175782,0.5329999923706055,0.09863139688968658,Emre Can,a,604,FromCorner,2016,Head,3509,West Ham,Liverpool,0,4,2017-05-14 14:15:00,Philippe Coutinho,Cross
1252,112507,20,MissedShots,0.7959999847412109,0.395,0.05013050138950348,Emre Can,h,604,OpenPlay,2016,RightFoot,3515,Liverpool,Middlesbrough,3,0,2017-05-21 15:00:00,Daniel Sturridge,TakeOn
1253,112531,76,SavedShot,0.8719999694824219,0.27700000762939453,0.04967230185866356,Emre Can,h,604,OpenPlay,2016,RightFoot,3515,Liverpool,Middlesbrough,3,0,2017-05-21 15:00:00,Adam Lallana,Pass
1254,158665,5,MissedShots,0.899000015258789,0.46599998474121096,0.07839269936084747,Emre Can,h,604,OpenPlay,2017,Head,7148,Liverpool,Arsenal,4,0,2017-08-27 16:00:00,Alberto Moreno,Cross
1255,158682,60,BlockedShot,0.7719999694824219,0.27399999618530274,0.027869699522852898,Emre Can,h,604,OpenPlay,2017,RightFoot,7148,Liverpool,Arsenal,4,0,2017-08-27 16:00:00,Joseph Gomez,Pass
1256,159383,17,SavedShot,0.7440000152587891,0.4329999923706055,0.019623300060629845,Emre Can,a,604,OpenPlay,2017,RightFoot,7149,Manchester City,Liverpool,5,0,2017-09-09 12:30:00,Alberto Moreno,Pass
1257,159386,28,MissedShots,0.8090000152587891,0.5609999847412109,0.13661900162696838,Emre Can,a,604,DirectFreekick,2017,RightFoot,7149,Manchester City,Liverpool,5,0,2017-09-09 12:30:00,,Standard
1258,158711,53,SavedShot,0.7709999847412109,0.445,0.024806100875139236,Emre Can,h,604,OpenPlay,2017,RightFoot,7162,Liverpool,Burnley,1,1,2017-09-16 15:00:00,Philippe Coutinho,Pass
1259,158718,70,MissedShots,0.9330000305175781,0.649000015258789,0.014527300372719765,Emre Can,h,604,FromCorner,2017,Head,7162,Liverpool,Burnley,1,1,2017-09-16 15:00:00,James Milner,Cross
1260,158728,91,MissedShots,0.7069999694824218,0.565,0.014282800257205963,Emre Can,h,604,OpenPlay,2017,RightFoot,7162,Liverpool,Burnley,1,1,2017-09-16 15:00:00,Trent Alexander-Arnold,Pass
1261,158729,92,BlockedShot,0.8109999847412109,0.7169999694824218,0.019085900858044624,Emre Can,h,604,OpenPlay,2017,RightFoot,7162,Liverpool,Burnley,1,1,2017-09-16 15:00:00,James Milner,Pass
1262,159345,12,ShotOnPost,0.7519999694824219,0.29100000381469726,0.01464150007814169,Emre Can,a,604,OpenPlay,2017,RightFoot,7176,Leicester,Liverpool,2,3,2017-09-23 17:30:00,Mohamed Salah,Pass
1263,159361,56,MissedShots,0.96,0.595999984741211,0.05892980098724365,Emre Can,a,604,OpenPlay,2017,Head,7176,Leicester,Liverpool,2,3,2017-09-23 17:30:00,Jordan Henderson,Chipped
1264,160510,55,MissedShots,0.935,0.46599998474121096,0.4198560118675232,Emre Can,h,604,OpenPlay,2017,LeftFoot,7193,Liverpool,Manchester United,0,0,2017-10-14 12:30:00,Joseph Gomez,Chipped
1265,159640,19,MissedShots,0.749000015258789,0.5929999923706055,0.012073500081896782,Emre Can,a,604,OpenPlay,2017,RightFoot,7207,Tottenham,Liverpool,4,1,2017-10-22 16:00:00,,None
1266,159645,35,BlockedShot,0.7759999847412109,0.3120000076293945,0.018051600083708763,Emre Can,a,604,OpenPlay,2017,RightFoot,7207,Tottenham,Liverpool,4,1,2017-10-22 16:00:00,,None
1267,161307,45,MissedShots,0.7719999694824219,0.5779999923706055,0.02852959930896759,Emre Can,a,604,OpenPlay,2017,RightFoot,7258,Stoke,Liverpool,0,3,2017-11-29 20:00:00,Sadio Mané,Pass
1268,161543,29,Goal,0.9390000152587891,0.495,0.12565800547599792,Emre Can,a,604,FromCorner,2017,Head,7268,Brighton,Liverpool,1,5,2017-12-02 15:00:00,Philippe Coutinho,Cross
1269,185328,11,BlockedShot,0.7240000152587891,0.5979999923706054,0.014528200030326843,Emre Can,h,604,OpenPlay,2017,RightFoot,7287,Liverpool,West Bromwich Albion,0,0,2017-12-13 20:00:00,Philippe Coutinho,Pass
1270,182898,72,SavedShot,0.895,0.4779999923706055,0.018411900848150253,Emre Can,a,604,FromCorner,2017,Head,7301,Arsenal,Liverpool,3,3,2017-12-22 19:45:00,Philippe Coutinho,Aerial
1271,185657,22,SavedShot,0.789000015258789,0.585,0.042500898241996765,Emre Can,h,604,OpenPlay,2017,RightFoot,7313,Liverpool,Swansea,5,0,2017-12-26 17:30:00,Roberto Firmino,Pass
1272,189613,68,MissedShots,0.735999984741211,0.6020000076293945,0.01890389993786812,Emre Can,a,604,OpenPlay,2017,LeftFoot,7357,Swansea,Liverpool,1,0,2018-01-22 20:00:00,Sadio Mané,Pass
1273,189622,90,MissedShots,0.915,0.435,0.08953239768743515,Emre Can,a,604,OpenPlay,2017,LeftFoot,7357,Swansea,Liverpool,1,0,2018-01-22 20:00:00,Roberto Firmino,HeadPass
1274,194064,23,SavedShot,0.775,0.4,0.04158860072493553,Emre Can,a,604,OpenPlay,2017,LeftFoot,7359,Huddersfield,Liverpool,0,3,2018-01-30 20:00:00,Sadio Mané,LayOff
1275,194065,25,Goal,0.735999984741211,0.40799999237060547,0.017311999574303627,Emre Can,a,604,OpenPlay,2017,RightFoot,7359,Huddersfield,Liverpool,0,3,2018-01-30 20:00:00,,None
1276,194066,26,BlockedShot,0.735999984741211,0.375,0.020634999498724937,Emre Can,a,604,OpenPlay,2017,RightFoot,7359,Huddersfield,Liverpool,0,3,2018-01-30 20:00:00,Roberto Firmino,Pass
1277,193955,65,MissedShots,0.7480000305175781,0.5420000076293945,0.020867299288511276,Emre Can,a,604,OpenPlay,2017,LeftFoot,7384,Southampton,Liverpool,0,2,2018-02-11 16:30:00,,None
1278,197368,28,Goal,0.9630000305175781,0.5320000076293945,0.13298900425434113,Emre Can,h,604,FromCorner,2017,Head,7395,Liverpool,West Ham,4,1,2018-02-24 15:00:00,Mohamed Salah,Cross
1279,197369,31,MissedShots,0.8080000305175781,0.6,0.05584479868412018,Emre Can,h,604,OpenPlay,2017,RightFoot,7395,Liverpool,West Ham,4,1,2018-02-24 15:00:00,Sadio Mané,Pass
1280,199026,17,MissedShots,0.8490000152587891,0.48200000762939454,0.02537599951028824,Emre Can,h,604,SetPiece,2017,Head,7403,Liverpool,Newcastle United,2,0,2018-03-03 17:30:00,Trent Alexander-Arnold,Cross
1281,218168,84,SavedShot,0.9080000305175782,0.4109999847412109,0.03379900008440018,Emre Can,a,604,OpenPlay,2018,Head,9577,Chievo,Juventus,2,3,2018-08-18 19:00:00,João Cancelo,Aerial
1282,224128,17,MissedShots,0.7330000305175781,0.45799999237060546,0.015084800310432911,Emre Can,h,604,OpenPlay,2018,RightFoot,9612,Juventus,Sassuolo,2,1,2018-09-16 13:00:00,,None
1283,224134,33,MissedShots,0.784000015258789,0.40700000762939453,0.021581899374723434,Emre Can,h,604,FromCorner,2018,RightFoot,9612,Juventus,Sassuolo,2,1,2018-09-16 13:00:00,,None
1284,224137,37,MissedShots,0.7919999694824219,0.6709999847412109,0.022082099691033363,Emre Can,h,604,OpenPlay,2018,RightFoot,9612,Juventus,Sassuolo,2,1,2018-09-16 13:00:00,Alex Sandro,Pass
1285,226054,77,BlockedShot,0.870999984741211,0.5729999923706055,0.06954660266637802,Emre Can,a,604,SetPiece,2018,LeftFoot,9620,Frosinone,Juventus,0,2,2018-09-23 18:30:00,,None
1286,226897,91,SavedShot,0.8809999847412109,0.605,0.12133699655532837,Emre Can,h,604,OpenPlay,2018,RightFoot,9632,Juventus,Bologna,2,0,2018-09-26 19:00:00,Leonardo Bonucci,Pass
1287,226896,91,SavedShot,0.8519999694824218,0.5559999847412109,0.11392399668693542,Emre Can,h,604,OpenPlay,2018,RightFoot,9632,Juventus,Bologna,2,0,2018-09-26 19:00:00,Cristiano Ronaldo,Pass
1288,228184,29,MissedShots,0.9119999694824219,0.73,0.017434099689126015,Emre Can,h,604,FromCorner,2018,LeftFoot,9646,Juventus,Napoli,3,1,2018-09-29 16:00:00,,Aerial
1289,252102,84,MissedShots,0.875,0.6659999847412109,0.03733929991722107,Emre Can,a,604,OpenPlay,2018,LeftFoot,9656,Udinese,Juventus,0,2,2018-10-06 16:00:00,,Rebound
1290,254332,17,MissedShots,0.8009999847412109,0.5879999923706055,0.031260501593351364,Emre Can,a,604,FromCorner,2018,RightFoot,9727,Torino,Juventus,0,1,2018-12-15 19:30:00,Paulo Dybala,Cross
1291,254339,45,MissedShots,0.725,0.36700000762939455,0.017266999930143356,Emre Can,a,604,OpenPlay,2018,RightFoot,9727,Torino,Juventus,0,1,2018-12-15 19:30:00,Alex Sandro,Pass
1292,263343,86,MissedShots,0.8090000152587891,0.47400001525878904,0.03894060105085373,Emre Can,h,604,OpenPlay,2018,LeftFoot,9760,Juventus,Sampdoria,2,1,2018-12-29 11:30:00,,TakeOn
1293,276629,23,MissedShots,0.7919999694824219,0.500999984741211,0.0548630990087986,Emre Can,h,604,OpenPlay,2018,RightFoot,9772,Juventus,Chievo,3,0,2019-01-21 19:30:00,,None
1294,276639,44,Goal,0.8680000305175781,0.500999984741211,0.3777810037136078,Emre Can,h,604,OpenPlay,2018,RightFoot,9772,Juventus,Chievo,3,0,2019-01-21 19:30:00,Paulo Dybala,Throughball
1295,276905,58,OwnGoal,0.04,0.4909999847412109,0,Emre Can,a,604,FromCorner,2018,Head,9786,Lazio,Juventus,1,2,2019-01-27 19:30:00,,CornerAwarded
1296,276913,81,MissedShots,0.8859999847412109,0.524000015258789,0.059691499918699265,Emre Can,a,604,OpenPlay,2018,Head,9786,Lazio,Juventus,1,2,2019-01-27 19:30:00,Cristiano Ronaldo,Cross
1297,277427,85,Goal,0.909000015258789,0.655,0.0969592034816742,Emre Can,a,604,OpenPlay,2018,LeftFoot,9805,Sassuolo,Juventus,0,3,2019-02-10 17:00:00,Cristiano Ronaldo,Pass
1298,277480,52,BlockedShot,0.799000015258789,0.4540000152587891,0.02911590039730072,Emre Can,h,604,FromCorner,2018,RightFoot,9812,Juventus,Frosinone,3,0,2019-02-15 19:30:00,,None
1299,277486,79,SavedShot,0.9230000305175782,0.48900001525878906,0.0571524016559124,Emre Can,h,604,OpenPlay,2018,Head,9812,Juventus,Frosinone,3,0,2019-02-15 19:30:00,João Cancelo,Foul
1300,278190,38,Goal,0.925,0.5309999847412109,0.2990790009498596,Emre Can,a,604,FromCorner,2018,Head,9836,Napoli,Juventus,1,2,2019-03-03 19:30:00,Federico Bernardeschi,Cross
1301,284186,22,MissedShots,0.9119999694824219,0.445,0.05591979995369911,Emre Can,h,604,OpenPlay,2018,Head,9842,Juventus,Udinese,4,1,2019-03-08 19:30:00,Federico Bernardeschi,Chipped
1302,284196,66,Goal,0.885,0.5,0.7612990140914917,Emre Can,h,604,Penalty,2018,RightFoot,9842,Juventus,Udinese,4,1,2019-03-08 19:30:00,,Standard
1303,286627,60,MissedShots,0.9069999694824219,0.654000015258789,0.0563776008784771,Emre Can,a,604,OpenPlay,2018,RightFoot,9850,Genoa,Juventus,2,0,2019-03-17 11:30:00,Mario Mandzukic,Chipped
1304,286636,93,BlockedShot,0.8919999694824219,0.6329999923706054,0.09084700047969818,Emre Can,a,604,OpenPlay,2018,RightFoot,9850,Genoa,Juventus,2,0,2019-03-17 11:30:00,Alex Sandro,Pass
1305,287694,32,BlockedShot,0.6890000152587891,0.4779999923706055,0.013422300107777119,Emre Can,h,604,OpenPlay,2018,RightFoot,9862,Juventus,Empoli,1,0,2019-03-30 17:00:00,Miralem Pjanic,Pass
1306,291061,8,MissedShots,0.919000015258789,0.425,0.09103100001811981,Emre Can,a,604,OpenPlay,2018,Head,9868,Cagliari,Juventus,0,2,2019-04-02 20:00:00,Alex Sandro,Cross
1307,291065,24,MissedShots,0.8330000305175781,0.27899999618530275,0.029520900920033455,Emre Can,a,604,OpenPlay,2018,RightFoot,9868,Cagliari,Juventus,0,2,2019-04-02 20:00:00,,Rebound
1308,295414,26,MissedShots,0.7440000152587891,0.519000015258789,0.020974699407815933,Emre Can,h,604,OpenPlay,2018,LeftFoot,9901,Juventus,Fiorentina,2,1,2019-04-20 17:00:00,Miralem Pjanic,Pass
1309,295423,46,MissedShots,0.9169999694824219,0.5270000076293946,0.038893599063158035,Emre Can,h,604,FromCorner,2018,Head,9901,Juventus,Fiorentina,2,1,2019-04-20 17:00:00,Miralem Pjanic,Aerial
1310,297610,78,MissedShots,0.7969999694824219,0.385,0.029835300520062447,Emre Can,a,604,OpenPlay,2018,RightFoot,9907,Inter,Juventus,1,1,2019-04-27 19:30:00,Juan Cuadrado,Pass
1311,301799,65,SavedShot,0.9219999694824219,0.7030000305175781,0.0830530971288681,Emre Can,a,604,OpenPlay,2018,LeftFoot,9936,Roma,Juventus,2,0,2019-05-12 19:30:00,Paulo Dybala,Pass
1312,303294,0,MissedShots,0.904000015258789,0.37,0.0890870988368988,Emre Can,h,604,OpenPlay,2018,RightFoot,9940,Juventus,Atalanta,1,1,2019-05-19 18:30:00,Juan Cuadrado,Pass
1313,304016,16,MissedShots,0.7069999694824218,0.3060000038146973,0.011354000307619572,Emre Can,a,604,OpenPlay,2018,RightFoot,9954,Sampdoria,Juventus,2,0,2019-05-26 18:30:00,,BallRecovery
1314,326951,1,MissedShots,0.894000015258789,0.23299999237060548,0.029417600482702255,Emre Can,a,604,OpenPlay,2019,RightFoot,13175,Lecce,Juventus,1,1,2019-10-26 14:00:00,Danilo,Pass
1315,326971,44,BlockedShot,0.8919999694824219,0.28299999237060547,0.0454397015273571,Emre Can,a,604,OpenPlay,2019,RightFoot,13175,Lecce,Juventus,1,1,2019-10-26 14:00:00,Rodrigo Bentancur,Pass
1316,331992,75,MissedShots,0.8059999847412109,0.36,0.02478089928627014,Emre Can,a,604,OpenPlay,2019,RightFoot,13209,Atalanta,Juventus,1,3,2019-11-23 14:00:00,,Rebound
1317,334091,6,MissedShots,0.9319999694824219,0.509000015258789,0.44200599193573,Emre Can,h,604,OpenPlay,2019,RightFoot,13225,Juventus,Sassuolo,2,2,2019-12-01 11:30:00,Gonzalo Higuaín,Cross
1318,334092,7,SavedShot,0.7319999694824219,0.515,0.018146000802516937,Emre Can,h,604,OpenPlay,2019,RightFoot,13225,Juventus,Sassuolo,2,2,2019-12-01 11:30:00,Gonzalo Higuaín,Pass
1319,334111,50,SavedShot,0.955,0.5020000076293946,0.12112099677324295,Emre Can,h,604,FromCorner,2019,RightFoot,13225,Juventus,Sassuolo,2,2,2019-12-01 11:30:00,Cristiano Ronaldo,Foul
1320,336029,84,BlockedShot,0.92,0.5629999923706055,0.11671499907970428,Emre Can,a,604,SetPiece,2019,LeftFoot,13232,Lazio,Juventus,3,1,2019-12-07 19:45:00,,TakeOn
1321,358139,32,Goal,0.7340000152587891,0.700999984741211,0.011019700206816196,Emre Can,a,604,OpenPlay,2019,RightFoot,12584,Bayer Leverkusen,Borussia Dortmund,4,3,2020-02-08 17:30:00,,None
1322,358717,12,BlockedShot,0.745,0.5120000076293946,0.02149149961769581,Emre Can,h,604,OpenPlay,2019,RightFoot,12592,Borussia Dortmund,Eintracht Frankfurt,4,0,2020-02-14 19:30:00,Raphael Guerreiro,BallRecovery
1323,359813,7,MissedShots,0.7780000305175782,0.5729999923706055,0.028626300394535065,Emre Can,a,604,OpenPlay,2019,RightFoot,12606,Werder Bremen,Borussia Dortmund,0,2,2020-02-22 14:30:00,,None
1324,359818,48,BlockedShot,0.879000015258789,0.5990000152587891,0.0853004977107048,Emre Can,a,604,OpenPlay,2019,RightFoot,12606,Werder Bremen,Borussia Dortmund,0,2,2020-02-22 14:30:00,Thorgan Hazard,Pass
1325,360736,52,BlockedShot,0.8130000305175781,0.6459999847412109,0.029815400019288063,Emre Can,h,604,OpenPlay,2019,RightFoot,12610,Borussia Dortmund,Freiburg,1,0,2020-02-29 14:30:00,,TakeOn
1326,361827,36,BlockedShot,0.8690000152587891,0.5629999923706055,0.07998350262641907,Emre Can,a,604,OpenPlay,2019,LeftFoot,12621,Borussia M.Gladbach,Borussia Dortmund,1,2,2020-03-07 17:30:00,Raphael Guerreiro,Cross
1327,363360,68,MissedShots,0.7090000152587891,0.46599998474121096,0.016021499410271645,Emre Can,h,604,OpenPlay,2019,RightFoot,12652,Borussia Dortmund,Bayern Munich,0,1,2020-05-26 16:30:00,Jadon Sancho,Pass
1328,363739,35,MissedShots,0.9130000305175782,0.5329999923706055,0.08589430153369904,Emre Can,a,604,FromCorner,2019,Head,12663,Paderborn,Borussia Dortmund,1,6,2020-05-31 16:00:00,Thorgan Hazard,Cross
1329,363741,43,MissedShots,0.8090000152587891,0.6120000076293945,0.03578890115022659,Emre Can,a,604,OpenPlay,2019,RightFoot,12663,Paderborn,Borussia Dortmund,1,6,2020-05-31 16:00:00,Jadon Sancho,Pass
1330,363750,68,SavedShot,0.775,0.5529999923706055,0.04252440109848976,Emre Can,a,604,OpenPlay,2019,RightFoot,12663,Paderborn,Borussia Dortmund,1,6,2020-05-31 16:00:00,Julian Brandt,Pass
1331,363965,57,Goal,0.8390000152587891,0.605999984741211,0.021434299647808075,Emre Can,h,604,FromCorner,2019,RightFoot,12664,Borussia Dortmund,Hertha Berlin,1,0,2020-06-06 16:30:00,Julian Brandt,HeadPass
1332,363970,82,BlockedShot,0.909000015258789,0.32099998474121094,0.04577479884028435,Emre Can,h,604,FromCorner,2019,RightFoot,12664,Borussia Dortmund,Hertha Berlin,1,0,2020-06-06 16:30:00,,None
1333,364202,9,MissedShots,0.9159999847412109,0.5479999923706055,0.03186989948153496,Emre Can,a,604,FromCorner,2019,Head,12676,Fortuna Duesseldorf,Borussia Dortmund,0,1,2020-06-13 13:30:00,Jadon Sancho,Aerial
1334,364757,31,BlockedShot,0.904000015258789,0.595999984741211,0.013678399845957756,Emre Can,h,604,FromCorner,2019,Head,12682,Borussia Dortmund,Mainz 05,0,2,2020-06-17 18:30:00,Thorgan Hazard,Aerial
1335,364759,34,SavedShot,0.9690000152587891,0.5120000076293946,0.566120982170105,Emre Can,h,604,FromCorner,2019,Head,12682,Borussia Dortmund,Mainz 05,0,2,2020-06-17 18:30:00,Jadon Sancho,Cross
1336,364774,79,MissedShots,0.845999984741211,0.39,0.02138650044798851,Emre Can,h,604,SetPiece,2019,LeftFoot,12682,Borussia Dortmund,Mainz 05,0,2,2020-06-17 18:30:00,,Aerial
1337,378792,5,BlockedShot,0.9490000152587891,0.415,0.08118149638175964,Emre Can,a,604,FromCorner,2020,RightFoot,14184,Augsburg,Borussia Dortmund,2,0,2020-09-26 13:30:00,Giovanni Reyna,Cross
1338,380494,46,Goal,0.914000015258789,0.5279999923706055,0.08992040157318115,Emre Can,h,604,FromCorner,2020,Head,15162,Borussia Dortmund,Freiburg,4,0,2020-10-03 13:30:00,Giovanni Reyna,Cross
1339,388697,50,BlockedShot,0.840999984741211,0.455,0.07851459830999374,Emre Can,h,604,OpenPlay,2020,RightFoot,15212,Borussia Dortmund,FC Cologne,1,2,2020-11-28 14:30:00,,TakeOn
1340,390084,54,SavedShot,0.9340000152587891,0.295,0.03815070167183876,Emre Can,a,604,FromCorner,2020,RightFoot,15224,Eintracht Frankfurt,Borussia Dortmund,1,1,2020-12-05 14:30:00,,None
1341,391598,33,MissedShots,0.6859999847412109,0.46099998474121096,0.01537260040640831,Emre Can,h,604,SetPiece,2020,RightFoot,15230,Borussia Dortmund,VfB Stuttgart,1,5,2020-12-12 14:30:00,Raphael Guerreiro,Pass
1342,393765,31,MissedShots,0.915,0.4329999923706055,0.06648589670658112,Emre Can,a,604,FromCorner,2020,Head,15253,Union Berlin,Borussia Dortmund,2,1,2020-12-18 19:30:00,Jadon Sancho,Cross
1343,393767,39,MissedShots,0.735999984741211,0.49700000762939456,0.015525099821388721,Emre Can,a,604,OpenPlay,2020,RightFoot,15253,Union Berlin,Borussia Dortmund,2,1,2020-12-18 19:30:00,,None
1344,393780,72,MissedShots,0.8009999847412109,0.38799999237060545,0.02886660024523735,Emre Can,a,604,OpenPlay,2020,RightFoot,15253,Union Berlin,Borussia Dortmund,2,1,2020-12-18 19:30:00,,Rebound
1345,397909,48,MissedShots,0.9340000152587891,0.4540000152587891,0.05553080141544342,Emre Can,a,604,FromCorner,2020,Head,15266,RasenBallsport Leipzig,Borussia Dortmund,1,3,2021-01-09 17:30:00,Jadon Sancho,Aerial
1346,397922,76,SavedShot,0.764000015258789,0.67,0.01934950053691864,Emre Can,a,604,OpenPlay,2020,RightFoot,15266,RasenBallsport Leipzig,Borussia Dortmund,1,3,2021-01-09 17:30:00,Jadon Sancho,Pass
1347,397923,80,BlockedShot,0.795,0.5570000076293945,0.059828899800777435,Emre Can,a,604,OpenPlay,2020,RightFoot,15266,RasenBallsport Leipzig,Borussia Dortmund,1,3,2021-01-09 17:30:00,Raphael Guerreiro,Pass
1348,400229,25,BlockedShot,0.9130000305175782,0.5120000076293946,0.4676060080528259,Emre Can,a,604,FromCorner,2020,LeftFoot,15293,Borussia M.Gladbach,Borussia Dortmund,4,2,2021-01-22 19:30:00,,Rebound
1349,403082,4,ShotOnPost,0.72,0.42700000762939455,0.01642029918730259,Emre Can,a,604,OpenPlay,2020,LeftFoot,15314,Freiburg,Borussia Dortmund,2,1,2021-02-06 14:30:00,Mats Hummels,Pass
1350,403101,87,MissedShots,0.8880000305175781,0.285,0.030283499509096146,Emre Can,a,604,FromCorner,2020,RightFoot,15314,Freiburg,Borussia Dortmund,2,1,2021-02-06 14:30:00,,Foul
1351,410105,76,SavedShot,0.9419999694824219,0.4540000152587891,0.12473300099372864,Emre Can,h,604,FromCorner,2020,Head,15356,Borussia Dortmund,Hertha Berlin,2,0,2021-03-13 17:30:00,Giovanni Reyna,Cross
1352,412548,69,BlockedShot,0.8090000152587891,0.3079999923706055,0.024344399571418762,Emre Can,h,604,OpenPlay,2020,LeftFoot,15374,Borussia Dortmund,Eintracht Frankfurt,1,2,2021-04-03 13:30:00,,None
1353,412549,70,MissedShots,0.7480000305175781,0.4209999847412109,0.019608400762081146,Emre Can,h,604,OpenPlay,2020,RightFoot,15374,Borussia Dortmund,Eintracht Frankfurt,1,2,2021-04-03 13:30:00,Marco Reus,Pass
1354,434767,77,MissedShots,0.7719999694824219,0.3820000076293945,0.02521900087594986,Emre Can,h,604,OpenPlay,2021,RightFoot,17576,Borussia Dortmund,Augsburg,2,1,2021-10-02 13:30:00,,Rebound
1355,434769,89,MissedShots,0.6980000305175781,0.41200000762939454,0.01588430069386959,Emre Can,h,604,OpenPlay,2021,RightFoot,17576,Borussia Dortmund,Augsburg,2,1,2021-10-02 13:30:00,Thorgan Hazard,BallRecovery
1356,437700,10,BlockedShot,0.7219999694824218,0.6419999694824219,0.013506700284779072,Emre Can,a,604,OpenPlay,2021,LeftFoot,17590,Arminia Bielefeld,Borussia Dortmund,1,3,2021-10-23 13:30:00,Donyell Malen,Pass
1357,437706,30,Goal,0.885,0.5,0.7576959729194641,Emre Can,a,604,Penalty,2021,RightFoot,17590,Arminia Bielefeld,Borussia Dortmund,1,3,2021-10-23 13:30:00,,Standard
1358,443946,4,BlockedShot,0.914000015258789,0.6630000305175782,0.07220040261745453,Emre Can,a,604,OpenPlay,2021,LeftFoot,17630,Wolfsburg,Borussia Dortmund,1,3,2021-11-27 14:30:00,Mahmoud Dahoud,Pass
1359,443954,34,Goal,0.885,0.5,0.7577769756317139,Emre Can,a,604,Penalty,2021,RightFoot,17630,Wolfsburg,Borussia Dortmund,1,3,2021-11-27 14:30:00,,Standard
1360,447662,53,BlockedShot,0.8040000152587891,0.53,0.04245619848370552,Emre Can,a,604,OpenPlay,2021,RightFoot,17643,Bochum,Borussia Dortmund,1,1,2021-12-11 14:30:00,,None
1361,447668,78,SavedShot,0.9259999847412109,0.38799999237060545,0.03402629867196083,Emre Can,a,604,FromCorner,2021,Head,17643,Bochum,Borussia Dortmund,1,1,2021-12-11 14:30:00,Marco Reus,Cross
1362,458896,90,Goal,0.885,0.5,0.7577769756317139,Emre Can,h,604,Penalty,2021,RightFoot,17721,Borussia Dortmund,Borussia M.Gladbach,6,0,2022-02-20 16:30:00,,Standard
1363,468034,33,Goal,0.705,0.28600000381469726,0.01265070028603077,Emre Can,h,604,OpenPlay,2021,LeftFoot,17785,Borussia Dortmund,Wolfsburg,6,1,2022-04-16 13:30:00,Marius Wolf,Pass
1364,470151,51,Goal,0.885,0.5,0.7577769756317139,Emre Can,a,604,Penalty,2021,RightFoot,17794,Bayern Munich,Borussia Dortmund,3,1,2022-04-23 16:30:00,,Standard
1365,489956,92,MissedShots,0.9119999694824219,0.40900001525878904,0.023465700447559357,Emre Can,a,604,SetPiece,2022,Head,19408,FC Cologne,Borussia Dortmund,3,2,2022-10-01 13:30:00,Thomas Meunier,Aerial
1366,491756,72,BlockedShot,0.924000015258789,0.5029999923706054,0.05547570064663887,Emre Can,h,604,FromCorner,2022,Head,19414,Borussia Dortmund,Bayern Munich,2,2,2022-10-08 16:30:00,Julian Brandt,Aerial
1367,493807,6,MissedShots,0.9009999847412109,0.475,0.21709099411964417,Emre Can,a,604,OpenPlay,2022,Head,19425,Union Berlin,Borussia Dortmund,2,0,2022-10-16 15:30:00,Thomas Meunier,Cross
1368,496748,73,MissedShots,0.775,0.48200000762939454,0.04582580178976059,Emre Can,a,604,OpenPlay,2022,LeftFoot,19445,Eintracht Frankfurt,Borussia Dortmund,1,2,2022-10-29 16:30:00,,None
1369,506992,72,MissedShots,0.89,0.6930000305175781,0.07643470168113708,Emre Can,h,604,OpenPlay,2022,LeftFoot,19504,Borussia Dortmund,Freiburg,5,1,2023-02-04 14:30:00,Raphael Guerreiro,Pass
1370,508263,37,MissedShots,0.7909999847412109,0.47900001525878905,0.03905479982495308,Emre Can,a,604,OpenPlay,2022,RightFoot,19521,Werder Bremen,Borussia Dortmund,0,2,2023-02-11 14:30:00,,None
1371,510735,40,SavedShot,0.7280000305175781,0.4279999923706055,0.018718399107456207,Emre Can,a,604,OpenPlay,2022,RightFoot,19536,Hoffenheim,Borussia Dortmund,0,1,2023-02-25 14:30:00,Raphael Guerreiro,Pass
1372,511774,38,Goal,0.765,0.6029999923706054,0.015689799562096596,Emre Can,h,604,SetPiece,2022,RightFoot,19540,Borussia Dortmund,RasenBallsport Leipzig,2,1,2023-03-03 19:30:00,,None
1373,516620,71,Goal,0.885,0.5,0.7577769756317139,Emre Can,a,604,Penalty,2022,RightFoot,19574,Bayern Munich,Borussia Dortmund,4,2,2023-04-01 16:30:00,,Standard
1374,522485,78,BlockedShot,0.909000015258789,0.4570000076293945,0.07371155917644501,Emre Can,a,604,FromCorner,2022,Head,19609,Bochum,Borussia Dortmund,1,1,2023-04-28 18:30:00,Raphael Guerreiro,Cross
1375,526202,28,MissedShots,0.745,0.3110000038146973,0.013779652304947376,Emre Can,h,604,FromCorner,2022,RightFoot,19622,Borussia Dortmund,Borussia M.Gladbach,5,2,2023-05-13 16:30:00,,None
1376,526219,57,MissedShots,0.7390000152587891,0.44099998474121094,0.018791187554597855,Emre Can,h,604,OpenPlay,2022,LeftFoot,19622,Borussia Dortmund,Borussia M.Gladbach,5,2,2023-05-13 16:30:00,,None
1377,526223,71,BlockedShot,0.74,0.43200000762939456,0.02481180429458618,Emre Can,h,604,FromCorner,2022,RightFoot,19622,Borussia Dortmund,Borussia M.Gladbach,5,2,2023-05-13 16:30:00,Karim Adeyemi,Pass
1378,528147,10,BlockedShot,0.8119999694824219,0.4490000152587891,0.05008117854595184,Emre Can,a,604,FromCorner,2022,LeftFoot,19635,Augsburg,Borussia Dortmund,0,3,2023-05-21 15:30:00,,Rebound
1379,528165,53,ShotOnPost,0.759000015258789,0.45099998474121095,0.02459738589823246,Emre Can,a,604,OpenPlay,2022,RightFoot,19635,Augsburg,Borussia Dortmund,0,3,2023-05-21 15:30:00,Niklas Süle,Pass
1380,528879,29,MissedShots,0.935,0.5259999847412109,0.09548062831163406,Emre Can,h,604,OpenPlay,2022,Head,19639,Borussia Dortmund,Mainz 05,2,2,2023-05-27 13:30:00,Mats Hummels,Aerial
1381,528893,61,MissedShots,0.8230000305175781,0.5479999923706055,0.04416364058852196,Emre Can,h,604,OpenPlay,2022,LeftFoot,19639,Borussia Dortmund,Mainz 05,2,2,2023-05-27 13:30:00,,None
1382,533409,30,BlockedShot,0.7390000152587891,0.4209999847412109,0.020664958283305168,Emre Can,h,604,FromCorner,2023,RightFoot,23071,Borussia Dortmund,FC Cologne,1,0,2023-08-19 16:30:00,,Rebound
1383,535804,14,Goal,0.885,0.5,0.75777667760849,Emre Can,h,604,Penalty,2023,RightFoot,23083,Borussia Dortmund,FC Heidenheim,2,2,2023-09-01 18:30:00,,Standard
1384,549631,56,MissedShots,0.8130000305175781,0.53,0.06732196360826492,Emre Can,h,604,OpenPlay,2023,LeftFoot,23164,Borussia Dortmund,Borussia M.Gladbach,4,2,2023-11-25 14:30:00,,None
1385,554181,58,MissedShots,0.7340000152587891,0.5129999923706055,0.020875457674264908,Emre Can,a,604,FromCorner,2023,RightFoot,23198,Augsburg,Borussia Dortmund,1,1,2023-12-16 14:30:00,,Rebound
1386,555276,78,BlockedShot,0.7090000152587891,0.4759999847412109,0.019692711532115936,Emre Can,h,604,FromCorner,2023,RightFoot,23200,Borussia Dortmund,Mainz 05,1,1,2023-12-19 19:30:00,Marcel Sabitzer,Pass
1387,558259,68,MissedShots,0.745,0.615,0.015533077530562878,Emre Can,a,604,FromCorner,2023,LeftFoot,23217,Darmstadt,Borussia Dortmund,0,3,2024-01-13 17:30:00,,None
1388,562167,56,BlockedShot,0.755,0.524000015258789,0.03155006840825081,Emre Can,h,604,OpenPlay,2023,LeftFoot,23246,Borussia Dortmund,Freiburg,3,0,2024-02-09 19:30:00,Donyell Malen,Pass
1389,562174,78,MissedShots,0.7119999694824218,0.5659999847412109,0.015573609620332718,Emre Can,h,604,OpenPlay,2023,RightFoot,23246,Borussia Dortmund,Freiburg,3,0,2024-02-09 19:30:00,Julian Brandt,Pass
1390,565821,92,MissedShots,0.924000015258789,0.5220000076293946,0.3953813314437866,Emre Can,h,604,SetPiece,2023,Head,23270,Borussia Dortmund,Hoffenheim,2,3,2024-02-25 16:30:00,Julian Brandt,Cross
1391,568232,54,MissedShots,0.7780000305175782,0.385,0.031109187752008438,Emre Can,a,604,OpenPlay,2023,RightFoot,23286,Werder Bremen,Borussia Dortmund,1,2,2024-03-09 17:30:00,Julian Ryerson,Pass
1392,568241,82,BlockedShot,0.7040000152587891,0.6480000305175782,0.011672000400722027,Emre Can,a,604,FromCorner,2023,RightFoot,23286,Werder Bremen,Borussia Dortmund,1,2,2024-03-09 17:30:00,,Aerial
1393,568244,90,MissedShots,0.9119999694824219,0.24399999618530274,0.06165490299463272,Emre Can,a,604,OpenPlay,2023,RightFoot,23286,Werder Bremen,Borussia Dortmund,1,2,2024-03-09 17:30:00,Salih Özcan,Pass
1394,570093,72,MissedShots,0.7419999694824219,0.515,0.01759229600429535,Emre Can,h,604,OpenPlay,2023,RightFoot,23290,Borussia Dortmund,Eintracht Frankfurt,3,1,2024-03-17 16:30:00,,None
1395,570096,92,Goal,0.885,0.5,0.75777667760849,Emre Can,h,604,Penalty,2023,RightFoot,23290,Borussia Dortmund,Eintracht Frankfurt,3,1,2024-03-17 16:30:00,,Standard
1396,572577,13,SavedShot,0.725,0.6090000152587891,0.01547037623822689,Emre Can,h,604,OpenPlay,2023,RightFoot,23308,Borussia Dortmund,VfB Stuttgart,0,1,2024-04-06 16:30:00,Jadon Sancho,Pass
1397,575671,46,MissedShots,0.925,0.48200000762939454,0.1141841858625412,Emre Can,h,604,FromCorner,2023,Head,23326,Borussia Dortmund,Bayer Leverkusen,1,1,2024-04-21 15:30:00,Julian Brandt,Cross
1398,581483,79,BlockedShot,0.835,0.435,0.09287820756435394,Emre Can,h,604,OpenPlay,2023,RightFoot,23362,Borussia Dortmund,Darmstadt,4,0,2024-05-18 13:30:00,Marco Reus,Pass
1399,590370,92,Goal,0.885,0.5,0.75777667760849,Emre Can,h,604,Penalty,2024,RightFoot,27760,Borussia Dortmund,FC Heidenheim,4,2,2024-09-13 18:30:00,,Standard
1400,593666,61,Goal,0.885,0.5,0.75777667760849,Emre Can,h,604,Penalty,2024,RightFoot,27778,Borussia Dortmund,Bochum,4,2,2024-09-27 18:30:00,,Standard
1401,593670,72,MissedShots,0.7659999847412109,0.4,0.021214986220002174,Emre Can,h,604,OpenPlay,2024,RightFoot,27778,Borussia Dortmund,Bochum,4,2,2024-09-27 18:30:00,,None
1402,593674,86,ShotOnPost,0.845,0.40400001525878904,0.0914033055305481,Emre Can,h,604,OpenPlay,2024,LeftFoot,27778,Borussia Dortmund,Bochum,4,2,2024-09-27 18:30:00,Felix Nmecha,Pass
1403,595387,36,BlockedShot,0.79,0.40700000762939453,0.03398311138153076,Emre Can,a,604,FromCorner,2024,RightFoot,27791,Union Berlin,Borussia Dortmund,2,1,2024-10-05 13:30:00,Maximilian Beier,Pass
1404,600284,44,MissedShots,0.7919999694824219,0.42,0.025854673236608505,Emre Can,h,604,FromCorner,2024,RightFoot,27816,Borussia Dortmund,RasenBallsport Leipzig,2,1,2024-11-02 17:30:00,,None
1405,440959,81,SavedShot,0.8680000305175781,0.66,0.09642679989337921,Felix Nmecha,h,9202,OpenPlay,2021,RightFoot,17612,Wolfsburg,Augsburg,1,0,2021-11-06 14:30:00,Wout Weghorst,Pass
1406,447928,68,SavedShot,0.7140000152587891,0.6530000305175782,0.012197899632155895,Felix Nmecha,h,9202,OpenPlay,2021,RightFoot,17648,Wolfsburg,VfB Stuttgart,0,2,2021-12-11 17:30:00,Dodi Lukebakio,Pass
1407,447935,84,SavedShot,0.8690000152587891,0.5609999847412109,0.022292200475931168,Felix Nmecha,h,9202,OpenPlay,2021,Head,17648,Wolfsburg,VfB Stuttgart,0,2,2021-12-11 17:30:00,Maximilian Arnold,Aerial
1408,448805,1,SavedShot,0.7519999694824219,0.69,0.010941700078547001,Felix Nmecha,h,9202,OpenPlay,2021,RightFoot,17658,Wolfsburg,FC Cologne,2,3,2021-12-14 19:30:00,Aster Vranckx,Chipped
1409,448809,11,MissedShots,0.904000015258789,0.715,0.043815698474645615,Felix Nmecha,h,9202,FromCorner,2021,RightFoot,17658,Wolfsburg,FC Cologne,2,3,2021-12-14 19:30:00,Lukas Nmecha,Pass
1410,452663,68,MissedShots,0.7219999694824218,0.605,0.017468299716711044,Felix Nmecha,a,9202,OpenPlay,2021,RightFoot,17670,Bochum,Wolfsburg,1,0,2022-01-09 16:30:00,Maximilian Arnold,Pass
1411,452667,84,MissedShots,0.7480000305175781,0.7769999694824219,0.012379099614918232,Felix Nmecha,a,9202,OpenPlay,2021,RightFoot,17670,Bochum,Wolfsburg,1,0,2022-01-09 16:30:00,Maximilian Arnold,TakeOn
1412,468042,69,MissedShots,0.9290000152587891,0.5529999923706055,0.1256369948387146,Felix Nmecha,a,9202,SetPiece,2021,Head,17785,Borussia Dortmund,Wolfsburg,6,1,2022-04-16 13:30:00,Maximilian Arnold,Cross
1413,468044,80,SavedShot,0.8490000152587891,0.5070000076293946,0.4883880019187927,Felix Nmecha,a,9202,OpenPlay,2021,RightFoot,17785,Borussia Dortmund,Wolfsburg,6,1,2022-04-16 13:30:00,,BallRecovery
1414,481057,92,BlockedShot,0.725,0.37599998474121094,0.015021299943327904,Felix Nmecha,a,9202,OpenPlay,2022,RightFoot,19359,Bayern Munich,Wolfsburg,2,0,2022-08-14 15:30:00,Josip Brekalo,Pass
1415,489407,85,BlockedShot,0.7819999694824219,0.3729999923706055,0.019317500293254852,Felix Nmecha,a,9202,OpenPlay,2022,LeftFoot,19402,Union Berlin,Wolfsburg,2,0,2022-09-18 13:30:00,,None
1416,491496,48,SavedShot,0.9280000305175782,0.49599998474121093,0.12104500085115433,Felix Nmecha,a,9202,OpenPlay,2022,Head,19420,Augsburg,Wolfsburg,1,1,2022-10-08 13:30:00,Maximilian Arnold,Chipped
1417,491497,48,SavedShot,0.935,0.5370000076293945,0.5838419795036316,Felix Nmecha,a,9202,OpenPlay,2022,RightFoot,19420,Augsburg,Wolfsburg,1,1,2022-10-08 13:30:00,Omar Marmoush,Pass
1418,493014,66,MissedShots,0.92,0.555,0.0828292965888977,Felix Nmecha,h,9202,FromCorner,2022,Head,19428,Wolfsburg,Borussia M.Gladbach,2,2,2022-10-15 13:30:00,Maximilian Arnold,Cross
1419,494972,38,MissedShots,0.919000015258789,0.519000015258789,0.04715979844331741,Felix Nmecha,a,9202,FromCorner,2022,Head,19433,Bayer Leverkusen,Wolfsburg,2,2,2022-10-22 13:30:00,Maximilian Arnold,Aerial
1420,494984,80,BlockedShot,0.8469999694824218,0.44299999237060544,0.0718822032213211,Felix Nmecha,a,9202,SetPiece,2022,RightFoot,19433,Bayer Leverkusen,Wolfsburg,2,2,2022-10-22 13:30:00,Josuha Guilavogui,Pass
1421,496344,16,MissedShots,0.78,0.504000015258789,0.03533810004591942,Felix Nmecha,h,9202,OpenPlay,2022,RightFoot,19446,Wolfsburg,Bochum,4,0,2022-10-29 13:30:00,Patrick Wimmer,Pass
1422,496345,20,SavedShot,0.8319999694824218,0.49900001525878906,0.07769139856100082,Felix Nmecha,h,9202,OpenPlay,2022,RightFoot,19446,Wolfsburg,Bochum,4,0,2022-10-29 13:30:00,Patrick Wimmer,Pass
1423,496347,26,Goal,0.925,0.5079999923706054,0.3707759976387024,Felix Nmecha,h,9202,SetPiece,2022,Head,19446,Wolfsburg,Bochum,4,0,2022-10-29 13:30:00,Maximilian Arnold,Cross
1424,496357,50,BlockedShot,0.835999984741211,0.49900001525878906,0.05391610041260719,Felix Nmecha,h,9202,FromCorner,2022,RightFoot,19446,Wolfsburg,Bochum,4,0,2022-10-29 13:30:00,,None
1425,496359,57,Goal,0.925,0.52,0.38375601172447205,Felix Nmecha,h,9202,SetPiece,2022,Head,19446,Wolfsburg,Bochum,4,0,2022-10-29 13:30:00,Maximilian Arnold,Cross
1426,498017,57,ShotOnPost,0.8669999694824219,0.385,0.06868740171194077,Felix Nmecha,a,9202,OpenPlay,2022,RightFoot,19451,Mainz 05,Wolfsburg,0,3,2022-11-05 14:30:00,Lukas Nmecha,Chipped
1427,498993,3,SavedShot,0.9369999694824219,0.68,0.010645000264048576,Felix Nmecha,h,9202,FromCorner,2022,Head,19464,Wolfsburg,Borussia Dortmund,2,0,2022-11-08 17:30:00,Maximilian Arnold,Cross
1428,499018,61,SavedShot,0.9580000305175781,0.5940000152587891,0.12075600028038025,Felix Nmecha,h,9202,FromCorner,2022,RightFoot,19464,Wolfsburg,Borussia Dortmund,2,0,2022-11-08 17:30:00,,Rebound
1429,500055,39,MissedShots,0.8859999847412109,0.525,0.3224320113658905,Felix Nmecha,a,9202,OpenPlay,2022,RightFoot,19471,Hoffenheim,Wolfsburg,1,2,2022-11-12 14:30:00,Paulo Otávio,Cross
1430,507792,56,BlockedShot,0.875999984741211,0.375,0.0823478028178215,Felix Nmecha,h,9202,OpenPlay,2022,RightFoot,19509,Wolfsburg,Bayern Munich,2,4,2023-02-05 16:30:00,Patrick Wimmer,Pass
1431,507798,78,BlockedShot,0.7169999694824218,0.40400001525878904,0.011601200327277184,Felix Nmecha,h,9202,OpenPlay,2022,RightFoot,19509,Wolfsburg,Bayern Munich,2,4,2023-02-05 16:30:00,Yannick Gerhardt,BallRecovery
1432,508108,72,BlockedShot,0.889000015258789,0.395,0.06882580369710922,Felix Nmecha,a,9202,FromCorner,2022,RightFoot,19520,Schalke 04,Wolfsburg,0,0,2023-02-10 19:30:00,,None
1433,509538,49,SavedShot,0.9519999694824218,0.3340000152587891,0.05490339919924736,Felix Nmecha,h,9202,OpenPlay,2022,RightFoot,19527,Wolfsburg,RasenBallsport Leipzig,0,3,2023-02-18 14:30:00,Bote Baku,Chipped
1434,514843,30,MissedShots,0.9209999847412109,0.5540000152587891,0.034828998148441315,Felix Nmecha,a,9202,FromCorner,2022,Head,19566,VfB Stuttgart,Wolfsburg,0,1,2023-03-18 14:30:00,Patrick Wimmer,Aerial
1435,514846,43,MissedShots,0.7969999694824219,0.34299999237060547,0.02106340043246746,Felix Nmecha,a,9202,OpenPlay,2022,RightFoot,19566,VfB Stuttgart,Wolfsburg,0,1,2023-03-18 14:30:00,,Rebound
1436,516226,57,MissedShots,0.7609999847412109,0.6969999694824218,0.012574399821460247,Felix Nmecha,h,9202,OpenPlay,2022,RightFoot,19571,Wolfsburg,Augsburg,2,2,2023-04-01 13:30:00,Jakub Kaminski,Pass
1437,516238,95,Goal,0.9359999847412109,0.5220000076293946,0.0643841028213501,Felix Nmecha,h,9202,OpenPlay,2022,Head,19571,Wolfsburg,Augsburg,2,2,2023-04-01 13:30:00,Kevin Paredes,Aerial
1438,518665,58,MissedShots,0.9730000305175781,0.3840000152587891,0.011913799680769444,Felix Nmecha,a,9202,FromCorner,2022,Head,19581,Borussia M.Gladbach,Wolfsburg,2,0,2023-04-09 13:30:00,Mattias Svanberg,Aerial
1439,518673,92,MissedShots,0.9069999694824219,0.5709999847412109,0.026314599439501762,Felix Nmecha,a,9202,SetPiece,2022,Head,19581,Borussia M.Gladbach,Wolfsburg,2,0,2023-04-09 13:30:00,Mattias Svanberg,Aerial
1440,520306,46,MissedShots,0.7530000305175781,0.33099998474121095,0.017368199303746223,Felix Nmecha,h,9202,OpenPlay,2022,RightFoot,19590,Wolfsburg,Bayer Leverkusen,0,0,2023-04-16 17:30:00,Jakub Kaminski,Pass
1441,520763,39,BlockedShot,0.8880000305175781,0.4570000076293945,0.04296446591615677,Felix Nmecha,a,9202,FromCorner,2022,Head,19600,Bochum,Wolfsburg,1,5,2023-04-22 13:30:00,Maximilian Arnold,Cross
1442,520764,46,BlockedShot,0.8859999847412109,0.3189999961853027,0.09779404103755951,Felix Nmecha,a,9202,OpenPlay,2022,RightFoot,19600,Bochum,Wolfsburg,1,5,2023-04-22 13:30:00,Jonas Wind,TakeOn
1443,520789,87,MissedShots,0.7959999847412109,0.27600000381469725,0.035752926021814346,Felix Nmecha,a,9202,OpenPlay,2022,RightFoot,19600,Bochum,Wolfsburg,1,5,2023-04-22 13:30:00,,TakeOn
1444,525189,65,MissedShots,0.754000015258789,0.5179999923706055,0.020692890509963036,Felix Nmecha,a,9202,OpenPlay,2022,RightFoot,19612,Borussia Dortmund,Wolfsburg,6,0,2023-05-07 15:30:00,Maximilian Arnold,Pass
1445,525842,51,MissedShots,0.7730000305175782,0.3920000076293945,0.03427327051758766,Felix Nmecha,h,9202,OpenPlay,2022,RightFoot,19627,Wolfsburg,Hoffenheim,2,1,2023-05-13 13:30:00,Patrick Wimmer,HeadPass
1446,525844,65,BlockedShot,0.745,0.3270000076293945,0.018065450713038445,Felix Nmecha,h,9202,OpenPlay,2022,LeftFoot,19627,Wolfsburg,Hoffenheim,2,1,2023-05-13 13:30:00,Patrick Wimmer,Pass
1447,527045,17,MissedShots,0.960999984741211,0.35,0.06199321895837784,Felix Nmecha,a,9202,OpenPlay,2022,RightFoot,19632,Freiburg,Wolfsburg,2,0,2023-05-19 18:30:00,Jakub Kaminski,Chipped
1448,527051,48,BlockedShot,0.8159999847412109,0.6959999847412109,0.029280906543135643,Felix Nmecha,a,9202,OpenPlay,2022,RightFoot,19632,Freiburg,Wolfsburg,2,0,2023-05-19 18:30:00,Jonas Wind,Pass
1449,527056,68,MissedShots,0.77,0.33099998474121095,0.02136414870619774,Felix Nmecha,a,9202,OpenPlay,2022,RightFoot,19632,Freiburg,Wolfsburg,2,0,2023-05-19 18:30:00,Bote Baku,Pass
1450,529056,22,MissedShots,0.7219999694824218,0.4179999923706055,0.021265476942062378,Felix Nmecha,h,9202,OpenPlay,2022,RightFoot,19645,Wolfsburg,Hertha Berlin,1,2,2023-05-27 13:30:00,Jakub Kaminski,Pass
1451,533422,87,MissedShots,0.9390000152587891,0.42700000762939455,0.09430020302534103,Felix Nmecha,h,9202,FromCorner,2023,Head,23071,Borussia Dortmund,FC Cologne,1,0,2023-08-19 16:30:00,Julian Brandt,Cross
1452,534586,35,MissedShots,0.9669999694824218,0.674000015258789,0.04787599295377731,Felix Nmecha,a,9202,OpenPlay,2023,LeftFoot,23077,Bochum,Borussia Dortmund,1,1,2023-08-26 13:30:00,Marcel Sabitzer,Chipped
1453,534599,60,ShotOnPost,0.8330000305175781,0.42,0.06489472836256027,Felix Nmecha,a,9202,OpenPlay,2023,RightFoot,23077,Bochum,Borussia Dortmund,1,1,2023-08-26 13:30:00,Sébastien Haller,Pass
1454,535834,99,ShotOnPost,0.855,0.5120000076293946,0.102537602186203,Felix Nmecha,h,9202,OpenPlay,2023,RightFoot,23083,Borussia Dortmund,FC Heidenheim,2,2,2023-09-01 18:30:00,Marius Wolf,Pass
1455,538982,9,MissedShots,0.9309999847412109,0.4570000076293945,0.05394291877746582,Felix Nmecha,h,9202,FromCorner,2023,Head,23105,Borussia Dortmund,Wolfsburg,1,0,2023-09-23 13:30:00,Julian Brandt,Aerial
1456,538987,40,BlockedShot,0.7190000152587891,0.500999984741211,0.016854438930749893,Felix Nmecha,h,9202,OpenPlay,2023,RightFoot,23105,Borussia Dortmund,Wolfsburg,1,0,2023-09-23 13:30:00,Salih Özcan,Pass
1457,538998,64,MissedShots,0.7730000305175782,0.4229999923706055,0.029216982424259186,Felix Nmecha,h,9202,OpenPlay,2023,LeftFoot,23105,Borussia Dortmund,Wolfsburg,1,0,2023-09-23 13:30:00,Mats Hummels,Pass
1458,539001,71,BlockedShot,0.8380000305175781,0.4540000152587891,0.08083502948284149,Felix Nmecha,h,9202,OpenPlay,2023,RightFoot,23105,Borussia Dortmund,Wolfsburg,1,0,2023-09-23 13:30:00,,None
1459,542612,76,BlockedShot,0.8630000305175781,0.4329999923706055,0.09445283561944962,Felix Nmecha,h,9202,OpenPlay,2023,LeftFoot,23120,Borussia Dortmund,Union Berlin,4,2,2023-10-07 13:30:00,,BallRecovery
1460,543597,57,BlockedShot,0.8230000305175781,0.645,0.04261142760515213,Felix Nmecha,h,9202,OpenPlay,2023,RightFoot,23128,Borussia Dortmund,Werder Bremen,1,0,2023-10-20 18:30:00,Julian Brandt,Pass
1461,543603,82,MissedShots,0.9059999847412109,0.4370000076293945,0.4117993712425232,Felix Nmecha,h,9202,OpenPlay,2023,RightFoot,23128,Borussia Dortmund,Werder Bremen,1,0,2023-10-20 18:30:00,Julian Brandt,Pass
1462,543604,84,BlockedShot,0.855,0.47200000762939454,0.13700036704540253,Felix Nmecha,h,9202,OpenPlay,2023,RightFoot,23128,Borussia Dortmund,Werder Bremen,1,0,2023-10-20 18:30:00,Julian Ryerson,Pass
1463,543607,87,BlockedShot,0.745,0.3579999923706055,0.024270417168736458,Felix Nmecha,h,9202,OpenPlay,2023,RightFoot,23128,Borussia Dortmund,Werder Bremen,1,0,2023-10-20 18:30:00,Giovanni Reyna,Pass
1464,547034,66,BlockedShot,0.840999984741211,0.32799999237060545,0.03678436949849129,Felix Nmecha,h,9202,OpenPlay,2023,RightFoot,23146,Borussia Dortmund,Bayern Munich,0,4,2023-11-04 17:30:00,Youssoufa Moukoko,Pass
1465,548328,44,BlockedShot,0.775,0.634000015258789,0.025426140055060387,Felix Nmecha,a,9202,OpenPlay,2023,RightFoot,23162,VfB Stuttgart,Borussia Dortmund,2,1,2023-11-11 14:30:00,Nico Schlotterbeck,TakeOn
1466,570993,51,SavedShot,0.9080000305175782,0.56,0.4417303800582886,Felix Nmecha,a,9202,OpenPlay,2023,RightFoot,23299,Bayern Munich,Borussia Dortmund,0,2,2024-03-30 17:30:00,Julian Ryerson,Pass
1467,570995,57,MissedShots,0.82,0.4370000076293945,0.06934991478919983,Felix Nmecha,a,9202,OpenPlay,2023,RightFoot,23299,Bayern Munich,Borussia Dortmund,0,2,2024-03-30 17:30:00,,None
1468,572592,80,SavedShot,0.8859999847412109,0.5279999923706055,0.22861963510513306,Felix Nmecha,h,9202,FromCorner,2023,Head,23308,Borussia Dortmund,VfB Stuttgart,0,1,2024-04-06 16:30:00,Jadon Sancho,Cross
1469,572594,83,BlockedShot,0.8819999694824219,0.49700000762939456,0.08567944914102554,Felix Nmecha,h,9202,FromCorner,2023,RightFoot,23308,Borussia Dortmund,VfB Stuttgart,0,1,2024-04-06 16:30:00,,None
1470,576711,65,BlockedShot,0.9430000305175781,0.575,0.04139278456568718,Felix Nmecha,a,9202,FromCorner,2023,Head,23336,RasenBallsport Leipzig,Borussia Dortmund,4,1,2024-04-27 13:30:00,Jadon Sancho,Aerial
1471,578346,42,MissedShots,0.7759999847412109,0.32,0.025025591254234314,Felix Nmecha,h,9202,OpenPlay,2023,RightFoot,23344,Borussia Dortmund,Augsburg,5,1,2024-05-04 13:30:00,Donyell Malen,Pass
1472,578356,63,Goal,0.8490000152587891,0.46599998474121096,0.11929593235254288,Felix Nmecha,h,9202,OpenPlay,2023,RightFoot,23344,Borussia Dortmund,Augsburg,5,1,2024-05-04 13:30:00,Marco Reus,Pass
1473,581484,82,MissedShots,0.7480000305175781,0.37799999237060544,0.02663847804069519,Felix Nmecha,h,9202,OpenPlay,2023,RightFoot,23362,Borussia Dortmund,Darmstadt,4,0,2024-05-18 13:30:00,Emre Can,Pass
1474,593672,80,Goal,0.8130000305175781,0.475,0.09922970831394196,Felix Nmecha,h,9202,OpenPlay,2024,RightFoot,27778,Borussia Dortmund,Bochum,4,2,2024-09-27 18:30:00,Karim Adeyemi,Pass
1475,596655,87,MissedShots,0.7519999694824219,0.40900001525878904,0.02597009763121605,Felix Nmecha,h,9202,OpenPlay,2024,RightFoot,27798,Borussia Dortmund,St. Pauli,2,1,2024-10-18 18:30:00,Maximilian Beier,Pass
1476,600277,29,BlockedShot,0.885,0.5359999847412109,0.04165825620293617,Felix Nmecha,h,9202,FromCorner,2024,Head,27816,Borussia Dortmund,RasenBallsport Leipzig,2,1,2024-11-02 17:30:00,Pascal Groß,Cross
1477,602750,39,Goal,0.7680000305175781,0.63,0.028635788708925247,Felix Nmecha,h,9202,OpenPlay,2024,RightFoot,27835,Borussia Dortmund,Freiburg,4,0,2024-11-23 14:30:00,Jamie Bynoe-Gittens,Pass
1478,604360,25,BlockedShot,0.7290000152587891,0.5120000076293946,0.017679674550890923,Felix Nmecha,h,9202,OpenPlay,2024,RightFoot,27842,Borussia Dortmund,Bayern Munich,1,1,2024-11-30 17:30:00,,BallRecovery
1479,606055,90,BlockedShot,0.8059999847412109,0.5020000076293946,0.05066191032528877,Felix Nmecha,a,9202,OpenPlay,2024,RightFoot,27854,Borussia M.Gladbach,Borussia Dortmund,1,1,2024-12-07 17:30:00,Marcel Sabitzer,Pass
1480,479412,8,SavedShot,0.9269999694824219,0.3340000152587891,0.28881800174713135,Karim Adeyemi,h,10772,OpenPlay,2022,RightFoot,19348,Borussia Dortmund,Bayer Leverkusen,1,0,2022-08-06 16:30:00,Youssoufa Moukoko,Pass
1481,483479,57,MissedShots,0.889000015258789,0.36400001525878906,0.08325819671154022,Karim Adeyemi,a,10772,OpenPlay,2022,LeftFoot,19373,Hertha Berlin,Borussia Dortmund,0,1,2022-08-27 13:30:00,,Rebound
1482,483478,57,SavedShot,0.899000015258789,0.3160000038146973,0.27831798791885376,Karim Adeyemi,a,10772,OpenPlay,2022,RightFoot,19373,Hertha Berlin,Borussia Dortmund,0,1,2022-08-27 13:30:00,Jude Bellingham,Pass
1483,489924,32,SavedShot,0.6730000305175782,0.385,0.01135419961065054,Karim Adeyemi,a,10772,FromCorner,2022,LeftFoot,19408,FC Cologne,Borussia Dortmund,3,2,2022-10-01 13:30:00,,None
1484,489923,32,SavedShot,0.8819999694824219,0.3270000076293945,0.06808610260486603,Karim Adeyemi,a,10772,OpenPlay,2022,LeftFoot,19408,FC Cologne,Borussia Dortmund,3,2,2022-10-01 13:30:00,Julian Brandt,Chipped
1485,493811,11,SavedShot,0.874000015258789,0.5309999847412109,0.035435598343610764,Karim Adeyemi,a,10772,OpenPlay,2022,Head,19425,Union Berlin,Borussia Dortmund,2,0,2022-10-16 15:30:00,Niklas Süle,Chipped
1486,494994,20,MissedShots,0.7909999847412109,0.534000015258789,0.02408519946038723,Karim Adeyemi,h,10772,OpenPlay,2022,LeftFoot,19432,Borussia Dortmund,VfB Stuttgart,5,0,2022-10-22 13:30:00,,Rebound
1487,494997,33,SavedShot,0.799000015258789,0.34700000762939454,0.04532020166516304,Karim Adeyemi,h,10772,OpenPlay,2022,LeftFoot,19432,Borussia Dortmund,VfB Stuttgart,5,0,2022-10-22 13:30:00,Julian Brandt,Pass
1488,495005,54,BlockedShot,0.7580000305175781,0.35700000762939454,0.023337500169873238,Karim Adeyemi,h,10772,OpenPlay,2022,LeftFoot,19432,Borussia Dortmund,VfB Stuttgart,5,0,2022-10-22 13:30:00,,Dispossessed
1489,497950,85,MissedShots,0.7709999847412109,0.36,0.024809500202536583,Karim Adeyemi,h,10772,OpenPlay,2022,LeftFoot,19457,Borussia Dortmund,Bochum,3,0,2022-11-05 14:30:00,Felix Passlack,Pass
1490,499012,50,BlockedShot,0.9480000305175781,0.4159999847412109,0.08557809889316559,Karim Adeyemi,a,10772,FromCorner,2022,Head,19464,Wolfsburg,Borussia Dortmund,2,0,2022-11-08 17:30:00,Julian Brandt,Cross
1491,505003,58,MissedShots,0.7569999694824219,0.57,0.018105199560523033,Karim Adeyemi,h,10772,FromCorner,2022,LeftFoot,19477,Borussia Dortmund,Augsburg,4,3,2023-01-22 14:30:00,,None
1492,505434,13,MissedShots,0.87,0.45099998474121095,0.08944319933652878,Karim Adeyemi,a,10772,OpenPlay,2022,LeftFoot,19489,Mainz 05,Borussia Dortmund,1,2,2023-01-25 17:30:00,Youssoufa Moukoko,BallTouch
1493,505437,47,BlockedShot,0.8640000152587891,0.285,0.0347260981798172,Karim Adeyemi,a,10772,OpenPlay,2022,LeftFoot,19489,Mainz 05,Borussia Dortmund,1,2,2023-01-25 17:30:00,Julian Ryerson,Pass
1494,505440,57,MissedShots,0.874000015258789,0.3,0.04363109916448593,Karim Adeyemi,a,10772,OpenPlay,2022,LeftFoot,19489,Mainz 05,Borussia Dortmund,1,2,2023-01-25 17:30:00,,None
1495,505441,58,MissedShots,0.825,0.4470000076293945,0.0560544990003109,Karim Adeyemi,a,10772,OpenPlay,2022,LeftFoot,19489,Mainz 05,Borussia Dortmund,1,2,2023-01-25 17:30:00,,None
1496,506295,32,Goal,0.8869999694824219,0.5570000076293945,0.38928401470184326,Karim Adeyemi,a,10772,OpenPlay,2022,LeftFoot,19496,Bayer Leverkusen,Borussia Dortmund,0,2,2023-01-29 16:30:00,Julian Brandt,Pass
1497,506980,47,Goal,0.8859999847412109,0.4329999923706055,0.07312580198049545,Karim Adeyemi,h,10772,FromCorner,2022,RightFoot,19504,Borussia Dortmund,Freiburg,5,1,2023-02-04 14:30:00,Jude Bellingham,Pass
1498,510332,26,Goal,0.93,0.5220000076293946,0.5537009835243225,Karim Adeyemi,h,10772,OpenPlay,2022,RightFoot,19522,Borussia Dortmund,Hertha Berlin,4,1,2023-02-19 16:30:00,Marco Reus,Rebound
1499,519325,50,MissedShots,0.9259999847412109,0.3390000152587891,0.06566520035266876,Karim Adeyemi,a,10772,OpenPlay,2022,RightFoot,19591,VfB Stuttgart,Borussia Dortmund,3,3,2023-04-15 13:30:00,,Rebound
1500,519327,61,MissedShots,0.774000015258789,0.6170000076293946,0.022899199277162552,Karim Adeyemi,a,10772,FromCorner,2022,LeftFoot,19591,VfB Stuttgart,Borussia Dortmund,3,3,2023-04-15 13:30:00,Emre Can,Pass
1501,519333,76,MissedShots,0.805,0.4129999923706055,0.030040400102734566,Karim Adeyemi,a,10772,FromCorner,2022,LeftFoot,19591,VfB Stuttgart,Borussia Dortmund,3,3,2023-04-15 13:30:00,,None
1502,521045,30,SavedShot,0.8859999847412109,0.39099998474121095,0.26883211731910706,Karim Adeyemi,h,10772,OpenPlay,2022,RightFoot,19594,Borussia Dortmund,Eintracht Frankfurt,4,0,2023-04-22 16:30:00,Sébastien Haller,Pass
1503,521053,49,BlockedShot,0.7580000305175781,0.35400001525878905,0.01265778485685587,Karim Adeyemi,h,10772,SetPiece,2022,RightFoot,19594,Borussia Dortmund,Eintracht Frankfurt,4,0,2023-04-22 16:30:00,,None
1504,521054,51,MissedShots,0.735999984741211,0.5690000152587891,0.015465925447642803,Karim Adeyemi,h,10772,FromCorner,2022,LeftFoot,19594,Borussia Dortmund,Eintracht Frankfurt,4,0,2023-04-22 16:30:00,,None
1505,522460,6,Goal,0.9790000152587891,0.5690000152587891,0.5688608884811401,Karim Adeyemi,a,10772,OpenPlay,2022,LeftFoot,19609,Bochum,Borussia Dortmund,1,1,2023-04-28 18:30:00,Sébastien Haller,Rebound
1506,522464,25,MissedShots,0.899000015258789,0.5729999923706055,0.486424058675766,Karim Adeyemi,a,10772,OpenPlay,2022,RightFoot,19609,Bochum,Borussia Dortmund,1,1,2023-04-28 18:30:00,,Rebound
1507,522465,30,MissedShots,0.875999984741211,0.6270000076293946,0.08547288179397583,Karim Adeyemi,a,10772,OpenPlay,2022,RightFoot,19609,Bochum,Borussia Dortmund,1,1,2023-04-28 18:30:00,Sébastien Haller,Pass
1508,522475,48,BlockedShot,0.8980000305175782,0.6519999694824219,0.07852799445390701,Karim Adeyemi,a,10772,OpenPlay,2022,LeftFoot,19609,Bochum,Borussia Dortmund,1,1,2023-04-28 18:30:00,Raphael Guerreiro,Pass
1509,525172,13,Goal,0.895,0.5520000076293945,0.04171105846762657,Karim Adeyemi,h,10772,OpenPlay,2022,Head,19612,Borussia Dortmund,Wolfsburg,6,0,2023-05-07 15:30:00,,None
1510,525187,58,Goal,0.8969999694824219,0.5890000152587891,0.47425252199172974,Karim Adeyemi,h,10772,OpenPlay,2022,RightFoot,19612,Borussia Dortmund,Wolfsburg,6,0,2023-05-07 15:30:00,Sébastien Haller,Pass
1511,525188,64,MissedShots,0.885,0.5,0.75777667760849,Karim Adeyemi,h,10772,Penalty,2022,LeftFoot,19612,Borussia Dortmund,Wolfsburg,6,0,2023-05-07 15:30:00,,Standard
1512,526204,33,MissedShots,0.9109999847412109,0.595999984741211,0.05747358873486519,Karim Adeyemi,h,10772,OpenPlay,2022,Head,19622,Borussia Dortmund,Borussia M.Gladbach,5,2,2023-05-13 16:30:00,Marius Wolf,Cross
1513,526220,59,SavedShot,0.9790000152587891,0.600999984741211,0.15881569683551788,Karim Adeyemi,h,10772,OpenPlay,2022,LeftFoot,19622,Borussia Dortmund,Borussia M.Gladbach,5,2,2023-05-13 16:30:00,Salih Özcan,TakeOn
1514,526227,84,SavedShot,0.8419999694824218,0.2929999923706055,0.027066204696893692,Karim Adeyemi,h,10772,OpenPlay,2022,LeftFoot,19622,Borussia Dortmund,Borussia M.Gladbach,5,2,2023-05-13 16:30:00,Salih Özcan,TakeOn
1515,528145,9,BlockedShot,0.8969999694824219,0.4759999847412109,0.13095587491989136,Karim Adeyemi,a,10772,OpenPlay,2022,RightFoot,19635,Augsburg,Borussia Dortmund,0,3,2023-05-21 15:30:00,Donyell Malen,Pass
1516,528156,33,BlockedShot,0.7909999847412109,0.5870000076293945,0.029066191986203194,Karim Adeyemi,a,10772,FromCorner,2022,LeftFoot,19635,Augsburg,Borussia Dortmund,0,3,2023-05-21 15:30:00,Emre Can,Pass
1517,528157,35,BlockedShot,0.775,0.5929999923706055,0.05122719705104828,Karim Adeyemi,a,10772,FromCorner,2022,LeftFoot,19635,Augsburg,Borussia Dortmund,0,3,2023-05-21 15:30:00,,TakeOn
1518,535814,47,SavedShot,0.925,0.514000015258789,0.0929541289806366,Karim Adeyemi,h,10772,OpenPlay,2023,Head,23083,Borussia Dortmund,FC Heidenheim,2,2,2023-09-01 18:30:00,Marius Wolf,Chipped
1519,535821,56,MissedShots,0.9319999694824219,0.4879999923706055,0.15093746781349182,Karim Adeyemi,h,10772,OpenPlay,2023,LeftFoot,23083,Borussia Dortmund,FC Heidenheim,2,2,2023-09-01 18:30:00,Sébastien Haller,Pass
1520,540727,81,SavedShot,0.8640000152587891,0.48700000762939455,0.3408099412918091,Karim Adeyemi,a,10772,OpenPlay,2023,RightFoot,23110,Hoffenheim,Borussia Dortmund,1,3,2023-09-29 18:30:00,Julian Ryerson,Pass
1521,546160,93,BlockedShot,0.76,0.43099998474121093,0.01437921542674303,Karim Adeyemi,a,10772,FromCorner,2023,LeftFoot,23140,Eintracht Frankfurt,Borussia Dortmund,3,3,2023-10-29 14:30:00,,Aerial
1522,553161,76,MissedShots,0.9380000305175781,0.2989999961853027,0.053416308015584946,Karim Adeyemi,h,10772,OpenPlay,2023,RightFoot,23182,Borussia Dortmund,RasenBallsport Leipzig,2,3,2023-12-09 17:30:00,Julian Brandt,Pass
1523,565817,80,MissedShots,0.8590000152587891,0.7269999694824218,0.024950390681624413,Karim Adeyemi,h,10772,OpenPlay,2023,RightFoot,23270,Borussia Dortmund,Hoffenheim,2,3,2024-02-25 16:30:00,Marcel Sabitzer,Chipped
1524,566509,34,MissedShots,0.9259999847412109,0.3629999923706055,0.0185809638351202,Karim Adeyemi,a,10772,FromCorner,2023,Head,23272,Union Berlin,Borussia Dortmund,0,2,2024-03-02 14:30:00,Julian Brandt,Cross
1525,566513,40,Goal,0.855999984741211,0.3890000152587891,0.07482945919036865,Karim Adeyemi,a,10772,OpenPlay,2023,LeftFoot,23272,Union Berlin,Borussia Dortmund,0,2,2024-03-02 14:30:00,Niclas Füllkrug,Pass
1526,568236,71,SavedShot,0.8930000305175781,0.6079999923706054,0.34141087532043457,Karim Adeyemi,a,10772,OpenPlay,2023,LeftFoot,23286,Werder Bremen,Borussia Dortmund,1,2,2024-03-09 17:30:00,Nico Schlotterbeck,Pass
1527,570082,26,MissedShots,0.865999984741211,0.625,0.05172983556985855,Karim Adeyemi,h,10772,FromCorner,2023,LeftFoot,23290,Borussia Dortmund,Eintracht Frankfurt,3,1,2024-03-17 16:30:00,Nico Schlotterbeck,None
1528,570084,32,Goal,0.9540000152587891,0.5329999923706055,0.578162670135498,Karim Adeyemi,h,10772,OpenPlay,2023,RightFoot,23290,Borussia Dortmund,Eintracht Frankfurt,3,1,2024-03-17 16:30:00,Donyell Malen,Pass
1529,570088,60,BlockedShot,0.7559999847412109,0.43200000762939456,0.029169097542762756,Karim Adeyemi,h,10772,FromCorner,2023,LeftFoot,23290,Borussia Dortmund,Eintracht Frankfurt,3,1,2024-03-17 16:30:00,Julian Brandt,Pass
1530,570979,9,Goal,0.9209999847412109,0.6680000305175782,0.27912214398384094,Karim Adeyemi,a,10772,OpenPlay,2023,LeftFoot,23299,Bayern Munich,Borussia Dortmund,0,2,2024-03-30 17:30:00,Julian Brandt,Pass
1531,570985,29,MissedShots,0.7959999847412109,0.685,0.03382574021816254,Karim Adeyemi,a,10772,OpenPlay,2023,RightFoot,23299,Bayern Munich,Borussia Dortmund,0,2,2024-03-30 17:30:00,Mats Hummels,Chipped
1532,570992,50,BlockedShot,0.9440000152587891,0.695,0.0750214084982872,Karim Adeyemi,a,10772,OpenPlay,2023,LeftFoot,23299,Bayern Munich,Borussia Dortmund,0,2,2024-03-30 17:30:00,,BallRecovery
1533,572581,30,SavedShot,0.87,0.4829999923706055,0.4157697558403015,Karim Adeyemi,h,10772,OpenPlay,2023,LeftFoot,23308,Borussia Dortmund,VfB Stuttgart,0,1,2024-04-06 16:30:00,Mats Hummels,Chipped
1534,572584,48,MissedShots,0.9480000305175781,0.40599998474121096,0.06909137964248657,Karim Adeyemi,h,10772,FromCorner,2023,RightFoot,23308,Borussia Dortmund,VfB Stuttgart,0,1,2024-04-06 16:30:00,Jadon Sancho,Cross
1535,573516,20,BlockedShot,0.8,0.519000015258789,0.043225955218076706,Karim Adeyemi,a,10772,OpenPlay,2023,LeftFoot,23321,Borussia M.Gladbach,Borussia Dortmund,1,2,2024-04-13 13:30:00,Julian Brandt,Pass
1536,573523,43,SavedShot,0.7980000305175782,0.48700000762939455,0.07042302191257477,Karim Adeyemi,a,10772,OpenPlay,2023,LeftFoot,23321,Borussia M.Gladbach,Borussia Dortmund,1,2,2024-04-13 13:30:00,Julian Brandt,Pass
1537,578360,75,SavedShot,0.9059999847412109,0.2989999961853027,0.13277538120746613,Karim Adeyemi,h,10772,OpenPlay,2023,LeftFoot,23344,Borussia Dortmund,Augsburg,5,1,2024-05-04 13:30:00,Nico Schlotterbeck,Chipped
1538,578365,86,MissedShots,0.9340000152587891,0.43400001525878906,0.06978870183229446,Karim Adeyemi,h,10772,OpenPlay,2023,Head,23344,Borussia Dortmund,Augsburg,5,1,2024-05-04 13:30:00,Jamie Bynoe-Gittens,Chipped
1539,581471,49,MissedShots,0.9330000305175781,0.41700000762939454,0.13970230519771576,Karim Adeyemi,h,10772,OpenPlay,2023,LeftFoot,23362,Borussia Dortmund,Darmstadt,4,0,2024-05-18 13:30:00,,None
1540,581475,59,SavedShot,0.9009999847412109,0.33599998474121096,0.424099862575531,Karim Adeyemi,h,10772,OpenPlay,2023,RightFoot,23362,Borussia Dortmund,Darmstadt,4,0,2024-05-18 13:30:00,Marco Reus,Throughball
1541,586325,29,MissedShots,0.905,0.40900001525878904,0.11169373244047165,Karim Adeyemi,h,10772,OpenPlay,2024,RightFoot,27748,Borussia Dortmund,Eintracht Frankfurt,2,0,2024-08-24 16:30:00,Julian Ryerson,Pass
1542,586331,51,BlockedShot,0.8440000152587891,0.5679999923706055,0.09759663045406342,Karim Adeyemi,h,10772,OpenPlay,2024,RightFoot,27748,Borussia Dortmund,Eintracht Frankfurt,2,0,2024-08-24 16:30:00,Marcel Sabitzer,LayOff
1543,589106,58,SavedShot,0.759000015258789,0.495,0.043091192841529846,Karim Adeyemi,a,10772,OpenPlay,2024,LeftFoot,27753,Werder Bremen,Borussia Dortmund,0,0,2024-08-31 13:30:00,Waldemar Anton,TakeOn
1544,590350,16,Goal,0.915,0.65,0.34929072856903076,Karim Adeyemi,h,10772,OpenPlay,2024,RightFoot,27760,Borussia Dortmund,FC Heidenheim,4,2,2024-09-13 18:30:00,Julian Brandt,Pass
1545,590357,40,Goal,0.8619999694824219,0.5159999847412109,0.11208920180797577,Karim Adeyemi,h,10772,OpenPlay,2024,RightFoot,27760,Borussia Dortmund,FC Heidenheim,4,2,2024-09-13 18:30:00,Julian Ryerson,Pass
1546,593648,10,SavedShot,0.8969999694824219,0.5570000076293945,0.1885993480682373,Karim Adeyemi,h,10772,FromCorner,2024,Head,27778,Borussia Dortmund,Bochum,4,2,2024-09-27 18:30:00,Pascal Groß,Cross
1547,593661,42,BlockedShot,0.7969999694824219,0.32099998474121094,0.021355655044317245,Karim Adeyemi,h,10772,OpenPlay,2024,LeftFoot,27778,Borussia Dortmund,Bochum,4,2,2024-09-27 18:30:00,Yan Couto,Pass
1548,593669,72,BlockedShot,0.8680000305175781,0.325,0.07909515500068665,Karim Adeyemi,h,10772,OpenPlay,2024,LeftFoot,27778,Borussia Dortmund,Bochum,4,2,2024-09-27 18:30:00,Julian Brandt,Pass
1549,607654,50,MissedShots,0.8530000305175781,0.32099998474121094,0.040579695254564285,Karim Adeyemi,h,10772,OpenPlay,2024,LeftFoot,27860,Borussia Dortmund,Hoffenheim,1,1,2024-12-15 16:30:00,Ramy Bensebaini,TakeOn
1550,607655,54,MissedShots,0.8930000305175781,0.6480000305175782,0.09657584875822067,Karim Adeyemi,h,10772,OpenPlay,2024,LeftFoot,27860,Borussia Dortmund,Hoffenheim,1,1,2024-12-15 16:30:00,,TakeOn
1551,607662,92,BlockedShot,0.7759999847412109,0.6959999847412109,0.01587694138288498,Karim Adeyemi,h,10772,FromCorner,2024,LeftFoot,27860,Borussia Dortmund,Hoffenheim,1,1,2024-12-15 16:30:00,,None
1552,61921,48,SavedShot,0.9,0.5359999847412109,0.09257440268993378,Ramy Bensebaini,h,3349,SetPiece,2015,Head,1889,Montpellier,Paris Saint Germain,0,1,2015-08-21 22:30:00,Jonas Martin,Cross
1553,61923,51,BlockedShot,0.6890000152587891,0.5320000076293945,0.012009300291538239,Ramy Bensebaini,h,3349,OpenPlay,2015,LeftFoot,1889,Montpellier,Paris Saint Germain,0,1,2015-08-21 22:30:00,Paul Lasne,BallTouch
1554,62470,12,SavedShot,0.855999984741211,0.48200000762939454,0.03916040062904358,Ramy Bensebaini,h,3349,SetPiece,2015,Head,1911,Montpellier,Saint-Etienne,1,2,2015-09-12 22:00:00,Quentin Cornette,Chipped
1555,65698,5,Goal,0.899000015258789,0.5729999923706055,0.018322700634598732,Ramy Bensebaini,h,3349,FromCorner,2015,Head,1945,Montpellier,Lorient,2,1,2015-09-27 19:00:00,,Aerial
1556,62904,58,MissedShots,0.46599998474121096,0.49700000762939456,0.007037189789116383,Ramy Bensebaini,a,3349,OpenPlay,2015,LeftFoot,1949,Lille,Montpellier,2,0,2015-10-02 22:30:00,,BallRecovery
1557,65424,20,MissedShots,0.97,0.5840000152587891,0.08949629962444305,Ramy Bensebaini,a,3349,FromCorner,2015,Head,2049,Nice,Montpellier,1,0,2015-12-18 23:30:00,Ryad Boudebouz,Cross
1558,66293,22,Goal,0.895,0.53,0.09398110210895538,Ramy Bensebaini,h,3349,FromCorner,2015,LeftFoot,2084,Montpellier,Caen,1,2,2016-01-23 23:00:00,,None
1559,69084,41,BlockedShot,0.8159999847412109,0.675,0.024614999070763588,Ramy Bensebaini,h,3349,OpenPlay,2015,RightFoot,2100,Montpellier,Marseille,0,1,2016-02-03 00:00:00,Ryad Boudebouz,Chipped
1560,69088,59,MissedShots,0.9519999694824218,0.7280000305175781,0.03752560168504715,Ramy Bensebaini,h,3349,OpenPlay,2015,LeftFoot,2100,Montpellier,Marseille,0,1,2016-02-03 00:00:00,Ryad Boudebouz,Chipped
1561,66956,90,BlockedShot,0.775,0.455,0.022072099149227142,Ramy Bensebaini,a,3349,FromCorner,2015,LeftFoot,2170,Saint-Etienne,Montpellier,3,0,2016-03-19 20:00:00,,None
1562,103004,43,MissedShots,0.7030000305175781,0.6659999847412109,0.012066500261425972,Ramy Bensebaini,a,3349,OpenPlay,2016,LeftFoot,2257,Nice,Rennes,1,0,2016-08-14 19:00:00,Gelson Fernandes,Pass
1563,103354,75,MissedShots,0.9119999694824219,0.41200000762939454,0.04434720054268837,Ramy Bensebaini,h,3349,FromCorner,2016,Head,2263,Rennes,Nancy,2,0,2016-08-20 22:00:00,Kamil Grosicki,Cross
1564,103490,42,MissedShots,0.720999984741211,0.505,0.017071900889277458,Ramy Bensebaini,a,3349,OpenPlay,2016,LeftFoot,2274,Montpellier,Rennes,1,1,2016-08-27 22:00:00,Romain Danze,Pass
1565,103491,43,MissedShots,0.7180000305175781,0.615999984741211,0.013998299837112427,Ramy Bensebaini,a,3349,OpenPlay,2016,LeftFoot,2274,Montpellier,Rennes,1,1,2016-08-27 22:00:00,Wesley Said,LayOff
1566,104024,71,SavedShot,0.755,0.68,0.018227100372314453,Ramy Bensebaini,a,3349,OpenPlay,2016,LeftFoot,2290,Monaco,Rennes,3,0,2016-09-17 19:00:00,Romain Danze,Pass
1567,104025,72,MissedShots,0.935,0.43099998474121093,0.0917126014828682,Ramy Bensebaini,a,3349,FromCorner,2016,Head,2290,Monaco,Rennes,3,0,2016-09-17 19:00:00,Mehdi Zeffane,Cross
1568,104239,42,SavedShot,0.7919999694824219,0.43200000762939456,0.10815300047397614,Ramy Bensebaini,a,3349,DirectFreekick,2016,LeftFoot,2313,Dijon,Rennes,3,0,2016-09-24 22:00:00,,Standard
1569,105113,87,BlockedShot,0.8619999694824219,0.7090000152587891,0.042443301528692245,Ramy Bensebaini,h,3349,OpenPlay,2016,RightFoot,3326,Rennes,Metz,1,0,2016-10-30 20:00:00,Kermit Erasmus,Pass
1570,107208,68,SavedShot,0.909000015258789,0.6759999847412109,0.010110200382769108,Ramy Bensebaini,a,3349,FromCorner,2016,Head,3246,Lyon,Rennes,1,0,2016-12-11 18:00:00,Yoann Gourcuff,Cross
1571,109915,86,MissedShots,0.88,0.68,0.038475699722766876,Ramy Bensebaini,a,3349,FromCorner,2016,LeftFoot,4194,Metz,Rennes,1,1,2017-03-04 19:00:00,,None
1572,109706,7,MissedShots,0.7340000152587891,0.47200000762939454,0.015521399676799774,Ramy Bensebaini,a,3349,FromCorner,2016,RightFoot,4211,Toulouse,Rennes,0,0,2017-03-18 19:00:00,,None
1573,109707,8,MissedShots,0.899000015258789,0.5729999923706055,0.018566399812698364,Ramy Bensebaini,a,3349,SetPiece,2016,Head,4211,Toulouse,Rennes,0,0,2017-03-18 19:00:00,Sanjin Prcic,Aerial
1574,110607,85,MissedShots,0.7180000305175781,0.674000015258789,0.00910164974629879,Ramy Bensebaini,a,3349,OpenPlay,2016,LeftFoot,4257,SC Bastia,Rennes,1,0,2017-04-29 19:00:00,,Aerial
1575,111708,33,BlockedShot,0.7880000305175782,0.705,0.018891099840402603,Ramy Bensebaini,h,3349,OpenPlay,2016,LeftFoot,4273,Rennes,Montpellier,1,0,2017-05-07 14:00:00,Firmin Ndombe Mubele,Pass
1576,111710,37,MissedShots,0.730999984741211,0.779000015258789,0.007525600027292967,Ramy Bensebaini,h,3349,OpenPlay,2016,LeftFoot,4273,Rennes,Montpellier,1,0,2017-05-07 14:00:00,Benjamin André,Chipped
1577,111711,55,MissedShots,0.7609999847412109,0.6430000305175781,0.01116899959743023,Ramy Bensebaini,h,3349,OpenPlay,2016,LeftFoot,4273,Rennes,Montpellier,1,0,2017-05-07 14:00:00,,Aerial
1578,161924,80,MissedShots,0.7290000152587891,0.6969999694824218,0.010644800029695034,Ramy Bensebaini,a,3349,OpenPlay,2017,LeftFoot,8570,Troyes,Rennes,1,1,2017-08-05 19:00:00,,None
1579,162203,43,SavedShot,0.8690000152587891,0.735,0.03357839956879616,Ramy Bensebaini,h,3349,OpenPlay,2017,LeftFoot,8576,Rennes,Lyon,1,2,2017-08-11 19:45:00,Firmin Ndombe Mubele,Pass
1580,162218,94,MissedShots,0.8569999694824219,0.624000015258789,0.047297701239585876,Ramy Bensebaini,h,3349,FromCorner,2017,LeftFoot,8576,Rennes,Lyon,1,2,2017-08-11 19:45:00,,None
1581,162220,95,SavedShot,0.919000015258789,0.53,0.04291760176420212,Ramy Bensebaini,h,3349,FromCorner,2017,Head,8576,Rennes,Lyon,1,2,2017-08-11 19:45:00,Benjamin Bourigeaud,Aerial
1582,162749,1,MissedShots,0.7240000152587891,0.7580000305175781,0.008788100443780422,Ramy Bensebaini,a,3349,OpenPlay,2017,LeftFoot,8603,Toulouse,Rennes,3,2,2017-08-26 19:00:00,,Aerial
1583,162757,22,ShotOnPost,0.9330000305175781,0.4929999923706055,0.12440700083971024,Ramy Bensebaini,a,3349,FromCorner,2017,Head,8603,Toulouse,Rennes,3,2,2017-08-26 19:00:00,Benjamin Bourigeaud,Cross
1584,162772,73,ShotOnPost,0.9719999694824218,0.6020000076293945,0.06255289912223816,Ramy Bensebaini,a,3349,SetPiece,2017,LeftFoot,8603,Toulouse,Rennes,3,2,2017-08-26 19:00:00,Benjamin Bourigeaud,Cross
1585,163167,89,MissedShots,0.885,0.5520000076293945,0.016550499945878983,Ramy Bensebaini,h,3349,SetPiece,2017,Head,8616,Rennes,Nice,0,1,2017-09-17 16:00:00,Benjamin Bourigeaud,Aerial
1586,163509,27,MissedShots,0.92,0.7380000305175781,0.03949650004506111,Ramy Bensebaini,h,3349,OpenPlay,2017,LeftFoot,8638,Rennes,Caen,0,1,2017-09-30 19:00:00,Firmin Ndombe Mubele,Pass
1587,163511,33,OwnGoal,0.029000000953674318,0.515,0,Ramy Bensebaini,h,3349,OpenPlay,2017,RightFoot,8638,Rennes,Caen,0,1,2017-09-30 19:00:00,,Challenge
1588,164408,10,MissedShots,0.9540000152587891,0.4759999847412109,0.48309001326560974,Ramy Bensebaini,h,3349,FromCorner,2017,Head,8678,Rennes,Bordeaux,1,0,2017-11-03 20:45:00,Benjamin Bourigeaud,Cross
1589,187550,58,MissedShots,0.7369999694824219,0.66,0.008925380185246468,Ramy Bensebaini,h,3349,OpenPlay,2017,LeftFoot,8761,Rennes,Marseille,0,3,2018-01-13 16:00:00,,Rebound
1590,194608,91,BlockedShot,0.9119999694824219,0.5829999923706055,0.04853940010070801,Ramy Bensebaini,h,3349,FromCorner,2017,Head,8801,Rennes,Guingamp,0,1,2018-02-04 14:00:00,Benjamin Bourigeaud,Cross
1591,199101,10,MissedShots,0.7430000305175781,0.4929999923706055,0.02040109969675541,Ramy Bensebaini,a,3349,SetPiece,2017,LeftFoot,8836,Amiens,Rennes,0,2,2018-03-03 19:00:00,Wahbi Khazri,Pass
1592,200372,24,BlockedShot,0.774000015258789,0.745999984741211,0.011897699907422066,Ramy Bensebaini,h,3349,OpenPlay,2017,LeftFoot,8852,Rennes,Saint-Etienne,1,1,2018-03-10 19:00:00,,None
1593,212202,40,SavedShot,0.8619999694824219,0.5420000076293945,0.06830990314483643,Ramy Bensebaini,h,3349,FromCorner,2017,RightFoot,8913,Rennes,Toulouse,2,1,2018-04-29 00:00:00,,None
1594,213964,10,MissedShots,0.7380000305175781,0.7030000305175781,0.014198100194334984,Ramy Bensebaini,h,3349,OpenPlay,2017,RightFoot,8922,Rennes,Strasbourg,2,1,2018-05-06 16:00:00,Benjamin André,Pass
1595,215038,24,MissedShots,0.7140000152587891,0.725999984741211,0.009226109832525253,Ramy Bensebaini,a,3349,OpenPlay,2017,LeftFoot,8931,Paris Saint Germain,Rennes,0,2,2018-05-12 20:00:00,James Edward Lea Siliki,Cross
1596,215046,60,MissedShots,0.7430000305175781,0.6730000305175782,0.030581999570131302,Ramy Bensebaini,a,3349,OpenPlay,2017,LeftFoot,8931,Paris Saint Germain,Rennes,0,2,2018-05-12 20:00:00,Sanjin Prcic,TakeOn
1597,216244,61,MissedShots,0.909000015258789,0.52,0.031205400824546814,Ramy Bensebaini,h,3349,FromCorner,2017,Head,8942,Rennes,Montpellier,1,1,2018-05-19 19:00:00,Benjamin Bourigeaud,Aerial
1598,218328,14,MissedShots,0.6869999694824219,0.500999984741211,0.012320100329816341,Ramy Bensebaini,h,3349,FromCorner,2018,RightFoot,10656,Rennes,Angers,1,0,2018-08-18 21:00:00,,None
1599,220853,71,OwnGoal,0.09300000190734864,0.5420000076293945,0,Ramy Bensebaini,a,3349,OpenPlay,2018,Head,10672,Marseille,Rennes,2,2,2018-08-26 22:00:00,,None
1600,222366,15,Goal,0.904000015258789,0.5420000076293945,0.2590560019016266,Ramy Bensebaini,h,3349,FromCorner,2018,Head,10681,Rennes,Bordeaux,2,0,2018-09-02 15:00:00,Benjamin Bourigeaud,Cross
1601,225680,38,MissedShots,0.92,0.6819999694824219,0.2488739937543869,Ramy Bensebaini,h,3349,OpenPlay,2018,LeftFoot,10699,Rennes,Paris Saint Germain,1,3,2018-09-23 13:00:00,James Edward Lea Siliki,Pass
1602,225693,72,SavedShot,0.784000015258789,0.754000015258789,0.01884239912033081,Ramy Bensebaini,h,3349,OpenPlay,2018,RightFoot,10699,Rennes,Paris Saint Germain,1,3,2018-09-23 13:00:00,Benjamin André,Pass
1603,228531,22,MissedShots,0.72,0.645,0.017137300223112106,Ramy Bensebaini,h,3349,OpenPlay,2018,LeftFoot,10720,Rennes,Toulouse,1,1,2018-09-30 13:00:00,Mexer,Pass
1604,260906,29,MissedShots,0.9030000305175782,0.5770000076293945,0.01514660008251667,Ramy Bensebaini,a,3349,FromCorner,2018,Head,10741,Saint-Etienne,Rennes,1,1,2018-10-21 15:00:00,Benjamin Bourigeaud,Aerial
1605,260915,54,MissedShots,0.950999984741211,0.5029999923706054,0.467629998922348,Ramy Bensebaini,a,3349,FromCorner,2018,Head,10741,Saint-Etienne,Rennes,1,1,2018-10-21 15:00:00,Mehdi Zeffane,Cross
1606,261139,84,MissedShots,0.7340000152587891,0.6580000305175782,0.009376189671456814,Ramy Bensebaini,h,3349,OpenPlay,2018,LeftFoot,10750,Rennes,Reims,0,2,2018-10-28 13:00:00,,None
1607,262157,0,BlockedShot,0.875,0.5929999923706055,0.044478099793195724,Ramy Bensebaini,h,3349,FromCorner,2018,LeftFoot,10788,Rennes,Strasbourg,1,4,2018-12-02 16:00:00,Benjamin Bourigeaud,Cross
1608,262174,64,BlockedShot,0.740999984741211,0.53,0.014631199650466442,Ramy Bensebaini,h,3349,OpenPlay,2018,LeftFoot,10788,Rennes,Strasbourg,1,4,2018-12-02 16:00:00,Benjamin Bourigeaud,Pass
1609,262180,82,MissedShots,0.9519999694824218,0.42700000762939455,0.10716699808835983,Ramy Bensebaini,h,3349,FromCorner,2018,Head,10788,Rennes,Strasbourg,1,4,2018-12-02 16:00:00,Benjamin Bourigeaud,Cross
1610,262742,38,MissedShots,0.749000015258789,0.735999984741211,0.018225299194455147,Ramy Bensebaini,h,3349,OpenPlay,2018,LeftFoot,10830,Rennes,Nimes,4,0,2018-12-22 19:00:00,Benjamin André,Pass
1611,286871,73,MissedShots,0.905,0.67,0.0445920005440712,Ramy Bensebaini,a,3349,SetPiece,2018,LeftFoot,10928,Bordeaux,Rennes,1,1,2019-03-17 16:00:00,Benjamin André,HeadPass
1612,298841,46,MissedShots,0.7659999847412109,0.41200000762939454,0.02316099964082241,Ramy Bensebaini,h,3349,OpenPlay,2018,RightFoot,10975,Rennes,Monaco,2,2,2019-05-01 18:00:00,,None
1613,301096,5,MissedShots,0.909000015258789,0.515,0.03766550123691559,Ramy Bensebaini,h,3349,FromCorner,2018,Head,11000,Rennes,Guingamp,1,1,2019-05-12 14:00:00,,Aerial
1614,301102,26,SavedShot,0.9059999847412109,0.46799999237060547,0.10604800283908844,Ramy Bensebaini,h,3349,SetPiece,2018,Head,11000,Rennes,Guingamp,1,1,2019-05-12 14:00:00,Benjamin Bourigeaud,Cross
1615,324612,10,SavedShot,0.8169999694824219,0.5170000076293946,0.2647309899330139,Ramy Bensebaini,h,3349,OpenPlay,2019,RightFoot,12465,Borussia M.Gladbach,Augsburg,5,1,2019-10-06 12:30:00,László Bénes,Pass
1616,331170,19,Goal,0.9130000305175782,0.475,0.05490420013666153,Ramy Bensebaini,h,3349,SetPiece,2019,Head,12500,Borussia M.Gladbach,Werder Bremen,3,1,2019-11-10 12:30:00,László Bénes,Aerial
1617,331174,35,ShotOnPost,0.9,0.7019999694824218,0.07717529684305191,Ramy Bensebaini,h,3349,OpenPlay,2019,LeftFoot,12500,Borussia M.Gladbach,Werder Bremen,3,1,2019-11-10 12:30:00,Marcus Thuram,Pass
1618,334353,2,SavedShot,0.9209999847412109,0.5179999923706055,0.09641259908676147,Ramy Bensebaini,h,3349,SetPiece,2019,Head,12511,Borussia M.Gladbach,Freiburg,4,2,2019-12-01 14:30:00,László Bénes,Chipped
1619,335666,59,Goal,0.9209999847412109,0.49,0.3306970000267029,Ramy Bensebaini,h,3349,FromCorner,2019,Head,12523,Borussia M.Gladbach,Bayern Munich,2,1,2019-12-07 14:30:00,Jonas Hofmann,Cross
1620,335669,86,MissedShots,0.9069999694824219,0.45799999237060546,0.04145609959959984,Ramy Bensebaini,h,3349,SetPiece,2019,Head,12523,Borussia M.Gladbach,Bayern Munich,2,1,2019-12-07 14:30:00,Raffael,Aerial
1621,335670,91,Goal,0.885,0.5,0.7577769756317139,Ramy Bensebaini,h,3349,Penalty,2019,LeftFoot,12523,Borussia M.Gladbach,Bayern Munich,2,1,2019-12-07 14:30:00,,Standard
1622,360798,1,SavedShot,0.9209999847412109,0.5270000076293946,0.06364060193300247,Ramy Bensebaini,a,3349,SetPiece,2019,Head,12616,Augsburg,Borussia M.Gladbach,2,3,2020-02-29 14:30:00,,None
1623,360805,48,Goal,0.92,0.5420000076293945,0.5328720211982727,Ramy Bensebaini,a,3349,OpenPlay,2019,LeftFoot,12616,Augsburg,Borussia M.Gladbach,2,3,2020-02-29 14:30:00,Lars Stindl,Pass
1624,360812,70,MissedShots,0.9119999694824219,0.7659999847412109,0.03609609976410866,Ramy Bensebaini,a,3349,OpenPlay,2019,LeftFoot,12616,Augsburg,Borussia M.Gladbach,2,3,2020-02-29 14:30:00,Tobias Strobl,Chipped
1625,361825,15,MissedShots,0.8730000305175781,0.6140000152587891,0.35537898540496826,Ramy Bensebaini,h,3349,OpenPlay,2019,LeftFoot,12621,Borussia M.Gladbach,Borussia Dortmund,1,2,2020-03-07 17:30:00,,None
1626,361826,21,MissedShots,0.985999984741211,0.5879999923706055,0.074508897960186,Ramy Bensebaini,h,3349,OpenPlay,2019,LeftFoot,12621,Borussia M.Gladbach,Borussia Dortmund,1,2,2020-03-07 17:30:00,,None
1627,361833,52,BlockedShot,0.8190000152587891,0.6409999847412109,0.039462100714445114,Ramy Bensebaini,h,3349,OpenPlay,2019,LeftFoot,12621,Borussia M.Gladbach,Borussia Dortmund,1,2,2020-03-07 17:30:00,Alassane Pléa,Pass
1628,363029,57,MissedShots,0.725,0.565,0.018922699615359306,Ramy Bensebaini,a,3349,OpenPlay,2019,LeftFoot,12630,Eintracht Frankfurt,Borussia M.Gladbach,1,3,2020-05-16 16:30:00,,BallTouch
1629,363032,72,Goal,0.885,0.5,0.7576959729194641,Ramy Bensebaini,a,3349,Penalty,2019,LeftFoot,12630,Eintracht Frankfurt,Borussia M.Gladbach,1,3,2020-05-16 16:30:00,,Standard
1630,363173,40,SavedShot,0.960999984741211,0.5029999923706054,0.153657004237175,Ramy Bensebaini,h,3349,FromCorner,2019,LeftFoot,12639,Borussia M.Gladbach,Bayer Leverkusen,1,3,2020-05-23 13:30:00,,Rebound
1631,363177,48,BlockedShot,0.909000015258789,0.46700000762939453,0.029153000563383102,Ramy Bensebaini,h,3349,FromCorner,2019,Head,12639,Borussia M.Gladbach,Bayer Leverkusen,1,3,2020-05-23 13:30:00,Jonas Hofmann,Aerial
1632,363178,49,MissedShots,0.7669999694824219,0.6790000152587891,0.016871599480509758,Ramy Bensebaini,h,3349,OpenPlay,2019,LeftFoot,12639,Borussia M.Gladbach,Bayer Leverkusen,1,3,2020-05-23 13:30:00,,BallRecovery
1633,363182,60,MissedShots,0.8959999847412109,0.5270000076293946,0.03247150033712387,Ramy Bensebaini,h,3349,SetPiece,2019,Head,12639,Borussia M.Gladbach,Bayer Leverkusen,1,3,2020-05-23 13:30:00,Jonas Hofmann,Aerial
1634,363722,55,MissedShots,0.75,0.3160000038146973,0.048876501619815826,Ramy Bensebaini,h,3349,DirectFreekick,2019,LeftFoot,12656,Borussia M.Gladbach,Union Berlin,4,1,2020-05-31 13:30:00,,Standard
1635,365425,25,SavedShot,0.705,0.7169999694824218,0.012991400435566902,Ramy Bensebaini,a,3349,OpenPlay,2019,RightFoot,12699,Paderborn,Borussia M.Gladbach,1,3,2020-06-20 13:30:00,Jonas Hofmann,Pass
1636,366871,11,MissedShots,0.8440000152587891,0.64,0.06678450107574463,Ramy Bensebaini,h,3349,OpenPlay,2019,RightFoot,12702,Borussia M.Gladbach,Hertha Berlin,2,1,2020-06-27 13:30:00,Florian Neuhaus,Pass
1637,366879,42,BlockedShot,0.7719999694824219,0.35400001525878905,0.06860940158367157,Ramy Bensebaini,h,3349,DirectFreekick,2019,LeftFoot,12702,Borussia M.Gladbach,Hertha Berlin,2,1,2020-06-27 13:30:00,,Standard
1638,378768,90,MissedShots,0.9519999694824218,0.534000015258789,0.5795289874076843,Ramy Bensebaini,h,3349,SetPiece,2020,LeftFoot,14186,Borussia M.Gladbach,Union Berlin,1,1,2020-09-26 13:30:00,Patrick Herrmann,None
1639,380556,14,SavedShot,0.914000015258789,0.740999984741211,0.02487180009484291,Ramy Bensebaini,a,3349,SetPiece,2020,LeftFoot,15159,FC Cologne,Borussia M.Gladbach,1,3,2020-10-03 13:30:00,Jonas Hofmann,Pass
1640,380569,81,SavedShot,0.8909999847412109,0.4879999923706055,0.017985299229621887,Ramy Bensebaini,a,3349,FromCorner,2020,Head,15159,FC Cologne,Borussia M.Gladbach,1,3,2020-10-03 13:30:00,Jonas Hofmann,Aerial
1641,386798,33,ShotOnPost,0.9119999694824219,0.42700000762939455,0.40054500102996826,Ramy Bensebaini,a,3349,FromCorner,2020,RightFoot,15202,Bayer Leverkusen,Borussia M.Gladbach,4,3,2020-11-08 17:00:00,,Rebound
1642,386814,92,MissedShots,0.9080000305175782,0.5609999847412109,0.03350679948925972,Ramy Bensebaini,a,3349,SetPiece,2020,Head,15202,Bayer Leverkusen,Borussia M.Gladbach,4,3,2020-11-08 17:00:00,László Bénes,Aerial
1643,397676,32,MissedShots,0.9530000305175781,0.6819999694824219,0.02157670073211193,Ramy Bensebaini,h,3349,SetPiece,2020,LeftFoot,15267,Borussia M.Gladbach,Bayern Munich,3,2,2021-01-08 19:30:00,,Aerial
1644,400238,48,Goal,0.9069999694824219,0.6840000152587891,0.0621270015835762,Ramy Bensebaini,h,3349,OpenPlay,2020,RightFoot,15293,Borussia M.Gladbach,Borussia Dortmund,4,2,2021-01-22 19:30:00,Florian Neuhaus,TakeOn
1645,401566,21,MissedShots,0.8069999694824219,0.6170000076293946,0.015658000484108925,Ramy Bensebaini,a,3349,OpenPlay,2020,LeftFoot,15307,Union Berlin,Borussia M.Gladbach,1,1,2021-01-30 14:30:00,,Aerial
1646,401588,96,MissedShots,0.9259999847412109,0.5129999923706055,0.05701569840312004,Ramy Bensebaini,a,3349,FromCorner,2020,Head,15307,Union Berlin,Borussia M.Gladbach,1,1,2021-01-30 14:30:00,Lars Stindl,Aerial
1647,403355,91,BlockedShot,0.919000015258789,0.7019999694824218,0.029424499720335007,Ramy Bensebaini,h,3349,OpenPlay,2020,LeftFoot,15311,Borussia M.Gladbach,FC Cologne,1,2,2021-02-06 17:30:00,Stefan Lainer,Cross
1648,404902,20,MissedShots,0.7880000305175782,0.665,0.018865400925278664,Ramy Bensebaini,a,3349,FromCorner,2020,LeftFoot,15324,Wolfsburg,Borussia M.Gladbach,0,0,2021-02-14 17:00:00,,None
1649,404906,30,MissedShots,0.904000015258789,0.6079999923706054,0.06575729697942734,Ramy Bensebaini,a,3349,OpenPlay,2020,RightFoot,15324,Wolfsburg,Borussia M.Gladbach,0,0,2021-02-14 17:00:00,Jonas Hofmann,Cross
1650,411495,3,SavedShot,0.924000015258789,0.5370000076293945,0.05212070047855377,Ramy Bensebaini,a,3349,FromCorner,2020,Head,15370,Schalke 04,Borussia M.Gladbach,0,3,2021-03-20 17:30:00,Marcus Thuram,Aerial
1651,411504,34,MissedShots,0.7759999847412109,0.605999984741211,0.03293440118432045,Ramy Bensebaini,a,3349,OpenPlay,2020,RightFoot,15370,Schalke 04,Borussia M.Gladbach,0,3,2021-03-20 17:30:00,Marcus Thuram,Pass
1652,411511,57,MissedShots,0.735,0.54,0.015678200870752335,Ramy Bensebaini,a,3349,FromCorner,2020,LeftFoot,15370,Schalke 04,Borussia M.Gladbach,0,3,2021-03-20 17:30:00,,None
1653,415342,36,MissedShots,0.9,0.7340000152587891,0.025951800867915154,Ramy Bensebaini,h,3349,OpenPlay,2020,LeftFoot,15394,Borussia M.Gladbach,Eintracht Frankfurt,4,0,2021-04-17 13:30:00,Stefan Lainer,Cross
1654,415354,66,Goal,0.925,0.46599998474121096,0.30288100242614746,Ramy Bensebaini,h,3349,FromCorner,2020,Head,15394,Borussia M.Gladbach,Eintracht Frankfurt,4,0,2021-04-17 13:30:00,,Rebound
1655,416460,22,MissedShots,0.735,0.74,0.011744399555027485,Ramy Bensebaini,a,3349,OpenPlay,2020,LeftFoot,15403,Hoffenheim,Borussia M.Gladbach,3,2,2021-04-21 18:30:00,,BallRecovery
1656,417944,17,Goal,0.885,0.5,0.7577769756317139,Ramy Bensebaini,h,3349,Penalty,2020,LeftFoot,15411,Borussia M.Gladbach,Arminia Bielefeld,5,0,2021-04-25 16:00:00,,Standard
1657,420266,29,MissedShots,0.9080000305175782,0.49599998474121093,0.0328591987490654,Ramy Bensebaini,a,3349,FromCorner,2020,Head,15419,Bayern Munich,Borussia M.Gladbach,6,0,2021-05-08 16:30:00,Jonas Hofmann,Aerial
1658,420281,62,SavedShot,0.905,0.674000015258789,0.07855980098247528,Ramy Bensebaini,a,3349,OpenPlay,2020,LeftFoot,15419,Bayern Munich,Borussia M.Gladbach,6,0,2021-05-08 16:30:00,Florian Neuhaus,Throughball
1659,423467,57,Goal,0.845,0.5279999923706055,0.023923100903630257,Ramy Bensebaini,a,3349,SetPiece,2020,Head,15444,Werder Bremen,Borussia M.Gladbach,2,4,2021-05-22 13:30:00,Lars Stindl,Cross
1660,429244,80,MissedShots,0.855,0.6930000305175781,0.03114349953830242,Ramy Bensebaini,a,3349,OpenPlay,2021,LeftFoot,17541,Union Berlin,Borussia M.Gladbach,2,1,2021-08-29 13:30:00,,None
1661,429246,88,MissedShots,0.895,0.6029999923706054,0.023050399497151375,Ramy Bensebaini,a,3349,FromCorner,2021,Head,17541,Union Berlin,Borussia M.Gladbach,2,1,2021-08-29 13:30:00,László Bénes,Cross
1662,440443,26,MissedShots,0.7819999694824219,0.6229999923706054,0.04645809903740883,Ramy Bensebaini,h,3349,OpenPlay,2021,RightFoot,17601,Borussia M.Gladbach,Bochum,2,1,2021-10-31 16:30:00,Breel Embolo,LayOff
1663,440451,67,BlockedShot,0.745999984741211,0.6840000152587891,0.025092799216508865,Ramy Bensebaini,h,3349,OpenPlay,2021,RightFoot,17601,Borussia M.Gladbach,Bochum,2,1,2021-10-31 16:30:00,Lars Stindl,Pass
1664,440460,88,BlockedShot,0.8680000305175781,0.49700000762939456,0.048626501113176346,Ramy Bensebaini,h,3349,FromCorner,2021,LeftFoot,17601,Borussia M.Gladbach,Bochum,2,1,2021-10-31 16:30:00,Jonas Hofmann,Cross
1665,440677,37,SavedShot,0.7319999694824219,0.615999984741211,0.018577899783849716,Ramy Bensebaini,a,3349,OpenPlay,2021,LeftFoot,17610,Mainz 05,Borussia M.Gladbach,1,1,2021-11-05 19:30:00,Marcus Thuram,Pass
1666,440679,41,MissedShots,0.9309999847412109,0.529000015258789,0.3606410026550293,Ramy Bensebaini,a,3349,FromCorner,2021,Head,17610,Mainz 05,Borussia M.Gladbach,1,1,2021-11-05 19:30:00,Luca Netz,Cross
1667,442452,87,BlockedShot,0.8240000152587891,0.6079999923706054,0.07681789994239807,Ramy Bensebaini,h,3349,OpenPlay,2021,LeftFoot,17620,Borussia M.Gladbach,Greuther Fuerth,4,0,2021-11-20 14:30:00,Kouadio Kone,Pass
1668,447020,8,MissedShots,0.9730000305175781,0.6819999694824219,0.05976710096001625,Ramy Bensebaini,h,3349,SetPiece,2021,LeftFoot,17638,Borussia M.Gladbach,Freiburg,0,6,2021-12-05 16:30:00,Marcus Thuram,HeadPass
1669,447044,86,MissedShots,0.7719999694824219,0.6759999847412109,0.01666340045630932,Ramy Bensebaini,h,3349,OpenPlay,2021,RightFoot,17638,Borussia M.Gladbach,Freiburg,0,6,2021-12-05 16:30:00,Breel Embolo,BallTouch
1670,447620,87,Goal,0.9540000152587891,0.5070000076293946,0.1473820060491562,Ramy Bensebaini,a,3349,SetPiece,2021,LeftFoot,17649,RasenBallsport Leipzig,Borussia M.Gladbach,4,1,2021-12-11 14:30:00,Breel Embolo,Rebound
1671,448955,53,Goal,0.885,0.5,0.7577769756317139,Ramy Bensebaini,h,3349,Penalty,2021,LeftFoot,17655,Borussia M.Gladbach,Eintracht Frankfurt,2,3,2021-12-15 17:30:00,,Standard
1672,448968,81,BlockedShot,0.77,0.6930000305175781,0.02848299965262413,Ramy Bensebaini,h,3349,FromCorner,2021,LeftFoot,17655,Borussia M.Gladbach,Eintracht Frankfurt,2,3,2021-12-15 17:30:00,Matthias Ginter,Pass
1673,448970,84,MissedShots,0.8630000305175781,0.4909999847412109,0.03176160156726837,Ramy Bensebaini,h,3349,OpenPlay,2021,Head,17655,Borussia M.Gladbach,Eintracht Frankfurt,2,3,2021-12-15 17:30:00,Matthias Ginter,Cross
1674,449427,55,SavedShot,0.8490000152587891,0.29399999618530276,0.02914620004594326,Ramy Bensebaini,a,3349,SetPiece,2021,RightFoot,17664,Hoffenheim,Borussia M.Gladbach,1,1,2021-12-18 14:30:00,Matthias Ginter,Pass
1675,455781,20,SavedShot,0.8690000152587891,0.6659999847412109,0.05362769961357117,Ramy Bensebaini,a,3349,OpenPlay,2021,RightFoot,17697,Arminia Bielefeld,Borussia M.Gladbach,1,1,2022-02-05 14:30:00,Breel Embolo,Pass
1676,455782,23,MissedShots,0.919000015258789,0.485,0.32666900753974915,Ramy Bensebaini,a,3349,FromCorner,2021,Head,17697,Arminia Bielefeld,Borussia M.Gladbach,1,1,2022-02-05 14:30:00,Jonas Hofmann,Cross
1677,455792,55,MissedShots,0.905,0.4490000152587891,0.021091900765895844,Ramy Bensebaini,a,3349,FromCorner,2021,Head,17697,Arminia Bielefeld,Borussia M.Gladbach,1,1,2022-02-05 14:30:00,Jonas Hofmann,Aerial
1678,455800,74,MissedShots,0.7969999694824219,0.40400001525878904,0.10787999629974365,Ramy Bensebaini,a,3349,DirectFreekick,2021,LeftFoot,17697,Arminia Bielefeld,Borussia M.Gladbach,1,1,2022-02-05 14:30:00,,Standard
1679,455803,83,BlockedShot,0.8469999694824218,0.6370000076293946,0.020664900541305542,Ramy Bensebaini,a,3349,OpenPlay,2021,RightFoot,17697,Arminia Bielefeld,Borussia M.Gladbach,1,1,2022-02-05 14:30:00,,Aerial
1680,456992,66,Goal,0.919000015258789,0.534000015258789,0.3397580087184906,Ramy Bensebaini,h,3349,OpenPlay,2021,Head,17709,Borussia M.Gladbach,Augsburg,3,2,2022-02-12 14:30:00,Florian Neuhaus,Chipped
1681,458875,12,MissedShots,0.924000015258789,0.44,0.11590000241994858,Ramy Bensebaini,a,3349,SetPiece,2021,Head,17721,Borussia Dortmund,Borussia M.Gladbach,6,0,2022-02-20 16:30:00,Jonas Hofmann,Cross
1682,459705,67,SavedShot,0.7959999847412109,0.72,0.028983099386096,Ramy Bensebaini,h,3349,OpenPlay,2021,RightFoot,17728,Borussia M.Gladbach,Wolfsburg,2,2,2022-02-26 14:30:00,Kouadio Kone,TakeOn
1683,459707,74,MissedShots,0.8119999694824219,0.5579999923706055,0.03781230002641678,Ramy Bensebaini,h,3349,FromCorner,2021,LeftFoot,17728,Borussia M.Gladbach,Wolfsburg,2,2,2022-02-26 14:30:00,Alassane Pléa,Pass
1684,459714,94,BlockedShot,0.889000015258789,0.519000015258789,0.016970399767160416,Ramy Bensebaini,h,3349,FromCorner,2021,Head,17728,Borussia M.Gladbach,Wolfsburg,2,2,2022-02-26 14:30:00,Jonas Hofmann,Aerial
1685,461314,70,MissedShots,0.9180000305175782,0.4640000152587891,0.0934389978647232,Ramy Bensebaini,a,3349,FromCorner,2021,Head,17737,VfB Stuttgart,Borussia M.Gladbach,3,2,2022-03-05 17:30:00,Jonas Hofmann,Cross
1686,465957,30,SavedShot,0.88,0.700999984741211,0.04476509988307953,Ramy Bensebaini,h,3349,OpenPlay,2021,RightFoot,17763,Borussia M.Gladbach,Mainz 05,1,1,2022-04-03 15:30:00,,None
1687,468378,8,MissedShots,0.899000015258789,0.700999984741211,0.04565199837088585,Ramy Bensebaini,h,3349,OpenPlay,2021,LeftFoot,17782,Borussia M.Gladbach,FC Cologne,1,3,2022-04-16 16:30:00,Alassane Pléa,Pass
1688,468385,21,BlockedShot,0.8909999847412109,0.555,0.056797899305820465,Ramy Bensebaini,h,3349,SetPiece,2021,Head,17782,Borussia M.Gladbach,FC Cologne,1,3,2022-04-16 16:30:00,Jonas Hofmann,Cross
1689,469912,2,Goal,0.885,0.5,0.7577769756317139,Ramy Bensebaini,a,3349,Penalty,2021,LeftFoot,17790,Freiburg,Borussia M.Gladbach,3,3,2022-04-23 13:30:00,,Standard
1690,479149,41,Goal,0.935,0.49200000762939455,0.11964599788188934,Ramy Bensebaini,h,3349,FromCorner,2022,LeftFoot,19344,Borussia M.Gladbach,Hoffenheim,3,1,2022-08-06 13:30:00,Ko Itakura,HeadPass
1691,481528,11,SavedShot,0.789000015258789,0.785,0.017407899722456932,Ramy Bensebaini,h,3349,OpenPlay,2022,RightFoot,19360,Borussia M.Gladbach,Hertha Berlin,1,0,2022-08-19 18:30:00,Florian Neuhaus,Pass
1692,486725,74,MissedShots,0.7240000152587891,0.43099998474121093,0.015045699663460255,Ramy Bensebaini,h,3349,OpenPlay,2022,RightFoot,19386,Borussia M.Gladbach,Mainz 05,0,1,2022-09-04 15:30:00,Jonas Hofmann,TakeOn
1693,486727,89,MissedShots,0.924000015258789,0.545,0.059533800929784775,Ramy Bensebaini,h,3349,SetPiece,2022,Head,19386,Borussia M.Gladbach,Mainz 05,0,1,2022-09-04 15:30:00,Jonas Hofmann,Aerial
1694,486728,94,MissedShots,0.93,0.6480000305175782,0.019803300499916077,Ramy Bensebaini,h,3349,SetPiece,2022,Head,19386,Borussia M.Gladbach,Mainz 05,0,1,2022-09-04 15:30:00,Jonas Hofmann,Cross
1695,488116,28,BlockedShot,0.9369999694824219,0.534000015258789,0.10822200030088425,Ramy Bensebaini,a,3349,FromCorner,2022,LeftFoot,19395,Freiburg,Borussia M.Gladbach,0,0,2022-09-11 15:30:00,Marvin Friedrich,BallTouch
1696,488117,45,BlockedShot,0.8769999694824219,0.45799999237060546,0.013479899615049362,Ramy Bensebaini,a,3349,SetPiece,2022,Head,19395,Freiburg,Borussia M.Gladbach,0,0,2022-09-11 15:30:00,Jonas Hofmann,Aerial
1697,488892,50,MissedShots,0.8819999694824219,0.6809999847412109,0.07089880108833313,Ramy Bensebaini,h,3349,OpenPlay,2022,LeftFoot,19401,Borussia M.Gladbach,RasenBallsport Leipzig,3,0,2022-09-17 16:30:00,Christoph Kramer,Chipped
1698,488894,52,Goal,0.9259999847412109,0.5,0.37485700845718384,Ramy Bensebaini,h,3349,FromCorner,2022,LeftFoot,19401,Borussia M.Gladbach,RasenBallsport Leipzig,3,0,2022-09-17 16:30:00,Lars Stindl,Chipped
1699,490328,36,OwnGoal,0.06900000095367431,0.52,0,Ramy Bensebaini,a,3349,OpenPlay,2022,LeftFoot,19413,Werder Bremen,Borussia M.Gladbach,5,1,2022-10-01 16:30:00,,Clearance
1700,492213,10,BlockedShot,0.784000015258789,0.37,0.0823507010936737,Ramy Bensebaini,h,3349,DirectFreekick,2022,LeftFoot,19418,Borussia M.Gladbach,FC Cologne,5,2,2022-10-09 13:30:00,,Standard
1701,492218,46,Goal,0.885,0.5,0.7577769756317139,Ramy Bensebaini,h,3349,Penalty,2022,LeftFoot,19418,Borussia M.Gladbach,FC Cologne,5,2,2022-10-09 13:30:00,,Standard
1702,492224,75,Goal,0.95,0.4979999923706055,0.7060440182685852,Ramy Bensebaini,h,3349,OpenPlay,2022,LeftFoot,19418,Borussia M.Gladbach,FC Cologne,5,2,2022-10-09 13:30:00,Jonas Hofmann,Pass
1703,493017,81,SavedShot,0.8169999694824219,0.515,0.16836099326610565,Ramy Bensebaini,a,3349,DirectFreekick,2022,LeftFoot,19428,Wolfsburg,Borussia M.Gladbach,2,2,2022-10-15 13:30:00,,Standard
1704,493018,83,MissedShots,0.9430000305175781,0.5370000076293945,0.06944649666547775,Ramy Bensebaini,a,3349,FromCorner,2022,Head,19428,Wolfsburg,Borussia M.Gladbach,2,2,2022-10-15 13:30:00,Jonas Hofmann,Aerial
1705,495201,59,MissedShots,0.8630000305175781,0.56,0.06625380367040634,Ramy Bensebaini,h,3349,FromCorner,2022,RightFoot,19437,Borussia M.Gladbach,Eintracht Frankfurt,1,3,2022-10-22 16:30:00,,None
1706,497645,9,SavedShot,0.9069999694824219,0.6819999694824219,0.07152319699525833,Ramy Bensebaini,h,3349,OpenPlay,2022,LeftFoot,19453,Borussia M.Gladbach,VfB Stuttgart,3,1,2022-11-04 18:30:00,,None
1707,497657,44,BlockedShot,0.7280000305175781,0.49,0.01979999989271164,Ramy Bensebaini,h,3349,OpenPlay,2022,LeftFoot,19453,Borussia M.Gladbach,VfB Stuttgart,3,1,2022-11-04 18:30:00,Marcus Thuram,Pass
1708,497668,88,MissedShots,0.3679999923706055,0.9480000305175781,0.009594409726560116,Ramy Bensebaini,h,3349,OpenPlay,2022,LeftFoot,19453,Borussia M.Gladbach,VfB Stuttgart,3,1,2022-11-04 18:30:00,Kouadio Kone,Interception
1709,499150,27,MissedShots,0.925,0.485,0.05992940068244934,Ramy Bensebaini,a,3349,FromCorner,2022,Head,19465,Bochum,Borussia M.Gladbach,2,1,2022-11-08 19:30:00,,None
1710,499155,45,MissedShots,0.919000015258789,0.47700000762939454,0.36088699102401733,Ramy Bensebaini,a,3349,SetPiece,2022,Head,19465,Bochum,Borussia M.Gladbach,2,1,2022-11-08 19:30:00,Christoph Kramer,Cross
1711,499749,25,Goal,0.9419999694824219,0.49900001525878906,0.520501971244812,Ramy Bensebaini,h,3349,SetPiece,2022,Head,19472,Borussia M.Gladbach,Borussia Dortmund,4,2,2022-11-11 19:30:00,Jonas Hofmann,Cross
1712,499762,53,MissedShots,0.9419999694824219,0.44099998474121094,0.11524300277233124,Ramy Bensebaini,h,3349,FromCorner,2022,Head,19472,Borussia M.Gladbach,Borussia Dortmund,4,2,2022-11-11 19:30:00,Jonas Hofmann,Cross
1713,505058,53,BlockedShot,0.785,0.6,0.030639799311757088,Ramy Bensebaini,h,3349,OpenPlay,2022,RightFoot,19481,Borussia M.Gladbach,Bayer Leverkusen,2,3,2023-01-22 16:30:00,Kouadio Kone,BallTouch
1714,505727,66,MissedShots,0.9359999847412109,0.4929999923706055,0.06993740051984787,Ramy Bensebaini,a,3349,FromCorner,2022,Head,19500,Hoffenheim,Borussia M.Gladbach,1,4,2023-01-28 14:30:00,Jonas Hofmann,Aerial
1715,507341,1,BlockedShot,0.8780000305175781,0.7,0.023251699283719063,Ramy Bensebaini,h,3349,OpenPlay,2022,LeftFoot,19507,Borussia M.Gladbach,Schalke 04,0,0,2023-02-04 17:30:00,Joe Scally,Cross
1716,509589,33,BlockedShot,0.88,0.5070000076293946,0.024418700486421585,Ramy Bensebaini,h,3349,FromCorner,2022,Head,19525,Borussia M.Gladbach,Bayern Munich,3,2,2023-02-18 14:30:00,Jonas Hofmann,Foul
1717,509600,56,ShotOnPost,0.8780000305175781,0.5570000076293945,0.11252699792385101,Ramy Bensebaini,h,3349,OpenPlay,2022,LeftFoot,19525,Borussia M.Gladbach,Bayern Munich,3,2,2023-02-18 14:30:00,,Rebound
1718,512004,35,BlockedShot,0.8980000305175782,0.5690000152587891,0.04500630125403404,Ramy Bensebaini,h,3349,FromCorner,2022,Head,19544,Borussia M.Gladbach,Freiburg,0,0,2023-03-04 14:30:00,Jonas Hofmann,Cross
1719,516992,33,SavedShot,0.7519999694824219,0.40599998474121096,0.06409689784049988,Ramy Bensebaini,a,3349,DirectFreekick,2022,LeftFoot,19569,FC Cologne,Borussia M.Gladbach,0,0,2023-04-02 13:30:00,,Standard
1720,517003,79,MissedShots,0.7869999694824219,0.6680000305175782,0.01794159971177578,Ramy Bensebaini,a,3349,OpenPlay,2022,LeftFoot,19569,FC Cologne,Borussia M.Gladbach,0,0,2023-04-02 13:30:00,Marcus Thuram,Rebound
1721,518662,52,MissedShots,0.8009999847412109,0.5109999847412109,0.03797709941864014,Ramy Bensebaini,h,3349,SetPiece,2022,LeftFoot,19581,Borussia M.Gladbach,Wolfsburg,2,0,2023-04-09 13:30:00,Lars Stindl,Pass
1722,521723,33,BlockedShot,0.8130000305175781,0.500999984741211,0.04387276992201805,Ramy Bensebaini,h,3349,SetPiece,2022,LeftFoot,19599,Borussia M.Gladbach,Union Berlin,0,1,2023-04-23 17:30:00,Lars Stindl,Pass
1723,524471,37,MissedShots,0.9230000305175782,0.49900001525878906,0.11364171653985977,Ramy Bensebaini,h,3349,FromCorner,2022,Head,19617,Borussia M.Gladbach,Bochum,2,0,2023-05-06 13:30:00,Jonas Hofmann,Cross
1724,524493,83,MissedShots,0.9,0.4879999923706055,0.023358546197414398,Ramy Bensebaini,h,3349,FromCorner,2022,Head,19617,Borussia M.Gladbach,Bochum,2,0,2023-05-06 13:30:00,Jonas Hofmann,Aerial
1725,524496,89,ShotOnPost,0.894000015258789,0.5329999923706055,0.05390017479658127,Ramy Bensebaini,h,3349,FromCorner,2022,Head,19617,Borussia M.Gladbach,Bochum,2,0,2023-05-06 13:30:00,Jonas Hofmann,Cross
1726,526195,11,SavedShot,0.8519999694824218,0.6190000152587891,0.07404273748397827,Ramy Bensebaini,a,3349,OpenPlay,2022,RightFoot,19622,Borussia Dortmund,Borussia M.Gladbach,5,2,2023-05-13 16:30:00,Hannes Wolf,TakeOn
1727,526224,74,Goal,0.885,0.5,0.75777667760849,Ramy Bensebaini,a,3349,Penalty,2022,LeftFoot,19622,Borussia Dortmund,Borussia M.Gladbach,5,2,2023-05-13 16:30:00,,Standard
1728,526230,87,SavedShot,0.9080000305175782,0.5579999923706055,0.07459665089845657,Ramy Bensebaini,a,3349,FromCorner,2022,Head,19622,Borussia Dortmund,Borussia M.Gladbach,5,2,2023-05-13 16:30:00,Stefan Lainer,Cross
1729,529091,45,SavedShot,0.7280000305175781,0.7390000152587891,0.0172874853014946,Ramy Bensebaini,h,3349,OpenPlay,2022,LeftFoot,19643,Borussia M.Gladbach,Augsburg,2,0,2023-05-27 13:30:00,Julian Weigl,Pass
1730,529093,50,MissedShots,0.9030000305175782,0.48900001525878906,0.0744948610663414,Ramy Bensebaini,h,3349,FromCorner,2022,Head,19643,Borussia M.Gladbach,Augsburg,2,0,2023-05-27 13:30:00,Jonas Hofmann,Cross
1731,534589,39,MissedShots,0.799000015258789,0.6930000305175781,0.023702798411250114,Ramy Bensebaini,a,3349,OpenPlay,2023,RightFoot,23077,Bochum,Borussia Dortmund,1,1,2023-08-26 13:30:00,Felix Nmecha,Pass
1732,535802,1,MissedShots,0.6569999694824219,0.4759999847412109,0.010451080277562141,Ramy Bensebaini,h,3349,OpenPlay,2023,LeftFoot,23083,Borussia Dortmund,FC Heidenheim,2,2,2023-09-01 18:30:00,Emre Can,BallRecovery
1733,535822,57,MissedShots,0.9359999847412109,0.5690000152587891,0.5716216564178467,Ramy Bensebaini,h,3349,OpenPlay,2023,LeftFoot,23083,Borussia Dortmund,FC Heidenheim,2,2,2023-09-01 18:30:00,,None
1734,535826,61,MissedShots,0.79,0.605,0.03316476196050644,Ramy Bensebaini,h,3349,OpenPlay,2023,RightFoot,23083,Borussia Dortmund,FC Heidenheim,2,2,2023-09-01 18:30:00,,Rebound
1735,537543,5,MissedShots,0.9159999847412109,0.38799999237060545,0.07716131210327148,Ramy Bensebaini,a,3349,FromCorner,2023,LeftFoot,23094,Freiburg,Borussia Dortmund,2,4,2023-09-16 13:30:00,,None
1736,537553,44,BlockedShot,0.899000015258789,0.47400001525878904,0.021419061347842216,Ramy Bensebaini,a,3349,FromCorner,2023,Head,23094,Freiburg,Borussia Dortmund,2,4,2023-09-16 13:30:00,Julian Brandt,Aerial
1737,538997,62,MissedShots,0.745,0.7169999694824218,0.01566947251558304,Ramy Bensebaini,h,3349,OpenPlay,2023,LeftFoot,23105,Borussia Dortmund,Wolfsburg,1,0,2023-09-23 13:30:00,Salih Özcan,Pass
1738,543609,91,MissedShots,0.8680000305175781,0.725,0.05496055632829666,Ramy Bensebaini,h,3349,OpenPlay,2023,LeftFoot,23128,Borussia Dortmund,Werder Bremen,1,0,2023-10-20 18:30:00,Nico Schlotterbeck,Chipped
1739,546140,22,MissedShots,0.935,0.54,0.42139142751693726,Ramy Bensebaini,a,3349,SetPiece,2023,Head,23140,Eintracht Frankfurt,Borussia Dortmund,3,3,2023-10-29 14:30:00,Donyell Malen,Chipped
1740,546151,50,MissedShots,0.735999984741211,0.6780000305175782,0.012237489223480225,Ramy Bensebaini,a,3349,OpenPlay,2023,RightFoot,23140,Eintracht Frankfurt,Borussia Dortmund,3,3,2023-10-29 14:30:00,,None
1741,549618,25,MissedShots,0.915,0.534000015258789,0.050369683653116226,Ramy Bensebaini,h,3349,OpenPlay,2023,Head,23164,Borussia Dortmund,Borussia M.Gladbach,4,2,2023-11-25 14:30:00,Mats Hummels,Aerial
1742,549636,84,MissedShots,0.9359999847412109,0.4620000076293945,0.06577254831790924,Ramy Bensebaini,h,3349,FromCorner,2023,Head,23164,Borussia Dortmund,Borussia M.Gladbach,4,2,2023-11-25 14:30:00,,Aerial
1743,553141,31,OwnGoal,0.06699999809265136,0.5209999847412109,0,Ramy Bensebaini,h,3349,FromCorner,2023,Head,23182,Borussia Dortmund,RasenBallsport Leipzig,2,3,2023-12-09 17:30:00,,CornerAwarded
1744,554160,8,MissedShots,0.955,0.5379999923706055,0.1438976377248764,Ramy Bensebaini,a,3349,FromCorner,2023,LeftFoot,23198,Augsburg,Borussia Dortmund,1,1,2023-12-16 14:30:00,Nico Schlotterbeck,Pass
1745,554192,85,BlockedShot,0.745999984741211,0.55,0.021342167630791664,Ramy Bensebaini,a,3349,OpenPlay,2023,RightFoot,23198,Augsburg,Borussia Dortmund,1,1,2023-12-16 14:30:00,Julian Brandt,Pass
1746,555250,4,BlockedShot,0.96,0.6129999923706054,0.06788633018732071,Ramy Bensebaini,h,3349,FromCorner,2023,LeftFoot,23200,Borussia Dortmund,Mainz 05,1,1,2023-12-19 19:30:00,Mats Hummels,BallTouch
1747,568247,95,MissedShots,0.895,0.675,0.07692959904670715,Ramy Bensebaini,a,3349,OpenPlay,2023,LeftFoot,23286,Werder Bremen,Borussia Dortmund,1,2,2024-03-09 17:30:00,Salih Özcan,Pass
1748,590347,2,SavedShot,0.8930000305175781,0.36200000762939455,0.011930749751627445,Ramy Bensebaini,h,3349,SetPiece,2024,Head,27760,Borussia Dortmund,FC Heidenheim,4,2,2024-09-13 18:30:00,,Aerial
1749,593675,87,BlockedShot,0.845999984741211,0.5609999847412109,0.10854528099298477,Ramy Bensebaini,h,3349,OpenPlay,2024,RightFoot,27778,Borussia Dortmund,Bochum,4,2,2024-09-27 18:30:00,Maximilian Beier,Pass
1750,596638,38,MissedShots,0.9259999847412109,0.43400001525878906,0.047831058502197266,Ramy Bensebaini,h,3349,FromCorner,2024,Head,27798,Borussia Dortmund,St. Pauli,2,1,2024-10-18 18:30:00,,None
1751,596640,42,Goal,0.8719999694824219,0.590999984741211,0.024715211242437363,Ramy Bensebaini,h,3349,OpenPlay,2024,Head,27798,Borussia Dortmund,St. Pauli,2,1,2024-10-18 18:30:00,,None
1752,598326,22,BlockedShot,0.919000015258789,0.6969999694824218,0.06500358134508133,Ramy Bensebaini,a,3349,OpenPlay,2024,LeftFoot,27809,Augsburg,Borussia Dortmund,2,1,2024-10-26 13:30:00,Julian Brandt,Pass
1753,598345,89,BlockedShot,0.715,0.4759999847412109,0.017023852095007896,Ramy Bensebaini,a,3349,OpenPlay,2024,LeftFoot,27809,Augsburg,Borussia Dortmund,2,1,2024-10-26 13:30:00,Jamie Bynoe-Gittens,Pass
1754,600273,15,MissedShots,0.79,0.6809999847412109,0.02510775998234749,Ramy Bensebaini,h,3349,OpenPlay,2024,LeftFoot,27816,Borussia Dortmund,RasenBallsport Leipzig,2,1,2024-11-02 17:30:00,Maximilian Beier,Pass
1755,600281,35,MissedShots,0.9069999694824219,0.5690000152587891,0.026747416704893112,Ramy Bensebaini,h,3349,SetPiece,2024,Head,27816,Borussia Dortmund,RasenBallsport Leipzig,2,1,2024-11-02 17:30:00,Pascal Groß,Aerial
1756,606051,72,BlockedShot,0.9290000152587891,0.5620000076293945,0.05555276200175285,Ramy Bensebaini,a,3349,OpenPlay,2024,Head,27854,Borussia M.Gladbach,Borussia Dortmund,1,1,2024-12-07 17:30:00,Julian Ryerson,Aerial
1757,336407,77,MissedShots,0.9530000305175781,0.49900001525878906,0.5814499855041504,Julian Ryerson,h,7997,OpenPlay,2019,RightFoot,12528,Union Berlin,FC Cologne,2,0,2019-12-08 14:30:00,Marius Bülter,Cross
1758,363554,27,BlockedShot,0.7390000152587891,0.645,0.01721080020070076,Julian Ryerson,h,7997,OpenPlay,2019,LeftFoot,12651,Union Berlin,Mainz 05,1,1,2020-05-27 18:30:00,Marcus Ingvartsen,Pass
1759,378763,81,MissedShots,0.6559999847412109,0.47900001525878905,0.007683400064706802,Julian Ryerson,a,7997,SetPiece,2020,RightFoot,14186,Borussia M.Gladbach,Union Berlin,1,1,2020-09-26 13:30:00,,None
1760,391757,93,MissedShots,0.750999984741211,0.53,0.02409910038113594,Julian Ryerson,h,7997,OpenPlay,2020,RightFoot,15236,Union Berlin,Bayern Munich,1,1,2020-12-12 17:30:00,Keita Endo,Pass
1761,401582,80,MissedShots,0.8930000305175781,0.36,0.0660059005022049,Julian Ryerson,h,7997,OpenPlay,2020,RightFoot,15307,Union Berlin,Borussia M.Gladbach,1,1,2021-01-30 14:30:00,,Rebound
1762,409135,0,BlockedShot,0.7819999694824219,0.5420000076293945,0.034683700650930405,Julian Ryerson,a,7997,OpenPlay,2020,RightFoot,15350,Arminia Bielefeld,Union Berlin,0,0,2021-03-07 17:00:00,Christopher Trimmel,Pass
1763,411367,79,BlockedShot,0.870999984741211,0.6769999694824219,0.06166410073637962,Julian Ryerson,a,7997,OpenPlay,2020,LeftFoot,15368,Eintracht Frankfurt,Union Berlin,5,2,2021-03-20 14:30:00,Cedric Teuchert,Pass
1764,413275,11,ShotOnPost,0.8730000305175781,0.7040000152587891,0.058707401156425476,Julian Ryerson,h,7997,OpenPlay,2020,RightFoot,15379,Union Berlin,Hertha Berlin,1,1,2021-04-04 16:00:00,,None
1765,429237,66,BlockedShot,0.7769999694824219,0.425,0.0314490981400013,Julian Ryerson,h,7997,OpenPlay,2021,LeftFoot,17541,Union Berlin,Borussia M.Gladbach,2,1,2021-08-29 13:30:00,Levin Öztunali,Pass
1766,429238,67,MissedShots,0.7469999694824219,0.715,0.019925599917769432,Julian Ryerson,h,7997,FromCorner,2021,RightFoot,17541,Union Berlin,Borussia M.Gladbach,2,1,2021-08-29 13:30:00,Christopher Trimmel,Cross
1767,432007,55,SavedShot,0.915,0.46,0.30248600244522095,Julian Ryerson,a,7997,OpenPlay,2021,Head,17559,Borussia Dortmund,Union Berlin,4,2,2021-09-19 15:30:00,Max Kruse,Cross
1768,432011,67,SavedShot,0.875,0.265,0.03342929854989052,Julian Ryerson,a,7997,OpenPlay,2021,RightFoot,17559,Borussia Dortmund,Union Berlin,4,2,2021-09-19 15:30:00,Cedric Teuchert,Pass
1769,433283,83,BlockedShot,0.91,0.29100000381469726,0.024244800209999084,Julian Ryerson,h,7997,OpenPlay,2021,RightFoot,17562,Union Berlin,Arminia Bielefeld,1,0,2021-09-25 13:30:00,Max Kruse,Cross
1770,435561,48,BlockedShot,0.8690000152587891,0.49900001525878906,0.08024179935455322,Julian Ryerson,a,7997,OpenPlay,2021,RightFoot,17573,Mainz 05,Union Berlin,1,2,2021-10-03 13:30:00,,Rebound
1771,435560,48,BlockedShot,0.875999984741211,0.509000015258789,0.0730689987540245,Julian Ryerson,a,7997,OpenPlay,2021,LeftFoot,17573,Mainz 05,Union Berlin,1,2,2021-10-03 13:30:00,,None
1772,436091,4,MissedShots,0.9180000305175782,0.4540000152587891,0.05501509830355644,Julian Ryerson,h,7997,OpenPlay,2021,Head,17584,Union Berlin,Wolfsburg,2,0,2021-10-16 13:30:00,Max Kruse,Aerial
1773,439552,64,Goal,0.925,0.49200000762939455,0.45466500520706177,Julian Ryerson,h,7997,OpenPlay,2021,LeftFoot,17602,Union Berlin,Bayern Munich,2,5,2021-10-30 13:30:00,Kevin Behrens,Pass
1774,441882,8,Goal,0.8130000305175781,0.3579999923706055,0.037607599049806595,Julian Ryerson,a,7997,OpenPlay,2021,RightFoot,17608,FC Cologne,Union Berlin,2,2,2021-11-07 16:30:00,Niko Gießelmann,Pass
1775,444747,92,SavedShot,0.745,0.504000015258789,0.016671599820256233,Julian Ryerson,a,7997,OpenPlay,2021,LeftFoot,17629,Eintracht Frankfurt,Union Berlin,2,1,2021-11-28 14:30:00,Sheraldo Becker,Chipped
1776,445861,83,MissedShots,0.7659999847412109,0.34,0.024515900760889053,Julian Ryerson,h,7997,FromCorner,2021,RightFoot,17639,Union Berlin,RasenBallsport Leipzig,2,1,2021-12-03 19:30:00,Niko Gießelmann,Cross
1777,448379,63,MissedShots,0.7319999694824219,0.445,0.025770900771021843,Julian Ryerson,a,7997,FromCorner,2021,RightFoot,17642,Greuther Fuerth,Union Berlin,1,0,2021-12-12 14:30:00,Genki Haraguchi,Pass
1778,458214,42,SavedShot,0.87,0.5059999847412109,0.027070200070738792,Julian Ryerson,a,7997,OpenPlay,2021,Head,17715,Arminia Bielefeld,Union Berlin,1,0,2022-02-19 14:30:00,Bastian Oczipka,Aerial
1779,460922,34,MissedShots,0.88,0.6819999694824219,0.03846770152449608,Julian Ryerson,a,7997,FromCorner,2021,LeftFoot,17738,Wolfsburg,Union Berlin,1,0,2022-03-05 14:30:00,,None
1780,464906,77,MissedShots,0.860999984741211,0.5870000076293945,0.025501299649477005,Julian Ryerson,h,7997,OpenPlay,2021,Head,17764,Union Berlin,FC Cologne,1,0,2022-04-01 18:30:00,,None
1781,473066,45,BlockedShot,0.6880000305175781,0.4279999923706055,0.016183100640773773,Julian Ryerson,a,7997,OpenPlay,2021,RightFoot,17809,Freiburg,Union Berlin,1,4,2022-05-07 13:30:00,Genki Haraguchi,Pass
1782,479121,18,MissedShots,0.705,0.659000015258789,0.011883700266480446,Julian Ryerson,h,7997,OpenPlay,2022,RightFoot,19343,Union Berlin,Hertha Berlin,3,1,2022-08-06 13:30:00,Jordan Siebatcheu,Pass
1783,479122,20,BlockedShot,0.7340000152587891,0.5970000076293945,0.011313900351524353,Julian Ryerson,h,7997,SetPiece,2022,RightFoot,19343,Union Berlin,Hertha Berlin,3,1,2022-08-06 13:30:00,,None
1784,479123,26,SavedShot,0.7909999847412109,0.7080000305175781,0.01957309991121292,Julian Ryerson,h,7997,OpenPlay,2022,RightFoot,19343,Union Berlin,Hertha Berlin,3,1,2022-08-06 13:30:00,Robin Knoche,Chipped
1785,479128,37,SavedShot,0.8680000305175781,0.6179999923706054,0.30543598532676697,Julian Ryerson,h,7997,OpenPlay,2022,LeftFoot,19343,Union Berlin,Hertha Berlin,3,1,2022-08-06 13:30:00,Jordan Siebatcheu,Pass
1786,480907,52,MissedShots,0.7190000152587891,0.38599998474121094,0.019117500633001328,Julian Ryerson,a,7997,OpenPlay,2022,LeftFoot,19358,Mainz 05,Union Berlin,0,0,2022-08-14 13:30:00,Genki Haraguchi,Pass
1787,480911,58,BlockedShot,0.8040000152587891,0.295,0.014872999861836433,Julian Ryerson,a,7997,OpenPlay,2022,LeftFoot,19358,Mainz 05,Union Berlin,0,0,2022-08-14 13:30:00,Sheraldo Becker,Cross
1788,482053,14,BlockedShot,0.8630000305175781,0.4909999847412109,0.07105520367622375,Julian Ryerson,h,7997,OpenPlay,2022,RightFoot,19366,Union Berlin,RasenBallsport Leipzig,2,1,2022-08-20 16:30:00,Janik Haberer,HeadPass
1789,482070,76,MissedShots,0.769000015258789,0.73,0.016695400699973106,Julian Ryerson,h,7997,OpenPlay,2022,RightFoot,19366,Union Berlin,RasenBallsport Leipzig,2,1,2022-08-20 16:30:00,Genki Haraguchi,Pass
1790,488029,82,BlockedShot,0.815,0.5209999847412109,0.04658680036664009,Julian Ryerson,a,7997,OpenPlay,2022,RightFoot,19394,FC Cologne,Union Berlin,0,1,2022-09-11 13:30:00,,TakeOn
1791,488030,94,SavedShot,0.7680000305175781,0.7069999694824218,0.02313919924199581,Julian Ryerson,a,7997,FromCorner,2022,RightFoot,19394,FC Cologne,Union Berlin,0,1,2022-09-11 13:30:00,Diogo Leite,Pass
1792,492481,50,MissedShots,0.735,0.6140000152587891,0.014650999568402767,Julian Ryerson,a,7997,FromCorner,2022,RightFoot,19421,VfB Stuttgart,Union Berlin,0,1,2022-10-09 17:30:00,,None
1793,493816,28,MissedShots,0.8580000305175781,0.7240000152587891,0.05025729909539223,Julian Ryerson,h,7997,OpenPlay,2022,RightFoot,19425,Union Berlin,Borussia Dortmund,2,0,2022-10-16 15:30:00,Diogo Leite,Pass
1794,497273,68,SavedShot,0.720999984741211,0.475,0.01084230002015829,Julian Ryerson,h,7997,SetPiece,2022,RightFoot,19443,Union Berlin,Borussia M.Gladbach,2,1,2022-10-30 14:30:00,,None
1795,498727,1,SavedShot,0.754000015258789,0.654000015258789,0.017590299248695374,Julian Ryerson,a,7997,OpenPlay,2022,RightFoot,19458,Bayer Leverkusen,Union Berlin,5,0,2022-11-06 14:30:00,Morten Thorsby,Pass
1796,498740,65,BlockedShot,0.9059999847412109,0.6609999847412109,0.08189229667186737,Julian Ryerson,a,7997,OpenPlay,2022,RightFoot,19458,Bayer Leverkusen,Union Berlin,5,0,2022-11-06 14:30:00,,TakeOn
1797,499488,84,MissedShots,0.8440000152587891,0.705999984741211,0.03804229944944382,Julian Ryerson,h,7997,OpenPlay,2022,RightFoot,19461,Union Berlin,Augsburg,2,2,2022-11-09 19:30:00,,BallRecovery
1798,504988,26,MissedShots,0.720999984741211,0.3,0.009425019845366478,Julian Ryerson,h,7997,OpenPlay,2022,RightFoot,19477,Borussia Dortmund,Augsburg,4,3,2023-01-22 14:30:00,,None
1799,505430,3,Goal,0.7269999694824218,0.325,0.010153899900615215,Julian Ryerson,a,7997,OpenPlay,2022,LeftFoot,19489,Mainz 05,Borussia Dortmund,1,2,2023-01-25 17:30:00,Niklas Süle,Chipped
1800,506305,72,MissedShots,0.7480000305175781,0.649000015258789,0.010981500148773193,Julian Ryerson,a,7997,OpenPlay,2022,RightFoot,19496,Bayer Leverkusen,Borussia Dortmund,0,2,2023-01-29 16:30:00,,Aerial
1801,508258,11,MissedShots,0.79,0.4879999923706055,0.0572546012699604,Julian Ryerson,a,7997,OpenPlay,2022,LeftFoot,19521,Werder Bremen,Borussia Dortmund,0,2,2023-02-11 14:30:00,Giovanni Reyna,Pass
1802,508276,82,SavedShot,0.86,0.305,0.05454619973897934,Julian Ryerson,a,7997,OpenPlay,2022,RightFoot,19521,Werder Bremen,Borussia Dortmund,0,2,2023-02-11 14:30:00,Emre Can,Pass
1803,513712,4,MissedShots,0.8919999694824219,0.385,0.08404839783906937,Julian Ryerson,a,7997,OpenPlay,2022,RightFoot,19556,Schalke 04,Borussia Dortmund,2,2,2023-03-11 17:30:00,Sébastien Haller,BallTouch
1804,515248,61,MissedShots,0.8909999847412109,0.6990000152587891,0.06544700264930725,Julian Ryerson,h,7997,OpenPlay,2022,RightFoot,19558,Borussia Dortmund,FC Cologne,6,1,2023-03-18 17:30:00,Raphael Guerreiro,Pass
1805,516610,33,MissedShots,0.8569999694824219,0.685,0.016453100368380547,Julian Ryerson,a,7997,OpenPlay,2022,RightFoot,19574,Bayern Munich,Borussia Dortmund,4,2,2023-04-01 16:30:00,Raphael Guerreiro,HeadPass
1806,525175,21,SavedShot,0.8090000152587891,0.645,0.05195759981870651,Julian Ryerson,h,7997,OpenPlay,2022,RightFoot,19612,Borussia Dortmund,Wolfsburg,6,0,2023-05-07 15:30:00,Karim Adeyemi,BallRecovery
1807,528164,52,BlockedShot,0.7680000305175781,0.7090000152587891,0.013485987670719624,Julian Ryerson,a,7997,FromCorner,2022,LeftFoot,19635,Augsburg,Borussia Dortmund,0,3,2023-05-21 15:30:00,Julian Brandt,TakeOn
1808,538992,54,BlockedShot,0.884000015258789,0.3039999961853027,0.05059276893734932,Julian Ryerson,h,7997,OpenPlay,2023,RightFoot,23105,Borussia Dortmund,Wolfsburg,1,0,2023-09-23 13:30:00,Felix Nmecha,Pass
1809,539005,92,MissedShots,0.7519999694824219,0.3039999961853027,0.012232830747961998,Julian Ryerson,h,7997,SetPiece,2023,RightFoot,23105,Borussia Dortmund,Wolfsburg,1,0,2023-09-23 13:30:00,,Rebound
1810,540715,29,MissedShots,0.9219999694824219,0.295,0.04964521527290344,Julian Ryerson,a,7997,OpenPlay,2023,RightFoot,23110,Hoffenheim,Borussia Dortmund,1,3,2023-09-29 18:30:00,Ramy Bensebaini,Chipped
1811,540728,94,Goal,0.885,0.6229999923706054,0.32819145917892456,Julian Ryerson,a,7997,OpenPlay,2023,RightFoot,23110,Hoffenheim,Borussia Dortmund,1,3,2023-09-29 18:30:00,,TakeOn
1812,542610,70,Goal,0.769000015258789,0.5420000076293945,0.04157080501317978,Julian Ryerson,h,7997,OpenPlay,2023,RightFoot,23120,Borussia Dortmund,Union Berlin,4,2,2023-10-07 13:30:00,,None
1813,543587,23,SavedShot,0.794000015258789,0.725999984741211,0.01690857857465744,Julian Ryerson,h,7997,OpenPlay,2023,RightFoot,23128,Borussia Dortmund,Werder Bremen,1,0,2023-10-20 18:30:00,,None
1814,543589,30,BlockedShot,0.7880000305175782,0.57,0.034387700259685516,Julian Ryerson,h,7997,OpenPlay,2023,RightFoot,23128,Borussia Dortmund,Werder Bremen,1,0,2023-10-20 18:30:00,,None
1815,547016,11,MissedShots,0.7809999847412109,0.6940000152587891,0.019243044778704643,Julian Ryerson,h,7997,OpenPlay,2023,RightFoot,23146,Borussia Dortmund,Bayern Munich,0,4,2023-11-04 17:30:00,Marco Reus,Pass
1816,549609,1,BlockedShot,0.765,0.3270000076293945,0.021098507568240166,Julian Ryerson,h,7997,OpenPlay,2023,RightFoot,23164,Borussia Dortmund,Borussia M.Gladbach,4,2,2023-11-25 14:30:00,Julian Brandt,Pass
1817,551932,4,Goal,0.9309999847412109,0.545,0.5677531361579895,Julian Ryerson,a,7997,OpenPlay,2023,LeftFoot,23175,Bayer Leverkusen,Borussia Dortmund,1,1,2023-12-03 16:30:00,Niclas Füllkrug,Pass
1818,562163,55,MissedShots,0.9309999847412109,0.46700000762939453,0.4988032579421997,Julian Ryerson,h,7997,OpenPlay,2023,RightFoot,23246,Borussia Dortmund,Freiburg,3,0,2024-02-09 19:30:00,Donyell Malen,Cross
1819,563722,21,SavedShot,0.8419999694824218,0.3220000076293945,0.05124286562204361,Julian Ryerson,a,7997,OpenPlay,2023,RightFoot,23256,Wolfsburg,Borussia Dortmund,1,1,2024-02-17 14:30:00,Marco Reus,Pass
1820,571004,82,Goal,0.8590000152587891,0.3659999847412109,0.08624202758073807,Julian Ryerson,a,7997,OpenPlay,2023,RightFoot,23299,Bayern Munich,Borussia Dortmund,0,2,2024-03-30 17:30:00,Sébastien Haller,Pass
1821,573530,76,MissedShots,0.7709999847412109,0.7230000305175781,0.025908268988132477,Julian Ryerson,a,7997,OpenPlay,2023,RightFoot,23321,Borussia M.Gladbach,Borussia Dortmund,1,2,2024-04-13 13:30:00,Felix Nmecha,Pass
1822,573532,86,BlockedShot,0.835,0.38299999237060545,0.0667911246418953,Julian Ryerson,a,7997,OpenPlay,2023,RightFoot,23321,Borussia M.Gladbach,Borussia Dortmund,1,2,2024-04-13 13:30:00,,None
1823,575664,15,MissedShots,0.7330000305175781,0.4179999923706055,0.019573749974370003,Julian Ryerson,h,7997,OpenPlay,2023,RightFoot,23326,Borussia Dortmund,Bayer Leverkusen,1,1,2024-04-21 15:30:00,Jamie Bynoe-Gittens,Pass
1824,576704,48,SavedShot,0.92,0.6320000076293946,0.0960720032453537,Julian Ryerson,a,7997,OpenPlay,2023,LeftFoot,23336,RasenBallsport Leipzig,Borussia Dortmund,4,1,2024-04-27 13:30:00,Jadon Sancho,Pass
1825,581478,68,SavedShot,0.825999984741211,0.6430000305175781,0.08110566437244415,Julian Ryerson,h,7997,OpenPlay,2023,RightFoot,23362,Borussia Dortmund,Darmstadt,4,0,2024-05-18 13:30:00,Jadon Sancho,TakeOn
1826,586336,61,BlockedShot,0.9080000305175782,0.3060000038146973,0.04544944316148758,Julian Ryerson,h,7997,OpenPlay,2024,RightFoot,27748,Borussia Dortmund,Eintracht Frankfurt,2,0,2024-08-24 16:30:00,,Rebound
1827,593646,7,MissedShots,0.865999984741211,0.7230000305175781,0.034211788326501846,Julian Ryerson,h,7997,OpenPlay,2024,RightFoot,27778,Borussia Dortmund,Bochum,4,2,2024-09-27 18:30:00,Pascal Groß,Pass
1828,595398,61,Goal,0.860999984741211,0.6430000305175781,0.063902348279953,Julian Ryerson,a,7997,OpenPlay,2024,RightFoot,27791,Union Berlin,Borussia Dortmund,2,1,2024-10-05 13:30:00,Julian Brandt,Pass
1829,595399,72,SavedShot,0.815,0.485,0.04764930531382561,Julian Ryerson,a,7997,OpenPlay,2024,RightFoot,27791,Union Berlin,Borussia Dortmund,2,1,2024-10-05 13:30:00,,None
1830,596632,21,SavedShot,0.86,0.295,0.03704550117254257,Julian Ryerson,h,7997,OpenPlay,2024,LeftFoot,27798,Borussia Dortmund,St. Pauli,2,1,2024-10-18 18:30:00,Julian Brandt,Pass
1831,596654,86,BlockedShot,0.87,0.3170000076293945,0.055829375982284546,Julian Ryerson,h,7997,OpenPlay,2024,RightFoot,27798,Borussia Dortmund,St. Pauli,2,1,2024-10-18 18:30:00,,Rebound
1832,602756,48,MissedShots,0.7619999694824219,0.33099998474121095,0.021600574254989624,Julian Ryerson,h,7997,OpenPlay,2024,RightFoot,27835,Borussia Dortmund,Freiburg,4,0,2024-11-23 14:30:00,,BallTouch
1833,354884,81,MissedShots,0.845999984741211,0.27399999618530274,0.056992799043655396,Giovanni Reyna,a,8191,OpenPlay,2019,RightFoot,12562,Augsburg,Borussia Dortmund,3,5,2020-01-18 14:30:00,Jadon Sancho,LayOff
1834,358143,56,BlockedShot,0.91,0.7169999694824218,0.04541270062327385,Giovanni Reyna,a,8191,OpenPlay,2019,RightFoot,12584,Bayer Leverkusen,Borussia Dortmund,4,3,2020-02-08 17:30:00,,None
1835,358144,57,SavedShot,0.8340000152587891,0.6459999847412109,0.05109870061278343,Giovanni Reyna,a,8191,OpenPlay,2019,LeftFoot,12584,Bayer Leverkusen,Borussia Dortmund,4,3,2020-02-08 17:30:00,Jadon Sancho,Pass
1836,363756,87,SavedShot,0.8880000305175781,0.2929999923706055,0.07226529717445374,Giovanni Reyna,a,8191,OpenPlay,2019,RightFoot,12663,Paderborn,Borussia Dortmund,1,6,2020-05-31 16:00:00,Jadon Sancho,Pass
1837,377673,34,Goal,0.9369999694824219,0.34,0.08096890151500702,Giovanni Reyna,h,8191,OpenPlay,2020,RightFoot,14179,Borussia Dortmund,Borussia M.Gladbach,3,0,2020-09-19 16:30:00,Jude Bellingham,Pass
1838,378807,86,MissedShots,0.875999984741211,0.725999984741211,0.034713201224803925,Giovanni Reyna,a,8191,OpenPlay,2020,RightFoot,14184,Augsburg,Borussia Dortmund,2,0,2020-09-26 13:30:00,Julian Brandt,Pass
1839,380488,33,MissedShots,0.8390000152587891,0.46099998474121096,0.09341520071029663,Giovanni Reyna,h,8191,OpenPlay,2020,LeftFoot,15162,Borussia Dortmund,Freiburg,4,0,2020-10-03 13:30:00,Jude Bellingham,Pass
1840,381762,6,BlockedShot,0.9130000305175782,0.5370000076293945,0.13683299720287323,Giovanni Reyna,a,8191,OpenPlay,2020,LeftFoot,15167,Hoffenheim,Borussia Dortmund,0,1,2020-10-17 13:30:00,Felix Passlack,Pass
1841,381767,34,BlockedShot,0.9730000305175781,0.605999984741211,0.35936298966407776,Giovanni Reyna,a,8191,OpenPlay,2020,LeftFoot,15167,Hoffenheim,Borussia Dortmund,0,1,2020-10-17 13:30:00,,None
1842,381773,52,SavedShot,0.735999984741211,0.6959999847412109,0.016246400773525238,Giovanni Reyna,a,8191,OpenPlay,2020,RightFoot,15167,Hoffenheim,Borussia Dortmund,0,1,2020-10-17 13:30:00,Jadon Sancho,Pass
1843,381781,84,MissedShots,0.8809999847412109,0.6020000076293945,0.1011039987206459,Giovanni Reyna,a,8191,OpenPlay,2020,RightFoot,15167,Hoffenheim,Borussia Dortmund,0,1,2020-10-17 13:30:00,Raphael Guerreiro,Pass
1844,383464,36,MissedShots,0.9530000305175781,0.5590000152587891,0.09021949768066406,Giovanni Reyna,h,8191,OpenPlay,2020,Head,15181,Borussia Dortmund,Schalke 04,3,0,2020-10-24 16:30:00,Thomas Meunier,Aerial
1845,383465,44,BlockedShot,0.87,0.720999984741211,0.03325289860367775,Giovanni Reyna,h,8191,OpenPlay,2020,RightFoot,15181,Borussia Dortmund,Schalke 04,3,0,2020-10-24 16:30:00,Jadon Sancho,Pass
1846,383471,68,BlockedShot,0.759000015258789,0.61,0.03041739948093891,Giovanni Reyna,h,8191,OpenPlay,2020,RightFoot,15181,Borussia Dortmund,Schalke 04,3,0,2020-10-24 16:30:00,Thomas Delaney,Pass
1847,386133,62,SavedShot,0.9030000305175782,0.6580000305175782,0.05610619857907295,Giovanni Reyna,h,8191,OpenPlay,2020,RightFoot,15200,Borussia Dortmund,Bayern Munich,2,3,2020-11-07 17:30:00,,None
1848,387581,82,SavedShot,0.9130000305175782,0.325,0.06965900212526321,Giovanni Reyna,a,8191,OpenPlay,2020,RightFoot,15209,Hertha Berlin,Borussia Dortmund,2,5,2020-11-21 19:30:00,,None
1849,387583,83,MissedShots,0.8059999847412109,0.4909999847412109,0.04393640160560608,Giovanni Reyna,a,8191,FromCorner,2020,RightFoot,15209,Hertha Berlin,Borussia Dortmund,2,5,2020-11-21 19:30:00,Julian Brandt,Pass
1850,390077,16,SavedShot,0.84,0.5790000152587891,0.07079769670963287,Giovanni Reyna,a,8191,OpenPlay,2020,RightFoot,15224,Eintracht Frankfurt,Borussia Dortmund,1,1,2020-12-05 14:30:00,Emre Can,Pass
1851,390081,35,BlockedShot,0.8109999847412109,0.6580000305175782,0.03023800067603588,Giovanni Reyna,a,8191,OpenPlay,2020,RightFoot,15224,Eintracht Frankfurt,Borussia Dortmund,1,1,2020-12-05 14:30:00,Nico Schulz,Pass
1852,390086,55,Goal,0.845,0.6359999847412109,0.05807020142674446,Giovanni Reyna,a,8191,OpenPlay,2020,RightFoot,15224,Eintracht Frankfurt,Borussia Dortmund,1,1,2020-12-05 14:30:00,Jadon Sancho,Pass
1853,390088,64,BlockedShot,0.8090000152587891,0.49900001525878906,0.05893059819936752,Giovanni Reyna,a,8191,OpenPlay,2020,RightFoot,15224,Eintracht Frankfurt,Borussia Dortmund,1,1,2020-12-05 14:30:00,Jadon Sancho,Pass
1854,391601,38,Goal,0.9019999694824219,0.6780000305175782,0.04642840102314949,Giovanni Reyna,h,8191,OpenPlay,2020,RightFoot,15230,Borussia Dortmund,VfB Stuttgart,1,5,2020-12-12 14:30:00,Raphael Guerreiro,Chipped
1855,392646,16,SavedShot,0.8180000305175781,0.6270000076293946,0.07358519732952118,Giovanni Reyna,a,8191,OpenPlay,2020,RightFoot,15242,Werder Bremen,Borussia Dortmund,1,2,2020-12-15 19:30:00,Marco Reus,Pass
1856,392648,29,MissedShots,0.8080000305175781,0.34599998474121096,0.031765200197696686,Giovanni Reyna,a,8191,FromCorner,2020,RightFoot,15242,Werder Bremen,Borussia Dortmund,1,2,2020-12-15 19:30:00,Jadon Sancho,Pass
1857,393783,81,BlockedShot,0.765,0.3820000076293945,0.01782429963350296,Giovanni Reyna,a,8191,FromCorner,2020,RightFoot,15253,Union Berlin,Borussia Dortmund,2,1,2020-12-18 19:30:00,,None
1858,396905,64,BlockedShot,0.7390000152587891,0.3370000076293945,0.02272620052099228,Giovanni Reyna,h,8191,FromCorner,2020,RightFoot,15258,Borussia Dortmund,Wolfsburg,2,0,2021-01-03 14:30:00,Jadon Sancho,Pass
1859,401618,18,BlockedShot,0.815,0.4370000076293945,0.05329729989171028,Giovanni Reyna,h,8191,OpenPlay,2020,RightFoot,15303,Borussia Dortmund,Augsburg,3,1,2021-01-30 14:30:00,Marco Reus,Pass
1860,406703,4,MissedShots,0.885,0.3089999961853027,0.057897500693798065,Giovanni Reyna,h,8191,OpenPlay,2020,RightFoot,15339,Borussia Dortmund,Arminia Bielefeld,3,0,2021-02-27 14:30:00,Erling Haaland,Pass
1861,406708,32,MissedShots,0.9469999694824218,0.3390000152587891,0.08331629633903503,Giovanni Reyna,h,8191,OpenPlay,2020,RightFoot,15339,Borussia Dortmund,Arminia Bielefeld,3,0,2021-02-27 14:30:00,Jadon Sancho,Pass
1862,410107,88,ShotOnPost,0.970999984741211,0.4370000076293945,0.6255940198898315,Giovanni Reyna,h,8191,OpenPlay,2020,RightFoot,15356,Borussia Dortmund,Hertha Berlin,2,0,2021-03-13 17:30:00,Youssoufa Moukoko,Pass
1863,411298,43,MissedShots,0.925,0.5729999923706055,0.04753439873456955,Giovanni Reyna,a,8191,OpenPlay,2020,Head,15371,FC Cologne,Borussia Dortmund,2,2,2021-03-20 14:30:00,Thomas Meunier,Aerial
1864,412561,93,SavedShot,0.875999984741211,0.41200000762939454,0.035505201667547226,Giovanni Reyna,h,8191,SetPiece,2020,RightFoot,15374,Borussia Dortmund,Eintracht Frankfurt,1,2,2021-04-03 13:30:00,Mats Hummels,Aerial
1865,414003,10,SavedShot,0.8569999694824219,0.3220000076293945,0.04557659849524498,Giovanni Reyna,a,8191,OpenPlay,2020,LeftFoot,15391,VfB Stuttgart,Borussia Dortmund,2,3,2021-04-10 16:30:00,Marco Reus,Pass
1866,414012,41,MissedShots,0.7519999694824219,0.5790000152587891,0.021584300324320793,Giovanni Reyna,a,8191,OpenPlay,2020,RightFoot,15391,VfB Stuttgart,Borussia Dortmund,2,3,2021-04-10 16:30:00,Raphael Guerreiro,Pass
1867,415838,5,BlockedShot,0.860999984741211,0.4,0.07669729739427567,Giovanni Reyna,h,8191,OpenPlay,2020,LeftFoot,15392,Borussia Dortmund,Werder Bremen,4,1,2021-04-18 13:30:00,Erling Haaland,Pass
1868,415842,28,Goal,0.8030000305175782,0.385,0.038996901363134384,Giovanni Reyna,h,8191,OpenPlay,2020,RightFoot,15392,Borussia Dortmund,Werder Bremen,4,1,2021-04-18 13:30:00,Mateu Morey,Pass
1869,415860,84,MissedShots,0.9430000305175781,0.5270000076293946,0.5349100232124329,Giovanni Reyna,h,8191,OpenPlay,2020,Head,15392,Borussia Dortmund,Werder Bremen,4,1,2021-04-18 13:30:00,Thorgan Hazard,Chipped
1870,416436,15,SavedShot,0.7330000305175781,0.41900001525878905,0.018387900665402412,Giovanni Reyna,h,8191,OpenPlay,2020,RightFoot,15402,Borussia Dortmund,Union Berlin,2,0,2021-04-21 18:30:00,Erling Haaland,Pass
1871,416444,49,MissedShots,0.925,0.35700000762939454,0.3149060010910034,Giovanni Reyna,h,8191,OpenPlay,2020,RightFoot,15402,Borussia Dortmund,Union Berlin,2,0,2021-04-21 18:30:00,Marco Reus,Pass
1872,416447,63,BlockedShot,0.9540000152587891,0.5570000076293945,0.6053739786148071,Giovanni Reyna,h,8191,OpenPlay,2020,LeftFoot,15402,Borussia Dortmund,Union Berlin,2,0,2021-04-21 18:30:00,Raphael Guerreiro,Pass
1873,424599,18,MissedShots,0.9019999694824219,0.4329999923706055,0.07953429967164993,Giovanni Reyna,a,8191,OpenPlay,2020,Head,15434,Mainz 05,Borussia Dortmund,1,3,2021-05-16 16:00:00,Thomas Meunier,Cross
1874,424612,59,BlockedShot,0.8909999847412109,0.659000015258789,0.09945479780435562,Giovanni Reyna,a,8191,OpenPlay,2020,LeftFoot,15434,Mainz 05,Borussia Dortmund,1,3,2021-05-16 16:00:00,Raphael Guerreiro,Pass
1875,426023,57,Goal,0.92,0.5659999847412109,0.5062069892883301,Giovanni Reyna,h,8191,OpenPlay,2021,RightFoot,17522,Borussia Dortmund,Eintracht Frankfurt,5,2,2021-08-14 16:30:00,,Rebound
1876,426891,10,MissedShots,0.8180000305175781,0.32599998474121095,0.034964900463819504,Giovanni Reyna,a,8191,OpenPlay,2021,RightFoot,17529,Freiburg,Borussia Dortmund,2,1,2021-08-21 13:30:00,Jude Bellingham,Pass
1877,426902,38,BlockedShot,0.855,0.5840000152587891,0.07263260334730148,Giovanni Reyna,a,8191,OpenPlay,2021,RightFoot,17529,Freiburg,Borussia Dortmund,2,1,2021-08-21 13:30:00,Donyell Malen,Pass
1878,428363,3,SavedShot,0.894000015258789,0.6459999847412109,0.29274600744247437,Giovanni Reyna,h,8191,OpenPlay,2021,LeftFoot,17534,Borussia Dortmund,Hoffenheim,3,2,2021-08-27 18:30:00,Erling Haaland,Pass
1879,428370,32,MissedShots,0.925,0.519000015258789,0.13454900681972504,Giovanni Reyna,h,8191,OpenPlay,2021,Head,17534,Borussia Dortmund,Hoffenheim,3,2,2021-08-27 18:30:00,Thomas Meunier,Cross
1880,428377,48,Goal,0.840999984741211,0.500999984741211,0.08272469788789749,Giovanni Reyna,h,8191,OpenPlay,2021,RightFoot,17534,Borussia Dortmund,Hoffenheim,3,2,2021-08-27 18:30:00,Jude Bellingham,Pass
1881,456285,79,SavedShot,0.845,0.4490000152587891,0.29646000266075134,Giovanni Reyna,h,8191,OpenPlay,2021,RightFoot,17703,Borussia Dortmund,Bayer Leverkusen,2,5,2022-02-06 14:30:00,Jude Bellingham,Throughball
1882,458874,5,SavedShot,0.8190000152587891,0.36900001525878906,0.041682299226522446,Giovanni Reyna,h,8191,OpenPlay,2021,RightFoot,17721,Borussia Dortmund,Borussia M.Gladbach,6,0,2022-02-20 16:30:00,,None
1883,463252,81,MissedShots,0.9209999847412109,0.605,0.14770300686359406,Giovanni Reyna,h,8191,OpenPlay,2021,RightFoot,17749,Borussia Dortmund,Arminia Bielefeld,1,0,2022-03-13 16:30:00,Erling Haaland,Pass
1884,463254,84,MissedShots,0.8930000305175781,0.529000015258789,0.049547601491212845,Giovanni Reyna,h,8191,OpenPlay,2021,Head,17749,Borussia Dortmund,Arminia Bielefeld,1,0,2022-03-13 16:30:00,Lennard Maloney,Aerial
1885,463567,95,SavedShot,0.720999984741211,0.4470000076293945,0.04889329895377159,Giovanni Reyna,a,8191,DirectFreekick,2021,RightFoot,17736,Mainz 05,Borussia Dortmund,0,1,2022-03-16 17:30:00,,Standard
1886,487427,63,BlockedShot,0.8590000152587891,0.5159999847412109,0.11682400107383728,Giovanni Reyna,a,8191,OpenPlay,2022,RightFoot,19389,RasenBallsport Leipzig,Borussia Dortmund,3,0,2022-09-10 13:30:00,Salih Özcan,Pass
1887,488741,59,BlockedShot,0.915,0.41,0.06606060266494751,Giovanni Reyna,h,8191,OpenPlay,2022,Head,19397,Borussia Dortmund,Schalke 04,1,0,2022-09-17 13:30:00,Julian Brandt,Cross
1888,488747,80,MissedShots,0.8590000152587891,0.620999984741211,0.10600999742746353,Giovanni Reyna,h,8191,OpenPlay,2022,RightFoot,19397,Borussia Dortmund,Schalke 04,1,0,2022-09-17 13:30:00,Karim Adeyemi,Pass
1889,494999,39,BlockedShot,0.7580000305175781,0.6129999923706054,0.02910340018570423,Giovanni Reyna,h,8191,OpenPlay,2022,RightFoot,19432,Borussia Dortmund,VfB Stuttgart,5,0,2022-10-22 13:30:00,Youssoufa Moukoko,Pass
1890,495001,43,Goal,0.895,0.6819999694824219,0.07337430119514465,Giovanni Reyna,h,8191,OpenPlay,2022,RightFoot,19432,Borussia Dortmund,VfB Stuttgart,5,0,2022-10-22 13:30:00,Youssoufa Moukoko,Pass
1891,497940,11,Goal,0.885,0.5,0.7577769756317139,Giovanni Reyna,h,8191,Penalty,2022,RightFoot,19457,Borussia Dortmund,Bochum,3,0,2022-11-05 14:30:00,,Standard
1892,499742,1,MissedShots,0.9569999694824218,0.4490000152587891,0.0977092981338501,Giovanni Reyna,a,8191,OpenPlay,2022,Head,19472,Borussia M.Gladbach,Borussia Dortmund,4,2,2022-11-11 19:30:00,Julian Brandt,Aerial
1893,499751,31,SavedShot,0.875,0.5729999923706055,0.06531059741973877,Giovanni Reyna,a,8191,OpenPlay,2022,LeftFoot,19472,Borussia M.Gladbach,Borussia Dortmund,4,2,2022-11-11 19:30:00,,None
1894,499753,33,BlockedShot,0.9209999847412109,0.5,0.44303199648857117,Giovanni Reyna,a,8191,OpenPlay,2022,RightFoot,19472,Borussia M.Gladbach,Borussia Dortmund,4,2,2022-11-11 19:30:00,,Rebound
1895,505010,77,Goal,0.8730000305175781,0.3129999923706055,0.056645698845386505,Giovanni Reyna,h,8191,OpenPlay,2022,RightFoot,19477,Borussia Dortmund,Augsburg,4,3,2023-01-22 14:30:00,Jude Bellingham,HeadPass
1896,505013,86,BlockedShot,0.840999984741211,0.385,0.06286810338497162,Giovanni Reyna,h,8191,OpenPlay,2022,RightFoot,19477,Borussia Dortmund,Augsburg,4,3,2023-01-22 14:30:00,,Rebound
1897,505016,89,BlockedShot,0.875,0.33,0.0534369982779026,Giovanni Reyna,h,8191,OpenPlay,2022,RightFoot,19477,Borussia Dortmund,Augsburg,4,3,2023-01-22 14:30:00,Julian Brandt,HeadPass
1898,505449,92,Goal,0.9669999694824218,0.5820000076293945,0.424235999584198,Giovanni Reyna,a,8191,FromCorner,2022,LeftFoot,19489,Mainz 05,Borussia Dortmund,1,2,2023-01-25 17:30:00,Sébastien Haller,HeadPass
1899,506998,81,Goal,0.8690000152587891,0.6619999694824219,0.08876810222864151,Giovanni Reyna,h,8191,OpenPlay,2022,RightFoot,19504,Borussia Dortmund,Freiburg,5,1,2023-02-04 14:30:00,Raphael Guerreiro,Pass
1900,506999,86,SavedShot,0.8130000305175781,0.73,0.06867630034685135,Giovanni Reyna,h,8191,DirectFreekick,2022,RightFoot,19504,Borussia Dortmund,Freiburg,5,1,2023-02-04 14:30:00,,Standard
1901,508261,33,MissedShots,0.7819999694824219,0.7340000152587891,0.020271599292755127,Giovanni Reyna,a,8191,OpenPlay,2022,RightFoot,19521,Werder Bremen,Borussia Dortmund,0,2,2023-02-11 14:30:00,Emre Can,Pass
1902,519338,91,Goal,0.91,0.5529999923706055,0.12686200439929962,Giovanni Reyna,a,8191,OpenPlay,2022,RightFoot,19591,VfB Stuttgart,Borussia Dortmund,3,3,2023-04-15 13:30:00,,Rebound
1903,522487,86,MissedShots,0.8619999694824219,0.7319999694824219,0.03194418177008629,Giovanni Reyna,a,8191,OpenPlay,2022,RightFoot,19609,Bochum,Borussia Dortmund,1,1,2023-04-28 18:30:00,Jude Bellingham,Pass
1904,522491,95,SavedShot,0.75,0.34200000762939453,0.02026735432446003,Giovanni Reyna,a,8191,OpenPlay,2022,RightFoot,19609,Bochum,Borussia Dortmund,1,1,2023-04-28 18:30:00,Emre Can,Pass
1905,526231,88,BlockedShot,0.7709999847412109,0.5709999847412109,0.033474151045084,Giovanni Reyna,h,8191,OpenPlay,2022,RightFoot,19622,Borussia Dortmund,Borussia M.Gladbach,5,2,2023-05-13 16:30:00,Raphael Guerreiro,Pass
1906,526237,93,Goal,0.99,0.53,0.9702132940292358,Giovanni Reyna,h,8191,SetPiece,2022,LeftFoot,19622,Borussia Dortmund,Borussia M.Gladbach,5,2,2023-05-13 16:30:00,,Rebound
1907,526236,93,SavedShot,0.955,0.5479999923706055,0.138727605342865,Giovanni Reyna,h,8191,SetPiece,2022,RightFoot,19622,Borussia Dortmund,Borussia M.Gladbach,5,2,2023-05-13 16:30:00,,Rebound
1908,528896,63,BlockedShot,0.9180000305175782,0.595999984741211,0.07058369368314743,Giovanni Reyna,h,8191,OpenPlay,2022,RightFoot,19639,Borussia Dortmund,Mainz 05,2,2,2023-05-27 13:30:00,Mats Hummels,HeadPass
1909,528902,77,SavedShot,0.9269999694824219,0.485,0.05809049308300018,Giovanni Reyna,h,8191,OpenPlay,2022,Head,19639,Borussia Dortmund,Mainz 05,2,2,2023-05-27 13:30:00,Julien Duranville,Aerial
1910,528906,89,MissedShots,0.865999984741211,0.375,0.05666068568825722,Giovanni Reyna,h,8191,SetPiece,2022,LeftFoot,19639,Borussia Dortmund,Mainz 05,2,2,2023-05-27 13:30:00,,None
1911,543608,88,BlockedShot,0.905,0.38799999237060545,0.10902135819196701,Giovanni Reyna,h,8191,OpenPlay,2023,LeftFoot,23128,Borussia Dortmund,Werder Bremen,1,0,2023-10-20 18:30:00,Julian Ryerson,Pass
1912,543611,92,MissedShots,0.855999984741211,0.315,0.06378552317619324,Giovanni Reyna,h,8191,OpenPlay,2023,RightFoot,23128,Borussia Dortmund,Werder Bremen,1,0,2023-10-20 18:30:00,Felix Nmecha,Pass
1913,549626,47,MissedShots,0.9440000152587891,0.5070000076293946,0.5432557463645935,Giovanni Reyna,h,8191,OpenPlay,2023,Head,23164,Borussia Dortmund,Borussia M.Gladbach,4,2,2023-11-25 14:30:00,Niclas Füllkrug,Chipped
1914,553167,91,BlockedShot,0.7609999847412109,0.5209999847412109,0.025986799970269203,Giovanni Reyna,h,8191,OpenPlay,2023,RightFoot,23182,Borussia Dortmund,RasenBallsport Leipzig,2,3,2023-12-09 17:30:00,Nico Schlotterbeck,BallTouch
1915,553171,94,SavedShot,0.7919999694824219,0.6469999694824219,0.025905925780534744,Giovanni Reyna,h,8191,OpenPlay,2023,RightFoot,23182,Borussia Dortmund,RasenBallsport Leipzig,2,3,2023-12-09 17:30:00,,None
1916,554198,94,SavedShot,0.86,0.4329999923706055,0.06288132071495056,Giovanni Reyna,a,8191,OpenPlay,2023,RightFoot,23198,Augsburg,Borussia Dortmund,1,1,2023-12-16 14:30:00,Niclas Füllkrug,HeadPass
1917,555282,93,MissedShots,0.914000015258789,0.3079999923706055,0.04153134301304817,Giovanni Reyna,h,8191,FromCorner,2023,RightFoot,23200,Borussia Dortmund,Mainz 05,1,1,2023-12-19 19:30:00,,None
1918,558948,88,BlockedShot,0.815,0.5170000076293946,0.08627942204475403,Giovanni Reyna,a,8191,OpenPlay,2023,LeftFoot,23223,FC Cologne,Borussia Dortmund,0,4,2024-01-20 14:30:00,Donyell Malen,Pass
1919,560364,73,BlockedShot,0.8630000305175781,0.509000015258789,0.10643073916435242,Giovanni Reyna,h,8191,OpenPlay,2023,LeftFoot,23227,Borussia Dortmund,Bochum,3,1,2024-01-28 16:30:00,Niclas Füllkrug,Pass
1920,562724,78,BlockedShot,0.7819999694824219,0.4909999847412109,0.0350811667740345,Giovanni Reyna,h,8191,OpenPlay,2023,RightFoot,22131,Nottingham Forest,Newcastle United,2,3,2024-02-10 17:30:00,Morgan Gibbs-White,Pass
1921,570768,73,SavedShot,0.8190000152587891,0.5690000152587891,0.06271377950906754,Giovanni Reyna,h,8191,OpenPlay,2023,LeftFoot,22192,Nottingham Forest,Crystal Palace,1,1,2024-03-30 15:00:00,Callum Hudson-Odoi,TakeOn
1922,573778,23,MissedShots,0.7430000305175781,0.5670000076293945,0.01914897933602333,Giovanni Reyna,h,8191,OpenPlay,2023,RightFoot,22223,Nottingham Forest,Wolverhampton Wanderers,2,2,2024-04-13 14:00:00,,BallRecovery
1923,573786,56,MissedShots,0.8690000152587891,0.5370000076293945,0.07798115164041519,Giovanni Reyna,h,8191,OpenPlay,2023,LeftFoot,22223,Nottingham Forest,Wolverhampton Wanderers,2,2,2024-04-13 14:00:00,Callum Hudson-Odoi,Cross
1924,573794,64,SavedShot,0.8580000305175781,0.5729999923706055,0.01386707928031683,Giovanni Reyna,h,8191,FromCorner,2023,Head,22223,Nottingham Forest,Wolverhampton Wanderers,2,2,2024-04-13 14:00:00,,Aerial
1925,607653,45,Goal,0.8419999694824218,0.504000015258789,0.06579306721687317,Giovanni Reyna,h,8191,OpenPlay,2024,RightFoot,27860,Borussia Dortmund,Hoffenheim,1,1,2024-12-15 16:30:00,,None
1926,24700,52,MissedShots,0.9569999694824218,0.6370000076293946,0.06340149790048599,Niklas Süle,a,75,FromCorner,2014,Head,5457,Werder Bremen,Hoffenheim,1,1,2014-08-30 14:30:00,Sebastian Rudy,Aerial
1927,25398,38,MissedShots,0.8719999694824219,0.5320000076293945,0.013005499728024006,Niklas Süle,h,75,FromCorner,2014,Head,5429,Hoffenheim,Freiburg,3,3,2014-09-23 19:00:00,Sebastian Rudy,Aerial
1928,25410,92,SavedShot,0.9159999847412109,0.555,0.2658289968967438,Niklas Süle,h,75,OpenPlay,2014,Head,5429,Hoffenheim,Freiburg,3,3,2014-09-23 19:00:00,Kevin Volland,Cross
1929,25554,33,MissedShots,0.9540000152587891,0.43099998474121093,0.16479800641536713,Niklas Süle,a,75,FromCorner,2014,Head,5438,Mainz 05,Hoffenheim,0,0,2014-09-26 19:30:00,Sebastian Rudy,Aerial
1930,25567,89,MissedShots,0.9030000305175782,0.5329999923706055,0.06652270257472992,Niklas Süle,a,75,SetPiece,2014,Head,5438,Mainz 05,Hoffenheim,0,0,2014-09-26 19:30:00,Sebastian Rudy,Chipped
1931,26122,20,SavedShot,0.9530000305175781,0.5929999923706055,0.24298900365829468,Niklas Süle,a,75,SetPiece,2014,Head,5399,Hamburger SV,Hoffenheim,1,1,2014-10-19 14:30:00,Sebastian Rudy,Chipped
1932,26360,61,SavedShot,0.9209999847412109,0.5459999847412109,0.0395594984292984,Niklas Süle,h,75,FromCorner,2014,Head,5404,Hoffenheim,Paderborn,1,0,2014-10-25 14:30:00,Sebastian Rudy,Aerial
1933,26531,25,MissedShots,0.755,0.580999984741211,0.014558199793100357,Niklas Süle,a,75,SetPiece,2014,RightFoot,5353,Borussia M.Gladbach,Hoffenheim,3,1,2014-11-02 14:30:00,,None
1934,27675,62,Goal,0.92,0.48700000762939455,0.3556880056858063,Niklas Süle,h,75,SetPiece,2014,Head,5380,Hoffenheim,Hannover 96,4,3,2014-11-29 17:30:00,Pirmin Schwegler,Cross
1935,76731,76,MissedShots,0.9290000152587891,0.3729999923706055,0.02511489950120449,Niklas Süle,a,75,FromCorner,2015,Head,1044,Darmstadt,Hoffenheim,0,0,2015-08-29 17:30:00,Sebastian Rudy,Cross
1936,79274,53,SavedShot,0.9790000152587891,0.43900001525878907,0.5957549810409546,Niklas Süle,h,75,FromCorner,2015,LeftFoot,1141,Hoffenheim,Borussia M.Gladbach,3,3,2015-11-28 18:30:00,Tobias Strobl,Rebound
1937,79831,25,BlockedShot,0.8430000305175781,0.610999984741211,0.05627650022506714,Niklas Süle,a,75,SetPiece,2015,RightFoot,1165,Schalke 04,Hoffenheim,1,0,2015-12-18 23:30:00,Sebastian Rudy,Chipped
1938,80711,76,SavedShot,0.9069999694824219,0.49700000762939456,0.10207899659872055,Niklas Süle,h,75,FromCorner,2015,LeftFoot,1200,Hoffenheim,Darmstadt,0,2,2016-02-07 20:30:00,Tobias Strobl,None
1939,81168,23,MissedShots,0.6709999847412109,0.590999984741211,0.030223799869418144,Niklas Süle,h,75,DirectFreekick,2015,RightFoot,1213,Hoffenheim,Mainz 05,3,2,2016-02-20 18:30:00,,Standard
1940,81175,42,MissedShots,0.8980000305175782,0.5429999923706055,0.018498200923204422,Niklas Süle,h,75,FromCorner,2015,Head,1213,Hoffenheim,Mainz 05,3,2,2016-02-20 18:30:00,Sebastian Rudy,Aerial
1941,81610,8,MissedShots,0.919000015258789,0.4,0.052791301161050797,Niklas Süle,h,75,SetPiece,2015,Head,1232,Hoffenheim,Augsburg,2,1,2016-03-02 23:00:00,Nadiem Amiri,Chipped
1942,83000,84,MissedShots,0.899000015258789,0.4,0.02002519927918911,Niklas Süle,h,75,FromCorner,2015,Head,1283,Hoffenheim,Hertha Berlin,2,1,2016-04-16 17:30:00,Nadiem Amiri,Goal
1943,127849,83,MissedShots,0.909000015258789,0.534000015258789,0.030684800818562508,Niklas Süle,a,75,FromCorner,2016,Head,1344,Mainz 05,Hoffenheim,4,4,2016-09-11 19:30:00,Sebastian Rudy,Aerial
1944,128965,48,MissedShots,0.9119999694824219,0.4809999847412109,0.0893516018986702,Niklas Süle,a,75,FromCorner,2016,Head,1375,Ingolstadt,Hoffenheim,1,2,2016-10-01 17:30:00,Kerem Demirbay,Cross
1945,128982,84,MissedShots,0.9269999694824219,0.6040000152587891,0.04365000128746033,Niklas Süle,a,75,FromCorner,2016,Head,1375,Ingolstadt,Hoffenheim,1,2,2016-10-01 17:30:00,Sebastian Rudy,Cross
1946,129240,41,MissedShots,0.9359999847412109,0.6179999923706054,0.013197800144553185,Niklas Süle,h,75,FromCorner,2016,Head,1385,Hoffenheim,Freiburg,2,1,2016-10-15 17:30:00,Kerem Demirbay,Aerial
1947,129497,2,BlockedShot,0.924000015258789,0.6780000305175782,0.010660000145435333,Niklas Süle,h,75,FromCorner,2016,Head,3306,Hoffenheim,Hertha Berlin,1,0,2016-10-30 18:30:00,Kerem Demirbay,Cross
1948,129509,30,Goal,0.9390000152587891,0.42900001525878906,0.2953239977359772,Niklas Süle,h,75,SetPiece,2016,Head,3306,Hoffenheim,Hertha Berlin,1,0,2016-10-30 18:30:00,Kerem Demirbay,Chipped
1949,129521,77,MissedShots,0.955999984741211,0.42700000762939455,0.053511399775743484,Niklas Süle,h,75,FromCorner,2016,Head,3306,Hoffenheim,Hertha Berlin,1,0,2016-10-30 18:30:00,Sebastian Rudy,Aerial
1950,130934,50,BlockedShot,0.9280000305175782,0.5990000152587891,0.05043739825487137,Niklas Süle,a,75,FromCorner,2016,Head,2826,Borussia M.Gladbach,Hoffenheim,1,1,2016-11-26 18:30:00,Sebastian Rudy,Cross
1951,131302,17,MissedShots,0.94,0.6040000152587891,0.04098840057849884,Niklas Süle,a,75,FromCorner,2016,Head,3201,Eintracht Frankfurt,Hoffenheim,0,0,2016-12-09 23:30:00,Benjamin Hübner,Pass
1952,131305,30,BlockedShot,0.914000015258789,0.4129999923706055,0.11384399980306625,Niklas Süle,a,75,SetPiece,2016,RightFoot,3201,Eintracht Frankfurt,Hoffenheim,0,0,2016-12-09 23:30:00,Nadiem Amiri,Pass
1953,130377,33,SavedShot,0.95,0.6480000305175782,0.30400601029396057,Niklas Süle,h,75,OpenPlay,2016,RightFoot,3224,Hoffenheim,Werder Bremen,1,1,2016-12-21 23:00:00,Kerem Demirbay,Chipped
1954,130671,50,MissedShots,0.9580000305175781,0.3029999923706055,0.050901301205158234,Niklas Süle,a,75,SetPiece,2016,RightFoot,3725,Augsburg,Hoffenheim,0,2,2017-01-21 17:30:00,Kerem Demirbay,Chipped
1955,132585,84,MissedShots,0.8830000305175781,0.674000015258789,0.04608219861984253,Niklas Süle,a,75,FromCorner,2016,RightFoot,3756,Wolfsburg,Hoffenheim,2,1,2017-02-12 14:30:00,Steven Zuber,Pass
1956,133285,59,OwnGoal,0.04699999809265137,0.4759999847412109,0,Niklas Süle,h,75,FromCorner,2016,Head,3780,Hoffenheim,Ingolstadt,5,2,2017-03-04 14:30:00,,CornerAwarded
1957,134125,17,MissedShots,0.9269999694824219,0.32799999237060545,0.012151399627327919,Niklas Süle,a,75,FromCorner,2016,Head,3788,Freiburg,Hoffenheim,1,1,2017-03-11 14:30:00,Andrej Kramaric,Cross
1958,132740,60,MissedShots,0.759000015258789,0.3139999961853027,0.019825899973511696,Niklas Süle,h,75,OpenPlay,2016,RightFoot,3799,Hoffenheim,Bayer Leverkusen,1,0,2017-03-18 14:30:00,Sebastian Rudy,Pass
1959,133092,53,MissedShots,0.8930000305175781,0.4229999923706055,0.014076200313866138,Niklas Süle,a,75,FromCorner,2016,Head,3803,Hertha Berlin,Hoffenheim,1,3,2017-03-31 19:30:00,Kerem Demirbay,Aerial
1960,133102,71,SavedShot,0.9690000152587891,0.285,0.04742569848895073,Niklas Süle,a,75,OpenPlay,2016,RightFoot,3803,Hertha Berlin,Hoffenheim,1,3,2017-03-31 19:30:00,Kevin Vogt,Pass
1961,133104,75,Goal,0.7619999694824219,0.35700000762939454,0.021172599866986275,Niklas Süle,a,75,OpenPlay,2016,RightFoot,3803,Hertha Berlin,Hoffenheim,1,3,2017-03-31 19:30:00,Steven Zuber,Pass
1962,134336,6,MissedShots,0.8830000305175781,0.41900001525878905,0.026384999975562096,Niklas Süle,h,75,FromCorner,2016,Head,3815,Hoffenheim,Bayern Munich,1,0,2017-04-04 19:00:00,Kerem Demirbay,Cross
1963,134706,20,MissedShots,0.9319999694824219,0.6120000076293945,0.1485230028629303,Niklas Süle,a,75,SetPiece,2016,RightFoot,3826,Hamburger SV,Hoffenheim,2,1,2017-04-08 14:30:00,Ermin Bicakcic,TakeOn
1964,134718,76,MissedShots,0.889000015258789,0.649000015258789,0.03781279921531677,Niklas Süle,a,75,FromCorner,2016,LeftFoot,3826,Hamburger SV,Hoffenheim,2,1,2017-04-08 14:30:00,Ermin Bicakcic,HeadPass
1965,134723,88,BlockedShot,0.9469999694824218,0.5520000076293945,0.13432399928569794,Niklas Süle,a,75,SetPiece,2016,LeftFoot,3826,Hamburger SV,Hoffenheim,2,1,2017-04-08 14:30:00,,Rebound
1966,133759,89,SavedShot,0.8159999847412109,0.38599998474121094,0.04183629900217056,Niklas Süle,a,75,OpenPlay,2016,LeftFoot,3842,FC Cologne,Hoffenheim,1,1,2017-04-21 19:30:00,Kerem Demirbay,Pass
1967,134698,48,BlockedShot,0.96,0.62,0.04432490095496178,Niklas Süle,h,75,SetPiece,2016,Head,3852,Hoffenheim,Eintracht Frankfurt,1,0,2017-04-30 16:30:00,Sebastian Rudy,Cross
1968,128014,56,MissedShots,0.6170000076293946,0.40599998474121096,0.008490580134093761,Niklas Süle,h,75,OpenPlay,2016,RightFoot,3881,Hoffenheim,Augsburg,0,0,2017-05-20 14:30:00,Ermin Bicakcic,Pass
1969,165761,8,Goal,0.9290000152587891,0.40599998474121096,0.08038149774074554,Niklas Süle,h,75,SetPiece,2017,Head,8259,Bayern Munich,Bayer Leverkusen,3,1,2017-08-18 19:30:00,Sebastian Rudy,Cross
1970,166488,64,BlockedShot,0.9309999847412109,0.5329999923706055,0.11595100164413452,Niklas Süle,h,75,FromCorner,2017,Head,8289,Bayern Munich,Mainz 05,4,0,2017-09-16 14:30:00,Joshua Kimmich,Cross
1971,168371,71,MissedShots,0.7480000305175781,0.34799999237060547,0.024429500102996826,Niklas Süle,a,75,OpenPlay,2017,RightFoot,8338,Hamburger SV,Bayern Munich,0,1,2017-10-21 17:30:00,Arturo Vidal,Pass
1972,167760,3,MissedShots,0.9319999694824219,0.56,0.06380479782819748,Niklas Süle,h,75,SetPiece,2017,Head,8358,Bayern Munich,Augsburg,3,0,2017-11-18 14:30:00,Arturo Vidal,HeadPass
1973,167782,81,MissedShots,0.92,0.48700000762939455,0.049695201218128204,Niklas Süle,h,75,FromCorner,2017,Head,8358,Bayern Munich,Augsburg,3,0,2017-11-18 14:30:00,Joshua Kimmich,Aerial
1974,183888,14,MissedShots,0.9290000152587891,0.4620000076293945,0.053924400359392166,Niklas Süle,h,75,FromCorner,2017,Head,8394,Bayern Munich,FC Cologne,1,0,2017-12-13 19:30:00,David Alaba,Aerial
1975,183898,42,MissedShots,0.9290000152587891,0.45,0.04308389872312546,Niklas Süle,h,75,FromCorner,2017,OtherBodyPart,8394,Bayern Munich,FC Cologne,1,0,2017-12-13 19:30:00,Rafinha,Aerial
1976,183911,69,SavedShot,0.750999984741211,0.6179999923706054,0.026000000536441803,Niklas Süle,h,75,OpenPlay,2017,RightFoot,8394,Bayern Munich,FC Cologne,1,0,2017-12-13 19:30:00,Franck Ribéry,Pass
1977,187134,39,MissedShots,0.9159999847412109,0.475,0.04130150005221367,Niklas Süle,a,75,FromCorner,2017,Head,8417,Bayer Leverkusen,Bayern Munich,1,3,2018-01-12 19:30:00,James Rodríguez,Aerial
1978,189307,32,BlockedShot,0.8690000152587891,0.655,0.05084859952330589,Niklas Süle,h,75,OpenPlay,2017,LeftFoot,8421,Bayern Munich,Werder Bremen,4,2,2018-01-21 14:30:00,,Tackle
1979,189319,73,OwnGoal,0.03299999952316284,0.48700000762939455,0,Niklas Süle,h,75,FromCorner,2017,OtherBodyPart,8421,Bayern Munich,Werder Bremen,4,2,2018-01-21 14:30:00,,CornerAwarded
1980,189814,58,MissedShots,0.9309999847412109,0.624000015258789,0.03268589824438095,Niklas Süle,h,75,OpenPlay,2017,Head,8431,Bayern Munich,Hoffenheim,5,2,2018-01-27 14:30:00,Arjen Robben,Cross
1981,202172,63,MissedShots,0.93,0.54,0.13231000304222107,Niklas Süle,a,75,SetPiece,2017,Head,8494,RasenBallsport Leipzig,Bayern Munich,2,1,2018-03-18 17:00:00,James Rodríguez,Cross
1982,207375,17,OwnGoal,0.14199999809265137,0.4779999923706055,0,Niklas Süle,a,75,OpenPlay,2017,Head,8517,Augsburg,Bayern Munich,1,4,2018-04-07 13:30:00,,Save
1983,210384,16,SavedShot,0.750999984741211,0.475,0.021651700139045715,Niklas Süle,a,75,OpenPlay,2017,RightFoot,8536,Hannover 96,Bayern Munich,0,3,2018-04-21 13:30:00,Sandro Wagner,Pass
1984,210390,47,MissedShots,0.8230000305175781,0.425,0.051573000848293304,Niklas Süle,a,75,OpenPlay,2017,RightFoot,8536,Hannover 96,Bayern Munich,0,3,2018-04-21 13:30:00,Arjen Robben,Pass
1985,211554,89,Goal,0.865,0.4129999923706055,0.10102500021457672,Niklas Süle,h,75,OpenPlay,2017,RightFoot,8538,Bayern Munich,Eintracht Frankfurt,4,1,2018-04-28 13:30:00,Rafinha,Pass
1986,213180,14,SavedShot,0.9080000305175782,0.38299999237060545,0.012547300197184086,Niklas Süle,a,75,FromCorner,2017,Head,8552,FC Cologne,Bayern Munich,1,3,2018-05-05 14:30:00,James Rodríguez,Aerial
1987,213187,29,OwnGoal,0.06699999809265136,0.555,0,Niklas Süle,a,75,OpenPlay,2017,LeftFoot,8552,FC Cologne,Bayern Munich,1,3,2018-05-05 14:30:00,,Dispossessed
1988,214731,36,SavedShot,0.9230000305175782,0.42200000762939455,0.06688439846038818,Niklas Süle,h,75,FromCorner,2017,Head,8556,Bayern Munich,VfB Stuttgart,1,4,2018-05-12 14:30:00,James Rodríguez,Cross
1989,226238,58,SavedShot,0.955999984741211,0.6170000076293946,0.013291999697685242,Niklas Süle,h,75,FromCorner,2018,Head,10376,Bayern Munich,Augsburg,1,1,2018-09-25 18:30:00,Arjen Robben,Aerial
1990,227622,84,MissedShots,0.710999984741211,0.4520000076293945,0.01267900038510561,Niklas Süle,a,75,OpenPlay,2018,RightFoot,10382,Hertha Berlin,Bayern Munich,2,0,2018-09-28 18:30:00,Thiago Alcántara,Pass
1991,255742,52,MissedShots,0.925,0.585,0.04721210151910782,Niklas Süle,a,75,FromCorner,2018,Head,10415,Mainz 05,Bayern Munich,1,2,2018-10-27 13:30:00,Javi Martínez,HeadPass
1992,255751,78,SavedShot,0.895,0.38,0.342074990272522,Niklas Süle,a,75,OpenPlay,2018,RightFoot,10415,Mainz 05,Bayern Munich,1,2,2018-10-27 13:30:00,Robert Lewandowski,Pass
1993,255967,27,BlockedShot,0.9130000305175782,0.575999984741211,0.018284400925040245,Niklas Süle,h,75,FromCorner,2018,Head,10422,Bayern Munich,Freiburg,1,1,2018-11-03 14:30:00,James Rodríguez,Aerial
1994,256432,16,Goal,0.875,0.5270000076293946,0.09271240234375,Niklas Süle,h,75,FromCorner,2018,LeftFoot,10436,Bayern Munich,Fortuna Duesseldorf,3,3,2018-11-24 14:30:00,,Rebound
1995,256698,47,MissedShots,0.9230000305175782,0.5279999923706055,0.05001220107078552,Niklas Süle,a,75,FromCorner,2018,Head,10450,Werder Bremen,Bayern Munich,1,2,2018-12-01 14:30:00,Joshua Kimmich,Aerial
1996,256844,56,MissedShots,0.885,0.48200000762939454,0.056883201003074646,Niklas Süle,a,75,FromCorner,2018,RightFoot,10469,Hannover 96,Bayern Munich,0,4,2018-12-15 14:30:00,Joshua Kimmich,Cross
1997,256849,69,SavedShot,0.7469999694824219,0.3,0.020337799564003944,Niklas Süle,a,75,OpenPlay,2018,RightFoot,10469,Hannover 96,Bayern Munich,0,4,2018-12-15 14:30:00,Thiago Alcántara,Pass
1998,256851,74,MissedShots,0.9169999694824219,0.5270000076293946,0.042173899710178375,Niklas Süle,a,75,FromCorner,2018,Head,10469,Hannover 96,Bayern Munich,0,4,2018-12-15 14:30:00,Joshua Kimmich,Aerial
1999,257667,76,BlockedShot,0.9259999847412109,0.43400001525878906,0.0685897022485733,Niklas Süle,h,75,SetPiece,2018,LeftFoot,10472,Bayern Munich,RasenBallsport Leipzig,1,0,2018-12-19 19:30:00,,Aerial
2000,286979,46,MissedShots,0.8119999694824219,0.255,0.02378539927303791,Niklas Süle,h,75,FromCorner,2018,RightFoot,10565,Bayern Munich,Mainz 05,6,0,2019-03-17 17:00:00,James Rodríguez,Pass
2001,286990,89,SavedShot,0.7319999694824219,0.31,0.019232099875807762,Niklas Süle,h,75,OpenPlay,2018,RightFoot,10565,Bayern Munich,Mainz 05,6,0,2019-03-17 17:00:00,Jérôme Boateng,Pass
2002,287409,91,BlockedShot,0.7569999694824219,0.3940000152587891,0.02319920063018799,Niklas Süle,a,75,OpenPlay,2018,RightFoot,10578,Freiburg,Bayern Munich,1,1,2019-03-30 14:30:00,Mats Hummels,Pass
2003,292142,31,MissedShots,0.720999984741211,0.46599998474121096,0.01440260000526905,Niklas Süle,h,75,FromCorner,2018,RightFoot,10580,Bayern Munich,Borussia Dortmund,5,0,2019-04-06 17:30:00,,None
2004,292156,83,MissedShots,0.750999984741211,0.3609999847412109,0.022738700732588768,Niklas Süle,h,75,OpenPlay,2018,RightFoot,10580,Bayern Munich,Borussia Dortmund,5,0,2019-04-06 17:30:00,Robert Lewandowski,Pass
2005,295176,51,MissedShots,0.9519999694824218,0.575,0.10169100016355515,Niklas Süle,h,75,FromCorner,2018,Head,10598,Bayern Munich,Werder Bremen,1,0,2019-04-20 14:30:00,Joshua Kimmich,Cross
2006,295188,74,Goal,0.779000015258789,0.47,0.03397180140018463,Niklas Süle,h,75,OpenPlay,2018,RightFoot,10598,Bayern Munich,Werder Bremen,1,0,2019-04-20 14:30:00,Thiago Alcántara,Pass
2007,298308,69,MissedShots,0.8159999847412109,0.45799999237060546,0.05186910182237625,Niklas Süle,a,75,FromCorner,2018,LeftFoot,10615,Nuernberg,Bayern Munich,1,1,2019-04-28 17:00:00,,TakeOn
2008,299255,69,MissedShots,0.8930000305175781,0.5540000152587891,0.044394999742507935,Niklas Süle,h,75,FromCorner,2018,Head,10616,Bayern Munich,Hannover 96,3,1,2019-05-04 14:30:00,Joshua Kimmich,Cross
2009,315596,39,MissedShots,0.9519999694824218,0.435,0.058991800993680954,Niklas Süle,h,75,FromCorner,2019,Head,12425,Bayern Munich,Mainz 05,6,1,2019-08-31 14:30:00,Philippe Coutinho,Aerial
2010,317504,52,MissedShots,0.9330000305175781,0.5359999847412109,0.05898839980363846,Niklas Süle,a,75,FromCorner,2019,Head,12436,RasenBallsport Leipzig,Bayern Munich,1,1,2019-09-14 16:30:00,Joshua Kimmich,Aerial
2011,317512,74,MissedShots,0.7019999694824218,0.3370000076293945,0.012045100331306458,Niklas Süle,a,75,FromCorner,2019,RightFoot,12436,RasenBallsport Leipzig,Bayern Munich,1,1,2019-09-14 16:30:00,,None
2012,317517,91,SavedShot,0.9730000305175781,0.43,0.3973729908466339,Niklas Süle,a,75,SetPiece,2019,Head,12436,RasenBallsport Leipzig,Bayern Munich,1,1,2019-09-14 16:30:00,Joshua Kimmich,Chipped
2013,324017,77,BlockedShot,0.9119999694824219,0.5059999847412109,0.03861920163035393,Niklas Süle,h,75,FromCorner,2019,Head,12461,Bayern Munich,Hoffenheim,1,2,2019-10-05 14:30:00,Joshua Kimmich,Aerial
2014,324020,84,MissedShots,0.7090000152587891,0.3990000152587891,0.0149191003292799,Niklas Süle,h,75,OpenPlay,2019,RightFoot,12461,Bayern Munich,Hoffenheim,1,2,2019-10-05 14:30:00,,Rebound
2015,378403,40,ShotOnPost,0.8580000305175781,0.37099998474121093,0.04844700172543526,Niklas Süle,h,75,SetPiece,2020,RightFoot,14173,Bayern Munich,Schalke 04,8,0,2020-09-18 18:30:00,,Rebound
2016,393132,2,MissedShots,0.9,0.49900001525878906,0.023829100653529167,Niklas Süle,h,75,FromCorner,2020,Head,15245,Bayern Munich,Wolfsburg,2,1,2020-12-16 19:30:00,Serge Gnabry,Aerial
2017,394091,35,MissedShots,0.755,0.2520000076293945,0.014879999682307243,Niklas Süle,a,75,OpenPlay,2020,RightFoot,15250,Bayer Leverkusen,Bayern Munich,1,2,2020-12-19 17:30:00,Leroy Sané,Pass
2018,396983,69,Goal,0.9130000305175782,0.4759999847412109,0.10407800227403641,Niklas Süle,h,75,FromCorner,2020,LeftFoot,15257,Bayern Munich,Mainz 05,5,2,2021-01-03 17:00:00,,None
2019,397691,83,BlockedShot,0.6980000305175781,0.585,0.014551900327205658,Niklas Süle,a,75,OpenPlay,2020,RightFoot,15267,Borussia M.Gladbach,Bayern Munich,3,2,2021-01-08 19:30:00,Kingsley Coman,Pass
2020,397693,90,BlockedShot,0.9430000305175781,0.5879999923706055,0.047817401587963104,Niklas Süle,a,75,FromCorner,2020,Head,15267,Borussia M.Gladbach,Bayern Munich,3,2,2021-01-08 19:30:00,Thomas Müller,HeadPass
2021,400895,23,SavedShot,0.860999984741211,0.38,0.045841000974178314,Niklas Süle,a,75,FromCorner,2020,RightFoot,15298,Schalke 04,Bayern Munich,0,4,2021-01-24 14:30:00,Serge Gnabry,Pass
2022,400898,26,MissedShots,0.7959999847412109,0.35200000762939454,0.030069900676608086,Niklas Süle,a,75,OpenPlay,2020,RightFoot,15298,Schalke 04,Bayern Munich,0,4,2021-01-24 14:30:00,Joshua Kimmich,Pass
2023,400906,52,BlockedShot,0.855999984741211,0.40599998474121096,0.05056089907884598,Niklas Süle,a,75,FromCorner,2020,RightFoot,15298,Schalke 04,Bayern Munich,0,4,2021-01-24 14:30:00,Serge Gnabry,Pass
2024,400916,65,BlockedShot,0.8719999694824219,0.295,0.06585440039634705,Niklas Süle,a,75,OpenPlay,2020,RightFoot,15298,Schalke 04,Bayern Munich,0,4,2021-01-24 14:30:00,Leon Goretzka,Pass
2025,402912,23,MissedShots,0.914000015258789,0.44599998474121094,0.026813799515366554,Niklas Süle,a,75,FromCorner,2020,Head,15315,Hertha Berlin,Bayern Munich,0,1,2021-02-05 19:30:00,Joshua Kimmich,Aerial
2026,405492,33,SavedShot,0.879000015258789,0.49599998474121093,0.03742029890418053,Niklas Süle,a,75,FromCorner,2020,Head,15332,Eintracht Frankfurt,Bayern Munich,2,1,2021-02-20 14:30:00,Joshua Kimmich,Cross
2027,405501,45,MissedShots,0.7380000305175781,0.35200000762939454,0.011173199862241745,Niklas Süle,a,75,OpenPlay,2020,RightFoot,15332,Eintracht Frankfurt,Bayern Munich,2,1,2021-02-20 14:30:00,Eric Maxim Choupo-Moting,BallTouch
2028,405500,49,MissedShots,0.8619999694824219,0.5729999923706055,0.01236180029809475,Niklas Süle,a,75,FromCorner,2020,Head,15332,Eintracht Frankfurt,Bayern Munich,2,1,2021-02-20 14:30:00,Joshua Kimmich,Aerial
2029,405511,83,MissedShots,0.7830000305175782,0.3160000038146973,0.0191383995115757,Niklas Süle,a,75,OpenPlay,2020,RightFoot,15332,Eintracht Frankfurt,Bayern Munich,2,1,2021-02-20 14:30:00,Leon Goretzka,BallTouch
2030,406730,14,MissedShots,0.7240000152587891,0.2979999923706055,0.014098599553108215,Niklas Süle,h,75,OpenPlay,2020,RightFoot,15338,Bayern Munich,FC Cologne,5,1,2021-02-27 14:30:00,David Alaba,Pass
2031,408705,58,MissedShots,0.895,0.47,0.03799010068178177,Niklas Süle,h,75,OpenPlay,2020,Head,15351,Bayern Munich,Borussia Dortmund,4,2,2021-03-06 17:30:00,Alphonso Davies,Aerial
2032,408710,81,MissedShots,0.9119999694824219,0.53,0.03395260125398636,Niklas Süle,h,75,FromCorner,2020,Head,15351,Bayern Munich,Borussia Dortmund,4,2,2021-03-06 17:30:00,Joshua Kimmich,Aerial
2033,408717,91,SavedShot,0.79,0.32299999237060545,0.03016830049455166,Niklas Süle,h,75,OpenPlay,2020,RightFoot,15351,Bayern Munich,Borussia Dortmund,4,2,2021-03-06 17:30:00,Leon Goretzka,Pass
2034,411386,51,MissedShots,0.725999984741211,0.48200000762939454,0.02224240079522133,Niklas Süle,h,75,OpenPlay,2020,RightFoot,15365,Bayern Munich,VfB Stuttgart,4,0,2021-03-20 14:30:00,Benjamin Pavard,Pass
2035,427788,23,SavedShot,0.8690000152587891,0.6120000076293945,0.07529190182685852,Niklas Süle,h,75,OpenPlay,2021,RightFoot,17533,Bayern Munich,FC Cologne,3,2,2021-08-22 15:30:00,Alphonso Davies,Pass
2036,428893,46,BlockedShot,0.8130000305175781,0.549000015258789,0.06257420033216476,Niklas Süle,h,75,OpenPlay,2021,RightFoot,17540,Bayern Munich,Hertha Berlin,5,0,2021-08-28 16:30:00,Jamal Musiala,BallRecovery
2037,430135,90,BlockedShot,0.745,0.335,0.020446300506591797,Niklas Süle,a,75,OpenPlay,2021,RightFoot,17548,RasenBallsport Leipzig,Bayern Munich,1,4,2021-09-11 16:30:00,Eric Maxim Choupo-Moting,Pass
2038,433096,70,SavedShot,0.5220000076293946,0.055,0.010213599540293217,Niklas Süle,a,75,OpenPlay,2021,RightFoot,17561,Greuther Fuerth,Bayern Munich,1,3,2021-09-24 18:30:00,,BallRecovery
2039,435630,24,MissedShots,0.96,0.375,0.11001800000667572,Niklas Süle,h,75,OpenPlay,2021,LeftFoot,17578,Bayern Munich,Eintracht Frankfurt,1,2,2021-10-03 15:30:00,Thomas Müller,TakeOn
2040,435642,62,BlockedShot,0.830999984741211,0.4209999847412109,0.06235339865088463,Niklas Süle,h,75,OpenPlay,2021,RightFoot,17578,Bayern Munich,Eintracht Frankfurt,1,2,2021-10-03 15:30:00,Serge Gnabry,Pass
2041,436914,33,BlockedShot,0.895,0.645,0.06972060352563858,Niklas Süle,a,75,SetPiece,2021,RightFoot,17585,Bayer Leverkusen,Bayern Munich,1,5,2021-10-17 13:30:00,Joshua Kimmich,TakeOn
2042,436926,62,MissedShots,0.955999984741211,0.4329999923706055,0.07113979756832123,Niklas Süle,a,75,SetPiece,2021,Head,17585,Bayer Leverkusen,Bayern Munich,1,5,2021-10-17 13:30:00,Leroy Sané,Aerial
2043,436929,67,SavedShot,0.7780000305175782,0.44099998474121094,0.04256080090999603,Niklas Süle,a,75,OpenPlay,2021,RightFoot,17585,Bayer Leverkusen,Bayern Munich,1,5,2021-10-17 13:30:00,Serge Gnabry,Pass
2044,436928,67,BlockedShot,0.7380000305175781,0.55,0.020294800400733948,Niklas Süle,a,75,OpenPlay,2021,RightFoot,17585,Bayer Leverkusen,Bayern Munich,1,5,2021-10-17 13:30:00,Joshua Kimmich,Pass
2045,440963,3,SavedShot,0.9119999694824219,0.4490000152587891,0.10140399634838104,Niklas Süle,h,75,FromCorner,2021,RightFoot,17614,Bayern Munich,Freiburg,2,1,2021-11-06 14:30:00,Leon Goretzka,Pass
2046,455324,31,MissedShots,0.91,0.5459999847412109,0.031473200768232346,Niklas Süle,a,75,FromCorner,2021,Head,17689,Hertha Berlin,Bayern Munich,1,4,2022-01-23 16:30:00,,Aerial
2047,457019,52,MissedShots,0.9080000305175782,0.285,0.04176799952983856,Niklas Süle,a,75,FromCorner,2021,RightFoot,17706,Bochum,Bayern Munich,4,2,2022-02-12 14:30:00,Serge Gnabry,Pass
2048,460964,17,Goal,0.9130000305175782,0.4209999847412109,0.0790565013885498,Niklas Süle,h,75,FromCorner,2021,RightFoot,17740,Bayern Munich,Bayer Leverkusen,1,1,2022-03-05 14:30:00,,BallTouch
2049,460982,69,MissedShots,0.9180000305175782,0.49400001525878906,0.09892299771308899,Niklas Süle,h,75,FromCorner,2021,RightFoot,17740,Bayern Munich,Bayer Leverkusen,1,1,2022-03-05 14:30:00,Joshua Kimmich,Cross
2050,462444,34,SavedShot,0.905,0.525,0.2452400028705597,Niklas Süle,a,75,SetPiece,2021,Head,17743,Hoffenheim,Bayern Munich,1,1,2022-03-12 14:30:00,Leroy Sané,Cross
2051,489925,38,MissedShots,0.8959999847412109,0.455,0.06741870194673538,Niklas Süle,a,75,FromCorner,2022,Head,19408,FC Cologne,Borussia Dortmund,3,2,2022-10-01 13:30:00,Raphael Guerreiro,Cross
2052,489929,44,MissedShots,0.909000015258789,0.46299999237060546,0.0283851008862257,Niklas Süle,a,75,FromCorner,2022,Head,19408,FC Cologne,Borussia Dortmund,3,2,2022-10-01 13:30:00,Donyell Malen,Aerial
2053,491749,39,BlockedShot,0.8280000305175781,0.4109999847412109,0.05256890133023262,Niklas Süle,h,75,OpenPlay,2022,LeftFoot,19414,Borussia Dortmund,Bayern Munich,2,2,2022-10-08 16:30:00,Raphael Guerreiro,Pass
2054,494991,12,Goal,0.925,0.524000015258789,0.45538198947906494,Niklas Süle,h,75,SetPiece,2022,RightFoot,19432,Borussia Dortmund,VfB Stuttgart,5,0,2022-10-22 13:30:00,Raphael Guerreiro,Cross
2055,494996,27,SavedShot,0.8380000305175781,0.2929999923706055,0.05296799913048744,Niklas Süle,h,75,OpenPlay,2022,LeftFoot,19432,Borussia Dortmund,VfB Stuttgart,5,0,2022-10-22 13:30:00,Jude Bellingham,Pass
2056,495011,79,BlockedShot,0.7580000305175781,0.47200000762939454,0.019022999331355095,Niklas Süle,h,75,FromCorner,2022,RightFoot,19432,Borussia Dortmund,VfB Stuttgart,5,0,2022-10-22 13:30:00,,None
2057,496737,31,BlockedShot,0.7780000305175782,0.4570000076293945,0.030556699261069298,Niklas Süle,a,75,OpenPlay,2022,RightFoot,19445,Eintracht Frankfurt,Borussia Dortmund,1,2,2022-10-29 16:30:00,Karim Adeyemi,Pass
2058,499009,41,MissedShots,0.9019999694824219,0.48700000762939455,0.07302919775247574,Niklas Süle,a,75,FromCorner,2022,RightFoot,19464,Wolfsburg,Borussia Dortmund,2,0,2022-11-08 17:30:00,Julian Brandt,Cross
2059,499010,45,ShotOnPost,0.9059999847412109,0.305,0.05525460094213486,Niklas Süle,a,75,OpenPlay,2022,RightFoot,19464,Wolfsburg,Borussia Dortmund,2,0,2022-11-08 17:30:00,Raphael Guerreiro,Pass
2060,499011,46,BlockedShot,0.91,0.5279999923706055,0.0812034010887146,Niklas Süle,a,75,FromCorner,2022,Head,19464,Wolfsburg,Borussia Dortmund,2,0,2022-11-08 17:30:00,Julian Brandt,Cross
2061,499756,39,SavedShot,0.9230000305175782,0.485,0.1117129996418953,Niklas Süle,a,75,FromCorner,2022,Head,19472,Borussia M.Gladbach,Borussia Dortmund,4,2,2022-11-11 19:30:00,Julian Brandt,Cross
2062,505432,7,SavedShot,0.7519999694824219,0.415,0.016767699271440506,Niklas Süle,a,75,FromCorner,2022,RightFoot,19489,Mainz 05,Borussia Dortmund,1,2,2023-01-25 17:30:00,Emre Can,TakeOn
2063,506289,12,MissedShots,0.874000015258789,0.6459999847412109,0.0537635013461113,Niklas Süle,a,75,SetPiece,2022,RightFoot,19496,Bayer Leverkusen,Borussia Dortmund,0,2,2023-01-29 16:30:00,,None
2064,506973,24,SavedShot,0.7169999694824218,0.41900001525878905,0.016220200806856155,Niklas Süle,h,75,OpenPlay,2022,RightFoot,19504,Borussia Dortmund,Freiburg,5,1,2023-02-04 14:30:00,Julian Brandt,Pass
2065,506989,68,MissedShots,0.7290000152587891,0.36700000762939455,0.015474299900233746,Niklas Süle,h,75,OpenPlay,2022,RightFoot,19504,Borussia Dortmund,Freiburg,5,1,2023-02-04 14:30:00,,None
2066,510727,18,MissedShots,0.905,0.5520000076293945,0.0626441016793251,Niklas Süle,a,75,FromCorner,2022,Head,19536,Hoffenheim,Borussia Dortmund,0,1,2023-02-25 14:30:00,Julian Brandt,Cross
2067,510734,37,MissedShots,0.764000015258789,0.32099998474121094,0.018771300092339516,Niklas Süle,a,75,OpenPlay,2022,RightFoot,19536,Hoffenheim,Borussia Dortmund,0,1,2023-02-25 14:30:00,,BallRecovery
2068,511780,67,BlockedShot,0.9069999694824219,0.6079999923706054,0.047313299030065536,Niklas Süle,h,75,FromCorner,2022,RightFoot,19540,Borussia Dortmund,RasenBallsport Leipzig,2,1,2023-03-03 19:30:00,Julian Brandt,Cross
2069,515253,88,ShotOnPost,0.9219999694824219,0.44799999237060545,0.09556499868631363,Niklas Süle,h,75,FromCorner,2022,Head,19558,Borussia Dortmund,FC Cologne,6,1,2023-03-18 17:30:00,Jude Bellingham,Cross
2070,516624,94,MissedShots,0.895,0.5129999923706055,0.09103430062532425,Niklas Süle,a,75,SetPiece,2022,Head,19574,Bayern Munich,Borussia Dortmund,4,2,2023-04-01 16:30:00,Raphael Guerreiro,Cross
2071,517965,52,BlockedShot,0.874000015258789,0.51,0.014348099939525127,Niklas Süle,h,75,SetPiece,2022,Head,19576,Borussia Dortmund,Union Berlin,2,1,2023-04-08 13:30:00,Raphael Guerreiro,Aerial
2072,517968,62,MissedShots,0.935,0.515,0.12549300491809845,Niklas Süle,h,75,FromCorner,2022,Head,19576,Borussia Dortmund,Union Berlin,2,1,2023-04-08 13:30:00,Julian Brandt,Cross
2073,522489,89,BlockedShot,0.850999984741211,0.5029999923706054,0.055116649717092514,Niklas Süle,a,75,FromCorner,2022,LeftFoot,19609,Bochum,Borussia Dortmund,1,1,2023-04-28 18:30:00,Emre Can,Pass
2074,522488,89,BlockedShot,0.8690000152587891,0.5790000152587891,0.06587257981300354,Niklas Süle,a,75,FromCorner,2022,RightFoot,19609,Bochum,Borussia Dortmund,1,1,2023-04-28 18:30:00,,None
2075,525183,49,MissedShots,0.8,0.4470000076293945,0.05447245016694069,Niklas Süle,h,75,OpenPlay,2022,RightFoot,19612,Borussia Dortmund,Wolfsburg,6,0,2023-05-07 15:30:00,Marius Wolf,Pass
2076,525196,80,MissedShots,0.8030000305175782,0.6759999847412109,0.03142356127500534,Niklas Süle,h,75,OpenPlay,2022,RightFoot,19612,Borussia Dortmund,Wolfsburg,6,0,2023-05-07 15:30:00,Marco Reus,Pass
2077,526208,36,MissedShots,0.8619999694824219,0.504000015258789,0.07187499850988388,Niklas Süle,h,75,FromCorner,2022,RightFoot,19622,Borussia Dortmund,Borussia M.Gladbach,5,2,2023-05-13 16:30:00,Emre Can,HeadPass
2078,526221,60,MissedShots,0.7290000152587891,0.42700000762939455,0.02149556390941143,Niklas Süle,h,75,OpenPlay,2022,RightFoot,19622,Borussia Dortmund,Borussia M.Gladbach,5,2,2023-05-13 16:30:00,Emre Can,Pass
2079,526232,89,MissedShots,0.789000015258789,0.46599998474121096,0.03865836188197136,Niklas Süle,h,75,FromCorner,2022,RightFoot,19622,Borussia Dortmund,Borussia M.Gladbach,5,2,2023-05-13 16:30:00,Karim Adeyemi,Pass
2080,528158,39,ShotOnPost,0.960999984741211,0.4520000076293945,0.5211162567138672,Niklas Süle,a,75,SetPiece,2022,Head,19635,Augsburg,Borussia Dortmund,0,3,2023-05-21 15:30:00,Raphael Guerreiro,Aerial
2081,528874,6,SavedShot,0.9030000305175782,0.6020000076293945,0.04815533012151718,Niklas Süle,h,75,FromCorner,2022,RightFoot,19639,Borussia Dortmund,Mainz 05,2,2,2023-05-27 13:30:00,Julian Brandt,Cross
2082,528883,42,BlockedShot,0.7390000152587891,0.3920000076293945,0.014517293311655521,Niklas Süle,h,75,OpenPlay,2022,RightFoot,19639,Borussia Dortmund,Mainz 05,2,2,2023-05-27 13:30:00,Emre Can,Pass
2083,528887,46,MissedShots,0.894000015258789,0.62,0.017812393605709076,Niklas Süle,h,75,FromCorner,2022,Head,19639,Borussia Dortmund,Mainz 05,2,2,2023-05-27 13:30:00,Julian Brandt,Cross
2084,528910,95,Goal,0.88,0.405,0.10678659379482269,Niklas Süle,h,75,OpenPlay,2022,LeftFoot,19639,Borussia Dortmund,Mainz 05,2,2,2023-05-27 13:30:00,Giovanni Reyna,TakeOn
2085,533421,85,BlockedShot,0.875999984741211,0.5279999923706055,0.031896404922008514,Niklas Süle,h,75,FromCorner,2023,Head,23071,Borussia Dortmund,FC Cologne,1,0,2023-08-19 16:30:00,Julian Brandt,Cross
2086,548338,80,MissedShots,0.7619999694824219,0.32799999237060545,0.01928393915295601,Niklas Süle,a,75,OpenPlay,2023,RightFoot,23162,VfB Stuttgart,Borussia Dortmund,2,1,2023-11-11 14:30:00,Marco Reus,Pass
2087,553149,50,Goal,0.9590000152587891,0.4640000152587891,0.5040683150291443,Niklas Süle,h,75,FromCorner,2023,RightFoot,23182,Borussia Dortmund,RasenBallsport Leipzig,2,3,2023-12-09 17:30:00,Julian Brandt,Cross
2088,553170,93,BlockedShot,0.855999984741211,0.3729999923706055,0.0519062764942646,Niklas Süle,h,75,OpenPlay,2023,RightFoot,23182,Borussia Dortmund,RasenBallsport Leipzig,2,3,2023-12-09 17:30:00,,None
2089,554182,61,BlockedShot,0.6990000152587891,0.5,0.014114085584878922,Niklas Süle,a,75,OpenPlay,2023,RightFoot,23198,Augsburg,Borussia Dortmund,1,1,2023-12-16 14:30:00,Julian Brandt,Pass
2090,555281,92,BlockedShot,0.92,0.43099998474121093,0.024780798703432083,Niklas Süle,h,75,FromCorner,2023,Head,23200,Borussia Dortmund,Mainz 05,1,1,2023-12-19 19:30:00,Julian Brandt,Aerial
2091,560346,21,MissedShots,0.9519999694824218,0.47,0.09113892912864685,Niklas Süle,h,75,FromCorner,2023,Head,23227,Borussia Dortmund,Bochum,3,1,2024-01-28 16:30:00,,None
2092,586337,62,SavedShot,0.7969999694824219,0.605,0.03863631561398506,Niklas Süle,h,75,OpenPlay,2024,RightFoot,27748,Borussia Dortmund,Eintracht Frankfurt,2,0,2024-08-24 16:30:00,Maximilian Beier,Pass
2093,586343,81,MissedShots,0.9769999694824218,0.4229999923706055,0.10204999148845673,Niklas Süle,h,75,FromCorner,2024,Head,27748,Borussia Dortmund,Eintracht Frankfurt,2,0,2024-08-24 16:30:00,Pascal Groß,Cross
2094,593106,37,MissedShots,0.924000015258789,0.38,0.011711657978594303,Niklas Süle,a,75,SetPiece,2024,Head,27776,VfB Stuttgart,Borussia Dortmund,5,1,2024-09-22 15:30:00,Pascal Groß,Aerial
2095,593108,48,MissedShots,0.9519999694824218,0.43400001525878906,0.06135499104857445,Niklas Süle,a,75,FromCorner,2024,Head,27776,VfB Stuttgart,Borussia Dortmund,5,1,2024-09-22 15:30:00,,Aerial
2096,593676,88,MissedShots,0.815,0.46,0.08238677680492401,Niklas Süle,h,75,OpenPlay,2024,RightFoot,27778,Borussia Dortmund,Bochum,4,2,2024-09-27 18:30:00,Karim Adeyemi,Pass
2097,82808,50,MissedShots,0.6919999694824219,0.41200000762939454,0.014362200163304806,Waldemar Anton,a,106,OpenPlay,2015,LeftFoot,1273,Hertha Berlin,Hannover 96,2,2,2016-04-08 22:30:00,Hiroshi Kiyotake,Pass
2098,82955,12,MissedShots,0.7040000152587891,0.34,0.013637900352478027,Waldemar Anton,h,106,OpenPlay,2015,LeftFoot,1282,Hannover 96,Borussia M.Gladbach,2,0,2016-04-15 22:30:00,Hiroshi Kiyotake,Pass
2099,82963,48,Goal,0.9169999694824219,0.3139999961853027,0.059306301176548004,Waldemar Anton,h,106,OpenPlay,2015,RightFoot,1282,Hannover 96,Borussia M.Gladbach,2,0,2016-04-15 22:30:00,Noah Joel Sarenren Bazee,Cross
2100,83411,4,MissedShots,0.904000015258789,0.6309999847412109,0.01750369928777218,Waldemar Anton,h,106,FromCorner,2015,Head,1301,Hannover 96,Schalke 04,1,3,2016-04-30 17:30:00,Hiroshi Kiyotake,Cross
2101,83773,43,MissedShots,0.945,0.41900001525878905,0.34600600600242615,Waldemar Anton,a,106,SetPiece,2015,RightFoot,1319,Bayern Munich,Hannover 96,3,1,2016-05-14 17:30:00,Miiko Albornoz,Chipped
2102,83780,59,MissedShots,0.9080000305175782,0.4929999923706055,0.08385349810123444,Waldemar Anton,a,106,FromCorner,2015,Head,1319,Bayern Munich,Hannover 96,3,1,2016-05-14 17:30:00,Felix Klaus,Cross
2103,166182,22,BlockedShot,0.7069999694824218,0.54,0.01169539988040924,Waldemar Anton,h,106,OpenPlay,2017,RightFoot,8276,Hannover 96,Schalke 04,1,0,2017-08-27 17:00:00,,Rebound
2104,166188,32,MissedShots,0.7609999847412109,0.615,0.019818700850009918,Waldemar Anton,h,106,OpenPlay,2017,RightFoot,8276,Hannover 96,Schalke 04,1,0,2017-08-27 17:00:00,Felix Klaus,Pass
2105,167099,10,MissedShots,0.9030000305175782,0.5429999923706055,0.021344799548387527,Waldemar Anton,a,106,FromCorner,2017,Head,8315,Borussia M.Gladbach,Hannover 96,2,1,2017-09-30 14:30:00,Pirmin Schwegler,Aerial
2106,167111,46,MissedShots,0.9259999847412109,0.4490000152587891,0.0985305979847908,Waldemar Anton,a,106,FromCorner,2017,Head,8315,Borussia M.Gladbach,Hannover 96,2,1,2017-09-30 14:30:00,Pirmin Schwegler,Cross
2107,168319,58,MissedShots,0.6719999694824219,0.47200000762939454,0.012490999884903431,Waldemar Anton,a,106,OpenPlay,2017,RightFoot,8337,Augsburg,Hannover 96,1,2,2017-10-21 14:30:00,Salif Sané,Pass
2108,168821,89,MissedShots,0.725999984741211,0.7719999694824219,0.013516799546778202,Waldemar Anton,h,106,FromCorner,2017,RightFoot,8347,Hannover 96,Borussia Dortmund,4,2,2017-10-28 14:30:00,Pirmin Schwegler,Pass
2109,167398,61,MissedShots,0.845999984741211,0.6619999694824219,0.02963690087199211,Waldemar Anton,a,106,SetPiece,2017,RightFoot,8349,RasenBallsport Leipzig,Hannover 96,2,1,2017-11-04 14:30:00,Ihlas Bebou,Pass
2110,168686,35,BlockedShot,0.9590000152587891,0.44299999237060544,0.5573660135269165,Waldemar Anton,h,106,FromCorner,2017,RightFoot,8375,Hannover 96,VfB Stuttgart,1,1,2017-11-24 19:30:00,Marvin Bakalorz,None
2111,179769,4,MissedShots,0.9080000305175782,0.41900001525878905,0.07083459943532944,Waldemar Anton,h,106,SetPiece,2017,Head,8388,Hannover 96,Hoffenheim,2,0,2017-12-10 14:30:00,Felix Klaus,Cross
2112,183948,20,SavedShot,0.8690000152587891,0.45599998474121095,0.0357539989054203,Waldemar Anton,a,106,FromCorner,2017,Head,8396,Hertha Berlin,Hannover 96,3,1,2017-12-13 19:30:00,Julian Korb,Cross
2113,183842,61,BlockedShot,0.9519999694824218,0.48,0.19618000090122223,Waldemar Anton,h,106,FromCorner,2017,Head,8411,Hannover 96,Bayer Leverkusen,4,4,2017-12-17 14:30:00,Ihlas Bebou,CornerAwarded
2114,187283,18,SavedShot,0.97,0.6029999923706054,0.03920489922165871,Waldemar Anton,h,106,FromCorner,2017,Head,8419,Hannover 96,Mainz 05,3,2,2018-01-13 14:30:00,Ihlas Bebou,HeadPass
2115,190461,79,MissedShots,0.93,0.504000015258789,0.12177900224924088,Waldemar Anton,h,106,FromCorner,2017,Head,8437,Hannover 96,Wolfsburg,0,1,2018-01-28 17:00:00,Felix Klaus,Cross
2116,196030,26,BlockedShot,0.764000015258789,0.49,0.027764499187469482,Waldemar Anton,h,106,OpenPlay,2017,RightFoot,8449,Hannover 96,Freiburg,2,1,2018-02-10 14:30:00,Niclas Füllkrug,Pass
2117,196031,27,Goal,0.8219999694824218,0.43099998474121093,0.052953898906707764,Waldemar Anton,h,106,OpenPlay,2017,RightFoot,8449,Hannover 96,Freiburg,2,1,2018-02-10 14:30:00,,None
2118,196034,35,MissedShots,0.9059999847412109,0.4470000076293945,0.06477759778499603,Waldemar Anton,h,106,FromCorner,2017,Head,8449,Hannover 96,Freiburg,2,1,2018-02-10 14:30:00,Felix Klaus,Cross
2119,197234,75,MissedShots,0.750999984741211,0.5129999923706055,0.011228200048208237,Waldemar Anton,h,106,OpenPlay,2017,LeftFoot,8472,Hannover 96,Borussia M.Gladbach,0,1,2018-02-24 14:30:00,,Aerial
2120,197236,77,SavedShot,0.9330000305175781,0.5520000076293945,0.3189629912376404,Waldemar Anton,h,106,FromCorner,2017,Head,8472,Hannover 96,Borussia M.Gladbach,0,1,2018-02-24 14:30:00,Sebastian Maier,Cross
2121,197240,86,MissedShots,0.875999984741211,0.34200000762939453,0.064894899725914,Waldemar Anton,h,106,OpenPlay,2017,LeftFoot,8472,Hannover 96,Borussia M.Gladbach,0,1,2018-02-24 14:30:00,Jonathas,Pass
2122,197242,88,BlockedShot,0.835999984741211,0.45799999237060546,0.0658482015132904,Waldemar Anton,h,106,SetPiece,2017,RightFoot,8472,Hannover 96,Borussia M.Gladbach,0,1,2018-02-24 14:30:00,Niclas Füllkrug,Pass
2123,199886,62,SavedShot,0.88,0.5370000076293945,0.04684180021286011,Waldemar Anton,h,106,SetPiece,2017,Head,8488,Hannover 96,Augsburg,1,3,2018-03-10 14:30:00,Felipe,Chipped
2124,199890,80,MissedShots,0.7080000305175781,0.485,0.016451500356197357,Waldemar Anton,h,106,OpenPlay,2017,RightFoot,8488,Hannover 96,Augsburg,1,3,2018-03-10 14:30:00,Pirmin Schwegler,Pass
2125,201927,94,MissedShots,0.915,0.6090000152587891,0.04617840051651001,Waldemar Anton,a,106,SetPiece,2017,Head,8493,Borussia Dortmund,Hannover 96,1,0,2018-03-18 12:30:00,Pirmin Schwegler,Chipped
2126,219985,61,MissedShots,0.9330000305175781,0.49599998474121093,0.12561500072479248,Waldemar Anton,a,106,FromCorner,2018,RightFoot,10341,Werder Bremen,Hannover 96,1,1,2018-08-25 16:30:00,Ihlas Bebou,Cross
2127,221339,77,BlockedShot,0.9069999694824219,0.534000015258789,0.10691499710083008,Waldemar Anton,h,106,FromCorner,2018,RightFoot,10346,Hannover 96,Borussia Dortmund,0,0,2018-08-31 21:30:00,Ihlas Bebou,HeadPass
2128,223413,89,BlockedShot,0.8540000152587891,0.615,0.011096499860286713,Waldemar Anton,a,106,FromCorner,2018,Head,10356,RasenBallsport Leipzig,Hannover 96,3,2,2018-09-15 13:30:00,Ihlas Bebou,Cross
2129,223415,93,SavedShot,0.9280000305175782,0.5720000076293945,0.02979009971022606,Waldemar Anton,a,106,FromCorner,2018,Head,10356,RasenBallsport Leipzig,Hannover 96,3,2,2018-09-15 13:30:00,Ihlas Bebou,Aerial
2130,225017,75,OwnGoal,0.029000000953674318,0.4809999847412109,0,Waldemar Anton,a,106,FromCorner,2018,RightFoot,10369,Nuernberg,Hannover 96,2,0,2018-09-22 13:30:00,,CornerAwarded
2131,225019,79,MissedShots,0.9330000305175781,0.4329999923706055,0.11575199663639069,Waldemar Anton,a,106,SetPiece,2018,Head,10369,Nuernberg,Hannover 96,2,0,2018-09-22 13:30:00,Pirmin Schwegler,Cross
2132,226275,90,SavedShot,0.9069999694824219,0.3160000038146973,0.0614532008767128,Waldemar Anton,h,106,OpenPlay,2018,LeftFoot,10374,Hannover 96,Hoffenheim,1,3,2018-09-25 18:30:00,Oliver Sorg,TakeOn
2133,255261,79,MissedShots,0.955,0.53,0.08209650218486786,Waldemar Anton,h,106,FromCorner,2018,Head,10396,Hannover 96,VfB Stuttgart,3,1,2018-10-06 13:30:00,Pirmin Schwegler,Aerial
2134,256662,67,MissedShots,0.750999984741211,0.415,0.013427100144326687,Waldemar Anton,a,106,OpenPlay,2018,RightFoot,10439,Borussia M.Gladbach,Hannover 96,4,1,2018-11-25 17:00:00,,None
2135,256759,76,MissedShots,0.740999984741211,0.41700000762939454,0.024115800857543945,Waldemar Anton,h,106,OpenPlay,2018,LeftFoot,10451,Hannover 96,Hertha Berlin,0,2,2018-12-01 14:30:00,Pirmin Schwegler,TakeOn
2136,256823,4,MissedShots,0.9069999694824219,0.5320000076293945,0.045930199325084686,Waldemar Anton,h,106,SetPiece,2018,Head,10469,Hannover 96,Bayern Munich,0,4,2018-12-15 14:30:00,Pirmin Schwegler,Aerial
2137,257595,46,MissedShots,0.9319999694824219,0.5920000076293945,0.037440698593854904,Waldemar Anton,a,106,FromCorner,2018,Head,10475,Freiburg,Hannover 96,1,1,2018-12-19 19:30:00,Walace,Rebound
2138,257693,26,MissedShots,0.865999984741211,0.27899999618530275,0.026870999485254288,Waldemar Anton,h,106,SetPiece,2018,LeftFoot,10489,Hannover 96,Fortuna Duesseldorf,0,1,2018-12-22 14:30:00,,None
2139,278368,9,MissedShots,0.91,0.605999984741211,0.04857359826564789,Waldemar Anton,h,106,SetPiece,2018,Head,10494,Hannover 96,Werder Bremen,0,1,2019-01-19 14:30:00,Pirmin Schwegler,Chipped
2140,278536,1,MissedShots,0.9130000305175782,0.5640000152587891,0.0673426017165184,Waldemar Anton,a,106,FromCorner,2018,RightFoot,10500,Borussia Dortmund,Hannover 96,5,1,2019-01-26 14:30:00,Iver Fossum,Cross
2141,278773,75,MissedShots,0.88,0.7480000305175781,0.028490500524640083,Waldemar Anton,h,106,SetPiece,2018,LeftFoot,10513,Hannover 96,RasenBallsport Leipzig,0,3,2019-02-01 19:30:00,Walace,HeadPass
2142,279035,11,MissedShots,0.895,0.5970000076293945,0.01186820026487112,Waldemar Anton,h,106,SetPiece,2018,Head,10522,Hannover 96,Nuernberg,2,0,2019-02-09 14:30:00,Nicolai Müller,Aerial
2143,279045,35,MissedShots,0.7330000305175781,0.639000015258789,0.014736199751496315,Waldemar Anton,h,106,OpenPlay,2018,RightFoot,10522,Hannover 96,Nuernberg,2,0,2019-02-09 14:30:00,Nicolai Müller,Pass
2144,285307,90,BlockedShot,0.8490000152587891,0.35200000762939454,0.042997200042009354,Waldemar Anton,h,106,SetPiece,2018,RightFoot,10561,Hannover 96,Bayer Leverkusen,2,3,2019-03-10 17:00:00,,None
2145,296064,38,MissedShots,0.9080000305175782,0.62,0.009871319867670536,Waldemar Anton,a,106,SetPiece,2018,Head,10603,Hertha Berlin,Hannover 96,0,0,2019-04-21 17:00:00,Pirmin Schwegler,Aerial
2146,296067,45,SavedShot,0.879000015258789,0.6909999847412109,0.04448829963803291,Waldemar Anton,a,106,FromCorner,2018,RightFoot,10603,Hertha Berlin,Hannover 96,0,0,2019-04-21 17:00:00,Matthias Ostrzolek,Pass
2147,297267,85,BlockedShot,0.8580000305175781,0.53,0.056533098220825195,Waldemar Anton,h,106,FromCorner,2018,RightFoot,10613,Hannover 96,Mainz 05,1,0,2019-04-27 14:30:00,Hendrik Weydandt,BallTouch
2148,300655,38,Goal,0.9230000305175782,0.415,0.14504200220108032,Waldemar Anton,h,106,SetPiece,2018,Head,10632,Hannover 96,Freiburg,3,0,2019-05-11 14:30:00,Edgar Prib,Cross
2149,302306,18,MissedShots,0.93,0.5829999923706055,0.06855949759483337,Waldemar Anton,a,106,SetPiece,2018,Head,10640,Fortuna Duesseldorf,Hannover 96,2,1,2019-05-18 13:30:00,Edgar Prib,Chipped
2150,378834,77,SavedShot,0.905,0.539000015258789,0.06819090247154236,Waldemar Anton,a,106,SetPiece,2020,Head,14183,Mainz 05,VfB Stuttgart,1,4,2020-09-26 13:30:00,Daniel Didavi,Chipped
2151,387277,43,MissedShots,0.9009999847412109,0.4829999923706055,0.07133329659700394,Waldemar Anton,a,106,FromCorner,2020,RightFoot,15205,Hoffenheim,VfB Stuttgart,3,3,2020-11-21 14:30:00,Gonzalo Castro,Cross
2152,388733,84,MissedShots,0.875,0.26799999237060546,0.03514689952135086,Waldemar Anton,h,106,OpenPlay,2020,RightFoot,15220,VfB Stuttgart,Bayern Munich,1,3,2020-11-28 14:30:00,Silas Wamangituka,Pass
2153,396590,84,SavedShot,0.8819999694824219,0.48400001525878905,0.4182629883289337,Waldemar Anton,h,106,OpenPlay,2020,RightFoot,15265,VfB Stuttgart,RasenBallsport Leipzig,0,1,2021-01-02 19:30:00,Nicolás González,Pass
2154,398370,24,SavedShot,0.875,0.5729999923706055,0.045806098729372025,Waldemar Anton,a,106,FromCorner,2020,RightFoot,15273,Augsburg,VfB Stuttgart,1,4,2021-01-10 14:30:00,Gonzalo Castro,Cross
2155,399081,53,BlockedShot,0.9030000305175782,0.5970000076293945,0.05080290138721466,Waldemar Anton,h,106,FromCorner,2020,RightFoot,15283,VfB Stuttgart,Borussia M.Gladbach,2,2,2021-01-16 17:30:00,Gonzalo Castro,Cross
2156,399985,40,MissedShots,0.73,0.38299999237060545,0.01777469925582409,Waldemar Anton,a,106,OpenPlay,2020,RightFoot,15292,Arminia Bielefeld,VfB Stuttgart,3,0,2021-01-20 19:30:00,Marc-Oliver Kempf,Pass
2157,404264,71,MissedShots,0.735999984741211,0.605,0.020653700456023216,Waldemar Anton,h,106,OpenPlay,2020,RightFoot,15328,VfB Stuttgart,Hertha Berlin,1,1,2021-02-13 14:30:00,,None
2158,406678,19,MissedShots,0.8719999694824219,0.6079999923706054,0.06292130053043365,Waldemar Anton,h,106,SetPiece,2020,LeftFoot,15346,VfB Stuttgart,Schalke 04,5,1,2021-02-27 14:30:00,,None
2159,421803,2,SavedShot,0.8959999847412109,0.4909999847412109,0.06538979709148407,Waldemar Anton,a,106,SetPiece,2020,Head,15429,Borussia M.Gladbach,VfB Stuttgart,1,2,2021-05-15 13:30:00,Borna Sosa,Chipped
2160,423430,15,BlockedShot,0.9440000152587891,0.4640000152587891,0.12846499681472778,Waldemar Anton,h,106,FromCorner,2020,Head,15445,VfB Stuttgart,Arminia Bielefeld,0,2,2021-05-22 13:30:00,Philipp Klement,Cross
2161,423441,67,MissedShots,0.89,0.41900001525878905,0.029853900894522667,Waldemar Anton,h,106,FromCorner,2020,Head,15445,VfB Stuttgart,Arminia Bielefeld,0,2,2021-05-22 13:30:00,Gonzalo Castro,Cross
2162,425732,63,MissedShots,0.9259999847412109,0.47,0.06719029694795609,Waldemar Anton,h,106,FromCorner,2021,RightFoot,17519,VfB Stuttgart,Greuther Fuerth,5,1,2021-08-14 13:30:00,Philipp Förster,Aerial
2163,428513,51,BlockedShot,0.879000015258789,0.36400001525878906,0.05287310108542442,Waldemar Anton,h,106,FromCorner,2021,RightFoot,17539,VfB Stuttgart,Freiburg,2,3,2021-08-28 13:30:00,Philipp Förster,Pass
2164,454258,8,MissedShots,0.8730000305175781,0.47099998474121096,0.0638125017285347,Waldemar Anton,a,106,FromCorner,2021,RightFoot,17549,Eintracht Frankfurt,VfB Stuttgart,1,1,2021-09-12 13:30:00,Omar Marmoush,Pass
2165,434810,23,MissedShots,0.8880000305175781,0.5359999847412109,0.045204900205135345,Waldemar Anton,h,106,FromCorner,2021,Head,17574,VfB Stuttgart,Hoffenheim,3,1,2021-10-02 13:30:00,Omar Marmoush,Cross
2166,441005,15,SavedShot,0.9119999694824219,0.49900001525878906,0.3779830038547516,Waldemar Anton,h,106,SetPiece,2021,RightFoot,17611,VfB Stuttgart,Arminia Bielefeld,0,1,2021-11-06 14:30:00,Borna Sosa,Chipped
2167,442383,60,MissedShots,0.7730000305175782,0.38299999237060545,0.02249169908463955,Waldemar Anton,a,106,OpenPlay,2021,RightFoot,17623,Borussia Dortmund,VfB Stuttgart,2,1,2021-11-20 14:30:00,,BallRecovery
2168,446893,47,MissedShots,0.9059999847412109,0.46599998474121096,0.07300160080194473,Waldemar Anton,h,106,FromCorner,2021,Head,17637,VfB Stuttgart,Hertha Berlin,2,2,2021-12-05 14:30:00,Borna Sosa,Cross
2169,447916,9,MissedShots,0.894000015258789,0.6329999923706054,0.011095600202679634,Waldemar Anton,a,106,FromCorner,2021,Head,17648,Wolfsburg,VfB Stuttgart,0,2,2021-12-11 17:30:00,Atakan Karazor,Aerial
2170,448788,55,MissedShots,0.8830000305175781,0.4979999923706055,0.02708359993994236,Waldemar Anton,h,106,SetPiece,2021,Head,17654,VfB Stuttgart,Bayern Munich,0,5,2021-12-14 17:30:00,,Aerial
2171,449842,51,BlockedShot,0.9490000152587891,0.47900001525878905,0.05938280001282692,Waldemar Anton,a,106,FromCorner,2021,Head,17662,FC Cologne,VfB Stuttgart,1,0,2021-12-19 16:30:00,Chris Führich,Foul
2172,452094,84,SavedShot,0.7369999694824219,0.585,0.018601400777697563,Waldemar Anton,a,106,OpenPlay,2021,LeftFoot,17669,Greuther Fuerth,VfB Stuttgart,0,0,2022-01-08 14:30:00,Pascal Stenzel,Pass
2173,453186,66,SavedShot,0.9180000305175782,0.49,0.3425790071487427,Waldemar Anton,h,106,SetPiece,2021,Head,17682,VfB Stuttgart,RasenBallsport Leipzig,0,2,2022-01-15 14:30:00,Chris Führich,Cross
2174,454538,57,MissedShots,0.9580000305175781,0.57,0.0640081986784935,Waldemar Anton,a,106,FromCorner,2021,Head,17691,Freiburg,VfB Stuttgart,2,0,2022-01-22 14:30:00,Sasa Kalajdzic,HeadPass
2175,455701,28,MissedShots,0.9330000305175781,0.500999984741211,0.06757809966802597,Waldemar Anton,h,106,FromCorner,2021,Head,17701,VfB Stuttgart,Eintracht Frankfurt,2,3,2022-02-05 14:30:00,Chris Führich,Aerial
2176,455709,41,Goal,0.924000015258789,0.4879999923706055,0.35290101170539856,Waldemar Anton,h,106,SetPiece,2021,OtherBodyPart,17701,VfB Stuttgart,Eintracht Frankfurt,2,3,2022-02-05 14:30:00,Chris Führich,Cross
2177,458144,13,MissedShots,0.9159999847412109,0.4829999923706055,0.09360899776220322,Waldemar Anton,h,106,FromCorner,2021,RightFoot,17719,VfB Stuttgart,Bochum,1,1,2022-02-19 14:30:00,Borna Sosa,Cross
2178,462421,53,MissedShots,0.8159999847412109,0.6179999923706054,0.03956979885697365,Waldemar Anton,a,106,SetPiece,2021,RightFoot,17746,Union Berlin,VfB Stuttgart,1,1,2022-03-12 14:30:00,Konstantinos Mavropanos,BallTouch
2179,463937,43,Goal,0.93,0.5129999923706055,0.13340400159358978,Waldemar Anton,h,106,SetPiece,2021,Head,17755,VfB Stuttgart,Augsburg,3,2,2022-03-19 14:30:00,Borna Sosa,Cross
2180,471502,27,BlockedShot,0.84,0.6680000305175782,0.035923101007938385,Waldemar Anton,h,106,FromCorner,2021,RightFoot,17799,VfB Stuttgart,Wolfsburg,1,1,2022-04-30 13:30:00,Borna Sosa,HeadPass
2181,471504,28,MissedShots,0.8619999694824219,0.40200000762939453,0.019733399152755737,Waldemar Anton,h,106,FromCorner,2021,Head,17799,VfB Stuttgart,Wolfsburg,1,1,2022-04-30 13:30:00,Omar Marmoush,Cross
2182,471512,42,BlockedShot,0.925,0.3220000076293945,0.047905199229717255,Waldemar Anton,h,106,FromCorner,2021,RightFoot,17799,VfB Stuttgart,Wolfsburg,1,1,2022-04-30 13:30:00,,None
2183,471517,66,BlockedShot,0.7190000152587891,0.5879999923706055,0.013455700129270554,Waldemar Anton,h,106,OpenPlay,2021,RightFoot,17799,VfB Stuttgart,Wolfsburg,1,1,2022-04-30 13:30:00,,BallRecovery
2184,471528,94,MissedShots,0.8730000305175781,0.42200000762939455,0.058327000588178635,Waldemar Anton,h,106,FromCorner,2021,RightFoot,17799,VfB Stuttgart,Wolfsburg,1,1,2022-04-30 13:30:00,Chris Führich,Pass
2185,474325,47,SavedShot,0.8019999694824219,0.3170000076293945,0.03458930179476738,Waldemar Anton,a,106,OpenPlay,2021,RightFoot,17812,Bayern Munich,VfB Stuttgart,2,2,2022-05-08 15:30:00,,TakeOn
2186,480266,62,SavedShot,0.66,0.575999984741211,0.010896599851548672,Waldemar Anton,a,106,OpenPlay,2022,RightFoot,19354,Werder Bremen,VfB Stuttgart,2,2,2022-08-13 13:30:00,Naouirou Ahamada,Pass
2187,481733,60,MissedShots,0.7019999694824218,0.485,0.016047600656747818,Waldemar Anton,h,106,OpenPlay,2022,LeftFoot,19363,VfB Stuttgart,Freiburg,0,1,2022-08-20 13:30:00,Hiroki Ito,Pass
2188,481745,97,MissedShots,0.8540000152587891,0.4809999847412109,0.009272330440580845,Waldemar Anton,h,106,OpenPlay,2022,Head,19363,VfB Stuttgart,Freiburg,0,1,2022-08-20 13:30:00,Florian Müller,Aerial
2189,488684,70,MissedShots,0.9019999694824219,0.6079999923706054,0.03628230094909668,Waldemar Anton,h,106,FromCorner,2022,Head,19400,VfB Stuttgart,Eintracht Frankfurt,1,3,2022-09-17 13:30:00,,None
2190,496407,86,SavedShot,0.9259999847412109,0.524000015258789,0.1086919978260994,Waldemar Anton,h,106,FromCorner,2022,Head,19447,VfB Stuttgart,Augsburg,2,1,2022-10-29 13:30:00,Borna Sosa,Cross
2191,496410,90,Goal,0.92,0.41700000762939454,0.4135420024394989,Waldemar Anton,h,106,OpenPlay,2022,RightFoot,19447,VfB Stuttgart,Augsburg,2,1,2022-10-29 13:30:00,Tiago Tomás,Throughball
2192,499194,12,MissedShots,0.715,0.48200000762939454,0.020669100806117058,Waldemar Anton,h,106,OpenPlay,2022,RightFoot,19466,VfB Stuttgart,Hertha Berlin,2,1,2022-11-08 19:30:00,Wataru Endo,Pass
2193,499218,96,BlockedShot,0.855,0.445,0.0925614982843399,Waldemar Anton,h,106,OpenPlay,2022,LeftFoot,19466,VfB Stuttgart,Hertha Berlin,2,1,2022-11-08 19:30:00,Naouirou Ahamada,Pass
2194,504512,52,BlockedShot,0.86,0.40599998474121096,0.08375100046396255,Waldemar Anton,h,106,OpenPlay,2022,LeftFoot,19485,VfB Stuttgart,Mainz 05,1,1,2023-01-21 14:30:00,Silas Wamangituka,Pass
2195,504516,57,BlockedShot,0.865,0.43599998474121093,0.08396779745817184,Waldemar Anton,h,106,OpenPlay,2022,LeftFoot,19485,VfB Stuttgart,Mainz 05,1,1,2023-01-21 14:30:00,,BallTouch
2196,504519,66,BlockedShot,0.895,0.43099998474121093,0.04053730145096779,Waldemar Anton,h,106,FromCorner,2022,Head,19485,VfB Stuttgart,Mainz 05,1,1,2023-01-21 14:30:00,Hiroki Ito,Cross
2197,505373,73,MissedShots,0.855999984741211,0.49900001525878906,0.019835500046610832,Waldemar Anton,a,106,OpenPlay,2022,Head,19490,Hoffenheim,VfB Stuttgart,2,2,2023-01-24 19:30:00,Nikolas Nartey,Cross
2198,507663,36,MissedShots,0.7530000305175781,0.30100000381469727,0.012058500200510025,Waldemar Anton,h,106,OpenPlay,2022,LeftFoot,19512,VfB Stuttgart,Werder Bremen,0,2,2023-02-05 14:30:00,Genki Haraguchi,HeadPass
2199,507678,86,SavedShot,0.9290000152587891,0.45,0.06744640320539474,Waldemar Anton,h,106,OpenPlay,2022,Head,19512,VfB Stuttgart,Werder Bremen,0,2,2023-02-05 14:30:00,Borna Sosa,Aerial
2200,508352,63,BlockedShot,0.889000015258789,0.4370000076293945,0.060607001185417175,Waldemar Anton,a,106,SetPiece,2022,Head,19515,Freiburg,VfB Stuttgart,2,1,2023-02-11 14:30:00,Borna Sosa,Cross
2201,509517,61,BlockedShot,0.8919999694824219,0.49400001525878906,0.14161300659179688,Waldemar Anton,h,106,OpenPlay,2022,RightFoot,19530,VfB Stuttgart,FC Cologne,3,0,2023-02-18 14:30:00,Chris Führich,Pass
2202,509520,62,BlockedShot,0.875999984741211,0.40200000762939453,0.07418820261955261,Waldemar Anton,h,106,OpenPlay,2022,RightFoot,19530,VfB Stuttgart,FC Cologne,3,0,2023-02-18 14:30:00,Atakan Karazor,Rebound
2203,512366,57,BlockedShot,0.8430000305175781,0.35700000762939454,0.05251070111989975,Waldemar Anton,h,106,OpenPlay,2022,LeftFoot,19548,VfB Stuttgart,Bayern Munich,1,2,2023-03-04 17:30:00,Chris Führich,Pass
2204,516239,12,MissedShots,0.75,0.19,0.014368499629199505,Waldemar Anton,a,106,OpenPlay,2022,RightFoot,19567,Union Berlin,VfB Stuttgart,3,0,2023-04-01 13:30:00,Wataru Endo,Pass
2205,518805,77,MissedShots,0.9030000305175782,0.555,0.05693969875574112,Waldemar Anton,a,106,FromCorner,2022,Head,19582,Bochum,VfB Stuttgart,2,3,2023-04-09 15:30:00,Borna Sosa,Cross
2206,519326,57,SavedShot,0.7319999694824219,0.37599998474121094,0.013609499670565128,Waldemar Anton,h,106,OpenPlay,2022,RightFoot,19591,VfB Stuttgart,Borussia Dortmund,3,3,2023-04-15 13:30:00,Wataru Endo,Pass
2207,520473,56,MissedShots,0.9169999694824219,0.5770000076293945,0.019639810547232628,Waldemar Anton,a,106,FromCorner,2022,Head,19601,Augsburg,VfB Stuttgart,1,1,2023-04-21 18:30:00,Borna Sosa,Aerial
2208,522705,21,BlockedShot,0.9259999847412109,0.3270000076293945,0.0651690885424614,Waldemar Anton,h,106,OpenPlay,2022,RightFoot,19610,VfB Stuttgart,Borussia M.Gladbach,2,1,2023-04-29 13:30:00,Enzo Millot,Pass
2209,522716,46,BlockedShot,0.7290000152587891,0.629000015258789,0.01888260617852211,Waldemar Anton,h,106,OpenPlay,2022,LeftFoot,19610,VfB Stuttgart,Borussia M.Gladbach,2,1,2023-04-29 13:30:00,Atakan Karazor,Pass
2210,533007,84,MissedShots,0.8669999694824219,0.415,0.012273414991796017,Waldemar Anton,h,106,FromCorner,2023,Head,23070,VfB Stuttgart,Bochum,5,0,2023-08-19 13:30:00,Borna Sosa,Aerial
2211,536041,43,MissedShots,0.7119999694824218,0.620999984741211,0.015981560572981834,Waldemar Anton,h,106,OpenPlay,2023,RightFoot,23088,VfB Stuttgart,Freiburg,5,0,2023-09-02 13:30:00,Angelo Stiller,Pass
2212,536049,71,MissedShots,0.855999984741211,0.43900001525878907,0.11992696672677994,Waldemar Anton,h,106,OpenPlay,2023,RightFoot,23088,VfB Stuttgart,Freiburg,5,0,2023-09-02 13:30:00,Serhou Guirassy,Pass
2213,538770,80,MissedShots,0.8959999847412109,0.525,0.028247836977243423,Waldemar Anton,h,106,FromCorner,2023,Head,23101,VfB Stuttgart,Darmstadt,3,1,2023-09-22 18:30:00,Pascal Stenzel,Aerial
2214,542540,16,SavedShot,0.9,0.5690000152587891,0.24070356786251068,Waldemar Anton,h,106,SetPiece,2023,Head,23123,VfB Stuttgart,Wolfsburg,3,1,2023-10-07 13:30:00,Angelo Stiller,Chipped
2215,543970,56,BlockedShot,0.750999984741211,0.4329999923706055,0.029172278940677643,Waldemar Anton,a,106,OpenPlay,2023,RightFoot,23129,Union Berlin,VfB Stuttgart,0,3,2023-10-21 13:30:00,Angelo Stiller,Pass
2216,545339,16,MissedShots,0.895,0.5979999923706054,0.038577403873205185,Waldemar Anton,h,106,SetPiece,2023,Head,23145,VfB Stuttgart,Hoffenheim,2,3,2023-10-28 13:30:00,Chris Führich,Cross
2217,545360,93,SavedShot,0.9269999694824219,0.2929999923706055,0.049245066940784454,Waldemar Anton,h,106,OpenPlay,2023,RightFoot,23145,VfB Stuttgart,Hoffenheim,2,3,2023-10-28 13:30:00,Deniz Undav,Pass
2218,545361,94,MissedShots,0.9169999694824219,0.4329999923706055,0.06935688853263855,Waldemar Anton,h,106,FromCorner,2023,Head,23145,VfB Stuttgart,Hoffenheim,2,3,2023-10-28 13:30:00,Woo-Yeong Jeong,Cross
2219,548337,78,MissedShots,0.9269999694824219,0.415,0.06341525167226791,Waldemar Anton,h,106,FromCorner,2023,Head,23162,VfB Stuttgart,Borussia Dortmund,2,1,2023-11-11 14:30:00,Angelo Stiller,Cross
2220,549990,25,OwnGoal,0.11800000190734863,0.24299999237060546,0,Waldemar Anton,a,106,OpenPlay,2023,Head,23167,Eintracht Frankfurt,VfB Stuttgart,1,2,2023-11-25 17:30:00,,None
2221,551264,16,SavedShot,0.85,0.2670000076293945,0.024441057816147804,Waldemar Anton,h,106,OpenPlay,2023,RightFoot,23180,VfB Stuttgart,Werder Bremen,2,0,2023-12-02 17:30:00,,TakeOn
2222,553577,56,MissedShots,0.8130000305175781,0.28399999618530275,0.025577867403626442,Waldemar Anton,h,106,OpenPlay,2023,RightFoot,23189,VfB Stuttgart,Bayer Leverkusen,1,1,2023-12-10 14:30:00,Atakan Karazor,Pass
2223,555682,81,MissedShots,0.8669999694824219,0.5790000152587891,0.066413015127182,Waldemar Anton,h,106,SetPiece,2023,RightFoot,23207,VfB Stuttgart,Augsburg,3,0,2023-12-20 19:30:00,,None
2224,559036,58,MissedShots,0.8009999847412109,0.49900001525878906,0.03311264514923096,Waldemar Anton,a,106,FromCorner,2023,LeftFoot,23224,Bochum,VfB Stuttgart,1,0,2024-01-20 14:30:00,,None
2225,559043,84,SavedShot,0.8859999847412109,0.38599998474121094,0.06789051741361618,Waldemar Anton,a,106,SetPiece,2023,RightFoot,23224,Bochum,VfB Stuttgart,1,0,2024-01-20 14:30:00,Deniz Undav,HeadPass
2226,559044,84,BlockedShot,0.91,0.4159999847412109,0.10744590312242508,Waldemar Anton,a,106,SetPiece,2023,RightFoot,23224,Bochum,VfB Stuttgart,1,0,2024-01-20 14:30:00,,Rebound
2227,559046,92,MissedShots,0.669000015258789,0.39799999237060546,0.01128902193158865,Waldemar Anton,a,106,FromCorner,2023,RightFoot,23224,Bochum,VfB Stuttgart,1,0,2024-01-20 14:30:00,,None
2228,559768,88,MissedShots,0.7630000305175781,0.37200000762939456,0.02102121338248253,Waldemar Anton,h,106,FromCorner,2023,RightFoot,23235,VfB Stuttgart,RasenBallsport Leipzig,5,2,2024-01-27 14:30:00,Samuele Di Benedetto,Pass
2229,563063,56,BlockedShot,0.914000015258789,0.47200000762939454,0.04558110237121582,Waldemar Anton,h,106,FromCorner,2023,Head,23253,VfB Stuttgart,Mainz 05,3,1,2024-02-11 14:30:00,Maximilian Mittelstädt,Aerial
2230,565062,79,BlockedShot,0.82,0.46299999237060546,0.06748748570680618,Waldemar Anton,h,106,OpenPlay,2023,RightFoot,23263,VfB Stuttgart,FC Cologne,1,1,2024-02-24 14:30:00,Angelo Stiller,Pass
2231,569604,32,MissedShots,0.705999984741211,0.37400001525878906,0.014202017337083817,Waldemar Anton,a,106,OpenPlay,2023,LeftFoot,23296,Hoffenheim,VfB Stuttgart,0,3,2024-03-16 17:30:00,,None
2232,571438,20,BlockedShot,0.885,0.44,0.06846152991056442,Waldemar Anton,h,106,FromCorner,2023,LeftFoot,23307,VfB Stuttgart,FC Heidenheim,3,3,2024-03-31 16:30:00,Deniz Undav,BallTouch
2233,571439,21,MissedShots,0.8109999847412109,0.500999984741211,0.05101471394300461,Waldemar Anton,h,106,OpenPlay,2023,LeftFoot,23307,VfB Stuttgart,FC Heidenheim,3,3,2024-03-31 16:30:00,,None
2234,573952,70,SavedShot,0.884000015258789,0.5329999923706055,0.055380016565322876,Waldemar Anton,h,106,OpenPlay,2023,Head,23324,VfB Stuttgart,Eintracht Frankfurt,3,0,2024-04-13 16:30:00,Angelo Stiller,Cross
2235,579510,45,MissedShots,0.9480000305175781,0.43200000762939456,0.06991128623485565,Waldemar Anton,a,106,FromCorner,2023,OtherBodyPart,23360,Augsburg,VfB Stuttgart,0,1,2024-05-10 18:30:00,Maximilian Mittelstädt,Cross
2236,581656,6,SavedShot,0.9359999847412109,0.4929999923706055,0.06961221247911453,Waldemar Anton,h,106,FromCorner,2023,Head,23369,VfB Stuttgart,Borussia M.Gladbach,4,0,2024-05-18 13:30:00,Maximilian Mittelstädt,Aerial
2237,581658,11,MissedShots,0.92,0.44799999237060545,0.08613380789756775,Waldemar Anton,h,106,FromCorner,2023,Head,23369,VfB Stuttgart,Borussia M.Gladbach,4,0,2024-05-18 13:30:00,Maximilian Mittelstädt,Cross
2238,586334,59,MissedShots,0.9169999694824219,0.6020000076293945,0.0389503575861454,Waldemar Anton,h,106,FromCorner,2024,Head,27748,Borussia Dortmund,Eintracht Frankfurt,2,0,2024-08-24 16:30:00,Pascal Groß,Cross
2239,586344,83,BlockedShot,0.89,0.5479999923706055,0.01529239397495985,Waldemar Anton,h,106,FromCorner,2024,Head,27748,Borussia Dortmund,Eintracht Frankfurt,2,0,2024-08-24 16:30:00,Pascal Groß,Aerial
2240,589097,25,BlockedShot,0.8690000152587891,0.4879999923706055,0.015887627378106117,Waldemar Anton,a,106,FromCorner,2024,Head,27753,Werder Bremen,Borussia Dortmund,0,0,2024-08-31 13:30:00,,Aerial
2241,589098,32,MissedShots,0.899000015258789,0.3290000152587891,0.29003429412841797,Waldemar Anton,a,106,OpenPlay,2024,RightFoot,27753,Werder Bremen,Borussia Dortmund,0,0,2024-08-31 13:30:00,Pascal Groß,Chipped
2242,596634,23,MissedShots,0.8919999694824219,0.5640000152587891,0.03991367667913437,Waldemar Anton,h,106,FromCorner,2024,Head,27798,Borussia Dortmund,St. Pauli,2,1,2024-10-18 18:30:00,Pascal Groß,Cross
2243,596639,41,MissedShots,0.8919999694824219,0.48400001525878905,0.018357250839471817,Waldemar Anton,h,106,FromCorner,2024,Head,27798,Borussia Dortmund,St. Pauli,2,1,2024-10-18 18:30:00,Pascal Groß,Aerial
2244,602762,58,BlockedShot,0.9290000152587891,0.4759999847412109,0.11685885488986969,Waldemar Anton,h,106,FromCorner,2024,Head,27835,Borussia Dortmund,Freiburg,4,0,2024-11-23 14:30:00,Julian Brandt,Cross
2245,602766,72,MissedShots,0.93,0.3729999923706055,0.013762890361249447,Waldemar Anton,h,106,FromCorner,2024,Head,27835,Borussia Dortmund,Freiburg,4,0,2024-11-23 14:30:00,Pascal Groß,Aerial
2246,76259,5,MissedShots,0.7390000152587891,0.4,0.014435299672186375,Pascal Groß,a,239,OpenPlay,2015,LeftFoot,1025,Mainz 05,Ingolstadt,0,1,2015-08-15 17:30:00,,None
2247,76262,14,SavedShot,0.725,0.6140000152587891,0.015366899780929089,Pascal Groß,a,239,OpenPlay,2015,RightFoot,1025,Mainz 05,Ingolstadt,0,1,2015-08-15 17:30:00,Moritz Hartmann,Pass
2248,76266,22,MissedShots,0.7819999694824219,0.27,0.010538299567997456,Pascal Groß,a,239,OpenPlay,2015,RightFoot,1025,Mainz 05,Ingolstadt,0,1,2015-08-15 17:30:00,,Aerial
2249,76610,8,BlockedShot,0.7930000305175782,0.37099998474121093,0.03059210069477558,Pascal Groß,a,239,OpenPlay,2015,LeftFoot,1041,Augsburg,Ingolstadt,0,1,2015-08-29 17:30:00,,None
2250,76615,33,BlockedShot,0.740999984741211,0.4540000152587891,0.15749099850654602,Pascal Groß,a,239,OpenPlay,2015,RightFoot,1041,Augsburg,Ingolstadt,0,1,2015-08-29 17:30:00,Mathew Leckie,Pass
2251,76633,85,BlockedShot,0.705,0.23299999237060548,0.013597000390291214,Pascal Groß,a,239,OpenPlay,2015,RightFoot,1041,Augsburg,Ingolstadt,0,1,2015-08-29 17:30:00,Stefan Lex,Pass
2252,76956,25,BlockedShot,0.9059999847412109,0.8080000305175781,0.06962300091981888,Pascal Groß,h,239,DirectFreekick,2015,RightFoot,1052,Ingolstadt,Wolfsburg,0,0,2015-09-12 17:30:00,,Standard
2253,76958,30,BlockedShot,0.7330000305175781,0.31799999237060544,0.014357900246977806,Pascal Groß,h,239,OpenPlay,2015,LeftFoot,1052,Ingolstadt,Wolfsburg,0,0,2015-09-12 17:30:00,Moritz Hartmann,Pass
2254,77128,66,SavedShot,0.7069999694824218,0.5940000152587891,0.04043789952993393,Pascal Groß,a,239,DirectFreekick,2015,RightFoot,1061,Werder Bremen,Ingolstadt,0,1,2015-09-19 17:30:00,,Standard
2255,77401,3,MissedShots,0.7330000305175781,0.7419999694824219,0.012708200141787529,Pascal Groß,h,239,OpenPlay,2015,RightFoot,1068,Ingolstadt,Hamburger SV,0,1,2015-09-22 22:00:00,Markus Suttner,Pass
2256,77409,26,MissedShots,0.77,0.5359999847412109,0.02833480015397072,Pascal Groß,h,239,FromCorner,2015,RightFoot,1068,Ingolstadt,Hamburger SV,0,1,2015-09-22 22:00:00,Markus Suttner,Cross
2257,77416,73,BlockedShot,0.8530000305175781,0.3659999847412109,0.06810589879751205,Pascal Groß,h,239,OpenPlay,2015,RightFoot,1068,Ingolstadt,Hamburger SV,0,1,2015-09-22 22:00:00,Mathew Leckie,Pass
2258,77637,0,BlockedShot,0.7830000305175782,0.33,0.021284999325871468,Pascal Groß,a,239,OpenPlay,2015,LeftFoot,1075,FC Cologne,Ingolstadt,1,1,2015-09-25 22:30:00,Lukas Hinterseer,Pass
2259,77651,38,MissedShots,0.8640000152587891,0.7269999694824218,0.031498100608587265,Pascal Groß,a,239,OpenPlay,2015,RightFoot,1075,FC Cologne,Ingolstadt,1,1,2015-09-25 22:30:00,Lukas Hinterseer,Pass
2260,77659,62,BlockedShot,0.7290000152587891,0.45799999237060546,0.013155500404536724,Pascal Groß,a,239,SetPiece,2015,LeftFoot,1075,FC Cologne,Ingolstadt,1,1,2015-09-25 22:30:00,,Rebound
2261,77872,11,BlockedShot,0.7580000305175781,0.53,0.026045100763440132,Pascal Groß,h,239,OpenPlay,2015,RightFoot,1089,Ingolstadt,Eintracht Frankfurt,2,0,2015-10-03 17:30:00,Mathew Leckie,Pass
2262,77889,76,MissedShots,0.9280000305175782,0.40900001525878904,0.0844288021326065,Pascal Groß,h,239,OpenPlay,2015,Head,1089,Ingolstadt,Eintracht Frankfurt,2,0,2015-10-03 17:30:00,Tobias Levels,Cross
2263,77890,77,Goal,0.7569999694824219,0.29100000381469726,0.015799200162291527,Pascal Groß,h,239,OpenPlay,2015,LeftFoot,1089,Ingolstadt,Eintracht Frankfurt,2,0,2015-10-03 17:30:00,Tobias Levels,Pass
2264,78007,23,MissedShots,0.6940000152587891,0.43,0.012429100461304188,Pascal Groß,a,239,OpenPlay,2015,RightFoot,1101,VfB Stuttgart,Ingolstadt,1,0,2015-10-18 19:30:00,Stefan Lex,Pass
2265,78014,61,SavedShot,0.905,0.34599998474121096,0.06266450136899948,Pascal Groß,a,239,OpenPlay,2015,RightFoot,1101,VfB Stuttgart,Ingolstadt,1,0,2015-10-18 19:30:00,Moritz Hartmann,HeadPass
2266,78017,89,SavedShot,0.955999984741211,0.835,0.06464590132236481,Pascal Groß,a,239,DirectFreekick,2015,RightFoot,1101,VfB Stuttgart,Ingolstadt,1,0,2015-10-18 19:30:00,,Standard
2267,78018,90,SavedShot,0.8290000152587891,0.8530000305175781,0.040092699229717255,Pascal Groß,a,239,DirectFreekick,2015,RightFoot,1101,VfB Stuttgart,Ingolstadt,1,0,2015-10-18 19:30:00,,Standard
2268,78351,48,MissedShots,0.7069999694824218,0.5059999847412109,0.015972400084137917,Pascal Groß,h,239,OpenPlay,2015,RightFoot,1108,Ingolstadt,Hertha Berlin,0,1,2015-10-24 20:30:00,Mathew Leckie,Pass
2269,78352,49,SavedShot,0.695,0.41700000762939454,0.011622999794781208,Pascal Groß,h,239,OpenPlay,2015,RightFoot,1108,Ingolstadt,Hertha Berlin,0,1,2015-10-24 20:30:00,Max Christiansen,HeadPass
2270,78365,91,SavedShot,0.9009999847412109,0.19200000762939454,0.02486569993197918,Pascal Groß,h,239,OpenPlay,2015,RightFoot,1108,Ingolstadt,Hertha Berlin,0,1,2015-10-24 20:30:00,Moritz Hartmann,Pass
2271,78722,30,MissedShots,0.7069999694824218,0.539000015258789,0.04285439848899841,Pascal Groß,a,239,DirectFreekick,2015,RightFoot,1124,Borussia M.Gladbach,Ingolstadt,0,0,2015-11-07 18:30:00,,Standard
2272,78728,56,BlockedShot,0.7969999694824219,0.18899999618530272,0.016818899661302567,Pascal Groß,a,239,OpenPlay,2015,RightFoot,1124,Borussia M.Gladbach,Ingolstadt,0,0,2015-11-07 18:30:00,Mathew Leckie,Pass
2273,79079,32,SavedShot,0.740999984741211,0.43599998474121093,0.059847600758075714,Pascal Groß,h,239,DirectFreekick,2015,RightFoot,1137,Ingolstadt,Darmstadt,3,1,2015-11-22 20:40:00,,Standard
2274,79081,32,SavedShot,0.995,0.995,0.013024800457060337,Pascal Groß,h,239,FromCorner,2015,RightFoot,1137,Ingolstadt,Darmstadt,3,1,2015-11-22 20:40:00,,CornerAwarded
2275,79234,9,SavedShot,0.664000015258789,0.045999999046325686,0.019500700756907463,Pascal Groß,a,239,DirectFreekick,2015,RightFoot,1140,Hannover 96,Ingolstadt,4,0,2015-11-28 18:30:00,,Standard
2276,79238,28,BlockedShot,0.845,0.585,0.07857169955968857,Pascal Groß,a,239,OpenPlay,2015,RightFoot,1140,Hannover 96,Ingolstadt,4,0,2015-11-28 18:30:00,Mathew Leckie,Pass
2277,79240,44,BlockedShot,0.6659999847412109,0.45099998474121095,0.006506519857794046,Pascal Groß,a,239,OpenPlay,2015,RightFoot,1140,Hannover 96,Ingolstadt,4,0,2015-11-28 18:30:00,,None
2278,79245,69,MissedShots,0.7559999847412109,0.7569999694824219,0.009265310131013393,Pascal Groß,a,239,OpenPlay,2015,RightFoot,1140,Hannover 96,Ingolstadt,4,0,2015-11-28 18:30:00,Lukas Hinterseer,Pass
2279,79246,80,SavedShot,0.7240000152587891,0.36900001525878906,0.01256369985640049,Pascal Groß,a,239,OpenPlay,2015,RightFoot,1140,Hannover 96,Ingolstadt,4,0,2015-11-28 18:30:00,Danny da Costa,Pass
2280,79587,27,MissedShots,0.884000015258789,0.3089999961853027,0.03962400183081627,Pascal Groß,h,239,OpenPlay,2015,RightFoot,1152,Ingolstadt,Hoffenheim,1,1,2015-12-05 18:30:00,,Rebound
2281,79588,36,BlockedShot,0.7580000305175781,0.4909999847412109,0.0763356015086174,Pascal Groß,h,239,DirectFreekick,2015,RightFoot,1152,Ingolstadt,Hoffenheim,1,1,2015-12-05 18:30:00,,Standard
2282,79604,40,BlockedShot,0.905,0.4209999847412109,0.12380299717187881,Pascal Groß,a,239,OpenPlay,2015,RightFoot,1161,Bayern Munich,Ingolstadt,2,0,2015-12-12 18:30:00,Stefan Lex,Pass
2283,79618,73,BlockedShot,0.8430000305175781,0.3160000038146973,0.040253400802612305,Pascal Groß,a,239,OpenPlay,2015,LeftFoot,1161,Bayern Munich,Ingolstadt,2,0,2015-12-12 18:30:00,Max Christiansen,Pass
2284,79619,74,MissedShots,0.8009999847412109,0.27,0.01810530014336109,Pascal Groß,a,239,OpenPlay,2015,LeftFoot,1161,Bayern Munich,Ingolstadt,2,0,2015-12-12 18:30:00,,None
2285,80036,14,SavedShot,0.87,0.40700000762939453,0.06357239931821823,Pascal Groß,h,239,OpenPlay,2015,RightFoot,1166,Ingolstadt,Bayer Leverkusen,0,1,2015-12-19 18:30:00,Alfredo Morales,Chipped
2286,80283,39,BlockedShot,0.8830000305175781,0.345,0.06503760069608688,Pascal Groß,h,239,OpenPlay,2015,RightFoot,1179,Ingolstadt,Mainz 05,1,0,2016-01-23 18:30:00,Danny da Costa,Foul
2287,80725,34,BlockedShot,0.774000015258789,0.3579999923706055,0.015947900712490082,Pascal Groß,h,239,SetPiece,2015,RightFoot,1197,Ingolstadt,Augsburg,2,1,2016-02-06 18:30:00,,Rebound
2288,80733,49,BlockedShot,0.7880000305175782,0.43400001525878906,0.03625259920954704,Pascal Groß,h,239,OpenPlay,2015,LeftFoot,1197,Ingolstadt,Augsburg,2,1,2016-02-06 18:30:00,Mathew Leckie,Pass
2289,80773,31,BlockedShot,0.7680000305175781,0.5790000152587891,0.026678800582885742,Pascal Groß,a,239,OpenPlay,2015,RightFoot,1204,Wolfsburg,Ingolstadt,2,0,2016-02-13 18:30:00,Darío Lezcano,Pass
2290,80782,71,SavedShot,0.7519999694824219,0.8490000152587891,0.028396999463438988,Pascal Groß,a,239,DirectFreekick,2015,RightFoot,1204,Wolfsburg,Ingolstadt,2,0,2016-02-13 18:30:00,,Standard
2291,81270,4,BlockedShot,0.6980000305175781,0.519000015258789,0.039621300995349884,Pascal Groß,a,239,DirectFreekick,2015,RightFoot,1222,Hamburger SV,Ingolstadt,1,1,2016-02-27 18:30:00,,Standard
2292,81274,17,MissedShots,0.700999984741211,0.515,0.011320600286126137,Pascal Groß,a,239,OpenPlay,2015,RightFoot,1222,Hamburger SV,Ingolstadt,1,1,2016-02-27 18:30:00,,None
2293,81278,39,BlockedShot,0.9330000305175781,0.3139999961853027,0.07598470151424408,Pascal Groß,a,239,OpenPlay,2015,RightFoot,1222,Hamburger SV,Ingolstadt,1,1,2016-02-27 18:30:00,Almog Cohen,Pass
2294,81643,17,SavedShot,0.705999984741211,0.3770000076293945,0.011796499602496624,Pascal Groß,h,239,OpenPlay,2015,RightFoot,1229,Ingolstadt,FC Cologne,1,1,2016-03-01 23:00:00,Almog Cohen,HeadPass
2295,81842,5,BlockedShot,0.700999984741211,0.4540000152587891,0.013137499801814556,Pascal Groß,a,239,OpenPlay,2015,RightFoot,1240,Eintracht Frankfurt,Ingolstadt,1,1,2016-03-05 18:30:00,Stefan Lex,Pass
2296,82379,8,SavedShot,0.8230000305175781,0.6170000076293946,0.030942900106310844,Pascal Groß,a,239,OpenPlay,2015,RightFoot,1260,Hertha Berlin,Ingolstadt,2,1,2016-03-19 18:30:00,Mathew Leckie,Chipped
2297,82381,30,MissedShots,0.7169999694824218,0.4909999847412109,0.01197929959744215,Pascal Groß,a,239,OpenPlay,2015,LeftFoot,1260,Hertha Berlin,Ingolstadt,2,1,2016-03-19 18:30:00,Mathew Leckie,HeadPass
2298,82587,16,MissedShots,0.755,0.165,0.0157724991440773,Pascal Groß,h,239,OpenPlay,2015,LeftFoot,1267,Ingolstadt,Schalke 04,3,0,2016-04-02 17:30:00,Danny da Costa,Pass
2299,82594,53,BlockedShot,0.7240000152587891,0.39799999237060546,0.019841300323605537,Pascal Groß,h,239,OpenPlay,2015,RightFoot,1267,Ingolstadt,Schalke 04,3,0,2016-04-02 17:30:00,Max Christiansen,Pass
2300,82600,87,BlockedShot,0.7780000305175782,0.34799999237060547,0.02512579970061779,Pascal Groß,h,239,OpenPlay,2015,RightFoot,1267,Ingolstadt,Schalke 04,3,0,2016-04-02 17:30:00,Mathew Leckie,Pass
2301,82820,3,BlockedShot,0.7759999847412109,0.22700000762939454,0.0179929006844759,Pascal Groß,h,239,OpenPlay,2015,RightFoot,1274,Ingolstadt,Borussia M.Gladbach,1,0,2016-04-09 17:30:00,Lukas Hinterseer,Pass
2302,82828,40,BlockedShot,0.750999984741211,0.4,0.016906000673770905,Pascal Groß,h,239,OpenPlay,2015,RightFoot,1274,Ingolstadt,Borussia M.Gladbach,1,0,2016-04-09 17:30:00,,None
2303,82831,52,SavedShot,0.915,0.315,0.05715030059218407,Pascal Groß,h,239,OpenPlay,2015,RightFoot,1274,Ingolstadt,Borussia M.Gladbach,1,0,2016-04-09 17:30:00,Darío Lezcano,Pass
2304,83033,15,BlockedShot,0.675,0.754000015258789,0.024976300075650215,Pascal Groß,a,239,DirectFreekick,2015,RightFoot,1284,Darmstadt,Ingolstadt,2,0,2016-04-16 17:30:00,,Standard
2305,83036,41,SavedShot,0.6759999847412109,0.6140000152587891,0.030565399676561356,Pascal Groß,a,239,DirectFreekick,2015,RightFoot,1284,Darmstadt,Ingolstadt,2,0,2016-04-16 17:30:00,,Standard
2306,83037,45,MissedShots,0.960999984741211,0.835,0.06493990123271942,Pascal Groß,a,239,DirectFreekick,2015,RightFoot,1284,Darmstadt,Ingolstadt,2,0,2016-04-16 17:30:00,,Standard
2307,83282,70,MissedShots,0.48200000762939454,0.6990000152587891,0.007025990169495344,Pascal Groß,h,239,OpenPlay,2015,RightFoot,1296,Ingolstadt,Hannover 96,2,2,2016-04-23 17:30:00,,None
2308,83459,60,MissedShots,0.6969999694824218,0.4370000076293945,0.012670599855482578,Pascal Groß,a,239,FromCorner,2015,RightFoot,1302,Hoffenheim,Ingolstadt,2,1,2016-04-30 17:30:00,Marvin Matip,None
2309,83460,61,MissedShots,0.8819999694824219,0.815,0.020248599350452423,Pascal Groß,a,239,OpenPlay,2015,RightFoot,1302,Hoffenheim,Ingolstadt,2,1,2016-04-30 17:30:00,Markus Suttner,BallRecovery
2310,83461,69,SavedShot,0.9330000305175781,0.649000015258789,0.3195419907569885,Pascal Groß,a,239,OpenPlay,2015,LeftFoot,1302,Hoffenheim,Ingolstadt,2,1,2016-04-30 17:30:00,Stefan Lex,Pass
2311,83465,86,MissedShots,0.8580000305175781,0.515,0.43654900789260864,Pascal Groß,a,239,OpenPlay,2015,RightFoot,1302,Hoffenheim,Ingolstadt,2,1,2016-04-30 17:30:00,Roger,Chipped
2312,83711,29,MissedShots,0.659000015258789,0.27299999237060546,0.010820499621331692,Pascal Groß,h,239,OpenPlay,2015,RightFoot,1317,Ingolstadt,Bayern Munich,1,2,2016-05-07 17:30:00,Darío Lezcano,Pass
2313,83713,33,MissedShots,0.7959999847412109,0.33,0.023128200322389603,Pascal Groß,h,239,OpenPlay,2015,RightFoot,1317,Ingolstadt,Bayern Munich,1,2,2016-05-07 17:30:00,Danny da Costa,Pass
2314,83720,45,MissedShots,0.7619999694824219,0.524000015258789,0.03873579949140549,Pascal Groß,h,239,OpenPlay,2015,LeftFoot,1317,Ingolstadt,Bayern Munich,1,2,2016-05-07 17:30:00,,TakeOn
2315,83863,8,BlockedShot,0.805,0.47299999237060547,0.05525119975209236,Pascal Groß,a,239,OpenPlay,2015,RightFoot,1323,Bayer Leverkusen,Ingolstadt,3,2,2016-05-14 17:30:00,Darío Lezcano,Pass
2316,127486,16,SavedShot,0.9,0.33,0.07433930039405823,Pascal Groß,a,239,OpenPlay,2016,RightFoot,1329,Hamburger SV,Ingolstadt,1,1,2016-08-27 17:30:00,Moritz Hartmann,Pass
2317,127496,45,SavedShot,0.7019999694824218,0.44099998474121094,0.014902999624609947,Pascal Groß,a,239,OpenPlay,2016,RightFoot,1329,Hamburger SV,Ingolstadt,1,1,2016-08-27 17:30:00,Mathew Leckie,Pass
2318,127498,51,BlockedShot,0.919000015258789,0.8119999694824219,0.07007639855146408,Pascal Groß,a,239,DirectFreekick,2016,RightFoot,1329,Hamburger SV,Ingolstadt,1,1,2016-08-27 17:30:00,,Standard
2319,127941,74,BlockedShot,0.7859999847412109,0.75,0.050829000771045685,Pascal Groß,h,239,DirectFreekick,2016,RightFoot,1338,Ingolstadt,Hertha Berlin,0,2,2016-09-10 17:30:00,,Standard
2320,128490,0,BlockedShot,0.8580000305175781,0.525,0.08443889766931534,Pascal Groß,h,239,OpenPlay,2016,RightFoot,1355,Ingolstadt,Eintracht Frankfurt,0,2,2016-09-20 22:00:00,,CornerAwarded
2321,128508,77,MissedShots,0.7559999847412109,0.2979999923706055,0.012507599778473377,Pascal Groß,h,239,OpenPlay,2016,RightFoot,1355,Ingolstadt,Eintracht Frankfurt,0,2,2016-09-20 22:00:00,Lukas Hinterseer,BallTouch
2322,128957,15,BlockedShot,0.8580000305175781,0.25,0.033568501472473145,Pascal Groß,h,239,FromCorner,2016,LeftFoot,1375,Ingolstadt,Hoffenheim,1,2,2016-10-01 17:30:00,Marcel Tisserand,Pass
2323,128984,88,MissedShots,0.6990000152587891,0.44599998474121094,0.011261800304055214,Pascal Groß,h,239,OpenPlay,2016,RightFoot,1375,Ingolstadt,Hoffenheim,1,2,2016-10-01 17:30:00,Max Christiansen,Pass
2324,129828,11,BlockedShot,0.86,0.285,0.036735501140356064,Pascal Groß,a,239,OpenPlay,2016,LeftFoot,3300,Mainz 05,Ingolstadt,2,0,2016-10-29 17:30:00,Florent Hadergjonaj,Pass
2325,129844,71,BlockedShot,0.845,0.7090000152587891,0.013557099737226963,Pascal Groß,a,239,OpenPlay,2016,RightFoot,3300,Mainz 05,Ingolstadt,2,0,2016-10-29 17:30:00,,Aerial
2326,129661,53,MissedShots,0.8209999847412109,0.34700000762939454,0.04320690035820007,Pascal Groß,h,239,OpenPlay,2016,RightFoot,2808,Ingolstadt,Augsburg,0,2,2016-11-05 18:30:00,Romain Brègerie,TakeOn
2327,129671,82,MissedShots,0.875999984741211,0.615999984741211,0.09191010147333145,Pascal Groß,h,239,OpenPlay,2016,LeftFoot,2808,Ingolstadt,Augsburg,0,2,2016-11-05 18:30:00,Darío Lezcano,Pass
2328,129673,86,MissedShots,0.874000015258789,0.615,0.04866829887032509,Pascal Groß,h,239,OpenPlay,2016,LeftFoot,2808,Ingolstadt,Augsburg,0,2,2016-11-05 18:30:00,Mathew Leckie,Cross
2329,129676,91,SavedShot,0.754000015258789,0.46700000762939453,0.07183980196714401,Pascal Groß,h,239,DirectFreekick,2016,RightFoot,2808,Ingolstadt,Augsburg,0,2,2016-11-05 18:30:00,,Standard
2330,130692,38,BlockedShot,0.720999984741211,0.4640000152587891,0.017009200528264046,Pascal Groß,a,239,OpenPlay,2016,RightFoot,2820,Darmstadt,Ingolstadt,0,1,2016-11-19 18:30:00,Almog Cohen,Pass
2331,130698,59,MissedShots,0.7219999694824218,0.5790000152587891,0.047880999743938446,Pascal Groß,a,239,DirectFreekick,2016,RightFoot,2820,Darmstadt,Ingolstadt,0,1,2016-11-19 18:30:00,,Standard
2332,130226,86,SavedShot,0.8119999694824219,0.355,0.034651100635528564,Pascal Groß,h,239,OpenPlay,2016,RightFoot,2828,Ingolstadt,Wolfsburg,1,1,2016-11-26 18:30:00,Mathew Leckie,Pass
2333,131257,0,BlockedShot,0.914000015258789,0.4329999923706055,0.13291099667549133,Pascal Groß,h,239,OpenPlay,2016,RightFoot,3205,Ingolstadt,RasenBallsport Leipzig,1,0,2016-12-10 18:30:00,Darío Lezcano,Pass
2334,131396,2,MissedShots,0.7869999694824219,0.30100000381469727,0.02077390067279339,Pascal Groß,a,239,OpenPlay,2016,RightFoot,3218,Bayer Leverkusen,Ingolstadt,1,2,2016-12-18 20:30:00,,BallRecovery
2335,131398,14,SavedShot,0.8959999847412109,0.909000015258789,0.03824549913406372,Pascal Groß,a,239,DirectFreekick,2016,RightFoot,3218,Bayer Leverkusen,Ingolstadt,1,2,2016-12-18 20:30:00,,Standard
2336,130337,54,MissedShots,0.7969999694824219,0.4570000076293945,0.045567698776721954,Pascal Groß,h,239,OpenPlay,2016,RightFoot,3223,Ingolstadt,Freiburg,1,2,2016-12-21 23:00:00,Darío Lezcano,Pass
2337,130342,71,BlockedShot,0.8209999847412109,0.30700000762939456,0.02911669947206974,Pascal Groß,h,239,FromCorner,2016,RightFoot,3223,Ingolstadt,Freiburg,1,2,2016-12-21 23:00:00,Markus Suttner,Cross
2338,130350,92,MissedShots,0.8059999847412109,0.315,0.02468170039355755,Pascal Groß,h,239,OpenPlay,2016,RightFoot,3223,Ingolstadt,Freiburg,1,2,2016-12-21 23:00:00,,None
2339,130509,3,BlockedShot,0.8169999694824219,0.4490000152587891,0.06376220285892487,Pascal Groß,a,239,OpenPlay,2016,RightFoot,3723,Schalke 04,Ingolstadt,1,0,2017-01-21 17:30:00,Mathew Leckie,Pass
2340,131278,13,Goal,0.899000015258789,0.23899999618530274,0.029906300827860832,Pascal Groß,h,239,OpenPlay,2016,RightFoot,3734,Ingolstadt,Hamburger SV,3,1,2017-01-28 17:30:00,Mathew Leckie,None
2341,132028,16,BlockedShot,0.8690000152587891,0.31,0.05144700035452843,Pascal Groß,a,239,OpenPlay,2016,LeftFoot,3745,Hertha Berlin,Ingolstadt,1,0,2017-02-04 14:30:00,Anthony Jung,LayOff
2342,132031,40,MissedShots,0.8769999694824219,0.40400001525878904,0.0847351998090744,Pascal Groß,a,239,OpenPlay,2016,RightFoot,3745,Hertha Berlin,Ingolstadt,1,0,2017-02-04 14:30:00,Florent Hadergjonaj,Pass
2343,132032,45,MissedShots,0.9030000305175782,0.42700000762939455,0.11188700050115585,Pascal Groß,a,239,SetPiece,2016,RightFoot,3745,Hertha Berlin,Ingolstadt,1,0,2017-02-04 14:30:00,Alfredo Morales,Pass
2344,132041,77,BlockedShot,0.789000015258789,0.40099998474121096,0.03169580176472664,Pascal Groß,a,239,OpenPlay,2016,RightFoot,3745,Hertha Berlin,Ingolstadt,1,0,2017-02-04 14:30:00,Florent Hadergjonaj,Pass
2345,132619,25,MissedShots,0.764000015258789,0.43,0.02691660076379776,Pascal Groß,h,239,OpenPlay,2016,LeftFoot,3753,Ingolstadt,Bayern Munich,0,2,2017-02-11 14:30:00,,Tackle
2346,131840,36,SavedShot,0.8090000152587891,0.5940000152587891,0.12634100019931793,Pascal Groß,a,239,DirectFreekick,2016,RightFoot,3759,Eintracht Frankfurt,Ingolstadt,0,2,2017-02-18 14:30:00,,Standard
2347,131851,68,Goal,0.885,0.5,0.7577769756317139,Pascal Groß,a,239,Penalty,2016,RightFoot,3759,Eintracht Frankfurt,Ingolstadt,0,2,2017-02-18 14:30:00,,Standard
2348,132184,9,BlockedShot,0.8180000305175781,0.3609999847412109,0.0424606017768383,Pascal Groß,h,239,OpenPlay,2016,LeftFoot,3774,Ingolstadt,Borussia M.Gladbach,0,2,2017-02-26 14:30:00,Alfredo Morales,Pass
2349,134000,94,BlockedShot,0.774000015258789,0.6270000076293946,0.07462310045957565,Pascal Groß,h,239,DirectFreekick,2016,RightFoot,3791,Ingolstadt,FC Cologne,2,2,2017-03-11 17:30:00,,Standard
2350,133252,12,MissedShots,0.9030000305175782,0.9290000152587891,0.03519919887185097,Pascal Groß,h,239,DirectFreekick,2016,RightFoot,3810,Ingolstadt,Mainz 05,2,1,2017-04-02 14:30:00,,Standard
2351,133272,91,BlockedShot,0.8780000305175781,0.5420000076293945,0.48646000027656555,Pascal Groß,h,239,OpenPlay,2016,RightFoot,3810,Ingolstadt,Mainz 05,2,1,2017-04-02 14:30:00,Lukas Hinterseer,Pass
2352,134756,19,Goal,0.9730000305175781,0.42400001525878905,0.5337089896202087,Pascal Groß,h,239,OpenPlay,2016,RightFoot,3829,Ingolstadt,Darmstadt,3,2,2017-04-09 16:30:00,Almog Cohen,Pass
2353,134762,32,MissedShots,0.8169999694824219,0.34599998474121096,0.0688662976026535,Pascal Groß,h,239,OpenPlay,2016,RightFoot,3829,Ingolstadt,Darmstadt,3,2,2017-04-09 16:30:00,Sonny Kittel,Pass
2354,132807,57,SavedShot,0.91,0.29399999618530276,0.0274983998388052,Pascal Groß,a,239,OpenPlay,2016,RightFoot,3836,Wolfsburg,Ingolstadt,3,0,2017-04-15 14:30:00,Markus Suttner,Cross
2355,133924,56,BlockedShot,0.695,0.46299999237060546,0.03823800012469292,Pascal Groß,h,239,DirectFreekick,2016,RightFoot,3846,Ingolstadt,Werder Bremen,2,4,2017-04-22 14:30:00,,Standard
2356,133927,61,Goal,0.885,0.5,0.7577769756317139,Pascal Groß,h,239,Penalty,2016,RightFoot,3846,Ingolstadt,Werder Bremen,2,4,2017-04-22 14:30:00,,Standard
2357,133928,65,BlockedShot,0.82,0.4279999923706055,0.15700499713420868,Pascal Groß,h,239,DirectFreekick,2016,RightFoot,3846,Ingolstadt,Werder Bremen,2,4,2017-04-22 14:30:00,,Standard
2358,133929,67,SavedShot,0.750999984741211,0.3840000152587891,0.026579799130558968,Pascal Groß,h,239,OpenPlay,2016,RightFoot,3846,Ingolstadt,Werder Bremen,2,4,2017-04-22 14:30:00,Almog Cohen,Pass
2359,135064,57,MissedShots,0.94,0.835,0.06341809779405594,Pascal Groß,h,239,DirectFreekick,2016,RightFoot,3865,Ingolstadt,Bayer Leverkusen,1,1,2017-05-06 14:30:00,,Standard
2360,135072,85,MissedShots,0.749000015258789,0.62,0.015336900018155575,Pascal Groß,h,239,OpenPlay,2016,RightFoot,3865,Ingolstadt,Bayer Leverkusen,1,1,2017-05-06 14:30:00,,None
2361,133525,1,SavedShot,0.825999984741211,0.43,0.037032898515462875,Pascal Groß,a,239,FromCorner,2016,LeftFoot,3873,Freiburg,Ingolstadt,1,1,2017-05-13 14:30:00,Markus Suttner,Cross
2362,133528,15,MissedShots,0.7909999847412109,0.49700000762939456,0.04282920062541962,Pascal Groß,a,239,OpenPlay,2016,RightFoot,3873,Freiburg,Ingolstadt,1,1,2017-05-13 14:30:00,Mathew Leckie,Pass
2363,133552,81,BlockedShot,0.8419999694824218,0.549000015258789,0.0647026002407074,Pascal Groß,a,239,OpenPlay,2016,RightFoot,3873,Freiburg,Ingolstadt,1,1,2017-05-13 14:30:00,,None
2364,133556,85,SavedShot,0.8290000152587891,0.6029999923706054,0.07172580063343048,Pascal Groß,a,239,OpenPlay,2016,LeftFoot,3873,Freiburg,Ingolstadt,1,1,2017-05-13 14:30:00,Sonny Kittel,TakeOn
2365,127955,40,Goal,0.885,0.5,0.7577769756317139,Pascal Groß,h,239,Penalty,2016,RightFoot,3880,Ingolstadt,Schalke 04,1,1,2017-05-20 14:30:00,,Standard
2366,127968,81,BlockedShot,0.884000015258789,0.64,0.041738398373126984,Pascal Groß,h,239,OpenPlay,2016,RightFoot,3880,Ingolstadt,Schalke 04,1,1,2017-05-20 14:30:00,Markus Suttner,Cross
2367,158914,18,BlockedShot,0.8590000152587891,0.5670000076293945,0.06708379834890366,Pascal Groß,a,239,OpenPlay,2017,RightFoot,7143,Watford,Brighton,0,0,2017-08-26 15:00:00,,Rebound
2368,159117,40,MissedShots,0.775,0.42700000762939455,0.0302645992487669,Pascal Groß,h,239,OpenPlay,2017,LeftFoot,7153,Brighton,West Bromwich Albion,3,1,2017-09-09 15:00:00,Anthony Knockaert,Pass
2369,159118,44,Goal,0.9219999694824219,0.4370000076293945,0.11052600294351578,Pascal Groß,h,239,OpenPlay,2017,LeftFoot,7153,Brighton,West Bromwich Albion,3,1,2017-09-09 15:00:00,Solly March,Cross
2370,159119,47,Goal,0.7480000305175781,0.4209999847412109,0.027145199477672577,Pascal Groß,h,239,OpenPlay,2017,RightFoot,7153,Brighton,West Bromwich Albion,3,1,2017-09-09 15:00:00,Tomer Hemed,Pass
2371,159136,10,BlockedShot,0.9319999694824219,0.4370000076293945,0.10955700278282166,Pascal Groß,h,239,OpenPlay,2017,RightFoot,7177,Brighton,Newcastle United,1,0,2017-09-24 16:00:00,,None
2372,161259,24,BlockedShot,0.7730000305175782,0.40299999237060546,0.02744540013372898,Pascal Groß,a,239,OpenPlay,2017,RightFoot,7225,Swansea,Brighton,0,1,2017-11-04 15:00:00,Davy Pröpper,Pass
2373,161652,43,Goal,0.8969999694824219,0.38599998474121094,0.06371720135211945,Pascal Groß,h,239,OpenPlay,2017,RightFoot,7238,Brighton,Stoke,2,2,2017-11-20 20:00:00,Davy Pröpper,Cross
2374,161658,80,MissedShots,0.7630000305175781,0.705,0.016168300062417984,Pascal Groß,h,239,OpenPlay,2017,RightFoot,7238,Brighton,Stoke,2,2,2017-11-20 20:00:00,Solly March,Pass
2375,161348,11,SavedShot,0.8430000305175781,0.37099998474121093,0.04850040003657341,Pascal Groß,a,239,OpenPlay,2017,RightFoot,7243,Manchester United,Brighton,1,0,2017-11-25 15:00:00,Bruno,Pass
2376,161368,83,BlockedShot,0.7430000305175781,0.34,0.01738860085606575,Pascal Groß,a,239,OpenPlay,2017,RightFoot,7243,Manchester United,Brighton,1,0,2017-11-25 15:00:00,Dale Stephens,Pass
2377,160843,37,SavedShot,0.8209999847412109,0.455,0.06215279921889305,Pascal Groß,h,239,OpenPlay,2017,RightFoot,7250,Brighton,Crystal Palace,0,0,2017-11-28 19:45:00,Anthony Knockaert,Pass
2378,179201,46,BlockedShot,0.85,0.5029999923706054,0.08973290026187897,Pascal Groß,a,239,OpenPlay,2017,RightFoot,7274,Huddersfield,Brighton,2,0,2017-12-09 15:00:00,Dale Stephens,Pass
2379,182926,6,MissedShots,0.8180000305175781,0.30700000762939456,0.029758000746369362,Pascal Groß,h,239,OpenPlay,2017,LeftFoot,7305,Brighton,Watford,1,0,2017-12-23 15:00:00,Anthony Knockaert,Pass
2380,182939,57,MissedShots,0.750999984741211,0.25799999237060545,0.015111099928617477,Pascal Groß,h,239,OpenPlay,2017,RightFoot,7305,Brighton,Watford,1,0,2017-12-23 15:00:00,Dale Stephens,Pass
2381,182941,63,Goal,0.8209999847412109,0.6179999923706054,0.047868598252534866,Pascal Groß,h,239,OpenPlay,2017,RightFoot,7305,Brighton,Watford,1,0,2017-12-23 15:00:00,Tomer Hemed,Pass
2382,186041,53,SavedShot,0.7769999694824219,0.6569999694824219,0.06499739736318588,Pascal Groß,a,239,DirectFreekick,2017,RightFoot,7325,Newcastle United,Brighton,0,0,2017-12-30 15:00:00,,Standard
2383,186256,58,BlockedShot,0.835999984741211,0.47200000762939454,0.07796359807252884,Pascal Groß,h,239,OpenPlay,2017,RightFoot,7331,Brighton,Bournemouth,2,2,2018-01-01 12:30:00,,None
2384,187479,43,MissedShots,0.7709999847412109,0.6179999923706054,0.021979400888085365,Pascal Groß,a,239,OpenPlay,2017,RightFoot,7348,West Bromwich Albion,Brighton,2,0,2018-01-13 15:00:00,Glenn Murray,Pass
2385,188508,4,MissedShots,0.775,0.3770000076293945,0.023507999256253242,Pascal Groß,h,239,OpenPlay,2017,RightFoot,7350,Brighton,Chelsea,0,4,2018-01-20 12:30:00,,None
2386,193642,66,MissedShots,0.915,0.4229999923706055,0.0834755003452301,Pascal Groß,h,239,OpenPlay,2017,Head,7371,Brighton,West Ham,3,1,2018-02-03 15:00:00,Ezequiel Schelotto,Cross
2387,193643,70,BlockedShot,0.8069999694824219,0.46700000762939453,0.06844689697027206,Pascal Groß,h,239,OpenPlay,2017,LeftFoot,7371,Brighton,West Ham,3,1,2018-02-03 15:00:00,Dale Stephens,Pass
2388,193644,73,BlockedShot,0.8190000152587891,0.40599998474121096,0.06865070015192032,Pascal Groß,h,239,OpenPlay,2017,RightFoot,7371,Brighton,West Ham,3,1,2018-02-03 15:00:00,Dale Stephens,Pass
2389,193645,74,Goal,0.8090000152587891,0.5029999923706054,0.0703502967953682,Pascal Groß,h,239,OpenPlay,2017,RightFoot,7371,Brighton,West Ham,3,1,2018-02-03 15:00:00,Davy Pröpper,Pass
2390,193646,77,SavedShot,0.9569999694824218,0.30100000381469727,0.07277700304985046,Pascal Groß,h,239,OpenPlay,2017,RightFoot,7371,Brighton,West Ham,3,1,2018-02-03 15:00:00,Solly March,Pass
2391,193978,58,BlockedShot,0.8190000152587891,0.544000015258789,0.07513059675693512,Pascal Groß,a,239,OpenPlay,2017,RightFoot,7385,Stoke,Brighton,1,1,2018-02-10 15:00:00,Glenn Murray,LayOff
2392,193986,77,SavedShot,0.7959999847412109,0.7090000152587891,0.017600299790501595,Pascal Groß,a,239,OpenPlay,2017,RightFoot,7385,Stoke,Brighton,1,1,2018-02-10 15:00:00,José Izquierdo,Pass
2393,197415,6,BlockedShot,0.945,0.34599998474121096,0.06561899930238724,Pascal Groß,h,239,OpenPlay,2017,RightFoot,7391,Brighton,Swansea,4,1,2018-02-24 15:00:00,,None
2394,197418,12,BlockedShot,0.825,0.3579999923706055,0.041274700313806534,Pascal Groß,h,239,OpenPlay,2017,LeftFoot,7391,Brighton,Swansea,4,1,2018-02-24 15:00:00,,None
2395,197427,48,SavedShot,0.8769999694824219,0.655,0.08655340224504471,Pascal Groß,h,239,OpenPlay,2017,RightFoot,7391,Brighton,Swansea,4,1,2018-02-24 15:00:00,Glenn Murray,Pass
2396,199351,9,SavedShot,0.8030000305175782,0.7080000305175781,0.02402549982070923,Pascal Groß,h,239,OpenPlay,2017,RightFoot,7399,Brighton,Arsenal,2,1,2018-03-04 13:30:00,José Izquierdo,Pass
2397,199359,31,SavedShot,0.8669999694824219,0.4879999923706055,0.12856000661849976,Pascal Groß,h,239,OpenPlay,2017,RightFoot,7399,Brighton,Arsenal,2,1,2018-03-04 13:30:00,Glenn Murray,Pass
2398,200022,49,MissedShots,0.7069999694824218,0.7240000152587891,0.011518600396811962,Pascal Groß,a,239,OpenPlay,2017,RightFoot,7412,Everton,Brighton,2,0,2018-03-10 15:00:00,Gaëtan Bong,Pass
2399,200028,77,MissedShots,0.500999984741211,0.49900001525878906,0.0051652900874614716,Pascal Groß,a,239,OpenPlay,2017,RightFoot,7412,Everton,Brighton,2,0,2018-03-10 15:00:00,,None
2400,200032,90,SavedShot,0.8340000152587891,0.38,0.06785570085048676,Pascal Groß,a,239,OpenPlay,2017,RightFoot,7412,Everton,Brighton,2,0,2018-03-10 15:00:00,Leonardo Ulloa,Pass
2401,204076,46,SavedShot,0.745,0.37599998474121094,0.014915999956429005,Pascal Groß,h,239,OpenPlay,2017,RightFoot,7430,Brighton,Leicester,0,2,2018-03-31 15:00:00,,None
2402,208455,19,MissedShots,0.7340000152587891,0.26399999618530273,0.013741400092840195,Pascal Groß,a,239,OpenPlay,2017,RightFoot,7450,Crystal Palace,Brighton,3,2,2018-04-14 14:00:00,Glenn Murray,Pass
2403,209535,49,Goal,0.885,0.5,0.7611690163612366,Pascal Groß,h,239,Penalty,2017,RightFoot,7462,Brighton,Tottenham,1,1,2018-04-17 18:45:00,,Standard
2404,209544,85,MissedShots,0.874000015258789,0.72,0.03554550185799599,Pascal Groß,h,239,OpenPlay,2017,RightFoot,7462,Brighton,Tottenham,1,1,2018-04-17 18:45:00,Leonardo Ulloa,Pass
2405,211649,17,BlockedShot,0.87,0.705,0.04058359935879707,Pascal Groß,a,239,OpenPlay,2017,LeftFoot,7469,Burnley,Brighton,0,0,2018-04-28 14:00:00,Dale Stephens,Pass
2406,211654,28,MissedShots,0.7730000305175782,0.37099998474121093,0.02336839959025383,Pascal Groß,a,239,OpenPlay,2017,RightFoot,7469,Burnley,Brighton,0,0,2018-04-28 14:00:00,José Izquierdo,Pass
2407,211662,48,SavedShot,0.8569999694824219,0.715,0.03319400176405907,Pascal Groß,a,239,OpenPlay,2017,RightFoot,7469,Burnley,Brighton,0,0,2018-04-28 14:00:00,Leonardo Ulloa,Pass
2408,212850,12,SavedShot,0.7819999694824219,0.6020000076293945,0.028247199952602386,Pascal Groß,h,239,OpenPlay,2017,RightFoot,7484,Brighton,Manchester United,1,0,2018-05-04 20:00:00,José Izquierdo,Pass
2409,212860,56,Goal,0.95,0.49400001525878906,0.5463910102844238,Pascal Groß,h,239,OpenPlay,2017,Head,7484,Brighton,Manchester United,1,0,2018-05-04 20:00:00,,None
2410,232947,43,Goal,0.885,0.5,0.7611690163612366,Pascal Groß,h,239,Penalty,2018,RightFoot,9215,Brighton,Manchester United,3,2,2018-08-19 18:00:00,,Standard
2411,233337,88,SavedShot,0.9269999694824219,0.49400001525878906,0.314285010099411,Pascal Groß,a,239,OpenPlay,2018,Head,9223,Liverpool,Brighton,1,0,2018-08-25 19:30:00,Martín Montoya,Cross
2412,233471,24,SavedShot,0.885,0.5,0.7611690163612366,Pascal Groß,h,239,Penalty,2018,RightFoot,9233,Brighton,Fulham,2,2,2018-09-01 14:00:00,,Standard
2413,250611,45,SavedShot,0.8780000305175781,0.49900001525878906,0.11746600270271301,Pascal Groß,a,239,OpenPlay,2018,LeftFoot,9332,Huddersfield,Brighton,1,2,2018-12-01 15:00:00,José Izquierdo,Pass
2414,251114,50,MissedShots,0.8340000152587891,0.3120000076293945,0.03340819850564003,Pascal Groß,a,239,OpenPlay,2018,RightFoot,9354,Burnley,Brighton,1,0,2018-12-08 15:00:00,Anthony Knockaert,Pass
2415,251938,21,BlockedShot,0.774000015258789,0.3940000152587891,0.025788599625229836,Pascal Groß,h,239,OpenPlay,2018,RightFoot,9386,Brighton,Arsenal,1,1,2018-12-26 17:15:00,Martín Montoya,Pass
2416,251951,88,MissedShots,0.8580000305175781,0.47400001525878904,0.01675719954073429,Pascal Groß,h,239,OpenPlay,2018,Head,9386,Brighton,Arsenal,1,1,2018-12-26 17:15:00,Bernardo,End
2417,274191,35,MissedShots,0.745999984741211,0.700999984741211,0.019373200833797455,Pascal Groß,a,239,OpenPlay,2018,LeftFoot,9398,West Ham,Brighton,2,2,2019-01-02 19:45:00,Martín Montoya,Pass
2418,274198,57,BlockedShot,0.730999984741211,0.3220000076293945,0.017842600122094154,Pascal Groß,a,239,OpenPlay,2018,RightFoot,9398,West Ham,Brighton,2,2,2019-01-02 19:45:00,Davy Pröpper,Pass
2419,274428,57,BlockedShot,0.879000015258789,0.47200000762939454,0.08142229914665222,Pascal Groß,h,239,OpenPlay,2018,RightFoot,9416,Brighton,Liverpool,0,1,2019-01-12 15:00:00,Martín Montoya,Cross
2420,274704,14,BlockedShot,0.815,0.43900001525878907,0.057979799807071686,Pascal Groß,a,239,OpenPlay,2018,RightFoot,9421,Manchester United,Brighton,2,1,2019-01-19 15:00:00,Jürgen Locadia,Pass
2421,274721,71,Goal,0.9230000305175782,0.4620000076293945,0.299560010433197,Pascal Groß,a,239,OpenPlay,2018,RightFoot,9421,Manchester United,Brighton,2,1,2019-01-19 15:00:00,Davy Pröpper,Cross
2422,274897,16,MissedShots,0.8880000305175781,0.47900001525878905,0.11764500290155411,Pascal Groß,a,239,OpenPlay,2018,RightFoot,9429,Fulham,Brighton,4,2,2019-01-29 19:45:00,,None
2423,275152,22,MissedShots,0.7759999847412109,0.3890000152587891,0.043692801147699356,Pascal Groß,h,239,SetPiece,2018,LeftFoot,9446,Brighton,Watford,0,0,2019-02-02 15:00:00,,TakeOn
2424,275169,83,BlockedShot,0.89,0.44599998474121094,0.12066800147294998,Pascal Groß,h,239,OpenPlay,2018,RightFoot,9446,Brighton,Watford,0,0,2019-02-02 15:00:00,Martín Montoya,Pass
2425,275174,90,BlockedShot,0.8009999847412109,0.4640000152587891,0.04839000105857849,Pascal Groß,h,239,OpenPlay,2018,LeftFoot,9446,Brighton,Watford,0,0,2019-02-02 15:00:00,Solly March,BallTouch
2426,275544,2,SavedShot,0.865999984741211,0.38799999237060545,0.05398539826273918,Pascal Groß,h,239,FromCorner,2018,RightFoot,9449,Brighton,Burnley,1,3,2019-02-09 17:30:00,,None
2427,275554,37,BlockedShot,0.905,0.41900001525878905,0.10670799762010574,Pascal Groß,h,239,OpenPlay,2018,RightFoot,9449,Brighton,Burnley,1,3,2019-02-09 17:30:00,Solly March,Pass
2428,275555,42,SavedShot,0.9790000152587891,0.415,0.08526349812746048,Pascal Groß,h,239,OpenPlay,2018,RightFoot,9449,Brighton,Burnley,1,3,2019-02-09 17:30:00,,None
2429,275559,57,MissedShots,0.8530000305175781,0.7419999694824219,0.014949699863791466,Pascal Groß,h,239,FromCorner,2018,RightFoot,9449,Brighton,Burnley,1,3,2019-02-09 17:30:00,,Aerial
2430,275871,25,SavedShot,0.7780000305175782,0.6430000305175781,0.020567800849676132,Pascal Groß,a,239,OpenPlay,2018,RightFoot,9467,Leicester,Brighton,2,1,2019-02-26 19:45:00,,BallRecovery
2431,297534,74,Goal,0.955,0.485,0.45617198944091797,Pascal Groß,h,239,OpenPlay,2018,Head,9556,Brighton,Newcastle United,1,1,2019-04-27 17:30:00,Glenn Murray,HeadPass
2432,300106,18,BlockedShot,0.784000015258789,0.585,0.08969029784202576,Pascal Groß,a,239,DirectFreekick,2018,RightFoot,9566,Arsenal,Brighton,1,1,2019-05-05 15:30:00,,Standard
2433,300129,84,MissedShots,0.9690000152587891,0.42200000762939455,0.4796749949455261,Pascal Groß,a,239,OpenPlay,2018,RightFoot,9566,Arsenal,Brighton,1,1,2019-05-05 15:30:00,,Rebound
2434,310502,20,BlockedShot,0.835999984741211,0.5420000076293945,0.08380389958620071,Pascal Groß,h,239,OpenPlay,2019,LeftFoot,11655,Brighton,West Ham,1,1,2019-08-17 15:00:00,Solly March,Pass
2435,317261,17,MissedShots,0.8859999847412109,0.36400001525878906,0.08648370206356049,Pascal Groß,h,239,OpenPlay,2019,LeftFoot,11685,Brighton,Burnley,1,1,2019-09-14 14:00:00,Solly March,Pass
2436,317271,56,MissedShots,0.7369999694824219,0.545,0.026976799592375755,Pascal Groß,h,239,OpenPlay,2019,RightFoot,11685,Brighton,Burnley,1,1,2019-09-14 14:00:00,Davy Pröpper,Pass
2437,320613,19,BlockedShot,0.7609999847412109,0.40599998474121096,0.02028620056807995,Pascal Groß,a,239,OpenPlay,2019,RightFoot,11699,Newcastle United,Brighton,0,0,2019-09-21 16:30:00,Davy Pröpper,Pass
2438,320624,53,MissedShots,0.7619999694824219,0.6659999847412109,0.016576599329710007,Pascal Groß,a,239,OpenPlay,2019,RightFoot,11699,Newcastle United,Brighton,0,0,2019-09-21 16:30:00,Dan Burn,Pass
2439,322635,59,MissedShots,0.93,0.5479999923706055,0.06625030189752579,Pascal Groß,a,239,OpenPlay,2019,OtherBodyPart,11708,Chelsea,Brighton,2,0,2019-09-28 14:00:00,Gaëtan Bong,Aerial
2440,322637,69,BlockedShot,0.7909999847412109,0.41,0.029022200033068657,Pascal Groß,a,239,OpenPlay,2019,LeftFoot,11708,Chelsea,Brighton,2,0,2019-09-28 14:00:00,Martín Montoya,HeadPass
2441,323894,34,BlockedShot,0.7909999847412109,0.37599998474121094,0.04346650093793869,Pascal Groß,h,239,OpenPlay,2019,RightFoot,11713,Brighton,Tottenham,3,0,2019-10-05 12:30:00,,Dispossessed
2442,323905,62,ShotOnPost,0.9409999847412109,0.8530000305175781,0.05342189967632294,Pascal Groß,h,239,DirectFreekick,2019,RightFoot,11713,Brighton,Tottenham,3,0,2019-10-05 12:30:00,,Standard
2443,323910,84,SavedShot,0.850999984741211,0.4370000076293945,0.11638300120830536,Pascal Groß,h,239,OpenPlay,2019,LeftFoot,11713,Brighton,Tottenham,3,0,2019-10-05 12:30:00,Neal Maupay,Pass
2444,325551,9,BlockedShot,0.7780000305175782,0.285,0.021099399775266647,Pascal Groß,a,239,OpenPlay,2019,LeftFoot,11723,Aston Villa,Brighton,2,1,2019-10-19 15:00:00,Davy Pröpper,Pass
2445,325572,51,BlockedShot,0.8490000152587891,0.3060000038146973,0.026760900393128395,Pascal Groß,a,239,OpenPlay,2019,LeftFoot,11723,Aston Villa,Brighton,2,1,2019-10-19 15:00:00,Dan Burn,TakeOn
2446,325588,79,MissedShots,0.5370000076293945,0.16799999237060548,0.007101110182702541,Pascal Groß,a,239,OpenPlay,2019,RightFoot,11723,Aston Villa,Brighton,2,1,2019-10-19 15:00:00,,BlockedPass
2447,327206,14,Goal,0.8119999694824219,0.669000015258789,0.08817359805107117,Pascal Groß,h,239,DirectFreekick,2019,RightFoot,11734,Brighton,Everton,3,2,2019-10-26 15:00:00,,Standard
2448,329181,49,MissedShots,0.8580000305175781,0.42200000762939455,0.08732499927282333,Pascal Groß,h,239,OpenPlay,2019,LeftFoot,11746,Brighton,Norwich,2,0,2019-11-02 15:00:00,Martín Montoya,Pass
2449,331325,62,SavedShot,0.899000015258789,0.5270000076293946,0.044739700853824615,Pascal Groß,a,239,OpenPlay,2019,Head,11761,Manchester United,Brighton,3,1,2019-11-10 14:00:00,Steven Alzate,HeadPass
2450,333667,87,SavedShot,0.8959999847412109,0.4179999923706055,0.042997200042009354,Pascal Groß,a,239,OpenPlay,2019,Head,11776,Liverpool,Brighton,2,1,2019-11-30 15:00:00,Steven Alzate,Cross
2451,335194,22,BlockedShot,0.8209999847412109,0.6090000152587891,0.13461099565029144,Pascal Groß,a,239,DirectFreekick,2019,RightFoot,11783,Arsenal,Brighton,1,2,2019-12-05 20:15:00,,Standard
2452,336502,28,BlockedShot,0.8719999694824219,0.49900001525878906,0.06937149912118912,Pascal Groß,h,239,OpenPlay,2019,LeftFoot,11795,Brighton,Wolverhampton Wanderers,2,2,2019-12-08 16:30:00,,BallTouch
2453,337939,33,SavedShot,0.7290000152587891,0.49900001525878906,0.014651999808847904,Pascal Groß,a,239,OpenPlay,2019,LeftFoot,11806,Crystal Palace,Brighton,1,1,2019-12-16 19:45:00,,None
2454,339493,54,MissedShots,0.7669999694824219,0.43599998474121093,0.02829029969871044,Pascal Groß,a,239,OpenPlay,2019,LeftFoot,11831,Tottenham,Brighton,2,1,2019-12-26 12:30:00,Aaron Mooy,Pass
2455,339494,66,SavedShot,0.7719999694824219,0.4329999923706055,0.08024559915065765,Pascal Groß,a,239,DirectFreekick,2019,RightFoot,11831,Tottenham,Brighton,2,1,2019-12-26 12:30:00,,Standard
2456,339498,80,SavedShot,0.76,0.6229999923706054,0.020072799175977707,Pascal Groß,a,239,OpenPlay,2019,RightFoot,11831,Tottenham,Brighton,2,1,2019-12-26 12:30:00,Leandro Trossard,Pass
2457,352158,40,OwnGoal,0.035,0.485,0,Pascal Groß,a,239,FromCorner,2019,LeftFoot,11878,Bournemouth,Brighton,3,1,2020-01-21 19:30:00,,BallTouch
2458,352159,42,MissedShots,0.799000015258789,0.49900001525878906,0.053571201860904694,Pascal Groß,a,239,OpenPlay,2019,LeftFoot,11878,Bournemouth,Brighton,3,1,2020-01-21 19:30:00,Aaron Mooy,Pass
2459,352162,53,BlockedShot,0.7090000152587891,0.3240000152587891,0.008760490454733372,Pascal Groß,a,239,OpenPlay,2019,RightFoot,11878,Bournemouth,Brighton,3,1,2020-01-21 19:30:00,Neal Maupay,Pass
2460,352436,40,MissedShots,0.815,0.5029999923706054,0.060628101229667664,Pascal Groß,a,239,OpenPlay,2019,LeftFoot,11892,West Ham,Brighton,3,3,2020-02-01 15:00:00,Leandro Trossard,TakeOn
2461,352448,74,Goal,0.9080000305175782,0.5790000152587891,0.08900529891252518,Pascal Groß,a,239,OpenPlay,2019,RightFoot,11892,West Ham,Brighton,3,3,2020-02-01 15:00:00,,Interception
2462,372900,20,MissedShots,0.8680000305175781,0.7619999694824219,0.02261669933795929,Pascal Groß,h,239,FromCorner,2019,RightFoot,12005,Brighton,Newcastle United,0,0,2020-07-20 17:00:00,Leandro Trossard,Pass
2463,372903,34,BlockedShot,0.69,0.4520000076293945,0.013404300436377525,Pascal Groß,h,239,OpenPlay,2019,RightFoot,12005,Brighton,Newcastle United,0,0,2020-07-20 17:00:00,Neal Maupay,Pass
2464,378660,78,BlockedShot,0.8090000152587891,0.36900001525878906,0.03902500122785568,Pascal Groß,h,239,OpenPlay,2020,RightFoot,14106,Brighton,Manchester United,2,3,2020-09-26 11:30:00,Leandro Trossard,Pass
2465,385650,10,MissedShots,0.78,0.42200000762939455,0.032765600830316544,Pascal Groß,h,239,OpenPlay,2020,RightFoot,14506,Brighton,Burnley,0,0,2020-11-06 17:30:00,Joël Veltman,BallRecovery
2466,385655,25,SavedShot,0.875999984741211,0.4640000152587891,0.02974490076303482,Pascal Groß,h,239,OpenPlay,2020,Head,14506,Brighton,Burnley,0,0,2020-11-06 17:30:00,,None
2467,385662,44,BlockedShot,0.875,0.4420000076293945,0.07520990073680878,Pascal Groß,h,239,OpenPlay,2020,RightFoot,14506,Brighton,Burnley,0,0,2020-11-06 17:30:00,Dan Burn,Cross
2468,385667,62,BlockedShot,0.8230000305175781,0.46799999237060547,0.06702569872140884,Pascal Groß,h,239,OpenPlay,2020,RightFoot,14506,Brighton,Burnley,0,0,2020-11-06 17:30:00,Danny Welbeck,Pass
2469,388553,92,Goal,0.885,0.5,0.7611690163612366,Pascal Groß,h,239,Penalty,2020,RightFoot,14528,Brighton,Liverpool,1,1,2020-11-28 12:30:00,,Standard
2470,391148,25,Goal,0.885,0.5,0.7611690163612366,Pascal Groß,h,239,Penalty,2020,RightFoot,14536,Brighton,Southampton,1,2,2020-12-07 20:00:00,,Standard
2471,391150,31,MissedShots,0.875999984741211,0.47,0.10907500237226486,Pascal Groß,h,239,OpenPlay,2020,RightFoot,14536,Brighton,Southampton,1,2,2020-12-07 20:00:00,,None
2472,391160,65,MissedShots,0.8480000305175781,0.43,0.08122559636831284,Pascal Groß,h,239,OpenPlay,2020,RightFoot,14536,Brighton,Southampton,1,2,2020-12-07 20:00:00,Tariq Lamptey,Pass
2473,395891,87,BlockedShot,0.7809999847412109,0.39799999237060546,0.02770959958434105,Pascal Groß,h,239,OpenPlay,2020,RightFoot,14585,Brighton,Arsenal,0,1,2020-12-29 18:00:00,,None
2474,401271,21,BlockedShot,0.8090000152587891,0.47400001525878904,0.05779939889907837,Pascal Groß,h,239,OpenPlay,2020,RightFoot,14625,Brighton,Fulham,0,0,2021-01-27 19:30:00,Yves Bissouma,Pass
2475,401274,40,MissedShots,0.7519999694824219,0.575,0.06225299835205078,Pascal Groß,h,239,DirectFreekick,2020,RightFoot,14625,Brighton,Fulham,0,0,2021-01-27 19:30:00,,Standard
2476,401279,59,BlockedShot,0.8769999694824219,0.39099998474121095,0.09220220148563385,Pascal Groß,h,239,OpenPlay,2020,RightFoot,14625,Brighton,Fulham,0,0,2021-01-27 19:30:00,Joël Veltman,Pass
2477,402313,2,ShotOnPost,0.8919999694824219,0.455,0.12519299983978271,Pascal Groß,h,239,OpenPlay,2020,RightFoot,14636,Brighton,Tottenham,1,0,2021-01-31 19:15:00,Alexis Mac Allister,Pass
2478,402841,73,SavedShot,0.865999984741211,0.6309999847412109,0.04810670018196106,Pascal Groß,a,239,FromCorner,2020,RightFoot,14654,Liverpool,Brighton,0,1,2021-02-03 20:15:00,,None
2479,403221,20,MissedShots,0.8109999847412109,0.30100000381469727,0.07449139654636383,Pascal Groß,a,239,DirectFreekick,2020,RightFoot,14656,Burnley,Brighton,1,1,2021-02-06 15:00:00,,Standard
2480,404509,30,SavedShot,0.765,0.639000015258789,0.06117179989814758,Pascal Groß,h,239,DirectFreekick,2020,RightFoot,14666,Brighton,Aston Villa,0,0,2021-02-13 20:00:00,,Standard
2481,404522,62,BlockedShot,0.875,0.5729999923706055,0.10639200359582901,Pascal Groß,h,239,OpenPlay,2020,RightFoot,14666,Brighton,Aston Villa,0,0,2021-02-13 20:00:00,Neal Maupay,Pass
2482,406317,29,MissedShots,0.8190000152587891,0.35200000762939454,0.03514999896287918,Pascal Groß,h,239,OpenPlay,2020,RightFoot,14677,Brighton,Crystal Palace,1,2,2021-02-22 20:00:00,,None
2483,406320,46,BlockedShot,0.93,0.43900001525878907,0.10382100194692612,Pascal Groß,h,239,OpenPlay,2020,Head,14677,Brighton,Crystal Palace,1,2,2021-02-22 20:00:00,Dan Burn,Cross
2484,406323,54,MissedShots,0.750999984741211,0.624000015258789,0.018272899091243744,Pascal Groß,h,239,OpenPlay,2020,RightFoot,14677,Brighton,Crystal Palace,1,2,2021-02-22 20:00:00,Leandro Trossard,Pass
2485,406752,18,ShotOnPost,0.885,0.5,0.7611690163612366,Pascal Groß,a,239,Penalty,2020,RightFoot,14692,West Bromwich Albion,Brighton,1,0,2021-02-27 15:00:00,,Standard
2486,406768,76,MissedShots,0.7819999694824219,0.45,0.0365183986723423,Pascal Groß,a,239,OpenPlay,2020,LeftFoot,14692,West Bromwich Albion,Brighton,1,0,2021-02-27 15:00:00,Leandro Trossard,LayOff
2487,410282,41,SavedShot,0.8769999694824219,0.37400001525878906,0.29503899812698364,Pascal Groß,a,239,OpenPlay,2020,RightFoot,14713,Southampton,Brighton,1,2,2021-03-14 12:00:00,Dan Burn,Pass
2488,410288,69,BlockedShot,0.8169999694824219,0.8019999694824219,0.04544460028409958,Pascal Groß,a,239,DirectFreekick,2020,RightFoot,14713,Southampton,Brighton,1,2,2021-03-14 12:00:00,,Standard
2489,411548,79,BlockedShot,0.8719999694824219,0.42700000762939455,0.09455420076847076,Pascal Groß,h,239,OpenPlay,2020,LeftFoot,14715,Brighton,Newcastle United,3,0,2021-03-20 20:00:00,,None
2490,414997,92,BlockedShot,0.7730000305175782,0.654000015258789,0.06311079859733582,Pascal Groß,h,239,DirectFreekick,2020,RightFoot,14735,Brighton,Everton,0,0,2021-04-12 19:15:00,,Standard
2491,418584,9,BlockedShot,0.75,0.34599998474121096,0.020821399986743927,Pascal Groß,h,239,OpenPlay,2020,RightFoot,14765,Brighton,Leeds,2,0,2021-05-01 14:00:00,,TakeOn
2492,418585,13,Goal,0.885,0.5,0.761132001876831,Pascal Groß,h,239,Penalty,2020,RightFoot,14765,Brighton,Leeds,2,0,2021-05-01 14:00:00,,Standard
2493,422061,62,BlockedShot,0.8590000152587891,0.4329999923706055,0.09645570069551468,Pascal Groß,h,239,OpenPlay,2020,LeftFoot,14785,Brighton,West Ham,1,1,2021-05-15 19:00:00,Alireza Jahanbakhsh,Pass
2494,423160,4,BlockedShot,0.765,0.35900001525878905,0.020752500742673874,Pascal Groß,h,239,OpenPlay,2020,RightFoot,14795,Brighton,Manchester City,3,2,2021-05-18 18:00:00,Yves Bissouma,Pass
2495,423161,12,BlockedShot,0.7809999847412109,0.745999984741211,0.046554699540138245,Pascal Groß,h,239,DirectFreekick,2020,RightFoot,14795,Brighton,Manchester City,3,2,2021-05-18 18:00:00,,Standard
2496,425806,40,MissedShots,0.8480000305175781,0.6680000305175782,0.04247260093688965,Pascal Groß,a,239,FromCorner,2021,RightFoot,16378,Burnley,Brighton,1,2,2021-08-14 14:00:00,,Rebound
2497,425822,91,BlockedShot,0.785,0.19299999237060547,0.011738300323486328,Pascal Groß,a,239,OpenPlay,2021,RightFoot,16378,Burnley,Brighton,1,2,2021-08-14 14:00:00,,Rebound
2498,428696,51,SavedShot,0.8059999847412109,0.47,0.13924500346183777,Pascal Groß,h,239,DirectFreekick,2021,RightFoot,16400,Brighton,Everton,0,2,2021-08-28 14:00:00,,Standard
2499,435094,80,BlockedShot,0.86,0.3920000076293945,0.06344600021839142,Pascal Groß,h,239,OpenPlay,2021,LeftFoot,16436,Brighton,Arsenal,0,0,2021-10-02 16:30:00,,None
2500,436286,46,BlockedShot,0.8480000305175781,0.47,0.06165270134806633,Pascal Groß,a,239,OpenPlay,2021,RightFoot,16453,Norwich,Brighton,0,0,2021-10-16 14:00:00,Marc Cucurella,Cross
2501,436296,80,BlockedShot,0.8469999694824218,0.4370000076293945,0.07254040241241455,Pascal Groß,a,239,OpenPlay,2021,RightFoot,16453,Norwich,Brighton,0,0,2021-10-16 14:00:00,Adam Lallana,BallTouch
2502,437999,54,SavedShot,0.915,0.43900001525878907,0.08171699941158295,Pascal Groß,h,239,OpenPlay,2021,LeftFoot,16458,Brighton,Manchester City,1,4,2021-10-23 16:30:00,Leandro Trossard,Cross
2503,442537,45,BlockedShot,0.8130000305175781,0.375,0.029324200004339218,Pascal Groß,a,239,OpenPlay,2021,RightFoot,16486,Aston Villa,Brighton,2,0,2021-11-20 15:00:00,,Rebound
2504,444220,7,MissedShots,0.9319999694824219,0.41200000762939454,0.13295599818229675,Pascal Groß,h,239,OpenPlay,2021,LeftFoot,16498,Brighton,Leeds,0,0,2021-11-27 17:30:00,Tariq Lamptey,Pass
2505,450694,92,MissedShots,0.7530000305175781,0.6090000152587891,0.019829800352454185,Pascal Groß,h,239,OpenPlay,2021,RightFoot,16557,Brighton,Brentford,2,0,2021-12-26 20:00:00,Danny Welbeck,None
2506,453001,37,SavedShot,0.885,0.5,0.7611690163612366,Pascal Groß,h,239,Penalty,2021,RightFoot,16587,Brighton,Crystal Palace,1,1,2022-01-14 20:00:00,,Standard
2507,453008,49,MissedShots,0.7759999847412109,0.36400001525878906,0.017900999635457993,Pascal Groß,h,239,FromCorner,2021,RightFoot,16587,Brighton,Crystal Palace,1,1,2022-01-14 20:00:00,,None
2508,454988,6,MissedShots,0.895,0.47900001525878905,0.09445320069789886,Pascal Groß,a,239,OpenPlay,2021,RightFoot,16602,Leicester,Brighton,1,1,2022-01-23 14:00:00,,None
2509,457050,16,MissedShots,0.9069999694824219,0.49200000762939455,0.29353100061416626,Pascal Groß,a,239,OpenPlay,2021,Head,16625,Watford,Brighton,0,2,2022-02-12 15:00:00,Jakub Moder,Cross
2510,457908,29,MissedShots,0.825,0.35,0.03937400132417679,Pascal Groß,a,239,OpenPlay,2021,RightFoot,16549,Manchester United,Brighton,2,0,2022-02-15 20:15:00,,None
2511,461085,24,BlockedShot,0.919000015258789,0.4759999847412109,0.13870300352573395,Pascal Groß,a,239,OpenPlay,2021,LeftFoot,16651,Newcastle United,Brighton,2,1,2022-03-05 15:00:00,Jakub Moder,Pass
2512,471585,92,BlockedShot,0.7859999847412109,0.56,0.040045201778411865,Pascal Groß,a,239,OpenPlay,2021,RightFoot,16716,Wolverhampton Wanderers,Brighton,0,3,2022-04-30 14:00:00,Danny Welbeck,Pass
2513,474672,14,BlockedShot,0.835999984741211,0.4520000076293945,0.06797190010547638,Pascal Groß,h,239,OpenPlay,2021,RightFoot,16733,Brighton,Manchester United,4,0,2022-05-07 16:30:00,Solly March,BallTouch
2514,474687,56,Goal,0.9530000305175781,0.59,0.5226870179176331,Pascal Groß,h,239,OpenPlay,2021,LeftFoot,16733,Brighton,Manchester United,4,0,2022-05-07 16:30:00,Leandro Trossard,Pass
2515,474701,88,SavedShot,0.7780000305175782,0.3160000038146973,0.03573539853096008,Pascal Groß,h,239,OpenPlay,2021,RightFoot,16733,Brighton,Manchester United,4,0,2022-05-07 16:30:00,Joël Veltman,Pass
2516,476336,18,SavedShot,0.945,0.27899999618530275,0.047043200582265854,Pascal Groß,a,239,OpenPlay,2021,RightFoot,16743,Leeds,Brighton,1,1,2022-05-15 13:00:00,Solly March,Pass
2517,476351,57,MissedShots,0.97,0.5970000076293945,0.05384340137243271,Pascal Groß,a,239,FromCorner,2021,Head,16743,Leeds,Brighton,1,1,2022-05-15 13:00:00,Solly March,Cross
2518,477774,79,Goal,0.8640000152587891,0.5770000076293945,0.09796039760112762,Pascal Groß,h,239,OpenPlay,2021,LeftFoot,16748,Brighton,West Ham,3,1,2022-05-22 15:00:00,Danny Welbeck,Pass
2519,479584,17,BlockedShot,0.7480000305175781,0.5259999847412109,0.021615799516439438,Pascal Groß,a,239,OpenPlay,2022,RightFoot,18209,Manchester United,Brighton,1,2,2022-08-07 13:00:00,Danny Welbeck,BallTouch
2520,479590,29,Goal,0.9519999694824218,0.44599998474121094,0.5854799747467041,Pascal Groß,a,239,OpenPlay,2022,RightFoot,18209,Manchester United,Brighton,1,2,2022-08-07 13:00:00,Danny Welbeck,Pass
2521,479594,38,Goal,0.955,0.5509999847412109,0.6059010028839111,Pascal Groß,a,239,OpenPlay,2022,LeftFoot,18209,Manchester United,Brighton,1,2,2022-08-07 13:00:00,,Rebound
2522,480413,84,MissedShots,0.9519999694824218,0.5709999847412109,0.5221530199050903,Pascal Groß,h,239,OpenPlay,2022,RightFoot,18213,Brighton,Newcastle United,0,0,2022-08-13 14:00:00,Kaoru Mitoma,Pass
2523,483611,47,MissedShots,0.9719999694824218,0.575999984741211,0.1193619966506958,Pascal Groß,h,239,OpenPlay,2022,RightFoot,18234,Brighton,Leeds,1,0,2022-08-27 14:00:00,Estupiñán,Cross
2524,483619,65,Goal,0.8869999694824219,0.40299999237060546,0.10393799841403961,Pascal Groß,h,239,OpenPlay,2022,RightFoot,18234,Brighton,Leeds,1,0,2022-08-27 14:00:00,Leandro Trossard,Pass
2525,484828,27,SavedShot,0.8180000305175781,0.5479999923706055,0.05837089940905571,Pascal Groß,a,239,OpenPlay,2022,RightFoot,18242,Fulham,Brighton,2,1,2022-08-30 18:30:00,Moisés Caicedo,Pass
2526,486516,56,BlockedShot,0.765,0.315,0.021728500723838806,Pascal Groß,h,239,OpenPlay,2022,RightFoot,18259,Brighton,Leicester,5,2,2022-09-04 13:00:00,,TakeOn
2527,486523,77,SavedShot,0.7219999694824218,0.3340000152587891,0.018112700432538986,Pascal Groß,h,239,OpenPlay,2022,RightFoot,18259,Brighton,Leicester,5,2,2022-09-04 13:00:00,Leandro Trossard,Pass
2528,491808,41,BlockedShot,0.7859999847412109,0.40599998474121096,0.03254929929971695,Pascal Groß,h,239,OpenPlay,2022,RightFoot,18294,Brighton,Tottenham,0,1,2022-10-08 16:30:00,Moisés Caicedo,Pass
2529,492731,19,BlockedShot,0.7240000152587891,0.7440000152587891,0.011995700187981129,Pascal Groß,a,239,OpenPlay,2022,RightFoot,18303,Brentford,Brighton,2,0,2022-10-14 19:00:00,Solly March,Pass
2530,494233,8,MissedShots,0.9209999847412109,0.375,0.07171650230884552,Pascal Groß,h,239,FromCorner,2022,RightFoot,18315,Brighton,Nottingham Forest,0,0,2022-10-18 18:30:00,,None
2531,494240,35,SavedShot,0.88,0.5359999847412109,0.11555299907922745,Pascal Groß,h,239,OpenPlay,2022,LeftFoot,18315,Brighton,Nottingham Forest,0,0,2022-10-18 18:30:00,Leandro Trossard,Pass
2532,494249,67,MissedShots,0.8690000152587891,0.32599998474121095,0.061431098729372025,Pascal Groß,h,239,OpenPlay,2022,LeftFoot,18315,Brighton,Nottingham Forest,0,0,2022-10-18 18:30:00,Danny Welbeck,Pass
2533,494251,80,SavedShot,0.8730000305175781,0.5109999847412109,0.3773930072784424,Pascal Groß,h,239,OpenPlay,2022,RightFoot,18315,Brighton,Nottingham Forest,0,0,2022-10-18 18:30:00,Danny Welbeck,BallTouch
2534,496523,48,MissedShots,0.795,0.315,0.028376899659633636,Pascal Groß,h,239,OpenPlay,2022,RightFoot,18335,Brighton,Chelsea,4,1,2022-10-29 14:00:00,Alexis Mac Allister,Pass
2535,496539,91,Goal,0.9330000305175781,0.5509999847412109,0.5783209800720215,Pascal Groß,h,239,OpenPlay,2022,RightFoot,18335,Brighton,Chelsea,4,1,2022-10-29 14:00:00,,Rebound
2536,498118,82,Goal,0.9130000305175782,0.4620000076293945,0.1162320002913475,Pascal Groß,a,239,OpenPlay,2022,RightFoot,18351,Wolverhampton Wanderers,Brighton,2,3,2022-11-05 15:00:00,,Dispossessed
2537,501821,49,BlockedShot,0.8819999694824219,0.5529999923706055,0.07126069813966751,Pascal Groß,h,239,OpenPlay,2022,LeftFoot,18373,Brighton,Arsenal,2,4,2022-12-31 17:30:00,,None
2538,502209,56,Goal,0.875999984741211,0.6170000076293946,0.40517300367355347,Pascal Groß,a,239,OpenPlay,2022,LeftFoot,18387,Everton,Brighton,1,4,2023-01-03 19:45:00,,BallRecovery
2539,504640,41,BlockedShot,0.8469999694824218,0.38599998474121094,0.07425829768180847,Pascal Groß,a,239,OpenPlay,2022,LeftFoot,18407,Leicester,Brighton,2,2,2023-01-21 15:00:00,Moisés Caicedo,Pass
2540,507154,12,MissedShots,0.905,0.28700000762939454,0.035423699766397476,Pascal Groß,h,239,OpenPlay,2022,RightFoot,18414,Brighton,Bournemouth,1,0,2023-02-04 15:00:00,,Rebound
2541,512199,92,MissedShots,0.8219999694824218,0.6769999694824219,0.05518350005149841,Pascal Groß,h,239,OpenPlay,2022,RightFoot,18455,Brighton,West Ham,4,0,2023-03-04 15:00:00,Julio Enciso,LayOff
2542,513520,18,BlockedShot,0.899000015258789,0.415,0.08958990126848221,Pascal Groß,a,239,FromCorner,2022,LeftFoot,18466,Leeds,Brighton,2,2,2023-03-11 15:00:00,Lewis Dunk,Rebound
2543,516386,33,BlockedShot,0.78,0.6909999847412109,0.019444499164819717,Pascal Groß,h,239,OpenPlay,2022,LeftFoot,18484,Brighton,Brentford,3,3,2023-04-01 14:00:00,Moisés Caicedo,Pass
2544,516402,67,SavedShot,0.9309999847412109,0.5,0.43164199590682983,Pascal Groß,h,239,OpenPlay,2022,Head,18484,Brighton,Brentford,3,3,2023-04-01 14:00:00,Moisés Caicedo,Throughball
2545,517452,68,BlockedShot,0.84,0.3559999847412109,0.07373739778995514,Pascal Groß,a,239,OpenPlay,2022,RightFoot,18266,Bournemouth,Brighton,0,2,2023-04-04 18:45:00,Solly March,CornerAwarded
2546,517456,75,SavedShot,0.8859999847412109,0.529000015258789,0.1292639970779419,Pascal Groß,a,239,OpenPlay,2022,LeftFoot,18266,Bournemouth,Brighton,0,2,2023-04-04 18:45:00,Estupiñán,Pass
2547,518023,15,BlockedShot,0.8019999694824219,0.2570000076293945,0.02139960043132305,Pascal Groß,a,239,OpenPlay,2022,RightFoot,18500,Tottenham,Brighton,2,1,2023-04-08 14:00:00,Moisés Caicedo,Pass
2548,519479,96,SavedShot,0.8730000305175781,0.3579999923706055,0.08026909828186035,Pascal Groß,a,239,OpenPlay,2022,LeftFoot,18503,Chelsea,Brighton,1,2,2023-04-15 14:00:00,,BallTouch
2549,522101,47,OwnGoal,0.050999999046325684,0.3240000152587891,0,Pascal Groß,a,239,OpenPlay,2022,LeftFoot,18524,Nottingham Forest,Brighton,3,1,2023-04-26 18:30:00,,None
2550,522730,12,Goal,0.8969999694824219,0.435,0.5221042037010193,Pascal Groß,h,239,OpenPlay,2022,LeftFoot,18535,Brighton,Wolverhampton Wanderers,6,0,2023-04-29 14:00:00,Julio Enciso,Pass
2551,522735,25,Goal,0.7869999694824219,0.40099998474121096,0.043995220214128494,Pascal Groß,h,239,OpenPlay,2022,RightFoot,18535,Brighton,Wolverhampton Wanderers,6,0,2023-04-29 14:00:00,Julio Enciso,Pass
2552,522754,85,BlockedShot,0.7669999694824219,0.6580000305175782,0.017514806240797043,Pascal Groß,h,239,SetPiece,2022,RightFoot,18535,Brighton,Wolverhampton Wanderers,6,0,2023-04-29 14:00:00,Estupiñán,Pass
2553,525462,12,MissedShots,0.784000015258789,0.3060000038146973,0.023590877652168274,Pascal Groß,h,239,OpenPlay,2022,RightFoot,18543,Brighton,Everton,1,5,2023-05-08 16:30:00,Moisés Caicedo,Pass
2554,525473,54,BlockedShot,0.8690000152587891,0.4179999923706055,0.09446176141500473,Pascal Groß,h,239,OpenPlay,2022,LeftFoot,18543,Brighton,Everton,1,5,2023-05-08 16:30:00,Solly March,Pass
2555,527948,26,SavedShot,0.865,0.3529999923706055,0.07298517972230911,Pascal Groß,h,239,OpenPlay,2022,RightFoot,18563,Brighton,Southampton,3,1,2023-05-21 13:00:00,Julio Enciso,Pass
2556,527955,56,BlockedShot,0.81,0.5379999923706055,0.07925522327423096,Pascal Groß,h,239,OpenPlay,2022,RightFoot,18563,Brighton,Southampton,3,1,2023-05-21 13:00:00,Alexis Mac Allister,Pass
2557,527956,56,SavedShot,0.8530000305175781,0.615,0.08678615093231201,Pascal Groß,h,239,OpenPlay,2022,LeftFoot,18563,Brighton,Southampton,3,1,2023-05-21 13:00:00,Alexis Mac Allister,Pass
2558,527961,68,Goal,0.855,0.37099998474121093,0.04358178749680519,Pascal Groß,h,239,FromCorner,2022,LeftFoot,18563,Brighton,Southampton,3,1,2023-05-21 13:00:00,Levi Colwill,None
2559,528610,16,SavedShot,0.705,0.6619999694824219,0.033247534185647964,Pascal Groß,h,239,DirectFreekick,2022,RightFoot,18515,Brighton,Manchester City,1,1,2023-05-24 19:00:00,,Standard
2560,532048,13,MissedShots,0.9130000305175782,0.45299999237060545,0.11489401012659073,Pascal Groß,h,239,OpenPlay,2023,Head,22278,Brighton,Luton,4,1,2023-08-12 14:00:00,Estupiñán,Cross
2561,532067,51,ShotOnPost,0.8719999694824219,0.8009999847412109,0.017942124977707863,Pascal Groß,h,239,SetPiece,2023,RightFoot,22278,Brighton,Luton,4,1,2023-08-12 14:00:00,Solly March,Pass
2562,532076,88,SavedShot,0.955999984741211,0.5679999923706055,0.26246532797813416,Pascal Groß,h,239,OpenPlay,2023,RightFoot,22278,Brighton,Luton,4,1,2023-08-12 14:00:00,Estupiñán,TakeOn
2563,534789,40,SavedShot,0.7619999694824219,0.29200000762939454,0.017244577407836914,Pascal Groß,h,239,OpenPlay,2023,RightFoot,22301,Brighton,West Ham,1,3,2023-08-26 16:30:00,Billy Gilmour,Pass
2564,534794,51,BlockedShot,0.7780000305175782,0.5690000152587891,0.02741209976375103,Pascal Groß,h,239,OpenPlay,2023,LeftFoot,22301,Brighton,West Ham,1,3,2023-08-26 16:30:00,Danny Welbeck,Pass
2565,534801,65,SavedShot,0.7709999847412109,0.3609999847412109,0.02165646106004715,Pascal Groß,h,239,FromCorner,2023,LeftFoot,22301,Brighton,West Ham,1,3,2023-08-26 16:30:00,Adam Lallana,Pass
2566,534805,78,SavedShot,0.8,0.39099998474121095,0.03362760692834854,Pascal Groß,h,239,OpenPlay,2023,RightFoot,22301,Brighton,West Ham,1,3,2023-08-26 16:30:00,Simon Adingra,Pass
2567,534807,80,Goal,0.7859999847412109,0.35,0.025604143738746643,Pascal Groß,h,239,OpenPlay,2023,RightFoot,22301,Brighton,West Ham,1,3,2023-08-26 16:30:00,Joël Veltman,TakeOn
2568,537696,47,SavedShot,0.7859999847412109,0.42700000762939455,0.041068002581596375,Pascal Groß,a,239,OpenPlay,2023,RightFoot,21940,Manchester United,Brighton,1,3,2023-09-16 14:00:00,Danny Welbeck,Pass
2569,537698,52,Goal,0.855999984741211,0.54,0.1087401956319809,Pascal Groß,a,239,OpenPlay,2023,RightFoot,21940,Manchester United,Brighton,1,3,2023-09-16 14:00:00,Tariq Lamptey,Pass
2570,543046,26,BlockedShot,0.81,0.509000015258789,0.06734378635883331,Pascal Groß,h,239,OpenPlay,2023,RightFoot,21966,Brighton,Liverpool,2,2,2023-10-08 13:00:00,Lewis Dunk,Pass
2571,543062,82,BlockedShot,0.874000015258789,0.8440000152587891,0.047487154603004456,Pascal Groß,h,239,DirectFreekick,2023,RightFoot,21966,Brighton,Liverpool,2,2,2023-10-08 13:00:00,,Standard
2572,544078,51,MissedShots,0.895,0.355,0.09844591468572617,Pascal Groß,a,239,OpenPlay,2023,RightFoot,21980,Manchester City,Brighton,2,1,2023-10-21 14:00:00,Simon Adingra,Throughball
2573,546124,68,BlockedShot,0.8630000305175781,0.5459999847412109,0.10759864747524261,Pascal Groß,h,239,OpenPlay,2023,LeftFoot,21988,Brighton,Fulham,1,1,2023-10-29 14:00:00,Mahmoud Dahoud,Pass
2574,546915,66,MissedShots,0.88,0.639000015258789,0.058191049844026566,Pascal Groß,a,239,OpenPlay,2023,LeftFoot,21997,Everton,Brighton,1,1,2023-11-04 15:00:00,Evan Ferguson,Pass
2575,551663,84,SavedShot,0.759000015258789,0.5979999923706054,0.06426004320383072,Pascal Groß,a,239,DirectFreekick,2023,RightFoot,22029,Chelsea,Brighton,3,2,2023-12-03 14:00:00,,Standard
2576,551664,85,SavedShot,0.8619999694824219,0.35900001525878905,0.042556263506412506,Pascal Groß,a,239,OpenPlay,2023,LeftFoot,22029,Chelsea,Brighton,3,2,2023-12-03 14:00:00,,None
2577,551665,90,SavedShot,0.764000015258789,0.40200000762939453,0.014089271426200867,Pascal Groß,a,239,OpenPlay,2023,RightFoot,22029,Chelsea,Brighton,3,2,2023-12-03 14:00:00,Jan Paul van Hecke,HeadPass
2578,551666,90,BlockedShot,0.8059999847412109,0.549000015258789,0.03565233573317528,Pascal Groß,a,239,FromCorner,2023,LeftFoot,22029,Chelsea,Brighton,3,2,2023-12-03 14:00:00,Simon Adingra,Pass
2579,552255,19,MissedShots,0.9519999694824218,0.42700000762939455,0.5398766994476318,Pascal Groß,h,239,OpenPlay,2023,LeftFoot,22036,Brighton,Brentford,2,1,2023-12-06 19:30:00,Jack Hinshelwood,Pass
2580,552258,30,Goal,0.8340000152587891,0.6480000305175782,0.04242711514234543,Pascal Groß,h,239,OpenPlay,2023,LeftFoot,22036,Brighton,Brentford,2,1,2023-12-06 19:30:00,Kaoru Mitoma,Pass
2581,552262,46,BlockedShot,0.7719999694824219,0.6320000076293946,0.021708307787775993,Pascal Groß,h,239,OpenPlay,2023,RightFoot,22036,Brighton,Brentford,2,1,2023-12-06 19:30:00,Carlos Baleba,Pass
2582,552865,14,BlockedShot,0.7780000305175782,0.799000015258789,0.03646329417824745,Pascal Groß,h,239,DirectFreekick,2023,RightFoot,22046,Brighton,Burnley,1,1,2023-12-09 15:00:00,,Standard
2583,552869,24,MissedShots,0.9159999847412109,0.4759999847412109,0.056955333799123764,Pascal Groß,h,239,OpenPlay,2023,Head,22046,Brighton,Burnley,1,1,2023-12-09 15:00:00,James Milner,Aerial
2584,552870,27,SavedShot,0.9130000305175782,0.3220000076293945,0.24056768417358398,Pascal Groß,h,239,OpenPlay,2023,RightFoot,22046,Brighton,Burnley,1,1,2023-12-09 15:00:00,Simon Adingra,Pass
2585,552888,86,SavedShot,0.745,0.5659999847412109,0.05836410075426102,Pascal Groß,h,239,DirectFreekick,2023,RightFoot,22046,Brighton,Burnley,1,1,2023-12-09 15:00:00,,Standard
2586,554691,81,MissedShots,0.9290000152587891,0.575,0.45960724353790283,Pascal Groß,a,239,OpenPlay,2023,LeftFoot,22056,Arsenal,Brighton,2,0,2023-12-17 14:00:00,Kaoru Mitoma,Pass
2587,555881,3,MissedShots,0.774000015258789,0.6129999923706054,0.02400040253996849,Pascal Groß,a,239,OpenPlay,2023,LeftFoot,22066,Crystal Palace,Brighton,1,1,2023-12-21 20:00:00,Carlos Baleba,Pass
2588,555890,39,SavedShot,0.7809999847412109,0.655,0.023473860695958138,Pascal Groß,a,239,OpenPlay,2023,RightFoot,22066,Crystal Palace,Brighton,1,1,2023-12-21 20:00:00,,Dispossessed
2589,555901,72,BlockedShot,0.805,0.590999984741211,0.031630903482437134,Pascal Groß,a,239,OpenPlay,2023,RightFoot,22066,Crystal Palace,Brighton,1,1,2023-12-21 20:00:00,Danny Welbeck,Pass
2590,557298,41,SavedShot,0.9180000305175782,0.5129999923706055,0.26696324348449707,Pascal Groß,a,239,OpenPlay,2023,Head,22093,West Ham,Brighton,0,0,2024-01-02 18:30:00,James Milner,Chipped
2591,557304,63,MissedShots,0.9130000305175782,0.32299999237060545,0.038298118859529495,Pascal Groß,a,239,OpenPlay,2023,RightFoot,22093,West Ham,Brighton,0,0,2024-01-02 18:30:00,Facundo Buonanotte,HeadPass
2592,557309,77,MissedShots,0.9359999847412109,0.4520000076293945,0.07272062450647354,Pascal Groß,a,239,OpenPlay,2023,Head,22093,West Ham,Brighton,0,0,2024-01-02 18:30:00,James Milner,Aerial
2593,557313,85,BlockedShot,0.909000015258789,0.49400001525878906,0.11050267517566681,Pascal Groß,a,239,OpenPlay,2023,RightFoot,22093,West Ham,Brighton,0,0,2024-01-02 18:30:00,James Milner,Cross
2594,557316,94,BlockedShot,0.82,0.46099998474121096,0.06677253544330597,Pascal Groß,a,239,OpenPlay,2023,LeftFoot,22093,West Ham,Brighton,0,0,2024-01-02 18:30:00,Jack Hinshelwood,Pass
2595,560592,8,MissedShots,0.78,0.4520000076293945,0.02919267863035202,Pascal Groß,a,239,FromCorner,2023,RightFoot,22107,Luton,Brighton,4,0,2024-01-30 19:45:00,James Milner,Pass
2596,560597,26,BlockedShot,0.850999984741211,0.5729999923706055,0.09307331591844559,Pascal Groß,a,239,OpenPlay,2023,RightFoot,22107,Luton,Brighton,4,0,2024-01-30 19:45:00,Facundo Buonanotte,Pass
2597,561204,31,BlockedShot,0.7630000305175781,0.5209999847412109,0.028941044583916664,Pascal Groß,h,239,OpenPlay,2023,RightFoot,22118,Brighton,Crystal Palace,4,1,2024-02-03 15:00:00,,Rebound
2598,561211,52,BlockedShot,0.73,0.7119999694824218,0.012597892433404922,Pascal Groß,h,239,SetPiece,2023,RightFoot,22118,Brighton,Crystal Palace,4,1,2024-02-03 15:00:00,Facundo Buonanotte,Pass
2599,561219,93,BlockedShot,0.8959999847412109,0.29700000762939455,0.04170040786266327,Pascal Groß,h,239,OpenPlay,2023,RightFoot,22118,Brighton,Crystal Palace,4,1,2024-02-03 15:00:00,Estupiñán,Cross
2600,562561,16,Goal,0.885,0.5,0.7611688375473022,Pascal Groß,a,239,Penalty,2023,RightFoot,22132,Tottenham,Brighton,2,1,2024-02-10 15:00:00,,Standard
2601,564324,9,MissedShots,0.84,0.4909999847412109,0.0654776319861412,Pascal Groß,a,239,OpenPlay,2023,RightFoot,22143,Sheffield United,Brighton,0,5,2024-02-18 14:00:00,Jan Paul van Hecke,Chipped
2602,564326,16,BlockedShot,0.730999984741211,0.4620000076293945,0.014751795679330826,Pascal Groß,a,239,OpenPlay,2023,RightFoot,22143,Sheffield United,Brighton,0,5,2024-02-18 14:00:00,,None
2603,564332,28,BlockedShot,0.92,0.529000015258789,0.5809836983680725,Pascal Groß,a,239,OpenPlay,2023,RightFoot,22143,Sheffield United,Brighton,0,5,2024-02-18 14:00:00,,None
2604,565196,69,BlockedShot,0.8330000305175781,0.504000015258789,0.07983168959617615,Pascal Groß,h,239,OpenPlay,2023,RightFoot,22148,Brighton,Everton,1,1,2024-02-24 15:00:00,Billy Gilmour,Pass
2605,571885,21,MissedShots,0.8130000305175781,0.750999984741211,0.017165420576930046,Pascal Groß,a,239,OpenPlay,2023,LeftFoot,22200,Brentford,Brighton,0,0,2024-04-03 18:30:00,Simon Adingra,Pass
2606,573679,19,BlockedShot,0.769000015258789,0.47099998474121096,0.02321275882422924,Pascal Groß,a,239,OpenPlay,2023,RightFoot,22218,Burnley,Brighton,1,1,2024-04-13 14:00:00,Danny Welbeck,Pass
2607,573693,56,BlockedShot,0.7580000305175781,0.5640000152587891,0.0239767637103796,Pascal Groß,a,239,OpenPlay,2023,RightFoot,22218,Burnley,Brighton,1,1,2024-04-13 14:00:00,,BallTouch
2608,573696,58,SavedShot,0.7909999847412109,0.40400001525878904,0.03664654865860939,Pascal Groß,a,239,OpenPlay,2023,RightFoot,22218,Burnley,Brighton,1,1,2024-04-13 14:00:00,,BallRecovery
2609,576434,45,SavedShot,0.8869999694824219,0.7340000152587891,0.035191137343645096,Pascal Groß,h,239,OpenPlay,2023,LeftFoot,22176,Brighton,Manchester City,0,4,2024-04-25 19:00:00,,Tackle
2610,578870,48,SavedShot,0.9209999847412109,0.580999984741211,0.3141600489616394,Pascal Groß,h,239,OpenPlay,2023,LeftFoot,22247,Brighton,Aston Villa,1,0,2024-05-05 13:00:00,Simon Adingra,Chipped
2611,578876,81,BlockedShot,0.7709999847412109,0.3970000076293945,0.024487977847456932,Pascal Groß,h,239,OpenPlay,2023,RightFoot,22247,Brighton,Aston Villa,1,0,2024-05-05 13:00:00,Simon Adingra,Pass
2612,579946,46,MissedShots,0.7519999694824219,0.34200000762939453,0.018038613721728325,Pascal Groß,a,239,OpenPlay,2023,RightFoot,22260,Newcastle United,Brighton,1,1,2024-05-11 14:00:00,Simon Adingra,Pass
2613,581205,56,MissedShots,0.965,0.44400001525878907,0.5461887121200562,Pascal Groß,h,239,OpenPlay,2023,RightFoot,22226,Brighton,Chelsea,1,2,2024-05-15 18:45:00,Tariq Lamptey,Cross
2614,582141,47,BlockedShot,0.8159999847412109,0.610999984741211,0.03523308411240578,Pascal Groß,h,239,OpenPlay,2023,RightFoot,22267,Brighton,Manchester United,0,2,2024-05-19 15:00:00,João Pedro,Pass
2615,586329,46,BlockedShot,0.785,0.475,0.03837599232792854,Pascal Groß,h,239,OpenPlay,2024,RightFoot,27748,Borussia Dortmund,Eintracht Frankfurt,2,0,2024-08-24 16:30:00,Julian Ryerson,Pass
2616,589105,55,BlockedShot,0.735,0.515,0.01840474270284176,Pascal Groß,a,239,OpenPlay,2024,RightFoot,27753,Werder Bremen,Borussia Dortmund,0,0,2024-08-31 13:30:00,Julian Brandt,Pass
2617,590348,5,MissedShots,0.7959999847412109,0.40099998474121096,0.040396686643362045,Pascal Groß,h,239,OpenPlay,2024,RightFoot,27760,Borussia Dortmund,FC Heidenheim,4,2,2024-09-13 18:30:00,Julian Ryerson,BallTouch
2618,593664,49,SavedShot,0.8090000152587891,0.5520000076293945,0.04674777016043663,Pascal Groß,h,239,OpenPlay,2024,LeftFoot,27778,Borussia Dortmund,Bochum,4,2,2024-09-27 18:30:00,Julian Ryerson,Pass
2619,593665,55,BlockedShot,0.8819999694824219,0.4520000076293945,0.08553867787122726,Pascal Groß,h,239,OpenPlay,2024,RightFoot,27778,Borussia Dortmund,Bochum,4,2,2024-09-27 18:30:00,Julian Brandt,Pass
2620,596633,23,BlockedShot,0.7630000305175781,0.34,0.020752597600221634,Pascal Groß,h,239,OpenPlay,2024,RightFoot,27798,Borussia Dortmund,St. Pauli,2,1,2024-10-18 18:30:00,Julian Brandt,Pass
2621,598334,56,MissedShots,0.8569999694824219,0.3890000152587891,0.051342207938432693,Pascal Groß,a,239,FromCorner,2024,RightFoot,27809,Augsburg,Borussia Dortmund,2,1,2024-10-26 13:30:00,,None
2622,604363,41,BlockedShot,0.73,0.36700000762939455,0.036589574068784714,Pascal Groß,h,239,OpenPlay,2024,RightFoot,27842,Borussia Dortmund,Bayern Munich,1,1,2024-11-30 17:30:00,,None
2623,127530,3,SavedShot,0.9259999847412109,0.655,0.08187840133905411,Marcel Sabitzer,a,5248,OpenPlay,2016,LeftFoot,1335,Hoffenheim,RasenBallsport Leipzig,2,2,2016-08-28 19:30:00,Marcel Halstenberg,Pass
2624,127537,19,BlockedShot,0.7959999847412109,0.7169999694824218,0.021857500076293945,Marcel Sabitzer,a,5248,OpenPlay,2016,RightFoot,1335,Hoffenheim,RasenBallsport Leipzig,2,2,2016-08-28 19:30:00,Marcel Halstenberg,Pass
2625,127555,72,BlockedShot,0.9169999694824219,0.42200000762939455,0.09614309668540955,Marcel Sabitzer,a,5248,FromCorner,2016,RightFoot,1335,Hoffenheim,RasenBallsport Leipzig,2,2,2016-08-28 19:30:00,Marcel Halstenberg,HeadPass
2626,127554,72,SavedShot,0.9690000152587891,0.415,0.4405420124530792,Marcel Sabitzer,a,5248,FromCorner,2016,LeftFoot,1335,Hoffenheim,RasenBallsport Leipzig,2,2,2016-08-28 19:30:00,,Rebound
2627,127559,89,Goal,0.975,0.5279999923706055,0.6597639918327332,Marcel Sabitzer,a,5248,OpenPlay,2016,LeftFoot,1335,Hoffenheim,RasenBallsport Leipzig,2,2,2016-08-28 19:30:00,Benno Schmitz,Cross
2628,128102,41,MissedShots,0.7290000152587891,0.35900001525878905,0.013733900152146816,Marcel Sabitzer,h,5248,FromCorner,2016,LeftFoot,1342,RasenBallsport Leipzig,Borussia Dortmund,1,0,2016-09-10 20:30:00,,None
2629,128288,13,MissedShots,0.97,0.40400001525878904,0.06235070154070854,Marcel Sabitzer,a,5248,FromCorner,2016,RightFoot,1346,Hamburger SV,RasenBallsport Leipzig,0,4,2016-09-17 17:30:00,Diego Demme,Cross
2630,128296,41,MissedShots,0.725,0.48,0.01645980030298233,Marcel Sabitzer,a,5248,OpenPlay,2016,RightFoot,1346,Hamburger SV,RasenBallsport Leipzig,0,4,2016-09-17 17:30:00,,BallRecovery
2631,128593,31,MissedShots,0.9640000152587891,0.3840000152587891,0.0486752986907959,Marcel Sabitzer,h,5248,FromCorner,2016,RightFoot,1358,RasenBallsport Leipzig,Borussia M.Gladbach,1,1,2016-09-21 22:00:00,Dominik Kaiser,Cross
2632,128594,33,SavedShot,0.8009999847412109,0.7419999694824219,0.04327920079231262,Marcel Sabitzer,h,5248,OpenPlay,2016,RightFoot,1358,RasenBallsport Leipzig,Borussia M.Gladbach,1,1,2016-09-21 22:00:00,Timo Werner,Pass
2633,128685,50,MissedShots,0.8619999694824219,0.27600000381469725,0.031344398856163025,Marcel Sabitzer,a,5248,OpenPlay,2016,RightFoot,1371,FC Cologne,RasenBallsport Leipzig,1,1,2016-09-25 19:45:00,Oliver Burke,Pass
2634,128689,57,BlockedShot,0.7609999847412109,0.2620000076293945,0.01954280026257038,Marcel Sabitzer,a,5248,OpenPlay,2016,RightFoot,1371,FC Cologne,RasenBallsport Leipzig,1,1,2016-09-25 19:45:00,Bernardo,Pass
2635,128693,63,MissedShots,0.8690000152587891,0.7269999694824218,0.033470798283815384,Marcel Sabitzer,a,5248,OpenPlay,2016,RightFoot,1371,FC Cologne,RasenBallsport Leipzig,1,1,2016-09-25 19:45:00,Dominik Kaiser,Pass
2636,129040,10,SavedShot,0.750999984741211,0.595999984741211,0.018827000632882118,Marcel Sabitzer,h,5248,OpenPlay,2016,RightFoot,1372,RasenBallsport Leipzig,Augsburg,2,1,2016-09-30 22:30:00,Yussuf Poulsen,Pass
2637,129050,47,SavedShot,0.88,0.27700000762939453,0.04662179946899414,Marcel Sabitzer,h,5248,OpenPlay,2016,RightFoot,1372,RasenBallsport Leipzig,Augsburg,2,1,2016-09-30 22:30:00,Timo Werner,BallRecovery
2638,129052,47,SavedShot,0.8580000305175781,0.27700000762939453,0.032770298421382904,Marcel Sabitzer,h,5248,OpenPlay,2016,RightFoot,1372,RasenBallsport Leipzig,Augsburg,2,1,2016-09-30 22:30:00,Naby Keita,Pass
2639,130098,51,BlockedShot,0.935,0.524000015258789,0.12690800428390503,Marcel Sabitzer,a,5248,FromCorner,2016,Head,3304,Darmstadt,RasenBallsport Leipzig,0,2,2016-10-29 17:30:00,Diego Demme,Cross
2640,130101,56,Goal,0.93,0.45799999237060546,0.40933001041412354,Marcel Sabitzer,a,5248,OpenPlay,2016,RightFoot,3304,Darmstadt,RasenBallsport Leipzig,0,2,2016-10-29 17:30:00,Timo Werner,Cross
2641,130103,68,BlockedShot,0.815,0.7719999694824219,0.05604660138487816,Marcel Sabitzer,a,5248,DirectFreekick,2016,RightFoot,3304,Darmstadt,RasenBallsport Leipzig,0,2,2016-10-29 17:30:00,,Standard
2642,130107,81,Goal,0.98,0.4329999923706055,0.6530010104179382,Marcel Sabitzer,a,5248,OpenPlay,2016,RightFoot,3304,Darmstadt,RasenBallsport Leipzig,0,2,2016-10-29 17:30:00,Oliver Burke,Pass
2643,129730,38,BlockedShot,0.87,0.59,0.11964099854230881,Marcel Sabitzer,h,5248,OpenPlay,2016,RightFoot,2813,RasenBallsport Leipzig,Mainz 05,3,1,2016-11-06 18:30:00,Emil Forsberg,Pass
2644,129810,30,BlockedShot,0.8780000305175781,0.6940000152587891,0.04669690132141113,Marcel Sabitzer,a,5248,OpenPlay,2016,LeftFoot,2815,Bayer Leverkusen,RasenBallsport Leipzig,2,3,2016-11-18 23:30:00,Timo Werner,Pass
2645,129823,76,SavedShot,0.8490000152587891,0.44599998474121094,0.08165690302848816,Marcel Sabitzer,a,5248,OpenPlay,2016,RightFoot,2815,Bayer Leverkusen,RasenBallsport Leipzig,2,3,2016-11-18 23:30:00,Benno Schmitz,Pass
2646,130300,9,BlockedShot,0.8640000152587891,0.40099998474121096,0.10526999831199646,Marcel Sabitzer,a,5248,OpenPlay,2016,LeftFoot,2824,Freiburg,RasenBallsport Leipzig,1,4,2016-11-25 23:30:00,Yussuf Poulsen,Pass
2647,130308,38,BlockedShot,0.77,0.49700000762939456,0.08564499765634537,Marcel Sabitzer,a,5248,OpenPlay,2016,LeftFoot,2824,Freiburg,RasenBallsport Leipzig,1,4,2016-11-25 23:30:00,Naby Keita,Pass
2648,130317,65,MissedShots,0.7969999694824219,0.4759999847412109,0.0975961983203888,Marcel Sabitzer,a,5248,OpenPlay,2016,LeftFoot,2824,Freiburg,RasenBallsport Leipzig,1,4,2016-11-25 23:30:00,Emil Forsberg,Pass
2649,130319,75,ShotOnPost,0.9890000152587891,0.59,0.15480099618434906,Marcel Sabitzer,a,5248,OpenPlay,2016,LeftFoot,2824,Freiburg,RasenBallsport Leipzig,1,4,2016-11-25 23:30:00,Emil Forsberg,TakeOn
2650,130320,78,Goal,0.865999984741211,0.3609999847412109,0.1128230020403862,Marcel Sabitzer,a,5248,OpenPlay,2016,RightFoot,2824,Freiburg,RasenBallsport Leipzig,1,4,2016-11-25 23:30:00,Emil Forsberg,Pass
2651,130803,28,BlockedShot,0.8180000305175781,0.37099998474121093,0.05683809891343117,Marcel Sabitzer,h,5248,OpenPlay,2016,RightFoot,3198,RasenBallsport Leipzig,Schalke 04,2,1,2016-12-03 21:30:00,Timo Werner,Pass
2652,131261,51,SavedShot,0.884000015258789,0.53,0.41620901226997375,Marcel Sabitzer,a,5248,OpenPlay,2016,RightFoot,3205,Ingolstadt,RasenBallsport Leipzig,1,0,2016-12-10 18:30:00,Naby Keita,Pass
2653,131262,62,BlockedShot,0.865,0.35900001525878905,0.09802749752998352,Marcel Sabitzer,a,5248,OpenPlay,2016,RightFoot,3205,Ingolstadt,RasenBallsport Leipzig,1,0,2016-12-10 18:30:00,Naby Keita,Throughball
2654,131683,19,SavedShot,0.84,0.5259999847412109,0.06482280045747757,Marcel Sabitzer,h,5248,OpenPlay,2016,LeftFoot,3213,RasenBallsport Leipzig,Hertha Berlin,2,0,2016-12-17 18:30:00,,None
2655,131713,56,BlockedShot,0.7859999847412109,0.53,0.027288399636745453,Marcel Sabitzer,a,5248,SetPiece,2016,RightFoot,3227,Bayern Munich,RasenBallsport Leipzig,3,0,2016-12-21 23:00:00,,None
2656,130984,44,MissedShots,0.86,0.3189999961853027,0.06183509901165962,Marcel Sabitzer,h,5248,OpenPlay,2016,RightFoot,3728,RasenBallsport Leipzig,Eintracht Frankfurt,3,0,2017-01-21 20:30:00,,None
2657,130987,59,MissedShots,0.8959999847412109,0.5790000152587891,0.12032599747180939,Marcel Sabitzer,h,5248,OpenPlay,2016,LeftFoot,3728,RasenBallsport Leipzig,Eintracht Frankfurt,3,0,2017-01-21 20:30:00,Naby Keita,Chipped
2658,131477,76,Goal,0.7580000305175781,0.28600000381469726,0.01997530087828636,Marcel Sabitzer,h,5248,OpenPlay,2016,RightFoot,3732,RasenBallsport Leipzig,Hoffenheim,2,1,2017-01-28 17:30:00,Naby Keita,Pass
2659,131868,26,MissedShots,0.720999984741211,0.7130000305175781,0.009340520016849041,Marcel Sabitzer,h,5248,OpenPlay,2016,RightFoot,3752,RasenBallsport Leipzig,Hamburger SV,0,3,2017-02-11 14:30:00,Emil Forsberg,Pass
2660,131869,27,MissedShots,0.9530000305175781,0.6930000305175781,0.03887910023331642,Marcel Sabitzer,h,5248,OpenPlay,2016,LeftFoot,3752,RasenBallsport Leipzig,Hamburger SV,0,3,2017-02-11 14:30:00,Diego Demme,Chipped
2661,131964,15,SavedShot,0.874000015258789,0.3160000038146973,0.07279819995164871,Marcel Sabitzer,a,5248,OpenPlay,2016,RightFoot,3765,Borussia M.Gladbach,RasenBallsport Leipzig,1,2,2017-02-19 14:30:00,Emil Forsberg,Pass
2662,131966,29,BlockedShot,0.8580000305175781,0.27,0.030191199854016304,Marcel Sabitzer,a,5248,OpenPlay,2016,LeftFoot,3765,Borussia M.Gladbach,RasenBallsport Leipzig,1,2,2017-02-19 14:30:00,,None
2663,131975,57,MissedShots,0.830999984741211,0.6029999923706054,0.06498459726572037,Marcel Sabitzer,a,5248,OpenPlay,2016,RightFoot,3765,Borussia M.Gladbach,RasenBallsport Leipzig,1,2,2017-02-19 14:30:00,Timo Werner,HeadPass
2664,131983,93,SavedShot,0.745999984741211,0.595999984741211,0.020359599962830544,Marcel Sabitzer,a,5248,SetPiece,2016,RightFoot,3765,Borussia M.Gladbach,RasenBallsport Leipzig,1,2,2017-02-19 14:30:00,Péter Gulácsi,Pass
2665,132406,18,MissedShots,0.8719999694824219,0.4,0.06458500027656555,Marcel Sabitzer,h,5248,FromCorner,2016,RightFoot,3769,RasenBallsport Leipzig,FC Cologne,3,1,2017-02-25 14:30:00,Stefan Ilsanker,HeadPass
2666,132409,29,MissedShots,0.865,0.6819999694824219,0.05757749825716019,Marcel Sabitzer,h,5248,OpenPlay,2016,RightFoot,3769,RasenBallsport Leipzig,FC Cologne,3,1,2017-02-25 14:30:00,Naby Keita,Pass
2667,132412,35,MissedShots,0.8380000305175781,0.544000015258789,0.10721500217914581,Marcel Sabitzer,h,5248,OpenPlay,2016,LeftFoot,3769,RasenBallsport Leipzig,FC Cologne,3,1,2017-02-25 14:30:00,Emil Forsberg,Pass
2668,132418,72,SavedShot,0.9080000305175782,0.525,0.25974899530410767,Marcel Sabitzer,h,5248,SetPiece,2016,Head,3769,RasenBallsport Leipzig,FC Cologne,3,1,2017-02-25 14:30:00,Marcel Halstenberg,Cross
2669,134204,7,MissedShots,0.725999984741211,0.5929999923706055,0.029951000586152077,Marcel Sabitzer,h,5248,OpenPlay,2016,RightFoot,3789,RasenBallsport Leipzig,Wolfsburg,0,1,2017-03-11 14:30:00,Diego Demme,Pass
2670,134219,60,MissedShots,0.8490000152587891,0.580999984741211,0.07399799674749374,Marcel Sabitzer,h,5248,OpenPlay,2016,LeftFoot,3789,RasenBallsport Leipzig,Wolfsburg,0,1,2017-03-11 14:30:00,Emil Forsberg,Pass
2671,134221,64,SavedShot,0.9259999847412109,0.38,0.06524469703435898,Marcel Sabitzer,h,5248,OpenPlay,2016,LeftFoot,3789,RasenBallsport Leipzig,Wolfsburg,0,1,2017-03-11 14:30:00,Benno Schmitz,Cross
2672,134225,73,SavedShot,0.8719999694824219,0.6140000152587891,0.11319699883460999,Marcel Sabitzer,h,5248,OpenPlay,2016,RightFoot,3789,RasenBallsport Leipzig,Wolfsburg,0,1,2017-03-11 14:30:00,Federico Palacios,Pass
2673,132659,38,ShotOnPost,0.8280000305175781,0.48200000762939454,0.063298299908638,Marcel Sabitzer,a,5248,OpenPlay,2016,LeftFoot,3798,Werder Bremen,RasenBallsport Leipzig,3,0,2017-03-18 14:30:00,Diego Demme,Pass
2674,132664,62,SavedShot,0.7819999694824219,0.52,0.03609229996800423,Marcel Sabitzer,a,5248,OpenPlay,2016,RightFoot,3798,Werder Bremen,RasenBallsport Leipzig,3,0,2017-03-18 14:30:00,Emil Forsberg,Pass
2675,132665,66,MissedShots,0.8730000305175781,0.35900001525878905,0.03196239843964577,Marcel Sabitzer,a,5248,OpenPlay,2016,RightFoot,3798,Werder Bremen,RasenBallsport Leipzig,3,0,2017-03-18 14:30:00,Timo Werner,Chipped
2676,133570,26,SavedShot,0.8159999847412109,0.29100000381469726,0.050592001527547836,Marcel Sabitzer,h,5248,OpenPlay,2016,RightFoot,3808,RasenBallsport Leipzig,Darmstadt,4,0,2017-04-01 14:30:00,Emil Forsberg,Pass
2677,133582,47,SavedShot,0.7440000152587891,0.49,0.02388080023229122,Marcel Sabitzer,h,5248,OpenPlay,2016,RightFoot,3808,RasenBallsport Leipzig,Darmstadt,4,0,2017-04-01 14:30:00,Emil Forsberg,Pass
2678,133853,1,SavedShot,0.764000015258789,0.44299999237060544,0.02695390023291111,Marcel Sabitzer,a,5248,OpenPlay,2016,RightFoot,3818,Mainz 05,RasenBallsport Leipzig,2,3,2017-04-05 19:00:00,Naby Keita,Pass
2679,133858,13,SavedShot,0.9719999694824218,0.3160000038146973,0.04535660147666931,Marcel Sabitzer,a,5248,OpenPlay,2016,LeftFoot,3818,Mainz 05,RasenBallsport Leipzig,2,3,2017-04-05 19:00:00,Diego Demme,TakeOn
2680,133860,21,MissedShots,0.7919999694824219,0.44299999237060544,0.0411313995718956,Marcel Sabitzer,a,5248,OpenPlay,2016,LeftFoot,3818,Mainz 05,RasenBallsport Leipzig,2,3,2017-04-05 19:00:00,Naby Keita,Pass
2681,133866,47,Goal,0.9519999694824218,0.4640000152587891,0.5258870124816895,Marcel Sabitzer,a,5248,OpenPlay,2016,Head,3818,Mainz 05,RasenBallsport Leipzig,2,3,2017-04-05 19:00:00,Emil Forsberg,Chipped
2682,133875,60,BlockedShot,0.7040000152587891,0.40200000762939453,0.020795999094843864,Marcel Sabitzer,a,5248,OpenPlay,2016,RightFoot,3818,Mainz 05,RasenBallsport Leipzig,2,3,2017-04-05 19:00:00,Diego Demme,Pass
2683,133881,81,SavedShot,0.8930000305175781,0.6430000305175781,0.2763519883155823,Marcel Sabitzer,a,5248,OpenPlay,2016,RightFoot,3818,Mainz 05,RasenBallsport Leipzig,2,3,2017-04-05 19:00:00,Naby Keita,Pass
2684,134907,2,SavedShot,0.9540000152587891,0.44299999237060544,0.12278600037097931,Marcel Sabitzer,h,5248,OpenPlay,2016,RightFoot,3823,RasenBallsport Leipzig,Bayer Leverkusen,1,0,2017-04-08 14:30:00,Timo Werner,Cross
2685,134911,9,SavedShot,0.975999984741211,0.265,0.10707999765872955,Marcel Sabitzer,h,5248,OpenPlay,2016,RightFoot,3823,RasenBallsport Leipzig,Bayer Leverkusen,1,0,2017-04-08 14:30:00,Emil Forsberg,Throughball
2686,134915,35,BlockedShot,0.8130000305175781,0.37099998474121093,0.04310059919953346,Marcel Sabitzer,h,5248,OpenPlay,2016,RightFoot,3823,RasenBallsport Leipzig,Bayer Leverkusen,1,0,2017-04-08 14:30:00,Diego Demme,Pass
2687,134931,73,MissedShots,0.7269999694824218,0.27700000762939453,0.009929019957780838,Marcel Sabitzer,h,5248,OpenPlay,2016,RightFoot,3823,RasenBallsport Leipzig,Bayer Leverkusen,1,0,2017-04-08 14:30:00,Yussuf Poulsen,HeadPass
2688,133208,15,BlockedShot,0.7190000152587891,0.49900001525878906,0.016884999349713326,Marcel Sabitzer,h,5248,OpenPlay,2016,RightFoot,3837,RasenBallsport Leipzig,Freiburg,4,0,2017-04-15 14:30:00,Emil Forsberg,Pass
2689,133521,79,MissedShots,0.7780000305175782,0.639000015258789,0.07479900121688843,Marcel Sabitzer,a,5248,DirectFreekick,2016,RightFoot,3844,Schalke 04,RasenBallsport Leipzig,1,1,2017-04-23 16:30:00,,Standard
2690,134728,10,MissedShots,0.8330000305175781,0.585,0.06420339643955231,Marcel Sabitzer,h,5248,OpenPlay,2016,LeftFoot,3851,RasenBallsport Leipzig,Ingolstadt,0,0,2017-04-29 14:30:00,Timo Werner,Pass
2691,134739,61,MissedShots,0.7480000305175781,0.47299999237060547,0.02112860046327114,Marcel Sabitzer,h,5248,OpenPlay,2016,RightFoot,3851,RasenBallsport Leipzig,Ingolstadt,0,0,2017-04-29 14:30:00,Timo Werner,Pass
2692,134740,67,MissedShots,0.84,0.3920000076293945,0.031031500548124313,Marcel Sabitzer,h,5248,OpenPlay,2016,RightFoot,3851,RasenBallsport Leipzig,Ingolstadt,0,0,2017-04-29 14:30:00,Emil Forsberg,Chipped
2693,134744,77,BlockedShot,0.8109999847412109,0.3220000076293945,0.029589200392365456,Marcel Sabitzer,h,5248,OpenPlay,2016,RightFoot,3851,RasenBallsport Leipzig,Ingolstadt,0,0,2017-04-29 14:30:00,Emil Forsberg,Pass
2694,134936,4,MissedShots,0.9369999694824219,0.5770000076293945,0.13084200024604797,Marcel Sabitzer,a,5248,OpenPlay,2016,RightFoot,3862,Hertha Berlin,RasenBallsport Leipzig,1,4,2017-05-06 17:30:00,Emil Forsberg,Pass
2695,134940,26,SavedShot,0.7169999694824218,0.295,0.021345200017094612,Marcel Sabitzer,a,5248,OpenPlay,2016,RightFoot,3862,Hertha Berlin,RasenBallsport Leipzig,1,4,2017-05-06 17:30:00,Naby Keita,Pass
2696,134953,85,MissedShots,0.74,0.3089999961853027,0.01607160083949566,Marcel Sabitzer,a,5248,OpenPlay,2016,RightFoot,3862,Hertha Berlin,RasenBallsport Leipzig,1,4,2017-05-06 17:30:00,Davie Selke,Pass
2697,133641,1,Goal,0.9530000305175781,0.46,0.5519660115242004,Marcel Sabitzer,h,5248,OpenPlay,2016,Head,3874,RasenBallsport Leipzig,Bayern Munich,4,5,2017-05-13 14:30:00,Emil Forsberg,Aerial
2698,133644,3,MissedShots,0.8819999694824219,0.37400001525878906,0.08970429748296738,Marcel Sabitzer,h,5248,OpenPlay,2016,RightFoot,3874,RasenBallsport Leipzig,Bayern Munich,4,5,2017-05-13 14:30:00,Stefan Ilsanker,Pass
2699,133649,22,SavedShot,0.904000015258789,0.5940000152587891,0.10697100311517715,Marcel Sabitzer,h,5248,OpenPlay,2016,LeftFoot,3874,RasenBallsport Leipzig,Bayern Munich,4,5,2017-05-13 14:30:00,Naby Keita,Pass
2700,128055,24,Goal,0.9530000305175781,0.48700000762939455,0.6441069841384888,Marcel Sabitzer,a,5248,OpenPlay,2016,LeftFoot,3882,Eintracht Frankfurt,RasenBallsport Leipzig,2,2,2017-05-20 14:30:00,Benno Schmitz,Pass
2701,128068,79,SavedShot,0.9119999694824219,0.6359999847412109,0.31334900856018066,Marcel Sabitzer,a,5248,OpenPlay,2016,LeftFoot,3882,Eintracht Frankfurt,RasenBallsport Leipzig,2,2,2017-05-20 14:30:00,Emil Forsberg,Pass
2702,165901,40,SavedShot,0.8380000305175781,0.38,0.05916519835591316,Marcel Sabitzer,a,5248,OpenPlay,2017,RightFoot,8265,Schalke 04,RasenBallsport Leipzig,2,0,2017-08-19 17:30:00,,Tackle
2703,165905,54,SavedShot,0.700999984741211,0.3629999923706055,0.015476400032639503,Marcel Sabitzer,a,5248,OpenPlay,2017,RightFoot,8265,Schalke 04,RasenBallsport Leipzig,2,0,2017-08-19 17:30:00,Naby Keita,Pass
2704,165910,79,MissedShots,0.8030000305175782,0.32,0.02698119916021824,Marcel Sabitzer,a,5248,OpenPlay,2017,RightFoot,8265,Schalke 04,RasenBallsport Leipzig,2,0,2017-08-19 17:30:00,Emil Forsberg,Pass
2705,166021,46,SavedShot,0.7869999694824219,0.525,0.03480299934744835,Marcel Sabitzer,h,5248,OpenPlay,2017,RightFoot,8275,RasenBallsport Leipzig,Freiburg,4,1,2017-08-27 14:30:00,,None
2706,166023,47,SavedShot,0.7830000305175782,0.6359999847412109,0.02864770032465458,Marcel Sabitzer,h,5248,OpenPlay,2017,RightFoot,8275,RasenBallsport Leipzig,Freiburg,4,1,2017-08-27 14:30:00,Diego Demme,Pass
2707,166025,48,SavedShot,0.86,0.22799999237060548,0.025879599153995514,Marcel Sabitzer,h,5248,OpenPlay,2017,RightFoot,8275,RasenBallsport Leipzig,Freiburg,4,1,2017-08-27 14:30:00,Emil Forsberg,Pass
2708,166030,53,BlockedShot,0.785,0.38,0.021562699228525162,Marcel Sabitzer,h,5248,OpenPlay,2017,RightFoot,8275,RasenBallsport Leipzig,Freiburg,4,1,2017-08-27 14:30:00,,Rebound
2709,166035,77,BlockedShot,0.735999984741211,0.39,0.02244039997458458,Marcel Sabitzer,h,5248,OpenPlay,2017,RightFoot,8275,RasenBallsport Leipzig,Freiburg,4,1,2017-08-27 14:30:00,Emil Forsberg,Pass
2710,166391,36,MissedShots,0.91,0.31799999237060544,0.040785398334264755,Marcel Sabitzer,a,5248,SetPiece,2017,RightFoot,8277,Hamburger SV,RasenBallsport Leipzig,0,2,2017-09-08 19:30:00,Willi Orban,HeadPass
2711,166400,69,BlockedShot,0.8180000305175781,0.6519999694824219,0.05394909903407097,Marcel Sabitzer,a,5248,OpenPlay,2017,LeftFoot,8277,Hamburger SV,RasenBallsport Leipzig,0,2,2017-09-08 19:30:00,Naby Keita,BallRecovery
2712,167075,19,MissedShots,0.7609999847412109,0.28299999237060547,0.01777780055999756,Marcel Sabitzer,a,5248,OpenPlay,2017,RightFoot,8297,Augsburg,RasenBallsport Leipzig,1,0,2017-09-19 19:30:00,Kevin Kampl,Pass
2713,166546,13,BlockedShot,0.865,0.3160000038146973,0.046957600861787796,Marcel Sabitzer,h,5248,OpenPlay,2017,RightFoot,8308,RasenBallsport Leipzig,Eintracht Frankfurt,2,1,2017-09-23 14:30:00,,None
2714,166564,80,ShotOnPost,0.919000015258789,0.4620000076293945,0.04084800183773041,Marcel Sabitzer,h,5248,SetPiece,2017,Head,8308,RasenBallsport Leipzig,Eintracht Frankfurt,2,1,2017-09-23 14:30:00,Willi Orban,Rebound
2715,166565,84,BlockedShot,0.8169999694824219,0.5209999847412109,0.07660440355539322,Marcel Sabitzer,h,5248,OpenPlay,2017,RightFoot,8308,RasenBallsport Leipzig,Eintracht Frankfurt,2,1,2017-09-23 14:30:00,Marcel Halstenberg,Pass
2716,166935,19,BlockedShot,0.850999984741211,0.475,0.09708330035209656,Marcel Sabitzer,a,5248,OpenPlay,2017,LeftFoot,8313,FC Cologne,RasenBallsport Leipzig,1,2,2017-10-01 17:00:00,Diego Demme,Pass
2717,166942,29,SavedShot,0.8159999847412109,0.524000015258789,0.053467899560928345,Marcel Sabitzer,a,5248,OpenPlay,2017,RightFoot,8313,FC Cologne,RasenBallsport Leipzig,1,2,2017-10-01 17:00:00,Yussuf Poulsen,Pass
2718,166948,39,BlockedShot,0.7909999847412109,0.5570000076293945,0.04963630065321922,Marcel Sabitzer,a,5248,OpenPlay,2017,RightFoot,8313,FC Cologne,RasenBallsport Leipzig,1,2,2017-10-01 17:00:00,Diego Demme,Chipped
2719,166956,62,MissedShots,0.855999984741211,0.315,0.06048230081796646,Marcel Sabitzer,a,5248,OpenPlay,2017,LeftFoot,8313,FC Cologne,RasenBallsport Leipzig,1,2,2017-10-01 17:00:00,Yussuf Poulsen,None
2720,167579,9,Goal,0.955999984741211,0.509000015258789,0.5473150014877319,Marcel Sabitzer,a,5248,SetPiece,2017,Head,8323,Borussia Dortmund,RasenBallsport Leipzig,2,3,2017-10-14 17:30:00,Marcel Halstenberg,HeadPass
2721,167988,7,BlockedShot,0.9169999694824219,0.30100000381469727,0.0517657995223999,Marcel Sabitzer,h,5248,OpenPlay,2017,LeftFoot,8331,RasenBallsport Leipzig,VfB Stuttgart,1,0,2017-10-21 14:30:00,,None
2722,167990,22,Goal,0.77,0.44599998474121094,0.028756700456142426,Marcel Sabitzer,h,5248,OpenPlay,2017,LeftFoot,8331,RasenBallsport Leipzig,VfB Stuttgart,1,0,2017-10-21 14:30:00,Timo Werner,Pass
2723,168007,73,SavedShot,0.7519999694824219,0.32099998474121094,0.02466619946062565,Marcel Sabitzer,h,5248,OpenPlay,2017,LeftFoot,8331,RasenBallsport Leipzig,VfB Stuttgart,1,0,2017-10-21 14:30:00,Diego Demme,Pass
2724,168009,80,SavedShot,0.7480000305175781,0.35400001525878905,0.02383279986679554,Marcel Sabitzer,h,5248,OpenPlay,2017,RightFoot,8331,RasenBallsport Leipzig,VfB Stuttgart,1,0,2017-10-21 14:30:00,,BlockedPass
2725,167389,15,SavedShot,0.7230000305175781,0.47299999237060547,0.019926900044083595,Marcel Sabitzer,h,5248,OpenPlay,2017,RightFoot,8349,RasenBallsport Leipzig,Hannover 96,2,1,2017-11-04 14:30:00,Konrad Laimer,Pass
2726,167391,22,BlockedShot,0.8680000305175781,0.37099998474121093,0.058293700218200684,Marcel Sabitzer,h,5248,OpenPlay,2017,RightFoot,8349,RasenBallsport Leipzig,Hannover 96,2,1,2017-11-04 14:30:00,,Rebound
2727,167395,42,MissedShots,0.730999984741211,0.5129999923706055,0.020239099860191345,Marcel Sabitzer,h,5248,OpenPlay,2017,RightFoot,8349,RasenBallsport Leipzig,Hannover 96,2,1,2017-11-04 14:30:00,Dayotchanculle Upamecano,Pass
2728,167400,63,SavedShot,0.754000015258789,0.5120000076293946,0.024691099300980568,Marcel Sabitzer,h,5248,OpenPlay,2017,RightFoot,8349,RasenBallsport Leipzig,Hannover 96,2,1,2017-11-04 14:30:00,Yussuf Poulsen,Pass
2729,167404,68,BlockedShot,0.7240000152587891,0.44599998474121094,0.018317800015211105,Marcel Sabitzer,h,5248,OpenPlay,2017,LeftFoot,8349,RasenBallsport Leipzig,Hannover 96,2,1,2017-11-04 14:30:00,Diego Demme,Pass
2730,167413,84,BlockedShot,0.7190000152587891,0.46700000762939453,0.01774430088698864,Marcel Sabitzer,h,5248,OpenPlay,2017,RightFoot,8349,RasenBallsport Leipzig,Hannover 96,2,1,2017-11-04 14:30:00,Emil Forsberg,Pass
2731,167415,86,MissedShots,0.7469999694824219,0.34200000762939453,0.022322699427604675,Marcel Sabitzer,h,5248,OpenPlay,2017,RightFoot,8349,RasenBallsport Leipzig,Hannover 96,2,1,2017-11-04 14:30:00,Naby Keita,Pass
2732,168024,51,BlockedShot,0.850999984741211,0.49900001525878906,0.07200600206851959,Marcel Sabitzer,a,5248,SetPiece,2017,LeftFoot,8363,Bayer Leverkusen,RasenBallsport Leipzig,2,2,2017-11-18 14:30:00,,Foul
2733,168031,69,MissedShots,0.8809999847412109,0.3189999961853027,0.06944960355758667,Marcel Sabitzer,a,5248,OpenPlay,2017,RightFoot,8363,Bayer Leverkusen,RasenBallsport Leipzig,2,2,2017-11-18 14:30:00,Timo Werner,Pass
2734,168035,85,BlockedShot,0.7380000305175781,0.46599998474121096,0.021676700562238693,Marcel Sabitzer,a,5248,OpenPlay,2017,RightFoot,8363,Bayer Leverkusen,RasenBallsport Leipzig,2,2,2017-11-18 14:30:00,Dayotchanculle Upamecano,Pass
2735,187590,14,BlockedShot,0.765,0.3340000152587891,0.02219579927623272,Marcel Sabitzer,h,5248,OpenPlay,2017,LeftFoot,8413,RasenBallsport Leipzig,Schalke 04,3,1,2018-01-13 17:30:00,Diego Demme,TakeOn
2736,187596,34,SavedShot,0.7330000305175781,0.585,0.01965560019016266,Marcel Sabitzer,h,5248,OpenPlay,2017,RightFoot,8413,RasenBallsport Leipzig,Schalke 04,3,1,2018-01-13 17:30:00,Naby Keita,Pass
2737,187603,57,SavedShot,0.7719999694824219,0.6430000305175781,0.020547300577163696,Marcel Sabitzer,h,5248,OpenPlay,2017,RightFoot,8413,RasenBallsport Leipzig,Schalke 04,3,1,2018-01-13 17:30:00,Naby Keita,Pass
2738,187609,79,SavedShot,0.860999984741211,0.595999984741211,0.11448299884796143,Marcel Sabitzer,h,5248,OpenPlay,2017,LeftFoot,8413,RasenBallsport Leipzig,Schalke 04,3,1,2018-01-13 17:30:00,Bruma,Pass
2739,188692,3,MissedShots,0.6840000152587891,0.49,0.01801699958741665,Marcel Sabitzer,a,5248,OpenPlay,2017,RightFoot,8424,Freiburg,RasenBallsport Leipzig,2,1,2018-01-20 14:30:00,Dayotchanculle Upamecano,Pass
2740,188697,39,BlockedShot,0.8219999694824218,0.3940000152587891,0.0752594992518425,Marcel Sabitzer,a,5248,OpenPlay,2017,LeftFoot,8424,Freiburg,RasenBallsport Leipzig,2,1,2018-01-20 14:30:00,,TakeOn
2741,189844,14,SavedShot,0.874000015258789,0.23899999618530274,0.03491010144352913,Marcel Sabitzer,h,5248,OpenPlay,2017,RightFoot,8435,RasenBallsport Leipzig,Hamburger SV,1,1,2018-01-27 14:30:00,Jean-Kevin Augustin,Pass
2742,189849,54,SavedShot,0.9690000152587891,0.725999984741211,0.040663398802280426,Marcel Sabitzer,h,5248,OpenPlay,2017,RightFoot,8435,RasenBallsport Leipzig,Hamburger SV,1,1,2018-01-27 14:30:00,Kevin Kampl,Chipped
2743,189851,57,MissedShots,0.855999984741211,0.3370000076293945,0.05442570149898529,Marcel Sabitzer,h,5248,OpenPlay,2017,RightFoot,8435,RasenBallsport Leipzig,Hamburger SV,1,1,2018-01-27 14:30:00,Konrad Laimer,Pass
2744,189855,76,SavedShot,0.8830000305175781,0.840999984741211,0.05340990051627159,Marcel Sabitzer,h,5248,DirectFreekick,2017,RightFoot,8435,RasenBallsport Leipzig,Hamburger SV,1,1,2018-01-27 14:30:00,,Standard
2745,189858,82,MissedShots,0.7630000305175781,0.7019999694824218,0.015335800126194954,Marcel Sabitzer,h,5248,OpenPlay,2017,RightFoot,8435,RasenBallsport Leipzig,Hamburger SV,1,1,2018-01-27 14:30:00,Kevin Kampl,Pass
2746,194757,5,SavedShot,0.7730000305175782,0.3270000076293945,0.024181600660085678,Marcel Sabitzer,a,5248,OpenPlay,2017,LeftFoot,8441,Borussia M.Gladbach,RasenBallsport Leipzig,0,1,2018-02-03 17:30:00,Diego Demme,Pass
2747,194761,21,MissedShots,0.9730000305175781,0.615,0.013059600256383419,Marcel Sabitzer,a,5248,FromCorner,2017,Head,8441,Borussia M.Gladbach,RasenBallsport Leipzig,0,1,2018-02-03 17:30:00,Kevin Kampl,Aerial
2748,194762,26,MissedShots,0.8159999847412109,0.4779999923706055,0.051793698221445084,Marcel Sabitzer,a,5248,SetPiece,2017,RightFoot,8441,Borussia M.Gladbach,RasenBallsport Leipzig,0,1,2018-02-03 17:30:00,Lukas Klostermann,Pass
2749,194764,40,BlockedShot,0.9309999847412109,0.3920000076293945,0.08154349774122238,Marcel Sabitzer,a,5248,OpenPlay,2017,RightFoot,8441,Borussia M.Gladbach,RasenBallsport Leipzig,0,1,2018-02-03 17:30:00,Kevin Kampl,Cross
2750,194773,59,SavedShot,0.75,0.49400001525878906,0.02370529994368553,Marcel Sabitzer,a,5248,OpenPlay,2017,RightFoot,8441,Borussia M.Gladbach,RasenBallsport Leipzig,0,1,2018-02-03 17:30:00,Lukas Klostermann,Pass
2751,194778,78,SavedShot,0.7659999847412109,0.509000015258789,0.08426430076360703,Marcel Sabitzer,a,5248,DirectFreekick,2017,RightFoot,8441,Borussia M.Gladbach,RasenBallsport Leipzig,0,1,2018-02-03 17:30:00,,Standard
2752,196998,46,BlockedShot,0.914000015258789,0.29399999618530276,0.045688800513744354,Marcel Sabitzer,a,5248,OpenPlay,2017,RightFoot,8462,Eintracht Frankfurt,RasenBallsport Leipzig,2,1,2018-02-19 19:30:00,Konrad Laimer,Pass
2753,197008,86,BlockedShot,0.735,0.5179999923706055,0.01894659921526909,Marcel Sabitzer,a,5248,OpenPlay,2017,RightFoot,8462,Eintracht Frankfurt,RasenBallsport Leipzig,2,1,2018-02-19 19:30:00,Lukas Klostermann,Pass
2754,198014,30,MissedShots,0.8540000152587891,0.445,0.1329450011253357,Marcel Sabitzer,h,5248,OpenPlay,2017,RightFoot,8468,RasenBallsport Leipzig,FC Cologne,1,2,2018-02-25 17:00:00,Bruma,Pass
2755,198032,80,BlockedShot,0.9219999694824219,0.3120000076293945,0.050017401576042175,Marcel Sabitzer,h,5248,OpenPlay,2017,RightFoot,8468,RasenBallsport Leipzig,FC Cologne,1,2,2018-02-25 17:00:00,,None
2756,199053,61,BlockedShot,0.86,0.34900001525878904,0.059248898178339005,Marcel Sabitzer,h,5248,OpenPlay,2017,LeftFoot,8475,RasenBallsport Leipzig,Borussia Dortmund,1,1,2018-03-03 17:30:00,Timo Werner,TakeOn
2757,199055,65,BlockedShot,0.8780000305175781,0.3220000076293945,0.05235140025615692,Marcel Sabitzer,h,5248,OpenPlay,2017,RightFoot,8475,RasenBallsport Leipzig,Borussia Dortmund,1,1,2018-03-03 17:30:00,Kevin Kampl,Pass
2758,207467,16,Goal,0.8180000305175781,0.4370000076293945,0.05221030116081238,Marcel Sabitzer,h,5248,OpenPlay,2017,RightFoot,8512,RasenBallsport Leipzig,Bayer Leverkusen,1,4,2018-04-09 18:30:00,Yussuf Poulsen,HeadPass
2759,207475,36,BlockedShot,0.850999984741211,0.6459999847412109,0.07046809792518616,Marcel Sabitzer,h,5248,OpenPlay,2017,RightFoot,8512,RasenBallsport Leipzig,Bayer Leverkusen,1,4,2018-04-09 18:30:00,Naby Keita,Pass
2760,207482,56,SavedShot,0.7859999847412109,0.5279999923706055,0.036642301827669144,Marcel Sabitzer,h,5248,OpenPlay,2017,RightFoot,8512,RasenBallsport Leipzig,Bayer Leverkusen,1,4,2018-04-09 18:30:00,Kevin Kampl,Pass
2761,207488,72,BlockedShot,0.8480000305175781,0.3940000152587891,0.07536260038614273,Marcel Sabitzer,h,5248,OpenPlay,2017,RightFoot,8512,RasenBallsport Leipzig,Bayer Leverkusen,1,4,2018-04-09 18:30:00,Lukas Klostermann,Pass
2762,207489,76,MissedShots,0.8180000305175781,0.3029999923706055,0.02883470058441162,Marcel Sabitzer,h,5248,OpenPlay,2017,LeftFoot,8512,RasenBallsport Leipzig,Bayer Leverkusen,1,4,2018-04-09 18:30:00,Emil Forsberg,Pass
2763,220751,39,OwnGoal,0.13,0.40900001525878904,0,Marcel Sabitzer,a,5248,SetPiece,2018,Head,10345,Borussia Dortmund,RasenBallsport Leipzig,4,1,2018-08-26 19:00:00,,Foul
2764,222283,69,MissedShots,0.8069999694824219,0.6120000076293945,0.037314798682928085,Marcel Sabitzer,h,5248,OpenPlay,2018,LeftFoot,10353,RasenBallsport Leipzig,Fortuna Duesseldorf,1,1,2018-09-02 13:30:00,Marcelo Saracchi,Pass
2765,222293,90,MissedShots,0.76,0.624000015258789,0.0212676003575325,Marcel Sabitzer,h,5248,OpenPlay,2018,LeftFoot,10353,RasenBallsport Leipzig,Fortuna Duesseldorf,1,1,2018-09-02 13:30:00,Kevin Kampl,Pass
2766,225973,91,BlockedShot,0.749000015258789,0.79,0.03358349949121475,Marcel Sabitzer,a,5248,DirectFreekick,2018,RightFoot,10372,Eintracht Frankfurt,RasenBallsport Leipzig,1,1,2018-09-23 16:00:00,,Standard
2767,226711,44,MissedShots,0.919000015258789,0.3029999923706055,0.052311599254608154,Marcel Sabitzer,h,5248,OpenPlay,2018,RightFoot,10379,RasenBallsport Leipzig,VfB Stuttgart,2,0,2018-09-26 18:30:00,,None
2768,226715,52,MissedShots,0.7859999847412109,0.3060000038146973,0.030248800292611122,Marcel Sabitzer,h,5248,OpenPlay,2018,LeftFoot,10379,RasenBallsport Leipzig,VfB Stuttgart,2,0,2018-09-26 18:30:00,,None
2769,227846,44,MissedShots,0.960999984741211,0.6229999923706054,0.07745929807424545,Marcel Sabitzer,a,5248,OpenPlay,2018,RightFoot,10385,Hoffenheim,RasenBallsport Leipzig,1,2,2018-09-29 13:30:00,Timo Werner,Chipped
2770,255395,9,BlockedShot,0.8230000305175781,0.4329999923706055,0.059602998197078705,Marcel Sabitzer,h,5248,OpenPlay,2018,RightFoot,10394,RasenBallsport Leipzig,Nuernberg,6,0,2018-10-07 16:00:00,,None
2771,255397,20,Goal,0.955999984741211,0.68,0.07937309890985489,Marcel Sabitzer,h,5248,OpenPlay,2018,LeftFoot,10394,RasenBallsport Leipzig,Nuernberg,6,0,2018-10-07 16:00:00,Kevin Kampl,Pass
2772,255404,54,Goal,0.745999984741211,0.46099998474121096,0.025379400700330734,Marcel Sabitzer,h,5248,OpenPlay,2018,RightFoot,10394,RasenBallsport Leipzig,Nuernberg,6,0,2018-10-07 16:00:00,Marcel Halstenberg,Pass
2773,255414,84,BlockedShot,0.7830000305175782,0.29700000762939455,0.03482230007648468,Marcel Sabitzer,h,5248,OpenPlay,2018,LeftFoot,10394,RasenBallsport Leipzig,Nuernberg,6,0,2018-10-07 16:00:00,Nordi Mukiele,Pass
2774,255827,17,MissedShots,0.8819999694824219,0.6409999847412109,0.06081460043787956,Marcel Sabitzer,h,5248,OpenPlay,2018,LeftFoot,10411,RasenBallsport Leipzig,Schalke 04,0,0,2018-10-28 13:30:00,,Rebound
2775,255826,17,BlockedShot,0.8819999694824219,0.635,0.0830807015299797,Marcel Sabitzer,h,5248,OpenPlay,2018,LeftFoot,10411,RasenBallsport Leipzig,Schalke 04,0,0,2018-10-28 13:30:00,Diego Demme,Pass
2776,255844,85,MissedShots,0.789000015258789,0.6840000152587891,0.024149199947714806,Marcel Sabitzer,h,5248,OpenPlay,2018,RightFoot,10411,RasenBallsport Leipzig,Schalke 04,0,0,2018-10-28 13:30:00,Bruma,Pass
2777,256058,2,MissedShots,0.764000015258789,0.725999984741211,0.015390699729323387,Marcel Sabitzer,a,5248,OpenPlay,2018,RightFoot,10418,Hertha Berlin,RasenBallsport Leipzig,0,3,2018-11-03 17:30:00,Timo Werner,Pass
2778,256071,30,SavedShot,0.735999984741211,0.485,0.025647999718785286,Marcel Sabitzer,a,5248,OpenPlay,2018,RightFoot,10418,Hertha Berlin,RasenBallsport Leipzig,0,3,2018-11-03 17:30:00,Kevin Kampl,Pass
2779,256365,21,MissedShots,0.7380000305175781,0.3189999961853027,0.01979530043900013,Marcel Sabitzer,h,5248,OpenPlay,2018,RightFoot,10429,RasenBallsport Leipzig,Bayer Leverkusen,3,0,2018-11-11 14:30:00,Diego Demme,Pass
2780,256809,36,BlockedShot,0.9530000305175781,0.365,0.11250700056552887,Marcel Sabitzer,h,5248,OpenPlay,2018,RightFoot,10447,RasenBallsport Leipzig,Borussia M.Gladbach,2,0,2018-12-02 14:30:00,Timo Werner,Pass
2781,256811,43,MissedShots,0.8719999694824219,0.5840000152587891,0.0663451999425888,Marcel Sabitzer,h,5248,FromCorner,2018,RightFoot,10447,RasenBallsport Leipzig,Borussia M.Gladbach,2,0,2018-12-02 14:30:00,,None
2782,256813,47,SavedShot,0.9330000305175781,0.27700000762939453,0.08784809708595276,Marcel Sabitzer,h,5248,OpenPlay,2018,RightFoot,10447,RasenBallsport Leipzig,Borussia M.Gladbach,2,0,2018-12-02 14:30:00,Ibrahima Konaté,Chipped
2783,256815,52,BlockedShot,0.9490000152587891,0.5359999847412109,0.5854979753494263,Marcel Sabitzer,h,5248,OpenPlay,2018,LeftFoot,10447,RasenBallsport Leipzig,Borussia M.Gladbach,2,0,2018-12-02 14:30:00,Marcel Halstenberg,Cross
2784,256816,55,SavedShot,0.6919999694824219,0.575,0.03614030033349991,Marcel Sabitzer,h,5248,DirectFreekick,2018,RightFoot,10447,RasenBallsport Leipzig,Borussia M.Gladbach,2,0,2018-12-02 14:30:00,,Standard
2785,256819,72,BlockedShot,0.749000015258789,0.5829999923706055,0.06339170038700104,Marcel Sabitzer,h,5248,DirectFreekick,2018,RightFoot,10447,RasenBallsport Leipzig,Borussia M.Gladbach,2,0,2018-12-02 14:30:00,,Standard
2786,256820,81,SavedShot,0.8919999694824219,0.610999984741211,0.43064799904823303,Marcel Sabitzer,h,5248,OpenPlay,2018,LeftFoot,10447,RasenBallsport Leipzig,Borussia M.Gladbach,2,0,2018-12-02 14:30:00,Konrad Laimer,Pass
2787,257101,76,SavedShot,0.7440000152587891,0.6430000305175781,0.05231989920139313,Marcel Sabitzer,a,5248,DirectFreekick,2018,RightFoot,10460,Freiburg,RasenBallsport Leipzig,3,0,2018-12-08 14:30:00,,Standard
2788,257103,81,MissedShots,0.9159999847412109,0.3320000076293945,0.055046599358320236,Marcel Sabitzer,a,5248,SetPiece,2018,RightFoot,10460,Freiburg,RasenBallsport Leipzig,3,0,2018-12-08 14:30:00,,Rebound
2789,257340,3,BlockedShot,0.91,0.32799999237060545,0.06752700358629227,Marcel Sabitzer,h,5248,OpenPlay,2018,RightFoot,10465,RasenBallsport Leipzig,Mainz 05,4,1,2018-12-16 14:30:00,Lukas Klostermann,BallTouch
2790,257356,54,BlockedShot,0.7930000305175782,0.31,0.07058069854974747,Marcel Sabitzer,h,5248,DirectFreekick,2018,RightFoot,10465,RasenBallsport Leipzig,Mainz 05,4,1,2018-12-16 14:30:00,,Standard
2791,257357,57,MissedShots,0.9569999694824218,0.735,0.03319710120558739,Marcel Sabitzer,h,5248,SetPiece,2018,LeftFoot,10465,RasenBallsport Leipzig,Mainz 05,4,1,2018-12-16 14:30:00,,None
2792,257752,12,MissedShots,0.8640000152587891,0.6609999847412109,0.05870090052485466,Marcel Sabitzer,h,5248,OpenPlay,2018,LeftFoot,10485,RasenBallsport Leipzig,Werder Bremen,3,2,2018-12-22 14:30:00,Timo Werner,Pass
2793,257762,42,MissedShots,0.8430000305175781,0.31799999237060544,0.04199820011854172,Marcel Sabitzer,h,5248,OpenPlay,2018,RightFoot,10485,RasenBallsport Leipzig,Werder Bremen,3,2,2018-12-22 14:30:00,Ibrahima Konaté,Pass
2794,257768,63,BlockedShot,0.8669999694824219,0.42400001525878905,0.10436300188302994,Marcel Sabitzer,h,5248,OpenPlay,2018,RightFoot,10485,RasenBallsport Leipzig,Werder Bremen,3,2,2018-12-22 14:30:00,Timo Werner,Pass
2795,257775,83,SavedShot,0.754000015258789,0.57,0.023939600214362144,Marcel Sabitzer,h,5248,OpenPlay,2018,LeftFoot,10485,RasenBallsport Leipzig,Werder Bremen,3,2,2018-12-22 14:30:00,Bruma,Pass
2796,278442,73,SavedShot,0.8780000305175781,0.5359999847412109,0.3720659911632538,Marcel Sabitzer,h,5248,OpenPlay,2018,RightFoot,10490,RasenBallsport Leipzig,Borussia Dortmund,0,1,2019-01-19 17:30:00,Timo Werner,Pass
2797,278441,73,MissedShots,0.8180000305175781,0.3029999923706055,0.02643040008842945,Marcel Sabitzer,h,5248,OpenPlay,2018,LeftFoot,10490,RasenBallsport Leipzig,Borussia Dortmund,0,1,2019-01-19 17:30:00,,None
2798,278445,79,BlockedShot,0.8669999694824219,0.4540000152587891,0.06159760057926178,Marcel Sabitzer,h,5248,OpenPlay,2018,RightFoot,10490,RasenBallsport Leipzig,Borussia Dortmund,0,1,2019-01-19 17:30:00,Lukas Klostermann,HeadPass
2799,278746,64,MissedShots,0.8080000305175781,0.49900001525878906,0.0664789006114006,Marcel Sabitzer,a,5248,OpenPlay,2018,RightFoot,10507,Fortuna Duesseldorf,RasenBallsport Leipzig,0,4,2019-01-27 17:00:00,Yussuf Poulsen,BallTouch
2800,278747,67,SavedShot,0.7719999694824219,0.27700000762939453,0.02217179909348488,Marcel Sabitzer,a,5248,OpenPlay,2018,RightFoot,10507,Fortuna Duesseldorf,RasenBallsport Leipzig,0,4,2019-01-27 17:00:00,Tyler Adams,Goal
2801,278757,9,SavedShot,0.8930000305175781,0.445,0.09045299887657166,Marcel Sabitzer,a,5248,OpenPlay,2018,RightFoot,10513,Hannover 96,RasenBallsport Leipzig,0,3,2019-02-01 19:30:00,Lukas Klostermann,Cross
2802,278763,41,SavedShot,0.8780000305175781,0.3139999961853027,0.05875679850578308,Marcel Sabitzer,a,5248,OpenPlay,2018,RightFoot,10513,Hannover 96,RasenBallsport Leipzig,0,3,2019-02-01 19:30:00,Lukas Klostermann,Pass
2803,278767,52,BlockedShot,0.845999984741211,0.34200000762939453,0.043786998838186264,Marcel Sabitzer,a,5248,FromCorner,2018,RightFoot,10513,Hannover 96,RasenBallsport Leipzig,0,3,2019-02-01 19:30:00,Marcel Halstenberg,Pass
2804,279022,35,MissedShots,0.745999984741211,0.3820000076293945,0.020480500534176826,Marcel Sabitzer,h,5248,OpenPlay,2018,RightFoot,10519,RasenBallsport Leipzig,Eintracht Frankfurt,0,0,2019-02-09 14:30:00,Yussuf Poulsen,Pass
2805,279028,65,ShotOnPost,0.7659999847412109,0.5459999847412109,0.026938099414110184,Marcel Sabitzer,h,5248,OpenPlay,2018,RightFoot,10519,RasenBallsport Leipzig,Eintracht Frankfurt,0,0,2019-02-09 14:30:00,Timo Werner,Pass
2806,279030,69,BlockedShot,0.8859999847412109,0.38299999237060545,0.05496549978852272,Marcel Sabitzer,h,5248,OpenPlay,2018,LeftFoot,10519,RasenBallsport Leipzig,Eintracht Frankfurt,0,0,2019-02-09 14:30:00,Yussuf Poulsen,Cross
2807,279239,67,Goal,0.7859999847412109,0.615999984741211,0.08842089772224426,Marcel Sabitzer,a,5248,DirectFreekick,2018,RightFoot,10528,VfB Stuttgart,RasenBallsport Leipzig,1,3,2019-02-16 14:30:00,,Standard
2808,279561,28,SavedShot,0.8119999694824219,0.3160000038146973,0.02694760076701641,Marcel Sabitzer,h,5248,OpenPlay,2018,RightFoot,10537,RasenBallsport Leipzig,Hoffenheim,1,1,2019-02-25 19:30:00,Lukas Klostermann,Pass
2809,279565,51,BlockedShot,0.740999984741211,0.5070000076293946,0.021272599697113037,Marcel Sabitzer,h,5248,OpenPlay,2018,RightFoot,10537,RasenBallsport Leipzig,Hoffenheim,1,1,2019-02-25 19:30:00,Konrad Laimer,Pass
2810,279569,64,MissedShots,0.9219999694824219,0.42900001525878906,0.10588300228118896,Marcel Sabitzer,h,5248,SetPiece,2018,Head,10537,RasenBallsport Leipzig,Hoffenheim,1,1,2019-02-25 19:30:00,Kevin Kampl,Cross
2811,279573,79,BlockedShot,0.875,0.5420000076293945,0.096076600253582,Marcel Sabitzer,h,5248,OpenPlay,2018,LeftFoot,10537,RasenBallsport Leipzig,Hoffenheim,1,1,2019-02-25 19:30:00,Konrad Laimer,Pass
2812,279577,93,MissedShots,0.9,0.40799999237060547,0.039459798485040665,Marcel Sabitzer,h,5248,OpenPlay,2018,Head,10537,RasenBallsport Leipzig,Hoffenheim,1,1,2019-02-25 19:30:00,Konrad Laimer,Cross
2813,279622,86,MissedShots,0.8959999847412109,0.3240000152587891,0.010854699648916721,Marcel Sabitzer,a,5248,FromCorner,2018,Head,10552,Nuernberg,RasenBallsport Leipzig,0,1,2019-03-02 14:30:00,Marcel Halstenberg,Cross
2814,284398,21,MissedShots,0.855999984741211,0.5570000076293945,0.049648601561784744,Marcel Sabitzer,h,5248,FromCorner,2018,LeftFoot,10556,RasenBallsport Leipzig,Augsburg,0,0,2019-03-09 14:30:00,Ibrahima Konaté,Pass
2815,284407,64,BlockedShot,0.9019999694824219,0.6459999847412109,0.08445969969034195,Marcel Sabitzer,h,5248,OpenPlay,2018,LeftFoot,10556,RasenBallsport Leipzig,Augsburg,0,0,2019-03-09 14:30:00,Emil Forsberg,Pass
2816,284413,82,BlockedShot,0.9069999694824219,0.45099998474121095,0.43160301446914673,Marcel Sabitzer,h,5248,OpenPlay,2018,LeftFoot,10556,RasenBallsport Leipzig,Augsburg,0,0,2019-03-09 14:30:00,Jean-Kevin Augustin,Pass
2817,286166,18,MissedShots,0.9,0.5970000076293945,0.37021100521087646,Marcel Sabitzer,a,5248,OpenPlay,2018,LeftFoot,10564,Schalke 04,RasenBallsport Leipzig,0,1,2019-03-16 14:30:00,Marcel Halstenberg,Pass
2818,286168,22,BlockedShot,0.7080000305175781,0.44799999237060545,0.019072499126195908,Marcel Sabitzer,a,5248,OpenPlay,2018,RightFoot,10564,Schalke 04,RasenBallsport Leipzig,0,1,2019-03-16 14:30:00,Yussuf Poulsen,Pass
2819,286178,49,BlockedShot,0.7019999694824218,0.33299999237060546,0.01548670046031475,Marcel Sabitzer,a,5248,OpenPlay,2018,RightFoot,10564,Schalke 04,RasenBallsport Leipzig,0,1,2019-03-16 14:30:00,Tyler Adams,Pass
2820,286180,54,MissedShots,0.9,0.7090000152587891,0.06309609860181808,Marcel Sabitzer,a,5248,OpenPlay,2018,RightFoot,10564,Schalke 04,RasenBallsport Leipzig,0,1,2019-03-16 14:30:00,,None
2821,287785,79,SavedShot,0.8719999694824219,0.5109999847412109,0.1149739995598793,Marcel Sabitzer,h,5248,OpenPlay,2018,LeftFoot,10573,RasenBallsport Leipzig,Hertha Berlin,5,0,2019-03-30 17:30:00,Timo Werner,BallTouch
2822,291875,16,Goal,0.7780000305175782,0.62,0.07972969859838486,Marcel Sabitzer,a,5248,DirectFreekick,2018,RightFoot,10582,Bayer Leverkusen,RasenBallsport Leipzig,2,4,2019-04-06 14:30:00,,Standard
2823,293443,35,MissedShots,0.745999984741211,0.7180000305175781,0.015370000153779984,Marcel Sabitzer,h,5248,OpenPlay,2018,RightFoot,10591,RasenBallsport Leipzig,Wolfsburg,2,0,2019-04-13 14:30:00,,BallRecovery
2824,297331,29,BlockedShot,0.8109999847412109,0.7080000305175781,0.07571569830179214,Marcel Sabitzer,h,5248,DirectFreekick,2018,RightFoot,10609,RasenBallsport Leipzig,Freiburg,2,1,2019-04-27 14:30:00,,Standard
2825,297335,61,MissedShots,0.720999984741211,0.515,0.050081901252269745,Marcel Sabitzer,h,5248,DirectFreekick,2018,RightFoot,10609,RasenBallsport Leipzig,Freiburg,2,1,2019-04-27 14:30:00,,Standard
2826,297351,92,MissedShots,0.8919999694824219,0.32799999237060545,0.15513400733470917,Marcel Sabitzer,h,5248,OpenPlay,2018,RightFoot,10609,RasenBallsport Leipzig,Freiburg,2,1,2019-04-27 14:30:00,Péter Gulácsi,Pass
2827,311200,30,Goal,0.8169999694824219,0.5309999847412109,0.07791479676961899,Marcel Sabitzer,a,5248,OpenPlay,2019,LeftFoot,12411,Union Berlin,RasenBallsport Leipzig,0,4,2019-08-18 17:00:00,Marcel Halstenberg,Pass
2828,311205,48,SavedShot,0.8690000152587891,0.40599998474121096,0.4225260019302368,Marcel Sabitzer,a,5248,OpenPlay,2019,RightFoot,12411,Union Berlin,RasenBallsport Leipzig,0,4,2019-08-18 17:00:00,Lukas Klostermann,Pass
2829,313000,15,BlockedShot,0.8119999694824219,0.3189999961853027,0.03387559950351715,Marcel Sabitzer,h,5248,OpenPlay,2019,RightFoot,12419,RasenBallsport Leipzig,Eintracht Frankfurt,2,1,2019-08-25 14:30:00,Lukas Klostermann,Pass
2830,313003,17,MissedShots,0.8030000305175782,0.3060000038146973,0.029215799644589424,Marcel Sabitzer,h,5248,OpenPlay,2019,RightFoot,12419,RasenBallsport Leipzig,Eintracht Frankfurt,2,1,2019-08-25 14:30:00,Nordi Mukiele,Pass
2831,315406,23,MissedShots,0.7169999694824218,0.40799999237060547,0.017236599698662758,Marcel Sabitzer,a,5248,OpenPlay,2019,RightFoot,12421,Borussia M.Gladbach,RasenBallsport Leipzig,1,3,2019-08-30 19:30:00,Emil Forsberg,Pass
2832,315410,40,SavedShot,0.8180000305175781,0.47400001525878904,0.07896850258111954,Marcel Sabitzer,a,5248,OpenPlay,2019,LeftFoot,12421,Borussia M.Gladbach,RasenBallsport Leipzig,1,3,2019-08-30 19:30:00,Timo Werner,Pass
2833,315415,64,SavedShot,0.865,0.4329999923706055,0.11680600047111511,Marcel Sabitzer,a,5248,OpenPlay,2019,RightFoot,12421,Borussia M.Gladbach,RasenBallsport Leipzig,1,3,2019-08-30 19:30:00,Amadou Haidara,Pass
2834,317499,40,BlockedShot,0.8619999694824219,0.6359999847412109,0.054149698466062546,Marcel Sabitzer,h,5248,OpenPlay,2019,RightFoot,12436,RasenBallsport Leipzig,Bayern Munich,1,1,2019-09-14 16:30:00,Yussuf Poulsen,BallRecovery
2835,317507,59,SavedShot,0.720999984741211,0.42200000762939455,0.018558800220489502,Marcel Sabitzer,h,5248,OpenPlay,2019,RightFoot,12436,RasenBallsport Leipzig,Bayern Munich,1,1,2019-09-14 16:30:00,Diego Demme,Pass
2836,320639,32,BlockedShot,0.7559999847412109,0.3,0.0229909997433424,Marcel Sabitzer,a,5248,OpenPlay,2019,RightFoot,12444,Werder Bremen,RasenBallsport Leipzig,0,3,2019-09-21 16:30:00,Matheus Cunha,Pass
2837,320640,34,Goal,0.7669999694824219,0.6509999847412109,0.06413719803094864,Marcel Sabitzer,a,5248,DirectFreekick,2019,RightFoot,12444,Werder Bremen,RasenBallsport Leipzig,0,3,2019-09-21 16:30:00,,Standard
2838,320646,54,MissedShots,0.874000015258789,0.3770000076293945,0.13936200737953186,Marcel Sabitzer,a,5248,OpenPlay,2019,LeftFoot,12444,Werder Bremen,RasenBallsport Leipzig,0,3,2019-09-21 16:30:00,Timo Werner,Chipped
2839,322532,14,ShotOnPost,0.779000015258789,0.46799999237060547,0.0335875004529953,Marcel Sabitzer,h,5248,OpenPlay,2019,RightFoot,12452,RasenBallsport Leipzig,Schalke 04,1,3,2019-09-28 13:30:00,Emil Forsberg,Pass
2840,322534,15,SavedShot,0.9269999694824219,0.44299999237060544,0.4644080102443695,Marcel Sabitzer,h,5248,OpenPlay,2019,RightFoot,12452,RasenBallsport Leipzig,Schalke 04,1,3,2019-09-28 13:30:00,,Rebound
2841,322539,35,MissedShots,0.8030000305175782,0.4229999923706055,0.04217369854450226,Marcel Sabitzer,h,5248,OpenPlay,2019,RightFoot,12452,RasenBallsport Leipzig,Schalke 04,1,3,2019-09-28 13:30:00,Marcel Halstenberg,Pass
2842,322556,86,MissedShots,0.9119999694824219,0.5640000152587891,0.2802099883556366,Marcel Sabitzer,h,5248,OpenPlay,2019,Head,12452,RasenBallsport Leipzig,Schalke 04,1,3,2019-09-28 13:30:00,Timo Werner,Cross
2843,323984,32,MissedShots,0.9159999847412109,0.5690000152587891,0.4322870075702667,Marcel Sabitzer,a,5248,OpenPlay,2019,RightFoot,12462,Bayer Leverkusen,RasenBallsport Leipzig,1,1,2019-10-05 14:30:00,Timo Werner,Pass
2844,325434,10,MissedShots,0.87,0.605999984741211,0.05738329887390137,Marcel Sabitzer,h,5248,OpenPlay,2019,LeftFoot,12470,RasenBallsport Leipzig,Wolfsburg,1,1,2019-10-19 14:30:00,Timo Werner,Cross
2845,325450,56,SavedShot,0.78,0.37400001525878906,0.019884400069713593,Marcel Sabitzer,h,5248,FromCorner,2019,LeftFoot,12470,RasenBallsport Leipzig,Wolfsburg,1,1,2019-10-19 14:30:00,,None
2846,325460,91,BlockedShot,0.779000015258789,0.36900001525878906,0.025902699679136276,Marcel Sabitzer,h,5248,OpenPlay,2019,RightFoot,12470,RasenBallsport Leipzig,Wolfsburg,1,1,2019-10-19 14:30:00,Emil Forsberg,Pass
2847,327043,0,BlockedShot,0.8159999847412109,0.555,0.05825839936733246,Marcel Sabitzer,a,5248,OpenPlay,2019,RightFoot,12481,Freiburg,RasenBallsport Leipzig,2,1,2019-10-26 14:30:00,Amadou Haidara,Pass
2848,327048,15,SavedShot,0.9030000305175782,0.5520000076293945,0.0414527989923954,Marcel Sabitzer,a,5248,OpenPlay,2019,Head,12481,Freiburg,RasenBallsport Leipzig,2,1,2019-10-26 14:30:00,Diego Demme,Aerial
2849,329047,4,Goal,0.9619999694824218,0.5029999923706054,0.6156179904937744,Marcel Sabitzer,h,5248,OpenPlay,2019,RightFoot,12485,RasenBallsport Leipzig,Mainz 05,8,0,2019-11-02 14:30:00,Timo Werner,Cross
2850,329061,43,SavedShot,0.8440000152587891,0.44799999237060545,0.10251200199127197,Marcel Sabitzer,h,5248,OpenPlay,2019,RightFoot,12485,RasenBallsport Leipzig,Mainz 05,8,0,2019-11-02 14:30:00,Timo Werner,Pass
2851,330568,23,MissedShots,0.9259999847412109,0.41,0.08044400066137314,Marcel Sabitzer,a,5248,OpenPlay,2019,Head,12494,Hertha Berlin,RasenBallsport Leipzig,2,4,2019-11-09 14:30:00,Emil Forsberg,Cross
2852,330572,45,Goal,0.7480000305175781,0.44099998474121094,0.018345199525356293,Marcel Sabitzer,a,5248,OpenPlay,2019,RightFoot,12494,Hertha Berlin,RasenBallsport Leipzig,2,4,2019-11-09 14:30:00,Yussuf Poulsen,Pass
2853,332451,10,BlockedShot,0.7769999694824219,0.6930000305175781,0.060333698987960815,Marcel Sabitzer,h,5248,DirectFreekick,2019,RightFoot,12504,RasenBallsport Leipzig,FC Cologne,4,1,2019-11-23 17:30:00,,Standard
2854,332467,61,MissedShots,0.865,0.47299999237060547,0.13028399646282196,Marcel Sabitzer,h,5248,OpenPlay,2019,LeftFoot,12504,RasenBallsport Leipzig,FC Cologne,4,1,2019-11-23 17:30:00,Christopher Nkunku,Pass
2855,332468,62,BlockedShot,0.8680000305175781,0.3770000076293945,0.10549099743366241,Marcel Sabitzer,h,5248,OpenPlay,2019,RightFoot,12504,RasenBallsport Leipzig,FC Cologne,4,1,2019-11-23 17:30:00,Stefan Ilsanker,Pass
2856,332475,86,MissedShots,0.6830000305175781,0.37099998474121093,0.03151319921016693,Marcel Sabitzer,h,5248,DirectFreekick,2019,RightFoot,12504,RasenBallsport Leipzig,FC Cologne,4,1,2019-11-23 17:30:00,,Standard
2857,333547,3,Goal,0.7140000152587891,0.5029999923706054,0.023693999275565147,Marcel Sabitzer,a,5248,OpenPlay,2019,RightFoot,12517,Paderborn,RasenBallsport Leipzig,2,3,2019-11-30 14:30:00,Nordi Mukiele,Pass
2858,333548,5,MissedShots,0.8859999847412109,0.27,0.036458998918533325,Marcel Sabitzer,a,5248,OpenPlay,2019,RightFoot,12517,Paderborn,RasenBallsport Leipzig,2,3,2019-11-30 14:30:00,,None
2859,335611,49,BlockedShot,0.7269999694824218,0.33,0.016720199957489967,Marcel Sabitzer,h,5248,OpenPlay,2019,LeftFoot,12521,RasenBallsport Leipzig,Hoffenheim,3,1,2019-12-07 14:30:00,Konrad Laimer,Pass
2860,335626,82,Goal,0.904000015258789,0.44,0.14961600303649902,Marcel Sabitzer,h,5248,OpenPlay,2019,RightFoot,12521,RasenBallsport Leipzig,Hoffenheim,3,1,2019-12-07 14:30:00,,Rebound
2861,337198,3,MissedShots,0.9459999847412109,0.4540000152587891,0.4938249886035919,Marcel Sabitzer,a,5248,OpenPlay,2019,Head,12532,Fortuna Duesseldorf,RasenBallsport Leipzig,0,3,2019-12-14 17:30:00,Marcel Halstenberg,Cross
2862,337221,77,BlockedShot,0.7390000152587891,0.40900001525878904,0.05606500059366226,Marcel Sabitzer,a,5248,DirectFreekick,2019,RightFoot,12532,Fortuna Duesseldorf,RasenBallsport Leipzig,0,3,2019-12-14 17:30:00,,Standard
2863,338001,42,MissedShots,0.7319999694824219,0.4879999923706055,0.01782519929111004,Marcel Sabitzer,a,5248,OpenPlay,2019,LeftFoot,12538,Borussia Dortmund,RasenBallsport Leipzig,3,3,2019-12-17 19:30:00,Yussuf Poulsen,Pass
2864,338006,51,BlockedShot,0.86,0.5220000076293946,0.08953460305929184,Marcel Sabitzer,a,5248,OpenPlay,2019,LeftFoot,12538,Borussia Dortmund,RasenBallsport Leipzig,3,3,2019-12-17 19:30:00,Christopher Nkunku,Pass
2865,338589,76,MissedShots,0.7130000305175781,0.4779999923706055,0.01779410056769848,Marcel Sabitzer,h,5248,OpenPlay,2019,RightFoot,12548,RasenBallsport Leipzig,Augsburg,3,1,2019-12-21 14:30:00,Konrad Laimer,Pass
2866,338594,91,MissedShots,0.7809999847412109,0.5840000152587891,0.09165489673614502,Marcel Sabitzer,h,5248,DirectFreekick,2019,RightFoot,12548,RasenBallsport Leipzig,Augsburg,3,1,2019-12-21 14:30:00,,Standard
2867,355003,56,Goal,0.9690000152587891,0.4909999847412109,0.13959400355815887,Marcel Sabitzer,h,5248,FromCorner,2019,RightFoot,12556,RasenBallsport Leipzig,Union Berlin,3,1,2020-01-18 17:30:00,,Aerial
2868,355016,88,MissedShots,0.7919999694824219,0.38799999237060545,0.03273959830403328,Marcel Sabitzer,h,5248,OpenPlay,2019,RightFoot,12556,RasenBallsport Leipzig,Union Berlin,3,1,2020-01-18 17:30:00,,None
2869,355728,59,BlockedShot,0.755,0.3129999923706055,0.018270300701260567,Marcel Sabitzer,a,5248,OpenPlay,2019,RightFoot,12570,Eintracht Frankfurt,RasenBallsport Leipzig,2,0,2020-01-25 14:30:00,Tyler Adams,Pass
2870,356818,38,SavedShot,0.7440000152587891,0.22700000762939454,0.009984630160033703,Marcel Sabitzer,h,5248,OpenPlay,2019,RightFoot,12575,RasenBallsport Leipzig,Borussia M.Gladbach,2,2,2020-02-01 17:30:00,Emil Forsberg,Pass
2871,356824,65,MissedShots,0.745,0.7090000152587891,0.043052200227975845,Marcel Sabitzer,h,5248,DirectFreekick,2019,RightFoot,12575,RasenBallsport Leipzig,Borussia M.Gladbach,2,2,2020-02-01 17:30:00,,Standard
2872,356830,84,SavedShot,0.715999984741211,0.72,0.012818500399589539,Marcel Sabitzer,h,5248,SetPiece,2019,RightFoot,12575,RasenBallsport Leipzig,Borussia M.Gladbach,2,2,2020-02-01 17:30:00,Christopher Nkunku,Pass
2873,356832,88,BlockedShot,0.7809999847412109,0.5420000076293945,0.0996021032333374,Marcel Sabitzer,h,5248,DirectFreekick,2019,RightFoot,12575,RasenBallsport Leipzig,Borussia M.Gladbach,2,2,2020-02-01 17:30:00,,Standard
2874,358557,14,MissedShots,0.774000015258789,0.67,0.0190115999430418,Marcel Sabitzer,a,5248,OpenPlay,2019,RightFoot,12583,Bayern Munich,RasenBallsport Leipzig,0,0,2020-02-09 17:00:00,Angelino,Pass
2875,358564,45,MissedShots,0.8680000305175781,0.485,0.34487301111221313,Marcel Sabitzer,a,5248,OpenPlay,2019,RightFoot,12583,Bayern Munich,RasenBallsport Leipzig,0,0,2020-02-09 17:00:00,Tyler Adams,Rebound
2876,358840,14,MissedShots,0.7909999847412109,0.38599998474121094,0.027612200006842613,Marcel Sabitzer,h,5248,OpenPlay,2019,LeftFoot,12593,RasenBallsport Leipzig,Werder Bremen,3,0,2020-02-15 14:30:00,Patrik Schick,Pass
2877,358849,65,MissedShots,0.7659999847412109,0.3220000076293945,0.01903890073299408,Marcel Sabitzer,h,5248,OpenPlay,2019,RightFoot,12593,RasenBallsport Leipzig,Werder Bremen,3,0,2020-02-15 14:30:00,Nordi Mukiele,Pass
2878,359989,0,Goal,0.7440000152587891,0.4209999847412109,0.020781900733709335,Marcel Sabitzer,a,5248,OpenPlay,2019,RightFoot,12609,Schalke 04,RasenBallsport Leipzig,0,5,2020-02-22 17:30:00,Timo Werner,Pass
2879,359996,30,MissedShots,0.8919999694824219,0.4329999923706055,0.12128599733114243,Marcel Sabitzer,a,5248,OpenPlay,2019,LeftFoot,12609,Schalke 04,RasenBallsport Leipzig,0,5,2020-02-22 17:30:00,,Rebound
2880,359997,32,MissedShots,0.7480000305175781,0.5590000152587891,0.028433799743652344,Marcel Sabitzer,a,5248,OpenPlay,2019,RightFoot,12609,Schalke 04,RasenBallsport Leipzig,0,5,2020-02-22 17:30:00,Timo Werner,Pass
2881,360004,56,MissedShots,0.9169999694824219,0.34200000762939453,0.11614499986171722,Marcel Sabitzer,a,5248,OpenPlay,2019,RightFoot,12609,Schalke 04,RasenBallsport Leipzig,0,5,2020-02-22 17:30:00,Christopher Nkunku,Pass
2882,361365,86,MissedShots,0.745,0.3920000076293945,0.020883800461888313,Marcel Sabitzer,h,5248,OpenPlay,2019,RightFoot,12611,RasenBallsport Leipzig,Bayer Leverkusen,1,1,2020-03-01 14:30:00,Marcel Halstenberg,Pass
2883,361674,13,SavedShot,0.784000015258789,0.3509999847412109,0.018770599737763405,Marcel Sabitzer,a,5248,OpenPlay,2019,RightFoot,12622,Wolfsburg,RasenBallsport Leipzig,0,0,2020-03-07 14:30:00,Christopher Nkunku,HeadPass
2884,361678,33,BlockedShot,0.725999984741211,0.28600000381469726,0.017664700746536255,Marcel Sabitzer,a,5248,OpenPlay,2019,RightFoot,12622,Wolfsburg,RasenBallsport Leipzig,0,0,2020-03-07 14:30:00,Lukas Klostermann,Pass
2885,361688,60,SavedShot,0.785,0.555,0.03598399832844734,Marcel Sabitzer,a,5248,OpenPlay,2019,LeftFoot,12622,Wolfsburg,RasenBallsport Leipzig,0,0,2020-03-07 14:30:00,Konrad Laimer,Pass
2886,362961,74,MissedShots,0.8109999847412109,0.3340000152587891,0.02818409912288189,Marcel Sabitzer,h,5248,OpenPlay,2019,RightFoot,12629,RasenBallsport Leipzig,Freiburg,1,1,2020-05-16 13:30:00,Timo Werner,Pass
2887,362964,83,SavedShot,0.8209999847412109,0.505,0.061758000403642654,Marcel Sabitzer,h,5248,OpenPlay,2019,LeftFoot,12629,RasenBallsport Leipzig,Freiburg,1,1,2020-05-16 13:30:00,Ademola Lookman,Pass
2888,363295,8,MissedShots,0.8019999694824219,0.34599998474121096,0.012330199591815472,Marcel Sabitzer,a,5248,FromCorner,2019,RightFoot,12642,Mainz 05,RasenBallsport Leipzig,0,5,2020-05-24 13:30:00,Lukas Klostermann,HeadPass
2889,363303,35,Goal,0.9009999847412109,0.575,0.13856300711631775,Marcel Sabitzer,a,5248,OpenPlay,2019,RightFoot,12642,Mainz 05,RasenBallsport Leipzig,0,5,2020-05-24 13:30:00,Yussuf Poulsen,Pass
2890,363307,50,MissedShots,0.9280000305175782,0.4879999923706055,0.07037059962749481,Marcel Sabitzer,a,5248,OpenPlay,2019,Head,12642,Mainz 05,RasenBallsport Leipzig,0,5,2020-05-24 13:30:00,Kevin Kampl,Aerial
2891,363462,36,BlockedShot,0.7280000305175781,0.6140000152587891,0.04786619916558266,Marcel Sabitzer,h,5248,DirectFreekick,2019,RightFoot,12653,RasenBallsport Leipzig,Hertha Berlin,2,2,2020-05-27 16:30:00,,Standard
2892,363764,15,MissedShots,0.7340000152587891,0.4370000076293945,0.01759829930961132,Marcel Sabitzer,a,5248,OpenPlay,2019,RightFoot,12662,FC Cologne,RasenBallsport Leipzig,2,4,2020-06-01 18:30:00,Patrik Schick,Pass
2893,363782,81,SavedShot,0.75,0.4129999923706055,0.03771990165114403,Marcel Sabitzer,a,5248,OpenPlay,2019,RightFoot,12662,FC Cologne,RasenBallsport Leipzig,2,4,2020-06-01 18:30:00,,TakeOn
2894,363784,94,SavedShot,0.875999984741211,0.4,0.30043599009513855,Marcel Sabitzer,a,5248,OpenPlay,2019,RightFoot,12662,FC Cologne,RasenBallsport Leipzig,2,4,2020-06-01 18:30:00,Emil Forsberg,Pass
2895,364785,42,MissedShots,0.7609999847412109,0.2929999923706055,0.012487200088799,Marcel Sabitzer,h,5248,OpenPlay,2019,RightFoot,12683,RasenBallsport Leipzig,Fortuna Duesseldorf,2,2,2020-06-17 18:30:00,,None
2896,364787,54,BlockedShot,0.8059999847412109,0.36900001525878906,0.03476149961352348,Marcel Sabitzer,h,5248,OpenPlay,2019,RightFoot,12683,RasenBallsport Leipzig,Fortuna Duesseldorf,2,2,2020-06-17 18:30:00,,None
2897,383265,73,SavedShot,0.720999984741211,0.5309999847412109,0.01918400079011917,Marcel Sabitzer,h,5248,OpenPlay,2020,LeftFoot,15179,RasenBallsport Leipzig,Hertha Berlin,2,1,2020-10-24 13:30:00,Willi Orban,Pass
2898,383267,76,Goal,0.885,0.5,0.7577769756317139,Marcel Sabitzer,h,5248,Penalty,2020,RightFoot,15179,RasenBallsport Leipzig,Hertha Berlin,2,1,2020-10-24 13:30:00,,Standard
2899,384776,65,MissedShots,0.855,0.5270000076293946,0.0637132003903389,Marcel Sabitzer,a,5248,OpenPlay,2020,LeftFoot,15190,Borussia M.Gladbach,RasenBallsport Leipzig,1,0,2020-10-31 17:30:00,,None
2900,385984,9,BlockedShot,0.7630000305175781,0.57,0.021604599431157112,Marcel Sabitzer,h,5248,OpenPlay,2020,RightFoot,15196,RasenBallsport Leipzig,Freiburg,3,0,2020-11-07 14:30:00,Emil Forsberg,Pass
2901,385994,69,Goal,0.885,0.5,0.7576959729194641,Marcel Sabitzer,h,5248,Penalty,2020,RightFoot,15196,RasenBallsport Leipzig,Freiburg,3,0,2020-11-07 14:30:00,,Standard
2902,388682,73,MissedShots,0.7709999847412109,0.3609999847412109,0.02368520013988018,Marcel Sabitzer,h,5248,OpenPlay,2020,RightFoot,15213,RasenBallsport Leipzig,Arminia Bielefeld,2,1,2020-11-28 14:30:00,Emil Forsberg,Pass
2903,388688,93,SavedShot,0.860999984741211,0.49599998474121093,0.36552301049232483,Marcel Sabitzer,h,5248,OpenPlay,2020,RightFoot,15213,RasenBallsport Leipzig,Arminia Bielefeld,2,1,2020-11-28 14:30:00,Emil Forsberg,Pass
2904,390309,1,ShotOnPost,0.7680000305175781,0.6859999847412109,0.018904000520706177,Marcel Sabitzer,a,5248,FromCorner,2020,RightFoot,15221,Bayern Munich,RasenBallsport Leipzig,3,3,2020-12-05 17:30:00,Dayotchanculle Upamecano,Pass
2905,391565,9,SavedShot,0.769000015258789,0.5820000076293945,0.037095099687576294,Marcel Sabitzer,h,5248,OpenPlay,2020,RightFoot,15231,RasenBallsport Leipzig,Werder Bremen,2,0,2020-12-12 14:30:00,Yussuf Poulsen,LayOff
2906,391569,25,Goal,0.885,0.5,0.7577769756317139,Marcel Sabitzer,h,5248,Penalty,2020,RightFoot,15231,RasenBallsport Leipzig,Werder Bremen,2,0,2020-12-12 14:30:00,,Standard
2907,391570,30,SavedShot,0.779000015258789,0.549000015258789,0.04001620039343834,Marcel Sabitzer,h,5248,OpenPlay,2020,RightFoot,15231,RasenBallsport Leipzig,Werder Bremen,2,0,2020-12-12 14:30:00,Kevin Kampl,Pass
2908,391573,36,SavedShot,0.7480000305175781,0.43,0.02582019940018654,Marcel Sabitzer,h,5248,OpenPlay,2020,LeftFoot,15231,RasenBallsport Leipzig,Werder Bremen,2,0,2020-12-12 14:30:00,Yussuf Poulsen,Pass
2909,393104,36,SavedShot,0.6530000305175782,0.4,0.008147059939801693,Marcel Sabitzer,a,5248,OpenPlay,2020,RightFoot,15246,Hoffenheim,RasenBallsport Leipzig,0,1,2020-12-16 19:30:00,,None
2910,393106,62,BlockedShot,0.7759999847412109,0.3370000076293945,0.013907100073993206,Marcel Sabitzer,a,5248,FromCorner,2020,RightFoot,15246,Hoffenheim,RasenBallsport Leipzig,0,1,2020-12-16 19:30:00,,Aerial
2911,396567,11,SavedShot,0.7519999694824219,0.54,0.023301400244235992,Marcel Sabitzer,a,5248,OpenPlay,2020,LeftFoot,15265,VfB Stuttgart,RasenBallsport Leipzig,0,1,2021-01-02 19:30:00,Amadou Haidara,Pass
2912,396576,43,MissedShots,0.8619999694824219,0.5509999847412109,0.09361039847135544,Marcel Sabitzer,a,5248,OpenPlay,2020,LeftFoot,15265,VfB Stuttgart,RasenBallsport Leipzig,0,1,2021-01-02 19:30:00,Angelino,Pass
2913,396584,73,SavedShot,0.7319999694824219,0.46299999237060546,0.019745400175452232,Marcel Sabitzer,a,5248,OpenPlay,2020,RightFoot,15265,VfB Stuttgart,RasenBallsport Leipzig,0,1,2021-01-02 19:30:00,Amadou Haidara,Pass
2914,396594,91,MissedShots,0.764000015258789,0.6859999847412109,0.023130400106310844,Marcel Sabitzer,a,5248,OpenPlay,2020,LeftFoot,15265,VfB Stuttgart,RasenBallsport Leipzig,0,1,2021-01-02 19:30:00,Amadou Haidara,Pass
2915,398925,89,SavedShot,0.7880000305175782,0.6320000076293946,0.08541960269212723,Marcel Sabitzer,a,5248,DirectFreekick,2020,RightFoot,15278,Wolfsburg,RasenBallsport Leipzig,2,2,2021-01-16 14:30:00,,Standard
2916,400048,5,SavedShot,0.7530000305175781,0.5740000152587891,0.02336980029940605,Marcel Sabitzer,h,5248,OpenPlay,2020,RightFoot,15284,RasenBallsport Leipzig,Union Berlin,1,0,2021-01-20 19:30:00,Kevin Kampl,Pass
2917,400057,67,MissedShots,0.72,0.6090000152587891,0.014833100140094757,Marcel Sabitzer,h,5248,OpenPlay,2020,RightFoot,15284,RasenBallsport Leipzig,Union Berlin,1,0,2021-01-20 19:30:00,Angelino,Pass
2918,400397,10,MissedShots,0.8290000152587891,0.43900001525878907,0.062248799949884415,Marcel Sabitzer,a,5248,OpenPlay,2020,LeftFoot,15299,Mainz 05,RasenBallsport Leipzig,3,2,2021-01-23 14:30:00,Dani Olmo,Pass
2919,400398,14,SavedShot,0.7830000305175782,0.5059999847412109,0.05402509868144989,Marcel Sabitzer,a,5248,OpenPlay,2020,RightFoot,15299,Mainz 05,RasenBallsport Leipzig,3,2,2021-01-23 14:30:00,Emil Forsberg,LayOff
2920,400407,45,BlockedShot,0.865,0.515,0.10288599878549576,Marcel Sabitzer,a,5248,OpenPlay,2020,RightFoot,15299,Mainz 05,RasenBallsport Leipzig,3,2,2021-01-23 14:30:00,Alexander Sørloth,Pass
2921,400412,64,MissedShots,0.749000015258789,0.5429999923706055,0.010843300260603428,Marcel Sabitzer,a,5248,FromCorner,2020,RightFoot,15299,Mainz 05,RasenBallsport Leipzig,3,2,2021-01-23 14:30:00,Lazar Samardzic,HeadPass
2922,401799,94,ShotOnPost,0.8209999847412109,0.35700000762939454,0.11703400313854218,Marcel Sabitzer,h,5248,DirectFreekick,2020,RightFoot,15304,RasenBallsport Leipzig,Bayer Leverkusen,1,0,2021-01-30 17:30:00,,Standard
2923,403106,18,BlockedShot,0.8019999694824219,0.6609999847412109,0.02556769922375679,Marcel Sabitzer,a,5248,OpenPlay,2020,RightFoot,15316,Schalke 04,RasenBallsport Leipzig,0,3,2021-02-06 14:30:00,Alexander Sørloth,Pass
2924,403119,50,BlockedShot,0.825,0.515,0.07653360068798065,Marcel Sabitzer,a,5248,OpenPlay,2020,LeftFoot,15316,Schalke 04,RasenBallsport Leipzig,0,3,2021-02-06 14:30:00,,None
2925,403125,72,Goal,0.845,0.5479999923706055,0.3456119894981384,Marcel Sabitzer,a,5248,OpenPlay,2020,RightFoot,15316,Schalke 04,RasenBallsport Leipzig,0,3,2021-02-06 14:30:00,Angelino,Pass
2926,404076,79,MissedShots,0.754000015258789,0.5179999923706055,0.03135469928383827,Marcel Sabitzer,h,5248,OpenPlay,2020,LeftFoot,15322,RasenBallsport Leipzig,Augsburg,2,1,2021-02-12 19:30:00,Christopher Nkunku,Pass
2927,406052,27,Goal,0.7090000152587891,0.6680000305175782,0.013190800324082375,Marcel Sabitzer,a,5248,OpenPlay,2020,RightFoot,15333,Hertha Berlin,RasenBallsport Leipzig,0,3,2021-02-21 14:30:00,Dani Olmo,Pass
2928,406053,34,MissedShots,0.710999984741211,0.5070000076293946,0.045176099985837936,Marcel Sabitzer,a,5248,DirectFreekick,2020,RightFoot,15333,Hertha Berlin,RasenBallsport Leipzig,0,3,2021-02-21 14:30:00,,Standard
2929,406058,54,MissedShots,0.705,0.610999984741211,0.016763899475336075,Marcel Sabitzer,a,5248,OpenPlay,2020,RightFoot,15333,Hertha Berlin,RasenBallsport Leipzig,0,3,2021-02-21 14:30:00,Marcel Halstenberg,Pass
2930,406881,9,BlockedShot,0.7819999694824219,0.649000015258789,0.016460999846458435,Marcel Sabitzer,h,5248,SetPiece,2020,RightFoot,15340,RasenBallsport Leipzig,Borussia M.Gladbach,3,2,2021-02-27 17:30:00,,None
2931,406886,32,MissedShots,0.9009999847412109,0.48200000762939454,0.12416200339794159,Marcel Sabitzer,h,5248,OpenPlay,2020,LeftFoot,15340,RasenBallsport Leipzig,Borussia M.Gladbach,3,2,2021-02-27 17:30:00,Dani Olmo,Pass
2932,410518,3,SavedShot,0.79,0.7130000305175781,0.019492000341415405,Marcel Sabitzer,h,5248,OpenPlay,2020,RightFoot,15357,RasenBallsport Leipzig,Eintracht Frankfurt,1,1,2021-03-14 14:30:00,Justin Kluivert,Pass
2933,410530,65,BlockedShot,0.759000015258789,0.5970000076293945,0.0687657967209816,Marcel Sabitzer,h,5248,DirectFreekick,2020,RightFoot,15357,RasenBallsport Leipzig,Eintracht Frankfurt,1,1,2021-03-14 14:30:00,,Standard
2934,410536,89,MissedShots,0.7569999694824219,0.555,0.02083129994571209,Marcel Sabitzer,h,5248,OpenPlay,2020,LeftFoot,15357,RasenBallsport Leipzig,Eintracht Frankfurt,1,1,2021-03-14 14:30:00,,None
2935,411091,15,SavedShot,0.76,0.7230000305175781,0.012192799709737301,Marcel Sabitzer,a,5248,OpenPlay,2020,RightFoot,15373,Arminia Bielefeld,RasenBallsport Leipzig,0,1,2021-03-19 19:30:00,Kevin Kampl,Chipped
2936,411102,45,Goal,0.9690000152587891,0.4929999923706055,0.8399860262870789,Marcel Sabitzer,a,5248,OpenPlay,2020,RightFoot,15373,Arminia Bielefeld,RasenBallsport Leipzig,0,1,2021-03-19 19:30:00,Dani Olmo,Pass
2937,411106,75,BlockedShot,0.8090000152587891,0.5179999923706055,0.06795279681682587,Marcel Sabitzer,a,5248,OpenPlay,2020,RightFoot,15373,Arminia Bielefeld,RasenBallsport Leipzig,0,1,2021-03-19 19:30:00,Christopher Nkunku,Pass
2938,412723,18,MissedShots,0.7930000305175782,0.6370000076293946,0.020550299435853958,Marcel Sabitzer,h,5248,SetPiece,2020,RightFoot,15375,RasenBallsport Leipzig,Bayern Munich,0,1,2021-04-03 16:30:00,,None
2939,412732,48,MissedShots,0.889000015258789,0.5629999923706055,0.07506769895553589,Marcel Sabitzer,h,5248,OpenPlay,2020,LeftFoot,15375,RasenBallsport Leipzig,Bayern Munich,0,1,2021-04-03 16:30:00,Amadou Haidara,HeadPass
2940,412736,55,SavedShot,0.7340000152587891,0.6409999847412109,0.01594660058617592,Marcel Sabitzer,h,5248,OpenPlay,2020,RightFoot,15375,RasenBallsport Leipzig,Bayern Munich,0,1,2021-04-03 16:30:00,Dani Olmo,Pass
2941,412737,58,SavedShot,0.7040000152587891,0.539000015258789,0.011604099534451962,Marcel Sabitzer,h,5248,OpenPlay,2020,RightFoot,15375,RasenBallsport Leipzig,Bayern Munich,0,1,2021-04-03 16:30:00,,None
2942,412744,92,MissedShots,0.7140000152587891,0.5220000076293946,0.013905299827456474,Marcel Sabitzer,h,5248,FromCorner,2020,RightFoot,15375,RasenBallsport Leipzig,Bayern Munich,0,1,2021-04-03 16:30:00,,None
2943,413796,62,Goal,0.914000015258789,0.4879999923706055,0.47338199615478516,Marcel Sabitzer,a,5248,OpenPlay,2020,RightFoot,15389,Werder Bremen,RasenBallsport Leipzig,1,4,2021-04-10 13:30:00,Benjamin Henrichs,Cross
2944,413799,77,MissedShots,0.855,0.5940000152587891,0.10851500183343887,Marcel Sabitzer,a,5248,OpenPlay,2020,LeftFoot,15389,Werder Bremen,RasenBallsport Leipzig,1,4,2021-04-10 13:30:00,Amadou Haidara,Pass
2945,414999,1,BlockedShot,0.7519999694824219,0.5790000152587891,0.06601870059967041,Marcel Sabitzer,h,5248,DirectFreekick,2020,RightFoot,15393,RasenBallsport Leipzig,Hoffenheim,0,0,2021-04-16 18:30:00,,Standard
2946,415004,40,MissedShots,0.7530000305175781,0.6090000152587891,0.018206799402832985,Marcel Sabitzer,h,5248,OpenPlay,2020,RightFoot,15393,RasenBallsport Leipzig,Hoffenheim,0,0,2021-04-16 18:30:00,Emil Forsberg,Pass
2947,415005,55,BlockedShot,0.7240000152587891,0.54,0.016080399975180626,Marcel Sabitzer,h,5248,OpenPlay,2020,RightFoot,15393,RasenBallsport Leipzig,Hoffenheim,0,0,2021-04-16 18:30:00,Amadou Haidara,Pass
2948,415008,64,MissedShots,0.7559999847412109,0.4779999923706055,0.025116300210356712,Marcel Sabitzer,h,5248,OpenPlay,2020,LeftFoot,15393,RasenBallsport Leipzig,Hoffenheim,0,0,2021-04-16 18:30:00,Tyler Adams,Pass
2949,420034,37,SavedShot,0.815,0.48700000762939455,0.054757099598646164,Marcel Sabitzer,a,5248,OpenPlay,2020,LeftFoot,15420,Borussia Dortmund,RasenBallsport Leipzig,3,2,2021-05-08 13:30:00,Dani Olmo,Pass
2950,420037,46,SavedShot,0.87,0.6229999923706054,0.07301270216703415,Marcel Sabitzer,a,5248,OpenPlay,2020,RightFoot,15420,Borussia Dortmund,RasenBallsport Leipzig,3,2,2021-05-08 13:30:00,Kevin Kampl,Pass
2951,420043,66,BlockedShot,0.775,0.6819999694824219,0.02836509980261326,Marcel Sabitzer,a,5248,OpenPlay,2020,RightFoot,15420,Borussia Dortmund,RasenBallsport Leipzig,3,2,2021-05-08 13:30:00,,TakeOn
2952,422813,64,BlockedShot,0.7169999694824218,0.5370000076293945,0.014071299694478512,Marcel Sabitzer,h,5248,FromCorner,2020,RightFoot,15428,RasenBallsport Leipzig,Wolfsburg,2,2,2021-05-16 18:30:00,,None
2953,422815,77,Goal,0.885,0.5,0.7577769756317139,Marcel Sabitzer,h,5248,Penalty,2020,RightFoot,15428,RasenBallsport Leipzig,Wolfsburg,2,2,2021-05-16 18:30:00,,Standard
2954,423514,37,MissedShots,0.7680000305175781,0.629000015258789,0.019576000049710274,Marcel Sabitzer,a,5248,OpenPlay,2020,RightFoot,15442,Union Berlin,RasenBallsport Leipzig,2,1,2021-05-22 13:30:00,,None
2955,423517,43,MissedShots,0.8380000305175781,0.52,0.07895590364933014,Marcel Sabitzer,a,5248,OpenPlay,2020,RightFoot,15442,Union Berlin,RasenBallsport Leipzig,2,1,2021-05-22 13:30:00,Justin Kluivert,Pass
2956,423528,80,SavedShot,0.9290000152587891,0.4809999847412109,0.5660319924354553,Marcel Sabitzer,a,5248,OpenPlay,2020,RightFoot,15442,Union Berlin,RasenBallsport Leipzig,2,1,2021-05-22 13:30:00,,None
2957,426362,63,BlockedShot,0.7240000152587891,0.605999984741211,0.012915899977087975,Marcel Sabitzer,a,5248,SetPiece,2021,RightFoot,17523,Mainz 05,RasenBallsport Leipzig,1,0,2021-08-15 13:30:00,Willi Orban,BallTouch
2958,426718,86,MissedShots,0.7580000305175781,0.30200000762939455,0.024883799254894257,Marcel Sabitzer,h,5248,OpenPlay,2021,RightFoot,17525,RasenBallsport Leipzig,VfB Stuttgart,4,0,2021-08-20 18:30:00,Konrad Laimer,Pass
2959,430133,87,SavedShot,0.9,0.5220000076293946,0.14311300218105316,Marcel Sabitzer,a,5248,OpenPlay,2021,LeftFoot,17548,RasenBallsport Leipzig,Bayern Munich,1,4,2021-09-11 16:30:00,Alphonso Davies,Pass
2960,430134,87,MissedShots,0.9480000305175781,0.5259999847412109,0.5118989944458008,Marcel Sabitzer,a,5248,OpenPlay,2021,Head,17548,RasenBallsport Leipzig,Bayern Munich,1,4,2021-09-11 16:30:00,,Rebound
2961,436930,73,SavedShot,0.7680000305175781,0.4179999923706055,0.03608329966664314,Marcel Sabitzer,a,5248,OpenPlay,2021,RightFoot,17585,Bayer Leverkusen,Bayern Munich,1,5,2021-10-17 13:30:00,Joshua Kimmich,Pass
2962,436932,78,MissedShots,0.8730000305175781,0.37099998474121093,0.10326799750328064,Marcel Sabitzer,a,5248,OpenPlay,2021,LeftFoot,17585,Bayer Leverkusen,Bayern Munich,1,5,2021-10-17 13:30:00,Jamal Musiala,Pass
2963,437635,52,MissedShots,0.735999984741211,0.3920000076293945,0.02674880065023899,Marcel Sabitzer,h,5248,OpenPlay,2021,RightFoot,17596,Bayern Munich,Hoffenheim,4,0,2021-10-23 13:30:00,Jamal Musiala,Pass
2964,442173,32,BlockedShot,0.7809999847412109,0.385,0.023679500445723534,Marcel Sabitzer,a,5248,OpenPlay,2021,RightFoot,17616,Augsburg,Bayern Munich,2,1,2021-11-19 19:30:00,Thomas Müller,Pass
2965,449250,77,BlockedShot,0.72,0.6680000305175782,0.014282000251114368,Marcel Sabitzer,h,5248,OpenPlay,2021,RightFoot,17668,Bayern Munich,Wolfsburg,4,0,2021-12-17 19:30:00,Alphonso Davies,Pass
2966,451893,7,BlockedShot,0.7369999694824219,0.4859999847412109,0.059687498956918716,Marcel Sabitzer,h,5248,DirectFreekick,2021,RightFoot,17677,Bayern Munich,Borussia M.Gladbach,1,2,2022-01-07 19:30:00,,Standard
2967,451897,22,MissedShots,0.7190000152587891,0.555,0.021680699661374092,Marcel Sabitzer,h,5248,OpenPlay,2021,RightFoot,17677,Bayern Munich,Borussia M.Gladbach,1,2,2022-01-07 19:30:00,Serge Gnabry,Pass
2968,453121,51,SavedShot,0.7719999694824219,0.5790000152587891,0.04580960050225258,Marcel Sabitzer,a,5248,OpenPlay,2021,RightFoot,17678,FC Cologne,Bayern Munich,0,4,2022-01-15 14:30:00,Corentin Tolisso,Chipped
2969,458779,29,MissedShots,0.7880000305175782,0.40200000762939453,0.03208509832620621,Marcel Sabitzer,h,5248,OpenPlay,2021,RightFoot,17722,Bayern Munich,Greuther Fuerth,4,1,2022-02-20 14:30:00,,None
2970,458785,59,MissedShots,0.7230000305175781,0.625999984741211,0.014348600059747696,Marcel Sabitzer,h,5248,OpenPlay,2021,RightFoot,17722,Bayern Munich,Greuther Fuerth,4,1,2022-02-20 14:30:00,Leroy Sané,Pass
2971,458797,80,BlockedShot,0.779000015258789,0.515,0.036995500326156616,Marcel Sabitzer,h,5248,OpenPlay,2021,LeftFoot,17722,Bayern Munich,Greuther Fuerth,4,1,2022-02-20 14:30:00,,Rebound
2972,458799,84,BlockedShot,0.825,0.5329999923706055,0.04574580118060112,Marcel Sabitzer,h,5248,FromCorner,2021,RightFoot,17722,Bayern Munich,Greuther Fuerth,4,1,2022-02-20 14:30:00,,None
2973,459965,53,MissedShots,0.8669999694824219,0.6669999694824219,0.06257019937038422,Marcel Sabitzer,a,5248,OpenPlay,2021,LeftFoot,17731,Eintracht Frankfurt,Bayern Munich,0,1,2022-02-26 17:30:00,Lucas Hernández,HeadPass
2974,460981,61,SavedShot,0.870999984741211,0.5990000152587891,0.34170499444007874,Marcel Sabitzer,h,5248,OpenPlay,2021,LeftFoot,17740,Bayern Munich,Bayer Leverkusen,1,1,2022-03-05 14:30:00,Jamal Musiala,Throughball
2975,465050,95,Goal,0.904000015258789,0.40299999237060546,0.4754349887371063,Marcel Sabitzer,a,5248,OpenPlay,2021,RightFoot,17762,Freiburg,Bayern Munich,1,4,2022-04-02 13:30:00,Serge Gnabry,Pass
2976,468734,16,BlockedShot,0.874000015258789,0.555,0.10851400345563889,Marcel Sabitzer,a,5248,OpenPlay,2021,LeftFoot,17777,Arminia Bielefeld,Bayern Munich,0,3,2022-04-17 13:30:00,,Rebound
2977,468737,35,SavedShot,0.9780000305175781,0.5890000152587891,0.1367889940738678,Marcel Sabitzer,a,5248,OpenPlay,2021,LeftFoot,17777,Arminia Bielefeld,Bayern Munich,0,3,2022-04-17 13:30:00,Nianzou Kouassi,Rebound
2978,468739,39,MissedShots,0.919000015258789,0.5270000076293946,0.0678521990776062,Marcel Sabitzer,a,5248,OpenPlay,2021,Head,17777,Arminia Bielefeld,Bayern Munich,0,3,2022-04-17 13:30:00,Robert Lewandowski,HeadPass
2979,478999,15,BlockedShot,0.9369999694824219,0.6509999847412109,0.11977999657392502,Marcel Sabitzer,a,5248,OpenPlay,2022,LeftFoot,19342,Eintracht Frankfurt,Bayern Munich,1,6,2022-08-05 18:30:00,Sadio Mané,Pass
2980,481029,30,MissedShots,0.7659999847412109,0.4929999923706055,0.01316170021891594,Marcel Sabitzer,h,5248,OpenPlay,2022,RightFoot,19359,Bayern Munich,Wolfsburg,2,0,2022-08-14 15:30:00,,Aerial
2981,481037,42,BlockedShot,0.82,0.5720000076293945,0.05738700181245804,Marcel Sabitzer,h,5248,OpenPlay,2022,RightFoot,19359,Bayern Munich,Wolfsburg,2,0,2022-08-14 15:30:00,,Rebound
2982,481047,63,SavedShot,0.764000015258789,0.6329999923706054,0.020704399794340134,Marcel Sabitzer,h,5248,OpenPlay,2022,RightFoot,19359,Bayern Munich,Wolfsburg,2,0,2022-08-14 15:30:00,,None
2983,483897,24,SavedShot,0.705,0.5159999847412109,0.01373289991170168,Marcel Sabitzer,h,5248,OpenPlay,2022,RightFoot,19375,Bayern Munich,Borussia M.Gladbach,1,1,2022-08-27 16:30:00,Leroy Sané,Pass
2984,485815,2,MissedShots,0.7830000305175782,0.38299999237060545,0.027358099818229675,Marcel Sabitzer,a,5248,OpenPlay,2022,RightFoot,19380,Union Berlin,Bayern Munich,1,1,2022-09-03 13:30:00,,None
2985,485836,91,MissedShots,0.7659999847412109,0.500999984741211,0.0355755016207695,Marcel Sabitzer,a,5248,FromCorner,2022,RightFoot,19380,Union Berlin,Bayern Munich,1,1,2022-09-03 13:30:00,Serge Gnabry,Pass
2986,488637,88,MissedShots,0.7530000305175781,0.534000015258789,0.020975399762392044,Marcel Sabitzer,a,5248,OpenPlay,2022,RightFoot,19399,Augsburg,Bayern Munich,1,0,2022-09-17 13:30:00,,None
2987,489720,32,MissedShots,0.8469999694824218,0.4979999923706055,0.042471300810575485,Marcel Sabitzer,h,5248,FromCorner,2022,RightFoot,19405,Bayern Munich,Bayer Leverkusen,4,0,2022-09-30 18:30:00,Joshua Kimmich,Cross
2988,489730,44,BlockedShot,0.745,0.6469999694824219,0.01684189960360527,Marcel Sabitzer,h,5248,OpenPlay,2022,RightFoot,19405,Bayern Munich,Bayer Leverkusen,4,0,2022-09-30 18:30:00,,None
2989,493970,79,Goal,0.845,0.46599998474121096,0.44452598690986633,Marcel Sabitzer,h,5248,OpenPlay,2022,RightFoot,19423,Bayern Munich,Freiburg,5,0,2022-10-16 17:30:00,,None
2990,494891,70,SavedShot,0.924000015258789,0.624000015258789,0.11785999685525894,Marcel Sabitzer,a,5248,OpenPlay,2022,LeftFoot,19436,Hoffenheim,Bayern Munich,0,2,2022-10-22 13:30:00,Sadio Mané,Pass
2991,494892,73,BlockedShot,0.79,0.6229999923706054,0.03313690051436424,Marcel Sabitzer,a,5248,OpenPlay,2022,RightFoot,19436,Hoffenheim,Bayern Munich,0,2,2022-10-22 13:30:00,Sadio Mané,Pass
2992,496446,82,SavedShot,0.795,0.6090000152587891,0.05307289958000183,Marcel Sabitzer,h,5248,OpenPlay,2022,RightFoot,19441,Bayern Munich,Mainz 05,6,2,2022-10-29 13:30:00,Ryan Gravenberch,Pass
2993,499186,79,MissedShots,0.9319999694824219,0.6129999923706054,0.014775900170207024,Marcel Sabitzer,h,5248,FromCorner,2022,Head,19459,Bayern Munich,Werder Bremen,6,1,2022-11-08 19:30:00,Joshua Kimmich,Aerial
2994,508040,13,MissedShots,0.905,0.4779999923706055,0.086039699614048,Marcel Sabitzer,h,5248,SetPiece,2022,RightFoot,18279,Manchester United,Leeds,2,2,2023-02-08 19:00:00,Lisandro Martínez,None
2995,508042,17,MissedShots,0.750999984741211,0.649000015258789,0.017957599833607674,Marcel Sabitzer,h,5248,OpenPlay,2022,RightFoot,18279,Manchester United,Leeds,2,2,2023-02-08 19:00:00,Fred,Pass
2996,508048,30,SavedShot,0.765,0.5459999847412109,0.02728950046002865,Marcel Sabitzer,h,5248,OpenPlay,2022,LeftFoot,18279,Manchester United,Leeds,2,2,2023-02-08 19:00:00,,Rebound
2997,517111,71,BlockedShot,0.8730000305175781,0.46,0.09772589802742004,Marcel Sabitzer,a,5248,OpenPlay,2022,RightFoot,18489,Newcastle United,Manchester United,2,0,2023-04-02 15:30:00,Diogo Dalot,Pass
2998,517541,18,BlockedShot,0.7519999694824219,0.705,0.04330410063266754,Marcel Sabitzer,h,5248,DirectFreekick,2022,RightFoot,18448,Manchester United,Brentford,1,0,2023-04-05 19:00:00,,Standard
2999,517553,57,SavedShot,0.8219999694824218,0.3629999923706055,0.05508299916982651,Marcel Sabitzer,h,5248,OpenPlay,2022,RightFoot,18448,Manchester United,Brentford,1,0,2023-04-05 19:00:00,,None
3000,517739,2,BlockedShot,0.865,0.6309999847412109,0.07967240363359451,Marcel Sabitzer,h,5248,OpenPlay,2022,RightFoot,18498,Manchester United,Everton,2,0,2023-04-08 11:30:00,Jadon Sancho,Pass
3001,517750,20,SavedShot,0.8619999694824219,0.36900001525878906,0.07284200191497803,Marcel Sabitzer,h,5248,OpenPlay,2022,RightFoot,18498,Manchester United,Everton,2,0,2023-04-08 11:30:00,Antony,Pass
3002,517757,34,MissedShots,0.93,0.36900001525878906,0.08353959769010544,Marcel Sabitzer,h,5248,OpenPlay,2022,RightFoot,18498,Manchester United,Everton,2,0,2023-04-08 11:30:00,Aaron Wan-Bissaka,Chipped
3003,523114,13,MissedShots,0.9159999847412109,0.6469999694824219,0.09221955388784409,Marcel Sabitzer,h,5248,OpenPlay,2022,LeftFoot,18540,Manchester United,Aston Villa,1,0,2023-04-30 13:00:00,Marcus Rashford,Pass
3004,524320,85,BlockedShot,0.789000015258789,0.49,0.04227693751454353,Marcel Sabitzer,a,5248,OpenPlay,2022,RightFoot,18475,Brighton,Manchester United,1,0,2023-05-04 19:00:00,Casemiro,Pass
3005,533402,9,BlockedShot,0.7240000152587891,0.5879999923706055,0.012492334470152855,Marcel Sabitzer,h,5248,OpenPlay,2023,RightFoot,23071,Borussia Dortmund,FC Cologne,1,0,2023-08-19 16:30:00,,None
3006,535805,18,SavedShot,0.8730000305175781,0.67,0.13448113203048706,Marcel Sabitzer,h,5248,OpenPlay,2023,LeftFoot,23083,Borussia Dortmund,FC Heidenheim,2,2,2023-09-01 18:30:00,Nico Schlotterbeck,Throughball
3007,535807,25,MissedShots,0.9159999847412109,0.4779999923706055,0.13139553368091583,Marcel Sabitzer,h,5248,OpenPlay,2023,LeftFoot,23083,Borussia Dortmund,FC Heidenheim,2,2,2023-09-01 18:30:00,Marius Wolf,Cross
3008,535820,55,MissedShots,0.78,0.30200000762939455,0.02806742489337921,Marcel Sabitzer,h,5248,OpenPlay,2023,RightFoot,23083,Borussia Dortmund,FC Heidenheim,2,2,2023-09-01 18:30:00,Emre Can,Pass
3009,535829,71,BlockedShot,0.7959999847412109,0.6969999694824218,0.07022728770971298,Marcel Sabitzer,h,5248,DirectFreekick,2023,RightFoot,23083,Borussia Dortmund,FC Heidenheim,2,2,2023-09-01 18:30:00,,Standard
3010,543605,84,BlockedShot,0.8109999847412109,0.5270000076293946,0.04192100465297699,Marcel Sabitzer,h,5248,FromCorner,2023,RightFoot,23128,Borussia Dortmund,Werder Bremen,1,0,2023-10-20 18:30:00,Julian Brandt,Pass
3011,546148,45,Goal,0.8419999694824218,0.5429999923706055,0.08166999369859695,Marcel Sabitzer,a,5248,OpenPlay,2023,RightFoot,23140,Eintracht Frankfurt,Borussia Dortmund,3,3,2023-10-29 14:30:00,Niclas Füllkrug,Pass
3012,547037,80,BlockedShot,0.764000015258789,0.5279999923706055,0.020197751000523567,Marcel Sabitzer,h,5248,FromCorner,2023,RightFoot,23146,Borussia Dortmund,Bayern Munich,0,4,2023-11-04 17:30:00,Mats Hummels,None
3013,547038,85,MissedShots,0.7530000305175781,0.3820000076293945,0.061251331120729446,Marcel Sabitzer,h,5248,DirectFreekick,2023,RightFoot,23146,Borussia Dortmund,Bayern Munich,0,4,2023-11-04 17:30:00,,Standard
3014,547041,93,MissedShots,0.7880000305175782,0.514000015258789,0.0445721410214901,Marcel Sabitzer,h,5248,OpenPlay,2023,LeftFoot,23146,Borussia Dortmund,Bayern Munich,0,4,2023-11-04 17:30:00,Sébastien Haller,Pass
3015,548333,61,BlockedShot,0.8490000152587891,0.5370000076293945,0.09079407155513763,Marcel Sabitzer,a,5248,OpenPlay,2023,RightFoot,23162,VfB Stuttgart,Borussia Dortmund,2,1,2023-11-11 14:30:00,Marco Reus,Pass
3016,548334,64,BlockedShot,0.7269999694824218,0.46599998474121096,0.02158779837191105,Marcel Sabitzer,a,5248,OpenPlay,2023,RightFoot,23162,VfB Stuttgart,Borussia Dortmund,2,1,2023-11-11 14:30:00,,TakeOn
3017,549621,29,Goal,0.9169999694824219,0.5970000076293945,0.3403699994087219,Marcel Sabitzer,h,5248,OpenPlay,2023,LeftFoot,23164,Borussia Dortmund,Borussia M.Gladbach,4,2,2023-11-25 14:30:00,Julian Brandt,Chipped
3018,549625,47,SavedShot,0.909000015258789,0.725999984741211,0.04592519998550415,Marcel Sabitzer,h,5248,OpenPlay,2023,LeftFoot,23164,Borussia Dortmund,Borussia M.Gladbach,4,2,2023-11-25 14:30:00,,Rebound
3019,555254,7,SavedShot,0.7609999847412109,0.36200000762939455,0.022345423698425293,Marcel Sabitzer,h,5248,OpenPlay,2023,RightFoot,23200,Borussia Dortmund,Mainz 05,1,1,2023-12-19 19:30:00,Nico Schlotterbeck,Pass
3020,555261,30,ShotOnPost,0.7830000305175782,0.625,0.031181521713733673,Marcel Sabitzer,h,5248,OpenPlay,2023,RightFoot,23200,Borussia Dortmund,Mainz 05,1,1,2023-12-19 19:30:00,Jamie Bynoe-Gittens,Pass
3021,555265,43,SavedShot,0.8030000305175782,0.46099998474121096,0.049866896122694016,Marcel Sabitzer,h,5248,OpenPlay,2023,LeftFoot,23200,Borussia Dortmund,Mainz 05,1,1,2023-12-19 19:30:00,Thomas Meunier,Pass
3022,555280,92,BlockedShot,0.76,0.519000015258789,0.020117877051234245,Marcel Sabitzer,h,5248,OpenPlay,2023,RightFoot,23200,Borussia Dortmund,Mainz 05,1,1,2023-12-19 19:30:00,Emre Can,TakeOn
3023,558241,1,MissedShots,0.715999984741211,0.5640000152587891,0.020686466246843338,Marcel Sabitzer,a,5248,OpenPlay,2023,RightFoot,23217,Darmstadt,Borussia Dortmund,0,3,2024-01-13 17:30:00,Emre Can,Pass
3024,558258,67,SavedShot,0.774000015258789,0.6179999923706054,0.03366216644644737,Marcel Sabitzer,a,5248,OpenPlay,2023,RightFoot,23217,Darmstadt,Borussia Dortmund,0,3,2024-01-13 17:30:00,Marco Reus,Pass
3025,558265,88,BlockedShot,0.8530000305175781,0.504000015258789,0.12605920433998108,Marcel Sabitzer,a,5248,OpenPlay,2023,RightFoot,23217,Darmstadt,Borussia Dortmund,0,3,2024-01-13 17:30:00,Giovanni Reyna,Pass
3026,558936,51,SavedShot,0.7419999694824219,0.4490000152587891,0.061502862721681595,Marcel Sabitzer,a,5248,DirectFreekick,2023,RightFoot,23223,FC Cologne,Borussia Dortmund,0,4,2024-01-20 14:30:00,,Standard
3027,558941,67,MissedShots,0.8680000305175781,0.700999984741211,0.08467035740613937,Marcel Sabitzer,a,5248,OpenPlay,2023,LeftFoot,23223,FC Cologne,Borussia Dortmund,0,4,2024-01-20 14:30:00,Salih Özcan,Chipped
3028,560350,35,SavedShot,0.7619999694824219,0.6580000305175782,0.05963965132832527,Marcel Sabitzer,h,5248,DirectFreekick,2023,RightFoot,23227,Borussia Dortmund,Bochum,3,1,2024-01-28 16:30:00,,Standard
3029,563726,30,MissedShots,0.765,0.514000015258789,0.037166692316532135,Marcel Sabitzer,a,5248,OpenPlay,2023,RightFoot,23256,Wolfsburg,Borussia Dortmund,1,1,2024-02-17 14:30:00,Ian Maatsen,Pass
3030,563730,47,SavedShot,0.7830000305175782,0.505,0.047067515552043915,Marcel Sabitzer,a,5248,OpenPlay,2023,RightFoot,23256,Wolfsburg,Borussia Dortmund,1,1,2024-02-17 14:30:00,Jadon Sancho,Pass
3031,563729,54,SavedShot,0.745999984741211,0.4179999923706055,0.022219080477952957,Marcel Sabitzer,a,5248,OpenPlay,2023,RightFoot,23256,Wolfsburg,Borussia Dortmund,1,1,2024-02-17 14:30:00,Niclas Füllkrug,Pass
3032,563736,88,MissedShots,0.840999984741211,0.5740000152587891,0.08056332170963287,Marcel Sabitzer,a,5248,OpenPlay,2023,LeftFoot,23256,Wolfsburg,Borussia Dortmund,1,1,2024-02-17 14:30:00,Jamie Bynoe-Gittens,Pass
3033,565794,6,SavedShot,0.8809999847412109,0.34200000762939453,0.04538838565349579,Marcel Sabitzer,h,5248,FromCorner,2023,RightFoot,23270,Borussia Dortmund,Hoffenheim,2,3,2024-02-25 16:30:00,Julian Brandt,Pass
3034,565796,8,SavedShot,0.7469999694824219,0.6709999847412109,0.04958692938089371,Marcel Sabitzer,h,5248,DirectFreekick,2023,RightFoot,23270,Borussia Dortmund,Hoffenheim,2,3,2024-02-25 16:30:00,,Standard
3035,565797,12,BlockedShot,0.764000015258789,0.5829999923706055,0.026001347228884697,Marcel Sabitzer,h,5248,OpenPlay,2023,RightFoot,23270,Borussia Dortmund,Hoffenheim,2,3,2024-02-25 16:30:00,Julian Brandt,Pass
3036,565801,20,BlockedShot,0.8040000152587891,0.655,0.02950328029692173,Marcel Sabitzer,h,5248,OpenPlay,2023,LeftFoot,23270,Borussia Dortmund,Hoffenheim,2,3,2024-02-25 16:30:00,Jadon Sancho,Pass
3037,565806,30,BlockedShot,0.855,0.37599998474121094,0.04591192305088043,Marcel Sabitzer,h,5248,FromCorner,2023,RightFoot,23270,Borussia Dortmund,Hoffenheim,2,3,2024-02-25 16:30:00,Julian Brandt,Pass
3038,565819,81,BlockedShot,0.7630000305175781,0.3940000152587891,0.026442287489771843,Marcel Sabitzer,h,5248,OpenPlay,2023,RightFoot,23270,Borussia Dortmund,Hoffenheim,2,3,2024-02-25 16:30:00,Emre Can,TakeOn
3039,566521,73,SavedShot,0.8630000305175781,0.34599998474121096,0.07540205121040344,Marcel Sabitzer,a,5248,OpenPlay,2023,RightFoot,23272,Union Berlin,Borussia Dortmund,0,2,2024-03-02 14:30:00,,BallTouch
3040,566522,75,MissedShots,0.7480000305175781,0.5820000076293945,0.02658473327755928,Marcel Sabitzer,a,5248,OpenPlay,2023,RightFoot,23272,Union Berlin,Borussia Dortmund,0,2,2024-03-02 14:30:00,,None
3041,568221,18,BlockedShot,0.884000015258789,0.3870000076293945,0.042226169258356094,Marcel Sabitzer,a,5248,FromCorner,2023,RightFoot,23286,Werder Bremen,Borussia Dortmund,1,2,2024-03-09 17:30:00,Julian Brandt,Cross
3042,572579,20,SavedShot,0.725,0.6409999847412109,0.01432426180690527,Marcel Sabitzer,h,5248,OpenPlay,2023,RightFoot,23308,Borussia Dortmund,VfB Stuttgart,0,1,2024-04-06 16:30:00,Jadon Sancho,Pass
3043,573513,17,BlockedShot,0.8959999847412109,0.3120000076293945,0.06175725534558296,Marcel Sabitzer,a,5248,OpenPlay,2023,RightFoot,23321,Borussia M.Gladbach,Borussia Dortmund,1,2,2024-04-13 13:30:00,Julian Brandt,Pass
3044,573517,21,Goal,0.9219999694824219,0.7,0.2800455093383789,Marcel Sabitzer,a,5248,OpenPlay,2023,LeftFoot,23321,Borussia M.Gladbach,Borussia Dortmund,1,2,2024-04-13 13:30:00,Nico Schlotterbeck,Chipped
3045,573518,27,Goal,0.885,0.5,0.75777667760849,Marcel Sabitzer,a,5248,Penalty,2023,RightFoot,23321,Borussia M.Gladbach,Borussia Dortmund,1,2,2024-04-13 13:30:00,,Standard
3046,575669,41,SavedShot,0.86,0.415,0.09397008270025253,Marcel Sabitzer,h,5248,OpenPlay,2023,RightFoot,23326,Borussia Dortmund,Bayer Leverkusen,1,1,2024-04-21 15:30:00,Niclas Füllkrug,LayOff
3047,575672,50,BlockedShot,0.7269999694824218,0.4129999923706055,0.01730729639530182,Marcel Sabitzer,h,5248,OpenPlay,2023,RightFoot,23326,Borussia Dortmund,Bayer Leverkusen,1,1,2024-04-21 15:30:00,Julian Brandt,Pass
3048,578364,84,MissedShots,0.7719999694824219,0.34,0.02740618772804737,Marcel Sabitzer,h,5248,FromCorner,2023,RightFoot,23344,Borussia Dortmund,Augsburg,5,1,2024-05-04 13:30:00,Karim Adeyemi,Pass
3049,581464,28,ShotOnPost,0.845,0.4209999847412109,0.07739706337451935,Marcel Sabitzer,h,5248,OpenPlay,2023,RightFoot,23362,Borussia Dortmund,Darmstadt,4,0,2024-05-18 13:30:00,Jadon Sancho,Pass
3050,581467,34,SavedShot,0.725,0.4229999923706055,0.022013559937477112,Marcel Sabitzer,h,5248,OpenPlay,2023,RightFoot,23362,Borussia Dortmund,Darmstadt,4,0,2024-05-18 13:30:00,Marco Reus,Pass
3051,581481,77,SavedShot,0.895,0.695,0.06995657086372375,Marcel Sabitzer,h,5248,OpenPlay,2023,LeftFoot,23362,Borussia Dortmund,Darmstadt,4,0,2024-05-18 13:30:00,Marco Reus,Pass
3052,586321,19,MissedShots,0.925,0.41900001525878905,0.09291894733905792,Marcel Sabitzer,h,5248,OpenPlay,2024,RightFoot,27748,Borussia Dortmund,Eintracht Frankfurt,2,0,2024-08-24 16:30:00,Julian Ryerson,Cross
3053,586326,29,SavedShot,0.9519999694824218,0.5309999847412109,0.6307013034820557,Marcel Sabitzer,h,5248,OpenPlay,2024,RightFoot,27748,Borussia Dortmund,Eintracht Frankfurt,2,0,2024-08-24 16:30:00,Karim Adeyemi,Rebound
3054,586332,53,BlockedShot,0.8080000305175781,0.529000015258789,0.05559678375720978,Marcel Sabitzer,h,5248,OpenPlay,2024,LeftFoot,27748,Borussia Dortmund,Eintracht Frankfurt,2,0,2024-08-24 16:30:00,Pascal Groß,Pass
3055,586339,66,BlockedShot,0.8669999694824219,0.34599998474121096,0.05128427967429161,Marcel Sabitzer,h,5248,OpenPlay,2024,LeftFoot,27748,Borussia Dortmund,Eintracht Frankfurt,2,0,2024-08-24 16:30:00,Julian Brandt,Pass
3056,586342,75,MissedShots,0.8390000152587891,0.5729999923706055,0.08147139102220535,Marcel Sabitzer,h,5248,OpenPlay,2024,LeftFoot,27748,Borussia Dortmund,Eintracht Frankfurt,2,0,2024-08-24 16:30:00,Jamie Bynoe-Gittens,Pass
3057,589108,70,SavedShot,0.740999984741211,0.4929999923706055,0.0210023932158947,Marcel Sabitzer,a,5248,OpenPlay,2024,RightFoot,27753,Werder Bremen,Borussia Dortmund,0,0,2024-08-31 13:30:00,Nico Schlotterbeck,Pass
3058,598329,38,SavedShot,0.7440000152587891,0.3290000152587891,0.020671555772423744,Marcel Sabitzer,a,5248,OpenPlay,2024,RightFoot,27809,Augsburg,Borussia Dortmund,2,1,2024-10-26 13:30:00,Nico Schlotterbeck,Pass
3059,602753,43,BlockedShot,0.7069999694824218,0.46700000762939453,0.022369498386979103,Marcel Sabitzer,h,5248,OpenPlay,2024,RightFoot,27835,Borussia Dortmund,Freiburg,4,0,2024-11-23 14:30:00,Julian Brandt,Pass
3060,602761,56,SavedShot,0.7530000305175781,0.6120000076293945,0.01939546875655651,Marcel Sabitzer,h,5248,OpenPlay,2024,RightFoot,27835,Borussia Dortmund,Freiburg,4,0,2024-11-23 14:30:00,,None
3061,604369,61,SavedShot,0.889000015258789,0.30700000762939456,0.27233195304870605,Marcel Sabitzer,h,5248,OpenPlay,2024,RightFoot,27842,Borussia Dortmund,Bayern Munich,1,1,2024-11-30 17:30:00,Maximilian Beier,Pass
3062,606034,5,MissedShots,0.8590000152587891,0.5070000076293946,0.13508759438991547,Marcel Sabitzer,a,5248,OpenPlay,2024,RightFoot,27854,Borussia M.Gladbach,Borussia Dortmund,1,1,2024-12-07 17:30:00,Jamie Bynoe-Gittens,Pass
3063,606038,26,MissedShots,0.9490000152587891,0.47,0.4728657305240631,Marcel Sabitzer,a,5248,OpenPlay,2024,Head,27854,Borussia M.Gladbach,Borussia Dortmund,1,1,2024-12-07 17:30:00,,None
3064,516600,12,OwnGoal,0.19399999618530273,0.5729999923706055,0,Gregor Kobel,a,5288,OpenPlay,2022,RightFoot,19574,Bayern Munich,Borussia Dortmund,4,2,2023-04-01 16:30:00,,Card
3065,297349,88,MissedShots,0.725999984741211,0.455,0.018110200762748718,Nico Schlotterbeck,a,7485,OpenPlay,2018,LeftFoot,10609,RasenBallsport Leipzig,Freiburg,2,1,2019-04-27 14:30:00,Janik Haberer,Pass
3066,310629,49,BlockedShot,0.9390000152587891,0.5709999847412109,0.11716700345277786,Nico Schlotterbeck,h,7485,FromCorner,2019,LeftFoot,12405,Freiburg,Mainz 05,3,0,2019-08-17 14:30:00,Christian Günter,Pass
3067,310640,73,MissedShots,0.9219999694824219,0.715,0.03924909979104996,Nico Schlotterbeck,h,7485,SetPiece,2019,LeftFoot,12405,Freiburg,Mainz 05,3,0,2019-08-17 14:30:00,,None
3068,334352,0,SavedShot,0.8159999847412109,0.4759999847412109,0.046099498867988586,Nico Schlotterbeck,a,7485,SetPiece,2019,LeftFoot,12511,Borussia M.Gladbach,Freiburg,4,2,2019-12-01 14:30:00,,None
3069,378756,51,MissedShots,0.9009999847412109,0.35900001525878905,0.019243499264121056,Nico Schlotterbeck,a,7485,FromCorner,2020,Head,14186,Borussia M.Gladbach,Union Berlin,1,1,2020-09-26 13:30:00,Christopher Lenz,Cross
3070,378761,78,Goal,0.9009999847412109,0.555,0.055581700056791306,Nico Schlotterbeck,a,7485,FromCorner,2020,Head,14186,Borussia M.Gladbach,Union Berlin,1,1,2020-09-26 13:30:00,Marcus Ingvartsen,Cross
3071,380270,29,SavedShot,0.9730000305175781,0.6,0.40522098541259766,Nico Schlotterbeck,h,7485,OpenPlay,2020,LeftFoot,15158,Union Berlin,Mainz 05,4,0,2020-10-02 18:30:00,,None
3072,380274,46,SavedShot,0.9019999694824219,0.41900001525878905,0.014876999892294407,Nico Schlotterbeck,h,7485,FromCorner,2020,Head,15158,Union Berlin,Mainz 05,4,0,2020-10-02 18:30:00,Marcus Ingvartsen,Aerial
3073,380280,78,MissedShots,0.8930000305175781,0.48400001525878905,0.01865129917860031,Nico Schlotterbeck,h,7485,FromCorner,2020,Head,15158,Union Berlin,Mainz 05,4,0,2020-10-02 18:30:00,Marcus Ingvartsen,Aerial
3074,400379,2,MissedShots,0.9319999694824219,0.519000015258789,0.0630078986287117,Nico Schlotterbeck,a,7485,FromCorner,2020,Head,15300,Augsburg,Union Berlin,2,1,2021-01-23 14:30:00,Christopher Trimmel,Aerial
3075,401571,37,MissedShots,0.7140000152587891,0.7019999694824218,0.018619799986481667,Nico Schlotterbeck,h,7485,OpenPlay,2020,LeftFoot,15307,Union Berlin,Borussia M.Gladbach,1,1,2021-01-30 14:30:00,Robert Andrich,Pass
3076,401572,46,MissedShots,0.9290000152587891,0.46099998474121096,0.053507398813962936,Nico Schlotterbeck,h,7485,FromCorner,2020,Head,15307,Union Berlin,Borussia M.Gladbach,1,1,2021-01-30 14:30:00,Marcus Ingvartsen,Aerial
3077,405518,13,MissedShots,0.8930000305175781,0.48400001525878905,0.08599569648504257,Nico Schlotterbeck,a,7485,SetPiece,2020,Head,15331,Freiburg,Union Berlin,0,1,2021-02-20 14:30:00,Marcus Ingvartsen,Cross
3078,407126,28,OwnGoal,0.03,0.46900001525878904,0,Nico Schlotterbeck,h,7485,OpenPlay,2020,OtherBodyPart,15343,Union Berlin,Hoffenheim,1,1,2021-02-28 12:30:00,,None
3079,409891,11,MissedShots,0.9540000152587891,0.605,0.02376689948141575,Nico Schlotterbeck,h,7485,SetPiece,2020,Head,15360,Union Berlin,FC Cologne,2,1,2021-03-13 14:30:00,Christopher Trimmel,Aerial
3080,409895,25,BlockedShot,0.9069999694824219,0.5059999847412109,0.08266550302505493,Nico Schlotterbeck,h,7485,FromCorner,2020,Head,15360,Union Berlin,FC Cologne,2,1,2021-03-13 14:30:00,Christopher Trimmel,Cross
3081,409897,27,BlockedShot,0.914000015258789,0.5479999923706055,0.07896730303764343,Nico Schlotterbeck,h,7485,FromCorner,2020,Head,15360,Union Berlin,FC Cologne,2,1,2021-03-13 14:30:00,Max Kruse,Cross
3082,409900,43,SavedShot,0.9180000305175782,0.56,0.1022460013628006,Nico Schlotterbeck,h,7485,SetPiece,2020,Head,15360,Union Berlin,FC Cologne,2,1,2021-03-13 14:30:00,Max Kruse,Cross
3083,409908,77,MissedShots,0.9580000305175781,0.455,0.11534400284290314,Nico Schlotterbeck,h,7485,FromCorner,2020,RightFoot,15360,Union Berlin,FC Cologne,2,1,2021-03-13 14:30:00,Marvin Friedrich,HeadPass
3084,411349,32,MissedShots,0.879000015258789,0.5129999923706055,0.061402399092912674,Nico Schlotterbeck,a,7485,SetPiece,2020,Head,15368,Eintracht Frankfurt,Union Berlin,5,2,2021-03-20 14:30:00,Max Kruse,Cross
3085,411360,65,MissedShots,0.8040000152587891,0.7559999847412109,0.01552360039204359,Nico Schlotterbeck,a,7485,OpenPlay,2020,LeftFoot,15368,Eintracht Frankfurt,Union Berlin,5,2,2021-03-20 14:30:00,Robert Andrich,Pass
3086,413283,49,SavedShot,0.9519999694824218,0.34299999237060547,0.02179430052638054,Nico Schlotterbeck,h,7485,SetPiece,2020,RightFoot,15379,Union Berlin,Hertha Berlin,1,1,2021-04-04 16:00:00,Max Kruse,Cross
3087,415256,31,SavedShot,0.8919999694824219,0.5370000076293945,0.023820899426937103,Nico Schlotterbeck,h,7485,SetPiece,2020,Head,15398,Union Berlin,VfB Stuttgart,2,1,2021-04-17 13:30:00,Max Kruse,Aerial
3088,415264,58,BlockedShot,0.919000015258789,0.47200000762939454,0.04465639963746071,Nico Schlotterbeck,h,7485,FromCorner,2020,Head,15398,Union Berlin,VfB Stuttgart,2,1,2021-04-17 13:30:00,Christopher Trimmel,Aerial
3089,419983,47,MissedShots,0.9480000305175781,0.5029999923706054,0.13342100381851196,Nico Schlotterbeck,a,7485,FromCorner,2020,Head,15422,Wolfsburg,Union Berlin,3,0,2021-05-08 13:30:00,Christopher Trimmel,Cross
3090,421832,41,MissedShots,0.6880000305175781,0.5259999847412109,0.01381279993802309,Nico Schlotterbeck,a,7485,OpenPlay,2020,LeftFoot,15430,Bayer Leverkusen,Union Berlin,1,1,2021-05-15 13:30:00,Max Kruse,Pass
3091,423508,21,SavedShot,0.9719999694824218,0.5379999923706055,0.1416960060596466,Nico Schlotterbeck,h,7485,FromCorner,2020,Head,15442,Union Berlin,RasenBallsport Leipzig,2,1,2021-05-22 13:30:00,Christopher Trimmel,Cross
3092,425776,30,ShotOnPost,0.9290000152587891,0.5790000152587891,0.33704298734664917,Nico Schlotterbeck,a,7485,SetPiece,2021,LeftFoot,17517,Arminia Bielefeld,Freiburg,0,0,2021-08-14 13:30:00,Vincenzo Grifo,Cross
3093,425789,74,MissedShots,0.9569999694824218,0.6580000305175782,0.0630803033709526,Nico Schlotterbeck,a,7485,OpenPlay,2021,LeftFoot,17517,Arminia Bielefeld,Freiburg,0,0,2021-08-14 13:30:00,,None
3094,426896,29,SavedShot,0.91,0.5709999847412109,0.2728869915008545,Nico Schlotterbeck,h,7485,SetPiece,2021,Head,17529,Freiburg,Borussia Dortmund,2,1,2021-08-21 13:30:00,Vincenzo Grifo,Chipped
3095,428495,8,BlockedShot,0.9180000305175782,0.5220000076293946,0.045033201575279236,Nico Schlotterbeck,a,7485,FromCorner,2021,Head,17539,VfB Stuttgart,Freiburg,2,3,2021-08-28 13:30:00,Christian Günter,Aerial
3096,431265,15,MissedShots,0.9390000152587891,0.4570000076293945,0.12292999774217606,Nico Schlotterbeck,a,7485,FromCorner,2021,Head,17554,Mainz 05,Freiburg,0,0,2021-09-18 13:30:00,Christian Günter,Cross
3097,434238,65,MissedShots,0.8,0.7480000305175781,0.03099839948117733,Nico Schlotterbeck,h,7485,OpenPlay,2021,LeftFoot,17569,Freiburg,Augsburg,3,0,2021-09-26 15:30:00,Vincenzo Grifo,Pass
3098,434849,86,SavedShot,0.895,0.519000015258789,0.059034500271081924,Nico Schlotterbeck,a,7485,FromCorner,2021,Head,17572,Hertha Berlin,Freiburg,1,2,2021-10-02 13:30:00,Christian Günter,Cross
3099,436056,45,MissedShots,0.8909999847412109,0.5179999923706055,0.059107400476932526,Nico Schlotterbeck,h,7485,FromCorner,2021,Head,17582,Freiburg,RasenBallsport Leipzig,1,1,2021-10-16 13:30:00,Woo-Yeong Jeong,Cross
3100,436055,45,BlockedShot,0.9069999694824219,0.45799999237060546,0.12288700044155121,Nico Schlotterbeck,h,7485,FromCorner,2021,LeftFoot,17582,Freiburg,RasenBallsport Leipzig,1,1,2021-10-16 13:30:00,Woo-Yeong Jeong,Rebound
3101,437680,43,MissedShots,0.740999984741211,0.47299999237060547,0.024046000093221664,Nico Schlotterbeck,a,7485,OpenPlay,2021,LeftFoot,17594,Wolfsburg,Freiburg,0,2,2021-10-23 13:30:00,Woo-Yeong Jeong,Pass
3102,440961,1,MissedShots,0.9119999694824219,0.4570000076293945,0.07884790003299713,Nico Schlotterbeck,a,7485,FromCorner,2021,Head,17614,Bayern Munich,Freiburg,2,1,2021-11-06 14:30:00,Christian Günter,Cross
3103,443912,5,MissedShots,0.9159999847412109,0.49900001525878906,0.3260340094566345,Nico Schlotterbeck,a,7485,SetPiece,2021,Head,17625,Bochum,Freiburg,2,1,2021-11-27 14:30:00,Vincenzo Grifo,Cross
3104,443924,44,SavedShot,0.8719999694824219,0.62,0.04093100130558014,Nico Schlotterbeck,a,7485,FromCorner,2021,LeftFoot,17625,Bochum,Freiburg,2,1,2021-11-27 14:30:00,Christian Günter,Cross
3105,443933,63,BlockedShot,0.8930000305175781,0.3940000152587891,0.06402859836816788,Nico Schlotterbeck,a,7485,FromCorner,2021,LeftFoot,17625,Bochum,Freiburg,2,1,2021-11-27 14:30:00,Maximilian Eggestein,Pass
3106,447032,36,Goal,0.9319999694824219,0.48400001525878905,0.448186993598938,Nico Schlotterbeck,a,7485,SetPiece,2021,Head,17638,Borussia M.Gladbach,Freiburg,0,6,2021-12-05 16:30:00,Vincenzo Grifo,Cross
3107,447035,59,BlockedShot,0.875,0.625,0.039580799639225006,Nico Schlotterbeck,a,7485,FromCorner,2021,LeftFoot,17638,Borussia M.Gladbach,Freiburg,0,6,2021-12-05 16:30:00,Christian Günter,Cross
3108,447626,20,Goal,0.919000015258789,0.5109999847412109,0.32602500915527344,Nico Schlotterbeck,h,7485,FromCorner,2021,Head,17646,Freiburg,Hoffenheim,1,2,2021-12-11 14:30:00,Vincenzo Grifo,Cross
3109,449036,20,MissedShots,0.754000015258789,0.7419999694824219,0.016840100288391113,Nico Schlotterbeck,a,7485,OpenPlay,2021,LeftFoot,17656,Union Berlin,Freiburg,0,0,2021-12-15 19:30:00,Keven Schlotterbeck,Pass
3110,449759,0,SavedShot,0.975,0.5970000076293945,0.07965169847011566,Nico Schlotterbeck,h,7485,OpenPlay,2021,LeftFoot,17665,Freiburg,Bayer Leverkusen,2,1,2021-12-19 14:30:00,Woo-Yeong Jeong,Cross
3111,449774,48,BlockedShot,0.91,0.645,0.0600333996117115,Nico Schlotterbeck,h,7485,FromCorner,2021,LeftFoot,17665,Freiburg,Bayer Leverkusen,2,1,2021-12-19 14:30:00,,None
3112,454536,55,SavedShot,0.8869999694824219,0.5820000076293945,0.02713480032980442,Nico Schlotterbeck,h,7485,FromCorner,2021,Head,17691,Freiburg,VfB Stuttgart,2,0,2022-01-22 14:30:00,Vincenzo Grifo,Cross
3113,458177,8,MissedShots,0.9280000305175782,0.59,0.05885099992156029,Nico Schlotterbeck,a,7485,FromCorner,2021,Head,17717,Augsburg,Freiburg,1,2,2022-02-19 14:30:00,Vincenzo Grifo,Cross
3114,458185,25,Goal,0.960999984741211,0.47400001525878904,0.6149759888648987,Nico Schlotterbeck,a,7485,SetPiece,2021,LeftFoot,17717,Augsburg,Freiburg,1,2,2022-02-19 14:30:00,,None
3115,460941,10,SavedShot,0.7190000152587891,0.509000015258789,0.01641779951751232,Nico Schlotterbeck,a,7485,OpenPlay,2021,LeftFoot,17739,RasenBallsport Leipzig,Freiburg,1,1,2022-03-05 14:30:00,Ermedin Demirovic,Pass
3116,462468,50,SavedShot,0.9440000152587891,0.4979999923706055,0.08770350366830826,Nico Schlotterbeck,h,7485,FromCorner,2021,Head,17744,Freiburg,Wolfsburg,3,2,2022-03-12 14:30:00,Ermedin Demirovic,Aerial
3117,462485,86,Goal,0.8180000305175781,0.4779999923706055,0.060343798249959946,Nico Schlotterbeck,h,7485,OpenPlay,2021,LeftFoot,17744,Freiburg,Wolfsburg,3,2,2022-03-12 14:30:00,Nils Petersen,BallTouch
3118,465030,43,MissedShots,0.8590000152587891,0.5220000076293946,0.029975799843668938,Nico Schlotterbeck,h,7485,SetPiece,2021,Head,17762,Freiburg,Bayern Munich,1,4,2022-04-02 13:30:00,Christian Günter,Cross
3119,468016,59,SavedShot,0.9180000305175782,0.48700000762939455,0.5595149993896484,Nico Schlotterbeck,h,7485,SetPiece,2021,RightFoot,17781,Freiburg,Bochum,3,0,2022-04-16 13:30:00,Roland Sallai,Pass
3120,469922,38,MissedShots,0.9290000152587891,0.5070000076293946,0.07200080156326294,Nico Schlotterbeck,h,7485,SetPiece,2021,Head,17790,Freiburg,Borussia M.Gladbach,3,3,2022-04-23 13:30:00,Christian Günter,Aerial
3121,469931,74,MissedShots,0.7169999694824218,0.645,0.010013099759817123,Nico Schlotterbeck,h,7485,OpenPlay,2021,LeftFoot,17790,Freiburg,Borussia M.Gladbach,3,3,2022-04-23 13:30:00,,None
3122,471849,40,MissedShots,0.9540000152587891,0.41900001525878905,0.0417557992041111,Nico Schlotterbeck,a,7485,FromCorner,2021,Head,17798,Hoffenheim,Freiburg,3,4,2022-04-30 16:30:00,Vincenzo Grifo,Aerial
3123,473073,55,SavedShot,0.6759999847412109,0.5320000076293945,0.008293479681015015,Nico Schlotterbeck,h,7485,OpenPlay,2021,LeftFoot,17809,Freiburg,Union Berlin,1,4,2022-05-07 13:30:00,Nicolas Höfler,Pass
3124,475617,12,MissedShots,0.9480000305175781,0.6029999923706054,0.026506900787353516,Nico Schlotterbeck,a,7485,SetPiece,2021,Head,17819,Bayer Leverkusen,Freiburg,2,1,2022-05-14 13:30:00,Lukas Kübler,Aerial
3125,475618,14,SavedShot,0.935,0.575,0.29778099060058594,Nico Schlotterbeck,a,7485,SetPiece,2021,Head,17819,Bayer Leverkusen,Freiburg,2,1,2022-05-14 13:30:00,Vincenzo Grifo,Chipped
3126,489944,68,SavedShot,0.9209999847412109,0.3940000152587891,0.014092800207436085,Nico Schlotterbeck,a,7485,FromCorner,2022,Head,19408,FC Cologne,Borussia Dortmund,3,2,2022-10-01 13:30:00,Donyell Malen,Aerial
3127,493829,84,BlockedShot,0.870999984741211,0.4640000152587891,0.02550720050930977,Nico Schlotterbeck,a,7485,FromCorner,2022,Head,19425,Union Berlin,Borussia Dortmund,2,0,2022-10-16 15:30:00,Thorgan Hazard,Cross
3128,493831,88,BlockedShot,0.7330000305175781,0.485,0.012150200083851814,Nico Schlotterbeck,a,7485,SetPiece,2022,RightFoot,19425,Union Berlin,Borussia Dortmund,2,0,2022-10-16 15:30:00,,None
3129,498995,9,MissedShots,0.904000015258789,0.6029999923706054,0.013180299662053585,Nico Schlotterbeck,a,7485,FromCorner,2022,Head,19464,Wolfsburg,Borussia Dortmund,2,0,2022-11-08 17:30:00,Julian Brandt,Aerial
3130,499021,69,MissedShots,0.6909999847412109,0.6859999847412109,0.012609300203621387,Nico Schlotterbeck,a,7485,OpenPlay,2022,LeftFoot,19464,Wolfsburg,Borussia Dortmund,2,0,2022-11-08 17:30:00,Mats Hummels,Pass
3131,499023,79,MissedShots,0.8040000152587891,0.5220000076293946,0.047465499490499496,Nico Schlotterbeck,a,7485,OpenPlay,2022,RightFoot,19464,Wolfsburg,Borussia Dortmund,2,0,2022-11-08 17:30:00,Julian Brandt,Pass
3132,499757,39,Goal,0.97,0.45299999237060545,0.6344410181045532,Nico Schlotterbeck,a,7485,FromCorner,2022,LeftFoot,19472,Borussia M.Gladbach,Borussia Dortmund,4,2,2022-11-11 19:30:00,,Rebound
3133,504992,34,MissedShots,0.705,0.7190000152587891,0.015978699550032616,Nico Schlotterbeck,h,7485,OpenPlay,2022,LeftFoot,19477,Borussia Dortmund,Augsburg,4,3,2023-01-22 14:30:00,Mats Hummels,Pass
3134,504995,41,Goal,0.9180000305175782,0.48400001525878905,0.34149399399757385,Nico Schlotterbeck,h,7485,SetPiece,2022,Head,19477,Borussia Dortmund,Augsburg,4,3,2023-01-22 14:30:00,Julian Brandt,Cross
3135,506294,29,BlockedShot,0.7519999694824219,0.545,0.023809300735592842,Nico Schlotterbeck,a,7485,OpenPlay,2022,LeftFoot,19496,Bayer Leverkusen,Borussia Dortmund,0,2,2023-01-29 16:30:00,Emre Can,Pass
3136,506974,25,Goal,0.9680000305175781,0.65,0.046330999583005905,Nico Schlotterbeck,h,7485,FromCorner,2022,LeftFoot,19504,Borussia Dortmund,Freiburg,5,1,2023-02-04 14:30:00,,BallTouch
3137,506983,53,BlockedShot,0.784000015258789,0.69,0.03153330087661743,Nico Schlotterbeck,h,7485,OpenPlay,2022,LeftFoot,19504,Borussia Dortmund,Freiburg,5,1,2023-02-04 14:30:00,Niklas Süle,Pass
3138,508267,48,MissedShots,0.9130000305175782,0.48200000762939454,0.0387302003800869,Nico Schlotterbeck,a,7485,FromCorner,2022,Head,19521,Werder Bremen,Borussia Dortmund,0,2,2023-02-11 14:30:00,Julian Brandt,Aerial
3139,510728,18,MissedShots,0.970999984741211,0.445,0.44247201085090637,Nico Schlotterbeck,a,7485,FromCorner,2022,Head,19536,Hoffenheim,Borussia Dortmund,0,1,2023-02-25 14:30:00,Niklas Süle,Rebound
3140,510730,33,MissedShots,0.92,0.46799999237060547,0.044665198773145676,Nico Schlotterbeck,a,7485,FromCorner,2022,Head,19536,Hoffenheim,Borussia Dortmund,0,1,2023-02-25 14:30:00,Julian Brandt,Aerial
3141,510737,40,SavedShot,0.9780000305175781,0.4159999847412109,0.42086800932884216,Nico Schlotterbeck,a,7485,FromCorner,2022,LeftFoot,19536,Hoffenheim,Borussia Dortmund,0,1,2023-02-25 14:30:00,Sébastien Haller,Rebound
3142,513721,37,Goal,0.7969999694824219,0.6559999847412109,0.029480699449777603,Nico Schlotterbeck,a,7485,OpenPlay,2022,LeftFoot,19556,Schalke 04,Borussia Dortmund,2,2,2023-03-11 17:30:00,Raphael Guerreiro,Pass
3143,513739,89,BlockedShot,0.7869999694824219,0.5620000076293945,0.022820500656962395,Nico Schlotterbeck,a,7485,OpenPlay,2022,LeftFoot,19556,Schalke 04,Borussia Dortmund,2,2,2023-03-11 17:30:00,Raphael Guerreiro,TakeOn
3144,534591,42,MissedShots,0.9180000305175782,0.525,0.12016551941633224,Nico Schlotterbeck,a,7485,SetPiece,2023,Head,23077,Bochum,Borussia Dortmund,1,1,2023-08-26 13:30:00,Julian Brandt,Cross
3145,537554,45,BlockedShot,0.9119999694824219,0.5820000076293945,0.05946095660328865,Nico Schlotterbeck,a,7485,FromCorner,2023,LeftFoot,23094,Freiburg,Borussia Dortmund,2,4,2023-09-16 13:30:00,Julian Brandt,Cross
3146,538990,45,SavedShot,0.9259999847412109,0.40900001525878904,0.29481762647628784,Nico Schlotterbeck,h,7485,SetPiece,2023,LeftFoot,23105,Borussia Dortmund,Wolfsburg,1,0,2023-09-23 13:30:00,Julian Brandt,Cross
3147,542598,35,MissedShots,0.950999984741211,0.5940000152587891,0.07382550090551376,Nico Schlotterbeck,h,7485,SetPiece,2023,LeftFoot,23120,Borussia Dortmund,Union Berlin,4,2,2023-10-07 13:30:00,Marco Reus,Cross
3148,542603,48,Goal,0.7759999847412109,0.7430000305175781,0.01775294356048107,Nico Schlotterbeck,h,7485,OpenPlay,2023,LeftFoot,23120,Borussia Dortmund,Union Berlin,4,2,2023-10-07 13:30:00,Felix Nmecha,Pass
3149,543588,23,MissedShots,0.919000015258789,0.5420000076293945,0.043365202844142914,Nico Schlotterbeck,h,7485,FromCorner,2023,Head,23128,Borussia Dortmund,Werder Bremen,1,0,2023-10-20 18:30:00,,Aerial
3150,543591,35,BlockedShot,0.8980000305175782,0.5720000076293945,0.015192154794931412,Nico Schlotterbeck,h,7485,FromCorner,2023,Head,23128,Borussia Dortmund,Werder Bremen,1,0,2023-10-20 18:30:00,Julian Brandt,Aerial
3151,543606,86,MissedShots,0.7930000305175782,0.7130000305175781,0.029840458184480667,Nico Schlotterbeck,h,7485,OpenPlay,2023,LeftFoot,23128,Borussia Dortmund,Werder Bremen,1,0,2023-10-20 18:30:00,,BallRecovery
3152,546139,9,MissedShots,0.8969999694824219,0.5479999923706055,0.30265042185783386,Nico Schlotterbeck,a,7485,SetPiece,2023,LeftFoot,23140,Eintracht Frankfurt,Borussia Dortmund,3,3,2023-10-29 14:30:00,Marco Reus,Cross
3153,547027,52,BlockedShot,0.740999984741211,0.615,0.015718216076493263,Nico Schlotterbeck,h,7485,OpenPlay,2023,LeftFoot,23146,Borussia Dortmund,Bayern Munich,0,4,2023-11-04 17:30:00,Salih Özcan,Pass
3154,547029,56,BlockedShot,0.7709999847412109,0.5720000076293945,0.02385145239531994,Nico Schlotterbeck,h,7485,OpenPlay,2023,LeftFoot,23146,Borussia Dortmund,Bayern Munich,0,4,2023-11-04 17:30:00,Julian Ryerson,Pass
3155,553147,49,MissedShots,0.8730000305175781,0.4759999847412109,0.028824929147958755,Nico Schlotterbeck,h,7485,FromCorner,2023,Head,23182,Borussia Dortmund,RasenBallsport Leipzig,2,3,2023-12-09 17:30:00,Julian Brandt,Cross
3156,553166,91,BlockedShot,0.7919999694824219,0.5720000076293945,0.026858309283852577,Nico Schlotterbeck,h,7485,OpenPlay,2023,RightFoot,23182,Borussia Dortmund,RasenBallsport Leipzig,2,3,2023-12-09 17:30:00,,TakeOn
3157,554180,58,MissedShots,0.875,0.5229999923706055,0.031327806413173676,Nico Schlotterbeck,a,7485,FromCorner,2023,Head,23198,Augsburg,Borussia Dortmund,1,1,2023-12-16 14:30:00,Julian Brandt,Cross
3158,555274,70,MissedShots,0.924000015258789,0.585,0.06082802265882492,Nico Schlotterbeck,h,7485,FromCorner,2023,Head,23200,Borussia Dortmund,Mainz 05,1,1,2023-12-19 19:30:00,Julian Brandt,Cross
3159,558257,65,SavedShot,0.960999984741211,0.28600000381469726,0.05535972863435745,Nico Schlotterbeck,a,7485,OpenPlay,2023,LeftFoot,23217,Darmstadt,Borussia Dortmund,0,3,2024-01-13 17:30:00,Donyell Malen,Pass
3160,560352,41,MissedShots,0.950999984741211,0.4129999923706055,0.04687989503145218,Nico Schlotterbeck,h,7485,FromCorner,2023,Head,23227,Borussia Dortmund,Bochum,3,1,2024-01-28 16:30:00,,None
3161,560353,44,OwnGoal,0.06699999809265136,0.4420000076293945,0,Nico Schlotterbeck,h,7485,OpenPlay,2023,LeftFoot,23227,Borussia Dortmund,Bochum,3,1,2024-01-28 16:30:00,,None
3162,560354,47,MissedShots,0.9269999694824219,0.45,0.05327032878994942,Nico Schlotterbeck,h,7485,FromCorner,2023,Head,23227,Borussia Dortmund,Bochum,3,1,2024-01-28 16:30:00,,None
3163,560885,48,BlockedShot,0.914000015258789,0.44,0.07036267220973969,Nico Schlotterbeck,a,7485,FromCorner,2023,Head,23243,FC Heidenheim,Borussia Dortmund,0,0,2024-02-02 19:30:00,Marcel Sabitzer,Cross
3164,560892,78,SavedShot,0.789000015258789,0.6480000305175782,0.029888270422816277,Nico Schlotterbeck,a,7485,OpenPlay,2023,RightFoot,23243,FC Heidenheim,Borussia Dortmund,0,0,2024-02-02 19:30:00,Emre Can,BallTouch
3165,565803,24,Goal,0.975999984741211,0.48,0.7410977482795715,Nico Schlotterbeck,h,7485,SetPiece,2023,Head,23270,Borussia Dortmund,Hoffenheim,2,3,2024-02-25 16:30:00,Marco Reus,Cross
3166,565813,68,MissedShots,0.9169999694824219,0.4879999923706055,0.04923766106367111,Nico Schlotterbeck,h,7485,FromCorner,2023,Head,23270,Borussia Dortmund,Hoffenheim,2,3,2024-02-25 16:30:00,,Aerial
3167,566510,34,SavedShot,0.9680000305175781,0.5659999847412109,0.5552330017089844,Nico Schlotterbeck,a,7485,FromCorner,2023,LeftFoot,23272,Union Berlin,Borussia Dortmund,0,2,2024-03-02 14:30:00,Karim Adeyemi,Rebound
3168,572593,80,MissedShots,0.98,0.5420000076293945,0.6866915225982666,Nico Schlotterbeck,h,7485,FromCorner,2023,LeftFoot,23308,Borussia Dortmund,VfB Stuttgart,0,1,2024-04-06 16:30:00,,None
3169,578358,69,MissedShots,0.7980000305175782,0.7469999694824219,0.017837749794125557,Nico Schlotterbeck,h,7485,OpenPlay,2023,LeftFoot,23344,Borussia Dortmund,Augsburg,5,1,2024-05-04 13:30:00,,None
3170,578363,83,MissedShots,0.980999984741211,0.66,0.08595839142799377,Nico Schlotterbeck,h,7485,OpenPlay,2023,LeftFoot,23344,Borussia Dortmund,Augsburg,5,1,2024-05-04 13:30:00,Jamie Bynoe-Gittens,Pass
3171,586322,19,BlockedShot,0.8109999847412109,0.7390000152587891,0.016330625861883163,Nico Schlotterbeck,h,7485,OpenPlay,2024,LeftFoot,27748,Borussia Dortmund,Eintracht Frankfurt,2,0,2024-08-24 16:30:00,Karim Adeyemi,Rebound
3172,586338,64,MissedShots,0.705999984741211,0.6459999847412109,0.009876078926026821,Nico Schlotterbeck,h,7485,OpenPlay,2024,LeftFoot,27748,Borussia Dortmund,Eintracht Frankfurt,2,0,2024-08-24 16:30:00,,None
3173,589107,62,SavedShot,0.9519999694824218,0.4279999923706055,0.358583927154541,Nico Schlotterbeck,a,7485,SetPiece,2024,Head,27753,Werder Bremen,Borussia Dortmund,0,0,2024-08-31 13:30:00,Pascal Groß,Cross
3174,600287,58,SavedShot,0.91,0.455,0.10495904833078384,Nico Schlotterbeck,h,7485,FromCorner,2024,LeftFoot,27816,Borussia Dortmund,RasenBallsport Leipzig,2,1,2024-11-02 17:30:00,Serhou Guirassy,HeadPass
3175,601347,82,MissedShots,0.914000015258789,0.5729999923706055,0.08732997626066208,Nico Schlotterbeck,a,7485,SetPiece,2024,RightFoot,27828,Mainz 05,Borussia Dortmund,3,1,2024-11-09 14:30:00,,BallTouch
3176,607649,21,MissedShots,0.9590000152587891,0.5570000076293945,0.09419135749340057,Nico Schlotterbeck,h,7485,SetPiece,2024,LeftFoot,27860,Borussia Dortmund,Hoffenheim,1,1,2024-12-15 16:30:00,Pascal Groß,Cross
3177,481169,13,BlockedShot,0.715999984741211,0.7130000305175781,0.020876899361610413,Yan Couto,a,10946,FromCorner,2022,RightFoot,18967,Valencia,Girona,1,0,2022-08-14 17:30:00,Valery Fernández,TakeOn
3178,497293,43,MissedShots,0.8190000152587891,0.34599998474121096,0.038318000733852386,Yan Couto,a,10946,OpenPlay,2022,LeftFoot,19081,Real Madrid,Girona,1,1,2022-10-30 15:15:00,Yangel Herrera,Pass
3179,501339,36,MissedShots,0.7819999694824219,0.4129999923706055,0.029736800119280815,Yan Couto,h,10946,OpenPlay,2022,LeftFoot,19106,Girona,Rayo Vallecano,2,2,2022-12-29 16:00:00,,None
3180,503654,91,MissedShots,0.774000015258789,0.28899999618530275,0.024022599682211876,Yan Couto,h,10946,OpenPlay,2022,RightFoot,19126,Girona,Sevilla,2,1,2023-01-14 15:15:00,Aleix García,Pass
3181,505817,2,BlockedShot,0.9059999847412109,0.3129999923706055,0.10837999731302261,Yan Couto,h,10946,OpenPlay,2022,RightFoot,19147,Girona,Barcelona,0,1,2023-01-28 15:15:00,Rodrigo Riquelme,Throughball
3182,521885,45,MissedShots,0.8619999694824219,0.28899999618530275,0.06838645040988922,Yan Couto,h,10946,OpenPlay,2022,RightFoot,19268,Girona,Real Madrid,4,2,2023-04-25 17:30:00,Viktor Tsygankov,Pass
3183,525755,8,MissedShots,0.8880000305175781,0.3220000076293945,0.050595615059137344,Yan Couto,a,10946,OpenPlay,2022,RightFoot,19292,Real Sociedad,Girona,2,2,2023-05-13 12:00:00,,BallTouch
3184,525762,36,Goal,0.8590000152587891,0.3340000152587891,0.049267109483480453,Yan Couto,a,10946,OpenPlay,2022,LeftFoot,19292,Real Sociedad,Girona,2,2,2023-05-13 12:00:00,Viktor Tsygankov,Pass
3185,532175,46,BlockedShot,0.7140000152587891,0.6580000305175782,0.017788948491215706,Yan Couto,a,10946,FromCorner,2023,RightFoot,22687,Real Sociedad,Girona,1,1,2023-08-12 15:00:00,Aleix García,Pass
3186,536729,68,MissedShots,0.8209999847412109,0.36900001525878906,0.0428447462618351,Yan Couto,h,10946,OpenPlay,2023,RightFoot,22719,Girona,Las Palmas,1,0,2023-09-03 12:00:00,Viktor Tsygankov,Pass
3187,538721,88,Goal,0.895,0.39799999237060546,0.10670893639326096,Yan Couto,a,10946,OpenPlay,2023,LeftFoot,22732,Granada,Girona,2,4,2023-09-18 19:00:00,Cristhian Stuani,BallTouch
3188,538872,18,BlockedShot,0.7480000305175781,0.5670000076293945,0.021231282502412796,Yan Couto,h,10946,FromCorner,2023,LeftFoot,22739,Girona,Mallorca,5,3,2023-09-23 12:00:00,Aleix García,TakeOn
3189,540325,90,MissedShots,0.8480000305175781,0.3659999847412109,0.06474757939577103,Yan Couto,a,10946,OpenPlay,2023,LeftFoot,22751,Villarreal,Girona,1,2,2023-09-27 17:00:00,Cristhian Stuani,Pass
3190,541448,72,MissedShots,0.7709999847412109,0.485,0.024105122312903404,Yan Couto,h,10946,OpenPlay,2023,RightFoot,22760,Girona,Real Madrid,0,3,2023-09-30 16:30:00,,None
3191,542446,63,SavedShot,0.7440000152587891,0.2620000076293945,0.019756751134991646,Yan Couto,a,10946,OpenPlay,2023,RightFoot,22766,Cadiz,Girona,0,1,2023-10-07 12:00:00,Iván Martín,Pass
3192,544697,16,BlockedShot,0.8669999694824219,0.3529999923706055,0.06064402312040329,Yan Couto,h,10946,OpenPlay,2023,LeftFoot,22776,Girona,Almeria,5,2,2023-10-22 14:15:00,Iván Martín,Pass
3193,544712,57,SavedShot,0.7280000305175781,0.3659999847412109,0.020983239635825157,Yan Couto,h,10946,FromCorner,2023,LeftFoot,22776,Girona,Almeria,5,2,2023-10-22 14:15:00,Iván Martín,Pass
3194,545184,65,MissedShots,0.9030000305175782,0.345,0.0939180999994278,Yan Couto,h,10946,OpenPlay,2023,RightFoot,22792,Girona,Celta Vigo,1,0,2023-10-27 19:00:00,Sávio,Pass
3195,546610,61,MissedShots,0.8290000152587891,0.63,0.03547768294811249,Yan Couto,a,10946,FromCorner,2023,LeftFoot,22802,Osasuna,Girona,2,4,2023-11-04 13:00:00,,None
3196,546611,63,MissedShots,0.8109999847412109,0.5970000076293945,0.03259647637605667,Yan Couto,a,10946,FromCorner,2023,RightFoot,22802,Osasuna,Girona,2,4,2023-11-04 13:00:00,Yangel Herrera,BallTouch
3197,553837,60,MissedShots,0.8680000305175781,0.305,0.04972017928957939,Yan Couto,a,10946,OpenPlay,2023,LeftFoot,22835,Barcelona,Girona,2,4,2023-12-10 20:00:00,Miguel Gutiérrez,Pass
3198,555187,22,SavedShot,0.87,0.32299999237060545,0,Yan Couto,h,10946,OpenPlay,2023,LeftFoot,22854,Girona,Alaves,3,0,2023-12-18 20:00:00,Aleix García,BallTouch
3199,555848,0,MissedShots,0.6880000305175781,0.32299999237060545,0.012153225019574165,Yan Couto,a,10946,OpenPlay,2023,RightFoot,22857,Real Betis,Girona,1,1,2023-12-21 18:00:00,Iván Martín,Pass
3200,557433,37,SavedShot,0.8580000305175781,0.615,0.12555845081806183,Yan Couto,h,10946,OpenPlay,2023,LeftFoot,22869,Girona,Atletico Madrid,4,3,2024-01-03 20:30:00,Pablo Torre,Throughball
3201,557450,72,SavedShot,0.9009999847412109,0.26899999618530274,0.03524628281593323,Yan Couto,h,10946,OpenPlay,2023,RightFoot,22869,Girona,Atletico Madrid,4,3,2024-01-03 20:30:00,Iván Martín,TakeOn
3202,559480,78,SavedShot,0.8209999847412109,0.355,0.07311224937438965,Yan Couto,h,10946,OpenPlay,2023,LeftFoot,22886,Girona,Sevilla,5,1,2024-01-21 20:00:00,Portu,TakeOn
3203,560140,56,MissedShots,0.725999984741211,0.25299999237060544,0.015093003399670124,Yan Couto,a,10946,OpenPlay,2023,RightFoot,22897,Celta Vigo,Girona,0,1,2024-01-28 13:00:00,Portu,Pass
3204,560143,78,BlockedShot,0.8069999694824219,0.38599998474121094,0.0475102998316288,Yan Couto,a,10946,OpenPlay,2023,LeftFoot,22897,Celta Vigo,Girona,0,1,2024-01-28 13:00:00,Iván Martín,Pass
3205,562704,85,MissedShots,0.7919999694824219,0.34200000762939453,0.021519577130675316,Yan Couto,a,10946,OpenPlay,2023,LeftFoot,22923,Real Madrid,Girona,4,0,2024-02-10 17:30:00,,None
3206,566045,42,MissedShots,0.759000015258789,0.27899999618530275,0.018084540963172913,Yan Couto,h,10946,OpenPlay,2023,RightFoot,22938,Girona,Rayo Vallecano,3,0,2024-02-26 20:00:00,David López,Pass
3207,567431,90,SavedShot,0.840999984741211,0.26799999237060546,0.029225418344140053,Yan Couto,a,10946,OpenPlay,2023,LeftFoot,22950,Mallorca,Girona,1,0,2024-03-03 17:30:00,Artem Dovbyk,Pass
3208,568342,78,SavedShot,0.874000015258789,0.33,0.06668360531330109,Yan Couto,h,10946,OpenPlay,2023,LeftFoot,22958,Girona,Osasuna,2,0,2024-03-09 20:00:00,Iván Martín,Pass
3209,568346,90,SavedShot,0.9080000305175782,0.3340000152587891,0.4079208970069885,Yan Couto,h,10946,OpenPlay,2023,RightFoot,22958,Girona,Osasuna,2,0,2024-03-09 20:00:00,Jhon Solis,Throughball
3210,571378,38,SavedShot,0.7780000305175782,0.35400001525878905,0.028546351939439774,Yan Couto,h,10946,FromCorner,2023,RightFoot,22983,Girona,Real Betis,3,2,2024-03-31 15:15:00,,Rebound
3211,575266,13,MissedShots,0.945,0.30200000762939455,0.23320160806179047,Yan Couto,h,10946,OpenPlay,2023,RightFoot,23002,Girona,Cadiz,4,1,2024-04-20 19:00:00,Miguel Gutiérrez,Cross
3212,575274,46,MissedShots,0.8440000152587891,0.20200000762939452,0.03130310773849487,Yan Couto,h,10946,OpenPlay,2023,LeftFoot,23002,Girona,Cadiz,4,1,2024-04-20 19:00:00,Yangel Herrera,Pass
3213,579631,90,MissedShots,0.845,0.22299999237060547,0.029256576672196388,Yan Couto,a,10946,OpenPlay,2023,LeftFoot,23030,Alaves,Girona,2,2,2024-05-10 19:00:00,Arnau Martinez,Pass
3214,595383,18,SavedShot,0.7969999694824219,0.33299999237060546,0.025240633636713028,Yan Couto,a,10946,OpenPlay,2024,LeftFoot,27791,Union Berlin,Borussia Dortmund,2,1,2024-10-05 13:30:00,Julian Brandt,Pass
3215,602768,86,MissedShots,0.7469999694824219,0.34599998474121096,0.014768810011446476,Yan Couto,h,10946,FromCorner,2024,RightFoot,27835,Borussia Dortmund,Freiburg,4,0,2024-11-23 14:30:00,,None
3216,528905,88,MissedShots,0.7880000305175782,0.7230000305175781,0.020404910668730736,Julien Duranville,h,11585,OpenPlay,2022,RightFoot,19639,Borussia Dortmund,Mainz 05,2,2,2023-05-27 13:30:00,Giovanni Reyna,Pass
3217,593673,82,MissedShots,0.855,0.6379999923706055,0.0882754996418953,Julien Duranville,h,11585,OpenPlay,2024,RightFoot,27778,Borussia Dortmund,Bochum,4,2,2024-09-27 18:30:00,Serhou Guirassy,Pass
