,id,minute,result,X,Y,xG,player,h_a,player_id,situation,season,shotType,match_id,h_team,a_team,h_goals,a_goals,date,player_assisted,lastAction
0,363407,85,SavedShot,0.9780000305175781,0.3120000076293945,0.06925970315933228,Omar Marmoush,a,8393,OpenPlay,2019,RightFoot,12654,Bayer Leverkusen,Wolfsburg,1,4,2020-05-26 18:30:00,Wout Weghorst,Pass
1,425684,92,MissedShots,0.7169999694824218,0.8569999694824219,0.14448100328445435,Omar Marmoush,h,8393,OpenPlay,2021,RightFoot,17521,Wolfsburg,Bochum,1,0,2021-08-14 13:30:00,,None
2,454261,16,SavedShot,0.9640000152587891,0.6580000305175782,0.27575400471687317,Omar Marmoush,a,8393,OpenPlay,2021,RightFoot,17549,Eintracht Frankfurt,VfB Stuttgart,1,1,2021-09-12 13:30:00,Philipp Klement,TakeOn
3,454269,50,MissedShots,0.955999984741211,0.3120000076293945,0.06032799929380417,Omar Marmoush,a,8393,OpenPlay,2021,RightFoot,17549,Eintracht Frankfurt,VfB Stuttgart,1,1,2021-09-12 13:30:00,Roberto Massimo,BallTouch
4,454273,75,BlockedShot,0.879000015258789,0.36,0.0799356997013092,Omar Marmoush,a,8393,OpenPlay,2021,RightFoot,17549,Eintracht Frankfurt,VfB Stuttgart,1,1,2021-09-12 13:30:00,Atakan Karazor,Pass
5,454278,87,Goal,0.93,0.48700000762939455,0.5316010117530823,Omar Marmoush,a,8393,OpenPlay,2021,RightFoot,17549,Eintracht Frankfurt,VfB Stuttgart,1,1,2021-09-12 13:30:00,,None
6,454277,87,BlockedShot,0.894000015258789,0.43599998474121093,0.07815290242433548,Omar Marmoush,a,8393,OpenPlay,2021,RightFoot,17549,Eintracht Frankfurt,VfB Stuttgart,1,1,2021-09-12 13:30:00,Tanguy Coulibaly,HeadPass
7,431902,50,SavedShot,0.950999984741211,0.5720000076293945,0.12094999849796295,Omar Marmoush,h,8393,OpenPlay,2021,Head,17558,VfB Stuttgart,Bayer Leverkusen,1,3,2021-09-19 13:30:00,Borna Sosa,Cross
8,431903,53,MissedShots,0.7430000305175781,0.7269999694824218,0.016746699810028076,Omar Marmoush,h,8393,OpenPlay,2021,RightFoot,17558,VfB Stuttgart,Bayer Leverkusen,1,3,2021-09-19 13:30:00,Atakan Karazor,Pass
9,431912,78,MissedShots,0.9519999694824218,0.6029999923706054,0.10885600000619888,Omar Marmoush,h,8393,OpenPlay,2021,RightFoot,17558,VfB Stuttgart,Bayer Leverkusen,1,3,2021-09-19 13:30:00,Borna Sosa,Pass
10,434120,59,MissedShots,0.95,0.2929999923706055,0.06956420093774796,Omar Marmoush,a,8393,OpenPlay,2021,RightFoot,17568,Bochum,VfB Stuttgart,0,0,2021-09-26 13:30:00,Chris Führich,Pass
11,434816,38,MissedShots,0.9569999694824218,0.6509999847412109,0.09212379902601242,Omar Marmoush,h,8393,OpenPlay,2021,RightFoot,17574,VfB Stuttgart,Hoffenheim,3,1,2021-10-02 13:30:00,,Dispossessed
12,434819,49,MissedShots,0.7530000305175781,0.5640000152587891,0.028732599690556526,Omar Marmoush,h,8393,OpenPlay,2021,RightFoot,17574,VfB Stuttgart,Hoffenheim,3,1,2021-10-02 13:30:00,Chris Führich,Pass
13,443639,2,SavedShot,0.8969999694824219,0.7180000305175781,0.030829500406980515,Omar Marmoush,h,8393,OpenPlay,2021,LeftFoot,17628,VfB Stuttgart,Mainz 05,2,1,2021-11-26 19:30:00,Hiroki Ito,TakeOn
14,446885,14,Goal,0.855999984741211,0.49700000762939456,0.3119469881057739,Omar Marmoush,h,8393,OpenPlay,2021,RightFoot,17637,VfB Stuttgart,Hertha Berlin,2,2,2021-12-05 14:30:00,Waldemar Anton,Pass
15,446888,21,SavedShot,0.895,0.33599998474121096,0.10244099795818329,Omar Marmoush,h,8393,OpenPlay,2021,LeftFoot,17637,VfB Stuttgart,Hertha Berlin,2,2,2021-12-05 14:30:00,Hiroki Ito,Chipped
16,446905,84,MissedShots,0.7859999847412109,0.5840000152587891,0.03142609819769859,Omar Marmoush,h,8393,OpenPlay,2021,RightFoot,17637,VfB Stuttgart,Hertha Berlin,2,2,2021-12-05 14:30:00,,None
17,447926,57,BlockedShot,0.8680000305175781,0.68,0.05990530177950859,Omar Marmoush,a,8393,OpenPlay,2021,RightFoot,17648,Wolfsburg,VfB Stuttgart,0,2,2021-12-11 17:30:00,Orel Mangala,Pass
18,447932,78,ShotOnPost,0.885,0.5,0.7577769756317139,Omar Marmoush,a,8393,Penalty,2021,RightFoot,17648,Wolfsburg,VfB Stuttgart,0,2,2021-12-11 17:30:00,,Standard
19,448774,24,MissedShots,0.874000015258789,0.28899999618530275,0.24311700463294983,Omar Marmoush,h,8393,OpenPlay,2021,RightFoot,17654,VfB Stuttgart,Bayern Munich,0,5,2021-12-14 17:30:00,Tanguy Coulibaly,Pass
20,448784,46,MissedShots,0.7980000305175782,0.6469999694824219,0.03186289966106415,Omar Marmoush,h,8393,OpenPlay,2021,RightFoot,17654,VfB Stuttgart,Bayern Munich,0,5,2021-12-14 17:30:00,Hiroki Ito,TakeOn
21,448790,57,MissedShots,0.764000015258789,0.28700000762939454,0.012205800041556358,Omar Marmoush,h,8393,OpenPlay,2021,RightFoot,17654,VfB Stuttgart,Bayern Munich,0,5,2021-12-14 17:30:00,Orel Mangala,TakeOn
22,449833,1,SavedShot,0.924000015258789,0.6790000152587891,0.06170760095119476,Omar Marmoush,a,8393,OpenPlay,2021,LeftFoot,17662,FC Cologne,VfB Stuttgart,1,0,2021-12-19 16:30:00,Orel Mangala,Pass
23,458147,42,MissedShots,0.7709999847412109,0.36700000762939455,0.02500459924340248,Omar Marmoush,h,8393,OpenPlay,2021,RightFoot,17719,VfB Stuttgart,Bochum,1,1,2022-02-19 14:30:00,Wataru Endo,Pass
24,458149,46,MissedShots,0.8919999694824219,0.3390000152587891,0.059832699596881866,Omar Marmoush,h,8393,OpenPlay,2021,RightFoot,17719,VfB Stuttgart,Bochum,1,1,2022-02-19 14:30:00,,None
25,458150,49,MissedShots,0.7630000305175781,0.28,0.014922100119292736,Omar Marmoush,h,8393,OpenPlay,2021,RightFoot,17719,VfB Stuttgart,Bochum,1,1,2022-02-19 14:30:00,Orel Mangala,Pass
26,458153,54,SavedShot,0.9059999847412109,0.5509999847412109,0.3031260073184967,Omar Marmoush,h,8393,OpenPlay,2021,RightFoot,17719,VfB Stuttgart,Bochum,1,1,2022-02-19 14:30:00,Waldemar Anton,Chipped
27,459334,7,MissedShots,0.759000015258789,0.5570000076293945,0.018727600574493408,Omar Marmoush,a,8393,FromCorner,2021,RightFoot,17726,Hoffenheim,VfB Stuttgart,2,1,2022-02-25 19:30:00,,None
28,459341,28,SavedShot,0.9009999847412109,0.39,0.07088670134544373,Omar Marmoush,a,8393,SetPiece,2021,RightFoot,17726,Hoffenheim,VfB Stuttgart,2,1,2022-02-25 19:30:00,,None
29,461297,33,MissedShots,0.7319999694824219,0.29200000762939454,0.009118219837546349,Omar Marmoush,h,8393,SetPiece,2021,RightFoot,17737,VfB Stuttgart,Borussia M.Gladbach,3,2,2022-03-05 17:30:00,,None
30,461303,47,BlockedShot,0.7869999694824219,0.6719999694824219,0.02121870033442974,Omar Marmoush,h,8393,OpenPlay,2021,RightFoot,17737,VfB Stuttgart,Borussia M.Gladbach,3,2,2022-03-05 17:30:00,,BallRecovery
31,461309,56,BlockedShot,0.7859999847412109,0.7609999847412109,0.012830600142478943,Omar Marmoush,h,8393,OpenPlay,2021,RightFoot,17737,VfB Stuttgart,Borussia M.Gladbach,3,2,2022-03-05 17:30:00,Atakan Karazor,Chipped
32,461316,82,SavedShot,0.9230000305175782,0.8619999694824219,0.05265609920024872,Omar Marmoush,h,8393,DirectFreekick,2021,RightFoot,17737,VfB Stuttgart,Borussia M.Gladbach,3,2,2022-03-05 17:30:00,,Standard
33,462426,72,MissedShots,0.769000015258789,0.35900001525878905,0.017452100291848183,Omar Marmoush,a,8393,FromCorner,2021,RightFoot,17746,Union Berlin,VfB Stuttgart,1,1,2022-03-12 14:30:00,,None
34,463930,31,BlockedShot,0.7140000152587891,0.6969999694824218,0.013269900344312191,Omar Marmoush,h,8393,OpenPlay,2021,RightFoot,17755,VfB Stuttgart,Augsburg,3,2,2022-03-19 14:30:00,Borna Sosa,Pass
35,463932,37,BlockedShot,0.865999984741211,0.34,0.036573801189661026,Omar Marmoush,h,8393,OpenPlay,2021,RightFoot,17755,VfB Stuttgart,Augsburg,3,2,2022-03-19 14:30:00,Borna Sosa,Cross
36,463939,46,MissedShots,0.7290000152587891,0.6140000152587891,0.0141805000603199,Omar Marmoush,h,8393,FromCorner,2021,RightFoot,17755,VfB Stuttgart,Augsburg,3,2,2022-03-19 14:30:00,,None
37,463943,62,BlockedShot,0.759000015258789,0.5940000152587891,0.06923680007457733,Omar Marmoush,h,8393,DirectFreekick,2021,RightFoot,17755,VfB Stuttgart,Augsburg,3,2,2022-03-19 14:30:00,,Standard
38,463945,78,Goal,0.799000015258789,0.6930000305175781,0.07347679883241653,Omar Marmoush,h,8393,DirectFreekick,2021,RightFoot,17755,VfB Stuttgart,Augsburg,3,2,2022-03-19 14:30:00,,Standard
39,463951,84,MissedShots,0.7719999694824219,0.46299999237060546,0.020698899403214455,Omar Marmoush,h,8393,SetPiece,2021,RightFoot,17755,VfB Stuttgart,Augsburg,3,2,2022-03-19 14:30:00,,None
40,465157,39,MissedShots,0.81,0.4179999923706055,0.10112900286912918,Omar Marmoush,a,8393,OpenPlay,2021,RightFoot,17759,Arminia Bielefeld,VfB Stuttgart,1,1,2022-04-02 13:30:00,Sasa Kalajdzic,BallRecovery
41,465166,67,BlockedShot,0.735999984741211,0.4879999923706055,0.016311999410390854,Omar Marmoush,a,8393,OpenPlay,2021,RightFoot,17759,Arminia Bielefeld,VfB Stuttgart,1,1,2022-04-02 13:30:00,,None
42,466389,22,MissedShots,0.9430000305175781,0.38,0.268775999546051,Omar Marmoush,h,8393,OpenPlay,2021,RightFoot,17772,VfB Stuttgart,Borussia Dortmund,0,2,2022-04-08 18:30:00,Orel Mangala,Chipped
43,466391,29,MissedShots,0.8730000305175781,0.27700000762939453,0.054892200976610184,Omar Marmoush,h,8393,OpenPlay,2021,RightFoot,17772,VfB Stuttgart,Borussia Dortmund,0,2,2022-04-08 18:30:00,Chris Führich,Pass
44,474306,5,BlockedShot,0.88,0.5879999923706055,0.1432809978723526,Omar Marmoush,a,8393,OpenPlay,2021,LeftFoot,17812,Bayern Munich,VfB Stuttgart,2,2,2022-05-08 15:30:00,Wataru Endo,Throughball
45,474311,14,BlockedShot,0.845999984741211,0.7419999694824219,0.03554850071668625,Omar Marmoush,a,8393,OpenPlay,2021,RightFoot,17812,Bayern Munich,VfB Stuttgart,2,2,2022-05-08 15:30:00,Sasa Kalajdzic,Pass
46,474315,22,MissedShots,0.9209999847412109,0.3559999847412109,0.3267579972743988,Omar Marmoush,a,8393,OpenPlay,2021,RightFoot,17812,Bayern Munich,VfB Stuttgart,2,2,2022-05-08 15:30:00,Sasa Kalajdzic,Pass
47,475714,65,BlockedShot,0.865999984741211,0.7469999694824219,0.02444249950349331,Omar Marmoush,h,8393,FromCorner,2021,RightFoot,17816,VfB Stuttgart,FC Cologne,2,1,2022-05-14 13:30:00,Erik Thommy,Pass
48,475715,72,BlockedShot,0.7280000305175781,0.3320000076293945,0.015371199697256088,Omar Marmoush,h,8393,OpenPlay,2021,RightFoot,17816,VfB Stuttgart,FC Cologne,2,1,2022-05-14 13:30:00,Sasa Kalajdzic,LayOff
49,475717,81,SavedShot,0.9380000305175781,0.40400001525878904,0.0392598994076252,Omar Marmoush,h,8393,OpenPlay,2021,Head,17816,VfB Stuttgart,FC Cologne,2,1,2022-05-14 13:30:00,Konstantinos Mavropanos,Aerial
50,475718,82,SavedShot,0.7619999694824219,0.515,0.030131900683045387,Omar Marmoush,h,8393,OpenPlay,2021,RightFoot,17816,VfB Stuttgart,FC Cologne,2,1,2022-05-14 13:30:00,Sasa Kalajdzic,TakeOn
51,479168,16,BlockedShot,0.9019999694824219,0.3270000076293945,0.13260400295257568,Omar Marmoush,h,8393,OpenPlay,2022,RightFoot,19345,Wolfsburg,Werder Bremen,2,2,2022-08-06 13:30:00,Maximilian Arnold,Throughball
52,481028,15,BlockedShot,0.775,0.69,0.059972699731588364,Omar Marmoush,a,8393,DirectFreekick,2022,RightFoot,19359,Bayern Munich,Wolfsburg,2,0,2022-08-14 15:30:00,,Standard
53,481766,4,BlockedShot,0.8119999694824219,0.654000015258789,0.03334140032529831,Omar Marmoush,h,8393,OpenPlay,2022,RightFoot,19361,Wolfsburg,Schalke 04,0,0,2022-08-20 13:30:00,Jakub Kaminski,Pass
54,481769,29,MissedShots,0.9280000305175782,0.525,0.0571104995906353,Omar Marmoush,h,8393,FromCorner,2022,Head,19361,Wolfsburg,Schalke 04,0,0,2022-08-20 13:30:00,Mattias Svanberg,Aerial
55,481774,48,MissedShots,0.9419999694824219,0.42400001525878905,0.09306109696626663,Omar Marmoush,h,8393,FromCorner,2022,Head,19361,Wolfsburg,Schalke 04,0,0,2022-08-20 13:30:00,Maximilian Arnold,Cross
56,481779,54,BlockedShot,0.904000015258789,0.32299999237060545,0.04971139878034592,Omar Marmoush,h,8393,FromCorner,2022,RightFoot,19361,Wolfsburg,Schalke 04,0,0,2022-08-20 13:30:00,Josuha Guilavogui,HeadPass
57,483567,49,SavedShot,0.8730000305175781,0.27700000762939453,0.028309699147939682,Omar Marmoush,a,8393,OpenPlay,2022,RightFoot,19370,RasenBallsport Leipzig,Wolfsburg,2,0,2022-08-27 13:30:00,Paulo Otávio,Chipped
58,483569,56,SavedShot,0.88,0.759000015258789,0.029239999130368233,Omar Marmoush,a,8393,OpenPlay,2022,RightFoot,19370,RasenBallsport Leipzig,Wolfsburg,2,0,2022-08-27 13:30:00,Max Kruse,TakeOn
59,483573,59,MissedShots,0.9330000305175781,0.4329999923706055,0.09326750040054321,Omar Marmoush,a,8393,FromCorner,2022,Head,19370,RasenBallsport Leipzig,Wolfsburg,2,0,2022-08-27 13:30:00,Maximilian Arnold,Cross
60,485773,49,MissedShots,0.9369999694824219,0.545,0.05956840142607689,Omar Marmoush,h,8393,FromCorner,2022,Head,19382,Wolfsburg,FC Cologne,2,4,2022-09-03 13:30:00,Bote Baku,Aerial
61,489400,70,BlockedShot,0.905,0.5279999923706055,0.07332529872655869,Omar Marmoush,a,8393,FromCorner,2022,RightFoot,19402,Union Berlin,Wolfsburg,2,0,2022-09-18 13:30:00,Josip Brekalo,Cross
62,489991,14,SavedShot,0.795,0.57,0.027606099843978882,Omar Marmoush,h,8393,FromCorner,2022,LeftFoot,19410,Wolfsburg,VfB Stuttgart,3,2,2022-10-01 13:30:00,,None
63,489995,19,BlockedShot,0.924000015258789,0.27,0.040032800287008286,Omar Marmoush,h,8393,OpenPlay,2022,RightFoot,19410,Wolfsburg,VfB Stuttgart,3,2,2022-10-01 13:30:00,Patrick Wimmer,Pass
64,489998,22,Goal,0.7930000305175782,0.6170000076293946,0.02802629955112934,Omar Marmoush,h,8393,OpenPlay,2022,RightFoot,19410,Wolfsburg,VfB Stuttgart,3,2,2022-10-01 13:30:00,Jakub Kaminski,Pass
65,490007,64,MissedShots,0.764000015258789,0.3039999961853027,0.01691720075905323,Omar Marmoush,h,8393,OpenPlay,2022,RightFoot,19410,Wolfsburg,VfB Stuttgart,3,2,2022-10-01 13:30:00,Patrick Wimmer,Pass
66,490018,93,MissedShots,0.7830000305175782,0.6359999847412109,0.07350870221853256,Omar Marmoush,h,8393,OpenPlay,2022,RightFoot,19410,Wolfsburg,VfB Stuttgart,3,2,2022-10-01 13:30:00,,None
67,491498,49,SavedShot,0.919000015258789,0.534000015258789,0.04150009900331497,Omar Marmoush,a,8393,FromCorner,2022,Head,19420,Augsburg,Wolfsburg,1,1,2022-10-08 13:30:00,Micky van de Ven,Aerial
68,493013,63,MissedShots,0.9180000305175782,0.3189999961853027,0.0520516000688076,Omar Marmoush,h,8393,OpenPlay,2022,RightFoot,19428,Wolfsburg,Borussia M.Gladbach,2,2,2022-10-15 13:30:00,Yannick Gerhardt,BallRecovery
69,493015,68,Goal,0.86,0.5670000076293945,0.052131298929452896,Omar Marmoush,h,8393,OpenPlay,2022,RightFoot,19428,Wolfsburg,Borussia M.Gladbach,2,2,2022-10-15 13:30:00,Paulo Otávio,Cross
70,493021,87,ShotOnPost,0.9159999847412109,0.505,0.13048900663852692,Omar Marmoush,h,8393,OpenPlay,2022,Head,19428,Wolfsburg,Borussia M.Gladbach,2,2,2022-10-15 13:30:00,Jakub Kaminski,Cross
71,494971,36,BlockedShot,0.8580000305175781,0.31799999237060544,0.04994640126824379,Omar Marmoush,a,8393,OpenPlay,2022,RightFoot,19433,Bayer Leverkusen,Wolfsburg,2,2,2022-10-22 13:30:00,Kevin Paredes,Pass
72,498992,2,SavedShot,0.860999984741211,0.5159999847412109,0.10490799695253372,Omar Marmoush,h,8393,OpenPlay,2022,RightFoot,19464,Wolfsburg,Borussia Dortmund,2,0,2022-11-08 17:30:00,Jakub Kaminski,Pass
73,499001,23,SavedShot,0.9540000152587891,0.6619999694824219,0.09984839707612991,Omar Marmoush,h,8393,OpenPlay,2022,LeftFoot,19464,Wolfsburg,Borussia Dortmund,2,0,2022-11-08 17:30:00,Paulo Otávio,TakeOn
74,499007,39,MissedShots,0.825999984741211,0.495,0.08731599897146225,Omar Marmoush,h,8393,OpenPlay,2022,RightFoot,19464,Wolfsburg,Borussia Dortmund,2,0,2022-11-08 17:30:00,Bote Baku,Pass
75,505355,80,MissedShots,0.9169999694824219,0.5579999923706055,0.1123490035533905,Omar Marmoush,a,8393,SetPiece,2022,Head,19492,Hertha Berlin,Wolfsburg,0,5,2023-01-24 19:30:00,Maximilian Arnold,Cross
76,505357,85,Goal,0.9290000152587891,0.6459999847412109,0.29546600580215454,Omar Marmoush,a,8393,OpenPlay,2022,LeftFoot,19492,Hertha Berlin,Wolfsburg,0,5,2023-01-24 19:30:00,Koen Casteels,TakeOn
77,509536,45,BlockedShot,0.8959999847412109,0.4229999923706055,0.08079619705677032,Omar Marmoush,h,8393,OpenPlay,2022,RightFoot,19527,Wolfsburg,RasenBallsport Leipzig,0,3,2023-02-18 14:30:00,Patrick Wimmer,Chipped
78,509543,75,MissedShots,0.774000015258789,0.7190000152587891,0.014585199765861034,Omar Marmoush,h,8393,OpenPlay,2022,RightFoot,19527,Wolfsburg,RasenBallsport Leipzig,0,3,2023-02-18 14:30:00,,None
79,512848,9,Goal,0.9290000152587891,0.6519999694824219,0.5309590101242065,Omar Marmoush,h,8393,OpenPlay,2022,LeftFoot,19545,Wolfsburg,Eintracht Frankfurt,2,2,2023-03-05 16:30:00,Yannick Gerhardt,TakeOn
80,512849,17,BlockedShot,0.85,0.46599998474121096,0.10475300252437592,Omar Marmoush,h,8393,OpenPlay,2022,RightFoot,19545,Wolfsburg,Eintracht Frankfurt,2,2,2023-03-05 16:30:00,Patrick Wimmer,Pass
81,512854,36,BlockedShot,0.8930000305175781,0.3729999923706055,0.3487449884414673,Omar Marmoush,h,8393,OpenPlay,2022,RightFoot,19545,Wolfsburg,Eintracht Frankfurt,2,2,2023-03-05 16:30:00,Patrick Wimmer,Throughball
82,514361,44,MissedShots,0.8630000305175781,0.6079999923706054,0.3813120126724243,Omar Marmoush,h,8393,OpenPlay,2022,RightFoot,19554,Wolfsburg,Union Berlin,1,1,2023-03-12 18:30:00,Felix Nmecha,TakeOn
83,514363,47,MissedShots,0.9590000152587891,0.3529999923706055,0.05925469845533371,Omar Marmoush,h,8393,FromCorner,2022,RightFoot,19554,Wolfsburg,Union Berlin,1,1,2023-03-12 18:30:00,,None
84,514366,58,SavedShot,0.93,0.62,0.04109729826450348,Omar Marmoush,h,8393,OpenPlay,2022,Head,19554,Wolfsburg,Union Berlin,1,1,2023-03-12 18:30:00,Yannick Gerhardt,Cross
85,514370,75,SavedShot,0.9059999847412109,0.635,0.28254300355911255,Omar Marmoush,h,8393,OpenPlay,2022,RightFoot,19554,Wolfsburg,Union Berlin,1,1,2023-03-12 18:30:00,Lukas Nmecha,Pass
86,514848,55,Goal,0.7569999694824219,0.4159999847412109,0.060701701790094376,Omar Marmoush,a,8393,OpenPlay,2022,RightFoot,19566,VfB Stuttgart,Wolfsburg,0,1,2023-03-18 14:30:00,Yannick Gerhardt,HeadPass
87,514849,56,SavedShot,0.9480000305175781,0.28600000381469726,0.05383099988102913,Omar Marmoush,a,8393,OpenPlay,2022,RightFoot,19566,VfB Stuttgart,Wolfsburg,0,1,2023-03-18 14:30:00,Patrick Wimmer,Chipped
88,514852,70,MissedShots,0.7880000305175782,0.46299999237060546,0.17832599580287933,Omar Marmoush,a,8393,OpenPlay,2022,RightFoot,19566,VfB Stuttgart,Wolfsburg,0,1,2023-03-18 14:30:00,Paulo Otávio,TakeOn
89,516224,55,MissedShots,0.9580000305175781,0.59,0.07427000254392624,Omar Marmoush,h,8393,OpenPlay,2022,RightFoot,19571,Wolfsburg,Augsburg,2,2,2023-04-01 13:30:00,Paulo Otávio,Cross
90,518651,4,SavedShot,0.9640000152587891,0.51,0.5711380243301392,Omar Marmoush,a,8393,OpenPlay,2022,Head,19581,Borussia M.Gladbach,Wolfsburg,2,0,2023-04-09 13:30:00,Mattias Svanberg,Chipped
91,520307,46,SavedShot,0.8619999694824219,0.365,0.11744000017642975,Omar Marmoush,h,8393,OpenPlay,2022,RightFoot,19590,Wolfsburg,Bayer Leverkusen,0,0,2023-04-16 17:30:00,Mattias Svanberg,Throughball
92,523473,94,MissedShots,0.9119999694824219,0.3110000038146973,0.06382714211940765,Omar Marmoush,h,8393,OpenPlay,2022,RightFoot,19608,Wolfsburg,Mainz 05,3,0,2023-04-30 15:30:00,,None
93,525190,69,MissedShots,0.7619999694824219,0.36900001525878906,0.021319027990102768,Omar Marmoush,a,8393,OpenPlay,2022,RightFoot,19612,Borussia Dortmund,Wolfsburg,6,0,2023-05-07 15:30:00,Felix Nmecha,Pass
94,525194,78,BlockedShot,0.9259999847412109,0.645,0.10446514189243317,Omar Marmoush,a,8393,OpenPlay,2022,RightFoot,19612,Borussia Dortmund,Wolfsburg,6,0,2023-05-07 15:30:00,Kilian Fischer,Pass
95,527061,83,BlockedShot,0.8730000305175781,0.25799999237060545,0.0358399823307991,Omar Marmoush,a,8393,OpenPlay,2022,RightFoot,19632,Freiburg,Wolfsburg,2,0,2023-05-19 18:30:00,Gian-Luca Waldschmidt,Pass
96,527064,93,MissedShots,0.9930000305175781,0.585999984741211,0.28724464774131775,Omar Marmoush,a,8393,OpenPlay,2022,LeftFoot,19632,Freiburg,Wolfsburg,2,0,2023-05-19 18:30:00,,Rebound
97,529072,86,BlockedShot,0.8080000305175781,0.509000015258789,0.05167418718338013,Omar Marmoush,h,8393,OpenPlay,2022,RightFoot,19645,Wolfsburg,Hertha Berlin,1,2,2023-05-27 13:30:00,Kevin Paredes,Pass
98,529075,92,BlockedShot,0.7559999847412109,0.36400001525878906,0.016990628093481064,Omar Marmoush,h,8393,OpenPlay,2022,LeftFoot,19645,Wolfsburg,Hertha Berlin,1,2,2023-05-27 13:30:00,,None
99,535323,49,MissedShots,0.889000015258789,0.365,0.012702099047601223,Omar Marmoush,a,8393,OpenPlay,2023,Head,23081,Mainz 05,Eintracht Frankfurt,1,1,2023-08-27 13:30:00,Mario Götze,Aerial
100,535327,57,BlockedShot,0.7090000152587891,0.46,0.043690312653779984,Omar Marmoush,a,8393,DirectFreekick,2023,RightFoot,23081,Mainz 05,Eintracht Frankfurt,1,1,2023-08-27 13:30:00,,Standard
101,535336,90,Goal,0.9569999694824218,0.545,0.5838854312896729,Omar Marmoush,a,8393,OpenPlay,2023,RightFoot,23081,Mainz 05,Eintracht Frankfurt,1,1,2023-08-27 13:30:00,Eric Junior Dina Ebimbe,Pass
102,536896,52,BlockedShot,0.909000015258789,0.39599998474121095,0.4050109088420868,Omar Marmoush,h,8393,OpenPlay,2023,RightFoot,23090,Eintracht Frankfurt,FC Cologne,1,1,2023-09-03 13:30:00,Ellyes Skhiri,Throughball
103,537874,54,SavedShot,0.874000015258789,0.6919999694824219,0.051752980798482895,Omar Marmoush,a,8393,OpenPlay,2023,RightFoot,23098,Bochum,Eintracht Frankfurt,1,1,2023-09-16 16:30:00,Eric Junior Dina Ebimbe,BallTouch
104,537880,76,MissedShots,0.32799999237060545,0.35400001525878905,0.009238682687282562,Omar Marmoush,a,8393,OpenPlay,2023,RightFoot,23098,Bochum,Eintracht Frankfurt,1,1,2023-09-16 16:30:00,,BallRecovery
105,537881,80,BlockedShot,0.889000015258789,0.47900001525878905,0.12766416370868683,Omar Marmoush,a,8393,OpenPlay,2023,RightFoot,23098,Bochum,Eintracht Frankfurt,1,1,2023-09-16 16:30:00,Ellyes Skhiri,Pass
106,539926,45,SavedShot,0.8630000305175781,0.34700000762939454,0.08407816290855408,Omar Marmoush,h,8393,OpenPlay,2023,RightFoot,23109,Eintracht Frankfurt,Freiburg,0,0,2023-09-24 15:30:00,Farès Chaïbi,Pass
107,539927,59,MissedShots,0.93,0.28100000381469725,0.040812477469444275,Omar Marmoush,h,8393,OpenPlay,2023,RightFoot,23109,Eintracht Frankfurt,Freiburg,0,0,2023-09-24 15:30:00,Mario Götze,Pass
108,540981,34,SavedShot,0.8809999847412109,0.5220000076293946,0.1022706925868988,Omar Marmoush,a,8393,OpenPlay,2023,RightFoot,23113,Wolfsburg,Eintracht Frankfurt,2,0,2023-09-30 13:30:00,Eric Junior Dina Ebimbe,Pass
109,543879,10,Goal,0.875,0.48,0.07067137211561203,Omar Marmoush,a,8393,OpenPlay,2023,RightFoot,23132,Hoffenheim,Eintracht Frankfurt,1,3,2023-10-21 13:30:00,Jens Grahl,Chipped
110,543882,18,SavedShot,0.8859999847412109,0.46299999237060546,0.035970523953437805,Omar Marmoush,a,8393,OpenPlay,2023,Head,23132,Hoffenheim,Eintracht Frankfurt,1,3,2023-10-21 13:30:00,Aurélio Buta,Aerial
111,543889,36,MissedShots,0.924000015258789,0.7230000305175781,0.057937394827604294,Omar Marmoush,a,8393,OpenPlay,2023,RightFoot,23132,Hoffenheim,Eintracht Frankfurt,1,3,2023-10-21 13:30:00,Philipp Max,GoodSkill
112,543893,44,BlockedShot,0.8540000152587891,0.40299999237060546,0.09029624611139297,Omar Marmoush,a,8393,OpenPlay,2023,RightFoot,23132,Hoffenheim,Eintracht Frankfurt,1,3,2023-10-21 13:30:00,Farès Chaïbi,Pass
113,546138,7,Goal,0.885,0.5,0.75777667760849,Omar Marmoush,h,8393,Penalty,2023,RightFoot,23140,Eintracht Frankfurt,Borussia Dortmund,3,3,2023-10-29 14:30:00,,Standard
114,546143,23,Goal,0.9640000152587891,0.45299999237060545,0.6447230577468872,Omar Marmoush,h,8393,OpenPlay,2023,RightFoot,23140,Eintracht Frankfurt,Borussia Dortmund,3,3,2023-10-29 14:30:00,,Rebound
115,546154,46,MissedShots,0.9330000305175781,0.5359999847412109,0.567862331867218,Omar Marmoush,h,8393,OpenPlay,2023,RightFoot,23140,Eintracht Frankfurt,Borussia Dortmund,3,3,2023-10-29 14:30:00,,Rebound
116,546149,46,ShotOnPost,0.9059999847412109,0.5870000076293945,0.10711341351270676,Omar Marmoush,h,8393,OpenPlay,2023,LeftFoot,23140,Eintracht Frankfurt,Borussia Dortmund,3,3,2023-10-29 14:30:00,Ansgar Knauff,HeadPass
117,546150,48,BlockedShot,0.7330000305175781,0.4109999847412109,0.025914600118994713,Omar Marmoush,h,8393,OpenPlay,2023,RightFoot,23140,Eintracht Frankfurt,Borussia Dortmund,3,3,2023-10-29 14:30:00,Ellyes Skhiri,Pass
118,546793,1,Goal,0.8469999694824218,0.5429999923706055,0.062158580869436264,Omar Marmoush,a,8393,SetPiece,2023,RightFoot,23147,Union Berlin,Eintracht Frankfurt,0,3,2023-11-04 14:30:00,,None
119,546795,13,Goal,0.9730000305175781,0.5279999923706055,0.7906597852706909,Omar Marmoush,a,8393,OpenPlay,2023,RightFoot,23147,Union Berlin,Eintracht Frankfurt,0,3,2023-11-04 14:30:00,Hugo Larsson,Pass
120,549137,18,BlockedShot,0.9030000305175782,0.42700000762939455,0.08887678384780884,Omar Marmoush,a,8393,OpenPlay,2023,RightFoot,23159,Werder Bremen,Eintracht Frankfurt,2,2,2023-11-12 16:30:00,,None
121,549157,85,BlockedShot,0.9059999847412109,0.4159999847412109,0.08578582108020782,Omar Marmoush,a,8393,OpenPlay,2023,RightFoot,23159,Werder Bremen,Eintracht Frankfurt,2,2,2023-11-12 16:30:00,Eric Junior Dina Ebimbe,Cross
122,549159,86,BlockedShot,0.7180000305175781,0.635,0.01874515600502491,Omar Marmoush,a,8393,OpenPlay,2023,RightFoot,23159,Werder Bremen,Eintracht Frankfurt,2,2,2023-11-12 16:30:00,Niels Nkounkou,Pass
123,549991,29,MissedShots,0.7440000152587891,0.3820000076293945,0.014149811118841171,Omar Marmoush,h,8393,OpenPlay,2023,RightFoot,23167,Eintracht Frankfurt,VfB Stuttgart,1,2,2023-11-25 17:30:00,,None
124,552012,14,MissedShots,0.7269999694824218,0.47299999237060547,0.019898194819688797,Omar Marmoush,a,8393,OpenPlay,2023,RightFoot,23179,Augsburg,Eintracht Frankfurt,2,1,2023-12-03 18:30:00,Philipp Max,Pass
125,552018,52,MissedShots,0.895,0.43400001525878906,0.025800710543990135,Omar Marmoush,a,8393,OpenPlay,2023,Head,23179,Augsburg,Eintracht Frankfurt,2,1,2023-12-03 18:30:00,Ansgar Knauff,Aerial
126,552019,53,BlockedShot,0.9390000152587891,0.6079999923706054,0.01577429473400116,Omar Marmoush,a,8393,FromCorner,2023,Head,23179,Augsburg,Eintracht Frankfurt,2,1,2023-12-03 18:30:00,Farès Chaïbi,Aerial
127,552023,71,SavedShot,0.8419999694824218,0.35700000762939454,0.04029766470193863,Omar Marmoush,a,8393,OpenPlay,2023,LeftFoot,23179,Augsburg,Eintracht Frankfurt,2,1,2023-12-03 18:30:00,,None
128,552028,88,SavedShot,0.7609999847412109,0.654000015258789,0.05983913689851761,Omar Marmoush,a,8393,DirectFreekick,2023,RightFoot,23179,Augsburg,Eintracht Frankfurt,2,1,2023-12-03 18:30:00,,Standard
129,552029,90,SavedShot,0.8190000152587891,0.5279999923706055,0.04916172847151756,Omar Marmoush,a,8393,OpenPlay,2023,RightFoot,23179,Augsburg,Eintracht Frankfurt,2,1,2023-12-03 18:30:00,,None
130,552831,11,Goal,0.9259999847412109,0.3659999847412109,0.08162540197372437,Omar Marmoush,h,8393,OpenPlay,2023,RightFoot,23184,Eintracht Frankfurt,Bayern Munich,5,1,2023-12-09 14:30:00,,Rebound
131,555716,23,BlockedShot,0.7680000305175781,0.7080000305175781,0.021935874596238136,Omar Marmoush,h,8393,OpenPlay,2023,RightFoot,23203,Eintracht Frankfurt,Borussia M.Gladbach,2,1,2023-12-20 19:30:00,Eric Junior Dina Ebimbe,Pass
132,555729,94,BlockedShot,0.8319999694824218,0.35200000762939454,0.04346649721264839,Omar Marmoush,h,8393,OpenPlay,2023,RightFoot,23203,Eintracht Frankfurt,Borussia M.Gladbach,2,1,2023-12-20 19:30:00,,None
133,555730,95,MissedShots,0.9,0.534000015258789,0.023519467562437057,Omar Marmoush,h,8393,FromCorner,2023,Head,23203,Eintracht Frankfurt,Borussia M.Gladbach,2,1,2023-12-20 19:30:00,Farès Chaïbi,Aerial
134,562345,13,Goal,0.9869999694824219,0.46700000762939453,0.979897141456604,Omar Marmoush,h,8393,OpenPlay,2023,RightFoot,23252,Eintracht Frankfurt,Bochum,1,1,2024-02-10 14:30:00,Farès Chaïbi,TakeOn
135,562347,25,MissedShots,0.93,0.6409999847412109,0.023133067414164543,Omar Marmoush,h,8393,OpenPlay,2023,Head,23252,Eintracht Frankfurt,Bochum,1,1,2024-02-10 14:30:00,Philipp Max,Cross
136,562352,47,MissedShots,0.855,0.42200000762939455,0.06717972457408905,Omar Marmoush,h,8393,OpenPlay,2023,RightFoot,23252,Eintracht Frankfurt,Bochum,1,1,2024-02-10 14:30:00,,None
137,564456,26,Goal,0.8930000305175781,0.5790000152587891,0.2783695161342621,Omar Marmoush,a,8393,OpenPlay,2023,LeftFoot,23255,Freiburg,Eintracht Frankfurt,3,3,2024-02-18 14:30:00,Philipp Max,Cross
138,565736,10,SavedShot,0.8919999694824219,0.34099998474121096,0.0977320522069931,Omar Marmoush,h,8393,OpenPlay,2023,RightFoot,23267,Eintracht Frankfurt,Wolfsburg,2,2,2024-02-25 14:30:00,Ansgar Knauff,Pass
139,565752,91,Goal,0.885,0.385,0.3649235963821411,Omar Marmoush,h,8393,OpenPlay,2023,RightFoot,23267,Eintracht Frankfurt,Wolfsburg,2,2,2024-02-25 14:30:00,,None
140,566436,69,SavedShot,0.8669999694824219,0.5429999923706055,0.15042880177497864,Omar Marmoush,a,8393,OpenPlay,2023,RightFoot,23279,FC Heidenheim,Eintracht Frankfurt,1,2,2024-03-02 14:30:00,,Rebound
141,568780,7,BlockedShot,0.9290000152587891,0.435,0.09104517847299576,Omar Marmoush,h,8393,OpenPlay,2023,LeftFoot,23284,Eintracht Frankfurt,Hoffenheim,3,1,2024-03-10 16:30:00,Hugo Larsson,Cross
142,568785,30,BlockedShot,0.914000015258789,0.33299999237060546,0.061439789831638336,Omar Marmoush,h,8393,OpenPlay,2023,RightFoot,23284,Eintracht Frankfurt,Hoffenheim,3,1,2024-03-10 16:30:00,Eric Junior Dina Ebimbe,Pass
143,568787,45,BlockedShot,0.8669999694824219,0.6569999694824219,0.06519341468811035,Omar Marmoush,h,8393,OpenPlay,2023,RightFoot,23284,Eintracht Frankfurt,Hoffenheim,3,1,2024-03-10 16:30:00,Niels Nkounkou,Pass
144,568796,76,BlockedShot,0.78,0.6580000305175782,0.03928125277161598,Omar Marmoush,h,8393,OpenPlay,2023,RightFoot,23284,Eintracht Frankfurt,Hoffenheim,3,1,2024-03-10 16:30:00,Donny van de Beek,Pass
145,570078,12,SavedShot,0.8530000305175781,0.4209999847412109,0.4536023736000061,Omar Marmoush,a,8393,OpenPlay,2023,RightFoot,23290,Borussia Dortmund,Eintracht Frankfurt,3,1,2024-03-17 16:30:00,,None
146,570085,35,BlockedShot,0.769000015258789,0.2879999923706055,0.052142877131700516,Omar Marmoush,a,8393,DirectFreekick,2023,RightFoot,23290,Borussia Dortmund,Eintracht Frankfurt,3,1,2024-03-17 16:30:00,,Standard
147,570090,67,SavedShot,0.8780000305175781,0.40700000762939453,0.07445704191923141,Omar Marmoush,a,8393,OpenPlay,2023,RightFoot,23290,Borussia Dortmund,Eintracht Frankfurt,3,1,2024-03-17 16:30:00,,None
148,570590,31,MissedShots,0.7609999847412109,0.595999984741211,0.07047437131404877,Omar Marmoush,h,8393,DirectFreekick,2023,RightFoot,23302,Eintracht Frankfurt,Union Berlin,0,0,2024-03-30 14:30:00,,Standard
149,570596,58,SavedShot,0.93,0.28399999618530275,0.042564135044813156,Omar Marmoush,h,8393,OpenPlay,2023,RightFoot,23302,Eintracht Frankfurt,Union Berlin,0,0,2024-03-30 14:30:00,Hugo Ekitike,Chipped
150,570597,59,MissedShots,0.8769999694824219,0.27399999618530274,0.03620309382677078,Omar Marmoush,h,8393,OpenPlay,2023,RightFoot,23302,Eintracht Frankfurt,Union Berlin,0,0,2024-03-30 14:30:00,Philipp Max,Pass
151,570601,72,BlockedShot,0.8969999694824219,0.6580000305175782,0.07529440522193909,Omar Marmoush,h,8393,OpenPlay,2023,RightFoot,23302,Eintracht Frankfurt,Union Berlin,0,0,2024-03-30 14:30:00,Philipp Max,TakeOn
152,572048,17,SavedShot,0.8540000152587891,0.23799999237060546,0.02634231373667717,Omar Marmoush,h,8393,OpenPlay,2023,RightFoot,23311,Eintracht Frankfurt,Werder Bremen,1,1,2024-04-05 18:30:00,Farès Chaïbi,Chipped
153,572055,41,SavedShot,0.915,0.610999984741211,0.36560314893722534,Omar Marmoush,h,8393,OpenPlay,2023,RightFoot,23311,Eintracht Frankfurt,Werder Bremen,1,1,2024-04-05 18:30:00,,None
154,572074,84,BlockedShot,0.8419999694824218,0.325,0.04666386544704437,Omar Marmoush,h,8393,OpenPlay,2023,RightFoot,23311,Eintracht Frankfurt,Werder Bremen,1,1,2024-04-05 18:30:00,Nacho Ferri,BallTouch
155,573943,19,BlockedShot,0.6819999694824219,0.42400001525878905,0.008619528263807297,Omar Marmoush,a,8393,OpenPlay,2023,RightFoot,23324,VfB Stuttgart,Eintracht Frankfurt,3,0,2024-04-13 16:30:00,Jean Négoce,BallRecovery
156,573945,27,SavedShot,0.8730000305175781,0.38799999237060545,0.08643452078104019,Omar Marmoush,a,8393,OpenPlay,2023,RightFoot,23324,VfB Stuttgart,Eintracht Frankfurt,3,0,2024-04-13 16:30:00,Farès Chaïbi,Pass
157,573953,75,SavedShot,0.8090000152587891,0.47299999237060547,0.14898157119750977,Omar Marmoush,a,8393,DirectFreekick,2023,RightFoot,23324,VfB Stuttgart,Eintracht Frankfurt,3,0,2024-04-13 16:30:00,,Standard
158,573954,80,BlockedShot,0.86,0.5209999847412109,0.09060990065336227,Omar Marmoush,a,8393,OpenPlay,2023,RightFoot,23324,VfB Stuttgart,Eintracht Frankfurt,3,0,2024-04-13 16:30:00,Farès Chaïbi,Pass
159,574691,10,MissedShots,0.8240000152587891,0.5209999847412109,0.06427329033613205,Omar Marmoush,h,8393,OpenPlay,2023,RightFoot,23329,Eintracht Frankfurt,Augsburg,3,1,2024-04-19 18:30:00,Farès Chaïbi,Pass
160,574699,43,MissedShots,0.8480000305175781,0.5529999923706055,0.07780390232801437,Omar Marmoush,h,8393,OpenPlay,2023,RightFoot,23329,Eintracht Frankfurt,Augsburg,3,1,2024-04-19 18:30:00,Philipp Max,Pass
161,574708,94,Goal,0.874000015258789,0.5359999847412109,0.5622379183769226,Omar Marmoush,h,8393,OpenPlay,2023,RightFoot,23329,Eintracht Frankfurt,Augsburg,3,1,2024-04-19 18:30:00,Ellyes Skhiri,BallRecovery
162,576662,17,SavedShot,0.7959999847412109,0.365,0.03097504749894142,Omar Marmoush,a,8393,OpenPlay,2023,RightFoot,23335,Bayern Munich,Eintracht Frankfurt,2,1,2024-04-27 13:30:00,Mario Götze,Pass
163,579068,39,SavedShot,0.93,0.6930000305175781,0.06443841755390167,Omar Marmoush,h,8393,OpenPlay,2023,RightFoot,23346,Eintracht Frankfurt,Bayer Leverkusen,1,5,2024-05-05 15:30:00,,TakeOn
164,579071,41,MissedShots,0.8680000305175781,0.47,0.36680731177330017,Omar Marmoush,h,8393,OpenPlay,2023,RightFoot,23346,Eintracht Frankfurt,Bayer Leverkusen,1,5,2024-05-05 15:30:00,Hugo Ekitike,Throughball
165,579073,45,MissedShots,0.740999984741211,0.47299999237060547,0.017760518938302994,Omar Marmoush,h,8393,OpenPlay,2023,RightFoot,23346,Eintracht Frankfurt,Bayer Leverkusen,1,5,2024-05-05 15:30:00,,None
166,579078,59,MissedShots,0.8780000305175781,0.43599998474121093,0.01319459080696106,Omar Marmoush,h,8393,FromCorner,2023,Head,23346,Eintracht Frankfurt,Bayer Leverkusen,1,5,2024-05-05 15:30:00,Hugo Ekitike,Aerial
167,579750,48,MissedShots,0.9009999847412109,0.5329999923706055,0.08759770542383194,Omar Marmoush,a,8393,OpenPlay,2023,Head,23357,Borussia M.Gladbach,Eintracht Frankfurt,1,1,2024-05-11 13:30:00,Farès Chaïbi,Cross
168,579754,54,BlockedShot,0.8430000305175781,0.42700000762939455,0.08193197846412659,Omar Marmoush,a,8393,OpenPlay,2023,RightFoot,23357,Borussia M.Gladbach,Eintracht Frankfurt,1,1,2024-05-11 13:30:00,Mario Götze,Pass
169,579757,66,BlockedShot,0.76,0.43099998474121093,0.020703090354800224,Omar Marmoush,a,8393,OpenPlay,2023,RightFoot,23357,Borussia M.Gladbach,Eintracht Frankfurt,1,1,2024-05-11 13:30:00,Farès Chaïbi,Pass
170,579762,87,SavedShot,0.9459999847412109,0.3370000076293945,0.015712494030594826,Omar Marmoush,a,8393,OpenPlay,2023,Head,23357,Borussia M.Gladbach,Eintracht Frankfurt,1,1,2024-05-11 13:30:00,,Aerial
171,581546,15,MissedShots,0.7909999847412109,0.5970000076293945,0.03419714793562889,Omar Marmoush,h,8393,OpenPlay,2023,LeftFoot,23365,Eintracht Frankfurt,RasenBallsport Leipzig,2,2,2024-05-18 13:30:00,Tuta,Pass
172,581548,20,SavedShot,0.7280000305175781,0.4829999923706055,0.022425783798098564,Omar Marmoush,h,8393,OpenPlay,2023,RightFoot,23365,Eintracht Frankfurt,RasenBallsport Leipzig,2,2,2024-05-18 13:30:00,Mario Götze,Pass
173,581550,29,BlockedShot,0.785,0.5659999847412109,0.038203537464141846,Omar Marmoush,h,8393,OpenPlay,2023,RightFoot,23365,Eintracht Frankfurt,RasenBallsport Leipzig,2,2,2024-05-18 13:30:00,,BallRecovery
174,581556,45,MissedShots,0.9259999847412109,0.385,0.05284417048096657,Omar Marmoush,h,8393,OpenPlay,2023,Head,23365,Eintracht Frankfurt,RasenBallsport Leipzig,2,2,2024-05-18 13:30:00,Aurélio Buta,Cross
175,581564,76,Goal,0.885,0.5,0.75777667760849,Omar Marmoush,h,8393,Penalty,2023,RightFoot,23365,Eintracht Frankfurt,RasenBallsport Leipzig,2,2,2024-05-18 13:30:00,,Standard
176,581573,99,SavedShot,0.8019999694824219,0.33299999237060546,0.039875857532024384,Omar Marmoush,h,8393,OpenPlay,2023,RightFoot,23365,Eintracht Frankfurt,RasenBallsport Leipzig,2,2,2024-05-18 13:30:00,Ansgar Knauff,HeadPass
177,586333,56,SavedShot,0.8690000152587891,0.6819999694824219,0.043867647647857666,Omar Marmoush,a,8393,OpenPlay,2024,LeftFoot,27748,Borussia Dortmund,Eintracht Frankfurt,2,0,2024-08-24 16:30:00,Farès Chaïbi,Chipped
178,589003,6,MissedShots,0.855999984741211,0.705,0.038766007870435715,Omar Marmoush,h,8393,OpenPlay,2024,LeftFoot,27756,Eintracht Frankfurt,Hoffenheim,3,1,2024-08-31 13:30:00,Hugo Ekitike,Pass
179,589007,25,MissedShots,0.735999984741211,0.6409999847412109,0.01816139556467533,Omar Marmoush,h,8393,OpenPlay,2024,RightFoot,27756,Eintracht Frankfurt,Hoffenheim,3,1,2024-08-31 13:30:00,,None
180,589010,45,MissedShots,0.830999984741211,0.64,0.06637125462293625,Omar Marmoush,h,8393,OpenPlay,2024,RightFoot,27756,Eintracht Frankfurt,Hoffenheim,3,1,2024-08-31 13:30:00,Niels Nkounkou,Pass
181,589014,52,MissedShots,0.9269999694824219,0.669000015258789,0.09352732449769974,Omar Marmoush,h,8393,OpenPlay,2024,RightFoot,27756,Eintracht Frankfurt,Hoffenheim,3,1,2024-08-31 13:30:00,Hugo Ekitike,Pass
182,589016,55,Goal,0.9030000305175782,0.62,0.3289589285850525,Omar Marmoush,h,8393,OpenPlay,2024,RightFoot,27756,Eintracht Frankfurt,Hoffenheim,3,1,2024-08-31 13:30:00,Mario Götze,Pass
183,590615,18,MissedShots,0.769000015258789,0.5209999847412109,0.029356621205806732,Omar Marmoush,a,8393,OpenPlay,2024,RightFoot,27764,Wolfsburg,Eintracht Frankfurt,1,2,2024-09-14 13:30:00,Hugo Larsson,Pass
184,590618,29,Goal,0.9690000152587891,0.54,0.9640123844146729,Omar Marmoush,a,8393,OpenPlay,2024,RightFoot,27764,Wolfsburg,Eintracht Frankfurt,1,2,2024-09-14 13:30:00,Hugo Ekitike,TakeOn
185,590620,38,SavedShot,0.8880000305175781,0.5820000076293945,0.12027036398649216,Omar Marmoush,a,8393,SetPiece,2024,Head,27764,Wolfsburg,Eintracht Frankfurt,1,2,2024-09-14 13:30:00,Niels Nkounkou,Cross
186,590627,63,SavedShot,0.9540000152587891,0.35400001525878905,0.3046894967556,Omar Marmoush,a,8393,OpenPlay,2024,RightFoot,27764,Wolfsburg,Eintracht Frankfurt,1,2,2024-09-14 13:30:00,,Rebound
187,590628,64,SavedShot,0.91,0.34200000762939453,0.1138794869184494,Omar Marmoush,a,8393,OpenPlay,2024,RightFoot,27764,Wolfsburg,Eintracht Frankfurt,1,2,2024-09-14 13:30:00,Farès Chaïbi,Pass
188,590629,64,BlockedShot,0.88,0.3220000076293945,0.06462633609771729,Omar Marmoush,a,8393,OpenPlay,2024,RightFoot,27764,Wolfsburg,Eintracht Frankfurt,1,2,2024-09-14 13:30:00,Farès Chaïbi,Pass
189,590633,81,Goal,0.885,0.5,0.75777667760849,Omar Marmoush,a,8393,Penalty,2024,RightFoot,27764,Wolfsburg,Eintracht Frankfurt,1,2,2024-09-14 13:30:00,,Standard
190,592661,14,MissedShots,0.884000015258789,0.4620000076293945,0.03124316968023777,Omar Marmoush,h,8393,OpenPlay,2024,Head,27774,Eintracht Frankfurt,Borussia M.Gladbach,2,0,2024-09-21 16:30:00,Rasmus Kristensen,CornerAwarded
191,592664,24,MissedShots,0.875999984741211,0.759000015258789,0.026776636019349098,Omar Marmoush,h,8393,OpenPlay,2024,RightFoot,27774,Eintracht Frankfurt,Borussia M.Gladbach,2,0,2024-09-21 16:30:00,Ellyes Skhiri,Pass
192,592672,35,BlockedShot,0.7909999847412109,0.6840000152587891,0.01645239256322384,Omar Marmoush,h,8393,OpenPlay,2024,RightFoot,27774,Eintracht Frankfurt,Borussia M.Gladbach,2,0,2024-09-21 16:30:00,Farès Chaïbi,HeadPass
193,592674,41,MissedShots,0.980999984741211,0.6940000152587891,0.06772515177726746,Omar Marmoush,h,8393,OpenPlay,2024,LeftFoot,27774,Eintracht Frankfurt,Borussia M.Gladbach,2,0,2024-09-21 16:30:00,Ellyes Skhiri,Pass
194,592696,72,SavedShot,0.875999984741211,0.5929999923706055,0.11354117095470428,Omar Marmoush,h,8393,OpenPlay,2024,RightFoot,27774,Eintracht Frankfurt,Borussia M.Gladbach,2,0,2024-09-21 16:30:00,Ansgar Knauff,Pass
195,592698,79,Goal,0.9180000305175782,0.4370000076293945,0.45328646898269653,Omar Marmoush,h,8393,OpenPlay,2024,RightFoot,27774,Eintracht Frankfurt,Borussia M.Gladbach,2,0,2024-09-21 16:30:00,Jean Négoce,TakeOn
196,594677,15,SavedShot,0.8969999694824219,0.585,0.08644893020391464,Omar Marmoush,a,8393,OpenPlay,2024,RightFoot,27785,Holstein Kiel,Eintracht Frankfurt,2,4,2024-09-29 13:30:00,Farès Chaïbi,HeadPass
197,594679,17,BlockedShot,0.8959999847412109,0.58,0.12795250117778778,Omar Marmoush,a,8393,OpenPlay,2024,RightFoot,27785,Holstein Kiel,Eintracht Frankfurt,2,4,2024-09-29 13:30:00,,TakeOn
198,594683,24,Goal,0.879000015258789,0.6379999923706055,0.09209518879652023,Omar Marmoush,a,8393,OpenPlay,2024,LeftFoot,27785,Holstein Kiel,Eintracht Frankfurt,2,4,2024-09-29 13:30:00,Tuta,Pass
199,594688,44,SavedShot,0.9069999694824219,0.6869999694824219,0.06830938160419464,Omar Marmoush,a,8393,OpenPlay,2024,LeftFoot,27785,Holstein Kiel,Eintracht Frankfurt,2,4,2024-09-29 13:30:00,,TakeOn
200,594689,45,SavedShot,0.7980000305175782,0.385,0.41763409972190857,Omar Marmoush,a,8393,OpenPlay,2024,RightFoot,27785,Holstein Kiel,Eintracht Frankfurt,2,4,2024-09-29 13:30:00,Rasmus Kristensen,Throughball
201,594690,46,SavedShot,0.8919999694824219,0.3129999923706055,0.052338480949401855,Omar Marmoush,a,8393,OpenPlay,2024,RightFoot,27785,Holstein Kiel,Eintracht Frankfurt,2,4,2024-09-29 13:30:00,,None
202,594701,64,Goal,0.8980000305175782,0.6190000152587891,0.07413578778505325,Omar Marmoush,a,8393,OpenPlay,2024,RightFoot,27785,Holstein Kiel,Eintracht Frankfurt,2,4,2024-09-29 13:30:00,,None
203,596327,21,Goal,0.8469999694824218,0.43900001525878907,0.0990954264998436,Omar Marmoush,h,8393,OpenPlay,2024,RightFoot,27787,Eintracht Frankfurt,Bayern Munich,3,3,2024-10-06 15:30:00,Ansgar Knauff,Throughball
204,596345,93,Goal,0.875,0.39099998474121095,0.4443734288215637,Omar Marmoush,h,8393,OpenPlay,2024,RightFoot,27787,Eintracht Frankfurt,Bayern Munich,3,3,2024-10-06 15:30:00,Eric Junior Dina Ebimbe,Aerial
205,596981,11,ShotOnPost,0.7709999847412109,0.41400001525878904,0.02574053406715393,Omar Marmoush,a,8393,OpenPlay,2024,RightFoot,27796,Bayer Leverkusen,Eintracht Frankfurt,2,1,2024-10-19 13:30:00,Mario Götze,TakeOn
206,596982,15,Goal,0.885,0.5,0.75777667760849,Omar Marmoush,a,8393,Penalty,2024,RightFoot,27796,Bayer Leverkusen,Eintracht Frankfurt,2,1,2024-10-19 13:30:00,,Standard
207,596983,19,BlockedShot,0.8859999847412109,0.6419999694824219,0.08691835403442383,Omar Marmoush,a,8393,OpenPlay,2024,RightFoot,27796,Bayer Leverkusen,Eintracht Frankfurt,2,1,2024-10-19 13:30:00,Niels Nkounkou,Pass
208,597011,90,MissedShots,0.889000015258789,0.29700000762939455,0.04127446562051773,Omar Marmoush,a,8393,OpenPlay,2024,RightFoot,27796,Bayer Leverkusen,Eintracht Frankfurt,2,1,2024-10-19 13:30:00,Arthur Theate,Chipped
209,599033,3,BlockedShot,0.92,0.7559999847412109,0.04107953608036041,Omar Marmoush,a,8393,FromCorner,2024,RightFoot,27811,Union Berlin,Eintracht Frankfurt,1,1,2024-10-27 16:30:00,Hugo Larsson,Pass
210,599032,3,BlockedShot,0.8690000152587891,0.720999984741211,0.06454551964998245,Omar Marmoush,a,8393,OpenPlay,2024,RightFoot,27811,Union Berlin,Eintracht Frankfurt,1,1,2024-10-27 16:30:00,Arthur Theate,BallRecovery
211,599056,69,SavedShot,0.765,0.67,0.05891543626785278,Omar Marmoush,a,8393,DirectFreekick,2024,RightFoot,27811,Union Berlin,Eintracht Frankfurt,1,1,2024-10-27 16:30:00,,Standard
212,599954,17,Goal,0.7869999694824219,0.66,0.07578393816947937,Omar Marmoush,h,8393,DirectFreekick,2024,RightFoot,27817,Eintracht Frankfurt,Bochum,7,2,2024-11-02 14:30:00,,Standard
213,599975,71,BlockedShot,0.7319999694824219,0.5359999847412109,0.05582186579704285,Omar Marmoush,h,8393,DirectFreekick,2024,RightFoot,27817,Eintracht Frankfurt,Bochum,7,2,2024-11-02 14:30:00,,Standard
214,602239,3,MissedShots,0.8930000305175781,0.34400001525878904,0.2839406132698059,Omar Marmoush,a,8393,OpenPlay,2024,RightFoot,27823,VfB Stuttgart,Eintracht Frankfurt,2,3,2024-11-10 16:30:00,Tuta,Chipped
215,602246,43,BlockedShot,0.8590000152587891,0.325,0.04720120504498482,Omar Marmoush,a,8393,OpenPlay,2024,RightFoot,27823,VfB Stuttgart,Eintracht Frankfurt,2,3,2024-11-10 16:30:00,,None
216,602252,61,Goal,0.715999984741211,0.6809999847412109,0.036786939948797226,Omar Marmoush,a,8393,DirectFreekick,2024,RightFoot,27823,VfB Stuttgart,Eintracht Frankfurt,2,3,2024-11-10 16:30:00,,Standard
217,602268,91,SavedShot,0.78,0.620999984741211,0.03515214845538139,Omar Marmoush,a,8393,OpenPlay,2024,RightFoot,27823,VfB Stuttgart,Eintracht Frankfurt,2,3,2024-11-10 16:30:00,Arthur Theate,Pass
218,603049,4,MissedShots,0.7719999694824219,0.38299999237060545,0.02180413529276848,Omar Marmoush,h,8393,OpenPlay,2024,RightFoot,27836,Eintracht Frankfurt,Werder Bremen,1,0,2024-11-23 17:30:00,Mario Götze,Pass
219,603052,11,MissedShots,0.84,0.4520000076293945,0.07627778500318527,Omar Marmoush,h,8393,OpenPlay,2024,RightFoot,27836,Eintracht Frankfurt,Werder Bremen,1,0,2024-11-23 17:30:00,Hugo Ekitike,Pass
220,603056,34,SavedShot,0.7040000152587891,0.47299999237060547,0.017086289823055267,Omar Marmoush,h,8393,OpenPlay,2024,RightFoot,27836,Eintracht Frankfurt,Werder Bremen,1,0,2024-11-23 17:30:00,Ellyes Skhiri,Pass
221,603067,63,BlockedShot,0.7530000305175781,0.41900001525878905,0.02749495394527912,Omar Marmoush,h,8393,OpenPlay,2024,RightFoot,27836,Eintracht Frankfurt,Werder Bremen,1,0,2024-11-23 17:30:00,Hugo Ekitike,Pass
222,603069,65,SavedShot,0.8669999694824219,0.695,0.04876742139458656,Omar Marmoush,h,8393,OpenPlay,2024,RightFoot,27836,Eintracht Frankfurt,Werder Bremen,1,0,2024-11-23 17:30:00,Jean Négoce,Pass
223,604928,21,Goal,0.889000015258789,0.634000015258789,0.2651090919971466,Omar Marmoush,a,8393,OpenPlay,2024,LeftFoot,27843,FC Heidenheim,Eintracht Frankfurt,0,4,2024-12-01 16:30:00,Nathaniel Brown,Pass
224,604929,29,MissedShots,0.88,0.629000015258789,0.2094334065914154,Omar Marmoush,a,8393,OpenPlay,2024,RightFoot,27843,FC Heidenheim,Eintracht Frankfurt,0,4,2024-12-01 16:30:00,Nathaniel Brown,TakeOn
225,604931,43,MissedShots,0.7190000152587891,0.3579999923706055,0.0191004928201437,Omar Marmoush,a,8393,OpenPlay,2024,RightFoot,27843,FC Heidenheim,Eintracht Frankfurt,0,4,2024-12-01 16:30:00,Mario Götze,Pass
226,604933,57,Goal,0.8690000152587891,0.6780000305175782,0.3863065242767334,Omar Marmoush,a,8393,OpenPlay,2024,RightFoot,27843,FC Heidenheim,Eintracht Frankfurt,0,4,2024-12-01 16:30:00,Nathaniel Brown,TakeOn
227,604935,67,MissedShots,0.8619999694824219,0.36200000762939455,0.15007925033569336,Omar Marmoush,a,8393,OpenPlay,2024,RightFoot,27843,FC Heidenheim,Eintracht Frankfurt,0,4,2024-12-01 16:30:00,Farès Chaïbi,Throughball
228,604937,70,SavedShot,0.76,0.625999984741211,0.09730621427297592,Omar Marmoush,a,8393,OpenPlay,2024,RightFoot,27843,FC Heidenheim,Eintracht Frankfurt,0,4,2024-12-01 16:30:00,Hugo Larsson,TakeOn
229,604941,85,SavedShot,0.860999984741211,0.519000015258789,0.40315407514572144,Omar Marmoush,a,8393,OpenPlay,2024,RightFoot,27843,FC Heidenheim,Eintracht Frankfurt,0,4,2024-12-01 16:30:00,Oscar Højlund,BallRecovery
230,605714,2,MissedShots,0.8090000152587891,0.43599998474121093,0.047208867967128754,Omar Marmoush,h,8393,OpenPlay,2024,RightFoot,27858,Eintracht Frankfurt,Augsburg,2,2,2024-12-07 14:30:00,Farès Chaïbi,Pass
231,605724,52,BlockedShot,0.895,0.4490000152587891,0.10267093777656555,Omar Marmoush,h,8393,OpenPlay,2024,RightFoot,27858,Eintracht Frankfurt,Augsburg,2,2,2024-12-07 14:30:00,,Dispossessed
232,605726,58,MissedShots,0.8069999694824219,0.3509999847412109,0.037765007466077805,Omar Marmoush,h,8393,OpenPlay,2024,RightFoot,27858,Eintracht Frankfurt,Augsburg,2,2,2024-12-07 14:30:00,Ansgar Knauff,Pass
233,607811,31,ShotOnPost,0.8240000152587891,0.26799999237060546,0.07376137375831604,Omar Marmoush,a,8393,DirectFreekick,2024,RightFoot,27859,RasenBallsport Leipzig,Eintracht Frankfurt,2,1,2024-12-15 18:30:00,,Standard
234,607828,76,SavedShot,0.8059999847412109,0.7080000305175781,0.02116258814930916,Omar Marmoush,a,8393,OpenPlay,2024,RightFoot,27859,RasenBallsport Leipzig,Eintracht Frankfurt,2,1,2024-12-15 18:30:00,Nathaniel Brown,Pass
235,607831,85,BlockedShot,0.8,0.5640000152587891,0.03865436464548111,Omar Marmoush,a,8393,OpenPlay,2024,RightFoot,27859,RasenBallsport Leipzig,Eintracht Frankfurt,2,1,2024-12-15 18:30:00,,None
236,608248,7,MissedShots,0.755,0.3579999923706055,0.01581612415611744,Omar Marmoush,h,8393,FromCorner,2024,RightFoot,27871,Eintracht Frankfurt,Mainz 05,1,3,2024-12-21 14:30:00,Arthur Theate,None
237,608254,32,BlockedShot,0.885,0.7140000152587891,0.07259579002857208,Omar Marmoush,h,8393,OpenPlay,2024,RightFoot,27871,Eintracht Frankfurt,Mainz 05,1,3,2024-12-21 14:30:00,Oscar Højlund,Pass
238,608258,44,MissedShots,0.914000015258789,0.5620000076293945,0.3349105715751648,Omar Marmoush,h,8393,OpenPlay,2024,RightFoot,27871,Eintracht Frankfurt,Mainz 05,1,3,2024-12-21 14:30:00,,Rebound
239,608262,48,MissedShots,0.8919999694824219,0.40099998474121096,0.09674370288848877,Omar Marmoush,h,8393,OpenPlay,2024,RightFoot,27871,Eintracht Frankfurt,Mainz 05,1,3,2024-12-21 14:30:00,,TakeOn
240,608290,92,MissedShots,0.8769999694824219,0.425,0.04844671115279198,Omar Marmoush,h,8393,OpenPlay,2024,RightFoot,27871,Eintracht Frankfurt,Mainz 05,1,3,2024-12-21 14:30:00,,Aerial
241,381942,47,BlockedShot,0.92,0.4520000076293945,0.06656099855899811,Hugo Ekitike,h,8995,OpenPlay,2020,Head,15823,Reims,Lorient,1,3,2020-10-17 15:00:00,Kaj Sierhuis,Aerial
242,381948,76,MissedShots,0.8119999694824219,0.45599998474121095,0.05161169916391373,Hugo Ekitike,h,8995,OpenPlay,2020,LeftFoot,15823,Reims,Lorient,1,3,2020-10-17 15:00:00,Thibault De Smet,Pass
243,383831,72,SavedShot,0.8980000305175782,0.34700000762939454,0.10507100075483322,Hugo Ekitike,a,8995,OpenPlay,2020,LeftFoot,15829,Montpellier,Reims,0,4,2020-10-25 14:00:00,Nathanael Mbuku,Pass
244,426319,10,MissedShots,0.9159999847412109,0.6759999847412109,0.06440500169992447,Hugo Ekitike,h,8995,OpenPlay,2021,RightFoot,17839,Reims,Montpellier,3,3,2021-08-15 13:00:00,Mathieu Cafaro,Pass
245,430299,25,Goal,0.9390000152587891,0.46599998474121096,0.585985004901886,Hugo Ekitike,a,8995,OpenPlay,2021,RightFoot,17864,Rennes,Reims,0,2,2021-09-12 13:00:00,Ilan Kebbal,Pass
246,430305,48,BlockedShot,0.935,0.3370000076293945,0.04557190090417862,Hugo Ekitike,a,8995,FromCorner,2021,RightFoot,17864,Rennes,Reims,0,2,2021-09-12 13:00:00,,CornerAwarded
247,434039,71,Goal,0.97,0.43900001525878907,0.618798017501831,Hugo Ekitike,h,8995,OpenPlay,2021,RightFoot,17898,Reims,Nantes,3,1,2021-09-26 13:00:00,Alexis Flips,Pass
248,434040,77,Goal,0.720999984741211,0.3579999923706055,0.016492599621415138,Hugo Ekitike,h,8995,OpenPlay,2021,RightFoot,17898,Reims,Nantes,3,1,2021-09-26 13:00:00,Ilan Kebbal,TakeOn
249,440285,19,SavedShot,0.8880000305175781,0.6480000305175782,0.07548139989376068,Hugo Ekitike,a,8995,OpenPlay,2021,LeftFoot,17933,Bordeaux,Reims,3,2,2021-10-31 14:00:00,Nathanael Mbuku,Pass
250,440289,33,SavedShot,0.905,0.32799999237060545,0.23400400578975677,Hugo Ekitike,a,8995,OpenPlay,2021,RightFoot,17933,Bordeaux,Reims,3,2,2021-10-31 14:00:00,Nathanael Mbuku,Pass
251,440293,36,Goal,0.9569999694824218,0.5279999923706055,0.6606879830360413,Hugo Ekitike,a,8995,SetPiece,2021,RightFoot,17933,Bordeaux,Reims,3,2,2021-10-31 14:00:00,El Bilal Touré,Rebound
252,441669,40,BlockedShot,0.8,0.6780000305175782,0.02638069912791252,Hugo Ekitike,h,8995,OpenPlay,2021,RightFoot,17949,Reims,Monaco,0,0,2021-11-07 14:00:00,Moreto Cassamã,Pass
253,443258,21,Goal,0.9640000152587891,0.3990000152587891,0.4130690097808838,Hugo Ekitike,a,8995,OpenPlay,2021,RightFoot,17958,Strasbourg,Reims,1,1,2021-11-21 14:00:00,,None
254,443269,49,MissedShots,0.865,0.31799999237060544,0.11287599802017212,Hugo Ekitike,a,8995,OpenPlay,2021,RightFoot,17958,Strasbourg,Reims,1,1,2021-11-21 14:00:00,Nathanael Mbuku,Chipped
255,444594,10,MissedShots,0.9069999694824219,0.519000015258789,0.1202469989657402,Hugo Ekitike,h,8995,OpenPlay,2021,Head,17963,Reims,Clermont Foot,1,0,2021-11-28 14:00:00,Alexis Flips,Cross
256,444597,35,BlockedShot,0.92,0.59,0.12768499553203583,Hugo Ekitike,h,8995,OpenPlay,2021,RightFoot,17963,Reims,Clermont Foot,1,0,2021-11-28 14:00:00,Ghislain Konan,Pass
257,444604,68,SavedShot,0.919000015258789,0.35400001525878905,0.052185699343681335,Hugo Ekitike,h,8995,OpenPlay,2021,RightFoot,17963,Reims,Clermont Foot,1,0,2021-11-28 14:00:00,Anastasios Donis,Cross
258,445563,85,BlockedShot,0.895,0.735,0.058389801532030106,Hugo Ekitike,a,8995,OpenPlay,2021,RightFoot,17975,Lyon,Reims,1,2,2021-12-01 20:00:00,Bradley Locko,Pass
259,445567,92,Goal,0.960999984741211,0.485,0.7241719961166382,Hugo Ekitike,a,8995,OpenPlay,2021,LeftFoot,17975,Lyon,Reims,1,2,2021-12-01 20:00:00,,Rebound
260,445566,92,SavedShot,0.919000015258789,0.4809999847412109,0.4981369972229004,Hugo Ekitike,a,8995,OpenPlay,2021,RightFoot,17975,Lyon,Reims,1,2,2021-12-01 20:00:00,,Rebound
261,446878,55,ShotOnPost,0.9259999847412109,0.28299999237060547,0.4671669900417328,Hugo Ekitike,h,8995,OpenPlay,2021,RightFoot,17984,Reims,Angers,1,2,2021-12-05 14:00:00,Azor Matusiwa,TakeOn
262,446880,58,Goal,0.885,0.5,0.7600950002670288,Hugo Ekitike,h,8995,Penalty,2021,RightFoot,17984,Reims,Angers,1,2,2021-12-05 14:00:00,,Standard
263,447944,9,SavedShot,0.9619999694824218,0.3609999847412109,0.27828800678253174,Hugo Ekitike,h,8995,OpenPlay,2021,RightFoot,17998,Reims,Saint-Etienne,2,0,2021-12-11 20:00:00,Ilan Kebbal,Cross
264,450447,74,Goal,0.9030000305175782,0.5320000076293945,0.3281939923763275,Hugo Ekitike,a,8995,OpenPlay,2021,RightFoot,18006,Marseille,Reims,1,1,2021-12-22 19:45:00,Ghislain Konan,Cross
265,455468,34,MissedShots,0.855,0.57,0.07042080163955688,Hugo Ekitike,a,8995,OpenPlay,2021,RightFoot,18041,Paris Saint Germain,Reims,4,0,2022-01-23 19:45:00,Maxime Busi,TakeOn
266,455469,40,SavedShot,0.7569999694824219,0.649000015258789,0.022987300530076027,Hugo Ekitike,a,8995,OpenPlay,2021,RightFoot,18041,Paris Saint Germain,Reims,4,0,2022-01-23 19:45:00,Yunis Abdelhamid,Pass
267,456124,0,BlockedShot,0.795,0.7219999694824218,0.022399799898266792,Hugo Ekitike,h,8995,OpenPlay,2021,RightFoot,18049,Reims,Bordeaux,5,0,2022-02-06 14:00:00,Thomas Foket,Pass
268,456129,35,SavedShot,0.8919999694824219,0.7319999694824219,0.03742609918117523,Hugo Ekitike,h,8995,OpenPlay,2021,RightFoot,18049,Reims,Bordeaux,5,0,2022-02-06 14:00:00,Mitchell van Bergen,Pass
269,456131,39,Goal,0.94,0.5220000076293946,0.6095520257949829,Hugo Ekitike,h,8995,SetPiece,2021,LeftFoot,18049,Reims,Bordeaux,5,0,2022-02-06 14:00:00,,Rebound
270,456130,39,SavedShot,0.885,0.5,0.7600950002670288,Hugo Ekitike,h,8995,Penalty,2021,RightFoot,18049,Reims,Bordeaux,5,0,2022-02-06 14:00:00,,Standard
271,458717,11,ShotOnPost,0.884000015258789,0.6730000305175782,0.06025800108909607,Hugo Ekitike,h,8995,OpenPlay,2021,RightFoot,18064,Reims,Brest,1,1,2022-02-20 14:00:00,Alexis Flips,Pass
272,475998,55,MissedShots,0.865,0.6669999694824219,0.05690319836139679,Hugo Ekitike,a,8995,OpenPlay,2021,RightFoot,18184,Saint-Etienne,Reims,1,2,2022-05-14 19:00:00,,BallRecovery
273,476005,82,ShotOnPost,0.9540000152587891,0.3770000076293945,0.2613160014152527,Hugo Ekitike,a,8995,OpenPlay,2021,RightFoot,18184,Saint-Etienne,Reims,1,2,2022-05-14 19:00:00,Marshall Munetsi,TakeOn
274,477616,8,Goal,0.779000015258789,0.42700000762939455,0.033456798642873764,Hugo Ekitike,h,8995,OpenPlay,2021,RightFoot,18198,Reims,Nice,2,3,2022-05-21 19:00:00,,BallRecovery
275,479525,83,MissedShots,0.7419999694824219,0.49700000762939456,0.022731399163603783,Hugo Ekitike,a,8995,OpenPlay,2022,RightFoot,19650,Clermont Foot,Paris Saint Germain,0,5,2022-08-06 19:00:00,Neymar,Pass
276,485450,81,SavedShot,0.894000015258789,0.625999984741211,0.3568989932537079,Hugo Ekitike,a,8995,OpenPlay,2022,LeftFoot,19697,Toulouse,Paris Saint Germain,0,3,2022-08-31 19:00:00,Kylian Mbappe-Lottin,Pass
277,498435,30,MissedShots,0.9159999847412109,0.4470000076293945,0.1430159956216812,Hugo Ekitike,a,8995,OpenPlay,2022,LeftFoot,19781,Lorient,Paris Saint Germain,1,2,2022-11-06 12:00:00,Neymar,Pass
278,498440,41,SavedShot,0.9219999694824219,0.345,0.05622100085020065,Hugo Ekitike,a,8995,FromCorner,2022,RightFoot,19781,Lorient,Paris Saint Germain,1,2,2022-11-06 12:00:00,Marquinhos,Pass
279,498441,43,BlockedShot,0.9069999694824219,0.3920000076293945,0.5386559963226318,Hugo Ekitike,a,8995,OpenPlay,2022,RightFoot,19781,Lorient,Paris Saint Germain,1,2,2022-11-06 12:00:00,Achraf Hakimi,Pass
280,500483,83,Goal,0.904000015258789,0.445,0.47009098529815674,Hugo Ekitike,h,8995,OpenPlay,2022,RightFoot,19793,Paris Saint Germain,Auxerre,5,0,2022-11-13 12:00:00,,BallRecovery
281,501260,45,MissedShots,0.9059999847412109,0.5170000076293946,0.11379999667406082,Hugo Ekitike,h,8995,OpenPlay,2022,LeftFoot,19804,Paris Saint Germain,Strasbourg,2,1,2022-12-28 20:00:00,Nordi Mukiele,Cross
282,501263,57,BlockedShot,0.749000015258789,0.3170000076293945,0.020592499524354935,Hugo Ekitike,h,8995,OpenPlay,2022,RightFoot,19804,Paris Saint Germain,Strasbourg,2,1,2022-12-28 20:00:00,Neymar,Pass
283,501987,3,MissedShots,0.9019999694824219,0.3390000152587891,0.008096760138869286,Hugo Ekitike,a,8995,SetPiece,2022,Head,19814,Lens,Paris Saint Germain,3,1,2023-01-01 19:45:00,Carlos Soler,Aerial
284,501989,7,Goal,0.9740000152587891,0.4229999923706055,0.5079060196876526,Hugo Ekitike,a,8995,OpenPlay,2022,RightFoot,19814,Lens,Paris Saint Germain,3,1,2023-01-01 19:45:00,,None
285,501991,16,MissedShots,0.9619999694824218,0.595999984741211,0.37573501467704773,Hugo Ekitike,a,8995,OpenPlay,2022,LeftFoot,19814,Lens,Paris Saint Germain,3,1,2023-01-01 19:45:00,,Rebound
286,501999,54,BlockedShot,0.8369999694824218,0.7430000305175781,0.024578500539064407,Hugo Ekitike,a,8995,OpenPlay,2022,RightFoot,19814,Lens,Paris Saint Germain,3,1,2023-01-01 19:45:00,Marco Verratti,Pass
287,503283,4,Goal,0.9330000305175781,0.455,0.42569398880004883,Hugo Ekitike,h,8995,OpenPlay,2022,RightFoot,19824,Paris Saint Germain,Angers,2,0,2023-01-11 20:00:00,Nordi Mukiele,Cross
288,503288,58,SavedShot,0.909000015258789,0.6370000076293946,0.10722599923610687,Hugo Ekitike,h,8995,OpenPlay,2022,RightFoot,19824,Paris Saint Germain,Angers,2,0,2023-01-11 20:00:00,Juan Bernat,Pass
289,506699,61,ShotOnPost,0.870999984741211,0.4279999923706055,0.3882940113544464,Hugo Ekitike,a,8995,OpenPlay,2022,RightFoot,19852,Montpellier,Paris Saint Germain,1,3,2023-02-01 20:00:00,Lionel Messi,Throughball
290,507245,15,MissedShots,0.924000015258789,0.7390000152587891,0.04458320140838623,Hugo Ekitike,h,8995,OpenPlay,2022,LeftFoot,19863,Paris Saint Germain,Toulouse,2,1,2023-02-04 16:00:00,Vitinha,BallRecovery
291,507249,27,SavedShot,0.894000015258789,0.38,0.06363219767808914,Hugo Ekitike,h,8995,OpenPlay,2022,RightFoot,19863,Paris Saint Germain,Toulouse,2,1,2023-02-04 16:00:00,,None
292,507266,70,MissedShots,0.9640000152587891,0.37099998474121093,0.03385850042104721,Hugo Ekitike,h,8995,OpenPlay,2022,Head,19863,Paris Saint Germain,Toulouse,2,1,2023-02-04 16:00:00,Achraf Hakimi,Cross
293,510018,59,SavedShot,0.919000015258789,0.3820000076293945,0.021406900137662888,Hugo Ekitike,h,8995,OpenPlay,2022,Head,19881,Paris Saint Germain,Lille,4,3,2023-02-19 12:00:00,Marco Verratti,Aerial
294,510020,72,SavedShot,0.8209999847412109,0.25799999237060545,0.04706110060214996,Hugo Ekitike,h,8995,OpenPlay,2022,RightFoot,19881,Paris Saint Germain,Lille,4,3,2023-02-19 12:00:00,Vitinha,BallRecovery
295,515732,55,MissedShots,0.9540000152587891,0.595999984741211,0.06668510288000107,Hugo Ekitike,h,8995,OpenPlay,2022,LeftFoot,19922,Paris Saint Germain,Rennes,0,2,2023-03-19 16:05:00,Nuno Mendes,Cross
296,515743,89,BlockedShot,0.8090000152587891,0.4759999847412109,0.05388370156288147,Hugo Ekitike,h,8995,OpenPlay,2022,RightFoot,19922,Paris Saint Germain,Rennes,0,2,2023-03-19 16:05:00,Marco Verratti,TakeOn
297,517290,79,SavedShot,0.8019999694824219,0.295,0.02310669980943203,Hugo Ekitike,h,8995,OpenPlay,2022,RightFoot,19935,Paris Saint Germain,Lyon,0,1,2023-04-02 18:45:00,Lionel Messi,Pass
298,525311,1,MissedShots,0.9740000152587891,0.5720000076293945,0.10833778232336044,Hugo Ekitike,a,8995,OpenPlay,2022,RightFoot,19987,Troyes,Paris Saint Germain,1,3,2023-05-07 18:45:00,Juan Bernat,Cross
299,525314,10,BlockedShot,0.87,0.3629999923706055,0.08737995475530624,Hugo Ekitike,a,8995,OpenPlay,2022,LeftFoot,19987,Troyes,Paris Saint Germain,1,3,2023-05-07 18:45:00,Warren Zaïre-Emery,Pass
300,525318,19,SavedShot,0.8019999694824219,0.4779999923706055,0.09311295300722122,Hugo Ekitike,a,8995,OpenPlay,2022,LeftFoot,19987,Troyes,Paris Saint Germain,1,3,2023-05-07 18:45:00,,TakeOn
301,525330,49,MissedShots,0.8009999847412109,0.3729999923706055,0.04356565326452255,Hugo Ekitike,a,8995,OpenPlay,2022,RightFoot,19987,Troyes,Paris Saint Germain,1,3,2023-05-07 18:45:00,Marquinhos,Pass
302,525331,50,SavedShot,0.774000015258789,0.425,0.03592728450894356,Hugo Ekitike,a,8995,OpenPlay,2022,RightFoot,19987,Troyes,Paris Saint Germain,1,3,2023-05-07 18:45:00,Fabián,Pass
303,525341,75,BlockedShot,0.88,0.3609999847412109,0.09014303237199783,Hugo Ekitike,a,8995,OpenPlay,2022,RightFoot,19987,Troyes,Paris Saint Germain,1,3,2023-05-07 18:45:00,Marco Verratti,Pass
304,530684,6,BlockedShot,0.88,0.34200000762939453,0.0726255550980568,Hugo Ekitike,h,8995,OpenPlay,2022,RightFoot,20024,Paris Saint Germain,Clermont Foot,2,3,2023-06-03 17:00:00,Warren Zaïre-Emery,Pass
305,530694,31,MissedShots,0.8719999694824219,0.5479999923706055,0.10948572307825089,Hugo Ekitike,h,8995,OpenPlay,2022,RightFoot,20024,Paris Saint Germain,Clermont Foot,2,3,2023-06-03 17:00:00,,Dispossessed
306,530695,33,MissedShots,0.93,0.55,0.13391607999801636,Hugo Ekitike,h,8995,OpenPlay,2022,LeftFoot,20024,Paris Saint Germain,Clermont Foot,2,3,2023-06-03 17:00:00,Lionel Messi,BallTouch
307,530699,42,BlockedShot,0.8209999847412109,0.6229999923706054,0.05659700930118561,Hugo Ekitike,h,8995,OpenPlay,2022,RightFoot,20024,Paris Saint Germain,Clermont Foot,2,3,2023-06-03 17:00:00,Marco Verratti,Pass
308,530702,46,MissedShots,0.9009999847412109,0.5820000076293945,0.041254498064517975,Hugo Ekitike,h,8995,OpenPlay,2022,Head,20024,Paris Saint Germain,Clermont Foot,2,3,2023-06-03 17:00:00,Marco Verratti,Chipped
309,564473,94,BlockedShot,0.9580000305175781,0.33,0.06292174756526947,Hugo Ekitike,a,8995,OpenPlay,2023,RightFoot,23255,Freiburg,Eintracht Frankfurt,3,3,2024-02-18 14:30:00,Eric Junior Dina Ebimbe,BallRecovery
310,564474,96,SavedShot,0.9059999847412109,0.4420000076293945,0.09058355540037155,Hugo Ekitike,a,8995,FromCorner,2023,RightFoot,23255,Freiburg,Eintracht Frankfurt,3,3,2024-02-18 14:30:00,Sebastian Rode,Chipped
311,565739,22,MissedShots,0.904000015258789,0.4490000152587891,0.3236335515975952,Hugo Ekitike,h,8995,OpenPlay,2023,RightFoot,23267,Eintracht Frankfurt,Wolfsburg,2,2,2024-02-25 14:30:00,Eric Junior Dina Ebimbe,Cross
312,565751,74,MissedShots,0.9009999847412109,0.385,0.030537739396095276,Hugo Ekitike,h,8995,OpenPlay,2023,Head,23267,Eintracht Frankfurt,Wolfsburg,2,2,2024-02-25 14:30:00,Farès Chaïbi,Cross
313,566430,62,SavedShot,0.9569999694824218,0.725,0.07473649829626083,Hugo Ekitike,a,8995,OpenPlay,2023,LeftFoot,23279,FC Heidenheim,Eintracht Frankfurt,1,2,2024-03-02 14:30:00,Omar Marmoush,Pass
314,566434,68,MissedShots,0.9619999694824218,0.55,0.4216500222682953,Hugo Ekitike,a,8995,FromCorner,2023,Head,23279,FC Heidenheim,Eintracht Frankfurt,1,2,2024-03-02 14:30:00,,Rebound
315,566438,74,MissedShots,0.9780000305175781,0.4229999923706055,0.10001856833696365,Hugo Ekitike,a,8995,FromCorner,2023,RightFoot,23279,FC Heidenheim,Eintracht Frankfurt,1,2,2024-03-02 14:30:00,Farès Chaïbi,Cross
316,570097,93,SavedShot,0.82,0.34,0.02498684450984001,Hugo Ekitike,a,8995,OpenPlay,2023,RightFoot,23290,Borussia Dortmund,Eintracht Frankfurt,3,1,2024-03-17 16:30:00,Timothy Chandler,HeadPass
317,570595,56,SavedShot,0.955999984741211,0.6480000305175782,0.08443228900432587,Hugo Ekitike,h,8995,OpenPlay,2023,LeftFoot,23302,Eintracht Frankfurt,Union Berlin,0,0,2024-03-30 14:30:00,Ansgar Knauff,Pass
318,573949,46,BlockedShot,0.87,0.31799999237060544,0.038055408746004105,Hugo Ekitike,a,8995,OpenPlay,2023,RightFoot,23324,VfB Stuttgart,Eintracht Frankfurt,3,0,2024-04-13 16:30:00,Jean Négoce,None
319,573957,81,MissedShots,0.8809999847412109,0.33299999237060546,0.053657762706279755,Hugo Ekitike,a,8995,OpenPlay,2023,LeftFoot,23324,VfB Stuttgart,Eintracht Frankfurt,3,0,2024-04-13 16:30:00,Omar Marmoush,BallTouch
320,573956,81,MissedShots,0.884000015258789,0.31,0.03425482660531998,Hugo Ekitike,a,8995,FromCorner,2023,RightFoot,23324,VfB Stuttgart,Eintracht Frankfurt,3,0,2024-04-13 16:30:00,Omar Marmoush,BallTouch
321,573955,81,MissedShots,0.8590000152587891,0.25799999237060545,0.014802400954067707,Hugo Ekitike,a,8995,OpenPlay,2023,LeftFoot,23324,VfB Stuttgart,Eintracht Frankfurt,3,0,2024-04-13 16:30:00,,Rebound
322,574702,60,Goal,0.8540000152587891,0.4370000076293945,0.0681743323802948,Hugo Ekitike,h,8995,OpenPlay,2023,RightFoot,23329,Eintracht Frankfurt,Augsburg,3,1,2024-04-19 18:30:00,,None
323,576664,22,Goal,0.7530000305175781,0.504000015258789,0.026984384283423424,Hugo Ekitike,a,8995,OpenPlay,2023,RightFoot,23335,Bayern Munich,Eintracht Frankfurt,2,1,2024-04-27 13:30:00,William Pacho,TakeOn
324,576670,40,BlockedShot,0.7390000152587891,0.7280000305175781,0.017520038411021233,Hugo Ekitike,a,8995,OpenPlay,2023,RightFoot,23335,Bayern Munich,Eintracht Frankfurt,2,1,2024-04-27 13:30:00,Mario Götze,Pass
325,576679,51,MissedShots,0.8959999847412109,0.27399999618530274,0.06267242133617401,Hugo Ekitike,a,8995,OpenPlay,2023,RightFoot,23335,Bayern Munich,Eintracht Frankfurt,2,1,2024-04-27 13:30:00,Eric Junior Dina Ebimbe,Pass
326,579067,31,Goal,0.93,0.475,0.3310640752315521,Hugo Ekitike,h,8995,FromCorner,2023,Head,23346,Eintracht Frankfurt,Bayer Leverkusen,1,5,2024-05-05 15:30:00,Farès Chaïbi,Cross
327,579074,46,MissedShots,0.8480000305175781,0.38,0.07244301587343216,Hugo Ekitike,h,8995,OpenPlay,2023,LeftFoot,23346,Eintracht Frankfurt,Bayer Leverkusen,1,5,2024-05-05 15:30:00,Ellyes Skhiri,TakeOn
328,579079,61,BlockedShot,0.745999984741211,0.5520000076293945,0.01536371000111103,Hugo Ekitike,h,8995,OpenPlay,2023,LeftFoot,23346,Eintracht Frankfurt,Bayer Leverkusen,1,5,2024-05-05 15:30:00,Omar Marmoush,Pass
329,579746,18,ShotOnPost,0.9840000152587891,0.4159999847412109,0.5507839322090149,Hugo Ekitike,a,8995,OpenPlay,2023,RightFoot,23357,Borussia M.Gladbach,Eintracht Frankfurt,1,1,2024-05-11 13:30:00,Tuta,TakeOn
330,579749,39,BlockedShot,0.8809999847412109,0.669000015258789,0.05843314155936241,Hugo Ekitike,a,8995,OpenPlay,2023,RightFoot,23357,Borussia M.Gladbach,Eintracht Frankfurt,1,1,2024-05-11 13:30:00,Ansgar Knauff,Pass
331,579751,48,MissedShots,0.9219999694824219,0.4329999923706055,0.13747864961624146,Hugo Ekitike,a,8995,OpenPlay,2023,RightFoot,23357,Borussia M.Gladbach,Eintracht Frankfurt,1,1,2024-05-11 13:30:00,Mario Götze,Pass
332,579759,71,MissedShots,0.88,0.7180000305175781,0.03579064458608627,Hugo Ekitike,a,8995,OpenPlay,2023,RightFoot,23357,Borussia M.Gladbach,Eintracht Frankfurt,1,1,2024-05-11 13:30:00,William Pacho,Pass
333,579760,76,MissedShots,0.9109999847412109,0.45799999237060546,0.09119778126478195,Hugo Ekitike,a,8995,OpenPlay,2023,Head,23357,Borussia M.Gladbach,Eintracht Frankfurt,1,1,2024-05-11 13:30:00,Niels Nkounkou,Throughball
334,581545,14,SavedShot,0.8109999847412109,0.5990000152587891,0.04878009110689163,Hugo Ekitike,h,8995,OpenPlay,2023,RightFoot,23365,Eintracht Frankfurt,RasenBallsport Leipzig,2,2,2024-05-18 13:30:00,,BallRecovery
335,581555,46,BlockedShot,0.9109999847412109,0.37599998474121094,0.08353007584810257,Hugo Ekitike,h,8995,SetPiece,2023,RightFoot,23365,Eintracht Frankfurt,RasenBallsport Leipzig,2,2,2024-05-18 13:30:00,Ellyes Skhiri,Rebound
336,581559,59,Goal,0.9519999694824218,0.5179999923706055,0.5218713879585266,Hugo Ekitike,h,8995,SetPiece,2023,Head,23365,Eintracht Frankfurt,RasenBallsport Leipzig,2,2,2024-05-18 13:30:00,Ansgar Knauff,Aerial
337,581566,80,MissedShots,0.7809999847412109,0.34,0.02006109617650509,Hugo Ekitike,h,8995,OpenPlay,2023,RightFoot,23365,Eintracht Frankfurt,RasenBallsport Leipzig,2,2,2024-05-18 13:30:00,,None
338,581568,85,BlockedShot,0.9740000152587891,0.415,0.1716259866952896,Hugo Ekitike,h,8995,OpenPlay,2023,RightFoot,23365,Eintracht Frankfurt,RasenBallsport Leipzig,2,2,2024-05-18 13:30:00,Ansgar Knauff,TakeOn
339,586319,4,MissedShots,0.92,0.5329999923706055,0.09898971766233444,Hugo Ekitike,a,8995,FromCorner,2024,LeftFoot,27748,Borussia Dortmund,Eintracht Frankfurt,2,0,2024-08-24 16:30:00,,BallTouch
340,586323,26,BlockedShot,0.774000015258789,0.29399999618530276,0.013836903497576714,Hugo Ekitike,a,8995,OpenPlay,2024,RightFoot,27748,Borussia Dortmund,Eintracht Frankfurt,2,0,2024-08-24 16:30:00,Omar Marmoush,TakeOn
341,586327,38,SavedShot,0.8869999694824219,0.5129999923706055,0.1473744809627533,Hugo Ekitike,a,8995,OpenPlay,2024,RightFoot,27748,Borussia Dortmund,Eintracht Frankfurt,2,0,2024-08-24 16:30:00,Omar Marmoush,Pass
342,589004,15,MissedShots,0.98,0.32799999237060545,0.05439072102308273,Hugo Ekitike,h,8995,OpenPlay,2024,RightFoot,27756,Eintracht Frankfurt,Hoffenheim,3,1,2024-08-31 13:30:00,Mario Götze,Chipped
343,589006,23,Goal,0.97,0.5609999847412109,0.9571093320846558,Hugo Ekitike,h,8995,OpenPlay,2024,LeftFoot,27756,Eintracht Frankfurt,Hoffenheim,3,1,2024-08-31 13:30:00,Omar Marmoush,TakeOn
344,590619,36,MissedShots,0.8159999847412109,0.4540000152587891,0.033340029418468475,Hugo Ekitike,a,8995,SetPiece,2024,RightFoot,27764,Wolfsburg,Eintracht Frankfurt,1,2,2024-09-14 13:30:00,Omar Marmoush,Pass
345,590626,63,SavedShot,0.7669999694824219,0.5690000152587891,0.03448779135942459,Hugo Ekitike,a,8995,OpenPlay,2024,RightFoot,27764,Wolfsburg,Eintracht Frankfurt,1,2,2024-09-14 13:30:00,Niels Nkounkou,Pass
346,592665,24,MissedShots,0.9740000152587891,0.47099998474121096,0.8069641590118408,Hugo Ekitike,h,8995,OpenPlay,2024,Head,27774,Eintracht Frankfurt,Borussia M.Gladbach,2,0,2024-09-21 16:30:00,Omar Marmoush,Rebound
347,592677,46,MissedShots,0.9269999694824219,0.5529999923706055,0.058658450841903687,Hugo Ekitike,h,8995,SetPiece,2024,Head,27774,Eintracht Frankfurt,Borussia M.Gladbach,2,0,2024-09-21 16:30:00,Farès Chaïbi,Aerial
348,592678,49,BlockedShot,0.8480000305175781,0.37599998474121094,0.07722918689250946,Hugo Ekitike,h,8995,OpenPlay,2024,RightFoot,27774,Eintracht Frankfurt,Borussia M.Gladbach,2,0,2024-09-21 16:30:00,Ansgar Knauff,Pass
349,592688,62,SavedShot,0.9159999847412109,0.3870000076293945,0.4132309854030609,Hugo Ekitike,h,8995,OpenPlay,2024,RightFoot,27774,Eintracht Frankfurt,Borussia M.Gladbach,2,0,2024-09-21 16:30:00,Omar Marmoush,Pass
350,596331,34,Goal,0.9019999694824219,0.3920000076293945,0.4174211323261261,Hugo Ekitike,h,8995,OpenPlay,2024,RightFoot,27787,Eintracht Frankfurt,Bayern Munich,3,3,2024-10-06 15:30:00,Omar Marmoush,Pass
351,596335,44,SavedShot,0.7390000152587891,0.77,0.010515348054468632,Hugo Ekitike,h,8995,OpenPlay,2024,RightFoot,27787,Eintracht Frankfurt,Bayern Munich,3,3,2024-10-06 15:30:00,Farès Chaïbi,TakeOn
352,596342,63,MissedShots,0.875999984741211,0.644000015258789,0.008830072358250618,Hugo Ekitike,h,8995,OpenPlay,2024,Head,27787,Eintracht Frankfurt,Bayern Munich,3,3,2024-10-06 15:30:00,Mahmoud Dahoud,Aerial
353,596998,57,MissedShots,0.7880000305175782,0.620999984741211,0.029413076117634773,Hugo Ekitike,a,8995,OpenPlay,2024,LeftFoot,27796,Bayer Leverkusen,Eintracht Frankfurt,2,1,2024-10-19 13:30:00,Hugo Larsson,Pass
354,597001,67,BlockedShot,0.8580000305175781,0.625999984741211,0.05311727151274681,Hugo Ekitike,a,8995,SetPiece,2024,RightFoot,27796,Bayer Leverkusen,Eintracht Frankfurt,2,1,2024-10-19 13:30:00,,None
355,597010,90,BlockedShot,0.9409999847412109,0.5359999847412109,0.46324849128723145,Hugo Ekitike,a,8995,OpenPlay,2024,Head,27796,Bayer Leverkusen,Eintracht Frankfurt,2,1,2024-10-19 13:30:00,,Aerial
356,599046,44,BlockedShot,0.7230000305175781,0.4879999923706055,0.025768674910068512,Hugo Ekitike,a,8995,OpenPlay,2024,RightFoot,27811,Union Berlin,Eintracht Frankfurt,1,1,2024-10-27 16:30:00,Robin Koch,Pass
357,599953,8,Goal,0.8919999694824219,0.5670000076293945,0.11186543107032776,Hugo Ekitike,h,8995,OpenPlay,2024,RightFoot,27817,Eintracht Frankfurt,Bochum,7,2,2024-11-02 14:30:00,Omar Marmoush,Pass
358,599968,52,BlockedShot,0.7719999694824219,0.5640000152587891,0.040183596312999725,Hugo Ekitike,h,8995,OpenPlay,2024,RightFoot,27817,Eintracht Frankfurt,Bochum,7,2,2024-11-02 14:30:00,Mahmoud Dahoud,Pass
359,599974,68,Goal,0.9169999694824219,0.605,0.46488797664642334,Hugo Ekitike,h,8995,OpenPlay,2024,RightFoot,27817,Eintracht Frankfurt,Bochum,7,2,2024-11-02 14:30:00,Mahmoud Dahoud,Throughball
360,602247,44,Goal,0.965,0.44599998474121094,0.464670866727829,Hugo Ekitike,a,8995,FromCorner,2024,Head,27823,VfB Stuttgart,Eintracht Frankfurt,2,3,2024-11-10 16:30:00,Omar Marmoush,Cross
361,603051,11,BlockedShot,0.955,0.43099998474121093,0.554683268070221,Hugo Ekitike,h,8995,OpenPlay,2024,RightFoot,27836,Eintracht Frankfurt,Werder Bremen,1,0,2024-11-23 17:30:00,Ellyes Skhiri,Pass
362,603053,12,SavedShot,0.9569999694824218,0.6709999847412109,0.07548897713422775,Hugo Ekitike,h,8995,OpenPlay,2024,RightFoot,27836,Eintracht Frankfurt,Werder Bremen,1,0,2024-11-23 17:30:00,Arthur Theate,TakeOn
363,603054,20,BlockedShot,0.840999984741211,0.455,0.11901284009218216,Hugo Ekitike,h,8995,OpenPlay,2024,RightFoot,27836,Eintracht Frankfurt,Werder Bremen,1,0,2024-11-23 17:30:00,Mario Götze,Throughball
364,603065,58,BlockedShot,0.775,0.5509999847412109,0.04218432307243347,Hugo Ekitike,h,8995,OpenPlay,2024,RightFoot,27836,Eintracht Frankfurt,Werder Bremen,1,0,2024-11-23 17:30:00,Omar Marmoush,Pass
365,604943,87,BlockedShot,0.8959999847412109,0.3940000152587891,0.13788890838623047,Hugo Ekitike,a,8995,OpenPlay,2024,RightFoot,27843,FC Heidenheim,Eintracht Frankfurt,0,4,2024-12-01 16:30:00,Ansgar Knauff,Pass
366,604945,90,SavedShot,0.7559999847412109,0.49,0.12420310825109482,Hugo Ekitike,a,8995,OpenPlay,2024,RightFoot,27843,FC Heidenheim,Eintracht Frankfurt,0,4,2024-12-01 16:30:00,Ellyes Skhiri,TakeOn
367,604947,93,Goal,0.975999984741211,0.53,0.9698761701583862,Hugo Ekitike,a,8995,OpenPlay,2024,LeftFoot,27843,FC Heidenheim,Eintracht Frankfurt,0,4,2024-12-01 16:30:00,Ansgar Knauff,Pass
368,605725,54,Goal,0.970999984741211,0.53,0.6520076394081116,Hugo Ekitike,h,8995,OpenPlay,2024,RightFoot,27858,Eintracht Frankfurt,Augsburg,2,2,2024-12-07 14:30:00,Ansgar Knauff,HeadPass
369,605730,63,BlockedShot,0.8640000152587891,0.46599998474121096,0.10657034814357758,Hugo Ekitike,h,8995,OpenPlay,2024,RightFoot,27858,Eintracht Frankfurt,Augsburg,2,2,2024-12-07 14:30:00,Omar Marmoush,Pass
370,607808,26,MissedShots,0.8719999694824219,0.37799999237060544,0.027518372982740402,Hugo Ekitike,a,8995,SetPiece,2024,RightFoot,27859,RasenBallsport Leipzig,Eintracht Frankfurt,2,1,2024-12-15 18:30:00,Nathaniel Brown,Cross
371,607810,29,MissedShots,0.96,0.625999984741211,0.07437977194786072,Hugo Ekitike,a,8995,OpenPlay,2024,LeftFoot,27859,RasenBallsport Leipzig,Eintracht Frankfurt,2,1,2024-12-15 18:30:00,,Rebound
372,607812,31,BlockedShot,0.7619999694824219,0.5370000076293945,0.022918596863746643,Hugo Ekitike,a,8995,SetPiece,2024,RightFoot,27859,RasenBallsport Leipzig,Eintracht Frankfurt,2,1,2024-12-15 18:30:00,Mahmoud Dahoud,Pass
373,608251,22,MissedShots,0.735,0.51,0.016940224915742874,Hugo Ekitike,h,8995,OpenPlay,2024,RightFoot,27871,Eintracht Frankfurt,Mainz 05,1,3,2024-12-21 14:30:00,Oscar Højlund,BallRecovery
374,608256,41,SavedShot,0.8069999694824219,0.5179999923706055,0.045190807431936264,Hugo Ekitike,h,8995,OpenPlay,2024,RightFoot,27871,Eintracht Frankfurt,Mainz 05,1,3,2024-12-21 14:30:00,Farès Chaïbi,TakeOn
375,599957,31,Goal,0.9690000152587891,0.4979999923706055,0.9307712316513062,Nathaniel Brown,h,13122,OpenPlay,2024,LeftFoot,27817,Eintracht Frankfurt,Bochum,7,2,2024-11-02 14:30:00,Nnamdi Collins,Pass
376,599966,46,MissedShots,0.7969999694824219,0.615,0.021956773474812508,Nathaniel Brown,h,13122,OpenPlay,2024,LeftFoot,27817,Eintracht Frankfurt,Bochum,7,2,2024-11-02 14:30:00,,Rebound
377,602251,54,Goal,0.9480000305175781,0.514000015258789,0.6230124235153198,Nathaniel Brown,a,13122,OpenPlay,2024,RightFoot,27823,VfB Stuttgart,Eintracht Frankfurt,2,3,2024-11-10 16:30:00,,None
378,602255,66,SavedShot,0.89,0.644000015258789,0.37092486023902893,Nathaniel Brown,a,13122,OpenPlay,2024,LeftFoot,27823,VfB Stuttgart,Eintracht Frankfurt,2,3,2024-11-10 16:30:00,,BallRecovery
379,607815,39,Goal,0.8490000152587891,0.68,0.03886507824063301,Nathaniel Brown,a,13122,OpenPlay,2024,LeftFoot,27859,RasenBallsport Leipzig,Eintracht Frankfurt,2,1,2024-12-15 18:30:00,Can Uzun,Pass
380,608270,66,BlockedShot,0.9180000305175782,0.654000015258789,0.052364982664585114,Nathaniel Brown,h,13122,OpenPlay,2024,LeftFoot,27871,Eintracht Frankfurt,Mainz 05,1,3,2024-12-21 14:30:00,Robin Koch,Rebound
381,24347,42,MissedShots,0.895,0.6630000305175782,0.03674669936299324,Mario Götze,h,422,FromCorner,2014,RightFoot,5447,Bayern Munich,Wolfsburg,2,1,2014-08-22 19:30:00,Arjen Robben,Cross
382,24793,14,SavedShot,0.875,0.6680000305175782,0.053643301129341125,Mario Götze,h,422,OpenPlay,2014,RightFoot,5413,Bayern Munich,VfB Stuttgart,2,0,2014-09-13 14:30:00,,None
383,24796,26,Goal,0.889000015258789,0.35900001525878905,0.07759150117635727,Mario Götze,h,422,SetPiece,2014,RightFoot,5413,Bayern Munich,VfB Stuttgart,2,0,2014-09-13 14:30:00,,TakeOn
384,25260,7,Goal,0.8619999694824219,0.42700000762939455,0.3615579903125763,Mario Götze,h,422,OpenPlay,2014,RightFoot,5430,Bayern Munich,Paderborn,4,0,2014-09-23 19:00:00,Thomas Müller,Pass
385,25264,12,SavedShot,0.865999984741211,0.53,0.11478699743747711,Mario Götze,h,422,OpenPlay,2014,RightFoot,5430,Bayern Munich,Paderborn,4,0,2014-09-23 19:00:00,David Alaba,Pass
386,25270,28,MissedShots,0.884000015258789,0.37900001525878907,0.060941100120544434,Mario Götze,h,422,FromCorner,2014,LeftFoot,5430,Bayern Munich,Paderborn,4,0,2014-09-23 19:00:00,,None
387,25274,41,BlockedShot,0.8590000152587891,0.4209999847412109,0.11885099858045578,Mario Götze,h,422,OpenPlay,2014,RightFoot,5430,Bayern Munich,Paderborn,4,0,2014-09-23 19:00:00,Arjen Robben,Pass
388,25279,61,MissedShots,0.875999984741211,0.46799999237060547,0.06540039926767349,Mario Götze,h,422,FromCorner,2014,RightFoot,5430,Bayern Munich,Paderborn,4,0,2014-09-23 19:00:00,Arjen Robben,Pass
389,25285,77,Goal,0.9719999694824218,0.44299999237060544,0.6786590218544006,Mario Götze,h,422,OpenPlay,2014,RightFoot,5430,Bayern Munich,Paderborn,4,0,2014-09-23 19:00:00,,Rebound
390,25286,83,MissedShots,0.825,0.7169999694824218,0.01384539995342493,Mario Götze,h,422,OpenPlay,2014,RightFoot,5430,Bayern Munich,Paderborn,4,0,2014-09-23 19:00:00,,Aerial
391,25662,18,Goal,0.9080000305175782,0.53,0.4712890088558197,Mario Götze,a,422,OpenPlay,2014,RightFoot,5442,FC Cologne,Bayern Munich,0,2,2014-09-27 14:30:00,Thomas Müller,Pass
392,25672,37,SavedShot,0.9319999694824219,0.415,0.46674299240112305,Mario Götze,a,422,OpenPlay,2014,RightFoot,5442,FC Cologne,Bayern Munich,0,2,2014-09-27 14:30:00,Arjen Robben,Pass
393,25674,39,MissedShots,0.779000015258789,0.33799999237060546,0.031238000839948654,Mario Götze,a,422,OpenPlay,2014,RightFoot,5442,FC Cologne,Bayern Munich,0,2,2014-09-27 14:30:00,Xabi Alonso,Pass
394,25687,80,BlockedShot,0.875999984741211,0.539000015258789,0.10763700306415558,Mario Götze,a,422,OpenPlay,2014,RightFoot,5442,FC Cologne,Bayern Munich,0,2,2014-09-27 14:30:00,Robert Lewandowski,BallTouch
395,25686,80,BlockedShot,0.845,0.5429999923706055,0.16159899532794952,Mario Götze,a,422,OpenPlay,2014,RightFoot,5442,FC Cologne,Bayern Munich,0,2,2014-09-27 14:30:00,David Alaba,TakeOn
396,25971,4,MissedShots,0.710999984741211,0.42700000762939455,0.018343999981880188,Mario Götze,h,422,OpenPlay,2014,RightFoot,5392,Bayern Munich,Werder Bremen,6,0,2014-10-18 14:30:00,David Alaba,Pass
397,25978,44,Goal,0.860999984741211,0.615,0.08974750339984894,Mario Götze,h,422,OpenPlay,2014,RightFoot,5392,Bayern Munich,Werder Bremen,6,0,2014-10-18 14:30:00,David Alaba,Pass
398,25989,85,Goal,0.805,0.5790000152587891,0.05990289896726608,Mario Götze,h,422,OpenPlay,2014,RightFoot,5392,Bayern Munich,Werder Bremen,6,0,2014-10-18 14:30:00,,Dispossessed
399,26297,54,BlockedShot,0.9159999847412109,0.6509999847412109,0.06770029664039612,Mario Götze,a,422,OpenPlay,2014,RightFoot,5409,Borussia M.Gladbach,Bayern Munich,0,0,2014-10-26 16:30:00,,Rebound
400,26302,64,MissedShots,0.895,0.35700000762939454,0.056818198412656784,Mario Götze,a,422,FromCorner,2014,LeftFoot,5409,Borussia M.Gladbach,Bayern Munich,0,0,2014-10-26 16:30:00,Robert Lewandowski,None
401,26309,82,BlockedShot,0.8930000305175781,0.6669999694824219,0.051285699009895325,Mario Götze,a,422,OpenPlay,2014,LeftFoot,5409,Borussia M.Gladbach,Bayern Munich,0,0,2014-10-26 16:30:00,Philipp Lahm,Chipped
402,26874,34,MissedShots,0.9119999694824219,0.285,0.00936248991638422,Mario Götze,a,422,FromCorner,2014,Head,5360,Eintracht Frankfurt,Bayern Munich,0,4,2014-11-08 14:30:00,Franck Ribéry,Cross
403,26882,72,BlockedShot,0.899000015258789,0.37599998474121094,0.05635650083422661,Mario Götze,a,422,FromCorner,2014,RightFoot,5360,Eintracht Frankfurt,Bayern Munich,0,4,2014-11-08 14:30:00,Arjen Robben,Pass
404,26887,83,SavedShot,0.9640000152587891,0.6759999847412109,0.11102200299501419,Mario Götze,a,422,OpenPlay,2014,LeftFoot,5360,Eintracht Frankfurt,Bayern Munich,0,4,2014-11-08 14:30:00,,TakeOn
405,26927,22,Goal,0.7219999694824218,0.415,0.020921099931001663,Mario Götze,h,422,OpenPlay,2014,RightFoot,5365,Bayern Munich,Hoffenheim,4,0,2014-11-22 14:30:00,Xabi Alonso,Pass
406,26930,32,MissedShots,0.8319999694824218,0.575,0.07214990258216858,Mario Götze,h,422,OpenPlay,2014,RightFoot,5365,Bayern Munich,Hoffenheim,4,0,2014-11-22 14:30:00,,None
407,26938,55,SavedShot,0.915,0.664000015258789,0.09916020184755325,Mario Götze,h,422,OpenPlay,2014,LeftFoot,5365,Bayern Munich,Hoffenheim,4,0,2014-11-22 14:30:00,Jérôme Boateng,Chipped
408,28334,24,SavedShot,0.865999984741211,0.5779999923706055,0.29564398527145386,Mario Götze,h,422,OpenPlay,2014,RightFoot,5333,Bayern Munich,Freiburg,2,0,2014-12-16 19:00:00,Xabi Alonso,Chipped
409,29644,6,MissedShots,0.9030000305175782,0.5420000076293945,0.06686309725046158,Mario Götze,h,422,FromCorner,2014,RightFoot,5264,Bayern Munich,Schalke 04,1,1,2015-02-03 19:00:00,Xabi Alonso,Cross
410,28801,22,Goal,0.9630000305175781,0.45799999237060546,0.6805580258369446,Mario Götze,h,422,OpenPlay,2014,RightFoot,5285,Bayern Munich,Hamburger SV,8,0,2015-02-14 14:30:00,,Rebound
411,28813,54,BlockedShot,0.7959999847412109,0.4329999923706055,0.06284189969301224,Mario Götze,h,422,OpenPlay,2014,RightFoot,5285,Bayern Munich,Hamburger SV,8,0,2015-02-14 14:30:00,Robert Lewandowski,Pass
412,28815,55,BlockedShot,0.799000015258789,0.44299999237060544,0.06220899894833565,Mario Götze,h,422,OpenPlay,2014,RightFoot,5285,Bayern Munich,Hamburger SV,8,0,2015-02-14 14:30:00,Robert Lewandowski,Pass
413,28827,87,Goal,0.845,0.7069999694824218,0.04234819859266281,Mario Götze,h,422,OpenPlay,2014,RightFoot,5285,Bayern Munich,Hamburger SV,8,0,2015-02-14 14:30:00,Claudio Pizarro,Pass
414,28790,82,MissedShots,0.915,0.51,0.05472410097718239,Mario Götze,h,422,OpenPlay,2014,Head,5298,Bayern Munich,FC Cologne,4,1,2015-02-27 19:30:00,Rafinha,Aerial
415,31380,7,BlockedShot,0.7780000305175782,0.35900001525878905,0.024330999702215195,Mario Götze,a,422,OpenPlay,2014,RightFoot,5246,Werder Bremen,Bayern Munich,0,4,2015-03-14 14:30:00,Jérôme Boateng,TakeOn
416,31581,2,BlockedShot,0.9130000305175782,0.539000015258789,0.11021500080823898,Mario Götze,h,422,OpenPlay,2014,LeftFoot,5259,Bayern Munich,Borussia M.Gladbach,0,2,2015-03-22 16:30:00,Robert Lewandowski,BallTouch
417,31584,13,BlockedShot,0.785,0.41200000762939454,0.02890859916806221,Mario Götze,h,422,OpenPlay,2014,RightFoot,5259,Bayern Munich,Borussia M.Gladbach,0,2,2015-03-22 16:30:00,Robert Lewandowski,Pass
418,32257,79,BlockedShot,0.725999984741211,0.5629999923706055,0.027348799630999565,Mario Götze,a,422,OpenPlay,2014,LeftFoot,5201,Borussia Dortmund,Bayern Munich,0,1,2015-04-04 17:30:00,Thiago Alcántara,HeadPass
419,30723,29,SavedShot,0.855,0.3840000152587891,0.0604592002928257,Mario Götze,h,422,OpenPlay,2014,RightFoot,5205,Bayern Munich,Eintracht Frankfurt,3,0,2015-04-11 14:30:00,Thomas Müller,Chipped
420,30731,61,ShotOnPost,0.8590000152587891,0.655,0.08170519769191742,Mario Götze,h,422,OpenPlay,2014,RightFoot,5205,Bayern Munich,Eintracht Frankfurt,3,0,2015-04-11 14:30:00,Thiago Alcántara,TakeOn
421,30733,65,BlockedShot,0.8830000305175781,0.5379999923706055,0.41206198930740356,Mario Götze,h,422,OpenPlay,2014,RightFoot,5205,Bayern Munich,Eintracht Frankfurt,3,0,2015-04-11 14:30:00,Thomas Müller,Pass
422,30737,78,BlockedShot,0.7830000305175782,0.610999984741211,0.08683840185403824,Mario Götze,h,422,DirectFreekick,2014,RightFoot,5205,Bayern Munich,Eintracht Frankfurt,3,0,2015-04-11 14:30:00,,Standard
423,32028,48,BlockedShot,0.7780000305175782,0.664000015258789,0.030717400833964348,Mario Götze,a,422,OpenPlay,2014,RightFoot,5215,Hoffenheim,Bayern Munich,0,2,2015-04-18 14:30:00,Rafinha,Pass
424,32029,49,BlockedShot,0.8319999694824218,0.3729999923706055,0.06399139761924744,Mario Götze,a,422,OpenPlay,2014,LeftFoot,5215,Hoffenheim,Bayern Munich,0,2,2015-04-18 14:30:00,Mitchell Weiser,Pass
425,32038,73,BlockedShot,0.85,0.674000015258789,0.055520299822092056,Mario Götze,a,422,OpenPlay,2014,RightFoot,5215,Hoffenheim,Bayern Munich,0,2,2015-04-18 14:30:00,Sebastian Rode,Pass
426,32269,31,BlockedShot,0.8319999694824218,0.27899999618530275,0.028855599462985992,Mario Götze,h,422,OpenPlay,2014,RightFoot,5228,Bayern Munich,Hertha Berlin,1,0,2015-04-25 17:30:00,Philipp Lahm,Pass
427,30477,5,SavedShot,0.8590000152587891,0.7480000305175781,0.028034700080752373,Mario Götze,a,422,OpenPlay,2014,RightFoot,5165,Bayer Leverkusen,Bayern Munich,2,0,2015-05-02 17:30:00,Bastian Schweinsteiger,Pass
428,30482,26,BlockedShot,0.91,0.3120000076293945,0.4942539930343628,Mario Götze,a,422,OpenPlay,2014,RightFoot,5165,Bayer Leverkusen,Bayern Munich,2,0,2015-05-02 17:30:00,Gianluca Gaudino,TakeOn
429,30499,75,SavedShot,0.8819999694824219,0.27,0.18152500689029694,Mario Götze,a,422,OpenPlay,2014,RightFoot,5165,Bayer Leverkusen,Bayern Munich,2,0,2015-05-02 17:30:00,Lukas Görtler,Pass
430,31312,2,BlockedShot,0.7419999694824219,0.46599998474121096,0.019041499122977257,Mario Götze,h,422,OpenPlay,2014,RightFoot,5169,Bayern Munich,Augsburg,0,1,2015-05-09 14:30:00,Thomas Müller,HeadPass
431,31313,4,SavedShot,0.925,0.6459999847412109,0.07137049734592438,Mario Götze,h,422,OpenPlay,2014,RightFoot,5169,Bayern Munich,Augsburg,0,1,2015-05-09 14:30:00,Bastian Schweinsteiger,Chipped
432,31314,8,ShotOnPost,0.8480000305175781,0.36900001525878906,0.06537490338087082,Mario Götze,h,422,OpenPlay,2014,RightFoot,5169,Bayern Munich,Augsburg,0,1,2015-05-09 14:30:00,Robert Lewandowski,Pass
433,31321,29,MissedShots,0.805,0.34900001525878904,0.032731398940086365,Mario Götze,h,422,OpenPlay,2014,RightFoot,5169,Bayern Munich,Augsburg,0,1,2015-05-09 14:30:00,Robert Lewandowski,Pass
434,31334,80,SavedShot,0.7480000305175781,0.7480000305175781,0.014884799718856812,Mario Götze,h,422,OpenPlay,2014,RightFoot,5169,Bayern Munich,Augsburg,0,1,2015-05-09 14:30:00,Bastian Schweinsteiger,Pass
435,30782,0,BlockedShot,0.845999984741211,0.66,0.04288569837808609,Mario Götze,a,422,OpenPlay,2014,RightFoot,5185,Freiburg,Bayern Munich,2,1,2015-05-16 14:30:00,Jérôme Boateng,Pass
436,30783,2,SavedShot,0.8009999847412109,0.5670000076293945,0.04241890087723732,Mario Götze,a,422,OpenPlay,2014,RightFoot,5185,Freiburg,Bayern Munich,2,1,2015-05-16 14:30:00,,None
437,30795,50,SavedShot,0.9340000152587891,0.575,0.23671600222587585,Mario Götze,a,422,SetPiece,2014,Head,5185,Freiburg,Bayern Munich,2,1,2015-05-16 14:30:00,Xabi Alonso,Cross
438,30804,77,MissedShots,0.9059999847412109,0.495,0.47824200987815857,Mario Götze,a,422,OpenPlay,2014,RightFoot,5185,Freiburg,Bayern Munich,2,1,2015-05-16 14:30:00,Robert Lewandowski,Pass
439,31039,54,BlockedShot,0.825999984741211,0.6990000152587891,0.046977698802948,Mario Götze,h,422,OpenPlay,2014,RightFoot,5192,Bayern Munich,Mainz 05,2,0,2015-05-23 14:30:00,Philipp Lahm,Pass
440,31042,73,BlockedShot,0.7559999847412109,0.6359999847412109,0.030383799225091934,Mario Götze,h,422,OpenPlay,2014,RightFoot,5192,Bayern Munich,Mainz 05,2,0,2015-05-23 14:30:00,Claudio Pizarro,Pass
441,76543,78,ShotOnPost,0.960999984741211,0.4,0.48894399404525757,Mario Götze,h,422,OpenPlay,2015,RightFoot,1045,Bayern Munich,Bayer Leverkusen,3,0,2015-08-29 20:30:00,Thomas Müller,Pass
442,77200,55,MissedShots,0.8640000152587891,0.7330000305175781,0.036858100444078445,Mario Götze,a,422,OpenPlay,2015,RightFoot,1058,Darmstadt,Bayern Munich,0,3,2015-09-19 17:30:00,Joshua Kimmich,Chipped
443,77226,67,SavedShot,0.9490000152587891,0.3770000076293945,0.34427300095558167,Mario Götze,h,422,SetPiece,2015,RightFoot,1066,Bayern Munich,Wolfsburg,5,1,2015-09-22 22:00:00,Javi Martínez,HeadPass
444,77701,54,MissedShots,0.9519999694824218,0.5309999847412109,0.6760259866714478,Mario Götze,h,422,OpenPlay,2015,RightFoot,1092,Bayern Munich,Borussia Dortmund,5,1,2015-10-04 19:30:00,Thomas Müller,Pass
445,77708,65,Goal,0.870999984741211,0.47299999237060547,0.11035999655723572,Mario Götze,h,422,OpenPlay,2015,RightFoot,1092,Bayern Munich,Borussia Dortmund,5,1,2015-10-04 19:30:00,Thiago Alcántara,Dispossessed
446,81940,23,SavedShot,0.8219999694824218,0.38599998474121094,0.040619298815727234,Mario Götze,h,422,OpenPlay,2015,RightFoot,1252,Bayern Munich,Werder Bremen,5,0,2016-03-12 21:30:00,Kingsley Coman,HeadPass
447,81948,48,SavedShot,0.9430000305175781,0.33,0.08334500342607498,Mario Götze,h,422,OpenPlay,2015,RightFoot,1252,Bayern Munich,Werder Bremen,5,0,2016-03-12 21:30:00,Philipp Lahm,Pass
448,82396,14,MissedShots,0.97,0.54,0.14722000062465668,Mario Götze,h,422,FromCorner,2015,RightFoot,1265,Bayern Munich,Eintracht Frankfurt,1,0,2016-04-02 17:30:00,Franck Ribéry,Pass
449,82398,19,SavedShot,0.794000015258789,0.40400001525878904,0.03357610106468201,Mario Götze,h,422,OpenPlay,2015,RightFoot,1265,Bayern Munich,Eintracht Frankfurt,1,0,2016-04-02 17:30:00,Xabi Alonso,Pass
450,82400,23,SavedShot,0.8959999847412109,0.42200000762939455,0.04686420038342476,Mario Götze,h,422,OpenPlay,2015,Head,1265,Bayern Munich,Eintracht Frankfurt,1,0,2016-04-02 17:30:00,Philipp Lahm,Chipped
451,82417,83,BlockedShot,0.8090000152587891,0.6480000305175782,0.046830300241708755,Mario Götze,h,422,OpenPlay,2015,RightFoot,1265,Bayern Munich,Eintracht Frankfurt,1,0,2016-04-02 17:30:00,Franck Ribéry,Pass
452,82708,28,SavedShot,0.86,0.46799999237060547,0.10528100281953812,Mario Götze,a,422,OpenPlay,2015,RightFoot,1276,VfB Stuttgart,Bayern Munich,1,3,2016-04-09 17:30:00,Thomas Müller,Pass
453,82716,67,SavedShot,0.7780000305175782,0.34,0.030038800090551376,Mario Götze,a,422,OpenPlay,2015,RightFoot,1276,VfB Stuttgart,Bayern Munich,1,3,2016-04-09 17:30:00,Xabi Alonso,Pass
454,82851,49,SavedShot,0.840999984741211,0.7030000305175781,0.03446749970316887,Mario Götze,h,422,OpenPlay,2015,RightFoot,1288,Bayern Munich,Schalke 04,3,0,2016-04-16 20:30:00,Philipp Lahm,Pass
455,83764,19,SavedShot,0.89,0.6020000076293945,0.3104189932346344,Mario Götze,h,422,OpenPlay,2015,RightFoot,1319,Bayern Munich,Hannover 96,3,1,2016-05-14 17:30:00,Kingsley Coman,TakeOn
456,83768,27,Goal,0.9359999847412109,0.3940000152587891,0.42214199900627136,Mario Götze,h,422,OpenPlay,2015,RightFoot,1319,Bayern Munich,Hannover 96,3,1,2016-05-14 17:30:00,Kingsley Coman,Pass
457,83776,53,Goal,0.845,0.62,0.043133001774549484,Mario Götze,h,422,FromCorner,2015,RightFoot,1319,Bayern Munich,Hannover 96,3,1,2016-05-14 17:30:00,,None
458,83792,83,SavedShot,0.8540000152587891,0.3579999923706055,0.32447299361228943,Mario Götze,h,422,OpenPlay,2015,RightFoot,1319,Bayern Munich,Hannover 96,3,1,2016-05-14 17:30:00,Thiago Alcántara,Chipped
459,128468,32,SavedShot,0.86,0.610999984741211,0.10087800025939941,Mario Götze,a,422,OpenPlay,2016,RightFoot,1354,Wolfsburg,Borussia Dortmund,1,5,2016-09-20 22:00:00,Raphael Guerreiro,Pass
460,129417,85,SavedShot,0.9359999847412109,0.425,0.47995099425315857,Mario Götze,a,422,OpenPlay,2016,RightFoot,1391,Ingolstadt,Borussia Dortmund,3,3,2016-10-22 17:30:00,Adrián Ramos,Pass
461,129758,72,SavedShot,0.9590000152587891,0.5940000152587891,0.1278589963912964,Mario Götze,h,422,OpenPlay,2016,RightFoot,3305,Borussia Dortmund,Schalke 04,0,0,2016-10-29 20:30:00,Ousmane Dembélé,Pass
462,131657,10,Goal,0.855999984741211,0.5259999847412109,0.3656899929046631,Mario Götze,a,422,OpenPlay,2016,RightFoot,3210,Hoffenheim,Borussia Dortmund,2,2,2016-12-16 19:30:00,Ousmane Dembélé,Pass
463,131728,8,ShotOnPost,0.85,0.6969999694824218,0.0381028987467289,Mario Götze,h,422,OpenPlay,2016,RightFoot,3222,Borussia Dortmund,Augsburg,1,1,2016-12-20 23:00:00,,None
464,131735,28,BlockedShot,0.8159999847412109,0.4909999847412109,0.05376189947128296,Mario Götze,h,422,OpenPlay,2016,RightFoot,3222,Borussia Dortmund,Augsburg,1,1,2016-12-20 23:00:00,,None
465,165972,39,SavedShot,0.7530000305175781,0.63,0.024635400623083115,Mario Götze,a,422,OpenPlay,2017,RightFoot,8264,Wolfsburg,Borussia Dortmund,0,3,2017-08-19 14:30:00,Gonzalo Castro,Pass
466,165973,49,SavedShot,0.7390000152587891,0.5209999847412109,0.02303590066730976,Mario Götze,a,422,OpenPlay,2017,RightFoot,8264,Wolfsburg,Borussia Dortmund,0,3,2017-08-19 14:30:00,Pierre-Emerick Aubameyang,Pass
467,166277,8,BlockedShot,0.87,0.5970000076293945,0.07149100303649902,Mario Götze,a,422,OpenPlay,2017,RightFoot,8280,Freiburg,Borussia Dortmund,0,0,2017-09-09 14:30:00,,None
468,166284,47,BlockedShot,0.8430000305175781,0.4279999923706055,0.07936049997806549,Mario Götze,a,422,OpenPlay,2017,RightFoot,8280,Freiburg,Borussia Dortmund,0,0,2017-09-09 14:30:00,Nuri Sahin,Pass
469,166295,63,BlockedShot,0.775,0.515,0.031140200793743134,Mario Götze,a,422,OpenPlay,2017,RightFoot,8280,Freiburg,Borussia Dortmund,0,0,2017-09-09 14:30:00,Nuri Sahin,Pass
470,167379,51,BlockedShot,0.8419999694824218,0.5729999923706055,0.06451539695262909,Mario Götze,h,422,OpenPlay,2017,RightFoot,8310,Borussia Dortmund,Borussia M.Gladbach,6,1,2017-09-23 17:30:00,Pierre-Emerick Aubameyang,Chipped
471,168249,17,BlockedShot,0.865,0.669000015258789,0.050059299916028976,Mario Götze,a,422,OpenPlay,2017,RightFoot,8336,Eintracht Frankfurt,Borussia Dortmund,2,2,2017-10-21 14:30:00,Maximilian Philipp,Pass
472,168255,37,BlockedShot,0.7769999694824219,0.3129999923706055,0.019175799563527107,Mario Götze,a,422,FromCorner,2017,RightFoot,8336,Eintracht Frankfurt,Borussia Dortmund,2,2,2017-10-21 14:30:00,,BallTouch
473,168869,78,BlockedShot,0.8,0.35700000762939454,0.032254498451948166,Mario Götze,h,422,OpenPlay,2017,RightFoot,8357,Borussia Dortmund,Bayern Munich,1,3,2017-11-04 17:30:00,Christian Pulisic,Pass
474,168188,27,SavedShot,0.8319999694824218,0.575,0.05135500058531761,Mario Götze,a,422,OpenPlay,2017,RightFoot,8366,VfB Stuttgart,Borussia Dortmund,2,1,2017-11-17 19:30:00,,Dispossessed
475,168189,34,SavedShot,0.8159999847412109,0.49900001525878906,0.05877560004591942,Mario Götze,a,422,OpenPlay,2017,RightFoot,8366,VfB Stuttgart,Borussia Dortmund,2,1,2017-11-17 19:30:00,Andriy Yarmolenko,Pass
476,168229,19,Goal,0.9619999694824218,0.5720000076293945,0.3745410144329071,Mario Götze,h,422,OpenPlay,2017,Head,8367,Borussia Dortmund,Schalke 04,4,4,2017-11-25 14:30:00,Pierre-Emerick Aubameyang,Cross
477,194959,91,Goal,0.915,0.435,0.6483280062675476,Mario Götze,h,422,OpenPlay,2017,RightFoot,8452,Borussia Dortmund,Hamburger SV,2,0,2018-02-10 14:30:00,André Schürrle,Throughball
478,201896,0,BlockedShot,0.8630000305175781,0.47200000762939454,0.08393780142068863,Mario Götze,h,422,OpenPlay,2017,RightFoot,8493,Borussia Dortmund,Hannover 96,1,0,2018-03-18 12:30:00,,Rebound
479,201910,40,SavedShot,0.865999984741211,0.705,0.04901370033621788,Mario Götze,h,422,OpenPlay,2017,RightFoot,8493,Borussia Dortmund,Hannover 96,1,0,2018-03-18 12:30:00,Marcel Schmelzer,Pass
480,201916,51,BlockedShot,0.870999984741211,0.34900001525878904,0.07325860112905502,Mario Götze,h,422,OpenPlay,2017,RightFoot,8493,Borussia Dortmund,Hannover 96,1,0,2018-03-18 12:30:00,Lukasz Piszczek,Pass
481,204474,3,MissedShots,0.8209999847412109,0.48700000762939455,0.044228099286556244,Mario Götze,a,422,FromCorner,2017,RightFoot,8502,Bayern Munich,Borussia Dortmund,6,0,2018-03-31 14:30:00,,None
482,204480,16,BlockedShot,0.85,0.649000015258789,0.053022198379039764,Mario Götze,a,422,OpenPlay,2017,RightFoot,8502,Bayern Munich,Borussia Dortmund,6,0,2018-03-31 14:30:00,André Schürrle,Pass
483,204492,66,ShotOnPost,0.7959999847412109,0.565,0.04616120085120201,Mario Götze,a,422,OpenPlay,2017,LeftFoot,8502,Bayern Munich,Borussia Dortmund,6,0,2018-03-31 14:30:00,Mahmoud Dahoud,Pass
484,210566,8,BlockedShot,0.8169999694824219,0.6140000152587891,0.048602499067783356,Mario Götze,h,422,OpenPlay,2017,RightFoot,8529,Borussia Dortmund,Bayer Leverkusen,4,0,2018-04-21 16:30:00,Marco Reus,BallTouch
485,210578,50,BlockedShot,0.9119999694824219,0.37599998474121094,0.1390099972486496,Mario Götze,h,422,OpenPlay,2017,LeftFoot,8529,Borussia Dortmund,Bayer Leverkusen,4,0,2018-04-21 16:30:00,Jadon Sancho,Pass
486,213136,11,BlockedShot,0.84,0.42400001525878905,0.023310799151659012,Mario Götze,h,422,FromCorner,2017,RightFoot,8550,Borussia Dortmund,Mainz 05,1,2,2018-05-05 14:30:00,,Aerial
487,213147,60,BlockedShot,0.91,0.6759999847412109,0.05842920020222664,Mario Götze,h,422,OpenPlay,2017,RightFoot,8550,Borussia Dortmund,Mainz 05,1,2,2018-05-05 14:30:00,Jadon Sancho,Pass
488,255231,83,Goal,0.9630000305175781,0.3509999847412109,0.32949501276016235,Mario Götze,h,422,OpenPlay,2018,RightFoot,10393,Borussia Dortmund,Augsburg,4,3,2018-10-06 13:30:00,Achraf Hakimi,Throughball
489,255676,38,BlockedShot,0.8059999847412109,0.4909999847412109,0.0685352012515068,Mario Götze,h,422,OpenPlay,2018,RightFoot,10410,Borussia Dortmund,Hertha Berlin,2,2,2018-10-27 13:30:00,Raphael Guerreiro,BallTouch
490,256671,11,MissedShots,0.919000015258789,0.4809999847412109,0.066634401679039,Mario Götze,h,422,OpenPlay,2018,Head,10446,Borussia Dortmund,Freiburg,2,0,2018-12-01 14:30:00,Jadon Sancho,Aerial
491,256674,23,MissedShots,0.9369999694824219,0.500999984741211,0.5903800129890442,Mario Götze,h,422,OpenPlay,2018,RightFoot,10446,Borussia Dortmund,Freiburg,2,0,2018-12-01 14:30:00,,None
492,257487,31,SavedShot,0.845,0.44,0.358227014541626,Mario Götze,a,422,OpenPlay,2018,RightFoot,10478,Fortuna Duesseldorf,Borussia Dortmund,2,1,2018-12-18 19:30:00,Jacob Bruun Larsen,None
493,257494,70,BlockedShot,0.89,0.4759999847412109,0.07277879863977432,Mario Götze,a,422,OpenPlay,2018,RightFoot,10478,Fortuna Duesseldorf,Borussia Dortmund,2,1,2018-12-18 19:30:00,,None
494,278556,61,Goal,0.9119999694824219,0.34200000762939453,0.279011994600296,Mario Götze,h,422,OpenPlay,2018,RightFoot,10500,Borussia Dortmund,Hannover 96,5,1,2019-01-26 14:30:00,Jadon Sancho,Pass
495,278991,42,Goal,0.9630000305175781,0.44599998474121094,0.6267250180244446,Mario Götze,h,422,OpenPlay,2018,RightFoot,10518,Borussia Dortmund,Hoffenheim,3,3,2019-02-09 14:30:00,,Rebound
496,278997,61,SavedShot,0.8180000305175781,0.6459999847412109,0.04629819840192795,Mario Götze,h,422,OpenPlay,2018,RightFoot,10518,Borussia Dortmund,Hoffenheim,3,3,2019-02-09 14:30:00,Mahmoud Dahoud,Pass
497,279343,33,SavedShot,0.885,0.4229999923706055,0.08258400112390518,Mario Götze,a,422,OpenPlay,2018,RightFoot,10533,Nuernberg,Borussia Dortmund,0,0,2019-02-18 19:30:00,,None
498,279342,33,SavedShot,0.8930000305175781,0.415,0.09305760264396667,Mario Götze,a,422,OpenPlay,2018,RightFoot,10533,Nuernberg,Borussia Dortmund,0,0,2019-02-18 19:30:00,Jadon Sancho,BallTouch
499,279344,34,SavedShot,0.799000015258789,0.45,0.04235770180821419,Mario Götze,a,422,OpenPlay,2018,RightFoot,10533,Nuernberg,Borussia Dortmund,0,0,2019-02-18 19:30:00,,None
500,279348,44,SavedShot,0.9369999694824219,0.5879999923706055,0.06862790137529373,Mario Götze,a,422,FromCorner,2018,Head,10533,Nuernberg,Borussia Dortmund,0,0,2019-02-18 19:30:00,Jadon Sancho,Cross
501,279350,52,SavedShot,0.8690000152587891,0.664000015258789,0.055305201560258865,Mario Götze,a,422,OpenPlay,2018,RightFoot,10533,Nuernberg,Borussia Dortmund,0,0,2019-02-18 19:30:00,Jadon Sancho,Pass
502,279352,61,MissedShots,0.8130000305175781,0.415,0.050931401550769806,Mario Götze,a,422,OpenPlay,2018,RightFoot,10533,Nuernberg,Borussia Dortmund,0,0,2019-02-18 19:30:00,Maximilian Philipp,Pass
503,279550,59,Goal,0.8169999694824219,0.524000015258789,0.0712570995092392,Mario Götze,h,422,OpenPlay,2018,RightFoot,10536,Borussia Dortmund,Bayer Leverkusen,3,2,2019-02-24 17:00:00,,None
504,279602,85,BlockedShot,0.89,0.6759999847412109,0.04909919947385788,Mario Götze,a,422,OpenPlay,2018,RightFoot,10550,Augsburg,Borussia Dortmund,2,1,2019-03-01 19:30:00,Abdou Diallo,TakeOn
505,279603,86,SavedShot,0.7809999847412109,0.5879999923706055,0.030102699995040894,Mario Götze,a,422,OpenPlay,2018,RightFoot,10550,Augsburg,Borussia Dortmund,2,1,2019-03-01 19:30:00,Paco Alcácer,Pass
506,284423,28,MissedShots,0.7619999694824219,0.565,0.022178100422024727,Mario Götze,h,422,OpenPlay,2018,RightFoot,10555,Borussia Dortmund,VfB Stuttgart,3,1,2019-03-09 14:30:00,Achraf Hakimi,Pass
507,292151,64,BlockedShot,0.8780000305175781,0.5829999923706055,0.05314730107784271,Mario Götze,a,422,OpenPlay,2018,RightFoot,10580,Bayern Munich,Borussia Dortmund,5,0,2019-04-06 17:30:00,Lukasz Piszczek,Cross
508,295928,78,Goal,0.955999984741211,0.4779999923706055,0.839339017868042,Mario Götze,a,422,OpenPlay,2018,RightFoot,10601,Freiburg,Borussia Dortmund,0,4,2019-04-21 14:30:00,Marco Reus,Pass
509,297354,13,Goal,0.9009999847412109,0.539000015258789,0.2820119857788086,Mario Götze,h,422,OpenPlay,2018,Head,10607,Borussia Dortmund,Schalke 04,2,4,2019-04-27 14:30:00,Jadon Sancho,Chipped
510,297357,22,BlockedShot,0.8669999694824219,0.625999984741211,0.05679180100560188,Mario Götze,h,422,SetPiece,2018,RightFoot,10607,Borussia Dortmund,Schalke 04,2,4,2019-04-27 14:30:00,,None
511,299420,13,SavedShot,0.8730000305175781,0.415,0.2786180078983307,Mario Götze,a,422,OpenPlay,2018,RightFoot,10621,Werder Bremen,Borussia Dortmund,2,2,2019-05-04 17:30:00,Manuel Akanji,Cross
512,299433,44,BlockedShot,0.9159999847412109,0.35900001525878905,0.10754600167274475,Mario Götze,a,422,OpenPlay,2018,RightFoot,10621,Werder Bremen,Borussia Dortmund,2,2,2019-05-04 17:30:00,Jadon Sancho,Pass
513,299440,65,MissedShots,0.8130000305175781,0.3529999923706055,0.02565550059080124,Mario Götze,a,422,FromCorner,2018,LeftFoot,10621,Werder Bremen,Borussia Dortmund,2,2,2019-05-04 17:30:00,,None
514,300742,59,BlockedShot,0.9290000152587891,0.34900001525878904,0.08926849812269211,Mario Götze,h,422,OpenPlay,2018,RightFoot,10626,Borussia Dortmund,Fortuna Duesseldorf,3,2,2019-05-11 14:30:00,Christian Pulisic,Pass
515,300747,91,Goal,0.865,0.46,0.10256800055503845,Mario Götze,h,422,OpenPlay,2018,RightFoot,10626,Borussia Dortmund,Fortuna Duesseldorf,3,2,2019-05-11 14:30:00,,Rebound
516,310669,83,BlockedShot,0.9269999694824219,0.6819999694824219,0.0375789999961853,Mario Götze,h,422,FromCorner,2019,RightFoot,12406,Borussia Dortmund,Augsburg,5,1,2019-08-17 14:30:00,Jadon Sancho,Cross
517,322895,0,BlockedShot,0.865,0.3970000076293945,0.06534049659967422,Mario Götze,h,422,OpenPlay,2019,RightFoot,12454,Borussia Dortmund,Werder Bremen,2,2,2019-09-28 16:30:00,Mahmoud Dahoud,Rebound
518,322898,8,Goal,0.9580000305175781,0.580999984741211,0.22851799428462982,Mario Götze,h,422,OpenPlay,2019,Head,12454,Borussia Dortmund,Werder Bremen,2,2,2019-09-28 16:30:00,Lukasz Piszczek,Cross
519,322915,63,SavedShot,0.899000015258789,0.5520000076293945,0.31696900725364685,Mario Götze,h,422,OpenPlay,2019,RightFoot,12454,Borussia Dortmund,Werder Bremen,2,2,2019-09-28 16:30:00,Lukasz Piszczek,Cross
520,329045,87,Goal,0.885,0.5,0.7575340270996094,Mario Götze,h,422,Penalty,2019,RightFoot,12484,Borussia Dortmund,Wolfsburg,3,0,2019-11-02 14:30:00,,Standard
521,335592,87,BlockedShot,0.8819999694824219,0.3920000076293945,0.12606100738048553,Mario Götze,h,422,OpenPlay,2019,RightFoot,12520,Borussia Dortmund,Fortuna Duesseldorf,5,0,2019-12-07 14:30:00,Mahmoud Dahoud,Pass
522,338309,16,Goal,0.9469999694824218,0.4520000076293945,0.5940520167350769,Mario Götze,a,422,OpenPlay,2019,RightFoot,12549,Hoffenheim,Borussia Dortmund,2,1,2019-12-20 19:30:00,Achraf Hakimi,Pass
523,338319,44,BlockedShot,0.914000015258789,0.6609999847412109,0.04557029902935028,Mario Götze,a,422,FromCorner,2019,RightFoot,12549,Hoffenheim,Borussia Dortmund,2,1,2019-12-20 19:30:00,Dan-Axel Zagadou,BallTouch
524,484503,1,Goal,0.8059999847412109,0.49599998474121093,0.051217399537563324,Mario Götze,a,422,OpenPlay,2022,RightFoot,19377,Werder Bremen,Eintracht Frankfurt,3,4,2022-08-28 15:30:00,Randal Kolo Muani,Pass
525,486181,18,MissedShots,0.735,0.4179999923706055,0.015182999894022942,Mario Götze,h,422,FromCorner,2022,RightFoot,19384,Eintracht Frankfurt,RasenBallsport Leipzig,4,0,2022-09-03 16:30:00,,None
526,486190,58,SavedShot,0.8590000152587891,0.505,0.45188000798225403,Mario Götze,h,422,OpenPlay,2022,LeftFoot,19384,Eintracht Frankfurt,RasenBallsport Leipzig,4,0,2022-09-03 16:30:00,,None
527,486193,66,SavedShot,0.8590000152587891,0.5879999923706055,0.053275398910045624,Mario Götze,h,422,FromCorner,2022,LeftFoot,19384,Eintracht Frankfurt,RasenBallsport Leipzig,4,0,2022-09-03 16:30:00,Christopher Lenz,Pass
528,488667,3,MissedShots,0.7930000305175782,0.6409999847412109,0.015406300313770771,Mario Götze,a,422,FromCorner,2022,RightFoot,19400,VfB Stuttgart,Eintracht Frankfurt,1,3,2022-09-17 13:30:00,,Aerial
529,488683,66,BlockedShot,0.8569999694824219,0.6630000305175782,0.07593519985675812,Mario Götze,a,422,OpenPlay,2022,RightFoot,19400,VfB Stuttgart,Eintracht Frankfurt,1,3,2022-09-17 13:30:00,Randal Kolo Muani,Pass
530,489958,11,Goal,0.9180000305175782,0.455,0.46890899538993835,Mario Götze,h,422,OpenPlay,2022,RightFoot,19409,Eintracht Frankfurt,Union Berlin,2,0,2022-10-01 13:30:00,Randal Kolo Muani,Pass
531,491436,42,MissedShots,0.754000015258789,0.5,0.028945500031113625,Mario Götze,a,422,FromCorner,2022,RightFoot,19419,Bochum,Eintracht Frankfurt,3,0,2022-10-08 13:30:00,Luca Pellegrini,Pass
532,491439,54,MissedShots,0.835,0.615,0.05861499905586243,Mario Götze,a,422,OpenPlay,2022,RightFoot,19419,Bochum,Eintracht Frankfurt,3,0,2022-10-08 13:30:00,,BallTouch
533,493047,4,MissedShots,0.7530000305175781,0.629000015258789,0.017124999314546585,Mario Götze,h,422,OpenPlay,2022,RightFoot,19427,Eintracht Frankfurt,Bayer Leverkusen,5,1,2022-10-15 13:30:00,,None
534,495195,27,BlockedShot,0.875999984741211,0.5990000152587891,0.10775099694728851,Mario Götze,a,422,OpenPlay,2022,RightFoot,19437,Borussia M.Gladbach,Eintracht Frankfurt,1,3,2022-10-22 16:30:00,Randal Kolo Muani,Pass
535,495204,89,MissedShots,0.89,0.5109999847412109,0.05753539875149727,Mario Götze,a,422,OpenPlay,2022,Head,19437,Borussia M.Gladbach,Eintracht Frankfurt,1,3,2022-10-22 16:30:00,Sebastian Rode,Chipped
536,496736,29,BlockedShot,0.8959999847412109,0.415,0.11342500150203705,Mario Götze,h,422,OpenPlay,2022,RightFoot,19445,Eintracht Frankfurt,Borussia Dortmund,1,2,2022-10-29 16:30:00,Jesper Lindstrom,Pass
537,496744,56,BlockedShot,0.9,0.43099998474121093,0.10764800012111664,Mario Götze,h,422,OpenPlay,2022,RightFoot,19445,Eintracht Frankfurt,Borussia Dortmund,1,2,2022-10-29 16:30:00,Jesper Lindstrom,Pass
538,500732,73,SavedShot,0.7130000305175781,0.6840000152587891,0.014973499812185764,Mario Götze,a,422,OpenPlay,2022,RightFoot,19470,Mainz 05,Eintracht Frankfurt,1,1,2022-11-13 14:30:00,Luca Pellegrini,Pass
539,507057,84,SavedShot,0.870999984741211,0.6079999923706054,0.31664299964904785,Mario Götze,h,422,OpenPlay,2022,RightFoot,19508,Eintracht Frankfurt,Hertha Berlin,3,0,2023-02-04 14:30:00,Makoto Hasebe,Chipped
540,507059,85,MissedShots,0.899000015258789,0.36200000762939455,0.28969699144363403,Mario Götze,h,422,OpenPlay,2022,RightFoot,19508,Eintracht Frankfurt,Hertha Berlin,3,0,2023-02-04 14:30:00,Christopher Lenz,Pass
541,513385,70,BlockedShot,0.895,0.47200000762939454,0.1233299970626831,Mario Götze,h,422,OpenPlay,2022,RightFoot,19553,Eintracht Frankfurt,VfB Stuttgart,1,1,2023-03-11 14:30:00,Randal Kolo Muani,BlockedPass
542,521041,21,BlockedShot,0.914000015258789,0.6329999923706054,0.07025375217199326,Mario Götze,a,422,OpenPlay,2022,LeftFoot,19594,Borussia Dortmund,Eintracht Frankfurt,4,0,2023-04-22 16:30:00,Ansgar Knauff,Chipped
543,521043,26,BlockedShot,0.875999984741211,0.5479999923706055,0.06569116562604904,Mario Götze,a,422,FromCorner,2022,RightFoot,19594,Borussia Dortmund,Eintracht Frankfurt,4,0,2023-04-22 16:30:00,Christopher Lenz,Pass
544,521049,36,MissedShots,0.899000015258789,0.3270000076293945,0.0736282542347908,Mario Götze,a,422,OpenPlay,2022,RightFoot,19594,Borussia Dortmund,Eintracht Frankfurt,4,0,2023-04-22 16:30:00,Aurélio Buta,Pass
545,524587,36,BlockedShot,0.9330000305175781,0.40400001525878904,0.08117461949586868,Mario Götze,a,422,OpenPlay,2022,RightFoot,19616,Hoffenheim,Eintracht Frankfurt,3,1,2023-05-06 13:30:00,Aurélio Buta,Cross
546,524594,53,Goal,0.9780000305175781,0.5790000152587891,0.46061262488365173,Mario Götze,a,422,FromCorner,2022,RightFoot,19616,Hoffenheim,Eintracht Frankfurt,3,1,2023-05-06 13:30:00,,Rebound
547,525891,51,MissedShots,0.8619999694824219,0.43400001525878906,0.08134816586971283,Mario Götze,h,422,OpenPlay,2022,RightFoot,19626,Eintracht Frankfurt,Mainz 05,3,0,2023-05-13 13:30:00,Randal Kolo Muani,HeadPass
548,529136,38,BlockedShot,0.8680000305175781,0.6359999847412109,0.07480675727128983,Mario Götze,h,422,OpenPlay,2022,RightFoot,19644,Eintracht Frankfurt,Freiburg,2,1,2023-05-27 13:30:00,Daichi Kamada,TakeOn
549,529145,78,BlockedShot,0.88,0.6959999847412109,0.04125010967254639,Mario Götze,h,422,OpenPlay,2022,RightFoot,19644,Eintracht Frankfurt,Freiburg,2,1,2023-05-27 13:30:00,Philipp Max,Pass
550,540985,48,SavedShot,0.8,0.669000015258789,0.025138655677437782,Mario Götze,a,422,OpenPlay,2023,RightFoot,23113,Wolfsburg,Eintracht Frankfurt,2,0,2023-09-30 13:30:00,Omar Marmoush,Pass
551,549158,86,BlockedShot,0.935,0.40400001525878904,0.05856633558869362,Mario Götze,a,422,FromCorner,2023,Head,23159,Werder Bremen,Eintracht Frankfurt,2,2,2023-11-12 16:30:00,Omar Marmoush,Cross
552,558095,56,MissedShots,0.924000015258789,0.519000015258789,0.5280526876449585,Mario Götze,a,422,OpenPlay,2023,RightFoot,23210,RasenBallsport Leipzig,Eintracht Frankfurt,0,1,2024-01-13 14:30:00,Niels Nkounkou,Rebound
553,559571,71,Goal,0.9490000152587891,0.5,0.5289193987846375,Mario Götze,h,422,OpenPlay,2023,Head,23230,Eintracht Frankfurt,Mainz 05,1,0,2024-01-26 19:30:00,,Rebound
554,559570,71,SavedShot,0.9,0.49700000762939456,0.4441004991531372,Mario Götze,h,422,OpenPlay,2023,RightFoot,23230,Eintracht Frankfurt,Mainz 05,1,0,2024-01-26 19:30:00,William Pacho,BallTouch
555,568794,63,Goal,0.9169999694824219,0.46599998474121096,0.5198583602905273,Mario Götze,h,422,OpenPlay,2023,RightFoot,23284,Eintracht Frankfurt,Hoffenheim,3,1,2024-03-10 16:30:00,Ansgar Knauff,Pass
556,570079,12,Goal,0.81,0.53,0.07870279997587204,Mario Götze,a,422,OpenPlay,2023,RightFoot,23290,Borussia Dortmund,Eintracht Frankfurt,3,1,2024-03-17 16:30:00,,Rebound
557,570598,61,BlockedShot,0.93,0.629000015258789,0.08812448382377625,Mario Götze,h,422,OpenPlay,2023,LeftFoot,23302,Eintracht Frankfurt,Union Berlin,0,0,2024-03-30 14:30:00,Hugo Ekitike,BallTouch
558,570606,84,BlockedShot,0.84,0.4370000076293945,0.06748880445957184,Mario Götze,h,422,OpenPlay,2023,RightFoot,23302,Eintracht Frankfurt,Union Berlin,0,0,2024-03-30 14:30:00,Ellyes Skhiri,Pass
559,570609,91,SavedShot,0.779000015258789,0.40900001525878904,0.030629782006144524,Mario Götze,h,422,FromCorner,2023,RightFoot,23302,Eintracht Frankfurt,Union Berlin,0,0,2024-03-30 14:30:00,,TakeOn
560,572062,57,MissedShots,0.925,0.4490000152587891,0.3194394111633301,Mario Götze,h,422,OpenPlay,2023,Head,23311,Eintracht Frankfurt,Werder Bremen,1,1,2024-04-05 18:30:00,Philipp Max,Chipped
561,579077,59,BlockedShot,0.8680000305175781,0.38799999237060545,0.05651110038161278,Mario Götze,h,422,FromCorner,2023,RightFoot,23346,Eintracht Frankfurt,Bayer Leverkusen,1,5,2024-05-05 15:30:00,,None
562,579084,81,BlockedShot,0.8240000152587891,0.4209999847412109,0.04012433439493179,Mario Götze,h,422,FromCorner,2023,RightFoot,23346,Eintracht Frankfurt,Bayer Leverkusen,1,5,2024-05-05 15:30:00,,None
563,589013,50,SavedShot,0.9290000152587891,0.4420000076293945,0.13578134775161743,Mario Götze,h,422,OpenPlay,2024,RightFoot,27756,Eintracht Frankfurt,Hoffenheim,3,1,2024-08-31 13:30:00,Hugo Ekitike,Cross
564,599039,13,Goal,0.980999984741211,0.47200000762939454,0.9113978147506714,Mario Götze,a,422,FromCorner,2024,RightFoot,27811,Union Berlin,Eintracht Frankfurt,1,1,2024-10-27 16:30:00,,Rebound
565,603060,44,Goal,0.86,0.5079999923706054,0.30979812145233154,Mario Götze,h,422,OpenPlay,2024,RightFoot,27836,Eintracht Frankfurt,Werder Bremen,1,0,2024-11-23 17:30:00,Hugo Ekitike,LayOff
566,537865,21,SavedShot,0.865,0.6609999847412109,0.21221919357776642,Hugo Larsson,a,11911,OpenPlay,2023,RightFoot,23098,Bochum,Eintracht Frankfurt,1,1,2023-09-16 16:30:00,Eric Junior Dina Ebimbe,Pass
567,539919,19,BlockedShot,0.845,0.27700000762939453,0.03041146695613861,Hugo Larsson,h,11911,OpenPlay,2023,RightFoot,23109,Eintracht Frankfurt,Freiburg,0,0,2023-09-24 15:30:00,Robin Koch,Pass
568,543477,8,MissedShots,0.7440000152587891,0.3920000076293945,0.022109653800725937,Hugo Larsson,h,11911,OpenPlay,2023,RightFoot,23127,Eintracht Frankfurt,FC Heidenheim,2,0,2023-10-08 17:30:00,Farès Chaïbi,Pass
569,543484,38,Goal,0.8059999847412109,0.325,0.0448334775865078,Hugo Larsson,h,11911,OpenPlay,2023,RightFoot,23127,Eintracht Frankfurt,FC Heidenheim,2,0,2023-10-08 17:30:00,,TakeOn
570,546137,4,SavedShot,0.919000015258789,0.47400001525878904,0.49576449394226074,Hugo Larsson,h,11911,OpenPlay,2023,RightFoot,23140,Eintracht Frankfurt,Borussia Dortmund,3,3,2023-10-29 14:30:00,Farès Chaïbi,Pass
571,546156,61,MissedShots,0.76,0.47299999237060547,0.025814015418291092,Hugo Larsson,h,11911,OpenPlay,2023,RightFoot,23140,Eintracht Frankfurt,Borussia Dortmund,3,3,2023-10-29 14:30:00,Ellyes Skhiri,Pass
572,550002,68,MissedShots,0.8069999694824219,0.595999984741211,0.038557857275009155,Hugo Larsson,h,11911,OpenPlay,2023,RightFoot,23167,Eintracht Frankfurt,VfB Stuttgart,1,2,2023-11-25 17:30:00,,None
573,552832,15,BlockedShot,0.7530000305175781,0.37,0.02525774948298931,Hugo Larsson,h,11911,OpenPlay,2023,RightFoot,23184,Eintracht Frankfurt,Bayern Munich,5,1,2023-12-09 14:30:00,,None
574,552842,35,Goal,0.9119999694824219,0.5690000152587891,0.14773154258728027,Hugo Larsson,h,11911,OpenPlay,2023,LeftFoot,23184,Eintracht Frankfurt,Bayern Munich,5,1,2023-12-09 14:30:00,Omar Marmoush,Pass
575,561397,53,BlockedShot,0.8769999694824219,0.3270000076293945,0.036500636488199234,Hugo Larsson,a,11911,FromCorner,2023,RightFoot,23241,FC Cologne,Eintracht Frankfurt,2,0,2024-02-03 17:30:00,,Dispossessed
576,586324,27,MissedShots,0.8190000152587891,0.6630000305175782,0.016622671857476234,Hugo Larsson,a,11911,FromCorner,2024,RightFoot,27748,Borussia Dortmund,Eintracht Frankfurt,2,0,2024-08-24 16:30:00,,Aerial
577,589009,32,Goal,0.9059999847412109,0.48200000762939454,0.49142158031463623,Hugo Larsson,h,11911,OpenPlay,2024,RightFoot,27756,Eintracht Frankfurt,Hoffenheim,3,1,2024-08-31 13:30:00,Hugo Ekitike,Throughball
578,592670,29,Goal,0.9309999847412109,0.5359999847412109,0.5119145512580872,Hugo Larsson,h,11911,OpenPlay,2024,RightFoot,27774,Eintracht Frankfurt,Borussia M.Gladbach,2,0,2024-09-21 16:30:00,Ansgar Knauff,BallTouch
579,594697,59,SavedShot,0.8680000305175781,0.5940000152587891,0.06933747231960297,Hugo Larsson,a,11911,OpenPlay,2024,RightFoot,27785,Holstein Kiel,Eintracht Frankfurt,2,4,2024-09-29 13:30:00,,None
580,594700,63,BlockedShot,0.7630000305175781,0.5579999923706055,0.017119156196713448,Hugo Larsson,a,11911,SetPiece,2024,RightFoot,27785,Holstein Kiel,Eintracht Frankfurt,2,4,2024-09-29 13:30:00,,None
581,599979,92,BlockedShot,0.72,0.37599998474121094,0.015789920464158058,Hugo Larsson,h,11911,OpenPlay,2024,RightFoot,27817,Eintracht Frankfurt,Bochum,7,2,2024-11-02 14:30:00,,BallRecovery
582,607809,29,SavedShot,0.8619999694824219,0.5320000076293945,0.057902704924345016,Hugo Larsson,a,11911,OpenPlay,2024,RightFoot,27859,RasenBallsport Leipzig,Eintracht Frankfurt,2,1,2024-12-15 18:30:00,Hugo Ekitike,HeadPass
583,608276,70,BlockedShot,0.9519999694824218,0.4470000076293945,0.142103910446167,Hugo Larsson,h,11911,FromCorner,2024,RightFoot,27871,Eintracht Frankfurt,Mainz 05,1,3,2024-12-21 14:30:00,,Rebound
584,599973,65,Goal,0.8859999847412109,0.6070000076293945,0.3012942373752594,Can Uzun,h,12954,OpenPlay,2024,RightFoot,27817,Eintracht Frankfurt,Bochum,7,2,2024-11-02 14:30:00,Omar Marmoush,Pass
585,599980,93,MissedShots,0.9590000152587891,0.56,0.48182034492492676,Can Uzun,h,12954,SetPiece,2024,Head,27817,Eintracht Frankfurt,Bochum,7,2,2024-11-02 14:30:00,Aurèle Amenda,Aerial
586,605734,73,Goal,0.8569999694824219,0.6840000152587891,0.035241227596998215,Can Uzun,h,12954,SetPiece,2024,RightFoot,27858,Eintracht Frankfurt,Augsburg,2,2,2024-12-07 14:30:00,,None
587,605736,83,MissedShots,0.884000015258789,0.43599998474121093,0.05059633404016495,Can Uzun,h,12954,OpenPlay,2024,Head,27858,Eintracht Frankfurt,Augsburg,2,2,2024-12-07 14:30:00,Hugo Ekitike,Cross
588,607802,15,MissedShots,0.870999984741211,0.6580000305175782,0.05447320640087128,Can Uzun,a,12954,SetPiece,2024,RightFoot,27859,RasenBallsport Leipzig,Eintracht Frankfurt,2,1,2024-12-15 18:30:00,Mahmoud Dahoud,Chipped
589,608263,48,SavedShot,0.91,0.615,0.26324331760406494,Can Uzun,h,12954,OpenPlay,2024,RightFoot,27871,Eintracht Frankfurt,Mainz 05,1,3,2024-12-21 14:30:00,,None
590,608271,68,SavedShot,0.88,0.6409999847412109,0.07679226994514465,Can Uzun,h,12954,OpenPlay,2024,RightFoot,27871,Eintracht Frankfurt,Mainz 05,1,3,2024-12-21 14:30:00,Jean Négoce,Pass
591,608287,90,MissedShots,0.8319999694824218,0.47900001525878905,0.0503387413918972,Can Uzun,h,12954,OpenPlay,2024,RightFoot,27871,Eintracht Frankfurt,Mainz 05,1,3,2024-12-21 14:30:00,Robin Koch,None
592,608289,92,BlockedShot,0.8519999694824218,0.6140000152587891,0.06399542838335037,Can Uzun,h,12954,OpenPlay,2024,RightFoot,27871,Eintracht Frankfurt,Mainz 05,1,3,2024-12-21 14:30:00,Jean Négoce,Pass
593,77145,37,BlockedShot,0.830999984741211,0.5370000076293945,0.07327129691839218,Mahmoud Dahoud,a,205,OpenPlay,2015,RightFoot,1062,FC Cologne,Borussia M.Gladbach,1,0,2015-09-19 17:30:00,Raffael,Pass
594,77146,37,SavedShot,0.7580000305175781,0.38799999237060545,0.017862699925899506,Mahmoud Dahoud,a,205,OpenPlay,2015,LeftFoot,1062,FC Cologne,Borussia M.Gladbach,1,0,2015-09-19 17:30:00,,None
595,77287,1,SavedShot,0.9640000152587891,0.4,0.41833800077438354,Mahmoud Dahoud,h,205,OpenPlay,2015,RightFoot,1073,Borussia M.Gladbach,Augsburg,4,2,2015-09-23 22:00:00,Patrick Herrmann,Pass
596,77295,20,Goal,0.789000015258789,0.41200000762939454,0.040112998336553574,Mahmoud Dahoud,h,205,OpenPlay,2015,RightFoot,1073,Borussia M.Gladbach,Augsburg,4,2,2015-09-23 22:00:00,Raffael,Goal
597,77298,30,BlockedShot,0.8130000305175781,0.515,0.07818060368299484,Mahmoud Dahoud,h,205,OpenPlay,2015,LeftFoot,1073,Borussia M.Gladbach,Augsburg,4,2,2015-09-23 22:00:00,Lars Stindl,Pass
598,77520,24,SavedShot,0.8690000152587891,0.740999984741211,0.041476499289274216,Mahmoud Dahoud,a,205,OpenPlay,2015,RightFoot,1077,VfB Stuttgart,Borussia M.Gladbach,1,3,2015-09-26 17:30:00,Oscar Wendt,Pass
599,78086,50,Goal,0.7390000152587891,0.6079999923706054,0.016649600118398666,Mahmoud Dahoud,a,205,OpenPlay,2015,RightFoot,1099,Eintracht Frankfurt,Borussia M.Gladbach,1,5,2015-10-17 20:30:00,Oscar Wendt,Pass
600,78608,35,MissedShots,0.7319999694824219,0.610999984741211,0.022207900881767273,Mahmoud Dahoud,a,205,FromCorner,2015,RightFoot,1113,Hertha Berlin,Borussia M.Gladbach,1,4,2015-10-31 18:30:00,Raffael,Pass
601,78897,36,BlockedShot,0.7709999847412109,0.3629999923706055,0.025369100272655487,Mahmoud Dahoud,h,205,OpenPlay,2015,RightFoot,1133,Borussia M.Gladbach,Hannover 96,2,1,2015-11-21 18:30:00,Lars Stindl,Pass
602,78905,59,SavedShot,0.794000015258789,0.6090000152587891,0.045268598943948746,Mahmoud Dahoud,h,205,OpenPlay,2015,LeftFoot,1133,Borussia M.Gladbach,Hannover 96,2,1,2015-11-21 18:30:00,Ibrahima Traoré,Pass
603,78919,82,SavedShot,0.75,0.35700000762939454,0.017897799611091614,Mahmoud Dahoud,h,205,OpenPlay,2015,RightFoot,1133,Borussia M.Gladbach,Hannover 96,2,1,2015-11-21 18:30:00,Fabian Johnson,Pass
604,79253,3,SavedShot,0.774000015258789,0.6,0.02009280025959015,Mahmoud Dahoud,a,205,OpenPlay,2015,RightFoot,1141,Hoffenheim,Borussia M.Gladbach,3,3,2015-11-28 18:30:00,,Rebound
605,79264,35,SavedShot,0.7709999847412109,0.445,0.02997259981930256,Mahmoud Dahoud,a,205,OpenPlay,2015,RightFoot,1141,Hoffenheim,Borussia M.Gladbach,3,3,2015-11-28 18:30:00,Fabian Johnson,Pass
606,79385,45,MissedShots,0.750999984741211,0.43900001525878907,0.014361499808728695,Mahmoud Dahoud,h,205,SetPiece,2015,RightFoot,1148,Borussia M.Gladbach,Bayern Munich,3,1,2015-12-05 18:30:00,,None
607,79388,57,MissedShots,0.8690000152587891,0.28200000762939453,0.05121050029993057,Mahmoud Dahoud,h,205,OpenPlay,2015,RightFoot,1148,Borussia M.Gladbach,Bayern Munich,3,1,2015-12-05 18:30:00,Raffael,Pass
608,79659,46,MissedShots,0.7769999694824219,0.6029999923706054,0.025530299171805382,Mahmoud Dahoud,a,205,OpenPlay,2015,RightFoot,1162,Bayer Leverkusen,Borussia M.Gladbach,5,0,2015-12-12 21:30:00,,None
609,80105,56,MissedShots,0.7819999694824219,0.7580000305175781,0.01082799956202507,Mahmoud Dahoud,h,205,OpenPlay,2015,RightFoot,1180,Borussia M.Gladbach,Borussia Dortmund,1,3,2016-01-23 21:30:00,Lars Stindl,Pass
610,80575,43,SavedShot,0.9480000305175781,0.6940000152587891,0.07148429751396179,Mahmoud Dahoud,h,205,OpenPlay,2015,LeftFoot,1192,Borussia M.Gladbach,Werder Bremen,5,1,2016-02-05 23:30:00,Fabian Johnson,Pass
611,80579,51,MissedShots,0.8619999694824219,0.40099998474121096,0.11230599880218506,Mahmoud Dahoud,h,205,OpenPlay,2015,LeftFoot,1192,Borussia M.Gladbach,Werder Bremen,5,1,2016-02-05 23:30:00,Fabian Johnson,Pass
612,80580,53,BlockedShot,0.7580000305175781,0.4909999847412109,0.06921769678592682,Mahmoud Dahoud,h,205,OpenPlay,2015,RightFoot,1192,Borussia M.Gladbach,Werder Bremen,5,1,2016-02-05 23:30:00,Martin Hinteregger,BallRecovery
613,80586,67,SavedShot,0.75,0.5609999847412109,0.03330010175704956,Mahmoud Dahoud,h,205,OpenPlay,2015,RightFoot,1192,Borussia M.Gladbach,Werder Bremen,5,1,2016-02-05 23:30:00,Raffael,Pass
614,80787,2,SavedShot,0.765,0.47200000762939454,0.020410500466823578,Mahmoud Dahoud,a,205,FromCorner,2015,RightFoot,1208,Hamburger SV,Borussia M.Gladbach,3,2,2016-02-14 18:30:00,,None
615,81069,8,Goal,0.8580000305175781,0.4540000152587891,0.10261700302362442,Mahmoud Dahoud,h,205,OpenPlay,2015,RightFoot,1215,Borussia M.Gladbach,FC Cologne,1,0,2016-02-20 18:30:00,Raffael,Pass
616,81075,38,MissedShots,0.7730000305175782,0.24399999618530274,0.01789020001888275,Mahmoud Dahoud,h,205,FromCorner,2015,LeftFoot,1215,Borussia M.Gladbach,FC Cologne,1,0,2016-02-20 18:30:00,Thorgan Hazard,Pass
617,81077,40,MissedShots,0.799000015258789,0.3770000076293945,0.021973999217152596,Mahmoud Dahoud,h,205,SetPiece,2015,RightFoot,1215,Borussia M.Gladbach,FC Cologne,1,0,2016-02-20 18:30:00,,Rebound
618,81345,58,SavedShot,0.7809999847412109,0.4209999847412109,0.041717998683452606,Mahmoud Dahoud,a,205,OpenPlay,2015,RightFoot,1224,Augsburg,Borussia M.Gladbach,2,2,2016-02-28 18:30:00,Nico Elvedi,HeadPass
619,81709,24,BlockedShot,0.8380000305175781,0.48200000762939454,0.07056009769439697,Mahmoud Dahoud,a,205,OpenPlay,2015,RightFoot,1242,Wolfsburg,Borussia M.Gladbach,2,1,2016-03-05 18:30:00,Lars Stindl,Pass
620,81711,26,SavedShot,0.700999984741211,0.605999984741211,0.014304599724709988,Mahmoud Dahoud,a,205,OpenPlay,2015,RightFoot,1242,Wolfsburg,Borussia M.Gladbach,2,1,2016-03-05 18:30:00,Granit Xhaka,Pass
621,82011,22,MissedShots,0.7969999694824219,0.585,0.017097899690270424,Mahmoud Dahoud,h,205,OpenPlay,2015,RightFoot,1250,Borussia M.Gladbach,Eintracht Frankfurt,3,0,2016-03-12 18:30:00,Raffael,Chipped
622,82025,78,Goal,0.965999984741211,0.595999984741211,0.49423301219940186,Mahmoud Dahoud,h,205,OpenPlay,2015,RightFoot,1250,Borussia M.Gladbach,Eintracht Frankfurt,3,0,2016-03-12 18:30:00,Thorgan Hazard,TakeOn
623,82192,39,BlockedShot,0.7290000152587891,0.41,0.012690199539065361,Mahmoud Dahoud,a,205,FromCorner,2015,LeftFoot,1255,Schalke 04,Borussia M.Gladbach,2,1,2016-03-18 23:30:00,,Aerial
624,82198,62,ShotOnPost,0.7969999694824219,0.7240000152587891,0.01992739923298359,Mahmoud Dahoud,a,205,OpenPlay,2015,RightFoot,1255,Schalke 04,Borussia M.Gladbach,2,1,2016-03-18 23:30:00,Fabian Johnson,Pass
625,83089,19,MissedShots,0.8109999847412109,0.355,0.0483396016061306,Mahmoud Dahoud,h,205,OpenPlay,2015,RightFoot,1298,Borussia M.Gladbach,Hoffenheim,3,1,2016-04-24 17:30:00,Ibrahima Traoré,Pass
626,83097,44,Goal,0.9319999694824219,0.46799999237060547,0.5935559868812561,Mahmoud Dahoud,h,205,OpenPlay,2015,RightFoot,1298,Borussia M.Gladbach,Hoffenheim,3,1,2016-04-24 17:30:00,André Hahn,Pass
627,83104,58,SavedShot,0.7580000305175781,0.7180000305175781,0.017683599144220352,Mahmoud Dahoud,h,205,OpenPlay,2015,RightFoot,1298,Borussia M.Gladbach,Hoffenheim,3,1,2016-04-24 17:30:00,Oscar Wendt,Pass
628,83121,91,MissedShots,0.75,0.44599998474121094,0.017370600253343582,Mahmoud Dahoud,h,205,FromCorner,2015,RightFoot,1298,Borussia M.Gladbach,Hoffenheim,3,1,2016-04-24 17:30:00,,None
629,83291,16,MissedShots,0.765,0.4909999847412109,0.028759600594639778,Mahmoud Dahoud,a,205,OpenPlay,2015,RightFoot,1305,Bayern Munich,Borussia M.Gladbach,1,1,2016-04-30 17:30:00,Raffael,Pass
630,83545,47,BlockedShot,0.7809999847412109,0.4209999847412109,0.01309369970113039,Mahmoud Dahoud,h,205,SetPiece,2015,RightFoot,1310,Borussia M.Gladbach,Bayer Leverkusen,2,1,2016-05-07 17:30:00,,Aerial
631,83555,67,BlockedShot,0.9069999694824219,0.24200000762939453,0.031693801283836365,Mahmoud Dahoud,h,205,OpenPlay,2015,RightFoot,1310,Borussia M.Gladbach,Bayer Leverkusen,2,1,2016-05-07 17:30:00,,None
632,128239,87,BlockedShot,0.8519999694824218,0.4420000076293945,0.09693480283021927,Mahmoud Dahoud,h,205,OpenPlay,2016,RightFoot,1351,Borussia M.Gladbach,Werder Bremen,4,1,2016-09-17 20:30:00,Ibrahima Traoré,Pass
633,128636,11,SavedShot,0.84,0.649000015258789,0.046729300171136856,Mahmoud Dahoud,h,205,OpenPlay,2016,RightFoot,1364,Borussia M.Gladbach,Ingolstadt,2,0,2016-09-24 17:30:00,,None
634,129089,31,MissedShots,0.784000015258789,0.7669999694824219,0.012017900124192238,Mahmoud Dahoud,h,205,OpenPlay,2016,RightFoot,1382,Borussia M.Gladbach,Hamburger SV,0,0,2016-10-15 17:30:00,,None
635,129103,78,BlockedShot,0.76,0.6229999923706054,0.01697869971394539,Mahmoud Dahoud,h,205,FromCorner,2016,RightFoot,1382,Borussia M.Gladbach,Hamburger SV,0,0,2016-10-15 17:30:00,,None
636,129105,83,BlockedShot,0.795,0.3840000152587891,0.03064499981701374,Mahmoud Dahoud,h,205,OpenPlay,2016,RightFoot,1382,Borussia M.Gladbach,Hamburger SV,0,0,2016-10-15 17:30:00,Ibrahima Traoré,Pass
637,129793,7,MissedShots,0.7859999847412109,0.495,0.026648199185729027,Mahmoud Dahoud,h,205,FromCorner,2016,RightFoot,3299,Borussia M.Gladbach,Eintracht Frankfurt,0,0,2016-10-28 22:30:00,,None
638,129801,71,MissedShots,0.7190000152587891,0.49400001525878906,0.015799399465322495,Mahmoud Dahoud,h,205,OpenPlay,2016,RightFoot,3299,Borussia M.Gladbach,Eintracht Frankfurt,0,0,2016-10-28 22:30:00,Lars Stindl,Pass
639,129855,19,SavedShot,0.7519999694824219,0.5609999847412109,0.023392999544739723,Mahmoud Dahoud,h,205,OpenPlay,2016,RightFoot,2816,Borussia M.Gladbach,FC Cologne,1,2,2016-11-19 18:30:00,Raffael,Pass
640,129864,50,SavedShot,0.8530000305175781,0.43099998474121093,0.1320739984512329,Mahmoud Dahoud,h,205,OpenPlay,2016,RightFoot,2816,Borussia M.Gladbach,FC Cologne,1,2,2016-11-19 18:30:00,Thorgan Hazard,Pass
641,129869,61,BlockedShot,0.805,0.48700000762939455,0.05061820149421692,Mahmoud Dahoud,h,205,OpenPlay,2016,RightFoot,2816,Borussia M.Gladbach,FC Cologne,1,2,2016-11-19 18:30:00,Thorgan Hazard,Pass
642,130923,24,Goal,0.8430000305175781,0.4229999923706055,0.07406490296125412,Mahmoud Dahoud,h,205,OpenPlay,2016,LeftFoot,2826,Borussia M.Gladbach,Hoffenheim,1,1,2016-11-26 18:30:00,Christoph Kramer,Pass
643,130932,48,BlockedShot,0.855999984741211,0.5220000076293946,0.09656140208244324,Mahmoud Dahoud,h,205,OpenPlay,2016,RightFoot,2826,Borussia M.Gladbach,Hoffenheim,1,1,2016-11-26 18:30:00,,Rebound
644,130951,90,SavedShot,0.774000015258789,0.415,0.02756129950284958,Mahmoud Dahoud,h,205,OpenPlay,2016,LeftFoot,2826,Borussia M.Gladbach,Hoffenheim,1,1,2016-11-26 18:30:00,Raffael,Pass
645,131566,16,BlockedShot,0.8219999694824218,0.4540000152587891,0.06117179989814758,Mahmoud Dahoud,a,205,OpenPlay,2016,LeftFoot,3211,Augsburg,Borussia M.Gladbach,1,0,2016-12-17 18:30:00,Raffael,BallTouch
646,131575,58,SavedShot,0.674000015258789,0.485,0.012782200239598751,Mahmoud Dahoud,a,205,OpenPlay,2016,RightFoot,3211,Augsburg,Borussia M.Gladbach,1,0,2016-12-17 18:30:00,Raffael,Pass
647,131576,64,MissedShots,0.875,0.3920000076293945,0.08987510204315186,Mahmoud Dahoud,a,205,OpenPlay,2016,LeftFoot,3211,Augsburg,Borussia M.Gladbach,1,0,2016-12-17 18:30:00,Raffael,Pass
648,130145,89,MissedShots,0.72,0.4879999923706055,0.01705710031092167,Mahmoud Dahoud,h,205,OpenPlay,2016,RightFoot,3220,Borussia M.Gladbach,Wolfsburg,1,2,2016-12-20 23:00:00,Oscar Wendt,Pass
649,130833,52,MissedShots,0.7919999694824219,0.41700000762939454,0.03799070045351982,Mahmoud Dahoud,a,205,OpenPlay,2016,RightFoot,3727,Darmstadt,Borussia M.Gladbach,0,0,2017-01-21 17:30:00,Lars Stindl,Pass
650,131051,12,SavedShot,0.8690000152587891,0.67,0.03539469838142395,Mahmoud Dahoud,a,205,OpenPlay,2016,RightFoot,3737,Bayer Leverkusen,Borussia M.Gladbach,2,3,2017-01-28 20:30:00,Raffael,Chipped
651,131061,49,MissedShots,0.735999984741211,0.725999984741211,0.009562989696860313,Mahmoud Dahoud,a,205,OpenPlay,2016,RightFoot,3737,Bayer Leverkusen,Borussia M.Gladbach,2,3,2017-01-28 20:30:00,,Dispossessed
652,131582,6,BlockedShot,0.8180000305175781,0.5320000076293945,0.06358110159635544,Mahmoud Dahoud,h,205,OpenPlay,2016,RightFoot,3744,Borussia M.Gladbach,Freiburg,3,0,2017-02-04 14:30:00,Raffael,Pass
653,132685,54,BlockedShot,0.7819999694824219,0.6580000305175782,0.027973199263215065,Mahmoud Dahoud,a,205,OpenPlay,2016,RightFoot,3754,Werder Bremen,Borussia M.Gladbach,0,1,2017-02-11 14:30:00,Oscar Wendt,Pass
654,132690,71,BlockedShot,0.8530000305175781,0.5070000076293946,0.1010190024971962,Mahmoud Dahoud,a,205,OpenPlay,2016,LeftFoot,3754,Werder Bremen,Borussia M.Gladbach,0,1,2017-02-11 14:30:00,Fabian Johnson,Pass
655,132691,75,MissedShots,0.8319999694824218,0.485,0.07904510200023651,Mahmoud Dahoud,a,205,OpenPlay,2016,RightFoot,3754,Werder Bremen,Borussia M.Gladbach,0,1,2017-02-11 14:30:00,,None
656,131978,73,MissedShots,0.8540000152587891,0.6930000305175781,0.03354030102491379,Mahmoud Dahoud,h,205,SetPiece,2016,RightFoot,3765,Borussia M.Gladbach,RasenBallsport Leipzig,1,2,2017-02-19 14:30:00,Lars Stindl,Pass
657,132519,74,MissedShots,0.89,0.595999984741211,0.06138020008802414,Mahmoud Dahoud,h,205,FromCorner,2016,RightFoot,3782,Borussia M.Gladbach,Schalke 04,4,2,2017-03-04 17:30:00,Fabian Johnson,Pass
658,133764,4,BlockedShot,0.805,0.48,0.04793670028448105,Mahmoud Dahoud,h,205,OpenPlay,2016,RightFoot,3820,Borussia M.Gladbach,Hertha Berlin,1,0,2017-04-05 19:00:00,Jonas Hofmann,Pass
659,133792,78,BlockedShot,0.7580000305175781,0.48200000762939454,0.030425699427723885,Mahmoud Dahoud,h,205,OpenPlay,2016,LeftFoot,3820,Borussia M.Gladbach,Hertha Berlin,1,0,2017-04-05 19:00:00,Ibrahima Traoré,Pass
660,134652,31,BlockedShot,0.8640000152587891,0.6909999847412109,0.062155500054359436,Mahmoud Dahoud,a,205,OpenPlay,2016,RightFoot,3825,FC Cologne,Borussia M.Gladbach,2,3,2017-04-08 14:30:00,Oscar Wendt,TakeOn
661,134658,46,BlockedShot,0.764000015258789,0.6840000152587891,0.016259200870990753,Mahmoud Dahoud,a,205,OpenPlay,2016,RightFoot,3825,FC Cologne,Borussia M.Gladbach,2,3,2017-04-08 14:30:00,Thorgan Hazard,Pass
662,134667,87,SavedShot,0.7919999694824219,0.6509999847412109,0.03355469927191734,Mahmoud Dahoud,a,205,OpenPlay,2016,RightFoot,3825,FC Cologne,Borussia M.Gladbach,2,3,2017-04-08 14:30:00,Thorgan Hazard,Pass
663,133126,77,Goal,0.8419999694824218,0.5379999923706055,0.27969101071357727,Mahmoud Dahoud,a,205,OpenPlay,2016,RightFoot,3838,Hoffenheim,Borussia M.Gladbach,5,3,2017-04-15 14:30:00,,Rebound
664,133412,20,MissedShots,0.8490000152587891,0.46799999237060547,0.06113240122795105,Mahmoud Dahoud,h,205,OpenPlay,2016,LeftFoot,3840,Borussia M.Gladbach,Borussia Dortmund,2,3,2017-04-22 17:30:00,André Hahn,None
665,134308,11,BlockedShot,0.8130000305175781,0.5320000076293945,0.061907000839710236,Mahmoud Dahoud,a,205,OpenPlay,2016,RightFoot,3855,Mainz 05,Borussia M.Gladbach,1,2,2017-04-29 14:30:00,Jonas Hofmann,Pass
666,134882,24,SavedShot,0.7619999694824219,0.475,0.026220500469207764,Mahmoud Dahoud,h,205,OpenPlay,2016,LeftFoot,3861,Borussia M.Gladbach,Augsburg,1,1,2017-05-06 14:30:00,Lars Stindl,Pass
667,134886,33,BlockedShot,0.7130000305175781,0.4420000076293945,0.014310000464320183,Mahmoud Dahoud,h,205,OpenPlay,2016,RightFoot,3861,Borussia M.Gladbach,Augsburg,1,1,2017-05-06 14:30:00,,Dispossessed
668,134898,71,BlockedShot,0.8130000305175781,0.6940000152587891,0.025801099836826324,Mahmoud Dahoud,h,205,OpenPlay,2016,RightFoot,3861,Borussia M.Gladbach,Augsburg,1,1,2017-05-06 14:30:00,Jonas Hofmann,Pass
669,134900,77,BlockedShot,0.815,0.5329999923706055,0.017893299460411072,Mahmoud Dahoud,h,205,OpenPlay,2016,RightFoot,3861,Borussia M.Gladbach,Augsburg,1,1,2017-05-06 14:30:00,,Aerial
670,134903,84,MissedShots,0.8090000152587891,0.5029999923706054,0.05140699818730354,Mahmoud Dahoud,h,205,OpenPlay,2016,LeftFoot,3861,Borussia M.Gladbach,Augsburg,1,1,2017-05-06 14:30:00,Ibrahima Traoré,Pass
671,133149,47,MissedShots,0.71,0.6029999923706054,0.012027500197291374,Mahmoud Dahoud,a,205,FromCorner,2016,RightFoot,3869,Wolfsburg,Borussia M.Gladbach,1,1,2017-05-13 14:30:00,,Aerial
672,133159,84,BlockedShot,0.87,0.544000015258789,0.10779000073671341,Mahmoud Dahoud,a,205,OpenPlay,2016,RightFoot,3869,Wolfsburg,Borussia M.Gladbach,1,1,2017-05-13 14:30:00,Raffael,Pass
673,127740,27,SavedShot,0.7709999847412109,0.5479999923706055,0.029987400397658348,Mahmoud Dahoud,h,205,OpenPlay,2016,LeftFoot,3876,Borussia M.Gladbach,Darmstadt,2,2,2017-05-20 14:30:00,Raffael,Pass
674,127749,53,SavedShot,0.88,0.5179999923706055,0.12904199957847595,Mahmoud Dahoud,h,205,OpenPlay,2016,RightFoot,3876,Borussia M.Gladbach,Darmstadt,2,2,2017-05-20 14:30:00,Raffael,Pass
675,127756,72,SavedShot,0.8480000305175781,0.4929999923706055,0.05341599881649017,Mahmoud Dahoud,h,205,FromCorner,2016,RightFoot,3876,Borussia M.Gladbach,Darmstadt,2,2,2017-05-20 14:30:00,Andreas Christensen,Pass
676,166509,35,MissedShots,0.779000015258789,0.5420000076293945,0.04186660051345825,Mahmoud Dahoud,h,205,OpenPlay,2017,LeftFoot,8294,Borussia Dortmund,FC Cologne,5,0,2017-09-17 17:00:00,Andriy Yarmolenko,Pass
677,166513,47,MissedShots,0.855999984741211,0.7230000305175781,0.039337001740932465,Mahmoud Dahoud,h,205,OpenPlay,2017,RightFoot,8294,Borussia Dortmund,FC Cologne,5,0,2017-09-17 17:00:00,Pierre-Emerick Aubameyang,Pass
678,166515,50,MissedShots,0.764000015258789,0.47200000762939454,0.0333218015730381,Mahmoud Dahoud,h,205,OpenPlay,2017,RightFoot,8294,Borussia Dortmund,FC Cologne,5,0,2017-09-17 17:00:00,Maximilian Philipp,Pass
679,166525,87,MissedShots,0.7180000305175781,0.42700000762939455,0.020961500704288483,Mahmoud Dahoud,h,205,OpenPlay,2017,RightFoot,8294,Borussia Dortmund,FC Cologne,5,0,2017-09-17 17:00:00,Julian Weigl,Pass
680,167373,42,BlockedShot,0.86,0.35700000762939454,0.06614399701356888,Mahmoud Dahoud,h,205,OpenPlay,2017,RightFoot,8310,Borussia Dortmund,Borussia M.Gladbach,6,1,2017-09-23 17:30:00,,None
681,167294,42,SavedShot,0.904000015258789,0.40299999237060546,0.12492699921131134,Mahmoud Dahoud,a,205,OpenPlay,2017,RightFoot,8321,Augsburg,Borussia Dortmund,1,2,2017-09-30 14:30:00,Lukasz Piszczek,Pass
682,179823,33,BlockedShot,0.7630000305175781,0.4370000076293945,0.022880399599671364,Mahmoud Dahoud,h,205,OpenPlay,2017,RightFoot,8385,Borussia Dortmund,Werder Bremen,1,2,2017-12-09 14:30:00,Andriy Yarmolenko,Tackle
683,184097,86,MissedShots,0.8159999847412109,0.63,0.04753829911351204,Mahmoud Dahoud,a,205,OpenPlay,2017,RightFoot,8401,Mainz 05,Borussia Dortmund,0,2,2017-12-12 19:30:00,Raphael Guerreiro,Pass
684,184100,90,SavedShot,0.8590000152587891,0.545,0.42357099056243896,Mahmoud Dahoud,a,205,OpenPlay,2017,RightFoot,8401,Mainz 05,Borussia Dortmund,0,2,2017-12-12 19:30:00,Andriy Yarmolenko,Pass
685,184153,83,MissedShots,0.8109999847412109,0.45,0.025892699137330055,Mahmoud Dahoud,h,205,OpenPlay,2017,RightFoot,8403,Borussia Dortmund,Hoffenheim,2,1,2017-12-16 17:30:00,Pierre-Emerick Aubameyang,Chipped
686,184158,93,MissedShots,0.86,0.48900001525878906,0.10853099822998047,Mahmoud Dahoud,h,205,OpenPlay,2017,RightFoot,8403,Borussia Dortmund,Hoffenheim,2,1,2017-12-16 17:30:00,Pierre-Emerick Aubameyang,Pass
687,188007,60,BlockedShot,0.775,0.63,0.023149099200963974,Mahmoud Dahoud,h,205,OpenPlay,2017,RightFoot,8412,Borussia Dortmund,Wolfsburg,0,0,2018-01-14 17:00:00,Jeremy Toljan,Pass
688,195078,25,MissedShots,0.7959999847412109,0.7319999694824219,0.023545699194073677,Mahmoud Dahoud,a,205,OpenPlay,2017,RightFoot,8447,FC Cologne,Borussia Dortmund,2,3,2018-02-02 19:30:00,Jeremy Toljan,Pass
689,194953,62,MissedShots,0.9,0.555,0.13764500617980957,Mahmoud Dahoud,h,205,OpenPlay,2017,LeftFoot,8452,Borussia Dortmund,Hamburger SV,2,0,2018-02-10 14:30:00,,Rebound
690,194957,74,MissedShots,0.985,0.605,0.3338179886341095,Mahmoud Dahoud,h,205,OpenPlay,2017,LeftFoot,8452,Borussia Dortmund,Hamburger SV,2,0,2018-02-10 14:30:00,André Schürrle,Pass
691,198139,66,MissedShots,0.7559999847412109,0.33,0.024024300277233124,Mahmoud Dahoud,h,205,OpenPlay,2017,RightFoot,8467,Borussia Dortmund,Augsburg,1,1,2018-02-26 19:30:00,,Challenge
692,198144,74,SavedShot,0.7559999847412109,0.8109999847412109,0.032582398504018784,Mahmoud Dahoud,h,205,DirectFreekick,2017,RightFoot,8467,Borussia Dortmund,Augsburg,1,1,2018-02-26 19:30:00,,Standard
693,198146,85,MissedShots,0.8859999847412109,0.51,0.09190189838409424,Mahmoud Dahoud,h,205,OpenPlay,2017,RightFoot,8467,Borussia Dortmund,Augsburg,1,1,2018-02-26 19:30:00,,None
694,200840,29,SavedShot,0.725999984741211,0.5179999923706055,0.019295699894428253,Mahmoud Dahoud,h,205,OpenPlay,2017,RightFoot,8485,Borussia Dortmund,Eintracht Frankfurt,3,2,2018-03-11 17:00:00,Marco Reus,Pass
695,201914,48,SavedShot,0.7319999694824219,0.5309999847412109,0.02476090006530285,Mahmoud Dahoud,h,205,OpenPlay,2017,RightFoot,8493,Borussia Dortmund,Hannover 96,1,0,2018-03-18 12:30:00,André Schürrle,Pass
696,201915,49,SavedShot,0.6980000305175781,0.46900001525878904,0.012857099995017052,Mahmoud Dahoud,h,205,FromCorner,2017,RightFoot,8493,Borussia Dortmund,Hannover 96,1,0,2018-03-18 12:30:00,,None
697,201921,69,MissedShots,0.8119999694824219,0.4879999923706055,0.07042969763278961,Mahmoud Dahoud,h,205,OpenPlay,2017,RightFoot,8493,Borussia Dortmund,Hannover 96,1,0,2018-03-18 12:30:00,Michy Batshuayi,Pass
698,201922,75,MissedShots,0.76,0.549000015258789,0.014546199701726437,Mahmoud Dahoud,h,205,FromCorner,2017,RightFoot,8493,Borussia Dortmund,Hannover 96,1,0,2018-03-18 12:30:00,,Aerial
699,204481,16,MissedShots,0.764000015258789,0.5259999847412109,0.013797599822282791,Mahmoud Dahoud,a,205,OpenPlay,2017,RightFoot,8502,Bayern Munich,Borussia Dortmund,6,0,2018-03-31 14:30:00,,Rebound
700,209145,27,MissedShots,0.750999984741211,0.515,0.019925400614738464,Mahmoud Dahoud,a,205,OpenPlay,2017,RightFoot,8524,Schalke 04,Borussia Dortmund,2,0,2018-04-15 13:30:00,,None
701,210589,85,MissedShots,0.8169999694824219,0.6430000305175781,0.12276799976825714,Mahmoud Dahoud,h,205,OpenPlay,2017,RightFoot,8529,Borussia Dortmund,Bayer Leverkusen,4,0,2018-04-21 16:30:00,Mario Götze,Chipped
702,220747,20,Goal,0.9019999694824219,0.5179999923706055,0.26081401109695435,Mahmoud Dahoud,h,205,OpenPlay,2018,Head,10345,Borussia Dortmund,RasenBallsport Leipzig,4,1,2018-08-26 19:00:00,Marcel Schmelzer,Cross
703,220754,48,BlockedShot,0.754000015258789,0.2929999923706055,0.028643500059843063,Mahmoud Dahoud,h,205,OpenPlay,2018,RightFoot,10345,Borussia Dortmund,RasenBallsport Leipzig,4,1,2018-08-26 19:00:00,Lukasz Piszczek,Pass
704,220758,56,MissedShots,0.899000015258789,0.47,0.49713200330734253,Mahmoud Dahoud,h,205,OpenPlay,2018,RightFoot,10345,Borussia Dortmund,RasenBallsport Leipzig,4,1,2018-08-26 19:00:00,Marco Reus,Pass
705,220763,89,BlockedShot,0.7680000305175781,0.42400001525878905,0.028175299987196922,Mahmoud Dahoud,h,205,OpenPlay,2018,RightFoot,10345,Borussia Dortmund,RasenBallsport Leipzig,4,1,2018-08-26 19:00:00,Marco Reus,Pass
706,221327,23,BlockedShot,0.7730000305175782,0.4520000076293945,0.03904850035905838,Mahmoud Dahoud,a,205,OpenPlay,2018,RightFoot,10346,Hannover 96,Borussia Dortmund,0,0,2018-08-31 21:30:00,Maximilian Philipp,LayOff
707,221338,65,MissedShots,0.7280000305175781,0.38,0.016583900898694992,Mahmoud Dahoud,a,205,OpenPlay,2018,RightFoot,10346,Hannover 96,Borussia Dortmund,0,0,2018-08-31 21:30:00,Marius Wolf,Pass
708,221341,84,MissedShots,0.7369999694824219,0.6,0.011559899896383286,Mahmoud Dahoud,a,205,SetPiece,2018,RightFoot,10346,Hannover 96,Borussia Dortmund,0,0,2018-08-31 21:30:00,,None
709,223170,81,SavedShot,0.7519999694824219,0.5220000076293946,0.02831670083105564,Mahmoud Dahoud,h,205,OpenPlay,2018,RightFoot,10355,Borussia Dortmund,Eintracht Frankfurt,3,1,2018-09-14 18:30:00,Manuel Akanji,Pass
710,255675,30,BlockedShot,0.7190000152587891,0.539000015258789,0.016349900513887405,Mahmoud Dahoud,h,205,OpenPlay,2018,RightFoot,10410,Borussia Dortmund,Hertha Berlin,2,2,2018-10-27 13:30:00,Raphael Guerreiro,TakeOn
711,255694,86,BlockedShot,0.8,0.6430000305175781,0.04574570059776306,Mahmoud Dahoud,h,205,OpenPlay,2018,RightFoot,10410,Borussia Dortmund,Hertha Berlin,2,2,2018-10-27 13:30:00,,None
712,292133,5,ShotOnPost,0.8619999694824219,0.46099998474121096,0.34094300866127014,Mahmoud Dahoud,a,205,OpenPlay,2018,RightFoot,10580,Bayern Munich,Borussia Dortmund,5,0,2019-04-06 17:30:00,Marco Reus,Pass
713,316042,51,MissedShots,0.754000015258789,0.6509999847412109,0.019690699875354767,Mahmoud Dahoud,a,205,OpenPlay,2019,RightFoot,12427,Union Berlin,Borussia Dortmund,3,1,2019-08-31 17:30:00,Julian Weigl,Pass
714,316052,95,MissedShots,0.7780000305175782,0.685,0.019800899550318718,Mahmoud Dahoud,a,205,OpenPlay,2019,RightFoot,12427,Union Berlin,Borussia Dortmund,3,1,2019-08-31 17:30:00,Jadon Sancho,Pass
715,322894,0,BlockedShot,0.865,0.3970000076293945,0.08657850325107574,Mahmoud Dahoud,h,205,OpenPlay,2019,RightFoot,12454,Borussia Dortmund,Werder Bremen,2,2,2019-09-28 16:30:00,Achraf Hakimi,Pass
716,322903,35,BlockedShot,0.8190000152587891,0.485,0.06709430366754532,Mahmoud Dahoud,h,205,OpenPlay,2019,RightFoot,12454,Borussia Dortmund,Werder Bremen,2,2,2019-09-28 16:30:00,Thorgan Hazard,Pass
717,322906,44,SavedShot,0.8959999847412109,0.615,0.36829501390457153,Mahmoud Dahoud,h,205,OpenPlay,2019,RightFoot,12454,Borussia Dortmund,Werder Bremen,2,2,2019-09-28 16:30:00,Mario Götze,Throughball
718,329037,66,SavedShot,0.905,0.44299999237060544,0.12030299752950668,Mahmoud Dahoud,h,205,OpenPlay,2019,RightFoot,12484,Borussia Dortmund,Wolfsburg,3,0,2019-11-02 14:30:00,Julian Brandt,BallTouch
719,335589,84,BlockedShot,0.845,0.46,0.1191139966249466,Mahmoud Dahoud,h,205,OpenPlay,2019,LeftFoot,12520,Borussia Dortmund,Fortuna Duesseldorf,5,0,2019-12-07 14:30:00,,TakeOn
720,358729,77,MissedShots,0.789000015258789,0.6329999923706054,0.0211900994181633,Mahmoud Dahoud,h,205,FromCorner,2019,RightFoot,12592,Borussia Dortmund,Eintracht Frankfurt,4,0,2020-02-14 19:30:00,,None
721,362926,40,BlockedShot,0.785,0.4370000076293945,0.0246249008923769,Mahmoud Dahoud,h,205,FromCorner,2019,RightFoot,12628,Borussia Dortmund,Schalke 04,4,0,2020-05-16 13:30:00,,None
722,363356,48,SavedShot,0.785,0.6020000076293945,0.03331330046057701,Mahmoud Dahoud,h,205,OpenPlay,2019,RightFoot,12652,Borussia Dortmund,Bayern Munich,0,1,2020-05-26 16:30:00,Raphael Guerreiro,Pass
723,363363,76,BlockedShot,0.7530000305175781,0.6580000305175782,0.01713789999485016,Mahmoud Dahoud,h,205,OpenPlay,2019,RightFoot,12652,Borussia Dortmund,Bayern Munich,0,1,2020-05-26 16:30:00,Jadon Sancho,Pass
724,363364,79,SavedShot,0.7919999694824219,0.5629999923706055,0.03401320055127144,Mahmoud Dahoud,h,205,OpenPlay,2019,LeftFoot,12652,Borussia Dortmund,Bayern Munich,0,1,2020-05-26 16:30:00,Thorgan Hazard,Pass
725,378805,84,MissedShots,0.779000015258789,0.36900001525878906,0.024704400449991226,Mahmoud Dahoud,a,205,OpenPlay,2020,RightFoot,14184,Augsburg,Borussia Dortmund,2,0,2020-09-26 13:30:00,Giovanni Reyna,Pass
726,383454,9,BlockedShot,0.8090000152587891,0.47900001525878905,0.05998380109667778,Mahmoud Dahoud,h,205,OpenPlay,2020,RightFoot,15181,Borussia Dortmund,Schalke 04,3,0,2020-10-24 16:30:00,Thomas Meunier,Pass
727,383462,30,ShotOnPost,0.700999984741211,0.6079999923706054,0.01919429935514927,Mahmoud Dahoud,h,205,FromCorner,2020,RightFoot,15181,Borussia Dortmund,Schalke 04,3,0,2020-10-24 16:30:00,,TakeOn
728,403095,66,BlockedShot,0.7430000305175781,0.5270000076293946,0.01819469965994358,Mahmoud Dahoud,a,205,OpenPlay,2020,RightFoot,15314,Freiburg,Borussia Dortmund,2,1,2021-02-06 14:30:00,Jadon Sancho,Pass
729,403102,88,BlockedShot,0.720999984741211,0.5129999923706055,0.018184399232268333,Mahmoud Dahoud,a,205,OpenPlay,2020,RightFoot,15314,Freiburg,Borussia Dortmund,2,1,2021-02-06 14:30:00,Raphael Guerreiro,Pass
730,405650,11,BlockedShot,0.715,0.56,0.01692589931190014,Mahmoud Dahoud,a,205,OpenPlay,2020,RightFoot,15334,Schalke 04,Borussia Dortmund,0,4,2021-02-20 17:30:00,Marco Reus,Pass
731,405654,35,SavedShot,0.8530000305175781,0.485,0.09790419787168503,Mahmoud Dahoud,a,205,OpenPlay,2020,RightFoot,15334,Schalke 04,Borussia Dortmund,0,4,2021-02-20 17:30:00,Erling Haaland,Pass
732,406714,47,Goal,0.805,0.5179999923706055,0.04976449906826019,Mahmoud Dahoud,h,205,OpenPlay,2020,RightFoot,15339,Borussia Dortmund,Arminia Bielefeld,3,0,2021-02-27 14:30:00,Jadon Sancho,Pass
733,410104,55,MissedShots,0.7369999694824219,0.6630000305175782,0.019814400002360344,Mahmoud Dahoud,h,205,OpenPlay,2020,RightFoot,15356,Borussia Dortmund,Hertha Berlin,2,0,2021-03-13 17:30:00,Julian Brandt,Pass
734,411299,51,SavedShot,0.7240000152587891,0.40599998474121096,0.04773639887571335,Mahmoud Dahoud,a,205,DirectFreekick,2020,RightFoot,15371,FC Cologne,Borussia Dortmund,2,2,2021-03-20 14:30:00,,Standard
735,412555,82,MissedShots,0.799000015258789,0.5579999923706055,0.04166489839553833,Mahmoud Dahoud,h,205,OpenPlay,2020,RightFoot,15374,Borussia Dortmund,Eintracht Frankfurt,1,2,2021-04-03 13:30:00,,None
736,414004,13,SavedShot,0.79,0.48200000762939454,0.04220360144972801,Mahmoud Dahoud,a,205,OpenPlay,2020,RightFoot,15391,VfB Stuttgart,Borussia Dortmund,2,3,2021-04-10 16:30:00,Marco Reus,TakeOn
737,414028,89,SavedShot,0.76,0.710999984741211,0.023924000561237335,Mahmoud Dahoud,a,205,OpenPlay,2020,RightFoot,15391,VfB Stuttgart,Borussia Dortmund,2,3,2021-04-10 16:30:00,Julian Brandt,Pass
738,415847,44,BlockedShot,0.7719999694824219,0.4929999923706055,0.03581029921770096,Mahmoud Dahoud,h,205,OpenPlay,2020,LeftFoot,15392,Borussia Dortmund,Werder Bremen,4,1,2021-04-18 13:30:00,Julian Brandt,Pass
739,417183,60,MissedShots,0.7369999694824219,0.75,0.015018699690699577,Mahmoud Dahoud,a,205,OpenPlay,2020,RightFoot,15413,Wolfsburg,Borussia Dortmund,0,2,2021-04-24 13:30:00,,BallRecovery
740,420030,30,BlockedShot,0.7290000152587891,0.5179999923706055,0.02047250047326088,Mahmoud Dahoud,h,205,OpenPlay,2020,RightFoot,15420,Borussia Dortmund,RasenBallsport Leipzig,3,2,2021-05-08 13:30:00,Jadon Sancho,Pass
741,426899,33,BlockedShot,0.705,0.6140000152587891,0.014388799667358398,Mahmoud Dahoud,a,205,OpenPlay,2021,RightFoot,17529,Freiburg,Borussia Dortmund,2,1,2021-08-21 13:30:00,Donyell Malen,Pass
742,426901,37,MissedShots,0.6940000152587891,0.509000015258789,0.011887099593877792,Mahmoud Dahoud,a,205,OpenPlay,2021,RightFoot,17529,Freiburg,Borussia Dortmund,2,1,2021-08-21 13:30:00,Giovanni Reyna,LayOff
743,428374,43,BlockedShot,0.7519999694824219,0.5609999847412109,0.020848900079727173,Mahmoud Dahoud,h,205,OpenPlay,2021,RightFoot,17534,Borussia Dortmund,Hoffenheim,3,2,2021-08-27 18:30:00,Donyell Malen,TakeOn
744,429790,52,MissedShots,0.785,0.6329999923706054,0.023659799247980118,Mahmoud Dahoud,a,205,OpenPlay,2021,LeftFoot,17547,Bayer Leverkusen,Borussia Dortmund,3,4,2021-09-11 13:30:00,Marco Reus,Pass
745,429793,61,MissedShots,0.7469999694824219,0.46099998474121096,0.019558800384402275,Mahmoud Dahoud,a,205,OpenPlay,2021,RightFoot,17547,Bayer Leverkusen,Borussia Dortmund,3,4,2021-09-11 13:30:00,Julian Brandt,Pass
746,432004,43,MissedShots,0.8080000305175781,0.49,0.1299089938402176,Mahmoud Dahoud,h,205,OpenPlay,2021,RightFoot,17559,Borussia Dortmund,Union Berlin,4,2,2021-09-19 15:30:00,Jude Bellingham,TakeOn
747,443947,11,BlockedShot,0.7819999694824219,0.5420000076293945,0.03128800168633461,Mahmoud Dahoud,a,205,OpenPlay,2021,LeftFoot,17630,Wolfsburg,Borussia Dortmund,1,3,2021-11-27 14:30:00,Marco Reus,Pass
748,443953,30,MissedShots,0.8640000152587891,0.545,0.07003899663686752,Mahmoud Dahoud,a,205,OpenPlay,2021,RightFoot,17630,Wolfsburg,Borussia Dortmund,1,3,2021-11-27 14:30:00,,Rebound
749,448988,57,BlockedShot,0.7630000305175781,0.40299999237060546,0.022690000012516975,Mahmoud Dahoud,h,205,OpenPlay,2021,RightFoot,17659,Borussia Dortmund,Greuther Fuerth,3,0,2021-12-15 19:30:00,,Rebound
750,449554,20,MissedShots,0.81,0.629000015258789,0.03862470015883446,Mahmoud Dahoud,a,205,OpenPlay,2021,RightFoot,17663,Hertha Berlin,Borussia Dortmund,3,2,2021-12-18 17:30:00,Julian Brandt,Pass
751,449563,65,MissedShots,0.8719999694824219,0.46900001525878904,0.38408398628234863,Mahmoud Dahoud,a,205,OpenPlay,2021,LeftFoot,17663,Hertha Berlin,Borussia Dortmund,3,2,2021-12-18 17:30:00,Donyell Malen,Pass
752,452262,78,MissedShots,0.7469999694824219,0.44,0.016865499317646027,Mahmoud Dahoud,a,205,FromCorner,2021,RightFoot,17675,Eintracht Frankfurt,Borussia Dortmund,2,3,2022-01-08 17:30:00,,None
753,452266,88,Goal,0.805,0.504000015258789,0.07556989789009094,Mahmoud Dahoud,a,205,OpenPlay,2021,RightFoot,17675,Eintracht Frankfurt,Borussia Dortmund,2,3,2022-01-08 17:30:00,,TakeOn
754,452976,31,MissedShots,0.8619999694824219,0.40799999237060547,0.08321789652109146,Mahmoud Dahoud,h,205,OpenPlay,2021,RightFoot,17686,Borussia Dortmund,Freiburg,5,1,2022-01-14 19:30:00,Donyell Malen,None
755,452985,48,SavedShot,0.754000015258789,0.41200000762939454,0.021200500428676605,Mahmoud Dahoud,h,205,OpenPlay,2021,RightFoot,17686,Borussia Dortmund,Freiburg,5,1,2022-01-14 19:30:00,,None
756,452995,85,Goal,0.8819999694824219,0.6020000076293945,0.12442400306463242,Mahmoud Dahoud,h,205,OpenPlay,2021,RightFoot,17686,Borussia Dortmund,Freiburg,5,1,2022-01-14 19:30:00,Nico Schulz,Pass
757,456279,63,MissedShots,0.840999984741211,0.4859999847412109,0.053983498364686966,Mahmoud Dahoud,h,205,OpenPlay,2021,LeftFoot,17703,Borussia Dortmund,Bayer Leverkusen,2,5,2022-02-06 14:30:00,,None
758,456280,66,BlockedShot,0.7340000152587891,0.45599998474121095,0.01537690032273531,Mahmoud Dahoud,h,205,OpenPlay,2021,RightFoot,17703,Borussia Dortmund,Bayer Leverkusen,2,5,2022-02-06 14:30:00,Julian Brandt,BallTouch
759,458893,78,MissedShots,0.7569999694824219,0.69,0.019240999594330788,Mahmoud Dahoud,h,205,FromCorner,2021,RightFoot,17721,Borussia Dortmund,Borussia M.Gladbach,6,0,2022-02-20 16:30:00,Julian Brandt,Pass
760,460443,10,BlockedShot,0.8619999694824219,0.5629999923706055,0.0942298024892807,Mahmoud Dahoud,a,205,OpenPlay,2021,RightFoot,17725,Augsburg,Borussia Dortmund,1,1,2022-02-27 16:30:00,Raphael Guerreiro,Pass
761,460444,12,SavedShot,0.855,0.56,0.09378460049629211,Mahmoud Dahoud,a,205,OpenPlay,2021,RightFoot,17725,Augsburg,Borussia Dortmund,1,1,2022-02-27 16:30:00,Raphael Guerreiro,Pass
762,466388,20,MissedShots,0.745999984741211,0.66,0.012704700231552124,Mahmoud Dahoud,a,205,FromCorner,2021,RightFoot,17772,VfB Stuttgart,Borussia Dortmund,0,2,2022-04-08 18:30:00,,Aerial
763,479424,61,MissedShots,0.72,0.315,0.017909999936819077,Mahmoud Dahoud,h,205,OpenPlay,2022,RightFoot,19348,Borussia Dortmund,Bayer Leverkusen,1,0,2022-08-06 16:30:00,Jude Bellingham,Pass
764,480052,54,MissedShots,0.7180000305175781,0.5170000076293946,0.018529800698161125,Mahmoud Dahoud,a,205,OpenPlay,2022,RightFoot,19351,Freiburg,Borussia Dortmund,1,3,2022-08-12 18:30:00,Raphael Guerreiro,Pass
765,481700,1,MissedShots,0.72,0.5690000152587891,0.015994200482964516,Mahmoud Dahoud,h,205,OpenPlay,2022,RightFoot,19364,Borussia Dortmund,Werder Bremen,2,3,2022-08-20 13:30:00,Jamie Bynoe-Gittens,Pass
766,507000,90,MissedShots,0.8,0.6790000152587891,0.029415499418973923,Mahmoud Dahoud,h,205,OpenPlay,2022,RightFoot,19504,Borussia Dortmund,Freiburg,5,1,2023-02-04 14:30:00,Donyell Malen,Pass
767,513740,89,BlockedShot,0.8419999694824218,0.4929999923706055,0.0664547011256218,Mahmoud Dahoud,a,205,OpenPlay,2022,RightFoot,19556,Schalke 04,Borussia Dortmund,2,2,2023-03-11 17:30:00,,Rebound
768,515249,68,SavedShot,0.7769999694824219,0.5020000076293946,0.09721729904413223,Mahmoud Dahoud,h,205,DirectFreekick,2022,RightFoot,19558,Borussia Dortmund,FC Cologne,6,1,2023-03-18 17:30:00,,Standard
769,532053,25,MissedShots,0.7680000305175781,0.639000015258789,0.02095428667962551,Mahmoud Dahoud,h,205,OpenPlay,2023,RightFoot,22278,Brighton,Luton,4,1,2023-08-12 14:00:00,Kaoru Mitoma,Pass
770,532063,41,BlockedShot,0.749000015258789,0.4779999923706055,0.0221095010638237,Mahmoud Dahoud,h,205,OpenPlay,2023,RightFoot,22278,Brighton,Luton,4,1,2023-08-12 14:00:00,,Rebound
771,539591,45,BlockedShot,0.8159999847412109,0.4779999923706055,0.049729250371456146,Mahmoud Dahoud,h,205,FromCorner,2023,LeftFoot,21951,Brighton,Bournemouth,3,1,2023-09-24 13:00:00,,Rebound
772,548871,61,SavedShot,0.740999984741211,0.475,0.02116510458290577,Mahmoud Dahoud,h,205,FromCorner,2023,RightFoot,22008,Brighton,Sheffield United,1,1,2023-11-12 14:00:00,,Rebound
773,552874,35,MissedShots,0.7930000305175782,0.5359999847412109,0.033914655447006226,Mahmoud Dahoud,h,205,OpenPlay,2023,RightFoot,22046,Brighton,Burnley,1,1,2023-12-09 15:00:00,Pascal Groß,Pass
774,552875,39,MissedShots,0.730999984741211,0.56,0.016815509647130966,Mahmoud Dahoud,h,205,OpenPlay,2023,RightFoot,22046,Brighton,Burnley,1,1,2023-12-09 15:00:00,James Milner,Pass
775,563827,91,Goal,0.9169999694824219,0.40900001525878904,0.3868900537490845,Mahmoud Dahoud,a,205,OpenPlay,2023,RightFoot,23262,Darmstadt,VfB Stuttgart,1,2,2024-02-17 14:30:00,,Rebound
776,567641,94,MissedShots,0.8469999694824218,0.4929999923706055,0.08673587441444397,Mahmoud Dahoud,h,205,OpenPlay,2023,RightFoot,23289,VfB Stuttgart,Union Berlin,2,0,2024-03-08 19:30:00,,None
777,599959,37,SavedShot,0.8930000305175781,0.5659999847412109,0.4302181303501129,Mahmoud Dahoud,h,205,SetPiece,2024,RightFoot,27817,Eintracht Frankfurt,Bochum,7,2,2024-11-02 14:30:00,,None
778,599962,42,BlockedShot,0.8730000305175781,0.6120000076293945,0.12574155628681183,Mahmoud Dahoud,h,205,OpenPlay,2024,RightFoot,27817,Eintracht Frankfurt,Bochum,7,2,2024-11-02 14:30:00,,TakeOn
779,599965,46,BlockedShot,0.8009999847412109,0.590999984741211,0.024417156353592873,Mahmoud Dahoud,h,205,OpenPlay,2024,LeftFoot,27817,Eintracht Frankfurt,Bochum,7,2,2024-11-02 14:30:00,,Rebound
780,599971,60,Goal,0.765,0.49200000762939455,0.03394724428653717,Mahmoud Dahoud,h,205,OpenPlay,2024,LeftFoot,27817,Eintracht Frankfurt,Bochum,7,2,2024-11-02 14:30:00,Ellyes Skhiri,Pass
781,605729,63,BlockedShot,0.8090000152587891,0.505,0.04969746991991997,Mahmoud Dahoud,h,205,OpenPlay,2024,RightFoot,27858,Eintracht Frankfurt,Augsburg,2,2,2024-12-07 14:30:00,,None
782,393946,50,MissedShots,0.8930000305175781,0.4640000152587891,0.07923199981451035,Tuta,a,7524,SetPiece,2020,Head,15256,Augsburg,Eintracht Frankfurt,0,2,2020-12-19 14:30:00,Aymen Barkok,Cross
783,403793,9,MissedShots,0.9330000305175781,0.37900001525878907,0.012968899682164192,Tuta,a,7524,FromCorner,2020,Head,15313,Hoffenheim,Eintracht Frankfurt,1,3,2021-02-07 14:30:00,Amin Younes,Aerial
784,413763,37,BlockedShot,0.784000015258789,0.529000015258789,0.03284449875354767,Tuta,h,7524,FromCorner,2020,RightFoot,15385,Eintracht Frankfurt,Wolfsburg,4,3,2021-04-10 13:30:00,Sebastian Rode,Pass
785,413781,84,OwnGoal,0.145,0.43599998474121093,0,Tuta,h,7524,OpenPlay,2020,LeftFoot,15385,Eintracht Frankfurt,Wolfsburg,4,3,2021-04-10 13:30:00,,None
786,421918,75,BlockedShot,0.88,0.47,0.03515069931745529,Tuta,a,7524,FromCorner,2020,LeftFoot,15433,Schalke 04,Eintracht Frankfurt,4,3,2021-05-15 13:30:00,,Aerial
787,438642,86,MissedShots,0.8819999694824219,0.4640000152587891,0.014683200046420097,Tuta,a,7524,FromCorner,2021,Head,17588,Bochum,Eintracht Frankfurt,2,0,2021-10-24 17:30:00,Filip Kostic,Aerial
788,439869,93,Goal,0.9480000305175781,0.43599998474121093,0.35469698905944824,Tuta,h,7524,SetPiece,2021,Head,17604,Eintracht Frankfurt,RasenBallsport Leipzig,1,1,2021-10-30 16:30:00,Filip Kostic,Cross
789,443287,33,SavedShot,0.7030000305175781,0.4209999847412109,0.009549969807267189,Tuta,a,7524,OpenPlay,2021,RightFoot,17619,Freiburg,Eintracht Frankfurt,0,2,2021-11-21 14:30:00,,Aerial
790,448473,22,Goal,0.950999984741211,0.5059999847412109,0.5844359993934631,Tuta,h,7524,FromCorner,2021,RightFoot,17647,Eintracht Frankfurt,Bayer Leverkusen,5,2,2021-12-12 16:30:00,,None
791,455692,3,MissedShots,0.9490000152587891,0.40200000762939453,0.020519400015473366,Tuta,a,7524,FromCorner,2021,Head,17701,VfB Stuttgart,Eintracht Frankfurt,2,3,2022-02-05 14:30:00,Christopher Lenz,Aerial
792,456955,31,MissedShots,0.92,0.6419999694824219,0.04305170103907585,Tuta,h,7524,FromCorner,2021,RightFoot,17712,Eintracht Frankfurt,Wolfsburg,0,2,2022-02-12 14:30:00,Christopher Lenz,Cross
793,459955,25,MissedShots,0.9490000152587891,0.42200000762939455,0.09666959941387177,Tuta,h,7524,FromCorner,2021,Head,17731,Eintracht Frankfurt,Bayern Munich,0,1,2022-02-26 17:30:00,Filip Kostic,Cross
794,460997,47,Goal,0.975,0.45299999237060545,0.5678229928016663,Tuta,a,7524,FromCorner,2021,RightFoot,17735,Hertha Berlin,Eintracht Frankfurt,1,4,2022-03-05 14:30:00,Evan Ndicka,HeadPass
795,463206,4,MissedShots,0.93,0.5170000076293946,0.05396420136094093,Tuta,h,7524,FromCorner,2021,OtherBodyPart,17748,Eintracht Frankfurt,Bochum,2,1,2022-03-13 16:30:00,Filip Kostic,Aerial
796,463216,46,SavedShot,0.9269999694824219,0.605999984741211,0.04074909910559654,Tuta,h,7524,FromCorner,2021,Head,17748,Eintracht Frankfurt,Bochum,2,1,2022-03-13 16:30:00,Filip Kostic,Cross
797,463222,65,MissedShots,0.9630000305175781,0.52,0.1352970004081726,Tuta,h,7524,SetPiece,2021,Head,17748,Eintracht Frankfurt,Bochum,2,1,2022-03-13 16:30:00,Jesper Lindstrom,Aerial
798,464589,36,MissedShots,0.94,0.30100000381469727,0.04015929996967316,Tuta,a,7524,FromCorner,2021,RightFoot,17757,RasenBallsport Leipzig,Eintracht Frankfurt,0,0,2022-03-20 14:30:00,,None
799,467511,41,BlockedShot,0.759000015258789,0.4209999847412109,0.02171649970114231,Tuta,h,7524,OpenPlay,2021,RightFoot,17773,Eintracht Frankfurt,Freiburg,1,2,2022-04-10 15:30:00,,None
800,468900,81,BlockedShot,0.7280000305175781,0.519000015258789,0.014279499650001526,Tuta,a,7524,OpenPlay,2021,RightFoot,17783,Union Berlin,Eintracht Frankfurt,2,0,2022-04-17 15:30:00,,BallTouch
801,475733,25,Goal,0.960999984741211,0.5159999847412109,0.7084800004959106,Tuta,a,7524,SetPiece,2021,LeftFoot,17815,Mainz 05,Eintracht Frankfurt,2,2,2022-05-14 13:30:00,,Rebound
802,478996,11,ShotOnPost,0.9669999694824218,0.5329999923706055,0.091041699051857,Tuta,h,7524,FromCorner,2022,Head,19342,Eintracht Frankfurt,Bayern Munich,1,6,2022-08-05 18:30:00,Filip Kostic,Aerial
803,484516,66,MissedShots,0.8959999847412109,0.48400001525878905,0.032897498458623886,Tuta,a,7524,SetPiece,2022,Head,19377,Werder Bremen,Eintracht Frankfurt,3,4,2022-08-28 15:30:00,Christopher Lenz,Aerial
804,486194,66,Goal,0.9769999694824218,0.4620000076293945,0.7746490240097046,Tuta,h,7524,FromCorner,2022,RightFoot,19384,Eintracht Frankfurt,RasenBallsport Leipzig,4,0,2022-09-03 16:30:00,,Rebound
805,488687,75,SavedShot,0.879000015258789,0.5720000076293945,0.04430830106139183,Tuta,a,7524,OpenPlay,2022,Head,19400,VfB Stuttgart,Eintracht Frankfurt,1,3,2022-09-17 13:30:00,Daichi Kamada,Cross
806,496752,90,BlockedShot,0.7809999847412109,0.3679999923706055,0.017314299941062927,Tuta,h,7524,OpenPlay,2022,RightFoot,19445,Eintracht Frankfurt,Borussia Dortmund,1,2,2022-10-29 16:30:00,,TakeOn
807,499445,18,MissedShots,0.735999984741211,0.315,0.02030619978904724,Tuta,h,7524,OpenPlay,2022,RightFoot,19463,Eintracht Frankfurt,Hoffenheim,4,2,2022-11-09 19:30:00,Djibril Sow,Pass
808,512859,48,MissedShots,0.8830000305175781,0.4520000076293945,0.057542700320482254,Tuta,a,7524,SetPiece,2022,Head,19545,Wolfsburg,Eintracht Frankfurt,2,2,2023-03-05 16:30:00,Philipp Max,Cross
809,513372,7,BlockedShot,0.7219999694824218,0.37099998474121093,0.017069300636649132,Tuta,h,7524,OpenPlay,2022,RightFoot,19553,Eintracht Frankfurt,VfB Stuttgart,1,1,2023-03-11 14:30:00,Sebastian Rode,Pass
810,513376,43,MissedShots,0.88,0.455,0.014792700298130512,Tuta,h,7524,SetPiece,2022,Head,19553,Eintracht Frankfurt,VfB Stuttgart,1,1,2023-03-11 14:30:00,Mario Götze,Aerial
811,515653,33,BlockedShot,0.6840000152587891,0.43099998474121093,0.011802700348198414,Tuta,a,7524,OpenPlay,2022,RightFoot,19560,Union Berlin,Eintracht Frankfurt,2,0,2023-03-19 14:30:00,Mario Götze,Pass
812,517951,76,MissedShots,0.9480000305175781,0.5870000076293945,0.07875079661607742,Tuta,a,7524,FromCorner,2022,Head,19577,Bayer Leverkusen,Eintracht Frankfurt,3,1,2023-04-08 13:30:00,Philipp Max,Cross
813,519711,79,MissedShots,0.935,0.5029999923706054,0.3634690046310425,Tuta,h,7524,OpenPlay,2022,Head,19589,Eintracht Frankfurt,Borussia M.Gladbach,1,1,2023-04-15 16:30:00,Christopher Lenz,Cross
814,521044,26,MissedShots,0.73,0.6680000305175782,0.011029244400560856,Tuta,a,7524,OpenPlay,2022,RightFoot,19594,Borussia Dortmund,Eintracht Frankfurt,4,0,2023-04-22 16:30:00,Ansgar Knauff,BallRecovery
815,522642,83,MissedShots,0.914000015258789,0.48700000762939455,0.04090779647231102,Tuta,h,7524,FromCorner,2022,Head,19607,Eintracht Frankfurt,Augsburg,1,1,2023-04-29 13:30:00,Christopher Lenz,Aerial
816,527350,58,Goal,0.9369999694824219,0.4859999847412109,0.5230220556259155,Tuta,a,7524,OpenPlay,2022,RightFoot,19637,Schalke 04,Eintracht Frankfurt,2,2,2023-05-20 13:30:00,Almamy Touré,Cross
817,529141,52,MissedShots,0.9269999694824219,0.40400001525878904,0.016637306660413742,Tuta,h,7524,FromCorner,2022,Head,19644,Eintracht Frankfurt,Freiburg,2,1,2023-05-27 13:30:00,Mario Götze,Aerial
818,529144,76,BlockedShot,0.6909999847412109,0.44400001525878907,0.01384822092950344,Tuta,h,7524,OpenPlay,2022,RightFoot,19644,Eintracht Frankfurt,Freiburg,2,1,2023-05-27 13:30:00,Djibril Sow,Pass
819,536903,73,MissedShots,0.9230000305175782,0.5509999847412109,0.09194744378328323,Tuta,h,7524,FromCorner,2023,Head,23090,Eintracht Frankfurt,FC Cologne,1,1,2023-09-03 13:30:00,Mario Götze,Cross
820,537885,88,SavedShot,0.894000015258789,0.575999984741211,0.035892609506845474,Tuta,a,7524,FromCorner,2023,Head,23098,Bochum,Eintracht Frankfurt,1,1,2023-09-16 16:30:00,Omar Marmoush,Cross
821,539932,82,BlockedShot,0.909000015258789,0.6509999847412109,0.06672872602939606,Tuta,h,7524,FromCorner,2023,RightFoot,23109,Eintracht Frankfurt,Freiburg,0,0,2023-09-24 15:30:00,,Rebound
822,549149,59,MissedShots,0.9690000152587891,0.6,0.06758322566747665,Tuta,a,7524,OpenPlay,2023,RightFoot,23159,Werder Bremen,Eintracht Frankfurt,2,2,2023-11-12 16:30:00,Niels Nkounkou,Cross
823,552010,7,MissedShots,0.7909999847412109,0.3160000038146973,0.020911453291773796,Tuta,a,7524,OpenPlay,2023,RightFoot,23179,Augsburg,Eintracht Frankfurt,2,1,2023-12-03 18:30:00,,None
824,554984,26,BlockedShot,0.8780000305175781,0.5609999847412109,0.07562164962291718,Tuta,a,7524,OpenPlay,2023,RightFoot,23194,Bayer Leverkusen,Eintracht Frankfurt,3,0,2023-12-17 16:30:00,William Pacho,Chipped
825,555713,11,MissedShots,0.914000015258789,0.4179999923706055,0.017243772745132446,Tuta,h,7524,FromCorner,2023,Head,23203,Eintracht Frankfurt,Borussia M.Gladbach,2,1,2023-12-20 19:30:00,Farès Chaïbi,Aerial
826,561398,53,MissedShots,0.8830000305175781,0.40400001525878904,0.05786759778857231,Tuta,a,7524,FromCorner,2023,RightFoot,23241,FC Cologne,Eintracht Frankfurt,2,0,2024-02-03 17:30:00,Mario Götze,Pass
827,561408,73,SavedShot,0.9119999694824219,0.30100000381469727,0.04257583245635033,Tuta,a,7524,OpenPlay,2023,RightFoot,23241,FC Cologne,Eintracht Frankfurt,2,0,2024-02-03 17:30:00,Mario Götze,Chipped
828,566433,68,SavedShot,0.94,0.425,0.08995453268289566,Tuta,a,7524,FromCorner,2023,Head,23279,FC Heidenheim,Eintracht Frankfurt,1,2,2024-03-02 14:30:00,Farès Chaïbi,Cross
829,566435,69,SavedShot,0.865,0.4640000152587891,0.5274925827980042,Tuta,a,7524,OpenPlay,2023,RightFoot,23279,FC Heidenheim,Eintracht Frankfurt,1,2,2024-03-02 14:30:00,,None
830,570610,93,BlockedShot,0.754000015258789,0.3579999923706055,0.019622545689344406,Tuta,h,7524,OpenPlay,2023,RightFoot,23302,Eintracht Frankfurt,Union Berlin,0,0,2024-03-30 14:30:00,Mario Götze,Pass
831,572051,27,MissedShots,0.919000015258789,0.4879999923706055,0.048302505165338516,Tuta,h,7524,FromCorner,2023,Head,23311,Eintracht Frankfurt,Werder Bremen,1,1,2024-04-05 18:30:00,Farès Chaïbi,Aerial
832,572056,43,SavedShot,0.9209999847412109,0.5220000076293946,0.10538317263126373,Tuta,h,7524,FromCorner,2023,Head,23311,Eintracht Frankfurt,Werder Bremen,1,1,2024-04-05 18:30:00,Farès Chaïbi,Cross
833,572065,69,BlockedShot,0.8,0.43,0.03854905068874359,Tuta,h,7524,OpenPlay,2023,RightFoot,23311,Eintracht Frankfurt,Werder Bremen,1,1,2024-04-05 18:30:00,,None
834,572068,75,Goal,0.9490000152587891,0.4229999923706055,0.2145879715681076,Tuta,h,7524,OpenPlay,2023,Head,23311,Eintracht Frankfurt,Werder Bremen,1,1,2024-04-05 18:30:00,William Pacho,Chipped
835,581547,16,MissedShots,0.9580000305175781,0.5279999923706055,0.09439729154109955,Tuta,h,7524,FromCorner,2023,Head,23365,Eintracht Frankfurt,RasenBallsport Leipzig,2,2,2024-05-18 13:30:00,Robin Koch,Aerial
836,581563,72,SavedShot,0.884000015258789,0.5729999923706055,0.02823495678603649,Tuta,h,7524,FromCorner,2023,Head,23365,Eintracht Frankfurt,RasenBallsport Leipzig,2,2,2024-05-18 13:30:00,Farès Chaïbi,Cross
837,594703,73,Goal,0.925,0.4570000076293945,0.4878825545310974,Tuta,a,7524,FromCorner,2024,RightFoot,27785,Holstein Kiel,Eintracht Frankfurt,2,4,2024-09-29 13:30:00,Omar Marmoush,Pass
838,599047,44,SavedShot,0.915,0.4209999847412109,0.05601019784808159,Tuta,a,7524,FromCorner,2024,Head,27811,Union Berlin,Eintracht Frankfurt,1,1,2024-10-27 16:30:00,Omar Marmoush,Cross
839,599048,45,SavedShot,0.9119999694824219,0.49599998474121093,0.09192607551813126,Tuta,a,7524,FromCorner,2024,Head,27811,Union Berlin,Eintracht Frankfurt,1,1,2024-10-27 16:30:00,Omar Marmoush,Cross
840,599060,84,MissedShots,0.674000015258789,0.3629999923706055,0.007812195923179388,Tuta,a,7524,SetPiece,2024,RightFoot,27811,Union Berlin,Eintracht Frankfurt,1,1,2024-10-27 16:30:00,,None
841,603061,46,BlockedShot,0.749000015258789,0.3890000152587891,0.02711520902812481,Tuta,h,7524,OpenPlay,2024,RightFoot,27836,Eintracht Frankfurt,Werder Bremen,1,0,2024-11-23 17:30:00,,Dispossessed
842,603064,52,BlockedShot,0.9330000305175781,0.37799999237060544,0.021309057250618935,Tuta,h,7524,FromCorner,2024,Head,27836,Eintracht Frankfurt,Werder Bremen,1,0,2024-11-23 17:30:00,Omar Marmoush,Card
843,414026,79,Goal,0.8319999694824218,0.5920000076293945,0.06678959727287292,Ansgar Knauff,a,8989,OpenPlay,2020,RightFoot,15391,VfB Stuttgart,Borussia Dortmund,2,3,2021-04-10 16:30:00,Erling Haaland,Pass
844,420048,83,MissedShots,0.875,0.455,0.041950199753046036,Ansgar Knauff,h,8989,FromCorner,2020,Head,15420,Borussia Dortmund,RasenBallsport Leipzig,3,2,2021-05-08 13:30:00,Marco Reus,Cross
845,443973,91,BlockedShot,0.865999984741211,0.355,0.09991519898176193,Ansgar Knauff,a,8989,OpenPlay,2021,RightFoot,17630,Wolfsburg,Borussia Dortmund,1,3,2021-11-27 14:30:00,Mahmoud Dahoud,Chipped
846,460989,16,Goal,0.909000015258789,0.4520000076293945,0.04853560030460358,Ansgar Knauff,a,8989,OpenPlay,2021,Head,17735,Hertha Berlin,Eintracht Frankfurt,1,4,2022-03-05 14:30:00,Filip Kostic,Aerial
847,464599,64,MissedShots,0.8819999694824219,0.6659999847412109,0.05113299936056137,Ansgar Knauff,a,8989,OpenPlay,2021,LeftFoot,17757,RasenBallsport Leipzig,Eintracht Frankfurt,0,0,2022-03-20 14:30:00,Martin Hinteregger,Chipped
848,465051,1,SavedShot,0.7480000305175781,0.39599998474121095,0.02253049984574318,Ansgar Knauff,h,8989,OpenPlay,2021,LeftFoot,17766,Eintracht Frankfurt,Greuther Fuerth,0,0,2022-04-02 13:30:00,Santos Borré,Pass
849,465060,40,SavedShot,0.7240000152587891,0.3770000076293945,0.014486700296401978,Ansgar Knauff,h,8989,SetPiece,2021,RightFoot,17766,Eintracht Frankfurt,Greuther Fuerth,0,0,2022-04-02 13:30:00,Daichi Kamada,Pass
850,465064,50,MissedShots,0.8490000152587891,0.34,0.04967280104756355,Ansgar Knauff,h,8989,OpenPlay,2021,RightFoot,17766,Eintracht Frankfurt,Greuther Fuerth,0,0,2022-04-02 13:30:00,Jesper Lindstrom,Pass
851,465065,53,BlockedShot,0.9319999694824219,0.32599998474121095,0.06094310060143471,Ansgar Knauff,h,8989,OpenPlay,2021,RightFoot,17766,Eintracht Frankfurt,Greuther Fuerth,0,0,2022-04-02 13:30:00,,None
852,467500,16,SavedShot,0.7680000305175781,0.33599998474121096,0.019948599860072136,Ansgar Knauff,h,8989,OpenPlay,2021,LeftFoot,17773,Eintracht Frankfurt,Freiburg,1,2,2022-04-10 15:30:00,Tuta,BallRecovery
853,467505,26,BlockedShot,0.805,0.475,0.03746429830789566,Ansgar Knauff,h,8989,OpenPlay,2021,LeftFoot,17773,Eintracht Frankfurt,Freiburg,1,2,2022-04-10 15:30:00,,Rebound
854,467512,46,BlockedShot,0.92,0.365,0.05991949886083603,Ansgar Knauff,h,8989,OpenPlay,2021,RightFoot,17773,Eintracht Frankfurt,Freiburg,1,2,2022-04-10 15:30:00,Filip Kostic,Cross
855,468903,93,BlockedShot,0.7440000152587891,0.3820000076293945,0.012317700311541557,Ansgar Knauff,a,8989,OpenPlay,2021,LeftFoot,17783,Union Berlin,Eintracht Frankfurt,2,0,2022-04-17 15:30:00,Daichi Kamada,Pass
856,469888,20,MissedShots,0.93,0.39799999237060546,0.024798499420285225,Ansgar Knauff,h,8989,OpenPlay,2021,Head,17791,Eintracht Frankfurt,Hoffenheim,2,2,2022-04-23 13:30:00,Filip Kostic,Aerial
857,472500,55,BlockedShot,0.76,0.40900001525878904,0.01800459995865822,Ansgar Knauff,a,8989,FromCorner,2021,LeftFoot,17802,Bayer Leverkusen,Eintracht Frankfurt,2,0,2022-05-02 18:30:00,,None
858,478997,11,MissedShots,0.745999984741211,0.4620000076293945,0.023749200627207756,Ansgar Knauff,h,8989,FromCorner,2022,LeftFoot,19342,Eintracht Frankfurt,Bayern Munich,1,6,2022-08-05 18:30:00,,Rebound
859,479010,61,SavedShot,0.7680000305175781,0.265,0.012697399593889713,Ansgar Knauff,h,8989,OpenPlay,2022,RightFoot,19342,Eintracht Frankfurt,Bayern Munich,1,6,2022-08-05 18:30:00,Kristijan Jakic,Pass
860,479012,68,MissedShots,0.9530000305175781,0.29600000381469727,0.04670000076293945,Ansgar Knauff,h,8989,OpenPlay,2022,RightFoot,19342,Eintracht Frankfurt,Bayern Munich,1,6,2022-08-05 18:30:00,Mario Götze,Pass
861,486195,80,BlockedShot,0.855999984741211,0.63,0.09534010291099548,Ansgar Knauff,h,8989,OpenPlay,2022,LeftFoot,19384,Eintracht Frankfurt,RasenBallsport Leipzig,4,0,2022-09-03 16:30:00,Daichi Kamada,Pass
862,488675,41,SavedShot,0.8059999847412109,0.66,0.04494820162653923,Ansgar Knauff,a,8989,OpenPlay,2022,RightFoot,19400,VfB Stuttgart,Eintracht Frankfurt,1,3,2022-09-17 13:30:00,,None
863,497962,46,SavedShot,0.8119999694824219,0.710999984741211,0.025462299585342407,Ansgar Knauff,a,8989,OpenPlay,2022,RightFoot,19454,Augsburg,Eintracht Frankfurt,1,2,2022-11-05 14:30:00,Sebastian Rode,Pass
864,497964,63,Goal,0.88,0.644000015258789,0.05133970081806183,Ansgar Knauff,a,8989,FromCorner,2022,LeftFoot,19454,Augsburg,Eintracht Frankfurt,1,2,2022-11-05 14:30:00,,None
865,497968,79,BlockedShot,0.8419999694824218,0.649000015258789,0.05794389918446541,Ansgar Knauff,a,8989,OpenPlay,2022,RightFoot,19454,Augsburg,Eintracht Frankfurt,1,2,2022-11-05 14:30:00,Djibril Sow,Pass
866,499444,12,MissedShots,0.76,0.6459999847412109,0.02412169985473156,Ansgar Knauff,h,8989,OpenPlay,2022,RightFoot,19463,Eintracht Frankfurt,Hoffenheim,4,2,2022-11-09 19:30:00,Jesper Lindstrom,Pass
867,499447,34,SavedShot,0.8119999694824219,0.5429999923706055,0.07661289721727371,Ansgar Knauff,h,8989,OpenPlay,2022,RightFoot,19463,Eintracht Frankfurt,Hoffenheim,4,2,2022-11-09 19:30:00,Mario Götze,Pass
868,499449,40,BlockedShot,0.86,0.674000015258789,0.066628597676754,Ansgar Knauff,h,8989,OpenPlay,2022,RightFoot,19463,Eintracht Frankfurt,Hoffenheim,4,2,2022-11-09 19:30:00,Djibril Sow,Pass
869,509884,27,SavedShot,0.9219999694824219,0.4640000152587891,0.34598198533058167,Ansgar Knauff,h,8989,OpenPlay,2022,Head,19526,Eintracht Frankfurt,Werder Bremen,2,0,2023-02-18 17:30:00,Philipp Max,Chipped
870,521046,33,BlockedShot,0.8230000305175781,0.7369999694824219,0.02147449180483818,Ansgar Knauff,a,8989,OpenPlay,2022,RightFoot,19594,Borussia Dortmund,Eintracht Frankfurt,4,0,2023-04-22 16:30:00,Sebastian Rode,Pass
871,522632,34,MissedShots,0.8530000305175781,0.52,0.09103696048259735,Ansgar Knauff,h,8989,OpenPlay,2022,RightFoot,19607,Eintracht Frankfurt,Augsburg,1,1,2023-04-29 13:30:00,,None
872,522633,36,SavedShot,0.7830000305175782,0.720999984741211,0.022344248369336128,Ansgar Knauff,h,8989,OpenPlay,2022,RightFoot,19607,Eintracht Frankfurt,Augsburg,1,1,2023-04-29 13:30:00,,None
873,535329,58,MissedShots,0.81,0.41900001525878905,0.046462394297122955,Ansgar Knauff,a,8989,FromCorner,2023,RightFoot,23081,Mainz 05,Eintracht Frankfurt,1,1,2023-08-27 13:30:00,,Rebound
874,543492,71,Goal,0.8859999847412109,0.6659999847412109,0.10221163928508759,Ansgar Knauff,h,8989,OpenPlay,2023,RightFoot,23127,Eintracht Frankfurt,FC Heidenheim,2,0,2023-10-08 17:30:00,Aurélio Buta,Pass
875,543494,76,SavedShot,0.8480000305175781,0.6409999847412109,0.10434596985578537,Ansgar Knauff,h,8989,OpenPlay,2023,RightFoot,23127,Eintracht Frankfurt,FC Heidenheim,2,0,2023-10-08 17:30:00,,TakeOn
876,543880,14,MissedShots,0.9130000305175782,0.6619999694824219,0.03897510841488838,Ansgar Knauff,a,8989,OpenPlay,2023,RightFoot,23132,Hoffenheim,Eintracht Frankfurt,1,3,2023-10-21 13:30:00,Farès Chaïbi,Cross
877,543881,15,BlockedShot,0.865,0.745999984741211,0.029587725177407265,Ansgar Knauff,a,8989,OpenPlay,2023,RightFoot,23132,Hoffenheim,Eintracht Frankfurt,1,3,2023-10-21 13:30:00,Philipp Max,Pass
878,543884,22,Goal,0.9680000305175781,0.5529999923706055,0.6315729022026062,Ansgar Knauff,a,8989,OpenPlay,2023,RightFoot,23132,Hoffenheim,Eintracht Frankfurt,1,3,2023-10-21 13:30:00,Farès Chaïbi,Rebound
879,543894,46,BlockedShot,0.894000015258789,0.6090000152587891,0.0972709208726883,Ansgar Knauff,a,8989,OpenPlay,2023,RightFoot,23132,Hoffenheim,Eintracht Frankfurt,1,3,2023-10-21 13:30:00,,None
880,543896,47,BlockedShot,0.8669999694824219,0.575,0.08604606986045837,Ansgar Knauff,a,8989,OpenPlay,2023,RightFoot,23132,Hoffenheim,Eintracht Frankfurt,1,3,2023-10-21 13:30:00,Aurélio Buta,TakeOn
881,546153,46,SavedShot,0.8930000305175781,0.634000015258789,0.36597248911857605,Ansgar Knauff,h,8989,OpenPlay,2023,RightFoot,23140,Eintracht Frankfurt,Borussia Dortmund,3,3,2023-10-29 14:30:00,Hugo Larsson,TakeOn
882,549142,40,BlockedShot,0.76,0.475,0.026291046291589737,Ansgar Knauff,a,8989,OpenPlay,2023,RightFoot,23159,Werder Bremen,Eintracht Frankfurt,2,2,2023-11-12 16:30:00,Hugo Larsson,Pass
883,549148,54,MissedShots,0.919000015258789,0.5840000152587891,0.35267534852027893,Ansgar Knauff,a,8989,OpenPlay,2023,RightFoot,23159,Werder Bremen,Eintracht Frankfurt,2,2,2023-11-12 16:30:00,Eric Junior Dina Ebimbe,Pass
884,549986,12,MissedShots,0.8680000305175781,0.6630000305175782,0.05861671268939972,Ansgar Knauff,h,8989,OpenPlay,2023,LeftFoot,23167,Eintracht Frankfurt,VfB Stuttgart,1,2,2023-11-25 17:30:00,Eric Junior Dina Ebimbe,Pass
885,549992,31,BlockedShot,0.8980000305175782,0.615,0.10288945585489273,Ansgar Knauff,h,8989,OpenPlay,2023,LeftFoot,23167,Eintracht Frankfurt,VfB Stuttgart,1,2,2023-11-25 17:30:00,Omar Marmoush,Pass
886,552828,0,MissedShots,0.8719999694824219,0.32799999237060545,0.05854475125670433,Ansgar Knauff,h,8989,OpenPlay,2023,RightFoot,23184,Eintracht Frankfurt,Bayern Munich,5,1,2023-12-09 14:30:00,,BallRecovery
887,552854,59,Goal,0.9109999847412109,0.45799999237060546,0.5483646392822266,Ansgar Knauff,h,8989,OpenPlay,2023,RightFoot,23184,Eintracht Frankfurt,Bayern Munich,5,1,2023-12-09 14:30:00,Omar Marmoush,None
888,558079,6,Goal,0.9169999694824219,0.43900001525878907,0.4076327383518219,Ansgar Knauff,a,8989,OpenPlay,2023,RightFoot,23210,RasenBallsport Leipzig,Eintracht Frankfurt,0,1,2024-01-13 14:30:00,Niels Nkounkou,Pass
889,558981,38,MissedShots,0.850999984741211,0.629000015258789,0.0736984983086586,Ansgar Knauff,a,8989,OpenPlay,2023,LeftFoot,23226,Darmstadt,Eintracht Frankfurt,2,2,2024-01-20 14:30:00,Sasa Kalajdzic,Pass
890,558985,50,Goal,0.955,0.555,0.6121277809143066,Ansgar Knauff,a,8989,OpenPlay,2023,LeftFoot,23226,Darmstadt,Eintracht Frankfurt,2,2,2024-01-20 14:30:00,Sasa Kalajdzic,Rebound
891,559560,34,MissedShots,0.8519999694824218,0.46,0.07119685411453247,Ansgar Knauff,h,8989,OpenPlay,2023,RightFoot,23230,Eintracht Frankfurt,Mainz 05,1,0,2024-01-26 19:30:00,,None
892,559568,69,BlockedShot,0.8530000305175781,0.5940000152587891,0.07949615269899368,Ansgar Knauff,h,8989,OpenPlay,2023,RightFoot,23230,Eintracht Frankfurt,Mainz 05,1,0,2024-01-26 19:30:00,Farès Chaïbi,Pass
893,562357,60,BlockedShot,0.8,0.3089999961853027,0.035987738519907,Ansgar Knauff,h,8989,FromCorner,2023,RightFoot,23252,Eintracht Frankfurt,Bochum,1,1,2024-02-10 14:30:00,Aurélio Buta,Pass
894,562360,68,MissedShots,0.9409999847412109,0.3659999847412109,0.29491961002349854,Ansgar Knauff,h,8989,OpenPlay,2023,RightFoot,23252,Eintracht Frankfurt,Bochum,1,1,2024-02-10 14:30:00,Philipp Max,Chipped
895,564459,34,Goal,0.89,0.5790000152587891,0.5623050928115845,Ansgar Knauff,a,8989,OpenPlay,2023,RightFoot,23255,Freiburg,Eintracht Frankfurt,3,3,2024-02-18 14:30:00,Omar Marmoush,Throughball
896,564466,57,SavedShot,0.8590000152587891,0.575,0.04268106818199158,Ansgar Knauff,a,8989,OpenPlay,2023,RightFoot,23255,Freiburg,Eintracht Frankfurt,3,3,2024-02-18 14:30:00,Farès Chaïbi,Cross
897,564468,71,Goal,0.8319999694824218,0.5529999923706055,0.07386959344148636,Ansgar Knauff,a,8989,OpenPlay,2023,RightFoot,23255,Freiburg,Eintracht Frankfurt,3,3,2024-02-18 14:30:00,Omar Marmoush,Pass
898,565749,68,MissedShots,0.935,0.37,0.3306367099285126,Ansgar Knauff,h,8989,OpenPlay,2023,RightFoot,23267,Eintracht Frankfurt,Wolfsburg,2,2,2024-02-25 14:30:00,Niels Nkounkou,Throughball
899,568788,46,SavedShot,0.9059999847412109,0.629000015258789,0.3245280981063843,Ansgar Knauff,h,8989,OpenPlay,2023,RightFoot,23284,Eintracht Frankfurt,Hoffenheim,3,1,2024-03-10 16:30:00,Niels Nkounkou,Throughball
900,568790,53,MissedShots,0.91,0.6129999923706054,0.10946262627840042,Ansgar Knauff,h,8989,OpenPlay,2023,LeftFoot,23284,Eintracht Frankfurt,Hoffenheim,3,1,2024-03-10 16:30:00,Omar Marmoush,BallTouch
901,570593,43,BlockedShot,0.8019999694824219,0.6179999923706054,0.025756001472473145,Ansgar Knauff,h,8989,FromCorner,2023,RightFoot,23302,Eintracht Frankfurt,Union Berlin,0,0,2024-03-30 14:30:00,,None
902,572052,31,MissedShots,0.9269999694824219,0.6709999847412109,0.14433710277080536,Ansgar Knauff,h,8989,OpenPlay,2023,Head,23311,Eintracht Frankfurt,Werder Bremen,1,1,2024-04-05 18:30:00,,None
903,572061,56,MissedShots,0.8490000152587891,0.455,0.04566159099340439,Ansgar Knauff,h,8989,OpenPlay,2023,LeftFoot,23311,Eintracht Frankfurt,Werder Bremen,1,1,2024-04-05 18:30:00,Philipp Max,Cross
904,572069,77,SavedShot,0.9590000152587891,0.335,0.027446070685982704,Ansgar Knauff,h,8989,OpenPlay,2023,RightFoot,23311,Eintracht Frankfurt,Werder Bremen,1,1,2024-04-05 18:30:00,Niels Nkounkou,Cross
905,576671,42,SavedShot,0.8680000305175781,0.32299999237060545,0.06788712739944458,Ansgar Knauff,a,8989,OpenPlay,2023,RightFoot,23335,Bayern Munich,Eintracht Frankfurt,2,1,2024-04-27 13:30:00,Hugo Ekitike,Pass
906,576675,46,MissedShots,0.7580000305175781,0.6840000152587891,0.020466160029172897,Ansgar Knauff,a,8989,FromCorner,2023,RightFoot,23335,Bayern Munich,Eintracht Frankfurt,2,1,2024-04-27 13:30:00,Mario Götze,Pass
907,579085,83,BlockedShot,0.88,0.629000015258789,0.06666197627782822,Ansgar Knauff,h,8989,OpenPlay,2023,RightFoot,23346,Eintracht Frankfurt,Bayer Leverkusen,1,5,2024-05-05 15:30:00,,Dispossessed
908,579742,5,BlockedShot,0.860999984741211,0.685,0.04797610267996788,Ansgar Knauff,a,8989,OpenPlay,2023,RightFoot,23357,Borussia M.Gladbach,Eintracht Frankfurt,1,1,2024-05-11 13:30:00,Farès Chaïbi,Pass
909,581552,34,MissedShots,0.9180000305175782,0.5540000152587891,0.33632010221481323,Ansgar Knauff,h,8989,OpenPlay,2023,RightFoot,23365,Eintracht Frankfurt,RasenBallsport Leipzig,2,2,2024-05-18 13:30:00,Farès Chaïbi,Cross
910,592669,29,BlockedShot,0.8780000305175781,0.4490000152587891,0.03967248648405075,Ansgar Knauff,h,8989,OpenPlay,2024,Head,27774,Eintracht Frankfurt,Borussia M.Gladbach,2,0,2024-09-21 16:30:00,Hugo Ekitike,Cross
911,592689,63,BlockedShot,0.754000015258789,0.4620000076293945,0.018213214352726936,Ansgar Knauff,h,8989,FromCorner,2024,LeftFoot,27774,Eintracht Frankfurt,Borussia M.Gladbach,2,0,2024-09-21 16:30:00,,None
912,592697,74,BlockedShot,0.805,0.37599998474121094,0.043014127761125565,Ansgar Knauff,h,8989,OpenPlay,2024,RightFoot,27774,Eintracht Frankfurt,Borussia M.Gladbach,2,0,2024-09-21 16:30:00,Hugo Larsson,Pass
913,599051,48,MissedShots,0.865,0.675,0.055980607867240906,Ansgar Knauff,a,8989,OpenPlay,2024,RightFoot,27811,Union Berlin,Eintracht Frankfurt,1,1,2024-10-27 16:30:00,Mario Götze,Pass
914,599955,19,Goal,0.914000015258789,0.53,0.4768966734409332,Ansgar Knauff,h,8989,OpenPlay,2024,RightFoot,27817,Eintracht Frankfurt,Bochum,7,2,2024-11-02 14:30:00,,BallRecovery
915,599970,58,SavedShot,0.9540000152587891,0.6830000305175781,0.08017489314079285,Ansgar Knauff,h,8989,OpenPlay,2024,LeftFoot,27817,Eintracht Frankfurt,Bochum,7,2,2024-11-02 14:30:00,,BallTouch
916,605716,22,MissedShots,0.8719999694824219,0.34,0.061011865735054016,Ansgar Knauff,h,8989,OpenPlay,2024,RightFoot,27858,Eintracht Frankfurt,Augsburg,2,2,2024-12-07 14:30:00,Mahmoud Dahoud,Chipped
917,605718,45,SavedShot,0.8980000305175782,0.31,0.059141140431165695,Ansgar Knauff,h,8989,OpenPlay,2024,RightFoot,27858,Eintracht Frankfurt,Augsburg,2,2,2024-12-07 14:30:00,Niels Nkounkou,Pass
918,605723,51,BlockedShot,0.915,0.3220000076293945,0.025263022631406784,Ansgar Knauff,h,8989,OpenPlay,2024,RightFoot,27858,Eintracht Frankfurt,Augsburg,2,2,2024-12-07 14:30:00,Hugo Ekitike,Cross
919,607824,58,MissedShots,0.8719999694824219,0.385,0.05903778225183487,Ansgar Knauff,a,8989,OpenPlay,2024,RightFoot,27859,RasenBallsport Leipzig,Eintracht Frankfurt,2,1,2024-12-15 18:30:00,,None
920,608278,70,MissedShots,0.8819999694824219,0.3770000076293945,0.0687853991985321,Ansgar Knauff,h,8989,FromCorner,2024,RightFoot,27871,Eintracht Frankfurt,Mainz 05,1,3,2024-12-21 14:30:00,,Rebound
921,608275,70,BlockedShot,0.840999984741211,0.3390000152587891,0.01856079138815403,Ansgar Knauff,h,8989,FromCorner,2024,RightFoot,27871,Eintracht Frankfurt,Mainz 05,1,3,2024-12-21 14:30:00,,Aerial
922,608285,79,MissedShots,0.8019999694824219,0.315,0.024183398112654686,Ansgar Knauff,h,8989,OpenPlay,2024,LeftFoot,27871,Eintracht Frankfurt,Mainz 05,1,3,2024-12-21 14:30:00,Can Uzun,Pass
923,480336,34,SavedShot,0.9569999694824218,0.5929999923706055,0.19348500669002533,Rasmus Kristensen,a,10750,FromCorner,2022,Head,18215,Southampton,Leeds,2,2,2022-08-13 14:00:00,Rodrigo,HeadPass
924,494648,61,MissedShots,0.7340000152587891,0.4570000076293945,0.025503799319267273,Rasmus Kristensen,a,10750,FromCorner,2022,RightFoot,18317,Leicester,Leeds,2,0,2022-10-20 19:15:00,Tyler Adams,Pass
925,496846,25,MissedShots,0.8619999694824219,0.40799999237060547,0.06410650163888931,Rasmus Kristensen,a,10750,SetPiece,2022,LeftFoot,18339,Liverpool,Leeds,1,2,2022-10-29 18:45:00,Pascal Struijk,Pass
926,496866,80,MissedShots,0.9730000305175781,0.644000015258789,0.010539500042796135,Rasmus Kristensen,a,10750,FromCorner,2022,Head,18339,Liverpool,Leeds,1,2,2022-10-29 18:45:00,Marc Roca,Aerial
927,498051,81,MissedShots,0.914000015258789,0.41200000762939454,0.03823480010032654,Rasmus Kristensen,h,10750,OpenPlay,2022,Head,18345,Leeds,Bournemouth,4,3,2022-11-05 15:00:00,Pascal Struijk,Aerial
928,500135,53,BlockedShot,0.9430000305175781,0.3139999961853027,0.011341200210154057,Rasmus Kristensen,a,10750,SetPiece,2022,Head,18359,Tottenham,Leeds,4,3,2022-11-12 15:00:00,Sam Greenwood,Cross
929,501292,54,BlockedShot,0.7830000305175782,0.3579999923706055,0.013740000315010548,Rasmus Kristensen,h,10750,OpenPlay,2022,LeftFoot,18368,Leeds,Manchester City,1,3,2022-12-28 20:00:00,,Rebound
930,515051,61,Goal,0.955999984741211,0.32599998474121095,0.10621099919080734,Rasmus Kristensen,a,10750,OpenPlay,2022,RightFoot,18481,Wolverhampton Wanderers,Leeds,2,4,2023-03-18 15:00:00,,TakeOn
931,516412,0,SavedShot,0.899000015258789,0.27,0.0384553000330925,Rasmus Kristensen,a,10750,OpenPlay,2022,RightFoot,18482,Arsenal,Leeds,4,1,2023-04-01 14:00:00,,None
932,516429,64,MissedShots,0.8630000305175781,0.5070000076293946,0.10130500048398972,Rasmus Kristensen,a,10750,OpenPlay,2022,LeftFoot,18482,Arsenal,Leeds,4,1,2023-04-01 14:00:00,Brenden Aaronson,Pass
933,516430,75,Goal,0.8109999847412109,0.47400001525878904,0.03846630081534386,Rasmus Kristensen,a,10750,OpenPlay,2022,RightFoot,18482,Arsenal,Leeds,4,1,2023-04-01 14:00:00,,None
934,525747,78,Goal,0.8419999694824218,0.37900001525878907,0.0499572716653347,Rasmus Kristensen,h,10750,FromCorner,2022,RightFoot,18558,Leeds,Newcastle United,2,2,2023-05-13 11:30:00,,Rebound
935,529820,46,MissedShots,0.9069999694824219,0.5590000152587891,0.09790726751089096,Rasmus Kristensen,h,10750,FromCorner,2022,RightFoot,18578,Leeds,Tottenham,1,4,2023-05-28 15:30:00,,None
936,541983,76,SavedShot,0.924000015258789,0.34200000762939453,0.016294749453663826,Rasmus Kristensen,h,10750,OpenPlay,2023,Head,22369,Roma,Frosinone,2,0,2023-10-01 18:45:00,Leonardo Spinazzola,Cross
937,551979,81,Goal,0.8630000305175781,0.32799999237060545,0.047043174505233765,Rasmus Kristensen,a,10750,OpenPlay,2023,LeftFoot,22444,Sassuolo,Roma,1,2,2023-12-03 17:00:00,Paulo Dybala,Pass
938,555009,48,OwnGoal,0.03299999952316284,0.5070000076293946,0,Rasmus Kristensen,a,10750,OpenPlay,2023,RightFoot,22456,Bologna,Roma,2,0,2023-12-17 17:00:00,,None
939,555011,64,BlockedShot,0.9380000305175781,0.35200000762939454,0.1380891054868698,Rasmus Kristensen,a,10750,OpenPlay,2023,RightFoot,22456,Bologna,Roma,2,0,2023-12-17 17:00:00,Edoardo Bove,TakeOn
940,557742,24,MissedShots,0.92,0.395,0.038133520632982254,Rasmus Kristensen,h,10750,FromCorner,2023,OtherBodyPart,22488,Roma,Atalanta,1,1,2024-01-07 19:45:00,Lorenzo Pellegrini,Aerial
941,558737,41,MissedShots,0.9440000152587891,0.34,0.018044207245111465,Rasmus Kristensen,a,10750,SetPiece,2023,Head,22500,AC Milan,Roma,3,1,2024-01-14 19:45:00,Leonardo Spinazzola,Cross
942,565963,9,ShotOnPost,0.870999984741211,0.44099998474121094,0.34772905707359314,Rasmus Kristensen,h,10750,OpenPlay,2023,LeftFoot,22559,Roma,Torino,3,2,2024-02-26 17:30:00,Sardar Azmoun,Pass
943,579202,10,ShotOnPost,0.8809999847412109,0.32099998474121094,0.007851344533264637,Rasmus Kristensen,h,10750,OpenPlay,2023,Head,22652,Roma,Juventus,1,1,2024-05-05 18:45:00,Angelino,Cross
944,579228,68,BlockedShot,0.88,0.37400001525878906,0.025130772963166237,Rasmus Kristensen,h,10750,FromCorner,2023,RightFoot,22652,Roma,Juventus,1,1,2024-05-05 18:45:00,,Aerial
945,579226,68,BlockedShot,0.9580000305175781,0.38299999237060545,0.029417192563414574,Rasmus Kristensen,h,10750,FromCorner,2023,Head,22652,Roma,Juventus,1,1,2024-05-05 18:45:00,Lorenzo Pellegrini,Cross
946,589023,75,BlockedShot,0.9030000305175782,0.33099998474121095,0.10252361744642258,Rasmus Kristensen,h,10750,OpenPlay,2024,RightFoot,27756,Eintracht Frankfurt,Hoffenheim,3,1,2024-08-31 13:30:00,Mario Götze,Pass
947,607830,80,BlockedShot,0.9490000152587891,0.38299999237060545,0.05108601599931717,Rasmus Kristensen,a,10750,FromCorner,2024,RightFoot,27859,RasenBallsport Leipzig,Eintracht Frankfurt,2,1,2024-12-15 18:30:00,Omar Marmoush,Cross
948,608250,18,ShotOnPost,0.9430000305175781,0.4379999923706055,0.350208580493927,Rasmus Kristensen,h,10750,FromCorner,2024,Head,27871,Eintracht Frankfurt,Mainz 05,1,3,2024-12-21 14:30:00,Nathaniel Brown,Cross
949,608260,47,BlockedShot,0.87,0.4209999847412109,0.07712478190660477,Rasmus Kristensen,h,10750,OpenPlay,2024,LeftFoot,27871,Eintracht Frankfurt,Mainz 05,1,3,2024-12-21 14:30:00,,TakeOn
950,608272,69,MissedShots,0.93,0.3870000076293945,0.014651525765657425,Rasmus Kristensen,h,10750,FromCorner,2024,Head,27871,Eintracht Frankfurt,Mainz 05,1,3,2024-12-21 14:30:00,Nathaniel Brown,Aerial
951,608281,74,Goal,0.9569999694824218,0.44299999237060544,0.12836064398288727,Rasmus Kristensen,h,10750,FromCorner,2024,Head,27871,Eintracht Frankfurt,Mainz 05,1,3,2024-12-21 14:30:00,Nathaniel Brown,Cross
952,484127,70,BlockedShot,0.8919999694824219,0.7319999694824219,0.036889899522066116,Farès Chaïbi,a,10792,OpenPlay,2022,RightFoot,19681,Nantes,Toulouse,3,1,2022-08-28 11:00:00,Thijs Dallinga,BallRecovery
953,485445,70,BlockedShot,0.8540000152587891,0.7230000305175781,0.03197329863905907,Farès Chaïbi,h,10792,OpenPlay,2022,RightFoot,19697,Toulouse,Paris Saint Germain,0,3,2022-08-31 19:00:00,Thijs Dallinga,Pass
954,487892,7,MissedShots,0.764000015258789,0.6969999694824218,0.021361099556088448,Farès Chaïbi,h,10792,OpenPlay,2022,RightFoot,19717,Toulouse,Reims,1,0,2022-09-11 13:00:00,Stijn Spierings,Pass
955,487893,9,MissedShots,0.9269999694824219,0.54,0.3755370080471039,Farès Chaïbi,h,10792,OpenPlay,2022,Head,19717,Toulouse,Reims,1,0,2022-09-11 13:00:00,Mikkel Desler,Cross
956,487895,23,SavedShot,0.8780000305175781,0.45099998474121095,0.3056739866733551,Farès Chaïbi,h,10792,OpenPlay,2022,RightFoot,19717,Toulouse,Reims,1,0,2022-09-11 13:00:00,Branco van den Boomen,Chipped
957,487907,67,BlockedShot,0.7330000305175781,0.6430000305175781,0.016294000670313835,Farès Chaïbi,h,10792,OpenPlay,2022,RightFoot,19717,Toulouse,Reims,1,0,2022-09-11 13:00:00,Branco van den Boomen,Chipped
958,489011,20,MissedShots,0.905,0.5309999847412109,0.024619299918413162,Farès Chaïbi,a,10792,FromCorner,2022,Head,19721,Lille,Toulouse,2,1,2022-09-17 19:00:00,Branco van den Boomen,Aerial
959,489019,37,BlockedShot,0.89,0.6459999847412109,0.053637899458408356,Farès Chaïbi,a,10792,FromCorner,2022,RightFoot,19721,Lille,Toulouse,2,1,2022-09-17 19:00:00,Thijs Dallinga,None
960,489020,47,Goal,0.8819999694824219,0.4209999847412109,0.08830729871988297,Farès Chaïbi,a,10792,OpenPlay,2022,RightFoot,19721,Lille,Toulouse,2,1,2022-09-17 19:00:00,Thijs Dallinga,Pass
961,489027,73,MissedShots,0.9830000305175781,0.5940000152587891,0.3968909978866577,Farès Chaïbi,a,10792,SetPiece,2022,LeftFoot,19721,Lille,Toulouse,2,1,2022-09-17 19:00:00,,None
962,489029,84,MissedShots,0.7830000305175782,0.36900001525878906,0.031818900257349014,Farès Chaïbi,a,10792,OpenPlay,2022,RightFoot,19721,Lille,Toulouse,2,1,2022-09-17 19:00:00,Branco van den Boomen,HeadPass
963,490695,30,Goal,0.875999984741211,0.6459999847412109,0.07169610261917114,Farès Chaïbi,h,10792,OpenPlay,2022,RightFoot,19736,Toulouse,Montpellier,4,2,2022-10-02 13:00:00,Branco van den Boomen,Pass
964,491325,9,SavedShot,0.82,0.6840000152587891,0.04524590075016022,Farès Chaïbi,a,10792,OpenPlay,2022,RightFoot,19743,Lyon,Toulouse,1,1,2022-10-07 19:00:00,,TakeOn
965,493391,53,MissedShots,0.9519999694824218,0.355,0.041728898882865906,Farès Chaïbi,h,10792,FromCorner,2022,RightFoot,19756,Toulouse,Angers,3,2,2022-10-16 11:00:00,Branco van den Boomen,Cross
966,495408,21,MissedShots,0.9009999847412109,0.5590000152587891,0.08969499915838242,Farès Chaïbi,h,10792,OpenPlay,2022,Head,19766,Toulouse,Strasbourg,2,2,2022-10-23 13:00:00,Stijn Spierings,Cross
967,495417,42,BlockedShot,0.9219999694824219,0.33799999237060546,0.012897700071334839,Farès Chaïbi,h,10792,FromCorner,2022,Head,19766,Toulouse,Strasbourg,2,2,2022-10-23 13:00:00,Branco van den Boomen,Cross
968,498569,72,SavedShot,0.79,0.7469999694824219,0.014834100380539894,Farès Chaïbi,h,10792,OpenPlay,2022,RightFoot,19786,Toulouse,Monaco,0,2,2022-11-06 14:00:00,Issiaga Sylla,Pass
969,498570,73,MissedShots,0.9690000152587891,0.3820000076293945,0.07260850071907043,Farès Chaïbi,h,10792,FromCorner,2022,RightFoot,19786,Toulouse,Monaco,0,2,2022-11-06 14:00:00,Anthony Rouault,None
970,498571,74,BlockedShot,0.8959999847412109,0.4540000152587891,0.10923100262880325,Farès Chaïbi,h,10792,FromCorner,2022,LeftFoot,19786,Toulouse,Monaco,0,2,2022-11-06 14:00:00,,Rebound
971,500390,59,SavedShot,0.745999984741211,0.6780000305175782,0.009075690060853958,Farès Chaïbi,a,10792,OpenPlay,2022,RightFoot,19797,Rennes,Toulouse,2,1,2022-11-12 20:00:00,Stijn Spierings,Chipped
972,501402,9,MissedShots,0.915,0.7080000305175781,0.04776329919695854,Farès Chaïbi,a,10792,OpenPlay,2022,LeftFoot,19803,Marseille,Toulouse,6,1,2022-12-29 20:00:00,Issiaga Sylla,Pass
973,501410,37,MissedShots,0.955999984741211,0.525,0.42338401079177856,Farès Chaïbi,a,10792,OpenPlay,2022,Head,19803,Marseille,Toulouse,6,1,2022-12-29 20:00:00,Thijs Dallinga,HeadPass
974,501415,57,SavedShot,0.6990000152587891,0.48400001525878905,0.013096800073981285,Farès Chaïbi,a,10792,OpenPlay,2022,LeftFoot,19803,Marseille,Toulouse,6,1,2022-12-29 20:00:00,Stijn Spierings,Pass
975,501838,49,MissedShots,0.93,0.580999984741211,0.31286999583244324,Farès Chaïbi,h,10792,OpenPlay,2022,Head,19817,Toulouse,Ajaccio,2,0,2023-01-01 14:00:00,Rafael Ratão,Cross
976,503174,3,Goal,0.8869999694824219,0.38299999237060545,0.30625900626182556,Farès Chaïbi,a,10792,OpenPlay,2022,RightFoot,19819,Auxerre,Toulouse,0,5,2023-01-11 18:00:00,Branco van den Boomen,Pass
977,503946,93,SavedShot,0.7330000305175781,0.634000015258789,0.019019100815057755,Farès Chaïbi,h,10792,OpenPlay,2022,RightFoot,19837,Toulouse,Brest,1,1,2023-01-15 14:00:00,Branco van den Boomen,Pass
978,506507,35,Goal,0.9780000305175781,0.405,0.05701019987463951,Farès Chaïbi,h,10792,FromCorner,2022,RightFoot,19857,Toulouse,Troyes,4,1,2023-02-01 18:00:00,Branco van den Boomen,Cross
979,507257,48,MissedShots,0.9409999847412109,0.7230000305175781,0.038300998508930206,Farès Chaïbi,a,10792,OpenPlay,2022,LeftFoot,19863,Paris Saint Germain,Toulouse,2,1,2023-02-04 16:00:00,Brecht Dejaegere,Chipped
980,507262,67,MissedShots,0.755,0.73,0.01626639999449253,Farès Chaïbi,a,10792,OpenPlay,2022,RightFoot,19863,Paris Saint Germain,Toulouse,2,1,2023-02-04 16:00:00,Moussa Diarra,Pass
981,508753,26,SavedShot,0.8619999694824219,0.385,0.07095739990472794,Farès Chaïbi,h,10792,OpenPlay,2022,RightFoot,19877,Toulouse,Rennes,3,1,2023-02-12 12:00:00,Zakaria Aboukhlal,Pass
982,508755,27,SavedShot,0.765,0.534000015258789,0.037284500896930695,Farès Chaïbi,h,10792,OpenPlay,2022,RightFoot,19877,Toulouse,Rennes,3,1,2023-02-12 12:00:00,Brecht Dejaegere,Pass
983,508759,41,SavedShot,0.845,0.275,0.0388604998588562,Farès Chaïbi,h,10792,OpenPlay,2022,RightFoot,19877,Toulouse,Rennes,3,1,2023-02-12 12:00:00,Zakaria Aboukhlal,Pass
984,510507,71,BlockedShot,0.9640000152587891,0.29600000381469727,0.04794539883732796,Farès Chaïbi,h,10792,OpenPlay,2022,RightFoot,19886,Toulouse,Marseille,2,3,2023-02-19 19:45:00,Stijn Spierings,Pass
985,511328,44,SavedShot,0.8,0.7659999847412109,0.015272499993443489,Farès Chaïbi,a,10792,OpenPlay,2022,RightFoot,19897,Reims,Toulouse,3,0,2023-02-26 14:00:00,Brecht Dejaegere,Pass
986,512664,17,MissedShots,0.805,0.5590000152587891,0.07521700114011765,Farès Chaïbi,h,10792,OpenPlay,2022,RightFoot,19906,Toulouse,Clermont Foot,0,1,2023-03-05 14:00:00,Brecht Dejaegere,Pass
987,512669,27,MissedShots,0.7619999694824219,0.38599998474121094,0.02575029991567135,Farès Chaïbi,h,10792,OpenPlay,2022,RightFoot,19906,Toulouse,Clermont Foot,0,1,2023-03-05 14:00:00,Gabriel Suazo,TakeOn
988,512672,44,MissedShots,0.9109999847412109,0.5379999923706055,0.05262070149183273,Farès Chaïbi,h,10792,OpenPlay,2022,Head,19906,Toulouse,Clermont Foot,0,1,2023-03-05 14:00:00,Zakaria Aboukhlal,Chipped
989,512676,64,BlockedShot,0.8040000152587891,0.55,0.04475170001387596,Farès Chaïbi,h,10792,OpenPlay,2022,RightFoot,19906,Toulouse,Clermont Foot,0,1,2023-03-05 14:00:00,,None
990,514083,61,BlockedShot,0.8819999694824219,0.43900001525878907,0.13677099347114563,Farès Chaïbi,a,10792,OpenPlay,2022,RightFoot,19911,Angers,Toulouse,0,2,2023-03-12 14:00:00,Zakaria Aboukhlal,Pass
991,515090,6,SavedShot,0.8569999694824219,0.72,0.03987310081720352,Farès Chaïbi,h,10792,OpenPlay,2022,LeftFoot,19926,Toulouse,Lille,0,2,2023-03-18 16:00:00,Branco van den Boomen,TakeOn
992,515108,50,BlockedShot,0.9590000152587891,0.41,0.02855069935321808,Farès Chaïbi,h,10792,FromCorner,2022,Head,19926,Toulouse,Lille,0,2,2023-03-18 16:00:00,Branco van den Boomen,Aerial
993,515109,54,MissedShots,0.9459999847412109,0.44799999237060545,0.11935299634933472,Farès Chaïbi,h,10792,FromCorner,2022,Head,19926,Toulouse,Lille,0,2,2023-03-18 16:00:00,Branco van den Boomen,Cross
994,515114,76,MissedShots,0.74,0.655,0.015285300090909004,Farès Chaïbi,h,10792,OpenPlay,2022,RightFoot,19926,Toulouse,Lille,0,2,2023-03-18 16:00:00,Thijs Dallinga,Pass
995,518548,40,SavedShot,0.88,0.6669999694824219,0.07408709824085236,Farès Chaïbi,a,10792,OpenPlay,2022,RightFoot,19942,Montpellier,Toulouse,1,2,2023-04-09 13:00:00,Vincent Sierro,Pass
996,518555,55,BlockedShot,0.759000015258789,0.6569999694824219,0.02753569930791855,Farès Chaïbi,a,10792,OpenPlay,2022,RightFoot,19942,Montpellier,Toulouse,1,2,2023-04-09 13:00:00,Warren Kamanzi,Pass
997,518560,76,MissedShots,0.7,0.605,0.018548600375652313,Farès Chaïbi,a,10792,OpenPlay,2022,RightFoot,19942,Montpellier,Toulouse,1,2,2023-04-09 13:00:00,Branco van den Boomen,Pass
998,518562,78,SavedShot,0.8919999694824219,0.49700000762939456,0.39889100193977356,Farès Chaïbi,a,10792,OpenPlay,2022,RightFoot,19942,Montpellier,Toulouse,1,2,2023-04-09 13:00:00,,Rebound
999,518565,84,Goal,0.9490000152587891,0.45799999237060546,0.6245890259742737,Farès Chaïbi,a,10792,OpenPlay,2022,RightFoot,19942,Montpellier,Toulouse,1,2,2023-04-09 13:00:00,,Rebound
1000,523818,24,BlockedShot,0.850999984741211,0.524000015258789,0.07246077060699463,Farès Chaïbi,h,10792,OpenPlay,2022,RightFoot,19976,Toulouse,Lens,0,1,2023-05-02 19:00:00,,None
1001,523820,26,SavedShot,0.7330000305175781,0.3820000076293945,0.04880020394921303,Farès Chaïbi,h,10792,DirectFreekick,2022,RightFoot,19976,Toulouse,Lens,0,1,2023-05-02 19:00:00,,Standard
1002,523829,67,BlockedShot,0.720999984741211,0.3940000152587891,0.010762498714029789,Farès Chaïbi,h,10792,OpenPlay,2022,RightFoot,19976,Toulouse,Lens,0,1,2023-05-02 19:00:00,Vincent Sierro,BallRecovery
1003,524992,21,BlockedShot,0.9480000305175781,0.705999984741211,0.023079348728060722,Farès Chaïbi,a,10792,OpenPlay,2022,RightFoot,19978,Ajaccio,Toulouse,0,0,2023-05-07 13:00:00,Branco van den Boomen,Cross
1004,524995,36,SavedShot,0.8059999847412109,0.5179999923706055,0.05368730425834656,Farès Chaïbi,a,10792,OpenPlay,2022,RightFoot,19978,Ajaccio,Toulouse,0,0,2023-05-07 13:00:00,Zakaria Aboukhlal,Pass
1005,524998,47,MissedShots,0.8969999694824219,0.46799999237060547,0.05746190994977951,Farès Chaïbi,a,10792,FromCorner,2022,Head,19978,Ajaccio,Toulouse,0,0,2023-05-07 13:00:00,Branco van den Boomen,Cross
1006,525001,70,SavedShot,0.8969999694824219,0.7190000152587891,0.04016595706343651,Farès Chaïbi,a,10792,OpenPlay,2022,RightFoot,19978,Ajaccio,Toulouse,0,0,2023-05-07 13:00:00,Rafael Ratão,Pass
1007,526679,83,SavedShot,0.775,0.35200000762939454,0.02489548735320568,Farès Chaïbi,h,10792,FromCorner,2022,LeftFoot,19997,Toulouse,Nantes,0,0,2023-05-14 13:00:00,Branco van den Boomen,Pass
1008,527978,28,MissedShots,0.9590000152587891,0.6409999847412109,0.2532557547092438,Farès Chaïbi,a,10792,OpenPlay,2022,LeftFoot,20003,Nice,Toulouse,0,0,2023-05-21 13:00:00,Rafael Ratão,Cross
1009,527983,41,SavedShot,0.905,0.31799999237060544,0.050387825816869736,Farès Chaïbi,a,10792,OpenPlay,2022,RightFoot,20003,Nice,Toulouse,0,0,2023-05-21 13:00:00,Logan Costa,Chipped
1010,527989,72,MissedShots,0.7859999847412109,0.6029999923706054,0.031432364135980606,Farès Chaïbi,a,10792,OpenPlay,2022,RightFoot,20003,Nice,Toulouse,0,0,2023-05-21 13:00:00,Brecht Dejaegere,Pass
1011,530580,34,BlockedShot,0.789000015258789,0.6940000152587891,0.06550201028585434,Farès Chaïbi,a,10792,DirectFreekick,2022,RightFoot,20020,Monaco,Toulouse,1,2,2023-06-03 17:00:00,,Standard
1012,530591,54,SavedShot,0.7830000305175782,0.7180000305175781,0.013830139301717281,Farès Chaïbi,a,10792,OpenPlay,2022,RightFoot,20020,Monaco,Toulouse,1,2,2023-06-03 17:00:00,,Rebound
1013,530599,69,SavedShot,0.9359999847412109,0.37,0.08455954492092133,Farès Chaïbi,a,10792,OpenPlay,2022,RightFoot,20020,Monaco,Toulouse,1,2,2023-06-03 17:00:00,,Rebound
1014,530610,83,MissedShots,0.9340000152587891,0.27600000381469725,0.04197558015584946,Farès Chaïbi,a,10792,OpenPlay,2022,RightFoot,20020,Monaco,Toulouse,1,2,2023-06-03 17:00:00,Zakaria Aboukhlal,Pass
1015,539916,10,SavedShot,0.7559999847412109,0.44299999237060544,0.02072194404900074,Farès Chaïbi,h,10792,OpenPlay,2023,RightFoot,23109,Eintracht Frankfurt,Freiburg,0,0,2023-09-24 15:30:00,,None
1016,543476,4,BlockedShot,0.8159999847412109,0.315,0.08917143195867538,Farès Chaïbi,h,10792,DirectFreekick,2023,RightFoot,23127,Eintracht Frankfurt,FC Heidenheim,2,0,2023-10-08 17:30:00,,Standard
1017,543490,68,SavedShot,0.8690000152587891,0.3029999923706055,0.0630742684006691,Farès Chaïbi,h,10792,OpenPlay,2023,RightFoot,23127,Eintracht Frankfurt,FC Heidenheim,2,0,2023-10-08 17:30:00,Aurélio Buta,BallTouch
1018,543876,1,SavedShot,0.845,0.5270000076293946,0.0890016257762909,Farès Chaïbi,a,10792,OpenPlay,2023,RightFoot,23132,Hoffenheim,Eintracht Frankfurt,1,3,2023-10-21 13:30:00,Omar Marmoush,Pass
1019,543883,22,MissedShots,0.9419999694824219,0.33799999237060546,0.05946233123540878,Farès Chaïbi,a,10792,OpenPlay,2023,RightFoot,23132,Hoffenheim,Eintracht Frankfurt,1,3,2023-10-21 13:30:00,Tuta,Chipped
1020,543887,26,MissedShots,0.9409999847412109,0.3729999923706055,0.3059294819831848,Farès Chaïbi,a,10792,OpenPlay,2023,RightFoot,23132,Hoffenheim,Eintracht Frankfurt,1,3,2023-10-21 13:30:00,Ansgar Knauff,Chipped
1021,546147,44,MissedShots,0.919000015258789,0.46900001525878904,0.4762799143791199,Farès Chaïbi,h,10792,OpenPlay,2023,RightFoot,23140,Eintracht Frankfurt,Borussia Dortmund,3,3,2023-10-29 14:30:00,Ansgar Knauff,Cross
1022,546158,67,Goal,0.914000015258789,0.395,0.35826390981674194,Farès Chaïbi,h,10792,OpenPlay,2023,RightFoot,23140,Eintracht Frankfurt,Borussia Dortmund,3,3,2023-10-29 14:30:00,Ellyes Skhiri,Pass
1023,549144,44,SavedShot,0.7069999694824218,0.46599998474121096,0.01770876720547676,Farès Chaïbi,a,10792,OpenPlay,2023,RightFoot,23159,Werder Bremen,Eintracht Frankfurt,2,2,2023-11-12 16:30:00,Hrvoje Smolcic,Pass
1024,549988,17,BlockedShot,0.8719999694824219,0.3139999961853027,0.04351812228560448,Farès Chaïbi,h,10792,OpenPlay,2023,RightFoot,23167,Eintracht Frankfurt,VfB Stuttgart,1,2,2023-11-25 17:30:00,,None
1025,550001,63,MissedShots,0.9309999847412109,0.2670000076293945,0.029139526188373566,Farès Chaïbi,h,10792,OpenPlay,2023,RightFoot,23167,Eintracht Frankfurt,VfB Stuttgart,1,2,2023-11-25 17:30:00,Aurélio Buta,Pass
1026,552830,11,BlockedShot,0.875,0.519000015258789,0.08433149755001068,Farès Chaïbi,h,10792,OpenPlay,2023,RightFoot,23184,Eintracht Frankfurt,Bayern Munich,5,1,2023-12-09 14:30:00,,None
1027,552839,29,MissedShots,0.7380000305175781,0.4809999847412109,0.05306923761963844,Farès Chaïbi,h,10792,OpenPlay,2023,RightFoot,23184,Eintracht Frankfurt,Bayern Munich,5,1,2023-12-09 14:30:00,,BallRecovery
1028,552845,40,SavedShot,0.805,0.7080000305175781,0.11249017715454102,Farès Chaïbi,h,10792,OpenPlay,2023,RightFoot,23184,Eintracht Frankfurt,Bayern Munich,5,1,2023-12-09 14:30:00,Omar Marmoush,Chipped
1029,554991,69,SavedShot,0.8780000305175781,0.695,0.05937302112579346,Farès Chaïbi,a,10792,OpenPlay,2023,RightFoot,23194,Bayer Leverkusen,Eintracht Frankfurt,3,0,2023-12-17 16:30:00,Ansgar Knauff,TakeOn
1030,555721,54,SavedShot,0.904000015258789,0.7040000152587891,0.04483681917190552,Farès Chaïbi,h,10792,OpenPlay,2023,LeftFoot,23203,Eintracht Frankfurt,Borussia M.Gladbach,2,1,2023-12-20 19:30:00,,BallRecovery
1031,555725,70,SavedShot,0.784000015258789,0.30700000762939456,0.06424161046743393,Farès Chaïbi,h,10792,DirectFreekick,2023,RightFoot,23203,Eintracht Frankfurt,Borussia M.Gladbach,2,1,2023-12-20 19:30:00,,Standard
1032,559566,66,BlockedShot,0.765,0.33099998474121095,0.011018186807632446,Farès Chaïbi,h,10792,OpenPlay,2023,RightFoot,23230,Eintracht Frankfurt,Mainz 05,1,0,2024-01-26 19:30:00,,Aerial
1033,559573,92,MissedShots,0.850999984741211,0.5840000152587891,0.09762748330831528,Farès Chaïbi,h,10792,OpenPlay,2023,RightFoot,23230,Eintracht Frankfurt,Mainz 05,1,0,2024-01-26 19:30:00,Philipp Max,Pass
1034,561396,51,SavedShot,0.73,0.6959999847412109,0.03960081934928894,Farès Chaïbi,a,10792,DirectFreekick,2023,RightFoot,23241,FC Cologne,Eintracht Frankfurt,2,0,2024-02-03 17:30:00,,Standard
1035,562359,65,BlockedShot,0.899000015258789,0.500999984741211,0.44984355568885803,Farès Chaïbi,h,10792,OpenPlay,2023,RightFoot,23252,Eintracht Frankfurt,Bochum,1,1,2024-02-10 14:30:00,Hugo Ekitike,Pass
1036,562362,73,SavedShot,0.7780000305175782,0.6569999694824219,0.01978342793881893,Farès Chaïbi,h,10792,OpenPlay,2023,RightFoot,23252,Eintracht Frankfurt,Bochum,1,1,2024-02-10 14:30:00,Hugo Ekitike,Pass
1037,564463,50,MissedShots,0.84,0.5309999847412109,0.06528446078300476,Farès Chaïbi,a,10792,OpenPlay,2023,RightFoot,23255,Freiburg,Eintracht Frankfurt,3,3,2024-02-18 14:30:00,,None
1038,564467,61,MissedShots,0.7709999847412109,0.5529999923706055,0.029386037960648537,Farès Chaïbi,a,10792,OpenPlay,2023,RightFoot,23255,Freiburg,Eintracht Frankfurt,3,3,2024-02-18 14:30:00,Ansgar Knauff,Pass
1039,564471,83,BlockedShot,0.8319999694824218,0.34200000762939453,0.07655704021453857,Farès Chaïbi,a,10792,OpenPlay,2023,RightFoot,23255,Freiburg,Eintracht Frankfurt,3,3,2024-02-18 14:30:00,Omar Marmoush,Pass
1040,566420,18,MissedShots,0.774000015258789,0.3579999923706055,0.07099980115890503,Farès Chaïbi,a,10792,DirectFreekick,2023,RightFoot,23279,FC Heidenheim,Eintracht Frankfurt,1,2,2024-03-02 14:30:00,,Standard
1041,566437,73,BlockedShot,0.77,0.46700000762939453,0.08505518734455109,Farès Chaïbi,a,10792,OpenPlay,2023,RightFoot,23279,FC Heidenheim,Eintracht Frankfurt,1,2,2024-03-02 14:30:00,,BallRecovery
1042,568782,15,MissedShots,0.9209999847412109,0.4640000152587891,0.4852067828178406,Farès Chaïbi,h,10792,OpenPlay,2023,RightFoot,23284,Eintracht Frankfurt,Hoffenheim,3,1,2024-03-10 16:30:00,Mario Götze,Pass
1043,568784,23,BlockedShot,0.7719999694824219,0.6279999923706054,0.07280508428812027,Farès Chaïbi,h,10792,DirectFreekick,2023,RightFoot,23284,Eintracht Frankfurt,Hoffenheim,3,1,2024-03-10 16:30:00,,Standard
1044,570608,86,MissedShots,0.915,0.27100000381469724,0.04009940102696419,Farès Chaïbi,h,10792,OpenPlay,2023,RightFoot,23302,Eintracht Frankfurt,Union Berlin,0,0,2024-03-30 14:30:00,Ellyes Skhiri,Pass
1045,573944,20,BlockedShot,0.9030000305175782,0.295,0.07840775698423386,Farès Chaïbi,a,10792,OpenPlay,2023,RightFoot,23324,VfB Stuttgart,Eintracht Frankfurt,3,0,2024-04-13 16:30:00,Omar Marmoush,Pass
1046,574695,19,MissedShots,0.91,0.4540000152587891,0.16869491338729858,Farès Chaïbi,h,10792,OpenPlay,2023,Head,23329,Eintracht Frankfurt,Augsburg,3,1,2024-04-19 18:30:00,Hugo Ekitike,Chipped
1047,574701,54,Goal,0.9309999847412109,0.5470000076293945,0.43867766857147217,Farès Chaïbi,h,10792,OpenPlay,2023,RightFoot,23329,Eintracht Frankfurt,Augsburg,3,1,2024-04-19 18:30:00,Eric Junior Dina Ebimbe,Cross
1048,579069,40,MissedShots,0.7559999847412109,0.6419999694824219,0.018978888168931007,Farès Chaïbi,h,10792,OpenPlay,2023,LeftFoot,23346,Eintracht Frankfurt,Bayer Leverkusen,1,5,2024-05-05 15:30:00,,BallRecovery
1049,579075,46,MissedShots,0.8619999694824219,0.5790000152587891,0.0655791386961937,Farès Chaïbi,h,10792,OpenPlay,2023,RightFoot,23346,Eintracht Frankfurt,Bayer Leverkusen,1,5,2024-05-05 15:30:00,Hugo Ekitike,Rebound
1050,579081,70,SavedShot,0.7180000305175781,0.7530000305175781,0.007885039784014225,Farès Chaïbi,h,10792,OpenPlay,2023,RightFoot,23346,Eintracht Frankfurt,Bayer Leverkusen,1,5,2024-05-05 15:30:00,Ansgar Knauff,Pass
1051,579082,74,SavedShot,0.7440000152587891,0.44,0.06220511719584465,Farès Chaïbi,h,10792,DirectFreekick,2023,RightFoot,23346,Eintracht Frankfurt,Bayer Leverkusen,1,5,2024-05-05 15:30:00,,Standard
1052,579752,49,BlockedShot,0.914000015258789,0.41900001525878905,0.0931621789932251,Farès Chaïbi,a,10792,OpenPlay,2023,RightFoot,23357,Borussia M.Gladbach,Eintracht Frankfurt,1,1,2024-05-11 13:30:00,,None
1053,581562,69,BlockedShot,0.9319999694824219,0.28899999618530275,0.04469815641641617,Farès Chaïbi,h,10792,OpenPlay,2023,RightFoot,23365,Eintracht Frankfurt,RasenBallsport Leipzig,2,2,2024-05-18 13:30:00,Tuta,Chipped
1054,581572,95,BlockedShot,0.884000015258789,0.325,0.04737888276576996,Farès Chaïbi,h,10792,SetPiece,2023,LeftFoot,23365,Eintracht Frankfurt,RasenBallsport Leipzig,2,2,2024-05-18 13:30:00,,None
1055,586340,70,MissedShots,0.970999984741211,0.4829999923706055,0.8186777830123901,Farès Chaïbi,a,10792,OpenPlay,2024,RightFoot,27748,Borussia Dortmund,Eintracht Frankfurt,2,0,2024-08-24 16:30:00,Niels Nkounkou,Pass
1056,589026,83,SavedShot,0.8959999847412109,0.3529999923706055,0.014323641546070576,Farès Chaïbi,h,10792,OpenPlay,2024,Head,27756,Eintracht Frankfurt,Hoffenheim,3,1,2024-08-31 13:30:00,,Rebound
1057,589028,90,MissedShots,0.7930000305175782,0.3579999923706055,0.04435472562909126,Farès Chaïbi,h,10792,OpenPlay,2024,RightFoot,27756,Eintracht Frankfurt,Hoffenheim,3,1,2024-08-31 13:30:00,Igor Matanovic,Pass
1058,589031,93,BlockedShot,0.8540000152587891,0.3559999847412109,0.08424778282642365,Farès Chaïbi,h,10792,OpenPlay,2024,RightFoot,27756,Eintracht Frankfurt,Hoffenheim,3,1,2024-08-31 13:30:00,Ellyes Skhiri,Pass
1059,590625,62,BlockedShot,0.8519999694824218,0.7180000305175781,0.03715226799249649,Farès Chaïbi,a,10792,OpenPlay,2024,RightFoot,27764,Wolfsburg,Eintracht Frankfurt,1,2,2024-09-14 13:30:00,Hugo Ekitike,Pass
1060,590630,65,BlockedShot,0.8980000305175782,0.38299999237060545,0.11571338772773743,Farès Chaïbi,a,10792,OpenPlay,2024,RightFoot,27764,Wolfsburg,Eintracht Frankfurt,1,2,2024-09-14 13:30:00,Hugo Ekitike,Pass
1061,590636,86,ShotOnPost,0.8640000152587891,0.38299999237060545,0.12384311109781265,Farès Chaïbi,a,10792,OpenPlay,2024,RightFoot,27764,Wolfsburg,Eintracht Frankfurt,1,2,2024-09-14 13:30:00,Ansgar Knauff,Pass
1062,592657,4,BlockedShot,0.805,0.6379999923706055,0.10057157278060913,Farès Chaïbi,h,10792,DirectFreekick,2024,RightFoot,27774,Eintracht Frankfurt,Borussia M.Gladbach,2,0,2024-09-21 16:30:00,,Standard
1063,592683,55,MissedShots,0.92,0.7319999694824219,0.0590701587498188,Farès Chaïbi,h,10792,OpenPlay,2024,LeftFoot,27774,Eintracht Frankfurt,Borussia M.Gladbach,2,0,2024-09-21 16:30:00,,BallRecovery
1064,594678,17,BlockedShot,0.9680000305175781,0.485,0.5635112524032593,Farès Chaïbi,a,10792,OpenPlay,2024,RightFoot,27785,Holstein Kiel,Eintracht Frankfurt,2,4,2024-09-29 13:30:00,Eric Junior Dina Ebimbe,KeeperPickup
1065,604932,48,Goal,0.8569999694824219,0.5609999847412109,0.09067170321941376,Farès Chaïbi,a,10792,OpenPlay,2024,LeftFoot,27843,FC Heidenheim,Eintracht Frankfurt,0,4,2024-12-01 16:30:00,,None
1066,605719,45,BlockedShot,0.75,0.40700000762939453,0.016591208055615425,Farès Chaïbi,h,10792,FromCorner,2024,RightFoot,27858,Eintracht Frankfurt,Augsburg,2,2,2024-12-07 14:30:00,,None
1067,605722,46,BlockedShot,0.9059999847412109,0.5579999923706055,0.1297646164894104,Farès Chaïbi,h,10792,OpenPlay,2024,RightFoot,27858,Eintracht Frankfurt,Augsburg,2,2,2024-12-07 14:30:00,Hugo Ekitike,Pass
1068,607833,90,MissedShots,0.9159999847412109,0.3940000152587891,0.07389018684625626,Farès Chaïbi,a,10792,OpenPlay,2024,RightFoot,27859,RasenBallsport Leipzig,Eintracht Frankfurt,2,1,2024-12-15 18:30:00,Jean Négoce,Cross
1069,608255,36,SavedShot,0.765,0.675,0.021119898185133934,Farès Chaïbi,h,10792,FromCorner,2024,RightFoot,27871,Eintracht Frankfurt,Mainz 05,1,3,2024-12-21 14:30:00,Nathaniel Brown,Pass
1070,589021,67,SavedShot,0.9209999847412109,0.5329999923706055,0.05832686647772789,Igor Matanovic,h,12953,OpenPlay,2024,Head,27756,Eintracht Frankfurt,Hoffenheim,3,1,2024-08-31 13:30:00,Rasmus Kristensen,Aerial
1071,589024,77,BlockedShot,0.7869999694824219,0.4159999847412109,0.05110018327832222,Igor Matanovic,h,12953,OpenPlay,2024,RightFoot,27756,Eintracht Frankfurt,Hoffenheim,3,1,2024-08-31 13:30:00,Rasmus Kristensen,TakeOn
1072,589025,83,SavedShot,0.795,0.4370000076293945,0.10338433086872101,Igor Matanovic,h,12953,OpenPlay,2024,RightFoot,27756,Eintracht Frankfurt,Hoffenheim,3,1,2024-08-31 13:30:00,Hugo Larsson,HeadPass
1073,590640,93,BlockedShot,0.8809999847412109,0.525,0.1478779911994934,Igor Matanovic,a,12953,OpenPlay,2024,LeftFoot,27764,Wolfsburg,Eintracht Frankfurt,1,2,2024-09-14 13:30:00,Omar Marmoush,Pass
1074,594691,46,Goal,0.9209999847412109,0.49,0.050916921347379684,Igor Matanovic,a,12953,FromCorner,2024,Head,27785,Holstein Kiel,Eintracht Frankfurt,2,4,2024-09-29 13:30:00,Omar Marmoush,Aerial
1075,594698,60,MissedShots,0.91,0.46700000762939453,0.13244347274303436,Igor Matanovic,a,12953,OpenPlay,2024,LeftFoot,27785,Holstein Kiel,Eintracht Frankfurt,2,4,2024-09-29 13:30:00,,Rebound
1076,599058,71,SavedShot,0.74,0.590999984741211,0.018314629793167114,Igor Matanovic,a,12953,OpenPlay,2024,RightFoot,27811,Union Berlin,Eintracht Frankfurt,1,1,2024-10-27 16:30:00,Ansgar Knauff,Pass
1077,607832,87,MissedShots,0.92,0.5620000076293945,0.10036489367485046,Igor Matanovic,a,12953,FromCorner,2024,RightFoot,27859,RasenBallsport Leipzig,Eintracht Frankfurt,2,1,2024-12-15 18:30:00,Arthur Theate,None
1078,608277,70,BlockedShot,0.8380000305175781,0.395,0.05504147335886955,Igor Matanovic,h,12953,FromCorner,2024,RightFoot,27871,Eintracht Frankfurt,Mainz 05,1,3,2024-12-21 14:30:00,,Rebound
1079,608280,73,MissedShots,0.9219999694824219,0.46599998474121096,0.04678596183657646,Igor Matanovic,h,12953,FromCorner,2024,Head,27871,Eintracht Frankfurt,Mainz 05,1,3,2024-12-21 14:30:00,Nathaniel Brown,Aerial
1080,608283,79,MissedShots,0.8830000305175781,0.5629999923706055,0.04340098798274994,Igor Matanovic,h,12953,OpenPlay,2024,Head,27871,Eintracht Frankfurt,Mainz 05,1,3,2024-12-21 14:30:00,Hugo Larsson,Cross
1081,25029,19,MissedShots,0.735999984741211,0.23899999618530274,0.032430000603199005,Timothy Chandler,a,359,OpenPlay,2014,RightFoot,5423,Schalke 04,Eintracht Frankfurt,2,2,2014-09-20 14:30:00,Takashi Inui,BallRecovery
1082,25046,91,SavedShot,0.725,0.3240000152587891,0.010595199652016163,Timothy Chandler,a,359,OpenPlay,2014,RightFoot,5423,Schalke 04,Eintracht Frankfurt,2,2,2014-09-20 14:30:00,,Rebound
1083,25487,75,MissedShots,0.985999984741211,0.6630000305175782,0.011480499990284443,Timothy Chandler,h,359,FromCorner,2014,Head,5432,Eintracht Frankfurt,Mainz 05,2,2,2014-09-23 19:00:00,Marc Stendera,Aerial
1084,26979,6,BlockedShot,0.94,0.4909999847412109,0.10800900310277939,Timothy Chandler,a,359,SetPiece,2014,Head,5367,Borussia M.Gladbach,Eintracht Frankfurt,1,3,2014-11-22 14:30:00,Marco Russ,HeadPass
1085,28099,42,BlockedShot,0.8830000305175781,0.24600000381469728,0.030284399166703224,Timothy Chandler,a,359,OpenPlay,2014,LeftFoot,5321,Hoffenheim,Eintracht Frankfurt,3,2,2014-12-12 19:30:00,Stefan Aigner,Pass
1086,28108,59,ShotOnPost,0.700999984741211,0.5259999847412109,0.013041899539530277,Timothy Chandler,a,359,FromCorner,2014,RightFoot,5321,Hoffenheim,Eintracht Frankfurt,3,2,2014-12-12 19:30:00,,None
1087,28008,18,MissedShots,0.769000015258789,0.23299999237060548,0.012754200026392937,Timothy Chandler,a,359,OpenPlay,2014,LeftFoot,5343,Bayer Leverkusen,Eintracht Frankfurt,1,1,2014-12-20 14:30:00,Haris Seferovic,Pass
1088,28015,38,BlockedShot,0.759000015258789,0.3220000076293945,0.011593399569392204,Timothy Chandler,a,359,SetPiece,2014,RightFoot,5343,Bayer Leverkusen,Eintracht Frankfurt,1,1,2014-12-20 14:30:00,,None
1089,28551,19,MissedShots,0.7130000305175781,0.46299999237060546,0.013777599669992924,Timothy Chandler,a,359,FromCorner,2014,LeftFoot,5307,Freiburg,Eintracht Frankfurt,4,1,2015-01-31 14:30:00,,None
1090,29595,18,BlockedShot,0.7019999694824218,0.30700000762939456,0.01078370027244091,Timothy Chandler,a,359,OpenPlay,2014,LeftFoot,5279,Augsburg,Eintracht Frankfurt,2,2,2015-02-08 16:30:00,Alexander Meier,LayOff
1091,28833,37,BlockedShot,0.8390000152587891,0.305,0.039635900408029556,Timothy Chandler,h,359,OpenPlay,2014,RightFoot,5286,Eintracht Frankfurt,Schalke 04,1,0,2015-02-14 17:30:00,,Dispossessed
1092,29641,84,MissedShots,0.735999984741211,0.2670000076293945,0.012118699960410595,Timothy Chandler,h,359,OpenPlay,2014,LeftFoot,5304,Eintracht Frankfurt,Hamburger SV,2,1,2015-02-28 17:30:00,,Rebound
1093,30468,70,MissedShots,0.764000015258789,0.30100000381469727,0.01649630069732666,Timothy Chandler,a,359,OpenPlay,2014,RightFoot,5240,FC Cologne,Eintracht Frankfurt,4,2,2015-03-08 14:30:00,,Dispossessed
1094,31704,33,Goal,0.9330000305175781,0.445,0.051268499344587326,Timothy Chandler,h,359,FromCorner,2014,Head,5173,Eintracht Frankfurt,Hoffenheim,3,1,2015-05-09 14:30:00,Bastian Oczipka,Aerial
1095,76401,57,SavedShot,0.710999984741211,0.26399999618530273,0.011490699835121632,Timothy Chandler,h,359,FromCorner,2015,LeftFoot,1033,Eintracht Frankfurt,Augsburg,1,1,2015-08-22 17:30:00,,None
1096,76402,58,MissedShots,0.764000015258789,0.2539999961853027,0.01339729968458414,Timothy Chandler,h,359,FromCorner,2015,RightFoot,1033,Eintracht Frankfurt,Augsburg,1,1,2015-08-22 17:30:00,,None
1097,83626,90,SavedShot,0.825,0.3,0.0515890009701252,Timothy Chandler,h,359,OpenPlay,2015,LeftFoot,1313,Eintracht Frankfurt,Borussia Dortmund,1,0,2016-05-07 17:30:00,Makoto Hasebe,Pass
1098,127516,59,BlockedShot,0.77,0.28899999618530275,0.02426219917833805,Timothy Chandler,h,359,OpenPlay,2016,LeftFoot,1330,Eintracht Frankfurt,Schalke 04,1,0,2016-08-27 17:30:00,Omar Mascarell,Pass
1099,127521,82,SavedShot,0.89,0.5929999923706055,0.06778579950332642,Timothy Chandler,h,359,SetPiece,2016,Head,1330,Eintracht Frankfurt,Schalke 04,1,0,2016-08-27 17:30:00,Bastian Oczipka,Pass
1100,128030,38,BlockedShot,0.925,0.47400001525878904,0.5431640148162842,Timothy Chandler,a,359,OpenPlay,2016,LeftFoot,1339,Darmstadt,Eintracht Frankfurt,1,0,2016-09-10 17:30:00,Mijat Gacinovic,Pass
1101,128032,43,MissedShots,0.8719999694824219,0.3609999847412109,0.009174649603664875,Timothy Chandler,a,359,OpenPlay,2016,Head,1339,Darmstadt,Eintracht Frankfurt,1,0,2016-09-10 17:30:00,Szabolcs Huszti,Aerial
1102,128380,47,MissedShots,0.8819999694824219,0.32799999237060545,0.030079200863838196,Timothy Chandler,h,359,OpenPlay,2016,RightFoot,1348,Eintracht Frankfurt,Bayer Leverkusen,2,1,2016-09-17 17:30:00,Szabolcs Huszti,Cross
1103,128802,29,BlockedShot,0.750999984741211,0.40599998474121096,0.04446690157055855,Timothy Chandler,h,359,OpenPlay,2016,LeftFoot,1368,Eintracht Frankfurt,Hertha Berlin,3,3,2016-09-24 17:30:00,,TakeOn
1104,129260,14,ShotOnPost,0.915,0.33,0.041109900921583176,Timothy Chandler,h,359,OpenPlay,2016,RightFoot,1386,Eintracht Frankfurt,Bayern Munich,2,2,2016-10-15 17:30:00,Ante Rebic,Cross
1105,129278,77,MissedShots,0.8980000305175782,0.34799999237060547,0.06637539714574814,Timothy Chandler,h,359,OpenPlay,2016,LeftFoot,1386,Eintracht Frankfurt,Bayern Munich,2,2,2016-10-15 17:30:00,Branimir Hrgota,Pass
1106,130266,39,SavedShot,0.700999984741211,0.500999984741211,0.01860559917986393,Timothy Chandler,h,359,FromCorner,2016,RightFoot,2829,Eintracht Frankfurt,Borussia Dortmund,2,1,2016-11-26 18:30:00,Marco Fabián,Pass
1107,130277,83,BlockedShot,0.8780000305175781,0.295,0.04533639922738075,Timothy Chandler,h,359,OpenPlay,2016,LeftFoot,2829,Eintracht Frankfurt,Borussia Dortmund,2,1,2016-11-26 18:30:00,Makoto Hasebe,Pass
1108,131309,42,BlockedShot,0.73,0.34900001525878904,0.018220700323581696,Timothy Chandler,h,359,FromCorner,2016,LeftFoot,3201,Eintracht Frankfurt,Hoffenheim,0,0,2016-12-09 23:30:00,Szabolcs Huszti,Pass
1109,130431,72,SavedShot,0.92,0.27,0.05134870111942291,Timothy Chandler,h,359,OpenPlay,2016,RightFoot,3219,Eintracht Frankfurt,Mainz 05,3,0,2016-12-20 23:00:00,Marco Fabián,TakeOn
1110,130432,73,MissedShots,0.9169999694824219,0.41,0.017021900042891502,Timothy Chandler,h,359,FromCorner,2016,Head,3219,Eintracht Frankfurt,Mainz 05,3,0,2016-12-20 23:00:00,Marco Fabián,Aerial
1111,133388,40,MissedShots,0.9259999847412109,0.31799999237060544,0.013382700271904469,Timothy Chandler,h,359,SetPiece,2016,Head,3783,Eintracht Frankfurt,Freiburg,1,2,2017-03-05 14:30:00,Danny Blum,Cross
1112,134822,25,MissedShots,0.8690000152587891,0.45799999237060546,0.027936700731515884,Timothy Chandler,h,359,OpenPlay,2016,Head,3821,Eintracht Frankfurt,Werder Bremen,2,2,2017-04-07 19:30:00,Ante Rebic,Cross
1113,134009,36,SavedShot,0.8830000305175781,0.5479999923706055,0.08490540087223053,Timothy Chandler,h,359,OpenPlay,2016,RightFoot,3845,Eintracht Frankfurt,Augsburg,3,1,2017-04-22 14:30:00,,Rebound
1114,128059,41,BlockedShot,0.915,0.24399999618530274,0.022047599777579308,Timothy Chandler,h,359,OpenPlay,2016,RightFoot,3882,Eintracht Frankfurt,RasenBallsport Leipzig,2,2,2017-05-20 14:30:00,Marco Fabián,Cross
1115,128064,57,MissedShots,0.8159999847412109,0.32799999237060545,0.02365659922361374,Timothy Chandler,h,359,OpenPlay,2016,RightFoot,3882,Eintracht Frankfurt,RasenBallsport Leipzig,2,2,2017-05-20 14:30:00,,None
1116,165848,51,BlockedShot,0.9019999694824219,0.30700000762939456,0.046246498823165894,Timothy Chandler,a,359,OpenPlay,2017,RightFoot,8266,Freiburg,Eintracht Frankfurt,0,0,2017-08-20 14:30:00,Mijat Gacinovic,Chipped
1117,165849,67,BlockedShot,0.9159999847412109,0.39,0.026995599269866943,Timothy Chandler,a,359,OpenPlay,2017,Head,8266,Freiburg,Eintracht Frankfurt,0,0,2017-08-20 14:30:00,Jetro Willems,Aerial
1118,166608,24,MissedShots,0.8819999694824219,0.395,0.06383460015058517,Timothy Chandler,h,359,OpenPlay,2017,RightFoot,8288,Eintracht Frankfurt,Augsburg,1,2,2017-09-16 14:30:00,,None
1119,166617,52,MissedShots,0.8030000305175782,0.32099998474121094,0.025068199262022972,Timothy Chandler,h,359,OpenPlay,2017,LeftFoot,8288,Eintracht Frankfurt,Augsburg,1,2,2017-09-16 14:30:00,,None
1120,166629,86,MissedShots,0.8909999847412109,0.27299999237060546,0.03647470101714134,Timothy Chandler,h,359,OpenPlay,2017,RightFoot,8288,Eintracht Frankfurt,Augsburg,1,2,2017-09-16 14:30:00,,Rebound
1121,166812,25,MissedShots,0.9390000152587891,0.26799999237060546,0.04656200110912323,Timothy Chandler,a,359,OpenPlay,2017,RightFoot,8299,FC Cologne,Eintracht Frankfurt,0,1,2017-09-20 17:30:00,,Rebound
1122,167890,48,BlockedShot,0.774000015258789,0.31799999237060544,0.02460090070962906,Timothy Chandler,a,359,FromCorner,2017,RightFoot,8329,Hannover 96,Eintracht Frankfurt,1,2,2017-10-14 14:30:00,Jetro Willems,Cross
1123,184072,81,SavedShot,0.754000015258789,0.25299999237060544,0.019588099792599678,Timothy Chandler,a,359,OpenPlay,2017,RightFoot,8400,Hamburger SV,Eintracht Frankfurt,1,2,2017-12-12 19:30:00,Ante Rebic,Pass
1124,183787,80,MissedShots,0.9290000152587891,0.6990000152587891,0.07676559686660767,Timothy Chandler,h,359,OpenPlay,2017,LeftFoot,8407,Eintracht Frankfurt,Schalke 04,2,2,2017-12-16 14:30:00,Marius Wolf,Pass
1125,187240,24,MissedShots,0.9590000152587891,0.5870000076293945,0.22519199550151825,Timothy Chandler,h,359,SetPiece,2017,Head,8416,Eintracht Frankfurt,Freiburg,1,1,2018-01-13 14:30:00,Marius Wolf,Cross
1126,188615,5,SavedShot,0.9,0.5970000076293945,0.02256079949438572,Timothy Chandler,a,359,OpenPlay,2017,Head,8429,Wolfsburg,Eintracht Frankfurt,1,3,2018-01-20 14:30:00,Omar Mascarell,Aerial
1127,188619,16,SavedShot,0.8809999847412109,0.7319999694824219,0.034561898559331894,Timothy Chandler,a,359,OpenPlay,2017,RightFoot,8429,Wolfsburg,Eintracht Frankfurt,1,3,2018-01-20 14:30:00,Sébastien Haller,Pass
1128,188622,21,Goal,0.9319999694824219,0.6040000152587891,0.3955309987068176,Timothy Chandler,a,359,OpenPlay,2017,LeftFoot,8429,Wolfsburg,Eintracht Frankfurt,1,3,2018-01-20 14:30:00,Marius Wolf,Pass
1129,189685,35,MissedShots,0.799000015258789,0.6480000305175782,0.03202579915523529,Timothy Chandler,h,359,OpenPlay,2017,RightFoot,8432,Eintracht Frankfurt,Borussia M.Gladbach,2,0,2018-01-26 19:30:00,Sébastien Haller,Pass
1130,194825,52,MissedShots,0.774000015258789,0.735999984741211,0.017688700929284096,Timothy Chandler,a,359,OpenPlay,2017,RightFoot,8443,Augsburg,Eintracht Frankfurt,3,0,2018-02-04 14:30:00,Kevin-Prince Boateng,Pass
1131,195049,2,SavedShot,0.9690000152587891,0.66,0.06668219715356827,Timothy Chandler,h,359,OpenPlay,2017,LeftFoot,8456,Eintracht Frankfurt,FC Cologne,4,2,2018-02-10 14:30:00,Ante Rebic,Pass
1132,195051,17,ShotOnPost,0.875999984741211,0.5729999923706055,0.07424219697713852,Timothy Chandler,h,359,OpenPlay,2017,RightFoot,8456,Eintracht Frankfurt,FC Cologne,4,2,2018-02-10 14:30:00,Danny da Costa,Cross
1133,195060,60,BlockedShot,0.8059999847412109,0.764000015258789,0.02182850055396557,Timothy Chandler,h,359,OpenPlay,2017,LeftFoot,8456,Eintracht Frankfurt,FC Cologne,4,2,2018-02-10 14:30:00,,None
1134,196990,13,MissedShots,0.8780000305175781,0.7090000152587891,0.038331400603055954,Timothy Chandler,h,359,OpenPlay,2017,RightFoot,8462,Eintracht Frankfurt,RasenBallsport Leipzig,2,1,2018-02-19 19:30:00,Makoto Hasebe,Chipped
1135,196991,21,Goal,0.9540000152587891,0.5870000076293945,0.4040609896183014,Timothy Chandler,h,359,FromCorner,2017,RightFoot,8462,Eintracht Frankfurt,RasenBallsport Leipzig,2,1,2018-02-19 19:30:00,David Abraham,HeadPass
1136,196994,40,BlockedShot,0.8959999847412109,0.674000015258789,0.022174999117851257,Timothy Chandler,h,359,FromCorner,2017,RightFoot,8462,Eintracht Frankfurt,RasenBallsport Leipzig,2,1,2018-02-19 19:30:00,Simon Falette,Aerial
1137,200838,27,MissedShots,0.9130000305175782,0.6730000305175782,0.03550960123538971,Timothy Chandler,a,359,OpenPlay,2017,LeftFoot,8485,Borussia Dortmund,Eintracht Frankfurt,3,2,2018-03-11 17:00:00,Marius Wolf,Cross
1138,200844,56,MissedShots,0.8490000152587891,0.6630000305175782,0.04334459826350212,Timothy Chandler,a,359,OpenPlay,2017,RightFoot,8485,Borussia Dortmund,Eintracht Frankfurt,3,2,2018-03-11 17:00:00,,Dispossessed
1139,210344,33,SavedShot,0.7919999694824219,0.6730000305175782,0.02130259945988655,Timothy Chandler,h,359,OpenPlay,2017,RightFoot,8533,Eintracht Frankfurt,Hertha Berlin,0,3,2018-04-21 13:30:00,Aymen Barkok,Pass
1140,317195,36,BlockedShot,0.909000015258789,0.6659999847412109,0.009201250039041042,Timothy Chandler,a,359,OpenPlay,2019,Head,12432,Augsburg,Eintracht Frankfurt,2,1,2019-09-14 13:30:00,Danny da Costa,Aerial
1141,338184,17,MissedShots,0.7830000305175782,0.33299999237060546,0.02452320046722889,Timothy Chandler,h,359,OpenPlay,2019,LeftFoot,12542,Eintracht Frankfurt,FC Cologne,2,4,2019-12-18 19:30:00,Gonçalo Paciência,Chipped
1142,362577,61,Goal,0.9319999694824219,0.39799999237060546,0.029772300273180008,Timothy Chandler,a,359,OpenPlay,2019,Head,12557,Hoffenheim,Eintracht Frankfurt,1,2,2020-01-18 14:30:00,Filip Kostic,Aerial
1143,356640,6,SavedShot,0.84,0.3029999923706055,0.03438450023531914,Timothy Chandler,a,359,OpenPlay,2019,RightFoot,12577,Fortuna Duesseldorf,Eintracht Frankfurt,1,1,2020-02-01 14:30:00,Filip Kostic,Pass
1144,356643,27,MissedShots,0.8969999694824219,0.5029999923706054,0.04414910078048706,Timothy Chandler,a,359,OpenPlay,2019,Head,12577,Fortuna Duesseldorf,Eintracht Frankfurt,1,1,2020-02-01 14:30:00,Sebastian Rode,Aerial
1145,356647,41,MissedShots,0.89,0.48900001525878906,0.06333140283823013,Timothy Chandler,a,359,OpenPlay,2019,Head,12577,Fortuna Duesseldorf,Eintracht Frankfurt,1,1,2020-02-01 14:30:00,Evan Ndicka,Cross
1146,356652,92,Goal,0.9540000152587891,0.49700000762939456,0.5481439828872681,Timothy Chandler,a,359,SetPiece,2019,Head,12577,Fortuna Duesseldorf,Eintracht Frankfurt,1,1,2020-02-01 14:30:00,André Silva,Pass
1147,357783,31,SavedShot,0.9119999694824219,0.415,0.038383498787879944,Timothy Chandler,h,359,OpenPlay,2019,Head,12587,Eintracht Frankfurt,Augsburg,5,0,2020-02-07 19:30:00,Evan Ndicka,Aerial
1148,357785,36,Goal,0.8919999694824219,0.355,0.07384680211544037,Timothy Chandler,h,359,OpenPlay,2019,RightFoot,12587,Eintracht Frankfurt,Augsburg,5,0,2020-02-07 19:30:00,Dominik Kohr,Pass
1149,357790,47,Goal,0.9719999694824218,0.620999984741211,0.02267800085246563,Timothy Chandler,h,359,FromCorner,2019,Head,12587,Eintracht Frankfurt,Augsburg,5,0,2020-02-07 19:30:00,Filip Kostic,Cross
1150,358718,26,MissedShots,0.774000015258789,0.38799999237060545,0.025418199598789215,Timothy Chandler,a,359,OpenPlay,2019,RightFoot,12592,Borussia Dortmund,Eintracht Frankfurt,4,0,2020-02-14 19:30:00,Mijat Gacinovic,Pass
1151,360487,29,MissedShots,0.885,0.6719999694824219,0.010083899833261967,Timothy Chandler,h,359,FromCorner,2019,Head,12605,Eintracht Frankfurt,Union Berlin,1,2,2020-02-24 19:30:00,Erik Durm,Aerial
1152,360488,30,BlockedShot,0.8880000305175781,0.7280000305175781,0.031060000881552696,Timothy Chandler,h,359,OpenPlay,2019,RightFoot,12605,Eintracht Frankfurt,Union Berlin,1,2,2020-02-24 19:30:00,Filip Kostic,Pass
1153,360495,53,BlockedShot,0.95,0.5220000076293946,0.1397639960050583,Timothy Chandler,h,359,OpenPlay,2019,LeftFoot,12605,Eintracht Frankfurt,Union Berlin,1,2,2020-02-24 19:30:00,Daichi Kamada,Pass
1154,360504,75,MissedShots,0.895,0.20200000762939452,0.01153580006211996,Timothy Chandler,h,359,OpenPlay,2019,RightFoot,12605,Eintracht Frankfurt,Union Berlin,1,2,2020-02-24 19:30:00,,Aerial
1155,363040,92,BlockedShot,0.840999984741211,0.34400001525878904,0.04995260015130043,Timothy Chandler,h,359,OpenPlay,2019,LeftFoot,12630,Eintracht Frankfurt,Borussia M.Gladbach,1,3,2020-05-16 16:30:00,André Silva,Pass
1156,363041,93,SavedShot,0.8780000305175781,0.37099998474121093,0.08089160174131393,Timothy Chandler,h,359,OpenPlay,2019,RightFoot,12630,Eintracht Frankfurt,Borussia M.Gladbach,1,3,2020-05-16 16:30:00,André Silva,Pass
1157,363447,81,Goal,0.9490000152587891,0.46599998474121096,0.5236679911613464,Timothy Chandler,h,359,OpenPlay,2019,RightFoot,12646,Eintracht Frankfurt,Freiburg,3,3,2020-05-26 18:30:00,Filip Kostic,Cross
1158,363605,68,MissedShots,0.9269999694824219,0.605,0.042419999837875366,Timothy Chandler,a,359,FromCorner,2019,Head,12657,Wolfsburg,Eintracht Frankfurt,1,2,2020-05-30 13:30:00,Filip Kostic,Cross
1159,363913,53,MissedShots,0.8880000305175781,0.3060000038146973,0.017157599329948425,Timothy Chandler,h,359,OpenPlay,2019,LeftFoot,12667,Eintracht Frankfurt,Mainz 05,0,2,2020-06-06 13:30:00,,Aerial
1160,380484,92,MissedShots,0.8590000152587891,0.5459999847412109,0.1069910004734993,Timothy Chandler,h,359,OpenPlay,2020,RightFoot,15163,Eintracht Frankfurt,Hoffenheim,2,1,2020-10-03 13:30:00,Aymen Barkok,Pass
1161,411370,91,Goal,0.9309999847412109,0.48400001525878905,0.5982959866523743,Timothy Chandler,h,359,OpenPlay,2020,RightFoot,15368,Eintracht Frankfurt,Union Berlin,5,2,2021-03-20 14:30:00,Steven Zuber,Pass
1162,421890,8,SavedShot,0.9019999694824219,0.36900001525878906,0.12855499982833862,Timothy Chandler,a,359,OpenPlay,2020,RightFoot,15433,Schalke 04,Eintracht Frankfurt,4,3,2021-05-15 13:30:00,Amin Younes,TakeOn
1163,421903,42,MissedShots,0.7369999694824219,0.3579999923706055,0.01726350001990795,Timothy Chandler,a,359,OpenPlay,2020,RightFoot,15433,Schalke 04,Eintracht Frankfurt,4,3,2021-05-15 13:30:00,Djibril Sow,Pass
1164,421906,48,MissedShots,0.9059999847412109,0.4209999847412109,0.033010900020599365,Timothy Chandler,a,359,OpenPlay,2020,Head,15433,Schalke 04,Eintracht Frankfurt,4,3,2021-05-15 13:30:00,Filip Kostic,Aerial
1165,436120,44,SavedShot,0.879000015258789,0.42400001525878905,0.046929001808166504,Timothy Chandler,h,359,SetPiece,2021,RightFoot,17586,Eintracht Frankfurt,Hertha Berlin,1,2,2021-10-16 13:30:00,Filip Kostic,Cross
1166,446096,75,MissedShots,0.7969999694824219,0.33099998474121095,0.021002400666475296,Timothy Chandler,a,359,OpenPlay,2021,RightFoot,17636,Hoffenheim,Eintracht Frankfurt,3,2,2021-12-04 14:30:00,Evan Ndicka,Cross
1167,449362,12,SavedShot,0.9540000152587891,0.345,0.047425299882888794,Timothy Chandler,h,359,FromCorner,2021,RightFoot,17666,Eintracht Frankfurt,Mainz 05,1,0,2021-12-18 14:30:00,Jesper Lindstrom,BallTouch
1168,449363,13,BlockedShot,0.9719999694824218,0.3840000152587891,0.02627200074493885,Timothy Chandler,h,359,FromCorner,2021,Head,17666,Eintracht Frankfurt,Mainz 05,1,0,2021-12-18 14:30:00,Jesper Lindstrom,Cross
1169,453735,26,MissedShots,0.9169999694824219,0.445,0.0787845030426979,Timothy Chandler,a,359,FromCorner,2021,RightFoot,17680,Augsburg,Eintracht Frankfurt,1,1,2022-01-16 14:30:00,Jesper Lindstrom,Cross
1170,454303,3,MissedShots,0.8569999694824219,0.2989999961853027,0.037714701145887375,Timothy Chandler,h,359,OpenPlay,2021,LeftFoot,17694,Eintracht Frankfurt,Arminia Bielefeld,0,2,2022-01-21 19:30:00,Djibril Sow,Pass
1171,454315,45,MissedShots,0.950999984741211,0.3220000076293945,0.024719400331377983,Timothy Chandler,h,359,OpenPlay,2021,RightFoot,17694,Eintracht Frankfurt,Arminia Bielefeld,0,2,2022-01-21 19:30:00,Filip Kostic,Cross
1172,455712,48,MissedShots,0.9330000305175781,0.6179999923706054,0.014435799792408943,Timothy Chandler,a,359,FromCorner,2021,Head,17701,VfB Stuttgart,Eintracht Frankfurt,2,3,2022-02-05 14:30:00,Christopher Lenz,Aerial
1173,458440,8,SavedShot,0.7819999694824219,0.33099998474121095,0.018146200105547905,Timothy Chandler,a,359,OpenPlay,2021,LeftFoot,17714,FC Cologne,Eintracht Frankfurt,1,0,2022-02-19 17:30:00,,Rebound
1174,468889,29,MissedShots,0.8819999694824219,0.34099998474121096,0.023055000230669975,Timothy Chandler,a,359,OpenPlay,2021,RightFoot,17783,Union Berlin,Eintracht Frankfurt,2,0,2022-04-17 15:30:00,Filip Kostic,Cross
1175,474167,8,BlockedShot,0.72,0.45099998474121095,0.01061910018324852,Timothy Chandler,h,359,SetPiece,2021,RightFoot,17810,Eintracht Frankfurt,Borussia M.Gladbach,1,1,2022-05-08 13:30:00,,None
1176,474170,19,MissedShots,0.82,0.5420000076293945,0.04205640032887459,Timothy Chandler,h,359,FromCorner,2021,RightFoot,17810,Eintracht Frankfurt,Borussia M.Gladbach,1,1,2022-05-08 13:30:00,,None
1177,474193,87,BlockedShot,0.9569999694824218,0.34900001525878904,0.028935199603438377,Timothy Chandler,h,359,SetPiece,2021,RightFoot,17810,Eintracht Frankfurt,Borussia M.Gladbach,1,1,2022-05-08 13:30:00,Christopher Lenz,Cross
1178,568799,86,SavedShot,0.779000015258789,0.31799999237060544,0.03673775494098663,Timothy Chandler,h,359,OpenPlay,2023,LeftFoot,23284,Eintracht Frankfurt,Hoffenheim,3,1,2024-03-10 16:30:00,Tuta,Pass
1179,568801,93,MissedShots,0.9219999694824219,0.5929999923706055,0.05022409185767174,Timothy Chandler,h,359,FromCorner,2023,Head,23284,Eintracht Frankfurt,Hoffenheim,3,1,2024-03-10 16:30:00,Omar Marmoush,Cross
1180,6294,77,MissedShots,0.879000015258789,0.395,0.018534500151872635,Ellyes Skhiri,a,3347,OpenPlay,2014,Head,5862,Lens,Montpellier,0,1,2015-05-10 13:00:00,Joris Marveaux,Cross
1181,70072,85,Goal,0.9290000152587891,0.445,0.3865230083465576,Ellyes Skhiri,h,3347,OpenPlay,2015,Head,2139,Montpellier,Lille,3,0,2016-02-27 20:00:00,Kévin Berigaud,Cross
1182,66949,67,MissedShots,0.7340000152587891,0.36900001525878906,0.01618809998035431,Ellyes Skhiri,a,3347,OpenPlay,2015,RightFoot,2170,Saint-Etienne,Montpellier,3,0,2016-03-19 20:00:00,Mathieu Deplagne,Pass
1183,67378,25,BlockedShot,0.7559999847412109,0.26799999237060546,0.015922900289297104,Ellyes Skhiri,a,3347,OpenPlay,2015,LeftFoot,2182,Guingamp,Montpellier,2,2,2016-04-02 22:00:00,Mathieu Deplagne,Pass
1184,67893,70,Goal,0.865,0.41700000762939454,0.062348898500204086,Ellyes Skhiri,a,3347,FromCorner,2015,RightFoot,2206,Nantes,Montpellier,0,2,2016-04-17 16:00:00,,None
1185,68571,91,MissedShots,0.860999984741211,0.5990000152587891,0.056098200380802155,Ellyes Skhiri,a,3347,FromCorner,2015,LeftFoot,2239,Monaco,Montpellier,2,0,2016-05-14 23:00:00,,None
1186,103168,69,MissedShots,0.9209999847412109,0.5270000076293946,0.046644799411296844,Ellyes Skhiri,a,3347,FromCorner,2016,Head,2267,Saint-Etienne,Montpellier,3,1,2016-08-21 19:00:00,Ryad Boudebouz,Aerial
1187,103172,89,SavedShot,0.955999984741211,0.48200000762939454,0.4886449873447418,Ellyes Skhiri,a,3347,FromCorner,2016,Head,2267,Saint-Etienne,Montpellier,3,1,2016-08-21 19:00:00,Ryad Boudebouz,Cross
1188,103173,90,MissedShots,0.9359999847412109,0.48700000762939455,0.5567420125007629,Ellyes Skhiri,a,3347,FromCorner,2016,RightFoot,2267,Saint-Etienne,Montpellier,3,1,2016-08-21 19:00:00,,Rebound
1189,103485,27,MissedShots,0.695,0.3890000152587891,0.012118999846279621,Ellyes Skhiri,h,3347,OpenPlay,2016,RightFoot,2274,Montpellier,Rennes,1,1,2016-08-27 22:00:00,Ryad Boudebouz,LayOff
1190,103708,41,MissedShots,0.7219999694824218,0.47400001525878904,0.017278200015425682,Ellyes Skhiri,a,3347,OpenPlay,2016,LeftFoot,2285,Guingamp,Montpellier,1,1,2016-09-10 22:00:00,Ryad Boudebouz,Pass
1191,103905,34,SavedShot,0.705,0.4420000076293945,0.013322199694812298,Ellyes Skhiri,h,3347,OpenPlay,2016,RightFoot,2296,Montpellier,Nice,1,1,2016-09-18 17:00:00,,Dispossessed
1192,103913,72,MissedShots,0.7130000305175781,0.6020000076293945,0.015779700130224228,Ellyes Skhiri,h,3347,OpenPlay,2016,RightFoot,2296,Montpellier,Nice,1,1,2016-09-18 17:00:00,Yacouba Sylla,Pass
1193,103920,87,MissedShots,0.9280000305175782,0.45099998474121095,0.0459819994866848,Ellyes Skhiri,h,3347,FromCorner,2016,Head,2296,Montpellier,Nice,1,1,2016-09-18 17:00:00,Ryad Boudebouz,Aerial
1194,104137,19,MissedShots,0.9359999847412109,0.49900001525878906,0.41336700320243835,Ellyes Skhiri,h,3347,FromCorner,2016,Head,2312,Montpellier,Metz,0,1,2016-09-24 22:00:00,Ryad Boudebouz,Cross
1195,104142,48,MissedShots,0.8880000305175781,0.509000015258789,0.055716998875141144,Ellyes Skhiri,h,3347,SetPiece,2016,Head,2312,Montpellier,Metz,0,1,2016-09-24 22:00:00,Ryad Boudebouz,Chipped
1196,105804,5,OwnGoal,0.050999999046325684,0.47400001525878904,0,Ellyes Skhiri,a,3347,FromCorner,2016,LeftFoot,2846,SC Bastia,Montpellier,1,1,2016-11-19 23:00:00,,CornerAwarded
1197,105817,51,BlockedShot,0.9319999694824219,0.37099998474121093,0.04755450040102005,Ellyes Skhiri,a,3347,FromCorner,2016,RightFoot,2846,SC Bastia,Montpellier,1,1,2016-11-19 23:00:00,Hilton,Cross
1198,105820,57,SavedShot,0.7240000152587891,0.6309999847412109,0.015038199722766876,Ellyes Skhiri,a,3347,OpenPlay,2016,RightFoot,2846,SC Bastia,Montpellier,1,1,2016-11-19 23:00:00,Jérôme Roussillon,Pass
1199,105826,79,MissedShots,0.7419999694824219,0.41700000762939454,0.018585599958896637,Ellyes Skhiri,a,3347,OpenPlay,2016,RightFoot,2846,SC Bastia,Montpellier,1,1,2016-11-19 23:00:00,,Dispossessed
1200,105923,39,MissedShots,0.8030000305175782,0.3220000076293945,0.025280600413680077,Ellyes Skhiri,h,3347,OpenPlay,2016,RightFoot,3230,Montpellier,Paris Saint Germain,3,0,2016-12-03 20:00:00,,None
1201,105925,47,Goal,0.7819999694824219,0.5770000076293945,0.03510959818959236,Ellyes Skhiri,h,3347,OpenPlay,2016,RightFoot,3230,Montpellier,Paris Saint Germain,3,0,2016-12-03 20:00:00,Morgan Sanson,Pass
1202,107096,13,MissedShots,0.725,0.635,0.013372600078582764,Ellyes Skhiri,a,3347,OpenPlay,2016,RightFoot,3241,Lille,Montpellier,2,1,2016-12-10 23:00:00,,Dispossessed
1203,107919,53,BlockedShot,0.7040000152587891,0.5220000076293946,0.01651489920914173,Ellyes Skhiri,h,3347,SetPiece,2016,RightFoot,3255,Montpellier,Bordeaux,4,0,2016-12-17 23:00:00,Morgan Sanson,Pass
1204,106434,84,BlockedShot,0.8109999847412109,0.5570000076293945,0.021345799788832664,Ellyes Skhiri,a,3347,OpenPlay,2016,LeftFoot,3267,Nantes,Montpellier,1,0,2016-12-21 23:50:00,Jérôme Roussillon,TakeOn
1205,106926,22,BlockedShot,0.97,0.49700000762939456,0.17186999320983887,Ellyes Skhiri,h,3347,FromCorner,2016,RightFoot,4107,Montpellier,Dijon,1,1,2017-01-14 23:00:00,,Rebound
1206,106930,23,MissedShots,0.750999984741211,0.5479999923706055,0.022677000612020493,Ellyes Skhiri,h,3347,OpenPlay,2016,RightFoot,4107,Montpellier,Dijon,1,1,2017-01-14 23:00:00,,BallTouch
1207,108425,7,MissedShots,0.8030000305175782,0.7480000305175781,0.015748800709843636,Ellyes Skhiri,a,3347,OpenPlay,2016,RightFoot,4119,Metz,Montpellier,2,0,2017-01-21 22:00:00,,None
1208,108436,56,SavedShot,0.8280000305175781,0.6580000305175782,0.02840930037200451,Ellyes Skhiri,a,3347,SetPiece,2016,RightFoot,4119,Metz,Montpellier,2,0,2017-01-21 22:00:00,Paul Lasne,Pass
1209,108443,88,SavedShot,0.7440000152587891,0.4540000152587891,0.01844950020313263,Ellyes Skhiri,a,3347,OpenPlay,2016,RightFoot,4119,Metz,Montpellier,2,0,2017-01-21 22:00:00,Stéphane Sessegnon,Pass
1210,106349,33,MissedShots,0.7130000305175781,0.30700000762939456,0.008830740116536617,Ellyes Skhiri,a,3347,OpenPlay,2016,RightFoot,4132,Marseille,Montpellier,5,1,2017-01-27 22:45:00,,BallRecovery
1211,107342,62,MissedShots,0.8980000305175782,0.5259999847412109,0.06425079703330994,Ellyes Skhiri,h,3347,SetPiece,2016,Head,4138,Montpellier,SC Bastia,2,1,2017-02-04 19:00:00,Ryad Boudebouz,Chipped
1212,110975,46,MissedShots,0.700999984741211,0.3920000076293945,0.010820800438523293,Ellyes Skhiri,h,3347,OpenPlay,2016,RightFoot,4167,Montpellier,Saint-Etienne,2,1,2017-02-19 16:00:00,,None
1213,110979,61,MissedShots,0.7190000152587891,0.5970000076293945,0.016726700589060783,Ellyes Skhiri,h,3347,OpenPlay,2016,RightFoot,4167,Montpellier,Saint-Etienne,2,1,2017-02-19 16:00:00,Stéphane Sessegnon,Pass
1214,111721,11,MissedShots,0.899000015258789,0.45599998474121095,0.11226499825716019,Ellyes Skhiri,a,3347,OpenPlay,2016,Head,4178,Nice,Montpellier,2,1,2017-02-24 19:45:00,Nordi Mukiele,Cross
1215,111740,91,MissedShots,0.8690000152587891,0.5459999847412109,0.0458965003490448,Ellyes Skhiri,a,3347,SetPiece,2016,RightFoot,4178,Nice,Montpellier,2,1,2017-02-24 19:45:00,Keagan Dolly,Cross
1216,108955,83,BlockedShot,0.7340000152587891,0.5840000152587891,0.01002930011600256,Ellyes Skhiri,h,3347,OpenPlay,2016,LeftFoot,4216,Montpellier,Toulouse,0,1,2017-04-02 16:00:00,Ryad Boudebouz,Chipped
1217,110267,30,ShotOnPost,0.95,0.4909999847412109,0.4064590036869049,Ellyes Skhiri,a,3347,FromCorner,2016,Head,4250,Paris Saint Germain,Montpellier,2,0,2017-04-22 16:00:00,,None
1218,110278,53,BlockedShot,0.7619999694824219,0.41200000762939454,0.018387500196695328,Ellyes Skhiri,a,3347,OpenPlay,2016,RightFoot,4250,Paris Saint Germain,Montpellier,2,0,2017-04-22 16:00:00,Steve Mounie,Pass
1219,111715,71,MissedShots,0.889000015258789,0.455,0.08812230080366135,Ellyes Skhiri,a,3347,OpenPlay,2016,RightFoot,4273,Rennes,Montpellier,1,0,2017-05-07 14:00:00,Nordi Mukiele,Cross
1220,161947,7,SavedShot,0.745,0.5870000076293945,0.017617899924516678,Ellyes Skhiri,h,3347,OpenPlay,2017,RightFoot,8571,Montpellier,Caen,1,0,2017-08-05 19:00:00,Isaac Mbenza,Pass
1221,162259,26,BlockedShot,0.755,0.38599998474121094,0.016471199691295624,Ellyes Skhiri,a,3347,FromCorner,2017,RightFoot,8581,Toulouse,Montpellier,1,0,2017-08-12 19:00:00,,None
1222,162260,32,MissedShots,0.7909999847412109,0.4640000152587891,0.027392499148845673,Ellyes Skhiri,a,3347,FromCorner,2017,RightFoot,8581,Toulouse,Montpellier,1,0,2017-08-12 19:00:00,,None
1223,162269,76,ShotOnPost,0.7169999694824218,0.38799999237060545,0.015845300629734993,Ellyes Skhiri,a,3347,OpenPlay,2017,LeftFoot,8581,Toulouse,Montpellier,1,0,2017-08-12 19:00:00,Paul Lasne,Pass
1224,162273,88,MissedShots,0.85,0.664000015258789,0.04243389889597893,Ellyes Skhiri,a,3347,OpenPlay,2017,LeftFoot,8581,Toulouse,Montpellier,1,0,2017-08-12 19:00:00,,None
1225,163243,65,BlockedShot,0.7190000152587891,0.425,0.01597210019826889,Ellyes Skhiri,h,3347,OpenPlay,2017,RightFoot,8613,Montpellier,Nantes,0,1,2017-09-09 19:00:00,Keagan Dolly,Pass
1226,163258,40,SavedShot,0.9619999694824218,0.5420000076293945,0.6346210241317749,Ellyes Skhiri,a,3347,SetPiece,2017,RightFoot,8617,Troyes,Montpellier,0,1,2017-09-16 19:00:00,Jérôme Roussillon,Pass
1227,163374,39,MissedShots,0.755,0.4759999847412109,0.0242506992071867,Ellyes Skhiri,a,3347,OpenPlay,2017,RightFoot,8641,Monaco,Montpellier,1,1,2017-09-29 19:45:00,Casimir Ninga,Pass
1228,164236,6,BlockedShot,0.7969999694824219,0.3240000152587891,0.02364009991288185,Ellyes Skhiri,a,3347,OpenPlay,2017,LeftFoot,8662,Saint-Etienne,Montpellier,0,1,2017-10-20 19:45:00,Stéphane Sessegnon,Pass
1229,164241,19,MissedShots,0.735,0.4279999923706055,0.01835460029542446,Ellyes Skhiri,a,3347,OpenPlay,2017,LeftFoot,8662,Saint-Etienne,Montpellier,0,1,2017-10-20 19:45:00,Nordi Mukiele,Pass
1230,164274,25,BlockedShot,0.7369999694824219,0.25299999237060544,0.011478399857878685,Ellyes Skhiri,h,3347,OpenPlay,2017,RightFoot,8675,Montpellier,Amiens,1,1,2017-11-04 19:00:00,Nordi Mukiele,Pass
1231,165323,3,BlockedShot,0.81,0.3029999923706055,0.02386070042848587,Ellyes Skhiri,h,3347,OpenPlay,2017,RightFoot,8695,Montpellier,Lille,3,0,2017-11-25 19:00:00,,None
1232,165340,59,BlockedShot,0.750999984741211,0.47299999237060547,0.023533400148153305,Ellyes Skhiri,h,3347,FromCorner,2017,RightFoot,8695,Montpellier,Lille,3,0,2017-11-25 19:00:00,Nordi Mukiele,Pass
1233,165346,90,MissedShots,0.725,0.5179999923706055,0.02202630043029785,Ellyes Skhiri,h,3347,OpenPlay,2017,LeftFoot,8695,Montpellier,Lille,3,0,2017-11-25 19:00:00,Ruben Aguilar,Pass
1234,165500,7,SavedShot,0.8340000152587891,0.3160000038146973,0.03449239954352379,Ellyes Skhiri,a,3347,OpenPlay,2017,RightFoot,8708,Guingamp,Montpellier,0,0,2017-11-29 18:00:00,Ruben Aguilar,Pass
1235,183349,8,MissedShots,0.7219999694824218,0.5829999923706055,0.015616499818861485,Ellyes Skhiri,h,3347,OpenPlay,2017,RightFoot,8738,Montpellier,Metz,1,3,2017-12-16 19:00:00,Paul Lasne,Pass
1236,183355,76,SavedShot,0.735999984741211,0.4470000076293945,0.019865799695253372,Ellyes Skhiri,h,3347,OpenPlay,2017,RightFoot,8738,Montpellier,Metz,1,3,2017-12-16 19:00:00,Junior Sambia,Pass
1237,187685,5,MissedShots,0.69,0.46700000762939453,0.012421900406479836,Ellyes Skhiri,h,3347,OpenPlay,2017,RightFoot,8758,Montpellier,Monaco,0,0,2018-01-13 19:00:00,Hilton,Pass
1238,187697,42,BlockedShot,0.855,0.33,0.05059659853577614,Ellyes Skhiri,h,3347,OpenPlay,2017,RightFoot,8758,Montpellier,Monaco,0,0,2018-01-13 19:00:00,Ruben Aguilar,Pass
1239,188209,13,MissedShots,0.7290000152587891,0.41900001525878905,0.016775399446487427,Ellyes Skhiri,a,3347,OpenPlay,2017,RightFoot,8765,Amiens,Montpellier,1,1,2018-01-17 18:00:00,Ruben Aguilar,Pass
1240,188214,32,Goal,0.8580000305175781,0.34900001525878904,0.059805501252412796,Ellyes Skhiri,a,3347,OpenPlay,2017,RightFoot,8765,Amiens,Montpellier,1,1,2018-01-17 18:00:00,Keagan Dolly,Pass
1241,188225,64,SavedShot,0.78,0.4490000152587891,0.04125149920582771,Ellyes Skhiri,a,3347,OpenPlay,2017,RightFoot,8765,Amiens,Montpellier,1,1,2018-01-17 18:00:00,Isaac Mbenza,Pass
1242,189009,44,MissedShots,0.7709999847412109,0.720999984741211,0.014803200028836727,Ellyes Skhiri,h,3347,OpenPlay,2017,RightFoot,8779,Montpellier,Toulouse,2,1,2018-01-20 19:00:00,Jérôme Roussillon,Pass
1243,189943,31,BlockedShot,0.7859999847412109,0.4,0.029401399195194244,Ellyes Skhiri,a,3347,OpenPlay,2017,RightFoot,8790,Paris Saint Germain,Montpellier,4,0,2018-01-27 19:00:00,,None
1244,194324,51,MissedShots,0.8569999694824219,0.54,0.044787101447582245,Ellyes Skhiri,a,3347,FromCorner,2017,LeftFoot,8810,Metz,Montpellier,0,1,2018-02-10 19:00:00,Paul Lasne,Cross
1245,196553,25,MissedShots,0.875,0.41200000762939454,0.01757100038230419,Ellyes Skhiri,h,3347,FromCorner,2017,Head,8823,Montpellier,Guingamp,1,1,2018-02-17 19:00:00,Isaac Mbenza,Cross
1246,196555,32,MissedShots,0.7609999847412109,0.5829999923706055,0.021998699754476547,Ellyes Skhiri,h,3347,OpenPlay,2017,LeftFoot,8823,Montpellier,Guingamp,1,1,2018-02-17 19:00:00,,None
1247,199478,11,MissedShots,0.9209999847412109,0.57,0.038933198899030685,Ellyes Skhiri,h,3347,FromCorner,2017,OtherBodyPart,8842,Montpellier,Lyon,1,1,2018-03-04 16:00:00,Isaac Mbenza,Aerial
1248,201751,58,Goal,0.7619999694824219,0.505,0.024588799104094505,Ellyes Skhiri,h,3347,OpenPlay,2017,RightFoot,8861,Montpellier,Dijon,2,2,2018-03-17 19:00:00,Casimir Ninga,Pass
1249,204164,22,Goal,0.9719999694824218,0.5570000076293945,0.5277550220489502,Ellyes Skhiri,a,3347,FromCorner,2017,LeftFoot,8865,Caen,Montpellier,1,3,2018-04-01 16:00:00,Giovanni Sio,HeadPass
1250,207187,77,MissedShots,0.8209999847412109,0.49900001525878906,0.008264980278909206,Ellyes Skhiri,a,3347,SetPiece,2017,Head,8878,Marseille,Montpellier,0,0,2018-04-08 19:00:00,Junior Sambia,Aerial
1251,209018,61,SavedShot,0.730999984741211,0.509000015258789,0.01118490006774664,Ellyes Skhiri,h,3347,OpenPlay,2017,RightFoot,8890,Montpellier,Bordeaux,1,3,2018-04-15 13:00:00,,None
1252,209031,87,Goal,0.7719999694824219,0.55,0.023313399404287338,Ellyes Skhiri,h,3347,OpenPlay,2017,RightFoot,8890,Montpellier,Bordeaux,1,3,2018-04-15 13:00:00,Souleymane Camara,Pass
1253,210855,13,MissedShots,0.774000015258789,0.4620000076293945,0.030579600483179092,Ellyes Skhiri,a,3347,OpenPlay,2017,RightFoot,8895,Nice,Montpellier,1,0,2018-04-22 00:00:00,Junior Sambia,Pass
1254,211421,48,MissedShots,0.7480000305175781,0.5429999923706055,0.019498299807310104,Ellyes Skhiri,h,3347,OpenPlay,2017,RightFoot,8911,Montpellier,Saint-Etienne,0,1,2018-04-27 00:00:00,,None
1255,211438,81,MissedShots,0.794000015258789,0.5,0.04618249833583832,Ellyes Skhiri,h,3347,OpenPlay,2017,RightFoot,8911,Montpellier,Saint-Etienne,0,1,2018-04-27 00:00:00,Facundo Píriz,Pass
1256,211439,83,BlockedShot,0.805,0.63,0.013446100056171417,Ellyes Skhiri,h,3347,OpenPlay,2017,RightFoot,8911,Montpellier,Saint-Etienne,0,1,2018-04-27 00:00:00,,Aerial
1257,214982,41,MissedShots,0.735,0.4370000076293945,0.017859699204564095,Ellyes Skhiri,h,3347,OpenPlay,2017,RightFoot,8934,Montpellier,Troyes,1,1,2018-05-12 20:00:00,Paul Lasne,Pass
1258,216238,33,MissedShots,0.765,0.624000015258789,0.019671499729156494,Ellyes Skhiri,a,3347,OpenPlay,2017,RightFoot,8942,Rennes,Montpellier,1,1,2018-05-19 19:00:00,Keagan Dolly,Pass
1259,218252,70,Goal,0.8430000305175781,0.46599998474121096,0.07982029765844345,Ellyes Skhiri,a,3347,OpenPlay,2018,LeftFoot,10657,Amiens,Montpellier,1,2,2018-08-18 21:00:00,,Rebound
1260,218251,70,SavedShot,0.8580000305175781,0.35700000762939454,0.07621219754219055,Ellyes Skhiri,a,3347,OpenPlay,2018,RightFoot,10657,Amiens,Montpellier,1,2,2018-08-18 21:00:00,Florent Mollet,Pass
1261,220365,12,MissedShots,0.7390000152587891,0.37400001525878906,0.012952200137078762,Ellyes Skhiri,h,3347,OpenPlay,2018,RightFoot,10667,Montpellier,Saint-Etienne,0,0,2018-08-25 21:00:00,,None
1262,220371,32,MissedShots,0.6969999694824218,0.48200000762939454,0.017032800242304802,Ellyes Skhiri,h,3347,OpenPlay,2018,RightFoot,10667,Montpellier,Saint-Etienne,0,0,2018-08-25 21:00:00,Paul Lasne,Pass
1263,220381,82,BlockedShot,0.7680000305175781,0.6680000305175782,0.018834400922060013,Ellyes Skhiri,h,3347,OpenPlay,2018,RightFoot,10667,Montpellier,Saint-Etienne,0,0,2018-08-25 21:00:00,Gaetan Laborde,Pass
1264,260562,10,SavedShot,0.77,0.355,0.019054200500249863,Ellyes Skhiri,a,3347,OpenPlay,2018,RightFoot,10726,Guingamp,Montpellier,1,1,2018-10-06 18:00:00,,None
1265,260875,8,MissedShots,0.7290000152587891,0.664000015258789,0.014394200406968594,Ellyes Skhiri,h,3347,OpenPlay,2018,RightFoot,10736,Montpellier,Bordeaux,2,0,2018-10-21 13:00:00,Paul Lasne,Pass
1266,260879,19,MissedShots,0.7380000305175781,0.6140000152587891,0.020836900919675827,Ellyes Skhiri,h,3347,OpenPlay,2018,LeftFoot,10736,Montpellier,Bordeaux,2,0,2018-10-21 13:00:00,,None
1267,261835,47,MissedShots,0.765,0.2560000038146973,0.013070300221443176,Ellyes Skhiri,h,3347,OpenPlay,2018,LeftFoot,10777,Montpellier,Rennes,2,2,2018-11-25 14:00:00,Ruben Aguilar,Pass
1268,262019,75,BlockedShot,0.7290000152587891,0.47,0.015326599590480328,Ellyes Skhiri,a,3347,OpenPlay,2018,LeftFoot,10786,Monaco,Montpellier,1,2,2018-12-01 19:00:00,,None
1269,282257,40,MissedShots,0.8530000305175781,0.6229999923706054,0.011438700370490551,Ellyes Skhiri,a,3347,FromCorner,2018,Head,10841,Dijon,Montpellier,1,1,2019-01-13 16:00:00,Florent Mollet,Aerial
1270,282566,5,BlockedShot,0.7140000152587891,0.435,0.011867700144648552,Ellyes Skhiri,a,3347,OpenPlay,2018,RightFoot,10843,Rennes,Montpellier,0,0,2019-01-20 14:00:00,,Rebound
1271,282573,30,MissedShots,0.8680000305175781,0.7140000152587891,0.02963940054178238,Ellyes Skhiri,a,3347,OpenPlay,2018,LeftFoot,10843,Rennes,Montpellier,0,0,2019-01-20 14:00:00,Andy Delort,TakeOn
1272,282868,34,MissedShots,0.7319999694824219,0.375,0.014139600098133087,Ellyes Skhiri,h,3347,FromCorner,2018,RightFoot,10854,Montpellier,Caen,2,0,2019-01-27 14:00:00,,None
1273,283043,77,BlockedShot,0.784000015258789,0.4640000152587891,0.02602509967982769,Ellyes Skhiri,a,3347,SetPiece,2018,RightFoot,10866,Nimes,Montpellier,1,1,2019-02-03 14:00:00,,None
1274,283202,27,MissedShots,0.815,0.46299999237060546,0.020214099436998367,Ellyes Skhiri,h,3347,FromCorner,2018,LeftFoot,10876,Montpellier,Monaco,2,2,2019-02-10 14:00:00,,Aerial
1275,283553,27,MissedShots,0.784000015258789,0.5979999923706054,0.022005600854754448,Ellyes Skhiri,a,3347,FromCorner,2018,RightFoot,10886,Lille,Montpellier,0,0,2019-02-17 14:00:00,,None
1276,283819,52,MissedShots,0.8730000305175781,0.41900001525878905,0.2813799977302551,Ellyes Skhiri,h,3347,OpenPlay,2018,RightFoot,10896,Montpellier,Reims,2,4,2019-02-24 14:00:00,Gaetan Laborde,Chipped
1277,283831,87,BlockedShot,0.7180000305175781,0.48200000762939454,0.011584900319576263,Ellyes Skhiri,h,3347,OpenPlay,2018,LeftFoot,10896,Montpellier,Reims,2,4,2019-02-24 14:00:00,Florent Mollet,Chipped
1278,284979,15,Goal,0.9130000305175782,0.32799999237060545,0.07469599694013596,Ellyes Skhiri,h,3347,OpenPlay,2018,RightFoot,10919,Montpellier,Angers,2,2,2019-03-10 14:00:00,,None
1279,284980,18,MissedShots,0.925,0.3240000152587891,0.0887598991394043,Ellyes Skhiri,h,3347,OpenPlay,2018,RightFoot,10919,Montpellier,Angers,2,2,2019-03-10 14:00:00,Gaetan Laborde,Pass
1280,291168,16,MissedShots,0.735999984741211,0.505,0.01604039967060089,Ellyes Skhiri,h,3347,OpenPlay,2018,RightFoot,10940,Montpellier,Guingamp,2,0,2019-04-03 18:00:00,,None
1281,292694,44,BlockedShot,0.7759999847412109,0.38799999237060545,0.026506099849939346,Ellyes Skhiri,a,3347,OpenPlay,2018,RightFoot,10952,Nice,Montpellier,1,0,2019-04-07 16:00:00,Ruben Aguilar,Pass
1282,294417,53,Goal,0.8030000305175782,0.35900001525878905,0.028641099110245705,Ellyes Skhiri,h,3347,OpenPlay,2018,RightFoot,10958,Montpellier,Toulouse,2,1,2019-04-14 14:00:00,Ruben Aguilar,Pass
1283,302887,66,BlockedShot,0.754000015258789,0.36700000762939455,0.018585599958896637,Ellyes Skhiri,h,3347,OpenPlay,2018,RightFoot,11008,Montpellier,Nantes,1,1,2019-05-18 19:00:00,Gaetan Laborde,Pass
1284,312171,28,MissedShots,0.9540000152587891,0.435,0.06114859879016876,Ellyes Skhiri,h,3347,FromCorner,2019,Head,12412,FC Cologne,Borussia Dortmund,1,3,2019-08-23 19:30:00,Birger Verstraete,Aerial
1285,312185,75,MissedShots,0.730999984741211,0.4329999923706055,0.015149700455367565,Ellyes Skhiri,h,3347,OpenPlay,2019,RightFoot,12412,FC Cologne,Borussia Dortmund,1,3,2019-08-23 19:30:00,,TakeOn
1286,315689,12,MissedShots,0.9409999847412109,0.29700000762939455,0.07107610255479813,Ellyes Skhiri,a,3347,OpenPlay,2019,RightFoot,12423,Freiburg,FC Cologne,1,2,2019-08-31 14:30:00,Louis Schaub,TakeOn
1287,315708,87,BlockedShot,0.8169999694824219,0.4759999847412109,0.06548260152339935,Ellyes Skhiri,a,3347,OpenPlay,2019,RightFoot,12423,Freiburg,FC Cologne,1,2,2019-08-31 14:30:00,Florian Kainz,Pass
1288,315710,91,Goal,0.8909999847412109,0.40299999237060546,0.27500900626182556,Ellyes Skhiri,a,3347,OpenPlay,2019,LeftFoot,12423,Freiburg,FC Cologne,1,2,2019-08-31 14:30:00,,TakeOn
1289,317158,20,SavedShot,0.7069999694824218,0.43900001525878907,0.011641699820756912,Ellyes Skhiri,h,3347,OpenPlay,2019,RightFoot,12433,FC Cologne,Borussia M.Gladbach,0,1,2019-09-14 13:30:00,,None
1290,320293,68,MissedShots,0.8390000152587891,0.59,0.059240199625492096,Ellyes Skhiri,a,3347,OpenPlay,2019,RightFoot,12442,Bayern Munich,FC Cologne,4,0,2019-09-21 13:30:00,Jonas Hector,CornerAwarded
1291,320295,69,MissedShots,0.8530000305175781,0.524000015258789,0.08638329803943634,Ellyes Skhiri,a,3347,OpenPlay,2019,RightFoot,12442,Bayern Munich,FC Cologne,4,0,2019-09-21 13:30:00,Jhon Córdoba,Pass
1292,324321,56,BlockedShot,0.8109999847412109,0.5529999923706055,0.04858269914984703,Ellyes Skhiri,a,3347,OpenPlay,2019,RightFoot,12457,Schalke 04,FC Cologne,1,1,2019-10-05 17:30:00,,None
1293,326367,7,BlockedShot,0.8209999847412109,0.5320000076293945,0.05542590096592903,Ellyes Skhiri,h,3347,FromCorner,2019,RightFoot,12467,FC Cologne,Paderborn,3,0,2019-10-20 14:30:00,,Rebound
1294,326781,62,MissedShots,0.8469999694824218,0.27399999618530274,0.028574200347065926,Ellyes Skhiri,a,3347,OpenPlay,2019,RightFoot,12483,Mainz 05,FC Cologne,3,1,2019-10-25 19:30:00,,None
1295,338197,47,BlockedShot,0.720999984741211,0.5029999923706054,0.01803169958293438,Ellyes Skhiri,a,3347,OpenPlay,2019,LeftFoot,12542,Eintracht Frankfurt,FC Cologne,2,4,2019-12-18 19:30:00,Jonas Hector,Pass
1296,355518,37,SavedShot,0.919000015258789,0.485,0.10645300149917603,Ellyes Skhiri,a,3347,OpenPlay,2019,RightFoot,12566,Borussia Dortmund,FC Cologne,5,1,2020-01-24 19:30:00,Mark Uth,Throughball
1297,355528,66,MissedShots,0.8080000305175781,0.48,0.04747749865055084,Ellyes Skhiri,a,3347,OpenPlay,2019,RightFoot,12566,Borussia Dortmund,FC Cologne,5,1,2020-01-24 19:30:00,Jhon Córdoba,Pass
1298,357212,13,BlockedShot,0.73,0.6029999923706054,0.01587430015206337,Ellyes Skhiri,h,3347,OpenPlay,2019,RightFoot,12581,FC Cologne,Freiburg,4,0,2020-02-02 14:30:00,,BallTouch
1299,357225,53,BlockedShot,0.8030000305175782,0.5220000076293946,0.033767398446798325,Ellyes Skhiri,h,3347,FromCorner,2019,RightFoot,12581,FC Cologne,Freiburg,4,0,2020-02-02 14:30:00,,None
1300,357228,56,MissedShots,0.92,0.49700000762939456,0.0637236014008522,Ellyes Skhiri,h,3347,OpenPlay,2019,Head,12581,FC Cologne,Freiburg,4,0,2020-02-02 14:30:00,Dominick Drexler,Aerial
1301,359841,47,MissedShots,0.955999984741211,0.4520000076293945,0.5441039800643921,Ellyes Skhiri,a,3347,SetPiece,2019,RightFoot,12607,Hertha Berlin,FC Cologne,0,5,2020-02-22 14:30:00,Mark Uth,Cross
1302,360962,18,MissedShots,0.715,0.53,0.019364800304174423,Ellyes Skhiri,h,3347,OpenPlay,2019,RightFoot,12617,FC Cologne,Schalke 04,3,0,2020-02-29 17:30:00,Benno Schmitz,Pass
1303,361512,17,BlockedShot,0.8780000305175781,0.5129999923706055,0.07044459879398346,Ellyes Skhiri,a,3347,FromCorner,2019,RightFoot,12627,Paderborn,FC Cologne,1,2,2020-03-06 19:00:00,Jorge Meré,BallTouch
1304,363044,25,MissedShots,0.7190000152587891,0.495,0.02101079933345318,Ellyes Skhiri,h,3347,OpenPlay,2019,LeftFoot,12635,FC Cologne,Mainz 05,2,2,2020-05-17 13:30:00,,BallRecovery
1305,363048,46,MissedShots,0.915,0.3609999847412109,0.06380929797887802,Ellyes Skhiri,h,3347,FromCorner,2019,RightFoot,12635,FC Cologne,Mainz 05,2,2,2020-05-17 13:30:00,,None
1306,363051,56,SavedShot,0.865999984741211,0.46,0.0969289019703865,Ellyes Skhiri,h,3347,OpenPlay,2019,LeftFoot,12635,FC Cologne,Mainz 05,2,2,2020-05-17 13:30:00,,None
1307,363322,33,MissedShots,0.9630000305175781,0.4159999847412109,0.09313850104808807,Ellyes Skhiri,h,3347,FromCorner,2019,Head,12645,FC Cologne,Fortuna Duesseldorf,2,2,2020-05-24 16:00:00,Florian Kainz,Cross
1308,363773,53,SavedShot,0.8440000152587891,0.6790000152587891,0.034639399498701096,Ellyes Skhiri,h,3347,OpenPlay,2019,RightFoot,12662,FC Cologne,RasenBallsport Leipzig,2,4,2020-06-01 18:30:00,Ismail Jakobs,Pass
1309,377509,52,MissedShots,0.795,0.6329999923706054,0.03956279903650284,Ellyes Skhiri,h,3347,OpenPlay,2020,RightFoot,14176,FC Cologne,Hoffenheim,2,3,2020-09-19 13:30:00,Elvis Rexhbecaj,LayOff
1310,380564,58,BlockedShot,0.889000015258789,0.34,0.04807300120592117,Ellyes Skhiri,h,3347,OpenPlay,2020,LeftFoot,15159,FC Cologne,Borussia M.Gladbach,1,3,2020-10-03 13:30:00,,None
1311,382956,44,SavedShot,0.8119999694824219,0.6079999923706054,0.039285000413656235,Ellyes Skhiri,a,3347,SetPiece,2020,RightFoot,15176,VfB Stuttgart,FC Cologne,1,1,2020-10-23 18:30:00,,BallTouch
1312,382966,75,MissedShots,0.735,0.5220000076293946,0.010924500413239002,Ellyes Skhiri,a,3347,OpenPlay,2020,RightFoot,15176,VfB Stuttgart,FC Cologne,1,1,2020-10-23 18:30:00,,Aerial
1313,388130,35,Goal,0.9690000152587891,0.5159999847412109,0.6726070046424866,Ellyes Skhiri,h,3347,SetPiece,2020,Head,15211,FC Cologne,Union Berlin,1,2,2020-11-22 17:00:00,Ondrej Duda,Cross
1314,388691,8,Goal,0.965999984741211,0.4809999847412109,0.5813040137290955,Ellyes Skhiri,a,3347,FromCorner,2020,RightFoot,15212,Borussia Dortmund,FC Cologne,1,2,2020-11-28 14:30:00,Marius Wolf,HeadPass
1315,388700,59,Goal,0.9780000305175781,0.45799999237060546,0.7516570091247559,Ellyes Skhiri,a,3347,FromCorner,2020,LeftFoot,15212,Borussia Dortmund,FC Cologne,1,2,2020-11-28 14:30:00,,Rebound
1316,393175,60,MissedShots,0.745999984741211,0.44299999237060544,0.01388780027627945,Ellyes Skhiri,h,3347,OpenPlay,2020,LeftFoot,15241,FC Cologne,Bayer Leverkusen,0,4,2020-12-16 19:30:00,,None
1317,401001,33,BlockedShot,0.94,0.47299999237060547,0.1282549947500229,Ellyes Skhiri,a,3347,FromCorner,2020,LeftFoot,15295,Hoffenheim,FC Cologne,3,0,2021-01-24 17:00:00,Jonas Hector,Cross
1318,402173,8,SavedShot,0.9280000305175782,0.5309999847412109,0.05567590147256851,Ellyes Skhiri,h,3347,FromCorner,2020,Head,15308,FC Cologne,Arminia Bielefeld,3,1,2021-01-31 14:30:00,Ondrej Duda,Aerial
1319,402178,33,MissedShots,0.7880000305175782,0.6669999694824219,0.02888290025293827,Ellyes Skhiri,h,3347,OpenPlay,2020,RightFoot,15308,FC Cologne,Arminia Bielefeld,3,1,2021-01-31 14:30:00,Ondrej Duda,Pass
1320,406737,48,Goal,0.9430000305175781,0.4329999923706055,0.38374900817871094,Ellyes Skhiri,a,3347,OpenPlay,2020,RightFoot,15338,Bayern Munich,FC Cologne,5,1,2021-02-27 14:30:00,,TakeOn
1321,409013,19,SavedShot,0.9569999694824218,0.5,0.5097389817237854,Ellyes Skhiri,h,3347,FromCorner,2020,Head,15349,FC Cologne,Werder Bremen,1,1,2021-03-07 14:30:00,Elvis Rexhbecaj,Cross
1322,411309,89,MissedShots,0.8880000305175781,0.46799999237060547,0.017411300912499428,Ellyes Skhiri,h,3347,FromCorner,2020,Head,15371,FC Cologne,Borussia Dortmund,2,2,2021-03-20 14:30:00,Elvis Rexhbecaj,Aerial
1323,412569,33,MissedShots,0.875999984741211,0.5220000076293946,0.032243598252534866,Ellyes Skhiri,a,3347,OpenPlay,2020,Head,15378,Wolfsburg,FC Cologne,1,0,2021-04-03 13:30:00,Kingsley Ehizibue,Aerial
1324,412582,94,MissedShots,0.9619999694824218,0.4520000076293945,0.5134209990501404,Ellyes Skhiri,a,3347,OpenPlay,2020,Head,15378,Wolfsburg,FC Cologne,1,0,2021-04-03 13:30:00,Florian Kainz,Cross
1325,414731,60,Goal,0.95,0.47,0.4905480146408081,Ellyes Skhiri,h,3347,SetPiece,2020,Head,15388,FC Cologne,Mainz 05,2,3,2021-04-11 16:00:00,Jonas Hector,Cross
1326,421883,53,MissedShots,0.965,0.5209999847412109,0.6307730078697205,Ellyes Skhiri,a,3347,FromCorner,2020,RightFoot,15432,Hertha Berlin,FC Cologne,0,0,2021-05-15 13:30:00,,None
1327,426492,47,SavedShot,0.945,0.43099998474121093,0.06395120173692703,Ellyes Skhiri,h,3347,SetPiece,2021,Head,17524,FC Cologne,Hertha Berlin,3,1,2021-08-15 15:30:00,Mark Uth,Aerial
1328,426493,49,BlockedShot,0.7340000152587891,0.4879999923706055,0.018592199310660362,Ellyes Skhiri,h,3347,OpenPlay,2021,RightFoot,17524,FC Cologne,Hertha Berlin,3,1,2021-08-15 15:30:00,Mark Uth,Pass
1329,426502,85,MissedShots,0.7269999694824218,0.500999984741211,0.015580300241708755,Ellyes Skhiri,h,3347,OpenPlay,2021,RightFoot,17524,FC Cologne,Hertha Berlin,3,1,2021-08-15 15:30:00,,Rebound
1330,428619,40,MissedShots,0.7659999847412109,0.5829999923706055,0.02292099967598915,Ellyes Skhiri,h,3347,OpenPlay,2021,LeftFoot,17535,FC Cologne,Bochum,2,1,2021-08-28 13:30:00,,None
1331,433366,13,Goal,0.9359999847412109,0.5590000152587891,0.5360119938850403,Ellyes Skhiri,a,3347,OpenPlay,2021,LeftFoot,17564,Eintracht Frankfurt,FC Cologne,1,1,2021-09-25 13:30:00,Jonas Hector,Pass
1332,433371,48,MissedShots,0.9230000305175782,0.5629999923706055,0.036021798849105835,Ellyes Skhiri,a,3347,FromCorner,2021,Head,17564,Eintracht Frankfurt,FC Cologne,1,1,2021-09-25 13:30:00,Florian Kainz,Rebound
1333,434533,21,MissedShots,0.7030000305175781,0.5209999847412109,0.01149389985948801,Ellyes Skhiri,h,3347,OpenPlay,2021,RightFoot,17570,FC Cologne,Greuther Fuerth,3,1,2021-10-01 18:30:00,,None
1334,434545,54,Goal,0.980999984741211,0.46,0.8563290238380432,Ellyes Skhiri,h,3347,FromCorner,2021,RightFoot,17570,FC Cologne,Greuther Fuerth,3,1,2021-10-01 18:30:00,Jonas Hector,Pass
1335,434549,88,Goal,0.874000015258789,0.4209999847412109,0.40315499901771545,Ellyes Skhiri,h,3347,OpenPlay,2021,RightFoot,17570,FC Cologne,Greuther Fuerth,3,1,2021-10-01 18:30:00,Louis Schaub,Pass
1336,446034,14,MissedShots,0.7390000152587891,0.5670000076293945,0.015559500083327293,Ellyes Skhiri,a,3347,OpenPlay,2021,RightFoot,17633,Arminia Bielefeld,FC Cologne,1,1,2021-12-04 14:30:00,,None
1337,458444,24,MissedShots,0.88,0.43900001525878907,0.048860400915145874,Ellyes Skhiri,h,3347,OpenPlay,2021,RightFoot,17714,FC Cologne,Eintracht Frankfurt,1,0,2022-02-19 17:30:00,Sebastian Andersson,Aerial
1338,458456,73,SavedShot,0.8719999694824219,0.4540000152587891,0.07730449736118317,Ellyes Skhiri,h,3347,OpenPlay,2021,RightFoot,17714,FC Cologne,Eintracht Frankfurt,1,0,2022-02-19 17:30:00,Dejan Ljubicic,Cross
1339,459759,34,MissedShots,0.9540000152587891,0.41900001525878905,0.0417557992041111,Ellyes Skhiri,a,3347,FromCorner,2021,Head,17723,Greuther Fuerth,FC Cologne,1,1,2022-02-26 14:30:00,Florian Kainz,Aerial
1340,459760,40,MissedShots,0.95,0.3370000076293945,0.03662630170583725,Ellyes Skhiri,a,3347,FromCorner,2021,RightFoot,17723,Greuther Fuerth,FC Cologne,1,1,2022-02-26 14:30:00,Florian Kainz,Cross
1341,459765,54,BlockedShot,0.8009999847412109,0.25299999237060544,0.026035800576210022,Ellyes Skhiri,a,3347,OpenPlay,2021,RightFoot,17723,Greuther Fuerth,FC Cologne,1,1,2022-02-26 14:30:00,Anthony Modeste,CornerAwarded
1342,459766,55,MissedShots,0.9080000305175782,0.5540000152587891,0.021853100508451462,Ellyes Skhiri,a,3347,FromCorner,2021,Head,17723,Greuther Fuerth,FC Cologne,1,1,2022-02-26 14:30:00,Florian Kainz,Aerial
1343,466658,59,Goal,0.9740000152587891,0.46799999237060547,0.5972350239753723,Ellyes Skhiri,h,3347,FromCorner,2021,Head,17770,FC Cologne,Mainz 05,3,2,2022-04-09 13:30:00,Anthony Modeste,Rebound
1344,468398,76,SavedShot,0.92,0.42900001525878906,0.33117300271987915,Ellyes Skhiri,a,3347,SetPiece,2021,LeftFoot,17782,Borussia M.Gladbach,FC Cologne,1,3,2022-04-16 16:30:00,Mark Uth,Cross
1345,468403,92,MissedShots,0.7269999694824218,0.7019999694824218,0.015476100146770477,Ellyes Skhiri,a,3347,OpenPlay,2021,RightFoot,17782,Borussia M.Gladbach,FC Cologne,1,3,2022-04-16 16:30:00,Jan Thielmann,Pass
1346,469951,50,SavedShot,0.8730000305175781,0.49200000762939455,0.07522109895944595,Ellyes Skhiri,h,3347,OpenPlay,2021,Head,17788,FC Cologne,Arminia Bielefeld,3,1,2022-04-23 13:30:00,Jannes Horn,Cross
1347,469957,62,BlockedShot,0.9230000305175782,0.47099998474121096,0.1418139934539795,Ellyes Skhiri,h,3347,OpenPlay,2021,Head,17788,FC Cologne,Arminia Bielefeld,3,1,2022-04-23 13:30:00,Mark Uth,Cross
1348,473152,46,MissedShots,0.7759999847412109,0.36900001525878906,0.022623199969530106,Ellyes Skhiri,h,3347,OpenPlay,2021,LeftFoot,17806,FC Cologne,Wolfsburg,0,1,2022-05-07 13:30:00,Salih Özcan,Pass
1349,475699,31,MissedShots,0.8930000305175781,0.375,0.023485099896788597,Ellyes Skhiri,a,3347,FromCorner,2021,Head,17816,VfB Stuttgart,FC Cologne,2,1,2022-05-14 13:30:00,Mark Uth,Cross
1350,479864,16,BlockedShot,0.7230000305175781,0.4129999923706055,0.0157880000770092,Ellyes Skhiri,h,3347,OpenPlay,2022,RightFoot,19350,FC Cologne,Schalke 04,3,1,2022-08-07 15:30:00,Dejan Ljubicic,Pass
1351,479865,17,MissedShots,0.955999984741211,0.5170000076293946,0.1468770056962967,Ellyes Skhiri,h,3347,FromCorner,2022,RightFoot,19350,FC Cologne,Schalke 04,3,1,2022-08-07 15:30:00,Jonas Hector,Rebound
1352,479884,57,MissedShots,0.835999984741211,0.5459999847412109,0.07989750057458878,Ellyes Skhiri,h,3347,OpenPlay,2022,LeftFoot,19350,FC Cologne,Schalke 04,3,1,2022-08-07 15:30:00,,None
1353,479896,91,BlockedShot,0.9490000152587891,0.5259999847412109,0.15293799340724945,Ellyes Skhiri,h,3347,OpenPlay,2022,LeftFoot,19350,FC Cologne,Schalke 04,3,1,2022-08-07 15:30:00,Tim Lemperle,Pass
1354,479897,93,BlockedShot,0.7859999847412109,0.46700000762939453,0.0514845997095108,Ellyes Skhiri,h,3347,OpenPlay,2022,LeftFoot,19350,FC Cologne,Schalke 04,3,1,2022-08-07 15:30:00,,BallTouch
1355,485774,50,ShotOnPost,0.965999984741211,0.40400001525878904,0.38383200764656067,Ellyes Skhiri,a,3347,OpenPlay,2022,RightFoot,19382,Wolfsburg,FC Cologne,2,4,2022-09-03 13:30:00,Florian Kainz,Cross
1356,485782,71,BlockedShot,0.8040000152587891,0.40299999237060546,0.044786300510168076,Ellyes Skhiri,a,3347,OpenPlay,2022,LeftFoot,19382,Wolfsburg,FC Cologne,2,4,2022-09-03 13:30:00,,None
1357,485783,77,MissedShots,0.7780000305175782,0.4779999923706055,0.04281710088253021,Ellyes Skhiri,a,3347,OpenPlay,2022,RightFoot,19382,Wolfsburg,FC Cologne,2,4,2022-09-03 13:30:00,Linton Maina,Pass
1358,489479,38,MissedShots,0.9719999694824218,0.575,0.3727720081806183,Ellyes Skhiri,a,3347,SetPiece,2022,Head,19403,Bochum,FC Cologne,1,1,2022-09-18 15:30:00,Florian Kainz,Cross
1359,489952,81,SavedShot,0.7519999694824219,0.49700000762939456,0.030129700899124146,Ellyes Skhiri,h,3347,OpenPlay,2022,RightFoot,19408,FC Cologne,Borussia Dortmund,3,2,2022-10-01 13:30:00,Sargis Adamyan,Pass
1360,493705,4,BlockedShot,0.710999984741211,0.6079999923706054,0.013432900421321392,Ellyes Skhiri,h,3347,OpenPlay,2022,RightFoot,19426,FC Cologne,Augsburg,3,2,2022-10-16 13:30:00,,BallTouch
1361,493717,59,MissedShots,0.9230000305175782,0.49,0.05688739940524101,Ellyes Skhiri,h,3347,FromCorner,2022,Head,19426,FC Cologne,Augsburg,3,2,2022-10-16 13:30:00,,Aerial
1362,498826,41,MissedShots,0.9490000152587891,0.445,0.5144060254096985,Ellyes Skhiri,a,3347,SetPiece,2022,RightFoot,19450,Freiburg,FC Cologne,2,0,2022-11-06 16:30:00,Linton Maina,Cross
1363,499272,27,BlockedShot,0.81,0.524000015258789,0.05215509980916977,Ellyes Skhiri,h,3347,OpenPlay,2022,RightFoot,19462,FC Cologne,Bayer Leverkusen,1,2,2022-11-09 17:30:00,Denis Huseinbasic,Pass
1364,499281,49,BlockedShot,0.925,0.43400001525878906,0.031332600861787796,Ellyes Skhiri,h,3347,FromCorner,2022,Head,19462,FC Cologne,Bayer Leverkusen,1,2,2022-11-09 17:30:00,Florian Kainz,Aerial
1365,504801,29,Goal,0.965,0.42200000762939455,0.5810589790344238,Ellyes Skhiri,h,3347,OpenPlay,2022,RightFoot,19480,FC Cologne,Werder Bremen,7,1,2023-01-21 17:30:00,Linton Maina,None
1366,504810,53,Goal,0.9009999847412109,0.5459999847412109,0.3582710027694702,Ellyes Skhiri,h,3347,OpenPlay,2022,RightFoot,19480,FC Cologne,Werder Bremen,7,1,2023-01-21 17:30:00,Linton Maina,Chipped
1367,505382,3,Goal,0.9690000152587891,0.5509999847412109,0.6131139993667603,Ellyes Skhiri,a,3347,FromCorner,2022,RightFoot,19486,Bayern Munich,FC Cologne,1,1,2023-01-24 19:30:00,Julian Chabot,Rebound
1368,507035,68,BlockedShot,0.7669999694824219,0.495,0.028060199692845345,Ellyes Skhiri,h,3347,OpenPlay,2022,RightFoot,19506,FC Cologne,RasenBallsport Leipzig,0,0,2023-02-04 14:30:00,Florian Kainz,Pass
1369,509057,70,Goal,0.8930000305175781,0.6070000076293945,0.2695930004119873,Ellyes Skhiri,h,3347,OpenPlay,2022,Head,19516,FC Cologne,Eintracht Frankfurt,3,0,2023-02-12 16:30:00,Sargis Adamyan,Rebound
1370,509061,85,Goal,0.855999984741211,0.4909999847412109,0.0678464025259018,Ellyes Skhiri,h,3347,SetPiece,2022,RightFoot,19516,FC Cologne,Eintracht Frankfurt,3,0,2023-02-12 16:30:00,,None
1371,512074,66,BlockedShot,0.9390000152587891,0.35200000762939454,0.05032980069518089,Ellyes Skhiri,a,3347,OpenPlay,2022,RightFoot,19542,Union Berlin,FC Cologne,0,0,2023-03-04 14:30:00,Florian Kainz,Cross
1372,513124,0,SavedShot,0.7859999847412109,0.5720000076293945,0.032702598720788956,Ellyes Skhiri,h,3347,OpenPlay,2022,LeftFoot,19552,FC Cologne,Bochum,0,2,2023-03-10 19:30:00,,None
1373,516991,29,BlockedShot,0.7419999694824219,0.6880000305175781,0.013874500058591366,Ellyes Skhiri,h,3347,OpenPlay,2022,RightFoot,19569,FC Cologne,Borussia M.Gladbach,0,0,2023-04-02 13:30:00,Florian Kainz,Pass
1374,517851,6,Goal,0.98,0.48700000762939455,0.9570059776306152,Ellyes Skhiri,a,3347,SetPiece,2022,RightFoot,19583,Augsburg,FC Cologne,1,3,2023-04-08 13:30:00,Julian Chabot,Pass
1375,522657,41,MissedShots,0.904000015258789,0.47200000762939454,0.11323314905166626,Ellyes Skhiri,h,3347,OpenPlay,2022,Head,19606,FC Cologne,Freiburg,0,1,2023-04-29 13:30:00,Linton Maina,Cross
1376,522667,69,MissedShots,0.915,0.3679999923706055,0.025969911366701126,Ellyes Skhiri,h,3347,OpenPlay,2022,Head,19606,FC Cologne,Freiburg,0,1,2023-04-29 13:30:00,Jan Thielmann,Cross
1377,525550,25,MissedShots,0.7669999694824219,0.4259999847412109,0.023709414526820183,Ellyes Skhiri,h,3347,OpenPlay,2022,RightFoot,19625,FC Cologne,Hertha Berlin,5,2,2023-05-12 18:30:00,,None
1378,525551,27,SavedShot,0.7269999694824218,0.6379999923706055,0.016423242166638374,Ellyes Skhiri,h,3347,OpenPlay,2022,RightFoot,19625,FC Cologne,Hertha Berlin,5,2,2023-05-12 18:30:00,Florian Kainz,Pass
1379,525556,41,SavedShot,0.96,0.44,0.12356548011302948,Ellyes Skhiri,h,3347,FromCorner,2022,Head,19625,FC Cologne,Hertha Berlin,5,2,2023-05-12 18:30:00,Florian Kainz,Cross
1380,525558,42,Goal,0.860999984741211,0.5379999923706055,0.44168105721473694,Ellyes Skhiri,h,3347,OpenPlay,2022,RightFoot,19625,FC Cologne,Hertha Berlin,5,2,2023-05-12 18:30:00,Linton Maina,Pass
1381,529044,73,MissedShots,0.9480000305175781,0.5640000152587891,0.1030200943350792,Ellyes Skhiri,h,3347,FromCorner,2022,LeftFoot,19642,FC Cologne,Bayern Munich,1,2,2023-05-27 13:30:00,Jan Thielmann,HeadPass
1382,536897,52,BlockedShot,0.9590000152587891,0.47900001525878905,0.1071012020111084,Ellyes Skhiri,h,3347,FromCorner,2023,Head,23090,Eintracht Frankfurt,FC Cologne,1,1,2023-09-03 13:30:00,Omar Marmoush,Aerial
1383,539918,11,SavedShot,0.975999984741211,0.5790000152587891,0.2399018406867981,Ellyes Skhiri,h,3347,FromCorner,2023,Head,23109,Eintracht Frankfurt,Freiburg,0,0,2023-09-24 15:30:00,Omar Marmoush,Aerial
1384,539923,30,SavedShot,0.8690000152587891,0.2929999923706055,0.04055017977952957,Ellyes Skhiri,h,3347,OpenPlay,2023,RightFoot,23109,Eintracht Frankfurt,Freiburg,0,0,2023-09-24 15:30:00,,None
1385,540976,20,SavedShot,0.914000015258789,0.4470000076293945,0.4199250340461731,Ellyes Skhiri,a,3347,OpenPlay,2023,RightFoot,23113,Wolfsburg,Eintracht Frankfurt,2,0,2023-09-30 13:30:00,,Rebound
1386,540975,20,SavedShot,0.855999984741211,0.46,0.09829570353031158,Ellyes Skhiri,a,3347,OpenPlay,2023,LeftFoot,23113,Wolfsburg,Eintracht Frankfurt,2,0,2023-09-30 13:30:00,Omar Marmoush,Pass
1387,543491,69,MissedShots,0.8630000305175781,0.4470000076293945,0.3719378113746643,Ellyes Skhiri,h,3347,OpenPlay,2023,RightFoot,23127,Eintracht Frankfurt,FC Heidenheim,2,0,2023-10-08 17:30:00,Ansgar Knauff,Pass
1388,543895,47,Goal,0.9580000305175781,0.4109999847412109,0.4898983836174011,Ellyes Skhiri,a,3347,OpenPlay,2023,RightFoot,23132,Hoffenheim,Eintracht Frankfurt,1,3,2023-10-21 13:30:00,,None
1389,549152,64,Goal,0.805,0.720999984741211,0.01694701984524727,Ellyes Skhiri,a,3347,OpenPlay,2023,RightFoot,23159,Werder Bremen,Eintracht Frankfurt,2,2,2023-11-12 16:30:00,Omar Marmoush,BallTouch
1390,549156,82,MissedShots,0.9419999694824219,0.48900001525878906,0.43987926840782166,Ellyes Skhiri,a,3347,FromCorner,2023,Head,23159,Werder Bremen,Eintracht Frankfurt,2,2,2023-11-12 16:30:00,Omar Marmoush,Cross
1391,549981,3,MissedShots,0.8109999847412109,0.315,0.02433968335390091,Ellyes Skhiri,h,3347,OpenPlay,2023,RightFoot,23167,Eintracht Frankfurt,VfB Stuttgart,1,2,2023-11-25 17:30:00,Omar Marmoush,Pass
1392,549989,22,BlockedShot,0.76,0.45,0.024648459628224373,Ellyes Skhiri,h,3347,OpenPlay,2023,RightFoot,23167,Eintracht Frankfurt,VfB Stuttgart,1,2,2023-11-25 17:30:00,Omar Marmoush,Pass
1393,555724,68,SavedShot,0.889000015258789,0.605999984741211,0.020531030371785164,Ellyes Skhiri,h,3347,FromCorner,2023,Head,23203,Eintracht Frankfurt,Borussia M.Gladbach,2,1,2023-12-20 19:30:00,Farès Chaïbi,Cross
1394,561390,19,BlockedShot,0.795,0.575,0.036419183015823364,Ellyes Skhiri,a,3347,OpenPlay,2023,LeftFoot,23241,FC Cologne,Eintracht Frankfurt,2,0,2024-02-03 17:30:00,Niels Nkounkou,Pass
1395,561393,39,SavedShot,0.92,0.3659999847412109,0.2896914780139923,Ellyes Skhiri,a,3347,OpenPlay,2023,RightFoot,23241,FC Cologne,Eintracht Frankfurt,2,0,2024-02-03 17:30:00,Mario Götze,Chipped
1396,576673,47,BlockedShot,0.710999984741211,0.46,0.013624790124595165,Ellyes Skhiri,a,3347,FromCorner,2023,RightFoot,23335,Bayern Munich,Eintracht Frankfurt,2,1,2024-04-27 13:30:00,,None
1397,579740,3,MissedShots,0.7219999694824218,0.5129999923706055,0.024334777146577835,Ellyes Skhiri,a,3347,FromCorner,2023,RightFoot,23357,Borussia M.Gladbach,Eintracht Frankfurt,1,1,2024-05-11 13:30:00,Farès Chaïbi,Pass
1398,581543,3,BlockedShot,0.8119999694824219,0.4520000076293945,0.055950965732336044,Ellyes Skhiri,h,3347,OpenPlay,2023,LeftFoot,23365,Eintracht Frankfurt,RasenBallsport Leipzig,2,2,2024-05-18 13:30:00,Omar Marmoush,Pass
1399,581549,22,MissedShots,0.7580000305175781,0.4,0.01873243786394596,Ellyes Skhiri,h,3347,OpenPlay,2023,LeftFoot,23365,Eintracht Frankfurt,RasenBallsport Leipzig,2,2,2024-05-18 13:30:00,,None
1400,592668,27,BlockedShot,0.8059999847412109,0.3970000076293945,0.0429106168448925,Ellyes Skhiri,h,3347,OpenPlay,2024,RightFoot,27774,Eintracht Frankfurt,Borussia M.Gladbach,2,0,2024-09-21 16:30:00,Omar Marmoush,Pass
1401,599038,13,BlockedShot,0.9259999847412109,0.5570000076293945,0.13183726370334625,Ellyes Skhiri,a,3347,FromCorner,2024,RightFoot,27811,Union Berlin,Eintracht Frankfurt,1,1,2024-10-27 16:30:00,,Rebound
1402,599050,48,MissedShots,0.730999984741211,0.34599998474121096,0.01429790910333395,Ellyes Skhiri,a,3347,OpenPlay,2024,RightFoot,27811,Union Berlin,Eintracht Frankfurt,1,1,2024-10-27 16:30:00,,Rebound
1403,603068,64,BlockedShot,0.860999984741211,0.625999984741211,0.05175483599305153,Ellyes Skhiri,h,3347,FromCorner,2024,RightFoot,27836,Eintracht Frankfurt,Werder Bremen,1,0,2024-11-23 17:30:00,Ansgar Knauff,HeadPass
1404,604942,85,BlockedShot,0.924000015258789,0.664000015258789,0.05243546888232231,Ellyes Skhiri,a,3347,FromCorner,2024,RightFoot,27843,FC Heidenheim,Eintracht Frankfurt,0,4,2024-12-01 16:30:00,Rasmus Kristensen,Pass
1405,608247,0,MissedShots,0.7759999847412109,0.5720000076293945,0.027695821598172188,Ellyes Skhiri,h,3347,OpenPlay,2024,RightFoot,27871,Eintracht Frankfurt,Mainz 05,1,3,2024-12-21 14:30:00,,None
1406,167450,4,MissedShots,0.9180000305175782,0.43900001525878907,0.07571949809789658,Robin Koch,h,6273,FromCorner,2017,Head,8351,Freiburg,Schalke 04,0,1,2017-11-04 14:30:00,Julian Schuster,Cross
1407,168408,67,MissedShots,0.88,0.5159999847412109,0.017128799110651016,Robin Koch,h,6273,SetPiece,2017,Head,8370,Freiburg,Mainz 05,2,1,2017-11-25 14:30:00,Julian Schuster,Aerial
1408,183999,86,MissedShots,0.84,0.509000015258789,0.020757000893354416,Robin Koch,h,6273,SetPiece,2017,Head,8397,Freiburg,Borussia M.Gladbach,1,0,2017-12-12 19:30:00,Yoric Ravet,Cross
1409,187248,50,Goal,0.909000015258789,0.515,0.2844749987125397,Robin Koch,a,6273,FromCorner,2017,Head,8416,Eintracht Frankfurt,Freiburg,1,1,2018-01-13 14:30:00,Christian Günter,Cross
1410,188712,75,Goal,0.9280000305175782,0.51,0.11949200183153152,Robin Koch,h,6273,FromCorner,2017,Head,8424,Freiburg,RasenBallsport Leipzig,2,1,2018-01-20 14:30:00,Christian Günter,Cross
1411,196043,77,MissedShots,0.7380000305175781,0.7090000152587891,0.0099312299862504,Robin Koch,a,6273,OpenPlay,2017,RightFoot,8449,Hannover 96,Freiburg,2,1,2018-02-10 14:30:00,Marco Terrazzino,Pass
1412,196049,87,SavedShot,0.955999984741211,0.385,0.04805399850010872,Robin Koch,a,6273,SetPiece,2017,Head,8449,Hannover 96,Freiburg,2,1,2018-02-10 14:30:00,Christian Günter,Chipped
1413,196321,32,SavedShot,0.9130000305175782,0.610999984741211,0.04710669815540314,Robin Koch,h,6273,SetPiece,2017,Head,8459,Freiburg,Werder Bremen,1,0,2018-02-17 14:30:00,Christian Günter,Cross
1414,196325,63,MissedShots,0.884000015258789,0.4209999847412109,0.04555390030145645,Robin Koch,h,6273,SetPiece,2017,Head,8459,Freiburg,Werder Bremen,1,0,2018-02-17 14:30:00,Christian Günter,Chipped
1415,197289,7,SavedShot,0.7380000305175781,0.799000015258789,0.010720199905335903,Robin Koch,a,6273,OpenPlay,2017,RightFoot,8469,Hoffenheim,Freiburg,1,1,2018-02-24 14:30:00,,BallRecovery
1416,197291,22,BlockedShot,0.759000015258789,0.5070000076293946,0.023584900423884392,Robin Koch,a,6273,OpenPlay,2017,LeftFoot,8469,Hoffenheim,Freiburg,1,1,2018-02-24 14:30:00,,None
1417,197300,58,MissedShots,0.8959999847412109,0.5159999847412109,0.09301479905843735,Robin Koch,a,6273,SetPiece,2017,Head,8469,Hoffenheim,Freiburg,1,1,2018-02-24 14:30:00,Christian Günter,Cross
1418,207531,43,BlockedShot,0.8019999694824219,0.3840000152587891,0.02449290081858635,Robin Koch,h,6273,OpenPlay,2017,RightFoot,8514,Freiburg,Wolfsburg,0,2,2018-04-07 13:30:00,Nils Petersen,HeadPass
1419,224983,44,MissedShots,0.705999984741211,0.59,0.01457579992711544,Robin Koch,a,6273,OpenPlay,2018,RightFoot,10368,Wolfsburg,Freiburg,1,3,2018-09-22 13:30:00,Gian-Luca Waldschmidt,Pass
1420,264265,69,BlockedShot,0.8919999694824219,0.4570000076293945,0.07216809689998627,Robin Koch,h,6273,SetPiece,2018,Head,10375,Freiburg,Schalke 04,1,0,2018-09-25 18:30:00,Christian Günter,Cross
1421,228810,58,MissedShots,0.91,0.5659999847412109,0.03210899978876114,Robin Koch,a,6273,SetPiece,2018,Head,10390,Augsburg,Freiburg,4,1,2018-09-30 16:00:00,Jérôme Gondorf,Aerial
1422,255603,35,Goal,0.715,0.56,0.013394000008702278,Robin Koch,a,6273,OpenPlay,2018,RightFoot,10405,Hertha Berlin,Freiburg,1,1,2018-10-21 13:30:00,,Dispossessed
1423,255962,18,BlockedShot,0.7430000305175781,0.72,0.013055000454187393,Robin Koch,a,6273,OpenPlay,2018,RightFoot,10422,Bayern Munich,Freiburg,1,1,2018-11-03 14:30:00,Janik Haberer,Pass
1424,256281,76,ShotOnPost,0.925,0.5259999847412109,0.37344199419021606,Robin Koch,h,6273,SetPiece,2018,Head,10433,Freiburg,Mainz 05,1,3,2018-11-10 14:30:00,Christian Günter,Cross
1425,256636,83,MissedShots,0.93,0.45799999237060546,0.10742799937725067,Robin Koch,h,6273,FromCorner,2018,RightFoot,10442,Freiburg,Werder Bremen,1,1,2018-11-25 14:30:00,Mike Frantz,Cross
1426,257092,59,BlockedShot,0.7709999847412109,0.36900001525878906,0.04180759936571121,Robin Koch,h,6273,OpenPlay,2018,RightFoot,10460,Freiburg,RasenBallsport Leipzig,3,0,2018-12-08 14:30:00,,TakeOn
1427,278587,22,MissedShots,0.9540000152587891,0.555,0.13661399483680725,Robin Koch,h,6273,FromCorner,2018,RightFoot,10504,Freiburg,Hoffenheim,2,4,2019-01-26 14:30:00,Nils Petersen,Chipped
1428,278592,37,SavedShot,0.899000015258789,0.5520000076293945,0.2385140061378479,Robin Koch,h,6273,SetPiece,2018,Head,10504,Freiburg,Hoffenheim,2,4,2019-01-26 14:30:00,Christian Günter,Chipped
1429,300667,86,MissedShots,0.9,0.40099998474121096,0.04240480065345764,Robin Koch,a,6273,OpenPlay,2018,Head,10632,Hannover 96,Freiburg,3,0,2019-05-11 14:30:00,Vincenzo Grifo,Cross
1430,310618,16,MissedShots,0.9430000305175781,0.475,0.07535509765148163,Robin Koch,h,6273,FromCorner,2019,Head,12405,Freiburg,Mainz 05,3,0,2019-08-17 14:30:00,Christian Günter,Aerial
1431,310621,28,MissedShots,0.9030000305175782,0.45599998474121095,0.03479690104722977,Robin Koch,h,6273,SetPiece,2019,Head,12405,Freiburg,Mainz 05,3,0,2019-08-17 14:30:00,Christian Günter,Aerial
1432,315688,9,BlockedShot,0.7469999694824219,0.48200000762939454,0.021197600290179253,Robin Koch,h,6273,OpenPlay,2019,RightFoot,12423,Freiburg,FC Cologne,1,2,2019-08-31 14:30:00,Brandon Borrello,Pass
1433,318041,74,SavedShot,0.8919999694824219,0.6179999923706054,0.016371900215744972,Robin Koch,a,6273,SetPiece,2019,Head,12437,Hoffenheim,Freiburg,0,3,2019-09-15 13:30:00,Janik Haberer,None
1434,320312,14,SavedShot,0.9619999694824218,0.4620000076293945,0.4887140095233917,Robin Koch,h,6273,FromCorner,2019,Head,12441,Freiburg,Augsburg,1,1,2019-09-21 13:30:00,Christian Günter,Cross
1435,320324,62,BlockedShot,0.955999984741211,0.545,0.12960100173950195,Robin Koch,h,6273,FromCorner,2019,Head,12441,Freiburg,Augsburg,1,1,2019-09-21 13:30:00,Vincenzo Grifo,Cross
1436,325429,84,MissedShots,0.9069999694824219,0.4759999847412109,0.05771460011601448,Robin Koch,a,6273,OpenPlay,2019,Head,12468,Union Berlin,Freiburg,2,0,2019-10-19 14:30:00,Christian Günter,Aerial
1437,328997,46,MissedShots,0.7709999847412109,0.45799999237060546,0.02929840050637722,Robin Koch,a,6273,OpenPlay,2019,RightFoot,12488,Werder Bremen,Freiburg,2,2,2019-11-02 14:30:00,Roland Sallai,Pass
1438,331618,47,SavedShot,0.8290000152587891,0.5279999923706055,0.008011340163648129,Robin Koch,h,6273,SetPiece,2019,Head,12496,Freiburg,Eintracht Frankfurt,1,0,2019-11-10 17:00:00,Vincenzo Grifo,Aerial
1439,334374,61,BlockedShot,0.9459999847412109,0.4779999923706055,0.09163980185985565,Robin Koch,a,6273,SetPiece,2019,RightFoot,12511,Borussia M.Gladbach,Freiburg,4,2,2019-12-01 14:30:00,,None
1440,334377,67,MissedShots,0.955999984741211,0.5429999923706055,0.4647260010242462,Robin Koch,a,6273,FromCorner,2019,Head,12511,Borussia M.Gladbach,Freiburg,4,2,2019-12-01 14:30:00,Jonathan Schmid,Cross
1441,336929,56,MissedShots,0.9530000305175781,0.5429999923706055,0.28754401206970215,Robin Koch,a,6273,FromCorner,2019,Head,12533,Hertha Berlin,Freiburg,1,0,2019-12-14 14:30:00,Christian Günter,Aerial
1442,336931,64,MissedShots,0.9259999847412109,0.3890000152587891,0.10186199843883514,Robin Koch,a,6273,OpenPlay,2019,RightFoot,12533,Hertha Berlin,Freiburg,1,0,2019-12-14 14:30:00,Lucas Höler,Pass
1443,338469,14,MissedShots,0.9230000305175782,0.395,0.01436190027743578,Robin Koch,a,6273,FromCorner,2019,Head,12553,Schalke 04,Freiburg,2,2,2019-12-21 14:30:00,Vincenzo Grifo,Aerial
1444,338472,29,SavedShot,0.9369999694824219,0.315,0.07260999828577042,Robin Koch,a,6273,OpenPlay,2019,RightFoot,12553,Schalke 04,Freiburg,2,2,2019-12-21 14:30:00,,TakeOn
1445,355741,11,SavedShot,0.9490000152587891,0.5940000152587891,0.024115299805998802,Robin Koch,h,6273,FromCorner,2019,Head,12572,Freiburg,Paderborn,0,2,2020-01-25 14:30:00,Kwon Chang-Hoon,Aerial
1446,355774,87,MissedShots,0.9430000305175781,0.455,0.40454599261283875,Robin Koch,h,6273,OpenPlay,2019,Head,12572,Freiburg,Paderborn,0,2,2020-01-25 14:30:00,Christian Günter,Cross
1447,355775,92,SavedShot,0.8930000305175781,0.524000015258789,0.04926830157637596,Robin Koch,h,6273,OpenPlay,2019,Head,12572,Freiburg,Paderborn,0,2,2020-01-25 14:30:00,Christian Günter,Aerial
1448,358885,15,BlockedShot,0.9330000305175781,0.6120000076293945,0.03862040117383003,Robin Koch,a,6273,FromCorner,2019,Head,12597,Augsburg,Freiburg,1,1,2020-02-15 14:30:00,Vincenzo Grifo,Cross
1449,358899,54,MissedShots,0.909000015258789,0.34900001525878904,0.06412100046873093,Robin Koch,a,6273,SetPiece,2019,RightFoot,12597,Augsburg,Freiburg,1,1,2020-02-15 14:30:00,,Rebound
1450,358906,69,MissedShots,0.9440000152587891,0.500999984741211,0.13136699795722961,Robin Koch,a,6273,FromCorner,2019,Head,12597,Augsburg,Freiburg,1,1,2020-02-15 14:30:00,Christian Günter,Cross
1451,359870,77,BlockedShot,0.7609999847412109,0.5459999847412109,0.024993600323796272,Robin Koch,h,6273,OpenPlay,2019,RightFoot,12608,Freiburg,Fortuna Duesseldorf,0,2,2020-02-22 14:30:00,Lucas Höler,BallTouch
1452,359880,91,MissedShots,0.9280000305175782,0.5179999923706055,0.08550369739532471,Robin Koch,h,6273,OpenPlay,2019,Head,12608,Freiburg,Fortuna Duesseldorf,0,2,2020-02-22 14:30:00,Christian Günter,Aerial
1453,361729,26,BlockedShot,0.815,0.4370000076293945,0.026518400758504868,Robin Koch,h,6273,FromCorner,2019,RightFoot,12625,Freiburg,Union Berlin,3,1,2020-03-07 14:30:00,Nils Petersen,HeadPass
1454,361744,81,Goal,0.95,0.5279999923706055,0.5019609928131104,Robin Koch,h,6273,SetPiece,2019,Head,12625,Freiburg,Union Berlin,3,1,2020-03-07 14:30:00,Vincenzo Grifo,Cross
1455,362949,50,MissedShots,0.9330000305175781,0.47900001525878905,0.06403490155935287,Robin Koch,a,6273,FromCorner,2019,Head,12629,RasenBallsport Leipzig,Freiburg,1,1,2020-05-16 13:30:00,Christian Günter,Aerial
1456,363233,91,MissedShots,0.8819999694824219,0.4879999923706055,0.04704819992184639,Robin Koch,h,6273,OpenPlay,2019,OtherBodyPart,12643,Freiburg,Werder Bremen,0,1,2020-05-23 13:30:00,Jonathan Schmid,Cross
1457,363234,92,MissedShots,0.9290000152587891,0.5720000076293945,0.039286598563194275,Robin Koch,h,6273,OpenPlay,2019,Head,12643,Freiburg,Werder Bremen,0,1,2020-05-23 13:30:00,Kwon Chang-Hoon,Aerial
1458,363427,36,MissedShots,0.914000015258789,0.48200000762939454,0.05472460016608238,Robin Koch,a,6273,FromCorner,2019,OtherBodyPart,12646,Eintracht Frankfurt,Freiburg,3,3,2020-05-26 18:30:00,Christian Günter,Cross
1459,363824,48,MissedShots,0.745999984741211,0.5329999923706055,0.018621200695633888,Robin Koch,h,6273,OpenPlay,2019,RightFoot,12670,Freiburg,Borussia M.Gladbach,1,0,2020-06-05 18:30:00,Roland Sallai,Pass
1460,363833,75,SavedShot,0.8930000305175781,0.3160000038146973,0.0765874981880188,Robin Koch,h,6273,OpenPlay,2019,RightFoot,12670,Freiburg,Borussia M.Gladbach,1,0,2020-06-05 18:30:00,Lucas Höler,Pass
1461,363838,88,SavedShot,0.9080000305175782,0.4909999847412109,0.27664700150489807,Robin Koch,h,6273,SetPiece,2019,Head,12670,Freiburg,Borussia M.Gladbach,1,0,2020-06-05 18:30:00,Christian Günter,Cross
1462,364608,20,MissedShots,0.9419999694824219,0.5029999923706054,0.2697319984436035,Robin Koch,h,6273,FromCorner,2019,Head,12688,Freiburg,Hertha Berlin,2,1,2020-06-16 18:30:00,Vincenzo Grifo,Aerial
1463,364613,47,SavedShot,0.7419999694824219,0.4640000152587891,0.016671299934387207,Robin Koch,h,6273,OpenPlay,2019,RightFoot,12688,Freiburg,Hertha Berlin,2,1,2020-06-16 18:30:00,,None
1464,364619,62,BlockedShot,0.915,0.3340000152587891,0.0912839025259018,Robin Koch,h,6273,OpenPlay,2019,RightFoot,12688,Freiburg,Hertha Berlin,2,1,2020-06-16 18:30:00,Lucas Höler,Pass
1465,376629,90,BlockedShot,0.9059999847412109,0.549000015258789,0.031372301280498505,Robin Koch,a,6273,OpenPlay,2020,Head,14090,Liverpool,Leeds,4,3,2020-09-12 16:30:00,Kalvin Phillips,Aerial
1466,377527,25,SavedShot,0.91,0.4640000152587891,0.07323659956455231,Robin Koch,h,6273,FromCorner,2020,Head,14097,Leeds,Fulham,4,3,2020-09-19 14:00:00,Kalvin Phillips,Cross
1467,377535,65,MissedShots,0.9169999694824219,0.475,0.12474600225687027,Robin Koch,h,6273,SetPiece,2020,Head,14097,Leeds,Fulham,4,3,2020-09-19 14:00:00,Kalvin Phillips,Cross
1468,383028,62,MissedShots,0.8830000305175781,0.47200000762939454,0.07193479686975479,Robin Koch,a,6273,FromCorner,2020,RightFoot,14486,Aston Villa,Leeds,0,3,2020-10-23 19:00:00,Patrick Bamford,BallTouch
1469,385577,79,MissedShots,0.9209999847412109,0.534000015258789,0.04177569970488548,Robin Koch,h,6273,FromCorner,2020,Head,14498,Leeds,Leicester,1,4,2020-11-02 20:00:00,Jack Harrison,Aerial
1470,386015,54,BlockedShot,0.874000015258789,0.519000015258789,0.0797066017985344,Robin Koch,a,6273,FromCorner,2020,LeftFoot,14508,Crystal Palace,Leeds,4,1,2020-11-07 15:00:00,,None
1471,388104,89,BlockedShot,0.9109999847412109,0.40900001525878904,0.036030400544404984,Robin Koch,h,6273,FromCorner,2020,Head,14518,Leeds,Arsenal,0,0,2020-11-22 16:30:00,Mateusz Klich,Cross
1472,419835,28,BlockedShot,0.7290000152587891,0.5379999923706055,0.015099200420081615,Robin Koch,h,6273,OpenPlay,2020,RightFoot,14778,Leeds,Tottenham,3,1,2021-05-08 11:30:00,Jack Harrison,Pass
1473,419836,32,BlockedShot,0.950999984741211,0.5779999923706055,0.040618300437927246,Robin Koch,h,6273,FromCorner,2020,Head,14778,Leeds,Tottenham,3,1,2021-05-08 11:30:00,Stuart Dallas,Aerial
1474,454611,48,MissedShots,0.8819999694824219,0.4279999923706055,0.03618549928069115,Robin Koch,h,6273,OpenPlay,2021,Head,16601,Leeds,Newcastle United,0,1,2022-01-22 15:00:00,,None
1475,454612,53,SavedShot,0.9640000152587891,0.325,0.044483400881290436,Robin Koch,h,6273,FromCorner,2021,RightFoot,16601,Leeds,Newcastle United,0,1,2022-01-22 15:00:00,,None
1476,454619,85,BlockedShot,0.7530000305175781,0.595999984741211,0.01911279931664467,Robin Koch,h,6273,OpenPlay,2021,LeftFoot,16601,Leeds,Newcastle United,0,1,2022-01-22 15:00:00,,None
1477,457086,53,BlockedShot,0.865999984741211,0.5359999847412109,0.07148639857769012,Robin Koch,a,6273,FromCorner,2021,RightFoot,16619,Everton,Leeds,3,0,2022-02-12 15:00:00,,None
1478,459533,16,ShotOnPost,0.860999984741211,0.46099998474121096,0.09983420372009277,Robin Koch,h,6273,OpenPlay,2021,LeftFoot,16642,Leeds,Tottenham,0,4,2022-02-26 12:30:00,Raphinha,Pass
1479,459537,32,BlockedShot,0.879000015258789,0.4209999847412109,0.02879749983549118,Robin Koch,h,6273,SetPiece,2021,Head,16642,Leeds,Tottenham,0,4,2022-02-26 12:30:00,Raphinha,Cross
1480,460840,3,MissedShots,0.6890000152587891,0.54,0.011992700397968292,Robin Koch,a,6273,OpenPlay,2021,RightFoot,16648,Leicester,Leeds,1,0,2022-03-05 12:30:00,Jack Harrison,Pass
1481,460854,57,MissedShots,0.8569999694824219,0.504000015258789,0.02685750089585781,Robin Koch,a,6273,FromCorner,2021,Head,16648,Leicester,Leeds,1,0,2022-03-05 12:30:00,Jack Harrison,Cross
1482,460859,82,MissedShots,0.9290000152587891,0.5370000076293945,0.28803199529647827,Robin Koch,a,6273,FromCorner,2021,OtherBodyPart,16648,Leicester,Leeds,1,0,2022-03-05 12:30:00,,None
1483,462188,45,MissedShots,0.78,0.45299999237060545,0.029669800773262978,Robin Koch,h,6273,OpenPlay,2021,RightFoot,16572,Leeds,Aston Villa,0,3,2022-03-10 19:45:00,,None
1484,471786,14,BlockedShot,0.9330000305175781,0.5940000152587891,0.06333450227975845,Robin Koch,h,6273,OpenPlay,2021,Head,16723,Leeds,Manchester City,0,4,2022-04-30 16:30:00,Raphinha,Cross
1485,475164,84,MissedShots,0.925,0.504000015258789,0.3594070076942444,Robin Koch,h,6273,OpenPlay,2021,Head,16703,Leeds,Chelsea,0,3,2022-05-11 18:30:00,Joe Gelhardt,Cross
1486,476341,36,MissedShots,0.909000015258789,0.30100000381469727,0.007231669966131449,Robin Koch,h,6273,OpenPlay,2021,Head,16743,Leeds,Brighton,1,1,2022-05-15 13:00:00,Júnior Firpo,Aerial
1487,479284,69,MissedShots,0.9259999847412109,0.4129999923706055,0.03267810121178627,Robin Koch,h,6273,FromCorner,2022,Head,18205,Leeds,Wolverhampton Wanderers,2,1,2022-08-06 14:00:00,Jack Harrison,Chipped
1488,484946,42,MissedShots,0.725999984741211,0.41400001525878904,0.016742799431085587,Robin Koch,h,6273,OpenPlay,2022,RightFoot,18245,Leeds,Everton,1,1,2022-08-30 19:00:00,Luis Sinisterra,Pass
1489,484951,62,SavedShot,0.9669999694824218,0.375,0.011673100292682648,Robin Koch,h,6273,FromCorner,2022,Head,18245,Leeds,Everton,1,1,2022-08-30 19:00:00,Brenden Aaronson,Aerial
1490,494636,15,OwnGoal,0.06699999809265136,0.49400001525878906,0,Robin Koch,a,6273,OpenPlay,2022,LeftFoot,18317,Leicester,Leeds,2,0,2022-10-20 19:15:00,,None
1491,498040,55,MissedShots,0.889000015258789,0.4279999923706055,0.027827899903059006,Robin Koch,h,6273,FromCorner,2022,Head,18345,Leeds,Bournemouth,4,3,2022-11-05 15:00:00,Sam Greenwood,Cross
1492,498050,79,BlockedShot,0.8880000305175781,0.545,0.08734510093927383,Robin Koch,h,6273,FromCorner,2022,RightFoot,18345,Leeds,Bournemouth,4,3,2022-11-05 15:00:00,,None
1493,502487,33,BlockedShot,0.9590000152587891,0.3970000076293945,0.02681479975581169,Robin Koch,h,6273,FromCorner,2022,Head,18388,Leeds,West Ham,2,2,2023-01-04 19:45:00,Marc Roca,OffsideProvoked
1494,508894,57,BlockedShot,0.9590000152587891,0.485,0.13601699471473694,Robin Koch,h,6273,FromCorner,2022,Head,18426,Leeds,Manchester United,0,2,2023-02-12 14:00:00,Jack Harrison,Cross
1495,512174,90,MissedShots,0.9430000305175781,0.5379999923706055,0.07040339708328247,Robin Koch,a,6273,FromCorner,2022,Head,18456,Chelsea,Leeds,1,0,2023-03-04 15:00:00,Luke Ayling,Aerial
1496,517472,30,MissedShots,0.8859999847412109,0.45099998474121095,0.05453209951519966,Robin Koch,h,6273,FromCorner,2022,RightFoot,18271,Leeds,Nottingham Forest,2,1,2023-04-04 18:45:00,Brenden Aaronson,Cross
1497,518635,28,SavedShot,0.9009999847412109,0.5,0.06555110216140747,Robin Koch,h,6273,FromCorner,2022,Head,18495,Leeds,Crystal Palace,1,5,2023-04-09 13:00:00,Marc Roca,Cross
1498,520437,67,BlockedShot,0.9490000152587891,0.5359999847412109,0.07255010306835175,Robin Koch,h,6273,FromCorner,2022,Head,18505,Leeds,Liverpool,1,6,2023-04-17 19:00:00,Marc Roca,Aerial
1499,523180,71,SavedShot,0.9630000305175781,0.44299999237060544,0.07356243580579758,Robin Koch,a,6273,FromCorner,2022,Head,18533,Bournemouth,Leeds,4,1,2023-04-30 13:00:00,Jack Harrison,Aerial
1500,527860,45,MissedShots,0.919000015258789,0.40099998474121096,0.028465628623962402,Robin Koch,a,6273,OpenPlay,2022,Head,18570,West Ham,Leeds,3,1,2023-05-21 12:30:00,Pascal Struijk,Aerial
1501,527861,47,SavedShot,0.9130000305175782,0.5579999923706055,0.022693678736686707,Robin Koch,a,6273,FromCorner,2022,Head,18570,West Ham,Leeds,3,1,2023-05-21 12:30:00,Adam Forshaw,Aerial
1502,527872,75,MissedShots,0.7930000305175782,0.575999984741211,0.037911318242549896,Robin Koch,a,6273,OpenPlay,2022,RightFoot,18570,West Ham,Leeds,3,1,2023-05-21 12:30:00,Weston McKennie,Pass
1503,529809,6,MissedShots,0.919000015258789,0.49599998474121093,0.258273720741272,Robin Koch,h,6273,OpenPlay,2022,Head,18578,Leeds,Tottenham,1,4,2023-05-28 15:30:00,Rodrigo,Cross
1504,529818,38,MissedShots,0.8690000152587891,0.539000015258789,0.036383889615535736,Robin Koch,h,6273,OpenPlay,2022,Head,18578,Leeds,Tottenham,1,4,2023-05-28 15:30:00,Adam Forshaw,Cross
1505,540995,75,MissedShots,0.9390000152587891,0.6,0.2577840983867645,Robin Koch,a,6273,FromCorner,2023,LeftFoot,23113,Wolfsburg,Eintracht Frankfurt,2,0,2023-09-30 13:30:00,Hugo Larsson,Cross
1506,555723,66,MissedShots,0.6270000076293946,0.5029999923706054,0.010174066759645939,Robin Koch,h,6273,OpenPlay,2023,RightFoot,23203,Eintracht Frankfurt,Borussia M.Gladbach,2,1,2023-12-20 19:30:00,Ellyes Skhiri,Pass
1507,555727,88,MissedShots,0.965,0.5790000152587891,0.06072908267378807,Robin Koch,h,6273,SetPiece,2023,Head,23203,Eintracht Frankfurt,Borussia M.Gladbach,2,1,2023-12-20 19:30:00,Omar Marmoush,Aerial
1508,555731,96,Goal,0.9730000305175781,0.5,0.7794862985610962,Robin Koch,h,6273,OpenPlay,2023,LeftFoot,23203,Eintracht Frankfurt,Borussia M.Gladbach,2,1,2023-12-20 19:30:00,,None
1509,559561,36,SavedShot,0.875,0.5370000076293945,0.051170602440834045,Robin Koch,h,6273,SetPiece,2023,Head,23230,Eintracht Frankfurt,Mainz 05,1,0,2024-01-26 19:30:00,Mario Götze,Cross
1510,561391,27,MissedShots,0.955,0.5170000076293946,0.4829879403114319,Robin Koch,a,6273,FromCorner,2023,Head,23241,FC Cologne,Eintracht Frankfurt,2,0,2024-02-03 17:30:00,Mario Götze,Cross
1511,561411,81,BlockedShot,0.9180000305175782,0.4759999847412109,0.061753079295158386,Robin Koch,a,6273,SetPiece,2023,OtherBodyPart,23241,FC Cologne,Eintracht Frankfurt,2,0,2024-02-03 17:30:00,Farès Chaïbi,Aerial
1512,565753,95,BlockedShot,0.9009999847412109,0.5329999923706055,0.031381990760564804,Robin Koch,h,6273,FromCorner,2023,Head,23267,Eintracht Frankfurt,Wolfsburg,2,2,2024-02-25 14:30:00,Niels Nkounkou,Aerial
1513,565756,100,SavedShot,0.9209999847412109,0.49,0.10913797467947006,Robin Koch,h,6273,FromCorner,2023,Head,23267,Eintracht Frankfurt,Wolfsburg,2,2,2024-02-25 14:30:00,Farès Chaïbi,Cross
1514,568786,31,Goal,0.845999984741211,0.47200000762939454,0.07286378741264343,Robin Koch,h,6273,OpenPlay,2023,RightFoot,23284,Eintracht Frankfurt,Hoffenheim,3,1,2024-03-10 16:30:00,Omar Marmoush,Pass
1515,568800,93,BlockedShot,0.91,0.5420000076293945,0.5182326436042786,Robin Koch,h,6273,SetPiece,2023,RightFoot,23284,Eintracht Frankfurt,Hoffenheim,3,1,2024-03-10 16:30:00,Donny van de Beek,Pass
1516,570098,94,MissedShots,0.9390000152587891,0.4279999923706055,0.09482616931200027,Robin Koch,a,6273,FromCorner,2023,Head,23290,Borussia Dortmund,Eintracht Frankfurt,3,1,2024-03-17 16:30:00,Farès Chaïbi,Cross
1517,570607,84,MissedShots,0.884000015258789,0.4779999923706055,0.3151608109474182,Robin Koch,h,6273,OpenPlay,2023,RightFoot,23302,Eintracht Frankfurt,Union Berlin,0,0,2024-03-30 14:30:00,Farès Chaïbi,Chipped
1518,572058,48,MissedShots,0.9169999694824219,0.5459999847412109,0.34087756276130676,Robin Koch,h,6273,SetPiece,2023,Head,23311,Eintracht Frankfurt,Werder Bremen,1,1,2024-04-05 18:30:00,Farès Chaïbi,Aerial
1519,572066,69,MissedShots,0.909000015258789,0.48200000762939454,0.03273433819413185,Robin Koch,h,6273,FromCorner,2023,Head,23311,Eintracht Frankfurt,Werder Bremen,1,1,2024-04-05 18:30:00,Farès Chaïbi,Aerial
1520,572070,79,MissedShots,0.8640000152587891,0.5429999923706055,0.03188014030456543,Robin Koch,h,6273,FromCorner,2023,Head,23311,Eintracht Frankfurt,Werder Bremen,1,1,2024-04-05 18:30:00,Jean Négoce,Cross
1521,572071,81,MissedShots,0.9640000152587891,0.4520000076293945,0.13452038168907166,Robin Koch,h,6273,OpenPlay,2023,RightFoot,23311,Eintracht Frankfurt,Werder Bremen,1,1,2024-04-05 18:30:00,Tuta,Chipped
1522,572076,90,BlockedShot,0.9209999847412109,0.6029999923706054,0.019794099032878876,Robin Koch,h,6273,SetPiece,2023,Head,23311,Eintracht Frankfurt,Werder Bremen,1,1,2024-04-05 18:30:00,Mario Götze,Aerial
1523,572080,96,MissedShots,0.8630000305175781,0.48700000762939455,0.01434483751654625,Robin Koch,h,6273,OpenPlay,2023,Head,23311,Eintracht Frankfurt,Werder Bremen,1,1,2024-04-05 18:30:00,Niels Nkounkou,Aerial
1524,574704,63,SavedShot,0.884000015258789,0.48700000762939455,0.14615324139595032,Robin Koch,h,6273,SetPiece,2023,Head,23329,Eintracht Frankfurt,Augsburg,3,1,2024-04-19 18:30:00,Farès Chaïbi,Cross
1525,579744,15,MissedShots,0.8669999694824219,0.48200000762939454,0.04000706598162651,Robin Koch,a,6273,FromCorner,2023,Head,23357,Borussia M.Gladbach,Eintracht Frankfurt,1,1,2024-05-11 13:30:00,Omar Marmoush,Cross
1526,579758,70,MissedShots,0.9230000305175782,0.41900001525878905,0.06343058496713638,Robin Koch,a,6273,FromCorner,2023,Head,23357,Borussia M.Gladbach,Eintracht Frankfurt,1,1,2024-05-11 13:30:00,Farès Chaïbi,Cross
1527,581554,45,BlockedShot,0.9059999847412109,0.505,0.08248834311962128,Robin Koch,h,6273,SetPiece,2023,LeftFoot,23365,Eintracht Frankfurt,RasenBallsport Leipzig,2,2,2024-05-18 13:30:00,,None
1528,581569,88,BlockedShot,0.965,0.6079999923706054,0.04206853732466698,Robin Koch,h,6273,FromCorner,2023,Head,23365,Eintracht Frankfurt,RasenBallsport Leipzig,2,2,2024-05-18 13:30:00,Farès Chaïbi,Cross
1529,592658,6,MissedShots,0.855,0.5579999923706055,0.016449732705950737,Robin Koch,h,6273,OpenPlay,2024,Head,27774,Eintracht Frankfurt,Borussia M.Gladbach,2,0,2024-09-21 16:30:00,Arthur Theate,Aerial
1530,592660,13,MissedShots,0.7330000305175781,0.5,0.05719869211316109,Robin Koch,h,6273,DirectFreekick,2024,RightFoot,27774,Eintracht Frankfurt,Borussia M.Gladbach,2,0,2024-09-21 16:30:00,,Standard
1531,594680,17,BlockedShot,0.8959999847412109,0.5129999923706055,0.02057029865682125,Robin Koch,a,6273,FromCorner,2024,Head,27785,Holstein Kiel,Eintracht Frankfurt,2,4,2024-09-29 13:30:00,Omar Marmoush,Aerial
1532,599036,13,MissedShots,0.8980000305175782,0.45,0.06088832765817642,Robin Koch,a,6273,FromCorner,2024,RightFoot,27811,Union Berlin,Eintracht Frankfurt,1,1,2024-10-27 16:30:00,Omar Marmoush,Cross
1533,599960,38,MissedShots,0.904000015258789,0.44,0.05747785046696663,Robin Koch,h,6273,FromCorner,2024,Head,27817,Eintracht Frankfurt,Bochum,7,2,2024-11-02 14:30:00,Omar Marmoush,Cross
1534,608269,66,MissedShots,0.7559999847412109,0.5459999847412109,0.0170266292989254,Robin Koch,h,6273,OpenPlay,2024,RightFoot,27871,Eintracht Frankfurt,Mainz 05,1,3,2024-12-21 14:30:00,,None
1535,608284,79,SavedShot,0.924000015258789,0.5220000076293946,0.1050923764705658,Robin Koch,h,6273,FromCorner,2024,Head,27871,Eintracht Frankfurt,Mainz 05,1,3,2024-12-21 14:30:00,Can Uzun,Cross
1536,608286,81,SavedShot,0.8909999847412109,0.4929999923706055,0.044163286685943604,Robin Koch,h,6273,OpenPlay,2024,Head,27871,Eintracht Frankfurt,Mainz 05,1,3,2024-12-21 14:30:00,Ansgar Knauff,Aerial
1537,375540,3,MissedShots,0.9009999847412109,0.6270000076293946,0.009070159867405891,Eric Junior Dina Ebimbe,h,7562,SetPiece,2020,Head,13978,Dijon,Angers,0,1,2020-08-22 15:00:00,Mounir Chouiar,Aerial
1538,375545,19,BlockedShot,0.855999984741211,0.6419999694824219,0.12058400362730026,Eric Junior Dina Ebimbe,h,7562,OpenPlay,2020,LeftFoot,13978,Dijon,Angers,0,1,2020-08-22 15:00:00,Didier Ndong,Throughball
1539,375551,32,MissedShots,0.755,0.5529999923706055,0.02462339960038662,Eric Junior Dina Ebimbe,h,7562,OpenPlay,2020,LeftFoot,13978,Dijon,Angers,0,1,2020-08-22 15:00:00,Mounir Chouiar,Pass
1540,376077,81,SavedShot,0.7559999847412109,0.35400001525878905,0.01799350045621395,Eric Junior Dina Ebimbe,a,7562,OpenPlay,2020,LeftFoot,13990,Lyon,Dijon,4,1,2020-08-28 19:00:00,Fouad Chafik,Pass
1541,378032,35,MissedShots,0.8680000305175781,0.43,0.019230399280786514,Eric Junior Dina Ebimbe,a,7562,OpenPlay,2020,Head,14208,Strasbourg,Dijon,1,0,2020-09-20 13:00:00,Frederic Sammaritano,Cross
1542,378035,57,SavedShot,0.850999984741211,0.5970000076293945,0.0868069976568222,Eric Junior Dina Ebimbe,a,7562,OpenPlay,2020,LeftFoot,14208,Strasbourg,Dijon,1,0,2020-09-20 13:00:00,Aurelien Scheidler,TakeOn
1543,379469,6,BlockedShot,0.8009999847412109,0.34200000762939453,0.02930939942598343,Eric Junior Dina Ebimbe,h,7562,OpenPlay,2020,LeftFoot,14218,Dijon,Montpellier,2,2,2020-09-27 13:00:00,Roger Assalé,Pass
1544,379470,7,Goal,0.885,0.42400001525878905,0.3693839907646179,Eric Junior Dina Ebimbe,h,7562,OpenPlay,2020,RightFoot,14218,Dijon,Montpellier,2,2,2020-09-27 13:00:00,Bersant Celina,Pass
1545,379489,65,BlockedShot,0.81,0.5059999847412109,0.07192599773406982,Eric Junior Dina Ebimbe,h,7562,OpenPlay,2020,RightFoot,14218,Dijon,Montpellier,2,2,2020-09-27 13:00:00,Mounir Chouiar,Pass
1546,381121,81,MissedShots,0.750999984741211,0.4540000152587891,0.02110780030488968,Eric Junior Dina Ebimbe,a,7562,OpenPlay,2020,RightFoot,15811,Bordeaux,Dijon,3,0,2020-10-04 13:00:00,Pape Cheikh,Pass
1547,381579,25,SavedShot,0.88,0.3139999961853027,0.04796849936246872,Eric Junior Dina Ebimbe,h,7562,OpenPlay,2020,RightFoot,15817,Dijon,Rennes,1,1,2020-10-16 17:00:00,Frederic Sammaritano,Pass
1548,383603,19,MissedShots,0.805,0.534000015258789,0.04967910051345825,Eric Junior Dina Ebimbe,a,7562,OpenPlay,2020,RightFoot,15831,Paris Saint Germain,Dijon,4,0,2020-10-24 19:00:00,Ngonda Muzinga,Pass
1549,383613,41,MissedShots,0.8690000152587891,0.445,0.03737559914588928,Eric Junior Dina Ebimbe,a,7562,SetPiece,2020,Head,15831,Paris Saint Germain,Dijon,4,0,2020-10-24 19:00:00,Mounir Chouiar,Cross
1550,383623,57,SavedShot,0.9059999847412109,0.5059999847412109,0.11535900086164474,Eric Junior Dina Ebimbe,a,7562,OpenPlay,2020,LeftFoot,15831,Paris Saint Germain,Dijon,4,0,2020-10-24 19:00:00,,Rebound
1551,383622,57,BlockedShot,0.894000015258789,0.514000015258789,0.088606096804142,Eric Junior Dina Ebimbe,a,7562,OpenPlay,2020,RightFoot,15831,Paris Saint Germain,Dijon,4,0,2020-10-24 19:00:00,Moussa Konate,BallTouch
1552,389473,10,SavedShot,0.855999984741211,0.6469999694824219,0.04728569835424423,Eric Junior Dina Ebimbe,a,7562,FromCorner,2020,RightFoot,15873,Nice,Dijon,1,3,2020-11-29 16:00:00,Bersant Celina,Pass
1553,389479,20,BlockedShot,0.845,0.6469999694824219,0.0711267963051796,Eric Junior Dina Ebimbe,a,7562,OpenPlay,2020,RightFoot,15873,Nice,Dijon,1,3,2020-11-29 16:00:00,Mama Baldé,Pass
1554,389487,53,MissedShots,0.905,0.4,0.034421201795339584,Eric Junior Dina Ebimbe,a,7562,OpenPlay,2020,Head,15873,Nice,Dijon,1,3,2020-11-29 16:00:00,Sacha Boey,Cross
1555,390715,8,MissedShots,0.91,0.2979999923706055,0.05679050087928772,Eric Junior Dina Ebimbe,h,7562,OpenPlay,2020,RightFoot,15878,Dijon,Saint-Etienne,0,0,2020-12-06 14:00:00,Bersant Celina,Pass
1556,390725,73,MissedShots,0.8719999694824219,0.355,0.0702190026640892,Eric Junior Dina Ebimbe,h,7562,OpenPlay,2020,RightFoot,15878,Dijon,Saint-Etienne,0,0,2020-12-06 14:00:00,Mama Baldé,Pass
1557,394479,9,MissedShots,0.8480000305175781,0.385,0.05675850063562393,Eric Junior Dina Ebimbe,h,7562,OpenPlay,2020,RightFoot,15907,Dijon,Monaco,0,1,2020-12-20 14:00:00,Mihai-Alexandru Dobre,Pass
1558,394491,58,MissedShots,0.7880000305175782,0.3340000152587891,0.02175219915807247,Eric Junior Dina Ebimbe,h,7562,OpenPlay,2020,LeftFoot,15907,Dijon,Monaco,0,1,2020-12-20 14:00:00,Mihai-Alexandru Dobre,Pass
1559,394496,67,MissedShots,0.8669999694824219,0.4640000152587891,0.03065590001642704,Eric Junior Dina Ebimbe,h,7562,SetPiece,2020,Head,15907,Dijon,Monaco,0,1,2020-12-20 14:00:00,Bersant Celina,Cross
1560,394500,78,MissedShots,0.9059999847412109,0.44099998474121094,0.43799498677253723,Eric Junior Dina Ebimbe,h,7562,OpenPlay,2020,RightFoot,15907,Dijon,Monaco,0,1,2020-12-20 14:00:00,Sacha Boey,Pass
1561,394502,93,SavedShot,0.9,0.6890000152587891,0.04692989960312843,Eric Junior Dina Ebimbe,h,7562,OpenPlay,2020,RightFoot,15907,Dijon,Monaco,0,1,2020-12-20 14:00:00,,None
1562,395165,86,MissedShots,0.9,0.445,0.017595199868083,Eric Junior Dina Ebimbe,a,7562,FromCorner,2020,Head,15925,Nimes,Dijon,1,3,2020-12-23 18:00:00,Bersant Celina,Aerial
1563,397657,22,MissedShots,0.74,0.5279999923706055,0.011251600459218025,Eric Junior Dina Ebimbe,a,7562,OpenPlay,2020,RightFoot,15932,Reims,Dijon,0,0,2021-01-06 20:00:00,,Aerial
1564,398046,40,MissedShots,0.735,0.46099998474121096,0.02014159969985485,Eric Junior Dina Ebimbe,h,7562,OpenPlay,2020,RightFoot,15937,Dijon,Marseille,0,0,2021-01-09 20:00:00,Moussa Konate,Pass
1565,398049,51,MissedShots,0.86,0.5209999847412109,0.07279019802808762,Eric Junior Dina Ebimbe,h,7562,OpenPlay,2020,LeftFoot,15937,Dijon,Marseille,0,0,2021-01-09 20:00:00,Moussa Konate,Chipped
1566,400819,45,SavedShot,0.8619999694824219,0.47,0.06625349819660187,Eric Junior Dina Ebimbe,h,7562,OpenPlay,2020,RightFoot,15957,Dijon,Strasbourg,1,1,2021-01-24 14:00:00,Sacha Boey,Cross
1567,401298,21,MissedShots,0.9569999694824218,0.6040000152587891,0.016871299594640732,Eric Junior Dina Ebimbe,a,7562,FromCorner,2020,Head,15949,Lorient,Dijon,3,2,2021-01-27 20:00:00,Frederic Sammaritano,Aerial
1568,402228,55,SavedShot,0.8530000305175781,0.34799999237060547,0.046288199722766876,Eric Junior Dina Ebimbe,a,7562,OpenPlay,2020,RightFoot,15967,Lille,Dijon,1,0,2021-01-31 16:00:00,Mama Baldé,BallRecovery
1569,402230,65,BlockedShot,0.8769999694824219,0.33099998474121095,0.048718199133872986,Eric Junior Dina Ebimbe,a,7562,OpenPlay,2020,RightFoot,15967,Lille,Dijon,1,0,2021-01-31 16:00:00,,BallRecovery
1570,402797,7,BlockedShot,0.7330000305175781,0.5270000076293946,0.014565300196409225,Eric Junior Dina Ebimbe,h,7562,OpenPlay,2020,LeftFoot,15977,Dijon,Lyon,0,1,2021-02-03 20:00:00,,None
1571,402807,34,MissedShots,0.9130000305175782,0.3920000076293945,0.12320999801158905,Eric Junior Dina Ebimbe,h,7562,OpenPlay,2020,LeftFoot,15977,Dijon,Lyon,0,1,2021-02-03 20:00:00,Pape Cheikh,TakeOn
1572,402814,43,MissedShots,0.7780000305175782,0.28899999618530275,0.015741700306534767,Eric Junior Dina Ebimbe,h,7562,OpenPlay,2020,RightFoot,15977,Dijon,Lyon,0,1,2021-02-03 20:00:00,Moussa Konate,BallTouch
1573,403617,31,SavedShot,0.8569999694824219,0.37599998474121094,0.0750700980424881,Eric Junior Dina Ebimbe,a,7562,OpenPlay,2020,LeftFoot,15986,Montpellier,Dijon,4,2,2021-02-07 14:00:00,Sacha Boey,Pass
1574,403626,52,BlockedShot,0.7230000305175781,0.6029999923706054,0.01197499968111515,Eric Junior Dina Ebimbe,a,7562,OpenPlay,2020,RightFoot,15986,Montpellier,Dijon,4,2,2021-02-07 14:00:00,,None
1575,403633,72,MissedShots,0.7390000152587891,0.3,0.010923200286924839,Eric Junior Dina Ebimbe,a,7562,OpenPlay,2020,RightFoot,15986,Montpellier,Dijon,4,2,2021-02-07 14:00:00,Mama Baldé,Pass
1576,406808,3,BlockedShot,0.795,0.34299999237060547,0.02507619932293892,Eric Junior Dina Ebimbe,h,7562,OpenPlay,2020,LeftFoot,16018,Dijon,Paris Saint Germain,0,4,2021-02-27 16:00:00,Sacha Boey,Pass
1577,410454,24,MissedShots,0.725999984741211,0.6980000305175781,0.012579300440847874,Eric Junior Dina Ebimbe,h,7562,FromCorner,2020,RightFoot,16037,Dijon,Bordeaux,1,3,2021-03-14 14:00:00,,None
1578,410458,36,SavedShot,0.840999984741211,0.69,0.033303700387477875,Eric Junior Dina Ebimbe,h,7562,OpenPlay,2020,RightFoot,16037,Dijon,Bordeaux,1,3,2021-03-14 14:00:00,Ngonda Muzinga,Pass
1579,410466,65,MissedShots,0.875999984741211,0.5179999923706055,0.06585349887609482,Eric Junior Dina Ebimbe,h,7562,OpenPlay,2020,LeftFoot,16037,Dijon,Bordeaux,1,3,2021-03-14 14:00:00,Bersant Celina,Cross
1580,419041,54,SavedShot,0.8619999694824219,0.45799999237060546,0.06555940210819244,Eric Junior Dina Ebimbe,h,7562,OpenPlay,2020,LeftFoot,16097,Dijon,Metz,1,5,2021-05-02 13:00:00,,Dispossessed
1581,419044,68,SavedShot,0.9440000152587891,0.5309999847412109,0.0718030035495758,Eric Junior Dina Ebimbe,h,7562,FromCorner,2020,Head,16097,Dijon,Metz,1,5,2021-05-02 13:00:00,Frederic Sammaritano,Aerial
1582,422888,51,MissedShots,0.875,0.52,0.08015470206737518,Eric Junior Dina Ebimbe,h,7562,FromCorner,2020,RightFoot,16117,Dijon,Nantes,0,4,2021-05-16 19:00:00,,None
1583,425251,77,BlockedShot,0.785,0.575,0.04547400027513504,Eric Junior Dina Ebimbe,a,7562,OpenPlay,2021,RightFoot,17824,Troyes,Paris Saint Germain,1,2,2021-08-07 19:00:00,Ander Herrera,Pass
1584,445587,7,MissedShots,0.76,0.6229999923706054,0.021060600876808167,Eric Junior Dina Ebimbe,h,7562,OpenPlay,2021,LeftFoot,17978,Paris Saint Germain,Nice,0,0,2021-12-01 20:00:00,Kylian Mbappe-Lottin,BallTouch
1585,445591,17,SavedShot,0.7809999847412109,0.6840000152587891,0.018270200118422508,Eric Junior Dina Ebimbe,h,7562,OpenPlay,2021,RightFoot,17978,Paris Saint Germain,Nice,0,0,2021-12-01 20:00:00,Kylian Mbappe-Lottin,Pass
1586,469434,65,MissedShots,0.76,0.5509999847412109,0.027220100164413452,Eric Junior Dina Ebimbe,a,7562,FromCorner,2021,LeftFoot,18142,Angers,Paris Saint Germain,0,3,2022-04-20 19:00:00,Thilo Kehrer,Rebound
1587,491429,3,MissedShots,0.7569999694824219,0.385,0.01686069928109646,Eric Junior Dina Ebimbe,a,7562,FromCorner,2022,RightFoot,19419,Bochum,Eintracht Frankfurt,3,0,2022-10-08 13:30:00,,None
1588,491447,76,MissedShots,0.879000015258789,0.45299999237060545,0.06526459753513336,Eric Junior Dina Ebimbe,a,7562,FromCorner,2022,RightFoot,19419,Bochum,Eintracht Frankfurt,3,0,2022-10-08 13:30:00,Tuta,HeadPass
1589,493059,60,SavedShot,0.9259999847412109,0.40700000762939453,0.10740000009536743,Eric Junior Dina Ebimbe,h,7562,OpenPlay,2022,LeftFoot,19427,Eintracht Frankfurt,Bayer Leverkusen,5,1,2022-10-15 13:30:00,Christopher Lenz,Cross
1590,495193,26,BlockedShot,0.8630000305175781,0.47299999237060547,0.0707504004240036,Eric Junior Dina Ebimbe,a,7562,FromCorner,2022,RightFoot,19437,Borussia M.Gladbach,Eintracht Frankfurt,1,3,2022-10-22 16:30:00,,None
1591,495196,28,Goal,0.9359999847412109,0.5020000076293946,0.07006180286407471,Eric Junior Dina Ebimbe,a,7562,FromCorner,2022,Head,19437,Borussia M.Gladbach,Eintracht Frankfurt,1,3,2022-10-22 16:30:00,Christopher Lenz,Aerial
1592,496750,87,MissedShots,0.9159999847412109,0.51,0.04548240080475807,Eric Junior Dina Ebimbe,h,7562,OpenPlay,2022,Head,19445,Eintracht Frankfurt,Borussia Dortmund,1,2,2022-10-29 16:30:00,Santos Borré,Aerial
1593,497957,28,SavedShot,0.914000015258789,0.33299999237060546,0.06152239814400673,Eric Junior Dina Ebimbe,a,7562,OpenPlay,2022,RightFoot,19454,Augsburg,Eintracht Frankfurt,1,2,2022-11-05 14:30:00,,None
1594,499446,28,Goal,0.899000015258789,0.38799999237060545,0.3582009971141815,Eric Junior Dina Ebimbe,h,7562,OpenPlay,2022,RightFoot,19463,Eintracht Frankfurt,Hoffenheim,4,2,2022-11-09 19:30:00,Randal Kolo Muani,Pass
1595,499458,66,MissedShots,0.914000015258789,0.5579999923706055,0.5383309721946716,Eric Junior Dina Ebimbe,h,7562,OpenPlay,2022,RightFoot,19463,Eintracht Frankfurt,Hoffenheim,4,2,2022-11-09 19:30:00,Jesper Lindstrom,Pass
1596,500716,15,BlockedShot,0.8009999847412109,0.28200000762939453,0.02413639985024929,Eric Junior Dina Ebimbe,a,7562,OpenPlay,2022,LeftFoot,19470,Mainz 05,Eintracht Frankfurt,1,1,2022-11-13 14:30:00,Daichi Kamada,Pass
1597,500729,64,MissedShots,0.924000015258789,0.5620000076293945,0.0848499983549118,Eric Junior Dina Ebimbe,a,7562,OpenPlay,2022,LeftFoot,19470,Mainz 05,Eintracht Frankfurt,1,1,2022-11-13 14:30:00,,None
1598,500736,85,SavedShot,0.8130000305175781,0.4909999847412109,0.040091801434755325,Eric Junior Dina Ebimbe,a,7562,SetPiece,2022,RightFoot,19470,Mainz 05,Eintracht Frankfurt,1,1,2022-11-13 14:30:00,Sebastian Rode,Pass
1599,504588,5,MissedShots,0.8969999694824219,0.6430000305175781,0.011221899650990963,Eric Junior Dina Ebimbe,h,7562,FromCorner,2022,Head,19482,Eintracht Frankfurt,Schalke 04,3,0,2023-01-21 14:30:00,Ansgar Knauff,Aerial
1600,504594,30,MissedShots,0.8209999847412109,0.5029999923706054,0.023959999904036522,Eric Junior Dina Ebimbe,h,7562,FromCorner,2022,RightFoot,19482,Eintracht Frankfurt,Schalke 04,3,0,2023-01-21 14:30:00,Daichi Kamada,Aerial
1601,504599,44,MissedShots,0.8130000305175781,0.48700000762939455,0.06880830228328705,Eric Junior Dina Ebimbe,h,7562,OpenPlay,2022,LeftFoot,19482,Eintracht Frankfurt,Schalke 04,3,0,2023-01-21 14:30:00,,None
1602,504602,50,MissedShots,0.9590000152587891,0.3609999847412109,0.07901780307292938,Eric Junior Dina Ebimbe,h,7562,OpenPlay,2022,RightFoot,19482,Eintracht Frankfurt,Schalke 04,3,0,2023-01-21 14:30:00,Jesper Lindstrom,Chipped
1603,517950,75,BlockedShot,0.8469999694824218,0.4470000076293945,0.02612750045955181,Eric Junior Dina Ebimbe,a,7562,OpenPlay,2022,RightFoot,19577,Bayer Leverkusen,Eintracht Frankfurt,3,1,2023-04-08 13:30:00,,Aerial
1604,519702,61,BlockedShot,0.9480000305175781,0.48200000762939454,0.08154010027647018,Eric Junior Dina Ebimbe,h,7562,FromCorner,2022,Head,19589,Eintracht Frankfurt,Borussia M.Gladbach,1,1,2023-04-15 16:30:00,Christopher Lenz,Aerial
1605,519704,64,SavedShot,0.7919999694824219,0.45599998474121095,0.03517179936170578,Eric Junior Dina Ebimbe,h,7562,OpenPlay,2022,RightFoot,19589,Eintracht Frankfurt,Borussia M.Gladbach,1,1,2023-04-15 16:30:00,,Rebound
1606,519709,74,SavedShot,0.9159999847412109,0.5029999923706054,0.49733299016952515,Eric Junior Dina Ebimbe,h,7562,OpenPlay,2022,RightFoot,19589,Eintracht Frankfurt,Borussia M.Gladbach,1,1,2023-04-15 16:30:00,,Rebound
1607,521048,34,SavedShot,0.904000015258789,0.4979999923706055,0.0737011656165123,Eric Junior Dina Ebimbe,a,7562,SetPiece,2022,Head,19594,Borussia Dortmund,Eintracht Frankfurt,4,0,2023-04-22 16:30:00,Christopher Lenz,Chipped
1608,522641,70,MissedShots,0.8780000305175781,0.5109999847412109,0.11952023208141327,Eric Junior Dina Ebimbe,h,7562,OpenPlay,2022,LeftFoot,19607,Eintracht Frankfurt,Augsburg,1,1,2023-04-29 13:30:00,Santos Borré,Pass
1609,524601,74,SavedShot,0.7480000305175781,0.495,0.02001217193901539,Eric Junior Dina Ebimbe,a,7562,OpenPlay,2022,RightFoot,19616,Hoffenheim,Eintracht Frankfurt,3,1,2023-05-06 13:30:00,Daichi Kamada,Pass
1610,527358,93,MissedShots,0.92,0.3659999847412109,0.09695415198802948,Eric Junior Dina Ebimbe,a,7562,OpenPlay,2022,RightFoot,19637,Schalke 04,Eintracht Frankfurt,2,2,2023-05-20 13:30:00,Daichi Kamada,Pass
1611,529154,90,Goal,0.9790000152587891,0.45,0.631870448589325,Eric Junior Dina Ebimbe,h,7562,OpenPlay,2022,RightFoot,19644,Eintracht Frankfurt,Freiburg,2,1,2023-05-27 13:30:00,,None
1612,529156,94,MissedShots,0.775,0.4809999847412109,0.03351634740829468,Eric Junior Dina Ebimbe,h,7562,OpenPlay,2022,RightFoot,19644,Eintracht Frankfurt,Freiburg,2,1,2023-05-27 13:30:00,,Rebound
1613,533827,52,MissedShots,0.935,0.5379999923706055,0.11990633606910706,Eric Junior Dina Ebimbe,h,7562,FromCorner,2023,Head,23073,Eintracht Frankfurt,Darmstadt,1,0,2023-08-20 15:30:00,Mario Götze,Cross
1614,533832,70,SavedShot,0.874000015258789,0.29200000762939454,0.047906555235385895,Eric Junior Dina Ebimbe,h,7562,OpenPlay,2023,RightFoot,23073,Eintracht Frankfurt,Darmstadt,1,0,2023-08-20 15:30:00,Mario Götze,Pass
1615,536887,23,SavedShot,0.7919999694824219,0.5840000152587891,0.03619026020169258,Eric Junior Dina Ebimbe,h,7562,OpenPlay,2023,RightFoot,23090,Eintracht Frankfurt,FC Cologne,1,1,2023-09-03 13:30:00,Ellyes Skhiri,Pass
1616,536889,28,MissedShots,0.850999984741211,0.4979999923706055,0.09945745021104813,Eric Junior Dina Ebimbe,h,7562,OpenPlay,2023,RightFoot,23090,Eintracht Frankfurt,FC Cologne,1,1,2023-09-03 13:30:00,Aurélio Buta,Pass
1617,536891,34,BlockedShot,0.8480000305175781,0.595999984741211,0.07253118604421616,Eric Junior Dina Ebimbe,h,7562,OpenPlay,2023,RightFoot,23090,Eintracht Frankfurt,FC Cologne,1,1,2023-09-03 13:30:00,Omar Marmoush,Pass
1618,536899,53,BlockedShot,0.9690000152587891,0.5259999847412109,0.16059865057468414,Eric Junior Dina Ebimbe,h,7562,FromCorner,2023,Head,23090,Eintracht Frankfurt,FC Cologne,1,1,2023-09-03 13:30:00,,Aerial
1619,537860,10,SavedShot,0.9259999847412109,0.67,0.15645566582679749,Eric Junior Dina Ebimbe,a,7562,OpenPlay,2023,RightFoot,23098,Bochum,Eintracht Frankfurt,1,1,2023-09-16 16:30:00,Mario Götze,TakeOn
1620,537875,54,Goal,0.8390000152587891,0.5070000076293946,0.06564395129680634,Eric Junior Dina Ebimbe,a,7562,OpenPlay,2023,LeftFoot,23098,Bochum,Eintracht Frankfurt,1,1,2023-09-16 16:30:00,,None
1621,539922,27,BlockedShot,0.764000015258789,0.534000015258789,0.020811809226870537,Eric Junior Dina Ebimbe,h,7562,FromCorner,2023,RightFoot,23109,Eintracht Frankfurt,Freiburg,0,0,2023-09-24 15:30:00,Tuta,LayOff
1622,540986,52,MissedShots,0.6930000305175781,0.4159999847412109,0.014132548123598099,Eric Junior Dina Ebimbe,a,7562,OpenPlay,2023,RightFoot,23113,Wolfsburg,Eintracht Frankfurt,2,0,2023-09-30 13:30:00,Ellyes Skhiri,Pass
1623,540987,55,MissedShots,0.9,0.5020000076293946,0.02389449253678322,Eric Junior Dina Ebimbe,a,7562,FromCorner,2023,Head,23113,Wolfsburg,Eintracht Frankfurt,2,0,2023-09-30 13:30:00,Farès Chaïbi,Aerial
1624,543902,88,MissedShots,0.905,0.3189999961853027,0.0872848778963089,Eric Junior Dina Ebimbe,a,7562,OpenPlay,2023,RightFoot,23132,Hoffenheim,Eintracht Frankfurt,1,3,2023-10-21 13:30:00,Ellyes Skhiri,Pass
1625,546800,42,MissedShots,0.9280000305175782,0.5129999923706055,0.12985844910144806,Eric Junior Dina Ebimbe,a,7562,SetPiece,2023,Head,23147,Union Berlin,Eintracht Frankfurt,0,3,2023-11-04 14:30:00,Farès Chaïbi,Cross
1626,549147,53,MissedShots,0.88,0.29100000381469726,0.04343791306018829,Eric Junior Dina Ebimbe,a,7562,OpenPlay,2023,RightFoot,23159,Werder Bremen,Eintracht Frankfurt,2,2,2023-11-12 16:30:00,Mario Götze,Pass
1627,549983,7,BlockedShot,0.9109999847412109,0.47900001525878905,0.11983783543109894,Eric Junior Dina Ebimbe,h,7562,OpenPlay,2023,LeftFoot,23167,Eintracht Frankfurt,VfB Stuttgart,1,2,2023-11-25 17:30:00,,Rebound
1628,549982,7,SavedShot,0.9059999847412109,0.5,0.12728294730186462,Eric Junior Dina Ebimbe,h,7562,OpenPlay,2023,LeftFoot,23167,Eintracht Frankfurt,VfB Stuttgart,1,2,2023-11-25 17:30:00,Omar Marmoush,Pass
1629,549987,15,BlockedShot,0.6780000305175782,0.42200000762939455,0.012997528538107872,Eric Junior Dina Ebimbe,h,7562,OpenPlay,2023,RightFoot,23167,Eintracht Frankfurt,VfB Stuttgart,1,2,2023-11-25 17:30:00,Ellyes Skhiri,Pass
1630,549993,38,BlockedShot,0.85,0.4420000076293945,0.08307800441980362,Eric Junior Dina Ebimbe,h,7562,OpenPlay,2023,LeftFoot,23167,Eintracht Frankfurt,VfB Stuttgart,1,2,2023-11-25 17:30:00,Omar Marmoush,Pass
1631,550003,77,BlockedShot,0.86,0.5479999923706055,0.11392223834991455,Eric Junior Dina Ebimbe,h,7562,OpenPlay,2023,RightFoot,23167,Eintracht Frankfurt,VfB Stuttgart,1,2,2023-11-25 17:30:00,Ellyes Skhiri,TakeOn
1632,552009,7,MissedShots,0.885,0.55,0.0993698313832283,Eric Junior Dina Ebimbe,a,7562,OpenPlay,2023,RightFoot,23179,Augsburg,Eintracht Frankfurt,2,1,2023-12-03 18:30:00,Omar Marmoush,Foul
1633,552829,3,BlockedShot,0.9490000152587891,0.6419999694824219,0.053825389593839645,Eric Junior Dina Ebimbe,h,7562,OpenPlay,2023,LeftFoot,23184,Eintracht Frankfurt,Bayern Munich,5,1,2023-12-09 14:30:00,Hugo Larsson,Cross
1634,552834,17,BlockedShot,0.7519999694824219,0.605999984741211,0.03818126395344734,Eric Junior Dina Ebimbe,h,7562,OpenPlay,2023,RightFoot,23184,Eintracht Frankfurt,Bayern Munich,5,1,2023-12-09 14:30:00,Omar Marmoush,Pass
1635,552840,30,Goal,0.9309999847412109,0.6029999923706054,0.15342208743095398,Eric Junior Dina Ebimbe,h,7562,OpenPlay,2023,LeftFoot,23184,Eintracht Frankfurt,Bayern Munich,5,1,2023-12-09 14:30:00,,TakeOn
1636,552850,49,Goal,0.924000015258789,0.5929999923706055,0.3915879428386688,Eric Junior Dina Ebimbe,h,7562,OpenPlay,2023,LeftFoot,23184,Eintracht Frankfurt,Bayern Munich,5,1,2023-12-09 14:30:00,Farès Chaïbi,Pass
1637,555720,39,MissedShots,0.830999984741211,0.6580000305175782,0.03552061691880226,Eric Junior Dina Ebimbe,h,7562,OpenPlay,2023,RightFoot,23203,Eintracht Frankfurt,Borussia M.Gladbach,2,1,2023-12-20 19:30:00,Philipp Max,Pass
1638,558085,24,MissedShots,0.9069999694824219,0.4540000152587891,0.06848884373903275,Eric Junior Dina Ebimbe,a,7562,FromCorner,2023,Head,23210,RasenBallsport Leipzig,Eintracht Frankfurt,0,1,2024-01-13 14:30:00,Donny van de Beek,Cross
1639,558977,6,BlockedShot,0.805,0.38299999237060545,0.042119767516851425,Eric Junior Dina Ebimbe,a,7562,OpenPlay,2023,LeftFoot,23226,Darmstadt,Eintracht Frankfurt,2,2,2024-01-20 14:30:00,,BallRecovery
1640,558993,90,MissedShots,0.9359999847412109,0.27899999618530275,0.06494375318288803,Eric Junior Dina Ebimbe,a,7562,OpenPlay,2023,RightFoot,23226,Darmstadt,Eintracht Frankfurt,2,2,2024-01-20 14:30:00,,BallTouch
1641,559557,26,MissedShots,0.85,0.505,0.02363406866788864,Eric Junior Dina Ebimbe,h,7562,OpenPlay,2023,Head,23230,Eintracht Frankfurt,Mainz 05,1,0,2024-01-26 19:30:00,Mario Götze,Cross
1642,559567,66,MissedShots,0.8809999847412109,0.42200000762939455,0.02647780068218708,Eric Junior Dina Ebimbe,h,7562,OpenPlay,2023,Head,23230,Eintracht Frankfurt,Mainz 05,1,0,2024-01-26 19:30:00,,Aerial
1643,564477,99,MissedShots,0.895,0.44799999237060545,0.07287292927503586,Eric Junior Dina Ebimbe,a,7562,SetPiece,2023,Head,23255,Freiburg,Eintracht Frankfurt,3,3,2024-02-18 14:30:00,Niels Nkounkou,Cross
1644,565733,5,MissedShots,0.905,0.5270000076293946,0.09011697769165039,Eric Junior Dina Ebimbe,h,7562,SetPiece,2023,RightFoot,23267,Eintracht Frankfurt,Wolfsburg,2,2,2024-02-25 14:30:00,,Dispossessed
1645,565734,7,SavedShot,0.8690000152587891,0.514000015258789,0.037859197705984116,Eric Junior Dina Ebimbe,h,7562,OpenPlay,2023,Head,23267,Eintracht Frankfurt,Wolfsburg,2,2,2024-02-25 14:30:00,Philipp Max,Cross
1646,565742,33,BlockedShot,0.794000015258789,0.47299999237060547,0.062675341963768,Eric Junior Dina Ebimbe,h,7562,OpenPlay,2023,LeftFoot,23267,Eintracht Frankfurt,Wolfsburg,2,2,2024-02-25 14:30:00,,TakeOn
1647,566421,21,MissedShots,0.9109999847412109,0.45299999237060545,0.09880123287439346,Eric Junior Dina Ebimbe,a,7562,OpenPlay,2023,RightFoot,23279,FC Heidenheim,Eintracht Frankfurt,1,2,2024-03-02 14:30:00,,None
1648,568778,2,SavedShot,0.8830000305175781,0.37099998474121093,0.124020054936409,Eric Junior Dina Ebimbe,h,7562,OpenPlay,2023,LeftFoot,23284,Eintracht Frankfurt,Hoffenheim,3,1,2024-03-10 16:30:00,Mario Götze,TakeOn
1649,568783,19,SavedShot,0.8880000305175781,0.4620000076293945,0.06000138819217682,Eric Junior Dina Ebimbe,h,7562,OpenPlay,2023,LeftFoot,23284,Eintracht Frankfurt,Hoffenheim,3,1,2024-03-10 16:30:00,Tuta,TakeOn
1650,568789,49,Goal,0.92,0.53,0.3708553910255432,Eric Junior Dina Ebimbe,h,7562,OpenPlay,2023,Head,23284,Eintracht Frankfurt,Hoffenheim,3,1,2024-03-10 16:30:00,Mario Götze,Cross
1651,568791,54,MissedShots,0.9059999847412109,0.46599998474121096,0.48856836557388306,Eric Junior Dina Ebimbe,h,7562,OpenPlay,2023,RightFoot,23284,Eintracht Frankfurt,Hoffenheim,3,1,2024-03-10 16:30:00,,None
1652,570086,49,SavedShot,0.9169999694824219,0.3220000076293945,0.0645589530467987,Eric Junior Dina Ebimbe,a,7562,OpenPlay,2023,RightFoot,23290,Borussia Dortmund,Eintracht Frankfurt,3,1,2024-03-17 16:30:00,Omar Marmoush,Pass
1653,570589,28,BlockedShot,0.8440000152587891,0.46299999237060546,0.126745343208313,Eric Junior Dina Ebimbe,h,7562,OpenPlay,2023,LeftFoot,23302,Eintracht Frankfurt,Union Berlin,0,0,2024-03-30 14:30:00,Robin Koch,TakeOn
1654,570599,65,BlockedShot,0.9569999694824218,0.34900001525878904,0.24015718698501587,Eric Junior Dina Ebimbe,h,7562,OpenPlay,2023,RightFoot,23302,Eintracht Frankfurt,Union Berlin,0,0,2024-03-30 14:30:00,Omar Marmoush,Pass
1655,572053,31,MissedShots,0.8730000305175781,0.37799999237060544,0.0633271262049675,Eric Junior Dina Ebimbe,h,7562,OpenPlay,2023,RightFoot,23311,Eintracht Frankfurt,Werder Bremen,1,1,2024-04-05 18:30:00,,Rebound
1656,574693,14,SavedShot,0.794000015258789,0.34900001525878904,0.023765867576003075,Eric Junior Dina Ebimbe,h,7562,OpenPlay,2023,LeftFoot,23329,Eintracht Frankfurt,Augsburg,3,1,2024-04-19 18:30:00,Hugo Ekitike,Pass
1657,574705,67,SavedShot,0.8969999694824219,0.5629999923706055,0.26151373982429504,Eric Junior Dina Ebimbe,h,7562,SetPiece,2023,Head,23329,Eintracht Frankfurt,Augsburg,3,1,2024-04-19 18:30:00,Farès Chaïbi,Chipped
1658,576666,28,MissedShots,0.8190000152587891,0.5129999923706055,0.09254347532987595,Eric Junior Dina Ebimbe,a,7562,OpenPlay,2023,RightFoot,23335,Bayern Munich,Eintracht Frankfurt,2,1,2024-04-27 13:30:00,,None
1659,576674,48,MissedShots,0.895,0.6680000305175782,0.047789160162210464,Eric Junior Dina Ebimbe,a,7562,FromCorner,2023,LeftFoot,23335,Bayern Munich,Eintracht Frankfurt,2,1,2024-04-27 13:30:00,Ansgar Knauff,HeadPass
1660,579080,68,MissedShots,0.9030000305175782,0.29600000381469727,0.05079161748290062,Eric Junior Dina Ebimbe,h,7562,OpenPlay,2023,RightFoot,23346,Eintracht Frankfurt,Bayer Leverkusen,1,5,2024-05-05 15:30:00,Mario Götze,Pass
1661,579745,16,MissedShots,0.965,0.44,0.42102333903312683,Eric Junior Dina Ebimbe,a,7562,FromCorner,2023,Head,23357,Borussia M.Gladbach,Eintracht Frankfurt,1,1,2024-05-11 13:30:00,Farès Chaïbi,Cross
1662,579748,34,Goal,0.9069999694824219,0.47200000762939454,0.48990175127983093,Eric Junior Dina Ebimbe,a,7562,OpenPlay,2023,RightFoot,23357,Borussia M.Gladbach,Eintracht Frankfurt,1,1,2024-05-11 13:30:00,Hugo Ekitike,Pass
1663,579753,49,MissedShots,0.9059999847412109,0.4640000152587891,0.07192691415548325,Eric Junior Dina Ebimbe,a,7562,FromCorner,2023,Head,23357,Borussia M.Gladbach,Eintracht Frankfurt,1,1,2024-05-11 13:30:00,Farès Chaïbi,Cross
1664,581570,92,MissedShots,0.855,0.624000015258789,0.07076872140169144,Eric Junior Dina Ebimbe,h,7562,OpenPlay,2023,RightFoot,23365,Eintracht Frankfurt,RasenBallsport Leipzig,2,2,2024-05-18 13:30:00,Omar Marmoush,Pass
1665,594694,56,BlockedShot,0.8780000305175781,0.5579999923706055,0.018628809601068497,Eric Junior Dina Ebimbe,a,7562,OpenPlay,2024,Head,27785,Holstein Kiel,Eintracht Frankfurt,2,4,2024-09-29 13:30:00,Farès Chaïbi,Aerial
1666,594695,56,BlockedShot,0.73,0.46700000762939453,0.015215862542390823,Eric Junior Dina Ebimbe,a,7562,FromCorner,2024,RightFoot,27785,Holstein Kiel,Eintracht Frankfurt,2,4,2024-09-29 13:30:00,,None
1667,594696,58,MissedShots,0.9019999694824219,0.7340000152587891,0.037336260080337524,Eric Junior Dina Ebimbe,a,7562,OpenPlay,2024,LeftFoot,27785,Holstein Kiel,Eintracht Frankfurt,2,4,2024-09-29 13:30:00,Omar Marmoush,Pass
1668,596344,83,MissedShots,0.904000015258789,0.555,0.5149151086807251,Eric Junior Dina Ebimbe,h,7562,OpenPlay,2024,LeftFoot,27787,Eintracht Frankfurt,Bayern Munich,3,3,2024-10-06 15:30:00,Rasmus Kristensen,Challenge
1669,596987,23,BlockedShot,0.8669999694824219,0.34799999237060547,0.07753191888332367,Eric Junior Dina Ebimbe,a,7562,OpenPlay,2024,LeftFoot,27796,Bayer Leverkusen,Eintracht Frankfurt,2,1,2024-10-19 13:30:00,Rasmus Kristensen,Pass
1670,599049,48,BlockedShot,0.8219999694824218,0.28299999237060547,0.03244416043162346,Eric Junior Dina Ebimbe,a,7562,OpenPlay,2024,LeftFoot,27811,Union Berlin,Eintracht Frankfurt,1,1,2024-10-27 16:30:00,Omar Marmoush,Pass
1671,599061,87,MissedShots,0.9080000305175782,0.46599998474121096,0.04657715931534767,Eric Junior Dina Ebimbe,a,7562,SetPiece,2024,Head,27811,Union Berlin,Eintracht Frankfurt,1,1,2024-10-27 16:30:00,Farès Chaïbi,Aerial
1672,602248,46,MissedShots,0.8219999694824218,0.44799999237060545,0.07724788039922714,Eric Junior Dina Ebimbe,a,7562,OpenPlay,2024,LeftFoot,27823,VfB Stuttgart,Eintracht Frankfurt,2,3,2024-11-10 16:30:00,Hugo Ekitike,Pass
1673,385149,64,MissedShots,0.7580000305175781,0.6909999847412109,0.016959799453616142,Niels Nkounkou,a,8109,OpenPlay,2020,LeftFoot,14501,Newcastle United,Everton,2,1,2020-11-01 14:00:00,Bernard,Pass
1674,536906,86,Goal,0.9019999694824219,0.6680000305175782,0.0662584900856018,Niels Nkounkou,h,8109,OpenPlay,2023,LeftFoot,23090,Eintracht Frankfurt,FC Cologne,1,1,2023-09-03 13:30:00,Paxten Aaronson,Pass
1675,549150,61,MissedShots,0.76,0.7580000305175781,0.012340914458036423,Niels Nkounkou,a,8109,OpenPlay,2023,LeftFoot,23159,Werder Bremen,Eintracht Frankfurt,2,2,2023-11-12 16:30:00,Ellyes Skhiri,Pass
1676,552021,59,MissedShots,0.745,0.66,0.012434419244527817,Niels Nkounkou,a,8109,OpenPlay,2023,RightFoot,23179,Augsburg,Eintracht Frankfurt,2,1,2023-12-03 18:30:00,Philipp Max,Pass
1677,552026,80,BlockedShot,0.9319999694824219,0.3129999923706055,0.06734192371368408,Niels Nkounkou,a,8109,OpenPlay,2023,LeftFoot,23179,Augsburg,Eintracht Frankfurt,2,1,2023-12-03 18:30:00,,TakeOn
1678,552027,86,SavedShot,0.8069999694824219,0.28299999237060547,0.023449644446372986,Niels Nkounkou,a,8109,OpenPlay,2023,LeftFoot,23179,Augsburg,Eintracht Frankfurt,2,1,2023-12-03 18:30:00,Jessic Ngankam,Pass
1679,552857,82,MissedShots,0.79,0.6569999694824219,0.07169833779335022,Niels Nkounkou,h,8109,OpenPlay,2023,LeftFoot,23184,Eintracht Frankfurt,Bayern Munich,5,1,2023-12-09 14:30:00,,BallRecovery
1680,552862,89,MissedShots,0.8830000305175781,0.725999984741211,0.03326720371842384,Niels Nkounkou,h,8109,OpenPlay,2023,RightFoot,23184,Eintracht Frankfurt,Bayern Munich,5,1,2023-12-09 14:30:00,Hugo Larsson,TakeOn
1681,558094,55,MissedShots,0.855999984741211,0.7230000305175781,0.04379572719335556,Niels Nkounkou,a,8109,OpenPlay,2023,LeftFoot,23210,RasenBallsport Leipzig,Eintracht Frankfurt,0,1,2024-01-13 14:30:00,Sasa Kalajdzic,Pass
1682,558976,2,SavedShot,0.7669999694824219,0.6659999847412109,0.02983168140053749,Niels Nkounkou,a,8109,FromCorner,2023,LeftFoot,23226,Darmstadt,Eintracht Frankfurt,2,2,2024-01-20 14:30:00,Mario Götze,Pass
1683,558978,13,SavedShot,0.875999984741211,0.7140000152587891,0.04367784410715103,Niels Nkounkou,a,8109,OpenPlay,2023,LeftFoot,23226,Darmstadt,Eintracht Frankfurt,2,2,2024-01-20 14:30:00,Mario Götze,Chipped
1684,558979,32,Goal,0.905,0.5690000152587891,0.3877168893814087,Niels Nkounkou,a,8109,OpenPlay,2023,LeftFoot,23226,Darmstadt,Eintracht Frankfurt,2,2,2024-01-20 14:30:00,Eric Junior Dina Ebimbe,Pass
1685,559565,63,MissedShots,0.7580000305175781,0.61,0.023063339293003082,Niels Nkounkou,h,8109,OpenPlay,2023,LeftFoot,23230,Eintracht Frankfurt,Mainz 05,1,0,2024-01-26 19:30:00,Ansgar Knauff,Pass
1686,561395,50,BlockedShot,0.7469999694824219,0.5720000076293945,0.020491765812039375,Niels Nkounkou,a,8109,OpenPlay,2023,LeftFoot,23241,FC Cologne,Eintracht Frankfurt,2,0,2024-02-03 17:30:00,Mario Götze,BallTouch
1687,561403,64,MissedShots,0.7880000305175782,0.7230000305175781,0.01494701486080885,Niels Nkounkou,a,8109,OpenPlay,2023,LeftFoot,23241,FC Cologne,Eintracht Frankfurt,2,0,2024-02-03 17:30:00,,None
1688,566427,48,Goal,0.8980000305175782,0.6880000305175781,0.07592396438121796,Niels Nkounkou,a,8109,OpenPlay,2023,LeftFoot,23279,FC Heidenheim,Eintracht Frankfurt,1,2,2024-03-02 14:30:00,Tuta,Pass
1689,568781,7,BlockedShot,0.825,0.63,0.041351065039634705,Niels Nkounkou,h,8109,OpenPlay,2023,LeftFoot,23284,Eintracht Frankfurt,Hoffenheim,3,1,2024-03-10 16:30:00,Eric Junior Dina Ebimbe,BallTouch
1690,570089,63,SavedShot,0.7269999694824218,0.6170000076293946,0.011367215774953365,Niels Nkounkou,a,8109,OpenPlay,2023,LeftFoot,23290,Borussia Dortmund,Eintracht Frankfurt,3,1,2024-03-17 16:30:00,Mario Götze,Chipped
1691,570099,94,MissedShots,0.8630000305175781,0.6480000305175782,0.05533220246434212,Niels Nkounkou,a,8109,FromCorner,2023,LeftFoot,23290,Borussia Dortmund,Eintracht Frankfurt,3,1,2024-03-17 16:30:00,Robin Koch,Rebound
1692,570591,33,BlockedShot,0.7530000305175781,0.5309999847412109,0.02053414285182953,Niels Nkounkou,h,8109,OpenPlay,2023,RightFoot,23302,Eintracht Frankfurt,Union Berlin,0,0,2024-03-30 14:30:00,Ellyes Skhiri,Pass
1693,570592,40,MissedShots,0.8009999847412109,0.6880000305175781,0.02561015449464321,Niels Nkounkou,h,8109,OpenPlay,2023,LeftFoot,23302,Eintracht Frankfurt,Union Berlin,0,0,2024-03-30 14:30:00,Eric Junior Dina Ebimbe,Pass
1694,572072,81,BlockedShot,0.8490000152587891,0.6719999694824219,0.04439738020300865,Niels Nkounkou,h,8109,OpenPlay,2023,RightFoot,23311,Eintracht Frankfurt,Werder Bremen,1,1,2024-04-05 18:30:00,,None
1695,572073,83,MissedShots,0.735,0.600999984741211,0.01882929727435112,Niels Nkounkou,h,8109,OpenPlay,2023,LeftFoot,23311,Eintracht Frankfurt,Werder Bremen,1,1,2024-04-05 18:30:00,Hugo Larsson,Pass
1696,572079,94,MissedShots,0.9030000305175782,0.455,0.047844696789979935,Niels Nkounkou,h,8109,OpenPlay,2023,Head,23311,Eintracht Frankfurt,Werder Bremen,1,1,2024-04-05 18:30:00,William Pacho,Aerial
1697,589005,19,MissedShots,0.7809999847412109,0.635,0.0262632854282856,Niels Nkounkou,h,8109,OpenPlay,2024,LeftFoot,27756,Eintracht Frankfurt,Hoffenheim,3,1,2024-08-31 13:30:00,Hugo Ekitike,Pass
1698,605717,39,MissedShots,0.8019999694824219,0.6719999694824219,0.027734259143471718,Niels Nkounkou,h,8109,OpenPlay,2024,LeftFoot,27858,Eintracht Frankfurt,Augsburg,2,2,2024-12-07 14:30:00,Farès Chaïbi,Pass
1699,431478,85,Goal,0.92,0.40099998474121096,0.1690800040960312,Arthur Theate,a,9999,FromCorner,2021,Head,16789,Inter,Bologna,6,1,2021-09-18 16:00:00,Musa Barrow,Cross
1700,433957,48,MissedShots,0.9219999694824219,0.500999984741211,0.10664799809455872,Arthur Theate,a,9999,FromCorner,2021,Head,16806,Empoli,Bologna,4,2,2021-09-26 13:00:00,Nicola Sansone,Cross
1701,433960,55,BlockedShot,0.9440000152587891,0.5029999923706054,0.08333560079336166,Arthur Theate,a,9999,FromCorner,2021,Head,16806,Empoli,Bologna,4,2,2021-09-26 13:00:00,,None
1702,433962,58,MissedShots,0.914000015258789,0.47200000762939454,0.03434719890356064,Arthur Theate,a,9999,FromCorner,2021,Head,16806,Empoli,Bologna,4,2,2021-09-26 13:00:00,Nicola Sansone,Aerial
1703,435216,16,Goal,0.9840000152587891,0.42900001525878906,0.31696999073028564,Arthur Theate,h,9999,FromCorner,2021,Head,16817,Bologna,Lazio,3,0,2021-10-03 10:30:00,Musa Barrow,Cross
1704,436827,59,BlockedShot,0.6869999694824219,0.674000015258789,0.012972899712622166,Arthur Theate,a,9999,OpenPlay,2021,LeftFoot,16834,Udinese,Bologna,1,1,2021-10-17 13:00:00,Luis Binks,Pass
1705,438030,78,SavedShot,0.93,0.4520000076293945,0.0467911995947361,Arthur Theate,h,9999,FromCorner,2021,Head,16837,Bologna,AC Milan,2,4,2021-10-23 18:45:00,Mattias Svanberg,Aerial
1706,439236,28,BlockedShot,0.8619999694824219,0.7190000152587891,0.013790800236165524,Arthur Theate,a,9999,SetPiece,2021,LeftFoot,16851,Napoli,Bologna,3,0,2021-10-28 18:45:00,,Aerial
1707,441543,20,MissedShots,0.9169999694824219,0.605999984741211,0.18123100697994232,Arthur Theate,a,9999,FromCorner,2021,LeftFoot,16872,Sampdoria,Bologna,1,2,2021-11-07 14:00:00,Mattias Svanberg,Cross
1708,443119,15,SavedShot,0.66,0.6329999923706054,0.010268599726259708,Arthur Theate,h,9999,OpenPlay,2021,LeftFoot,16877,Bologna,Venezia,0,1,2021-11-21 14:00:00,Nicolás Domínguez,Pass
1709,443126,58,MissedShots,0.9340000152587891,0.5540000152587891,0.10160599648952484,Arthur Theate,h,9999,FromCorner,2021,Head,16877,Bologna,Venezia,0,1,2021-11-21 14:00:00,Riccardo Orsolini,Cross
1710,444526,44,BlockedShot,0.889000015258789,0.5540000152587891,0.07165840268135071,Arthur Theate,a,9999,FromCorner,2021,RightFoot,16893,Spezia,Bologna,0,1,2021-11-28 14:00:00,,Foul
1711,449508,31,MissedShots,0.7080000305175781,0.6559999847412109,0.014278300106525421,Arthur Theate,h,9999,OpenPlay,2021,LeftFoot,16927,Bologna,Juventus,0,2,2021-12-18 17:00:00,Gary Medel,Pass
1712,452917,23,SavedShot,0.92,0.6559999847412109,0.05525369942188263,Arthur Theate,a,9999,FromCorner,2021,LeftFoot,16956,Cagliari,Bologna,2,1,2022-01-11 19:45:00,Nicolás Domínguez,HeadPass
1713,453876,21,MissedShots,0.7,0.45099998474121095,0.011902299709618092,Arthur Theate,h,9999,OpenPlay,2021,LeftFoot,16967,Bologna,Napoli,0,2,2022-01-17 17:30:00,,BallRecovery
1714,456848,43,MissedShots,0.895,0.4209999847412109,0.0392954982817173,Arthur Theate,a,9999,FromCorner,2021,Head,17000,Lazio,Bologna,3,0,2022-02-12 14:00:00,Mattias Svanberg,Cross
1715,459631,86,MissedShots,0.7180000305175781,0.5740000152587891,0.014271399937570095,Arthur Theate,a,9999,OpenPlay,2021,LeftFoot,17022,Salernitana,Bologna,1,1,2022-02-26 14:00:00,Jerdy Schouten,Pass
1716,464803,66,BlockedShot,0.7880000305175782,0.6830000305175781,0.014872799627482891,Arthur Theate,h,9999,SetPiece,2021,LeftFoot,17046,Bologna,Atalanta,0,1,2022-03-20 19:45:00,,None
1717,467719,26,MissedShots,0.9230000305175782,0.45299999237060545,0.0438821017742157,Arthur Theate,h,9999,FromCorner,2021,Head,17066,Bologna,Sampdoria,2,0,2022-04-11 18:45:00,Musa Barrow,Aerial
1718,467739,89,MissedShots,0.774000015258789,0.754000015258789,0.017083799466490746,Arthur Theate,h,9999,OpenPlay,2021,LeftFoot,17066,Bologna,Sampdoria,2,0,2022-04-11 18:45:00,Jerdy Schouten,Pass
1719,474102,7,SavedShot,0.9369999694824219,0.6459999847412109,0.053376201540231705,Arthur Theate,a,9999,OpenPlay,2021,LeftFoot,17115,Venezia,Bologna,4,3,2022-05-08 13:00:00,Aaron Hickey,Cross
1720,479830,64,OwnGoal,0.09600000381469727,0.5970000076293945,0,Arthur Theate,h,9999,OpenPlay,2022,LeftFoot,19656,Rennes,Lorient,0,1,2022-08-07 15:05:00,,None
1721,482485,32,SavedShot,0.9259999847412109,0.5259999847412109,0.13794399797916412,Arthur Theate,h,9999,FromCorner,2022,LeftFoot,19676,Rennes,Ajaccio,2,1,2022-08-21 15:05:00,,Rebound
1722,482495,61,Goal,0.9619999694824218,0.39799999237060546,0.03511570021510124,Arthur Theate,h,9999,FromCorner,2022,Head,19676,Rennes,Ajaccio,2,1,2022-08-21 15:05:00,Loic Bade,Rebound
1723,486677,92,SavedShot,0.9290000152587891,0.45799999237060546,0.05102970078587532,Arthur Theate,a,9999,FromCorner,2022,Head,19707,Troyes,Rennes,1,1,2022-09-04 15:05:00,Désiré Doué,Aerial
1724,489202,1,MissedShots,0.9069999694824219,0.495,0.05730719864368439,Arthur Theate,a,9999,FromCorner,2022,Head,19725,Marseille,Rennes,1,1,2022-09-18 13:00:00,Flavien Tait,Chipped
1725,489213,28,BlockedShot,0.9380000305175781,0.5479999923706055,0.05789190158247948,Arthur Theate,a,9999,FromCorner,2022,Head,19725,Marseille,Rennes,1,1,2022-09-18 13:00:00,Benjamin Bourigeaud,Aerial
1726,495340,63,MissedShots,0.9340000152587891,0.515,0.0650710016489029,Arthur Theate,a,9999,FromCorner,2022,Head,19759,Angers,Rennes,1,2,2022-10-23 11:00:00,Benjamin Bourigeaud,Aerial
1727,495346,82,MissedShots,0.955,0.5159999847412109,0.4764449894428253,Arthur Theate,a,9999,FromCorner,2022,Head,19759,Angers,Rennes,1,2,2022-10-23 11:00:00,Christopher Wooh,Rebound
1728,500395,63,MissedShots,0.9569999694824218,0.5590000152587891,0.5546759963035583,Arthur Theate,h,9999,FromCorner,2022,RightFoot,19797,Rennes,Toulouse,2,1,2022-11-12 20:00:00,,Rebound
1729,501372,45,Goal,0.9840000152587891,0.5320000076293945,0.8188989758491516,Arthur Theate,a,9999,FromCorner,2022,LeftFoot,19806,Reims,Rennes,3,1,2022-12-29 18:00:00,Martin Terrier,HeadPass
1730,502138,82,MissedShots,0.9469999694824218,0.475,0.07827849686145782,Arthur Theate,h,9999,FromCorner,2022,Head,19816,Rennes,Nice,2,1,2023-01-02 20:00:00,Benjamin Bourigeaud,Aerial
1731,503155,21,SavedShot,0.6919999694824219,0.5870000076293945,0.01257409993559122,Arthur Theate,a,9999,OpenPlay,2022,LeftFoot,19820,Clermont Foot,Rennes,2,1,2023-01-11 18:00:00,Hamari Traore,Pass
1732,503163,63,MissedShots,0.95,0.5629999923706055,0.11778400093317032,Arthur Theate,a,9999,FromCorner,2022,Head,19820,Clermont Foot,Rennes,2,1,2023-01-11 18:00:00,Lovro Majer,Cross
1733,512973,20,BlockedShot,0.899000015258789,0.515,0.06469769775867462,Arthur Theate,h,9999,FromCorner,2022,Head,19904,Rennes,Marseille,0,1,2023-03-05 19:45:00,Benjamin Bourigeaud,Cross
1734,512984,76,MissedShots,0.925,0.47900001525878905,0.11046399921178818,Arthur Theate,h,9999,FromCorner,2022,Head,19904,Rennes,Marseille,0,1,2023-03-05 19:45:00,Benjamin Bourigeaud,Cross
1735,512989,94,SavedShot,0.9730000305175781,0.42200000762939455,0.05346570163965225,Arthur Theate,h,9999,OpenPlay,2022,Head,19904,Rennes,Marseille,0,1,2023-03-05 19:45:00,Ibrahim Salah,Aerial
1736,515722,19,MissedShots,0.8690000152587891,0.5840000152587891,0.020133500918745995,Arthur Theate,a,9999,FromCorner,2022,Head,19922,Paris Saint Germain,Rennes,0,2,2023-03-19 16:05:00,Benjamin Bourigeaud,Cross
1737,516663,77,BlockedShot,0.914000015258789,0.4909999847412109,0.0415802001953125,Arthur Theate,h,9999,FromCorner,2022,Head,19937,Rennes,Lens,0,1,2023-04-01 19:00:00,Lovro Majer,Aerial
1738,518473,13,MissedShots,0.9,0.47200000762939454,0.061694301664829254,Arthur Theate,a,9999,FromCorner,2022,Head,19944,Lyon,Rennes,3,1,2023-04-09 11:00:00,Benjamin Bourigeaud,Cross
1739,519596,67,Goal,0.874000015258789,0.36400001525878906,0.04449370130896568,Arthur Theate,h,9999,FromCorner,2022,LeftFoot,19956,Rennes,Reims,3,0,2023-04-15 15:00:00,Amine Gouiri,Pass
1740,519600,92,MissedShots,0.9259999847412109,0.4779999923706055,0.11181200295686722,Arthur Theate,h,9999,FromCorner,2022,Head,19956,Rennes,Reims,3,0,2023-04-15 15:00:00,Désiré Doué,Cross
1741,521604,32,MissedShots,0.9030000305175782,0.4979999923706055,0.07519824057817459,Arthur Theate,a,9999,FromCorner,2022,RightFoot,19963,Montpellier,Rennes,1,0,2023-04-23 15:00:00,Benjamin Bourigeaud,Cross
1742,521612,59,BlockedShot,0.7219999694824218,0.4979999923706055,0.013284914195537567,Arthur Theate,a,9999,OpenPlay,2022,LeftFoot,19963,Montpellier,Rennes,1,0,2023-04-23 15:00:00,,None
1743,521614,63,ShotOnPost,0.6530000305175782,0.674000015258789,0.00995803065598011,Arthur Theate,a,9999,OpenPlay,2022,LeftFoot,19963,Montpellier,Rennes,1,0,2023-04-23 15:00:00,Warmed Omari,Pass
1744,521621,87,MissedShots,0.7969999694824219,0.5459999847412109,0.030666586011648178,Arthur Theate,a,9999,FromCorner,2022,LeftFoot,19963,Montpellier,Rennes,1,0,2023-04-23 15:00:00,Amine Gouiri,Pass
1745,524712,41,MissedShots,0.715999984741211,0.534000015258789,0.015142527408897877,Arthur Theate,a,9999,OpenPlay,2022,LeftFoot,19983,Nice,Rennes,2,1,2023-05-06 15:00:00,,BallRecovery
1746,526562,13,Goal,0.905,0.5320000076293945,0.1599731594324112,Arthur Theate,h,9999,FromCorner,2022,OtherBodyPart,19996,Rennes,Troyes,4,0,2023-05-14 13:00:00,,None
1747,526569,46,MissedShots,0.7930000305175782,0.3579999923706055,0.019952015951275826,Arthur Theate,h,9999,SetPiece,2022,LeftFoot,19996,Rennes,Troyes,4,0,2023-05-14 13:00:00,,None
1748,526570,51,SavedShot,0.924000015258789,0.500999984741211,0.11273764073848724,Arthur Theate,h,9999,FromCorner,2022,Head,19996,Rennes,Troyes,4,0,2023-05-14 13:00:00,Benjamin Bourigeaud,Cross
1749,526571,53,MissedShots,0.94,0.5970000076293945,0.043059077113866806,Arthur Theate,h,9999,FromCorner,2022,Head,19996,Rennes,Troyes,4,0,2023-05-14 13:00:00,Hamari Traore,Pass
1750,526584,84,SavedShot,0.97,0.6719999694824219,0.0359061025083065,Arthur Theate,h,9999,FromCorner,2022,LeftFoot,19996,Rennes,Troyes,4,0,2023-05-14 13:00:00,Lovro Majer,Chipped
1751,529387,45,MissedShots,0.879000015258789,0.46599998474121096,0.08161643147468567,Arthur Theate,h,9999,FromCorner,2022,RightFoot,20016,Rennes,Monaco,2,0,2023-05-27 19:00:00,Baptiste Santamaria,None
1752,532551,9,MissedShots,0.9180000305175782,0.4570000076293945,0.03591376543045044,Arthur Theate,h,9999,FromCorner,2023,Head,23371,Rennes,Metz,5,1,2023-08-13 15:05:00,Benjamin Bourigeaud,Aerial
1753,535174,85,MissedShots,0.7340000152587891,0.685,0.016640406101942062,Arthur Theate,h,9999,OpenPlay,2023,LeftFoot,23391,Rennes,Le Havre,2,2,2023-08-27 11:00:00,Nemanja Matic,Pass
1754,539873,59,SavedShot,0.5109999847412109,0.534000015258789,0.007319926749914885,Arthur Theate,a,9999,OpenPlay,2023,LeftFoot,23423,Montpellier,Rennes,0,0,2023-09-24 15:05:00,Lorenz Assignon,Pass
1755,542007,64,MissedShots,0.89,0.44599998474121094,0.05471639707684517,Arthur Theate,h,9999,FromCorner,2023,LeftFoot,23426,Rennes,Nantes,3,1,2023-10-01 18:45:00,Benjamin Bourigeaud,Cross
1756,542008,66,MissedShots,0.9169999694824219,0.5309999847412109,0.03967426344752312,Arthur Theate,h,9999,FromCorner,2023,Head,23426,Rennes,Nantes,3,1,2023-10-01 18:45:00,Benjamin Bourigeaud,Aerial
1757,549065,25,MissedShots,0.685,0.6359999847412109,0.01155921258032322,Arthur Theate,h,9999,OpenPlay,2023,LeftFoot,23470,Rennes,Lyon,0,1,2023-11-12 16:05:00,Christopher Wooh,Pass
1758,549076,87,MissedShots,0.9059999847412109,0.46900001525878904,0.04936334118247032,Arthur Theate,h,9999,FromCorner,2023,RightFoot,23470,Rennes,Lyon,0,1,2023-11-12 16:05:00,,Aerial
1759,550461,3,BlockedShot,0.9590000152587891,0.5570000076293945,0.06712643802165985,Arthur Theate,h,9999,FromCorner,2023,Head,23481,Rennes,Reims,3,1,2023-11-26 16:05:00,Martin Terrier,Rebound
1760,550479,65,Goal,0.93,0.49900001525878906,0.42709454894065857,Arthur Theate,h,9999,SetPiece,2023,Head,23481,Rennes,Reims,3,1,2023-11-26 16:05:00,Benjamin Bourigeaud,Cross
1761,552993,9,MissedShots,0.9159999847412109,0.49599998474121093,0.09823333472013474,Arthur Theate,h,9999,FromCorner,2023,Head,23499,Rennes,Monaco,1,2,2023-12-09 16:00:00,Benjamin Bourigeaud,Cross
1762,553004,54,MissedShots,0.740999984741211,0.645,0.018205998465418816,Arthur Theate,h,9999,OpenPlay,2023,LeftFoot,23499,Rennes,Monaco,1,2,2023-12-09 16:00:00,Enzo Le Fée,Pass
1763,553011,78,SavedShot,0.9259999847412109,0.535,0.3224090039730072,Arthur Theate,h,9999,FromCorner,2023,Head,23499,Rennes,Monaco,1,2,2023-12-09 16:00:00,Benjamin Bourigeaud,Cross
1764,553017,92,MissedShots,0.91,0.5109999847412109,0.08539194613695145,Arthur Theate,h,9999,FromCorner,2023,Head,23499,Rennes,Monaco,1,2,2023-12-09 16:00:00,Benjamin Bourigeaud,Cross
1765,554811,84,BlockedShot,0.899000015258789,0.23299999237060548,0.02446342445909977,Arthur Theate,a,9999,SetPiece,2023,LeftFoot,23506,Toulouse,Rennes,0,0,2023-12-17 14:00:00,Nemanja Matic,Pass
1766,555533,48,MissedShots,0.9030000305175782,0.5640000152587891,0.01702711172401905,Arthur Theate,a,9999,FromCorner,2023,Head,23520,Clermont Foot,Rennes,1,3,2023-12-20 20:00:00,Enzo Le Fée,Aerial
1767,561298,12,BlockedShot,0.7369999694824219,0.40599998474121096,0.05340340733528137,Arthur Theate,h,9999,DirectFreekick,2023,LeftFoot,23543,Rennes,Montpellier,2,1,2024-02-03 16:00:00,,Standard
1768,561299,17,MissedShots,0.9369999694824219,0.5129999923706055,0.4128459692001343,Arthur Theate,h,9999,FromCorner,2023,Head,23543,Rennes,Montpellier,2,1,2024-02-03 16:00:00,Benjamin Bourigeaud,Cross
1769,564372,57,SavedShot,0.9119999694824219,0.6279999923706054,0.17866124212741852,Arthur Theate,h,9999,OpenPlay,2023,RightFoot,23561,Rennes,Clermont Foot,3,1,2024-02-18 14:00:00,Ibrahim Salah,TakeOn
1770,577424,67,Goal,0.7130000305175781,0.615,0.011197809129953384,Arthur Theate,h,9999,OpenPlay,2023,LeftFoot,23643,Rennes,Brest,4,5,2024-04-28 15:05:00,Benjamin Bourigeaud,Pass
1771,577428,72,BlockedShot,0.75,0.6229999923706054,0.020389927551150322,Arthur Theate,h,9999,OpenPlay,2023,LeftFoot,23643,Rennes,Brest,4,5,2024-04-28 15:05:00,Amine Gouiri,Pass
1772,578674,8,BlockedShot,0.9009999847412109,0.5359999847412109,0.03803739324212074,Arthur Theate,a,9999,FromCorner,2023,Head,23657,Metz,Rennes,2,3,2024-05-04 17:00:00,,Rebound
1773,578689,55,MissedShots,0.7290000152587891,0.6730000305175782,0.015429149381816387,Arthur Theate,a,9999,OpenPlay,2023,LeftFoot,23657,Metz,Rennes,2,3,2024-05-04 17:00:00,Azor Matusiwa,Pass
1774,586320,10,MissedShots,0.7219999694824218,0.585,0.012515394948422909,Arthur Theate,a,9999,OpenPlay,2024,LeftFoot,27748,Borussia Dortmund,Eintracht Frankfurt,2,0,2024-08-24 16:30:00,,None
1775,589012,49,MissedShots,0.975999984741211,0.34599998474121096,0.017539003863930702,Arthur Theate,h,9999,SetPiece,2024,Head,27756,Eintracht Frankfurt,Hoffenheim,3,1,2024-08-31 13:30:00,Niels Nkounkou,Cross
1776,590631,67,ShotOnPost,0.884000015258789,0.4420000076293945,0.03206639736890793,Arthur Theate,a,9999,FromCorner,2024,Head,27764,Wolfsburg,Eintracht Frankfurt,1,2,2024-09-14 13:30:00,Farès Chaïbi,Cross
1777,594693,53,SavedShot,0.7040000152587891,0.76,0.011881507933139801,Arthur Theate,a,9999,OpenPlay,2024,LeftFoot,27785,Holstein Kiel,Eintracht Frankfurt,2,4,2024-09-29 13:30:00,Mahmoud Dahoud,Pass
1778,594699,61,BlockedShot,0.8140000152587891,0.5829999923706055,0.04716918617486954,Arthur Theate,a,9999,OpenPlay,2024,LeftFoot,27785,Holstein Kiel,Eintracht Frankfurt,2,4,2024-09-29 13:30:00,,None
1779,597002,67,MissedShots,0.7780000305175782,0.6359999847412109,0.016562210395932198,Arthur Theate,a,9999,SetPiece,2024,LeftFoot,27796,Bayer Leverkusen,Eintracht Frankfurt,2,1,2024-10-19 13:30:00,,None
1780,599034,4,MissedShots,0.9359999847412109,0.40599998474121096,0.09323562681674957,Arthur Theate,a,9999,FromCorner,2024,LeftFoot,27811,Union Berlin,Eintracht Frankfurt,1,1,2024-10-27 16:30:00,,None
1781,599037,13,BlockedShot,0.8730000305175781,0.5409999847412109,0.08820042014122009,Arthur Theate,a,9999,FromCorner,2024,LeftFoot,27811,Union Berlin,Eintracht Frankfurt,1,1,2024-10-27 16:30:00,,Rebound
1782,603062,46,MissedShots,0.74,0.62,0.021050672978162766,Arthur Theate,h,9999,OpenPlay,2024,LeftFoot,27836,Eintracht Frankfurt,Werder Bremen,1,0,2024-11-23 17:30:00,Ellyes Skhiri,Pass
1783,603070,66,SavedShot,0.8930000305175781,0.48900001525878906,0.05674290657043457,Arthur Theate,h,9999,FromCorner,2024,Head,27836,Eintracht Frankfurt,Werder Bremen,1,0,2024-11-23 17:30:00,Omar Marmoush,Cross
1784,604927,13,MissedShots,0.7609999847412109,0.654000015258789,0.018739724531769753,Arthur Theate,a,9999,OpenPlay,2024,LeftFoot,27843,FC Heidenheim,Eintracht Frankfurt,0,4,2024-12-01 16:30:00,Ellyes Skhiri,Pass
1785,605720,46,MissedShots,0.9109999847412109,0.4929999923706055,0.08639083057641983,Arthur Theate,h,9999,FromCorner,2024,LeftFoot,27858,Eintracht Frankfurt,Augsburg,2,2,2024-12-07 14:30:00,Omar Marmoush,Cross
1786,607823,54,MissedShots,0.7809999847412109,0.624000015258789,0.02479437179863453,Arthur Theate,a,9999,OpenPlay,2024,LeftFoot,27859,RasenBallsport Leipzig,Eintracht Frankfurt,2,1,2024-12-15 18:30:00,,None
1787,607822,54,BlockedShot,0.749000015258789,0.624000015258789,0.020914433524012566,Arthur Theate,a,9999,OpenPlay,2024,LeftFoot,27859,RasenBallsport Leipzig,Eintracht Frankfurt,2,1,2024-12-15 18:30:00,Omar Marmoush,Pass
1788,607827,73,BlockedShot,0.9230000305175782,0.534000015258789,0.10396159440279007,Arthur Theate,a,9999,FromCorner,2024,Head,27859,RasenBallsport Leipzig,Eintracht Frankfurt,2,1,2024-12-15 18:30:00,Omar Marmoush,Cross
1789,608259,46,MissedShots,0.6969999694824218,0.6459999847412109,0.009146854281425476,Arthur Theate,h,9999,OpenPlay,2024,LeftFoot,27871,Eintracht Frankfurt,Mainz 05,1,3,2024-12-21 14:30:00,Robin Koch,Pass
1790,608261,48,MissedShots,0.749000015258789,0.6759999847412109,0.009040961973369122,Arthur Theate,h,9999,OpenPlay,2024,LeftFoot,27871,Eintracht Frankfurt,Mainz 05,1,3,2024-12-21 14:30:00,Robin Koch,Cross
1791,608274,69,BlockedShot,0.9059999847412109,0.44299999237060544,0.023735173046588898,Arthur Theate,h,9999,FromCorner,2024,Head,27871,Eintracht Frankfurt,Mainz 05,1,3,2024-12-21 14:30:00,Can Uzun,Aerial
1792,608288,91,SavedShot,0.705999984741211,0.5279999923706055,0.011801973916590214,Arthur Theate,h,9999,OpenPlay,2024,LeftFoot,27871,Eintracht Frankfurt,Mainz 05,1,3,2024-12-21 14:30:00,Rasmus Kristensen,Pass
1793,515293,72,MissedShots,0.945,0.35200000762939454,0.28233298659324646,Jean Négoce,a,10830,OpenPlay,2022,RightFoot,19923,Lens,Angers,3,0,2023-03-18 20:00:00,,BallRecovery
1794,520505,15,MissedShots,0.8969999694824219,0.5779999923706055,0.04902049899101257,Jean Négoce,h,10830,OpenPlay,2022,RightFoot,19960,Angers,Paris Saint Germain,1,2,2023-04-21 19:00:00,,Aerial
1795,520509,33,MissedShots,0.909000015258789,0.5720000076293945,0.06580659747123718,Jean Négoce,h,10830,OpenPlay,2022,Head,19960,Angers,Paris Saint Germain,1,2,2023-04-21 19:00:00,Abdoulaye Bamba,Cross
1796,520522,69,MissedShots,0.7619999694824219,0.43099998474121093,0.018702149391174316,Jean Négoce,h,10830,FromCorner,2022,RightFoot,19960,Angers,Paris Saint Germain,1,2,2023-04-21 19:00:00,,None
1797,599964,46,BlockedShot,0.8669999694824219,0.57,0.10665541142225266,Jean Négoce,h,10830,OpenPlay,2024,RightFoot,27817,Eintracht Frankfurt,Bochum,7,2,2024-11-02 14:30:00,Ellyes Skhiri,Pass
1798,605737,91,SavedShot,0.875,0.6279999923706054,0.046999454498291016,Jean Négoce,h,10830,OpenPlay,2024,RightFoot,27858,Eintracht Frankfurt,Augsburg,2,2,2024-12-07 14:30:00,Can Uzun,Cross
1799,608273,69,BlockedShot,0.765,0.6509999847412109,0.027914369478821754,Jean Négoce,h,10830,FromCorner,2024,RightFoot,27871,Eintracht Frankfurt,Mainz 05,1,3,2024-12-21 14:30:00,,TakeOn
1800,608249,14,OwnGoal,0.017000000476837158,0.5020000076293946,0,Kauã Santos,h,12075,OpenPlay,2024,OtherBodyPart,27871,Eintracht Frankfurt,Mainz 05,1,3,2024-12-21 14:30:00,,None
1801,604940,80,SavedShot,0.8369999694824218,0.43,0.26588279008865356,Oscar Højlund,a,12952,OpenPlay,2024,RightFoot,27843,FC Heidenheim,Eintracht Frankfurt,0,4,2024-12-01 16:30:00,Hugo Ekitike,Pass
1802,608257,44,BlockedShot,0.915,0.5129999923706055,0.3189200758934021,Oscar Højlund,h,12952,OpenPlay,2024,Head,27871,Eintracht Frankfurt,Mainz 05,1,3,2024-12-21 14:30:00,Nathaniel Brown,Cross
1803,594686,33,MissedShots,0.8380000305175781,0.5829999923706055,0.05261797457933426,Aurèle Amenda,a,12955,SetPiece,2024,LeftFoot,27785,Holstein Kiel,Eintracht Frankfurt,2,4,2024-09-29 13:30:00,,None
