,id,minute,result,X,Y,xG,player,h_a,player_id,situation,season,shotType,match_id,h_team,a_team,h_goals,a_goals,date,player_assisted,lastAction
0,154180,93,Goal,0.9319999694824219,0.46599998474121096,0.3704090118408203,Moise Kean,a,1304,SetPiece,2016,Head,3715,Bologna,Juventus,1,2,2017-05-27 17:00:00,Miralem Pjanic,Chipped
1,173223,56,MissedShots,0.9359999847412109,0.4209999847412109,0.11155799776315689,Moise Kean,h,1304,FromCorner,2017,RightFoot,7523,Verona,Fiorentina,0,5,2017-09-10 14:00:00,Martín Cáceres,HeadPass
2,173222,56,BlockedShot,0.805,0.534000015258789,0.03250269964337349,Moise Kean,h,1304,OpenPlay,2017,RightFoot,7523,Verona,Fiorentina,0,5,2017-09-10 14:00:00,,None
3,173504,9,MissedShots,0.8369999694824218,0.3240000152587891,0.03520369902253151,Moise Kean,a,1304,OpenPlay,2017,RightFoot,7535,Roma,Verona,3,0,2017-09-16 19:45:00,Rômulo,Pass
4,173516,44,BlockedShot,0.8290000152587891,0.4209999847412109,0.038023900240659714,Moise Kean,a,1304,OpenPlay,2017,RightFoot,7535,Roma,Verona,3,0,2017-09-16 19:45:00,Alex Ferrari,Chipped
5,173780,82,MissedShots,0.7930000305175782,0.455,0.04232100024819374,Moise Kean,h,1304,OpenPlay,2017,RightFoot,7544,Verona,Sampdoria,0,0,2017-09-20 19:45:00,,BallRecovery
6,173993,85,MissedShots,0.7240000152587891,0.4540000152587891,0.014171100221574306,Moise Kean,h,1304,OpenPlay,2017,RightFoot,7552,Verona,Lazio,0,3,2017-09-24 14:00:00,Lee Seung-Woo,BallTouch
7,174381,8,BlockedShot,0.89,0.524000015258789,0.090549997985363,Moise Kean,a,1304,OpenPlay,2017,RightFoot,7567,Torino,Verona,2,2,2017-10-01 14:00:00,,None
8,174391,48,MissedShots,0.9069999694824219,0.5220000076293946,0.08217749744653702,Moise Kean,a,1304,OpenPlay,2017,Head,7567,Torino,Verona,2,2,2017-10-01 14:00:00,Alessio Cerci,Cross
9,174394,57,MissedShots,0.8630000305175781,0.5940000152587891,0.05280889943242073,Moise Kean,a,1304,OpenPlay,2017,LeftFoot,7567,Torino,Verona,2,2,2017-10-01 14:00:00,Daniele Verde,Chipped
10,174395,58,SavedShot,0.7680000305175781,0.66,0.01681460067629814,Moise Kean,a,1304,OpenPlay,2017,RightFoot,7567,Torino,Verona,2,2,2017-10-01 14:00:00,Daniel Bessa,Pass
11,174406,86,ShotOnPost,0.9740000152587891,0.509000015258789,0.8248929977416992,Moise Kean,a,1304,OpenPlay,2017,RightFoot,7567,Torino,Verona,2,2,2017-10-01 14:00:00,Antonio Caracciolo,Pass
12,174408,86,Goal,0.97,0.515,0.6677020192146301,Moise Kean,a,1304,OpenPlay,2017,RightFoot,7567,Torino,Verona,2,2,2017-10-01 14:00:00,Alessio Cerci,None
13,174553,54,SavedShot,0.9209999847412109,0.64,0.09402350336313248,Moise Kean,h,1304,OpenPlay,2017,LeftFoot,7573,Verona,Benevento,1,0,2017-10-16 19:45:00,Daniel Bessa,Pass
14,174791,88,MissedShots,0.7969999694824219,0.40700000762939453,0.02799919992685318,Moise Kean,a,1304,OpenPlay,2017,RightFoot,7581,Chievo,Verona,3,2,2017-10-22 19:30:00,Rômulo,HeadPass
15,174961,7,MissedShots,0.8380000305175781,0.4759999847412109,0.08386459946632385,Moise Kean,a,1304,OpenPlay,2017,RightFoot,7589,Atalanta,Verona,3,0,2017-10-25 17:30:00,Alessio Cerci,Pass
16,174972,25,SavedShot,0.8330000305175781,0.6270000076293946,0.05169510096311569,Moise Kean,a,1304,OpenPlay,2017,RightFoot,7589,Atalanta,Verona,3,0,2017-10-25 17:30:00,Alessio Cerci,Pass
17,174975,37,SavedShot,0.9569999694824218,0.4909999847412109,0.6936920285224915,Moise Kean,a,1304,OpenPlay,2017,RightFoot,7589,Atalanta,Verona,3,0,2017-10-25 17:30:00,Mohamed Fares,Pass
18,174979,46,BlockedShot,0.9030000305175782,0.5870000076293945,0.08318430185317993,Moise Kean,a,1304,OpenPlay,2017,RightFoot,7589,Atalanta,Verona,3,0,2017-10-25 17:30:00,Rômulo,Cross
19,176356,55,BlockedShot,0.885,0.5179999923706055,0.08785759657621384,Moise Kean,h,1304,SetPiece,2017,RightFoot,7643,Verona,Genoa,0,1,2017-12-04 20:00:00,,BallTouch
20,176363,73,SavedShot,0.9130000305175782,0.41700000762939454,0.10987500101327896,Moise Kean,h,1304,OpenPlay,2017,RightFoot,7643,Verona,Genoa,0,1,2017-12-04 20:00:00,Samuel Souprayen,Throughball
21,180265,39,SavedShot,0.855,0.44799999237060545,0.06705659627914429,Moise Kean,a,1304,OpenPlay,2017,RightFoot,7657,SPAL 2013,Verona,2,2,2017-12-10 14:00:00,,Rebound
22,180264,39,BlockedShot,0.8109999847412109,0.4779999923706055,0.07606329768896103,Moise Kean,a,1304,OpenPlay,2017,LeftFoot,7657,SPAL 2013,Verona,2,2,2017-12-10 14:00:00,Daniele Verde,TakeOn
23,184849,54,Goal,0.899000015258789,0.4909999847412109,0.4360960125923157,Moise Kean,h,1304,OpenPlay,2017,LeftFoot,7664,Verona,AC Milan,3,0,2017-12-17 11:30:00,Daniel Bessa,Pass
24,184853,67,MissedShots,0.9259999847412109,0.5579999923706055,0.0863443985581398,Moise Kean,h,1304,FromCorner,2017,Head,7664,Verona,AC Milan,3,0,2017-12-17 11:30:00,Daniele Verde,Cross
25,185240,14,BlockedShot,0.86,0.38599998474121094,0.08491069823503494,Moise Kean,a,1304,OpenPlay,2017,RightFoot,7678,Udinese,Verona,4,0,2017-12-23 14:00:00,Rômulo,Pass
26,186678,8,BlockedShot,0.794000015258789,0.4129999923706055,0.03756549954414368,Moise Kean,a,1304,OpenPlay,2017,RightFoot,7692,Napoli,Verona,2,0,2018-01-06 14:00:00,Rômulo,Pass
27,190356,19,Goal,0.9740000152587891,0.5379999923706055,0.6442070007324219,Moise Kean,a,1304,OpenPlay,2017,RightFoot,7713,Fiorentina,Verona,1,4,2018-01-28 14:00:00,Ryder Matos,Chipped
28,190357,31,MissedShots,0.8590000152587891,0.6609999847412109,0.07870429754257202,Moise Kean,a,1304,OpenPlay,2017,LeftFoot,7713,Fiorentina,Verona,1,4,2018-01-28 14:00:00,Mohamed Fares,TakeOn
29,190362,45,Goal,0.8930000305175781,0.4159999847412109,0.34214699268341064,Moise Kean,a,1304,OpenPlay,2017,RightFoot,7713,Fiorentina,Verona,1,4,2018-01-28 14:00:00,Bruno Petkovic,Pass
30,195929,31,MissedShots,0.86,0.40400001525878904,0.05712920054793358,Moise Kean,a,1304,OpenPlay,2017,RightFoot,7734,Sampdoria,Verona,2,0,2018-02-11 14:00:00,Rolando Aarons,Cross
31,195940,73,BlockedShot,0.774000015258789,0.29100000381469726,0.018745599314570427,Moise Kean,a,1304,OpenPlay,2017,RightFoot,7734,Sampdoria,Verona,2,0,2018-02-11 14:00:00,Rômulo,Pass
32,197032,45,MissedShots,0.75,0.47,0.01969889923930168,Moise Kean,a,1304,OpenPlay,2017,LeftFoot,7744,Lazio,Verona,2,0,2018-02-19 19:45:00,,None
33,197038,61,MissedShots,0.8780000305175781,0.5609999847412109,0.04841269925236702,Moise Kean,a,1304,FromCorner,2017,RightFoot,7744,Lazio,Verona,2,0,2018-02-19 19:45:00,Rômulo,Cross
34,197917,70,MissedShots,0.925,0.33099998474121095,0.06249089911580086,Moise Kean,h,1304,OpenPlay,2017,RightFoot,7750,Verona,Torino,2,1,2018-02-25 14:00:00,Mattia Valoti,Chipped
35,284183,10,Goal,0.93,0.5309999847412109,0.5604919791221619,Moise Kean,h,1304,OpenPlay,2018,RightFoot,9842,Juventus,Udinese,4,1,2019-03-08 19:30:00,,None
36,284189,38,Goal,0.9069999694824219,0.6409999847412109,0.09425800293684006,Moise Kean,h,1304,OpenPlay,2018,RightFoot,9842,Juventus,Udinese,4,1,2019-03-08 19:30:00,,BallRecovery
37,287707,71,Goal,0.855,0.6,0.0617263987660408,Moise Kean,h,1304,OpenPlay,2018,RightFoot,9862,Juventus,Empoli,1,0,2019-03-30 17:00:00,Mario Mandzukic,HeadPass
38,287708,78,SavedShot,0.855999984741211,0.5179999923706055,0.3582119941711426,Moise Kean,h,1304,OpenPlay,2018,LeftFoot,9862,Juventus,Empoli,1,0,2019-03-30 17:00:00,Miralem Pjanic,Throughball
39,291074,58,SavedShot,0.9130000305175782,0.54,0.4886550009250641,Moise Kean,a,1304,OpenPlay,2018,RightFoot,9868,Cagliari,Juventus,0,2,2019-04-02 20:00:00,,None
40,291077,73,BlockedShot,0.93,0.42200000762939455,0.14299499988555908,Moise Kean,a,1304,OpenPlay,2018,RightFoot,9868,Cagliari,Juventus,0,2,2019-04-02 20:00:00,Rodrigo Bentancur,Pass
41,291081,80,SavedShot,0.779000015258789,0.7090000152587891,0.28647100925445557,Moise Kean,a,1304,OpenPlay,2018,RightFoot,9868,Cagliari,Juventus,0,2,2019-04-02 20:00:00,Blaise Matuidi,Throughball
42,291083,84,Goal,0.9630000305175781,0.5220000076293946,0.7623419761657715,Moise Kean,a,1304,OpenPlay,2018,RightFoot,9868,Cagliari,Juventus,0,2,2019-04-02 20:00:00,Rodrigo Bentancur,Pass
43,291085,89,BlockedShot,0.8830000305175781,0.32799999237060545,0.08474169671535492,Moise Kean,a,1304,OpenPlay,2018,RightFoot,9868,Cagliari,Juventus,0,2,2019-04-02 20:00:00,Federico Bernardeschi,Pass
44,292122,70,MissedShots,0.93,0.48900001525878906,0.10721000283956528,Moise Kean,h,1304,FromCorner,2018,RightFoot,9886,Juventus,AC Milan,2,1,2019-04-06 17:00:00,Mario Mandzukic,BallTouch
45,292126,80,BlockedShot,0.8730000305175781,0.3920000076293945,0.09622430056333542,Moise Kean,h,1304,OpenPlay,2018,RightFoot,9886,Juventus,AC Milan,2,1,2019-04-06 17:00:00,Federico Bernardeschi,Pass
46,292128,83,Goal,0.879000015258789,0.39599998474121095,0.31673699617385864,Moise Kean,h,1304,OpenPlay,2018,RightFoot,9886,Juventus,AC Milan,2,1,2019-04-06 17:00:00,Miralem Pjanic,Pass
47,293391,29,Goal,0.855999984741211,0.4620000076293945,0.07164590060710907,Moise Kean,a,1304,OpenPlay,2018,RightFoot,9895,SPAL 2013,Juventus,2,1,2019-04-13 14:00:00,João Cancelo,Rebound
48,298920,24,BlockedShot,0.850999984741211,0.37900001525878907,0.06486029922962189,Moise Kean,h,1304,OpenPlay,2018,RightFoot,9922,Juventus,Torino,1,1,2019-05-03 19:30:00,Juan Cuadrado,Pass
49,298921,24,BlockedShot,0.8530000305175781,0.38799999237060545,0.05159429833292961,Moise Kean,h,1304,OpenPlay,2018,RightFoot,9922,Juventus,Torino,1,1,2019-05-03 19:30:00,,Rebound
50,298934,75,BlockedShot,0.8340000152587891,0.6120000076293945,0.054713498800992966,Moise Kean,h,1304,OpenPlay,2018,RightFoot,9922,Juventus,Torino,1,1,2019-05-03 19:30:00,Miralem Pjanic,Pass
51,298935,76,SavedShot,0.879000015258789,0.64,0.06216840073466301,Moise Kean,h,1304,OpenPlay,2018,LeftFoot,9922,Juventus,Torino,1,1,2019-05-03 19:30:00,Giorgio Chiellini,Pass
52,304022,37,MissedShots,0.8680000305175781,0.56,0.02213679999113083,Moise Kean,a,1304,OpenPlay,2018,Head,9954,Sampdoria,Juventus,2,0,2019-05-26 18:30:00,Matheus Pereira,Cross
53,304024,46,BlockedShot,0.8330000305175781,0.664000015258789,0.03901749849319458,Moise Kean,a,1304,OpenPlay,2018,RightFoot,9954,Sampdoria,Juventus,2,0,2019-05-26 18:30:00,,None
54,304025,47,MissedShots,0.884000015258789,0.5370000076293945,0.08539179712533951,Moise Kean,a,1304,OpenPlay,2018,LeftFoot,9954,Sampdoria,Juventus,2,0,2019-05-26 18:30:00,Mattia De Sciglio,Cross
55,310542,87,MissedShots,0.805,0.6329999923706054,0.06459350138902664,Moise Kean,h,1304,OpenPlay,2019,RightFoot,11656,Everton,Watford,1,0,2019-08-17 15:00:00,Bernard,TakeOn
56,310543,91,MissedShots,0.84,0.509000015258789,0.08328399807214737,Moise Kean,h,1304,OpenPlay,2019,RightFoot,11656,Everton,Watford,1,0,2019-08-17 15:00:00,Bernard,None
57,316302,45,BlockedShot,0.7780000305175782,0.3890000152587891,0.03634370118379593,Moise Kean,h,1304,OpenPlay,2019,RightFoot,11681,Everton,Wolverhampton Wanderers,3,2,2019-09-01 14:00:00,Richarlison,Pass
58,316303,60,MissedShots,0.9219999694824219,0.4490000152587891,0.11484599858522415,Moise Kean,h,1304,SetPiece,2019,Head,11681,Everton,Wolverhampton Wanderers,3,2,2019-09-01 14:00:00,Gylfi Sigurdsson,Cross
59,320397,19,MissedShots,0.8959999847412109,0.4420000076293945,0.03216790035367012,Moise Kean,h,1304,OpenPlay,2019,Head,11698,Everton,Sheffield United,0,2,2019-09-21 14:00:00,Gylfi Sigurdsson,Aerial
60,320399,30,MissedShots,0.7169999694824218,0.62,0.014639399945735931,Moise Kean,h,1304,OpenPlay,2019,RightFoot,11698,Everton,Sheffield United,0,2,2019-09-21 14:00:00,Lucas Digne,Pass
61,320402,45,BlockedShot,0.8669999694824219,0.35400001525878905,0.06159619987010956,Moise Kean,h,1304,OpenPlay,2019,RightFoot,11698,Everton,Sheffield United,0,2,2019-09-21 14:00:00,Fabian Delph,Pass
62,320404,56,SavedShot,0.9540000152587891,0.415,0.3335599899291992,Moise Kean,h,1304,FromCorner,2019,RightFoot,11698,Everton,Sheffield United,0,2,2019-09-21 14:00:00,Richarlison,Chipped
63,320407,74,BlockedShot,0.88,0.36700000762939455,0.07284919917583466,Moise Kean,h,1304,OpenPlay,2019,RightFoot,11698,Everton,Sheffield United,0,2,2019-09-21 14:00:00,Alex Iwobi,Pass
64,334485,79,MissedShots,0.7969999694824219,0.26799999237060546,0.02108369953930378,Moise Kean,a,1304,OpenPlay,2019,RightFoot,11775,Leicester,Everton,2,1,2019-12-01 16:30:00,Richarlison,Pass
65,334487,85,SavedShot,0.9080000305175782,0.26399999618530273,0.11241500079631805,Moise Kean,a,1304,OpenPlay,2019,RightFoot,11775,Leicester,Everton,2,1,2019-12-01 16:30:00,Richarlison,TakeOn
66,335169,84,MissedShots,0.8059999847412109,0.48900001525878906,0.2884739935398102,Moise Kean,a,1304,OpenPlay,2019,RightFoot,11792,Liverpool,Everton,5,2,2019-12-04 20:15:00,Alex Iwobi,Throughball
67,339746,10,BlockedShot,0.955999984741211,0.40700000762939453,0.07050620019435883,Moise Kean,a,1304,FromCorner,2019,Head,11838,Newcastle United,Everton,1,2,2019-12-28 15:00:00,Leighton Baines,Cross
68,339770,49,SavedShot,0.925,0.4329999923706055,0.4712499976158142,Moise Kean,a,1304,OpenPlay,2019,RightFoot,11838,Newcastle United,Everton,1,2,2019-12-28 15:00:00,Dominic Calvert-Lewin,BallTouch
69,339769,49,MissedShots,0.875,0.41200000762939454,0.03448139876127243,Moise Kean,a,1304,OpenPlay,2019,Head,11838,Newcastle United,Everton,1,2,2019-12-28 15:00:00,Djibril Sidibe,Cross
70,339771,50,SavedShot,0.9019999694824219,0.3320000076293945,0.12525400519371033,Moise Kean,a,1304,OpenPlay,2019,RightFoot,11838,Newcastle United,Everton,1,2,2019-12-28 15:00:00,Michael Keane,BallRecovery
71,339773,56,SavedShot,0.855,0.4209999847412109,0.074208103120327,Moise Kean,a,1304,OpenPlay,2019,RightFoot,11838,Newcastle United,Everton,1,2,2019-12-28 15:00:00,Dominic Calvert-Lewin,BallTouch
72,351585,75,MissedShots,0.89,0.55,0.07811229676008224,Moise Kean,a,1304,OpenPlay,2019,RightFoot,11848,Manchester City,Everton,2,1,2020-01-01 17:30:00,Djibril Sidibe,Cross
73,352099,17,SavedShot,0.784000015258789,0.36900001525878906,0.027630599215626717,Moise Kean,h,1304,OpenPlay,2019,RightFoot,11877,Everton,Newcastle United,2,2,2020-01-21 19:30:00,Theo Walcott,BallTouch
74,352101,29,Goal,0.87,0.49900001525878906,0.37133899331092834,Moise Kean,h,1304,OpenPlay,2019,RightFoot,11877,Everton,Newcastle United,2,2,2020-01-21 19:30:00,Bernard,Throughball
75,352110,60,SavedShot,0.909000015258789,0.500999984741211,0.048927001655101776,Moise Kean,h,1304,OpenPlay,2019,Head,11877,Everton,Newcastle United,2,2,2020-01-21 19:30:00,Dominic Calvert-Lewin,Aerial
76,352477,89,MissedShots,0.88,0.5940000152587891,0.4241020083427429,Moise Kean,a,1304,OpenPlay,2019,LeftFoot,11891,Watford,Everton,2,3,2020-02-01 15:00:00,Richarlison,Pass
77,353134,94,MissedShots,0.7269999694824218,0.44299999237060544,0.013094799593091011,Moise Kean,a,1304,OpenPlay,2019,RightFoot,11903,Arsenal,Everton,3,2,2020-02-23 16:30:00,Gylfi Sigurdsson,TakeOn
78,353362,87,SavedShot,0.9,0.54,0.03637649863958359,Moise Kean,h,1304,FromCorner,2019,Head,11916,Everton,Manchester United,1,1,2020-03-01 14:00:00,Gylfi Sigurdsson,Rebound
79,369346,89,SavedShot,0.830999984741211,0.3940000152587891,0.053197700530290604,Moise Kean,a,1304,OpenPlay,2019,RightFoot,11971,Tottenham,Everton,1,0,2020-07-06 19:00:00,Anthony Gordon,TakeOn
80,371873,77,MissedShots,0.71,0.509000015258789,0.013067400082945824,Moise Kean,h,1304,OpenPlay,2019,RightFoot,11997,Everton,Aston Villa,1,1,2020-07-16 17:00:00,,None
81,373723,40,Goal,0.975,0.529000015258789,0.8479290008544922,Moise Kean,h,1304,OpenPlay,2019,RightFoot,12019,Everton,Bournemouth,1,3,2020-07-26 15:00:00,Theo Walcott,Pass
82,373724,42,SavedShot,0.925,0.46299999237060546,0.12585000693798065,Moise Kean,h,1304,OpenPlay,2019,Head,12019,Everton,Bournemouth,1,3,2020-07-26 15:00:00,Lucas Digne,Cross
83,373729,59,BlockedShot,0.845,0.37099998474121093,0.05526750162243843,Moise Kean,h,1304,OpenPlay,2019,RightFoot,12019,Everton,Bournemouth,1,3,2020-07-26 15:00:00,Gylfi Sigurdsson,Pass
84,373730,61,SavedShot,0.91,0.4370000076293945,0.03386630117893219,Moise Kean,h,1304,OpenPlay,2019,Head,12019,Everton,Bournemouth,1,3,2020-07-26 15:00:00,Lucas Digne,Aerial
85,377351,83,MissedShots,0.759000015258789,0.3940000152587891,0.02234569936990738,Moise Kean,h,1304,OpenPlay,2020,LeftFoot,14096,Everton,West Bromwich Albion,5,2,2020-09-19 11:30:00,Gylfi Sigurdsson,Pass
86,381601,7,MissedShots,0.9080000305175782,0.56,0.09104149788618088,Moise Kean,a,1304,OpenPlay,2020,RightFoot,15822,Nimes,Paris Saint Germain,0,4,2020-10-16 19:00:00,Kylian Mbappe-Lottin,Cross
87,381606,33,MissedShots,0.975,0.3039999961853027,0.05813239887356758,Moise Kean,a,1304,OpenPlay,2020,RightFoot,15822,Nimes,Paris Saint Germain,0,4,2020-10-16 19:00:00,Ander Herrera,Chipped
88,381609,39,SavedShot,0.8640000152587891,0.48200000762939454,0.3752939999103546,Moise Kean,a,1304,OpenPlay,2020,RightFoot,15822,Nimes,Paris Saint Germain,0,4,2020-10-16 19:00:00,,None
89,381631,86,ShotOnPost,0.9130000305175782,0.5520000076293945,0.046314701437950134,Moise Kean,a,1304,OpenPlay,2020,Head,15822,Nimes,Paris Saint Germain,0,4,2020-10-16 19:00:00,Pablo Sarabia,Aerial
90,383595,2,Goal,0.9569999694824218,0.5629999923706055,0.45502999424934387,Moise Kean,h,1304,OpenPlay,2020,RightFoot,15831,Paris Saint Germain,Dijon,4,0,2020-10-24 19:00:00,Mitchel Bakker,Cross
91,383596,4,MissedShots,0.9269999694824219,0.5420000076293945,0.07322920113801956,Moise Kean,h,1304,OpenPlay,2020,Head,15831,Paris Saint Germain,Dijon,4,0,2020-10-24 19:00:00,Pablo Sarabia,Aerial
92,383604,22,Goal,0.9119999694824219,0.425,0.5763940215110779,Moise Kean,h,1304,OpenPlay,2020,RightFoot,15831,Paris Saint Germain,Dijon,4,0,2020-10-24 19:00:00,Neymar,Pass
93,383618,49,MissedShots,0.8519999694824218,0.51,0.11185599863529205,Moise Kean,h,1304,OpenPlay,2020,RightFoot,15831,Paris Saint Germain,Dijon,4,0,2020-10-24 19:00:00,Neymar,Pass
94,386254,10,Goal,0.8009999847412109,0.41,0.04410349950194359,Moise Kean,h,1304,OpenPlay,2020,RightFoot,15846,Paris Saint Germain,Rennes,3,0,2020-11-07 20:00:00,Ángel Di María,BallRecovery
95,386265,43,MissedShots,0.9330000305175781,0.49,0.4484750032424927,Moise Kean,h,1304,SetPiece,2020,Head,15846,Paris Saint Germain,Rennes,3,0,2020-11-07 20:00:00,Ángel Di María,Cross
96,387099,43,ShotOnPost,0.9169999694824219,0.5420000076293945,0.359950989484787,Moise Kean,a,1304,OpenPlay,2020,Head,15861,Monaco,Paris Saint Germain,3,2,2020-11-20 20:00:00,Pablo Sarabia,Cross
97,387106,62,MissedShots,0.8730000305175781,0.645,0.07810089737176895,Moise Kean,a,1304,OpenPlay,2020,LeftFoot,15861,Monaco,Paris Saint Germain,3,2,2020-11-20 20:00:00,Layvin Kurzawa,Pass
98,388989,27,Goal,0.9130000305175782,0.425,0.3917990028858185,Moise Kean,h,1304,OpenPlay,2020,RightFoot,15874,Paris Saint Germain,Bordeaux,2,2,2020-11-28 20:00:00,,Rebound
99,389005,69,MissedShots,0.9419999694824219,0.5109999847412109,0.27585700154304504,Moise Kean,h,1304,FromCorner,2020,Head,15874,Paris Saint Germain,Bordeaux,2,2,2020-11-28 20:00:00,Ángel Di María,Aerial
100,390420,30,BlockedShot,0.9290000152587891,0.624000015258789,0.07226169854402542,Moise Kean,a,1304,OpenPlay,2020,RightFoot,15881,Montpellier,Paris Saint Germain,1,3,2020-12-05 20:00:00,Mitchel Bakker,Cross
101,390430,51,MissedShots,0.8669999694824219,0.5509999847412109,0.07745689898729324,Moise Kean,a,1304,OpenPlay,2020,LeftFoot,15881,Montpellier,Paris Saint Germain,1,3,2020-12-05 20:00:00,,None
102,390432,57,SavedShot,0.8730000305175781,0.4109999847412109,0.09718029946088791,Moise Kean,a,1304,OpenPlay,2020,RightFoot,15881,Montpellier,Paris Saint Germain,1,3,2020-12-05 20:00:00,Timothee Pembele,Pass
103,390437,76,Goal,0.924000015258789,0.3,0.08274129778146744,Moise Kean,a,1304,OpenPlay,2020,RightFoot,15881,Montpellier,Paris Saint Germain,1,3,2020-12-05 20:00:00,Rafinha,Pass
104,393365,43,MissedShots,0.8780000305175781,0.43099998474121093,0.08043070137500763,Moise Kean,h,1304,OpenPlay,2020,RightFoot,15904,Paris Saint Germain,Lorient,2,0,2020-12-16 20:00:00,,None
105,393371,60,Goal,0.8669999694824219,0.43599998474121093,0.35458898544311523,Moise Kean,h,1304,OpenPlay,2020,RightFoot,15904,Paris Saint Germain,Lorient,2,0,2020-12-16 20:00:00,Rafinha,Pass
106,394844,41,SavedShot,0.9430000305175781,0.565,0.11249200254678726,Moise Kean,a,1304,OpenPlay,2020,RightFoot,15915,Lille,Paris Saint Germain,0,0,2020-12-20 20:00:00,Ángel Di María,Cross
107,394846,50,MissedShots,0.94,0.5729999923706055,0.10504099726676941,Moise Kean,a,1304,OpenPlay,2020,RightFoot,15915,Lille,Paris Saint Germain,0,0,2020-12-20 20:00:00,Layvin Kurzawa,Cross
108,394847,54,MissedShots,0.9159999847412109,0.5879999923706055,0.06068370118737221,Moise Kean,a,1304,OpenPlay,2020,OtherBodyPart,15915,Lille,Paris Saint Germain,0,0,2020-12-20 20:00:00,Layvin Kurzawa,Cross
109,394848,57,BlockedShot,0.909000015258789,0.6509999847412109,0.08288150280714035,Moise Kean,a,1304,OpenPlay,2020,LeftFoot,15915,Lille,Paris Saint Germain,0,0,2020-12-20 20:00:00,Ángel Di María,Pass
110,395537,90,Goal,0.9630000305175781,0.46,0.6481419801712036,Moise Kean,h,1304,OpenPlay,2020,RightFoot,15924,Paris Saint Germain,Strasbourg,4,0,2020-12-23 20:00:00,,None
111,397545,9,SavedShot,0.875,0.3770000076293945,0.06046989932656288,Moise Kean,a,1304,OpenPlay,2020,RightFoot,15933,Saint-Etienne,Paris Saint Germain,1,1,2021-01-06 20:00:00,Ander Herrera,Chipped
112,397548,21,Goal,0.919000015258789,0.4979999923706055,0.4902470111846924,Moise Kean,a,1304,OpenPlay,2020,RightFoot,15933,Saint-Etienne,Paris Saint Germain,1,1,2021-01-06 20:00:00,Marco Verratti,Pass
113,397561,70,MissedShots,0.9030000305175782,0.46599998474121096,0.317997008562088,Moise Kean,a,1304,OpenPlay,2020,LeftFoot,15933,Saint-Etienne,Paris Saint Germain,1,1,2021-01-06 20:00:00,Ángel Di María,Cross
114,398115,15,Goal,0.975999984741211,0.5070000076293946,0.6632739901542664,Moise Kean,h,1304,FromCorner,2020,Head,15943,Paris Saint Germain,Brest,3,0,2021-01-09 20:00:00,,None
115,398116,19,MissedShots,0.9290000152587891,0.43,0.11990299820899963,Moise Kean,h,1304,OpenPlay,2020,RightFoot,15943,Paris Saint Germain,Brest,3,0,2021-01-09 20:00:00,Colin Dagba,Cross
116,399194,42,MissedShots,0.9519999694824218,0.51,0.14985500276088715,Moise Kean,a,1304,OpenPlay,2020,Head,15946,Angers,Paris Saint Germain,0,1,2021-01-16 20:00:00,Ángel Di María,Cross
117,402712,5,MissedShots,0.955,0.524000015258789,0.08494319766759872,Moise Kean,h,1304,FromCorner,2020,Head,15981,Paris Saint Germain,Nimes,3,0,2021-02-03 20:00:00,Ángel Di María,Aerial
118,402714,10,ShotOnPost,0.874000015258789,0.44599998474121094,0.01860320009291172,Moise Kean,h,1304,OpenPlay,2020,Head,15981,Paris Saint Germain,Nimes,3,0,2021-02-03 20:00:00,Colin Dagba,Aerial
119,404346,62,SavedShot,0.8230000305175781,0.25299999237060544,0.01644499972462654,Moise Kean,h,1304,OpenPlay,2020,RightFoot,16003,Paris Saint Germain,Nice,2,1,2021-02-13 16:00:00,Julian Draxler,TakeOn
120,404353,75,Goal,0.965,0.5070000076293946,0.6204720139503479,Moise Kean,h,1304,OpenPlay,2020,Head,16003,Paris Saint Germain,Nice,2,1,2021-02-13 16:00:00,Mauro Icardi,Chipped
121,406263,59,SavedShot,0.92,0.45799999237060546,0.5630220174789429,Moise Kean,h,1304,OpenPlay,2020,Head,16013,Paris Saint Germain,Monaco,0,2,2021-02-21 20:00:00,Layvin Kurzawa,Aerial
122,406266,76,BlockedShot,0.8430000305175781,0.495,0.08500160276889801,Moise Kean,h,1304,OpenPlay,2020,RightFoot,16013,Paris Saint Germain,Monaco,0,2,2021-02-21 20:00:00,Kylian Mbappe-Lottin,Pass
123,406265,76,MissedShots,0.865,0.4209999847412109,0.08960200101137161,Moise Kean,h,1304,OpenPlay,2020,RightFoot,16013,Paris Saint Germain,Monaco,0,2,2021-02-21 20:00:00,Alessandro Florenzi,Pass
124,406809,5,Goal,0.9180000305175782,0.53,0.4916140139102936,Moise Kean,a,1304,OpenPlay,2020,RightFoot,16018,Dijon,Paris Saint Germain,0,4,2021-02-27 16:00:00,Abdou Diallo,Pass
125,412085,5,SavedShot,0.9069999694824219,0.4929999923706055,0.34310901165008545,Moise Kean,a,1304,OpenPlay,2020,RightFoot,16055,Lyon,Paris Saint Germain,2,4,2021-03-21 20:00:00,Kylian Mbappe-Lottin,Cross
126,412090,22,SavedShot,0.8230000305175781,0.5479999923706055,0.07351580262184143,Moise Kean,a,1304,OpenPlay,2020,RightFoot,16055,Lyon,Paris Saint Germain,2,4,2021-03-21 20:00:00,Ángel Di María,Pass
127,412100,67,MissedShots,0.855999984741211,0.55,0.08844230324029922,Moise Kean,a,1304,OpenPlay,2020,LeftFoot,16055,Lyon,Paris Saint Germain,2,4,2021-03-21 20:00:00,,None
128,412654,26,SavedShot,0.865,0.415,0.05503400042653084,Moise Kean,h,1304,OpenPlay,2020,RightFoot,16056,Paris Saint Germain,Lille,0,1,2021-04-03 15:00:00,Idrissa Gueye,BallRecovery
129,413930,44,Goal,0.8930000305175781,0.41200000762939454,0.3592970073223114,Moise Kean,a,1304,OpenPlay,2020,RightFoot,16075,Strasbourg,Paris Saint Germain,1,4,2021-04-10 15:00:00,Kylian Mbappe-Lottin,Pass
130,413932,60,SavedShot,0.84,0.500999984741211,0.31197699904441833,Moise Kean,a,1304,OpenPlay,2020,RightFoot,16075,Strasbourg,Paris Saint Germain,1,4,2021-04-10 15:00:00,Leandro Paredes,Chipped
131,413934,66,SavedShot,0.9119999694824219,0.37599998474121094,0.12400399893522263,Moise Kean,a,1304,OpenPlay,2020,RightFoot,16075,Strasbourg,Paris Saint Germain,1,4,2021-04-10 15:00:00,Pablo Sarabia,Pass
132,413937,69,MissedShots,0.9430000305175781,0.544000015258789,0.14088399708271027,Moise Kean,a,1304,OpenPlay,2020,RightFoot,16075,Strasbourg,Paris Saint Germain,1,4,2021-04-10 15:00:00,Mitchel Bakker,Cross
133,415564,55,BlockedShot,0.7769999694824219,0.51,0.03381979838013649,Moise Kean,h,1304,OpenPlay,2020,RightFoot,16077,Paris Saint Germain,Saint-Etienne,3,2,2021-04-18 11:00:00,Kylian Mbappe-Lottin,Pass
134,420917,5,MissedShots,0.9159999847412109,0.5379999923706055,0.10145000368356705,Moise Kean,a,1304,OpenPlay,2020,RightFoot,16113,Rennes,Paris Saint Germain,1,1,2021-05-09 19:00:00,,None
135,420938,60,MissedShots,0.8909999847412109,0.6880000305175781,0.07148189842700958,Moise Kean,a,1304,OpenPlay,2020,RightFoot,16113,Rennes,Paris Saint Germain,1,1,2021-05-09 19:00:00,Neymar,Pass
136,423055,77,BlockedShot,0.789000015258789,0.38,0.06563639640808105,Moise Kean,h,1304,OpenPlay,2020,RightFoot,16125,Paris Saint Germain,Reims,4,0,2021-05-16 19:00:00,Neymar,TakeOn
137,423057,88,Goal,0.855999984741211,0.539000015258789,0.10375600308179855,Moise Kean,h,1304,OpenPlay,2020,LeftFoot,16125,Paris Saint Germain,Reims,4,0,2021-05-16 19:00:00,,Dispossessed
138,432243,85,MissedShots,0.935,0.4540000152587891,0.458189994096756,Moise Kean,h,1304,FromCorner,2021,RightFoot,16790,Juventus,AC Milan,1,1,2021-09-19 18:45:00,Adrien Rabiot,HeadPass
139,432493,6,BlockedShot,0.925,0.44,0.14098699390888214,Moise Kean,a,1304,OpenPlay,2021,RightFoot,16804,Spezia,Juventus,2,3,2021-09-22 16:30:00,Federico Chiesa,Pass
140,432499,27,Goal,0.835,0.42900001525878906,0.040645498782396317,Moise Kean,a,1304,OpenPlay,2021,RightFoot,16804,Spezia,Juventus,2,3,2021-09-22 16:30:00,Adrien Rabiot,HeadPass
141,432509,53,SavedShot,0.925,0.5179999923706055,0.10804100334644318,Moise Kean,a,1304,FromCorner,2021,Head,16804,Spezia,Juventus,2,3,2021-09-22 16:30:00,Paulo Dybala,Cross
142,435048,2,MissedShots,0.9469999694824218,0.34599998474121096,0.4034000039100647,Moise Kean,a,1304,OpenPlay,2021,RightFoot,16825,Torino,Juventus,0,1,2021-10-02 16:00:00,Matthijs de Ligt,TakeOn
143,437120,15,Goal,0.9490000152587891,0.4520000076293945,0.46277499198913574,Moise Kean,h,1304,OpenPlay,2021,Head,16829,Juventus,Roma,1,0,2021-10-17 18:45:00,Rodrigo Bentancur,None
144,437126,47,MissedShots,0.9569999694824218,0.45599998474121095,0.623058021068573,Moise Kean,h,1304,OpenPlay,2021,RightFoot,16829,Juventus,Roma,1,0,2021-10-17 18:45:00,,None
145,442758,74,BlockedShot,0.9019999694824219,0.669000015258789,0.08345749974250793,Moise Kean,a,1304,OpenPlay,2021,LeftFoot,16882,Lazio,Juventus,0,2,2021-11-20 17:00:00,Adrien Rabiot,Pass
146,442759,75,MissedShots,0.925,0.46599998474121096,0.10179100185632706,Moise Kean,a,1304,FromCorner,2021,Head,16882,Lazio,Juventus,0,2,2021-11-20 17:00:00,Federico Chiesa,Cross
147,442761,85,SavedShot,0.8480000305175781,0.34200000762939453,0.1092509999871254,Moise Kean,a,1304,OpenPlay,2021,RightFoot,16882,Lazio,Juventus,0,2,2021-11-20 17:00:00,Federico Chiesa,Pass
148,442763,88,SavedShot,0.8619999694824219,0.525,0.1914149969816208,Moise Kean,a,1304,OpenPlay,2021,RightFoot,16882,Lazio,Juventus,0,2,2021-11-20 17:00:00,Leonardo Bonucci,TakeOn
149,450045,2,MissedShots,0.9530000305175781,0.48700000762939455,0.505715012550354,Moise Kean,h,1304,FromCorner,2021,Head,16940,Juventus,Cagliari,2,0,2021-12-21 19:45:00,Matthijs de Ligt,HeadPass
150,450047,10,ShotOnPost,0.9330000305175781,0.555,0.3621020019054413,Moise Kean,h,1304,OpenPlay,2021,Head,16940,Juventus,Cagliari,2,0,2021-12-21 19:45:00,Juan Cuadrado,Cross
151,450052,39,Goal,0.9180000305175782,0.5420000076293945,0.334102988243103,Moise Kean,h,1304,OpenPlay,2021,Head,16940,Juventus,Cagliari,2,0,2021-12-21 19:45:00,,Rebound
152,451867,94,MissedShots,0.919000015258789,0.525,0.06734280288219452,Moise Kean,h,1304,OpenPlay,2021,Head,16949,Juventus,Napoli,1,1,2022-01-06 19:45:00,Juan Cuadrado,Aerial
153,453418,16,BlockedShot,0.9230000305175782,0.5609999847412109,0.11499100178480148,Moise Kean,h,1304,OpenPlay,2021,Head,16969,Juventus,Udinese,2,0,2022-01-15 19:45:00,Juan Cuadrado,Cross
154,456441,90,MissedShots,0.8490000152587891,0.43099998474121093,0.07621639966964722,Moise Kean,h,1304,OpenPlay,2021,RightFoot,16990,Juventus,Verona,2,0,2022-02-06 19:45:00,Danilo,TakeOn
155,459932,31,Goal,0.9430000305175781,0.47200000762939454,0.504817008972168,Moise Kean,a,1304,OpenPlay,2021,Head,17017,Empoli,Juventus,2,3,2022-02-26 17:00:00,Adrien Rabiot,Cross
156,459939,51,MissedShots,0.909000015258789,0.47400001525878904,0.04797879979014397,Moise Kean,a,1304,SetPiece,2021,Head,17017,Empoli,Juventus,2,3,2022-02-26 17:00:00,Luca Pellegrini,Aerial
157,462638,57,SavedShot,0.92,0.32,0.38826900720596313,Moise Kean,a,1304,OpenPlay,2021,RightFoot,17042,Sampdoria,Juventus,1,3,2022-03-12 17:00:00,Manuel Locatelli,Throughball
158,470968,87,Goal,0.9019999694824219,0.67,0.06768099963665009,Moise Kean,a,1304,OpenPlay,2021,LeftFoot,17093,Sassuolo,Juventus,1,2,2022-04-25 18:45:00,Alex Sandro,HeadPass
159,472761,4,MissedShots,0.9519999694824218,0.5509999847412109,0.46942299604415894,Moise Kean,a,1304,OpenPlay,2021,Head,17107,Genoa,Juventus,2,1,2022-05-06 19:00:00,Paulo Dybala,Cross
160,472762,25,BlockedShot,0.779000015258789,0.6769999694824219,0.02442760020494461,Moise Kean,a,1304,OpenPlay,2021,RightFoot,17107,Genoa,Juventus,2,1,2022-05-06 19:00:00,Paulo Dybala,Pass
161,472777,68,SavedShot,0.9209999847412109,0.525,0.5157129764556885,Moise Kean,a,1304,OpenPlay,2021,RightFoot,17107,Genoa,Juventus,2,1,2022-05-06 19:00:00,Adrien Rabiot,Pass
162,472776,68,BlockedShot,0.8780000305175781,0.7169999694824218,0.05069879814982414,Moise Kean,a,1304,OpenPlay,2021,RightFoot,17107,Genoa,Juventus,2,1,2022-05-06 19:00:00,Fabio Miretti,Pass
163,472781,76,MissedShots,0.8690000152587891,0.529000015258789,0.12100499868392944,Moise Kean,a,1304,OpenPlay,2021,RightFoot,17107,Genoa,Juventus,2,1,2022-05-06 19:00:00,Paulo Dybala,Pass
164,472788,93,MissedShots,0.855,0.495,0.4858520030975342,Moise Kean,a,1304,OpenPlay,2021,RightFoot,17107,Genoa,Juventus,2,1,2022-05-06 19:00:00,Álvaro Morata,Pass
165,476869,69,MissedShots,0.8909999847412109,0.5179999923706055,0.1191750019788742,Moise Kean,h,1304,OpenPlay,2021,RightFoot,17120,Juventus,Lazio,2,2,2022-05-16 18:45:00,Federico Bernardeschi,Chipped
166,483154,94,MissedShots,0.9369999694824219,0.455,0.05648459866642952,Moise Kean,a,1304,FromCorner,2022,Head,18601,Sampdoria,Juventus,0,0,2022-08-22 18:45:00,Fabio Miretti,Aerial
167,485220,18,BlockedShot,0.9180000305175782,0.7169999694824218,0.05932369828224182,Moise Kean,h,1304,OpenPlay,2022,RightFoot,18619,Juventus,Spezia,2,0,2022-08-31 18:45:00,Dusan Vlahovic,Pass
168,485228,45,MissedShots,0.765,0.5370000076293945,0.03572620078921318,Moise Kean,h,1304,OpenPlay,2022,RightFoot,18619,Juventus,Spezia,2,0,2022-08-31 18:45:00,Fabio Miretti,Pass
169,489312,81,SavedShot,0.9269999694824219,0.4929999923706055,0.4172939956188202,Moise Kean,a,1304,OpenPlay,2022,Head,18646,Monza,Juventus,1,0,2022-09-18 13:00:00,Weston McKennie,Cross
170,491739,83,BlockedShot,0.8680000305175781,0.5529999923706055,0.10003100335597992,Moise Kean,a,1304,OpenPlay,2022,RightFoot,18665,AC Milan,Juventus,2,0,2022-10-08 16:00:00,Arkadiusz Milik,Pass
171,491740,89,SavedShot,0.6959999847412109,0.515,0.008942370302975178,Moise Kean,a,1304,OpenPlay,2022,LeftFoot,18665,AC Milan,Juventus,2,0,2022-10-08 16:00:00,Leandro Paredes,Pass
172,493182,61,MissedShots,0.9230000305175782,0.545,0.6306999921798706,Moise Kean,a,1304,OpenPlay,2022,RightFoot,18681,Torino,Juventus,0,1,2022-10-15 16:00:00,Filip Kostic,Pass
173,494678,5,MissedShots,0.8830000305175781,0.3320000076293945,0.0612700991332531,Moise Kean,h,1304,OpenPlay,2022,RightFoot,18686,Juventus,Empoli,4,0,2022-10-21 18:45:00,,BallRecovery
174,494679,7,Goal,0.9290000152587891,0.545,0.36623498797416687,Moise Kean,h,1304,OpenPlay,2022,RightFoot,18686,Juventus,Empoli,4,0,2022-10-21 18:45:00,Filip Kostic,Cross
175,494680,10,BlockedShot,0.87,0.53,0.0851828008890152,Moise Kean,h,1304,OpenPlay,2022,RightFoot,18686,Juventus,Empoli,4,0,2022-10-21 18:45:00,Weston McKennie,Cross
176,494689,31,MissedShots,0.92,0.4779999923706055,0.3746510148048401,Moise Kean,h,1304,OpenPlay,2022,Head,18686,Juventus,Empoli,4,0,2022-10-21 18:45:00,Weston McKennie,Cross
177,494701,67,MissedShots,0.9219999694824219,0.5940000152587891,0.05766170099377632,Moise Kean,h,1304,OpenPlay,2022,Head,18686,Juventus,Empoli,4,0,2022-10-21 18:45:00,Filip Kostic,Cross
178,496690,66,MissedShots,0.905,0.539000015258789,0.09384959936141968,Moise Kean,a,1304,OpenPlay,2022,Head,18697,Lecce,Juventus,0,1,2022-10-29 16:00:00,Juan Cuadrado,Cross
179,499612,57,MissedShots,0.919000015258789,0.524000015258789,0.14015400409698486,Moise Kean,a,1304,OpenPlay,2022,RightFoot,18714,Verona,Juventus,0,1,2022-11-10 17:30:00,Adrien Rabiot,Pass
180,499614,59,Goal,0.8490000152587891,0.5470000076293945,0.35015198588371277,Moise Kean,a,1304,OpenPlay,2022,LeftFoot,18714,Verona,Juventus,0,1,2022-11-10 17:30:00,Adrien Rabiot,Pass
181,500865,5,MissedShots,0.8919999694824219,0.7080000305175781,0.04342310130596161,Moise Kean,h,1304,OpenPlay,2022,LeftFoot,18726,Juventus,Lazio,3,0,2022-11-13 19:45:00,Filip Kostic,Pass
182,500872,42,Goal,0.745,0.5990000152587891,0.07424379885196686,Moise Kean,h,1304,OpenPlay,2022,RightFoot,18726,Juventus,Lazio,3,0,2022-11-13 19:45:00,Adrien Rabiot,Chipped
183,500878,53,Goal,0.9330000305175781,0.4779999923706055,0.5800169706344604,Moise Kean,h,1304,OpenPlay,2022,LeftFoot,18726,Juventus,Lazio,3,0,2022-11-13 19:45:00,,Rebound
184,500880,60,SavedShot,0.855,0.3890000152587891,0.08667799830436707,Moise Kean,h,1304,OpenPlay,2022,LeftFoot,18726,Juventus,Lazio,3,0,2022-11-13 19:45:00,,BallRecovery
185,502440,77,SavedShot,0.9680000305175781,0.4540000152587891,0.6291229724884033,Moise Kean,a,1304,FromCorner,2022,RightFoot,18732,Cremonese,Juventus,0,1,2023-01-04 17:30:00,Bremer,Rebound
186,502444,86,SavedShot,0.769000015258789,0.6719999694824219,0.02207759954035282,Moise Kean,a,1304,OpenPlay,2022,RightFoot,18732,Cremonese,Juventus,0,1,2023-01-04 17:30:00,Samuel Iling-Junior,Pass
187,502445,87,MissedShots,0.9180000305175782,0.455,0.12429500371217728,Moise Kean,a,1304,OpenPlay,2022,Head,18732,Cremonese,Juventus,0,1,2023-01-04 17:30:00,Leandro Paredes,Cross
188,502725,26,MissedShots,0.7759999847412109,0.5359999847412109,0.03274789825081825,Moise Kean,h,1304,OpenPlay,2022,LeftFoot,18745,Juventus,Udinese,1,0,2023-01-07 17:00:00,Ángel Di María,Pass
189,502727,37,SavedShot,0.9109999847412109,0.40400001525878904,0.3653469979763031,Moise Kean,h,1304,OpenPlay,2022,RightFoot,18745,Juventus,Udinese,1,0,2023-01-07 17:00:00,Ángel Di María,Throughball
190,502730,41,MissedShots,0.955999984741211,0.33099998474121095,0.11078000068664551,Moise Kean,h,1304,OpenPlay,2022,RightFoot,18745,Juventus,Udinese,1,0,2023-01-07 17:00:00,Ángel Di María,Throughball
191,502733,50,MissedShots,0.9169999694824219,0.575999984741211,0.13297399878501892,Moise Kean,h,1304,OpenPlay,2022,RightFoot,18745,Juventus,Udinese,1,0,2023-01-07 17:00:00,,TakeOn
192,503389,69,BlockedShot,0.865,0.69,0.03933959826827049,Moise Kean,a,1304,OpenPlay,2022,RightFoot,18757,Napoli,Juventus,5,1,2023-01-13 19:45:00,,BallRecovery
193,506135,13,MissedShots,0.7669999694824219,0.4879999923706055,0.02715810015797615,Moise Kean,h,1304,OpenPlay,2022,RightFoot,18776,Juventus,Monza,0,2,2023-01-29 14:00:00,,None
194,506137,18,MissedShots,0.8980000305175782,0.46,0.06463590264320374,Moise Kean,h,1304,OpenPlay,2022,Head,18776,Juventus,Monza,0,2,2023-01-29 14:00:00,Mattia De Sciglio,Cross
195,508033,84,ShotOnPost,0.889000015258789,0.3039999961853027,0.10691600292921066,Moise Kean,a,1304,OpenPlay,2022,RightFoot,18788,Salernitana,Juventus,0,3,2023-02-07 19:45:00,Federico Chiesa,Pass
196,509073,66,SavedShot,0.9159999847412109,0.6179999923706054,0.3788889944553375,Moise Kean,h,1304,OpenPlay,2022,LeftFoot,18796,Juventus,Fiorentina,1,0,2023-02-12 17:00:00,Filip Kostic,BallRecovery
197,510382,31,Goal,0.9230000305175782,0.539000015258789,0.38202399015426636,Moise Kean,a,1304,OpenPlay,2022,LeftFoot,18810,Spezia,Juventus,0,2,2023-02-19 17:00:00,Filip Kostic,Cross
198,510385,47,MissedShots,0.93,0.4779999923706055,0.4058170020580292,Moise Kean,a,1304,OpenPlay,2022,Head,18810,Spezia,Juventus,0,2,2023-02-19 17:00:00,Alex Sandro,Cross
199,516637,54,Goal,0.9080000305175782,0.46799999237060547,0.45737600326538086,Moise Kean,h,1304,OpenPlay,2022,RightFoot,18857,Juventus,Verona,1,0,2023-04-01 18:45:00,Manuel Locatelli,Throughball
200,526881,86,MissedShots,0.879000015258789,0.34700000762939454,0.11387526988983154,Moise Kean,h,1304,OpenPlay,2022,RightFoot,18926,Juventus,Cremonese,2,0,2023-05-14 18:45:00,Ángel Di María,Pass
201,526882,88,BlockedShot,0.8490000152587891,0.3370000076293945,0.10906894505023956,Moise Kean,h,1304,OpenPlay,2022,RightFoot,18926,Juventus,Cremonese,2,0,2023-05-14 18:45:00,Ángel Di María,Pass
202,530263,27,MissedShots,0.9009999847412109,0.665,0.041175052523612976,Moise Kean,h,1304,OpenPlay,2022,LeftFoot,18946,Juventus,AC Milan,0,1,2023-05-28 18:45:00,Filip Kostic,Cross
203,530264,31,SavedShot,0.8230000305175781,0.42900001525878906,0.0603545680642128,Moise Kean,h,1304,OpenPlay,2022,RightFoot,18946,Juventus,AC Milan,0,1,2023-05-28 18:45:00,Ángel Di María,Pass
204,537109,94,ShotOnPost,0.7930000305175782,0.6580000305175782,0.056953366845846176,Moise Kean,a,1304,OpenPlay,2023,RightFoot,22333,Empoli,Juventus,0,2,2023-09-03 18:45:00,Danilo,TakeOn
205,537428,94,MissedShots,0.8180000305175781,0.7019999694824218,0.07797709107398987,Moise Kean,h,1304,OpenPlay,2023,RightFoot,22335,Juventus,Lazio,3,1,2023-09-16 13:00:00,Nicolo Fagioli,Pass
206,541957,34,SavedShot,0.725999984741211,0.455,0.01505877822637558,Moise Kean,a,1304,OpenPlay,2023,RightFoot,22365,Atalanta,Juventus,0,0,2023-10-01 16:00:00,Federico Chiesa,TakeOn
207,542807,46,BlockedShot,0.960999984741211,0.505,0.6262026429176331,Moise Kean,h,1304,FromCorner,2023,RightFoot,22379,Juventus,Torino,2,0,2023-10-07 16:00:00,,None
208,542813,64,BlockedShot,0.899000015258789,0.6370000076293946,0.08630594611167908,Moise Kean,h,1304,OpenPlay,2023,RightFoot,22379,Juventus,Torino,2,0,2023-10-07 16:00:00,Danilo,BallRecovery
209,544910,44,MissedShots,0.970999984741211,0.455,0.6197575926780701,Moise Kean,a,1304,OpenPlay,2023,RightFoot,22391,AC Milan,Juventus,0,1,2023-10-22 18:45:00,Adrien Rabiot,Cross
210,545733,6,BlockedShot,0.8219999694824218,0.605,0.05388464406132698,Moise Kean,h,1304,OpenPlay,2023,RightFoot,22403,Juventus,Verona,1,0,2023-10-28 18:45:00,Timothy Weah,Pass
211,545739,17,SavedShot,0.879000015258789,0.5820000076293945,0.010706835426390171,Moise Kean,h,1304,SetPiece,2023,Head,22403,Juventus,Verona,1,0,2023-10-28 18:45:00,Manuel Locatelli,Aerial
212,545740,18,MissedShots,0.8919999694824219,0.57,0.20689533650875092,Moise Kean,h,1304,FromCorner,2023,LeftFoot,22403,Juventus,Verona,1,0,2023-10-28 18:45:00,Filip Kostic,Cross
213,545743,31,MissedShots,0.8830000305175781,0.3129999923706055,0.1690484583377838,Moise Kean,h,1304,OpenPlay,2023,RightFoot,22403,Juventus,Verona,1,0,2023-10-28 18:45:00,Dusan Vlahovic,TakeOn
214,545748,47,MissedShots,0.94,0.5129999923706055,0.4888775646686554,Moise Kean,h,1304,OpenPlay,2023,Head,22403,Juventus,Verona,1,0,2023-10-28 18:45:00,Filip Kostic,Cross
215,547659,49,BlockedShot,0.8730000305175781,0.3509999847412109,0.10662465542554855,Moise Kean,a,1304,OpenPlay,2023,RightFoot,22408,Fiorentina,Juventus,0,1,2023-11-05 19:45:00,Federico Chiesa,Pass
216,548509,37,MissedShots,0.9430000305175781,0.25799999237060545,0.04001009091734886,Moise Kean,h,1304,OpenPlay,2023,RightFoot,22421,Juventus,Cagliari,2,1,2023-11-11 17:00:00,Federico Gatti,Chipped
217,569754,89,ShotOnPost,0.8480000305175781,0.5929999923706055,0.05992963910102844,Moise Kean,h,1304,OpenPlay,2023,RightFoot,22589,Juventus,Genoa,0,0,2024-03-17 11:30:00,,None
218,579231,87,SavedShot,0.9290000152587891,0.5159999847412109,0.0571969710290432,Moise Kean,a,1304,FromCorner,2023,Head,22652,Roma,Juventus,1,1,2024-05-05 18:45:00,Filip Kostic,Aerial
219,580500,35,BlockedShot,0.7809999847412109,0.605999984741211,0.02687261998653412,Moise Kean,h,1304,OpenPlay,2023,LeftFoot,22660,Juventus,Salernitana,1,1,2024-05-12 16:00:00,Manuel Locatelli,Pass
220,584956,19,SavedShot,0.8090000152587891,0.6959999847412109,0.02639276534318924,Moise Kean,a,1304,OpenPlay,2024,RightFoot,27363,Parma Calcio 1913,Fiorentina,1,1,2024-08-17 16:30:00,,BallRecovery
221,584965,41,BlockedShot,0.8519999694824218,0.5,0.08233236521482468,Moise Kean,a,1304,OpenPlay,2024,LeftFoot,27363,Parma Calcio 1913,Fiorentina,1,1,2024-08-17 16:30:00,Christian Kouamé,Pass
222,586893,13,MissedShots,0.7630000305175781,0.425,0.02596145309507847,Moise Kean,h,1304,OpenPlay,2024,RightFoot,27376,Fiorentina,Venezia,0,0,2024-08-25 16:30:00,Christian Kouamé,Pass
223,586896,30,MissedShots,0.9130000305175782,0.524000015258789,0.10309488326311111,Moise Kean,h,1304,SetPiece,2024,RightFoot,27376,Fiorentina,Venezia,0,0,2024-08-25 16:30:00,Luca Ranieri,Foul
224,586902,48,SavedShot,0.9009999847412109,0.34599998474121096,0.0840495303273201,Moise Kean,h,1304,OpenPlay,2024,RightFoot,27376,Fiorentina,Venezia,0,0,2024-08-25 16:30:00,Antonin Barak,Pass
225,590218,38,BlockedShot,0.905,0.44799999237060545,0.07186602801084518,Moise Kean,h,1304,OpenPlay,2024,Head,27388,Fiorentina,Monza,2,2,2024-09-01 16:30:00,Robin Gosens,Cross
226,590221,44,Goal,0.9669999694824218,0.5209999847412109,0.645038366317749,Moise Kean,h,1304,FromCorner,2024,RightFoot,27388,Fiorentina,Monza,2,2,2024-09-01 16:30:00,Luca Ranieri,HeadPass
227,590223,46,MissedShots,0.924000015258789,0.48200000762939454,0.34746575355529785,Moise Kean,h,1304,OpenPlay,2024,Head,27388,Fiorentina,Monza,2,2,2024-09-01 16:30:00,Dodô,Chipped
228,590231,89,SavedShot,0.9590000152587891,0.5,0.5336681008338928,Moise Kean,h,1304,OpenPlay,2024,Head,27388,Fiorentina,Monza,2,2,2024-09-01 16:30:00,,Rebound
229,590232,91,BlockedShot,0.955,0.34200000762939453,0.0660795047879219,Moise Kean,h,1304,OpenPlay,2024,RightFoot,27388,Fiorentina,Monza,2,2,2024-09-01 16:30:00,Christian Kouamé,Cross
230,591382,22,BlockedShot,0.775,0.415,0.020658211782574654,Moise Kean,a,1304,OpenPlay,2024,RightFoot,27393,Atalanta,Fiorentina,3,2,2024-09-15 13:00:00,,TakeOn
231,591385,31,Goal,0.9580000305175781,0.47200000762939454,0.6320077776908875,Moise Kean,a,1304,OpenPlay,2024,RightFoot,27393,Atalanta,Fiorentina,3,2,2024-09-15 13:00:00,Robin Gosens,None
232,591387,35,ShotOnPost,0.9490000152587891,0.65,0.08509257435798645,Moise Kean,a,1304,OpenPlay,2024,RightFoot,27393,Atalanta,Fiorentina,3,2,2024-09-15 13:00:00,,None
233,591392,49,MissedShots,0.8969999694824219,0.6769999694824219,0.0435158908367157,Moise Kean,a,1304,OpenPlay,2024,RightFoot,27393,Atalanta,Fiorentina,3,2,2024-09-15 13:00:00,Rolando Mandragora,Pass
234,592832,31,MissedShots,0.8730000305175781,0.519000015258789,0.07321589440107346,Moise Kean,h,1304,OpenPlay,2024,RightFoot,27404,Fiorentina,Lazio,2,1,2024-09-22 10:30:00,Dodô,Cross
235,592845,69,SavedShot,0.850999984741211,0.66,0.047879427671432495,Moise Kean,h,1304,OpenPlay,2024,LeftFoot,27404,Fiorentina,Lazio,2,1,2024-09-22 10:30:00,Robin Gosens,Pass
236,592846,70,MissedShots,0.92,0.500999984741211,0.3656221926212311,Moise Kean,h,1304,OpenPlay,2024,Head,27404,Fiorentina,Lazio,2,1,2024-09-22 10:30:00,Dodô,Cross
237,592853,92,MissedShots,0.73,0.735999984741211,0.010538025759160519,Moise Kean,h,1304,OpenPlay,2024,RightFoot,27404,Fiorentina,Lazio,2,1,2024-09-22 10:30:00,Christian Kouamé,LayOff
238,592854,96,MissedShots,0.9030000305175782,0.47900001525878905,0.10667835175991058,Moise Kean,h,1304,OpenPlay,2024,Head,27404,Fiorentina,Lazio,2,1,2024-09-22 10:30:00,Robin Gosens,Cross
239,594879,18,MissedShots,0.755,0.6509999847412109,0.019508197903633118,Moise Kean,a,1304,OpenPlay,2024,RightFoot,27415,Empoli,Fiorentina,0,0,2024-09-29 16:00:00,Edoardo Bove,TakeOn
240,594891,68,BlockedShot,0.9359999847412109,0.33599998474121096,0.09589787572622299,Moise Kean,a,1304,OpenPlay,2024,RightFoot,27415,Empoli,Fiorentina,0,0,2024-09-29 16:00:00,,TakeOn
241,594892,72,MissedShots,0.8540000152587891,0.6569999694824219,0.13604554533958435,Moise Kean,a,1304,OpenPlay,2024,RightFoot,27415,Empoli,Fiorentina,0,0,2024-09-29 16:00:00,,TakeOn
242,594896,83,MissedShots,0.895,0.5579999923706055,0.08646117150783539,Moise Kean,a,1304,OpenPlay,2024,RightFoot,27415,Empoli,Fiorentina,0,0,2024-09-29 16:00:00,Dodô,Cross
243,596471,21,SavedShot,0.885,0.5,0.7612988352775574,Moise Kean,h,1304,Penalty,2024,RightFoot,27426,Fiorentina,AC Milan,2,1,2024-10-06 18:45:00,,Standard
244,596485,63,MissedShots,0.865999984741211,0.41900001525878905,0.3043568730354309,Moise Kean,h,1304,OpenPlay,2024,RightFoot,27426,Fiorentina,AC Milan,2,1,2024-10-06 18:45:00,Robin Gosens,Chipped
245,596488,68,MissedShots,0.9269999694824219,0.524000015258789,0.12202949076890945,Moise Kean,h,1304,OpenPlay,2024,RightFoot,27426,Fiorentina,AC Milan,2,1,2024-10-06 18:45:00,Dodô,Cross
246,596487,68,MissedShots,0.81,0.6530000305175782,0.04151549190282822,Moise Kean,h,1304,OpenPlay,2024,RightFoot,27426,Fiorentina,AC Milan,2,1,2024-10-06 18:45:00,Amir Richardson,TakeOn
247,596495,93,ShotOnPost,0.8,0.48900001525878906,0.08912891894578934,Moise Kean,h,1304,OpenPlay,2024,RightFoot,27426,Fiorentina,AC Milan,2,1,2024-10-06 18:45:00,,TakeOn
248,597540,10,MissedShots,0.8109999847412109,0.37599998474121094,0.039233580231666565,Moise Kean,a,1304,OpenPlay,2024,LeftFoot,27439,Lecce,Fiorentina,0,6,2024-10-20 13:00:00,Lucas Beltrán,Pass
249,597544,23,SavedShot,0.745,0.6840000152587891,0.023796236142516136,Moise Kean,a,1304,OpenPlay,2024,RightFoot,27439,Lecce,Fiorentina,0,6,2024-10-20 13:00:00,Yacine Adli,Pass
250,597546,26,SavedShot,0.8540000152587891,0.40900001525878904,0.09614244103431702,Moise Kean,a,1304,OpenPlay,2024,RightFoot,27439,Lecce,Fiorentina,0,6,2024-10-20 13:00:00,Andrea Colpani,Pass
251,597550,37,SavedShot,0.749000015258789,0.6719999694824219,0.03203481063246727,Moise Kean,a,1304,OpenPlay,2024,RightFoot,27439,Lecce,Fiorentina,0,6,2024-10-20 13:00:00,Yacine Adli,Chipped
252,599357,8,Goal,0.86,0.6170000076293946,0.2809827923774719,Moise Kean,h,1304,OpenPlay,2024,LeftFoot,27445,Fiorentina,Roma,5,1,2024-10-27 19:45:00,Lucas Beltrán,Pass
253,599359,12,MissedShots,0.9330000305175781,0.485,0.14970362186431885,Moise Kean,h,1304,OpenPlay,2024,RightFoot,27445,Fiorentina,Roma,5,1,2024-10-27 19:45:00,Lucas Beltrán,Cross
254,599360,14,MissedShots,0.955,0.5459999847412109,0.542029857635498,Moise Kean,h,1304,OpenPlay,2024,Head,27445,Fiorentina,Roma,5,1,2024-10-27 19:45:00,Dodô,Cross
255,599364,28,SavedShot,0.860999984741211,0.47400001525878904,0.0852808952331543,Moise Kean,h,1304,OpenPlay,2024,LeftFoot,27445,Fiorentina,Roma,5,1,2024-10-27 19:45:00,Andrea Colpani,HeadPass
256,599369,40,Goal,0.9830000305175781,0.4779999923706055,0.9750937819480896,Moise Kean,h,1304,OpenPlay,2024,RightFoot,27445,Fiorentina,Roma,5,1,2024-10-27 19:45:00,Edoardo Bove,Pass
257,599375,54,SavedShot,0.9019999694824219,0.3170000076293945,0.12316463887691498,Moise Kean,h,1304,OpenPlay,2024,RightFoot,27445,Fiorentina,Roma,5,1,2024-10-27 19:45:00,Luca Ranieri,Clearance
258,600579,40,Goal,0.8480000305175781,0.52,0.27796515822410583,Moise Kean,a,1304,OpenPlay,2024,RightFoot,27470,Torino,Fiorentina,0,1,2024-11-03 14:00:00,Luca Ranieri,Chipped
259,601976,3,Goal,0.9,0.40299999237060546,0.5758335590362549,Moise Kean,h,1304,OpenPlay,2024,RightFoot,27479,Fiorentina,Verona,3,1,2024-11-10 14:00:00,Lucas Beltrán,Throughball
260,601983,58,Goal,0.9580000305175781,0.5079999923706054,0.5144569277763367,Moise Kean,h,1304,FromCorner,2024,RightFoot,27479,Fiorentina,Verona,3,1,2024-11-10 14:00:00,Yacine Adli,Cross
261,601985,69,SavedShot,0.874000015258789,0.6880000305175781,0.06022035330533981,Moise Kean,h,1304,OpenPlay,2024,LeftFoot,27479,Fiorentina,Verona,3,1,2024-11-10 14:00:00,Robin Gosens,Pass
262,601989,82,MissedShots,0.9130000305175782,0.4640000152587891,0.45714056491851807,Moise Kean,h,1304,OpenPlay,2024,LeftFoot,27479,Fiorentina,Verona,3,1,2024-11-10 14:00:00,Christian Kouamé,Pass
263,601993,91,Goal,0.8640000152587891,0.5929999923706055,0.5075809955596924,Moise Kean,h,1304,OpenPlay,2024,RightFoot,27479,Fiorentina,Verona,3,1,2024-11-10 14:00:00,David de Gea,TakeOn
264,603377,38,MissedShots,0.970999984741211,0.3870000076293945,0.10739237815141678,Moise Kean,a,1304,OpenPlay,2024,RightFoot,27482,Como,Fiorentina,0,2,2024-11-24 14:00:00,,Rebound
265,603376,38,BlockedShot,0.905,0.43200000762939456,0.1354907900094986,Moise Kean,a,1304,OpenPlay,2024,RightFoot,27482,Como,Fiorentina,0,2,2024-11-24 14:00:00,Dodô,Pass
266,603381,67,Goal,0.9119999694824219,0.5020000076293946,0.13081757724285126,Moise Kean,a,1304,OpenPlay,2024,LeftFoot,27482,Como,Fiorentina,0,2,2024-11-24 14:00:00,Riccardo Sottil,Cross
267,603385,82,BlockedShot,0.9109999847412109,0.539000015258789,0.13694468140602112,Moise Kean,a,1304,OpenPlay,2024,LeftFoot,27482,Como,Fiorentina,0,2,2024-11-24 14:00:00,Robin Gosens,Cross
268,46776,26,SavedShot,0.7830000305175782,0.40200000762939453,0.027930499985814095,Danilo Cataldi,a,1206,OpenPlay,2014,LeftFoot,4921,Cesena,Lazio,2,1,2015-02-01 14:00:00,Stefano Mauri,Pass
269,46786,76,OwnGoal,0.020999999046325685,0.5070000076293946,0,Danilo Cataldi,a,1206,OpenPlay,2014,RightFoot,4921,Cesena,Lazio,2,1,2015-02-01 14:00:00,,BallTouch
270,47858,20,MissedShots,0.759000015258789,0.425,0.017632799223065376,Danilo Cataldi,h,1206,FromCorner,2014,RightFoot,4950,Lazio,Palermo,2,1,2015-02-22 14:00:00,,None
271,47867,51,SavedShot,0.7040000152587891,0.32799999237060545,0.012042599730193615,Danilo Cataldi,h,1206,OpenPlay,2014,LeftFoot,4950,Lazio,Palermo,2,1,2015-02-22 14:00:00,Antonio Candreva,Pass
272,47879,85,SavedShot,0.7630000305175781,0.18299999237060546,0.01169859990477562,Danilo Cataldi,h,1206,OpenPlay,2014,RightFoot,4950,Lazio,Palermo,2,1,2015-02-22 14:00:00,,None
273,47534,59,MissedShots,0.7440000152587891,0.46599998474121096,0.026581499725580215,Danilo Cataldi,a,1206,OpenPlay,2014,LeftFoot,4885,Sassuolo,Lazio,0,3,2015-03-01 14:00:00,Felipe Anderson,Pass
274,48525,17,MissedShots,0.85,0.415,0.09733709692955017,Danilo Cataldi,a,1206,OpenPlay,2014,RightFoot,4906,Torino,Lazio,0,2,2015-03-16 18:00:00,Marco Parolo,LayOff
275,49175,35,BlockedShot,0.759000015258789,0.3390000152587891,0.010702099651098251,Danilo Cataldi,a,1206,OpenPlay,2014,RightFoot,4852,Juventus,Lazio,2,0,2015-04-18 19:45:00,,Rebound
276,49176,36,SavedShot,0.71,0.4520000076293945,0.012165100313723087,Danilo Cataldi,a,1206,OpenPlay,2014,RightFoot,4852,Juventus,Lazio,2,0,2015-04-18 19:45:00,Lucas Biglia,Pass
277,49177,39,MissedShots,0.7380000305175781,0.5929999923706055,0.012889900244772434,Danilo Cataldi,a,1206,OpenPlay,2014,RightFoot,4852,Juventus,Lazio,2,0,2015-04-18 19:45:00,Senad Lulic,Tackle
278,49185,64,BlockedShot,0.745,0.3390000152587891,0.01614449918270111,Danilo Cataldi,a,1206,FromCorner,2014,RightFoot,4852,Juventus,Lazio,2,0,2015-04-18 19:45:00,,FormationChange
279,49188,74,MissedShots,0.6990000152587891,0.3770000076293945,0.010120299644768238,Danilo Cataldi,a,1206,OpenPlay,2014,RightFoot,4852,Juventus,Lazio,2,0,2015-04-18 19:45:00,Antonio Candreva,TakeOn
280,49737,44,BlockedShot,0.769000015258789,0.41,0.025527900084853172,Danilo Cataldi,a,1206,OpenPlay,2014,LeftFoot,4784,Atalanta,Lazio,1,1,2015-05-03 14:00:00,Antonio Candreva,Pass
281,50426,67,MissedShots,0.7559999847412109,0.7769999694824219,0.010010800324380398,Danilo Cataldi,a,1206,SetPiece,2014,LeftFoot,4824,Napoli,Lazio,2,4,2015-05-31 19:45:00,Filip Djordjevic,HeadPass
282,93245,65,MissedShots,0.7119999694824218,0.5209999847412109,0.007307920139282942,Danilo Cataldi,h,1206,FromCorner,2015,RightFoot,552,Lazio,Bologna,2,1,2015-08-22 22:45:00,Antonio Candreva,Chipped
283,93248,75,SavedShot,0.7180000305175781,0.51,0.01861879974603653,Danilo Cataldi,h,1206,OpenPlay,2015,LeftFoot,552,Lazio,Bologna,2,1,2015-08-22 22:45:00,,None
284,93251,89,BlockedShot,0.8019999694824219,0.5029999923706054,0.0671273022890091,Danilo Cataldi,h,1206,OpenPlay,2015,LeftFoot,552,Lazio,Bologna,2,1,2015-08-22 22:45:00,Ricardo Kishna,Pass
285,93435,26,MissedShots,0.8419999694824218,0.6040000152587891,0.051279500126838684,Danilo Cataldi,a,1206,OpenPlay,2015,LeftFoot,568,Chievo,Lazio,4,0,2015-08-30 22:45:00,,Interception
286,93802,37,MissedShots,0.7190000152587891,0.5359999847412109,0.011635500006377697,Danilo Cataldi,h,1206,OpenPlay,2015,RightFoot,578,Lazio,Udinese,2,0,2015-09-13 20:00:00,Senad Lulic,HeadPass
287,93819,82,SavedShot,0.74,0.56,0.026645800098776817,Danilo Cataldi,h,1206,OpenPlay,2015,LeftFoot,578,Lazio,Udinese,2,0,2015-09-13 20:00:00,Alessandro Matri,Pass
288,94648,68,MissedShots,0.7980000305175782,0.44400001525878907,0.042534299194812775,Danilo Cataldi,h,1206,OpenPlay,2015,RightFoot,592,Lazio,Genoa,2,0,2015-09-23 22:45:00,,None
289,96334,20,SavedShot,0.695,0.3290000152587891,0.012863200157880783,Danilo Cataldi,h,1206,OpenPlay,2015,RightFoot,618,Lazio,Frosinone,2,0,2015-10-04 20:00:00,Felipe Anderson,Pass
290,96342,47,BlockedShot,0.7069999694824218,0.5320000076293945,0.011363199912011623,Danilo Cataldi,h,1206,OpenPlay,2015,LeftFoot,618,Lazio,Frosinone,2,0,2015-10-04 20:00:00,,None
291,96350,63,MissedShots,0.745,0.46,0.020191099494695663,Danilo Cataldi,h,1206,OpenPlay,2015,LeftFoot,618,Lazio,Frosinone,2,0,2015-10-04 20:00:00,Felipe Anderson,Pass
292,96356,74,MissedShots,0.6919999694824219,0.4279999923706055,0.013886299915611744,Danilo Cataldi,h,1206,OpenPlay,2015,RightFoot,618,Lazio,Frosinone,2,0,2015-10-04 20:00:00,Senad Lulic,Pass
293,96976,87,MissedShots,0.775,0.5170000076293946,0.021886099129915237,Danilo Cataldi,a,1206,FromCorner,2015,LeftFoot,627,Sassuolo,Lazio,2,1,2015-10-18 17:00:00,,None
294,98411,77,MissedShots,0.71,0.45599998474121095,0.00914905034005642,Danilo Cataldi,h,1206,OpenPlay,2015,RightFoot,658,Lazio,AC Milan,1,3,2015-11-01 23:45:00,,Aerial
295,94079,59,BlockedShot,0.7559999847412109,0.6759999847412109,0.017931200563907623,Danilo Cataldi,h,1206,OpenPlay,2015,LeftFoot,758,Lazio,Chievo,4,1,2016-01-24 18:00:00,Senad Lulic,Pass
296,94082,71,Goal,0.759000015258789,0.43900001525878907,0.01981090009212494,Danilo Cataldi,h,1206,FromCorner,2015,RightFoot,758,Lazio,Chievo,4,1,2016-01-24 18:00:00,,BallTouch
297,94608,37,BlockedShot,0.7340000152587891,0.6229999923706054,0.04682369902729988,Danilo Cataldi,a,1206,DirectFreekick,2015,RightFoot,765,Udinese,Lazio,0,0,2016-01-31 18:00:00,,Standard
298,94613,47,BlockedShot,0.8469999694824218,0.45799999237060546,0.0677201971411705,Danilo Cataldi,a,1206,OpenPlay,2015,RightFoot,765,Udinese,Lazio,0,0,2016-01-31 18:00:00,,None
299,94618,58,MissedShots,0.7580000305175781,0.40400001525878904,0.019252700731158257,Danilo Cataldi,a,1206,OpenPlay,2015,RightFoot,765,Udinese,Lazio,0,0,2016-01-31 18:00:00,,None
300,94620,73,BlockedShot,0.775,0.31,0.01594660058617592,Danilo Cataldi,a,1206,OpenPlay,2015,RightFoot,765,Udinese,Lazio,0,0,2016-01-31 18:00:00,,None
301,94628,91,BlockedShot,0.6930000305175781,0.4879999923706055,0.013370799832046032,Danilo Cataldi,a,1206,OpenPlay,2015,RightFoot,765,Udinese,Lazio,0,0,2016-01-31 18:00:00,Sergej Milinkovic-Savic,Pass
302,94998,4,SavedShot,0.7319999694824219,0.5990000152587891,0.013189000077545643,Danilo Cataldi,a,1206,OpenPlay,2015,RightFoot,782,Genoa,Lazio,0,0,2016-02-06 23:45:00,Sergej Milinkovic-Savic,LayOff
303,96165,34,MissedShots,0.764000015258789,0.4929999923706055,0.02839050069451332,Danilo Cataldi,h,1206,OpenPlay,2015,RightFoot,791,Lazio,Verona,5,2,2016-02-11 23:45:00,Sergej Milinkovic-Savic,LayOff
304,96166,36,SavedShot,0.8019999694824219,0.6,0.026086799800395966,Danilo Cataldi,h,1206,FromCorner,2015,LeftFoot,791,Lazio,Verona,5,2,2016-02-11 23:45:00,,None
305,96171,65,BlockedShot,0.7140000152587891,0.385,0.018466899171471596,Danilo Cataldi,h,1206,OpenPlay,2015,RightFoot,791,Lazio,Verona,5,2,2016-02-11 23:45:00,Sergej Milinkovic-Savic,Pass
306,96174,76,BlockedShot,0.8590000152587891,0.4640000152587891,0.1258399933576584,Danilo Cataldi,h,1206,OpenPlay,2015,RightFoot,791,Lazio,Verona,5,2,2016-02-11 23:45:00,Sergej Milinkovic-Savic,Pass
307,96177,83,MissedShots,0.815,0.47400001525878904,0.08705910295248032,Danilo Cataldi,h,1206,OpenPlay,2015,RightFoot,791,Lazio,Verona,5,2,2016-02-11 23:45:00,Miroslav Klose,Pass
308,96606,55,MissedShots,0.7440000152587891,0.46599998474121096,0.017830299213528633,Danilo Cataldi,a,1206,OpenPlay,2015,RightFoot,808,Frosinone,Lazio,0,0,2016-02-21 21:00:00,,None
309,99107,54,MissedShots,0.7219999694824218,0.375,0.01766050048172474,Danilo Cataldi,h,1206,OpenPlay,2015,LeftFoot,855,Lazio,Roma,1,4,2016-04-03 17:00:00,Milan Bisevac,Pass
310,144262,88,Goal,0.9619999694824218,0.575999984741211,0.5290020108222961,Danilo Cataldi,a,1206,OpenPlay,2016,LeftFoot,936,Atalanta,Lazio,3,4,2016-08-21 22:45:00,Dusan Basta,Pass
311,145951,37,BlockedShot,0.7119999694824218,0.6809999847412109,0.012512300163507462,Danilo Cataldi,h,1206,OpenPlay,2016,RightFoot,961,Lazio,Pescara,3,0,2016-09-17 20:00:00,Senad Lulic,Pass
312,145958,45,BlockedShot,0.6819999694824219,0.625999984741211,0.030042199417948723,Danilo Cataldi,h,1206,DirectFreekick,2016,RightFoot,961,Lazio,Pescara,3,0,2016-09-17 20:00:00,,Standard
313,146490,7,MissedShots,0.759000015258789,0.615,0.01954280026257038,Danilo Cataldi,a,1206,OpenPlay,2016,RightFoot,970,AC Milan,Lazio,2,0,2016-09-20 22:45:00,Ciro Immobile,Pass
314,148108,72,BlockedShot,0.8419999694824218,0.42900001525878906,0.054137300699949265,Danilo Cataldi,h,1206,OpenPlay,2016,RightFoot,1006,Lazio,Bologna,1,1,2016-10-16 17:00:00,Keita,None
315,148110,80,SavedShot,0.735,0.5220000076293946,0.05469579994678497,Danilo Cataldi,h,1206,DirectFreekick,2016,RightFoot,1006,Lazio,Bologna,1,1,2016-10-16 17:00:00,,Standard
316,148111,82,BlockedShot,0.8380000305175781,0.45799999237060546,0.05660559982061386,Danilo Cataldi,h,1206,OpenPlay,2016,RightFoot,1006,Lazio,Bologna,1,1,2016-10-16 17:00:00,Keita,BallTouch
317,148737,82,SavedShot,0.845999984741211,0.59,0.2802329957485199,Danilo Cataldi,a,1206,OpenPlay,2016,RightFoot,1013,Torino,Lazio,2,2,2016-10-23 17:00:00,Filip Djordjevic,Pass
318,149173,81,SavedShot,0.8240000152587891,0.8180000305175781,0.04379019886255264,Danilo Cataldi,h,1206,DirectFreekick,2016,RightFoot,3283,Lazio,Cagliari,4,1,2016-10-26 22:45:00,,Standard
319,152887,53,MissedShots,0.875999984741211,0.6020000076293945,0.0652713030576706,Danilo Cataldi,h,1206,FromCorner,2016,RightFoot,3095,Lazio,Fiorentina,3,1,2016-12-18 23:45:00,Stefan de Vrij,HeadPass
320,144672,80,SavedShot,0.774000015258789,0.395,0.07528690248727798,Danilo Cataldi,a,1206,DirectFreekick,2016,RightFoot,3532,Cagliari,Genoa,4,1,2017-01-15 15:30:00,,Standard
321,146310,70,SavedShot,0.769000015258789,0.6020000076293945,0.023528000339865685,Danilo Cataldi,h,1206,OpenPlay,2016,RightFoot,3562,Genoa,Sassuolo,0,1,2017-02-05 14:00:00,,None
322,147206,50,SavedShot,0.71,0.5629999923706055,0.00980169977992773,Danilo Cataldi,a,1206,OpenPlay,2016,RightFoot,3586,Pescara,Genoa,5,0,2017-02-19 14:00:00,Mauricio Pinilla,Pass
323,147471,77,MissedShots,0.774000015258789,0.3920000076293945,0.07463140040636063,Danilo Cataldi,h,1206,DirectFreekick,2016,RightFoot,3593,Genoa,Bologna,1,1,2017-02-26 14:00:00,,Standard
324,149376,53,BlockedShot,0.765,0.38,0.023716099560260773,Danilo Cataldi,a,1206,OpenPlay,2016,LeftFoot,3624,AC Milan,Genoa,1,0,2017-03-18 19:45:00,Oscar Hiljemark,Pass
325,151613,77,MissedShots,0.8190000152587891,0.33,0.02974970079958439,Danilo Cataldi,a,1206,OpenPlay,2016,RightFoot,3666,Juventus,Genoa,4,0,2017-04-23 19:45:00,Darko Lazovic,Pass
326,154153,86,MissedShots,0.745999984741211,0.4490000152587891,0.02028230018913746,Danilo Cataldi,a,1206,OpenPlay,2016,RightFoot,3714,Roma,Genoa,3,2,2017-05-28 17:00:00,,BallRecovery
327,172742,12,MissedShots,0.74,0.7019999694824218,0.01430980022996664,Danilo Cataldi,a,1206,OpenPlay,2017,RightFoot,7505,Sampdoria,Benevento,2,1,2017-08-20 19:45:00,Marco D&#039;Alessandro,Pass
328,172752,36,MissedShots,0.5470000076293945,0.5129999923706055,0.009917999617755413,Danilo Cataldi,a,1206,OpenPlay,2017,RightFoot,7505,Sampdoria,Benevento,2,1,2017-08-20 19:45:00,Amato Ciciretti,Pass
329,173156,82,SavedShot,0.7519999694824219,0.40400001525878904,0.02164050005376339,Danilo Cataldi,h,1206,OpenPlay,2017,RightFoot,7520,Benevento,Torino,0,1,2017-09-10 17:00:00,Ledian Memushaj,Pass
330,173641,17,MissedShots,0.8569999694824219,0.634000015258789,0.09766169637441635,Danilo Cataldi,h,1206,OpenPlay,2017,RightFoot,7540,Benevento,Roma,0,4,2017-09-20 17:00:00,Massimo Coda,Pass
331,173661,64,BlockedShot,0.7390000152587891,0.5109999847412109,0.014775300398468971,Danilo Cataldi,h,1206,OpenPlay,2017,LeftFoot,7540,Benevento,Roma,0,4,2017-09-20 17:00:00,Raman Chibsah,Pass
332,173668,79,BlockedShot,0.73,0.5179999923706055,0.014028400182723999,Danilo Cataldi,h,1206,OpenPlay,2017,RightFoot,7540,Benevento,Roma,0,4,2017-09-20 17:00:00,Gaetano Letizia,Pass
333,173672,88,SavedShot,0.865999984741211,0.3240000152587891,0.04659619927406311,Danilo Cataldi,h,1206,OpenPlay,2017,RightFoot,7540,Benevento,Roma,0,4,2017-09-20 17:00:00,,BallRecovery
334,173939,64,BlockedShot,0.8469999694824218,0.5820000076293945,0.060825198888778687,Danilo Cataldi,a,1206,OpenPlay,2017,RightFoot,7550,Crotone,Benevento,2,0,2017-09-24 14:00:00,,BallTouch
335,173946,89,MissedShots,0.7280000305175781,0.445,0.014632600359618664,Danilo Cataldi,a,1206,OpenPlay,2017,RightFoot,7550,Crotone,Benevento,2,0,2017-09-24 14:00:00,Ledian Memushaj,Pass
336,174172,12,MissedShots,0.750999984741211,0.47400001525878904,0.02166599966585636,Danilo Cataldi,h,1206,OpenPlay,2017,RightFoot,7560,Benevento,Inter,1,2,2017-10-01 14:00:00,Ledian Memushaj,Pass
337,174557,81,MissedShots,0.875999984741211,0.45,0.03915949910879135,Danilo Cataldi,a,1206,OpenPlay,2017,Head,7573,Verona,Benevento,1,0,2017-10-16 19:45:00,Amato Ciciretti,Cross
338,174746,35,ShotOnPost,0.75,0.5359999847412109,0.01904910057783127,Danilo Cataldi,h,1206,OpenPlay,2017,RightFoot,7580,Benevento,Fiorentina,0,3,2017-10-22 14:00:00,,Dispossessed
339,175029,68,MissedShots,0.905,0.4490000152587891,0.08716949820518494,Danilo Cataldi,a,1206,OpenPlay,2017,LeftFoot,7591,Cagliari,Benevento,2,1,2017-10-25 19:45:00,Pietro Iemmello,HeadPass
340,175031,77,BlockedShot,0.759000015258789,0.34299999237060547,0.017892299219965935,Danilo Cataldi,a,1206,OpenPlay,2017,LeftFoot,7591,Cagliari,Benevento,2,1,2017-10-25 19:45:00,,None
341,175220,28,MissedShots,0.685,0.31,0.008107599802315235,Danilo Cataldi,h,1206,OpenPlay,2017,RightFoot,7599,Benevento,Lazio,1,5,2017-10-29 11:30:00,Raman Chibsah,Pass
342,175221,35,MissedShots,0.755,0.6609999847412109,0.013958999887108803,Danilo Cataldi,h,1206,OpenPlay,2017,LeftFoot,7599,Benevento,Lazio,1,5,2017-10-29 11:30:00,Ledian Memushaj,Pass
343,175225,47,MissedShots,0.8919999694824219,0.41,0.058381300419569016,Danilo Cataldi,h,1206,OpenPlay,2017,RightFoot,7599,Benevento,Lazio,1,5,2017-10-29 11:30:00,Cristiano Lombardi,Cross
344,175234,68,BlockedShot,0.8180000305175781,0.5359999847412109,0.07342469692230225,Danilo Cataldi,h,1206,OpenPlay,2017,RightFoot,7599,Benevento,Lazio,1,5,2017-10-29 11:30:00,Massimo Coda,Pass
345,175688,70,MissedShots,0.8009999847412109,0.745,0.01899760030210018,Danilo Cataldi,a,1206,OpenPlay,2017,RightFoot,7616,Juventus,Benevento,2,1,2017-11-05 14:00:00,Cristiano Lombardi,Pass
346,175991,70,SavedShot,0.8009999847412109,0.7080000305175781,0.02220880053937435,Danilo Cataldi,a,1206,OpenPlay,2017,RightFoot,7629,Atalanta,Benevento,1,0,2017-11-27 19:45:00,George Puscas,LayOff
347,176244,25,BlockedShot,0.7619999694824219,0.47,0.07483769953250885,Danilo Cataldi,h,1206,DirectFreekick,2017,RightFoot,7639,Benevento,AC Milan,2,2,2017-12-03 11:30:00,,Standard
348,176251,41,BlockedShot,0.86,0.534000015258789,0.06068740040063858,Danilo Cataldi,h,1206,OpenPlay,2017,RightFoot,7639,Benevento,AC Milan,2,2,2017-12-03 11:30:00,Vittorio Parigini,Cross
349,184745,65,BlockedShot,0.7719999694824219,0.445,0.026467200368642807,Danilo Cataldi,h,1206,OpenPlay,2017,LeftFoot,7660,Benevento,SPAL 2013,1,2,2017-12-17 17:00:00,Gaetano Letizia,Pass
350,184753,81,SavedShot,0.735,0.720999984741211,0.03610970079898834,Danilo Cataldi,h,1206,DirectFreekick,2017,RightFoot,7660,Benevento,SPAL 2013,1,2,2017-12-17 17:00:00,,Standard
351,185058,72,MissedShots,0.8819999694824219,0.40400001525878904,0.12978699803352356,Danilo Cataldi,a,1206,OpenPlay,2017,RightFoot,7671,Genoa,Benevento,1,0,2017-12-23 14:00:00,,Rebound
352,185062,87,BlockedShot,0.8190000152587891,0.4520000076293945,0.05849539861083031,Danilo Cataldi,a,1206,OpenPlay,2017,RightFoot,7671,Genoa,Benevento,1,0,2017-12-23 14:00:00,George Puscas,BallTouch
353,200494,62,MissedShots,0.7269999694824218,0.585,0.04694280028343201,Danilo Cataldi,a,1206,DirectFreekick,2017,RightFoot,7770,Fiorentina,Benevento,1,0,2018-03-11 11:30:00,,Standard
354,204910,22,Goal,0.845,0.8169999694824219,0.04905439913272858,Danilo Cataldi,a,1206,DirectFreekick,2017,RightFoot,7789,Lazio,Benevento,6,2,2018-03-31 14:00:00,,Standard
355,204925,69,MissedShots,0.735,0.7119999694824218,0.009134490042924881,Danilo Cataldi,a,1206,OpenPlay,2017,RightFoot,7789,Lazio,Benevento,6,2,2018-03-31 14:00:00,Alin Tosca,Pass
356,208045,93,MissedShots,0.764000015258789,0.4759999847412109,0.02599249966442585,Danilo Cataldi,h,1206,FromCorner,2017,RightFoot,7806,Benevento,Juventus,2,4,2018-04-07 13:00:00,Guilherme,LayOff
357,209041,44,BlockedShot,0.715999984741211,0.500999984741211,0.014848499558866024,Danilo Cataldi,a,1206,OpenPlay,2017,RightFoot,7809,Sassuolo,Benevento,2,2,2018-04-15 13:00:00,Pietro Iemmello,Pass
358,209042,53,BlockedShot,0.8180000305175781,0.6909999847412109,0.08329729735851288,Danilo Cataldi,a,1206,DirectFreekick,2017,RightFoot,7809,Sassuolo,Benevento,2,2,2018-04-15 13:00:00,,Standard
359,210695,47,MissedShots,0.7319999694824219,0.6659999847412109,0.009817659854888916,Danilo Cataldi,a,1206,SetPiece,2017,LeftFoot,7829,AC Milan,Benevento,0,1,2018-04-21 18:45:00,,None
360,210696,51,MissedShots,0.815,0.3629999923706055,0.0525703988969326,Danilo Cataldi,a,1206,OpenPlay,2017,LeftFoot,7829,AC Milan,Benevento,0,1,2018-04-21 18:45:00,Enrico Brignola,Pass
361,214765,26,MissedShots,0.7519999694824219,0.7559999847412109,0.012218800373375416,Danilo Cataldi,h,1206,OpenPlay,2017,RightFoot,7861,Benevento,Genoa,1,0,2018-05-12 17:00:00,Vittorio Parigini,Pass
362,216485,12,SavedShot,0.8969999694824219,0.35700000762939454,0.06528469920158386,Danilo Cataldi,a,1206,OpenPlay,2017,RightFoot,7870,Chievo,Benevento,1,0,2018-05-20 14:00:00,,None
363,252808,47,SavedShot,0.895,0.8059999847412109,0.06427209824323654,Danilo Cataldi,h,1206,DirectFreekick,2018,RightFoot,9671,Lazio,Inter,0,3,2018-10-29 18:30:00,,Standard
364,252812,55,BlockedShot,0.7819999694824219,0.54,0.09645479917526245,Danilo Cataldi,h,1206,DirectFreekick,2018,RightFoot,9671,Lazio,Inter,0,3,2018-10-29 18:30:00,,Standard
365,252825,77,MissedShots,0.7780000305175782,0.3529999923706055,0.016063600778579712,Danilo Cataldi,h,1206,OpenPlay,2018,LeftFoot,9671,Lazio,Inter,0,3,2018-10-29 18:30:00,,None
366,252985,5,MissedShots,0.749000015258789,0.34200000762939453,0.013909299857914448,Danilo Cataldi,h,1206,OpenPlay,2018,RightFoot,9682,Lazio,SPAL 2013,4,1,2018-11-04 11:30:00,,None
367,253001,58,Goal,0.774000015258789,0.7419999694824219,0.020125199109315872,Danilo Cataldi,h,1206,OpenPlay,2018,RightFoot,9682,Lazio,SPAL 2013,4,1,2018-11-04 11:30:00,,BallRecovery
368,253013,85,BlockedShot,0.8159999847412109,0.4909999847412109,0.08038949966430664,Danilo Cataldi,h,1206,OpenPlay,2018,RightFoot,9682,Lazio,SPAL 2013,4,1,2018-11-04 11:30:00,Joaquín Correa,Pass
369,278077,88,Goal,0.8130000305175781,0.505,0.084552101790905,Danilo Cataldi,h,1206,OpenPlay,2018,LeftFoot,9834,Lazio,Roma,3,0,2019-03-02 19:30:00,Sergej Milinkovic-Savic,LayOff
370,286925,71,MissedShots,0.6919999694824219,0.6819999694824219,0.012082099914550781,Danilo Cataldi,h,1206,OpenPlay,2018,RightFoot,9851,Lazio,Parma Calcio 1913,4,1,2019-03-17 14:00:00,Sergej Milinkovic-Savic,BallTouch
371,286926,73,MissedShots,0.740999984741211,0.53,0.03391150012612343,Danilo Cataldi,h,1206,OpenPlay,2018,RightFoot,9851,Lazio,Parma Calcio 1913,4,1,2019-03-17 14:00:00,Luis Alberto,Pass
372,298278,58,BlockedShot,0.8690000152587891,0.6430000305175781,0.08441539853811264,Danilo Cataldi,a,1206,OpenPlay,2018,LeftFoot,9909,Sampdoria,Lazio,1,2,2019-04-28 17:00:00,Joaquín Correa,Pass
373,303399,69,SavedShot,0.7580000305175781,0.7180000305175781,0.017725199460983276,Danilo Cataldi,h,1206,OpenPlay,2018,RightFoot,9941,Lazio,Bologna,3,3,2019-05-20 18:30:00,Joaquín Correa,Pass
374,303404,81,MissedShots,0.7480000305175781,0.6969999694824218,0.043223898857831955,Danilo Cataldi,h,1206,DirectFreekick,2018,RightFoot,9941,Lazio,Bologna,3,3,2019-05-20 18:30:00,,Standard
375,304003,74,BlockedShot,0.8540000152587891,0.649000015258789,0.04538840055465698,Danilo Cataldi,a,1206,OpenPlay,2018,LeftFoot,9956,Torino,Lazio,3,1,2019-05-26 13:00:00,,None
376,325357,70,MissedShots,0.44099998474121094,0.4809999847412109,0.006585869938135147,Danilo Cataldi,h,1206,OpenPlay,2019,RightFoot,13162,Lazio,Atalanta,3,3,2019-10-19 14:00:00,,None
377,325358,73,MissedShots,0.7559999847412109,0.42400001525878905,0.011219399981200695,Danilo Cataldi,h,1206,OpenPlay,2019,RightFoot,13162,Lazio,Atalanta,3,3,2019-10-19 14:00:00,,Aerial
378,328545,22,MissedShots,0.789000015258789,0.4779999923706055,0.10885600000619888,Danilo Cataldi,h,1206,DirectFreekick,2019,RightFoot,13182,Lazio,Torino,4,0,2019-10-30 20:00:00,,Standard
379,360203,70,Goal,0.8059999847412109,0.5220000076293946,0.14090600609779358,Danilo Cataldi,a,1206,DirectFreekick,2019,RightFoot,13333,Genoa,Lazio,2,3,2020-02-23 11:30:00,,Standard
380,368844,86,MissedShots,0.855,0.72,0.022786399349570274,Danilo Cataldi,h,1206,OpenPlay,2019,RightFoot,13379,Lazio,AC Milan,0,3,2020-07-04 19:45:00,Jordan Lukaku,TakeOn
381,369516,77,BlockedShot,0.7390000152587891,0.504000015258789,0.020364999771118164,Danilo Cataldi,a,1206,OpenPlay,2019,RightFoot,13393,Lecce,Lazio,2,1,2020-07-07 17:30:00,,Rebound
382,369515,77,MissedShots,0.794000015258789,0.6519999694824219,0.02643910050392151,Danilo Cataldi,a,1206,OpenPlay,2019,LeftFoot,13393,Lecce,Lazio,2,1,2020-07-07 17:30:00,,None
383,370464,63,BlockedShot,0.835,0.6659999847412109,0.04040300101041794,Danilo Cataldi,h,1206,OpenPlay,2019,RightFoot,13402,Lazio,Sassuolo,1,2,2020-07-11 15:15:00,Luis Alberto,Pass
384,370472,93,MissedShots,0.425,0.6880000305175781,0.00674845976755023,Danilo Cataldi,h,1206,OpenPlay,2019,RightFoot,13402,Lazio,Sassuolo,1,2,2020-07-11 15:15:00,,BallRecovery
385,372952,16,BlockedShot,0.7319999694824219,0.5029999923706054,0.015407999977469444,Danilo Cataldi,a,1206,OpenPlay,2019,RightFoot,13423,Juventus,Lazio,2,1,2020-07-20 19:45:00,Sergej Milinkovic-Savic,Pass
386,386312,1,MissedShots,0.8380000305175781,0.549000015258789,0.0718144029378891,Danilo Cataldi,h,1206,OpenPlay,2020,LeftFoot,15491,Lazio,Juventus,1,1,2020-11-08 11:30:00,Mohamed Fares,Pass
387,389155,14,SavedShot,0.7130000305175781,0.4809999847412109,0.01435799989849329,Danilo Cataldi,h,1206,OpenPlay,2020,RightFoot,15511,Lazio,Udinese,1,3,2020-11-29 11:30:00,,BallRecovery
388,406861,71,MissedShots,0.8180000305175781,0.5029999923706054,0.040647100657224655,Danilo Cataldi,a,1206,OpenPlay,2020,RightFoot,15662,Bologna,Lazio,2,0,2021-02-27 17:00:00,,None
389,416849,92,BlockedShot,0.8640000152587891,0.5659999847412109,0.09387359768152237,Danilo Cataldi,a,1206,OpenPlay,2020,LeftFoot,15741,Napoli,Lazio,5,2,2021-04-22 18:45:00,,TakeOn
390,421409,20,SavedShot,0.7330000305175781,0.5370000076293945,0.015347599983215332,Danilo Cataldi,h,1206,OpenPlay,2020,RightFoot,15781,Lazio,Parma Calcio 1913,1,0,2021-05-12 18:45:00,Ciro Immobile,Pass
391,424245,70,BlockedShot,0.92,0.585999984741211,0.08598750084638596,Danilo Cataldi,a,1206,OpenPlay,2020,RightFoot,15800,Sassuolo,Lazio,2,0,2021-05-23 18:45:00,,Dispossessed
392,428854,78,BlockedShot,0.764000015258789,0.445,0.03228729963302612,Danilo Cataldi,h,1206,OpenPlay,2021,LeftFoot,16768,Lazio,Spezia,6,1,2021-08-28 16:30:00,Raul Moro,Pass
393,432054,82,Goal,0.8419999694824218,0.3990000152587891,0.05121399834752083,Danilo Cataldi,h,1206,OpenPlay,2021,RightFoot,16791,Lazio,Cagliari,2,2,2021-09-19 16:00:00,,Rebound
394,435230,86,MissedShots,0.7630000305175781,0.24100000381469727,0.012063399888575077,Danilo Cataldi,a,1206,OpenPlay,2021,RightFoot,16817,Bologna,Lazio,3,0,2021-10-03 10:30:00,Jean-Daniel Akpa-Akpro,Pass
395,441959,9,MissedShots,0.7830000305175782,0.7930000305175782,0.03870829939842224,Danilo Cataldi,h,1206,DirectFreekick,2021,RightFoot,16869,Lazio,Salernitana,3,0,2021-11-07 17:00:00,,Standard
396,450116,14,BlockedShot,0.7430000305175781,0.545,0.023798499256372452,Danilo Cataldi,a,1206,OpenPlay,2021,RightFoot,16945,Venezia,Lazio,1,3,2021-12-22 15:30:00,Sergej Milinkovic-Savic,Pass
397,459057,21,SavedShot,0.740999984741211,0.5979999923706054,0.01700500026345253,Danilo Cataldi,a,1206,OpenPlay,2021,RightFoot,17014,Udinese,Lazio,1,1,2022-02-20 19:45:00,Mattia Zaccagni,Pass
398,464740,79,MissedShots,0.710999984741211,0.46599998474121096,0.042101599276065826,Danilo Cataldi,a,1206,DirectFreekick,2021,RightFoot,17053,Roma,Lazio,3,0,2022-03-20 17:00:00,,Standard
399,464741,85,MissedShots,0.7219999694824218,0.5520000076293945,0.012740200385451317,Danilo Cataldi,a,1206,OpenPlay,2021,RightFoot,17053,Roma,Lazio,3,0,2022-03-20 17:00:00,Adam Marusic,Pass
400,468428,93,MissedShots,0.7480000305175781,0.53,0.01192460022866726,Danilo Cataldi,h,1206,OpenPlay,2021,LeftFoot,17080,Lazio,Torino,1,1,2022-04-16 18:45:00,,Aerial
401,476850,4,ShotOnPost,0.7830000305175782,0.654000015258789,0.019704900681972504,Danilo Cataldi,a,1206,OpenPlay,2021,RightFoot,17120,Juventus,Lazio,2,2,2022-05-16 18:45:00,Mattia Zaccagni,Pass
402,476862,44,SavedShot,0.7240000152587891,0.6329999923706054,0.01039160043001175,Danilo Cataldi,a,1206,OpenPlay,2021,RightFoot,17120,Juventus,Lazio,2,2,2022-05-16 18:45:00,Mattia Zaccagni,Pass
403,476870,74,SavedShot,0.7469999694824219,0.740999984741211,0.03698809817433357,Danilo Cataldi,a,1206,DirectFreekick,2021,RightFoot,17120,Juventus,Lazio,2,2,2022-05-16 18:45:00,,Standard
404,486251,20,MissedShots,0.71,0.6079999923706054,0.012915600091218948,Danilo Cataldi,h,1206,FromCorner,2022,RightFoot,18624,Lazio,Napoli,1,2,2022-09-03 18:45:00,,None
405,499679,61,BlockedShot,0.735999984741211,0.695,0.03932790085673332,Danilo Cataldi,h,1206,DirectFreekick,2022,RightFoot,18716,Lazio,Monza,1,0,2022-11-10 19:45:00,,Standard
406,499686,83,SavedShot,0.805,0.48,0.06655319780111313,Danilo Cataldi,h,1206,OpenPlay,2022,LeftFoot,18716,Lazio,Monza,1,0,2022-11-10 19:45:00,Felipe Anderson,Pass
407,502889,0,BlockedShot,0.76,0.625,0.017351800575852394,Danilo Cataldi,h,1206,OpenPlay,2022,LeftFoot,18746,Lazio,Empoli,2,2,2023-01-08 14:00:00,Luis Alberto,Pass
408,502901,46,MissedShots,0.7430000305175781,0.5479999923706055,0.022338399663567543,Danilo Cataldi,h,1206,OpenPlay,2022,RightFoot,18746,Lazio,Empoli,2,2,2023-01-08 14:00:00,Mattia Zaccagni,Pass
409,510072,33,MissedShots,0.7269999694824218,0.495,0.0142639996483922,Danilo Cataldi,a,1206,OpenPlay,2022,RightFoot,18807,Salernitana,Lazio,0,2,2023-02-19 14:00:00,,Rebound
410,536607,63,MissedShots,0.7659999847412109,0.48900001525878906,0.06716460734605789,Danilo Cataldi,a,1206,OpenPlay,2023,RightFoot,22330,Napoli,Lazio,1,2,2023-09-02 18:45:00,Nicolò Casale,TakeOn
411,539364,55,BlockedShot,0.7280000305175781,0.4520000076293945,0.017339816316962242,Danilo Cataldi,h,1206,OpenPlay,2023,RightFoot,22348,Lazio,Monza,1,1,2023-09-23 18:45:00,Luis Alberto,Pass
412,544300,56,ShotOnPost,0.7869999694824219,0.6409999847412109,0.052767299115657806,Danilo Cataldi,a,1206,OpenPlay,2023,RightFoot,22392,Sassuolo,Lazio,0,2,2023-10-21 18:45:00,,TakeOn
413,551249,49,SavedShot,0.7240000152587891,0.504000015258789,0.017565859481692314,Danilo Cataldi,h,1206,OpenPlay,2023,RightFoot,22438,Lazio,Cagliari,1,0,2023-12-02 17:00:00,Ciro Immobile,Pass
414,555084,96,MissedShots,0.7119999694824218,0.48700000762939455,0.01103079691529274,Danilo Cataldi,h,1206,OpenPlay,2023,RightFoot,22463,Lazio,Inter,0,2,2023-12-17 19:45:00,Valentín Castellanos,Dispossessed
415,560372,9,MissedShots,0.7659999847412109,0.3340000152587891,0.012720387428998947,Danilo Cataldi,h,1206,SetPiece,2023,RightFoot,22520,Lazio,Napoli,0,0,2024-01-28 17:00:00,,None
416,560379,64,MissedShots,0.7430000305175781,0.5570000076293945,0.0150320278480649,Danilo Cataldi,h,1206,OpenPlay,2023,LeftFoot,22520,Lazio,Napoli,0,0,2024-01-28 17:00:00,Luis Alberto,TakeOn
417,562318,7,MissedShots,0.759000015258789,0.51,0.01857702247798443,Danilo Cataldi,a,1206,FromCorner,2023,LeftFoot,22536,Cagliari,Lazio,1,3,2024-02-10 14:00:00,,None
418,562319,17,BlockedShot,0.8,0.3559999847412109,0.015460300259292126,Danilo Cataldi,a,1206,FromCorner,2023,RightFoot,22536,Cagliari,Lazio,1,3,2024-02-10 14:00:00,,Aerial
419,564900,55,Goal,0.794000015258789,0.44799999237060545,0.04412832856178284,Danilo Cataldi,a,1206,OpenPlay,2023,RightFoot,22512,Torino,Lazio,0,2,2024-02-22 19:45:00,Luis Alberto,Pass
420,566226,92,MissedShots,0.7919999694824219,0.40900001525878904,0.022487416863441467,Danilo Cataldi,h,1206,OpenPlay,2023,LeftFoot,22568,Lazio,AC Milan,0,1,2024-03-01 19:45:00,Matteo Guendouzi,HeadPass
421,569658,43,MissedShots,0.740999984741211,0.509000015258789,0.0184822715818882,Danilo Cataldi,a,1206,OpenPlay,2023,RightFoot,22586,Frosinone,Lazio,2,3,2024-03-16 19:45:00,Luis Alberto,Pass
422,590214,3,BlockedShot,0.7809999847412109,0.3970000076293945,0.02793058753013611,Danilo Cataldi,h,1206,FromCorner,2024,RightFoot,27388,Fiorentina,Monza,2,2,2024-09-01 16:30:00,Rolando Mandragora,Pass
423,590224,56,BlockedShot,0.835999984741211,0.5209999847412109,0.05514746531844139,Danilo Cataldi,h,1206,OpenPlay,2024,LeftFoot,27388,Fiorentina,Monza,2,2,2024-09-01 16:30:00,,None
424,591394,62,MissedShots,0.7130000305175781,0.5870000076293945,0.015276343561708927,Danilo Cataldi,a,1206,OpenPlay,2024,RightFoot,27393,Atalanta,Fiorentina,3,2,2024-09-15 13:00:00,Robin Gosens,Pass
425,594882,36,BlockedShot,0.8480000305175781,0.5309999847412109,0.10392559319734573,Danilo Cataldi,a,1206,OpenPlay,2024,RightFoot,27415,Empoli,Fiorentina,0,0,2024-09-29 16:00:00,Moise Kean,LayOff
426,596475,28,BlockedShot,0.765,0.455,0.024657083675265312,Danilo Cataldi,h,1206,OpenPlay,2024,RightFoot,27426,Fiorentina,AC Milan,2,1,2024-10-06 18:45:00,,None
427,597543,19,Goal,0.7480000305175781,0.6459999847412109,0.015048081986606121,Danilo Cataldi,a,1206,OpenPlay,2024,RightFoot,27439,Lecce,Fiorentina,0,6,2024-10-20 13:00:00,Edoardo Bove,Pass
428,597551,44,Goal,0.7969999694824219,0.3609999847412109,0.0870053842663765,Danilo Cataldi,a,1206,DirectFreekick,2024,RightFoot,27439,Lecce,Fiorentina,0,6,2024-10-20 13:00:00,,Standard
429,599362,20,SavedShot,0.855999984741211,0.41900001525878905,0.12246580421924591,Danilo Cataldi,h,1206,OpenPlay,2024,RightFoot,27445,Fiorentina,Roma,5,1,2024-10-27 19:45:00,Andrea Colpani,Pass
430,606199,23,Goal,0.8119999694824219,0.5220000076293946,0.046498414129018784,Danilo Cataldi,h,1206,OpenPlay,2024,RightFoot,27504,Fiorentina,Cagliari,1,0,2024-12-08 11:30:00,Lucas Beltrán,Pass
431,458678,47,BlockedShot,0.8830000305175781,0.40200000762939453,0.10294599831104279,Albert Gudmundsson,a,10366,OpenPlay,2021,RightFoot,17015,Venezia,Genoa,1,1,2022-02-20 14:00:00,Nicolo Rovella,Pass
432,459439,6,MissedShots,0.915,0.47,0.4148930013179779,Albert Gudmundsson,h,10366,OpenPlay,2021,LeftFoot,17018,Genoa,Inter,0,0,2022-02-25 20:00:00,Kelvin Yeboah,HeadPass
433,461450,31,MissedShots,0.830999984741211,0.675,0.04252929985523224,Albert Gudmundsson,h,10366,OpenPlay,2021,RightFoot,17029,Genoa,Empoli,0,0,2022-03-06 11:30:00,Kelvin Yeboah,LayOff
434,461458,66,MissedShots,0.7880000305175782,0.34099998474121096,0.025844499468803406,Albert Gudmundsson,h,10366,OpenPlay,2021,LeftFoot,17029,Genoa,Empoli,0,0,2022-03-06 11:30:00,Milan Badelj,BallTouch
435,461465,83,BlockedShot,0.835,0.46,0.04979979991912842,Albert Gudmundsson,h,10366,FromCorner,2021,RightFoot,17029,Genoa,Empoli,0,0,2022-03-06 11:30:00,,None
436,472784,86,Goal,0.925,0.580999984741211,0.44523900747299194,Albert Gudmundsson,h,10366,OpenPlay,2021,RightFoot,17107,Genoa,Juventus,2,1,2022-05-06 19:00:00,Nadiem Amiri,Throughball
437,476396,30,BlockedShot,0.78,0.62,0.024348000064492226,Albert Gudmundsson,a,10366,OpenPlay,2021,RightFoot,17122,Napoli,Genoa,3,0,2022-05-15 13:00:00,,None
438,476404,53,MissedShots,0.865999984741211,0.6959999847412109,0.05790409818291664,Albert Gudmundsson,a,10366,OpenPlay,2021,LeftFoot,17122,Napoli,Genoa,3,0,2022-05-15 13:00:00,,Rebound
439,476408,60,BlockedShot,0.749000015258789,0.544000015258789,0.022701499983668327,Albert Gudmundsson,a,10366,OpenPlay,2021,RightFoot,17122,Napoli,Genoa,3,0,2022-05-15 13:00:00,Kelvin Yeboah,Pass
440,533572,93,MissedShots,0.919000015258789,0.6730000305175782,0.29863983392715454,Albert Gudmundsson,h,10366,OpenPlay,2023,Head,22308,Genoa,Fiorentina,1,4,2023-08-19 18:45:00,Caleb Ekuban,Chipped
441,537023,95,MissedShots,0.6980000305175781,0.6029999923706054,0.009485388174653053,Albert Gudmundsson,a,10366,OpenPlay,2023,RightFoot,22331,Torino,Genoa,1,0,2023-09-03 16:30:00,Radu Dragusin,Aerial
442,537926,69,MissedShots,0.77,0.624000015258789,0.04228316247463226,Albert Gudmundsson,h,10366,OpenPlay,2023,RightFoot,22337,Genoa,Napoli,2,2,2023-09-16 18:45:00,Kevin Strootman,Pass
443,537931,79,MissedShots,0.8190000152587891,0.4759999847412109,0.07170889526605606,Albert Gudmundsson,h,10366,OpenPlay,2023,RightFoot,22337,Genoa,Napoli,2,2,2023-09-16 18:45:00,Ruslan Malinovskiy,Pass
444,538779,31,BlockedShot,0.95,0.34200000762939453,0.11506830155849457,Albert Gudmundsson,a,10366,OpenPlay,2023,RightFoot,22351,Lecce,Genoa,1,0,2023-09-22 18:45:00,Koni de Winter,Throughball
445,538791,69,MissedShots,0.9080000305175782,0.7119999694824218,0.09794656932353973,Albert Gudmundsson,a,10366,OpenPlay,2023,LeftFoot,22351,Lecce,Genoa,1,0,2023-09-22 18:45:00,Mateo Retegui,BallRecovery
446,540599,4,Goal,0.8640000152587891,0.47200000762939454,0.10923144221305847,Albert Gudmundsson,h,10366,OpenPlay,2023,LeftFoot,22357,Genoa,Roma,4,1,2023-09-28 18:45:00,Kevin Strootman,Pass
447,540619,94,MissedShots,0.6840000152587891,0.925,0.008130806498229504,Albert Gudmundsson,h,10366,OpenPlay,2023,RightFoot,22357,Genoa,Roma,4,1,2023-09-28 18:45:00,Berkan Kutlu,Chipped
448,541737,13,Goal,0.8190000152587891,0.46,0.06366779655218124,Albert Gudmundsson,a,10366,OpenPlay,2023,RightFoot,22370,Udinese,Genoa,2,2,2023-10-01 13:00:00,Morten Frendrup,Pass
449,541742,40,Goal,0.8730000305175781,0.6619999694824219,0.060817740857601166,Albert Gudmundsson,a,10366,OpenPlay,2023,RightFoot,22370,Udinese,Genoa,2,2,2023-10-01 13:00:00,Mateo Retegui,Pass
450,541743,46,SavedShot,0.9009999847412109,0.4329999923706055,0.4217970073223114,Albert Gudmundsson,a,10366,OpenPlay,2023,RightFoot,22370,Udinese,Genoa,2,2,2023-10-01 13:00:00,Morten Thorsby,BallTouch
451,541750,74,SavedShot,0.8019999694824219,0.475,0.059838298708200455,Albert Gudmundsson,a,10366,OpenPlay,2023,RightFoot,22370,Udinese,Genoa,2,2,2023-10-01 13:00:00,Berkan Kutlu,Pass
452,542905,101,BlockedShot,0.7980000305175782,0.6430000305175781,0.030044743791222572,Albert Gudmundsson,h,10366,OpenPlay,2023,RightFoot,22378,Genoa,AC Milan,0,1,2023-10-07 18:45:00,,None
453,544854,36,MissedShots,0.8619999694824219,0.41,0.0930834636092186,Albert Gudmundsson,a,10366,OpenPlay,2023,RightFoot,22385,Atalanta,Genoa,2,0,2023-10-22 16:00:00,Stefano Sabelli,Cross
454,544861,60,SavedShot,0.905,0.3290000152587891,0.04150224104523659,Albert Gudmundsson,a,10366,OpenPlay,2023,RightFoot,22385,Atalanta,Genoa,2,0,2023-10-22 16:00:00,Stefano Sabelli,Cross
455,544867,76,ShotOnPost,0.7909999847412109,0.6930000305175781,0.01941695436835289,Albert Gudmundsson,a,10366,OpenPlay,2023,RightFoot,22385,Atalanta,Genoa,2,0,2023-10-22 16:00:00,Caleb Ekuban,Pass
456,545141,34,Goal,0.8130000305175781,0.32799999237060545,0.031234871596097946,Albert Gudmundsson,h,10366,OpenPlay,2023,RightFoot,22396,Genoa,Salernitana,1,0,2023-10-27 18:45:00,Ruslan Malinovskiy,Pass
457,547313,24,BlockedShot,0.875999984741211,0.52,0.08247107267379761,Albert Gudmundsson,a,10366,OpenPlay,2023,RightFoot,22407,Cagliari,Genoa,2,1,2023-11-05 14:00:00,Morten Frendrup,HeadPass
458,547318,50,Goal,0.87,0.45299999237060545,0.06816758215427399,Albert Gudmundsson,a,10366,OpenPlay,2023,RightFoot,22407,Cagliari,Genoa,2,1,2023-11-05 14:00:00,,None
459,547991,3,BlockedShot,0.755,0.49900001525878906,0.06945814937353134,Albert Gudmundsson,h,10366,DirectFreekick,2023,RightFoot,22415,Genoa,Verona,1,0,2023-11-10 19:45:00,,Standard
460,553532,43,BlockedShot,0.81,0.6480000305175782,0.03405361622571945,Albert Gudmundsson,a,10366,OpenPlay,2023,LeftFoot,22454,Monza,Genoa,1,0,2023-12-10 14:00:00,,None
461,553533,50,BlockedShot,0.779000015258789,0.76,0.043386999517679214,Albert Gudmundsson,a,10366,DirectFreekick,2023,RightFoot,22454,Monza,Genoa,1,0,2023-12-10 14:00:00,,Standard
462,554004,47,Goal,0.93,0.5420000076293945,0.48070117831230164,Albert Gudmundsson,h,10366,OpenPlay,2023,LeftFoot,22458,Genoa,Juventus,1,1,2023-12-15 19:45:00,Caleb Ekuban,HeadPass
463,555997,32,MissedShots,0.7980000305175782,0.37099998474121093,0.02862195298075676,Albert Gudmundsson,a,10366,OpenPlay,2023,RightFoot,22472,Sassuolo,Genoa,1,2,2023-12-22 17:30:00,Caleb Ekuban,BallTouch
464,556002,54,SavedShot,0.9069999694824219,0.34900001525878904,0.06544146686792374,Albert Gudmundsson,a,10366,OpenPlay,2023,RightFoot,22472,Sassuolo,Genoa,1,2,2023-12-22 17:30:00,Koni de Winter,Pass
465,556003,55,MissedShots,0.7709999847412109,0.36700000762939455,0.023030931130051613,Albert Gudmundsson,a,10366,OpenPlay,2023,RightFoot,22472,Sassuolo,Genoa,1,2,2023-12-22 17:30:00,Milan Badelj,Pass
466,556007,63,Goal,0.885,0.5,0.7612988352775574,Albert Gudmundsson,a,10366,Penalty,2023,RightFoot,22472,Sassuolo,Genoa,1,2,2023-12-22 17:30:00,,Standard
467,557535,19,Goal,0.855999984741211,0.8119999694824219,0.05317451432347298,Albert Gudmundsson,a,10366,DirectFreekick,2023,RightFoot,22485,Bologna,Genoa,1,1,2024-01-05 19:45:00,,Standard
468,557553,97,ShotOnPost,0.7440000152587891,0.585,0.05622217059135437,Albert Gudmundsson,a,10366,DirectFreekick,2023,RightFoot,22485,Bologna,Genoa,1,1,2024-01-05 19:45:00,,Standard
469,557943,4,SavedShot,0.9259999847412109,0.6619999694824219,0.08471847325563431,Albert Gudmundsson,h,10366,OpenPlay,2023,LeftFoot,22497,Genoa,Torino,0,0,2024-01-13 14:00:00,Junior Messias,Pass
470,557954,74,SavedShot,0.815,0.5990000152587891,0.04837137088179588,Albert Gudmundsson,h,10366,OpenPlay,2023,RightFoot,22497,Genoa,Torino,0,0,2024-01-13 14:00:00,Stefano Sabelli,Pass
471,559406,57,Goal,0.885,0.5,0.7612988352775574,Albert Gudmundsson,a,10366,Penalty,2023,RightFoot,22509,Salernitana,Genoa,1,2,2024-01-21 17:00:00,,Standard
472,560081,62,MissedShots,0.7619999694824219,0.7559999847412109,0.013864202424883842,Albert Gudmundsson,h,10366,SetPiece,2023,RightFoot,22521,Genoa,Lecce,2,1,2024-01-28 11:30:00,Kevin Strootman,Pass
473,560083,69,SavedShot,0.759000015258789,0.6919999694824219,0.04842052236199379,Albert Gudmundsson,h,10366,DirectFreekick,2023,RightFoot,22521,Genoa,Lecce,2,1,2024-01-28 11:30:00,,Standard
474,561061,89,BlockedShot,0.805,0.519000015258789,0.045791301876306534,Albert Gudmundsson,a,10366,OpenPlay,2023,RightFoot,22530,Empoli,Genoa,0,0,2024-02-03 14:00:00,,None
475,563193,36,BlockedShot,0.8490000152587891,0.7730000305175782,0.024370595812797546,Albert Gudmundsson,h,10366,OpenPlay,2023,RightFoot,22542,Genoa,Atalanta,1,4,2024-02-11 17:00:00,Milan Badelj,Pass
476,563206,64,MissedShots,0.764000015258789,0.3770000076293945,0.016909535974264145,Albert Gudmundsson,h,10366,FromCorner,2023,LeftFoot,22542,Genoa,Atalanta,1,4,2024-02-11 17:00:00,,None
477,563209,87,SavedShot,0.9469999694824218,0.4520000076293945,0.39396771788597107,Albert Gudmundsson,h,10366,OpenPlay,2023,RightFoot,22542,Genoa,Atalanta,1,4,2024-02-11 17:00:00,Junior Messias,BallTouch
478,565412,16,BlockedShot,0.8159999847412109,0.5540000152587891,0.059041038155555725,Albert Gudmundsson,h,10366,OpenPlay,2023,LeftFoot,22558,Genoa,Udinese,2,0,2024-02-24 19:45:00,Stefano Sabelli,Pass
479,565422,44,BlockedShot,0.9259999847412109,0.5929999923706055,0.11292214691638947,Albert Gudmundsson,h,10366,OpenPlay,2023,LeftFoot,22558,Genoa,Udinese,2,0,2024-02-24 19:45:00,Johan Vásquez,HeadPass
480,565427,70,MissedShots,0.835999984741211,0.5459999847412109,0.10418212413787842,Albert Gudmundsson,h,10366,OpenPlay,2023,RightFoot,22558,Genoa,Udinese,2,0,2024-02-24 19:45:00,Mateo Retegui,Pass
481,565432,84,BlockedShot,0.805,0.500999984741211,0.04098010063171387,Albert Gudmundsson,h,10366,FromCorner,2023,LeftFoot,22558,Genoa,Udinese,2,0,2024-02-24 19:45:00,Alessandro Vogliacco,Pass
482,565433,90,MissedShots,0.8040000152587891,0.46900001525878904,0.06806184351444244,Albert Gudmundsson,h,10366,OpenPlay,2023,RightFoot,22558,Genoa,Udinese,2,0,2024-02-24 19:45:00,Koni de Winter,Pass
483,567515,25,MissedShots,0.9580000305175781,0.4520000076293945,0.6168709397315979,Albert Gudmundsson,a,10366,OpenPlay,2023,LeftFoot,22572,Inter,Genoa,2,1,2024-03-04 19:45:00,,Rebound
484,568299,4,MissedShots,0.7240000152587891,0.6329999923706054,0.01488106045871973,Albert Gudmundsson,h,10366,SetPiece,2023,RightFoot,22582,Genoa,Monza,2,3,2024-03-09 19:45:00,Kevin Strootman,Pass
485,568301,15,BlockedShot,0.765,0.4420000076293945,0.02250908687710762,Albert Gudmundsson,h,10366,SetPiece,2023,RightFoot,22582,Genoa,Monza,2,3,2024-03-09 19:45:00,Kevin Strootman,Pass
486,568312,51,Goal,0.960999984741211,0.49900001525878906,0.7301954627037048,Albert Gudmundsson,h,10366,SetPiece,2023,RightFoot,22582,Genoa,Monza,2,3,2024-03-09 19:45:00,,Rebound
487,568311,51,SavedShot,0.885,0.5,0.7612988352775574,Albert Gudmundsson,h,10366,Penalty,2023,RightFoot,22582,Genoa,Monza,2,3,2024-03-09 19:45:00,,Standard
488,568326,86,BlockedShot,0.8769999694824219,0.7,0.045003727078437805,Albert Gudmundsson,h,10366,OpenPlay,2023,RightFoot,22582,Genoa,Monza,2,3,2024-03-09 19:45:00,Ruslan Malinovskiy,Pass
489,570457,14,BlockedShot,0.8680000305175781,0.5679999923706055,0.18438008427619934,Albert Gudmundsson,h,10366,OpenPlay,2023,LeftFoot,22602,Genoa,Frosinone,1,1,2024-03-30 14:00:00,Milan Badelj,TakeOn
490,570463,29,Goal,0.885,0.5,0.7612988352775574,Albert Gudmundsson,h,10366,Penalty,2023,RightFoot,22602,Genoa,Frosinone,1,1,2024-03-30 14:00:00,,Standard
491,573080,57,Goal,0.9180000305175782,0.4879999923706055,0.474341481924057,Albert Gudmundsson,a,10366,OpenPlay,2023,RightFoot,22606,Verona,Genoa,1,2,2024-04-07 16:00:00,,Rebound
492,574537,41,Goal,0.885,0.5,0.7612988352775574,Albert Gudmundsson,a,10366,Penalty,2023,RightFoot,22623,Fiorentina,Genoa,1,1,2024-04-15 16:30:00,,Standard
493,577928,62,Goal,0.894000015258789,0.5279999923706055,0.5175854563713074,Albert Gudmundsson,h,10366,OpenPlay,2023,LeftFoot,22637,Genoa,Cagliari,3,0,2024-04-29 18:45:00,Morten Frendrup,Pass
494,583019,90,MissedShots,0.9059999847412109,0.46099998474121096,0.48706528544425964,Albert Gudmundsson,h,10366,OpenPlay,2023,LeftFoot,22683,Genoa,Bologna,2,0,2024-05-24 18:45:00,,Rebound
495,583020,93,MissedShots,0.72,0.40900001525878904,0.043330833315849304,Albert Gudmundsson,h,10366,DirectFreekick,2023,RightFoot,22683,Genoa,Bologna,2,0,2024-05-24 18:45:00,,Standard
496,592837,48,Goal,0.885,0.5,0.7612988352775574,Albert Gudmundsson,h,10366,Penalty,2024,RightFoot,27404,Fiorentina,Lazio,2,1,2024-09-22 10:30:00,,Standard
497,592843,59,MissedShots,0.835,0.5890000152587891,0.03446009382605553,Albert Gudmundsson,h,10366,OpenPlay,2024,LeftFoot,27404,Fiorentina,Lazio,2,1,2024-09-22 10:30:00,Edoardo Bove,HeadPass
498,592852,89,Goal,0.885,0.5,0.7612988352775574,Albert Gudmundsson,h,10366,Penalty,2024,RightFoot,27404,Fiorentina,Lazio,2,1,2024-09-22 10:30:00,,Standard
499,594885,43,BlockedShot,0.7569999694824219,0.575,0.015604703687131405,Albert Gudmundsson,a,10366,SetPiece,2024,RightFoot,27415,Empoli,Fiorentina,0,0,2024-09-29 16:00:00,,Rebound
500,594884,43,BlockedShot,0.76,0.534000015258789,0.07274424284696579,Albert Gudmundsson,a,10366,DirectFreekick,2024,RightFoot,27415,Empoli,Fiorentina,0,0,2024-09-29 16:00:00,,Standard
501,596490,72,Goal,0.8469999694824218,0.36400001525878906,0.05742636322975159,Albert Gudmundsson,h,10366,OpenPlay,2024,RightFoot,27426,Fiorentina,AC Milan,2,1,2024-10-06 18:45:00,Moise Kean,BallTouch
502,172554,23,MissedShots,0.8469999694824218,0.7240000152587891,0.028622200712561607,Robin Gosens,h,6155,OpenPlay,2017,LeftFoot,7501,Atalanta,Roma,0,1,2017-08-20 17:00:00,Alejandro Gomez,Pass
503,173115,43,MissedShots,0.8080000305175781,0.6469999694824219,0.023060400038957596,Robin Gosens,h,6155,FromCorner,2017,LeftFoot,7519,Atalanta,Sassuolo,2,1,2017-09-10 14:00:00,,None
504,174962,8,MissedShots,0.855,0.629000015258789,0.07399599999189377,Robin Gosens,h,6155,OpenPlay,2017,RightFoot,7589,Atalanta,Verona,3,0,2017-10-25 17:30:00,Andreas Cornelius,LayOff
505,205126,36,BlockedShot,0.845999984741211,0.67,0.048151399940252304,Robin Gosens,h,6155,OpenPlay,2017,RightFoot,7798,Atalanta,Udinese,2,0,2018-03-31 14:00:00,Remo Freuler,LayOff
506,205145,78,MissedShots,0.7759999847412109,0.500999984741211,0.01563809998333454,Robin Gosens,h,6155,FromCorner,2017,LeftFoot,7798,Atalanta,Udinese,2,0,2018-03-31 14:00:00,,Aerial
507,207838,1,SavedShot,0.9569999694824218,0.7030000305175781,0.04768479987978935,Robin Gosens,a,6155,OpenPlay,2017,LeftFoot,7799,SPAL 2013,Atalanta,1,1,2018-04-07 16:00:00,Alejandro Gomez,None
508,207850,49,BlockedShot,0.855,0.5940000152587891,0.06756880134344101,Robin Gosens,a,6155,OpenPlay,2017,RightFoot,7799,SPAL 2013,Atalanta,1,1,2018-04-07 16:00:00,Andreas Cornelius,Pass
509,208876,40,MissedShots,0.725,0.6930000305175781,0.012554300017654896,Robin Gosens,h,6155,FromCorner,2017,LeftFoot,7812,Atalanta,Inter,0,0,2018-04-14 18:45:00,,None
510,208883,77,MissedShots,0.710999984741211,0.6509999847412109,0.011345299892127514,Robin Gosens,h,6155,OpenPlay,2017,LeftFoot,7812,Atalanta,Inter,0,0,2018-04-14 18:45:00,,None
511,210969,63,Goal,0.9569999694824218,0.504000015258789,0.676630973815918,Robin Gosens,h,6155,OpenPlay,2017,LeftFoot,7838,Atalanta,Torino,2,1,2018-04-22 13:00:00,Timothy Castagne,Pass
512,213687,81,BlockedShot,0.9669999694824218,0.5479999923706055,0.6428020000457764,Robin Gosens,a,6155,OpenPlay,2017,LeftFoot,7849,Lazio,Atalanta,1,1,2018-05-06 14:00:00,Josip Ilicic,Pass
513,216466,1,BlockedShot,0.894000015258789,0.51,0.06527969986200333,Robin Gosens,a,6155,FromCorner,2017,LeftFoot,7869,Cagliari,Atalanta,1,0,2018-05-20 14:00:00,Josip Ilicic,Cross
514,218904,18,SavedShot,0.9530000305175781,0.6869999694824219,0.3176819980144501,Robin Gosens,h,6155,OpenPlay,2018,LeftFoot,9586,Atalanta,Frosinone,4,0,2018-08-20 21:30:00,Musa Barrow,Throughball
515,218907,35,SavedShot,0.904000015258789,0.725999984741211,0.07386810332536697,Robin Gosens,h,6155,OpenPlay,2018,LeftFoot,9586,Atalanta,Frosinone,4,0,2018-08-20 21:30:00,,TakeOn
516,222516,74,MissedShots,0.7619999694824219,0.675,0.011903599835932255,Robin Gosens,h,6155,SetPiece,2018,LeftFoot,9603,Atalanta,Cagliari,0,1,2018-09-02 18:30:00,,None
517,224528,15,MissedShots,0.82,0.56,0.061285700649023056,Robin Gosens,a,6155,OpenPlay,2018,RightFoot,9615,SPAL 2013,Atalanta,2,0,2018-09-17 18:30:00,Timothy Castagne,TakeOn
518,225995,71,MissedShots,0.8919999694824219,0.6909999847412109,0.02978930063545704,Robin Gosens,a,6155,OpenPlay,2018,LeftFoot,9622,AC Milan,Atalanta,2,2,2018-09-23 16:00:00,Timothy Castagne,Cross
519,226815,61,MissedShots,0.9369999694824219,0.5990000152587891,0.046259500086307526,Robin Gosens,h,6155,OpenPlay,2018,Head,9627,Atalanta,Torino,0,0,2018-09-26 19:00:00,,Aerial
520,252455,71,Goal,0.9690000152587891,0.6880000305175781,0.07729890197515488,Robin Gosens,a,6155,OpenPlay,2018,LeftFoot,9658,Chievo,Atalanta,1,5,2018-10-21 13:00:00,,BallRecovery
521,253095,31,SavedShot,0.77,0.66,0.023794900625944138,Robin Gosens,a,6155,OpenPlay,2018,RightFoot,9677,Bologna,Atalanta,1,2,2018-11-04 17:00:00,Alejandro Gomez,Pass
522,253097,36,MissedShots,0.875999984741211,0.6859999847412109,0.03287370130419731,Robin Gosens,a,6155,OpenPlay,2018,LeftFoot,9677,Bologna,Atalanta,1,2,2018-11-04 17:00:00,Hans Hateboer,Cross
523,253098,38,MissedShots,0.97,0.5790000152587891,0.04808630049228668,Robin Gosens,a,6155,OpenPlay,2018,Head,9677,Bologna,Atalanta,1,2,2018-11-04 17:00:00,Alejandro Gomez,Aerial
524,253277,30,SavedShot,0.805,0.674000015258789,0.020002100616693497,Robin Gosens,h,6155,FromCorner,2018,LeftFoot,9687,Atalanta,Inter,4,1,2018-11-11 11:30:00,,None
525,253623,64,MissedShots,0.9340000152587891,0.7090000152587891,0.051358599215745926,Robin Gosens,a,6155,OpenPlay,2018,LeftFoot,9699,Empoli,Atalanta,3,2,2018-11-25 14:00:00,,Rebound
526,254552,17,BlockedShot,0.9269999694824219,0.7130000305175781,0.06102230027318001,Robin Gosens,h,6155,OpenPlay,2018,LeftFoot,9728,Atalanta,Lazio,1,0,2018-12-17 19:30:00,,None
527,255008,76,MissedShots,0.8830000305175781,0.5279999923706055,0.12109900265932083,Robin Gosens,h,6155,OpenPlay,2018,RightFoot,9747,Atalanta,Juventus,2,2,2018-12-26 14:00:00,Timothy Castagne,Rebound
528,277773,15,MissedShots,0.779000015258789,0.5479999923706055,0.03313250094652176,Robin Gosens,a,6155,OpenPlay,2018,LeftFoot,9826,Torino,Atalanta,2,0,2019-02-23 14:00:00,Timothy Castagne,Pass
529,278225,58,Goal,0.9530000305175781,0.5629999923706055,0.4344730079174042,Robin Gosens,h,6155,OpenPlay,2018,Head,9830,Atalanta,Fiorentina,3,1,2019-03-03 17:00:00,Timothy Castagne,Cross
530,278226,60,MissedShots,0.92,0.6270000076293946,0.02993449941277504,Robin Gosens,h,6155,SetPiece,2018,Head,9830,Atalanta,Fiorentina,3,1,2019-03-03 17:00:00,Josip Ilicic,Cross
531,285101,47,ShotOnPost,0.9680000305175781,0.6,0.3621219992637634,Robin Gosens,a,6155,OpenPlay,2018,LeftFoot,9845,Sampdoria,Atalanta,1,2,2019-03-10 14:00:00,Hans Hateboer,Pass
532,285110,76,Goal,0.9740000152587891,0.6140000152587891,0.07842960208654404,Robin Gosens,a,6155,OpenPlay,2018,LeftFoot,9845,Sampdoria,Atalanta,1,2,2019-03-10 14:00:00,,None
533,298487,17,SavedShot,0.9130000305175782,0.5609999847412109,0.06298570334911346,Robin Gosens,h,6155,FromCorner,2018,Head,9912,Atalanta,Udinese,2,0,2019-04-29 18:00:00,Alejandro Gomez,Cross
534,300578,60,SavedShot,0.9169999694824219,0.7090000152587891,0.0796997994184494,Robin Gosens,h,6155,OpenPlay,2018,LeftFoot,9930,Atalanta,Genoa,2,1,2019-05-11 14:00:00,Marten de Roon,TakeOn
535,300582,77,MissedShots,0.870999984741211,0.6780000305175782,0.0795373022556305,Robin Gosens,h,6155,OpenPlay,2018,RightFoot,9930,Atalanta,Genoa,2,1,2019-05-11 14:00:00,Timothy Castagne,Pass
536,303297,7,MissedShots,0.9269999694824219,0.6459999847412109,0.01465190015733242,Robin Gosens,a,6155,FromCorner,2018,Head,9940,Juventus,Atalanta,1,1,2019-05-19 18:30:00,Alejandro Gomez,Cross
537,303302,18,BlockedShot,0.9640000152587891,0.639000015258789,0.06087910011410713,Robin Gosens,a,6155,FromCorner,2018,LeftFoot,9940,Juventus,Atalanta,1,1,2019-05-19 18:30:00,,None
538,304130,46,MissedShots,0.8880000305175781,0.6940000152587891,0.04987020045518875,Robin Gosens,h,6155,OpenPlay,2018,LeftFoot,9947,Atalanta,Sassuolo,3,1,2019-05-26 18:30:00,Josip Ilicic,Pass
539,313388,18,MissedShots,0.8640000152587891,0.5879999923706055,0.06411930173635483,Robin Gosens,a,6155,SetPiece,2019,LeftFoot,13095,SPAL 2013,Atalanta,2,3,2019-08-25 19:45:00,,None
540,313394,33,Goal,0.9130000305175782,0.515,0.30728599429130554,Robin Gosens,a,6155,OpenPlay,2019,Head,13095,SPAL 2013,Atalanta,2,3,2019-08-25 19:45:00,Hans Hateboer,Cross
541,316729,9,BlockedShot,0.9209999847412109,0.6990000152587891,0.04978780075907707,Robin Gosens,h,6155,OpenPlay,2019,LeftFoot,13104,Atalanta,Torino,2,3,2019-09-01 19:45:00,,None
542,317759,34,BlockedShot,0.9219999694824219,0.62,0.10693400353193283,Robin Gosens,a,6155,OpenPlay,2019,LeftFoot,13111,Genoa,Atalanta,1,2,2019-09-15 10:30:00,Mario Pasalic,Pass
543,317770,56,MissedShots,0.8209999847412109,0.72,0.025881199166178703,Robin Gosens,a,6155,OpenPlay,2019,LeftFoot,13111,Genoa,Atalanta,1,2,2019-09-15 10:30:00,Andrea Masiello,Pass
544,323063,2,MissedShots,0.8680000305175781,0.6819999694824219,0.03335440158843994,Robin Gosens,a,6155,FromCorner,2019,RightFoot,13147,Sassuolo,Atalanta,1,4,2019-09-28 18:45:00,,None
545,323068,12,Goal,0.95,0.5309999847412109,0.6196449995040894,Robin Gosens,a,6155,OpenPlay,2019,RightFoot,13147,Sassuolo,Atalanta,1,4,2019-09-28 18:45:00,,None
546,323069,22,BlockedShot,0.89,0.6959999847412109,0.06025790050625801,Robin Gosens,a,6155,OpenPlay,2019,RightFoot,13147,Sassuolo,Atalanta,1,4,2019-09-28 18:45:00,Duván Zapata,TakeOn
547,324792,28,MissedShots,0.889000015258789,0.6530000305175782,0.06332840025424957,Robin Gosens,h,6155,OpenPlay,2019,RightFoot,13149,Atalanta,Lecce,3,1,2019-10-06 14:00:00,Duván Zapata,Pass
548,324802,41,SavedShot,0.955999984741211,0.6990000152587891,0.057647500187158585,Robin Gosens,h,6155,OpenPlay,2019,LeftFoot,13149,Atalanta,Lecce,3,1,2019-10-06 14:00:00,,None
549,324807,52,SavedShot,0.9109999847412109,0.5020000076293946,0.44814300537109375,Robin Gosens,h,6155,FromCorner,2019,RightFoot,13149,Atalanta,Lecce,3,1,2019-10-06 14:00:00,Alejandro Gomez,Rebound
550,324808,55,Goal,0.850999984741211,0.5220000076293946,0.3192029893398285,Robin Gosens,h,6155,OpenPlay,2019,LeftFoot,13149,Atalanta,Lecce,3,1,2019-10-06 14:00:00,Josip Ilicic,Pass
551,324816,80,MissedShots,0.879000015258789,0.47200000762939454,0.031666599214076996,Robin Gosens,h,6155,FromCorner,2019,Head,13149,Atalanta,Lecce,3,1,2019-10-06 14:00:00,Alejandro Gomez,Chipped
552,325362,79,MissedShots,0.9169999694824219,0.55,0.3461270034313202,Robin Gosens,a,6155,OpenPlay,2019,LeftFoot,13162,Lazio,Atalanta,3,3,2019-10-19 14:00:00,Josip Ilicic,Cross
553,328398,6,MissedShots,0.9690000152587891,0.41900001525878905,0.1313520073890686,Robin Gosens,a,6155,SetPiece,2019,LeftFoot,13184,Napoli,Atalanta,2,2,2019-10-30 18:00:00,,Rebound
554,328415,52,MissedShots,0.9119999694824219,0.5159999847412109,0.11566700041294098,Robin Gosens,a,6155,OpenPlay,2019,RightFoot,13184,Napoli,Atalanta,2,2,2019-10-30 18:00:00,Hans Hateboer,Cross
555,328426,91,BlockedShot,0.9269999694824219,0.6780000305175782,0.03763280063867569,Robin Gosens,a,6155,FromCorner,2019,LeftFoot,13184,Napoli,Atalanta,2,2,2019-10-30 18:00:00,Luis Muriel,Cross
556,331985,55,Goal,0.965,0.5429999923706055,0.5998349785804749,Robin Gosens,h,6155,OpenPlay,2019,Head,13209,Atalanta,Juventus,1,3,2019-11-23 14:00:00,Musa Barrow,Cross
557,333465,1,SavedShot,0.9,0.5129999923706055,0.0885293036699295,Robin Gosens,a,6155,OpenPlay,2019,Head,13219,Brescia,Atalanta,0,3,2019-11-30 14:00:00,Timothy Castagne,Cross
558,337613,8,BlockedShot,0.7719999694824219,0.629000015258789,0.01224759966135025,Robin Gosens,a,6155,OpenPlay,2019,LeftFoot,13239,Bologna,Atalanta,2,1,2019-12-15 14:00:00,,Aerial
559,337631,73,SavedShot,0.865,0.5579999923706055,0.016119500622153282,Robin Gosens,a,6155,OpenPlay,2019,Head,13239,Bologna,Atalanta,2,1,2019-12-15 14:00:00,Hans Hateboer,Aerial
560,339140,39,BlockedShot,0.894000015258789,0.750999984741211,0.04299699887633324,Robin Gosens,h,6155,OpenPlay,2019,LeftFoot,13249,Atalanta,AC Milan,5,0,2019-12-22 11:30:00,Marten de Roon,Pass
561,339145,60,MissedShots,0.879000015258789,0.710999984741211,0.054977599531412125,Robin Gosens,h,6155,OpenPlay,2019,RightFoot,13249,Atalanta,AC Milan,5,0,2019-12-22 11:30:00,Alejandro Gomez,Goal
562,339153,86,SavedShot,0.870999984741211,0.64,0.08265739679336548,Robin Gosens,h,6155,OpenPlay,2019,RightFoot,13249,Atalanta,AC Milan,5,0,2019-12-22 11:30:00,Berat Gjimshiti,Pass
563,353988,4,BlockedShot,0.8969999694824219,0.61,0.021944500505924225,Robin Gosens,h,6155,OpenPlay,2019,Head,13259,Atalanta,Parma Calcio 1913,5,0,2020-01-06 14:00:00,Hans Hateboer,Aerial
564,354004,42,Goal,0.9259999847412109,0.5879999923706055,0.46994298696517944,Robin Gosens,h,6155,OpenPlay,2019,RightFoot,13259,Atalanta,Parma Calcio 1913,5,0,2020-01-06 14:00:00,,Rebound
565,354344,66,MissedShots,0.88,0.6480000305175782,0.035593800246715546,Robin Gosens,a,6155,OpenPlay,2019,LeftFoot,13272,Inter,Atalanta,1,1,2020-01-11 19:45:00,Mario Pasalic,HeadPass
566,354347,74,Goal,0.9309999847412109,0.5529999923706055,0.09321460127830505,Robin Gosens,a,6155,OpenPlay,2019,LeftFoot,13272,Inter,Atalanta,1,1,2020-01-11 19:45:00,,None
567,355438,22,BlockedShot,0.7919999694824219,0.6430000305175781,0.040942899882793427,Robin Gosens,h,6155,OpenPlay,2019,LeftFoot,13279,Atalanta,SPAL 2013,1,2,2020-01-20 19:45:00,,BallRecovery
568,356042,7,BlockedShot,0.8119999694824219,0.5379999923706055,0.03219420090317726,Robin Gosens,a,6155,OpenPlay,2019,RightFoot,13297,Torino,Atalanta,0,7,2020-01-25 19:45:00,Hans Hateboer,Cross
569,356052,21,SavedShot,0.9019999694824219,0.4759999847412109,0.45485201478004456,Robin Gosens,a,6155,OpenPlay,2019,LeftFoot,13297,Torino,Atalanta,0,7,2020-01-25 19:45:00,Josip Ilicic,Throughball
570,356053,22,BlockedShot,0.774000015258789,0.5729999923706055,0.015030000358819962,Robin Gosens,a,6155,FromCorner,2019,LeftFoot,13297,Torino,Atalanta,0,7,2020-01-25 19:45:00,,Aerial
571,356058,28,Goal,0.815,0.580999984741211,0.045300401747226715,Robin Gosens,a,6155,FromCorner,2019,LeftFoot,13297,Torino,Atalanta,0,7,2020-01-25 19:45:00,,Rebound
572,357133,59,SavedShot,0.8569999694824219,0.705999984741211,0.015428699553012848,Robin Gosens,h,6155,OpenPlay,2019,LeftFoot,13299,Atalanta,Genoa,2,2,2020-02-02 14:00:00,,Aerial
573,357139,79,BlockedShot,0.8019999694824219,0.6719999694824219,0.027482500299811363,Robin Gosens,h,6155,OpenPlay,2019,RightFoot,13299,Atalanta,Genoa,2,2,2020-02-02 14:00:00,Alejandro Gomez,Pass
574,357903,47,MissedShots,0.784000015258789,0.7290000152587891,0.011643599718809128,Robin Gosens,a,6155,SetPiece,2019,LeftFoot,13310,Fiorentina,Atalanta,1,2,2020-02-08 14:00:00,,None
575,361319,34,BlockedShot,0.9290000152587891,0.745999984741211,0.049222398549318314,Robin Gosens,a,6155,OpenPlay,2019,LeftFoot,13342,Lecce,Atalanta,2,7,2020-03-01 14:00:00,Josip Ilicic,Pass
576,361329,55,BlockedShot,0.8569999694824219,0.57,0.05959179997444153,Robin Gosens,a,6155,FromCorner,2019,LeftFoot,13342,Lecce,Atalanta,2,7,2020-03-01 14:00:00,,None
577,365851,49,BlockedShot,0.8769999694824219,0.6509999847412109,0.09474150091409683,Robin Gosens,h,6155,OpenPlay,2019,LeftFoot,13329,Atalanta,Sassuolo,4,1,2020-06-21 17:30:00,Mario Pasalic,Pass
578,366465,37,Goal,0.8919999694824219,0.61,0.032426800578832626,Robin Gosens,h,6155,OpenPlay,2019,Head,13349,Atalanta,Lazio,3,2,2020-06-24 19:45:00,Hans Hateboer,Aerial
579,366468,44,SavedShot,0.8680000305175781,0.69,0.03983579948544502,Robin Gosens,h,6155,OpenPlay,2019,LeftFoot,13349,Atalanta,Lazio,3,2,2020-06-24 19:45:00,,Dispossessed
580,366471,63,MissedShots,0.89,0.585,0.025823300704360008,Robin Gosens,h,6155,OpenPlay,2019,Head,13349,Atalanta,Lazio,3,2,2020-06-24 19:45:00,,Aerial
581,368391,54,Goal,0.9019999694824219,0.629000015258789,0.31895700097084045,Robin Gosens,h,6155,OpenPlay,2019,LeftFoot,13369,Atalanta,Napoli,2,0,2020-07-02 17:30:00,Rafael Toloi,Rebound
582,369189,79,SavedShot,0.8680000305175781,0.6909999847412109,0.06249630078673363,Robin Gosens,a,6155,OpenPlay,2019,RightFoot,13386,Cagliari,Atalanta,0,1,2020-07-05 17:30:00,Alejandro Gomez,Pass
583,371345,37,MissedShots,0.9740000152587891,0.6090000152587891,0.11395099759101868,Robin Gosens,h,6155,OpenPlay,2019,LeftFoot,13410,Atalanta,Brescia,6,2,2020-07-14 19:45:00,Timothy Castagne,Cross
584,371350,57,MissedShots,0.8580000305175781,0.669000015258789,0.07503650337457657,Robin Gosens,h,6155,OpenPlay,2019,RightFoot,13410,Atalanta,Brescia,6,2,2020-07-14 19:45:00,Mario Pasalic,Pass
585,372318,13,MissedShots,0.7390000152587891,0.4779999923706055,0.01780099980533123,Robin Gosens,a,6155,FromCorner,2019,LeftFoot,13428,Verona,Atalanta,1,1,2020-07-18 15:15:00,,BallTouch
586,373032,80,BlockedShot,0.9059999847412109,0.6759999847412109,0.07690169662237167,Robin Gosens,h,6155,OpenPlay,2019,LeftFoot,13429,Atalanta,Bologna,1,0,2020-07-21 17:30:00,Ruslan Malinovskiy,BallTouch
587,374063,25,BlockedShot,0.8440000152587891,0.725999984741211,0.030569300055503845,Robin Gosens,a,6155,OpenPlay,2019,RightFoot,13457,Parma Calcio 1913,Atalanta,1,2,2020-07-28 17:30:00,Duván Zapata,Pass
588,374065,44,MissedShots,0.8619999694824219,0.6309999847412109,0.0626790001988411,Robin Gosens,a,6155,OpenPlay,2019,RightFoot,13457,Parma Calcio 1913,Atalanta,1,2,2020-07-28 17:30:00,Alejandro Gomez,Pass
589,374081,94,SavedShot,0.8480000305175781,0.4540000152587891,0.09154219925403595,Robin Gosens,a,6155,OpenPlay,2019,RightFoot,13457,Parma Calcio 1913,Atalanta,1,2,2020-07-28 17:30:00,Luis Muriel,CornerAwarded
590,374484,82,MissedShots,0.92,0.6419999694824219,0.2928670048713684,Robin Gosens,h,6155,OpenPlay,2019,LeftFoot,13459,Atalanta,Inter,0,2,2020-08-01 18:45:00,Luis Muriel,Throughball
591,378676,18,MissedShots,0.9530000305175781,0.6229999923706054,0.2787199914455414,Robin Gosens,a,6155,OpenPlay,2020,LeftFoot,14123,Torino,Atalanta,2,4,2020-09-26 13:00:00,Alejandro Gomez,Cross
592,378691,67,MissedShots,0.9540000152587891,0.6680000305175782,0.06927940249443054,Robin Gosens,a,6155,OpenPlay,2020,LeftFoot,14123,Torino,Atalanta,2,4,2020-09-26 13:00:00,Ruslan Malinovskiy,Cross
593,378692,72,BlockedShot,0.8640000152587891,0.7319999694824219,0.05068390071392059,Robin Gosens,a,6155,OpenPlay,2020,LeftFoot,14123,Torino,Atalanta,2,4,2020-09-26 13:00:00,Ruslan Malinovskiy,Pass
594,380150,9,Goal,0.9309999847412109,0.5120000076293946,0.5740799903869629,Robin Gosens,a,6155,OpenPlay,2020,LeftFoot,14135,Lazio,Atalanta,1,4,2020-09-30 18:45:00,,None
595,381723,36,BlockedShot,0.8380000305175781,0.6409999847412109,0.03462659940123558,Robin Gosens,a,6155,FromCorner,2020,LeftFoot,15456,Napoli,Atalanta,4,1,2020-10-17 13:00:00,José Luis Palomino,Pass
596,381736,77,MissedShots,0.855999984741211,0.6519999694824219,0.016530800610780716,Robin Gosens,a,6155,OpenPlay,2020,Head,15456,Napoli,Atalanta,4,1,2020-10-17 13:00:00,Rafael Toloi,Chipped
597,381737,79,MissedShots,0.9309999847412109,0.5359999847412109,0.07669509947299957,Robin Gosens,a,6155,OpenPlay,2020,Head,15456,Napoli,Atalanta,4,1,2020-10-17 13:00:00,Johan Mojica,Aerial
598,383154,68,MissedShots,0.904000015258789,0.6940000152587891,0.03680700063705444,Robin Gosens,h,6155,OpenPlay,2020,LeftFoot,15466,Atalanta,Sampdoria,1,3,2020-10-24 13:00:00,,None
599,387472,13,MissedShots,0.9209999847412109,0.605999984741211,0.3754349946975708,Robin Gosens,a,6155,OpenPlay,2020,RightFoot,15503,Spezia,Atalanta,0,0,2020-11-21 17:00:00,,None
600,387486,83,SavedShot,0.914000015258789,0.6370000076293946,0.33760499954223633,Robin Gosens,a,6155,OpenPlay,2020,LeftFoot,15503,Spezia,Atalanta,0,0,2020-11-21 17:00:00,Mario Pasalic,BallTouch
601,387489,91,BlockedShot,0.9730000305175781,0.40900001525878904,0.13397300243377686,Robin Gosens,a,6155,OpenPlay,2020,RightFoot,15503,Spezia,Atalanta,0,0,2020-11-21 17:00:00,Bosko Sutalo,Pass
602,392027,43,Goal,0.9590000152587891,0.549000015258789,0.6237300038337708,Robin Gosens,h,6155,OpenPlay,2020,LeftFoot,15526,Atalanta,Fiorentina,3,0,2020-12-13 14:00:00,Duván Zapata,Pass
603,392876,64,MissedShots,0.955999984741211,0.600999984741211,0.0913901999592781,Robin Gosens,a,6155,OpenPlay,2020,LeftFoot,15540,Juventus,Atalanta,1,1,2020-12-16 17:30:00,Hans Hateboer,Cross
604,394721,40,BlockedShot,0.7609999847412109,0.61,0.01955140009522438,Robin Gosens,h,6155,OpenPlay,2020,RightFoot,15546,Atalanta,Roma,4,1,2020-12-20 17:00:00,Duván Zapata,Pass
605,394729,69,Goal,0.9390000152587891,0.504000015258789,0.4888240098953247,Robin Gosens,h,6155,OpenPlay,2020,Head,15546,Atalanta,Roma,4,1,2020-12-20 17:00:00,Josip Ilicic,Cross
606,394732,76,SavedShot,0.7609999847412109,0.610999984741211,0.040855199098587036,Robin Gosens,h,6155,OpenPlay,2020,RightFoot,15546,Atalanta,Roma,4,1,2020-12-20 17:00:00,Luis Muriel,HeadPass
607,395397,41,MissedShots,0.8880000305175781,0.669000015258789,0.2819809913635254,Robin Gosens,a,6155,OpenPlay,2020,LeftFoot,15556,Bologna,Atalanta,2,2,2020-12-23 19:45:00,Berat Gjimshiti,Pass
608,396694,28,MissedShots,0.8819999694824219,0.7380000305175781,0.03070320002734661,Robin Gosens,h,6155,OpenPlay,2020,LeftFoot,15566,Atalanta,Sassuolo,5,1,2021-01-03 14:00:00,Hans Hateboer,Chipped
609,396704,56,Goal,0.8380000305175781,0.35200000762939454,0.05866419896483421,Robin Gosens,h,6155,OpenPlay,2020,RightFoot,15566,Atalanta,Sassuolo,5,1,2021-01-03 14:00:00,Duván Zapata,HeadPass
610,397184,41,MissedShots,0.8880000305175781,0.42200000762939455,0.06101680174469948,Robin Gosens,h,6155,OpenPlay,2020,Head,15576,Atalanta,Parma Calcio 1913,3,0,2021-01-06 14:00:00,Josip Ilicic,Cross
611,397191,60,Goal,0.909000015258789,0.5109999847412109,0.563854992389679,Robin Gosens,h,6155,OpenPlay,2020,LeftFoot,15576,Atalanta,Parma Calcio 1913,3,0,2021-01-06 14:00:00,,None
612,397741,1,MissedShots,0.955999984741211,0.5729999923706055,0.5029420256614685,Robin Gosens,a,6155,OpenPlay,2020,LeftFoot,15586,Benevento,Atalanta,1,4,2021-01-09 14:00:00,Josip Ilicic,Throughball
613,397744,11,SavedShot,0.8830000305175781,0.6630000305175782,0.06247689947485924,Robin Gosens,a,6155,OpenPlay,2020,LeftFoot,15586,Benevento,Atalanta,1,4,2021-01-09 14:00:00,Matteo Pessina,BallTouch
614,397757,65,SavedShot,0.8030000305175782,0.7269999694824218,0.01588520035147667,Robin Gosens,a,6155,OpenPlay,2020,RightFoot,15586,Benevento,Atalanta,1,4,2021-01-09 14:00:00,Ruslan Malinovskiy,TakeOn
615,399508,91,BlockedShot,0.8959999847412109,0.41,0.05077489838004112,Robin Gosens,h,6155,FromCorner,2020,LeftFoot,15596,Atalanta,Genoa,0,0,2021-01-17 17:00:00,Luis Muriel,Cross
616,403053,18,Goal,0.9740000152587891,0.34900001525878904,0.0897722989320755,Robin Gosens,h,6155,OpenPlay,2020,RightFoot,15634,Atalanta,Torino,3,3,2021-02-06 14:00:00,Luis Muriel,Pass
617,403056,35,BlockedShot,0.8619999694824219,0.41900001525878905,0.11772599816322327,Robin Gosens,h,6155,OpenPlay,2020,LeftFoot,15634,Atalanta,Torino,3,3,2021-02-06 14:00:00,Luis Muriel,Pass
618,404696,17,MissedShots,0.9080000305175782,0.7,0.05361359938979149,Robin Gosens,a,6155,OpenPlay,2020,LeftFoot,15636,Cagliari,Atalanta,0,1,2021-02-14 14:00:00,Mario Pasalic,Pass
619,404705,77,BlockedShot,0.9230000305175782,0.5879999923706055,0.4236829876899719,Robin Gosens,a,6155,OpenPlay,2020,LeftFoot,15636,Cagliari,Atalanta,0,1,2021-02-14 14:00:00,Joakim Maehle,Pass
620,406152,32,MissedShots,0.8580000305175781,0.5929999923706055,0.08758600056171417,Robin Gosens,h,6155,OpenPlay,2020,LeftFoot,15649,Atalanta,Napoli,4,2,2021-02-21 17:00:00,Marten de Roon,Pass
621,406158,63,Goal,0.9569999694824218,0.545,0.6288959980010986,Robin Gosens,h,6155,OpenPlay,2020,LeftFoot,15649,Atalanta,Napoli,4,2,2021-02-21 17:00:00,Duván Zapata,Pass
622,406163,74,OwnGoal,0.04699999809265137,0.500999984741211,0,Robin Gosens,h,6155,FromCorner,2020,OtherBodyPart,15649,Atalanta,Napoli,4,2,2021-02-21 17:00:00,,CornerAwarded
623,406164,76,SavedShot,0.9059999847412109,0.6630000305175782,0.0898434966802597,Robin Gosens,h,6155,OpenPlay,2020,LeftFoot,15649,Atalanta,Napoli,4,2,2021-02-21 17:00:00,Luis Muriel,Pass
624,407047,52,SavedShot,0.9669999694824218,0.5670000076293945,0.1388770043849945,Robin Gosens,a,6155,OpenPlay,2020,RightFoot,15656,Sampdoria,Atalanta,0,2,2021-02-28 11:30:00,,None
625,407051,66,MissedShots,0.9,0.615,0.018278300762176514,Robin Gosens,a,6155,FromCorner,2020,Head,15656,Sampdoria,Atalanta,0,2,2021-02-28 11:30:00,Josip Ilicic,Cross
626,407055,69,Goal,0.9390000152587891,0.55,0.13547299802303314,Robin Gosens,a,6155,OpenPlay,2020,LeftFoot,15656,Sampdoria,Atalanta,0,2,2021-02-28 11:30:00,Joakim Maehle,Cross
627,407997,7,MissedShots,0.9069999694824219,0.769000015258789,0.018747299909591675,Robin Gosens,h,6155,FromCorner,2020,LeftFoot,15675,Atalanta,Crotone,5,1,2021-03-03 19:45:00,Berat Gjimshiti,Chipped
628,407999,11,Goal,0.9440000152587891,0.48,0.10567999631166458,Robin Gosens,h,6155,OpenPlay,2020,Head,15675,Atalanta,Crotone,5,1,2021-03-03 19:45:00,Josip Ilicic,Aerial
629,408015,79,SavedShot,0.860999984741211,0.5429999923706055,0.11381299793720245,Robin Gosens,h,6155,OpenPlay,2020,RightFoot,15675,Atalanta,Crotone,5,1,2021-03-03 19:45:00,Aleksey Miranchuk,Pass
630,409360,61,MissedShots,0.9619999694824218,0.34,0.01349950022995472,Robin Gosens,a,6155,OpenPlay,2020,Head,15676,Inter,Atalanta,1,0,2021-03-08 19:45:00,Remo Freuler,Cross
631,412245,25,MissedShots,0.7980000305175782,0.495,0.05998599901795387,Robin Gosens,h,6155,OpenPlay,2020,LeftFoot,15714,Atalanta,Udinese,3,2,2021-04-03 13:00:00,,BallRecovery
632,414812,14,MissedShots,0.9019999694824219,0.345,0.059671200811862946,Robin Gosens,a,6155,FromCorner,2020,LeftFoot,15716,Fiorentina,Atalanta,2,3,2021-04-11 18:45:00,,Rebound
633,414811,14,SavedShot,0.9259999847412109,0.38599998474121094,0.028611600399017334,Robin Gosens,a,6155,FromCorner,2020,Head,15716,Fiorentina,Atalanta,2,3,2021-04-11 18:45:00,Ruslan Malinovskiy,Cross
634,416782,53,BlockedShot,0.8490000152587891,0.545,0.10273099690675735,Robin Gosens,a,6155,OpenPlay,2020,LeftFoot,15736,Roma,Atalanta,1,1,2021-04-22 16:30:00,Josip Ilicic,Pass
635,419105,31,Goal,0.960999984741211,0.664000015258789,0.31362101435661316,Robin Gosens,a,6155,OpenPlay,2020,LeftFoot,15756,Sassuolo,Atalanta,1,1,2021-05-02 13:00:00,Ruslan Malinovskiy,Throughball
636,419107,45,BlockedShot,0.88,0.6630000305175782,0.0756354033946991,Robin Gosens,a,6155,OpenPlay,2020,LeftFoot,15756,Sassuolo,Atalanta,1,1,2021-05-02 13:00:00,,BallRecovery
637,419122,92,BlockedShot,0.885,0.3840000152587891,0.06779100000858307,Robin Gosens,a,6155,FromCorner,2020,LeftFoot,15756,Sassuolo,Atalanta,1,1,2021-05-02 13:00:00,,Rebound
638,420627,19,MissedShots,0.9,0.47299999237060547,0.2652829885482788,Robin Gosens,a,6155,OpenPlay,2020,Head,15766,Parma Calcio 1913,Atalanta,2,5,2021-05-09 13:00:00,Josip Ilicic,Cross
639,420628,20,SavedShot,0.92,0.48900001525878906,0.3801079988479614,Robin Gosens,a,6155,OpenPlay,2020,Head,15766,Parma Calcio 1913,Atalanta,2,5,2021-05-09 13:00:00,Josip Ilicic,Cross
640,421302,25,BlockedShot,0.9480000305175781,0.6880000305175781,0.0758092999458313,Robin Gosens,h,6155,OpenPlay,2020,LeftFoot,15776,Atalanta,Benevento,2,0,2021-05-12 18:45:00,Luis Muriel,Pass
641,421303,43,BlockedShot,0.8959999847412109,0.6419999694824219,0.08384460210800171,Robin Gosens,h,6155,OpenPlay,2020,LeftFoot,15776,Atalanta,Benevento,2,0,2021-05-12 18:45:00,,None
642,421766,20,SavedShot,0.9769999694824218,0.6469999694824219,0.08070950210094452,Robin Gosens,a,6155,OpenPlay,2020,LeftFoot,15786,Genoa,Atalanta,3,4,2021-05-15 13:00:00,,None
643,421773,43,Goal,0.9730000305175781,0.5220000076293946,0.6944980025291443,Robin Gosens,a,6155,OpenPlay,2020,Head,15786,Genoa,Atalanta,3,4,2021-05-15 13:00:00,Hans Hateboer,HeadPass
644,427359,21,BlockedShot,0.9490000152587891,0.47,0.06666350364685059,Robin Gosens,a,6155,OpenPlay,2021,Head,16758,Torino,Atalanta,1,2,2021-08-21 18:45:00,Josip Ilicic,BallTouch
645,427377,69,BlockedShot,0.779000015258789,0.7130000305175781,0.030793000012636185,Robin Gosens,a,6155,OpenPlay,2021,LeftFoot,16758,Torino,Atalanta,1,2,2021-08-21 18:45:00,,TakeOn
646,428858,10,BlockedShot,0.884000015258789,0.7219999694824218,0.03817079961299896,Robin Gosens,h,6155,OpenPlay,2021,RightFoot,16769,Atalanta,Bologna,0,0,2021-08-28 16:30:00,Luis Muriel,Pass
647,428863,17,SavedShot,0.884000015258789,0.7280000305175781,0.04031410068273544,Robin Gosens,h,6155,OpenPlay,2021,LeftFoot,16769,Atalanta,Bologna,0,0,2021-08-28 16:30:00,Luis Muriel,Pass
648,428866,29,SavedShot,0.8490000152587891,0.710999984741211,0.03335139900445938,Robin Gosens,h,6155,OpenPlay,2021,LeftFoot,16769,Atalanta,Bologna,0,0,2021-08-28 16:30:00,Ruslan Malinovskiy,Pass
649,428872,59,MissedShots,0.8680000305175781,0.5840000152587891,0.07223760336637497,Robin Gosens,h,6155,OpenPlay,2021,LeftFoot,16769,Atalanta,Bologna,0,0,2021-08-28 16:30:00,,None
650,430145,54,MissedShots,0.955999984741211,0.66,0.03887540102005005,Robin Gosens,h,6155,FromCorner,2021,RightFoot,16776,Atalanta,Fiorentina,1,2,2021-09-11 18:45:00,Ruslan Malinovskiy,Cross
651,430147,60,MissedShots,0.9130000305175782,0.51,0.0878785029053688,Robin Gosens,h,6155,FromCorner,2021,Head,16776,Atalanta,Fiorentina,1,2,2021-09-11 18:45:00,Ruslan Malinovskiy,Cross
652,430152,74,MissedShots,0.9590000152587891,0.67,0.06623709946870804,Robin Gosens,h,6155,SetPiece,2021,LeftFoot,16776,Atalanta,Fiorentina,1,2,2021-09-11 18:45:00,Duván Zapata,LayOff
653,431583,16,SavedShot,0.8290000152587891,0.5120000076293946,0.07961659878492355,Robin Gosens,a,6155,OpenPlay,2021,LeftFoot,16792,Salernitana,Atalanta,0,1,2021-09-18 18:45:00,Aleksey Miranchuk,Pass
654,431602,89,BlockedShot,0.925,0.6079999923706054,0.03530839830636978,Robin Gosens,a,6155,OpenPlay,2021,Head,16792,Salernitana,Atalanta,0,1,2021-09-18 18:45:00,Joakim Maehle,Chipped
655,432444,2,Goal,0.9630000305175781,0.5359999847412109,0.6073510050773621,Robin Gosens,h,6155,OpenPlay,2021,LeftFoot,16796,Atalanta,Sassuolo,2,1,2021-09-21 18:45:00,Ruslan Malinovskiy,Cross
656,433597,16,MissedShots,0.919000015258789,0.605999984741211,0.03131889924407005,Robin Gosens,a,6155,FromCorner,2021,Head,16808,Inter,Atalanta,2,2,2021-09-25 16:00:00,Ruslan Malinovskiy,Cross
657,433608,44,MissedShots,0.8780000305175781,0.4879999923706055,0.1289760023355484,Robin Gosens,a,6155,OpenPlay,2021,RightFoot,16808,Inter,Atalanta,2,2,2021-09-25 16:00:00,Ruslan Malinovskiy,Pass
658,460779,86,SavedShot,0.9430000305175781,0.6229999923706054,0.07612500339746475,Robin Gosens,h,6155,FromCorner,2021,RightFoot,17030,Inter,Salernitana,5,0,2022-03-04 19:45:00,,None
659,463418,68,MissedShots,0.7369999694824219,0.7480000305175781,0.013326999731361866,Robin Gosens,a,6155,OpenPlay,2021,LeftFoot,17044,Torino,Inter,1,1,2022-03-13 19:45:00,Milan Skriniar,Pass
660,463420,82,MissedShots,0.899000015258789,0.49,0.03430350124835968,Robin Gosens,a,6155,OpenPlay,2021,Head,17044,Torino,Inter,1,1,2022-03-13 19:45:00,Nicolò Barella,Aerial
661,466842,80,MissedShots,0.8619999694824219,0.5609999847412109,0.08801060169935226,Robin Gosens,h,6155,OpenPlay,2021,LeftFoot,17070,Inter,Verona,2,0,2022-04-09 16:00:00,Hakan Calhanoglu,Chipped
662,493374,78,MissedShots,0.9469999694824218,0.6569999694824219,0.015196800231933594,Robin Gosens,h,6155,OpenPlay,2022,Head,18675,Inter,Salernitana,2,0,2022-10-16 10:30:00,,None
663,493375,84,MissedShots,0.8769999694824219,0.7290000152587891,0.03744380176067352,Robin Gosens,h,6155,OpenPlay,2022,RightFoot,18675,Inter,Salernitana,2,0,2022-10-16 10:30:00,,None
664,499548,75,Goal,0.970999984741211,0.5709999847412109,0.5917389988899231,Robin Gosens,h,6155,OpenPlay,2022,LeftFoot,18715,Inter,Bologna,6,1,2022-11-09 19:45:00,Edin Dzeko,Pass
665,505250,83,MissedShots,0.9030000305175782,0.6630000305175782,0.05614669993519783,Robin Gosens,h,6155,SetPiece,2022,LeftFoot,18765,Inter,Empoli,0,1,2023-01-23 19:45:00,,None
666,505251,91,MissedShots,0.8680000305175781,0.41,0.0773020014166832,Robin Gosens,h,6155,OpenPlay,2022,LeftFoot,18765,Inter,Empoli,0,1,2023-01-23 19:45:00,Hakan Calhanoglu,Pass
667,507870,80,MissedShots,0.9380000305175781,0.36,0.016616100445389748,Robin Gosens,h,6155,FromCorner,2022,Head,18785,Inter,AC Milan,1,0,2023-02-05 19:45:00,Hakan Calhanoglu,Cross
668,509210,36,MissedShots,0.8959999847412109,0.365,0.008885630406439304,Robin Gosens,a,6155,SetPiece,2022,Head,18801,Sampdoria,Inter,0,0,2023-02-13 19:45:00,Hakan Calhanoglu,Aerial
669,511159,81,MissedShots,0.955999984741211,0.4,0.054276399314403534,Robin Gosens,a,6155,FromCorner,2022,Head,18812,Bologna,Inter,1,0,2023-02-26 11:30:00,Hakan Calhanoglu,Cross
670,511160,94,SavedShot,0.75,0.5979999923706054,0.017022600397467613,Robin Gosens,a,6155,OpenPlay,2022,LeftFoot,18812,Bologna,Inter,1,0,2023-02-26 11:30:00,Edin Dzeko,BallTouch
671,513148,17,BlockedShot,0.9059999847412109,0.475,0.1125980019569397,Robin Gosens,a,6155,OpenPlay,2022,LeftFoot,18841,Spezia,Inter,2,1,2023-03-10 19:45:00,Matteo Darmian,HeadPass
672,513154,26,MissedShots,0.9,0.5840000152587891,0.0915381982922554,Robin Gosens,a,6155,FromCorner,2022,LeftFoot,18841,Spezia,Inter,2,1,2023-03-10 19:45:00,Nicolò Barella,Rebound
673,513159,43,MissedShots,0.8869999694824219,0.6370000076293946,0.08848860114812851,Robin Gosens,a,6155,OpenPlay,2022,LeftFoot,18841,Spezia,Inter,2,1,2023-03-10 19:45:00,Lautaro Martínez,Pass
674,513164,58,BlockedShot,0.8880000305175781,0.5970000076293945,0.06673909723758698,Robin Gosens,a,6155,OpenPlay,2022,LeftFoot,18841,Spezia,Inter,2,1,2023-03-10 19:45:00,,None
675,513165,64,MissedShots,0.8719999694824219,0.605999984741211,0.05121000111103058,Robin Gosens,a,6155,OpenPlay,2022,RightFoot,18841,Spezia,Inter,2,1,2023-03-10 19:45:00,Nicolò Barella,Cross
676,516488,8,MissedShots,0.9790000152587891,0.62,0.01649489998817444,Robin Gosens,h,6155,FromCorner,2022,Head,18855,Inter,Fiorentina,0,1,2023-04-01 16:00:00,Marcelo Brozovic,Cross
677,516501,43,BlockedShot,0.905,0.629000015258789,0.09936840087175369,Robin Gosens,h,6155,OpenPlay,2022,LeftFoot,18855,Inter,Fiorentina,0,1,2023-04-01 16:00:00,Joaquín Correa,Pass
678,516502,45,MissedShots,0.91,0.605999984741211,0.06744830310344696,Robin Gosens,h,6155,OpenPlay,2022,LeftFoot,18855,Inter,Fiorentina,0,1,2023-04-01 16:00:00,Marcelo Brozovic,Cross
679,517562,5,Goal,0.8540000152587891,0.5509999847412109,0.07824009656906128,Robin Gosens,a,6155,OpenPlay,2022,LeftFoot,18868,Salernitana,Inter,1,1,2023-04-07 15:00:00,Romelu Lukaku,HeadPass
680,517564,13,SavedShot,0.855,0.529000015258789,0.019713599234819412,Robin Gosens,a,6155,OpenPlay,2022,Head,18868,Salernitana,Inter,1,1,2023-04-07 15:00:00,Nicolò Barella,Aerial
681,519719,18,BlockedShot,0.9119999694824219,0.49,0.1168849989771843,Robin Gosens,h,6155,OpenPlay,2022,RightFoot,18875,Inter,Monza,0,1,2023-04-15 18:45:00,Denzel Dumfries,Cross
682,519741,81,MissedShots,0.8059999847412109,0.6270000076293946,0.0328482985496521,Robin Gosens,h,6155,OpenPlay,2022,LeftFoot,18875,Inter,Monza,0,1,2023-04-15 18:45:00,,None
683,521240,69,MissedShots,0.840999984741211,0.5409999847412109,0.07265709340572357,Robin Gosens,a,6155,OpenPlay,2022,RightFoot,18886,Empoli,Inter,0,3,2023-04-23 10:30:00,,Rebound
684,521239,69,BlockedShot,0.815,0.61,0.05586038902401924,Robin Gosens,a,6155,OpenPlay,2022,LeftFoot,18886,Empoli,Inter,0,3,2023-04-23 10:30:00,Lautaro Martínez,Pass
685,523010,82,Goal,0.9690000152587891,0.565,0.4355579912662506,Robin Gosens,h,6155,OpenPlay,2022,LeftFoot,18895,Inter,Lazio,3,1,2023-04-30 10:30:00,Romelu Lukaku,Chipped
686,526255,71,MissedShots,0.914000015258789,0.66,0.10181517153978348,Robin Gosens,h,6155,OpenPlay,2022,LeftFoot,18925,Inter,Sassuolo,4,2,2023-05-13 18:45:00,Kristjan Asllani,Chipped
687,529273,88,MissedShots,0.9209999847412109,0.5720000076293945,0.026416484266519547,Robin Gosens,h,6155,FromCorner,2022,Head,18945,Inter,Atalanta,3,2,2023-05-27 18:45:00,Marcelo Brozovic,Aerial
688,534482,3,Goal,0.815,0.5320000076293945,0.060124609619379044,Robin Gosens,a,6155,OpenPlay,2023,LeftFoot,23079,Darmstadt,Union Berlin,1,4,2023-08-26 13:30:00,Aissa Laidouni,TakeOn
689,534490,33,Goal,0.9309999847412109,0.48,0.078451007604599,Robin Gosens,a,6155,SetPiece,2023,Head,23079,Darmstadt,Union Berlin,1,4,2023-08-26 13:30:00,Josip Juranovic,Aerial
690,537499,27,Goal,0.9290000152587891,0.500999984741211,0.3800150752067566,Robin Gosens,a,6155,OpenPlay,2023,Head,23095,Wolfsburg,Union Berlin,2,1,2023-09-16 13:30:00,Aissa Laidouni,Aerial
691,538960,44,MissedShots,0.8880000305175781,0.34900001525878904,0.04393649846315384,Robin Gosens,h,6155,FromCorner,2023,LeftFoot,23106,Union Berlin,Hoffenheim,0,2,2023-09-23 13:30:00,Kevin Behrens,BallTouch
692,538971,69,SavedShot,0.9069999694824219,0.4259999847412109,0.051717452704906464,Robin Gosens,h,6155,FromCorner,2023,Head,23106,Union Berlin,Hoffenheim,0,2,2023-09-23 13:30:00,Josip Juranovic,Cross
693,541053,55,MissedShots,0.899000015258789,0.59,0.13731829822063446,Robin Gosens,a,6155,OpenPlay,2023,LeftFoot,23112,FC Heidenheim,Union Berlin,1,0,2023-09-30 13:30:00,David Datro Fofana,Pass
694,542592,4,MissedShots,0.885,0.4779999923706055,0.08643871545791626,Robin Gosens,a,6155,OpenPlay,2023,RightFoot,23120,Borussia Dortmund,Union Berlin,4,2,2023-10-07 13:30:00,,None
695,542595,8,Goal,0.9130000305175782,0.5670000076293945,0.06499724835157394,Robin Gosens,a,6155,FromCorner,2023,Head,23120,Borussia Dortmund,Union Berlin,4,2,2023-10-07 13:30:00,Christopher Trimmel,Cross
696,543981,85,BlockedShot,0.8869999694824219,0.4259999847412109,0.09497900307178497,Robin Gosens,h,6155,SetPiece,2023,RightFoot,23129,Union Berlin,VfB Stuttgart,0,3,2023-10-21 13:30:00,,Rebound
697,545399,35,MissedShots,0.8980000305175782,0.5059999847412109,0.04920344427227974,Robin Gosens,a,6155,OpenPlay,2023,Head,23142,Werder Bremen,Union Berlin,2,0,2023-10-28 13:30:00,Christopher Trimmel,Aerial
698,546801,43,BlockedShot,0.8009999847412109,0.6819999694824219,0.034796297550201416,Robin Gosens,h,6155,OpenPlay,2023,LeftFoot,23147,Union Berlin,Eintracht Frankfurt,0,3,2023-11-04 14:30:00,,TakeOn
699,549646,14,MissedShots,0.88,0.41200000762939454,0.031450603157281876,Robin Gosens,h,6155,OpenPlay,2023,Head,23165,Union Berlin,Augsburg,1,1,2023-11-25 14:30:00,Christopher Trimmel,Chipped
700,549655,48,MissedShots,0.879000015258789,0.5209999847412109,0.05010650306940079,Robin Gosens,h,6155,OpenPlay,2023,Head,23165,Union Berlin,Augsburg,1,1,2023-11-25 14:30:00,Christopher Trimmel,Cross
701,552791,35,MissedShots,0.9280000305175782,0.43599998474121093,0.08769571036100388,Robin Gosens,h,6155,FromCorner,2023,Head,23183,Union Berlin,Borussia M.Gladbach,3,1,2023-12-09 14:30:00,Josip Juranovic,Cross
702,558072,69,BlockedShot,0.9590000152587891,0.34799999237060547,0.03926660493016243,Robin Gosens,a,6155,FromCorner,2023,LeftFoot,23211,Freiburg,Union Berlin,0,0,2024-01-13 14:30:00,Josip Juranovic,Cross
703,559530,0,MissedShots,0.74,0.700999984741211,0.013527984730899334,Robin Gosens,a,6155,OpenPlay,2023,LeftFoot,23173,Bayern Munich,Union Berlin,1,0,2024-01-24 18:30:00,Kevin Volland,BallTouch
704,560266,24,MissedShots,0.885,0.40400001525878904,0.010624558664858341,Robin Gosens,h,6155,SetPiece,2023,Head,23228,Union Berlin,Darmstadt,1,0,2024-01-28 14:30:00,Christopher Trimmel,Aerial
705,560277,47,MissedShots,0.9,0.5820000076293945,0.0739288181066513,Robin Gosens,h,6155,FromCorner,2023,RightFoot,23228,Union Berlin,Darmstadt,1,0,2024-01-28 14:30:00,Christopher Trimmel,Pass
706,560286,67,SavedShot,0.9730000305175781,0.6359999847412109,0.05963270366191864,Robin Gosens,h,6155,OpenPlay,2023,LeftFoot,23228,Union Berlin,Darmstadt,1,0,2024-01-28 14:30:00,Andras Schafer,Cross
707,561877,0,SavedShot,0.845999984741211,0.5970000076293945,0.07219374179840088,Robin Gosens,a,6155,OpenPlay,2023,RightFoot,23237,RasenBallsport Leipzig,Union Berlin,2,0,2024-02-04 16:30:00,Yorbe Vertessen,Pass
708,563360,25,BlockedShot,0.9230000305175782,0.6409999847412109,0.0433686301112175,Robin Gosens,a,6155,FromCorner,2023,LeftFoot,23221,Mainz 05,Union Berlin,1,1,2024-02-07 17:30:00,Kevin Volland,Cross
709,563366,57,Goal,0.9790000152587891,0.5929999923706055,0.07434246689081192,Robin Gosens,a,6155,OpenPlay,2023,LeftFoot,23221,Mainz 05,Union Berlin,1,1,2024-02-07 17:30:00,Janik Haberer,Cross
710,562543,50,MissedShots,0.9180000305175782,0.6669999694824219,0.03408217802643776,Robin Gosens,h,6155,OpenPlay,2023,LeftFoot,23248,Union Berlin,Wolfsburg,1,0,2024-02-10 14:30:00,Kevin Volland,Cross
711,565099,27,BlockedShot,0.865999984741211,0.6129999923706054,0.05745594948530197,Robin Gosens,h,6155,OpenPlay,2023,LeftFoot,23269,Union Berlin,FC Heidenheim,2,2,2024-02-24 14:30:00,,None
712,565103,43,Goal,0.9019999694824219,0.4759999847412109,0.4830904006958008,Robin Gosens,h,6155,SetPiece,2023,LeftFoot,23269,Union Berlin,FC Heidenheim,2,2,2024-02-24 14:30:00,,None
713,572326,35,MissedShots,0.905,0.6120000076293945,0.023538559675216675,Robin Gosens,h,6155,FromCorner,2023,Head,23309,Union Berlin,Bayer Leverkusen,0,1,2024-04-06 13:30:00,Christopher Trimmel,Cross
714,575147,23,MissedShots,0.9230000305175782,0.5479999923706055,0.06053401157259941,Robin Gosens,h,6155,OpenPlay,2023,Head,23327,Union Berlin,Bayern Munich,1,5,2024-04-20 16:30:00,Christopher Trimmel,Aerial
715,575158,41,MissedShots,0.9680000305175781,0.45799999237060546,0.09512917697429657,Robin Gosens,h,6155,OpenPlay,2023,Head,23327,Union Berlin,Bayern Munich,1,5,2024-04-20 16:30:00,Christopher Trimmel,Aerial
716,575156,41,SavedShot,0.8719999694824219,0.7019999694824218,0.02312723733484745,Robin Gosens,h,6155,OpenPlay,2023,LeftFoot,23327,Union Berlin,Bayern Munich,1,5,2024-04-20 16:30:00,Christopher Trimmel,Cross
717,577337,77,MissedShots,0.9359999847412109,0.5770000076293945,0.0327390655875206,Robin Gosens,a,6155,FromCorner,2023,Head,23340,Borussia M.Gladbach,Union Berlin,0,0,2024-04-28 13:30:00,Josip Juranovic,Aerial
718,579727,66,ShotOnPost,0.9119999694824219,0.654000015258789,0.01287136785686016,Robin Gosens,a,6155,FromCorner,2023,Head,23358,FC Cologne,Union Berlin,3,2,2024-05-11 13:30:00,Christopher Trimmel,Aerial
719,579736,90,MissedShots,0.9109999847412109,0.40099998474121096,0.015005279332399368,Robin Gosens,a,6155,FromCorner,2023,Head,23358,FC Cologne,Union Berlin,3,2,2024-05-11 13:30:00,Josip Juranovic,Aerial
720,585926,95,MissedShots,0.795,0.6990000152587891,0.02383718080818653,Robin Gosens,a,6155,OpenPlay,2024,RightFoot,27747,Mainz 05,Union Berlin,1,1,2024-08-24 13:30:00,Tim Skarke,Pass
721,590233,95,Goal,0.9309999847412109,0.43900001525878907,0.19075500965118408,Robin Gosens,h,6155,FromCorner,2024,Head,27388,Fiorentina,Monza,2,2,2024-09-01 16:30:00,Yacine Adli,Aerial
722,591379,14,SavedShot,0.9440000152587891,0.4470000076293945,0.2558004558086395,Robin Gosens,a,6155,FromCorner,2024,Head,27393,Atalanta,Fiorentina,3,2,2024-09-15 13:00:00,Rolando Mandragora,Chipped
723,591384,31,MissedShots,0.9290000152587891,0.5279999923706055,0.1890985369682312,Robin Gosens,a,6155,OpenPlay,2024,Head,27393,Atalanta,Fiorentina,3,2,2024-09-15 13:00:00,Rolando Mandragora,Goal
724,594889,56,MissedShots,0.77,0.6020000076293945,0.023016219958662987,Robin Gosens,a,6155,OpenPlay,2024,LeftFoot,27415,Empoli,Fiorentina,0,0,2024-09-29 16:00:00,,None
725,599379,62,BlockedShot,0.8719999694824219,0.6869999694824219,0.07435816526412964,Robin Gosens,h,6155,OpenPlay,2024,LeftFoot,27445,Fiorentina,Roma,5,1,2024-10-27 19:45:00,Yacine Adli,Pass
726,599387,77,SavedShot,0.8619999694824219,0.654000015258789,0.11157351732254028,Robin Gosens,h,6155,OpenPlay,2024,LeftFoot,27445,Fiorentina,Roma,5,1,2024-10-27 19:45:00,Riccardo Sottil,Pass
727,599665,71,Goal,0.9209999847412109,0.5079999923706054,0.5410891771316528,Robin Gosens,a,6155,OpenPlay,2024,LeftFoot,27456,Genoa,Fiorentina,0,1,2024-10-31 17:30:00,,None
728,600573,10,BlockedShot,0.7619999694824219,0.5970000076293945,0.02352752909064293,Robin Gosens,a,6155,OpenPlay,2024,LeftFoot,27470,Torino,Fiorentina,0,1,2024-11-03 14:00:00,Amir Richardson,Pass
729,601980,45,BlockedShot,0.9440000152587891,0.5929999923706055,0.07225055992603302,Robin Gosens,h,6155,FromCorner,2024,LeftFoot,27479,Fiorentina,Verona,3,1,2024-11-10 14:00:00,Riccardo Sottil,Cross
730,483202,31,Goal,0.8959999847412109,0.43400001525878906,0.12437999993562698,Andrea Colpani,h,6718,OpenPlay,2022,LeftFoot,18602,Monza,Udinese,1,2,2022-08-26 16:30:00,Gianluca Caprari,Pass
731,486925,77,MissedShots,0.840999984741211,0.3559999847412109,0.03467889875173569,Andrea Colpani,h,6718,OpenPlay,2022,LeftFoot,18629,Monza,Atalanta,0,2,2022-09-05 16:30:00,,None
732,489311,74,BlockedShot,0.8619999694824219,0.36400001525878906,0.11019200086593628,Andrea Colpani,h,6718,OpenPlay,2022,LeftFoot,18646,Monza,Juventus,1,0,2022-09-18 13:00:00,Christian Gytkjær,Pass
733,492923,62,SavedShot,0.759000015258789,0.3609999847412109,0.01406679954379797,Andrea Colpani,a,6718,OpenPlay,2022,LeftFoot,18673,Empoli,Monza,1,0,2022-10-15 13:00:00,Nicolo Rovella,Chipped
734,492928,68,BlockedShot,0.835,0.7240000152587891,0.019697099924087524,Andrea Colpani,a,6718,FromCorner,2022,LeftFoot,18673,Empoli,Monza,1,0,2022-10-15 13:00:00,,None
735,492930,76,BlockedShot,0.8680000305175781,0.6680000305175782,0.04684450104832649,Andrea Colpani,a,6718,OpenPlay,2022,LeftFoot,18673,Empoli,Monza,1,0,2022-10-15 13:00:00,Marco D&#039;Alessandro,Pass
736,498703,89,Goal,0.845,0.44299999237060544,0.08392640203237534,Andrea Colpani,h,6718,OpenPlay,2022,LeftFoot,18707,Monza,Verona,2,0,2022-11-06 14:00:00,Andrea Petagna,Pass
737,499669,9,MissedShots,0.7269999694824218,0.4520000076293945,0.016816599294543266,Andrea Colpani,a,6718,OpenPlay,2022,LeftFoot,18716,Lazio,Monza,1,0,2022-11-10 19:45:00,,BallRecovery
738,499676,37,MissedShots,0.725999984741211,0.3820000076293945,0.025728600099682808,Andrea Colpani,a,6718,OpenPlay,2022,LeftFoot,18716,Lazio,Monza,1,0,2022-11-10 19:45:00,Armando Izzo,BallRecovery
739,500665,55,ShotOnPost,0.7959999847412109,0.3890000152587891,0.052393898367881775,Andrea Colpani,h,6718,OpenPlay,2022,RightFoot,18728,Monza,Salernitana,3,0,2022-11-13 14:00:00,Matteo Pessina,Pass
740,502390,17,MissedShots,0.909000015258789,0.37099998474121093,0.0998942032456398,Andrea Colpani,a,6718,OpenPlay,2022,LeftFoot,18733,Fiorentina,Monza,1,1,2023-01-04 17:30:00,Gianluca Caprari,Pass
741,502393,27,MissedShots,0.91,0.46,0.3527660071849823,Andrea Colpani,a,6718,OpenPlay,2022,LeftFoot,18733,Fiorentina,Monza,1,1,2023-01-04 17:30:00,Dany Mota,Cross
742,511310,90,BlockedShot,0.8690000152587891,0.7130000305175781,0.04523110017180443,Andrea Colpani,a,6718,OpenPlay,2022,LeftFoot,18813,Salernitana,Monza,3,0,2023-02-26 14:00:00,Filippo Ranocchia,Pass
743,511311,91,BlockedShot,0.894000015258789,0.505,0.11954600363969803,Andrea Colpani,a,6718,OpenPlay,2022,LeftFoot,18813,Salernitana,Monza,3,0,2023-02-26 14:00:00,Dany Mota,Pass
744,513999,94,BlockedShot,0.715999984741211,0.59,0.016776500269770622,Andrea Colpani,a,6718,OpenPlay,2022,LeftFoot,18835,Verona,Monza,1,1,2023-03-12 14:00:00,Matteo Pessina,Pass
745,514835,89,MissedShots,0.9309999847412109,0.5220000076293946,0.07711710035800934,Andrea Colpani,h,6718,OpenPlay,2022,Head,18846,Monza,Cremonese,1,1,2023-03-18 14:00:00,Dany Mota,Chipped
746,516955,89,SavedShot,0.6780000305175782,0.605999984741211,0.010078799910843372,Andrea Colpani,h,6718,OpenPlay,2022,LeftFoot,18858,Monza,Lazio,0,2,2023-04-02 13:00:00,Stefano Sensi,Pass
747,517695,34,SavedShot,0.865999984741211,0.3060000038146973,0.03435960039496422,Andrea Colpani,a,6718,OpenPlay,2022,LeftFoot,18871,Udinese,Monza,2,2,2023-04-08 10:30:00,Pablo Marí,TakeOn
748,517701,47,Goal,0.914000015258789,0.49599998474121093,0.3641819953918457,Andrea Colpani,a,6718,OpenPlay,2022,LeftFoot,18871,Udinese,Monza,2,2,2023-04-08 10:30:00,Carlos Augusto,Cross
749,521435,45,BlockedShot,0.8009999847412109,0.28,0.0222257599234581,Andrea Colpani,h,6718,OpenPlay,2022,LeftFoot,18890,Monza,Fiorentina,3,2,2023-04-23 13:00:00,Gianluca Caprari,Pass
750,521436,50,MissedShots,0.85,0.5159999847412109,0.09416665136814117,Andrea Colpani,h,6718,OpenPlay,2022,LeftFoot,18890,Monza,Fiorentina,3,2,2023-04-23 13:00:00,Gianluca Caprari,Pass
751,531137,6,SavedShot,0.799000015258789,0.27,0.023386919870972633,Andrea Colpani,a,6718,OpenPlay,2022,LeftFoot,18952,Atalanta,Monza,5,2,2023-06-04 19:00:00,Patrick Ciurria,Pass
752,531142,26,SavedShot,0.9130000305175782,0.3320000076293945,0.24984237551689148,Andrea Colpani,a,6718,OpenPlay,2022,LeftFoot,18952,Atalanta,Monza,5,2,2023-06-04 19:00:00,Gianluca Caprari,Pass
753,531150,50,Goal,0.7719999694824219,0.4520000076293945,0.021145720034837723,Andrea Colpani,a,6718,OpenPlay,2022,LeftFoot,18952,Atalanta,Monza,5,2,2023-06-04 19:00:00,Dany Mota,Pass
754,533519,13,BlockedShot,0.754000015258789,0.485,0.04103577882051468,Andrea Colpani,a,6718,OpenPlay,2023,LeftFoot,22307,Inter,Monza,2,0,2023-08-19 18:45:00,Roberto Gagliardini,Pass
755,534876,1,BlockedShot,0.725,0.355,0.04085526615381241,Andrea Colpani,h,6718,DirectFreekick,2023,LeftFoot,22316,Monza,Empoli,2,0,2023-08-26 16:30:00,,Standard
756,534882,24,BlockedShot,0.8680000305175781,0.49900001525878906,0.11093895137310028,Andrea Colpani,h,6718,OpenPlay,2023,LeftFoot,22316,Monza,Empoli,2,0,2023-08-26 16:30:00,Patrick Ciurria,Pass
757,534884,28,SavedShot,0.76,0.6359999847412109,0.019380435347557068,Andrea Colpani,h,6718,OpenPlay,2023,LeftFoot,22316,Monza,Empoli,2,0,2023-08-26 16:30:00,Patrick Ciurria,Pass
758,534888,44,Goal,0.7759999847412109,0.26600000381469724,0.009763743728399277,Andrea Colpani,h,6718,OpenPlay,2023,LeftFoot,22316,Monza,Empoli,2,0,2023-08-26 16:30:00,Samuele Birindelli,TakeOn
759,534894,52,Goal,0.8880000305175781,0.4759999847412109,0.2853090465068817,Andrea Colpani,h,6718,OpenPlay,2023,Head,22316,Monza,Empoli,2,0,2023-08-26 16:30:00,Patrick Ciurria,Cross
760,536572,37,SavedShot,0.8330000305175781,0.3089999961853027,0.03555591404438019,Andrea Colpani,a,6718,OpenPlay,2023,LeftFoot,22329,Atalanta,Monza,3,0,2023-09-02 18:45:00,Gianluca Caprari,Pass
761,538155,23,Goal,0.875999984741211,0.5470000076293945,0.09200717508792877,Andrea Colpani,h,6718,OpenPlay,2023,LeftFoot,22340,Monza,Lecce,1,1,2023-09-17 13:00:00,Lorenzo Colombo,Pass
762,538162,44,BlockedShot,0.775,0.5220000076293946,0.033675435930490494,Andrea Colpani,h,6718,OpenPlay,2023,LeftFoot,22340,Monza,Lecce,1,1,2023-09-17 13:00:00,Patrick Ciurria,Pass
763,538165,50,MissedShots,0.8680000305175781,0.375,0.09534385055303574,Andrea Colpani,h,6718,OpenPlay,2023,LeftFoot,22340,Monza,Lecce,1,1,2023-09-17 13:00:00,,TakeOn
764,538174,82,BlockedShot,0.7730000305175782,0.395,0.026736712083220482,Andrea Colpani,h,6718,OpenPlay,2023,LeftFoot,22340,Monza,Lecce,1,1,2023-09-17 13:00:00,Matteo Pessina,Pass
765,539372,70,SavedShot,0.815,0.36200000762939455,0.04064956679940224,Andrea Colpani,a,6718,OpenPlay,2023,LeftFoot,22348,Lazio,Monza,1,1,2023-09-23 18:45:00,Georgios Kyriakopoulos,Pass
766,539373,71,MissedShots,0.86,0.35900001525878905,0.0549115426838398,Andrea Colpani,a,6718,OpenPlay,2023,LeftFoot,22348,Lazio,Monza,1,1,2023-09-23 18:45:00,Roberto Gagliardini,Chipped
767,540496,50,MissedShots,0.7040000152587891,0.5690000152587891,0.012234254740178585,Andrea Colpani,h,6718,OpenPlay,2023,LeftFoot,22363,Monza,Bologna,0,0,2023-09-28 16:30:00,Dany Mota,Pass
768,542959,8,Goal,0.8719999694824219,0.33799999237060546,0.06451847404241562,Andrea Colpani,h,6718,OpenPlay,2023,RightFoot,22381,Monza,Salernitana,3,0,2023-10-08 10:30:00,Matteo Pessina,Pass
769,542961,16,SavedShot,0.7440000152587891,0.38299999237060545,0.0213631521910429,Andrea Colpani,h,6718,OpenPlay,2023,LeftFoot,22381,Monza,Salernitana,3,0,2023-10-08 10:30:00,Georgios Kyriakopoulos,Pass
770,544411,2,MissedShots,0.7480000305175781,0.31,0.04423488304018974,Andrea Colpani,a,6718,DirectFreekick,2023,LeftFoot,22394,Roma,Monza,1,0,2023-10-22 10:30:00,,Standard
771,544421,49,MissedShots,0.7669999694824219,0.3220000076293945,0.016424834728240967,Andrea Colpani,a,6718,OpenPlay,2023,LeftFoot,22394,Roma,Monza,1,0,2023-10-22 10:30:00,Samuele Birindelli,Pass
772,546063,26,Goal,0.8880000305175781,0.46,0.08829695731401443,Andrea Colpani,h,6718,OpenPlay,2023,RightFoot,22399,Monza,Udinese,1,1,2023-10-29 14:00:00,Georgios Kyriakopoulos,Cross
773,547191,23,MissedShots,0.8909999847412109,0.545,0.03835552930831909,Andrea Colpani,a,6718,OpenPlay,2023,Head,22409,Verona,Monza,1,3,2023-11-05 11:30:00,Danilo D&#039;Ambrosio,Aerial
774,547194,38,MissedShots,0.9669999694824218,0.40400001525878904,0.4233262240886688,Andrea Colpani,a,6718,OpenPlay,2023,RightFoot,22409,Verona,Monza,1,3,2023-11-05 11:30:00,,None
775,548631,10,MissedShots,0.86,0.710999984741211,0.04188496619462967,Andrea Colpani,h,6718,OpenPlay,2023,LeftFoot,22418,Monza,Torino,1,1,2023-11-11 19:45:00,Lorenzo Colombo,HeadPass
776,548645,56,SavedShot,0.8780000305175781,0.3370000076293945,0.05561540648341179,Andrea Colpani,h,6718,OpenPlay,2023,LeftFoot,22418,Monza,Torino,1,1,2023-11-11 19:45:00,Matteo Pessina,Pass
777,548647,64,Goal,0.8240000152587891,0.4620000076293945,0.3329767882823944,Andrea Colpani,h,6718,OpenPlay,2023,LeftFoot,22418,Monza,Torino,1,1,2023-11-11 19:45:00,,None
778,550149,31,BlockedShot,0.789000015258789,0.4909999847412109,0.03900222107768059,Andrea Colpani,a,6718,OpenPlay,2023,LeftFoot,22430,Cagliari,Monza,1,1,2023-11-26 11:30:00,Dany Mota,Pass
779,550156,54,BlockedShot,0.7569999694824219,0.6430000305175781,0.05595073476433754,Andrea Colpani,a,6718,DirectFreekick,2023,LeftFoot,22430,Cagliari,Monza,1,1,2023-11-26 11:30:00,,Standard
780,550842,24,BlockedShot,0.91,0.26299999237060545,0.03765341266989708,Andrea Colpani,h,6718,OpenPlay,2023,RightFoot,22443,Monza,Juventus,1,2,2023-12-01 18:45:00,Roberto Gagliardini,Pass
781,550845,27,BlockedShot,0.7280000305175781,0.3290000152587891,0.015199615620076656,Andrea Colpani,h,6718,OpenPlay,2023,LeftFoot,22443,Monza,Juventus,1,2,2023-12-01 18:45:00,Roberto Gagliardini,Pass
782,553529,35,BlockedShot,0.76,0.415,0.06725524365901947,Andrea Colpani,h,6718,DirectFreekick,2023,LeftFoot,22454,Monza,Genoa,1,0,2023-12-10 14:00:00,,Standard
783,554589,35,MissedShots,0.7869999694824219,0.25299999237060544,0.04875314608216286,Andrea Colpani,a,6718,DirectFreekick,2023,LeftFoot,22459,AC Milan,Monza,3,0,2023-12-17 11:30:00,,Standard
784,554602,60,SavedShot,0.885,0.46099998474121096,0.3178662359714508,Andrea Colpani,a,6718,OpenPlay,2023,LeftFoot,22459,AC Milan,Monza,3,0,2023-12-17 11:30:00,,Rebound
785,556060,12,BlockedShot,0.8640000152587891,0.5770000076293945,0.0634303092956543,Andrea Colpani,h,6718,OpenPlay,2023,LeftFoot,22471,Monza,Fiorentina,0,1,2023-12-22 19:45:00,,Rebound
786,556059,12,BlockedShot,0.8580000305175781,0.5509999847412109,0.08185824751853943,Andrea Colpani,h,6718,OpenPlay,2023,LeftFoot,22471,Monza,Fiorentina,0,1,2023-12-22 19:45:00,Jean-Daniel Akpa-Akpro,Pass
787,556063,30,SavedShot,0.8930000305175781,0.39099998474121095,0.06545530259609222,Andrea Colpani,h,6718,OpenPlay,2023,LeftFoot,22471,Monza,Fiorentina,0,1,2023-12-22 19:45:00,,None
788,556767,65,BlockedShot,0.8880000305175781,0.44,0.08860856294631958,Andrea Colpani,a,6718,OpenPlay,2023,LeftFoot,22484,Napoli,Monza,0,0,2023-12-29 17:30:00,,None
789,557577,6,MissedShots,0.7780000305175782,0.46599998474121096,0.03255314379930496,Andrea Colpani,a,6718,OpenPlay,2023,LeftFoot,22487,Frosinone,Monza,2,3,2024-01-06 14:00:00,Dany Mota,Pass
790,557579,13,MissedShots,0.9890000152587891,0.32099998474121094,0.019795993342995644,Andrea Colpani,a,6718,OpenPlay,2023,LeftFoot,22487,Frosinone,Monza,2,3,2024-01-06 14:00:00,Pedro Pereira,Cross
791,558278,15,MissedShots,0.7559999847412109,0.4329999923706055,0.016090260818600655,Andrea Colpani,h,6718,OpenPlay,2023,LeftFoot,22504,Monza,Inter,1,5,2024-01-13 19:45:00,Patrick Ciurria,Pass
792,558282,42,MissedShots,0.705999984741211,0.505,0.04044567793607712,Andrea Colpani,h,6718,DirectFreekick,2023,LeftFoot,22504,Monza,Inter,1,5,2024-01-13 19:45:00,,Standard
793,559222,16,SavedShot,0.74,0.7380000305175781,0.03553783893585205,Andrea Colpani,a,6718,DirectFreekick,2023,LeftFoot,22506,Empoli,Monza,3,0,2024-01-21 14:00:00,,Standard
794,559225,35,MissedShots,0.71,0.28200000762939453,0.013329493813216686,Andrea Colpani,a,6718,OpenPlay,2023,LeftFoot,22506,Empoli,Monza,3,0,2024-01-21 14:00:00,Armando Izzo,Pass
795,559228,43,BlockedShot,0.899000015258789,0.18799999237060547,0.020174486562609673,Andrea Colpani,a,6718,FromCorner,2023,LeftFoot,22506,Empoli,Monza,3,0,2024-01-21 14:00:00,Dany Mota,Pass
796,560209,30,Goal,0.905,0.65,0.04750285670161247,Andrea Colpani,h,6718,OpenPlay,2023,LeftFoot,22519,Monza,Sassuolo,1,0,2024-01-28 14:00:00,Dany Mota,Cross
797,562952,18,MissedShots,0.9430000305175781,0.41700000762939454,0.41829660534858704,Andrea Colpani,h,6718,OpenPlay,2023,LeftFoot,22543,Monza,Verona,0,0,2024-02-11 14:00:00,,Rebound
798,562953,23,MissedShots,0.9030000305175782,0.29700000762939455,0.05743129178881645,Andrea Colpani,h,6718,OpenPlay,2023,LeftFoot,22543,Monza,Verona,0,0,2024-02-11 14:00:00,Armando Izzo,Pass
799,562965,81,MissedShots,0.720999984741211,0.4370000076293945,0.014026046730577946,Andrea Colpani,h,6718,OpenPlay,2023,LeftFoot,22543,Monza,Verona,0,0,2024-02-11 14:00:00,Roberto Gagliardini,TakeOn
800,564714,62,MissedShots,0.9480000305175781,0.4129999923706055,0.11614696681499481,Andrea Colpani,h,6718,OpenPlay,2023,Head,22548,Monza,AC Milan,4,2,2024-02-18 19:45:00,Dany Mota,Cross
801,568304,25,SavedShot,0.7869999694824219,0.34799999237060547,0.02609078399837017,Andrea Colpani,a,6718,OpenPlay,2023,LeftFoot,22582,Genoa,Monza,2,3,2024-03-09 19:45:00,,None
802,569254,50,MissedShots,0.8909999847412109,0.3039999961853027,0.0677248165011406,Andrea Colpani,h,6718,OpenPlay,2023,RightFoot,22590,Monza,Cagliari,1,0,2024-03-16 14:00:00,Daniel Maldini,Pass
803,569259,70,BlockedShot,0.8909999847412109,0.5129999923706055,0.10518494248390198,Andrea Colpani,h,6718,OpenPlay,2023,LeftFoot,22590,Monza,Cagliari,1,0,2024-03-16 14:00:00,Alessio Zerbin,Cross
804,570477,2,SavedShot,0.8169999694824219,0.3659999847412109,0.03932783007621765,Andrea Colpani,a,6718,OpenPlay,2023,LeftFoot,22604,Torino,Monza,1,0,2024-03-30 14:00:00,Samuele Birindelli,Chipped
805,570481,22,BlockedShot,0.8109999847412109,0.40299999237060546,0.047351036220788956,Andrea Colpani,a,6718,OpenPlay,2023,LeftFoot,22604,Torino,Monza,1,0,2024-03-30 14:00:00,,Dispossessed
806,570483,34,BlockedShot,0.7730000305175782,0.39099998474121095,0.02692500129342079,Andrea Colpani,a,6718,OpenPlay,2023,LeftFoot,22604,Torino,Monza,1,0,2024-03-30 14:00:00,Daniel Maldini,Pass
807,572888,61,Goal,0.8540000152587891,0.28299999237060547,0.029703067615628242,Andrea Colpani,h,6718,OpenPlay,2023,LeftFoot,22610,Monza,Napoli,2,4,2024-04-07 13:00:00,Samuele Birindelli,Chipped
808,573967,48,MissedShots,0.9259999847412109,0.425,0.3235911726951599,Andrea Colpani,a,6718,OpenPlay,2023,LeftFoot,22622,Bologna,Monza,0,0,2024-04-13 18:45:00,Alessio Zerbin,Chipped
809,575801,35,MissedShots,0.9030000305175782,0.29100000381469726,0.03841140866279602,Andrea Colpani,h,6718,OpenPlay,2023,LeftFoot,22629,Monza,Atalanta,1,2,2024-04-21 18:45:00,,Rebound
810,576628,88,MissedShots,0.9030000305175782,0.34599998474121096,0.05863459035754204,Andrea Colpani,a,6718,OpenPlay,2023,LeftFoot,22639,Lecce,Monza,1,1,2024-04-27 13:00:00,,Rebound
811,578555,8,SavedShot,0.7380000305175781,0.30700000762939456,0.013047439977526665,Andrea Colpani,h,6718,OpenPlay,2023,LeftFoot,22653,Monza,Lazio,2,2,2024-05-04 16:00:00,Valentín Carboni,Pass
812,578569,68,BlockedShot,0.785,0.639000015258789,0.07608116418123245,Andrea Colpani,h,6718,DirectFreekick,2023,RightFoot,22653,Monza,Lazio,2,2,2024-05-04 16:00:00,,Standard
813,578576,88,BlockedShot,0.794000015258789,0.46,0.019053567200899124,Andrea Colpani,h,6718,FromCorner,2023,LeftFoot,22653,Monza,Lazio,2,2,2024-05-04 16:00:00,Gianluca Caprari,CornerAwarded
814,580872,80,MissedShots,0.915,0.40700000762939453,0.13833090662956238,Andrea Colpani,a,6718,OpenPlay,2023,LeftFoot,22656,Fiorentina,Monza,2,1,2024-05-13 18:45:00,Pedro Pereira,TakeOn
815,582279,46,ShotOnPost,0.9390000152587891,0.44799999237060545,0.32540440559387207,Andrea Colpani,h,6718,OpenPlay,2023,Head,22671,Monza,Frosinone,0,1,2024-05-19 16:00:00,Dany Mota,Aerial
816,582289,77,BlockedShot,0.7140000152587891,0.5029999923706054,0.013682356104254723,Andrea Colpani,h,6718,OpenPlay,2023,LeftFoot,22671,Monza,Frosinone,0,1,2024-05-19 16:00:00,,BallRecovery
817,583251,8,BlockedShot,0.919000015258789,0.315,0.059076499193906784,Andrea Colpani,a,6718,SetPiece,2023,RightFoot,22680,Juventus,Monza,2,0,2024-05-25 16:00:00,Dany Mota,Pass
818,583259,35,BlockedShot,0.7290000152587891,0.45099998474121095,0.05021144822239876,Andrea Colpani,a,6718,DirectFreekick,2023,LeftFoot,22680,Juventus,Monza,2,0,2024-05-25 16:00:00,,Standard
819,584955,17,SavedShot,0.87,0.445,0.34906163811683655,Andrea Colpani,a,6718,OpenPlay,2024,LeftFoot,27363,Parma Calcio 1913,Fiorentina,1,1,2024-08-17 16:30:00,,None
820,584966,42,SavedShot,0.9119999694824219,0.3390000152587891,0.02389853447675705,Andrea Colpani,a,6718,FromCorner,2024,LeftFoot,27363,Parma Calcio 1913,Fiorentina,1,1,2024-08-17 16:30:00,,Aerial
821,584969,55,BlockedShot,0.8040000152587891,0.3220000076293945,0.02606981061398983,Andrea Colpani,a,6718,OpenPlay,2024,LeftFoot,27363,Parma Calcio 1913,Fiorentina,1,1,2024-08-17 16:30:00,Dodô,Pass
822,591383,22,BlockedShot,0.7830000305175782,0.38299999237060545,0.020295316353440285,Andrea Colpani,a,6718,OpenPlay,2024,LeftFoot,27393,Atalanta,Fiorentina,3,2,2024-09-15 13:00:00,,Rebound
823,591393,59,SavedShot,0.745999984741211,0.35400001525878905,0.017817484214901924,Andrea Colpani,a,6718,OpenPlay,2024,LeftFoot,27393,Atalanta,Fiorentina,3,2,2024-09-15 13:00:00,Luca Ranieri,Pass
824,592823,8,SavedShot,0.8980000305175782,0.4490000152587891,0.4194469749927521,Andrea Colpani,h,6718,OpenPlay,2024,RightFoot,27404,Fiorentina,Lazio,2,1,2024-09-22 10:30:00,Moise Kean,Pass
825,592848,79,MissedShots,0.7980000305175782,0.315,0.026623204350471497,Andrea Colpani,h,6718,OpenPlay,2024,LeftFoot,27404,Fiorentina,Lazio,2,1,2024-09-22 10:30:00,Dodô,Pass
826,594878,14,BlockedShot,0.865999984741211,0.28899999618530275,0.09518878906965256,Andrea Colpani,a,6718,OpenPlay,2024,LeftFoot,27415,Empoli,Fiorentina,0,0,2024-09-29 16:00:00,Luca Ranieri,Chipped
827,594881,29,MissedShots,0.91,0.4490000152587891,0.2997872829437256,Andrea Colpani,a,6718,OpenPlay,2024,Head,27415,Empoli,Fiorentina,0,0,2024-09-29 16:00:00,Dodô,Cross
828,596470,16,MissedShots,0.759000015258789,0.33099998474121095,0.02100352942943573,Andrea Colpani,h,6718,OpenPlay,2024,LeftFoot,27426,Fiorentina,AC Milan,2,1,2024-10-06 18:45:00,Danilo Cataldi,Pass
829,596473,24,MissedShots,0.8019999694824219,0.28600000381469726,0.06419820338487625,Andrea Colpani,h,6718,DirectFreekick,2024,LeftFoot,27426,Fiorentina,AC Milan,2,1,2024-10-06 18:45:00,,Standard
830,596479,38,MissedShots,0.9319999694824219,0.3940000152587891,0.38507330417633057,Andrea Colpani,h,6718,OpenPlay,2024,LeftFoot,27426,Fiorentina,AC Milan,2,1,2024-10-06 18:45:00,,None
831,596480,41,MissedShots,0.8369999694824218,0.3060000038146973,0.044543467462062836,Andrea Colpani,h,6718,OpenPlay,2024,LeftFoot,27426,Fiorentina,AC Milan,2,1,2024-10-06 18:45:00,Moise Kean,Pass
832,597545,25,BlockedShot,0.7319999694824219,0.46299999237060546,0.026683557778596878,Andrea Colpani,a,6718,OpenPlay,2024,LeftFoot,27439,Lecce,Fiorentina,0,6,2024-10-20 13:00:00,Danilo Cataldi,Pass
833,597549,33,Goal,0.8369999694824218,0.3890000152587891,0.06885991245508194,Andrea Colpani,a,6718,OpenPlay,2024,LeftFoot,27439,Lecce,Fiorentina,0,6,2024-10-20 13:00:00,,None
834,597555,53,Goal,0.865999984741211,0.5059999847412109,0.08788187056779861,Andrea Colpani,a,6718,OpenPlay,2024,LeftFoot,27439,Lecce,Fiorentina,0,6,2024-10-20 13:00:00,,Rebound
835,597554,53,SavedShot,0.8919999694824219,0.46900001525878904,0.14007478952407837,Andrea Colpani,a,6718,OpenPlay,2024,RightFoot,27439,Lecce,Fiorentina,0,6,2024-10-20 13:00:00,Edoardo Bove,Pass
836,597553,53,BlockedShot,0.8769999694824219,0.34900001525878904,0.08711304515600204,Andrea Colpani,a,6718,OpenPlay,2024,LeftFoot,27439,Lecce,Fiorentina,0,6,2024-10-20 13:00:00,Yacine Adli,Pass
837,599380,66,BlockedShot,0.8730000305175781,0.2989999961853027,0.037890031933784485,Andrea Colpani,h,6718,SetPiece,2024,LeftFoot,27445,Fiorentina,Roma,5,1,2024-10-27 19:45:00,Yacine Adli,Pass
838,599386,72,MissedShots,0.76,0.3320000076293945,0.013170778751373291,Andrea Colpani,h,6718,FromCorner,2024,LeftFoot,27445,Fiorentina,Roma,5,1,2024-10-27 19:45:00,,Aerial
839,599649,14,BlockedShot,0.7680000305175781,0.36400001525878906,0.023345762863755226,Andrea Colpani,a,6718,OpenPlay,2024,LeftFoot,27456,Genoa,Fiorentina,0,1,2024-10-31 17:30:00,Lucas Beltrán,Pass
840,599657,51,SavedShot,0.805,0.3220000076293945,0.027979938313364983,Andrea Colpani,a,6718,OpenPlay,2024,LeftFoot,27456,Genoa,Fiorentina,0,1,2024-10-31 17:30:00,Edoardo Bove,Pass
841,599663,66,MissedShots,0.8440000152587891,0.725999984741211,0.025181302800774574,Andrea Colpani,a,6718,SetPiece,2024,LeftFoot,27456,Genoa,Fiorentina,0,1,2024-10-31 17:30:00,,Foul
842,600577,26,SavedShot,0.8680000305175781,0.26399999618530273,0.03157125785946846,Andrea Colpani,a,6718,OpenPlay,2024,LeftFoot,27470,Torino,Fiorentina,0,1,2024-11-03 14:00:00,Dodô,Pass
843,601982,48,MissedShots,0.7730000305175782,0.36900001525878906,0.026537464931607246,Andrea Colpani,h,6718,OpenPlay,2024,LeftFoot,27479,Fiorentina,Verona,3,1,2024-11-10 14:00:00,Lucas Beltrán,Pass
844,601986,71,SavedShot,0.9109999847412109,0.5770000076293945,0.4099010229110718,Andrea Colpani,h,6718,OpenPlay,2024,LeftFoot,27479,Fiorentina,Verona,3,1,2024-11-10 14:00:00,Moise Kean,Throughball
845,299553,81,MissedShots,0.590999984741211,0.6090000152587891,0.009212099947035313,Yacine Adli,h,6762,OpenPlay,2018,RightFoot,10987,Bordeaux,Angers,0,1,2019-05-04 19:00:00,Pablo,Pass
846,317670,79,BlockedShot,0.769000015258789,0.46099998474121096,0.03765669837594032,Yacine Adli,h,6762,OpenPlay,2019,RightFoot,12756,Bordeaux,Metz,2,0,2019-09-14 18:00:00,Josh Maja,Pass
847,320730,59,MissedShots,0.769000015258789,0.38,0.022176900878548622,Yacine Adli,h,6762,OpenPlay,2019,RightFoot,12762,Bordeaux,Brest,2,2,2019-09-21 18:00:00,,None
848,321906,7,Goal,0.7559999847412109,0.5,0.025003299117088318,Yacine Adli,a,6762,OpenPlay,2019,RightFoot,12778,Amiens,Bordeaux,1,3,2019-09-25 17:00:00,Otávio,Pass
849,321916,45,Goal,0.8030000305175782,0.49,0.13791899383068085,Yacine Adli,a,6762,DirectFreekick,2019,RightFoot,12778,Amiens,Bordeaux,1,3,2019-09-25 17:00:00,,Standard
850,326236,30,SavedShot,0.745999984741211,0.34200000762939453,0.015472600236535072,Yacine Adli,h,6762,OpenPlay,2019,RightFoot,12804,Bordeaux,Saint-Etienne,0,1,2019-10-20 14:00:00,Jimmy Briand,Pass
851,326237,32,SavedShot,0.86,0.4759999847412109,0.07669900357723236,Yacine Adli,h,6762,OpenPlay,2019,LeftFoot,12804,Bordeaux,Saint-Etienne,0,1,2019-10-20 14:00:00,,None
852,326248,93,MissedShots,0.7619999694824219,0.5259999847412109,0.011624399572610855,Yacine Adli,h,6762,OpenPlay,2019,RightFoot,12804,Bordeaux,Saint-Etienne,0,1,2019-10-20 14:00:00,,Aerial
853,327255,85,BlockedShot,0.7430000305175781,0.55,0.0172605998814106,Yacine Adli,a,6762,OpenPlay,2019,RightFoot,12818,Lille,Bordeaux,3,0,2019-10-26 16:30:00,Nicolas de Preville,Pass
854,327258,93,BlockedShot,0.765,0.44799999237060545,0.02520740032196045,Yacine Adli,a,6762,OpenPlay,2019,RightFoot,12818,Lille,Bordeaux,3,0,2019-10-26 16:30:00,Otávio,Pass
855,334812,3,MissedShots,0.735,0.47200000762939454,0.015557699836790562,Yacine Adli,h,6762,OpenPlay,2019,RightFoot,12860,Bordeaux,Nimes,6,0,2019-12-03 18:00:00,,None
856,334817,22,BlockedShot,0.889000015258789,0.565,0.11656499654054642,Yacine Adli,h,6762,OpenPlay,2019,LeftFoot,12860,Bordeaux,Nimes,6,0,2019-12-03 18:00:00,Youssouf Sabaly,Pass
857,334827,86,BlockedShot,0.7619999694824219,0.639000015258789,0.02910050004720688,Yacine Adli,h,6762,OpenPlay,2019,RightFoot,12860,Bordeaux,Nimes,6,0,2019-12-03 18:00:00,Toma Basic,Pass
858,336656,30,Goal,0.745999984741211,0.49900001525878906,0.027001099660992622,Yacine Adli,a,6762,OpenPlay,2019,RightFoot,12876,Marseille,Bordeaux,3,1,2019-12-08 20:00:00,Josh Maja,LayOff
859,337591,18,BlockedShot,0.95,0.6480000305175782,0.06544139981269836,Yacine Adli,h,6762,OpenPlay,2019,RightFoot,12883,Bordeaux,Strasbourg,0,1,2019-12-15 14:00:00,Youssef Ait Bennasser,HeadPass
860,358246,26,BlockedShot,0.7880000305175782,0.6869999694824219,0.01993660070002079,Yacine Adli,a,6762,OpenPlay,2019,RightFoot,12947,Metz,Bordeaux,1,2,2020-02-08 19:00:00,Hwang Ui-Jo,Pass
861,360476,75,SavedShot,0.8109999847412109,0.53,0.04116170108318329,Yacine Adli,a,6762,SetPiece,2019,RightFoot,12966,Paris Saint Germain,Bordeaux,4,3,2020-02-23 20:00:00,Loris Benito,HeadPass
862,362108,5,MissedShots,0.870999984741211,0.6819999694824219,0.054274700582027435,Yacine Adli,a,6762,OpenPlay,2019,RightFoot,12983,Saint-Etienne,Bordeaux,1,1,2020-03-08 13:00:00,,BallRecovery
863,376456,81,MissedShots,0.7609999847412109,0.37900001525878907,0.02404399961233139,Yacine Adli,h,6762,OpenPlay,2020,RightFoot,14191,Bordeaux,Lyon,0,0,2020-09-11 19:00:00,Otávio,Pass
864,376457,82,MissedShots,0.715,0.47200000762939454,0.016459200531244278,Yacine Adli,h,6762,OpenPlay,2020,RightFoot,14191,Bordeaux,Lyon,0,0,2020-09-11 19:00:00,Josh Maja,Pass
865,389002,59,Goal,0.7959999847412109,0.4379999923706055,0.07040759921073914,Yacine Adli,a,6762,OpenPlay,2020,RightFoot,15874,Paris Saint Germain,Bordeaux,2,2,2020-11-28 20:00:00,Hatem Ben Arfa,Pass
866,390756,86,SavedShot,0.8590000152587891,0.6320000076293946,0.08428409695625305,Yacine Adli,h,6762,OpenPlay,2020,RightFoot,15877,Bordeaux,Brest,1,0,2020-12-06 14:00:00,Hatem Ben Arfa,GoodSkill
867,397462,5,BlockedShot,0.9059999847412109,0.30700000762939456,0.058684300631284714,Yacine Adli,a,6762,OpenPlay,2020,RightFoot,15930,Metz,Bordeaux,0,0,2021-01-06 18:00:00,Remi Oudin,Pass
868,397464,14,MissedShots,0.8130000305175781,0.7330000305175781,0.02246120013296604,Yacine Adli,a,6762,OpenPlay,2020,LeftFoot,15930,Metz,Bordeaux,0,0,2021-01-06 18:00:00,Loris Benito,Pass
869,399251,17,SavedShot,0.745999984741211,0.48200000762939454,0.020258599892258644,Yacine Adli,a,6762,OpenPlay,2020,RightFoot,15954,Nice,Bordeaux,0,3,2021-01-17 14:00:00,Toma Basic,Pass
870,400728,15,MissedShots,0.865,0.37099998474121093,0.03907280042767525,Yacine Adli,h,6762,FromCorner,2020,RightFoot,15956,Bordeaux,Angers,2,1,2021-01-24 12:00:00,Remi Oudin,Cross
871,400733,46,BlockedShot,0.754000015258789,0.7180000305175781,0.017077600583434105,Yacine Adli,h,6762,OpenPlay,2020,RightFoot,15956,Bordeaux,Angers,2,1,2021-01-24 12:00:00,Samuel Kalu,Pass
872,402624,85,BlockedShot,0.8480000305175781,0.57,0.06616990268230438,Yacine Adli,h,6762,SetPiece,2020,LeftFoot,15976,Bordeaux,Lille,0,3,2021-02-03 18:00:00,,BallTouch
873,405023,62,BlockedShot,0.86,0.355,0.07050739973783493,Yacine Adli,h,6762,OpenPlay,2020,LeftFoot,15997,Bordeaux,Marseille,0,0,2021-02-14 20:00:00,Hatem Ben Arfa,Pass
874,405988,37,SavedShot,0.8040000152587891,0.4209999847412109,0.014738700352609158,Yacine Adli,a,6762,OpenPlay,2020,RightFoot,16012,Nimes,Bordeaux,2,0,2021-02-21 14:00:00,,Aerial
875,408179,9,MissedShots,0.8119999694824219,0.5720000076293945,0.05265599861741066,Yacine Adli,h,6762,OpenPlay,2020,RightFoot,16026,Bordeaux,Paris Saint Germain,0,1,2021-03-03 20:00:00,Remi Oudin,Pass
876,408188,41,SavedShot,0.8780000305175781,0.45599998474121095,0.07886060327291489,Yacine Adli,h,6762,OpenPlay,2020,RightFoot,16026,Bordeaux,Paris Saint Germain,0,1,2021-03-03 20:00:00,,Rebound
877,411685,19,MissedShots,0.9259999847412109,0.435,0.4579150080680847,Yacine Adli,a,6762,OpenPlay,2020,RightFoot,16048,Montpellier,Bordeaux,3,1,2021-03-21 14:00:00,,None
878,413029,24,SavedShot,0.7819999694824219,0.4179999923706055,0.03364169970154762,Yacine Adli,h,6762,OpenPlay,2020,RightFoot,16059,Bordeaux,Strasbourg,2,3,2021-04-04 13:00:00,Hwang Ui-Jo,Pass
879,413036,50,MissedShots,0.815,0.345,0.03101949952542782,Yacine Adli,h,6762,OpenPlay,2020,RightFoot,16059,Bordeaux,Strasbourg,2,3,2021-04-04 13:00:00,Hwang Ui-Jo,Pass
880,413044,84,MissedShots,0.8780000305175781,0.26,0.02995239943265915,Yacine Adli,h,6762,OpenPlay,2020,RightFoot,16059,Bordeaux,Strasbourg,2,3,2021-04-04 13:00:00,,BallRecovery
881,417772,75,MissedShots,0.7519999694824219,0.7580000305175781,0.009227939881384373,Yacine Adli,a,6762,OpenPlay,2020,RightFoot,16086,Lorient,Bordeaux,4,1,2021-04-25 13:00:00,Samuel Kalu,Pass
882,417774,82,SavedShot,0.82,0.68,0.09347770363092422,Yacine Adli,a,6762,DirectFreekick,2020,RightFoot,16086,Lorient,Bordeaux,4,1,2021-04-25 13:00:00,,Standard
883,419789,55,BlockedShot,0.8130000305175781,0.509000015258789,0.06180369853973389,Yacine Adli,a,6762,OpenPlay,2020,LeftFoot,16110,Nantes,Bordeaux,3,0,2021-05-08 11:00:00,Mexer,Pass
884,422860,62,SavedShot,0.95,0.34799999237060547,0.3087430000305176,Yacine Adli,h,6762,OpenPlay,2020,RightFoot,16116,Bordeaux,Lens,3,0,2021-05-16 19:00:00,Nicolas de Preville,Pass
885,424513,10,BlockedShot,0.879000015258789,0.41200000762939454,0.08459190279245377,Yacine Adli,a,6762,OpenPlay,2020,RightFoot,16132,Reims,Bordeaux,1,2,2021-05-23 19:00:00,Hwang Ui-Jo,TakeOn
886,424521,43,Goal,0.8859999847412109,0.605999984741211,0.035150401294231415,Yacine Adli,a,6762,SetPiece,2020,RightFoot,16132,Reims,Bordeaux,1,2,2021-05-23 19:00:00,,Aerial
887,427651,73,BlockedShot,0.805,0.525,0.04722220078110695,Yacine Adli,h,6762,OpenPlay,2021,LeftFoot,17847,Bordeaux,Angers,1,1,2021-08-22 13:00:00,Issouf Sissokho,Pass
888,432578,10,SavedShot,0.86,0.5109999847412109,0.10199599713087082,Yacine Adli,a,6762,OpenPlay,2021,RightFoot,17887,Montpellier,Bordeaux,3,3,2021-09-22 17:00:00,Jean Onana,Pass
889,433892,49,SavedShot,0.8880000305175781,0.5740000152587891,0.11366699635982513,Yacine Adli,h,6762,OpenPlay,2021,RightFoot,17892,Bordeaux,Rennes,1,1,2021-09-26 11:00:00,Javairo Dilrosun,Pass
890,433896,59,MissedShots,0.7719999694824219,0.29,0.01882000081241131,Yacine Adli,h,6762,OpenPlay,2021,LeftFoot,17892,Bordeaux,Rennes,1,1,2021-09-26 11:00:00,Timothee Pembele,Pass
891,433905,81,MissedShots,0.77,0.485,0.08687660098075867,Yacine Adli,h,6762,DirectFreekick,2021,RightFoot,17892,Bordeaux,Rennes,1,1,2021-09-26 11:00:00,,Standard
892,438297,79,SavedShot,0.7469999694824219,0.47900001525878905,0.0653223991394043,Yacine Adli,a,6762,DirectFreekick,2021,RightFoot,17924,Lorient,Bordeaux,1,1,2021-10-24 13:00:00,,Standard
893,440299,72,Goal,0.9130000305175782,0.68,0.024394800886511803,Yacine Adli,h,6762,OpenPlay,2021,RightFoot,17933,Bordeaux,Reims,3,2,2021-10-31 14:00:00,,Aerial
894,441351,11,MissedShots,0.735999984741211,0.6669999694824219,0.04436409845948219,Yacine Adli,h,6762,DirectFreekick,2021,RightFoot,17942,Bordeaux,Paris Saint Germain,2,3,2021-11-06 20:00:00,,Standard
895,441359,52,SavedShot,0.745999984741211,0.705999984741211,0.012463100254535675,Yacine Adli,h,6762,OpenPlay,2021,RightFoot,17942,Bordeaux,Paris Saint Germain,2,3,2021-11-06 20:00:00,Javairo Dilrosun,Pass
896,441370,79,BlockedShot,0.6990000152587891,0.68,0.009477569721639156,Yacine Adli,h,6762,OpenPlay,2021,RightFoot,17942,Bordeaux,Paris Saint Germain,2,3,2021-11-06 20:00:00,Jean Onana,Pass
897,443194,83,SavedShot,0.909000015258789,0.315,0.06989090144634247,Yacine Adli,a,6762,OpenPlay,2021,RightFoot,17960,Metz,Bordeaux,3,3,2021-11-21 14:00:00,Jimmy Briand,Pass
898,444615,36,SavedShot,0.7530000305175781,0.6309999847412109,0.018108399584889412,Yacine Adli,h,6762,OpenPlay,2021,RightFoot,17964,Bordeaux,Brest,1,2,2021-11-28 14:00:00,Javairo Dilrosun,LayOff
899,444621,50,SavedShot,0.7440000152587891,0.7380000305175781,0.03792490065097809,Yacine Adli,h,6762,DirectFreekick,2021,RightFoot,17964,Bordeaux,Brest,1,2,2021-11-28 14:00:00,,Standard
900,445352,20,BlockedShot,0.7959999847412109,0.585999984741211,0.04636780172586441,Yacine Adli,a,6762,OpenPlay,2021,LeftFoot,17980,Strasbourg,Bordeaux,5,2,2021-12-01 18:00:00,Fransérgio,TakeOn
901,445374,66,MissedShots,0.745999984741211,0.505,0.019951000809669495,Yacine Adli,a,6762,OpenPlay,2021,RightFoot,17980,Strasbourg,Bordeaux,5,2,2021-12-01 18:00:00,Alberth Elis,Dispossessed
902,450502,6,BlockedShot,0.8719999694824219,0.6759999847412109,0.05511770024895668,Yacine Adli,h,6762,OpenPlay,2021,RightFoot,18002,Bordeaux,Lille,2,3,2021-12-22 19:45:00,Javairo Dilrosun,Pass
903,453524,83,MissedShots,0.769000015258789,0.4570000076293945,0.02723490074276924,Yacine Adli,a,6762,OpenPlay,2021,RightFoot,18028,Rennes,Bordeaux,6,0,2022-01-16 12:00:00,Fransérgio,BallTouch
904,460312,53,SavedShot,0.8069999694824219,0.5879999923706055,0.04352470114827156,Yacine Adli,a,6762,OpenPlay,2021,RightFoot,18080,Clermont Foot,Bordeaux,1,1,2022-02-27 14:00:00,Anel Ahmedhodzic,Pass
905,460313,63,MissedShots,0.8669999694824219,0.7290000152587891,0.046633001416921616,Yacine Adli,a,6762,OpenPlay,2021,RightFoot,18080,Clermont Foot,Bordeaux,1,1,2022-02-27 14:00:00,,TakeOn
906,462852,36,BlockedShot,0.8159999847412109,0.4520000076293945,0.03863479942083359,Yacine Adli,a,6762,FromCorner,2021,LeftFoot,18099,Paris Saint Germain,Bordeaux,3,0,2022-03-13 12:00:00,,None
907,462864,78,SavedShot,0.8280000305175781,0.4620000076293945,0.02501079998910427,Yacine Adli,a,6762,OpenPlay,2021,RightFoot,18099,Paris Saint Germain,Bordeaux,3,0,2022-03-13 12:00:00,,Aerial
908,464557,49,SavedShot,0.8069999694824219,0.6719999694824219,0.03691960126161575,Yacine Adli,h,6762,OpenPlay,2021,LeftFoot,18103,Bordeaux,Montpellier,0,2,2022-03-20 14:00:00,Josuha Guilavogui,TakeOn
909,464556,49,SavedShot,0.874000015258789,0.44,0.06450960040092468,Yacine Adli,h,6762,OpenPlay,2021,RightFoot,18103,Bordeaux,Montpellier,0,2,2022-03-20 14:00:00,,None
910,464559,51,BlockedShot,0.8290000152587891,0.6430000305175781,0.023138100281357765,Yacine Adli,h,6762,OpenPlay,2021,RightFoot,18103,Bordeaux,Montpellier,0,2,2022-03-20 14:00:00,,Rebound
911,464558,51,BlockedShot,0.8580000305175781,0.720999984741211,0.0255706999450922,Yacine Adli,h,6762,OpenPlay,2021,RightFoot,18103,Bordeaux,Montpellier,0,2,2022-03-20 14:00:00,Gideon Mensah,Pass
912,464564,61,SavedShot,0.815,0.629000015258789,0.04336810111999512,Yacine Adli,h,6762,OpenPlay,2021,RightFoot,18103,Bordeaux,Montpellier,0,2,2022-03-20 14:00:00,Josuha Guilavogui,Pass
913,464571,76,MissedShots,0.815,0.534000015258789,0.06551700085401535,Yacine Adli,h,6762,OpenPlay,2021,LeftFoot,18103,Bordeaux,Montpellier,0,2,2022-03-20 14:00:00,Javairo Dilrosun,Pass
914,464576,82,BlockedShot,0.885,0.445,0.08148679882287979,Yacine Adli,h,6762,OpenPlay,2021,RightFoot,18103,Bordeaux,Montpellier,0,2,2022-03-20 14:00:00,M&#039;Baye Niang,BallTouch
915,464580,88,SavedShot,0.8630000305175781,0.37099998474121093,0.0710202008485794,Yacine Adli,h,6762,OpenPlay,2021,RightFoot,18103,Bordeaux,Montpellier,0,2,2022-03-20 14:00:00,Danylo Ignatenko,Pass
916,468829,25,BlockedShot,0.879000015258789,0.5790000152587891,0.07090699672698975,Yacine Adli,a,6762,OpenPlay,2021,RightFoot,18133,Lyon,Bordeaux,6,1,2022-04-17 15:05:00,Anel Ahmedhodzic,Rebound
917,469298,77,MissedShots,0.91,0.46299999237060546,0.028074700385332108,Yacine Adli,h,6762,FromCorner,2021,Head,18143,Bordeaux,Saint-Etienne,2,2,2022-04-20 17:00:00,Javairo Dilrosun,Aerial
918,470626,92,SavedShot,0.85,0.7609999847412109,0.02294060029089451,Yacine Adli,a,6762,OpenPlay,2021,RightFoot,18156,Nantes,Bordeaux,5,3,2022-04-24 13:00:00,Remi Oudin,Pass
919,484001,84,SavedShot,0.98,0.4370000076293945,0.1435140073299408,Yacine Adli,h,6762,OpenPlay,2022,RightFoot,18606,AC Milan,Bologna,2,0,2022-08-27 18:45:00,Fode Toure,Cross
920,489642,83,SavedShot,0.735,0.4879999923706055,0.020045900717377663,Yacine Adli,h,6762,OpenPlay,2022,RightFoot,18645,AC Milan,Napoli,1,2,2022-09-18 18:45:00,Ismael Bennacer,Pass
921,541398,9,BlockedShot,0.7719999694824219,0.5740000152587891,0.028902119025588036,Yacine Adli,h,6762,OpenPlay,2023,RightFoot,22373,AC Milan,Lazio,2,0,2023-09-30 16:00:00,,BallTouch
922,558728,10,Goal,0.8430000305175781,0.52,0.08690277487039566,Yacine Adli,h,6762,OpenPlay,2023,LeftFoot,22500,AC Milan,Roma,3,1,2024-01-14 19:45:00,Tijjani Reijnders,TakeOn
923,559148,78,MissedShots,0.9290000152587891,0.66,0.0382256843149662,Yacine Adli,a,6762,FromCorner,2023,RightFoot,22513,Udinese,AC Milan,2,3,2024-01-20 19:45:00,Alessandro Florenzi,Cross
924,565901,48,BlockedShot,0.7909999847412109,0.64,0.018435461446642876,Yacine Adli,h,6762,SetPiece,2023,RightFoot,22560,AC Milan,Atalanta,1,1,2024-02-25 19:45:00,,Rebound
925,596477,34,Goal,0.86,0.759000015258789,0.027629967778921127,Yacine Adli,h,6762,OpenPlay,2024,RightFoot,27426,Fiorentina,AC Milan,2,1,2024-10-06 18:45:00,Robin Gosens,Pass
926,603373,18,Goal,0.7709999847412109,0.52,0.023303614929318428,Yacine Adli,a,6762,OpenPlay,2024,RightFoot,27482,Como,Fiorentina,0,2,2024-11-24 14:00:00,Lucas Beltrán,Pass
927,606198,23,BlockedShot,0.8380000305175781,0.66,0.047612935304641724,Yacine Adli,h,6762,OpenPlay,2024,LeftFoot,27504,Fiorentina,Cagliari,1,0,2024-12-08 11:30:00,Danilo Cataldi,Pass
928,606202,36,MissedShots,0.9169999694824219,0.8219999694824218,0.06180528923869133,Yacine Adli,h,6762,DirectFreekick,2024,RightFoot,27504,Fiorentina,Cagliari,1,0,2024-12-08 11:30:00,,Standard
929,542121,29,BlockedShot,0.795,0.33099998474121095,0.033506061881780624,Lucas Beltrán,h,11900,OpenPlay,2023,RightFoot,22368,Fiorentina,Cagliari,3,0,2023-10-02 18:45:00,,BallRecovery
930,542124,46,BlockedShot,0.8569999694824219,0.345,0.07397521287202835,Lucas Beltrán,h,11900,OpenPlay,2023,RightFoot,22368,Fiorentina,Cagliari,3,0,2023-10-02 18:45:00,Nicolás González,Pass
931,545024,74,BlockedShot,0.879000015258789,0.5420000076293945,0.07112724334001541,Lucas Beltrán,h,11900,OpenPlay,2023,RightFoot,22389,Fiorentina,Empoli,0,2,2023-10-23 18:45:00,Riccardo Sottil,Cross
932,546434,16,ShotOnPost,0.9130000305175782,0.4540000152587891,0.035546399652957916,Lucas Beltrán,a,11900,FromCorner,2023,Head,22402,Lazio,Fiorentina,1,0,2023-10-30 19:45:00,Alfred Duncan,Aerial
933,551774,1,BlockedShot,0.8859999847412109,0.6120000076293945,0.07103726267814636,Lucas Beltrán,h,11900,OpenPlay,2023,RightFoot,22435,Fiorentina,Salernitana,3,0,2023-12-03 14:00:00,,Rebound
934,551776,5,Goal,0.885,0.5,0.7612988352775574,Lucas Beltrán,h,11900,Penalty,2023,RightFoot,22435,Fiorentina,Salernitana,3,0,2023-12-03 14:00:00,,Standard
935,551787,33,MissedShots,0.7930000305175782,0.415,0.055468976497650146,Lucas Beltrán,h,11900,OpenPlay,2023,RightFoot,22435,Fiorentina,Salernitana,3,0,2023-12-03 14:00:00,Michael Kayode,Pass
936,554836,77,Goal,0.865999984741211,0.5020000076293946,0.08059908449649811,Lucas Beltrán,h,11900,OpenPlay,2023,RightFoot,22457,Fiorentina,Verona,1,0,2023-12-17 14:00:00,,None
937,556057,6,Goal,0.8980000305175782,0.4759999847412109,0.4259069561958313,Lucas Beltrán,a,11900,OpenPlay,2023,RightFoot,22471,Monza,Fiorentina,0,1,2023-12-22 19:45:00,,Foul
938,556791,63,MissedShots,0.8730000305175781,0.539000015258789,0.013372824527323246,Lucas Beltrán,h,11900,SetPiece,2023,Head,22477,Fiorentina,Torino,1,0,2023-12-29 17:30:00,Cristiano Biraghi,Aerial
939,557635,69,BlockedShot,0.8930000305175781,0.585999984741211,0.07232484221458435,Lucas Beltrán,a,11900,OpenPlay,2023,RightFoot,22490,Sassuolo,Fiorentina,1,0,2024-01-06 19:45:00,Lucas Martínez Quarta,BallTouch
940,558684,54,Goal,0.9030000305175782,0.47,0.2859763503074646,Lucas Beltrán,h,11900,OpenPlay,2023,Head,22496,Fiorentina,Udinese,2,2,2024-01-14 17:00:00,Marco Faraoni,Aerial
941,558689,84,BlockedShot,0.845999984741211,0.47700000762939454,0.05851598456501961,Lucas Beltrán,h,11900,FromCorner,2023,LeftFoot,22496,Fiorentina,Udinese,2,2,2024-01-14 17:00:00,Lucas Martínez Quarta,None
942,560412,25,MissedShots,0.889000015258789,0.43,0.09918512403964996,Lucas Beltrán,h,11900,OpenPlay,2023,LeftFoot,22522,Fiorentina,Inter,0,1,2024-01-28 19:45:00,Jonathan Ikone,Pass
943,560915,66,Goal,0.9259999847412109,0.4329999923706055,0.4559068977832794,Lucas Beltrán,a,11900,OpenPlay,2023,RightFoot,22534,Lecce,Fiorentina,3,2,2024-02-02 19:45:00,,BallTouch
944,562819,11,ShotOnPost,0.9519999694824218,0.43,0.29475781321525574,Lucas Beltrán,h,11900,FromCorner,2023,Head,22537,Fiorentina,Frosinone,5,1,2024-02-11 11:30:00,Nicolás González,Rebound
945,562838,69,BlockedShot,0.870999984741211,0.3970000076293945,0.06522499024868011,Lucas Beltrán,h,11900,OpenPlay,2023,RightFoot,22537,Fiorentina,Frosinone,5,1,2024-02-11 11:30:00,Jonathan Ikone,HeadPass
946,563463,66,BlockedShot,0.9,0.4370000076293945,0.08992509543895721,Lucas Beltrán,a,11900,OpenPlay,2023,RightFoot,22505,Bologna,Fiorentina,2,0,2024-02-14 18:00:00,Michael Kayode,Cross
947,563469,75,BlockedShot,0.87,0.40299999237060546,0.013375701382756233,Lucas Beltrán,a,11900,OpenPlay,2023,Head,22505,Bologna,Fiorentina,2,0,2024-02-14 18:00:00,Cristiano Biraghi,Aerial
948,564312,29,Goal,0.8959999847412109,0.33099998474121095,0.07199321687221527,Lucas Beltrán,a,11900,OpenPlay,2023,RightFoot,22553,Empoli,Fiorentina,1,1,2024-02-18 14:00:00,Rolando Mandragora,Pass
949,565982,1,BlockedShot,0.9540000152587891,0.4329999923706055,0.13886383175849915,Lucas Beltrán,h,11900,FromCorner,2023,RightFoot,22557,Fiorentina,Lazio,2,1,2024-02-26 19:45:00,Luca Ranieri,Rebound
950,566003,68,SavedShot,0.7709999847412109,0.5409999847412109,0.027537496760487556,Lucas Beltrán,h,11900,OpenPlay,2023,RightFoot,22557,Fiorentina,Lazio,2,1,2024-02-26 19:45:00,Riccardo Sottil,Pass
951,573188,79,MissedShots,0.6919999694824219,0.5890000152587891,0.013323934748768806,Lucas Beltrán,a,11900,OpenPlay,2023,RightFoot,22605,Juventus,Fiorentina,1,0,2024-04-07 18:45:00,Riccardo Sottil,Pass
952,573189,83,BlockedShot,0.924000015258789,0.45,0.08807580173015594,Lucas Beltrán,a,11900,SetPiece,2023,LeftFoot,22605,Juventus,Fiorentina,1,0,2024-04-07 18:45:00,,None
953,573191,87,BlockedShot,0.879000015258789,0.54,0.08104648441076279,Lucas Beltrán,a,11900,FromCorner,2023,RightFoot,22605,Juventus,Fiorentina,1,0,2024-04-07 18:45:00,,None
954,574527,17,MissedShots,0.7759999847412109,0.5179999923706055,0.05488741025328636,Lucas Beltrán,h,11900,OpenPlay,2023,RightFoot,22623,Fiorentina,Genoa,1,1,2024-04-15 16:30:00,Giacomo Bonaventura,Pass
955,574540,47,BlockedShot,0.909000015258789,0.49700000762939456,0.09445462375879288,Lucas Beltrán,h,11900,OpenPlay,2023,Head,22623,Fiorentina,Genoa,1,1,2024-04-15 16:30:00,Giacomo Bonaventura,Cross
956,581380,23,SavedShot,0.9159999847412109,0.295,0.047894369810819626,Lucas Beltrán,h,11900,OpenPlay,2023,RightFoot,22666,Fiorentina,Napoli,2,2,2024-05-17 16:00:00,Dodô,Pass
957,581389,48,BlockedShot,0.8419999694824218,0.3189999961853027,0.026707304641604424,Lucas Beltrán,h,11900,FromCorner,2023,RightFoot,22666,Fiorentina,Napoli,2,2,2024-05-17 16:00:00,,None
958,583729,44,BlockedShot,0.894000015258789,0.3029999923706055,0.019018739461898804,Lucas Beltrán,a,11900,OpenPlay,2023,RightFoot,22585,Atalanta,Fiorentina,2,3,2024-06-02 16:00:00,,Aerial
959,583730,45,BlockedShot,0.89,0.4620000076293945,0.09033629298210144,Lucas Beltrán,a,11900,FromCorner,2023,RightFoot,22585,Atalanta,Fiorentina,2,3,2024-06-02 16:00:00,,None
960,590220,43,BlockedShot,0.905,0.5209999847412109,0.05677853152155876,Lucas Beltrán,h,11900,OpenPlay,2024,Head,27388,Fiorentina,Monza,2,2,2024-09-01 16:30:00,Danilo Cataldi,Aerial
961,590225,56,MissedShots,0.794000015258789,0.56,0.039555348455905914,Lucas Beltrán,h,11900,OpenPlay,2024,RightFoot,27388,Fiorentina,Monza,2,2,2024-09-01 16:30:00,Rolando Mandragora,Pass
962,594893,77,MissedShots,0.8959999847412109,0.5370000076293945,0.22573676705360413,Lucas Beltrán,a,11900,FromCorner,2024,Head,27415,Empoli,Fiorentina,0,0,2024-09-29 16:00:00,Yacine Adli,Cross
963,594894,81,BlockedShot,0.8930000305175781,0.28200000762939453,0.043913234025239944,Lucas Beltrán,a,11900,OpenPlay,2024,RightFoot,27415,Empoli,Fiorentina,0,0,2024-09-29 16:00:00,Edoardo Bove,Pass
964,597556,57,SavedShot,0.8830000305175781,0.33299999237060546,0.08799813687801361,Lucas Beltrán,a,11900,OpenPlay,2024,RightFoot,27439,Lecce,Fiorentina,0,6,2024-10-20 13:00:00,Andrea Colpani,Pass
965,597558,60,Goal,0.9640000152587891,0.51,0.7608341574668884,Lucas Beltrán,a,11900,OpenPlay,2024,LeftFoot,27439,Lecce,Fiorentina,0,6,2024-10-20 13:00:00,Christian Kouamé,Pass
966,599361,16,Goal,0.885,0.5,0.7612988352775574,Lucas Beltrán,h,11900,Penalty,2024,RightFoot,27445,Fiorentina,Roma,5,1,2024-10-27 19:45:00,,Standard
967,599655,45,BlockedShot,0.7919999694824219,0.38799999237060545,0.032743677496910095,Lucas Beltrán,a,11900,OpenPlay,2024,RightFoot,27456,Genoa,Fiorentina,0,1,2024-10-31 17:30:00,Riccardo Sottil,Pass
968,601978,30,MissedShots,0.7530000305175781,0.624000015258789,0.019040243700146675,Lucas Beltrán,h,11900,OpenPlay,2024,RightFoot,27479,Fiorentina,Verona,3,1,2024-11-10 14:00:00,,Dispossessed
969,601984,67,SavedShot,0.8569999694824219,0.5520000076293945,0.09355180710554123,Lucas Beltrán,h,11900,OpenPlay,2024,RightFoot,27479,Fiorentina,Verona,3,1,2024-11-10 14:00:00,Pietro Comuzzo,Chipped
970,606201,31,BlockedShot,0.8919999694824219,0.669000015258789,0.07778024673461914,Lucas Beltrán,h,11900,OpenPlay,2024,LeftFoot,27504,Fiorentina,Cagliari,1,0,2024-12-08 11:30:00,Riccardo Sottil,Pass
971,41444,5,OwnGoal,0.008999999761581421,0.539000015258789,0,Cristiano Biraghi,h,1164,FromCorner,2014,OtherBodyPart,5149,Chievo,Juventus,0,1,2014-08-30 17:00:00,,CrossNotClaimed
972,41995,27,BlockedShot,0.7419999694824219,0.695,0.018967600539326668,Cristiano Biraghi,h,1164,OpenPlay,2014,LeftFoot,5121,Chievo,Parma,2,3,2014-09-21 11:30:00,Dario Dainelli,Pass
973,42425,8,BlockedShot,0.7390000152587891,0.45599998474121095,0.016422800719738007,Cristiano Biraghi,a,1164,OpenPlay,2014,RightFoot,5137,Sampdoria,Chievo,2,1,2014-09-24 19:45:00,,None
974,42497,18,MissedShots,0.7959999847412109,0.785,0.015709800645709038,Cristiano Biraghi,h,1164,OpenPlay,2014,LeftFoot,5144,Chievo,Empoli,1,1,2014-09-28 14:00:00,Rubén Botta,Pass
975,43298,54,MissedShots,0.789000015258789,0.629000015258789,0.020475000143051147,Cristiano Biraghi,h,1164,FromCorner,2014,RightFoot,5094,Chievo,Genoa,1,2,2014-10-26 14:00:00,,None
976,43711,86,MissedShots,0.7530000305175781,0.685,0.0107853002846241,Cristiano Biraghi,a,1164,SetPiece,2014,LeftFoot,5102,Palermo,Chievo,1,0,2014-10-29 19:45:00,,None
977,45121,69,BlockedShot,0.7290000152587891,0.3120000076293945,0.03789319843053818,Cristiano Biraghi,h,1164,DirectFreekick,2014,RightFoot,5019,Chievo,Inter,0,2,2014-12-15 20:00:00,,Standard
978,49162,80,SavedShot,0.720999984741211,0.639000015258789,0.02950650081038475,Cristiano Biraghi,h,1164,OpenPlay,2014,LeftFoot,4909,Chievo,Palermo,1,0,2015-03-21 17:00:00,Rubén Botta,Pass
979,51254,84,ShotOnPost,0.794000015258789,0.8340000152587891,0.014908500015735626,Cristiano Biraghi,a,1164,OpenPlay,2014,LeftFoot,4782,Inter,Chievo,0,0,2015-05-03 14:00:00,Alberto Paloschi,Pass
980,50676,57,MissedShots,0.7190000152587891,0.47200000762939454,0.04584459960460663,Cristiano Biraghi,h,1164,DirectFreekick,2014,LeftFoot,4791,Chievo,Verona,2,2,2015-05-10 11:30:00,,Standard
981,50682,77,MissedShots,0.6669999694824219,0.635,0.010717899538576603,Cristiano Biraghi,h,1164,OpenPlay,2014,LeftFoot,4791,Chievo,Verona,2,2,2015-05-10 11:30:00,Ivan Radovanovic,Pass
982,49930,7,BlockedShot,0.740999984741211,0.5529999923706055,0.05705539882183075,Cristiano Biraghi,a,1164,DirectFreekick,2014,LeftFoot,4828,Fiorentina,Chievo,3,0,2015-05-31 19:45:00,,Standard
983,49935,19,MissedShots,0.7909999847412109,0.745,0.016659900546073914,Cristiano Biraghi,a,1164,OpenPlay,2014,LeftFoot,4828,Fiorentina,Chievo,3,0,2015-05-31 19:45:00,Sergio Pellissier,Pass
984,84848,81,MissedShots,0.7980000305175782,0.750999984741211,0.016779700294137,Cristiano Biraghi,a,1164,OpenPlay,2015,LeftFoot,1449,Valencia,Granada,1,0,2015-09-25 22:30:00,Fran Rico,HeadPass
985,86778,25,MissedShots,0.7519999694824219,0.8080000305175781,0.016673000529408455,Cristiano Biraghi,h,1164,OpenPlay,2015,LeftFoot,1481,Granada,Real Betis,1,1,2015-10-24 20:15:00,Rene Krhin,Pass
986,86613,21,MissedShots,0.8419999694824218,0.7230000305175781,0.018515100702643394,Cristiano Biraghi,a,1164,OpenPlay,2015,LeftFoot,1503,Rayo Vallecano,Granada,2,1,2015-11-07 23:30:00,,Rebound
987,87661,16,MissedShots,0.7580000305175781,0.7759999847412109,0.012490199878811836,Cristiano Biraghi,h,1164,FromCorner,2015,LeftFoot,1555,Granada,Celta Vigo,0,2,2015-12-20 21:15:00,,None
988,87670,48,MissedShots,0.7340000152587891,0.3220000076293945,0.046215999871492386,Cristiano Biraghi,h,1164,DirectFreekick,2015,LeftFoot,1555,Granada,Celta Vigo,0,2,2015-12-20 21:15:00,,Standard
989,87185,48,BlockedShot,0.754000015258789,0.675,0.01411409955471754,Cristiano Biraghi,a,1164,OpenPlay,2015,LeftFoot,1566,Las Palmas,Granada,4,1,2015-12-31 00:00:00,,None
990,88697,61,MissedShots,0.774000015258789,0.7830000305175782,0.014068800024688244,Cristiano Biraghi,a,1164,OpenPlay,2015,LeftFoot,1597,Eibar,Granada,5,1,2016-01-18 23:30:00,Fran Rico,Pass
991,90188,68,MissedShots,0.795,0.7830000305175782,0.014017599634826183,Cristiano Biraghi,a,1164,FromCorner,2015,LeftFoot,1657,Deportivo La Coruna,Granada,0,1,2016-02-28 21:15:00,,None
992,90496,26,MissedShots,0.775,0.7380000305175781,0.012319999746978283,Cristiano Biraghi,h,1164,OpenPlay,2015,LeftFoot,1666,Granada,Sporting Gijon,2,0,2016-03-03 23:00:00,,None
993,91720,37,SavedShot,0.7440000152587891,0.649000015258789,0.019596900790929794,Cristiano Biraghi,a,1164,OpenPlay,2015,RightFoot,1673,Real Betis,Granada,2,0,2016-03-06 15:00:00,Abdoulaye Doucouré,Pass
994,93031,0,MissedShots,0.7380000305175781,0.51,0.01563340052962303,Cristiano Biraghi,a,1164,OpenPlay,2015,LeftFoot,1768,Sevilla,Granada,1,4,2016-05-08 19:00:00,,None
995,144453,6,MissedShots,0.6769999694824219,0.740999984741211,0.008126700296998024,Cristiano Biraghi,h,1164,OpenPlay,2016,LeftFoot,935,Pescara,Napoli,2,2,2016-08-21 22:45:00,,Rebound
996,144455,9,SavedShot,0.925,0.6719999694824219,0.06584399938583374,Cristiano Biraghi,h,1164,OpenPlay,2016,LeftFoot,935,Pescara,Napoli,2,2,2016-08-21 22:45:00,Bryan Cristante,TakeOn
997,145017,29,BlockedShot,0.76,0.7269999694824218,0.009951929561793804,Cristiano Biraghi,a,1164,OpenPlay,2016,RightFoot,945,Sassuolo,Pescara,2,1,2016-08-28 22:45:00,Bryan Cristante,Chipped
998,145028,57,SavedShot,0.9159999847412109,0.655,0.05738690122961998,Cristiano Biraghi,a,1164,OpenPlay,2016,LeftFoot,945,Sassuolo,Pescara,2,1,2016-08-28 22:45:00,,None
999,145550,92,MissedShots,0.775,0.6880000305175781,0.020087899640202522,Cristiano Biraghi,h,1164,OpenPlay,2016,LeftFoot,958,Pescara,Inter,1,2,2016-09-11 22:45:00,Bryan Cristante,Pass
1000,146526,17,SavedShot,0.6980000305175781,0.6370000076293946,0.009847559966146946,Cristiano Biraghi,h,1164,OpenPlay,2016,LeftFoot,976,Pescara,Torino,0,0,2016-09-21 22:45:00,,None
1001,146551,89,MissedShots,0.91,0.5659999847412109,0.21011200547218323,Cristiano Biraghi,h,1164,FromCorner,2016,Head,976,Pescara,Torino,0,0,2016-09-21 22:45:00,Gianluca Caprari,Cross
1002,147729,69,BlockedShot,0.82,0.549000015258789,0.035636600106954575,Cristiano Biraghi,h,1164,FromCorner,2016,LeftFoot,990,Pescara,Chievo,0,2,2016-10-01 20:00:00,Gianluca Caprari,Cross
1003,148198,26,MissedShots,0.9630000305175781,0.3890000152587891,0.03472689911723137,Cristiano Biraghi,h,1164,FromCorner,2016,Head,1001,Pescara,Sampdoria,1,1,2016-10-15 20:00:00,Alberto Aquilani,Cross
1004,149761,96,MissedShots,0.7069999694824218,0.6309999847412109,0.013577500358223915,Cristiano Biraghi,a,1164,OpenPlay,2016,LeftFoot,3294,AC Milan,Pescara,1,0,2016-10-30 18:00:00,Francesco Zampano,Pass
1005,151925,78,MissedShots,0.9030000305175782,0.35400001525878905,0.04128339886665344,Cristiano Biraghi,h,1164,FromCorner,2016,RightFoot,3070,Pescara,Cagliari,1,1,2016-12-04 18:00:00,Simone Pepe,Cross
1006,152960,8,BlockedShot,0.7480000305175781,0.7519999694824219,0.014360600151121616,Cristiano Biraghi,h,1164,OpenPlay,2016,LeftFoot,3093,Pescara,Bologna,0,3,2016-12-18 18:00:00,Gastón Brugman,Pass
1007,152973,68,MissedShots,0.7330000305175781,0.40900001525878904,0.04945620149374008,Cristiano Biraghi,h,1164,DirectFreekick,2016,LeftFoot,3093,Pescara,Bologna,0,3,2016-12-18 18:00:00,,Standard
1008,153480,92,Goal,0.885,0.5,0.7612990140914917,Cristiano Biraghi,a,1164,Penalty,2016,LeftFoot,3099,Palermo,Pescara,1,1,2016-12-22 23:45:00,,Standard
1009,145264,22,MissedShots,0.8030000305175782,0.7709999847412109,0.021114500239491463,Cristiano Biraghi,h,1164,OpenPlay,2016,LeftFoot,3545,Pescara,Sassuolo,1,3,2017-01-22 17:00:00,,TakeOn
1010,145285,87,SavedShot,0.885,0.5,0.7612990140914917,Cristiano Biraghi,h,1164,Penalty,2016,LeftFoot,3545,Pescara,Sassuolo,1,3,2017-01-22 17:00:00,,Standard
1011,146215,31,SavedShot,0.8519999694824218,0.8119999694824219,0.015731999650597572,Cristiano Biraghi,h,1164,OpenPlay,2016,LeftFoot,3566,Pescara,Lazio,2,6,2017-02-05 14:00:00,Norbert Gyömbér,Interception
1012,149023,89,MissedShots,0.7340000152587891,0.255,0.03340990096330643,Cristiano Biraghi,h,1164,DirectFreekick,2016,LeftFoot,3621,Pescara,Udinese,1,3,2017-03-12 14:00:00,,Standard
1013,150584,84,MissedShots,0.93,0.6840000152587891,0.06721639633178711,Cristiano Biraghi,a,1164,OpenPlay,2016,LeftFoot,3648,Empoli,Pescara,1,1,2017-04-08 14:00:00,Ledian Memushaj,Pass
1014,151081,11,MissedShots,0.754000015258789,0.7269999694824218,0.013630099594593048,Cristiano Biraghi,h,1164,OpenPlay,2016,LeftFoot,3657,Pescara,Juventus,0,2,2017-04-15 14:00:00,,BallRecovery
1015,151096,85,SavedShot,0.8219999694824218,0.2,0.04751129820942879,Cristiano Biraghi,h,1164,DirectFreekick,2016,LeftFoot,3657,Pescara,Juventus,0,2,2017-04-15 14:00:00,,Standard
1016,151713,44,BlockedShot,0.905,0.7419999694824219,0.037213701754808426,Cristiano Biraghi,h,1164,OpenPlay,2016,LeftFoot,3670,Pescara,Roma,1,4,2017-04-24 19:45:00,Gianluca Caprari,Pass
1017,151733,87,ShotOnPost,0.7280000305175781,0.42900001525878906,0.04842099919915199,Cristiano Biraghi,h,1164,DirectFreekick,2016,LeftFoot,3670,Pescara,Roma,1,4,2017-04-24 19:45:00,,Standard
1018,152603,33,MissedShots,0.6709999847412109,0.7519999694824219,0.009365360252559185,Cristiano Biraghi,h,1164,OpenPlay,2016,LeftFoot,3685,Pescara,Crotone,0,1,2017-05-07 14:00:00,Gastón Brugman,Pass
1019,152609,45,MissedShots,0.7609999847412109,0.715,0.01757269911468029,Cristiano Biraghi,h,1164,OpenPlay,2016,LeftFoot,3685,Pescara,Crotone,0,1,2017-05-07 14:00:00,Ledian Memushaj,Pass
1020,153240,68,SavedShot,0.915,0.6909999847412109,0.09429650008678436,Cristiano Biraghi,a,1164,OpenPlay,2016,LeftFoot,3699,Bologna,Pescara,3,1,2017-05-14 14:00:00,Gianluca Caprari,Pass
1021,153724,12,MissedShots,0.74,0.40700000762939453,0.05304960161447525,Cristiano Biraghi,h,1164,DirectFreekick,2016,LeftFoot,3708,Pescara,Palermo,2,0,2017-05-22 19:45:00,,Standard
1022,173412,59,MissedShots,0.7930000305175782,0.715,0.021978599950671196,Cristiano Biraghi,h,1164,OpenPlay,2017,LeftFoot,7531,Fiorentina,Bologna,2,1,2017-09-16 17:00:00,Milan Badelj,Pass
1023,173963,51,MissedShots,0.81,0.51,0.019294599071145058,Cristiano Biraghi,h,1164,FromCorner,2017,RightFoot,7551,Fiorentina,Atalanta,1,1,2017-09-24 19:45:00,,Aerial
1024,174215,50,BlockedShot,0.845999984741211,0.6370000076293946,0.03725549951195717,Cristiano Biraghi,a,1164,OpenPlay,2017,LeftFoot,7561,Chievo,Fiorentina,2,1,2017-10-01 14:00:00,Bruno Gaspar,Cross
1025,174219,54,BlockedShot,0.914000015258789,0.5940000152587891,0.04858969897031784,Cristiano Biraghi,a,1164,OpenPlay,2017,Head,7561,Chievo,Fiorentina,2,1,2017-10-01 14:00:00,Bruno Gaspar,Cross
1026,174231,87,MissedShots,0.8480000305175781,0.2620000076293945,0.02345689944922924,Cristiano Biraghi,a,1164,SetPiece,2017,LeftFoot,7561,Chievo,Fiorentina,2,1,2017-10-01 14:00:00,Jordan Veretout,Pass
1027,174232,89,MissedShots,0.8090000152587891,0.40299999237060546,0.12101799994707108,Cristiano Biraghi,a,1164,DirectFreekick,2017,LeftFoot,7561,Chievo,Fiorentina,2,1,2017-10-01 14:00:00,,Standard
1028,176314,5,MissedShots,0.7880000305175782,0.75,0.012842300347983837,Cristiano Biraghi,h,1164,OpenPlay,2017,LeftFoot,7642,Fiorentina,Sassuolo,3,0,2017-12-03 14:00:00,,Rebound
1029,184812,32,MissedShots,0.9130000305175782,0.47900001525878905,0.12365599721670151,Cristiano Biraghi,h,1164,OpenPlay,2017,Head,7663,Fiorentina,Genoa,0,0,2017-12-17 14:00:00,Marco Benassi,Cross
1030,184816,46,MissedShots,0.749000015258789,0.5790000152587891,0.025100000202655792,Cristiano Biraghi,h,1164,OpenPlay,2017,LeftFoot,7663,Fiorentina,Genoa,0,0,2017-12-17 14:00:00,Cyril Théréau,LayOff
1031,184830,87,MissedShots,0.8719999694824219,0.5829999923706055,0.07348330318927765,Cristiano Biraghi,h,1164,OpenPlay,2017,RightFoot,7663,Fiorentina,Genoa,0,0,2017-12-17 14:00:00,,Rebound
1032,184829,87,BlockedShot,0.88,0.6120000076293945,0.09182540327310562,Cristiano Biraghi,h,1164,OpenPlay,2017,RightFoot,7663,Fiorentina,Genoa,0,0,2017-12-17 14:00:00,Valentin Eysseric,Pass
1033,184997,53,MissedShots,0.86,0.5990000152587891,0.011656800284981728,Cristiano Biraghi,a,1164,OpenPlay,2017,Head,7669,Cagliari,Fiorentina,0,1,2017-12-22 19:45:00,Milan Badelj,Aerial
1034,185003,76,MissedShots,0.8730000305175781,0.7030000305175781,0.04081159830093384,Cristiano Biraghi,a,1164,OpenPlay,2017,LeftFoot,7669,Cagliari,Fiorentina,0,1,2017-12-22 19:45:00,,None
1035,185827,81,BlockedShot,0.8690000152587891,0.7080000305175781,0.04116170108318329,Cristiano Biraghi,h,1164,OpenPlay,2017,LeftFoot,7683,Fiorentina,AC Milan,1,1,2017-12-30 11:30:00,Milan Badelj,Pass
1036,186613,57,SavedShot,0.735999984741211,0.46299999237060546,0.05479459837079048,Cristiano Biraghi,h,1164,DirectFreekick,2017,LeftFoot,7693,Fiorentina,Inter,1,1,2018-01-05 19:45:00,,Standard
1037,186629,90,BlockedShot,0.7969999694824219,0.6969999694824218,0.019533000886440277,Cristiano Biraghi,h,1164,OpenPlay,2017,LeftFoot,7693,Fiorentina,Inter,1,1,2018-01-05 19:45:00,Federico Chiesa,Pass
1038,190351,7,MissedShots,0.7319999694824219,0.4370000076293945,0.05105949938297272,Cristiano Biraghi,h,1164,DirectFreekick,2017,LeftFoot,7713,Fiorentina,Verona,1,4,2018-01-28 14:00:00,,Standard
1039,190367,59,SavedShot,0.8280000305175781,0.6,0.05055690184235573,Cristiano Biraghi,h,1164,OpenPlay,2017,LeftFoot,7713,Fiorentina,Verona,1,4,2018-01-28 14:00:00,,BallRecovery
1040,196088,60,MissedShots,0.845999984741211,0.69,0.029595499858260155,Cristiano Biraghi,h,1164,SetPiece,2017,LeftFoot,7735,Fiorentina,Juventus,0,2,2018-02-09 19:45:00,,None
1041,196878,74,MissedShots,0.674000015258789,0.6179999923706054,0.007884860038757324,Cristiano Biraghi,a,1164,OpenPlay,2017,LeftFoot,7743,Atalanta,Fiorentina,1,1,2018-02-18 17:00:00,Bryan Dabo,LayOff
1042,197863,3,SavedShot,0.8209999847412109,0.6309999847412109,0.04599849879741669,Cristiano Biraghi,h,1164,OpenPlay,2017,LeftFoot,7758,Fiorentina,Chievo,1,0,2018-02-25 14:00:00,Jordan Veretout,Pass
1043,197864,5,Goal,0.765,0.54,0.026339899748563766,Cristiano Biraghi,h,1164,OpenPlay,2017,LeftFoot,7758,Fiorentina,Chievo,1,0,2018-02-25 14:00:00,Davide Astori,Pass
1044,200480,7,BlockedShot,0.7280000305175781,0.504000015258789,0.018143000081181526,Cristiano Biraghi,h,1164,FromCorner,2017,LeftFoot,7770,Fiorentina,Benevento,1,0,2018-03-11 11:30:00,Riccardo Saponara,Pass
1045,202033,10,MissedShots,0.9309999847412109,0.6940000152587891,0.06572669744491577,Cristiano Biraghi,a,1164,OpenPlay,2017,LeftFoot,7783,Torino,Fiorentina,1,2,2018-03-18 14:00:00,Marco Benassi,Pass
1046,202036,16,MissedShots,0.7719999694824219,0.2670000076293945,0.04610669985413551,Cristiano Biraghi,a,1164,DirectFreekick,2017,LeftFoot,7783,Torino,Fiorentina,1,2,2018-03-18 14:00:00,,Standard
1047,208958,16,MissedShots,0.76,0.30100000381469727,0.04762579873204231,Cristiano Biraghi,h,1164,DirectFreekick,2017,LeftFoot,7816,Fiorentina,SPAL 2013,0,0,2018-04-15 10:30:00,,Standard
1048,208963,36,SavedShot,0.909000015258789,0.735,0.03964240103960037,Cristiano Biraghi,h,1164,OpenPlay,2017,LeftFoot,7816,Fiorentina,SPAL 2013,0,0,2018-04-15 10:30:00,Federico Chiesa,Pass
1049,208976,76,MissedShots,0.91,0.580999984741211,0.12586399912834167,Cristiano Biraghi,h,1164,OpenPlay,2017,LeftFoot,7816,Fiorentina,SPAL 2013,0,0,2018-04-15 10:30:00,Diego Falcinelli,Pass
1050,209923,46,MissedShots,0.8059999847412109,0.6780000305175782,0.02811570093035698,Cristiano Biraghi,h,1164,OpenPlay,2017,LeftFoot,7825,Fiorentina,Lazio,3,4,2018-04-18 18:45:00,Federico Chiesa,Pass
1051,212554,8,SavedShot,0.8130000305175781,0.34299999237060547,0.09541919827461243,Cristiano Biraghi,h,1164,DirectFreekick,2017,LeftFoot,7845,Fiorentina,Napoli,3,0,2018-04-29 16:00:00,,Standard
1052,212565,41,MissedShots,0.784000015258789,0.5990000152587891,0.049890898168087006,Cristiano Biraghi,h,1164,OpenPlay,2017,LeftFoot,7845,Fiorentina,Napoli,3,0,2018-04-29 16:00:00,Marco Benassi,LayOff
1053,212582,77,MissedShots,0.6940000152587891,0.7559999847412109,0.013224699534475803,Cristiano Biraghi,h,1164,OpenPlay,2017,LeftFoot,7845,Fiorentina,Napoli,3,0,2018-04-29 16:00:00,Milan Badelj,Pass
1054,213739,32,MissedShots,0.7430000305175781,0.6869999694824219,0.013511300086975098,Cristiano Biraghi,a,1164,FromCorner,2017,LeftFoot,7853,Genoa,Fiorentina,2,3,2018-05-06 14:00:00,,None
1055,213743,53,BlockedShot,0.8040000152587891,0.28600000381469726,0.06528089940547943,Cristiano Biraghi,a,1164,DirectFreekick,2017,LeftFoot,7853,Genoa,Fiorentina,2,3,2018-05-06 14:00:00,,Standard
1056,215433,42,MissedShots,0.96,0.7440000152587891,0.018027300015091896,Cristiano Biraghi,h,1164,OpenPlay,2017,LeftFoot,7859,Fiorentina,Cagliari,0,1,2018-05-13 14:00:00,Jordan Veretout,Cross
1057,220906,62,MissedShots,0.7169999694824218,0.6680000305175782,0.01942949928343296,Cristiano Biraghi,h,1164,OpenPlay,2018,LeftFoot,9592,Fiorentina,Chievo,6,1,2018-08-26 21:30:00,Gerson,Pass
1058,222391,27,MissedShots,0.88,0.5790000152587891,0.08969909697771072,Cristiano Biraghi,h,1164,OpenPlay,2018,RightFoot,9600,Fiorentina,Udinese,1,0,2018-09-02 16:00:00,Valentin Eysseric,BallTouch
1059,222399,63,MissedShots,0.794000015258789,0.5420000076293945,0.03682989999651909,Cristiano Biraghi,h,1164,OpenPlay,2018,RightFoot,9600,Fiorentina,Udinese,1,0,2018-09-02 16:00:00,Gerson,Pass
1060,224619,24,SavedShot,0.7680000305175781,0.634000015258789,0.04341230168938637,Cristiano Biraghi,a,1164,OpenPlay,2018,LeftFoot,9580,Sampdoria,Fiorentina,1,1,2018-09-19 17:00:00,Giovanni Simeone,LayOff
1061,225306,8,BlockedShot,0.7169999694824218,0.7669999694824219,0.014573399908840656,Cristiano Biraghi,h,1164,SetPiece,2018,LeftFoot,9619,Fiorentina,SPAL 2013,3,0,2018-09-22 16:00:00,Jordan Veretout,Pass
1062,228606,93,Goal,0.754000015258789,0.28399999618530275,0.04256660118699074,Cristiano Biraghi,h,1164,DirectFreekick,2018,LeftFoot,9642,Fiorentina,Atalanta,2,0,2018-09-30 13:00:00,,Standard
1063,252215,54,SavedShot,0.8919999694824219,0.629000015258789,0.0706138014793396,Cristiano Biraghi,a,1164,OpenPlay,2018,LeftFoot,9651,Lazio,Fiorentina,1,0,2018-10-07 13:00:00,Federico Chiesa,Pass
1064,252492,49,BlockedShot,0.8909999847412109,0.6990000152587891,0.056192200630903244,Cristiano Biraghi,h,1164,OpenPlay,2018,LeftFoot,9659,Fiorentina,Cagliari,1,1,2018-10-21 16:00:00,Marko Pjaca,Pass
1065,252496,62,MissedShots,0.715,0.4620000076293945,0.04372889921069145,Cristiano Biraghi,h,1164,DirectFreekick,2018,LeftFoot,9659,Fiorentina,Cagliari,1,1,2018-10-21 16:00:00,,Standard
1066,252956,90,BlockedShot,0.7669999694824219,0.355,0.06155560165643692,Cristiano Biraghi,h,1164,DirectFreekick,2018,RightFoot,9679,Fiorentina,Roma,1,1,2018-11-03 17:00:00,,Standard
1067,253149,20,SavedShot,0.815,0.475,0.16135400533676147,Cristiano Biraghi,a,1164,DirectFreekick,2018,LeftFoot,9690,Frosinone,Fiorentina,1,1,2018-11-09 19:30:00,,Standard
1068,253163,64,MissedShots,0.7169999694824218,0.6530000305175782,0.019673500210046768,Cristiano Biraghi,a,1164,OpenPlay,2018,LeftFoot,9690,Frosinone,Fiorentina,1,1,2018-11-09 19:30:00,Gerson,Pass
1069,253585,31,MissedShots,0.7559999847412109,0.6459999847412109,0.017033999785780907,Cristiano Biraghi,a,1164,OpenPlay,2018,RightFoot,9697,Bologna,Fiorentina,0,0,2018-11-25 14:00:00,Edimilson Fernandes,LayOff
1070,253771,17,BlockedShot,0.764000015258789,0.3840000152587891,0.06517239660024643,Cristiano Biraghi,h,1164,DirectFreekick,2018,LeftFoot,9709,Fiorentina,Juventus,0,3,2018-12-01 17:00:00,,Standard
1071,253797,85,BlockedShot,0.7169999694824218,0.6759999847412109,0.010314100421965122,Cristiano Biraghi,h,1164,OpenPlay,2018,LeftFoot,9709,Fiorentina,Juventus,0,3,2018-12-01 17:00:00,Edimilson Fernandes,Pass
1072,254397,62,MissedShots,0.9259999847412109,0.7030000305175781,0.06587470322847366,Cristiano Biraghi,h,1164,OpenPlay,2018,LeftFoot,9731,Fiorentina,Empoli,3,1,2018-12-16 14:00:00,,None
1073,254608,9,MissedShots,0.7619999694824219,0.769000015258789,0.016772300004959106,Cristiano Biraghi,a,1164,OpenPlay,2018,LeftFoot,9738,AC Milan,Fiorentina,0,1,2018-12-22 14:00:00,Edimilson Fernandes,Pass
1074,255082,44,MissedShots,0.9319999694824219,0.605999984741211,0.05957470089197159,Cristiano Biraghi,h,1164,OpenPlay,2018,Head,9750,Fiorentina,Parma Calcio 1913,0,1,2018-12-26 14:00:00,Marco Benassi,Cross
1075,255086,47,MissedShots,0.7280000305175781,0.5879999923706055,0.017430199310183525,Cristiano Biraghi,h,1164,OpenPlay,2018,LeftFoot,9750,Fiorentina,Parma Calcio 1913,0,1,2018-12-26 14:00:00,Jordan Veretout,Pass
1076,255094,60,MissedShots,0.9080000305175782,0.500999984741211,0.04012930020689964,Cristiano Biraghi,h,1164,OpenPlay,2018,Head,9750,Fiorentina,Parma Calcio 1913,0,1,2018-12-26 14:00:00,Edimilson Fernandes,Aerial
1077,255101,84,MissedShots,0.735,0.395,0.04916749894618988,Cristiano Biraghi,h,1164,DirectFreekick,2018,LeftFoot,9750,Fiorentina,Parma Calcio 1913,0,1,2018-12-26 14:00:00,,Standard
1078,255103,87,BlockedShot,0.7959999847412109,0.66,0.024841299280524254,Cristiano Biraghi,h,1164,OpenPlay,2018,LeftFoot,9750,Fiorentina,Parma Calcio 1913,0,1,2018-12-26 14:00:00,Jordan Veretout,Pass
1079,263394,29,BlockedShot,0.7430000305175781,0.6759999847412109,0.015884200111031532,Cristiano Biraghi,a,1164,OpenPlay,2018,LeftFoot,9759,Genoa,Fiorentina,0,0,2018-12-29 14:00:00,Edimilson Fernandes,Pass
1080,263406,59,MissedShots,0.845,0.629000015258789,0.020145399495959282,Cristiano Biraghi,a,1164,FromCorner,2018,LeftFoot,9759,Genoa,Fiorentina,0,0,2018-12-29 14:00:00,,Aerial
1081,277539,6,MissedShots,0.8480000305175781,0.6309999847412109,0.039961401373147964,Cristiano Biraghi,a,1164,FromCorner,2018,LeftFoot,9815,SPAL 2013,Fiorentina,1,4,2019-02-17 11:30:00,,None
1082,277560,69,BlockedShot,0.7180000305175781,0.61,0.013324400410056114,Cristiano Biraghi,a,1164,FromCorner,2018,LeftFoot,9815,SPAL 2013,Fiorentina,1,4,2019-02-17 11:30:00,,None
1083,277568,92,BlockedShot,0.735,0.5279999923706055,0.05452260002493858,Cristiano Biraghi,a,1164,DirectFreekick,2018,LeftFoot,9815,SPAL 2013,Fiorentina,1,4,2019-02-17 11:30:00,,Standard
1084,278207,8,BlockedShot,0.6919999694824219,0.6140000152587891,0.016545100137591362,Cristiano Biraghi,a,1164,SetPiece,2018,LeftFoot,9830,Atalanta,Fiorentina,3,1,2019-03-03 17:00:00,Jordan Veretout,Pass
1085,285860,39,MissedShots,0.789000015258789,0.66,0.0250489991158247,Cristiano Biraghi,a,1164,OpenPlay,2018,RightFoot,9848,Cagliari,Fiorentina,2,1,2019-03-15 19:30:00,Kevin Mirallas,Pass
1086,285866,61,BlockedShot,0.7730000305175782,0.3129999923706055,0.056011099368333817,Cristiano Biraghi,a,1164,DirectFreekick,2018,LeftFoot,9848,Cagliari,Fiorentina,2,1,2019-03-15 19:30:00,,Standard
1087,288114,91,SavedShot,0.8640000152587891,0.7330000305175781,0.031799498945474625,Cristiano Biraghi,h,1164,OpenPlay,2018,LeftFoot,9859,Fiorentina,Torino,1,1,2019-03-31 13:00:00,Dusan Vlahovic,Pass
1088,299678,45,SavedShot,0.8269999694824218,0.705,0.027306800708174706,Cristiano Biraghi,a,1164,OpenPlay,2018,LeftFoot,9918,Empoli,Fiorentina,1,0,2019-05-05 11:30:00,,None
1089,303161,14,MissedShots,0.7709999847412109,0.5979999923706054,0.026325499638915062,Cristiano Biraghi,a,1164,OpenPlay,2018,RightFoot,9943,Parma Calcio 1913,Fiorentina,1,0,2019-05-19 13:00:00,Kevin Mirallas,BallTouch
1090,326154,57,MissedShots,0.960999984741211,0.59,0.04744860157370567,Cristiano Biraghi,a,1164,OpenPlay,2019,Head,13167,Sassuolo,Inter,3,4,2019-10-20 11:30:00,Antonio Candreva,Aerial
1091,330807,39,SavedShot,0.7280000305175781,0.524000015258789,0.05057640001177788,Cristiano Biraghi,h,1164,DirectFreekick,2019,LeftFoot,13201,Inter,Verona,2,1,2019-11-09 17:00:00,,Standard
1092,338726,44,BlockedShot,0.7759999847412109,0.33099998474121095,0.061798300594091415,Cristiano Biraghi,h,1164,DirectFreekick,2019,LeftFoot,13251,Inter,Genoa,4,0,2019-12-21 17:00:00,,Standard
1093,366399,14,SavedShot,0.865999984741211,0.185,0.05463619902729988,Cristiano Biraghi,h,1164,DirectFreekick,2019,LeftFoot,13353,Inter,Sassuolo,3,3,2020-06-24 17:30:00,,Standard
1094,366406,45,Goal,0.9369999694824219,0.6509999847412109,0.09469159692525864,Cristiano Biraghi,h,1164,OpenPlay,2019,LeftFoot,13353,Inter,Sassuolo,3,3,2020-06-24 17:30:00,Alexis Sánchez,Pass
1095,366407,48,SavedShot,0.775,0.22200000762939454,0.039132099598646164,Cristiano Biraghi,h,1164,DirectFreekick,2019,LeftFoot,13353,Inter,Sassuolo,3,3,2020-06-24 17:30:00,,Standard
1096,372249,48,BlockedShot,0.9440000152587891,0.17100000381469727,0.06212620064616203,Cristiano Biraghi,a,1164,DirectFreekick,2019,LeftFoot,13412,SPAL 2013,Inter,0,4,2020-07-16 19:45:00,,Standard
1097,372253,54,Goal,0.8219999694824218,0.57,0.0668577030301094,Cristiano Biraghi,a,1164,OpenPlay,2019,RightFoot,13412,SPAL 2013,Inter,0,4,2020-07-16 19:45:00,,None
1098,374104,67,MissedShots,0.9030000305175782,0.6909999847412109,0.07170510292053223,Cristiano Biraghi,h,1164,OpenPlay,2019,LeftFoot,13450,Inter,Napoli,2,0,2020-07-28 19:45:00,Borja Valero,Pass
1099,379075,8,MissedShots,0.9159999847412109,0.6759999847412109,0.0891110971570015,Cristiano Biraghi,a,1164,OpenPlay,2020,LeftFoot,14126,Inter,Fiorentina,4,3,2020-09-26 18:45:00,Franck Ribéry,Pass
1100,380288,18,MissedShots,0.735,0.4879999923706055,0.05489329993724823,Cristiano Biraghi,h,1164,DirectFreekick,2020,LeftFoot,15446,Fiorentina,Sampdoria,1,2,2020-10-02 18:45:00,,Standard
1101,382443,3,Goal,0.9530000305175781,0.7130000305175781,0.033739298582077026,Cristiano Biraghi,a,1164,OpenPlay,2020,LeftFoot,15461,Spezia,Fiorentina,2,2,2020-10-18 13:00:00,Pol Lirola,Cross
1102,385358,7,BlockedShot,0.7330000305175781,0.47900001525878905,0.053512800484895706,Cristiano Biraghi,a,1164,DirectFreekick,2020,LeftFoot,15480,Roma,Fiorentina,2,0,2020-11-01 17:00:00,,Standard
1103,386187,7,SavedShot,0.7119999694824218,0.32099998474121094,0.03394220024347305,Cristiano Biraghi,a,1164,DirectFreekick,2020,LeftFoot,15493,Parma Calcio 1913,Fiorentina,0,0,2020-11-07 19:45:00,,Standard
1104,386191,49,SavedShot,0.9019999694824219,0.6719999694824219,0.3320870101451874,Cristiano Biraghi,a,1164,OpenPlay,2020,LeftFoot,15493,Parma Calcio 1913,Fiorentina,0,0,2020-11-07 19:45:00,Erick Pulgar,Throughball
1105,387675,20,MissedShots,0.8430000305175781,0.634000015258789,0.05003660172224045,Cristiano Biraghi,h,1164,OpenPlay,2020,LeftFoot,15497,Fiorentina,Benevento,0,1,2020-11-22 11:30:00,Franck Ribéry,Pass
1106,391179,68,BlockedShot,0.924000015258789,0.6990000152587891,0.024281099438667297,Cristiano Biraghi,h,1164,OpenPlay,2020,LeftFoot,15517,Fiorentina,Genoa,1,1,2020-12-07 19:45:00,Franck Ribéry,TakeOn
1107,391183,85,SavedShot,0.769000015258789,0.610999984741211,0.017995299771428108,Cristiano Biraghi,h,1164,FromCorner,2020,LeftFoot,15517,Fiorentina,Genoa,1,1,2020-12-07 19:45:00,,None
1108,393286,5,MissedShots,0.8969999694824219,0.5940000152587891,0.10739299654960632,Cristiano Biraghi,h,1164,OpenPlay,2020,RightFoot,15537,Fiorentina,Sassuolo,1,1,2020-12-16 19:45:00,Franck Ribéry,Pass
1109,393290,14,MissedShots,0.7040000152587891,0.44299999237060544,0.038692399859428406,Cristiano Biraghi,h,1164,DirectFreekick,2020,LeftFoot,15537,Fiorentina,Sassuolo,1,1,2020-12-16 19:45:00,,Standard
1110,398423,57,MissedShots,0.9540000152587891,0.654000015258789,0.2578369975090027,Cristiano Biraghi,h,1164,OpenPlay,2020,LeftFoot,15587,Fiorentina,Cagliari,1,0,2021-01-10 17:00:00,Giacomo Bonaventura,Pass
1111,399211,31,MissedShots,0.909000015258789,0.6759999847412109,0.06528030335903168,Cristiano Biraghi,a,1164,OpenPlay,2020,LeftFoot,15602,Napoli,Fiorentina,6,0,2021-01-17 11:30:00,Franck Ribéry,Pass
1112,400608,9,MissedShots,0.765,0.5690000152587891,0.0736674964427948,Cristiano Biraghi,h,1164,DirectFreekick,2020,LeftFoot,15607,Fiorentina,Crotone,2,1,2021-01-23 19:45:00,,Standard
1113,400616,53,SavedShot,0.7480000305175781,0.39,0.03283509984612465,Cristiano Biraghi,h,1164,OpenPlay,2020,LeftFoot,15607,Fiorentina,Crotone,2,1,2021-01-23 19:45:00,Nikola Milenkovic,Pass
1114,401379,8,MissedShots,0.7530000305175781,0.659000015258789,0.017431799322366714,Cristiano Biraghi,a,1164,OpenPlay,2020,LeftFoot,15625,Torino,Fiorentina,1,1,2021-01-29 19:45:00,Giacomo Bonaventura,Pass
1115,402936,36,SavedShot,0.8969999694824219,0.7,0.04390079900622368,Cristiano Biraghi,h,1164,OpenPlay,2020,LeftFoot,15629,Fiorentina,Inter,0,2,2021-02-05 19:45:00,,Rebound
1116,404746,85,BlockedShot,0.8480000305175781,0.5270000076293946,0.07653159648180008,Cristiano Biraghi,a,1164,OpenPlay,2020,RightFoot,15638,Sampdoria,Fiorentina,2,1,2021-02-14 14:00:00,Kevin Malcuit,Pass
1117,405236,26,MissedShots,0.895,0.5929999923706055,0.08779340237379074,Cristiano Biraghi,h,1164,OpenPlay,2020,RightFoot,15652,Fiorentina,Spezia,3,0,2021-02-19 17:30:00,,Rebound
1118,405235,26,BlockedShot,0.8880000305175781,0.69,0.04511009901762009,Cristiano Biraghi,h,1164,OpenPlay,2020,LeftFoot,15652,Fiorentina,Spezia,3,0,2021-02-19 17:30:00,Sofyan Amrabat,Chipped
1119,405241,49,MissedShots,0.8930000305175781,0.6229999923706054,0.0629889965057373,Cristiano Biraghi,h,1164,OpenPlay,2020,RightFoot,15652,Fiorentina,Spezia,3,0,2021-02-19 17:30:00,Gaetano Castrovilli,Cross
1120,414833,93,BlockedShot,0.725,0.47400001525878904,0.048910900950431824,Cristiano Biraghi,h,1164,DirectFreekick,2020,LeftFoot,15716,Fiorentina,Atalanta,2,3,2021-04-11 18:45:00,,Standard
1121,415396,15,SavedShot,0.855,0.69,0.06618110090494156,Cristiano Biraghi,a,1164,OpenPlay,2020,LeftFoot,15727,Sassuolo,Fiorentina,3,1,2021-04-17 16:00:00,Dusan Vlahovic,Pass
1122,420300,38,BlockedShot,0.7040000152587891,0.7019999694824218,0.014376900158822536,Cristiano Biraghi,h,1164,OpenPlay,2020,LeftFoot,15770,Fiorentina,Lazio,2,0,2021-05-08 18:45:00,Erick Pulgar,Pass
1123,421240,93,MissedShots,0.8019999694824219,0.6509999847412109,0.021745799109339714,Cristiano Biraghi,a,1164,SetPiece,2020,RightFoot,15777,Cagliari,Fiorentina,0,0,2021-05-12 16:30:00,,None
1124,422074,22,MissedShots,0.7680000305175781,0.3060000038146973,0.052091799676418304,Cristiano Biraghi,h,1164,DirectFreekick,2020,LeftFoot,15792,Fiorentina,Napoli,0,2,2021-05-16 10:30:00,,Standard
1125,428947,17,MissedShots,0.745999984741211,0.6580000305175782,0.01856219954788685,Cristiano Biraghi,h,1164,SetPiece,2021,LeftFoot,16770,Fiorentina,Torino,2,1,2021-08-28 18:45:00,Erick Pulgar,Pass
1126,431152,9,MissedShots,0.7430000305175781,0.6990000152587891,0.015397200360894203,Cristiano Biraghi,a,1164,OpenPlay,2021,LeftFoot,16787,Genoa,Fiorentina,1,2,2021-09-18 13:00:00,Lucas Martínez Quarta,Pass
1127,431153,16,SavedShot,0.799000015258789,0.40400001525878904,0.10605999827384949,Cristiano Biraghi,a,1164,DirectFreekick,2021,LeftFoot,16787,Genoa,Fiorentina,1,2,2021-09-18 13:00:00,,Standard
1128,431166,50,MissedShots,0.9869999694824219,0.605,0.27272099256515503,Cristiano Biraghi,a,1164,OpenPlay,2021,LeftFoot,16787,Genoa,Fiorentina,1,2,2021-09-18 13:00:00,José Callejón,Cross
1129,432414,1,MissedShots,0.7830000305175782,0.6659999847412109,0.020323200151324272,Cristiano Biraghi,h,1164,OpenPlay,2021,LeftFoot,16799,Fiorentina,Inter,1,3,2021-09-21 18:45:00,,None
1130,432418,11,SavedShot,0.895,0.73,0.039032600820064545,Cristiano Biraghi,h,1164,OpenPlay,2021,LeftFoot,16799,Fiorentina,Inter,1,3,2021-09-21 18:45:00,Dusan Vlahovic,Pass
1131,438218,20,Goal,0.885,0.5,0.7612990140914917,Cristiano Biraghi,h,1164,Penalty,2021,LeftFoot,16838,Fiorentina,Cagliari,3,0,2021-10-24 13:00:00,,Standard
1132,440123,22,MissedShots,0.7119999694824218,0.725999984741211,0.030533600598573685,Cristiano Biraghi,h,1164,DirectFreekick,2021,LeftFoot,16858,Fiorentina,Spezia,3,0,2021-10-31 14:00:00,,Standard
1133,440144,80,MissedShots,0.9469999694824218,0.735999984741211,0.06444340199232101,Cristiano Biraghi,h,1164,OpenPlay,2021,LeftFoot,16858,Fiorentina,Spezia,3,0,2021-10-31 14:00:00,Dusan Vlahovic,Pass
1134,443850,4,SavedShot,0.695,0.6930000305175781,0.013113100081682205,Cristiano Biraghi,a,1164,SetPiece,2021,LeftFoot,16887,Empoli,Fiorentina,2,1,2021-11-27 14:00:00,Lucas Torreira,Pass
1135,443879,94,BlockedShot,0.7430000305175781,0.385,0.019037699326872826,Cristiano Biraghi,a,1164,SetPiece,2021,LeftFoot,16887,Empoli,Fiorentina,2,1,2021-11-27 14:00:00,José Callejón,Pass
1136,445070,4,MissedShots,0.735999984741211,0.37099998474121093,0.0470953993499279,Cristiano Biraghi,h,1164,DirectFreekick,2021,LeftFoot,16898,Fiorentina,Sampdoria,3,1,2021-11-30 17:30:00,,Standard
1137,446564,50,Goal,0.7569999694824219,0.33299999237060546,0.05183339864015579,Cristiano Biraghi,a,1164,DirectFreekick,2021,LeftFoot,16906,Bologna,Fiorentina,2,3,2021-12-05 11:30:00,,Standard
1138,447508,16,BlockedShot,0.7619999694824219,0.48400001525878905,0.07550779730081558,Cristiano Biraghi,h,1164,DirectFreekick,2021,LeftFoot,16916,Fiorentina,Salernitana,4,0,2021-12-11 14:00:00,,Standard
1139,447520,44,SavedShot,0.9340000152587891,0.555,0.49700701236724854,Cristiano Biraghi,h,1164,OpenPlay,2021,RightFoot,16916,Fiorentina,Salernitana,4,0,2021-12-11 14:00:00,,Rebound
1140,452887,38,MissedShots,0.7380000305175781,0.5690000152587891,0.01650010049343109,Cristiano Biraghi,a,1164,OpenPlay,2021,LeftFoot,16963,Torino,Fiorentina,4,0,2022-01-10 16:00:00,Giacomo Bonaventura,Pass
1141,452889,49,BlockedShot,0.764000015258789,0.6140000152587891,0.019065599888563156,Cristiano Biraghi,a,1164,OpenPlay,2021,LeftFoot,16963,Torino,Fiorentina,4,0,2022-01-10 16:00:00,Álvaro Odriozola,Pass
1142,453932,2,BlockedShot,0.6659999847412109,0.5609999847412109,0.01462860032916069,Cristiano Biraghi,h,1164,FromCorner,2021,LeftFoot,16968,Fiorentina,Genoa,6,0,2022-01-17 19:45:00,Lucas Torreira,Pass
1143,453948,41,Goal,0.7319999694824219,0.41900001525878905,0.049767401069402695,Cristiano Biraghi,h,1164,DirectFreekick,2021,LeftFoot,16968,Fiorentina,Genoa,6,0,2022-01-17 19:45:00,,Standard
1144,453953,68,Goal,0.75,0.5459999847412109,0.06374169886112213,Cristiano Biraghi,h,1164,DirectFreekick,2021,LeftFoot,16968,Fiorentina,Genoa,6,0,2022-01-17 19:45:00,,Standard
1145,454874,7,SavedShot,0.885,0.5,0.7612990140914917,Cristiano Biraghi,a,1164,Penalty,2021,LeftFoot,16976,Cagliari,Fiorentina,1,1,2022-01-23 11:30:00,,Standard
1146,455990,80,OwnGoal,0.017000000476837158,0.4929999923706055,0,Cristiano Biraghi,h,1164,OpenPlay,2021,RightFoot,16988,Fiorentina,Lazio,0,3,2022-02-05 19:45:00,,BallTouch
1147,457863,49,BlockedShot,0.7440000152587891,0.705,0.04071509838104248,Cristiano Biraghi,a,1164,DirectFreekick,2021,LeftFoot,17004,Spezia,Fiorentina,1,2,2022-02-14 19:45:00,,Standard
1148,457866,60,MissedShots,0.7440000152587891,0.34900001525878904,0.022409500554203987,Cristiano Biraghi,a,1164,FromCorner,2021,LeftFoot,17004,Spezia,Fiorentina,1,2,2022-02-14 19:45:00,Sofyan Amrabat,Pass
1149,457874,86,ShotOnPost,0.91,0.6990000152587891,0.05121690034866333,Cristiano Biraghi,a,1164,OpenPlay,2021,LeftFoot,17004,Spezia,Fiorentina,1,2,2022-02-14 19:45:00,Riccardo Saponara,Pass
1150,460057,30,BlockedShot,0.9440000152587891,0.655,0.058076899498701096,Cristiano Biraghi,a,1164,OpenPlay,2021,LeftFoot,17023,Sassuolo,Fiorentina,2,1,2022-02-26 19:45:00,,None
1151,460069,72,SavedShot,0.7240000152587891,0.4879999923706055,0.0486362986266613,Cristiano Biraghi,a,1164,DirectFreekick,2021,LeftFoot,17023,Sassuolo,Fiorentina,2,1,2022-02-26 19:45:00,,Standard
1152,460070,76,SavedShot,0.8069999694824219,0.27100000381469724,0.062020398676395416,Cristiano Biraghi,a,1164,DirectFreekick,2021,LeftFoot,17023,Sassuolo,Fiorentina,2,1,2022-02-26 19:45:00,,Standard
1153,462828,35,SavedShot,0.825999984741211,0.17899999618530274,0.04358600080013275,Cristiano Biraghi,h,1164,DirectFreekick,2021,LeftFoot,17037,Fiorentina,Bologna,1,0,2022-03-13 11:30:00,,Standard
1154,462831,42,SavedShot,0.8319999694824218,0.615,0.04972359910607338,Cristiano Biraghi,h,1164,OpenPlay,2021,LeftFoot,17037,Fiorentina,Bologna,1,0,2022-03-13 11:30:00,,None
1155,464100,28,MissedShots,0.8090000152587891,0.7519999694824219,0.01609569974243641,Cristiano Biraghi,a,1164,OpenPlay,2021,LeftFoot,17050,Inter,Fiorentina,1,1,2022-03-19 17:00:00,Alfred Duncan,Pass
1156,464108,41,MissedShots,0.830999984741211,0.7180000305175781,0.027763299643993378,Cristiano Biraghi,a,1164,OpenPlay,2021,RightFoot,17050,Inter,Fiorentina,1,1,2022-03-19 17:00:00,Igor Julio,Pass
1157,465554,8,SavedShot,0.75,0.38599998474121094,0.01934790052473545,Cristiano Biraghi,h,1164,SetPiece,2021,LeftFoot,17057,Fiorentina,Empoli,1,0,2022-04-03 10:30:00,Gaetano Castrovilli,Pass
1158,467173,16,SavedShot,0.875,0.7769999694824219,0.025473399087786674,Cristiano Biraghi,a,1164,OpenPlay,2021,LeftFoot,17071,Napoli,Fiorentina,2,3,2022-04-10 13:00:00,Nicolás González,Pass
1159,468268,66,SavedShot,0.865999984741211,0.715999984741211,0.045824699103832245,Cristiano Biraghi,h,1164,OpenPlay,2021,RightFoot,17078,Fiorentina,Venezia,1,0,2022-04-16 14:30:00,Lucas Torreira,Pass
1160,468270,77,SavedShot,0.735999984741211,0.24,0.03239399939775467,Cristiano Biraghi,h,1164,DirectFreekick,2021,LeftFoot,17078,Fiorentina,Venezia,1,0,2022-04-16 14:30:00,,Standard
1161,471034,42,MissedShots,0.8640000152587891,0.6940000152587891,0.02201469987630844,Cristiano Biraghi,h,1164,OpenPlay,2021,LeftFoot,16948,Fiorentina,Udinese,0,4,2022-04-27 16:00:00,Álvaro Odriozola,Cross
1162,471054,88,BlockedShot,0.69,0.49700000762939456,0.0349235013127327,Cristiano Biraghi,h,1164,DirectFreekick,2021,LeftFoot,16948,Fiorentina,Udinese,0,4,2022-04-27 16:00:00,,Standard
1163,474964,61,SavedShot,0.7469999694824219,0.47099998474121096,0.0624862015247345,Cristiano Biraghi,h,1164,DirectFreekick,2021,LeftFoot,17106,Fiorentina,Roma,2,0,2022-05-09 18:45:00,,Standard
1164,481104,9,BlockedShot,0.6840000152587891,0.6359999847412109,0.009896679781377316,Cristiano Biraghi,h,1164,SetPiece,2022,LeftFoot,18587,Fiorentina,Cremonese,3,2,2022-08-14 16:30:00,,Rebound
1165,481133,79,SavedShot,0.7280000305175781,0.35700000762939454,0.04219049960374832,Cristiano Biraghi,h,1164,DirectFreekick,2022,LeftFoot,18587,Fiorentina,Cremonese,3,2,2022-08-14 16:30:00,,Standard
1166,482662,98,MissedShots,0.875,0.6909999847412109,0.037060800939798355,Cristiano Biraghi,a,1164,OpenPlay,2022,LeftFoot,18597,Empoli,Fiorentina,0,0,2022-08-21 16:30:00,,Rebound
1167,489275,25,SavedShot,0.885,0.5,0.7612990140914917,Cristiano Biraghi,h,1164,Penalty,2022,LeftFoot,18644,Fiorentina,Verona,2,0,2022-09-18 13:00:00,,Standard
1168,492630,52,BlockedShot,0.8590000152587891,0.16399999618530273,0.04706190153956413,Cristiano Biraghi,h,1164,DirectFreekick,2022,LeftFoot,18664,Fiorentina,Lazio,0,4,2022-10-10 18:45:00,,Standard
1169,492637,79,MissedShots,0.7230000305175781,0.6270000076293946,0.014116199687123299,Cristiano Biraghi,h,1164,OpenPlay,2022,LeftFoot,18664,Fiorentina,Lazio,0,4,2022-10-10 18:45:00,Nicolás González,Pass
1170,494141,61,BlockedShot,0.779000015258789,0.6370000076293946,0.07179509848356247,Cristiano Biraghi,a,1164,DirectFreekick,2022,LeftFoot,18677,Lecce,Fiorentina,1,1,2022-10-17 18:45:00,,Standard
1171,495237,42,MissedShots,0.7369999694824219,0.6480000305175782,0.04532970115542412,Cristiano Biraghi,h,1164,DirectFreekick,2022,LeftFoot,18685,Fiorentina,Inter,3,4,2022-10-22 18:45:00,,Standard
1172,497232,19,BlockedShot,0.7609999847412109,0.6840000152587891,0.022670600563287735,Cristiano Biraghi,a,1164,OpenPlay,2022,LeftFoot,18700,Spezia,Fiorentina,1,2,2022-10-30 14:00:00,Luka Jovic,BallTouch
1173,497251,70,BlockedShot,0.7619999694824219,0.40900001525878904,0.02306630089879036,Cristiano Biraghi,a,1164,SetPiece,2022,LeftFoot,18700,Spezia,Fiorentina,1,2,2022-10-30 14:00:00,Riccardo Saponara,Pass
1174,499561,38,MissedShots,0.745999984741211,0.545,0.028046399354934692,Cristiano Biraghi,h,1164,OpenPlay,2022,LeftFoot,18713,Fiorentina,Salernitana,2,1,2022-11-09 19:45:00,,None
1175,500844,7,ShotOnPost,0.909000015258789,0.66,0.06480489671230316,Cristiano Biraghi,a,1164,OpenPlay,2022,LeftFoot,18727,AC Milan,Fiorentina,2,1,2022-11-13 17:00:00,Antonin Barak,Pass
1176,502387,11,MissedShots,0.87,0.13899999618530273,0.04282600060105324,Cristiano Biraghi,h,1164,DirectFreekick,2022,LeftFoot,18733,Fiorentina,Monza,1,1,2023-01-04 17:30:00,,Standard
1177,502667,22,MissedShots,0.8169999694824219,0.345,0.10079099982976913,Cristiano Biraghi,h,1164,DirectFreekick,2022,LeftFoot,18743,Fiorentina,Sassuolo,2,1,2023-01-07 14:00:00,,Standard
1178,504816,6,MissedShots,0.9230000305175782,0.705,0.051804300397634506,Cristiano Biraghi,h,1164,OpenPlay,2022,LeftFoot,18763,Fiorentina,Torino,0,1,2023-01-21 19:45:00,Riccardo Saponara,TakeOn
1179,511616,88,Goal,0.46700000762939453,0.6940000152587891,0.017284799367189407,Cristiano Biraghi,a,1164,DirectFreekick,2022,LeftFoot,18819,Verona,Fiorentina,0,3,2023-02-27 17:30:00,,Standard
1180,514010,51,BlockedShot,0.8059999847412109,0.20700000762939452,0.04470289871096611,Cristiano Biraghi,a,1164,DirectFreekick,2022,LeftFoot,18833,Cremonese,Fiorentina,0,2,2023-03-12 14:00:00,,Standard
1181,517829,68,SavedShot,0.8069999694824219,0.23299999237060548,0.05118180066347122,Cristiano Biraghi,h,1164,DirectFreekick,2022,LeftFoot,18863,Fiorentina,Spezia,1,1,2023-04-08 12:30:00,,Standard
1182,517830,72,MissedShots,0.725999984741211,0.345,0.04024979844689369,Cristiano Biraghi,h,1164,DirectFreekick,2022,LeftFoot,18863,Fiorentina,Spezia,1,1,2023-04-08 12:30:00,,Standard
1183,520413,72,ShotOnPost,0.805,0.3609999847412109,0.09541550278663635,Cristiano Biraghi,h,1164,DirectFreekick,2022,LeftFoot,18874,Fiorentina,Atalanta,1,1,2023-04-17 18:45:00,,Standard
1184,521430,25,OwnGoal,0.03700000047683716,0.5029999923706054,0,Cristiano Biraghi,a,1164,OpenPlay,2022,RightFoot,18890,Monza,Fiorentina,3,2,2023-04-23 13:00:00,,Save
1185,523479,29,MissedShots,0.750999984741211,0.629000015258789,0.016184167936444283,Cristiano Biraghi,h,1164,OpenPlay,2022,RightFoot,18894,Fiorentina,Sampdoria,5,0,2023-04-30 16:00:00,Riccardo Sottil,Pass
1186,523943,84,Goal,0.879000015258789,0.15,0.04697030782699585,Cristiano Biraghi,a,1164,DirectFreekick,2022,LeftFoot,18909,Salernitana,Fiorentina,3,3,2023-05-03 16:00:00,,Standard
1187,526455,13,MissedShots,0.7930000305175782,0.6819999694824219,0.06892980635166168,Cristiano Biraghi,h,1164,DirectFreekick,2022,LeftFoot,18923,Fiorentina,Udinese,2,0,2023-05-14 13:00:00,,Standard
1188,526466,58,BlockedShot,0.745999984741211,0.3970000076293945,0.05540693551301956,Cristiano Biraghi,h,1164,DirectFreekick,2022,LeftFoot,18923,Fiorentina,Udinese,2,0,2023-05-14 13:00:00,,Standard
1189,529213,32,SavedShot,0.8040000152587891,0.7369999694824219,0.058204714208841324,Cristiano Biraghi,h,1164,DirectFreekick,2022,LeftFoot,18943,Fiorentina,Roma,2,1,2023-05-27 16:00:00,,Standard
1190,533560,4,Goal,0.8680000305175781,0.66,0.07289613038301468,Cristiano Biraghi,a,1164,OpenPlay,2023,RightFoot,22308,Genoa,Fiorentina,1,4,2023-08-19 18:45:00,M&#039;Bala Nzola,TakeOn
1191,547657,44,SavedShot,0.795,0.6519999694824219,0.08040480315685272,Cristiano Biraghi,h,1164,DirectFreekick,2023,LeftFoot,22408,Fiorentina,Juventus,0,1,2023-11-05 19:45:00,,Standard
1192,547671,82,BlockedShot,0.769000015258789,0.6659999847412109,0.020607659593224525,Cristiano Biraghi,h,1164,OpenPlay,2023,LeftFoot,22408,Fiorentina,Juventus,0,1,2023-11-05 19:45:00,Nicolás González,Pass
1193,548793,27,BlockedShot,0.7040000152587891,0.47299999237060547,0.015305491164326668,Cristiano Biraghi,h,1164,SetPiece,2023,LeftFoot,22420,Fiorentina,Bologna,2,1,2023-11-12 14:00:00,Arthur,Pass
1194,550018,57,BlockedShot,0.8159999847412109,0.4570000076293945,0.1589944064617157,Cristiano Biraghi,a,1164,DirectFreekick,2023,LeftFoot,22433,AC Milan,Fiorentina,1,0,2023-11-25 19:45:00,,Standard
1195,551786,30,MissedShots,0.77,0.7140000152587891,0.024256745353341103,Cristiano Biraghi,h,1164,OpenPlay,2023,LeftFoot,22435,Fiorentina,Salernitana,3,0,2023-12-03 14:00:00,Arthur,Pass
1196,553764,37,MissedShots,0.7180000305175781,0.624000015258789,0.04009578004479408,Cristiano Biraghi,a,1164,DirectFreekick,2023,LeftFoot,22453,Roma,Fiorentina,1,1,2023-12-10 19:45:00,,Standard
1197,556069,72,BlockedShot,0.7340000152587891,0.5409999847412109,0.05341638997197151,Cristiano Biraghi,a,1164,DirectFreekick,2023,LeftFoot,22471,Monza,Fiorentina,0,1,2023-12-22 19:45:00,,Standard
1198,556792,71,SavedShot,0.6859999847412109,0.5990000152587891,0.009595455601811409,Cristiano Biraghi,h,1164,OpenPlay,2023,RightFoot,22477,Fiorentina,Torino,1,0,2023-12-29 17:30:00,,None
1199,558685,56,MissedShots,0.8780000305175781,0.5359999847412109,0.04454370588064194,Cristiano Biraghi,h,1164,OpenPlay,2023,Head,22496,Fiorentina,Udinese,2,2,2024-01-14 17:00:00,Josip Brekalo,Cross
1200,563464,67,SavedShot,0.7830000305175782,0.48400001525878905,0.10018983483314514,Cristiano Biraghi,a,1164,DirectFreekick,2023,LeftFoot,22505,Bologna,Fiorentina,2,0,2024-02-14 18:00:00,,Standard
1201,563474,92,BlockedShot,0.7430000305175781,0.555,0.013064168393611908,Cristiano Biraghi,a,1164,SetPiece,2023,LeftFoot,22505,Bologna,Fiorentina,2,0,2024-02-14 18:00:00,,None
1202,568906,79,SavedShot,0.885,0.5,0.7612988352775574,Cristiano Biraghi,h,1164,Penalty,2023,LeftFoot,22577,Fiorentina,Roma,2,2,2024-03-10 19:45:00,,Standard
1203,573181,40,MissedShots,0.6719999694824219,0.40900001525878904,0.009757742285728455,Cristiano Biraghi,a,1164,SetPiece,2023,LeftFoot,22605,Juventus,Fiorentina,1,0,2024-04-07 18:45:00,,BallTouch
1204,581382,25,MissedShots,0.75,0.66,0.015238727442920208,Cristiano Biraghi,h,1164,OpenPlay,2023,LeftFoot,22666,Fiorentina,Napoli,2,2,2024-05-17 16:00:00,,None
1205,581385,39,Goal,0.7769999694824219,0.4209999847412109,0.08367735892534256,Cristiano Biraghi,h,1164,DirectFreekick,2023,LeftFoot,22666,Fiorentina,Napoli,2,2,2024-05-17 16:00:00,,Standard
1206,581392,52,BlockedShot,0.7390000152587891,0.28600000381469726,0.03802008181810379,Cristiano Biraghi,h,1164,DirectFreekick,2023,LeftFoot,22666,Fiorentina,Napoli,2,2,2024-05-17 16:00:00,,Standard
1207,584958,24,SavedShot,0.830999984741211,0.7230000305175781,0.025421597063541412,Cristiano Biraghi,a,1164,OpenPlay,2024,LeftFoot,27363,Parma Calcio 1913,Fiorentina,1,1,2024-08-17 16:30:00,Sofyan Amrabat,Pass
1208,584974,74,Goal,0.9169999694824219,0.19700000762939454,0.06949932873249054,Cristiano Biraghi,a,1164,DirectFreekick,2024,LeftFoot,27363,Parma Calcio 1913,Fiorentina,1,1,2024-08-17 16:30:00,,Standard
1209,586904,62,MissedShots,0.889000015258789,0.11899999618530273,0.04087194427847862,Cristiano Biraghi,h,1164,DirectFreekick,2024,LeftFoot,27376,Fiorentina,Venezia,0,0,2024-08-25 16:30:00,,Standard
1210,586910,88,MissedShots,0.7030000305175781,0.6880000305175781,0.011529176495969296,Cristiano Biraghi,h,1164,OpenPlay,2024,LeftFoot,27376,Fiorentina,Venezia,0,0,2024-08-25 16:30:00,Lucas Martínez Quarta,Pass
1211,600587,86,MissedShots,0.725999984741211,0.3390000152587891,0.039657868444919586,Cristiano Biraghi,a,1164,DirectFreekick,2024,LeftFoot,27470,Torino,Fiorentina,0,1,2024-11-03 14:00:00,,Standard
1212,385371,56,BlockedShot,0.850999984741211,0.5620000076293945,0.05726290121674538,Lucas Martínez Quarta,a,9019,FromCorner,2020,LeftFoot,15480,Roma,Fiorentina,2,0,2020-11-01 17:00:00,,None
1213,397257,27,BlockedShot,0.8719999694824219,0.3940000152587891,0.01173780020326376,Lucas Martínez Quarta,a,9019,FromCorner,2020,Head,15580,Lazio,Fiorentina,2,1,2021-01-06 14:00:00,Cristiano Biraghi,Aerial
1214,397261,46,MissedShots,0.9290000152587891,0.4759999847412109,0.15580999851226807,Lucas Martínez Quarta,a,9019,FromCorner,2020,Head,15580,Lazio,Fiorentina,2,1,2021-01-06 14:00:00,Cristiano Biraghi,End
1215,397263,60,BlockedShot,0.874000015258789,0.4279999923706055,0.012673200108110905,Lucas Martínez Quarta,a,9019,FromCorner,2020,Head,15580,Lazio,Fiorentina,2,1,2021-01-06 14:00:00,Cristiano Biraghi,Aerial
1216,400626,78,BlockedShot,0.8909999847412109,0.4640000152587891,0.01602119952440262,Lucas Martínez Quarta,h,9019,FromCorner,2020,Head,15607,Fiorentina,Crotone,2,1,2021-01-23 19:45:00,Giacomo Bonaventura,Aerial
1217,402928,4,MissedShots,0.899000015258789,0.4779999923706055,0.020385699346661568,Lucas Martínez Quarta,h,9019,FromCorner,2020,Head,15629,Fiorentina,Inter,0,2,2021-02-05 19:45:00,Cristiano Biraghi,Aerial
1218,402938,40,MissedShots,0.6890000152587891,0.4159999847412109,0.011904099956154823,Lucas Martínez Quarta,h,9019,OpenPlay,2020,RightFoot,15629,Fiorentina,Inter,0,2,2021-02-05 19:45:00,Germán Pezzella,HeadPass
1219,402953,85,BlockedShot,0.855999984741211,0.47200000762939454,0.0728738009929657,Lucas Martínez Quarta,h,9019,OpenPlay,2020,RightFoot,15629,Fiorentina,Inter,0,2,2021-02-05 19:45:00,,Dispossessed
1220,404736,53,ShotOnPost,0.92,0.4779999923706055,0.060047298669815063,Lucas Martínez Quarta,a,9019,SetPiece,2020,Head,15638,Sampdoria,Fiorentina,2,1,2021-02-14 14:00:00,Cristiano Biraghi,Aerial
1221,404745,79,SavedShot,0.779000015258789,0.7230000305175781,0.01781580038368702,Lucas Martínez Quarta,a,9019,OpenPlay,2020,RightFoot,15638,Sampdoria,Fiorentina,2,1,2021-02-14 14:00:00,Gaetano Castrovilli,Pass
1222,407189,45,SavedShot,0.6709999847412109,0.51,0.010995900258421898,Lucas Martínez Quarta,a,9019,OpenPlay,2020,RightFoot,15659,Udinese,Fiorentina,1,0,2021-02-28 14:00:00,,BallRecovery
1223,408040,42,BlockedShot,0.7980000305175782,0.5690000152587891,0.04388739913702011,Lucas Martínez Quarta,h,9019,OpenPlay,2020,RightFoot,15668,Fiorentina,Roma,1,2,2021-03-03 19:45:00,,BallRecovery
1224,408933,27,Goal,0.9269999694824219,0.4929999923706055,0.3624579906463623,Lucas Martínez Quarta,h,9019,FromCorner,2020,Head,15683,Fiorentina,Parma Calcio 1913,3,3,2021-03-07 14:00:00,Erick Pulgar,Cross
1225,408941,89,ShotOnPost,0.875999984741211,0.5990000152587891,0.09713330119848251,Lucas Martínez Quarta,h,9019,OpenPlay,2020,RightFoot,15683,Fiorentina,Parma Calcio 1913,3,3,2021-03-07 14:00:00,Valentin Eysseric,Pass
1226,410044,12,MissedShots,0.95,0.500999984741211,0.5849499702453613,Lucas Martínez Quarta,a,9019,OpenPlay,2020,RightFoot,15687,Benevento,Fiorentina,1,4,2021-03-13 17:00:00,Lorenzo Venuti,Cross
1227,416290,94,SavedShot,0.8480000305175781,0.4370000076293945,0.10180100053548813,Lucas Martínez Quarta,a,9019,OpenPlay,2020,LeftFoot,15739,Verona,Fiorentina,1,2,2021-04-20 18:45:00,Dusan Vlahovic,Pass
1228,423864,87,MissedShots,0.909000015258789,0.5459999847412109,0.06904800236225128,Lucas Martínez Quarta,a,9019,FromCorner,2020,Head,15797,Crotone,Fiorentina,0,0,2021-05-22 18:45:00,Valentin Eysseric,Cross
1229,431165,48,MissedShots,0.9019999694824219,0.5459999847412109,0.019196700304746628,Lucas Martínez Quarta,a,9019,FromCorner,2021,Head,16787,Genoa,Fiorentina,1,2,2021-09-18 13:00:00,Cristiano Biraghi,Aerial
1230,435742,27,Goal,0.9,0.5379999923706055,0.09052480012178421,Lucas Martínez Quarta,h,9019,FromCorner,2021,RightFoot,16819,Fiorentina,Napoli,1,2,2021-10-03 16:00:00,Dusan Vlahovic,Pass
1231,438216,14,MissedShots,0.9,0.47900001525878905,0.249207004904747,Lucas Martínez Quarta,h,9019,SetPiece,2021,Head,16838,Fiorentina,Cagliari,3,0,2021-10-24 13:00:00,Cristiano Biraghi,Cross
1232,438225,39,SavedShot,0.845,0.4759999847412109,0.01260400004684925,Lucas Martínez Quarta,h,9019,FromCorner,2021,Head,16838,Fiorentina,Cagliari,3,0,2021-10-24 13:00:00,Cristiano Biraghi,Cross
1233,439125,22,MissedShots,0.93,0.4179999923706055,0.07274939864873886,Lucas Martínez Quarta,a,9019,FromCorner,2021,Head,16849,Lazio,Fiorentina,1,0,2021-10-27 18:45:00,Alfred Duncan,Cross
1234,439127,28,SavedShot,0.9169999694824219,0.6079999923706054,0.01351580023765564,Lucas Martínez Quarta,a,9019,FromCorner,2021,Head,16849,Lazio,Fiorentina,1,0,2021-10-27 18:45:00,Lorenzo Venuti,Aerial
1235,439134,61,MissedShots,0.955,0.40299999237060546,0.08836670219898224,Lucas Martínez Quarta,a,9019,SetPiece,2021,Head,16849,Lazio,Fiorentina,1,0,2021-10-27 18:45:00,Cristiano Biraghi,Cross
1236,443858,30,MissedShots,0.8969999694824219,0.5520000076293945,0.08070570230484009,Lucas Martínez Quarta,a,9019,FromCorner,2021,RightFoot,16887,Empoli,Fiorentina,2,1,2021-11-27 14:00:00,José Callejón,Pass
1237,447521,45,SavedShot,0.9019999694824219,0.62,0.03656600043177605,Lucas Martínez Quarta,h,9019,SetPiece,2021,Head,16916,Fiorentina,Salernitana,4,0,2021-12-11 14:00:00,José Callejón,Chipped
1238,449644,26,MissedShots,0.914000015258789,0.4570000076293945,0.05744810029864311,Lucas Martínez Quarta,h,9019,OpenPlay,2021,Head,16929,Fiorentina,Sassuolo,2,2,2021-12-19 11:30:00,,Aerial
1239,449646,30,MissedShots,0.769000015258789,0.40599998474121096,0.028620000928640366,Lucas Martínez Quarta,h,9019,OpenPlay,2021,RightFoot,16929,Fiorentina,Sassuolo,2,2,2021-12-19 11:30:00,,TakeOn
1240,449655,47,BlockedShot,0.909000015258789,0.5509999847412109,0.06438189744949341,Lucas Martínez Quarta,h,9019,FromCorner,2021,Head,16929,Fiorentina,Sassuolo,2,2,2021-12-19 11:30:00,José Callejón,Cross
1241,460071,77,MissedShots,0.91,0.5459999847412109,0.02431979961693287,Lucas Martínez Quarta,a,9019,FromCorner,2021,Head,17023,Sassuolo,Fiorentina,2,1,2022-02-26 19:45:00,Cristiano Biraghi,Aerial
1242,471029,31,MissedShots,0.9130000305175782,0.4759999847412109,0.03502529859542847,Lucas Martínez Quarta,h,9019,FromCorner,2021,Head,16948,Fiorentina,Udinese,0,4,2022-04-27 16:00:00,Cristiano Biraghi,Aerial
1243,471042,55,MissedShots,0.9540000152587891,0.5259999847412109,0.4585239887237549,Lucas Martínez Quarta,h,9019,FromCorner,2021,Head,16948,Fiorentina,Udinese,0,4,2022-04-27 16:00:00,Álvaro Odriozola,Cross
1244,472127,85,MissedShots,0.794000015258789,0.4859999847412109,0.04351929947733879,Lucas Martínez Quarta,a,9019,OpenPlay,2021,RightFoot,17100,AC Milan,Fiorentina,1,0,2022-05-01 13:00:00,Arthur Cabral,HeadPass
1245,482659,90,MissedShots,0.7369999694824219,0.645,0.01899459958076477,Lucas Martínez Quarta,a,9019,OpenPlay,2022,RightFoot,18597,Empoli,Fiorentina,0,0,2022-08-21 16:30:00,Nikola Milenkovic,Pass
1246,484969,32,SavedShot,0.909000015258789,0.534000015258789,0.07283899933099747,Lucas Martínez Quarta,a,9019,FromCorner,2022,Head,18617,Udinese,Fiorentina,1,0,2022-08-31 16:30:00,Rolando Mandragora,Cross
1247,484972,39,BlockedShot,0.909000015258789,0.46599998474121096,0.02670319937169552,Lucas Martínez Quarta,a,9019,FromCorner,2022,Head,18617,Udinese,Fiorentina,1,0,2022-08-31 16:30:00,Rolando Mandragora,Aerial
1248,487979,23,SavedShot,0.86,0.4490000152587891,0.026105200871825218,Lucas Martínez Quarta,a,9019,SetPiece,2022,Head,18633,Bologna,Fiorentina,2,1,2022-09-11 13:00:00,Cristiano Biraghi,Cross
1249,487987,53,Goal,0.9669999694824218,0.48700000762939455,0.5762400031089783,Lucas Martínez Quarta,a,9019,FromCorner,2022,RightFoot,18633,Bologna,Fiorentina,2,1,2022-09-11 13:00:00,Riccardo Saponara,Cross
1250,487993,74,MissedShots,0.9119999694824219,0.5579999923706055,0.024432199075818062,Lucas Martínez Quarta,a,9019,FromCorner,2022,Head,18633,Bologna,Fiorentina,2,1,2022-09-11 13:00:00,Sofyan Amrabat,Aerial
1251,489279,30,SavedShot,0.9080000305175782,0.37,0.011667300015687943,Lucas Martínez Quarta,h,9019,FromCorner,2022,Head,18644,Fiorentina,Verona,2,0,2022-09-18 13:00:00,Cristiano Biraghi,Aerial
1252,491010,75,BlockedShot,0.8930000305175781,0.5609999847412109,0.03684369847178459,Lucas Martínez Quarta,a,9019,FromCorner,2022,Head,18652,Atalanta,Fiorentina,1,0,2022-10-02 16:00:00,Cristiano Biraghi,Cross
1253,492624,45,SavedShot,0.9209999847412109,0.53,0.044187501072883606,Lucas Martínez Quarta,h,9019,FromCorner,2022,Head,18664,Fiorentina,Lazio,0,4,2022-10-10 18:45:00,Luka Jovic,Aerial
1254,494142,61,BlockedShot,0.9169999694824219,0.515,0.042427100241184235,Lucas Martínez Quarta,a,9019,FromCorner,2022,Head,18677,Lecce,Fiorentina,1,1,2022-10-17 18:45:00,Nikola Milenkovic,Aerial
1255,494144,70,SavedShot,0.7090000152587891,0.6759999847412109,0.011149900034070015,Lucas Martínez Quarta,a,9019,OpenPlay,2022,RightFoot,18677,Lecce,Fiorentina,1,1,2022-10-17 18:45:00,Cristiano Biraghi,Pass
1256,497238,37,MissedShots,0.895,0.41200000762939454,0.014160599559545517,Lucas Martínez Quarta,a,9019,SetPiece,2022,Head,18700,Spezia,Fiorentina,1,2,2022-10-30 14:00:00,,Rebound
1257,502400,50,MissedShots,0.8869999694824219,0.5170000076293946,0.04200569912791252,Lucas Martínez Quarta,h,9019,FromCorner,2022,Head,18733,Fiorentina,Monza,1,1,2023-01-04 17:30:00,Cristiano Biraghi,Cross
1258,502404,64,MissedShots,0.9169999694824219,0.5259999847412109,0.12224499881267548,Lucas Martínez Quarta,h,9019,SetPiece,2022,Head,18733,Fiorentina,Monza,1,1,2023-01-04 17:30:00,Cristiano Biraghi,Cross
1259,502411,80,SavedShot,0.955999984741211,0.47400001525878904,0.12951000034809113,Lucas Martínez Quarta,h,9019,OpenPlay,2022,Head,18733,Fiorentina,Monza,1,1,2023-01-04 17:30:00,Cristiano Biraghi,Pass
1260,502414,89,SavedShot,0.8580000305175781,0.5070000076293946,0.18943899869918823,Lucas Martínez Quarta,h,9019,OpenPlay,2022,Head,18733,Fiorentina,Monza,1,1,2023-01-04 17:30:00,Cristiano Biraghi,Chipped
1261,507827,92,BlockedShot,0.9,0.7,0.03501550108194351,Lucas Martínez Quarta,h,9019,SetPiece,2022,RightFoot,18783,Fiorentina,Bologna,1,2,2023-02-05 17:00:00,Sofyan Amrabat,Pass
1262,510238,49,BlockedShot,0.9319999694824219,0.49,0.061647601425647736,Lucas Martínez Quarta,h,9019,FromCorner,2022,Head,18803,Fiorentina,Empoli,1,1,2023-02-19 14:00:00,Rolando Mandragora,Aerial
1263,510242,66,SavedShot,0.914000015258789,0.549000015258789,0.4455069899559021,Lucas Martínez Quarta,h,9019,SetPiece,2022,RightFoot,18803,Fiorentina,Empoli,1,1,2023-02-19 14:00:00,Nicolás González,HeadPass
1264,510254,92,MissedShots,0.9330000305175781,0.5540000152587891,0.05124710127711296,Lucas Martínez Quarta,h,9019,FromCorner,2022,Head,18803,Fiorentina,Empoli,1,1,2023-02-19 14:00:00,Jonathan Ikone,Aerial
1265,510256,95,MissedShots,0.870999984741211,0.46700000762939453,0.013109300285577774,Lucas Martínez Quarta,h,9019,FromCorner,2022,Head,18803,Fiorentina,Empoli,1,1,2023-02-19 14:00:00,Rolando Mandragora,Aerial
1266,514007,35,MissedShots,0.9259999847412109,0.5529999923706055,0.03854979947209358,Lucas Martínez Quarta,a,9019,FromCorner,2022,Head,18833,Cremonese,Fiorentina,0,2,2023-03-12 14:00:00,Cristiano Biraghi,Aerial
1267,516498,35,MissedShots,0.794000015258789,0.595999984741211,0.03413550183176994,Lucas Martínez Quarta,a,9019,OpenPlay,2022,LeftFoot,18855,Inter,Fiorentina,0,1,2023-04-01 16:00:00,,None
1268,517814,14,MissedShots,0.7090000152587891,0.620999984741211,0.013621300458908081,Lucas Martínez Quarta,h,9019,OpenPlay,2022,RightFoot,18863,Fiorentina,Spezia,1,1,2023-04-08 12:30:00,Cristiano Biraghi,Pass
1269,517821,54,SavedShot,0.9009999847412109,0.5209999847412109,0.07928819954395294,Lucas Martínez Quarta,h,9019,OpenPlay,2022,Head,18863,Fiorentina,Spezia,1,1,2023-04-08 12:30:00,Dodô,Cross
1270,517833,93,MissedShots,0.7090000152587891,0.515,0.014996900223195553,Lucas Martínez Quarta,h,9019,OpenPlay,2022,RightFoot,18863,Fiorentina,Spezia,1,1,2023-04-08 12:30:00,Josip Brekalo,Pass
1271,520396,1,MissedShots,0.9169999694824219,0.4520000076293945,0.04969630017876625,Lucas Martínez Quarta,h,9019,SetPiece,2022,Head,18874,Fiorentina,Atalanta,1,1,2023-04-17 18:45:00,Rolando Mandragora,Aerial
1272,530294,53,MissedShots,0.9109999847412109,0.4570000076293945,0.24825172126293182,Lucas Martínez Quarta,a,9019,FromCorner,2022,Head,18959,Sassuolo,Fiorentina,1,3,2023-06-02 18:30:00,Alfred Duncan,Cross
1273,538454,38,SavedShot,0.8859999847412109,0.6569999694824219,0.0713634118437767,Lucas Martínez Quarta,h,9019,OpenPlay,2023,LeftFoot,22341,Fiorentina,Atalanta,3,2,2023-09-17 16:00:00,Alfred Duncan,Pass
1274,538457,44,Goal,0.899000015258789,0.5120000076293946,0.09469743072986603,Lucas Martínez Quarta,h,9019,OpenPlay,2023,Head,22341,Fiorentina,Atalanta,3,2,2023-09-17 16:00:00,Alfred Duncan,Cross
1275,538464,65,BlockedShot,0.9080000305175782,0.4779999923706055,0.04759667441248894,Lucas Martínez Quarta,h,9019,SetPiece,2023,Head,22341,Fiorentina,Atalanta,3,2,2023-09-17 16:00:00,Dodô,Aerial
1276,539764,31,Goal,0.8780000305175781,0.4109999847412109,0.07196582853794098,Lucas Martínez Quarta,a,9019,OpenPlay,2023,RightFoot,22349,Udinese,Fiorentina,0,2,2023-09-24 13:00:00,Giacomo Bonaventura,Chipped
1277,543496,4,BlockedShot,0.9119999694824219,0.5179999923706055,0.09755431860685349,Lucas Martínez Quarta,a,9019,SetPiece,2023,RightFoot,22384,Napoli,Fiorentina,1,3,2023-10-08 18:45:00,Nikola Milenkovic,HeadPass
1278,543499,6,ShotOnPost,0.91,0.5209999847412109,0.10401882976293564,Lucas Martínez Quarta,a,9019,OpenPlay,2023,RightFoot,22384,Napoli,Fiorentina,1,3,2023-10-08 18:45:00,Giacomo Bonaventura,Cross
1279,545011,17,MissedShots,0.9069999694824219,0.524000015258789,0.09630683064460754,Lucas Martínez Quarta,h,9019,SetPiece,2023,RightFoot,22389,Fiorentina,Empoli,0,2,2023-10-23 18:45:00,M&#039;Bala Nzola,HeadPass
1280,547665,64,BlockedShot,0.8780000305175781,0.5540000152587891,0.09544038772583008,Lucas Martínez Quarta,h,9019,OpenPlay,2023,RightFoot,22408,Fiorentina,Juventus,0,1,2023-11-05 19:45:00,M&#039;Bala Nzola,Pass
1281,553770,58,BlockedShot,0.915,0.5640000152587891,0.03865960240364075,Lucas Martínez Quarta,a,9019,SetPiece,2023,Head,22453,Roma,Fiorentina,1,1,2023-12-10 19:45:00,Arthur,Aerial
1282,553773,65,Goal,0.9159999847412109,0.5470000076293945,0.11310344934463501,Lucas Martínez Quarta,a,9019,SetPiece,2023,Head,22453,Roma,Fiorentina,1,1,2023-12-10 19:45:00,Christian Kouamé,Cross
1283,553776,81,SavedShot,0.9119999694824219,0.49,0.03505329787731171,Lucas Martínez Quarta,a,9019,FromCorner,2023,Head,22453,Roma,Fiorentina,1,1,2023-12-10 19:45:00,Cristiano Biraghi,Aerial
1284,557639,96,BlockedShot,0.905,0.5109999847412109,0.03686084970831871,Lucas Martínez Quarta,a,9019,OpenPlay,2023,Head,22490,Sassuolo,Fiorentina,1,0,2024-01-06 19:45:00,Cristiano Biraghi,Aerial
1285,560411,17,MissedShots,0.9830000305175781,0.4109999847412109,0.05893395096063614,Lucas Martínez Quarta,h,9019,FromCorner,2023,LeftFoot,22522,Fiorentina,Inter,0,1,2024-01-28 19:45:00,Alfred Duncan,Cross
1286,562820,11,MissedShots,0.9540000152587891,0.519000015258789,0.09274543821811676,Lucas Martínez Quarta,h,9019,FromCorner,2023,Head,22537,Fiorentina,Frosinone,5,1,2024-02-11 11:30:00,,None
1287,562832,42,Goal,0.914000015258789,0.47400001525878904,0.08526691794395447,Lucas Martínez Quarta,h,9019,FromCorner,2023,Head,22537,Fiorentina,Frosinone,5,1,2024-02-11 11:30:00,Cristiano Biraghi,Cross
1288,564313,42,ShotOnPost,0.9540000152587891,0.4640000152587891,0.5100498199462891,Lucas Martínez Quarta,a,9019,SetPiece,2023,Head,22553,Empoli,Fiorentina,1,1,2024-02-18 14:00:00,Cristiano Biraghi,Cross
1289,571017,38,BlockedShot,0.9159999847412109,0.42700000762939455,0.08717332780361176,Lucas Martínez Quarta,h,9019,SetPiece,2023,RightFoot,22601,Fiorentina,AC Milan,1,2,2024-03-30 19:45:00,Nikola Milenkovic,HeadPass
1290,574528,18,MissedShots,0.860999984741211,0.4490000152587891,0.057656180113554,Lucas Martínez Quarta,h,9019,OpenPlay,2023,LeftFoot,22623,Fiorentina,Genoa,1,1,2024-04-15 16:30:00,Fabiano Parisi,Cross
1291,574545,74,BlockedShot,0.9459999847412109,0.43599998474121093,0.0751679539680481,Lucas Martínez Quarta,h,9019,OpenPlay,2023,Head,22623,Fiorentina,Genoa,1,1,2024-04-15 16:30:00,Nicolás González,Aerial
1292,574548,81,MissedShots,0.874000015258789,0.37599998474121094,0.016887623816728592,Lucas Martínez Quarta,h,9019,SetPiece,2023,Head,22623,Fiorentina,Genoa,1,1,2024-04-15 16:30:00,Rolando Mandragora,Cross
1293,577741,50,MissedShots,0.885,0.5790000152587891,0.07535098493099213,Lucas Martínez Quarta,h,9019,FromCorner,2023,LeftFoot,22643,Fiorentina,Sassuolo,5,1,2024-04-28 18:45:00,,None
1294,577744,53,Goal,0.9180000305175782,0.5559999847412109,0.08238561451435089,Lucas Martínez Quarta,h,9019,FromCorner,2023,Head,22643,Fiorentina,Sassuolo,5,1,2024-04-28 18:45:00,Arthur,Cross
1295,580863,46,MissedShots,0.9630000305175781,0.54,0.5493179559707642,Lucas Martínez Quarta,h,9019,OpenPlay,2023,Head,22656,Fiorentina,Monza,2,1,2024-05-13 18:45:00,Antonin Barak,Cross
1296,582992,81,MissedShots,0.9230000305175782,0.4329999923706055,0.026131276041269302,Lucas Martínez Quarta,a,9019,FromCorner,2023,Head,22676,Cagliari,Fiorentina,2,3,2024-05-24 16:00:00,Cristiano Biraghi,Aerial
1297,584954,9,MissedShots,0.7519999694824219,0.3729999923706055,0.018672769889235497,Lucas Martínez Quarta,a,9019,OpenPlay,2024,RightFoot,27363,Parma Calcio 1913,Fiorentina,1,1,2024-08-17 16:30:00,Christian Kouamé,BallTouch
1298,590229,85,MissedShots,0.9480000305175781,0.515,0.129531592130661,Lucas Martínez Quarta,h,9019,FromCorner,2024,Head,27388,Fiorentina,Monza,2,2,2024-09-01 16:30:00,Cristiano Biraghi,Cross
1299,591380,14,Goal,0.9669999694824218,0.5059999847412109,0.7608193755149841,Lucas Martínez Quarta,a,9019,FromCorner,2024,LeftFoot,27393,Atalanta,Fiorentina,3,2,2024-09-15 13:00:00,,Rebound
1300,458435,83,Goal,0.9109999847412109,0.2570000076293945,0.016656700521707535,Edoardo Bove,h,9518,FromCorner,2021,RightFoot,17011,Roma,Verona,2,2,2022-02-19 17:00:00,,Aerial
1301,484920,83,BlockedShot,0.9019999694824219,0.3340000152587891,0.08584090322256088,Edoardo Bove,h,9518,OpenPlay,2022,RightFoot,18613,Roma,Monza,3,0,2022-08-30 18:45:00,Stephan El Shaarawy,Pass
1302,488325,88,SavedShot,0.885,0.51,0.5562220215797424,Edoardo Bove,a,9518,OpenPlay,2022,RightFoot,18634,Empoli,Roma,1,2,2022-09-12 18:45:00,Mehmet Zeki Çelik,Pass
1303,499313,73,MissedShots,0.9109999847412109,0.3679999923706055,0.018940599635243416,Edoardo Bove,a,9518,OpenPlay,2022,Head,18719,Sassuolo,Roma,1,1,2022-11-09 17:30:00,Nicolo Zaniolo,Cross
1304,506378,87,MissedShots,0.84,0.46900001525878904,0.04291529953479767,Edoardo Bove,a,9518,OpenPlay,2022,RightFoot,18780,Napoli,Roma,2,1,2023-01-29 19:45:00,Andrea Belotti,HeadPass
1305,507299,74,MissedShots,0.8440000152587891,0.6969999694824218,0.04087100178003311,Edoardo Bove,h,9518,OpenPlay,2022,RightFoot,18787,Roma,Empoli,2,0,2023-02-04 17:00:00,Tammy Abraham,Pass
1306,520331,36,Goal,0.9269999694824219,0.37,0.33636799454689026,Edoardo Bove,h,9518,SetPiece,2022,RightFoot,18878,Roma,Udinese,3,0,2023-04-16 18:45:00,,Rebound
1307,529218,46,MissedShots,0.955999984741211,0.40299999237060546,0.06791318953037262,Edoardo Bove,a,9518,FromCorner,2022,RightFoot,18943,Fiorentina,Roma,2,1,2023-05-27 16:00:00,Ola Solbakken,Cross
1308,533900,30,MissedShots,0.720999984741211,0.40599998474121096,0.018816063180565834,Edoardo Bove,h,9518,OpenPlay,2023,RightFoot,22309,Roma,Salernitana,2,2,2023-08-20 16:30:00,Houssem Aouar,Pass
1309,535856,94,MissedShots,0.9680000305175781,0.6129999923706054,0.023350993171334267,Edoardo Bove,h,9518,FromCorner,2023,Head,22326,Roma,AC Milan,1,2,2023-09-01 18:45:00,Chris Smalling,BallTouch
1310,538529,70,SavedShot,0.775,0.5609999847412109,0.02786150388419628,Edoardo Bove,h,9518,OpenPlay,2023,RightFoot,22342,Roma,Empoli,7,0,2023-09-17 18:45:00,,None
1311,540614,82,BlockedShot,0.8469999694824218,0.5590000152587891,0.0734391137957573,Edoardo Bove,a,9518,OpenPlay,2023,RightFoot,22357,Genoa,Roma,4,1,2023-09-28 18:45:00,Houssem Aouar,Pass
1312,541978,58,SavedShot,0.9590000152587891,0.33,0.08812708407640457,Edoardo Bove,h,9518,OpenPlay,2023,RightFoot,22369,Roma,Frosinone,2,0,2023-10-01 18:45:00,Paulo Dybala,Pass
1313,541984,80,MissedShots,0.8390000152587891,0.33299999237060546,0.044716376811265945,Edoardo Bove,h,9518,OpenPlay,2023,RightFoot,22369,Roma,Frosinone,2,0,2023-10-01 18:45:00,Paulo Dybala,Pass
1314,543412,56,BlockedShot,0.8640000152587891,0.34599998474121096,0.040225330740213394,Edoardo Bove,a,9518,FromCorner,2023,RightFoot,22375,Cagliari,Roma,1,4,2023-10-08 16:00:00,,None
1315,544416,33,MissedShots,0.8819999694824219,0.4159999847412109,0.02461690828204155,Edoardo Bove,h,9518,OpenPlay,2023,Head,22394,Roma,Monza,1,0,2023-10-22 10:30:00,Leonardo Spinazzola,Aerial
1316,547592,30,BlockedShot,0.8130000305175781,0.48400001525878905,0.05680490657687187,Edoardo Bove,h,9518,OpenPlay,2023,RightFoot,22412,Roma,Lecce,2,1,2023-11-05 17:00:00,,BallTouch
1317,556405,18,ShotOnPost,0.7819999694824219,0.7240000152587891,0.02486320398747921,Edoardo Bove,h,9518,OpenPlay,2023,RightFoot,22474,Roma,Napoli,2,0,2023-12-23 19:45:00,Romelu Lukaku,Pass
1318,556406,20,SavedShot,0.9569999694824218,0.4809999847412109,0.6567748188972473,Edoardo Bove,h,9518,OpenPlay,2023,RightFoot,22474,Roma,Napoli,2,0,2023-12-23 19:45:00,Andrea Belotti,Pass
1319,556407,25,MissedShots,0.745999984741211,0.43599998474121093,0.013362554833292961,Edoardo Bove,h,9518,SetPiece,2023,RightFoot,22474,Roma,Napoli,2,0,2023-12-23 19:45:00,,None
1320,556417,63,MissedShots,0.7430000305175781,0.3129999923706055,0.01427775714546442,Edoardo Bove,h,9518,OpenPlay,2023,RightFoot,22474,Roma,Napoli,2,0,2023-12-23 19:45:00,,Dispossessed
1321,557745,33,SavedShot,0.9619999694824218,0.4420000076293945,0.09587021917104721,Edoardo Bove,h,9518,SetPiece,2023,RightFoot,22488,Roma,Atalanta,1,1,2024-01-07 19:45:00,,None
1322,563334,59,MissedShots,0.950999984741211,0.5770000076293945,0.13544189929962158,Edoardo Bove,h,9518,OpenPlay,2023,RightFoot,22533,Roma,Cagliari,4,0,2024-02-05 19:45:00,Nicola Zalewski,Cross
1323,562684,82,BlockedShot,0.9290000152587891,0.575,0.1045774295926094,Edoardo Bove,h,9518,OpenPlay,2023,RightFoot,22544,Roma,Inter,2,4,2024-02-10 17:00:00,Tommaso Baldanzi,Pass
1324,580600,54,SavedShot,0.6869999694824219,0.6859999847412109,0.007409295998513699,Edoardo Bove,a,9518,OpenPlay,2023,RightFoot,22655,Atalanta,Roma,2,1,2024-05-12 18:45:00,Angelino,Pass
1325,580609,81,SavedShot,0.8859999847412109,0.6190000152587891,0.05564173683524132,Edoardo Bove,a,9518,OpenPlay,2023,RightFoot,22655,Atalanta,Roma,2,1,2024-05-12 18:45:00,Romelu Lukaku,Cross
1326,582619,25,MissedShots,0.7580000305175781,0.7280000305175781,0.012710006907582283,Edoardo Bove,h,9518,OpenPlay,2023,RightFoot,22672,Roma,Genoa,1,0,2024-05-19 18:45:00,Angelino,Pass
1327,590228,84,BlockedShot,0.9109999847412109,0.3890000152587891,0.0956491008400917,Edoardo Bove,h,9518,OpenPlay,2024,RightFoot,27388,Fiorentina,Monza,2,2,2024-09-01 16:30:00,Jonathan Ikone,Pass
1328,590235,98,MissedShots,0.855999984741211,0.3659999847412109,0.022171925753355026,Edoardo Bove,h,9518,OpenPlay,2024,RightFoot,27388,Fiorentina,Monza,2,2,2024-09-01 16:30:00,,Aerial
1329,592824,8,SavedShot,0.9080000305175782,0.49400001525878906,0.11407338827848434,Edoardo Bove,h,9518,OpenPlay,2024,RightFoot,27404,Fiorentina,Lazio,2,1,2024-09-22 10:30:00,Dodô,Cross
1330,592829,22,MissedShots,0.8719999694824219,0.5629999923706055,0.028249336406588554,Edoardo Bove,h,9518,OpenPlay,2024,Head,27404,Fiorentina,Lazio,2,1,2024-09-22 10:30:00,Dodô,Cross
1331,597542,16,BlockedShot,0.855,0.6509999847412109,0.047504302114248276,Edoardo Bove,a,9518,OpenPlay,2024,RightFoot,27439,Lecce,Fiorentina,0,6,2024-10-20 13:00:00,Dodô,Chipped
1332,599371,45,MissedShots,0.7859999847412109,0.6279999923706054,0.035496510565280914,Edoardo Bove,h,9518,OpenPlay,2024,RightFoot,27445,Fiorentina,Roma,5,1,2024-10-27 19:45:00,,BallRecovery
1333,599373,51,Goal,0.935,0.45299999237060545,0.9195439219474792,Edoardo Bove,h,9518,OpenPlay,2024,RightFoot,27445,Fiorentina,Roma,5,1,2024-10-27 19:45:00,Yacine Adli,TakeOn
1334,436719,88,BlockedShot,0.8009999847412109,0.5979999923706054,0.025943199172616005,Fabiano Parisi,h,9924,FromCorner,2021,LeftFoot,16827,Empoli,Atalanta,1,4,2021-10-17 13:00:00,,None
1335,436720,88,BlockedShot,0.8130000305175781,0.544000015258789,0.0476175993680954,Fabiano Parisi,h,9924,FromCorner,2021,LeftFoot,16827,Empoli,Atalanta,1,4,2021-10-17 13:00:00,,Rebound
1336,439119,86,MissedShots,0.8630000305175781,0.664000015258789,0.037383001297712326,Fabiano Parisi,h,9924,OpenPlay,2021,LeftFoot,16847,Empoli,Inter,0,2,2021-10-27 18:45:00,,None
1337,445735,77,BlockedShot,0.975999984741211,0.6530000305175782,0.04764439910650253,Fabiano Parisi,a,9924,OpenPlay,2021,LeftFoot,16905,Torino,Empoli,2,2,2021-12-02 17:30:00,Nicolas Haas,TakeOn
1338,445737,82,SavedShot,0.7909999847412109,0.72,0.016441399231553078,Fabiano Parisi,a,9924,OpenPlay,2021,LeftFoot,16905,Torino,Empoli,2,2,2021-12-02 17:30:00,,None
1339,448549,57,MissedShots,0.93,0.6830000305175781,0.06269580125808716,Fabiano Parisi,a,9924,OpenPlay,2021,RightFoot,16920,Napoli,Empoli,0,1,2021-12-12 17:00:00,Nedim Bajrami,Pass
1340,449724,69,MissedShots,0.860999984741211,0.68,0.04813230037689209,Fabiano Parisi,a,9924,OpenPlay,2021,LeftFoot,16934,Spezia,Empoli,1,1,2021-12-19 14:00:00,Liam Henderson,TakeOn
1341,456103,29,SavedShot,0.764000015258789,0.7180000305175781,0.01197030022740364,Fabiano Parisi,a,9924,OpenPlay,2021,LeftFoot,16987,Bologna,Empoli,0,0,2022-02-06 14:00:00,Guglielmo Vicario,TakeOn
1342,457557,6,SavedShot,0.7240000152587891,0.6430000305175781,0.014253400266170502,Fabiano Parisi,h,9924,OpenPlay,2021,LeftFoot,16997,Empoli,Cagliari,1,1,2022-02-13 14:00:00,Kristjan Asllani,Pass
1343,457561,33,BlockedShot,0.855999984741211,0.605999984741211,0.05842280015349388,Fabiano Parisi,h,9924,FromCorner,2021,LeftFoot,16997,Empoli,Cagliari,1,1,2022-02-13 14:00:00,,Rebound
1344,459946,83,MissedShots,0.8530000305175781,0.6359999847412109,0.04089510068297386,Fabiano Parisi,h,9924,FromCorner,2021,LeftFoot,17017,Empoli,Juventus,2,3,2022-02-26 17:00:00,,None
1345,461453,51,MissedShots,0.8030000305175782,0.59,0.03378789871931076,Fabiano Parisi,a,9924,SetPiece,2021,LeftFoot,17029,Genoa,Empoli,0,0,2022-03-06 11:30:00,Szymon Zurkowski,Pass
1346,472086,15,BlockedShot,0.749000015258789,0.67,0.017903300002217293,Fabiano Parisi,h,9924,OpenPlay,2021,LeftFoot,17098,Empoli,Torino,1,3,2022-05-01 13:00:00,Sebastiano Luperto,Pass
1347,472104,87,SavedShot,0.5770000076293945,0.9119999694824219,0.007461300119757652,Fabiano Parisi,h,9924,OpenPlay,2021,LeftFoot,17098,Empoli,Torino,1,3,2022-05-01 13:00:00,Leo Stulac,Pass
1348,475530,68,MissedShots,0.8969999694824219,0.525,0.4206070005893707,Fabiano Parisi,h,9924,OpenPlay,2021,LeftFoot,17118,Empoli,Salernitana,1,1,2022-05-14 13:00:00,Filippo Bandinelli,Pass
1349,475532,71,BlockedShot,0.92,0.7119999694824218,0.060135699808597565,Fabiano Parisi,h,9924,OpenPlay,2021,RightFoot,17118,Empoli,Salernitana,1,1,2022-05-14 13:00:00,Filippo Bandinelli,Pass
1350,481212,72,BlockedShot,0.775,0.659000015258789,0.013554699718952179,Fabiano Parisi,a,9924,OpenPlay,2022,LeftFoot,18588,Spezia,Empoli,1,0,2022-08-14 18:45:00,Filippo Bandinelli,HeadPass
1351,484653,21,Goal,0.7969999694824219,0.655,0.06317310035228729,Fabiano Parisi,a,9924,OpenPlay,2022,LeftFoot,18610,Lecce,Empoli,1,1,2022-08-28 18:45:00,,BallRecovery
1352,484654,29,MissedShots,0.675,0.590999984741211,0.013102300465106964,Fabiano Parisi,a,9924,OpenPlay,2022,LeftFoot,18610,Lecce,Empoli,1,1,2022-08-28 18:45:00,,Dispossessed
1353,485019,55,BlockedShot,0.7419999694824219,0.5570000076293945,0.01583700068295002,Fabiano Parisi,h,9924,FromCorner,2022,LeftFoot,18615,Empoli,Verona,1,1,2022-08-31 16:30:00,,None
1354,485020,56,BlockedShot,0.774000015258789,0.6120000076293945,0.026809699833393097,Fabiano Parisi,h,9924,FromCorner,2022,LeftFoot,18615,Empoli,Verona,1,1,2022-08-31 16:30:00,,Rebound
1355,485025,71,BlockedShot,0.9,0.6530000305175782,0.08089839667081833,Fabiano Parisi,h,9924,OpenPlay,2022,LeftFoot,18615,Empoli,Verona,1,1,2022-08-31 16:30:00,Filippo Bandinelli,Pass
1356,490431,67,BlockedShot,0.769000015258789,0.534000015258789,0.02025659941136837,Fabiano Parisi,h,9924,FromCorner,2022,LeftFoot,18653,Empoli,AC Milan,1,3,2022-10-01 18:45:00,,None
1357,494691,32,MissedShots,0.7440000152587891,0.6630000305175782,0.016744699329137802,Fabiano Parisi,a,9924,OpenPlay,2022,LeftFoot,18686,Juventus,Empoli,4,0,2022-10-21 18:45:00,Marko Pjaca,Pass
1358,494697,50,MissedShots,0.8380000305175781,0.6859999847412109,0.03349250182509422,Fabiano Parisi,a,9924,OpenPlay,2022,LeftFoot,18686,Juventus,Empoli,4,0,2022-10-21 18:45:00,,None
1359,497894,23,BlockedShot,0.9130000305175782,0.6930000305175781,0.05239899829030037,Fabiano Parisi,h,9924,OpenPlay,2022,RightFoot,18704,Empoli,Sassuolo,1,0,2022-11-05 14:00:00,Tommaso Baldanzi,None
1360,497904,46,MissedShots,0.935,0.710999984741211,0.04745110124349594,Fabiano Parisi,h,9924,OpenPlay,2022,LeftFoot,18704,Empoli,Sassuolo,1,0,2022-11-05 14:00:00,Razvan Marin,Chipped
1361,499799,87,Goal,0.99,0.4979999923706055,0.9794620275497437,Fabiano Parisi,h,9924,OpenPlay,2022,OtherBodyPart,18724,Empoli,Cremonese,2,0,2022-11-11 19:45:00,,Aerial
1362,502527,47,BlockedShot,0.764000015258789,0.495,0.02116589993238449,Fabiano Parisi,a,9924,FromCorner,2022,LeftFoot,18741,Udinese,Empoli,1,1,2023-01-04 19:45:00,,Tackle
1363,507295,61,MissedShots,0.7130000305175781,0.6029999923706054,0.010678799822926521,Fabiano Parisi,a,9924,OpenPlay,2022,LeftFoot,18787,Roma,Empoli,2,0,2023-02-04 17:00:00,,BallRecovery
1364,511980,50,BlockedShot,0.745999984741211,0.524000015258789,0.021828899160027504,Fabiano Parisi,a,9924,OpenPlay,2022,LeftFoot,18825,Monza,Empoli,2,1,2023-03-04 14:00:00,Razvan Marin,Pass
1365,511982,55,MissedShots,0.725999984741211,0.5329999923706055,0.014546499587595463,Fabiano Parisi,a,9924,FromCorner,2022,LeftFoot,18825,Monza,Empoli,2,1,2023-03-04 14:00:00,,None
1366,523222,56,BlockedShot,0.894000015258789,0.7330000305175781,0.0466153658926487,Fabiano Parisi,a,9924,OpenPlay,2022,RightFoot,18899,Sassuolo,Empoli,2,1,2023-04-30 13:00:00,Francesco Caputo,Pass
1367,525424,52,MissedShots,0.9169999694824219,0.575,0.24450746178627014,Fabiano Parisi,h,9924,OpenPlay,2022,LeftFoot,18914,Empoli,Salernitana,2,1,2023-05-08 16:30:00,,TakeOn
1368,525429,72,MissedShots,0.8109999847412109,0.700999984741211,0.03714112564921379,Fabiano Parisi,h,9924,OpenPlay,2022,LeftFoot,18914,Empoli,Salernitana,2,1,2023-05-08 16:30:00,Tommaso Baldanzi,Pass
1369,526946,41,BlockedShot,0.8540000152587891,0.75,0.023362483829259872,Fabiano Parisi,a,9924,OpenPlay,2022,LeftFoot,18930,Sampdoria,Empoli,1,1,2023-05-15 18:45:00,,BallRecovery
1370,528425,90,MissedShots,0.9069999694824219,0.7340000152587891,0.1006995216012001,Fabiano Parisi,h,9924,OpenPlay,2022,LeftFoot,18934,Empoli,Juventus,4,1,2023-05-22 18:45:00,Nicolas Haas,Pass
1371,540514,17,MissedShots,0.8859999847412109,0.43099998474121093,0.3665342330932617,Fabiano Parisi,a,9924,OpenPlay,2023,LeftFoot,22364,Frosinone,Fiorentina,1,1,2023-09-28 16:30:00,,None
1372,540523,41,SavedShot,0.7380000305175781,0.275,0.019598372280597687,Fabiano Parisi,a,9924,OpenPlay,2023,LeftFoot,22364,Frosinone,Fiorentina,1,1,2023-09-28 16:30:00,Giacomo Bonaventura,Pass
1373,542129,82,BlockedShot,0.850999984741211,0.615,0.07774710655212402,Fabiano Parisi,h,9924,OpenPlay,2023,LeftFoot,22368,Fiorentina,Cagliari,3,0,2023-10-02 18:45:00,,Dispossessed
1374,543498,5,BlockedShot,0.8580000305175781,0.645,0.0670846700668335,Fabiano Parisi,a,9924,OpenPlay,2023,LeftFoot,22384,Napoli,Fiorentina,1,3,2023-10-08 18:45:00,Josip Brekalo,Pass
1375,546438,52,SavedShot,0.7709999847412109,0.37099998474121093,0.012153327465057373,Fabiano Parisi,a,9924,OpenPlay,2023,LeftFoot,22402,Lazio,Fiorentina,1,0,2023-10-30 19:45:00,,Aerial
1376,547653,35,BlockedShot,0.764000015258789,0.285,0.017073731869459152,Fabiano Parisi,h,9924,OpenPlay,2023,LeftFoot,22408,Fiorentina,Juventus,0,1,2023-11-05 19:45:00,Arthur,Pass
1377,547668,70,MissedShots,0.9690000152587891,0.11,0.016398025676608086,Fabiano Parisi,h,9924,OpenPlay,2023,LeftFoot,22408,Fiorentina,Juventus,0,1,2023-11-05 19:45:00,,Rebound
1378,548795,34,BlockedShot,0.8130000305175781,0.4779999923706055,0.05644187331199646,Fabiano Parisi,h,9924,OpenPlay,2023,LeftFoot,22420,Fiorentina,Bologna,2,1,2023-11-12 14:00:00,M&#039;Bala Nzola,BlockedPass
1379,550019,59,MissedShots,0.7959999847412109,0.29600000381469727,0.021160127595067024,Fabiano Parisi,a,9924,OpenPlay,2023,LeftFoot,22433,AC Milan,Fiorentina,1,0,2023-11-25 19:45:00,Nicolás González,Pass
1380,560919,87,MissedShots,0.9690000152587891,0.585999984741211,0.3045736253261566,Fabiano Parisi,a,9924,OpenPlay,2023,Head,22534,Lecce,Fiorentina,3,2,2024-02-02 19:45:00,Maxime Lopez,Cross
1381,577731,27,ShotOnPost,0.8640000152587891,0.705999984741211,0.07713212817907333,Fabiano Parisi,h,9924,OpenPlay,2023,LeftFoot,22643,Fiorentina,Sassuolo,5,1,2024-04-28 18:45:00,,TakeOn
1382,580855,10,BlockedShot,0.874000015258789,0.575999984741211,0.06467662006616592,Fabiano Parisi,h,9924,OpenPlay,2023,LeftFoot,22656,Fiorentina,Monza,2,1,2024-05-13 18:45:00,,Dispossessed
1383,586889,2,SavedShot,0.8969999694824219,0.7380000305175781,0.03325299546122551,Fabiano Parisi,h,9924,OpenPlay,2024,LeftFoot,27376,Fiorentina,Venezia,0,0,2024-08-25 16:30:00,Christian Kouamé,Pass
1384,586899,38,SavedShot,0.8769999694824219,0.6990000152587891,0.026281705126166344,Fabiano Parisi,h,9924,OpenPlay,2024,LeftFoot,27376,Fiorentina,Venezia,0,0,2024-08-25 16:30:00,Christian Kouamé,TakeOn
1385,597561,71,Goal,0.879000015258789,0.6029999923706054,0.07385092973709106,Fabiano Parisi,a,9924,OpenPlay,2024,LeftFoot,27439,Lecce,Fiorentina,0,6,2024-10-20 13:00:00,Andrea Colpani,TakeOn
1386,55978,81,OwnGoal,0.015,0.4909999847412109,0,David de Gea,a,546,FromCorner,2015,OtherBodyPart,331,Sunderland,Manchester United,2,1,2016-02-13 16:45:00,,Clearance
1387,151618,89,MissedShots,0.7290000152587891,0.4209999847412109,0.018168499693274498,Rolando Mandragora,h,3821,OpenPlay,2016,LeftFoot,3666,Juventus,Genoa,4,0,2017-04-23 19:45:00,Stephan Lichtsteiner,Pass
1388,173190,31,MissedShots,0.764000015258789,0.3189999961853027,0.05272730067372322,Rolando Mandragora,a,3821,DirectFreekick,2017,LeftFoot,7522,Cagliari,Crotone,1,0,2017-09-10 14:00:00,,Standard
1389,173388,43,MissedShots,0.955999984741211,0.575,0.12240400165319443,Rolando Mandragora,h,3821,OpenPlay,2017,LeftFoot,7530,Crotone,Inter,0,2,2017-09-16 14:00:00,Marcus Rohden,Cross
1390,173397,86,BlockedShot,0.7290000152587891,0.639000015258789,0.013577800244092941,Rolando Mandragora,h,3821,FromCorner,2017,LeftFoot,7530,Crotone,Inter,0,2,2017-09-16 14:00:00,,None
1391,173927,40,MissedShots,0.7680000305175781,0.67,0.017294900491833687,Rolando Mandragora,h,3821,OpenPlay,2017,LeftFoot,7550,Crotone,Benevento,2,0,2017-09-24 14:00:00,Adrian Stoian,Pass
1392,173928,42,Goal,0.8080000305175781,0.629000015258789,0.0387411005795002,Rolando Mandragora,h,3821,OpenPlay,2017,LeftFoot,7550,Crotone,Benevento,2,0,2017-09-24 14:00:00,Adrian Stoian,Pass
1393,174348,1,SavedShot,0.8490000152587891,0.7380000305175781,0.02781279943883419,Rolando Mandragora,a,3821,OpenPlay,2017,LeftFoot,7566,SPAL 2013,Crotone,1,1,2017-10-01 14:00:00,Adrian Stoian,Pass
1394,174360,36,SavedShot,0.730999984741211,0.6,0.010546700097620487,Rolando Mandragora,a,3821,OpenPlay,2017,LeftFoot,7566,SPAL 2013,Crotone,1,1,2017-10-01 14:00:00,,Aerial
1395,174370,56,MissedShots,0.6719999694824219,0.3840000152587891,0.01122559979557991,Rolando Mandragora,a,3821,OpenPlay,2017,LeftFoot,7566,SPAL 2013,Crotone,1,1,2017-10-01 14:00:00,Simy,Pass
1396,174515,84,MissedShots,0.7769999694824219,0.40900001525878904,0.04549349844455719,Rolando Mandragora,h,3821,OpenPlay,2017,RightFoot,7571,Crotone,Torino,2,2,2017-10-15 14:00:00,Simy,LayOff
1397,174873,16,MissedShots,0.755,0.46,0.023915700614452362,Rolando Mandragora,a,3821,OpenPlay,2017,LeftFoot,7585,Sampdoria,Crotone,5,0,2017-10-21 17:00:00,Andrea Nalini,Pass
1398,175263,55,SavedShot,0.8419999694824218,0.6730000305175782,0.047290898859500885,Rolando Mandragora,h,3821,OpenPlay,2017,LeftFoot,7600,Crotone,Fiorentina,2,1,2017-10-29 14:00:00,Adrian Stoian,Pass
1399,175270,84,MissedShots,0.754000015258789,0.6430000305175781,0.024589799344539642,Rolando Mandragora,h,3821,OpenPlay,2017,LeftFoot,7600,Crotone,Fiorentina,2,1,2017-10-29 14:00:00,,Interception
1400,175745,8,MissedShots,0.705,0.5579999923706055,0.013072799891233444,Rolando Mandragora,h,3821,OpenPlay,2017,LeftFoot,7620,Crotone,Genoa,0,1,2017-11-19 11:30:00,Federico Ceccherini,Pass
1401,175759,59,SavedShot,0.6990000152587891,0.7240000152587891,0.006876559928059578,Rolando Mandragora,h,3821,OpenPlay,2017,LeftFoot,7620,Crotone,Genoa,0,1,2017-11-19 11:30:00,Adrian Stoian,Chipped
1402,176129,77,MissedShots,0.745999984741211,0.6509999847412109,0.01246550027281046,Rolando Mandragora,a,3821,OpenPlay,2017,LeftFoot,7634,Juventus,Crotone,3,0,2017-11-26 19:45:00,,BallRecovery
1403,176303,70,BlockedShot,0.8880000305175781,0.544000015258789,0.03888610005378723,Rolando Mandragora,h,3821,FromCorner,2017,Head,7641,Crotone,Udinese,0,3,2017-12-04 18:00:00,Daniel Pavlovic,Cross
1404,184791,45,MissedShots,0.805,0.5359999847412109,0.024366099387407303,Rolando Mandragora,h,3821,OpenPlay,2017,LeftFoot,7662,Crotone,Chievo,1,0,2017-12-17 14:00:00,,Aerial
1405,184789,45,SavedShot,0.7869999694824219,0.6990000152587891,0.03363120183348656,Rolando Mandragora,h,3821,OpenPlay,2017,LeftFoot,7662,Crotone,Chievo,1,0,2017-12-17 14:00:00,Ante Budimir,HeadPass
1406,185799,74,MissedShots,0.710999984741211,0.6880000305175781,0.013059600256383419,Rolando Mandragora,h,3821,OpenPlay,2017,LeftFoot,7682,Crotone,Napoli,0,1,2017-12-29 19:45:00,Giovanni Crociata,Pass
1407,186787,26,MissedShots,0.7680000305175781,0.674000015258789,0.01626110076904297,Rolando Mandragora,a,3821,OpenPlay,2017,LeftFoot,7691,AC Milan,Crotone,1,0,2018-01-06 14:00:00,,None
1408,186811,96,MissedShots,0.919000015258789,0.534000015258789,0.11462099850177765,Rolando Mandragora,a,3821,SetPiece,2017,Head,7691,AC Milan,Crotone,1,0,2018-01-06 14:00:00,Oliver Kragl,Cross
1409,189196,91,SavedShot,0.7030000305175781,0.485,0.01754849962890148,Rolando Mandragora,a,3821,OpenPlay,2017,LeftFoot,7701,Verona,Crotone,0,3,2018-01-21 14:00:00,Adrian Stoian,Pass
1410,190328,11,MissedShots,0.754000015258789,0.5329999923706055,0.010960499756038189,Rolando Mandragora,h,3821,SetPiece,2017,LeftFoot,7712,Crotone,Cagliari,1,1,2018-01-28 14:00:00,,Aerial
1411,195622,21,BlockedShot,0.705,0.6,0.011062700301408768,Rolando Mandragora,a,3821,OpenPlay,2017,LeftFoot,7720,Inter,Crotone,1,1,2018-02-03 19:45:00,,Rebound
1412,195820,28,MissedShots,0.7119999694824218,0.524000015258789,0.018080299720168114,Rolando Mandragora,h,3821,OpenPlay,2017,LeftFoot,7729,Crotone,Atalanta,1,1,2018-02-10 17:00:00,Marcello Trotta,Pass
1413,195827,79,Goal,0.9669999694824218,0.539000015258789,0.6424520015716553,Rolando Mandragora,h,3821,OpenPlay,2017,LeftFoot,7729,Crotone,Atalanta,1,1,2018-02-10 17:00:00,,None
1414,196740,54,MissedShots,0.764000015258789,0.6880000305175781,0.02069219946861267,Rolando Mandragora,a,3821,OpenPlay,2017,LeftFoot,7742,Benevento,Crotone,3,2,2018-02-18 14:00:00,Arlind Ajeti,Pass
1415,196742,58,BlockedShot,0.705999984741211,0.519000015258789,0.011565599590539932,Rolando Mandragora,a,3821,OpenPlay,2017,LeftFoot,7742,Benevento,Crotone,3,2,2018-02-18 14:00:00,,None
1416,197767,1,BlockedShot,0.7619999694824219,0.500999984741211,0.0208491999655962,Rolando Mandragora,h,3821,FromCorner,2017,LeftFoot,7751,Crotone,SPAL 2013,2,3,2018-02-25 11:30:00,,BallTouch
1417,200654,55,MissedShots,0.6680000305175782,0.3770000076293945,0.01189849991351366,Rolando Mandragora,h,3821,OpenPlay,2017,LeftFoot,7775,Crotone,Sampdoria,4,1,2018-03-11 14:00:00,,None
1418,202064,45,SavedShot,0.8519999694824218,0.7240000152587891,0.044314999133348465,Rolando Mandragora,h,3821,OpenPlay,2017,LeftFoot,7787,Crotone,Roma,0,2,2018-03-18 14:00:00,,TakeOn
1419,204949,66,MissedShots,0.695,0.6270000076293946,0.008360479958355427,Rolando Mandragora,a,3821,OpenPlay,2017,LeftFoot,7790,Fiorentina,Crotone,2,0,2018-03-31 14:00:00,Giovanni Crociata,Pass
1420,210882,38,MissedShots,0.7830000305175782,0.7030000305175781,0.019368499517440796,Rolando Mandragora,a,3821,OpenPlay,2017,LeftFoot,7831,Udinese,Crotone,1,2,2018-04-22 13:00:00,,BallTouch
1421,212151,20,MissedShots,0.7140000152587891,0.5729999923706055,0.014544500038027763,Rolando Mandragora,h,3821,OpenPlay,2017,LeftFoot,7848,Crotone,Sassuolo,4,1,2018-04-29 10:30:00,Simy,Pass
1422,218761,1,MissedShots,0.7559999847412109,0.5679999923706055,0.020348399877548218,Rolando Mandragora,a,3821,OpenPlay,2018,LeftFoot,9582,Parma Calcio 1913,Udinese,2,2,2018-08-19 21:30:00,,None
1423,218784,79,MissedShots,0.735999984741211,0.7130000305175781,0.012692900374531746,Rolando Mandragora,a,3821,FromCorner,2018,LeftFoot,9582,Parma Calcio 1913,Udinese,2,2,2018-08-19 21:30:00,,None
1424,221012,45,MissedShots,0.8159999847412109,0.46599998474121096,0.03841729834675789,Rolando Mandragora,h,3821,FromCorner,2018,LeftFoot,9590,Udinese,Sampdoria,1,0,2018-08-26 21:30:00,,None
1425,221028,93,SavedShot,0.77,0.5640000152587891,0.05583779886364937,Rolando Mandragora,h,3821,OpenPlay,2018,LeftFoot,9590,Udinese,Sampdoria,1,0,2018-08-26 21:30:00,Seko Fofana,Pass
1426,224158,13,MissedShots,0.8690000152587891,0.7319999694824219,0.03394459933042526,Rolando Mandragora,h,3821,OpenPlay,2018,LeftFoot,9616,Udinese,Torino,1,1,2018-09-16 13:00:00,Rodrigo de Paul,Pass
1427,228472,7,MissedShots,0.7380000305175781,0.5670000076293945,0.02093309909105301,Rolando Mandragora,a,3821,OpenPlay,2018,LeftFoot,9640,Bologna,Udinese,2,1,2018-09-30 10:30:00,Rodrigo de Paul,Pass
1428,228476,21,MissedShots,0.7709999847412109,0.5320000076293945,0.030632900074124336,Rolando Mandragora,a,3821,OpenPlay,2018,RightFoot,9640,Bologna,Udinese,2,1,2018-09-30 10:30:00,Rodrigo de Paul,Pass
1429,228497,79,MissedShots,0.759000015258789,0.6530000305175782,0.01958410069346428,Rolando Mandragora,a,3821,OpenPlay,2018,LeftFoot,9640,Bologna,Udinese,2,1,2018-09-30 10:30:00,Seko Fofana,Pass
1430,252712,92,SavedShot,0.889000015258789,0.685,0.05941670015454292,Rolando Mandragora,a,3821,OpenPlay,2018,LeftFoot,9670,Genoa,Udinese,2,2,2018-10-28 13:00:00,Andrija Balic,Pass
1431,253122,14,MissedShots,0.705999984741211,0.4640000152587891,0.013536700047552586,Rolando Mandragora,h,3821,OpenPlay,2018,LeftFoot,9686,Udinese,AC Milan,0,1,2018-11-04 19:30:00,,Tackle
1432,253330,10,MissedShots,0.7930000305175782,0.655,0.028366899117827415,Rolando Mandragora,a,3821,OpenPlay,2018,LeftFoot,9689,Empoli,Udinese,2,1,2018-11-11 14:00:00,,BallTouch
1433,253357,71,BlockedShot,0.9419999694824219,0.725999984741211,0.02364250086247921,Rolando Mandragora,a,3821,FromCorner,2018,LeftFoot,9689,Empoli,Udinese,2,1,2018-11-11 14:00:00,William Troost-Ekong,HeadPass
1434,253477,91,MissedShots,0.7919999694824219,0.68,0.032498799264431,Rolando Mandragora,h,3821,OpenPlay,2018,LeftFoot,9706,Udinese,Roma,1,0,2018-11-24 14:00:00,,None
1435,253886,6,MissedShots,0.8169999694824219,0.49599998474121093,0.053834401071071625,Rolando Mandragora,a,3821,OpenPlay,2018,RightFoot,9713,Sassuolo,Udinese,0,0,2018-12-02 14:00:00,,None
1436,253906,82,SavedShot,0.720999984741211,0.3120000076293945,0.011435500346124172,Rolando Mandragora,a,3821,OpenPlay,2018,LeftFoot,9713,Sassuolo,Udinese,0,0,2018-12-02 14:00:00,Seko Fofana,Pass
1437,254313,50,MissedShots,0.909000015258789,0.590999984741211,0.08024860173463821,Rolando Mandragora,a,3821,OpenPlay,2018,LeftFoot,9733,Inter,Udinese,1,0,2018-12-15 17:00:00,Seko Fofana,Cross
1438,254713,31,Goal,0.875,0.6370000076293946,0.034814298152923584,Rolando Mandragora,h,3821,OpenPlay,2018,LeftFoot,9742,Udinese,Frosinone,1,1,2018-12-22 14:00:00,Jens Stryger Larsen,Cross
1439,254956,79,BlockedShot,0.7659999847412109,0.3629999923706055,0.06252539902925491,Rolando Mandragora,a,3821,DirectFreekick,2018,LeftFoot,9755,SPAL 2013,Udinese,0,0,2018-12-26 14:00:00,,Standard
1440,263510,15,MissedShots,0.7580000305175781,0.3029999923706055,0.020395200699567795,Rolando Mandragora,h,3821,OpenPlay,2018,LeftFoot,9766,Udinese,Cagliari,2,0,2018-12-29 14:00:00,Jens Stryger Larsen,Pass
1441,263511,16,BlockedShot,0.8019999694824219,0.48900001525878906,0.05014229938387871,Rolando Mandragora,h,3821,OpenPlay,2018,LeftFoot,9766,Udinese,Cagliari,2,0,2018-12-29 14:00:00,Kevin Lasagna,BallTouch
1442,263533,70,BlockedShot,0.745999984741211,0.5870000076293945,0.05725020170211792,Rolando Mandragora,h,3821,DirectFreekick,2018,LeftFoot,9766,Udinese,Cagliari,2,0,2018-12-29 14:00:00,,Standard
1443,276710,74,MissedShots,0.7380000305175781,0.544000015258789,0.015522699803113937,Rolando Mandragora,a,3821,OpenPlay,2018,LeftFoot,9779,Sampdoria,Udinese,4,0,2019-01-26 17:00:00,Seko Fofana,LayOff
1444,277610,46,MissedShots,0.7430000305175781,0.6730000305175782,0.014924099668860435,Rolando Mandragora,h,3821,OpenPlay,2018,LeftFoot,9816,Udinese,Chievo,1,0,2019-02-17 14:00:00,,BallTouch
1445,277617,59,MissedShots,0.8080000305175781,0.4779999923706055,0.047811899334192276,Rolando Mandragora,h,3821,OpenPlay,2018,RightFoot,9816,Udinese,Chievo,1,0,2019-02-17 14:00:00,Kevin Lasagna,Pass
1446,278140,41,MissedShots,0.7119999694824218,0.6120000076293945,0.009837060235440731,Rolando Mandragora,h,3821,OpenPlay,2018,LeftFoot,9829,Udinese,Bologna,2,1,2019-03-03 14:00:00,,Aerial
1447,278148,62,SavedShot,0.72,0.5070000076293946,0.015438600443303585,Rolando Mandragora,h,3821,OpenPlay,2018,LeftFoot,9829,Udinese,Bologna,2,1,2019-03-03 14:00:00,Hidde ter Avest,BallTouch
1448,278155,86,MissedShots,0.8480000305175781,0.3089999961853027,0.05140189826488495,Rolando Mandragora,h,3821,OpenPlay,2018,LeftFoot,9829,Udinese,Bologna,2,1,2019-03-03 14:00:00,Jens Stryger Larsen,Pass
1449,287356,60,Goal,0.745999984741211,0.5840000152587891,0.012227700091898441,Rolando Mandragora,h,3821,OpenPlay,2018,LeftFoot,9865,Udinese,Genoa,2,0,2019-03-30 14:00:00,Ignacio Pussetto,Chipped
1450,287367,83,MissedShots,0.7430000305175781,0.43099998474121093,0.05711229890584946,Rolando Mandragora,h,3821,DirectFreekick,2018,LeftFoot,9865,Udinese,Genoa,2,0,2019-03-30 14:00:00,,Standard
1451,292480,29,MissedShots,0.7440000152587891,0.7319999694824219,0.016124499961733818,Rolando Mandragora,h,3821,OpenPlay,2018,LeftFoot,9885,Udinese,Empoli,3,2,2019-04-07 14:00:00,Rodrigo de Paul,Pass
1452,292486,44,Goal,0.750999984741211,0.5420000076293945,0.015342599712312222,Rolando Mandragora,h,3821,SetPiece,2018,LeftFoot,9885,Udinese,Empoli,3,2,2019-04-07 14:00:00,,Rebound
1453,293661,2,SavedShot,0.789000015258789,0.6430000305175781,0.023348700255155563,Rolando Mandragora,a,3821,OpenPlay,2018,LeftFoot,9892,Roma,Udinese,1,0,2019-04-13 17:00:00,Rodrigo de Paul,Pass
1454,294653,45,MissedShots,0.72,0.6630000305175782,0.01080899965018034,Rolando Mandragora,a,3821,OpenPlay,2018,LeftFoot,9821,Lazio,Udinese,2,0,2019-04-17 18:00:00,Rodrigo de Paul,Pass
1455,294666,75,BlockedShot,0.765,0.705999984741211,0.016323400661349297,Rolando Mandragora,a,3821,FromCorner,2018,LeftFoot,9821,Lazio,Udinese,2,0,2019-04-17 18:00:00,William Troost-Ekong,BallTouch
1456,294665,75,BlockedShot,0.7419999694824219,0.35700000762939454,0.00968328956514597,Rolando Mandragora,a,3821,OpenPlay,2018,RightFoot,9821,Lazio,Udinese,2,0,2019-04-17 18:00:00,,None
1457,294946,72,SavedShot,0.88,0.38599998474121094,0.012936100363731384,Rolando Mandragora,h,3821,OpenPlay,2018,Head,9905,Udinese,Sassuolo,1,1,2019-04-20 14:00:00,Marco D&#039;Alessandro,Aerial
1458,294949,77,MissedShots,0.784000015258789,0.34900001525878904,0.02352070063352585,Rolando Mandragora,h,3821,OpenPlay,2018,LeftFoot,9905,Udinese,Sassuolo,1,1,2019-04-20 14:00:00,,None
1459,298496,49,MissedShots,0.7290000152587891,0.27399999618530274,0.010062200017273426,Rolando Mandragora,a,3821,OpenPlay,2018,LeftFoot,9912,Atalanta,Udinese,2,0,2019-04-29 18:00:00,,None
1460,299570,6,MissedShots,0.8809999847412109,0.3220000076293945,0.028452100232243538,Rolando Mandragora,h,3821,OpenPlay,2018,RightFoot,9921,Udinese,Inter,0,0,2019-05-04 19:30:00,Marvin Zeegelaar,Cross
1461,299572,18,BlockedShot,0.7,0.5270000076293946,0.014254399575293064,Rolando Mandragora,h,3821,OpenPlay,2018,LeftFoot,9921,Udinese,Inter,0,0,2019-05-04 19:30:00,Rodrigo de Paul,Pass
1462,299577,37,SavedShot,0.875999984741211,0.64,0.10414600372314453,Rolando Mandragora,h,3821,OpenPlay,2018,LeftFoot,9921,Udinese,Inter,0,0,2019-05-04 19:30:00,Rodrigo de Paul,Pass
1463,299581,46,SavedShot,0.7280000305175781,0.5690000152587891,0.021076399832963943,Rolando Mandragora,h,3821,OpenPlay,2018,LeftFoot,9921,Udinese,Inter,0,0,2019-05-04 19:30:00,Rodrigo de Paul,Pass
1464,301056,6,MissedShots,0.8690000152587891,0.3139999961853027,0.0410614013671875,Rolando Mandragora,a,3821,OpenPlay,2018,LeftFoot,9934,Frosinone,Udinese,1,3,2019-05-12 14:00:00,Stefano Okaka,Pass
1465,302192,48,MissedShots,0.8130000305175781,0.5429999923706055,0.05194820091128349,Rolando Mandragora,h,3821,OpenPlay,2018,LeftFoot,9945,Udinese,SPAL 2013,3,2,2019-05-18 13:00:00,,None
1466,302199,55,MissedShots,0.7609999847412109,0.6309999847412109,0.02034989930689335,Rolando Mandragora,h,3821,OpenPlay,2018,LeftFoot,9945,Udinese,SPAL 2013,3,2,2019-05-18 13:00:00,Jens Stryger Larsen,Pass
1467,302207,76,MissedShots,0.845,0.6869999694824219,0.04910289868712425,Rolando Mandragora,h,3821,OpenPlay,2018,LeftFoot,9945,Udinese,SPAL 2013,3,2,2019-05-18 13:00:00,Ignacio Pussetto,Pass
1468,313204,48,SavedShot,0.7040000152587891,0.4520000076293945,0.014510000124573708,Rolando Mandragora,h,3821,OpenPlay,2019,LeftFoot,13091,Udinese,AC Milan,1,0,2019-08-25 17:00:00,Seko Fofana,Pass
1469,313219,75,MissedShots,0.8030000305175782,0.5779999923706055,0.02845980040729046,Rolando Mandragora,h,3821,FromCorner,2019,LeftFoot,13091,Udinese,AC Milan,1,0,2019-08-25 17:00:00,,None
1470,313222,85,BlockedShot,0.8430000305175781,0.5579999923706055,0.08700750023126602,Rolando Mandragora,h,3821,OpenPlay,2019,LeftFoot,13091,Udinese,AC Milan,1,0,2019-08-25 17:00:00,Kevin Lasagna,Pass
1471,316854,34,SavedShot,0.745999984741211,0.38,0.02276810072362423,Rolando Mandragora,h,3821,OpenPlay,2019,LeftFoot,13108,Udinese,Parma Calcio 1913,1,3,2019-09-01 19:45:00,Jens Stryger Larsen,Pass
1472,321561,26,MissedShots,0.7730000305175782,0.5359999847412109,0.0306806992739439,Rolando Mandragora,a,3821,OpenPlay,2019,LeftFoot,13132,Verona,Udinese,0,0,2019-09-24 17:00:00,Samir,Pass
1473,321563,37,MissedShots,0.8730000305175781,0.745999984741211,0.017997900024056435,Rolando Mandragora,a,3821,OpenPlay,2019,LeftFoot,13132,Verona,Udinese,0,0,2019-09-24 17:00:00,Jens Stryger Larsen,Cross
1474,321565,42,MissedShots,0.925,0.615,0.014066600240767002,Rolando Mandragora,a,3821,FromCorner,2019,Head,13132,Verona,Udinese,0,0,2019-09-24 17:00:00,Ken Sema,Aerial
1475,323230,38,BlockedShot,0.8169999694824219,0.615,0.05675090104341507,Rolando Mandragora,h,3821,OpenPlay,2019,LeftFoot,13148,Udinese,Bologna,1,0,2019-09-29 13:00:00,Stefano Okaka,Pass
1476,323238,75,BlockedShot,0.76,0.40400001525878904,0.06562569737434387,Rolando Mandragora,h,3821,DirectFreekick,2019,LeftFoot,13148,Udinese,Bologna,1,0,2019-09-29 13:00:00,,Standard
1477,323242,93,MissedShots,0.7040000152587891,0.5459999847412109,0.018254999071359634,Rolando Mandragora,h,3821,OpenPlay,2019,LeftFoot,13148,Udinese,Bologna,1,0,2019-09-29 13:00:00,Kevin Lasagna,Pass
1478,326305,28,MissedShots,0.784000015258789,0.6869999694824219,0.01653219945728779,Rolando Mandragora,h,3821,FromCorner,2019,LeftFoot,13168,Udinese,Torino,1,0,2019-10-20 14:00:00,,None
1479,326310,45,BlockedShot,0.7919999694824219,0.675,0.018061699345707893,Rolando Mandragora,h,3821,FromCorner,2019,LeftFoot,13168,Udinese,Torino,1,0,2019-10-20 14:00:00,,None
1480,326318,68,MissedShots,0.8580000305175781,0.36700000762939455,0.08710669726133347,Rolando Mandragora,h,3821,OpenPlay,2019,LeftFoot,13168,Udinese,Torino,1,0,2019-10-20 14:00:00,Nicholas Opoku,Pass
1481,327820,88,BlockedShot,0.74,0.5,0.015738099813461304,Rolando Mandragora,a,3821,OpenPlay,2019,LeftFoot,13169,Atalanta,Udinese,7,1,2019-10-27 14:00:00,Kevin Lasagna,BallTouch
1482,329790,14,MissedShots,0.784000015258789,0.41900001525878905,0.09109789878129959,Rolando Mandragora,a,3821,DirectFreekick,2019,LeftFoot,13192,Genoa,Udinese,1,3,2019-11-03 14:00:00,,Standard
1483,329791,17,BlockedShot,0.7969999694824219,0.37900001525878907,0.03508159890770912,Rolando Mandragora,a,3821,OpenPlay,2019,LeftFoot,13192,Genoa,Udinese,1,3,2019-11-03 14:00:00,Ilija Nestorovski,Pass
1484,329793,20,BlockedShot,0.8880000305175781,0.585,0.07134109735488892,Rolando Mandragora,a,3821,OpenPlay,2019,RightFoot,13192,Genoa,Udinese,1,3,2019-11-03 14:00:00,Ken Sema,Cross
1485,329799,37,MissedShots,0.8219999694824218,0.43599998474121093,0.04856279864907265,Rolando Mandragora,a,3821,OpenPlay,2019,LeftFoot,13192,Genoa,Udinese,1,3,2019-11-03 14:00:00,Stefano Okaka,Pass
1486,329803,44,MissedShots,0.8880000305175781,0.3820000076293945,0.10241500288248062,Rolando Mandragora,a,3821,OpenPlay,2019,LeftFoot,13192,Genoa,Udinese,1,3,2019-11-03 14:00:00,Ilija Nestorovski,Pass
1487,329807,61,BlockedShot,0.8419999694824218,0.47,0.06451989710330963,Rolando Mandragora,a,3821,OpenPlay,2019,LeftFoot,13192,Genoa,Udinese,1,3,2019-11-03 14:00:00,,None
1488,331261,17,MissedShots,0.9780000305175781,0.5990000152587891,0.10077100247144699,Rolando Mandragora,h,3821,OpenPlay,2019,LeftFoot,13208,Udinese,SPAL 2013,0,0,2019-11-10 14:00:00,,Rebound
1489,331260,17,SavedShot,0.8690000152587891,0.605999984741211,0.12346799671649933,Rolando Mandragora,h,3821,OpenPlay,2019,LeftFoot,13208,Udinese,SPAL 2013,0,0,2019-11-10 14:00:00,Rodrigo de Paul,Throughball
1490,331272,54,MissedShots,0.9290000152587891,0.44299999237060544,0.056265801191329956,Rolando Mandragora,h,3821,OpenPlay,2019,Head,13208,Udinese,SPAL 2013,0,0,2019-11-10 14:00:00,Ken Sema,Aerial
1491,331278,71,MissedShots,0.7809999847412109,0.3,0.0168674997985363,Rolando Mandragora,h,3821,SetPiece,2019,LeftFoot,13208,Udinese,SPAL 2013,0,0,2019-11-10 14:00:00,Jens Stryger Larsen,HeadPass
1492,331277,71,BlockedShot,0.7390000152587891,0.33299999237060546,0.043818399310112,Rolando Mandragora,h,3821,DirectFreekick,2019,LeftFoot,13208,Udinese,SPAL 2013,0,0,2019-11-10 14:00:00,,Standard
1493,331282,76,MissedShots,0.9319999694824219,0.33,0.2206449955701828,Rolando Mandragora,h,3821,OpenPlay,2019,RightFoot,13208,Udinese,SPAL 2013,0,0,2019-11-10 14:00:00,Rodrigo de Paul,Pass
1494,334270,13,MissedShots,0.874000015258789,0.3729999923706055,0.05701430141925812,Rolando Mandragora,a,3821,OpenPlay,2019,RightFoot,13226,Lazio,Udinese,3,0,2019-12-01 14:00:00,,Rebound
1495,334279,39,MissedShots,0.879000015258789,0.44599998474121094,0.0349762998521328,Rolando Mandragora,a,3821,OpenPlay,2019,Head,13226,Lazio,Udinese,3,0,2019-12-01 14:00:00,Jens Stryger Larsen,Cross
1496,337560,31,SavedShot,0.9159999847412109,0.6459999847412109,0.0473892018198967,Rolando Mandragora,a,3821,OpenPlay,2019,LeftFoot,13245,Juventus,Udinese,3,1,2019-12-15 14:00:00,Hidde ter Avest,Cross
1497,337565,48,MissedShots,0.7569999694824219,0.38299999237060545,0.019732100889086723,Rolando Mandragora,a,3821,SetPiece,2019,LeftFoot,13245,Juventus,Udinese,3,1,2019-12-15 14:00:00,Hidde ter Avest,Pass
1498,338427,13,BlockedShot,0.785,0.57,0.032769400626420975,Rolando Mandragora,h,3821,OpenPlay,2019,LeftFoot,13258,Udinese,Cagliari,2,1,2019-12-21 14:00:00,Seko Fofana,Pass
1499,338432,25,BlockedShot,0.7530000305175781,0.6959999847412109,0.014967200346291065,Rolando Mandragora,h,3821,OpenPlay,2019,LeftFoot,13258,Udinese,Cagliari,2,1,2019-12-21 14:00:00,,Dispossessed
1500,338439,57,MissedShots,0.78,0.649000015258789,0.025950899347662926,Rolando Mandragora,h,3821,OpenPlay,2019,LeftFoot,13258,Udinese,Cagliari,2,1,2019-12-21 14:00:00,Kevin Lasagna,Pass
1501,354079,40,SavedShot,0.6919999694824219,0.5029999923706054,0.013385600410401821,Rolando Mandragora,a,3821,OpenPlay,2019,LeftFoot,13264,Lecce,Udinese,0,1,2020-01-06 17:00:00,Seko Fofana,TakeOn
1502,354085,71,MissedShots,0.93,0.26799999237060546,0.02851100079715252,Rolando Mandragora,a,3821,FromCorner,2019,LeftFoot,13264,Lecce,Udinese,0,1,2020-01-06 17:00:00,,None
1503,354365,26,SavedShot,0.9540000152587891,0.6370000076293946,0.0845751017332077,Rolando Mandragora,h,3821,OpenPlay,2019,LeftFoot,13278,Udinese,Sassuolo,3,0,2020-01-12 11:30:00,Ken Sema,Chipped
1504,355103,55,SavedShot,0.9169999694824219,0.5729999923706055,0.44249600172042847,Rolando Mandragora,a,3821,OpenPlay,2019,LeftFoot,13286,AC Milan,Udinese,3,2,2020-01-19 11:30:00,Rodrigo de Paul,Pass
1505,356212,47,MissedShots,0.745999984741211,0.4809999847412109,0.013493499718606472,Rolando Mandragora,a,3821,OpenPlay,2019,LeftFoot,13293,Parma Calcio 1913,Udinese,2,0,2020-01-26 14:00:00,,None
1506,356216,62,SavedShot,0.815,0.5179999923706055,0.05703410133719444,Rolando Mandragora,a,3821,OpenPlay,2019,LeftFoot,13293,Parma Calcio 1913,Udinese,2,0,2020-01-26 14:00:00,Kevin Lasagna,Pass
1507,356218,70,MissedShots,0.895,0.44299999237060544,0.31849199533462524,Rolando Mandragora,a,3821,OpenPlay,2019,LeftFoot,13293,Parma Calcio 1913,Udinese,2,0,2020-01-26 14:00:00,,None
1508,356219,71,MissedShots,0.8030000305175782,0.514000015258789,0.28389298915863037,Rolando Mandragora,a,3821,OpenPlay,2019,LeftFoot,13293,Parma Calcio 1913,Udinese,2,0,2020-01-26 14:00:00,,BallRecovery
1509,356223,82,MissedShots,0.86,0.4490000152587891,0.04530090093612671,Rolando Mandragora,a,3821,FromCorner,2019,LeftFoot,13293,Parma Calcio 1913,Udinese,2,0,2020-01-26 14:00:00,Jens Stryger Larsen,Cross
1510,357389,20,MissedShots,0.789000015258789,0.6780000305175782,0.020442400127649307,Rolando Mandragora,h,3821,OpenPlay,2019,LeftFoot,13308,Udinese,Inter,0,2,2020-02-02 19:45:00,,None
1511,357391,28,BlockedShot,0.794000015258789,0.2589999961853027,0.018857300281524658,Rolando Mandragora,h,3821,FromCorner,2019,LeftFoot,13308,Udinese,Inter,0,2,2020-02-02 19:45:00,Rodrigo de Paul,Pass
1512,357415,91,MissedShots,0.860999984741211,0.705999984741211,0.031807899475097656,Rolando Mandragora,h,3821,OpenPlay,2019,LeftFoot,13308,Udinese,Inter,0,2,2020-02-02 19:45:00,Kevin Lasagna,Pass
1513,358431,64,MissedShots,0.7780000305175782,0.6029999923706054,0.028447600081562996,Rolando Mandragora,a,3821,OpenPlay,2019,LeftFoot,13309,Brescia,Udinese,1,1,2020-02-09 14:00:00,,BallTouch
1514,359261,11,MissedShots,0.8,0.20100000381469726,0.041865598410367966,Rolando Mandragora,h,3821,DirectFreekick,2019,LeftFoot,13328,Udinese,Verona,0,0,2020-02-16 11:30:00,,Standard
1515,359262,14,BlockedShot,0.8430000305175781,0.655,0.05063150078058243,Rolando Mandragora,h,3821,OpenPlay,2019,LeftFoot,13328,Udinese,Verona,0,0,2020-02-16 11:30:00,,BallTouch
1516,359273,67,BlockedShot,0.7709999847412109,0.24100000381469727,0.013288900256156921,Rolando Mandragora,h,3821,OpenPlay,2019,LeftFoot,13328,Udinese,Verona,0,0,2020-02-16 11:30:00,Rodrigo de Paul,Pass
1517,359754,7,BlockedShot,0.7040000152587891,0.4329999923706055,0.03833169862627983,Rolando Mandragora,a,3821,DirectFreekick,2019,LeftFoot,13330,Bologna,Udinese,1,1,2020-02-22 14:00:00,,Standard
1518,362309,14,MissedShots,0.8730000305175781,0.7419999694824219,0.03203880041837692,Rolando Mandragora,h,3821,OpenPlay,2019,LeftFoot,13348,Udinese,Fiorentina,0,0,2020-03-08 17:00:00,Ilija Nestorovski,Pass
1519,362310,23,MissedShots,0.73,0.6370000076293946,0.014272600412368774,Rolando Mandragora,h,3821,OpenPlay,2019,LeftFoot,13348,Udinese,Fiorentina,0,0,2020-03-08 17:00:00,,BallRecovery
1520,362319,49,BlockedShot,0.909000015258789,0.6079999923706054,0.10473600029945374,Rolando Mandragora,h,3821,OpenPlay,2019,LeftFoot,13348,Udinese,Fiorentina,0,0,2020-03-08 17:00:00,Stefano Okaka,Pass
1521,362326,83,BlockedShot,0.7480000305175781,0.6120000076293945,0.018804199993610382,Rolando Mandragora,h,3821,OpenPlay,2019,LeftFoot,13348,Udinese,Fiorentina,0,0,2020-03-08 17:00:00,Seko Fofana,Pass
1522,366213,9,BlockedShot,0.7480000305175781,0.3729999923706055,0.019855700433254242,Rolando Mandragora,a,3821,OpenPlay,2019,LeftFoot,13357,Torino,Udinese,1,0,2020-06-23 19:45:00,Seko Fofana,Pass
1523,388118,78,SavedShot,0.6969999694824218,0.3920000076293945,0.015166600234806538,Rolando Mandragora,h,3821,OpenPlay,2020,LeftFoot,15504,Udinese,Genoa,1,0,2020-11-22 17:00:00,Jens Stryger Larsen,Pass
1524,394433,86,MissedShots,0.730999984741211,0.6029999923706054,0.016619499772787094,Rolando Mandragora,a,3821,OpenPlay,2020,LeftFoot,15548,Cagliari,Udinese,1,1,2020-12-20 14:00:00,Walace,Pass
1525,397214,61,BlockedShot,0.73,0.385,0.04579370096325874,Rolando Mandragora,a,3821,DirectFreekick,2020,LeftFoot,15577,Bologna,Udinese,2,2,2021-01-06 14:00:00,,Standard
1526,397219,73,ShotOnPost,0.8040000152587891,0.6890000152587891,0.025537200272083282,Rolando Mandragora,a,3821,OpenPlay,2020,LeftFoot,15577,Bologna,Udinese,2,2,2021-01-06 14:00:00,Rodrigo de Paul,Pass
1527,398297,11,SavedShot,0.87,0.6780000305175782,0.05315319821238518,Rolando Mandragora,h,3821,OpenPlay,2020,LeftFoot,15594,Udinese,Napoli,1,2,2021-01-10 14:00:00,Roberto Pereyra,BallTouch
1528,398303,25,SavedShot,0.7519999694824219,0.5879999923706055,0.022302299737930298,Rolando Mandragora,h,3821,OpenPlay,2020,LeftFoot,15594,Udinese,Napoli,1,2,2021-01-10 14:00:00,Rodrigo de Paul,Pass
1529,398321,75,MissedShots,0.799000015258789,0.654000015258789,0.030531400814652443,Rolando Mandragora,h,3821,OpenPlay,2020,LeftFoot,15594,Udinese,Napoli,1,2,2021-01-10 14:00:00,Walace,Pass
1530,399138,28,SavedShot,0.970999984741211,0.48200000762939454,0.8137509822845459,Rolando Mandragora,a,3821,OpenPlay,2020,RightFoot,15603,Sampdoria,Udinese,2,1,2021-01-16 19:45:00,,Rebound
1531,399141,47,BlockedShot,0.9269999694824219,0.7019999694824218,0.0483148992061615,Rolando Mandragora,a,3821,OpenPlay,2020,LeftFoot,15603,Sampdoria,Udinese,2,1,2021-01-16 19:45:00,Roberto Pereyra,Chipped
1532,403061,45,ShotOnPost,0.9009999847412109,0.41900001525878905,0.08519410341978073,Rolando Mandragora,a,3821,FromCorner,2020,LeftFoot,15634,Atalanta,Torino,3,3,2021-02-06 14:00:00,Bremer,None
1533,405284,38,MissedShots,0.8969999694824219,0.7340000152587891,0.033304598182439804,Rolando Mandragora,a,3821,OpenPlay,2020,LeftFoot,15653,Cagliari,Torino,0,1,2021-02-19 19:45:00,Simone Zaza,Pass
1534,405296,91,MissedShots,0.7280000305175781,0.7609999847412109,0.013932599686086178,Rolando Mandragora,a,3821,OpenPlay,2020,LeftFoot,15653,Cagliari,Torino,0,1,2021-02-19 19:45:00,,Tackle
1535,408984,44,Goal,0.960999984741211,0.5029999923706054,0.7615079879760742,Rolando Mandragora,a,3821,OpenPlay,2020,RightFoot,15685,Crotone,Torino,4,2,2021-03-07 14:00:00,Cristian Ansaldi,Pass
1536,410517,90,MissedShots,0.735,0.5709999847412109,0.016459599137306213,Rolando Mandragora,h,3821,OpenPlay,2020,LeftFoot,15688,Torino,Inter,1,2,2021-03-14 14:00:00,,None
1537,410820,13,SavedShot,0.8730000305175781,0.5479999923706055,0.06413330137729645,Rolando Mandragora,h,3821,OpenPlay,2020,LeftFoot,15665,Torino,Sassuolo,3,2,2021-03-17 14:00:00,Andrea Belotti,HeadPass
1538,410836,52,SavedShot,0.795,0.4909999847412109,0.015460199676454067,Rolando Mandragora,h,3821,OpenPlay,2020,LeftFoot,15665,Torino,Sassuolo,3,2,2021-03-17 14:00:00,,Aerial
1539,410838,56,MissedShots,0.8669999694824219,0.4520000076293945,0.0626399964094162,Rolando Mandragora,h,3821,OpenPlay,2020,LeftFoot,15665,Torino,Sassuolo,3,2,2021-03-17 14:00:00,,None
1540,410848,85,Goal,0.97,0.475,0.8120970129966736,Rolando Mandragora,h,3821,OpenPlay,2020,LeftFoot,15665,Torino,Sassuolo,3,2,2021-03-17 14:00:00,,Rebound
1541,411642,39,BlockedShot,0.8130000305175781,0.7090000152587891,0.019991500303149223,Rolando Mandragora,a,3821,OpenPlay,2020,LeftFoot,15705,Sampdoria,Torino,1,0,2021-03-21 14:00:00,Cristian Ansaldi,HeadPass
1542,411647,72,MissedShots,0.815,0.445,0.016410499811172485,Rolando Mandragora,a,3821,OpenPlay,2020,LeftFoot,15705,Sampdoria,Torino,1,0,2021-03-21 14:00:00,,Aerial
1543,412670,5,MissedShots,0.879000015258789,0.67,0.06539680063724518,Rolando Mandragora,h,3821,OpenPlay,2020,LeftFoot,15709,Torino,Juventus,2,2,2021-04-03 16:00:00,Cristian Ansaldi,Pass
1544,412674,26,SavedShot,0.769000015258789,0.6530000305175782,0.019557200372219086,Rolando Mandragora,h,3821,OpenPlay,2020,LeftFoot,15709,Torino,Juventus,2,2,2021-04-03 16:00:00,,None
1545,414083,48,MissedShots,0.76,0.725999984741211,0.01519440021365881,Rolando Mandragora,a,3821,OpenPlay,2020,LeftFoot,15725,Udinese,Torino,0,1,2021-04-10 18:45:00,Andrea Belotti,Pass
1546,415993,61,MissedShots,0.7190000152587891,0.555,0.013894299976527691,Rolando Mandragora,h,3821,FromCorner,2020,LeftFoot,15732,Torino,Roma,3,1,2021-04-18 16:00:00,,None
1547,415998,77,SavedShot,0.904000015258789,0.6409999847412109,0.06509820371866226,Rolando Mandragora,h,3821,FromCorner,2020,LeftFoot,15732,Torino,Roma,3,1,2021-04-18 16:00:00,,Rebound
1548,416582,57,Goal,0.7959999847412109,0.3220000076293945,0.011396399699151516,Rolando Mandragora,a,3821,SetPiece,2020,RightFoot,15745,Bologna,Torino,1,1,2021-04-21 18:45:00,,Aerial
1549,416583,60,MissedShots,0.845999984741211,0.6869999694824219,0.03681980073451996,Rolando Mandragora,a,3821,OpenPlay,2020,LeftFoot,15745,Bologna,Torino,1,1,2021-04-21 18:45:00,Simone Zaza,Pass
1550,416586,78,MissedShots,0.7219999694824218,0.4590000152587891,0.014941800385713577,Rolando Mandragora,a,3821,OpenPlay,2020,LeftFoot,15745,Bologna,Torino,1,1,2021-04-21 18:45:00,Wilfried Stephane Singo,Pass
1551,418174,16,MissedShots,0.7340000152587891,0.645,0.010337700136005878,Rolando Mandragora,h,3821,SetPiece,2020,LeftFoot,15750,Torino,Napoli,0,2,2021-04-26 16:30:00,,None
1552,421389,37,MissedShots,0.745999984741211,0.534000015258789,0.016366399824619293,Rolando Mandragora,h,3821,OpenPlay,2020,LeftFoot,15780,Torino,AC Milan,0,7,2021-05-12 18:45:00,,Tackle
1553,421404,73,MissedShots,0.8519999694824218,0.54,0.06886109709739685,Rolando Mandragora,h,3821,SetPiece,2020,RightFoot,15780,Torino,AC Milan,0,7,2021-05-12 18:45:00,,Rebound
1554,421791,46,MissedShots,0.8540000152587891,0.5970000076293945,0.05006510019302368,Rolando Mandragora,a,3821,OpenPlay,2020,LeftFoot,15795,Spezia,Torino,4,1,2021-05-15 13:00:00,,None
1555,423189,24,MissedShots,0.7719999694824219,0.36700000762939455,0.022991200909018517,Rolando Mandragora,a,3821,OpenPlay,2020,LeftFoot,15671,Lazio,Torino,0,0,2021-05-18 20:30:00,Wilfried Stephane Singo,Pass
1556,424219,24,BlockedShot,0.735,0.565,0.018381599336862564,Rolando Mandragora,h,3821,OpenPlay,2020,LeftFoot,15796,Torino,Benevento,1,1,2021-05-23 18:45:00,Simone Verdi,Pass
1557,424234,90,BlockedShot,0.9019999694824219,0.12600000381469725,0.04398300126194954,Rolando Mandragora,h,3821,DirectFreekick,2020,LeftFoot,15796,Torino,Benevento,1,1,2021-05-23 18:45:00,,Standard
1558,427362,25,MissedShots,0.7469999694824219,0.62,0.017898499965667725,Rolando Mandragora,h,3821,OpenPlay,2021,LeftFoot,16758,Torino,Atalanta,1,2,2021-08-21 18:45:00,,None
1559,427370,43,MissedShots,0.7469999694824219,0.5790000152587891,0.021053100004792213,Rolando Mandragora,h,3821,OpenPlay,2021,LeftFoot,16758,Torino,Atalanta,1,2,2021-08-21 18:45:00,,Rebound
1560,427374,55,MissedShots,0.8159999847412109,0.615,0.035954300314188004,Rolando Mandragora,h,3821,OpenPlay,2021,LeftFoot,16758,Torino,Atalanta,1,2,2021-08-21 18:45:00,Karol Linetty,Pass
1561,430994,91,MissedShots,0.7780000305175782,0.6759999847412109,0.02484159916639328,Rolando Mandragora,a,3821,OpenPlay,2021,LeftFoot,16793,Sassuolo,Torino,0,1,2021-09-17 18:45:00,Cristian Ansaldi,Pass
1562,430997,94,MissedShots,0.84,0.710999984741211,0.034389298409223557,Rolando Mandragora,a,3821,OpenPlay,2021,LeftFoot,16793,Sassuolo,Torino,0,1,2021-09-17 18:45:00,Karol Linetty,Pass
1563,432968,41,MissedShots,0.705999984741211,0.5540000152587891,0.014972800388932228,Rolando Mandragora,h,3821,FromCorner,2021,LeftFoot,16805,Torino,Lazio,1,1,2021-09-23 16:30:00,Ola Aina,BallTouch
1564,434489,95,SavedShot,0.8819999694824219,0.3820000076293945,0.17240500450134277,Rolando Mandragora,a,3821,OpenPlay,2021,RightFoot,16814,Venezia,Torino,1,1,2021-09-27 18:45:00,Sasa Lukic,TakeOn
1565,435051,8,MissedShots,0.7069999694824218,0.6630000305175782,0.011841599829494953,Rolando Mandragora,h,3821,OpenPlay,2021,LeftFoot,16825,Torino,Juventus,0,1,2021-10-02 16:00:00,Tommaso Pobega,BallRecovery
1566,435057,37,SavedShot,0.725,0.6370000076293946,0.014675600454211235,Rolando Mandragora,h,3821,OpenPlay,2021,LeftFoot,16825,Torino,Juventus,0,1,2021-10-02 16:00:00,Ricardo Rodríguez,Pass
1567,453069,43,BlockedShot,0.89,0.6940000152587891,0.04387279972434044,Rolando Mandragora,a,3821,OpenPlay,2021,LeftFoot,16973,Sampdoria,Torino,1,2,2022-01-15 14:00:00,Josip Brekalo,Pass
1568,453071,47,MissedShots,0.735,0.5509999847412109,0.016935499384999275,Rolando Mandragora,a,3821,OpenPlay,2021,RightFoot,16973,Sampdoria,Torino,1,2,2022-01-15 14:00:00,,None
1569,455040,40,ShotOnPost,0.71,0.53,0.018245700746774673,Rolando Mandragora,h,3821,OpenPlay,2021,LeftFoot,16985,Torino,Sassuolo,1,1,2022-01-23 14:00:00,Josip Brekalo,Pass
1570,455042,47,MissedShots,0.8040000152587891,0.509000015258789,0.05984539911150932,Rolando Mandragora,h,3821,OpenPlay,2021,LeftFoot,16985,Torino,Sassuolo,1,1,2022-01-23 14:00:00,Wilfried Stephane Singo,Pass
1571,457976,5,SavedShot,0.914000015258789,0.6759999847412109,0.07551559805870056,Rolando Mandragora,a,3821,OpenPlay,2021,LeftFoot,17010,Juventus,Torino,1,1,2022-02-18 19:45:00,Mergim Vojvoda,Pass
1572,457987,49,SavedShot,0.840999984741211,0.524000015258789,0.07250510156154633,Rolando Mandragora,a,3821,OpenPlay,2021,LeftFoot,17010,Juventus,Torino,1,1,2022-02-18 19:45:00,Mergim Vojvoda,Pass
1573,457993,65,BlockedShot,0.855999984741211,0.7390000152587891,0.03052080050110817,Rolando Mandragora,a,3821,OpenPlay,2021,LeftFoot,17010,Juventus,Torino,1,1,2022-02-18 19:45:00,Josip Brekalo,Pass
1574,461661,56,MissedShots,0.7430000305175781,0.4420000076293945,0.017015399411320686,Rolando Mandragora,a,3821,OpenPlay,2021,RightFoot,17026,Bologna,Torino,0,0,2022-03-06 14:00:00,,None
1575,463407,44,MissedShots,0.765,0.6709999847412109,0.022060800343751907,Rolando Mandragora,h,3821,OpenPlay,2021,LeftFoot,17044,Torino,Inter,1,1,2022-03-13 19:45:00,Alessandro Buongiorno,Pass
1576,463699,25,MissedShots,0.835999984741211,0.18200000762939453,0.04663589969277382,Rolando Mandragora,a,3821,DirectFreekick,2021,LeftFoot,17049,Genoa,Torino,1,0,2022-03-18 20:00:00,,Standard
1577,465526,85,SavedShot,0.85,0.44,0.08754819631576538,Rolando Mandragora,a,3821,OpenPlay,2021,RightFoot,17062,Salernitana,Torino,0,1,2022-04-02 18:45:00,Karol Linetty,Pass
1578,473005,54,MissedShots,0.7559999847412109,0.40900001525878904,0.06344469636678696,Rolando Mandragora,h,3821,DirectFreekick,2021,LeftFoot,17114,Torino,Napoli,0,1,2022-05-07 13:00:00,,Standard
1579,477025,83,MissedShots,0.794000015258789,0.72,0.023276500403881073,Rolando Mandragora,h,3821,FromCorner,2021,LeftFoot,17134,Torino,Roma,0,3,2022-05-20 18:45:00,Sasa Lukic,Cross
1580,477027,89,BlockedShot,0.75,0.44299999237060544,0.06288950145244598,Rolando Mandragora,h,3821,DirectFreekick,2021,LeftFoot,17134,Torino,Roma,0,3,2022-05-20 18:45:00,,Standard
1581,482648,29,MissedShots,0.7369999694824219,0.5120000076293946,0.018798399716615677,Rolando Mandragora,a,3821,OpenPlay,2022,LeftFoot,18597,Empoli,Fiorentina,0,0,2022-08-21 16:30:00,,BallRecovery
1582,482655,83,BlockedShot,0.785,0.6,0.024361299350857735,Rolando Mandragora,a,3821,OpenPlay,2022,RightFoot,18597,Empoli,Fiorentina,0,0,2022-08-21 16:30:00,Luka Jovic,Pass
1583,482663,99,SavedShot,0.74,0.664000015258789,0.017378700897097588,Rolando Mandragora,a,3821,OpenPlay,2022,LeftFoot,18597,Empoli,Fiorentina,0,0,2022-08-21 16:30:00,Nikola Milenkovic,Pass
1584,485722,89,BlockedShot,0.7719999694824219,0.705,0.015543900430202484,Rolando Mandragora,h,3821,OpenPlay,2022,LeftFoot,18622,Fiorentina,Juventus,1,1,2022-09-03 13:00:00,Riccardo Sottil,Pass
1585,489269,9,MissedShots,0.725999984741211,0.6270000076293946,0.0154405003413558,Rolando Mandragora,h,3821,OpenPlay,2022,LeftFoot,18644,Fiorentina,Verona,2,0,2022-09-18 13:00:00,Antonin Barak,Pass
1586,489282,51,MissedShots,0.7730000305175782,0.625999984741211,0.014254000037908554,Rolando Mandragora,h,3821,FromCorner,2022,LeftFoot,18644,Fiorentina,Verona,2,0,2022-09-18 13:00:00,Luca Ranieri,Aerial
1587,490991,2,MissedShots,0.7659999847412109,0.664000015258789,0.02021629922091961,Rolando Mandragora,a,3821,SetPiece,2022,LeftFoot,18652,Atalanta,Fiorentina,1,0,2022-10-02 16:00:00,Jonathan Ikone,Pass
1588,492623,44,BlockedShot,0.8619999694824219,0.7319999694824219,0.021580899134278297,Rolando Mandragora,h,3821,OpenPlay,2022,LeftFoot,18664,Fiorentina,Lazio,0,4,2022-10-10 18:45:00,,None
1589,492629,48,MissedShots,0.8419999694824218,0.6680000305175782,0.04084429889917374,Rolando Mandragora,h,3821,OpenPlay,2022,LeftFoot,18664,Fiorentina,Lazio,0,4,2022-10-10 18:45:00,Cristiano Biraghi,Pass
1590,492628,48,BlockedShot,0.7709999847412109,0.705999984741211,0.010465499944984913,Rolando Mandragora,h,3821,OpenPlay,2022,LeftFoot,18664,Fiorentina,Lazio,0,4,2022-10-10 18:45:00,,None
1591,494135,18,SavedShot,0.875,0.3220000076293945,0.056832801550626755,Rolando Mandragora,a,3821,OpenPlay,2022,RightFoot,18677,Lecce,Fiorentina,1,1,2022-10-17 18:45:00,Giacomo Bonaventura,Pass
1592,497228,7,BlockedShot,0.7880000305175782,0.6409999847412109,0.028023000806570053,Rolando Mandragora,a,3821,OpenPlay,2022,LeftFoot,18700,Spezia,Fiorentina,1,2,2022-10-30 14:00:00,Christian Kouamé,BallTouch
1593,497240,43,BlockedShot,0.91,0.6830000305175781,0.06508290022611618,Rolando Mandragora,a,3821,OpenPlay,2022,LeftFoot,18700,Spezia,Fiorentina,1,2,2022-10-30 14:00:00,Giacomo Bonaventura,Pass
1594,497244,51,BlockedShot,0.7019999694824218,0.6419999694824219,0.012360099703073502,Rolando Mandragora,a,3821,OpenPlay,2022,LeftFoot,18700,Spezia,Fiorentina,1,2,2022-10-30 14:00:00,Alfred Duncan,Pass
1595,497246,52,MissedShots,0.750999984741211,0.4540000152587891,0.017044000327587128,Rolando Mandragora,a,3821,FromCorner,2022,LeftFoot,18700,Spezia,Fiorentina,1,2,2022-10-30 14:00:00,,None
1596,497255,84,BlockedShot,0.7609999847412109,0.5979999923706054,0.017306599766016006,Rolando Mandragora,a,3821,FromCorner,2022,LeftFoot,18700,Spezia,Fiorentina,1,2,2022-10-30 14:00:00,,None
1597,499557,23,SavedShot,0.8719999694824219,0.6819999694824219,0.06921769678592682,Rolando Mandragora,h,3821,OpenPlay,2022,LeftFoot,18713,Fiorentina,Salernitana,2,1,2022-11-09 19:45:00,Giacomo Bonaventura,Pass
1598,499567,56,BlockedShot,0.7769999694824219,0.62,0.025021100416779518,Rolando Mandragora,h,3821,OpenPlay,2022,LeftFoot,18713,Fiorentina,Salernitana,2,1,2022-11-09 19:45:00,Jonathan Ikone,Pass
1599,500848,36,BlockedShot,0.840999984741211,0.6530000305175782,0.04623330011963844,Rolando Mandragora,a,3821,OpenPlay,2022,RightFoot,18727,AC Milan,Fiorentina,2,1,2022-11-13 17:00:00,Arthur Cabral,Pass
1600,500850,41,MissedShots,0.805,0.6619999694824219,0.024450400844216347,Rolando Mandragora,a,3821,OpenPlay,2022,LeftFoot,18727,AC Milan,Fiorentina,2,1,2022-11-13 17:00:00,Arthur Cabral,Pass
1601,500856,56,MissedShots,0.875999984741211,0.66,0.06629560142755508,Rolando Mandragora,a,3821,OpenPlay,2022,LeftFoot,18727,AC Milan,Fiorentina,2,1,2022-11-13 17:00:00,Arthur Cabral,Pass
1602,507830,94,MissedShots,0.865999984741211,0.6880000305175781,0.03704509884119034,Rolando Mandragora,h,3821,OpenPlay,2022,LeftFoot,18783,Fiorentina,Bologna,1,2,2023-02-05 17:00:00,Nicolás González,Chipped
1603,510226,11,MissedShots,0.784000015258789,0.6780000305175782,0.021809199824929237,Rolando Mandragora,h,3821,OpenPlay,2022,LeftFoot,18803,Fiorentina,Empoli,1,1,2023-02-19 14:00:00,Riccardo Saponara,Pass
1604,510232,32,BlockedShot,0.794000015258789,0.659000015258789,0.07714740186929703,Rolando Mandragora,h,3821,DirectFreekick,2022,LeftFoot,18803,Fiorentina,Empoli,1,1,2023-02-19 14:00:00,,Standard
1605,510241,65,BlockedShot,0.879000015258789,0.37099998474121093,0.0768095999956131,Rolando Mandragora,h,3821,OpenPlay,2022,LeftFoot,18803,Fiorentina,Empoli,1,1,2023-02-19 14:00:00,Jonathan Ikone,Pass
1606,510245,73,MissedShots,0.81,0.5279999923706055,0.04430750012397766,Rolando Mandragora,h,3821,SetPiece,2022,LeftFoot,18803,Fiorentina,Empoli,1,1,2023-02-19 14:00:00,Giacomo Bonaventura,Pass
1607,512405,6,MissedShots,0.8680000305175781,0.6919999694824219,0.04876900091767311,Rolando Mandragora,h,3821,OpenPlay,2022,LeftFoot,18823,Fiorentina,AC Milan,2,1,2023-03-04 19:45:00,,BallTouch
1608,514003,16,MissedShots,0.7330000305175781,0.620999984741211,0.01577720046043396,Rolando Mandragora,a,3821,OpenPlay,2022,LeftFoot,18833,Cremonese,Fiorentina,0,2,2023-03-12 14:00:00,Dodô,LayOff
1609,514004,26,Goal,0.8619999694824219,0.5529999923706055,0.0739101991057396,Rolando Mandragora,a,3821,OpenPlay,2022,LeftFoot,18833,Cremonese,Fiorentina,0,2,2023-03-12 14:00:00,Jonathan Ikone,None
1610,515568,83,BlockedShot,0.7980000305175782,0.68,0.02805599942803383,Rolando Mandragora,h,3821,OpenPlay,2022,LeftFoot,18843,Fiorentina,Lecce,1,0,2023-03-19 14:00:00,Riccardo Sottil,Pass
1611,516497,34,MissedShots,0.74,0.4909999847412109,0.019448699429631233,Rolando Mandragora,a,3821,OpenPlay,2022,LeftFoot,18855,Inter,Fiorentina,0,1,2023-04-01 16:00:00,Arthur Cabral,Pass
1612,516500,39,BlockedShot,0.7419999694824219,0.715,0.014344800263643265,Rolando Mandragora,a,3821,OpenPlay,2022,LeftFoot,18855,Inter,Fiorentina,0,1,2023-04-01 16:00:00,Giacomo Bonaventura,Pass
1613,520401,22,MissedShots,0.7609999847412109,0.7040000152587891,0.016751399263739586,Rolando Mandragora,h,3821,OpenPlay,2022,LeftFoot,18874,Fiorentina,Atalanta,1,1,2023-04-17 18:45:00,Nicolás González,Pass
1614,527909,25,MissedShots,0.7369999694824219,0.40200000762939453,0.017974156886339188,Rolando Mandragora,a,3821,OpenPlay,2022,LeftFoot,18940,Torino,Fiorentina,1,1,2023-05-21 13:00:00,Aleksa Terzic,Pass
1615,527912,38,MissedShots,0.7290000152587891,0.6619999694824219,0.013216998428106308,Rolando Mandragora,a,3821,FromCorner,2022,LeftFoot,18940,Torino,Fiorentina,1,1,2023-05-21 13:00:00,,None
1616,527919,52,MissedShots,0.9419999694824219,0.6370000076293946,0.011738323606550694,Rolando Mandragora,a,3821,FromCorner,2022,Head,18940,Torino,Fiorentina,1,1,2023-05-21 13:00:00,Riccardo Saponara,Aerial
1617,529207,9,BlockedShot,0.7480000305175781,0.64,0.051564570516347885,Rolando Mandragora,h,3821,DirectFreekick,2022,LeftFoot,18943,Fiorentina,Roma,2,1,2023-05-27 16:00:00,,Standard
1618,529224,84,MissedShots,0.9730000305175781,0.5820000076293945,0.043702732771635056,Rolando Mandragora,h,3821,OpenPlay,2022,Head,18943,Fiorentina,Roma,2,1,2023-05-27 16:00:00,Christian Kouamé,Goal
1619,533565,47,MissedShots,0.8130000305175781,0.8640000152587891,0.02123315818607807,Rolando Mandragora,a,3821,OpenPlay,2023,LeftFoot,22308,Genoa,Fiorentina,1,4,2023-08-19 18:45:00,Luca Ranieri,Chipped
1620,533566,55,Goal,0.9080000305175782,0.53,0.4161089062690735,Rolando Mandragora,a,3821,OpenPlay,2023,Head,22308,Genoa,Fiorentina,1,4,2023-08-19 18:45:00,Giacomo Bonaventura,Throughball
1621,538453,37,BlockedShot,0.8030000305175782,0.5870000076293945,0.035535577684640884,Rolando Mandragora,h,3821,FromCorner,2023,LeftFoot,22341,Fiorentina,Atalanta,3,2,2023-09-17 16:00:00,Giacomo Bonaventura,Pass
1622,538455,38,SavedShot,0.7580000305175781,0.46599998474121096,0.025612376630306244,Rolando Mandragora,h,3821,OpenPlay,2023,LeftFoot,22341,Fiorentina,Atalanta,3,2,2023-09-17 16:00:00,Alfred Duncan,Tackle
1623,540534,71,MissedShots,0.730999984741211,0.18,0.00938060786575079,Rolando Mandragora,a,3821,OpenPlay,2023,LeftFoot,22364,Frosinone,Fiorentina,1,1,2023-09-28 16:30:00,Michael Kayode,TakeOn
1624,546445,76,MissedShots,0.7230000305175781,0.5329999923706055,0.01283664908260107,Rolando Mandragora,a,3821,FromCorner,2023,LeftFoot,22402,Lazio,Fiorentina,1,0,2023-10-30 19:45:00,,Aerial
1625,547655,39,BlockedShot,0.8040000152587891,0.6609999847412109,0.020914524793624878,Rolando Mandragora,h,3821,FromCorner,2023,LeftFoot,22408,Fiorentina,Juventus,0,1,2023-11-05 19:45:00,,None
1626,547661,50,MissedShots,0.759000015258789,0.620999984741211,0.023022331297397614,Rolando Mandragora,h,3821,OpenPlay,2023,LeftFoot,22408,Fiorentina,Juventus,0,1,2023-11-05 19:45:00,Arthur,Pass
1627,547663,58,MissedShots,0.779000015258789,0.7169999694824218,0.019071295857429504,Rolando Mandragora,h,3821,OpenPlay,2023,LeftFoot,22408,Fiorentina,Juventus,0,1,2023-11-05 19:45:00,Christian Kouamé,Pass
1628,550034,95,SavedShot,0.9740000152587891,0.47299999237060547,0.7081254720687866,Rolando Mandragora,a,3821,FromCorner,2023,LeftFoot,22433,AC Milan,Fiorentina,1,0,2023-11-25 19:45:00,,None
1629,554835,73,SavedShot,0.9109999847412109,0.44799999237060545,0.11029533296823502,Rolando Mandragora,h,3821,OpenPlay,2023,LeftFoot,22457,Fiorentina,Verona,1,0,2023-12-17 14:00:00,Cristiano Biraghi,Cross
1630,556794,81,BlockedShot,0.769000015258789,0.555,0.014874499291181564,Rolando Mandragora,h,3821,FromCorner,2023,LeftFoot,22477,Fiorentina,Torino,1,0,2023-12-29 17:30:00,,Aerial
1631,558683,51,SavedShot,0.7709999847412109,0.515,0.029415031895041466,Rolando Mandragora,h,3821,OpenPlay,2023,LeftFoot,22496,Fiorentina,Udinese,2,2,2024-01-14 17:00:00,Lucas Beltrán,Pass
1632,560910,49,Goal,0.7730000305175782,0.7040000152587891,0.01624949462711811,Rolando Mandragora,a,3821,OpenPlay,2023,LeftFoot,22534,Lecce,Fiorentina,3,2,2024-02-02 19:45:00,,TakeOn
1633,560916,70,MissedShots,0.6959999847412109,0.595999984741211,0.017373424023389816,Rolando Mandragora,a,3821,OpenPlay,2023,LeftFoot,22534,Lecce,Fiorentina,3,2,2024-02-02 19:45:00,Maxime Lopez,Pass
1634,562825,23,MissedShots,0.9169999694824219,0.624000015258789,0.3387126922607422,Rolando Mandragora,h,3821,OpenPlay,2023,LeftFoot,22537,Fiorentina,Frosinone,5,1,2024-02-11 11:30:00,Andrea Belotti,Chipped
1635,562842,81,MissedShots,0.895,0.590999984741211,0.03835790231823921,Rolando Mandragora,h,3821,OpenPlay,2023,Head,22537,Fiorentina,Frosinone,5,1,2024-02-11 11:30:00,Michael Kayode,Cross
1636,563452,22,MissedShots,0.769000015258789,0.46099998474121096,0.028666798025369644,Rolando Mandragora,a,3821,OpenPlay,2023,LeftFoot,22505,Bologna,Fiorentina,2,0,2024-02-14 18:00:00,Jonathan Ikone,Pass
1637,564321,83,MissedShots,0.7709999847412109,0.675,0.01735800690948963,Rolando Mandragora,a,3821,OpenPlay,2023,LeftFoot,22553,Empoli,Fiorentina,1,1,2024-02-18 14:00:00,,None
1638,566894,78,MissedShots,0.7609999847412109,0.644000015258789,0.01994655840098858,Rolando Mandragora,a,3821,OpenPlay,2023,LeftFoot,22571,Torino,Fiorentina,0,0,2024-03-02 19:45:00,Maxime Lopez,Pass
1639,568890,22,MissedShots,0.81,0.4879999923706055,0.047635313123464584,Rolando Mandragora,h,3821,SetPiece,2023,LeftFoot,22577,Fiorentina,Roma,2,2,2024-03-10 19:45:00,Nicolás González,Pass
1640,568904,68,Goal,0.9519999694824218,0.4979999923706055,0.6059661507606506,Rolando Mandragora,h,3821,SetPiece,2023,LeftFoot,22577,Fiorentina,Roma,2,2,2024-03-10 19:45:00,,None
1641,571031,69,BlockedShot,0.764000015258789,0.4979999923706055,0.019508104771375656,Rolando Mandragora,h,3821,FromCorner,2023,LeftFoot,22601,Fiorentina,AC Milan,1,2,2024-03-30 19:45:00,,None
1642,571033,71,SavedShot,0.8780000305175781,0.30100000381469727,0.03563977777957916,Rolando Mandragora,h,3821,OpenPlay,2023,LeftFoot,22601,Fiorentina,AC Milan,1,2,2024-03-30 19:45:00,Michael Kayode,Pass
1643,573180,40,BlockedShot,0.7140000152587891,0.5529999923706055,0.017336901277303696,Rolando Mandragora,a,3821,SetPiece,2023,LeftFoot,22605,Juventus,Fiorentina,1,0,2024-04-07 18:45:00,Giacomo Bonaventura,Pass
1644,574544,67,MissedShots,0.799000015258789,0.26299999237060545,0.056009165942668915,Rolando Mandragora,h,3821,DirectFreekick,2023,LeftFoot,22623,Fiorentina,Genoa,1,1,2024-04-15 16:30:00,,Standard
1645,575697,94,SavedShot,0.8859999847412109,0.6419999694824219,0.09653161466121674,Rolando Mandragora,a,3821,OpenPlay,2023,LeftFoot,22631,Salernitana,Fiorentina,0,2,2024-04-21 16:00:00,Riccardo Sottil,Pass
1646,580866,58,BlockedShot,0.8490000152587891,0.6070000076293945,0.0763026773929596,Rolando Mandragora,h,3821,OpenPlay,2023,LeftFoot,22656,Fiorentina,Monza,2,1,2024-05-13 18:45:00,Arthur,Pass
1647,580867,61,SavedShot,0.9369999694824219,0.6630000305175782,0.28579947352409363,Rolando Mandragora,h,3821,OpenPlay,2023,LeftFoot,22656,Fiorentina,Monza,2,1,2024-05-13 18:45:00,Fabiano Parisi,Chipped
1648,580870,69,SavedShot,0.955999984741211,0.4929999923706055,0.6828792095184326,Rolando Mandragora,h,3821,SetPiece,2023,LeftFoot,22656,Fiorentina,Monza,2,1,2024-05-13 18:45:00,Antonin Barak,Rebound
1649,584952,5,SavedShot,0.7340000152587891,0.3139999961853027,0.012231136672198772,Rolando Mandragora,a,3821,OpenPlay,2024,LeftFoot,27363,Parma Calcio 1913,Fiorentina,1,1,2024-08-17 16:30:00,Dodô,Pass
1650,584970,62,BlockedShot,0.759000015258789,0.565,0.02486361935734749,Rolando Mandragora,a,3821,OpenPlay,2024,LeftFoot,27363,Parma Calcio 1913,Fiorentina,1,1,2024-08-17 16:30:00,Sofyan Amrabat,Pass
1651,584972,67,SavedShot,0.7769999694824219,0.6480000305175782,0.022586878389120102,Rolando Mandragora,a,3821,OpenPlay,2024,LeftFoot,27363,Parma Calcio 1913,Fiorentina,1,1,2024-08-17 16:30:00,,None
1652,586907,83,BlockedShot,0.6819999694824219,0.6869999694824219,0.01039973646402359,Rolando Mandragora,h,3821,OpenPlay,2024,LeftFoot,27376,Fiorentina,Venezia,0,0,2024-08-25 16:30:00,Riccardo Sottil,Pass
1653,591378,7,SavedShot,0.85,0.665,0.029429839923977852,Rolando Mandragora,a,3821,OpenPlay,2024,LeftFoot,27393,Atalanta,Fiorentina,3,2,2024-09-15 13:00:00,Robin Gosens,HeadPass
1654,592831,26,MissedShots,0.7730000305175782,0.5629999923706055,0.027827009558677673,Rolando Mandragora,h,3821,FromCorner,2024,LeftFoot,27404,Fiorentina,Lazio,2,1,2024-09-22 10:30:00,Edoardo Bove,Pass
1655,600585,75,ShotOnPost,0.7619999694824219,0.72,0.04478088393807411,Rolando Mandragora,a,3821,DirectFreekick,2024,LeftFoot,27470,Torino,Fiorentina,0,1,2024-11-03 14:00:00,,Standard
1656,104770,14,BlockedShot,0.7569999694824219,0.5929999923706055,0.030671000480651855,Jonathan Ikone,a,5661,OpenPlay,2016,LeftFoot,2331,Nancy,Paris Saint Germain,1,2,2016-10-15 19:00:00,,None
1657,107627,31,MissedShots,0.9119999694824219,0.63,0.01733429916203022,Jonathan Ikone,h,5661,OpenPlay,2016,Head,3228,Paris Saint Germain,Angers,2,0,2016-12-01 00:00:00,Maxwell,Aerial
1658,108433,33,SavedShot,0.7380000305175781,0.48700000762939455,0.018685199320316315,Jonathan Ikone,a,5661,OpenPlay,2016,LeftFoot,4119,Metz,Montpellier,2,0,2017-01-21 22:00:00,Ellyes Skhiri,Pass
1659,106339,10,SavedShot,0.7930000305175782,0.49700000762939456,0.043832000344991684,Jonathan Ikone,a,5661,OpenPlay,2016,LeftFoot,4132,Marseille,Montpellier,5,1,2017-01-27 22:45:00,Nordi Mukiele,Pass
1660,106347,27,SavedShot,0.8719999694824219,0.534000015258789,0.054565101861953735,Jonathan Ikone,a,5661,OpenPlay,2016,LeftFoot,4132,Marseille,Montpellier,5,1,2017-01-27 22:45:00,Paul Lasne,Cross
1661,106357,54,SavedShot,0.8769999694824219,0.5929999923706055,0.0907227024435997,Jonathan Ikone,a,5661,OpenPlay,2016,RightFoot,4132,Marseille,Montpellier,5,1,2017-01-27 22:45:00,Ryad Boudebouz,Pass
1662,107347,72,MissedShots,0.7030000305175781,0.6029999923706054,0.018480200320482254,Jonathan Ikone,h,5661,OpenPlay,2016,LeftFoot,4138,Montpellier,SC Bastia,2,1,2017-02-04 19:00:00,Stéphane Sessegnon,Pass
1663,107349,81,ShotOnPost,0.909000015258789,0.580999984741211,0.40673500299453735,Jonathan Ikone,h,5661,SetPiece,2016,LeftFoot,4138,Montpellier,SC Bastia,2,1,2017-02-04 19:00:00,,TakeOn
1664,108153,29,MissedShots,0.9130000305175782,0.6020000076293945,0.10066699981689453,Jonathan Ikone,h,5661,OpenPlay,2016,LeftFoot,4146,Montpellier,Monaco,1,2,2017-02-07 21:00:00,Keagan Dolly,Pass
1665,108158,46,BlockedShot,0.904000015258789,0.36400001525878906,0.08700069785118103,Jonathan Ikone,h,5661,OpenPlay,2016,RightFoot,4146,Montpellier,Monaco,1,2,2017-02-07 21:00:00,Steve Mounie,Pass
1666,108747,66,SavedShot,0.8959999847412109,0.425,0.38259801268577576,Jonathan Ikone,h,5661,OpenPlay,2016,LeftFoot,4200,Montpellier,Nantes,2,3,2017-03-11 19:00:00,Isaac Mbenza,Pass
1667,108752,71,MissedShots,0.895,0.629000015258789,0.07401269674301147,Jonathan Ikone,h,5661,OpenPlay,2016,RightFoot,4200,Montpellier,Nantes,2,3,2017-03-11 19:00:00,Jérôme Roussillon,TakeOn
1668,108753,75,SavedShot,0.8530000305175781,0.515,0.0666131004691124,Jonathan Ikone,h,5661,OpenPlay,2016,LeftFoot,4200,Montpellier,Nantes,2,3,2017-03-11 19:00:00,Isaac Mbenza,HeadPass
1669,109330,26,MissedShots,0.8540000152587891,0.5579999923706055,0.08130490034818649,Jonathan Ikone,a,5661,OpenPlay,2016,LeftFoot,4207,Bordeaux,Montpellier,5,1,2017-03-18 19:00:00,Jérôme Roussillon,Pass
1670,108957,84,MissedShots,0.8490000152587891,0.5529999923706055,0.07614520192146301,Jonathan Ikone,h,5661,OpenPlay,2016,LeftFoot,4216,Montpellier,Toulouse,0,1,2017-04-02 16:00:00,Souleymane Camara,TakeOn
1671,111015,87,Goal,0.8159999847412109,0.46,0.09454090148210526,Jonathan Ikone,a,5661,OpenPlay,2016,LeftFoot,4234,Caen,Montpellier,0,2,2017-04-08 19:00:00,Paul Lasne,Pass
1672,111016,88,SavedShot,0.825,0.30700000762939456,0.07489039748907089,Jonathan Ikone,a,5661,OpenPlay,2016,LeftFoot,4234,Caen,Montpellier,0,2,2017-04-08 19:00:00,Stéphane Sessegnon,Chipped
1673,111059,10,SavedShot,0.7609999847412109,0.505,0.03861910104751587,Jonathan Ikone,h,5661,OpenPlay,2016,LeftFoot,4235,Montpellier,Lorient,2,0,2017-04-15 19:00:00,,BallRecovery
1674,111062,15,SavedShot,0.769000015258789,0.575999984741211,0.03891490027308464,Jonathan Ikone,h,5661,OpenPlay,2016,LeftFoot,4235,Montpellier,Lorient,2,0,2017-04-15 19:00:00,,None
1675,111068,56,MissedShots,0.8480000305175781,0.37099998474121093,0.07984860241413116,Jonathan Ikone,h,5661,OpenPlay,2016,LeftFoot,4235,Montpellier,Lorient,2,0,2017-04-15 19:00:00,Stéphane Sessegnon,Pass
1676,110288,78,SavedShot,0.905,0.6880000305175781,0.06673929840326309,Jonathan Ikone,a,5661,OpenPlay,2016,LeftFoot,4250,Paris Saint Germain,Montpellier,2,0,2017-04-22 16:00:00,Jérôme Roussillon,Pass
1677,110480,31,SavedShot,0.9519999694824218,0.735,0.04523169994354248,Jonathan Ikone,h,5661,OpenPlay,2016,LeftFoot,4255,Montpellier,Lille,0,3,2017-04-29 19:00:00,Jérôme Roussillon,TakeOn
1678,110482,40,BlockedShot,0.8090000152587891,0.6469999694824219,0.042346399277448654,Jonathan Ikone,h,5661,OpenPlay,2016,LeftFoot,4255,Montpellier,Lille,0,3,2017-04-29 19:00:00,Nordi Mukiele,TakeOn
1679,111969,35,SavedShot,0.8219999694824218,0.4759999847412109,0.08132170140743256,Jonathan Ikone,h,5661,OpenPlay,2016,LeftFoot,4277,Montpellier,Lyon,1,3,2017-05-14 20:00:00,Nordi Mukiele,TakeOn
1680,111976,54,SavedShot,0.9069999694824219,0.3139999961853027,0.032642100006341934,Jonathan Ikone,h,5661,SetPiece,2016,LeftFoot,4277,Montpellier,Lyon,1,3,2017-05-14 20:00:00,Ryad Boudebouz,Pass
1681,110521,72,MissedShots,0.87,0.29100000381469726,0.0436880998313427,Jonathan Ikone,a,5661,OpenPlay,2016,LeftFoot,4292,Angers,Montpellier,2,0,2017-05-20 20:00:00,Isaac Mbenza,Pass
1682,110525,77,SavedShot,0.8530000305175781,0.649000015258789,0.06081639975309372,Jonathan Ikone,a,5661,OpenPlay,2016,LeftFoot,4292,Angers,Montpellier,2,0,2017-05-20 20:00:00,Ellyes Skhiri,Pass
1683,162646,88,MissedShots,0.77,0.3370000076293945,0.01040790043771267,Jonathan Ikone,a,5661,SetPiece,2017,LeftFoot,8599,Dijon,Montpellier,2,1,2017-08-26 19:00:00,,Aerial
1684,163241,50,SavedShot,0.8109999847412109,0.7140000152587891,0.03067220002412796,Jonathan Ikone,h,5661,OpenPlay,2017,LeftFoot,8613,Montpellier,Nantes,0,1,2017-09-09 19:00:00,Ellyes Skhiri,TakeOn
1685,183591,53,MissedShots,0.7219999694824218,0.3340000152587891,0.03929780051112175,Jonathan Ikone,a,5661,DirectFreekick,2017,LeftFoot,8749,Bordeaux,Montpellier,0,2,2017-12-20 19:50:00,,Standard
1686,183594,59,SavedShot,0.715999984741211,0.36400001525878906,0.013441899791359901,Jonathan Ikone,a,5661,OpenPlay,2017,LeftFoot,8749,Bordeaux,Montpellier,0,2,2017-12-20 19:50:00,Nordi Mukiele,TakeOn
1687,183593,59,BlockedShot,0.7680000305175781,0.54,0.02921140007674694,Jonathan Ikone,a,5661,OpenPlay,2017,LeftFoot,8749,Bordeaux,Montpellier,0,2,2017-12-20 19:50:00,,None
1688,183597,70,Goal,0.865999984741211,0.710999984741211,0.03566569834947586,Jonathan Ikone,a,5661,OpenPlay,2017,LeftFoot,8749,Bordeaux,Montpellier,0,2,2017-12-20 19:50:00,Junior Sambia,Pass
1689,187689,22,SavedShot,0.82,0.3579999923706055,0.042416900396347046,Jonathan Ikone,h,5661,OpenPlay,2017,LeftFoot,8758,Montpellier,Monaco,0,0,2018-01-13 19:00:00,Ruben Aguilar,Pass
1690,187693,35,BlockedShot,0.8630000305175781,0.27399999618530274,0.035681698471307755,Jonathan Ikone,h,5661,OpenPlay,2017,LeftFoot,8758,Montpellier,Monaco,0,0,2018-01-13 19:00:00,Giovanni Sio,Pass
1691,187703,55,MissedShots,0.95,0.3370000076293945,0.072810098528862,Jonathan Ikone,h,5661,OpenPlay,2017,LeftFoot,8758,Montpellier,Monaco,0,0,2018-01-13 19:00:00,Ruben Aguilar,Pass
1692,188230,78,MissedShots,0.7030000305175781,0.45099998474121095,0.010885999538004398,Jonathan Ikone,a,5661,OpenPlay,2017,LeftFoot,8765,Amiens,Montpellier,1,1,2018-01-17 18:00:00,Souleymane Camara,LayOff
1693,188231,83,MissedShots,0.8830000305175781,0.415,0.06570540368556976,Jonathan Ikone,a,5661,OpenPlay,2017,LeftFoot,8765,Amiens,Montpellier,1,1,2018-01-17 18:00:00,Nordi Mukiele,Cross
1694,189003,29,BlockedShot,0.845,0.3240000152587891,0.04115210101008415,Jonathan Ikone,h,5661,OpenPlay,2017,LeftFoot,8779,Montpellier,Toulouse,2,1,2018-01-20 19:00:00,Pedro Mendes,Pass
1695,189007,40,BlockedShot,0.889000015258789,0.5940000152587891,0.025654900819063187,Jonathan Ikone,h,5661,OpenPlay,2017,Head,8779,Montpellier,Toulouse,2,1,2018-01-20 19:00:00,,Aerial
1696,196549,5,BlockedShot,0.8719999694824219,0.6669999694824219,0.05150410160422325,Jonathan Ikone,h,5661,OpenPlay,2017,RightFoot,8823,Montpellier,Guingamp,1,1,2018-02-17 19:00:00,Isaac Mbenza,Pass
1697,200330,77,MissedShots,0.865,0.5509999847412109,0.10598699748516083,Jonathan Ikone,a,5661,OpenPlay,2017,LeftFoot,8848,Lille,Montpellier,1,1,2018-03-10 19:00:00,Jérôme Roussillon,Pass
1698,200334,83,MissedShots,0.8219999694824218,0.5120000076293946,0.07299450039863586,Jonathan Ikone,a,5661,OpenPlay,2017,LeftFoot,8848,Lille,Montpellier,1,1,2018-03-10 19:00:00,Paul Lasne,TakeOn
1699,200336,93,BlockedShot,0.7580000305175781,0.6370000076293946,0.02023329958319664,Jonathan Ikone,a,5661,SetPiece,2017,LeftFoot,8848,Lille,Montpellier,1,1,2018-03-10 19:00:00,,TakeOn
1700,207176,35,MissedShots,0.825,0.629000015258789,0.047637101262807846,Jonathan Ikone,a,5661,OpenPlay,2017,LeftFoot,8878,Marseille,Montpellier,0,0,2018-04-08 19:00:00,Giovanni Sio,Pass
1701,220593,51,SavedShot,0.725,0.5279999923706055,0.01661060005426407,Jonathan Ikone,h,5661,OpenPlay,2018,LeftFoot,10670,Lille,Guingamp,3,0,2018-08-26 16:00:00,,None
1702,221938,14,BlockedShot,0.830999984741211,0.59,0.061510100960731506,Jonathan Ikone,a,5661,OpenPlay,2018,RightFoot,10675,Angers,Lille,1,0,2018-09-01 18:00:00,Nicolas Pepe,Pass
1703,221944,48,MissedShots,0.845999984741211,0.4420000076293945,0.06077120080590248,Jonathan Ikone,a,5661,SetPiece,2018,LeftFoot,10675,Angers,Lille,1,0,2018-09-01 18:00:00,Mehmet Zeki Çelik,Pass
1704,223823,3,BlockedShot,0.7909999847412109,0.49700000762939456,0.03850189968943596,Jonathan Ikone,a,5661,OpenPlay,2018,LeftFoot,10683,Amiens,Lille,2,3,2018-09-15 18:00:00,Xeka,Pass
1705,223828,26,MissedShots,0.8440000152587891,0.48700000762939455,0.06693089753389359,Jonathan Ikone,a,5661,OpenPlay,2018,LeftFoot,10683,Amiens,Lille,2,3,2018-09-15 18:00:00,,None
1706,223840,70,SavedShot,0.935,0.6530000305175782,0.1311579942703247,Jonathan Ikone,a,5661,OpenPlay,2018,LeftFoot,10683,Amiens,Lille,2,3,2018-09-15 18:00:00,Jonathan Bamba,Throughball
1707,225269,15,MissedShots,0.7580000305175781,0.47200000762939454,0.03634990006685257,Jonathan Ikone,h,5661,OpenPlay,2018,LeftFoot,10695,Lille,Nantes,2,1,2018-09-22 15:00:00,,Tackle
1708,225279,67,Goal,0.75,0.3579999923706055,0.025239799171686172,Jonathan Ikone,h,5661,OpenPlay,2018,LeftFoot,10695,Lille,Nantes,2,1,2018-09-22 15:00:00,José Fonte,BallRecovery
1709,228907,12,SavedShot,0.715,0.3629999923706055,0.01292979996651411,Jonathan Ikone,h,5661,FromCorner,2018,LeftFoot,10715,Lille,Marseille,3,0,2018-09-30 19:00:00,,None
1710,228909,23,MissedShots,0.9159999847412109,0.6140000152587891,0.3003920018672943,Jonathan Ikone,h,5661,OpenPlay,2018,LeftFoot,10715,Lille,Marseille,3,0,2018-09-30 19:00:00,Nicolas Pepe,Chipped
1711,260502,52,BlockedShot,0.8330000305175781,0.6609999847412109,0.05738069862127304,Jonathan Ikone,h,5661,OpenPlay,2018,LeftFoot,10727,Lille,Saint-Etienne,3,1,2018-10-06 15:00:00,Jonathan Bamba,Pass
1712,260800,81,SavedShot,0.87,0.34900001525878904,0.31857800483703613,Jonathan Ikone,a,5661,OpenPlay,2018,LeftFoot,10734,Dijon,Lille,1,2,2018-10-20 18:00:00,,TakeOn
1713,261048,2,SavedShot,0.8930000305175781,0.3120000076293945,0.058728501200675964,Jonathan Ikone,h,5661,OpenPlay,2018,LeftFoot,10747,Lille,Caen,1,0,2018-10-27 18:00:00,Mehmet Zeki Çelik,Pass
1714,262106,9,MissedShots,0.9019999694824219,0.5790000152587891,0.12013500183820724,Jonathan Ikone,h,5661,OpenPlay,2018,LeftFoot,10771,Lille,Strasbourg,0,0,2018-11-09 19:45:00,Jonathan Bamba,Pass
1715,262112,20,MissedShots,0.7680000305175781,0.5770000076293945,0.028554199263453484,Jonathan Ikone,h,5661,OpenPlay,2018,LeftFoot,10771,Lille,Strasbourg,0,0,2018-11-09 19:45:00,Nicolas Pepe,Pass
1716,262113,28,SavedShot,0.7180000305175781,0.6430000305175781,0.010936499573290348,Jonathan Ikone,h,5661,OpenPlay,2018,LeftFoot,10771,Lille,Strasbourg,0,0,2018-11-09 19:45:00,,None
1717,261857,6,MissedShots,0.9030000305175782,0.385,0.06492560356855392,Jonathan Ikone,a,5661,OpenPlay,2018,RightFoot,10780,Nice,Lille,2,0,2018-11-25 16:00:00,Mehmet Zeki Çelik,Cross
1718,261942,46,ShotOnPost,0.884000015258789,0.4,0.4559139907360077,Jonathan Ikone,h,5661,OpenPlay,2018,RightFoot,10784,Lille,Lyon,2,2,2018-12-01 16:00:00,Nicolas Pepe,Throughball
1719,262255,0,SavedShot,0.7909999847412109,0.43900001525878907,0.0403405986726284,Jonathan Ikone,a,5661,OpenPlay,2018,LeftFoot,10793,Montpellier,Lille,0,1,2018-12-04 20:00:00,Nicolas Pepe,Pass
1720,262557,74,BlockedShot,0.889000015258789,0.5729999923706055,0.3983269929885864,Jonathan Ikone,h,5661,OpenPlay,2018,RightFoot,10805,Lille,Reims,1,1,2018-12-09 16:00:00,Jonathan Bamba,Pass
1721,262863,22,SavedShot,0.91,0.3729999923706055,0.35433700680732727,Jonathan Ikone,h,5661,OpenPlay,2018,RightFoot,10825,Lille,Toulouse,1,2,2018-12-22 19:00:00,,TakeOn
1722,282086,38,MissedShots,0.8019999694824219,0.629000015258789,0.09419070184230804,Jonathan Ikone,a,5661,OpenPlay,2018,LeftFoot,10840,Caen,Lille,1,3,2019-01-11 18:00:00,Jonathan Bamba,Pass
1723,282445,16,MissedShots,0.889000015258789,0.5979999923706054,0.09599149972200394,Jonathan Ikone,h,5661,OpenPlay,2018,LeftFoot,10851,Lille,Amiens,2,1,2019-01-18 19:45:00,Jonathan Bamba,LayOff
1724,282450,43,BlockedShot,0.8059999847412109,0.555,0.08732540160417557,Jonathan Ikone,h,5661,OpenPlay,2018,LeftFoot,10851,Lille,Amiens,2,1,2019-01-18 19:45:00,,BallRecovery
1725,282961,4,BlockedShot,0.8880000305175781,0.655,0.04401630163192749,Jonathan Ikone,h,5661,OpenPlay,2018,LeftFoot,10864,Lille,Nice,4,0,2019-02-01 19:45:00,Jonathan Bamba,Cross
1726,283276,75,MissedShots,0.745999984741211,0.37599998474121094,0.05489860102534294,Jonathan Ikone,a,5661,DirectFreekick,2018,LeftFoot,10875,Guingamp,Lille,0,2,2019-02-10 16:00:00,,Standard
1727,283277,81,MissedShots,0.8919999694824219,0.48,0.11376400291919708,Jonathan Ikone,a,5661,OpenPlay,2018,Head,10875,Guingamp,Lille,0,2,2019-02-10 16:00:00,Jérémy Pied,Cross
1728,283547,13,BlockedShot,0.7480000305175781,0.5870000076293945,0.020840900018811226,Jonathan Ikone,h,5661,OpenPlay,2018,LeftFoot,10886,Lille,Montpellier,0,0,2019-02-17 14:00:00,Nicolas Pepe,Pass
1729,283557,46,ShotOnPost,0.8280000305175781,0.5359999847412109,0.0730409026145935,Jonathan Ikone,h,5661,OpenPlay,2018,LeftFoot,10886,Lille,Montpellier,0,0,2019-02-17 14:00:00,Thiago Mendes,Pass
1730,283700,41,Goal,0.8959999847412109,0.5570000076293945,0.4062829911708832,Jonathan Ikone,a,5661,OpenPlay,2018,LeftFoot,10900,Strasbourg,Lille,1,1,2019-02-22 19:45:00,Rafael Leão,Pass
1731,283709,71,BlockedShot,0.855999984741211,0.580999984741211,0.09106750041246414,Jonathan Ikone,a,5661,OpenPlay,2018,LeftFoot,10900,Strasbourg,Lille,1,1,2019-02-22 19:45:00,Nicolas Pepe,Pass
1732,283712,84,SavedShot,0.764000015258789,0.6170000076293946,0.024265499785542488,Jonathan Ikone,a,5661,OpenPlay,2018,LeftFoot,10900,Strasbourg,Lille,1,1,2019-02-22 19:45:00,Thiago Mendes,Pass
1733,284001,19,MissedShots,0.779000015258789,0.29399999618530276,0.05695519968867302,Jonathan Ikone,h,5661,DirectFreekick,2018,LeftFoot,10908,Lille,Dijon,1,0,2019-03-03 14:00:00,,Standard
1734,284009,58,MissedShots,0.8090000152587891,0.485,0.06244010105729103,Jonathan Ikone,h,5661,OpenPlay,2018,LeftFoot,10908,Lille,Dijon,1,0,2019-03-03 14:00:00,Mehmet Zeki Çelik,TakeOn
1735,285007,45,MissedShots,0.8519999694824218,0.44599998474121094,0.32774999737739563,Jonathan Ikone,a,5661,OpenPlay,2018,LeftFoot,10916,Saint-Etienne,Lille,0,1,2019-03-10 14:00:00,Jonathan Bamba,Throughball
1736,285924,92,MissedShots,0.915,0.5479999923706055,0.038502298295497894,Jonathan Ikone,h,5661,OpenPlay,2018,Head,10929,Lille,Monaco,0,1,2019-03-15 19:45:00,Youssouf Kone,Aerial
1737,292535,5,BlockedShot,0.7140000152587891,0.580999984741211,0.00968237966299057,Jonathan Ikone,a,5661,OpenPlay,2018,LeftFoot,10945,Reims,Lille,1,1,2019-04-07 14:00:00,Mehmet Zeki Çelik,Chipped
1738,292554,88,SavedShot,0.8,0.25299999237060544,0.0559815987944603,Jonathan Ikone,a,5661,DirectFreekick,2018,LeftFoot,10945,Reims,Lille,1,1,2019-04-07 14:00:00,,Standard
1739,295859,19,MissedShots,0.7669999694824219,0.4909999847412109,0.028781499713659286,Jonathan Ikone,a,5661,OpenPlay,2018,LeftFoot,10971,Toulouse,Lille,0,0,2019-04-21 14:00:00,Mehmet Zeki Çelik,Pass
1740,295861,25,MissedShots,0.9290000152587891,0.6930000305175781,0.021828100085258484,Jonathan Ikone,a,5661,OpenPlay,2018,LeftFoot,10971,Toulouse,Lille,0,0,2019-04-21 14:00:00,,Aerial
1741,295873,76,MissedShots,0.82,0.5370000076293945,0.05873670056462288,Jonathan Ikone,a,5661,OpenPlay,2018,RightFoot,10971,Toulouse,Lille,0,0,2019-04-21 14:00:00,Rui Fonte,TakeOn
1742,295879,85,SavedShot,0.865,0.40400001525878904,0.10360299795866013,Jonathan Ikone,a,5661,OpenPlay,2018,LeftFoot,10971,Toulouse,Lille,0,0,2019-04-21 14:00:00,Luiz Araujo,Pass
1743,300299,4,BlockedShot,0.799000015258789,0.2989999961853027,0.024796200916171074,Jonathan Ikone,a,5661,OpenPlay,2018,LeftFoot,10989,Lyon,Lille,2,2,2019-05-05 20:00:00,Boubakary Soumare,Pass
1744,301470,78,MissedShots,0.8009999847412109,0.44,0.12472499907016754,Jonathan Ikone,h,5661,DirectFreekick,2018,LeftFoot,10997,Lille,Bordeaux,1,0,2019-05-12 16:00:00,,Standard
1745,302800,1,Goal,0.915,0.39799999237060546,0.36695900559425354,Jonathan Ikone,h,5661,OpenPlay,2018,RightFoot,11005,Lille,Angers,5,0,2019-05-18 19:00:00,Jonathan Bamba,Pass
1746,302809,24,MissedShots,0.7340000152587891,0.40599998474121096,0.051749300211668015,Jonathan Ikone,h,5661,DirectFreekick,2018,LeftFoot,11005,Lille,Angers,5,0,2019-05-18 19:00:00,,Standard
1747,302811,26,SavedShot,0.9159999847412109,0.27700000762939453,0.027058899402618408,Jonathan Ikone,h,5661,OpenPlay,2018,LeftFoot,11005,Lille,Angers,5,0,2019-05-18 19:00:00,Loïc Remy,Rebound
1748,302824,58,SavedShot,0.8490000152587891,0.5879999923706055,0.10565199702978134,Jonathan Ikone,h,5661,OpenPlay,2018,LeftFoot,11005,Lille,Angers,5,0,2019-05-18 19:00:00,Youssouf Kone,Pass
1749,303654,3,SavedShot,0.7480000305175781,0.5570000076293945,0.02377060055732727,Jonathan Ikone,a,5661,OpenPlay,2018,LeftFoot,11022,Rennes,Lille,3,1,2019-05-24 19:05:00,Thiago Maia,Pass
1750,303659,36,BlockedShot,0.8930000305175781,0.46,0.12774300575256348,Jonathan Ikone,a,5661,OpenPlay,2018,LeftFoot,11022,Rennes,Lille,3,1,2019-05-24 19:05:00,Luiz Araujo,Pass
1751,310270,84,MissedShots,0.8330000305175781,0.5879999923706055,0.06886529922485352,Jonathan Ikone,h,5661,OpenPlay,2019,LeftFoot,12716,Lille,Nantes,2,1,2019-08-11 14:00:00,Jonathan Bamba,Pass
1752,310826,15,MissedShots,0.8469999694824218,0.43900001525878907,0.07037399709224701,Jonathan Ikone,a,5661,OpenPlay,2019,LeftFoot,12721,Amiens,Lille,1,0,2019-08-17 19:00:00,Jonathan Bamba,Chipped
1753,310827,16,BlockedShot,0.785,0.27399999618530274,0.019004199653863907,Jonathan Ikone,a,5661,OpenPlay,2019,LeftFoot,12721,Amiens,Lille,1,0,2019-08-17 19:00:00,Benjamin André,Pass
1754,310831,32,MissedShots,0.7859999847412109,0.5109999847412109,0.036866798996925354,Jonathan Ikone,a,5661,OpenPlay,2019,LeftFoot,12721,Amiens,Lille,1,0,2019-08-17 19:00:00,,None
1755,315308,19,MissedShots,0.7619999694824219,0.6120000076293945,0.023246999830007553,Jonathan Ikone,h,5661,OpenPlay,2019,LeftFoot,12735,Lille,Saint-Etienne,3,0,2019-08-28 18:00:00,Jonathan Bamba,Pass
1756,315312,28,MissedShots,0.9130000305175782,0.49900001525878906,0.49435698986053467,Jonathan Ikone,h,5661,OpenPlay,2019,LeftFoot,12735,Lille,Saint-Etienne,3,0,2019-08-28 18:00:00,Mehmet Zeki Çelik,Pass
1757,315316,41,BlockedShot,0.91,0.4909999847412109,0.13175900280475616,Jonathan Ikone,h,5661,OpenPlay,2019,LeftFoot,12735,Lille,Saint-Etienne,3,0,2019-08-28 18:00:00,Victor Osimhen,HeadPass
1758,316915,77,MissedShots,0.7609999847412109,0.634000015258789,0.024282099679112434,Jonathan Ikone,h,5661,FromCorner,2019,LeftFoot,12755,Lille,Angers,2,1,2019-09-13 17:00:00,Jonathan Bamba,Pass
1759,321087,15,SavedShot,0.8209999847412109,0.515,0.07165449857711792,Jonathan Ikone,a,5661,OpenPlay,2019,LeftFoot,12767,Rennes,Lille,1,1,2019-09-22 13:00:00,Victor Osimhen,Pass
1760,321095,45,Goal,0.925,0.46900001525878904,0.5204790234565735,Jonathan Ikone,a,5661,OpenPlay,2019,RightFoot,12767,Rennes,Lille,1,1,2019-09-22 13:00:00,Victor Osimhen,Pass
1761,322938,55,SavedShot,0.779000015258789,0.6020000076293945,0.02906709909439087,Jonathan Ikone,a,5661,OpenPlay,2019,LeftFoot,12779,Nice,Lille,1,1,2019-09-28 18:00:00,Jonathan Bamba,Pass
1762,324757,11,SavedShot,0.879000015258789,0.43900001525878907,0.3911519944667816,Jonathan Ikone,h,5661,OpenPlay,2019,LeftFoot,12793,Lille,Nimes,2,2,2019-10-06 14:00:00,Xeka,Throughball
1763,327243,6,MissedShots,0.9330000305175781,0.3340000152587891,0.08231879770755768,Jonathan Ikone,h,5661,OpenPlay,2019,RightFoot,12818,Lille,Bordeaux,3,0,2019-10-26 16:30:00,Yusuf Yazici,TakeOn
1764,327249,51,MissedShots,0.7580000305175781,0.5520000076293945,0.03300489857792854,Jonathan Ikone,h,5661,OpenPlay,2019,LeftFoot,12818,Lille,Bordeaux,3,0,2019-10-26 16:30:00,Mehmet Zeki Çelik,Pass
1765,329367,68,MissedShots,0.9109999847412109,0.6580000305175782,0.08055540174245834,Jonathan Ikone,a,5661,OpenPlay,2019,RightFoot,12821,Marseille,Lille,2,1,2019-11-02 16:30:00,,TakeOn
1766,330940,7,BlockedShot,0.8219999694824218,0.5579999923706055,0.0687452033162117,Jonathan Ikone,h,5661,OpenPlay,2019,RightFoot,12834,Lille,Metz,0,0,2019-11-09 19:00:00,Gabriel,TakeOn
1767,330943,34,MissedShots,0.8490000152587891,0.5059999847412109,0.12386800348758698,Jonathan Ikone,h,5661,OpenPlay,2019,RightFoot,12834,Lille,Metz,0,0,2019-11-09 19:00:00,Boubakary Soumare,TakeOn
1768,333905,8,BlockedShot,0.78,0.524000015258789,0.03115670010447502,Jonathan Ikone,h,5661,OpenPlay,2019,LeftFoot,12857,Lille,Dijon,1,0,2019-11-30 19:00:00,Victor Osimhen,Pass
1769,334857,67,Goal,0.8630000305175781,0.48200000762939454,0.3703790009021759,Jonathan Ikone,a,5661,OpenPlay,2019,LeftFoot,12864,Lyon,Lille,0,1,2019-12-03 20:05:00,Victor Osimhen,Pass
1770,335268,14,SavedShot,0.865999984741211,0.555,0.05764339864253998,Jonathan Ikone,h,5661,OpenPlay,2019,LeftFoot,12878,Lille,Brest,1,0,2019-12-06 18:00:00,Domagoj Bradaric,Cross
1771,335279,54,SavedShot,0.865999984741211,0.59,0.09792269766330719,Jonathan Ikone,h,5661,OpenPlay,2019,LeftFoot,12878,Lille,Brest,1,0,2019-12-06 18:00:00,Jonathan Bamba,Pass
1772,336726,29,SavedShot,0.7769999694824219,0.5120000076293946,0.03200250118970871,Jonathan Ikone,h,5661,OpenPlay,2019,LeftFoot,12885,Lille,Montpellier,2,1,2019-12-13 19:45:00,,None
1773,336727,39,Goal,0.885,0.5,0.7600950002670288,Jonathan Ikone,h,5661,Penalty,2019,LeftFoot,12885,Lille,Montpellier,2,1,2019-12-13 19:45:00,,Standard
1774,336732,48,MissedShots,0.799000015258789,0.37099998474121093,0.04358769953250885,Jonathan Ikone,h,5661,OpenPlay,2019,LeftFoot,12885,Lille,Montpellier,2,1,2019-12-13 19:45:00,Benjamin André,Pass
1775,354507,39,SavedShot,0.86,0.6,0.06560420244932175,Jonathan Ikone,a,5661,OpenPlay,2019,LeftFoot,12906,Dijon,Lille,1,0,2020-01-12 16:00:00,,None
1776,356487,89,SavedShot,0.81,0.45799999237060546,0.058123499155044556,Jonathan Ikone,h,5661,OpenPlay,2019,LeftFoot,12917,Lille,Paris Saint Germain,0,2,2020-01-26 20:00:00,Xeka,Pass
1777,357512,32,BlockedShot,0.7780000305175782,0.40599998474121096,0.037153299897909164,Jonathan Ikone,h,5661,OpenPlay,2019,RightFoot,12935,Lille,Rennes,1,0,2020-02-04 18:00:00,Benjamin André,Pass
1778,357519,54,BlockedShot,0.73,0.525,0.011700799688696861,Jonathan Ikone,h,5661,SetPiece,2019,LeftFoot,12935,Lille,Rennes,1,0,2020-02-04 18:00:00,,None
1779,359582,43,BlockedShot,0.885,0.34200000762939453,0.053692299872636795,Jonathan Ikone,h,5661,OpenPlay,2019,LeftFoot,12956,Lille,Marseille,1,2,2020-02-16 20:00:00,Renato Sanches,Pass
1780,360017,3,MissedShots,0.855999984741211,0.2620000076293945,0.031717799603939056,Jonathan Ikone,h,5661,OpenPlay,2019,RightFoot,12962,Lille,Toulouse,3,0,2020-02-22 19:00:00,Loïc Remy,Pass
1781,360031,57,SavedShot,0.8809999847412109,0.35700000762939454,0.07773169875144958,Jonathan Ikone,h,5661,OpenPlay,2019,LeftFoot,12962,Lille,Toulouse,3,0,2020-02-22 19:00:00,Loïc Remy,Pass
1782,361287,6,SavedShot,0.8969999694824219,0.3160000038146973,0.0707044005393982,Jonathan Ikone,a,5661,OpenPlay,2019,LeftFoot,12978,Nantes,Lille,0,1,2020-03-01 13:00:00,,TakeOn
1783,361291,16,BlockedShot,0.915,0.41,0.08816450089216232,Jonathan Ikone,a,5661,OpenPlay,2019,LeftFoot,12978,Nantes,Lille,0,1,2020-03-01 13:00:00,Victor Osimhen,Cross
1784,362418,7,MissedShots,0.81,0.625999984741211,0.03021249920129776,Jonathan Ikone,h,5661,OpenPlay,2019,LeftFoot,12982,Lille,Lyon,1,0,2020-03-08 19:00:00,Victor Osimhen,BallRecovery
1785,362421,21,SavedShot,0.7969999694824219,0.16799999237060548,0.03686380013823509,Jonathan Ikone,h,5661,DirectFreekick,2019,LeftFoot,12982,Lille,Lyon,1,0,2020-03-08 19:00:00,,Standard
1786,362432,50,ShotOnPost,0.85,0.35900001525878905,0.06839419901371002,Jonathan Ikone,h,5661,OpenPlay,2019,RightFoot,12982,Lille,Lyon,1,0,2020-03-08 19:00:00,,None
1787,375660,30,MissedShots,0.875999984741211,0.40900001525878904,0.032603200525045395,Jonathan Ikone,h,5661,OpenPlay,2020,OtherBodyPart,13979,Lille,Rennes,1,1,2020-08-22 19:00:00,Benjamin André,Aerial
1788,376175,53,BlockedShot,0.769000015258789,0.4520000076293945,0.037877101451158524,Jonathan Ikone,a,5661,OpenPlay,2020,LeftFoot,13993,Reims,Lille,0,1,2020-08-30 11:00:00,Jonathan Christian David,Pass
1789,376722,44,MissedShots,0.8080000305175781,0.54,0.053805701434612274,Jonathan Ikone,h,5661,OpenPlay,2020,LeftFoot,14194,Lille,Metz,1,0,2020-09-13 11:00:00,,Dispossessed
1790,376727,56,BlockedShot,0.8080000305175781,0.5179999923706055,0.0541079007089138,Jonathan Ikone,h,5661,OpenPlay,2020,LeftFoot,14194,Lille,Metz,1,0,2020-09-13 11:00:00,Jonathan Bamba,Pass
1791,376729,68,BlockedShot,0.8519999694824218,0.37900001525878907,0.07211340218782425,Jonathan Ikone,h,5661,OpenPlay,2020,LeftFoot,14194,Lille,Metz,1,0,2020-09-13 11:00:00,Burak Yilmaz,Pass
1792,378589,65,BlockedShot,0.9080000305175782,0.4829999923706055,0.09678419679403305,Jonathan Ikone,h,5661,SetPiece,2020,LeftFoot,14214,Lille,Nantes,2,0,2020-09-25 19:00:00,Sven Botman,HeadPass
1793,382874,68,Goal,0.8809999847412109,0.5609999847412109,0.39599600434303284,Jonathan Ikone,h,5661,OpenPlay,2020,LeftFoot,15818,Lille,Lens,4,0,2020-10-18 19:00:00,Jonathan Bamba,Pass
1794,382876,84,BlockedShot,0.8590000152587891,0.59,0.09559530019760132,Jonathan Ikone,h,5661,OpenPlay,2020,LeftFoot,15818,Lille,Lens,4,0,2020-10-18 19:00:00,Yusuf Yazici,Pass
1795,385476,23,SavedShot,0.769000015258789,0.25799999237060545,0.02327750064432621,Jonathan Ikone,h,5661,OpenPlay,2020,LeftFoot,15844,Lille,Lyon,1,1,2020-11-01 20:00:00,Benjamin André,Chipped
1796,386374,21,BlockedShot,0.9590000152587891,0.3840000152587891,0.07653950154781342,Jonathan Ikone,a,5661,OpenPlay,2020,LeftFoot,15852,Brest,Lille,3,2,2020-11-08 12:00:00,,Dispossessed
1797,386382,43,BlockedShot,0.8090000152587891,0.55,0.017221899703145027,Jonathan Ikone,a,5661,OpenPlay,2020,LeftFoot,15852,Brest,Lille,3,2,2020-11-08 12:00:00,Domagoj Bradaric,Chipped
1798,389722,64,Goal,0.8769999694824219,0.595999984741211,0.08662690222263336,Jonathan Ikone,a,5661,OpenPlay,2020,LeftFoot,15875,Saint-Etienne,Lille,1,1,2020-11-29 20:00:00,Burak Yilmaz,Pass
1799,390597,56,BlockedShot,0.8669999694824219,0.6090000152587891,0.09235259890556335,Jonathan Ikone,h,5661,OpenPlay,2020,LeftFoot,15879,Lille,Monaco,2,1,2020-12-06 12:00:00,Jonathan Christian David,Pass
1800,392274,20,MissedShots,0.7619999694824219,0.26600000381469724,0.04416549950838089,Jonathan Ikone,h,5661,DirectFreekick,2020,LeftFoot,15888,Lille,Bordeaux,2,1,2020-12-13 16:00:00,,Standard
1801,392278,44,SavedShot,0.8419999694824218,0.509000015258789,0.1687529981136322,Jonathan Ikone,h,5661,OpenPlay,2020,LeftFoot,15888,Lille,Bordeaux,2,1,2020-12-13 16:00:00,Burak Yilmaz,TakeOn
1802,392284,65,BlockedShot,0.8190000152587891,0.5029999923706054,0.12357000261545181,Jonathan Ikone,h,5661,OpenPlay,2020,LeftFoot,15888,Lille,Bordeaux,2,1,2020-12-13 16:00:00,,BallRecovery
1803,393092,30,MissedShots,0.8630000305175781,0.42900001525878906,0.11323200166225433,Jonathan Ikone,a,5661,OpenPlay,2020,LeftFoot,15899,Dijon,Lille,0,2,2020-12-16 18:00:00,Jonathan Christian David,Pass
1804,394836,7,BlockedShot,0.7440000152587891,0.5459999847412109,0.021285299211740494,Jonathan Ikone,h,5661,OpenPlay,2020,LeftFoot,15915,Lille,Paris Saint Germain,0,0,2020-12-20 20:00:00,Burak Yilmaz,Pass
1805,394843,35,BlockedShot,0.8419999694824218,0.4620000076293945,0.06520260125398636,Jonathan Ikone,h,5661,OpenPlay,2020,RightFoot,15915,Lille,Paris Saint Germain,0,0,2020-12-20 20:00:00,,None
1806,395547,40,SavedShot,0.725,0.5359999847412109,0.024527300149202347,Jonathan Ikone,a,5661,OpenPlay,2020,LeftFoot,15917,Montpellier,Lille,2,3,2020-12-23 20:00:00,Jonathan Bamba,Pass
1807,395555,67,Goal,0.885,0.5,0.7600950002670288,Jonathan Ikone,a,5661,Penalty,2020,LeftFoot,15917,Montpellier,Lille,2,3,2020-12-23 20:00:00,,Standard
1808,397632,95,SavedShot,0.8019999694824219,0.45599998474121095,0.05250899866223335,Jonathan Ikone,h,5661,OpenPlay,2020,LeftFoot,15926,Lille,Angers,1,2,2021-01-06 20:00:00,Burak Yilmaz,LayOff
1809,402605,0,MissedShots,0.9230000305175782,0.48400001525878905,0.3956010043621063,Jonathan Ikone,a,5661,OpenPlay,2020,Head,15976,Bordeaux,Lille,0,3,2021-02-03 18:00:00,Reinildo,Cross
1810,402607,10,MissedShots,0.8569999694824219,0.3089999961853027,0.03771600127220154,Jonathan Ikone,a,5661,OpenPlay,2020,LeftFoot,15976,Bordeaux,Lille,0,3,2021-02-03 18:00:00,Mehmet Zeki Çelik,Pass
1811,402621,75,BlockedShot,0.9569999694824218,0.345,0.11317600309848785,Jonathan Ikone,a,5661,OpenPlay,2020,RightFoot,15976,Bordeaux,Lille,0,3,2021-02-03 18:00:00,Mehmet Zeki Çelik,Pass
1812,403845,48,MissedShots,0.715999984741211,0.6090000152587891,0.07336950302124023,Jonathan Ikone,a,5661,OpenPlay,2020,LeftFoot,15987,Nantes,Lille,0,2,2021-02-07 16:00:00,Boubakary Soumare,TakeOn
1813,404826,0,MissedShots,0.750999984741211,0.4370000076293945,0.024604899808764458,Jonathan Ikone,h,5661,OpenPlay,2020,LeftFoot,15999,Lille,Brest,0,0,2021-02-14 16:00:00,Benjamin André,Pass
1814,404827,7,BlockedShot,0.8159999847412109,0.504000015258789,0.05988990142941475,Jonathan Ikone,h,5661,OpenPlay,2020,LeftFoot,15999,Lille,Brest,0,0,2021-02-14 16:00:00,Luiz Araujo,Pass
1815,406087,9,MissedShots,0.7680000305175781,0.605999984741211,0.025387899950146675,Jonathan Ikone,a,5661,OpenPlay,2020,LeftFoot,16008,Lorient,Lille,1,4,2021-02-21 16:00:00,Jonathan Bamba,Dispossessed
1816,406094,32,BlockedShot,0.9009999847412109,0.4779999923706055,0.13364100456237793,Jonathan Ikone,a,5661,OpenPlay,2020,LeftFoot,16008,Lorient,Lille,1,4,2021-02-21 16:00:00,Luiz Araujo,Pass
1817,406102,58,Goal,0.8130000305175781,0.49,0.15952199697494507,Jonathan Ikone,a,5661,DirectFreekick,2020,LeftFoot,16008,Lorient,Lille,1,4,2021-02-21 16:00:00,,Standard
1818,407416,32,MissedShots,0.8530000305175781,0.38,0.06827770173549652,Jonathan Ikone,h,5661,OpenPlay,2020,RightFoot,16019,Lille,Strasbourg,1,1,2021-02-28 16:00:00,Benjamin André,TakeOn
1819,407424,61,SavedShot,0.92,0.28299999237060547,0.047822099179029465,Jonathan Ikone,h,5661,OpenPlay,2020,LeftFoot,16019,Lille,Strasbourg,1,1,2021-02-28 16:00:00,Jérémy Pied,TakeOn
1820,407429,78,BlockedShot,0.8580000305175781,0.4329999923706055,0.07925300300121307,Jonathan Ikone,h,5661,OpenPlay,2020,LeftFoot,16019,Lille,Strasbourg,1,1,2021-02-28 16:00:00,Yusuf Yazici,Pass
1821,408095,13,MissedShots,0.94,0.28600000381469726,0.052271198481321335,Jonathan Ikone,h,5661,OpenPlay,2020,RightFoot,16028,Lille,Marseille,2,0,2021-03-03 20:00:00,Mehmet Zeki Çelik,Pass
1822,408106,59,BlockedShot,0.7380000305175781,0.425,0.03562140092253685,Jonathan Ikone,h,5661,OpenPlay,2020,LeftFoot,16028,Lille,Marseille,2,0,2021-03-03 20:00:00,,TakeOn
1823,408111,89,SavedShot,0.875999984741211,0.6509999847412109,0.0707985982298851,Jonathan Ikone,h,5661,OpenPlay,2020,LeftFoot,16028,Lille,Marseille,2,0,2021-03-03 20:00:00,Luiz Araujo,Pass
1824,408114,91,MissedShots,0.7830000305175782,0.5209999847412109,0.036431800574064255,Jonathan Ikone,h,5661,OpenPlay,2020,LeftFoot,16028,Lille,Marseille,2,0,2021-03-03 20:00:00,,Rebound
1825,410585,56,MissedShots,0.775,0.435,0.030156400054693222,Jonathan Ikone,a,5661,OpenPlay,2020,LeftFoot,16039,Monaco,Lille,0,0,2021-03-14 16:05:00,Mehmet Zeki Çelik,Pass
1826,413632,34,MissedShots,0.700999984741211,0.5129999923706055,0.013357499614357948,Jonathan Ikone,a,5661,OpenPlay,2020,LeftFoot,16069,Metz,Lille,0,2,2021-04-09 19:00:00,Burak Yilmaz,BlockedPass
1827,413640,54,BlockedShot,0.7069999694824218,0.5370000076293945,0.014516700059175491,Jonathan Ikone,a,5661,OpenPlay,2020,LeftFoot,16069,Metz,Lille,0,2,2021-04-09 19:00:00,Renato Sanches,Pass
1828,413648,72,MissedShots,0.795,0.2979999923706055,0.03166159987449646,Jonathan Ikone,a,5661,OpenPlay,2020,LeftFoot,16069,Metz,Lille,0,2,2021-04-09 19:00:00,Boubakary Soumare,Chipped
1829,415024,14,SavedShot,0.885,0.6140000152587891,0.35121700167655945,Jonathan Ikone,h,5661,OpenPlay,2020,LeftFoot,16082,Lille,Montpellier,1,1,2021-04-16 19:00:00,Burak Yilmaz,Pass
1830,418841,90,BlockedShot,0.8119999694824219,0.4809999847412109,0.07117240130901337,Jonathan Ikone,h,5661,OpenPlay,2020,LeftFoot,16098,Lille,Nice,2,0,2021-05-01 19:00:00,,BallRecovery
1831,418842,91,SavedShot,0.8069999694824219,0.5059999847412109,0.02947930060327053,Jonathan Ikone,h,5661,OpenPlay,2020,Head,16098,Lille,Nice,2,0,2021-05-01 19:00:00,Benjamin André,Chipped
1832,423073,78,BlockedShot,0.8130000305175781,0.54,0.05584520101547241,Jonathan Ikone,h,5661,OpenPlay,2020,LeftFoot,16118,Lille,Saint-Etienne,0,0,2021-05-16 19:00:00,Renato Sanches,Pass
1833,425409,63,BlockedShot,0.88,0.5709999847412109,0.06634099781513214,Jonathan Ikone,a,5661,OpenPlay,2021,LeftFoot,17830,Metz,Lille,3,3,2021-08-08 15:00:00,,None
1834,425415,80,Goal,0.8630000305175781,0.53,0.10238800197839737,Jonathan Ikone,a,5661,OpenPlay,2021,RightFoot,17830,Metz,Lille,3,3,2021-08-08 15:00:00,Isaac Lihadji,Pass
1835,425417,85,SavedShot,0.7919999694824219,0.4,0.027364300563931465,Jonathan Ikone,a,5661,OpenPlay,2021,LeftFoot,17830,Metz,Lille,3,3,2021-08-08 15:00:00,Jonathan Bamba,Pass
1836,429547,66,SavedShot,0.8059999847412109,0.33,0.02837339974939823,Jonathan Ikone,a,5661,OpenPlay,2021,LeftFoot,17867,Lorient,Lille,2,1,2021-09-10 19:00:00,Benjamin André,Chipped
1837,431441,18,BlockedShot,0.8169999694824219,0.4540000152587891,0.0586204007267952,Jonathan Ikone,a,5661,OpenPlay,2021,LeftFoot,17876,Lens,Lille,1,0,2021-09-18 15:00:00,,BallRecovery
1838,431450,66,SavedShot,0.8980000305175782,0.5570000076293945,0.22159899771213531,Jonathan Ikone,a,5661,OpenPlay,2021,LeftFoot,17876,Lens,Lille,1,0,2021-09-18 15:00:00,Jonathan Christian David,TakeOn
1839,432662,41,SavedShot,0.8880000305175781,0.135,0.046321600675582886,Jonathan Ikone,h,5661,DirectFreekick,2021,LeftFoot,17891,Lille,Reims,2,1,2021-09-22 17:00:00,,Standard
1840,433716,28,MissedShots,0.9009999847412109,0.3609999847412109,0.09057190269231796,Jonathan Ikone,a,5661,OpenPlay,2021,RightFoot,17900,Strasbourg,Lille,1,2,2021-09-25 17:00:00,Timothy Weah,HeadPass
1841,433720,46,MissedShots,0.8130000305175781,0.44299999237060544,0.07831180095672607,Jonathan Ikone,a,5661,OpenPlay,2021,LeftFoot,17900,Strasbourg,Lille,1,2,2021-09-25 17:00:00,Timothy Weah,LayOff
1842,433722,52,BlockedShot,0.745999984741211,0.365,0.02586190029978752,Jonathan Ikone,a,5661,OpenPlay,2021,LeftFoot,17900,Strasbourg,Lille,1,2,2021-09-25 17:00:00,Jonathan Christian David,Pass
1843,435606,14,SavedShot,0.91,0.3609999847412109,0.12227500230073929,Jonathan Ikone,h,5661,OpenPlay,2021,RightFoot,17904,Lille,Marseille,2,0,2021-10-03 15:00:00,Jonathan Christian David,Pass
1844,435616,72,ShotOnPost,0.9130000305175782,0.5129999923706055,0.48988398909568787,Jonathan Ikone,h,5661,OpenPlay,2021,RightFoot,17904,Lille,Marseille,2,0,2021-10-03 15:00:00,Timothy Weah,Pass
1845,435618,75,ShotOnPost,0.8019999694824219,0.4640000152587891,0.05923080071806908,Jonathan Ikone,h,5661,OpenPlay,2021,LeftFoot,17904,Lille,Marseille,2,0,2021-10-03 15:00:00,Burak Yilmaz,Pass
1846,439320,13,MissedShots,0.865,0.48900001525878906,0.3526970148086548,Jonathan Ikone,a,5661,OpenPlay,2021,LeftFoot,17939,Paris Saint Germain,Lille,2,1,2021-10-29 19:00:00,Burak Yilmaz,Pass
1847,439326,40,BlockedShot,0.8130000305175781,0.47,0.07118319720029831,Jonathan Ikone,a,5661,OpenPlay,2021,LeftFoot,17939,Paris Saint Germain,Lille,2,1,2021-10-29 19:00:00,Xeka,BallTouch
1848,441165,60,BlockedShot,0.8169999694824219,0.505,0.10560599714517593,Jonathan Ikone,h,5661,OpenPlay,2021,LeftFoot,17944,Lille,Angers,1,1,2021-11-06 16:00:00,Jonathan Christian David,Pass
1849,442191,11,SavedShot,0.9340000152587891,0.27299999237060546,0.06608439981937408,Jonathan Ikone,a,5661,OpenPlay,2021,RightFoot,17961,Monaco,Lille,2,2,2021-11-19 20:00:00,,BallRecovery
1850,446424,36,BlockedShot,0.8169999694824219,0.44599998474121094,0.04217090085148811,Jonathan Ikone,h,5661,OpenPlay,2021,LeftFoot,17982,Lille,Troyes,2,1,2021-12-04 18:00:00,Mehmet Zeki Çelik,HeadPass
1851,446425,44,MissedShots,0.9069999694824219,0.5429999923706055,0.08586960285902023,Jonathan Ikone,h,5661,OpenPlay,2021,Head,17982,Lille,Troyes,2,1,2021-12-04 18:00:00,Jonathan Bamba,Cross
1852,446432,56,SavedShot,0.7630000305175781,0.5270000076293946,0.028610099107027054,Jonathan Ikone,h,5661,OpenPlay,2021,LeftFoot,17982,Lille,Troyes,2,1,2021-12-04 18:00:00,Mehmet Zeki Çelik,Pass
1853,448053,25,BlockedShot,0.7769999694824219,0.23100000381469726,0.04282749816775322,Jonathan Ikone,h,5661,DirectFreekick,2021,LeftFoot,17995,Lille,Lyon,0,0,2021-12-12 12:00:00,,Standard
1854,448063,67,MissedShots,0.8769999694824219,0.5509999847412109,0.3460119962692261,Jonathan Ikone,h,5661,OpenPlay,2021,LeftFoot,17995,Lille,Lyon,0,0,2021-12-12 12:00:00,,Rebound
1855,454881,32,SavedShot,0.715999984741211,0.57,0.02159620076417923,Jonathan Ikone,a,5661,FromCorner,2021,LeftFoot,16976,Cagliari,Fiorentina,1,1,2022-01-23 11:30:00,Lucas Torreira,Pass
1856,457877,90,MissedShots,0.9180000305175782,0.3370000076293945,0.29420098662376404,Jonathan Ikone,a,5661,OpenPlay,2021,RightFoot,17004,Spezia,Fiorentina,1,2,2022-02-14 19:45:00,Nicolás González,Pass
1857,460060,39,SavedShot,0.925,0.40599998474121096,0.41462400555610657,Jonathan Ikone,a,5661,OpenPlay,2021,LeftFoot,17023,Sassuolo,Fiorentina,2,1,2022-02-26 19:45:00,Álvaro Odriozola,Pass
1858,460063,44,SavedShot,0.7759999847412109,0.37099998474121093,0.023372499272227287,Jonathan Ikone,a,5661,OpenPlay,2021,LeftFoot,17023,Sassuolo,Fiorentina,2,1,2022-02-26 19:45:00,Lucas Martínez Quarta,TakeOn
1859,460061,44,SavedShot,0.9130000305175782,0.43,0.4357970058917999,Jonathan Ikone,a,5661,OpenPlay,2021,RightFoot,17023,Sassuolo,Fiorentina,2,1,2022-02-26 19:45:00,Álvaro Odriozola,Pass
1860,461635,9,BlockedShot,0.87,0.3370000076293945,0.037460800260305405,Jonathan Ikone,h,5661,OpenPlay,2021,LeftFoot,17028,Fiorentina,Verona,1,1,2022-03-06 14:00:00,Pietro Terracciano,Pass
1861,464117,78,BlockedShot,0.8630000305175781,0.3039999961853027,0.03820529952645302,Jonathan Ikone,a,5661,OpenPlay,2021,LeftFoot,17050,Inter,Fiorentina,1,1,2022-03-19 17:00:00,Alfred Duncan,Pass
1862,464121,93,SavedShot,0.894000015258789,0.3390000152587891,0.18595899641513824,Jonathan Ikone,a,5661,OpenPlay,2021,RightFoot,17050,Inter,Fiorentina,1,1,2022-03-19 17:00:00,Alfred Duncan,TakeOn
1863,467186,65,Goal,0.8969999694824219,0.6659999847412109,0.05276339873671532,Jonathan Ikone,a,5661,OpenPlay,2021,LeftFoot,17071,Napoli,Fiorentina,2,3,2022-04-10 13:00:00,Nicolás González,Chipped
1864,467190,75,MissedShots,0.89,0.674000015258789,0.013170599937438965,Jonathan Ikone,a,5661,OpenPlay,2021,Head,17071,Napoli,Fiorentina,2,3,2022-04-10 13:00:00,Cristiano Biraghi,Cross
1865,468249,16,ShotOnPost,0.9,0.28700000762939454,0.0468422994017601,Jonathan Ikone,h,5661,OpenPlay,2021,RightFoot,17078,Fiorentina,Venezia,1,0,2022-04-16 14:30:00,Lucas Torreira,Pass
1866,468252,17,MissedShots,0.9009999847412109,0.6990000152587891,0.041364699602127075,Jonathan Ikone,h,5661,OpenPlay,2021,RightFoot,17078,Fiorentina,Venezia,1,0,2022-04-16 14:30:00,,Rebound
1867,468250,17,MissedShots,0.7919999694824219,0.57,0.05642399936914444,Jonathan Ikone,h,5661,OpenPlay,2021,LeftFoot,17078,Fiorentina,Venezia,1,0,2022-04-16 14:30:00,,TakeOn
1868,474967,69,BlockedShot,0.789000015258789,0.27,0.018347499892115593,Jonathan Ikone,h,5661,OpenPlay,2021,LeftFoot,17106,Fiorentina,Roma,2,0,2022-05-09 18:45:00,Arthur Cabral,Pass
1869,476833,20,MissedShots,0.8809999847412109,0.37099998474121093,0.053445201367139816,Jonathan Ikone,a,5661,OpenPlay,2021,LeftFoot,17124,Sampdoria,Fiorentina,4,1,2022-05-16 16:30:00,Alfred Duncan,Cross
1870,476841,48,MissedShots,0.7569999694824219,0.40700000762939453,0.01692350022494793,Jonathan Ikone,a,5661,FromCorner,2021,LeftFoot,17124,Sampdoria,Fiorentina,4,1,2022-05-16 16:30:00,,None
1871,482650,34,BlockedShot,0.85,0.35200000762939454,0.0382361002266407,Jonathan Ikone,a,5661,OpenPlay,2022,LeftFoot,18597,Empoli,Fiorentina,0,0,2022-08-21 16:30:00,Youssef Maleh,TakeOn
1872,482651,37,SavedShot,0.8819999694824219,0.46599998474121096,0.2893489897251129,Jonathan Ikone,a,5661,OpenPlay,2022,RightFoot,18597,Empoli,Fiorentina,0,0,2022-08-21 16:30:00,Aleksa Terzic,Cross
1873,482654,61,MissedShots,0.795,0.33299999237060546,0.01897449977695942,Jonathan Ikone,a,5661,FromCorner,2022,LeftFoot,18597,Empoli,Fiorentina,0,0,2022-08-21 16:30:00,,None
1874,485717,62,MissedShots,0.8580000305175781,0.35700000762939454,0.06520529836416245,Jonathan Ikone,h,5661,OpenPlay,2022,LeftFoot,18622,Fiorentina,Juventus,1,1,2022-09-03 13:00:00,Antonin Barak,Pass
1875,489271,12,Goal,0.8569999694824219,0.43099998474121093,0.08733969926834106,Jonathan Ikone,h,5661,OpenPlay,2022,LeftFoot,18644,Fiorentina,Verona,2,0,2022-09-18 13:00:00,Lorenzo Venuti,Pass
1876,489274,23,SavedShot,0.799000015258789,0.46900001525878904,0.04505600035190582,Jonathan Ikone,h,5661,OpenPlay,2022,LeftFoot,18644,Fiorentina,Verona,2,0,2022-09-18 13:00:00,Christian Kouamé,Pass
1877,490995,22,MissedShots,0.8030000305175782,0.28299999237060547,0.021831799298524857,Jonathan Ikone,a,5661,OpenPlay,2022,LeftFoot,18652,Atalanta,Fiorentina,1,0,2022-10-02 16:00:00,,BallTouch
1878,491002,45,BlockedShot,0.850999984741211,0.32099998474121094,0.04287999868392944,Jonathan Ikone,a,5661,OpenPlay,2022,LeftFoot,18652,Atalanta,Fiorentina,1,0,2022-10-02 16:00:00,Lorenzo Venuti,Pass
1879,492612,5,SavedShot,0.8109999847412109,0.445,0.05287089943885803,Jonathan Ikone,h,5661,OpenPlay,2022,LeftFoot,18664,Fiorentina,Lazio,0,4,2022-10-10 18:45:00,Igor Julio,BallRecovery
1880,492614,20,MissedShots,0.874000015258789,0.3039999961853027,0.04734160006046295,Jonathan Ikone,h,5661,OpenPlay,2022,RightFoot,18664,Fiorentina,Lazio,0,4,2022-10-10 18:45:00,Giacomo Bonaventura,Pass
1881,492622,43,MissedShots,0.9290000152587891,0.345,0.011531700380146503,Jonathan Ikone,h,5661,OpenPlay,2022,Head,18664,Fiorentina,Lazio,0,4,2022-10-10 18:45:00,Giacomo Bonaventura,Cross
1882,495231,9,MissedShots,0.9,0.34900001525878904,0.056306298822164536,Jonathan Ikone,h,5661,OpenPlay,2022,LeftFoot,18685,Fiorentina,Inter,3,4,2022-10-22 18:45:00,Christian Kouamé,BallRecovery
1883,495232,11,MissedShots,0.915,0.40599998474121096,0.08462859690189362,Jonathan Ikone,h,5661,OpenPlay,2022,RightFoot,18685,Fiorentina,Inter,3,4,2022-10-22 18:45:00,Christian Kouamé,Cross
1884,495240,59,Goal,0.8969999694824219,0.35,0.0545089989900589,Jonathan Ikone,h,5661,OpenPlay,2022,LeftFoot,18685,Fiorentina,Inter,3,4,2022-10-22 18:45:00,Christian Kouamé,Chipped
1885,495245,88,BlockedShot,0.8130000305175781,0.4879999923706055,0.04635690152645111,Jonathan Ikone,h,5661,SetPiece,2022,RightFoot,18685,Fiorentina,Inter,3,4,2022-10-22 18:45:00,Antonin Barak,Pass
1886,497241,43,MissedShots,0.8,0.27,0.02333180047571659,Jonathan Ikone,a,5661,OpenPlay,2022,LeftFoot,18700,Spezia,Fiorentina,1,2,2022-10-30 14:00:00,Dodô,Pass
1887,497242,44,BlockedShot,0.8590000152587891,0.43599998474121093,0.07394000142812729,Jonathan Ikone,a,5661,OpenPlay,2022,LeftFoot,18700,Spezia,Fiorentina,1,2,2022-10-30 14:00:00,Luka Jovic,TakeOn
1888,497249,65,BlockedShot,0.730999984741211,0.49900001525878906,0.020267600193619728,Jonathan Ikone,a,5661,OpenPlay,2022,LeftFoot,18700,Spezia,Fiorentina,1,2,2022-10-30 14:00:00,Riccardo Saponara,Pass
1889,497250,67,SavedShot,0.7609999847412109,0.405,0.022511299699544907,Jonathan Ikone,a,5661,OpenPlay,2022,LeftFoot,18700,Spezia,Fiorentina,1,2,2022-10-30 14:00:00,Cristiano Biraghi,Pass
1890,499570,73,MissedShots,0.8690000152587891,0.5790000152587891,0.1021530032157898,Jonathan Ikone,h,5661,OpenPlay,2022,LeftFoot,18713,Fiorentina,Salernitana,2,1,2022-11-09 19:45:00,Riccardo Saponara,Pass
1891,500863,88,BlockedShot,0.8980000305175782,0.33099998474121095,0.031464800238609314,Jonathan Ikone,a,5661,OpenPlay,2022,LeftFoot,18727,AC Milan,Fiorentina,2,1,2022-11-13 17:00:00,Aleksa Terzic,Cross
1892,502386,6,MissedShots,0.8719999694824219,0.31799999237060544,0.03174300119280815,Jonathan Ikone,h,5661,FromCorner,2022,LeftFoot,18733,Fiorentina,Monza,1,1,2023-01-04 17:30:00,Cristiano Biraghi,Pass
1893,502389,17,BlockedShot,0.8209999847412109,0.3220000076293945,0.03489769995212555,Jonathan Ikone,h,5661,OpenPlay,2022,LeftFoot,18733,Fiorentina,Monza,1,1,2023-01-04 17:30:00,Dodô,Pass
1894,502394,30,MissedShots,0.9319999694824219,0.345,0.10090900212526321,Jonathan Ikone,h,5661,OpenPlay,2022,RightFoot,18733,Fiorentina,Monza,1,1,2023-01-04 17:30:00,Dodô,Pass
1895,502407,69,MissedShots,0.8680000305175781,0.3,0.04188859835267067,Jonathan Ikone,h,5661,OpenPlay,2022,LeftFoot,18733,Fiorentina,Monza,1,1,2023-01-04 17:30:00,Lucas Martínez Quarta,Pass
1896,502661,4,MissedShots,0.825,0.29100000381469726,0.025360500440001488,Jonathan Ikone,h,5661,FromCorner,2022,LeftFoot,18743,Fiorentina,Sassuolo,2,1,2023-01-07 14:00:00,Cristiano Biraghi,Pass
1897,504817,20,BlockedShot,0.855,0.445,0.09412679821252823,Jonathan Ikone,h,5661,OpenPlay,2022,LeftFoot,18763,Fiorentina,Torino,0,1,2023-01-21 19:45:00,Christian Kouamé,Pass
1898,504834,64,MissedShots,0.8859999847412109,0.42900001525878906,0.04269599914550781,Jonathan Ikone,h,5661,OpenPlay,2022,Head,18763,Fiorentina,Torino,0,1,2023-01-21 19:45:00,Lorenzo Venuti,Cross
1899,506336,79,BlockedShot,0.9440000152587891,0.32799999237060545,0.07242999970912933,Jonathan Ikone,a,5661,OpenPlay,2022,RightFoot,18777,Lazio,Fiorentina,1,1,2023-01-29 17:00:00,Rolando Mandragora,Pass
1900,506341,90,BlockedShot,0.904000015258789,0.5209999847412109,0.13776299357414246,Jonathan Ikone,a,5661,OpenPlay,2022,LeftFoot,18777,Lazio,Fiorentina,1,1,2023-01-29 17:00:00,Antonin Barak,Pass
1901,509069,35,BlockedShot,0.855999984741211,0.62,0.052007999271154404,Jonathan Ikone,a,5661,OpenPlay,2022,LeftFoot,18796,Juventus,Fiorentina,1,0,2023-02-12 17:00:00,,None
1902,509070,45,MissedShots,0.845999984741211,0.56,0.05350020155310631,Jonathan Ikone,a,5661,OpenPlay,2022,RightFoot,18796,Juventus,Fiorentina,1,0,2023-02-12 17:00:00,Nicolás González,Cross
1903,510243,66,MissedShots,0.8640000152587891,0.3039999961853027,0.03474050015211105,Jonathan Ikone,h,5661,SetPiece,2022,LeftFoot,18803,Fiorentina,Empoli,1,1,2023-02-19 14:00:00,Antonin Barak,Pass
1904,510250,87,MissedShots,0.8059999847412109,0.46,0.03266020119190216,Jonathan Ikone,h,5661,FromCorner,2022,LeftFoot,18803,Fiorentina,Empoli,1,1,2023-02-19 14:00:00,,None
1905,511606,47,BlockedShot,0.7930000305175782,0.4209999847412109,0.05255420133471489,Jonathan Ikone,a,5661,OpenPlay,2022,LeftFoot,18819,Verona,Fiorentina,0,3,2023-02-27 17:30:00,Nicolás González,Pass
1906,511609,59,BlockedShot,0.91,0.5179999923706055,0.5608919858932495,Jonathan Ikone,a,5661,OpenPlay,2022,LeftFoot,18819,Verona,Fiorentina,0,3,2023-02-27 17:30:00,,None
1907,512407,9,BlockedShot,0.9,0.49,0.0972084030508995,Jonathan Ikone,h,5661,FromCorner,2022,LeftFoot,18823,Fiorentina,AC Milan,2,1,2023-03-04 19:45:00,Giacomo Bonaventura,Pass
1908,516485,0,BlockedShot,0.855,0.2610000038146973,0.027332600206136703,Jonathan Ikone,a,5661,OpenPlay,2022,LeftFoot,18855,Inter,Fiorentina,0,1,2023-04-01 16:00:00,Gaetano Castrovilli,Pass
1909,516513,61,MissedShots,0.8690000152587891,0.355,0.08268339931964874,Jonathan Ikone,a,5661,OpenPlay,2022,LeftFoot,18855,Inter,Fiorentina,0,1,2023-04-01 16:00:00,Giacomo Bonaventura,Pass
1910,517811,6,MissedShots,0.92,0.455,0.05269530043005943,Jonathan Ikone,h,5661,OpenPlay,2022,Head,18863,Fiorentina,Spezia,1,1,2023-04-08 12:30:00,Rolando Mandragora,Aerial
1911,517816,23,BlockedShot,0.9080000305175782,0.33299999237060546,0.08512839674949646,Jonathan Ikone,h,5661,SetPiece,2022,LeftFoot,18863,Fiorentina,Spezia,1,1,2023-04-08 12:30:00,Cristiano Biraghi,TakeOn
1912,517823,56,BlockedShot,0.72,0.44299999237060544,0.018957100808620453,Jonathan Ikone,h,5661,FromCorner,2022,LeftFoot,18863,Fiorentina,Spezia,1,1,2023-04-08 12:30:00,Rolando Mandragora,Pass
1913,523938,62,BlockedShot,0.8569999694824219,0.3240000152587891,0.03924435377120972,Jonathan Ikone,a,5661,OpenPlay,2022,LeftFoot,18909,Salernitana,Fiorentina,3,3,2023-05-03 16:00:00,Cristiano Biraghi,Chipped
1914,523940,70,Goal,0.955999984741211,0.43400001525878906,0.6793209910392761,Jonathan Ikone,a,5661,OpenPlay,2022,RightFoot,18909,Salernitana,Fiorentina,3,3,2023-05-03 16:00:00,Giacomo Bonaventura,TakeOn
1915,526458,32,BlockedShot,0.8090000152587891,0.3160000038146973,0.023848257958889008,Jonathan Ikone,h,5661,FromCorner,2022,LeftFoot,18923,Fiorentina,Udinese,2,0,2023-05-14 13:00:00,Cristiano Biraghi,Pass
1916,529219,53,BlockedShot,0.9109999847412109,0.2989999961853027,0.05251453071832657,Jonathan Ikone,h,5661,OpenPlay,2022,RightFoot,18943,Fiorentina,Roma,2,1,2023-05-27 16:00:00,Alfred Duncan,Pass
1917,529227,87,Goal,0.980999984741211,0.54,0.8868833780288696,Jonathan Ikone,h,5661,OpenPlay,2022,LeftFoot,18943,Fiorentina,Roma,2,1,2023-05-27 16:00:00,,Rebound
1918,530282,5,BlockedShot,0.915,0.28299999237060547,0.03963568061590195,Jonathan Ikone,a,5661,OpenPlay,2022,LeftFoot,18959,Sassuolo,Fiorentina,1,3,2023-06-02 18:30:00,Dodô,Pass
1919,530286,13,MissedShots,0.7780000305175782,0.3390000152587891,0.01708122156560421,Jonathan Ikone,a,5661,FromCorner,2022,LeftFoot,18959,Sassuolo,Fiorentina,1,3,2023-06-02 18:30:00,,None
1920,530292,49,SavedShot,0.9669999694824218,0.37799999237060544,0.3651573359966278,Jonathan Ikone,a,5661,OpenPlay,2022,LeftFoot,18959,Sassuolo,Fiorentina,1,3,2023-06-02 18:30:00,Lucas Martínez Quarta,Pass
1921,530293,53,BlockedShot,0.855,0.325,0.08237992972135544,Jonathan Ikone,a,5661,OpenPlay,2022,LeftFoot,18959,Sassuolo,Fiorentina,1,3,2023-06-02 18:30:00,Gaetano Castrovilli,Pass
1922,542127,79,BlockedShot,0.909000015258789,0.3270000076293945,0.08179038763046265,Jonathan Ikone,h,5661,OpenPlay,2023,RightFoot,22368,Fiorentina,Cagliari,3,0,2023-10-02 18:45:00,Gino Infantino,Pass
1923,542130,84,BlockedShot,0.8169999694824219,0.34700000762939454,0.027680307626724243,Jonathan Ikone,h,5661,FromCorner,2023,LeftFoot,22368,Fiorentina,Cagliari,3,0,2023-10-02 18:45:00,Alfred Duncan,Pass
1924,543509,50,ShotOnPost,0.9130000305175782,0.37099998474121093,0.10325204581022263,Jonathan Ikone,a,5661,OpenPlay,2023,RightFoot,22384,Napoli,Fiorentina,1,3,2023-10-08 18:45:00,M&#039;Bala Nzola,Pass
1925,543513,56,MissedShots,0.8159999847412109,0.34900001525878904,0.0302499458193779,Jonathan Ikone,a,5661,FromCorner,2023,LeftFoot,22384,Napoli,Fiorentina,1,3,2023-10-08 18:45:00,Alfred Duncan,Pass
1926,548803,79,SavedShot,0.749000015258789,0.315,0.010494894348084927,Jonathan Ikone,h,5661,SetPiece,2023,LeftFoot,22420,Fiorentina,Bologna,2,1,2023-11-12 14:00:00,,None
1927,548806,89,BlockedShot,0.8119999694824219,0.5020000076293946,0.06808997690677643,Jonathan Ikone,h,5661,OpenPlay,2023,LeftFoot,22420,Fiorentina,Bologna,2,1,2023-11-12 14:00:00,Nicolás González,Pass
1928,551777,6,SavedShot,0.9440000152587891,0.46599998474121096,0.5269216895103455,Jonathan Ikone,h,5661,OpenPlay,2023,Head,22435,Fiorentina,Salernitana,3,0,2023-12-03 14:00:00,,None
1929,551779,9,MissedShots,0.8980000305175782,0.5220000076293946,0.08449644595384598,Jonathan Ikone,h,5661,OpenPlay,2023,Head,22435,Fiorentina,Salernitana,3,0,2023-12-03 14:00:00,Riccardo Sottil,Cross
1930,551784,26,BlockedShot,0.8569999694824219,0.4,0.15437380969524384,Jonathan Ikone,h,5661,OpenPlay,2023,LeftFoot,22435,Fiorentina,Salernitana,3,0,2023-12-03 14:00:00,Giacomo Bonaventura,Throughball
1931,551791,51,SavedShot,0.9030000305175782,0.295,0.054437220096588135,Jonathan Ikone,h,5661,OpenPlay,2023,LeftFoot,22435,Fiorentina,Salernitana,3,0,2023-12-03 14:00:00,Giacomo Bonaventura,Pass
1932,551794,54,BlockedShot,0.86,0.28899999618530275,0.05322706699371338,Jonathan Ikone,h,5661,OpenPlay,2023,LeftFoot,22435,Fiorentina,Salernitana,3,0,2023-12-03 14:00:00,Giacomo Bonaventura,Pass
1933,553768,49,SavedShot,0.8980000305175782,0.32299999237060545,0.07312995195388794,Jonathan Ikone,a,5661,OpenPlay,2023,LeftFoot,22453,Roma,Fiorentina,1,1,2023-12-10 19:45:00,Giacomo Bonaventura,TakeOn
1934,554829,46,MissedShots,0.8680000305175781,0.315,0.04741678386926651,Jonathan Ikone,h,5661,OpenPlay,2023,LeftFoot,22457,Fiorentina,Verona,1,0,2023-12-17 14:00:00,Arthur,Chipped
1935,556055,1,MissedShots,0.87,0.4779999923706055,0.0779845342040062,Jonathan Ikone,a,5661,OpenPlay,2023,LeftFoot,22471,Monza,Fiorentina,0,1,2023-12-22 19:45:00,Christian Kouamé,HeadPass
1936,556056,5,SavedShot,0.7369999694824219,0.3920000076293945,0.0205781739205122,Jonathan Ikone,a,5661,OpenPlay,2023,LeftFoot,22471,Monza,Fiorentina,0,1,2023-12-22 19:45:00,Michael Kayode,Pass
1937,556058,8,BlockedShot,0.9669999694824218,0.47400001525878904,0.9601497054100037,Jonathan Ikone,a,5661,OpenPlay,2023,LeftFoot,22471,Monza,Fiorentina,0,1,2023-12-22 19:45:00,Christian Kouamé,TakeOn
1938,556068,60,MissedShots,0.78,0.655,0.02674873359501362,Jonathan Ikone,a,5661,OpenPlay,2023,LeftFoot,22471,Monza,Fiorentina,0,1,2023-12-22 19:45:00,M&#039;Bala Nzola,Pass
1939,556788,42,SavedShot,0.9309999847412109,0.675,0.30622598528862,Jonathan Ikone,h,5661,OpenPlay,2023,LeftFoot,22477,Fiorentina,Torino,1,0,2023-12-29 17:30:00,,BallRecovery
1940,557632,58,MissedShots,0.7180000305175781,0.26600000381469724,0.007770368363708258,Jonathan Ikone,a,5661,OpenPlay,2023,LeftFoot,22490,Sassuolo,Fiorentina,1,0,2024-01-06 19:45:00,Lucas Martínez Quarta,Chipped
1941,557638,91,MissedShots,0.8109999847412109,0.43099998474121093,0.04638420790433884,Jonathan Ikone,a,5661,OpenPlay,2023,LeftFoot,22490,Sassuolo,Fiorentina,1,0,2024-01-06 19:45:00,Antonin Barak,Pass
1942,558680,44,MissedShots,0.9109999847412109,0.4420000076293945,0.33260807394981384,Jonathan Ikone,h,5661,OpenPlay,2023,LeftFoot,22496,Fiorentina,Udinese,2,2,2024-01-14 17:00:00,Cristiano Biraghi,Cross
1943,562821,11,MissedShots,0.9080000305175782,0.3659999847412109,0.0690435841679573,Jonathan Ikone,h,5661,FromCorner,2023,LeftFoot,22537,Fiorentina,Frosinone,5,1,2024-02-11 11:30:00,Lucas Beltrán,Rebound
1944,562824,18,Goal,0.8669999694824219,0.34400001525878904,0.07763326168060303,Jonathan Ikone,h,5661,OpenPlay,2023,LeftFoot,22537,Fiorentina,Frosinone,5,1,2024-02-11 11:30:00,Alfred Duncan,Pass
1945,563446,5,MissedShots,0.919000015258789,0.33,0.11771829426288605,Jonathan Ikone,a,5661,OpenPlay,2023,RightFoot,22505,Bologna,Fiorentina,2,0,2024-02-14 18:00:00,Giacomo Bonaventura,Throughball
1946,563471,77,MissedShots,0.914000015258789,0.6959999847412109,0.08799867331981659,Jonathan Ikone,a,5661,OpenPlay,2023,LeftFoot,22505,Bologna,Fiorentina,2,0,2024-02-14 18:00:00,Andrea Belotti,Pass
1947,564318,76,BlockedShot,0.8540000152587891,0.645,0.061607565730810165,Jonathan Ikone,a,5661,OpenPlay,2023,RightFoot,22553,Empoli,Fiorentina,1,1,2024-02-18 14:00:00,Giacomo Bonaventura,Pass
1948,571012,27,MissedShots,0.8480000305175781,0.3509999847412109,0.03703465685248375,Jonathan Ikone,h,5661,FromCorner,2023,LeftFoot,22601,Fiorentina,AC Milan,1,2,2024-03-30 19:45:00,Cristiano Biraghi,Pass
1949,571023,57,SavedShot,0.7519999694824219,0.3509999847412109,0.018769418820738792,Jonathan Ikone,h,5661,OpenPlay,2023,LeftFoot,22601,Fiorentina,AC Milan,1,2,2024-03-30 19:45:00,Dodô,Pass
1950,574525,6,SavedShot,0.7430000305175781,0.46,0.015380596742033958,Jonathan Ikone,h,5661,OpenPlay,2023,LeftFoot,22623,Fiorentina,Genoa,1,1,2024-04-15 16:30:00,Giacomo Bonaventura,TakeOn
1951,574538,44,BlockedShot,0.8390000152587891,0.3659999847412109,0.049448635429143906,Jonathan Ikone,h,5661,OpenPlay,2023,LeftFoot,22623,Fiorentina,Genoa,1,1,2024-04-15 16:30:00,Giacomo Bonaventura,Pass
1952,574542,53,Goal,0.9330000305175781,0.48200000762939454,0.3899126350879669,Jonathan Ikone,h,5661,OpenPlay,2023,Head,22623,Fiorentina,Genoa,1,1,2024-04-15 16:30:00,Giacomo Bonaventura,Cross
1953,574546,75,MissedShots,0.9390000152587891,0.47900001525878905,0.1482899934053421,Jonathan Ikone,h,5661,OpenPlay,2023,RightFoot,22623,Fiorentina,Genoa,1,1,2024-04-15 16:30:00,Michael Kayode,Pass
1954,575682,10,SavedShot,0.8130000305175781,0.41700000762939454,0.047362759709358215,Jonathan Ikone,a,5661,OpenPlay,2023,LeftFoot,22631,Salernitana,Fiorentina,0,2,2024-04-21 16:00:00,Michael Kayode,Pass
1955,575687,38,SavedShot,0.785,0.49900001525878906,0.024879656732082367,Jonathan Ikone,a,5661,FromCorner,2023,LeftFoot,22631,Salernitana,Fiorentina,0,2,2024-04-21 16:00:00,Lucas Martínez Quarta,Pass
1956,575689,41,MissedShots,0.9180000305175782,0.4829999923706055,0.49169495701789856,Jonathan Ikone,a,5661,OpenPlay,2023,RightFoot,22631,Salernitana,Fiorentina,0,2,2024-04-21 16:00:00,,Rebound
1957,575698,94,Goal,0.925,0.53,0.5370757579803467,Jonathan Ikone,a,5661,OpenPlay,2023,LeftFoot,22631,Salernitana,Fiorentina,0,2,2024-04-21 16:00:00,Rolando Mandragora,Pass
1958,577734,35,SavedShot,0.975999984741211,0.4279999923706055,0.48203808069229126,Jonathan Ikone,h,5661,OpenPlay,2023,LeftFoot,22643,Fiorentina,Sassuolo,5,1,2024-04-28 18:45:00,Lucas Martínez Quarta,TakeOn
1959,577735,39,MissedShots,0.9319999694824219,0.5,0.09135077148675919,Jonathan Ikone,h,5661,OpenPlay,2023,Head,22643,Fiorentina,Sassuolo,5,1,2024-04-28 18:45:00,Riccardo Sottil,Aerial
1960,578889,30,SavedShot,0.8580000305175781,0.4329999923706055,0.2652786374092102,Jonathan Ikone,a,5661,OpenPlay,2023,LeftFoot,22649,Verona,Fiorentina,2,1,2024-05-05 13:00:00,M&#039;Bala Nzola,HeadPass
1961,584971,65,BlockedShot,0.720999984741211,0.3559999847412109,0.01593354344367981,Jonathan Ikone,a,5661,OpenPlay,2024,LeftFoot,27363,Parma Calcio 1913,Fiorentina,1,1,2024-08-17 16:30:00,Marin Pongracic,Pass
1962,590226,75,SavedShot,0.904000015258789,0.3370000076293945,0.05743957683444023,Jonathan Ikone,h,5661,OpenPlay,2024,LeftFoot,27388,Fiorentina,Monza,2,2,2024-09-01 16:30:00,Dodô,Pass
1963,590230,89,SavedShot,0.9590000152587891,0.33599998474121096,0.03871717303991318,Jonathan Ikone,h,5661,OpenPlay,2024,RightFoot,27388,Fiorentina,Monza,2,2,2024-09-01 16:30:00,Robin Gosens,Cross
1964,603382,70,MissedShots,0.955,0.33099998474121095,0.08823300153017044,Jonathan Ikone,a,5661,OpenPlay,2024,RightFoot,27482,Como,Fiorentina,0,2,2024-11-24 14:00:00,Edoardo Bove,Pass
1965,603388,84,SavedShot,0.91,0.37099998474121093,0.28012001514434814,Jonathan Ikone,a,5661,OpenPlay,2024,LeftFoot,27482,Como,Fiorentina,0,2,2024-11-24 14:00:00,Michael Kayode,Pass
1966,606203,46,SavedShot,0.95,0.3220000076293945,0.07902203500270844,Jonathan Ikone,h,5661,OpenPlay,2024,RightFoot,27504,Fiorentina,Cagliari,1,0,2024-12-08 11:30:00,Lucas Beltrán,Pass
1967,173330,8,MissedShots,0.825,0.36900001525878906,0.0486271008849144,Antonin Barak,h,6208,OpenPlay,2017,RightFoot,7528,Udinese,Genoa,1,0,2017-09-10 14:00:00,Jakub Jankto,Pass
1968,173346,63,SavedShot,0.899000015258789,0.7559999847412109,0.04593149945139885,Antonin Barak,h,6208,OpenPlay,2017,LeftFoot,7528,Udinese,Genoa,1,0,2017-09-10 14:00:00,,BallRecovery
1969,173861,37,MissedShots,0.6909999847412109,0.6819999694824219,0.007690549828112125,Antonin Barak,h,6208,OpenPlay,2017,LeftFoot,7548,Udinese,Torino,2,3,2017-09-20 19:45:00,Giuseppe Pezzella,Pass
1970,174412,6,SavedShot,0.8730000305175781,0.549000015258789,0.11374399811029434,Antonin Barak,h,6208,OpenPlay,2017,LeftFoot,7568,Udinese,Sampdoria,4,0,2017-09-30 17:00:00,Jakub Jankto,Pass
1971,174423,44,SavedShot,0.865999984741211,0.7319999694824219,0.04142199829220772,Antonin Barak,h,6208,OpenPlay,2017,LeftFoot,7568,Udinese,Sampdoria,4,0,2017-09-30 17:00:00,Valon Behrami,Pass
1972,175197,16,MissedShots,0.7559999847412109,0.6569999694824219,0.014901500195264816,Antonin Barak,a,6208,OpenPlay,2017,LeftFoot,7598,Sassuolo,Udinese,0,1,2017-10-25 19:45:00,,None
1973,175201,31,Goal,0.815,0.5179999923706055,0.3448350131511688,Antonin Barak,a,6208,OpenPlay,2017,LeftFoot,7598,Sassuolo,Udinese,0,1,2017-10-25 19:45:00,Stipe Perica,Pass
1974,175467,67,Goal,0.7930000305175782,0.580999984741211,0.037829600274562836,Antonin Barak,h,6208,OpenPlay,2017,LeftFoot,7608,Udinese,Atalanta,2,1,2017-10-29 14:00:00,Valon Behrami,Pass
1975,175950,8,SavedShot,0.779000015258789,0.27399999618530274,0.01566700078547001,Antonin Barak,h,6208,OpenPlay,2017,LeftFoot,7628,Udinese,Cagliari,0,1,2017-11-19 14:00:00,Rodrigo de Paul,Pass
1976,175957,33,BlockedShot,0.7630000305175781,0.3370000076293945,0.01852780021727085,Antonin Barak,h,6208,OpenPlay,2017,RightFoot,7628,Udinese,Cagliari,0,1,2017-11-19 14:00:00,,Dispossessed
1977,176232,67,SavedShot,0.7630000305175781,0.27899999618530275,0.015752499923110008,Antonin Barak,h,6208,OpenPlay,2017,LeftFoot,7638,Udinese,Napoli,0,1,2017-11-26 14:00:00,Gabriele Angella,Pass
1978,176234,76,MissedShots,0.7340000152587891,0.3970000076293945,0.015936199575662613,Antonin Barak,h,6208,OpenPlay,2017,LeftFoot,7638,Udinese,Napoli,0,1,2017-11-26 14:00:00,Silvan Widmer,HeadPass
1979,176235,92,SavedShot,0.7880000305175782,0.28899999618530275,0.019772499799728394,Antonin Barak,h,6208,OpenPlay,2017,RightFoot,7638,Udinese,Napoli,0,1,2017-11-26 14:00:00,Silvan Widmer,Pass
1980,176286,3,SavedShot,0.7580000305175781,0.33599998474121096,0.018254300579428673,Antonin Barak,a,6208,OpenPlay,2017,LeftFoot,7641,Crotone,Udinese,0,3,2017-12-04 18:00:00,Maxi López,LayOff
1981,176308,86,MissedShots,0.909000015258789,0.6880000305175781,0.0832832008600235,Antonin Barak,a,6208,OpenPlay,2017,LeftFoot,7641,Crotone,Udinese,0,3,2017-12-04 18:00:00,Rodrigo de Paul,Pass
1982,180286,4,Goal,0.889000015258789,0.45599998474121095,0.08327130228281021,Antonin Barak,h,6208,OpenPlay,2017,LeftFoot,7658,Udinese,Benevento,2,0,2017-12-10 14:00:00,Jakub Jankto,Cross
1983,180299,56,MissedShots,0.735,0.5479999923706055,0.029131799936294556,Antonin Barak,h,6208,OpenPlay,2017,LeftFoot,7658,Udinese,Benevento,2,0,2017-12-10 14:00:00,Jakub Jankto,Pass
1984,184867,1,MissedShots,0.7440000152587891,0.5109999847412109,0.02052769996225834,Antonin Barak,a,6208,OpenPlay,2017,LeftFoot,7665,Inter,Udinese,1,3,2017-12-16 14:00:00,Rodrigo de Paul,LayOff
1985,184896,76,Goal,0.9740000152587891,0.4540000152587891,0.6132370233535767,Antonin Barak,a,6208,OpenPlay,2017,RightFoot,7665,Inter,Udinese,1,3,2017-12-16 14:00:00,Jakub Jankto,Cross
1986,184898,81,SavedShot,0.7709999847412109,0.725999984741211,0.025855999439954758,Antonin Barak,a,6208,OpenPlay,2017,LeftFoot,7665,Inter,Udinese,1,3,2017-12-16 14:00:00,,TakeOn
1987,185237,1,BlockedShot,0.8980000305175782,0.35700000762939454,0.06641080230474472,Antonin Barak,h,6208,OpenPlay,2017,LeftFoot,7678,Udinese,Verona,4,0,2017-12-23 14:00:00,,None
1988,185244,26,Goal,0.8969999694824219,0.39,0.09366539865732193,Antonin Barak,h,6208,OpenPlay,2017,LeftFoot,7678,Udinese,Verona,4,0,2017-12-23 14:00:00,Silvan Widmer,Pass
1989,185248,43,SavedShot,0.7230000305175781,0.49700000762939456,0.0236882995814085,Antonin Barak,h,6208,OpenPlay,2017,LeftFoot,7678,Udinese,Verona,4,0,2017-12-23 14:00:00,Jakub Jankto,Pass
1990,185252,46,MissedShots,0.8290000152587891,0.37599998474121094,0.07270590215921402,Antonin Barak,h,6208,OpenPlay,2017,LeftFoot,7678,Udinese,Verona,4,0,2017-12-23 14:00:00,Jakub Jankto,Pass
1991,185256,67,Goal,0.85,0.4520000076293945,0.0988323986530304,Antonin Barak,h,6208,OpenPlay,2017,LeftFoot,7678,Udinese,Verona,4,0,2017-12-23 14:00:00,Kevin Lasagna,Pass
1992,185899,55,SavedShot,0.8730000305175781,0.6569999694824219,0.07730679959058762,Antonin Barak,a,6208,OpenPlay,2017,LeftFoot,7681,Bologna,Udinese,1,2,2017-12-30 14:00:00,Kevin Lasagna,Pass
1993,185903,82,MissedShots,0.785,0.69,0.028834199532866478,Antonin Barak,a,6208,OpenPlay,2017,LeftFoot,7681,Bologna,Udinese,1,2,2017-12-30 14:00:00,Seko Fofana,Pass
1994,189227,34,BlockedShot,0.764000015258789,0.44099998474121094,0.036821398884058,Antonin Barak,h,6208,OpenPlay,2017,LeftFoot,7707,Udinese,SPAL 2013,1,1,2018-01-21 14:00:00,,BallRecovery
1995,189629,25,SavedShot,0.875,0.5690000152587891,0.09936679899692535,Antonin Barak,a,6208,OpenPlay,2017,LeftFoot,7617,Lazio,Udinese,3,0,2018-01-24 18:00:00,Maxi López,LayOff
1996,196001,94,MissedShots,0.7730000305175782,0.5779999923706055,0.018189599737524986,Antonin Barak,a,6208,OpenPlay,2017,LeftFoot,7738,Torino,Udinese,2,0,2018-02-11 14:00:00,,None
1997,196231,29,MissedShots,0.6959999847412109,0.37599998474121094,0.01180179975926876,Antonin Barak,h,6208,OpenPlay,2017,LeftFoot,7747,Udinese,Roma,0,2,2018-02-17 14:00:00,Silvan Widmer,Pass
1998,197927,9,SavedShot,0.825,0.3629999923706055,0.04709349945187569,Antonin Barak,a,6208,OpenPlay,2017,LeftFoot,7749,Sampdoria,Udinese,2,1,2018-02-25 14:00:00,Jakub Jankto,Pass
1999,197947,67,MissedShots,0.8930000305175781,0.45099998474121095,0.2039259970188141,Antonin Barak,a,6208,OpenPlay,2017,Head,7749,Sampdoria,Udinese,2,1,2018-02-25 14:00:00,,None
2000,209880,25,SavedShot,0.9359999847412109,0.49900001525878906,0.14272400736808777,Antonin Barak,a,6208,FromCorner,2017,LeftFoot,7828,Napoli,Udinese,4,2,2018-04-18 18:45:00,,Rebound
2001,210880,33,BlockedShot,0.9219999694824219,0.664000015258789,0.04440850019454956,Antonin Barak,h,6208,OpenPlay,2017,LeftFoot,7831,Udinese,Crotone,1,2,2018-04-22 13:00:00,Kevin Lasagna,Cross
2002,215528,19,Goal,0.935,0.4779999923706055,0.4340690076351166,Antonin Barak,a,6208,FromCorner,2017,LeftFoot,7868,Verona,Udinese,0,1,2018-05-13 14:00:00,Jakub Jankto,Cross
2003,215531,33,SavedShot,0.855,0.35400001525878905,0.06831719726324081,Antonin Barak,a,6208,OpenPlay,2017,LeftFoot,7868,Verona,Udinese,0,1,2018-05-13 14:00:00,Rodrigo de Paul,Chipped
2004,216519,47,SavedShot,0.95,0.3320000076293945,0.06861940026283264,Antonin Barak,h,6208,OpenPlay,2017,RightFoot,7871,Udinese,Bologna,1,0,2018-05-20 14:00:00,,Rebound
2005,218769,33,MissedShots,0.9490000152587891,0.534000015258789,0.11347100138664246,Antonin Barak,a,6208,OpenPlay,2018,Head,9582,Parma Calcio 1913,Udinese,2,2,2018-08-19 21:30:00,Darwin Machís,Aerial
2006,252086,42,ShotOnPost,0.749000015258789,0.6140000152587891,0.0163371991366148,Antonin Barak,h,6208,OpenPlay,2018,LeftFoot,9656,Udinese,Juventus,0,2,2018-10-06 16:00:00,Rodrigo de Paul,Pass
2007,252092,60,MissedShots,0.7559999847412109,0.48700000762939455,0.02199470065534115,Antonin Barak,h,6208,OpenPlay,2018,LeftFoot,9656,Udinese,Juventus,0,2,2018-10-06 16:00:00,Rodrigo de Paul,Pass
2008,252703,56,BlockedShot,0.7630000305175781,0.395,0.024031000211834908,Antonin Barak,a,6208,OpenPlay,2018,LeftFoot,9670,Genoa,Udinese,2,2,2018-10-28 13:00:00,Nicholas Opoku,Pass
2009,320241,70,BlockedShot,0.6959999847412109,0.4159999847412109,0.014989499934017658,Antonin Barak,h,6208,OpenPlay,2019,LeftFoot,13128,Udinese,Brescia,0,1,2019-09-21 13:00:00,Walace,Pass
2010,321556,9,SavedShot,0.8819999694824219,0.44799999237060545,0.044785499572753906,Antonin Barak,a,6208,OpenPlay,2019,Head,13132,Verona,Udinese,0,0,2019-09-24 17:00:00,Jens Stryger Larsen,Cross
2011,321557,11,BlockedShot,0.7530000305175781,0.4759999847412109,0.014086199924349785,Antonin Barak,a,6208,FromCorner,2019,RightFoot,13132,Verona,Udinese,0,0,2019-09-24 17:00:00,,Aerial
2012,321558,19,SavedShot,0.76,0.649000015258789,0.016215700656175613,Antonin Barak,a,6208,OpenPlay,2019,LeftFoot,13132,Verona,Udinese,0,0,2019-09-24 17:00:00,,None
2013,357311,18,Goal,0.8719999694824219,0.5220000076293946,0.10711299628019333,Antonin Barak,h,6208,OpenPlay,2019,LeftFoot,13304,Lecce,Torino,4,0,2020-02-02 17:00:00,,None
2014,358493,70,SavedShot,0.9469999694824218,0.5590000152587891,0.42982399463653564,Antonin Barak,a,6208,OpenPlay,2019,Head,13313,Napoli,Lecce,2,3,2020-02-09 14:00:00,Andrea Rispoli,Cross
2015,358823,57,MissedShots,0.774000015258789,0.72,0.017720699310302734,Antonin Barak,h,6208,OpenPlay,2019,LeftFoot,13324,Lecce,SPAL 2013,2,1,2020-02-15 14:00:00,Alessandro Deiola,Pass
2016,358825,59,SavedShot,0.8919999694824219,0.5879999923706055,0.11270800232887268,Antonin Barak,h,6208,OpenPlay,2019,LeftFoot,13324,Lecce,SPAL 2013,2,1,2020-02-15 14:00:00,Marco Mancosu,Pass
2017,358830,70,MissedShots,0.7880000305175782,0.5629999923706055,0.04696949943900108,Antonin Barak,h,6208,OpenPlay,2019,LeftFoot,13324,Lecce,SPAL 2013,2,1,2020-02-15 14:00:00,Marco Mancosu,Pass
2018,360366,18,SavedShot,0.9430000305175781,0.715,0.06943929940462112,Antonin Barak,a,6208,OpenPlay,2019,LeftFoot,13335,Roma,Lecce,4,0,2020-02-23 17:00:00,Marco Mancosu,Pass
2019,361323,43,MissedShots,0.7830000305175782,0.38299999237060545,0.022695299237966537,Antonin Barak,h,6208,OpenPlay,2019,RightFoot,13342,Lecce,Atalanta,2,7,2020-03-01 14:00:00,Gianluca Lapadula,Pass
2020,368206,85,SavedShot,0.85,0.539000015258789,0.0618273988366127,Antonin Barak,h,6208,OpenPlay,2019,RightFoot,13377,Lecce,Sampdoria,1,2,2020-07-01 19:45:00,Khouma Babacar,BallTouch
2021,368740,88,SavedShot,0.885,0.46299999237060546,0.06489270180463791,Antonin Barak,a,6208,OpenPlay,2019,RightFoot,13383,Sassuolo,Lecce,4,2,2020-07-04 17:30:00,Giulio Donati,Cross
2022,369504,54,BlockedShot,0.8090000152587891,0.5120000076293946,0.06720849871635437,Antonin Barak,h,6208,OpenPlay,2019,RightFoot,13393,Lecce,Lazio,2,1,2020-07-07 17:30:00,Riccardo Saponara,BallTouch
2023,370940,57,BlockedShot,0.919000015258789,0.4909999847412109,0.14365500211715698,Antonin Barak,a,6208,OpenPlay,2019,LeftFoot,13408,Cagliari,Lecce,0,0,2020-07-12 17:30:00,Marco Mancosu,Pass
2024,370945,62,BlockedShot,0.8519999694824218,0.6780000305175782,0.04274740070104599,Antonin Barak,a,6208,OpenPlay,2019,LeftFoot,13408,Cagliari,Lecce,0,0,2020-07-12 17:30:00,Giulio Donati,Pass
2025,370947,69,SavedShot,0.8619999694824219,0.6580000305175782,0.051194798201322556,Antonin Barak,a,6208,OpenPlay,2019,LeftFoot,13408,Cagliari,Lecce,0,0,2020-07-12 17:30:00,Diego Farias,Pass
2026,370955,90,SavedShot,0.6619999694824219,0.635,0.012005800381302834,Antonin Barak,a,6208,OpenPlay,2019,LeftFoot,13408,Cagliari,Lecce,0,0,2020-07-12 17:30:00,Alessandro Deiola,Pass
2027,371662,17,SavedShot,0.7130000305175781,0.72,0.014174699783325195,Antonin Barak,h,6208,OpenPlay,2019,LeftFoot,13417,Lecce,Fiorentina,1,3,2020-07-15 19:45:00,Jacopo Petriccione,Pass
2028,371673,78,BlockedShot,0.750999984741211,0.4779999923706055,0.021051999181509018,Antonin Barak,h,6208,OpenPlay,2019,RightFoot,13417,Lecce,Fiorentina,1,3,2020-07-15 19:45:00,Riccardo Saponara,Pass
2029,372594,10,MissedShots,0.904000015258789,0.5329999923706055,0.03243440017104149,Antonin Barak,a,6208,OpenPlay,2019,Head,13422,Genoa,Lecce,2,1,2020-07-19 17:30:00,Marco Mancosu,Aerial
2030,372597,18,MissedShots,0.8059999847412109,0.26600000381469724,0.01803480088710785,Antonin Barak,a,6208,OpenPlay,2019,LeftFoot,13422,Genoa,Lecce,2,1,2020-07-19 17:30:00,Giulio Donati,Chipped
2031,372600,48,MissedShots,0.955999984741211,0.3940000152587891,0.058931298553943634,Antonin Barak,a,6208,FromCorner,2019,LeftFoot,13422,Genoa,Lecce,2,1,2020-07-19 17:30:00,Riccardo Saponara,Cross
2032,372605,49,MissedShots,0.9580000305175781,0.4179999923706055,0.03830130025744438,Antonin Barak,a,6208,FromCorner,2019,Head,13422,Genoa,Lecce,2,1,2020-07-19 17:30:00,Riccardo Saponara,Aerial
2033,372609,57,BlockedShot,0.9580000305175781,0.41400001525878904,0.03260819986462593,Antonin Barak,a,6208,FromCorner,2019,Head,13422,Genoa,Lecce,2,1,2020-07-19 17:30:00,Riccardo Saponara,Aerial
2034,372613,66,MissedShots,0.8919999694824219,0.4620000076293945,0.3129520118236542,Antonin Barak,a,6208,OpenPlay,2019,LeftFoot,13422,Genoa,Lecce,2,1,2020-07-19 17:30:00,Giulio Donati,Cross
2035,372617,84,MissedShots,0.8119999694824219,0.5220000076293946,0.05020900070667267,Antonin Barak,a,6208,OpenPlay,2019,LeftFoot,13422,Genoa,Lecce,2,1,2020-07-19 17:30:00,Diego Farias,Pass
2036,372619,91,MissedShots,0.8980000305175782,0.45799999237060546,0.0773795023560524,Antonin Barak,a,6208,OpenPlay,2019,Head,13422,Genoa,Lecce,2,1,2020-07-19 17:30:00,Giulio Donati,Cross
2037,373400,16,BlockedShot,0.9009999847412109,0.639000015258789,0.06764490157365799,Antonin Barak,h,6208,OpenPlay,2019,RightFoot,13432,Lecce,Brescia,3,1,2020-07-22 19:45:00,,None
2038,373404,27,SavedShot,0.7180000305175781,0.6530000305175782,0.01236489973962307,Antonin Barak,h,6208,OpenPlay,2019,LeftFoot,13432,Lecce,Brescia,3,1,2020-07-22 19:45:00,,Aerial
2039,373407,33,BlockedShot,0.919000015258789,0.5570000076293945,0.10578600317239761,Antonin Barak,h,6208,OpenPlay,2019,Head,13432,Lecce,Brescia,3,1,2020-07-22 19:45:00,Filippo Falco,Cross
2040,373425,84,SavedShot,0.9280000305175782,0.605,0.45077499747276306,Antonin Barak,h,6208,OpenPlay,2019,LeftFoot,13432,Lecce,Brescia,3,1,2020-07-22 19:45:00,,BallTouch
2041,373859,9,MissedShots,0.904000015258789,0.5729999923706055,0.01634190045297146,Antonin Barak,a,6208,FromCorner,2019,Head,13439,Bologna,Lecce,3,2,2020-07-26 15:15:00,Riccardo Saponara,Aerial
2042,373895,84,BlockedShot,0.749000015258789,0.63,0.021176999434828758,Antonin Barak,a,6208,OpenPlay,2019,LeftFoot,13439,Bologna,Lecce,3,2,2020-07-26 15:15:00,Jacopo Petriccione,Pass
2043,374225,32,MissedShots,0.774000015258789,0.5029999923706054,0.032314401119947433,Antonin Barak,a,6208,OpenPlay,2019,LeftFoot,13453,Udinese,Lecce,1,2,2020-07-29 17:30:00,Jacopo Petriccione,Pass
2044,374622,7,SavedShot,0.9030000305175782,0.5359999847412109,0.11166200041770935,Antonin Barak,h,6208,OpenPlay,2019,RightFoot,13468,Lecce,Parma Calcio 1913,3,4,2020-08-02 18:45:00,Gianluca Lapadula,BallTouch
2045,374636,39,Goal,0.9740000152587891,0.53,0.8045660257339478,Antonin Barak,h,6208,OpenPlay,2019,Head,13468,Lecce,Parma Calcio 1913,3,4,2020-08-02 18:45:00,Marco Mancosu,Aerial
2046,374642,54,MissedShots,0.7919999694824219,0.6580000305175782,0.027339700609445572,Antonin Barak,h,6208,OpenPlay,2019,LeftFoot,13468,Lecce,Parma Calcio 1913,3,4,2020-08-02 18:45:00,Riccardo Saponara,Pass
2047,379449,53,MissedShots,0.9590000152587891,0.38299999237060545,0.013662800192832947,Antonin Barak,h,6208,FromCorner,2020,Head,14129,Verona,Udinese,1,0,2020-09-27 13:00:00,Federico Dimarco,Aerial
2048,379454,58,MissedShots,0.889000015258789,0.4420000076293945,0.07692830264568329,Antonin Barak,h,6208,OpenPlay,2020,Head,14129,Verona,Udinese,1,0,2020-09-27 13:00:00,Federico Dimarco,Cross
2049,379456,61,BlockedShot,0.8040000152587891,0.7469999694824219,0.026871100068092346,Antonin Barak,h,6208,OpenPlay,2020,LeftFoot,14129,Verona,Udinese,1,0,2020-09-27 13:00:00,Federico Dimarco,Pass
2050,381034,20,SavedShot,0.7419999694824219,0.4209999847412109,0.020440800115466118,Antonin Barak,a,6208,OpenPlay,2020,LeftFoot,15453,Parma Calcio 1913,Verona,1,0,2020-10-04 13:00:00,Matteo Lovato,Pass
2051,385535,16,Goal,0.9540000152587891,0.54,0.6251559853553772,Antonin Barak,h,6208,OpenPlay,2020,LeftFoot,15485,Verona,Benevento,3,1,2020-11-02 19:45:00,Mattia Zaccagni,Pass
2052,385542,32,BlockedShot,0.725999984741211,0.7480000305175781,0.011679899878799915,Antonin Barak,h,6208,OpenPlay,2020,LeftFoot,15485,Verona,Benevento,3,1,2020-11-02 19:45:00,Mattia Zaccagni,HeadPass
2053,385556,62,Goal,0.8640000152587891,0.5840000152587891,0.0939515009522438,Antonin Barak,h,6208,OpenPlay,2020,LeftFoot,15485,Verona,Benevento,3,1,2020-11-02 19:45:00,Federico Dimarco,Pass
2054,386924,5,Goal,0.98,0.47900001525878905,0.9243389964103699,Antonin Barak,a,6208,FromCorner,2020,LeftFoot,15492,AC Milan,Verona,2,2,2020-11-08 19:45:00,,Rebound
2055,386927,18,MissedShots,0.9369999694824219,0.4520000076293945,0.1321209967136383,Antonin Barak,a,6208,SetPiece,2020,Head,15492,AC Milan,Verona,2,2,2020-11-08 19:45:00,Federico Dimarco,Cross
2056,387857,28,MissedShots,0.7140000152587891,0.3170000076293945,0.011598300188779831,Antonin Barak,h,6208,OpenPlay,2020,LeftFoot,15505,Verona,Sassuolo,0,2,2020-11-22 14:00:00,Pawel Dawidowicz,Pass
2057,390531,11,BlockedShot,0.899000015258789,0.5520000076293945,0.11449900269508362,Antonin Barak,h,6208,OpenPlay,2020,LeftFoot,15525,Verona,Cagliari,1,1,2020-12-06 11:30:00,,Rebound
2058,393268,9,MissedShots,0.8090000152587891,0.33,0.01765579916536808,Antonin Barak,h,6208,OpenPlay,2020,RightFoot,15545,Verona,Sampdoria,1,2,2020-12-16 19:45:00,Darko Lazovic,HeadPass
2059,393272,34,SavedShot,0.925,0.48200000762939454,0.5236330032348633,Antonin Barak,h,6208,OpenPlay,2020,LeftFoot,15545,Verona,Sampdoria,1,2,2020-12-16 19:45:00,,TakeOn
2060,396866,90,SavedShot,0.8390000152587891,0.4490000152587891,0.08100129663944244,Antonin Barak,a,6208,OpenPlay,2020,LeftFoot,15575,Spezia,Verona,0,1,2021-01-03 14:00:00,,None
2061,396867,93,BlockedShot,0.8690000152587891,0.6079999923706054,0.09540949761867523,Antonin Barak,a,6208,OpenPlay,2020,LeftFoot,15575,Spezia,Verona,0,1,2021-01-03 14:00:00,Ebrima Colley,Pass
2062,397276,8,MissedShots,0.925,0.3529999923706055,0.06959299743175507,Antonin Barak,a,6208,OpenPlay,2020,RightFoot,15585,Torino,Verona,1,1,2021-01-06 14:00:00,,None
2063,398277,32,MissedShots,0.91,0.4370000076293945,0.036541398614645004,Antonin Barak,h,6208,FromCorner,2020,Head,15595,Verona,Crotone,2,1,2021-01-10 14:00:00,Federico Ceccherini,Rebound
2064,398278,33,MissedShots,0.789000015258789,0.315,0.03162769973278046,Antonin Barak,h,6208,OpenPlay,2020,LeftFoot,15595,Verona,Crotone,2,1,2021-01-10 14:00:00,Nikola Kalinic,Pass
2065,398279,36,SavedShot,0.9569999694824218,0.425,0.40936800837516785,Antonin Barak,h,6208,OpenPlay,2020,Head,15595,Verona,Crotone,2,1,2021-01-10 14:00:00,Federico Dimarco,Cross
2066,398281,38,BlockedShot,0.894000015258789,0.37900001525878907,0.011717099696397781,Antonin Barak,h,6208,FromCorner,2020,Head,15595,Verona,Crotone,2,1,2021-01-10 14:00:00,Federico Dimarco,Aerial
2067,398287,62,MissedShots,0.91,0.5670000076293945,0.40161600708961487,Antonin Barak,h,6208,OpenPlay,2020,LeftFoot,15595,Verona,Crotone,2,1,2021-01-10 14:00:00,Federico Dimarco,Pass
2068,400799,34,SavedShot,0.745,0.48700000762939455,0.02131509967148304,Antonin Barak,h,6208,OpenPlay,2020,RightFoot,15615,Verona,Napoli,3,1,2021-01-24 14:00:00,Ivan Ilic,Pass
2069,400806,61,Goal,0.9519999694824218,0.6140000152587891,0.29896900057792664,Antonin Barak,h,6208,OpenPlay,2020,LeftFoot,15615,Verona,Napoli,3,1,2021-01-24 14:00:00,Mattia Zaccagni,Chipped
2070,400810,72,BlockedShot,0.715,0.6780000305175782,0.013843799941241741,Antonin Barak,h,6208,OpenPlay,2020,LeftFoot,15615,Verona,Napoli,3,1,2021-01-24 14:00:00,Samuel Di Carmine,Pass
2071,402343,38,BlockedShot,0.769000015258789,0.40400001525878904,0.0727716013789177,Antonin Barak,a,6208,DirectFreekick,2020,LeftFoot,15623,Roma,Verona,3,1,2021-01-31 19:45:00,,Standard
2072,405091,34,BlockedShot,0.855,0.6430000305175781,0.059103500097990036,Antonin Barak,h,6208,OpenPlay,2020,RightFoot,15643,Verona,Parma Calcio 1913,2,1,2021-02-15 19:45:00,Matteo Lovato,BallRecovery
2073,405099,61,Goal,0.9390000152587891,0.41900001525878905,0.029007600620388985,Antonin Barak,h,6208,FromCorner,2020,Head,15643,Verona,Parma Calcio 1913,2,1,2021-02-15 19:45:00,Federico Dimarco,Aerial
2074,405636,52,MissedShots,0.7369999694824219,0.539000015258789,0.019245900213718414,Antonin Barak,a,6208,OpenPlay,2020,LeftFoot,15655,Genoa,Verona,2,2,2021-02-20 17:00:00,Adrien Tameze,Pass
2075,406944,76,Goal,0.9290000152587891,0.46599998474121096,0.3357999920845032,Antonin Barak,h,6208,OpenPlay,2020,Head,15661,Verona,Juventus,1,1,2021-02-27 19:45:00,Darko Lazovic,Aerial
2076,406947,82,MissedShots,0.794000015258789,0.645,0.030101900920271873,Antonin Barak,h,6208,OpenPlay,2020,LeftFoot,15661,Verona,Juventus,1,1,2021-02-27 19:45:00,Mattia Zaccagni,Pass
2077,406951,88,BlockedShot,0.85,0.605999984741211,0.06610489636659622,Antonin Barak,h,6208,OpenPlay,2020,LeftFoot,15661,Verona,Juventus,1,1,2021-02-27 19:45:00,Daniel Bessa,BallRecovery
2078,408025,37,SavedShot,0.850999984741211,0.49700000762939456,0.12947699427604675,Antonin Barak,a,6208,OpenPlay,2020,LeftFoot,15673,Benevento,Verona,0,3,2021-03-03 19:45:00,Darko Lazovic,Pass
2079,408030,51,MissedShots,0.8930000305175781,0.5379999923706055,0.5121840238571167,Antonin Barak,a,6208,OpenPlay,2020,LeftFoot,15673,Benevento,Verona,0,3,2021-03-03 19:45:00,,None
2080,408031,53,BlockedShot,0.895,0.6459999847412109,0.1398019939661026,Antonin Barak,a,6208,OpenPlay,2020,LeftFoot,15673,Benevento,Verona,0,3,2021-03-03 19:45:00,Mattia Zaccagni,Throughball
2081,409839,11,SavedShot,0.9080000305175782,0.49400001525878906,0.32245299220085144,Antonin Barak,a,6208,OpenPlay,2020,Head,15695,Sassuolo,Verona,3,2,2021-03-13 14:00:00,Darko Lazovic,Cross
2082,409846,34,BlockedShot,0.815,0.5840000152587891,0.050060298293828964,Antonin Barak,a,6208,OpenPlay,2020,LeftFoot,15695,Sassuolo,Verona,3,2,2021-03-13 14:00:00,Darko Lazovic,Pass
2083,409858,77,BlockedShot,0.97,0.6040000152587891,0.07623449712991714,Antonin Barak,a,6208,OpenPlay,2020,LeftFoot,15695,Sassuolo,Verona,3,2,2021-03-13 14:00:00,Kevin Lasagna,BallTouch
2084,412300,53,Goal,0.785,0.6409999847412109,0.02596209943294525,Antonin Barak,a,6208,OpenPlay,2020,LeftFoot,15715,Cagliari,Verona,0,2,2021-04-03 13:00:00,Miguel Veloso,Pass
2085,414406,35,BlockedShot,0.7969999694824219,0.519000015258789,0.046660300344228745,Antonin Barak,h,6208,OpenPlay,2020,LeftFoot,15721,Verona,Lazio,0,1,2021-04-11 13:00:00,Mattia Zaccagni,Pass
2086,416285,54,MissedShots,0.9690000152587891,0.545,0.6025639772415161,Antonin Barak,h,6208,FromCorner,2020,LeftFoot,15739,Verona,Fiorentina,1,2,2021-04-20 18:45:00,Kevin Lasagna,None
2087,417800,74,MissedShots,0.9359999847412109,0.5059999847412109,0.12133999913930893,Antonin Barak,a,6208,FromCorner,2020,LeftFoot,15755,Inter,Verona,1,0,2021-04-25 13:00:00,,None
2088,420602,38,BlockedShot,0.8869999694824219,0.5120000076293946,0.10961800068616867,Antonin Barak,h,6208,SetPiece,2020,LeftFoot,15775,Verona,Torino,1,1,2021-05-09 13:00:00,,Rebound
2089,420608,56,BlockedShot,0.715,0.6959999847412109,0.011749500408768654,Antonin Barak,h,6208,OpenPlay,2020,LeftFoot,15775,Verona,Torino,1,1,2021-05-09 13:00:00,,BallRecovery
2090,421622,8,SavedShot,0.924000015258789,0.43900001525878907,0.09523750096559525,Antonin Barak,a,6208,OpenPlay,2020,Head,15785,Crotone,Verona,2,1,2021-05-13 18:45:00,Darko Lazovic,Cross
2091,421636,64,SavedShot,0.74,0.48700000762939455,0.020885199308395386,Antonin Barak,a,6208,OpenPlay,2020,LeftFoot,15785,Crotone,Verona,2,1,2021-05-13 18:45:00,Koray Günter,Pass
2092,427231,1,SavedShot,0.8619999694824219,0.2620000076293945,0.03179280087351799,Antonin Barak,h,6208,OpenPlay,2021,LeftFoot,16756,Verona,Sassuolo,2,3,2021-08-21 16:30:00,,BallRecovery
2093,427237,14,MissedShots,0.9819999694824219,0.39799999237060546,0.065277598798275,Antonin Barak,h,6208,OpenPlay,2021,RightFoot,16756,Verona,Sassuolo,2,3,2021-08-21 16:30:00,Darko Lazovic,Cross
2094,427243,28,MissedShots,0.9219999694824219,0.44299999237060544,0.032656099647283554,Antonin Barak,h,6208,FromCorner,2021,Head,16756,Verona,Sassuolo,2,3,2021-08-21 16:30:00,Miguel Veloso,Aerial
2095,430876,40,MissedShots,0.89,0.32599998474121095,0.06038390100002289,Antonin Barak,a,6208,OpenPlay,2021,LeftFoot,16777,Bologna,Verona,1,0,2021-09-13 18:45:00,Adrien Tameze,Pass
2096,432094,21,SavedShot,0.730999984741211,0.46099998474121096,0.017177799716591835,Antonin Barak,h,6208,OpenPlay,2021,LeftFoot,16788,Verona,Roma,3,2,2021-09-19 16:00:00,Giovanni Simeone,Pass
2097,432099,48,Goal,0.955,0.48400001525878905,0.5968199968338013,Antonin Barak,h,6208,OpenPlay,2021,LeftFoot,16788,Verona,Roma,3,2,2021-09-19 16:00:00,,None
2098,432102,55,MissedShots,0.7769999694824219,0.6869999694824219,0.026503000408411026,Antonin Barak,h,6208,OpenPlay,2021,LeftFoot,16788,Verona,Roma,3,2,2021-09-19 16:00:00,Ivan Ilic,Pass
2099,432530,9,SavedShot,0.89,0.6020000076293945,0.22850100696086884,Antonin Barak,a,6208,OpenPlay,2021,RightFoot,16802,Salernitana,Verona,2,2,2021-09-22 16:30:00,Nikola Kalinic,TakeOn
2100,432552,87,ShotOnPost,0.7609999847412109,0.4879999923706055,0.07467719912528992,Antonin Barak,a,6208,DirectFreekick,2021,LeftFoot,16802,Salernitana,Verona,2,2,2021-09-22 16:30:00,,Standard
2101,433740,48,Goal,0.885,0.5,0.7612990140914917,Antonin Barak,a,6208,Penalty,2021,LeftFoot,16807,Genoa,Verona,3,3,2021-09-25 18:45:00,,Standard
2102,433745,72,SavedShot,0.7319999694824219,0.5209999847412109,0.05292209982872009,Antonin Barak,a,6208,DirectFreekick,2021,LeftFoot,16807,Genoa,Verona,3,3,2021-09-25 18:45:00,,Standard
2103,433753,86,MissedShots,0.9290000152587891,0.385,0.07410600036382675,Antonin Barak,a,6208,OpenPlay,2021,RightFoot,16807,Genoa,Verona,3,3,2021-09-25 18:45:00,Nicolò Casale,HeadPass
2104,436541,23,Goal,0.885,0.5,0.7612990140914917,Antonin Barak,a,6208,Penalty,2021,LeftFoot,16831,AC Milan,Verona,3,2,2021-10-16 18:45:00,,Standard
2105,436555,68,BlockedShot,0.8569999694824219,0.5720000076293945,0.0880454033613205,Antonin Barak,a,6208,OpenPlay,2021,LeftFoot,16831,AC Milan,Verona,3,2,2021-10-16 18:45:00,,None
2106,436560,80,SavedShot,0.95,0.34700000762939454,0.05581130087375641,Antonin Barak,a,6208,FromCorner,2021,LeftFoot,16831,AC Milan,Verona,3,2,2021-10-16 18:45:00,Marco Faraoni,Pass
2107,438357,15,SavedShot,0.9230000305175782,0.45799999237060546,0.12555000185966492,Antonin Barak,h,6208,SetPiece,2021,Head,16839,Verona,Lazio,4,1,2021-10-24 13:00:00,Miguel Veloso,Cross
2108,438359,23,MissedShots,0.950999984741211,0.4979999923706055,0.5955730080604553,Antonin Barak,h,6208,OpenPlay,2021,RightFoot,16839,Verona,Lazio,4,1,2021-10-24 13:00:00,Darko Lazovic,Cross
2109,438361,25,SavedShot,0.909000015258789,0.5070000076293946,0.48388800024986267,Antonin Barak,h,6208,OpenPlay,2021,RightFoot,16839,Verona,Lazio,4,1,2021-10-24 13:00:00,Gianluca Caprari,Pass
2110,438987,82,Goal,0.885,0.5,0.7612990140914917,Antonin Barak,a,6208,Penalty,2021,LeftFoot,16854,Udinese,Verona,1,1,2021-10-27 16:30:00,,Standard
2111,439795,9,SavedShot,0.8930000305175781,0.37099998474121093,0.33906298875808716,Antonin Barak,h,6208,OpenPlay,2021,RightFoot,16860,Verona,Juventus,2,1,2021-10-30 16:00:00,,None
2112,439817,90,MissedShots,0.835999984741211,0.5459999847412109,0.0766913965344429,Antonin Barak,h,6208,OpenPlay,2021,LeftFoot,16860,Verona,Juventus,2,1,2021-10-30 16:00:00,Gianluca Caprari,None
2113,441937,25,BlockedShot,0.8030000305175782,0.375,0.03501509875059128,Antonin Barak,a,6208,OpenPlay,2021,RightFoot,16871,Napoli,Verona,1,1,2021-11-07 17:00:00,Nicolò Casale,Pass
2114,441939,27,BlockedShot,0.8719999694824219,0.3340000152587891,0.05263129994273186,Antonin Barak,a,6208,OpenPlay,2021,LeftFoot,16871,Napoli,Verona,1,1,2021-11-07 17:00:00,,None
2115,441940,31,BlockedShot,0.855999984741211,0.56,0.08891329914331436,Antonin Barak,a,6208,OpenPlay,2021,RightFoot,16871,Napoli,Verona,1,1,2021-11-07 17:00:00,Giovanni Simeone,Pass
2116,441949,67,SavedShot,0.8769999694824219,0.40299999237060546,0.09813079982995987,Antonin Barak,a,6208,OpenPlay,2021,LeftFoot,16871,Napoli,Verona,1,1,2021-11-07 17:00:00,Giovanni Simeone,Pass
2117,443553,4,SavedShot,0.8040000152587891,0.27399999618530274,0.021026799455285072,Antonin Barak,h,6208,OpenPlay,2021,LeftFoot,16880,Verona,Empoli,2,1,2021-11-22 17:30:00,Giovanni Simeone,Pass
2118,443563,48,Goal,0.909000015258789,0.539000015258789,0.08978640288114548,Antonin Barak,h,6208,OpenPlay,2021,Head,16880,Verona,Empoli,2,1,2021-11-22 17:30:00,Darko Lazovic,Cross
2119,443882,3,MissedShots,0.905,0.6509999847412109,0.07063309848308563,Antonin Barak,a,6208,OpenPlay,2021,LeftFoot,16892,Sampdoria,Verona,3,1,2021-11-27 14:00:00,Gianluca Caprari,Chipped
2120,445139,56,SavedShot,0.7859999847412109,0.37099998474121093,0.04929089918732643,Antonin Barak,h,6208,OpenPlay,2021,LeftFoot,16900,Verona,Cagliari,0,0,2021-11-30 19:45:00,Pawel Dawidowicz,Pass
2121,445145,76,SavedShot,0.8530000305175781,0.34299999237060547,0.03253670036792755,Antonin Barak,h,6208,OpenPlay,2021,LeftFoot,16900,Verona,Cagliari,0,0,2021-11-30 19:45:00,,TakeOn
2122,451732,92,MissedShots,0.945,0.3579999923706055,0.3169400095939636,Antonin Barak,a,6208,OpenPlay,2021,RightFoot,16955,Spezia,Verona,1,2,2022-01-06 13:30:00,Fabio Depaoli,Pass
2123,452820,60,MissedShots,0.8969999694824219,0.5729999923706055,0.10811299830675125,Antonin Barak,h,6208,OpenPlay,2021,LeftFoot,16959,Verona,Salernitana,1,2,2022-01-09 19:45:00,Darko Lazovic,Pass
2124,452827,80,BlockedShot,0.7230000305175781,0.56,0.017715100198984146,Antonin Barak,h,6208,OpenPlay,2021,LeftFoot,16959,Verona,Salernitana,1,2,2022-01-09 19:45:00,Koray Günter,Pass
2125,452829,85,BlockedShot,0.92,0.595999984741211,0.4061950147151947,Antonin Barak,h,6208,OpenPlay,2021,LeftFoot,16959,Verona,Salernitana,1,2,2022-01-09 19:45:00,Darko Lazovic,Pass
2126,453471,3,MissedShots,0.81,0.3120000076293945,0.028870200738310814,Antonin Barak,a,6208,OpenPlay,2021,LeftFoot,16974,Sassuolo,Verona,2,4,2022-01-16 11:30:00,,BallRecovery
2127,453474,11,MissedShots,0.87,0.5509999847412109,0.09593819826841354,Antonin Barak,a,6208,OpenPlay,2021,RightFoot,16974,Sassuolo,Verona,2,4,2022-01-16 11:30:00,Gianluca Caprari,Pass
2128,453478,28,MissedShots,0.755,0.615999984741211,0.02283870056271553,Antonin Barak,a,6208,OpenPlay,2021,LeftFoot,16974,Sassuolo,Verona,2,4,2022-01-16 11:30:00,Miguel Veloso,Pass
2129,453483,43,Goal,0.950999984741211,0.46,0.5678979754447937,Antonin Barak,a,6208,FromCorner,2021,LeftFoot,16974,Sassuolo,Verona,2,4,2022-01-16 11:30:00,,None
2130,453488,51,BlockedShot,0.955,0.49599998474121093,0.5720769762992859,Antonin Barak,a,6208,FromCorner,2021,RightFoot,16974,Sassuolo,Verona,2,4,2022-01-16 11:30:00,Koray Günter,HeadPass
2131,453490,56,Goal,0.885,0.5,0.7612990140914917,Antonin Barak,a,6208,Penalty,2021,LeftFoot,16974,Sassuolo,Verona,2,4,2022-01-16 11:30:00,,Standard
2132,453504,93,Goal,0.865999984741211,0.6120000076293945,0.35006800293922424,Antonin Barak,a,6208,OpenPlay,2021,LeftFoot,16974,Sassuolo,Verona,2,4,2022-01-16 11:30:00,Nikola Kalinic,Throughball
2133,454334,23,MissedShots,0.885,0.5720000076293945,0.03658130019903183,Antonin Barak,h,6208,OpenPlay,2021,Head,16979,Verona,Bologna,2,1,2022-01-21 19:45:00,Darko Lazovic,Cross
2134,454336,36,SavedShot,0.894000015258789,0.509000015258789,0.0904126986861229,Antonin Barak,h,6208,OpenPlay,2021,LeftFoot,16979,Verona,Bologna,2,1,2022-01-21 19:45:00,Darko Lazovic,Cross
2135,456429,58,BlockedShot,0.7859999847412109,0.33299999237060546,0.0225846990942955,Antonin Barak,a,6208,OpenPlay,2021,LeftFoot,16990,Juventus,Verona,2,0,2022-02-06 19:45:00,,None
2136,457420,30,Goal,0.86,0.4570000076293945,0.11303900182247162,Antonin Barak,h,6208,OpenPlay,2021,RightFoot,16999,Verona,Udinese,4,0,2022-02-13 14:00:00,Fabio Depaoli,Pass
2137,458426,4,Goal,0.9459999847412109,0.500999984741211,0.590719997882843,Antonin Barak,a,6208,SetPiece,2021,LeftFoot,17011,Roma,Verona,2,2,2022-02-19 17:00:00,,None
2138,463087,67,MissedShots,0.9119999694824219,0.525,0.0515751987695694,Antonin Barak,h,6208,SetPiece,2021,Head,17038,Verona,Napoli,1,2,2022-03-13 14:00:00,Gianluca Caprari,Aerial
2139,463091,81,MissedShots,0.9159999847412109,0.5279999923706055,0.040280599147081375,Antonin Barak,h,6208,OpenPlay,2021,Head,17038,Verona,Napoli,1,2,2022-03-13 14:00:00,Adrien Tameze,Aerial
2140,464519,89,MissedShots,0.904000015258789,0.42200000762939455,0.06308510154485703,Antonin Barak,a,6208,SetPiece,2021,Head,17048,Empoli,Verona,1,1,2022-03-20 14:00:00,Matteo Cancellieri,Cross
2141,470231,9,BlockedShot,0.9459999847412109,0.47200000762939454,0.10754600167274475,Antonin Barak,h,6208,OpenPlay,2021,Head,17089,Verona,Sampdoria,1,1,2022-04-23 18:45:00,Darko Lazovic,Aerial
2142,471328,7,Goal,0.93,0.42900001525878906,0.44273799657821655,Antonin Barak,a,6208,OpenPlay,2021,LeftFoot,17097,Cagliari,Verona,1,2,2022-04-30 13:00:00,Giovanni Simeone,Pass
2143,484684,50,MissedShots,0.7369999694824219,0.6959999847412109,0.014233600348234177,Antonin Barak,h,6208,OpenPlay,2022,LeftFoot,18611,Fiorentina,Napoli,0,0,2022-08-28 18:45:00,Luka Jovic,Pass
2144,484688,62,MissedShots,0.8730000305175781,0.3870000076293945,0.08818279951810837,Antonin Barak,h,6208,OpenPlay,2022,LeftFoot,18611,Fiorentina,Napoli,0,0,2022-08-28 18:45:00,Riccardo Sottil,Pass
2145,484971,35,BlockedShot,0.7440000152587891,0.2720000076293945,0.014122200198471546,Antonin Barak,a,6208,OpenPlay,2022,LeftFoot,18617,Udinese,Fiorentina,1,0,2022-08-31 16:30:00,Christian Kouamé,Pass
2146,485708,13,BlockedShot,0.8569999694824219,0.445,0.057494498789310455,Antonin Barak,h,6208,FromCorner,2022,LeftFoot,18622,Fiorentina,Juventus,1,1,2022-09-03 13:00:00,Christian Kouamé,Pass
2147,485716,47,BlockedShot,0.8540000152587891,0.5629999923706055,0.0827082023024559,Antonin Barak,h,6208,OpenPlay,2022,LeftFoot,18622,Fiorentina,Juventus,1,1,2022-09-03 13:00:00,Cristiano Biraghi,Pass
2148,489272,16,BlockedShot,0.7380000305175781,0.47299999237060547,0.024623699486255646,Antonin Barak,h,6208,OpenPlay,2022,LeftFoot,18644,Fiorentina,Verona,2,0,2022-09-18 13:00:00,Jonathan Ikone,Pass
2149,492643,95,BlockedShot,0.8619999694824219,0.5609999847412109,0.09676679968833923,Antonin Barak,h,6208,OpenPlay,2022,RightFoot,18664,Fiorentina,Lazio,0,4,2022-10-10 18:45:00,Riccardo Saponara,Pass
2150,499574,95,MissedShots,0.8419999694824218,0.315,0.04914740100502968,Antonin Barak,h,6208,OpenPlay,2022,RightFoot,18713,Fiorentina,Salernitana,2,1,2022-11-09 19:45:00,Dodô,Pass
2151,500847,27,Goal,0.875,0.4370000076293945,0.06830470263957977,Antonin Barak,a,6208,OpenPlay,2022,LeftFoot,18727,AC Milan,Fiorentina,2,1,2022-11-13 17:00:00,Jonathan Ikone,None
2152,502410,77,MissedShots,0.9019999694824219,0.6780000305175782,0.06522359699010849,Antonin Barak,h,6208,OpenPlay,2022,LeftFoot,18733,Fiorentina,Monza,1,1,2023-01-04 17:30:00,Christian Kouamé,Pass
2153,504841,86,BlockedShot,0.865,0.5070000076293946,0.021188700571656227,Antonin Barak,h,6208,FromCorner,2022,Head,18763,Fiorentina,Torino,0,1,2023-01-21 19:45:00,Aleksa Terzic,Cross
2154,504842,90,SavedShot,0.9119999694824219,0.59,0.07712060213088989,Antonin Barak,h,6208,OpenPlay,2022,LeftFoot,18763,Fiorentina,Torino,0,1,2023-01-21 19:45:00,,None
2155,504843,90,SavedShot,0.85,0.515,0.057259701192379,Antonin Barak,h,6208,OpenPlay,2022,LeftFoot,18763,Fiorentina,Torino,0,1,2023-01-21 19:45:00,Aleksa Terzic,Cross
2156,506317,12,MissedShots,0.769000015258789,0.55,0.02460319921374321,Antonin Barak,a,6208,OpenPlay,2022,LeftFoot,18777,Lazio,Fiorentina,1,1,2023-01-29 17:00:00,,BallRecovery
2157,506343,93,MissedShots,0.93,0.6079999923706054,0.03576439991593361,Antonin Barak,a,6208,FromCorner,2022,Head,18777,Lazio,Fiorentina,1,1,2023-01-29 17:00:00,Cristiano Biraghi,Cross
2158,507811,23,MissedShots,0.7719999694824219,0.634000015258789,0.020457899197936058,Antonin Barak,h,6208,OpenPlay,2022,LeftFoot,18783,Fiorentina,Bologna,1,2,2023-02-05 17:00:00,Giacomo Bonaventura,Pass
2159,510225,2,MissedShots,0.855,0.5270000076293946,0.06494919955730438,Antonin Barak,h,6208,OpenPlay,2022,LeftFoot,18803,Fiorentina,Empoli,1,1,2023-02-19 14:00:00,Nicolás González,HeadPass
2160,510233,33,MissedShots,0.8809999847412109,0.5970000076293945,0.060770999640226364,Antonin Barak,h,6208,OpenPlay,2022,LeftFoot,18803,Fiorentina,Empoli,1,1,2023-02-19 14:00:00,Riccardo Saponara,Cross
2161,510236,40,MissedShots,0.7930000305175782,0.2589999961853027,0.016397099941968918,Antonin Barak,h,6208,OpenPlay,2022,LeftFoot,18803,Fiorentina,Empoli,1,1,2023-02-19 14:00:00,Nicolás González,Pass
2162,510248,78,BlockedShot,0.8380000305175781,0.3189999961853027,0.03369639813899994,Antonin Barak,h,6208,OpenPlay,2022,LeftFoot,18803,Fiorentina,Empoli,1,1,2023-02-19 14:00:00,Jonathan Ikone,Pass
2163,511597,11,Goal,0.894000015258789,0.4570000076293945,0.1264200061559677,Antonin Barak,a,6208,OpenPlay,2022,LeftFoot,18819,Verona,Fiorentina,0,3,2023-02-27 17:30:00,Jonathan Ikone,Pass
2164,511604,44,BlockedShot,0.9130000305175782,0.35900001525878905,0.07467210292816162,Antonin Barak,a,6208,OpenPlay,2022,RightFoot,18819,Verona,Fiorentina,0,3,2023-02-27 17:30:00,,Rebound
2165,514002,14,BlockedShot,0.91,0.5259999847412109,0.11599499732255936,Antonin Barak,a,6208,OpenPlay,2022,LeftFoot,18833,Cremonese,Fiorentina,0,2,2023-03-12 14:00:00,,Dispossessed
2166,514011,52,BlockedShot,0.9180000305175782,0.395,0.022398600354790688,Antonin Barak,a,6208,FromCorner,2022,Head,18833,Cremonese,Fiorentina,0,2,2023-03-12 14:00:00,Cristiano Biraghi,Card
2167,515553,25,MissedShots,0.9019999694824219,0.4809999847412109,0.09830120205879211,Antonin Barak,h,6208,SetPiece,2022,Head,18843,Fiorentina,Lecce,1,0,2023-03-19 14:00:00,Cristiano Biraghi,Cross
2168,515555,33,SavedShot,0.8280000305175781,0.6990000152587891,0.030973199754953384,Antonin Barak,h,6208,OpenPlay,2022,LeftFoot,18843,Fiorentina,Lecce,1,0,2023-03-19 14:00:00,Riccardo Saponara,Pass
2169,517834,97,BlockedShot,0.8830000305175781,0.47200000762939454,0.05826820060610771,Antonin Barak,h,6208,OpenPlay,2022,RightFoot,18863,Fiorentina,Spezia,1,1,2023-04-08 12:30:00,,Aerial
2170,520398,11,SavedShot,0.7390000152587891,0.565,0.018211500719189644,Antonin Barak,h,6208,OpenPlay,2022,LeftFoot,18874,Fiorentina,Atalanta,1,1,2023-04-17 18:45:00,,BallTouch
2171,520408,48,SavedShot,0.8440000152587891,0.4370000076293945,0.05549769848585129,Antonin Barak,h,6208,OpenPlay,2022,LeftFoot,18874,Fiorentina,Atalanta,1,1,2023-04-17 18:45:00,,None
2172,523929,2,MissedShots,0.9259999847412109,0.435,0.09841431677341461,Antonin Barak,a,6208,OpenPlay,2022,LeftFoot,18909,Salernitana,Fiorentina,3,3,2023-05-03 16:00:00,Dodô,Cross
2173,527917,50,BlockedShot,0.8569999694824219,0.52,0.10397158563137054,Antonin Barak,a,6208,OpenPlay,2022,LeftFoot,18940,Torino,Fiorentina,1,1,2023-05-21 13:00:00,Aleksa Terzic,Pass
2174,529209,16,BlockedShot,0.775,0.3509999847412109,0.02629418671131134,Antonin Barak,h,6208,OpenPlay,2022,LeftFoot,18943,Fiorentina,Roma,2,1,2023-05-27 16:00:00,Lucas Martínez Quarta,TakeOn
2175,540536,84,SavedShot,0.9390000152587891,0.5129999923706055,0.11630244553089142,Antonin Barak,a,6208,OpenPlay,2023,OtherBodyPart,22364,Frosinone,Fiorentina,1,1,2023-09-28 16:30:00,,Aerial
2176,546448,86,MissedShots,0.705999984741211,0.5329999923706055,0.011980373412370682,Antonin Barak,a,6208,OpenPlay,2023,LeftFoot,22402,Lazio,Fiorentina,1,0,2023-10-30 19:45:00,Nicolás González,HeadPass
2177,547648,12,MissedShots,0.710999984741211,0.43599998474121093,0.0165550634264946,Antonin Barak,h,6208,OpenPlay,2023,LeftFoot,22408,Fiorentina,Juventus,0,1,2023-11-05 19:45:00,Arthur,Pass
2178,547662,58,BlockedShot,0.78,0.37799999237060544,0.02530668117105961,Antonin Barak,h,6208,OpenPlay,2023,LeftFoot,22408,Fiorentina,Juventus,0,1,2023-11-05 19:45:00,Nicolás González,Pass
2179,556064,35,SavedShot,0.7680000305175781,0.405,0.027067219838500023,Antonin Barak,a,6208,OpenPlay,2023,LeftFoot,22471,Monza,Fiorentina,0,1,2023-12-22 19:45:00,Lucas Beltrán,Pass
2180,560429,93,MissedShots,0.925,0.56,0.08246486634016037,Antonin Barak,h,6208,FromCorner,2023,Head,22522,Fiorentina,Inter,0,1,2024-01-28 19:45:00,Rolando Mandragora,Cross
2181,562844,84,Goal,0.904000015258789,0.5320000076293945,0.3351811170578003,Antonin Barak,h,6208,OpenPlay,2023,Head,22537,Fiorentina,Frosinone,5,1,2024-02-11 11:30:00,,None
2182,566886,45,BlockedShot,0.8209999847412109,0.5279999923706055,0.05219373479485512,Antonin Barak,a,6208,OpenPlay,2023,LeftFoot,22571,Torino,Fiorentina,0,0,2024-03-02 19:45:00,Giacomo Bonaventura,Pass
2183,566896,87,MissedShots,0.9069999694824219,0.46599998474121096,0.11585249751806259,Antonin Barak,a,6208,OpenPlay,2023,Head,22571,Torino,Fiorentina,0,0,2024-03-02 19:45:00,Rolando Mandragora,Cross
2184,573183,54,SavedShot,0.765,0.49599998474121093,0.026706984266638756,Antonin Barak,a,6208,OpenPlay,2023,LeftFoot,22605,Juventus,Fiorentina,1,0,2024-04-07 18:45:00,Luca Ranieri,Pass
2185,577733,34,MissedShots,0.7819999694824219,0.59,0.04029916971921921,Antonin Barak,h,6208,OpenPlay,2023,LeftFoot,22643,Fiorentina,Sassuolo,5,1,2024-04-28 18:45:00,Arthur,Pass
2186,577736,42,SavedShot,0.9159999847412109,0.33,0.12185609340667725,Antonin Barak,h,6208,OpenPlay,2023,RightFoot,22643,Fiorentina,Sassuolo,5,1,2024-04-28 18:45:00,Christian Kouamé,Pass
2187,577747,61,Goal,0.9169999694824219,0.4470000076293945,0.5855197310447693,Antonin Barak,h,6208,OpenPlay,2023,RightFoot,22643,Fiorentina,Sassuolo,5,1,2024-04-28 18:45:00,Riccardo Sottil,Throughball
2188,577750,68,SavedShot,0.924000015258789,0.6,0.44242236018180847,Antonin Barak,h,6208,OpenPlay,2023,RightFoot,22643,Fiorentina,Sassuolo,5,1,2024-04-28 18:45:00,,Rebound
2189,577749,68,ShotOnPost,0.9080000305175782,0.69,0.08808435499668121,Antonin Barak,h,6208,OpenPlay,2023,LeftFoot,22643,Fiorentina,Sassuolo,5,1,2024-04-28 18:45:00,Fabiano Parisi,Pass
2190,578884,17,SavedShot,0.9069999694824219,0.4490000152587891,0.0685456171631813,Antonin Barak,a,6208,OpenPlay,2023,Head,22649,Verona,Fiorentina,2,1,2024-05-05 13:00:00,Marco Faraoni,Cross
2191,578885,22,MissedShots,0.8980000305175782,0.57,0.011806270107626915,Antonin Barak,a,6208,SetPiece,2023,Head,22649,Verona,Fiorentina,2,1,2024-05-05 13:00:00,Marco Faraoni,Rebound
2192,578895,46,BlockedShot,0.7769999694824219,0.3189999961853027,0.059525392949581146,Antonin Barak,a,6208,DirectFreekick,2023,LeftFoot,22649,Verona,Fiorentina,2,1,2024-05-05 13:00:00,,Standard
2193,580869,68,BlockedShot,0.909000015258789,0.5029999923706054,0.05894762650132179,Antonin Barak,h,6208,SetPiece,2023,Head,22656,Fiorentina,Monza,2,1,2024-05-13 18:45:00,Nicolás González,HeadPass
2194,582975,24,MissedShots,0.92,0.445,0.05302247405052185,Antonin Barak,a,6208,FromCorner,2023,OtherBodyPart,22676,Cagliari,Fiorentina,2,3,2024-05-24 16:00:00,Cristiano Biraghi,Cross
2195,586891,11,SavedShot,0.7719999694824219,0.46900001525878904,0.03177614137530327,Antonin Barak,h,6208,OpenPlay,2024,LeftFoot,27376,Fiorentina,Venezia,0,0,2024-08-25 16:30:00,,Tackle
2196,586901,48,SavedShot,0.7380000305175781,0.5509999847412109,0.01981542818248272,Antonin Barak,h,6208,OpenPlay,2024,LeftFoot,27376,Fiorentina,Venezia,0,0,2024-08-25 16:30:00,Moise Kean,LayOff
2197,252226,85,BlockedShot,0.9230000305175782,0.35900001525878905,0.07786080241203308,Riccardo Sottil,a,6672,OpenPlay,2018,RightFoot,9651,Lazio,Fiorentina,1,0,2018-10-07 13:00:00,Giovanni Simeone,Pass
2198,312864,50,BlockedShot,0.8619999694824219,0.27899999618530275,0.058871399611234665,Riccardo Sottil,h,6672,OpenPlay,2019,RightFoot,13090,Fiorentina,Napoli,3,4,2019-08-24 19:45:00,Federico Chiesa,Pass
2199,312871,58,BlockedShot,0.865999984741211,0.30700000762939456,0.047091301530599594,Riccardo Sottil,h,6672,OpenPlay,2019,RightFoot,13090,Fiorentina,Napoli,3,4,2019-08-24 19:45:00,Erick Pulgar,Pass
2200,316785,12,SavedShot,0.7230000305175781,0.654000015258789,0.00901878997683525,Riccardo Sottil,a,6672,OpenPlay,2019,RightFoot,13106,Genoa,Fiorentina,2,1,2019-09-01 19:45:00,Gaetano Castrovilli,TakeOn
2201,316787,17,BlockedShot,0.745999984741211,0.45599998474121095,0.021719299256801605,Riccardo Sottil,a,6672,OpenPlay,2019,RightFoot,13106,Genoa,Fiorentina,2,1,2019-09-01 19:45:00,Federico Chiesa,Pass
2202,322021,79,SavedShot,0.925,0.2879999923706055,0.12173999845981598,Riccardo Sottil,h,6672,OpenPlay,2019,RightFoot,13130,Fiorentina,Sampdoria,2,1,2019-09-25 19:00:00,Gaetano Castrovilli,Throughball
2203,328605,2,SavedShot,0.82,0.2620000076293945,0.041926298290491104,Riccardo Sottil,a,6672,OpenPlay,2019,RightFoot,13187,Sassuolo,Fiorentina,1,2,2019-10-30 20:00:00,Gaetano Castrovilli,Pass
2204,331149,55,MissedShots,0.8590000152587891,0.580999984741211,0.094896100461483,Riccardo Sottil,a,6672,OpenPlay,2019,RightFoot,13200,Cagliari,Fiorentina,5,2,2019-11-10 11:30:00,Milan Badelj,Pass
2205,331152,62,SavedShot,0.76,0.415,0.019796399399638176,Riccardo Sottil,a,6672,OpenPlay,2019,LeftFoot,13200,Cagliari,Fiorentina,5,2,2019-11-10 11:30:00,Dusan Vlahovic,BallTouch
2206,331157,71,SavedShot,0.85,0.754000015258789,0.025516200810670853,Riccardo Sottil,a,6672,OpenPlay,2019,RightFoot,13200,Cagliari,Fiorentina,5,2,2019-11-10 11:30:00,Marco Benassi,Pass
2207,336377,69,SavedShot,0.8019999694824219,0.41700000762939454,0.044246699661016464,Riccardo Sottil,a,6672,OpenPlay,2019,LeftFoot,13237,Torino,Fiorentina,2,1,2019-12-08 14:00:00,Marco Benassi,TakeOn
2208,338350,85,MissedShots,0.8159999847412109,0.5159999847412109,0.03925409913063049,Riccardo Sottil,h,6672,FromCorner,2019,RightFoot,13250,Fiorentina,Roma,1,4,2019-12-20 19:45:00,,None
2209,338355,94,MissedShots,0.8209999847412109,0.29700000762939455,0.018533699214458466,Riccardo Sottil,h,6672,OpenPlay,2019,LeftFoot,13250,Fiorentina,Roma,1,4,2019-12-20 19:45:00,Pedro,Pass
2210,338354,94,SavedShot,0.7480000305175781,0.34900001525878904,0.016566799953579903,Riccardo Sottil,h,6672,OpenPlay,2019,RightFoot,13250,Fiorentina,Roma,1,4,2019-12-20 19:45:00,Erick Pulgar,Pass
2211,369212,91,SavedShot,0.8640000152587891,0.435,0.47868800163269043,Riccardo Sottil,a,6672,OpenPlay,2019,RightFoot,13381,Parma Calcio 1913,Fiorentina,1,2,2020-07-05 17:30:00,Federico Chiesa,Pass
2212,374521,85,MissedShots,0.7569999694824219,0.5220000076293946,0.023411499336361885,Riccardo Sottil,a,6672,OpenPlay,2019,RightFoot,13460,SPAL 2013,Fiorentina,1,3,2020-08-02 16:00:00,Igor Julio,Pass
2213,374523,87,BlockedShot,0.8419999694824218,0.27700000762939453,0.030115600675344467,Riccardo Sottil,a,6672,OpenPlay,2019,LeftFoot,13460,SPAL 2013,Fiorentina,1,3,2020-08-02 16:00:00,Christian Kouamé,Pass
2214,378917,75,MissedShots,0.87,0.255,0.029108799993991852,Riccardo Sottil,h,6672,OpenPlay,2020,RightFoot,14124,Cagliari,Lazio,0,2,2020-09-26 16:00:00,,BallRecovery
2215,380904,21,BlockedShot,0.8969999694824219,0.3039999961853027,0.043640799820423126,Riccardo Sottil,a,6672,OpenPlay,2020,RightFoot,15450,Atalanta,Cagliari,5,2,2020-10-04 10:30:00,,None
2216,382509,28,SavedShot,0.7980000305175782,0.3079999923706055,0.01776929944753647,Riccardo Sottil,a,6672,FromCorner,2020,RightFoot,15462,Torino,Cagliari,2,3,2020-10-18 13:00:00,,None
2217,382511,41,MissedShots,0.865,0.5479999923706055,0.08192519843578339,Riccardo Sottil,a,6672,OpenPlay,2020,RightFoot,15462,Torino,Cagliari,2,3,2020-10-18 13:00:00,Nahitan Nández,Cross
2218,382516,61,BlockedShot,0.9030000305175782,0.6830000305175781,0.08602459728717804,Riccardo Sottil,a,6672,OpenPlay,2020,RightFoot,15462,Torino,Cagliari,2,3,2020-10-18 13:00:00,Nahitan Nández,Pass
2219,382517,66,BlockedShot,0.7580000305175781,0.7280000305175781,0.00899661984294653,Riccardo Sottil,a,6672,OpenPlay,2020,RightFoot,15462,Torino,Cagliari,2,3,2020-10-18 13:00:00,João Pedro,Chipped
2220,383693,44,Goal,0.91,0.5279999923706055,0.08697149902582169,Riccardo Sottil,h,6672,OpenPlay,2020,Head,15468,Cagliari,Crotone,4,2,2020-10-25 11:30:00,Gabriele Zappa,Cross
2221,385870,62,MissedShots,0.8919999694824219,0.6790000152587891,0.06942149996757507,Riccardo Sottil,h,6672,OpenPlay,2020,LeftFoot,15489,Cagliari,Sampdoria,2,0,2020-11-07 14:00:00,,None
2222,385869,62,SavedShot,0.88,0.6309999847412109,0.08181779831647873,Riccardo Sottil,h,6672,OpenPlay,2020,LeftFoot,15489,Cagliari,Sampdoria,2,0,2020-11-07 14:00:00,Marko Rog,Chipped
2223,385874,83,SavedShot,0.8469999694824218,0.62,0.1130789965391159,Riccardo Sottil,h,6672,OpenPlay,2020,RightFoot,15489,Cagliari,Sampdoria,2,0,2020-11-07 14:00:00,João Pedro,Pass
2224,389567,32,BlockedShot,0.88,0.5359999847412109,0.11557000130414963,Riccardo Sottil,h,6672,OpenPlay,2020,RightFoot,15509,Cagliari,Spezia,2,2,2020-11-29 17:00:00,Adam Ounas,Pass
2225,389577,61,BlockedShot,0.9009999847412109,0.38599998474121094,0.059490300714969635,Riccardo Sottil,h,6672,FromCorner,2020,LeftFoot,15509,Cagliari,Spezia,2,2,2020-11-29 17:00:00,Adam Ounas,Pass
2226,389582,77,SavedShot,0.8590000152587891,0.5170000076293946,0.11263599991798401,Riccardo Sottil,h,6672,OpenPlay,2020,RightFoot,15509,Cagliari,Spezia,2,2,2020-11-29 17:00:00,Alberto Cerri,Pass
2227,390550,74,BlockedShot,0.8580000305175781,0.47299999237060547,0.07324609905481339,Riccardo Sottil,a,6672,OpenPlay,2020,RightFoot,15525,Verona,Cagliari,1,1,2020-12-06 11:30:00,,None
2228,391890,40,BlockedShot,0.8730000305175781,0.6140000152587891,0.06762920320034027,Riccardo Sottil,h,6672,OpenPlay,2020,LeftFoot,15528,Cagliari,Inter,1,3,2020-12-13 11:30:00,Leonardo Pavoletti,None
2229,391891,41,Goal,0.904000015258789,0.654000015258789,0.05840329825878143,Riccardo Sottil,h,6672,OpenPlay,2020,LeftFoot,15528,Cagliari,Inter,1,3,2020-12-13 11:30:00,,Rebound
2230,393229,16,BlockedShot,0.8180000305175781,0.3039999961853027,0.030071500688791275,Riccardo Sottil,a,6672,OpenPlay,2020,LeftFoot,15541,Parma Calcio 1913,Cagliari,0,0,2020-12-16 19:45:00,,BallRecovery
2231,393237,59,SavedShot,0.8640000152587891,0.754000015258789,0.029005099087953568,Riccardo Sottil,a,6672,OpenPlay,2020,RightFoot,15541,Parma Calcio 1913,Cagliari,0,0,2020-12-16 19:45:00,João Pedro,BallTouch
2232,394422,36,SavedShot,0.7319999694824219,0.7290000152587891,0.02059759944677353,Riccardo Sottil,h,6672,OpenPlay,2020,RightFoot,15548,Cagliari,Udinese,1,1,2020-12-20 14:00:00,João Pedro,Pass
2233,396723,13,MissedShots,0.7580000305175781,0.4809999847412109,0.014376100152730942,Riccardo Sottil,h,6672,FromCorner,2020,RightFoot,15568,Cagliari,Napoli,1,4,2021-01-03 14:00:00,,Aerial
2234,396737,41,MissedShots,0.9009999847412109,0.6730000305175782,0.06354589760303497,Riccardo Sottil,h,6672,OpenPlay,2020,LeftFoot,15568,Cagliari,Napoli,1,4,2021-01-03 14:00:00,Gastón Pereiro,Pass
2235,396736,41,BlockedShot,0.8780000305175781,0.649000015258789,0.03871060162782669,Riccardo Sottil,h,6672,OpenPlay,2020,LeftFoot,15568,Cagliari,Napoli,1,4,2021-01-03 14:00:00,Gabriele Zappa,Cross
2236,396744,63,MissedShots,0.88,0.425,0.06831520050764084,Riccardo Sottil,h,6672,OpenPlay,2020,LeftFoot,15568,Cagliari,Napoli,1,4,2021-01-03 14:00:00,,None
2237,397169,59,SavedShot,0.795,0.35400001525878905,0.022644899785518646,Riccardo Sottil,h,6672,OpenPlay,2020,RightFoot,15578,Cagliari,Benevento,1,2,2021-01-06 11:30:00,Gabriele Zappa,Pass
2238,428957,92,SavedShot,0.9430000305175781,0.3,0.09388089925050735,Riccardo Sottil,h,6672,OpenPlay,2021,RightFoot,16770,Fiorentina,Torino,2,1,2021-08-28 18:45:00,Alfred Duncan,Pass
2239,430140,35,BlockedShot,0.8830000305175781,0.7440000152587891,0.04164800047874451,Riccardo Sottil,a,6672,OpenPlay,2021,RightFoot,16776,Atalanta,Fiorentina,1,2,2021-09-11 18:45:00,Alfred Duncan,Pass
2240,430146,59,BlockedShot,0.8069999694824219,0.705999984741211,0.03413109853863716,Riccardo Sottil,a,6672,OpenPlay,2021,RightFoot,16776,Atalanta,Fiorentina,1,2,2021-09-11 18:45:00,Dusan Vlahovic,Pass
2241,432420,22,Goal,0.97,0.44599998474121094,0.6317229866981506,Riccardo Sottil,h,6672,OpenPlay,2021,RightFoot,16799,Fiorentina,Inter,1,3,2021-09-21 18:45:00,Nicolás González,Pass
2242,432432,59,MissedShots,0.8540000152587891,0.23100000381469726,0.02470649965107441,Riccardo Sottil,h,6672,OpenPlay,2021,LeftFoot,16799,Fiorentina,Inter,1,3,2021-09-21 18:45:00,Giacomo Bonaventura,Pass
2243,435754,60,SavedShot,0.8619999694824219,0.3370000076293945,0.044656600803136826,Riccardo Sottil,h,6672,OpenPlay,2021,RightFoot,16819,Fiorentina,Napoli,1,2,2021-10-03 16:00:00,,None
2244,439136,90,BlockedShot,0.7819999694824219,0.4490000152587891,0.026171499863266945,Riccardo Sottil,a,6672,OpenPlay,2021,LeftFoot,16849,Lazio,Fiorentina,1,0,2021-10-27 18:45:00,Dusan Vlahovic,HeadPass
2245,440117,1,SavedShot,0.895,0.3160000038146973,0.04068610072135925,Riccardo Sottil,h,6672,OpenPlay,2021,LeftFoot,16858,Fiorentina,Spezia,3,0,2021-10-31 14:00:00,Riccardo Saponara,TakeOn
2246,440121,17,MissedShots,0.8719999694824219,0.3029999923706055,0.02496960014104843,Riccardo Sottil,h,6672,OpenPlay,2021,LeftFoot,16858,Fiorentina,Spezia,3,0,2021-10-31 14:00:00,Cristiano Biraghi,Cross
2247,440127,30,MissedShots,0.9259999847412109,0.54,0.045933399349451065,Riccardo Sottil,h,6672,FromCorner,2021,Head,16858,Fiorentina,Spezia,3,0,2021-10-31 14:00:00,Cristiano Biraghi,Aerial
2248,440131,35,SavedShot,0.8980000305175782,0.3509999847412109,0.05991959944367409,Riccardo Sottil,h,6672,OpenPlay,2021,RightFoot,16858,Fiorentina,Spezia,3,0,2021-10-31 14:00:00,,Rebound
2249,440133,39,BlockedShot,0.925,0.3270000076293945,0.039554398506879807,Riccardo Sottil,h,6672,SetPiece,2021,RightFoot,16858,Fiorentina,Spezia,3,0,2021-10-31 14:00:00,Lucas Torreira,Pass
2250,440137,54,BlockedShot,0.8680000305175781,0.3029999923706055,0.057977400720119476,Riccardo Sottil,h,6672,OpenPlay,2021,LeftFoot,16858,Fiorentina,Spezia,3,0,2021-10-31 14:00:00,Giacomo Bonaventura,Pass
2251,445085,44,Goal,0.9640000152587891,0.46799999237060547,0.6558020114898682,Riccardo Sottil,h,6672,FromCorner,2021,LeftFoot,16898,Fiorentina,Sampdoria,3,1,2021-11-30 17:30:00,,Rebound
2252,445090,58,MissedShots,0.8419999694824218,0.5029999923706054,0.4545519948005676,Riccardo Sottil,h,6672,OpenPlay,2021,RightFoot,16898,Fiorentina,Sampdoria,3,1,2021-11-30 17:30:00,Lucas Torreira,HeadPass
2253,454895,69,SavedShot,0.7759999847412109,0.27399999618530274,0.018697399646043777,Riccardo Sottil,a,6672,OpenPlay,2021,LeftFoot,16976,Cagliari,Fiorentina,1,1,2022-01-23 11:30:00,Lucas Torreira,Pass
2254,454896,74,Goal,0.8909999847412109,0.65,0.10442499816417694,Riccardo Sottil,a,6672,OpenPlay,2021,LeftFoot,16976,Cagliari,Fiorentina,1,1,2022-01-23 11:30:00,Youssef Maleh,Pass
2255,458588,38,SavedShot,0.8380000305175781,0.6680000305175782,0.04384529963135719,Riccardo Sottil,h,6672,OpenPlay,2021,RightFoot,17008,Fiorentina,Atalanta,1,0,2022-02-20 11:30:00,,BallRecovery
2256,458593,82,MissedShots,0.769000015258789,0.6830000305175781,0.054819799959659576,Riccardo Sottil,h,6672,DirectFreekick,2021,RightFoot,17008,Fiorentina,Atalanta,1,0,2022-02-20 11:30:00,,Standard
2257,460066,51,BlockedShot,0.830999984741211,0.7480000305175781,0.024342399090528488,Riccardo Sottil,a,6672,OpenPlay,2021,RightFoot,17023,Sassuolo,Fiorentina,2,1,2022-02-26 19:45:00,Igor Julio,Pass
2258,471036,45,SavedShot,0.9019999694824219,0.5479999923706055,0.05305439978837967,Riccardo Sottil,h,6672,OpenPlay,2021,Head,16948,Fiorentina,Udinese,0,4,2022-04-27 16:00:00,Krzysztof Piatek,BallTouch
2259,471038,47,BlockedShot,0.8190000152587891,0.47,0.07191070169210434,Riccardo Sottil,h,6672,OpenPlay,2021,RightFoot,16948,Fiorentina,Udinese,0,4,2022-04-27 16:00:00,Alfred Duncan,TakeOn
2260,481101,1,BlockedShot,0.8619999694824219,0.7280000305175781,0.031170399859547615,Riccardo Sottil,h,6672,OpenPlay,2022,RightFoot,18587,Fiorentina,Cremonese,3,2,2022-08-14 16:30:00,Cristiano Biraghi,Pass
2261,481105,10,MissedShots,0.860999984741211,0.764000015258789,0.02667910046875477,Riccardo Sottil,h,6672,OpenPlay,2022,RightFoot,18587,Fiorentina,Cremonese,3,2,2022-08-14 16:30:00,Cristiano Biraghi,Pass
2262,481112,30,SavedShot,0.889000015258789,0.6659999847412109,0.06873399764299393,Riccardo Sottil,h,6672,OpenPlay,2022,RightFoot,18587,Fiorentina,Cremonese,3,2,2022-08-14 16:30:00,Luka Jovic,Pass
2263,481114,35,BlockedShot,0.8540000152587891,0.6020000076293945,0.0568694993853569,Riccardo Sottil,h,6672,OpenPlay,2022,RightFoot,18587,Fiorentina,Cremonese,3,2,2022-08-14 16:30:00,Christian Kouamé,Cross
2264,481115,36,BlockedShot,0.8330000305175781,0.7469999694824219,0.03362800180912018,Riccardo Sottil,h,6672,OpenPlay,2022,RightFoot,18587,Fiorentina,Cremonese,3,2,2022-08-14 16:30:00,,None
2265,481118,45,SavedShot,0.7340000152587891,0.62,0.022128399461507797,Riccardo Sottil,h,6672,OpenPlay,2022,RightFoot,18587,Fiorentina,Cremonese,3,2,2022-08-14 16:30:00,Cristiano Biraghi,Pass
2266,484675,23,SavedShot,0.845999984741211,0.7630000305175781,0.025255000218749046,Riccardo Sottil,h,6672,OpenPlay,2022,RightFoot,18611,Fiorentina,Napoli,0,0,2022-08-28 18:45:00,Sofyan Amrabat,Pass
2267,484677,36,SavedShot,0.86,0.7080000305175781,0.034004200249910355,Riccardo Sottil,h,6672,OpenPlay,2022,RightFoot,18611,Fiorentina,Napoli,0,0,2022-08-28 18:45:00,Sofyan Amrabat,Pass
2268,484687,54,SavedShot,0.8669999694824219,0.7090000152587891,0.04145989939570427,Riccardo Sottil,h,6672,OpenPlay,2022,RightFoot,18611,Fiorentina,Napoli,0,0,2022-08-28 18:45:00,Lucas Martínez Quarta,Pass
2269,484691,75,SavedShot,0.865999984741211,0.639000015258789,0.053216200321912766,Riccardo Sottil,h,6672,OpenPlay,2022,RightFoot,18611,Fiorentina,Napoli,0,0,2022-08-28 18:45:00,Youssef Maleh,Chipped
2270,485714,34,BlockedShot,0.7619999694824219,0.6179999923706054,0.06341300159692764,Riccardo Sottil,h,6672,DirectFreekick,2022,RightFoot,18622,Fiorentina,Juventus,1,1,2022-09-03 13:00:00,,Standard
2271,489280,33,SavedShot,0.765,0.6759999847412109,0.02314149960875511,Riccardo Sottil,h,6672,OpenPlay,2022,RightFoot,18644,Fiorentina,Verona,2,0,2022-09-18 13:00:00,Antonin Barak,HeadPass
2272,515572,91,BlockedShot,0.8169999694824219,0.705,0.029239999130368233,Riccardo Sottil,h,6672,OpenPlay,2022,RightFoot,18843,Fiorentina,Lecce,1,0,2023-03-19 14:00:00,Arthur Cabral,Pass
2273,515574,94,BlockedShot,0.8830000305175781,0.6409999847412109,0.11407099664211273,Riccardo Sottil,h,6672,OpenPlay,2022,RightFoot,18843,Fiorentina,Lecce,1,0,2023-03-19 14:00:00,Alfred Duncan,Pass
2274,517822,56,BlockedShot,0.8580000305175781,0.5709999847412109,0.0473036989569664,Riccardo Sottil,h,6672,FromCorner,2022,RightFoot,18863,Fiorentina,Spezia,1,1,2023-04-08 12:30:00,Arthur Cabral,Pass
2275,521438,65,SavedShot,0.8680000305175781,0.4490000152587891,0.06686220318078995,Riccardo Sottil,a,6672,OpenPlay,2022,RightFoot,18890,Monza,Fiorentina,3,2,2023-04-23 13:00:00,,None
2276,521447,94,MissedShots,0.889000015258789,0.629000015258789,0.0635521411895752,Riccardo Sottil,a,6672,SetPiece,2022,RightFoot,18890,Monza,Fiorentina,3,2,2023-04-23 13:00:00,,None
2277,523477,15,MissedShots,0.76,0.6919999694824219,0.020143156871199608,Riccardo Sottil,h,6672,OpenPlay,2022,RightFoot,18894,Fiorentina,Sampdoria,5,0,2023-04-30 16:00:00,Alfred Duncan,Pass
2278,523481,35,BlockedShot,0.8430000305175781,0.7190000152587891,0.030998405069112778,Riccardo Sottil,h,6672,OpenPlay,2022,RightFoot,18894,Fiorentina,Sampdoria,5,0,2023-04-30 16:00:00,Cristiano Biraghi,Pass
2279,525207,17,BlockedShot,0.8380000305175781,0.74,0.027016105130314827,Riccardo Sottil,a,6672,OpenPlay,2022,RightFoot,18917,Napoli,Fiorentina,1,0,2023-05-07 16:00:00,Alfred Duncan,Pass
2280,527907,17,MissedShots,0.8419999694824218,0.8469999694824218,0.01039093267172575,Riccardo Sottil,a,6672,OpenPlay,2022,RightFoot,18940,Torino,Fiorentina,1,1,2023-05-21 13:00:00,,None
2281,535504,15,SavedShot,0.8009999847412109,0.7330000305175781,0.058006249368190765,Riccardo Sottil,h,6672,DirectFreekick,2023,RightFoot,22319,Fiorentina,Lecce,2,2,2023-08-27 16:30:00,,Standard
2282,537044,62,SavedShot,0.8680000305175781,0.675,0.06353265792131424,Riccardo Sottil,a,6672,OpenPlay,2023,RightFoot,22332,Inter,Fiorentina,4,0,2023-09-03 16:30:00,Josip Brekalo,Pass
2283,537045,63,SavedShot,0.9630000305175781,0.5529999923706055,0.15611234307289124,Riccardo Sottil,a,6672,OpenPlay,2023,Head,22332,Inter,Fiorentina,4,0,2023-09-03 16:30:00,Dodô,Cross
2284,540507,1,BlockedShot,0.769000015258789,0.705,0.017889639362692833,Riccardo Sottil,a,6672,OpenPlay,2023,RightFoot,22364,Frosinone,Fiorentina,1,1,2023-09-28 16:30:00,Alfred Duncan,Pass
2285,540512,15,SavedShot,0.8880000305175781,0.6790000152587891,0.26909947395324707,Riccardo Sottil,a,6672,OpenPlay,2023,LeftFoot,22364,Frosinone,Fiorentina,1,1,2023-09-28 16:30:00,Fabiano Parisi,Pass
2286,545016,49,MissedShots,0.8869999694824219,0.5929999923706055,0.03073272667825222,Riccardo Sottil,h,6672,FromCorner,2023,RightFoot,22389,Fiorentina,Empoli,0,2,2023-10-23 18:45:00,,Aerial
2287,545017,56,SavedShot,0.924000015258789,0.595999984741211,0.029118334874510765,Riccardo Sottil,h,6672,OpenPlay,2023,Head,22389,Fiorentina,Empoli,0,2,2023-10-23 18:45:00,Michael Kayode,Aerial
2288,545018,57,SavedShot,0.8530000305175781,0.6819999694824219,0.04512578248977661,Riccardo Sottil,h,6672,OpenPlay,2023,RightFoot,22389,Fiorentina,Empoli,0,2,2023-10-23 18:45:00,M&#039;Bala Nzola,Pass
2289,545020,61,MissedShots,0.855999984741211,0.5509999847412109,0.04826289415359497,Riccardo Sottil,h,6672,OpenPlay,2023,LeftFoot,22389,Fiorentina,Empoli,0,2,2023-10-23 18:45:00,Nikola Milenkovic,HeadPass
2290,545028,89,MissedShots,0.925,0.6530000305175782,0.08805780857801437,Riccardo Sottil,h,6672,OpenPlay,2023,LeftFoot,22389,Fiorentina,Empoli,0,2,2023-10-23 18:45:00,Christian Kouamé,Pass
2291,550010,31,SavedShot,0.775,0.69,0.02211138792335987,Riccardo Sottil,a,6672,OpenPlay,2023,RightFoot,22433,AC Milan,Fiorentina,1,0,2023-11-25 19:45:00,Cristiano Biraghi,Pass
2292,550024,72,BlockedShot,0.8540000152587891,0.5529999923706055,0.050526343286037445,Riccardo Sottil,a,6672,FromCorner,2023,RightFoot,22433,AC Milan,Fiorentina,1,0,2023-11-25 19:45:00,,BallTouch
2293,550026,78,BlockedShot,0.885,0.7340000152587891,0.026615355163812637,Riccardo Sottil,a,6672,OpenPlay,2023,RightFoot,22433,AC Milan,Fiorentina,1,0,2023-11-25 19:45:00,Nicolás González,Chipped
2294,550027,79,BlockedShot,0.8490000152587891,0.5479999923706055,0.025675766170024872,Riccardo Sottil,a,6672,FromCorner,2023,LeftFoot,22433,AC Milan,Fiorentina,1,0,2023-11-25 19:45:00,Nikola Milenkovic,Aerial
2295,551773,1,BlockedShot,0.88,0.5870000076293945,0.10340987145900726,Riccardo Sottil,h,6672,OpenPlay,2023,RightFoot,22435,Fiorentina,Salernitana,3,0,2023-12-03 14:00:00,Lucas Beltrán,Pass
2296,551782,16,Goal,0.8580000305175781,0.7380000305175781,0.04048269987106323,Riccardo Sottil,h,6672,OpenPlay,2023,RightFoot,22435,Fiorentina,Salernitana,3,0,2023-12-03 14:00:00,Cristiano Biraghi,Pass
2297,551793,53,MissedShots,0.8009999847412109,0.6709999847412109,0.028182361274957657,Riccardo Sottil,h,6672,OpenPlay,2023,RightFoot,22435,Fiorentina,Salernitana,3,0,2023-12-03 14:00:00,Giacomo Bonaventura,Cross
2298,556071,85,MissedShots,0.9480000305175781,0.6759999847412109,0.08533141762018204,Riccardo Sottil,a,6672,OpenPlay,2023,LeftFoot,22471,Monza,Fiorentina,0,1,2023-12-22 19:45:00,Rolando Mandragora,Pass
2299,556075,95,MissedShots,0.8730000305175781,0.7030000305175781,0.057338640093803406,Riccardo Sottil,a,6672,OpenPlay,2023,RightFoot,22471,Monza,Fiorentina,0,1,2023-12-22 19:45:00,M&#039;Bala Nzola,Pass
2300,556797,89,MissedShots,0.86,0.5659999847412109,0.0924457386136055,Riccardo Sottil,h,6672,OpenPlay,2023,LeftFoot,22477,Fiorentina,Torino,1,0,2023-12-29 17:30:00,Luca Ranieri,Chipped
2301,564316,59,SavedShot,0.9380000305175781,0.735,0.044185176491737366,Riccardo Sottil,a,6672,OpenPlay,2023,LeftFoot,22553,Empoli,Fiorentina,1,1,2024-02-18 14:00:00,Lucas Beltrán,Pass
2302,565984,5,MissedShots,0.8680000305175781,0.6619999694824219,0.06597131490707397,Riccardo Sottil,h,6672,OpenPlay,2023,RightFoot,22557,Fiorentina,Lazio,2,1,2024-02-26 19:45:00,Giacomo Bonaventura,Pass
2303,565992,23,SavedShot,0.874000015258789,0.705,0.04044058173894882,Riccardo Sottil,h,6672,FromCorner,2023,RightFoot,22557,Fiorentina,Lazio,2,1,2024-02-26 19:45:00,,Rebound
2304,566889,58,BlockedShot,0.8419999694824218,0.44,0.07327980548143387,Riccardo Sottil,a,6672,OpenPlay,2023,RightFoot,22571,Torino,Fiorentina,0,0,2024-03-02 19:45:00,Antonin Barak,Pass
2305,568895,34,MissedShots,0.93,0.4759999847412109,0.08219218999147415,Riccardo Sottil,h,6672,OpenPlay,2023,Head,22577,Fiorentina,Roma,2,2,2024-03-10 19:45:00,Andrea Belotti,HeadPass
2306,573185,65,MissedShots,0.8280000305175781,0.7340000152587891,0.02658727578818798,Riccardo Sottil,a,6672,FromCorner,2023,RightFoot,22605,Juventus,Fiorentina,1,0,2024-04-07 18:45:00,Lucas Beltrán,Pass
2307,573187,76,BlockedShot,0.774000015258789,0.644000015258789,0.020199300721287727,Riccardo Sottil,a,6672,FromCorner,2023,RightFoot,22605,Juventus,Fiorentina,1,0,2024-04-07 18:45:00,Giacomo Bonaventura,Pass
2308,574533,37,SavedShot,0.784000015258789,0.735,0.007444174028933048,Riccardo Sottil,h,6672,FromCorner,2023,RightFoot,22623,Fiorentina,Genoa,1,1,2024-04-15 16:30:00,Alfred Duncan,Chipped
2309,575683,11,BlockedShot,0.8590000152587891,0.7630000305175781,0.026255406439304352,Riccardo Sottil,a,6672,OpenPlay,2023,RightFoot,22631,Salernitana,Fiorentina,0,2,2024-04-21 16:00:00,Antonin Barak,Pass
2310,575690,45,SavedShot,0.8919999694824219,0.675,0.26685526967048645,Riccardo Sottil,a,6672,OpenPlay,2023,RightFoot,22631,Salernitana,Fiorentina,0,2,2024-04-21 16:00:00,Gaetano Castrovilli,TakeOn
2311,575696,89,BlockedShot,0.960999984741211,0.6569999694824219,0.1274944692850113,Riccardo Sottil,a,6672,OpenPlay,2023,LeftFoot,22631,Salernitana,Fiorentina,0,2,2024-04-21 16:00:00,Christian Kouamé,Pass
2312,577727,6,BlockedShot,0.805,0.710999984741211,0.024797841906547546,Riccardo Sottil,h,6672,OpenPlay,2023,RightFoot,22643,Fiorentina,Sassuolo,5,1,2024-04-28 18:45:00,Luca Ranieri,Pass
2313,577728,16,Goal,0.8019999694824219,0.6430000305175781,0.031999655067920685,Riccardo Sottil,h,6672,OpenPlay,2023,RightFoot,22643,Fiorentina,Sassuolo,5,1,2024-04-28 18:45:00,Arthur,Pass
2314,577753,74,MissedShots,0.91,0.49900001525878906,0.47027623653411865,Riccardo Sottil,h,6672,OpenPlay,2023,LeftFoot,22643,Fiorentina,Sassuolo,5,1,2024-04-28 18:45:00,Andrea Belotti,Cross
2315,586909,87,SavedShot,0.8319999694824218,0.754000015258789,0.024123823270201683,Riccardo Sottil,h,6672,OpenPlay,2024,RightFoot,27376,Fiorentina,Venezia,0,0,2024-08-25 16:30:00,Lucas Beltrán,Pass
2316,591402,87,MissedShots,0.8719999694824219,0.7090000152587891,0.04337182268500328,Riccardo Sottil,a,6672,OpenPlay,2024,RightFoot,27393,Atalanta,Fiorentina,3,2,2024-09-15 13:00:00,Moise Kean,Pass
2317,594895,83,BlockedShot,0.8590000152587891,0.705999984741211,0.03768491372466087,Riccardo Sottil,a,6672,OpenPlay,2024,RightFoot,27415,Empoli,Fiorentina,0,0,2024-09-29 16:00:00,Robin Gosens,Pass
2318,597559,62,BlockedShot,0.7559999847412109,0.524000015258789,0.03055470809340477,Riccardo Sottil,a,6672,OpenPlay,2024,RightFoot,27439,Lecce,Fiorentina,0,6,2024-10-20 13:00:00,Andrea Colpani,Pass
2319,597562,82,MissedShots,0.9369999694824219,0.715,0.07998095452785492,Riccardo Sottil,a,6672,OpenPlay,2024,RightFoot,27439,Lecce,Fiorentina,0,6,2024-10-20 13:00:00,Andrea Colpani,Chipped
2320,599383,69,SavedShot,0.8590000152587891,0.7530000305175781,0.040147993713617325,Riccardo Sottil,h,6672,OpenPlay,2024,RightFoot,27445,Fiorentina,Roma,5,1,2024-10-27 19:45:00,Yacine Adli,Pass
2321,599388,79,SavedShot,0.955,0.6990000152587891,0.09286650270223618,Riccardo Sottil,h,6672,OpenPlay,2024,RightFoot,27445,Fiorentina,Roma,5,1,2024-10-27 19:45:00,Robin Gosens,Chipped
2322,599390,84,MissedShots,0.7769999694824219,0.629000015258789,0.05906054005026817,Riccardo Sottil,h,6672,OpenPlay,2024,RightFoot,27445,Fiorentina,Roma,5,1,2024-10-27 19:45:00,Luca Ranieri,TakeOn
2323,599652,29,BlockedShot,0.7369999694824219,0.65,0.017815440893173218,Riccardo Sottil,a,6672,OpenPlay,2024,RightFoot,27456,Genoa,Fiorentina,0,1,2024-10-31 17:30:00,Amir Richardson,Pass
2324,599658,51,BlockedShot,0.855,0.7240000152587891,0.03947637230157852,Riccardo Sottil,a,6672,OpenPlay,2024,RightFoot,27456,Genoa,Fiorentina,0,1,2024-10-31 17:30:00,Robin Gosens,TakeOn
2325,601987,71,MissedShots,0.9390000152587891,0.695,0.057324402034282684,Riccardo Sottil,h,6672,OpenPlay,2024,RightFoot,27479,Fiorentina,Verona,3,1,2024-11-10 14:00:00,,Rebound
2326,603387,83,SavedShot,0.850999984741211,0.6980000305175781,0.05951467156410217,Riccardo Sottil,a,6672,OpenPlay,2024,LeftFoot,27482,Como,Fiorentina,0,2,2024-11-24 14:00:00,Yacine Adli,TakeOn
2327,606193,5,SavedShot,0.715999984741211,0.47900001525878905,0.020143339410424232,Riccardo Sottil,h,6672,OpenPlay,2024,RightFoot,27504,Fiorentina,Cagliari,1,0,2024-12-08 11:30:00,Lucas Beltrán,Pass
2328,316806,64,BlockedShot,0.745999984741211,0.4779999923706055,0.026765400543808937,Luca Ranieri,a,6696,FromCorner,2019,LeftFoot,13106,Genoa,Fiorentina,2,1,2019-09-01 19:45:00,Federico Chiesa,Pass
2329,329983,43,MissedShots,0.8830000305175781,0.43400001525878906,0.013456099666655064,Luca Ranieri,h,6696,SetPiece,2019,Head,13191,Fiorentina,Parma Calcio 1913,1,1,2019-11-03 17:00:00,Erick Pulgar,Aerial
2330,329989,62,MissedShots,0.885,0.47200000762939454,0.018136899918317795,Luca Ranieri,h,6696,SetPiece,2019,Head,13191,Fiorentina,Parma Calcio 1913,1,1,2019-11-03 17:00:00,Erick Pulgar,Aerial
2331,432535,18,BlockedShot,0.7659999847412109,0.66,0.02166520059108734,Luca Ranieri,h,6696,OpenPlay,2021,LeftFoot,16802,Salernitana,Verona,2,2,2021-09-22 16:30:00,Franck Ribéry,Pass
2332,432546,66,MissedShots,0.9259999847412109,0.705,0.0259684007614851,Luca Ranieri,h,6696,OpenPlay,2021,LeftFoot,16802,Salernitana,Verona,2,2,2021-09-22 16:30:00,Wajdi Kechrida,Cross
2333,437591,47,Goal,0.93,0.5359999847412109,0.4776119887828827,Luca Ranieri,h,6696,OpenPlay,2021,LeftFoot,16842,Salernitana,Empoli,2,4,2021-10-23 13:00:00,Franck Ribéry,Pass
2334,443099,53,SavedShot,0.9259999847412109,0.4159999847412109,0.09827779978513718,Luca Ranieri,h,6696,FromCorner,2021,LeftFoot,16883,Salernitana,Sampdoria,0,2,2021-11-21 14:00:00,,None
2335,443687,71,MissedShots,0.7969999694824219,0.5609999847412109,0.03971460089087486,Luca Ranieri,a,6696,OpenPlay,2021,LeftFoot,16886,Cagliari,Salernitana,1,1,2021-11-26 19:45:00,,None
2336,445163,57,ShotOnPost,0.9,0.5929999923706055,0.3818129897117615,Luca Ranieri,h,6696,OpenPlay,2021,LeftFoot,16903,Salernitana,Juventus,0,2,2021-11-30 19:45:00,,None
2337,458503,3,SavedShot,0.764000015258789,0.7319999694824219,0.013570000417530537,Luca Ranieri,h,6696,FromCorner,2021,LeftFoot,17012,Salernitana,AC Milan,2,2,2022-02-19 19:45:00,,None
2338,467964,52,MissedShots,0.9259999847412109,0.669000015258789,0.047215599566698074,Luca Ranieri,a,6696,OpenPlay,2021,LeftFoot,17083,Sampdoria,Salernitana,1,2,2022-04-16 12:30:00,Federico Bonazzoli,Cross
2339,469154,55,SavedShot,0.9130000305175782,0.745999984741211,0.03239310160279274,Luca Ranieri,a,6696,OpenPlay,2021,LeftFoot,16944,Udinese,Salernitana,0,1,2022-04-20 16:45:00,Emil Bohinen,Pass
2340,523499,84,BlockedShot,0.950999984741211,0.405,0.06276130676269531,Luca Ranieri,h,6696,FromCorner,2022,Head,18894,Fiorentina,Sampdoria,5,0,2023-04-30 16:00:00,Cristiano Biraghi,Cross
2341,547658,46,MissedShots,0.9069999694824219,0.6079999923706054,0.023499755188822746,Luca Ranieri,h,6696,FromCorner,2023,Head,22408,Fiorentina,Juventus,0,1,2023-11-05 19:45:00,Cristiano Biraghi,Cross
2342,556795,82,Goal,0.9269999694824219,0.5279999923706055,0.2989533245563507,Luca Ranieri,h,6696,FromCorner,2023,Head,22477,Fiorentina,Torino,1,0,2023-12-29 17:30:00,Michael Kayode,Cross
2343,560428,89,MissedShots,0.955999984741211,0.605,0.04685079678893089,Luca Ranieri,h,6696,FromCorner,2023,Head,22522,Fiorentina,Inter,0,1,2024-01-28 19:45:00,Rolando Mandragora,Cross
2344,565981,1,MissedShots,0.9580000305175781,0.580999984741211,0.09302115440368652,Luca Ranieri,h,6696,FromCorner,2023,Head,22557,Fiorentina,Lazio,2,1,2024-02-26 19:45:00,Cristiano Biraghi,Cross
2345,565983,1,MissedShots,0.9230000305175782,0.605999984741211,0.03336714580655098,Luca Ranieri,h,6696,FromCorner,2023,Head,22557,Fiorentina,Lazio,2,1,2024-02-26 19:45:00,Cristiano Biraghi,Cross
2346,565998,54,BlockedShot,0.855999984741211,0.47200000762939454,0.07464902102947235,Luca Ranieri,h,6696,SetPiece,2023,LeftFoot,22557,Fiorentina,Lazio,2,1,2024-02-26 19:45:00,,Rebound
2347,566000,59,SavedShot,0.9330000305175781,0.5970000076293945,0.05707253888249397,Luca Ranieri,h,6696,OpenPlay,2023,Head,22557,Fiorentina,Lazio,2,1,2024-02-26 19:45:00,Cristiano Biraghi,Cross
2348,568889,17,Goal,0.93,0.49599998474121093,0.32267922163009644,Luca Ranieri,h,6696,FromCorner,2023,Head,22577,Fiorentina,Roma,2,2,2024-03-10 19:45:00,Nicolás González,Pass
2349,575688,41,BlockedShot,0.9009999847412109,0.5329999923706055,0.46152129769325256,Luca Ranieri,a,6696,OpenPlay,2023,LeftFoot,22631,Salernitana,Fiorentina,0,2,2024-04-21 16:00:00,Antonin Barak,Pass
2350,577751,69,BlockedShot,0.9619999694824218,0.41200000762939454,0.0293874628841877,Luca Ranieri,h,6696,FromCorner,2023,Head,22643,Fiorentina,Sassuolo,5,1,2024-04-28 18:45:00,Alfred Duncan,Aerial
2351,591395,70,BlockedShot,0.919000015258789,0.6129999923706054,0.045775048434734344,Luca Ranieri,a,6696,SetPiece,2024,Head,27393,Atalanta,Fiorentina,3,2,2024-09-15 13:00:00,Cristiano Biraghi,Cross
2352,597548,29,MissedShots,0.64,0.6179999923706054,0.009723694063723087,Luca Ranieri,a,6696,OpenPlay,2024,LeftFoot,27439,Lecce,Fiorentina,0,6,2024-10-20 13:00:00,Danilo Cataldi,Pass
2353,599385,72,BlockedShot,0.9180000305175782,0.36900001525878906,0.016532452777028084,Luca Ranieri,h,6696,FromCorner,2024,Head,27445,Fiorentina,Roma,5,1,2024-10-27 19:45:00,Yacine Adli,SubstitutionOn
2354,220945,17,Goal,0.9159999847412109,0.6630000305175782,0.13310100138187408,Christian Kouamé,h,7091,OpenPlay,2018,LeftFoot,9594,Genoa,Empoli,2,1,2018-08-26 21:30:00,Domenico Criscito,Throughball
2355,220967,79,BlockedShot,0.92,0.5629999923706055,0.045027099549770355,Christian Kouamé,h,7091,SetPiece,2018,Head,9594,Genoa,Empoli,2,1,2018-08-26 21:30:00,Oscar Hiljemark,Aerial
2356,222622,55,BlockedShot,0.7930000305175782,0.34900001525878904,0.019733799621462822,Christian Kouamé,a,7091,FromCorner,2018,RightFoot,9605,Sassuolo,Genoa,5,3,2018-09-02 18:30:00,,None
2357,224121,79,SavedShot,0.795,0.5420000076293945,0.05137709900736809,Christian Kouamé,h,7091,OpenPlay,2018,LeftFoot,9610,Genoa,Bologna,1,0,2018-09-16 13:00:00,Darko Lazovic,Pass
2358,225778,38,MissedShots,0.835,0.18600000381469728,0.015003900043666363,Christian Kouamé,a,7091,OpenPlay,2018,RightFoot,9621,Lazio,Genoa,4,1,2018-09-23 13:00:00,Krzysztof Piatek,Pass
2359,225781,47,SavedShot,0.8080000305175781,0.6580000305175782,0.04688350111246109,Christian Kouamé,a,7091,OpenPlay,2018,RightFoot,9621,Lazio,Genoa,4,1,2018-09-23 13:00:00,Iuri Medeiros,LayOff
2360,226863,33,MissedShots,0.9119999694824219,0.3820000076293945,0.08281400054693222,Christian Kouamé,h,7091,OpenPlay,2018,RightFoot,9630,Genoa,Chievo,2,0,2018-09-26 19:00:00,,Rebound
2361,226873,77,MissedShots,0.7609999847412109,0.6029999923706054,0.03506670147180557,Christian Kouamé,h,7091,OpenPlay,2018,RightFoot,9630,Genoa,Chievo,2,0,2018-09-26 19:00:00,Domenico Criscito,Pass
2362,228611,14,SavedShot,0.855,0.7319999694824219,0.04269929975271225,Christian Kouamé,a,7091,OpenPlay,2018,RightFoot,9643,Frosinone,Genoa,1,2,2018-09-30 13:00:00,Ionut Radu,Pass
2363,228625,71,ShotOnPost,0.8640000152587891,0.295,0.04764169827103615,Christian Kouamé,a,7091,OpenPlay,2018,RightFoot,9643,Frosinone,Genoa,1,2,2018-09-30 13:00:00,,TakeOn
2364,228628,80,BlockedShot,0.8280000305175781,0.28200000762939453,0.03617820143699646,Christian Kouamé,a,7091,OpenPlay,2018,RightFoot,9643,Frosinone,Genoa,1,2,2018-09-30 13:00:00,Oscar Hiljemark,Pass
2365,252150,40,MissedShots,0.7240000152587891,0.48,0.014999999664723873,Christian Kouamé,h,7091,OpenPlay,2018,RightFoot,9650,Genoa,Parma Calcio 1913,1,3,2018-10-07 10:30:00,Darko Lazovic,TakeOn
2366,252162,75,MissedShots,0.9059999847412109,0.649000015258789,0.04041019827127457,Christian Kouamé,h,7091,OpenPlay,2018,RightFoot,9650,Genoa,Parma Calcio 1913,1,3,2018-10-07 10:30:00,Domenico Criscito,Cross
2367,252170,87,MissedShots,0.735,0.635,0.013593600131571293,Christian Kouamé,h,7091,OpenPlay,2018,RightFoot,9650,Genoa,Parma Calcio 1913,1,3,2018-10-07 10:30:00,Daniel Bessa,Pass
2368,252343,3,BlockedShot,0.774000015258789,0.725999984741211,0.01733279973268509,Christian Kouamé,a,7091,OpenPlay,2018,LeftFoot,9661,Juventus,Genoa,1,1,2018-10-20 16:00:00,Ionut Radu,Pass
2369,252344,4,MissedShots,0.9,0.2989999961853027,0.04698669910430908,Christian Kouamé,a,7091,OpenPlay,2018,LeftFoot,9661,Juventus,Genoa,1,1,2018-10-20 16:00:00,,None
2370,252352,27,MissedShots,0.7340000152587891,0.6840000152587891,0.01545070018619299,Christian Kouamé,a,7091,OpenPlay,2018,RightFoot,9661,Juventus,Genoa,1,1,2018-10-20 16:00:00,Darko Lazovic,Pass
2371,252695,27,BlockedShot,0.8969999694824219,0.5259999847412109,0.034940801560878754,Christian Kouamé,h,7091,OpenPlay,2018,Head,9670,Genoa,Udinese,2,2,2018-10-28 13:00:00,,CornerAwarded
2372,252702,53,MissedShots,0.7659999847412109,0.6179999923706054,0.039545100182294846,Christian Kouamé,h,7091,OpenPlay,2018,RightFoot,9670,Genoa,Udinese,2,2,2018-10-28 13:00:00,Krzysztof Piatek,LayOff
2373,252833,14,SavedShot,0.7580000305175781,0.6,0.018890300765633583,Christian Kouamé,a,7091,OpenPlay,2018,RightFoot,9581,AC Milan,Genoa,2,1,2018-10-31 18:30:00,Luca Mazzitelli,BallTouch
2374,253240,19,Goal,0.9390000152587891,0.5570000076293945,0.3700979948043823,Christian Kouamé,h,7091,OpenPlay,2018,Head,9691,Genoa,Napoli,1,2,2018-11-10 19:30:00,Rômulo,Cross
2375,253261,74,MissedShots,0.8009999847412109,0.27399999618530274,0.02411930076777935,Christian Kouamé,h,7091,OpenPlay,2018,RightFoot,9691,Genoa,Napoli,1,2,2018-11-10 19:30:00,Stephane Omeonga,Pass
2376,253697,18,BlockedShot,0.775,0.34900001525878904,0.022252200171351433,Christian Kouamé,h,7091,OpenPlay,2018,RightFoot,9700,Genoa,Sampdoria,1,1,2018-11-25 19:30:00,Krzysztof Piatek,BallTouch
2377,253701,24,MissedShots,0.9,0.6309999847412109,0.07068199664354324,Christian Kouamé,h,7091,SetPiece,2018,RightFoot,9700,Genoa,Sampdoria,1,1,2018-11-25 19:30:00,Rômulo,Chipped
2378,253704,37,MissedShots,0.775,0.3729999923706055,0.026518799364566803,Christian Kouamé,h,7091,OpenPlay,2018,LeftFoot,9700,Genoa,Sampdoria,1,1,2018-11-25 19:30:00,Krzysztof Piatek,TakeOn
2379,253715,61,SavedShot,0.91,0.47400001525878904,0.10446800291538239,Christian Kouamé,h,7091,OpenPlay,2018,Head,9700,Genoa,Sampdoria,1,1,2018-11-25 19:30:00,Rômulo,Cross
2380,253909,14,MissedShots,0.955999984741211,0.5129999923706055,0.6704000234603882,Christian Kouamé,a,7091,OpenPlay,2018,RightFoot,9715,Torino,Genoa,2,1,2018-12-02 14:00:00,,Rebound
2381,253914,35,Goal,0.9619999694824218,0.47200000762939454,0.6521049737930298,Christian Kouamé,a,7091,FromCorner,2018,RightFoot,9715,Torino,Genoa,2,1,2018-12-02 14:00:00,,Rebound
2382,253924,53,MissedShots,0.925,0.5790000152587891,0.037585798650979996,Christian Kouamé,a,7091,OpenPlay,2018,Head,9715,Torino,Genoa,2,1,2018-12-02 14:00:00,Darko Lazovic,Aerial
2383,254268,83,SavedShot,0.7859999847412109,0.509000015258789,0.05862110108137131,Christian Kouamé,h,7091,OpenPlay,2018,RightFoot,9726,Genoa,SPAL 2013,1,1,2018-12-09 17:00:00,Esteban Rolón,Pass
2384,254490,10,MissedShots,0.805,0.7330000305175781,0.01947999931871891,Christian Kouamé,a,7091,OpenPlay,2018,RightFoot,9734,Roma,Genoa,3,2,2018-12-16 19:30:00,Darko Lazovic,Pass
2385,254761,7,MissedShots,0.9769999694824218,0.6170000076293946,0.3020859956741333,Christian Kouamé,h,7091,OpenPlay,2018,LeftFoot,9745,Genoa,Atalanta,3,1,2018-12-22 14:00:00,Krzysztof Piatek,Rebound
2386,254762,12,BlockedShot,0.779000015258789,0.21600000381469728,0.016249699518084526,Christian Kouamé,h,7091,OpenPlay,2018,RightFoot,9745,Genoa,Atalanta,3,1,2018-12-22 14:00:00,Darko Lazovic,Pass
2387,254784,59,MissedShots,0.9359999847412109,0.44099998474121094,0.12612999975681305,Christian Kouamé,h,7091,SetPiece,2018,Head,9745,Genoa,Atalanta,3,1,2018-12-22 14:00:00,Domenico Criscito,Cross
2388,255055,54,SavedShot,0.95,0.3120000076293945,0.05482029914855957,Christian Kouamé,a,7091,OpenPlay,2018,RightFoot,9749,Cagliari,Genoa,1,0,2018-12-26 14:00:00,Pedro Pereira,Pass
2389,263401,55,SavedShot,0.7559999847412109,0.4779999923706055,0.027471499517560005,Christian Kouamé,h,7091,OpenPlay,2018,RightFoot,9759,Genoa,Fiorentina,0,0,2018-12-29 14:00:00,Esteban Rolón,Chipped
2390,276593,10,BlockedShot,0.870999984741211,0.5640000152587891,0.11151599884033203,Christian Kouamé,h,7091,OpenPlay,2018,LeftFoot,9770,Genoa,AC Milan,0,2,2019-01-21 14:00:00,Darko Lazovic,TakeOn
2391,276596,21,BlockedShot,0.815,0.7280000305175781,0.024982599541544914,Christian Kouamé,h,7091,OpenPlay,2018,RightFoot,9770,Genoa,AC Milan,0,2,2019-01-21 14:00:00,Goran Pandev,Pass
2392,276597,22,MissedShots,0.9369999694824219,0.40700000762939453,0.019786400720477104,Christian Kouamé,h,7091,FromCorner,2018,Head,9770,Genoa,AC Milan,0,2,2019-01-21 14:00:00,Darko Lazovic,Aerial
2393,276603,36,MissedShots,0.9130000305175782,0.5579999923706055,0.09842920303344727,Christian Kouamé,h,7091,OpenPlay,2018,Head,9770,Genoa,AC Milan,0,2,2019-01-21 14:00:00,Davide Biraschi,Cross
2394,276614,66,SavedShot,0.9019999694824219,0.705999984741211,0.0567765012383461,Christian Kouamé,h,7091,OpenPlay,2018,RightFoot,9770,Genoa,AC Milan,0,2,2019-01-21 14:00:00,Daniel Bessa,Pass
2395,276924,17,Goal,0.9030000305175782,0.6480000305175782,0.16074399650096893,Christian Kouamé,a,7091,OpenPlay,2018,RightFoot,9785,Empoli,Genoa,1,3,2019-01-28 19:30:00,Domenico Criscito,Dispossessed
2396,276930,31,BlockedShot,0.9159999847412109,0.34900001525878904,0.041377898305654526,Christian Kouamé,a,7091,FromCorner,2018,RightFoot,9785,Empoli,Genoa,1,3,2019-01-28 19:30:00,Darko Lazovic,Cross
2397,276934,42,SavedShot,0.86,0.425,0.08681640028953552,Christian Kouamé,a,7091,OpenPlay,2018,RightFoot,9785,Empoli,Genoa,1,3,2019-01-28 19:30:00,Esteban Rolón,Chipped
2398,276940,63,MissedShots,0.9319999694824219,0.2979999923706055,0.052167199552059174,Christian Kouamé,a,7091,OpenPlay,2018,RightFoot,9785,Empoli,Genoa,1,3,2019-01-28 19:30:00,Davide Biraschi,Chipped
2399,277090,24,BlockedShot,0.765,0.6,0.026867199689149857,Christian Kouamé,h,7091,OpenPlay,2018,RightFoot,9792,Genoa,Sassuolo,1,1,2019-02-03 14:00:00,Daniel Bessa,TakeOn
2400,277107,83,SavedShot,0.8769999694824219,0.5059999847412109,0.08349010348320007,Christian Kouamé,h,7091,OpenPlay,2018,RightFoot,9792,Genoa,Sassuolo,1,1,2019-02-03 14:00:00,Pedro Pereira,Cross
2401,277317,42,BlockedShot,0.7269999694824218,0.495,0.017449799925088882,Christian Kouamé,a,7091,OpenPlay,2018,LeftFoot,9798,Bologna,Genoa,1,1,2019-02-10 11:30:00,Ivan Radovanovic,BallRecovery
2402,277323,66,SavedShot,0.924000015258789,0.4779999923706055,0.13559000194072723,Christian Kouamé,a,7091,SetPiece,2018,OtherBodyPart,9798,Bologna,Genoa,1,1,2019-02-10 11:30:00,Darko Lazovic,Cross
2403,277572,23,MissedShots,0.779000015258789,0.7230000305175781,0.014564000070095062,Christian Kouamé,h,7091,OpenPlay,2018,RightFoot,9810,Genoa,Lazio,2,1,2019-02-17 14:00:00,,None
2404,277577,33,SavedShot,0.870999984741211,0.519000015258789,0.038650501519441605,Christian Kouamé,h,7091,OpenPlay,2018,Head,9810,Genoa,Lazio,2,1,2019-02-17 14:00:00,Domenico Criscito,Cross
2405,277581,55,MissedShots,0.8480000305175781,0.26799999237060546,0.02529829926788807,Christian Kouamé,h,7091,OpenPlay,2018,LeftFoot,9810,Genoa,Lazio,2,1,2019-02-17 14:00:00,Antonio Sanabria,Pass
2406,277589,80,MissedShots,0.7659999847412109,0.29700000762939455,0.02148660086095333,Christian Kouamé,h,7091,OpenPlay,2018,RightFoot,9810,Genoa,Lazio,2,1,2019-02-17 14:00:00,Goran Pandev,Pass
2407,277899,69,MissedShots,0.9390000152587891,0.47400001525878904,0.06605640053749084,Christian Kouamé,a,7091,FromCorner,2018,Head,9818,Chievo,Genoa,0,0,2019-02-24 14:00:00,Domenico Criscito,Aerial
2408,278172,68,MissedShots,0.9,0.44299999237060544,0.04886870086193085,Christian Kouamé,h,7091,FromCorner,2018,Head,9833,Genoa,Frosinone,0,0,2019-03-03 14:00:00,Darko Lazovic,Cross
2409,284646,54,BlockedShot,0.8780000305175781,0.31799999237060544,0.0360448993742466,Christian Kouamé,a,7091,FromCorner,2018,RightFoot,9843,Parma Calcio 1913,Genoa,1,0,2019-03-09 17:00:00,,None
2410,284657,91,MissedShots,0.8819999694824219,0.66,0.06785020232200623,Christian Kouamé,a,7091,OpenPlay,2018,RightFoot,9843,Parma Calcio 1913,Genoa,1,0,2019-03-09 17:00:00,Goran Pandev,TakeOn
2411,286613,2,BlockedShot,0.9309999847412109,0.345,0.11434999853372574,Christian Kouamé,h,7091,OpenPlay,2018,RightFoot,9850,Genoa,Juventus,2,0,2019-03-17 11:30:00,Lukas Lerager,TakeOn
2412,286614,9,MissedShots,0.8059999847412109,0.5359999847412109,0.05414240062236786,Christian Kouamé,h,7091,OpenPlay,2018,LeftFoot,9850,Genoa,Juventus,2,0,2019-03-17 11:30:00,Antonio Sanabria,HeadPass
2413,286615,15,MissedShots,0.8780000305175781,0.4370000076293945,0.09718730300664902,Christian Kouamé,h,7091,OpenPlay,2018,LeftFoot,9850,Genoa,Juventus,2,0,2019-03-17 11:30:00,Pedro Pereira,Pass
2414,286634,77,MissedShots,0.8130000305175781,0.49,0.026775099337100983,Christian Kouamé,h,7091,OpenPlay,2018,RightFoot,9850,Genoa,Juventus,2,0,2019-03-17 11:30:00,,Aerial
2415,287342,12,SavedShot,0.8640000152587891,0.45099998474121095,0.0662589967250824,Christian Kouamé,a,7091,OpenPlay,2018,LeftFoot,9865,Udinese,Genoa,2,0,2019-03-30 14:00:00,,Rebound
2416,287359,66,MissedShots,0.9540000152587891,0.5359999847412109,0.4904490113258362,Christian Kouamé,a,7091,FromCorner,2018,LeftFoot,9865,Udinese,Genoa,2,0,2019-03-30 14:00:00,Domenico Criscito,Cross
2417,287364,78,MissedShots,0.7819999694824219,0.7290000152587891,0.0170258991420269,Christian Kouamé,a,7091,OpenPlay,2018,RightFoot,9865,Udinese,Genoa,2,0,2019-03-30 14:00:00,Daniel Bessa,Pass
2418,287368,84,MissedShots,0.894000015258789,0.4,0.06132970005273819,Christian Kouamé,a,7091,OpenPlay,2018,LeftFoot,9865,Udinese,Genoa,2,0,2019-03-30 14:00:00,Daniel Bessa,HeadPass
2419,287371,87,SavedShot,0.9540000152587891,0.475,0.6192430257797241,Christian Kouamé,a,7091,OpenPlay,2018,Head,9865,Udinese,Genoa,2,0,2019-03-30 14:00:00,,Rebound
2420,291475,27,MissedShots,0.8780000305175781,0.45599998474121095,0.013240000233054161,Christian Kouamé,h,7091,SetPiece,2018,Head,9871,Genoa,Inter,0,4,2019-04-03 20:00:00,Stefano Sturaro,Aerial
2421,291482,52,SavedShot,0.9180000305175782,0.4179999923706055,0.11243800073862076,Christian Kouamé,h,7091,OpenPlay,2018,RightFoot,9871,Genoa,Inter,0,4,2019-04-03 20:00:00,Pedro Pereira,Pass
2422,291487,74,BlockedShot,0.9669999694824218,0.580999984741211,0.12314599752426147,Christian Kouamé,h,7091,OpenPlay,2018,LeftFoot,9871,Genoa,Inter,0,4,2019-04-03 20:00:00,Daniel Bessa,Pass
2423,292880,31,SavedShot,0.775,0.7380000305175781,0.015251300297677517,Christian Kouamé,a,7091,OpenPlay,2018,RightFoot,9882,Napoli,Genoa,1,1,2019-04-07 19:30:00,,BallTouch
2424,292881,32,MissedShots,0.9330000305175781,0.5540000152587891,0.04675310105085373,Christian Kouamé,a,7091,FromCorner,2018,Head,9882,Napoli,Genoa,1,1,2019-04-07 19:30:00,Miguel Veloso,Aerial
2425,294126,0,MissedShots,0.7580000305175781,0.385,0.020741300657391548,Christian Kouamé,a,7091,OpenPlay,2018,LeftFoot,9893,Sampdoria,Genoa,2,0,2019-04-14 14:00:00,,BallRecovery
2426,294135,31,MissedShots,0.9469999694824218,0.6719999694824219,0.010950599797070026,Christian Kouamé,a,7091,FromCorner,2018,Head,9893,Sampdoria,Genoa,2,0,2019-04-14 14:00:00,Miguel Veloso,Cross
2427,295008,87,SavedShot,0.889000015258789,0.47,0.022816000506281853,Christian Kouamé,h,7091,SetPiece,2018,Head,9900,Genoa,Torino,0,1,2019-04-20 14:00:00,Darko Lazovic,Aerial
2428,297922,2,MissedShots,0.84,0.6509999847412109,0.04658789932727814,Christian Kouamé,a,7091,OpenPlay,2018,RightFoot,9910,SPAL 2013,Genoa,1,1,2019-04-28 14:00:00,Domenico Criscito,Chipped
2429,297926,12,ShotOnPost,0.9219999694824219,0.32099998474121094,0.2876890003681183,Christian Kouamé,a,7091,OpenPlay,2018,RightFoot,9910,SPAL 2013,Genoa,1,1,2019-04-28 14:00:00,Koray Günter,Throughball
2430,297941,58,MissedShots,0.909000015258789,0.6819999694824219,0.043129898607730865,Christian Kouamé,a,7091,SetPiece,2018,LeftFoot,9910,SPAL 2013,Genoa,1,1,2019-04-28 14:00:00,Goran Pandev,Pass
2431,300164,15,MissedShots,0.9590000152587891,0.3039999961853027,0.048178501427173615,Christian Kouamé,h,7091,OpenPlay,2018,RightFoot,9919,Genoa,Roma,1,1,2019-05-05 17:00:00,Daniel Bessa,Pass
2432,300166,19,MissedShots,0.875999984741211,0.655,0.05387929826974869,Christian Kouamé,h,7091,OpenPlay,2018,LeftFoot,9919,Genoa,Roma,1,1,2019-05-05 17:00:00,Daniel Bessa,Chipped
2433,300179,45,MissedShots,0.915,0.5640000152587891,0.02213120087981224,Christian Kouamé,h,7091,FromCorner,2018,Head,9919,Genoa,Roma,1,1,2019-05-05 17:00:00,Domenico Criscito,Aerial
2434,300188,73,BlockedShot,0.805,0.5179999923706055,0.10721500217914581,Christian Kouamé,h,7091,OpenPlay,2018,RightFoot,9919,Genoa,Roma,1,1,2019-05-05 17:00:00,Miguel Veloso,Chipped
2435,300576,53,BlockedShot,0.7819999694824219,0.44599998474121094,0.03983749821782112,Christian Kouamé,a,7091,OpenPlay,2018,RightFoot,9930,Atalanta,Genoa,2,1,2019-05-11 14:00:00,Goran Pandev,Pass
2436,302607,50,MissedShots,0.7909999847412109,0.7519999694824219,0.015057399868965149,Christian Kouamé,h,7091,OpenPlay,2018,RightFoot,9939,Genoa,Cagliari,1,1,2019-05-18 16:00:00,,None
2437,302609,61,BlockedShot,0.94,0.5179999923706055,0.06995870172977448,Christian Kouamé,h,7091,FromCorner,2018,Head,9939,Genoa,Cagliari,1,1,2019-05-18 16:00:00,Miguel Veloso,Aerial
2438,302611,67,SavedShot,0.9540000152587891,0.5870000076293945,0.03756929934024811,Christian Kouamé,h,7091,OpenPlay,2018,Head,9939,Genoa,Cagliari,1,1,2019-05-18 16:00:00,Miguel Veloso,Aerial
2439,302617,89,SavedShot,0.88,0.32799999237060545,0.05918249860405922,Christian Kouamé,h,7091,OpenPlay,2018,RightFoot,9939,Genoa,Cagliari,1,1,2019-05-18 16:00:00,Koray Günter,Tackle
2440,302618,90,SavedShot,0.874000015258789,0.49700000762939456,0.021559299901127815,Christian Kouamé,h,7091,OpenPlay,2018,Head,9939,Genoa,Cagliari,1,1,2019-05-18 16:00:00,Ervin Zukanovic,Aerial
2441,313343,69,Goal,0.9230000305175782,0.5729999923706055,0.25341299176216125,Christian Kouamé,a,7091,OpenPlay,2019,Head,13093,Roma,Genoa,3,3,2019-08-25 19:45:00,Paolo Ghiglione,Cross
2442,316803,57,MissedShots,0.9180000305175782,0.509000015258789,0.37731999158859253,Christian Kouamé,h,7091,OpenPlay,2019,Head,13106,Genoa,Fiorentina,2,1,2019-09-01 19:45:00,Lukas Lerager,Cross
2443,316807,64,Goal,0.805,0.5459999847412109,0.06666229665279388,Christian Kouamé,h,7091,OpenPlay,2019,RightFoot,13106,Genoa,Fiorentina,2,1,2019-09-01 19:45:00,Ionut Radu,Pass
2444,317754,17,BlockedShot,0.8469999694824218,0.3129999923706055,0.04306979849934578,Christian Kouamé,h,7091,OpenPlay,2019,LeftFoot,13111,Genoa,Atalanta,1,2,2019-09-15 10:30:00,Lasse Schöne,Pass
2445,317766,46,SavedShot,0.860999984741211,0.6809999847412109,0.04464690014719963,Christian Kouamé,h,7091,FromCorner,2019,RightFoot,13111,Genoa,Atalanta,1,2,2019-09-15 10:30:00,Cristian Romero,Pass
2446,320051,18,BlockedShot,0.955999984741211,0.3110000038146973,0.05069899931550026,Christian Kouamé,a,7091,OpenPlay,2019,RightFoot,13121,Cagliari,Genoa,3,1,2019-09-20 18:45:00,Ivan Radovanovic,Chipped
2447,320058,32,SavedShot,0.925,0.515,0.48540499806404114,Christian Kouamé,a,7091,OpenPlay,2019,Head,13121,Cagliari,Genoa,3,1,2019-09-20 18:45:00,Lasse Schöne,Aerial
2448,320066,82,Goal,0.85,0.3609999847412109,0.057997699826955795,Christian Kouamé,a,7091,OpenPlay,2019,RightFoot,13121,Cagliari,Genoa,3,1,2019-09-20 18:45:00,Antonio Sanabria,Pass
2449,320069,93,BlockedShot,0.855999984741211,0.6930000305175781,0.04282199963927269,Christian Kouamé,a,7091,FromCorner,2019,RightFoot,13121,Cagliari,Genoa,3,1,2019-09-20 18:45:00,Ivan Radovanovic,Pass
2450,322034,47,MissedShots,0.7609999847412109,0.639000015258789,0.011996500194072723,Christian Kouamé,h,7091,OpenPlay,2019,RightFoot,13131,Genoa,Bologna,0,0,2019-09-25 19:00:00,Domenico Criscito,Aerial
2451,323291,37,MissedShots,0.8690000152587891,0.3890000152587891,0.027188599109649658,Christian Kouamé,a,7091,SetPiece,2019,LeftFoot,13141,Lazio,Genoa,4,0,2019-09-29 13:00:00,,Aerial
2452,323296,48,BlockedShot,0.74,0.49400001525878906,0.017320100218057632,Christian Kouamé,a,7091,OpenPlay,2019,RightFoot,13141,Lazio,Genoa,4,0,2019-09-29 13:00:00,Antonio Sanabria,BallTouch
2453,326519,9,BlockedShot,0.7519999694824219,0.6359999847412109,0.018188800662755966,Christian Kouamé,a,7091,OpenPlay,2019,RightFoot,13165,Parma Calcio 1913,Genoa,5,1,2019-10-20 17:00:00,Marko Pajac,BallRecovery
2454,326545,62,MissedShots,0.935,0.35700000762939454,0.045823898166418076,Christian Kouamé,a,7091,OpenPlay,2019,RightFoot,13165,Parma Calcio 1913,Genoa,5,1,2019-10-20 17:00:00,Paolo Ghiglione,Cross
2455,326554,91,SavedShot,0.89,0.6079999923706054,0.19923000037670135,Christian Kouamé,a,7091,FromCorner,2019,LeftFoot,13165,Parma Calcio 1913,Genoa,5,1,2019-10-20 17:00:00,Cristian Zapata,BallTouch
2456,327568,64,ShotOnPost,0.92,0.41900001525878905,0.018920699134469032,Christian Kouamé,h,7091,FromCorner,2019,Head,13172,Genoa,Brescia,3,1,2019-10-26 19:45:00,Lasse Schöne,Aerial
2457,327573,74,Goal,0.8769999694824219,0.4879999923706055,0.0774134024977684,Christian Kouamé,h,7091,OpenPlay,2019,RightFoot,13172,Genoa,Brescia,3,1,2019-10-26 19:45:00,Paolo Ghiglione,Cross
2458,328514,39,Goal,0.8130000305175781,0.4829999923706055,0.044655900448560715,Christian Kouamé,a,7091,OpenPlay,2019,RightFoot,13181,Juventus,Genoa,2,1,2019-10-30 20:00:00,Kevin Agudelo,Interception
2459,328515,47,MissedShots,0.79,0.6580000305175782,0.02409289963543415,Christian Kouamé,a,7091,OpenPlay,2019,RightFoot,13181,Juventus,Genoa,2,1,2019-10-30 20:00:00,,None
2460,329787,7,MissedShots,0.895,0.519000015258789,0.0657069981098175,Christian Kouamé,h,7091,FromCorner,2019,Head,13192,Genoa,Udinese,1,3,2019-11-03 14:00:00,Riccardo Saponara,Cross
2461,329789,12,MissedShots,0.8959999847412109,0.575,0.025042099878191948,Christian Kouamé,h,7091,OpenPlay,2019,Head,13192,Genoa,Udinese,1,3,2019-11-03 14:00:00,Riccardo Saponara,Aerial
2462,329805,55,SavedShot,0.950999984741211,0.34,0.0833531990647316,Christian Kouamé,h,7091,OpenPlay,2019,RightFoot,13192,Genoa,Udinese,1,3,2019-11-03 14:00:00,Cristian Romero,Pass
2463,369809,77,SavedShot,0.8769999694824219,0.5070000076293946,0.03589789941906929,Christian Kouamé,h,7091,OpenPlay,2019,Head,13391,Fiorentina,Cagliari,0,0,2020-07-08 17:30:00,,Aerial
2464,371080,34,MissedShots,0.7130000305175781,0.5220000076293946,0.013465099968016148,Christian Kouamé,h,7091,OpenPlay,2019,RightFoot,13406,Fiorentina,Verona,1,1,2020-07-12 17:30:00,,None
2465,371082,52,MissedShots,0.9059999847412109,0.5259999847412109,0.08864519745111465,Christian Kouamé,h,7091,OpenPlay,2019,LeftFoot,13406,Fiorentina,Verona,1,1,2020-07-12 17:30:00,Dalbert,Cross
2466,371091,79,MissedShots,0.9219999694824219,0.47200000762939454,0.10083899646997452,Christian Kouamé,h,7091,FromCorner,2019,Head,13406,Fiorentina,Verona,1,1,2020-07-12 17:30:00,Erick Pulgar,Cross
2467,371098,94,SavedShot,0.8040000152587891,0.27899999618530275,0.02313840016722679,Christian Kouamé,h,7091,OpenPlay,2019,RightFoot,13406,Fiorentina,Verona,1,1,2020-07-12 17:30:00,Germán Pezzella,Pass
2468,372620,1,MissedShots,0.855999984741211,0.7,0.03703489899635315,Christian Kouamé,h,7091,OpenPlay,2019,LeftFoot,13421,Fiorentina,Torino,2,0,2020-07-19 17:30:00,Franck Ribéry,Pass
2469,372631,46,MissedShots,0.8969999694824219,0.67,0.08789239823818207,Christian Kouamé,h,7091,OpenPlay,2019,LeftFoot,13421,Fiorentina,Torino,2,0,2020-07-19 17:30:00,Franck Ribéry,Pass
2470,373444,63,BlockedShot,0.9390000152587891,0.40700000762939453,0.09800410270690918,Christian Kouamé,a,7091,OpenPlay,2019,RightFoot,13430,Inter,Fiorentina,0,0,2020-07-22 19:45:00,Lorenzo Venuti,Cross
2471,373939,39,BlockedShot,0.8909999847412109,0.47,0.4176580011844635,Christian Kouamé,a,7091,OpenPlay,2019,RightFoot,13444,Roma,Fiorentina,2,1,2020-07-26 17:30:00,Federico Chiesa,Pass
2472,374524,88,Goal,0.9490000152587891,0.6,0.01841619983315468,Christian Kouamé,a,7091,FromCorner,2019,Head,13460,SPAL 2013,Fiorentina,1,3,2020-08-02 16:00:00,Erick Pulgar,Aerial
2473,377600,17,MissedShots,0.9469999694824218,0.4909999847412109,0.14552299678325653,Christian Kouamé,h,7091,OpenPlay,2020,Head,14116,Fiorentina,Torino,1,0,2020-09-19 16:00:00,Cristiano Biraghi,Cross
2474,377603,42,SavedShot,0.9519999694824218,0.51,0.5613059997558594,Christian Kouamé,h,7091,SetPiece,2020,Head,14116,Fiorentina,Torino,1,0,2020-09-19 16:00:00,Martín Cáceres,Aerial
2475,377607,45,SavedShot,0.9459999847412109,0.5020000076293946,0.5512440204620361,Christian Kouamé,h,7091,OpenPlay,2020,Head,14116,Fiorentina,Torino,1,0,2020-09-19 16:00:00,Cristiano Biraghi,Cross
2476,379074,2,Goal,0.9619999694824218,0.4640000152587891,0.6937080025672913,Christian Kouamé,a,7091,OpenPlay,2020,RightFoot,14126,Inter,Fiorentina,4,3,2020-09-26 18:45:00,Giacomo Bonaventura,Pass
2477,379078,16,SavedShot,0.865,0.345,0.30247101187705994,Christian Kouamé,a,7091,OpenPlay,2020,RightFoot,14126,Inter,Fiorentina,4,3,2020-09-26 18:45:00,Franck Ribéry,Chipped
2478,379083,40,MissedShots,0.8780000305175781,0.4370000076293945,0.1300559937953949,Christian Kouamé,a,7091,OpenPlay,2020,RightFoot,14126,Inter,Fiorentina,4,3,2020-09-26 18:45:00,,TakeOn
2479,380284,7,MissedShots,0.88,0.56,0.3304060101509094,Christian Kouamé,h,7091,OpenPlay,2020,RightFoot,15446,Fiorentina,Sampdoria,1,2,2020-10-02 18:45:00,Giacomo Bonaventura,Pass
2480,380300,44,BlockedShot,0.8719999694824219,0.5459999847412109,0.07234550267457962,Christian Kouamé,h,7091,OpenPlay,2020,RightFoot,15446,Fiorentina,Sampdoria,1,2,2020-10-02 18:45:00,Federico Chiesa,Cross
2481,385378,75,MissedShots,0.8809999847412109,0.4490000152587891,0.03580800071358681,Christian Kouamé,a,7091,OpenPlay,2020,Head,15480,Roma,Fiorentina,2,0,2020-11-01 17:00:00,Sofyan Amrabat,Aerial
2482,385380,79,SavedShot,0.8809999847412109,0.46299999237060546,0.04690549895167351,Christian Kouamé,a,7091,OpenPlay,2020,Head,15480,Roma,Fiorentina,2,0,2020-11-01 17:00:00,Pol Lirola,Cross
2483,386190,16,MissedShots,0.915,0.445,0.31114500761032104,Christian Kouamé,a,7091,OpenPlay,2020,Head,15493,Parma Calcio 1913,Fiorentina,0,0,2020-11-07 19:45:00,Cristiano Biraghi,Cross
2484,387673,6,SavedShot,0.9409999847412109,0.6029999923706054,0.04725680127739906,Christian Kouamé,h,7091,FromCorner,2020,Head,15497,Fiorentina,Benevento,0,1,2020-11-22 11:30:00,Cristiano Biraghi,Cross
2485,399216,52,MissedShots,0.92,0.595999984741211,0.015761300921440125,Christian Kouamé,a,7091,FromCorner,2020,Head,15602,Napoli,Fiorentina,6,0,2021-01-17 11:30:00,Cristiano Biraghi,Aerial
2486,399218,62,BlockedShot,0.845,0.509000015258789,0.08951129764318466,Christian Kouamé,a,7091,OpenPlay,2020,RightFoot,15602,Napoli,Fiorentina,6,0,2021-01-17 11:30:00,Gaetano Castrovilli,Pass
2487,400625,74,MissedShots,0.9540000152587891,0.4470000076293945,0.07006770372390747,Christian Kouamé,h,7091,FromCorner,2020,Head,15607,Fiorentina,Crotone,2,1,2021-01-23 19:45:00,Cristiano Biraghi,Aerial
2488,402954,86,MissedShots,0.914000015258789,0.534000015258789,0.03259040042757988,Christian Kouamé,h,7091,FromCorner,2020,Head,15629,Fiorentina,Inter,0,2,2021-02-05 19:45:00,Erick Pulgar,Aerial
2489,414821,48,BlockedShot,0.8690000152587891,0.3609999847412109,0.07147199660539627,Christian Kouamé,h,7091,OpenPlay,2020,LeftFoot,15716,Fiorentina,Atalanta,2,3,2021-04-11 18:45:00,Dusan Vlahovic,Pass
2490,481128,60,MissedShots,0.9419999694824219,0.41,0.0640387013554573,Christian Kouamé,h,7091,FromCorner,2022,Head,18587,Fiorentina,Cremonese,3,2,2022-08-14 16:30:00,Cristiano Biraghi,Cross
2491,485707,10,SavedShot,0.9269999694824219,0.42700000762939455,0.03471149876713753,Christian Kouamé,h,7091,OpenPlay,2022,Head,18622,Fiorentina,Juventus,1,1,2022-09-03 13:00:00,Youssef Maleh,Aerial
2492,485713,28,Goal,0.9159999847412109,0.34299999237060547,0.3783639967441559,Christian Kouamé,h,7091,OpenPlay,2022,RightFoot,18622,Fiorentina,Juventus,1,1,2022-09-03 13:00:00,Riccardo Sottil,Pass
2493,487983,34,MissedShots,0.9490000152587891,0.34099998474121096,0.013534899801015854,Christian Kouamé,a,7091,OpenPlay,2022,Head,18633,Bologna,Fiorentina,2,1,2022-09-11 13:00:00,Cristiano Biraghi,Aerial
2494,487986,49,BlockedShot,0.914000015258789,0.4329999923706055,0.25404998660087585,Christian Kouamé,a,7091,OpenPlay,2022,LeftFoot,18633,Bologna,Fiorentina,2,1,2022-09-11 13:00:00,Giacomo Bonaventura,TakeOn
2495,489266,3,MissedShots,0.945,0.49700000762939456,0.1561889946460724,Christian Kouamé,h,7091,OpenPlay,2022,LeftFoot,18644,Fiorentina,Verona,2,0,2022-09-18 13:00:00,,Rebound
2496,489265,3,BlockedShot,0.945,0.5,0.608506977558136,Christian Kouamé,h,7091,OpenPlay,2022,RightFoot,18644,Fiorentina,Verona,2,0,2022-09-18 13:00:00,,None
2497,489270,11,MissedShots,0.909000015258789,0.5629999923706055,0.08061379939317703,Christian Kouamé,h,7091,OpenPlay,2022,Head,18644,Fiorentina,Verona,2,0,2022-09-18 13:00:00,Riccardo Sottil,Cross
2498,490990,0,MissedShots,0.8959999847412109,0.4520000076293945,0.020361199975013733,Christian Kouamé,a,7091,FromCorner,2022,Head,18652,Atalanta,Fiorentina,1,0,2022-10-02 16:00:00,,Aerial
2499,491008,71,BlockedShot,0.9,0.5690000152587891,0.0555403009057045,Christian Kouamé,a,7091,OpenPlay,2022,Head,18652,Atalanta,Fiorentina,1,0,2022-10-02 16:00:00,Aleksa Terzic,Cross
2500,494139,47,Goal,0.9159999847412109,0.49599998474121093,0.05272639915347099,Christian Kouamé,a,7091,OpenPlay,2022,Head,18677,Lecce,Fiorentina,1,1,2022-10-17 18:45:00,Arthur Cabral,Aerial
2501,494146,72,SavedShot,0.7859999847412109,0.5359999847412109,0.04152600094676018,Christian Kouamé,a,7091,OpenPlay,2022,RightFoot,18677,Lecce,Fiorentina,1,1,2022-10-17 18:45:00,Arthur Cabral,LayOff
2502,495238,46,SavedShot,0.794000015258789,0.79,0.016928600147366524,Christian Kouamé,h,7091,OpenPlay,2022,RightFoot,18685,Fiorentina,Inter,3,4,2022-10-22 18:45:00,Cristiano Biraghi,Pass
2503,495243,81,MissedShots,0.8030000305175782,0.6469999694824219,0.026660000905394554,Christian Kouamé,h,7091,OpenPlay,2022,RightFoot,18685,Fiorentina,Inter,3,4,2022-10-22 18:45:00,Arthur Cabral,Pass
2504,497227,7,BlockedShot,0.8319999694824218,0.68,0.03699880093336105,Christian Kouamé,a,7091,OpenPlay,2022,RightFoot,18700,Spezia,Fiorentina,1,2,2022-10-30 14:00:00,Rolando Mandragora,Pass
2505,497231,17,MissedShots,0.879000015258789,0.6680000305175782,0.05717280134558678,Christian Kouamé,a,7091,OpenPlay,2022,LeftFoot,18700,Spezia,Fiorentina,1,2,2022-10-30 14:00:00,,Rebound
2506,497245,51,BlockedShot,0.81,0.5409999847412109,0.05746870115399361,Christian Kouamé,a,7091,OpenPlay,2022,RightFoot,18700,Spezia,Fiorentina,1,2,2022-10-30 14:00:00,Cristiano Biraghi,Pass
2507,498670,11,BlockedShot,0.9259999847412109,0.529000015258789,0.5580880045890808,Christian Kouamé,a,7091,OpenPlay,2022,RightFoot,18710,Sampdoria,Fiorentina,0,2,2022-11-06 14:00:00,Jonathan Ikone,Pass
2508,499553,2,SavedShot,0.7730000305175782,0.710999984741211,0.019186200574040413,Christian Kouamé,h,7091,OpenPlay,2022,RightFoot,18713,Fiorentina,Salernitana,2,1,2022-11-09 19:45:00,Giacomo Bonaventura,Pass
2509,499559,28,SavedShot,0.91,0.5429999923706055,0.47490599751472473,Christian Kouamé,h,7091,OpenPlay,2022,RightFoot,18713,Fiorentina,Salernitana,2,1,2022-11-09 19:45:00,,None
2510,499563,43,MissedShots,0.8809999847412109,0.715,0.05518219992518425,Christian Kouamé,h,7091,OpenPlay,2022,RightFoot,18713,Fiorentina,Salernitana,2,1,2022-11-09 19:45:00,,None
2511,499568,61,MissedShots,0.850999984741211,0.61,0.07722059637308121,Christian Kouamé,h,7091,OpenPlay,2022,RightFoot,18713,Fiorentina,Salernitana,2,1,2022-11-09 19:45:00,Giacomo Bonaventura,Pass
2512,502415,92,BlockedShot,0.745,0.710999984741211,0.040251899510622025,Christian Kouamé,h,7091,DirectFreekick,2022,RightFoot,18733,Fiorentina,Monza,1,1,2023-01-04 17:30:00,,Standard
2513,502682,65,MissedShots,0.9259999847412109,0.3509999847412109,0.28006699681282043,Christian Kouamé,h,7091,OpenPlay,2022,RightFoot,18743,Fiorentina,Sassuolo,2,1,2023-01-07 14:00:00,Giacomo Bonaventura,Pass
2514,502689,93,SavedShot,0.925,0.35400001525878905,0.10917799919843674,Christian Kouamé,h,7091,OpenPlay,2022,RightFoot,18743,Fiorentina,Sassuolo,2,1,2023-01-07 14:00:00,Jonathan Ikone,Pass
2515,504238,58,MissedShots,0.91,0.49700000762939456,0.08323860168457031,Christian Kouamé,a,7091,FromCorner,2022,Head,18758,Roma,Fiorentina,2,0,2023-01-15 19:45:00,Cristiano Biraghi,Cross
2516,504245,90,SavedShot,0.89,0.5070000076293946,0.09389139711856842,Christian Kouamé,a,7091,FromCorner,2022,RightFoot,18758,Roma,Fiorentina,2,0,2023-01-15 19:45:00,,None
2517,504822,29,MissedShots,0.9219999694824219,0.56,0.0841222032904625,Christian Kouamé,h,7091,FromCorner,2022,Head,18763,Fiorentina,Torino,0,1,2023-01-21 19:45:00,Alfred Duncan,Cross
2518,504821,29,SavedShot,0.919000015258789,0.585,0.09567499905824661,Christian Kouamé,h,7091,OpenPlay,2022,LeftFoot,18763,Fiorentina,Torino,0,1,2023-01-21 19:45:00,Cristiano Biraghi,Cross
2519,504829,54,MissedShots,0.919000015258789,0.5609999847412109,0.07348590344190598,Christian Kouamé,h,7091,FromCorner,2022,Head,18763,Fiorentina,Torino,0,1,2023-01-21 19:45:00,Aleksa Terzic,Cross
2520,504835,68,BlockedShot,0.8630000305175781,0.6120000076293945,0.07136610150337219,Christian Kouamé,h,7091,OpenPlay,2022,RightFoot,18763,Fiorentina,Torino,0,1,2023-01-21 19:45:00,Giacomo Bonaventura,Pass
2521,504837,69,SavedShot,0.9069999694824219,0.4520000076293945,0.033782199025154114,Christian Kouamé,h,7091,OpenPlay,2022,Head,18763,Fiorentina,Torino,0,1,2023-01-21 19:45:00,Lorenzo Venuti,Aerial
2522,504836,69,BlockedShot,0.8280000305175781,0.5459999847412109,0.05191740021109581,Christian Kouamé,h,7091,OpenPlay,2022,RightFoot,18763,Fiorentina,Torino,0,1,2023-01-21 19:45:00,Jonathan Ikone,Pass
2523,509072,61,MissedShots,0.7280000305175781,0.7169999694824218,0.013645799830555916,Christian Kouamé,a,7091,OpenPlay,2022,RightFoot,18796,Juventus,Fiorentina,1,0,2023-02-12 17:00:00,Gaetano Castrovilli,Pass
2524,515560,56,MissedShots,0.9059999847412109,0.40599998474121096,0.10684999823570251,Christian Kouamé,h,7091,OpenPlay,2022,LeftFoot,18843,Fiorentina,Lecce,1,0,2023-03-19 14:00:00,Dodô,Chipped
2525,521424,7,Goal,0.905,0.4470000076293945,0.22473645210266113,Christian Kouamé,a,7091,FromCorner,2022,Head,18890,Monza,Fiorentina,3,2,2023-04-23 13:00:00,Cristiano Biraghi,Cross
2526,523496,75,Goal,0.9,0.37099998474121093,0.3062204420566559,Christian Kouamé,h,7091,OpenPlay,2022,RightFoot,18894,Fiorentina,Sampdoria,5,0,2023-04-30 16:00:00,Sofyan Amrabat,Pass
2527,525220,80,BlockedShot,0.86,0.46,0.08895611763000488,Christian Kouamé,a,7091,OpenPlay,2022,RightFoot,18917,Napoli,Fiorentina,1,0,2023-05-07 16:00:00,Luka Jovic,Pass
2528,525221,86,MissedShots,0.9219999694824219,0.47200000762939454,0.5060521960258484,Christian Kouamé,a,7091,OpenPlay,2022,RightFoot,18917,Napoli,Fiorentina,1,0,2023-05-07 16:00:00,Luka Jovic,Throughball
2529,526463,47,MissedShots,0.9319999694824219,0.664000015258789,0.3340403139591217,Christian Kouamé,h,7091,OpenPlay,2022,RightFoot,18923,Fiorentina,Udinese,2,0,2023-05-14 13:00:00,Cristiano Biraghi,BallRecovery
2530,529226,87,BlockedShot,0.9669999694824218,0.4520000076293945,0.1485881507396698,Christian Kouamé,h,7091,OpenPlay,2022,Head,18943,Fiorentina,Roma,2,1,2023-05-27 16:00:00,Aleksa Terzic,Cross
2531,535518,93,MissedShots,0.9530000305175781,0.45099998474121095,0.08606047183275223,Christian Kouamé,h,7091,OpenPlay,2023,Head,22319,Fiorentina,Lecce,2,2,2023-08-27 16:30:00,Josip Brekalo,Aerial
2532,538467,75,Goal,0.924000015258789,0.49400001525878906,0.5461135506629944,Christian Kouamé,h,7091,OpenPlay,2023,RightFoot,22341,Fiorentina,Atalanta,3,2,2023-09-17 16:00:00,,None
2533,538469,92,SavedShot,0.6969999694824218,0.6270000076293946,0.014295952394604683,Christian Kouamé,h,7091,OpenPlay,2023,RightFoot,22341,Fiorentina,Atalanta,3,2,2023-09-17 16:00:00,Josip Brekalo,HeadPass
2534,538471,97,MissedShots,0.8109999847412109,0.36900001525878906,0.00788483489304781,Christian Kouamé,h,7091,OpenPlay,2023,Head,22341,Fiorentina,Atalanta,3,2,2023-09-17 16:00:00,Pietro Terracciano,Aerial
2535,539763,26,MissedShots,0.9280000305175782,0.63,0.024634212255477905,Christian Kouamé,a,7091,OpenPlay,2023,Head,22349,Udinese,Fiorentina,0,2,2023-09-24 13:00:00,Michael Kayode,Cross
2536,542128,80,MissedShots,0.965,0.4129999923706055,0.08000790327787399,Christian Kouamé,h,7091,FromCorner,2023,Head,22368,Fiorentina,Cagliari,3,0,2023-10-02 18:45:00,Alfred Duncan,Cross
2537,547651,30,MissedShots,0.8880000305175781,0.6959999847412109,0.04291365668177605,Christian Kouamé,h,7091,OpenPlay,2023,LeftFoot,22408,Fiorentina,Juventus,0,1,2023-11-05 19:45:00,,None
2538,547654,39,BlockedShot,0.740999984741211,0.685,0.0088600879535079,Christian Kouamé,h,7091,OpenPlay,2023,RightFoot,22408,Fiorentina,Juventus,0,1,2023-11-05 19:45:00,Fabiano Parisi,Chipped
2539,547656,42,MissedShots,0.870999984741211,0.5790000152587891,0.012578940950334072,Christian Kouamé,h,7091,OpenPlay,2023,Head,22408,Fiorentina,Juventus,0,1,2023-11-05 19:45:00,Lucas Martínez Quarta,Aerial
2540,547670,73,SavedShot,0.7140000152587891,0.6869999694824219,0.01108007412403822,Christian Kouamé,h,7091,OpenPlay,2023,RightFoot,22408,Fiorentina,Juventus,0,1,2023-11-05 19:45:00,M&#039;Bala Nzola,LayOff
2541,548786,6,BlockedShot,0.795,0.710999984741211,0.021284090355038643,Christian Kouamé,h,7091,OpenPlay,2023,LeftFoot,22420,Fiorentina,Bologna,2,1,2023-11-12 14:00:00,Giacomo Bonaventura,Pass
2542,550032,94,BlockedShot,0.9119999694824219,0.55,0.08577778190374374,Christian Kouamé,a,7091,OpenPlay,2023,RightFoot,22433,AC Milan,Fiorentina,1,0,2023-11-25 19:45:00,,None
2543,553766,46,MissedShots,0.85,0.575,0.013512779027223587,Christian Kouamé,a,7091,OpenPlay,2023,Head,22453,Roma,Fiorentina,1,1,2023-12-10 19:45:00,Cristiano Biraghi,Cross
2544,554833,60,SavedShot,0.860999984741211,0.6179999923706054,0.06053723394870758,Christian Kouamé,h,7091,OpenPlay,2023,RightFoot,22457,Fiorentina,Verona,1,0,2023-12-17 14:00:00,,None
2545,556070,79,MissedShots,0.9109999847412109,0.41200000762939454,0.0403190553188324,Christian Kouamé,a,7091,OpenPlay,2023,Head,22471,Monza,Fiorentina,0,1,2023-12-22 19:45:00,Michael Kayode,Aerial
2546,556789,55,MissedShots,0.9119999694824219,0.605999984741211,0.0430840440094471,Christian Kouamé,h,7091,SetPiece,2023,Head,22477,Fiorentina,Torino,1,0,2023-12-29 17:30:00,Alfred Duncan,Cross
2547,556796,88,BlockedShot,0.784000015258789,0.41,0.0261019766330719,Christian Kouamé,h,7091,SetPiece,2023,LeftFoot,22477,Fiorentina,Torino,1,0,2023-12-29 17:30:00,Rolando Mandragora,Pass
2548,571024,58,MissedShots,0.8830000305175781,0.595,0.08090151101350784,Christian Kouamé,h,7091,OpenPlay,2023,RightFoot,22601,Fiorentina,AC Milan,1,2,2024-03-30 19:45:00,Alfred Duncan,Pass
2549,574550,86,MissedShots,0.9009999847412109,0.4109999847412109,0.02846864052116871,Christian Kouamé,h,7091,OpenPlay,2023,Head,22623,Fiorentina,Genoa,1,1,2024-04-15 16:30:00,Nicolás González,Aerial
2550,575694,75,SavedShot,0.8119999694824219,0.580999984741211,0.4431367516517639,Christian Kouamé,a,7091,OpenPlay,2023,LeftFoot,22631,Salernitana,Fiorentina,0,2,2024-04-21 16:00:00,Jonathan Ikone,Throughball
2551,575695,79,Goal,0.9359999847412109,0.44099998474121094,0.12807002663612366,Christian Kouamé,a,7091,OpenPlay,2023,Head,22631,Salernitana,Fiorentina,0,2,2024-04-21 16:00:00,Luca Ranieri,Cross
2552,577737,43,BlockedShot,0.7780000305175782,0.664000015258789,0.03090669773519039,Christian Kouamé,h,7091,OpenPlay,2023,RightFoot,22643,Fiorentina,Sassuolo,5,1,2024-04-28 18:45:00,,BallTouch
2553,577742,51,SavedShot,0.9159999847412109,0.4520000076293945,0.3323633074760437,Christian Kouamé,h,7091,OpenPlay,2023,RightFoot,22643,Fiorentina,Sassuolo,5,1,2024-04-28 18:45:00,Fabiano Parisi,Chipped
2554,581384,34,MissedShots,0.759000015258789,0.6029999923706054,0.01928936317563057,Christian Kouamé,h,7091,OpenPlay,2023,RightFoot,22666,Fiorentina,Napoli,2,2,2024-05-17 16:00:00,Lucas Martínez Quarta,BallTouch
2555,586897,30,SavedShot,0.9069999694824219,0.46299999237060546,0.08535104244947433,Christian Kouamé,h,7091,SetPiece,2024,RightFoot,27376,Fiorentina,Venezia,0,0,2024-08-25 16:30:00,Moise Kean,None
2556,590234,96,MissedShots,0.93,0.6630000305175782,0.011195441707968712,Christian Kouamé,h,7091,SetPiece,2024,Head,27388,Fiorentina,Monza,2,2,2024-09-01 16:30:00,Cristiano Biraghi,Pass
2557,592844,65,MissedShots,0.9319999694824219,0.4279999923706055,0.07912473380565643,Christian Kouamé,h,7091,FromCorner,2024,Head,27404,Fiorentina,Lazio,2,1,2024-09-22 10:30:00,Andrea Colpani,Cross
2558,597560,67,MissedShots,0.960999984741211,0.425,0.4347531199455261,Christian Kouamé,a,7091,OpenPlay,2024,Head,27439,Lecce,Fiorentina,0,6,2024-10-20 13:00:00,Riccardo Sottil,Cross
2559,599661,61,BlockedShot,0.909000015258789,0.475,0.028799058869481087,Christian Kouamé,a,7091,FromCorner,2024,Head,27456,Genoa,Fiorentina,0,1,2024-10-31 17:30:00,Andrea Colpani,Aerial
2560,599670,91,MissedShots,0.600999984741211,0.505,0.09105022251605988,Christian Kouamé,a,7091,OpenPlay,2024,RightFoot,27456,Genoa,Fiorentina,0,1,2024-10-31 17:30:00,Tommaso Rubino,Throughball
2561,600586,82,BlockedShot,0.84,0.6079999923706054,0.009136849083006382,Christian Kouamé,a,7091,FromCorner,2024,Head,27470,Torino,Fiorentina,0,1,2024-11-03 14:00:00,Yacine Adli,Cross
2562,313318,83,SavedShot,0.710999984741211,0.5779999923706055,0.01353249978274107,Sofyan Amrabat,h,7927,OpenPlay,2019,RightFoot,13092,Verona,Bologna,1,1,2019-08-25 19:45:00,,BallRecovery
2563,321569,52,MissedShots,0.7190000152587891,0.41900001525878905,0.012583600357174873,Sofyan Amrabat,h,7927,FromCorner,2019,RightFoot,13132,Verona,Udinese,0,0,2019-09-24 17:00:00,,Aerial
2564,321572,63,SavedShot,0.9230000305175782,0.2720000076293945,0.047617699950933456,Sofyan Amrabat,h,7927,OpenPlay,2019,RightFoot,13132,Verona,Udinese,0,0,2019-09-24 17:00:00,Valerio Verre,Pass
2565,324232,60,BlockedShot,0.7619999694824219,0.475,0.014598799869418144,Sofyan Amrabat,h,7927,FromCorner,2019,RightFoot,13154,Verona,Sampdoria,2,0,2019-10-05 17:00:00,,Aerial
2566,325788,1,MissedShots,0.749000015258789,0.44,0.0165925994515419,Sofyan Amrabat,a,7927,FromCorner,2019,RightFoot,13164,Napoli,Verona,2,0,2019-10-19 17:00:00,,None
2567,325797,21,BlockedShot,0.7959999847412109,0.3609999847412109,0.027690399438142776,Sofyan Amrabat,a,7927,FromCorner,2019,RightFoot,13164,Napoli,Verona,2,0,2019-10-19 17:00:00,,TakeOn
2568,325823,79,SavedShot,0.7219999694824218,0.5509999847412109,0.012568900361657143,Sofyan Amrabat,a,7927,OpenPlay,2019,RightFoot,13164,Napoli,Verona,2,0,2019-10-19 17:00:00,Darko Lazovic,Pass
2569,326817,39,SavedShot,0.9319999694824219,0.3039999961853027,0.06483189761638641,Sofyan Amrabat,h,7927,OpenPlay,2019,RightFoot,13173,Verona,Sassuolo,0,1,2019-10-25 19:45:00,Marco Faraoni,Pass
2570,326823,55,MissedShots,0.8819999694824219,0.610999984741211,0.12439800053834915,Sofyan Amrabat,h,7927,OpenPlay,2019,LeftFoot,13173,Verona,Sassuolo,0,1,2019-10-25 19:45:00,Valerio Verre,Pass
2571,332877,87,BlockedShot,0.8119999694824219,0.6329999923706054,0.04931100085377693,Sofyan Amrabat,h,7927,OpenPlay,2019,RightFoot,13211,Verona,Fiorentina,1,0,2019-11-24 14:00:00,Darko Lazovic,Pass
2572,335524,55,BlockedShot,0.894000015258789,0.47099998474121096,0.28214600682258606,Sofyan Amrabat,a,7927,OpenPlay,2019,RightFoot,13229,Atalanta,Verona,3,2,2019-12-07 14:00:00,Matteo Pessina,TakeOn
2573,355154,71,BlockedShot,0.894000015258789,0.3220000076293945,0.05831360071897507,Sofyan Amrabat,a,7927,OpenPlay,2019,RightFoot,13280,Bologna,Verona,1,1,2020-01-19 14:00:00,Fabio Borini,Pass
2574,356273,49,BlockedShot,0.7909999847412109,0.524000015258789,0.02596990019083023,Sofyan Amrabat,h,7927,OpenPlay,2019,RightFoot,13298,Verona,Lecce,3,0,2020-01-26 14:00:00,,Rebound
2575,357188,47,SavedShot,0.8040000152587891,0.3820000076293945,0.037985898554325104,Sofyan Amrabat,a,7927,OpenPlay,2019,LeftFoot,13305,AC Milan,Verona,1,1,2020-02-02 14:00:00,Amir Rrahmani,Pass
2576,358284,63,BlockedShot,0.784000015258789,0.27299999237060546,0.015809599310159683,Sofyan Amrabat,h,7927,OpenPlay,2019,RightFoot,13318,Verona,Juventus,2,1,2020-02-08 19:45:00,Marco Faraoni,Pass
2577,362165,29,SavedShot,0.7609999847412109,0.605999984741211,0.019928300753235817,Sofyan Amrabat,a,7927,OpenPlay,2019,RightFoot,13346,Sampdoria,Verona,2,1,2020-03-08 14:00:00,,None
2578,370256,55,MissedShots,0.9469999694824218,0.44099998474121094,0.5370960235595703,Sofyan Amrabat,h,7927,OpenPlay,2019,LeftFoot,13398,Verona,Inter,2,2,2020-07-09 19:45:00,,None
2579,371089,73,BlockedShot,0.715999984741211,0.5479999923706055,0.019821299239993095,Sofyan Amrabat,a,7927,OpenPlay,2019,RightFoot,13406,Fiorentina,Verona,1,1,2020-07-12 17:30:00,,BallRecovery
2580,373975,38,Goal,0.885,0.5,0.7612990140914917,Sofyan Amrabat,h,7927,Penalty,2019,RightFoot,13446,Verona,Lazio,1,5,2020-07-26 17:30:00,,Standard
2581,386196,84,BlockedShot,0.845999984741211,0.610999984741211,0.05946049839258194,Sofyan Amrabat,a,7927,OpenPlay,2020,LeftFoot,15493,Parma Calcio 1913,Fiorentina,0,0,2020-11-07 19:45:00,Franck Ribéry,Pass
2582,391182,76,SavedShot,0.8669999694824219,0.475,0.10630500316619873,Sofyan Amrabat,h,7927,OpenPlay,2020,RightFoot,15517,Fiorentina,Genoa,1,1,2020-12-07 19:45:00,José Callejón,Pass
2583,393842,46,MissedShots,0.8,0.5479999923706055,0.01764249987900257,Sofyan Amrabat,h,7927,FromCorner,2020,RightFoot,15549,Fiorentina,Verona,1,1,2020-12-19 14:00:00,,Aerial
2584,393846,58,MissedShots,0.785,0.38299999237060545,0.026493700221180916,Sofyan Amrabat,h,7927,OpenPlay,2020,RightFoot,15549,Fiorentina,Verona,1,1,2020-12-19 14:00:00,,None
2585,393850,78,BlockedShot,0.82,0.54,0.037248700857162476,Sofyan Amrabat,h,7927,SetPiece,2020,LeftFoot,15549,Fiorentina,Verona,1,1,2020-12-19 14:00:00,,TakeOn
2586,395013,41,SavedShot,0.835999984741211,0.3659999847412109,0.025320999324321747,Sofyan Amrabat,a,7927,OpenPlay,2020,LeftFoot,15558,Juventus,Fiorentina,0,3,2020-12-22 19:45:00,,Aerial
2587,395023,74,BlockedShot,0.874000015258789,0.3659999847412109,0.07942330092191696,Sofyan Amrabat,a,7927,OpenPlay,2020,RightFoot,15558,Juventus,Fiorentina,0,3,2020-12-22 19:45:00,Christian Kouamé,Pass
2588,397273,93,SavedShot,0.7340000152587891,0.56,0.011811500415205956,Sofyan Amrabat,a,7927,SetPiece,2020,RightFoot,15580,Lazio,Fiorentina,2,1,2021-01-06 14:00:00,,None
2589,399210,28,MissedShots,0.76,0.43099998474121093,0.01791910082101822,Sofyan Amrabat,a,7927,FromCorner,2020,RightFoot,15602,Napoli,Fiorentina,6,0,2021-01-17 11:30:00,,None
2590,402939,42,MissedShots,0.8419999694824218,0.30100000381469727,0.028581999242305756,Sofyan Amrabat,h,7927,SetPiece,2020,RightFoot,15629,Fiorentina,Inter,0,2,2021-02-05 19:45:00,Cristiano Biraghi,Pass
2591,457876,88,Goal,0.74,0.5179999923706055,0.018404100090265274,Sofyan Amrabat,a,7927,OpenPlay,2021,RightFoot,17004,Spezia,Fiorentina,1,2,2022-02-14 19:45:00,Arthur Cabral,Pass
2592,465577,75,SavedShot,0.720999984741211,0.620999984741211,0.01844009943306446,Sofyan Amrabat,h,7927,OpenPlay,2021,RightFoot,17057,Fiorentina,Empoli,1,0,2022-04-03 10:30:00,Riccardo Saponara,Pass
2593,472121,48,BlockedShot,0.805,0.610999984741211,0.03944789990782738,Sofyan Amrabat,a,7927,OpenPlay,2021,RightFoot,17100,AC Milan,Fiorentina,1,0,2022-05-01 13:00:00,Riccardo Saponara,Pass
2594,474962,55,SavedShot,0.789000015258789,0.4520000076293945,0.050500400364398956,Sofyan Amrabat,h,7927,OpenPlay,2021,RightFoot,17106,Fiorentina,Roma,2,0,2022-05-09 18:45:00,Lorenzo Venuti,Pass
2595,485711,26,MissedShots,0.7880000305175782,0.45799999237060546,0.015271199867129326,Sofyan Amrabat,h,7927,FromCorner,2022,RightFoot,18622,Fiorentina,Juventus,1,1,2022-09-03 13:00:00,Christian Kouamé,Aerial
2596,485719,87,SavedShot,0.735999984741211,0.5309999847412109,0.018212899565696716,Sofyan Amrabat,h,7927,OpenPlay,2022,RightFoot,18622,Fiorentina,Juventus,1,1,2022-09-03 13:00:00,Riccardo Sottil,Pass
2597,492619,37,MissedShots,0.755,0.46599998474121096,0.017753100022673607,Sofyan Amrabat,h,7927,FromCorner,2022,RightFoot,18664,Fiorentina,Lazio,0,4,2022-10-10 18:45:00,,None
2598,499565,51,MissedShots,0.8040000152587891,0.46900001525878904,0.05169039964675903,Sofyan Amrabat,h,7927,OpenPlay,2022,RightFoot,18713,Fiorentina,Salernitana,2,1,2022-11-09 19:45:00,Jonathan Ikone,Pass
2599,500849,37,BlockedShot,0.7280000305175781,0.5879999923706055,0.012904699891805649,Sofyan Amrabat,a,7927,OpenPlay,2022,RightFoot,18727,AC Milan,Fiorentina,2,1,2022-11-13 17:00:00,Rolando Mandragora,Rebound
2600,502412,80,BlockedShot,0.8490000152587891,0.3920000076293945,0.05938649922609329,Sofyan Amrabat,h,7927,OpenPlay,2022,RightFoot,18733,Fiorentina,Monza,1,1,2023-01-04 17:30:00,Christian Kouamé,Pass
2601,504231,21,SavedShot,0.7119999694824218,0.5370000076293945,0.01376389991492033,Sofyan Amrabat,a,7927,OpenPlay,2022,RightFoot,18758,Roma,Fiorentina,2,0,2023-01-15 19:45:00,Luka Jovic,Pass
2602,509076,72,SavedShot,0.7340000152587891,0.355,0.01348789967596531,Sofyan Amrabat,a,7927,OpenPlay,2022,RightFoot,18796,Juventus,Fiorentina,1,0,2023-02-12 17:00:00,,BallRecovery
2603,510239,54,MissedShots,0.7959999847412109,0.5070000076293946,0.03153510019183159,Sofyan Amrabat,h,7927,FromCorner,2022,LeftFoot,18803,Fiorentina,Empoli,1,1,2023-02-19 14:00:00,Antonin Barak,Pass
2604,515573,92,MissedShots,0.8180000305175781,0.47,0.1208920031785965,Sofyan Amrabat,h,7927,OpenPlay,2022,RightFoot,18843,Fiorentina,Lecce,1,0,2023-03-19 14:00:00,Giacomo Bonaventura,BallTouch
2605,521431,34,BlockedShot,0.705,0.3970000076293945,0.014985599555075169,Sofyan Amrabat,a,7927,OpenPlay,2022,RightFoot,18890,Monza,Fiorentina,3,2,2023-04-23 13:00:00,Antonin Barak,Pass
2606,523484,40,BlockedShot,0.7769999694824219,0.40099998474121096,0.014882244169712067,Sofyan Amrabat,h,7927,FromCorner,2022,RightFoot,18894,Fiorentina,Sampdoria,5,0,2023-04-30 16:00:00,,Aerial
2607,525215,50,SavedShot,0.7280000305175781,0.6379999923706055,0.01432343851774931,Sofyan Amrabat,a,7927,OpenPlay,2022,RightFoot,18917,Napoli,Fiorentina,1,0,2023-05-07 16:00:00,,BallRecovery
2608,544353,66,ShotOnPost,0.764000015258789,0.5479999923706055,0.02157611958682537,Sofyan Amrabat,a,7927,FromCorner,2023,RightFoot,21983,Sheffield United,Manchester United,1,2,2023-10-21 19:00:00,Jonny Evans,Pass
2609,551434,97,MissedShots,0.8230000305175781,0.41200000762939454,0.03605589643120766,Sofyan Amrabat,a,7927,OpenPlay,2023,RightFoot,22032,Newcastle United,Manchester United,1,0,2023-12-02 20:00:00,Rasmus Højlund,HeadPass
2610,580447,73,BlockedShot,0.7269999694824218,0.40599998474121096,0.016092700883746147,Sofyan Amrabat,h,7927,OpenPlay,2023,RightFoot,22259,Manchester United,Arsenal,0,1,2024-05-12 15:30:00,Kobbie Mainoo,Pass
2611,362897,23,MissedShots,0.8630000305175781,0.4420000076293945,0.01679139956831932,Marin Pongracic,a,8303,SetPiece,2019,Head,12634,Augsburg,Wolfsburg,1,2,2020-05-16 13:30:00,,None
2612,363392,42,Goal,0.9359999847412109,0.524000015258789,0.45728498697280884,Marin Pongracic,a,8303,SetPiece,2019,Head,12654,Bayer Leverkusen,Wolfsburg,1,4,2020-05-26 18:30:00,Maximilian Arnold,Cross
2613,363401,74,Goal,0.8969999694824219,0.4490000152587891,0.1773339956998825,Marin Pongracic,a,8303,SetPiece,2019,Head,12654,Bayer Leverkusen,Wolfsburg,1,4,2020-05-26 18:30:00,Maximilian Arnold,Cross
2614,363604,62,MissedShots,0.905,0.44299999237060544,0.4652259945869446,Marin Pongracic,h,8303,SetPiece,2019,RightFoot,12657,Wolfsburg,Eintracht Frankfurt,1,2,2020-05-30 13:30:00,,None
2615,364514,13,MissedShots,0.9409999847412109,0.455,0.5475490093231201,Marin Pongracic,a,8303,FromCorner,2019,OtherBodyPart,12685,Borussia M.Gladbach,Wolfsburg,3,0,2020-06-16 16:30:00,Maximilian Arnold,Aerial
2616,406664,59,MissedShots,0.889000015258789,0.53,0.07381600141525269,Marin Pongracic,h,8303,SetPiece,2020,Head,15342,Wolfsburg,Hertha Berlin,2,0,2021-02-27 14:30:00,Maximilian Arnold,Cross
2617,484670,86,MissedShots,0.8490000152587891,0.54,0.013778099790215492,Marin Pongracic,h,8303,FromCorner,2022,Head,18610,Lecce,Empoli,1,1,2022-08-28 18:45:00,Alexis Blin,Chipped
2618,535513,56,MissedShots,0.794000015258789,0.45,0.03530491888523102,Marin Pongracic,a,8303,OpenPlay,2023,RightFoot,22319,Fiorentina,Lecce,2,2,2023-08-27 16:30:00,,BallRecovery
2619,540173,49,MissedShots,0.894000015258789,0.485,0.029815344139933586,Marin Pongracic,a,8303,SetPiece,2023,Head,22359,Juventus,Lecce,1,0,2023-09-26 18:45:00,Remi Oudin,Aerial
2620,540908,30,MissedShots,0.925,0.40900001525878904,0.3713316023349762,Marin Pongracic,h,8303,FromCorner,2023,RightFoot,22367,Lecce,Napoli,0,4,2023-09-30 13:00:00,Gabriel Strefezza,Pass
2621,542297,73,MissedShots,0.9080000305175782,0.534000015258789,0.3482709228992462,Marin Pongracic,h,8303,SetPiece,2023,LeftFoot,22380,Lecce,Sassuolo,1,1,2023-10-06 18:45:00,Remi Oudin,Cross
2622,542299,81,MissedShots,0.8519999694824218,0.51,0.027498679235577583,Marin Pongracic,h,8303,SetPiece,2023,Head,22380,Lecce,Sassuolo,1,1,2023-10-06 18:45:00,Remi Oudin,Cross
2623,545600,75,MissedShots,0.889000015258789,0.6859999847412109,0.03645520284771919,Marin Pongracic,h,8303,OpenPlay,2023,RightFoot,22398,Lecce,Torino,0,1,2023-10-28 16:00:00,Remi Oudin,Cross
2624,547598,53,SavedShot,0.9,0.3220000076293945,0.061542809009552,Marin Pongracic,a,8303,OpenPlay,2023,LeftFoot,22412,Roma,Lecce,2,1,2023-11-05 17:00:00,,BallRecovery
2625,553859,6,SavedShot,0.8859999847412109,0.5179999923706055,0.020979011431336403,Marin Pongracic,a,8303,SetPiece,2023,Head,22447,Empoli,Lecce,1,1,2023-12-11 17:30:00,Remi Oudin,Aerial
2626,554124,78,BlockedShot,0.8880000305175781,0.514000015258789,0.04491415619850159,Marin Pongracic,h,8303,FromCorner,2023,Head,22462,Lecce,Frosinone,2,1,2023-12-16 14:00:00,Remi Oudin,Cross
2627,558359,33,MissedShots,0.9369999694824219,0.47200000762939454,0.12250395864248276,Marin Pongracic,a,8303,FromCorner,2023,Head,22499,Lazio,Lecce,1,0,2024-01-14 11:30:00,Remi Oudin,Cross
2628,569544,45,BlockedShot,0.8719999694824219,0.504000015258789,0.07474639266729355,Marin Pongracic,a,8303,SetPiece,2023,LeftFoot,22594,Salernitana,Lecce,0,1,2024-03-16 17:00:00,Nikola Krstovic,End
2629,571652,7,SavedShot,0.9269999694824219,0.4370000076293945,0.08202970027923584,Marin Pongracic,h,8303,FromCorner,2023,Head,22600,Lecce,Roma,0,0,2024-04-01 17:00:00,Antonino Gallo,Cross
2630,580846,64,MissedShots,0.8130000305175781,0.4929999923706055,0.04559473320841789,Marin Pongracic,h,8303,OpenPlay,2023,LeftFoot,22661,Lecce,Udinese,0,2,2024-05-13 16:30:00,,Dispossessed
2631,502392,23,SavedShot,0.7709999847412109,0.585,0.0313073992729187,Alessandro Bianco,h,9322,OpenPlay,2022,RightFoot,18733,Fiorentina,Monza,1,1,2023-01-04 17:30:00,Cristiano Biraghi,Pass
2632,502672,40,MissedShots,0.785,0.6609999847412109,0.022085299715399742,Alessandro Bianco,h,9322,OpenPlay,2022,RightFoot,18743,Fiorentina,Sassuolo,2,1,2023-01-07 14:00:00,,None
2633,592896,10,MissedShots,0.9069999694824219,0.6809999847412109,0.06252570450305939,Alessandro Bianco,h,9322,OpenPlay,2024,RightFoot,27409,Monza,Bologna,1,2,2024-09-22 13:00:00,Georgios Kyriakopoulos,Pass
2634,592906,50,MissedShots,0.7569999694824219,0.675,0.02131974883377552,Alessandro Bianco,h,9322,OpenPlay,2024,RightFoot,27409,Monza,Bologna,1,2,2024-09-22 13:00:00,Georgios Kyriakopoulos,Pass
2635,597968,78,Goal,0.9209999847412109,0.5640000152587891,0.5499063730239868,Alessandro Bianco,a,9322,OpenPlay,2024,RightFoot,27437,Verona,Monza,0,3,2024-10-21 18:45:00,,None
2636,598996,68,BlockedShot,0.9830000305175781,0.38799999237060545,0.06568765640258789,Alessandro Bianco,h,9322,OpenPlay,2024,RightFoot,27446,Monza,Venezia,2,2,2024-10-27 14:00:00,Danilo D&#039;Ambrosio,Cross
2637,599633,41,SavedShot,0.6569999694824219,0.639000015258789,0.010422210209071636,Alessandro Bianco,a,9322,OpenPlay,2024,RightFoot,27452,Atalanta,Monza,2,0,2024-10-30 19:45:00,Matteo Pessina,Pass
2638,602292,18,MissedShots,0.9019999694824219,0.5840000152587891,0.09846658259630203,Alessandro Bianco,h,9322,OpenPlay,2024,Head,27475,Monza,Lazio,0,1,2024-11-10 17:00:00,Georgios Kyriakopoulos,Cross
2639,602309,79,MissedShots,0.7959999847412109,0.5409999847412109,0.04484381526708603,Alessandro Bianco,h,9322,OpenPlay,2024,RightFoot,27475,Monza,Lazio,0,1,2024-11-10 17:00:00,Matteo Pessina,Pass
2640,603991,29,MissedShots,0.799000015258789,0.4929999923706055,0.04063709080219269,Alessandro Bianco,a,9322,OpenPlay,2024,RightFoot,27496,Como,Monza,1,1,2024-11-30 14:00:00,Dany Mota,Pass
2641,606662,14,MissedShots,0.754000015258789,0.5359999847412109,0.01758282259106636,Alessandro Bianco,h,9322,FromCorner,2024,RightFoot,27508,Monza,Udinese,1,2,2024-12-09 19:45:00,,None
2642,606661,14,BlockedShot,0.7319999694824219,0.37599998474121094,0.010023340582847595,Alessandro Bianco,h,9322,OpenPlay,2024,RightFoot,27508,Monza,Udinese,1,2,2024-12-09 19:45:00,,Aerial
2643,606664,22,MissedShots,0.7619999694824219,0.55,0.014474954456090927,Alessandro Bianco,h,9322,FromCorner,2024,RightFoot,27508,Monza,Udinese,1,2,2024-12-09 19:45:00,,Aerial
2644,606674,45,BlockedShot,0.754000015258789,0.5420000076293945,0.024849209934473038,Alessandro Bianco,h,9322,OpenPlay,2024,RightFoot,27508,Monza,Udinese,1,2,2024-12-09 19:45:00,,Rebound
2645,606681,53,MissedShots,0.775,0.6079999923706054,0.019059643149375916,Alessandro Bianco,h,9322,FromCorner,2024,RightFoot,27508,Monza,Udinese,1,2,2024-12-09 19:45:00,,None
2646,485710,25,SavedShot,0.805,0.3060000038146973,0.024062499403953552,Dodô,h,10935,OpenPlay,2022,LeftFoot,18622,Fiorentina,Juventus,1,1,2022-09-03 13:00:00,,None
2647,487984,37,MissedShots,0.9290000152587891,0.345,0.0698034018278122,Dodô,a,10935,OpenPlay,2022,RightFoot,18633,Bologna,Fiorentina,2,1,2022-09-11 13:00:00,Luka Jovic,Chipped
2648,502385,3,BlockedShot,0.8680000305175781,0.4129999923706055,0.09033820033073425,Dodô,h,10935,OpenPlay,2022,LeftFoot,18733,Fiorentina,Monza,1,1,2023-01-04 17:30:00,Igor Julio,Pass
2649,506337,79,BlockedShot,0.7180000305175781,0.37099998474121093,0.013660499826073647,Dodô,a,10935,OpenPlay,2022,RightFoot,18777,Lazio,Fiorentina,1,1,2023-01-29 17:00:00,,Dispossessed
2650,511603,44,SavedShot,0.9540000152587891,0.3370000076293945,0.06077729910612106,Dodô,a,10935,OpenPlay,2022,RightFoot,18819,Verona,Fiorentina,0,3,2023-02-27 17:30:00,,Rebound
2651,511602,44,MissedShots,0.8490000152587891,0.3270000076293945,0.02171359956264496,Dodô,a,10935,OpenPlay,2022,RightFoot,18819,Verona,Fiorentina,0,3,2023-02-27 17:30:00,,Aerial
2652,512421,66,SavedShot,0.9390000152587891,0.365,0.11957500129938126,Dodô,h,10935,OpenPlay,2022,RightFoot,18823,Fiorentina,AC Milan,2,1,2023-03-04 19:45:00,Arthur Cabral,Pass
2653,516517,80,MissedShots,0.66,0.3920000076293945,0.011297199875116348,Dodô,a,10935,OpenPlay,2022,RightFoot,18855,Inter,Fiorentina,0,1,2023-04-01 16:00:00,Antonin Barak,Pass
2654,517817,23,MissedShots,0.7069999694824218,0.4570000076293945,0.011468200013041496,Dodô,h,10935,SetPiece,2022,RightFoot,18863,Fiorentina,Spezia,1,1,2023-04-08 12:30:00,,Rebound
2655,520416,82,BlockedShot,0.7480000305175781,0.3110000038146973,0.014132799580693245,Dodô,h,10935,OpenPlay,2022,RightFoot,18874,Fiorentina,Atalanta,1,1,2023-04-17 18:45:00,Riccardo Sottil,Pass
2656,523493,61,Goal,0.8919999694824219,0.38099998474121094,0.10322672128677368,Dodô,h,10935,OpenPlay,2022,LeftFoot,18894,Fiorentina,Sampdoria,5,0,2023-04-30 16:00:00,Luka Jovic,Pass
2657,535514,63,SavedShot,0.8430000305175781,0.355,0.06650041788816452,Dodô,h,10935,OpenPlay,2023,RightFoot,22319,Fiorentina,Lecce,2,2,2023-08-27 16:30:00,Arthur,Pass
2658,582976,25,BlockedShot,0.8340000152587891,0.23700000762939452,0.017758512869477272,Dodô,a,10935,OpenPlay,2023,RightFoot,22676,Cagliari,Fiorentina,2,3,2024-05-24 16:00:00,,None
2659,584953,9,BlockedShot,0.8969999694824219,0.3320000076293945,0.008890565484762192,Dodô,a,10935,OpenPlay,2024,Head,27363,Parma Calcio 1913,Fiorentina,1,1,2024-08-17 16:30:00,Cristiano Biraghi,Cross
2660,584973,70,MissedShots,0.7530000305175781,0.28,0.013318508863449097,Dodô,a,10935,FromCorner,2024,RightFoot,27363,Parma Calcio 1913,Fiorentina,1,1,2024-08-17 16:30:00,,None
2661,586898,30,BlockedShot,0.9069999694824219,0.37099998474121093,0.0649292841553688,Dodô,h,10935,SetPiece,2024,RightFoot,27376,Fiorentina,Venezia,0,0,2024-08-25 16:30:00,Antonin Barak,Rebound
2662,590227,82,BlockedShot,0.89,0.29100000381469726,0.04010528698563576,Dodô,h,10935,OpenPlay,2024,RightFoot,27388,Fiorentina,Monza,2,2,2024-09-01 16:30:00,,None
2663,599358,11,MissedShots,0.9440000152587891,0.28600000381469726,0.06373680382966995,Dodô,h,10935,OpenPlay,2024,RightFoot,27445,Fiorentina,Roma,5,1,2024-10-27 19:45:00,Andrea Colpani,Pass
2664,599653,35,SavedShot,0.8619999694824219,0.28899999618530275,0.03986139968037605,Dodô,a,10935,OpenPlay,2024,LeftFoot,27456,Genoa,Fiorentina,0,1,2024-10-31 17:30:00,Andrea Colpani,Pass
2665,599660,61,BlockedShot,0.905,0.26799999237060546,0.023086927831172943,Dodô,a,10935,OpenPlay,2024,RightFoot,27456,Genoa,Fiorentina,0,1,2024-10-31 17:30:00,Riccardo Sottil,Cross
2666,600578,28,MissedShots,0.805,0.29399999618530276,0.023781511932611465,Dodô,a,10935,OpenPlay,2024,RightFoot,27470,Torino,Fiorentina,0,1,2024-11-03 14:00:00,Edoardo Bove,Pass
2667,600588,92,SavedShot,0.8669999694824219,0.29399999618530276,0.07288142293691635,Dodô,a,10935,OpenPlay,2024,RightFoot,27470,Torino,Fiorentina,0,1,2024-11-03 14:00:00,Cristiano Biraghi,Pass
2668,606192,2,MissedShots,0.7090000152587891,0.49,0.013415495865046978,Dodô,h,10935,FromCorner,2024,RightFoot,27504,Fiorentina,Cagliari,1,0,2024-12-08 11:30:00,,None
2669,606194,7,MissedShots,0.9309999847412109,0.34200000762939453,0.06576713919639587,Dodô,h,10935,OpenPlay,2024,RightFoot,27504,Fiorentina,Cagliari,1,0,2024-12-08 11:30:00,,None
2670,543518,77,MissedShots,0.9430000305175781,0.2879999923706055,0.06281837821006775,Michael Kayode,a,11281,OpenPlay,2023,RightFoot,22384,Napoli,Fiorentina,1,3,2023-10-08 18:45:00,Alfred Duncan,Pass
2671,556061,27,SavedShot,0.79,0.509000015258789,0.05645069479942322,Michael Kayode,a,11281,OpenPlay,2023,RightFoot,22471,Monza,Fiorentina,0,1,2023-12-22 19:45:00,Christian Kouamé,Pass
2672,563465,69,MissedShots,0.740999984741211,0.46700000762939453,0.021622421219944954,Michael Kayode,a,11281,OpenPlay,2023,RightFoot,22505,Bologna,Fiorentina,2,0,2024-02-14 18:00:00,Arthur,Pass
2673,566001,60,Goal,0.9480000305175781,0.45799999237060546,0.6500284671783447,Michael Kayode,h,11281,OpenPlay,2023,RightFoot,22557,Fiorentina,Lazio,2,1,2024-02-26 19:45:00,,None
2674,566891,66,BlockedShot,0.7869999694824219,0.37400001525878906,0.012185797095298767,Michael Kayode,a,11281,SetPiece,2023,RightFoot,22571,Torino,Fiorentina,0,0,2024-03-02 19:45:00,,Aerial
2675,574532,31,BlockedShot,0.794000015258789,0.355,0.020326197147369385,Michael Kayode,h,11281,FromCorner,2023,RightFoot,22623,Fiorentina,Genoa,1,1,2024-04-15 16:30:00,,None
2676,577726,1,MissedShots,0.8190000152587891,0.41,0.03411851450800896,Michael Kayode,h,11281,FromCorner,2023,LeftFoot,22643,Fiorentina,Sassuolo,5,1,2024-04-28 18:45:00,,None
2677,584975,81,MissedShots,0.9259999847412109,0.665,0.09395667910575867,Michael Kayode,a,11281,OpenPlay,2024,LeftFoot,27363,Parma Calcio 1913,Fiorentina,1,1,2024-08-17 16:30:00,,TakeOn
2678,538183,18,Goal,0.950999984741211,0.47200000762939454,0.57763671875,Amir Richardson,h,11752,SetPiece,2023,LeftFoot,23414,Reims,Brest,1,2,2023-09-17 13:00:00,Keito Nakamura,HeadPass
2679,538186,36,SavedShot,0.8069999694824219,0.6179999923706054,0.055235136300325394,Amir Richardson,h,11752,OpenPlay,2023,LeftFoot,23414,Reims,Brest,1,2,2023-09-17 13:00:00,,BallRecovery
2680,544623,47,Goal,0.8319999694824218,0.5479999923706055,0.059626735746860504,Amir Richardson,a,11752,OpenPlay,2023,LeftFoot,23444,Toulouse,Reims,1,1,2023-10-22 13:00:00,,None
2681,545538,18,SavedShot,0.7569999694824219,0.639000015258789,0.01754036173224449,Amir Richardson,h,11752,OpenPlay,2023,LeftFoot,23456,Reims,Lorient,1,0,2023-10-28 15:00:00,Thibault De Smet,Pass
2682,548447,39,MissedShots,0.9469999694824218,0.4229999923706055,0.09471235424280167,Amir Richardson,h,11752,FromCorner,2023,Head,23473,Reims,Paris Saint Germain,0,3,2023-11-11 16:00:00,Junya Ito,Cross
2683,548448,40,SavedShot,0.9409999847412109,0.47,0.11782586574554443,Amir Richardson,h,11752,FromCorner,2023,LeftFoot,23473,Reims,Paris Saint Germain,0,3,2023-11-11 16:00:00,Azor Matusiwa,None
2684,550872,6,MissedShots,0.7240000152587891,0.3340000152587891,0.018801605328917503,Amir Richardson,h,11752,OpenPlay,2023,LeftFoot,23492,Reims,Strasbourg,2,1,2023-12-01 19:00:00,Azor Matusiwa,Pass
2685,550874,9,Goal,0.9130000305175782,0.5770000076293945,0.4067254662513733,Amir Richardson,h,11752,OpenPlay,2023,LeftFoot,23492,Reims,Strasbourg,2,1,2023-12-01 19:00:00,Mohamed Daramy,Pass
2686,550880,39,MissedShots,0.9069999694824219,0.6709999847412109,0.13237793743610382,Amir Richardson,h,11752,OpenPlay,2023,LeftFoot,23492,Reims,Strasbourg,2,1,2023-12-01 19:00:00,Mohamed Daramy,Throughball
2687,555511,82,MissedShots,0.8469999694824218,0.43599998474121093,0.3490048348903656,Amir Richardson,h,11752,OpenPlay,2023,RightFoot,23521,Reims,Le Havre,1,0,2023-12-20 20:00:00,Teddy Teuma,Pass
2688,561664,51,MissedShots,0.8169999694824219,0.44299999237060544,0.061576247215270996,Amir Richardson,h,11752,OpenPlay,2023,LeftFoot,23547,Reims,Toulouse,2,3,2024-02-04 14:00:00,Sergio Akieme,Pass
2689,563016,75,SavedShot,0.8080000305175781,0.4779999923706055,0.04505953565239906,Amir Richardson,a,11752,OpenPlay,2023,LeftFoot,23554,Lorient,Reims,2,0,2024-02-11 14:00:00,Teddy Teuma,BallTouch
2690,563018,75,MissedShots,0.7469999694824219,0.40700000762939453,0.02085159346461296,Amir Richardson,a,11752,OpenPlay,2023,LeftFoot,23554,Lorient,Reims,2,0,2024-02-11 14:00:00,Emmanuel Agbadou,Pass
2691,565667,88,MissedShots,0.9290000152587891,0.43599998474121093,0.03657910227775574,Amir Richardson,a,11752,FromCorner,2023,Head,23571,Le Havre,Reims,1,2,2024-02-25 14:00:00,Junya Ito,Aerial
2692,571089,89,SavedShot,0.77,0.32799999237060545,0.023430349305272102,Amir Richardson,a,11752,OpenPlay,2023,LeftFoot,23609,Lyon,Reims,1,1,2024-03-30 20:00:00,Emmanuel Agbadou,Pass
2693,575385,29,MissedShots,0.805,0.295,0.021176815032958984,Amir Richardson,h,11752,OpenPlay,2023,LeftFoot,23636,Reims,Montpellier,1,2,2024-04-21 13:00:00,Junya Ito,Pass
2694,577186,85,MissedShots,0.7769999694824219,0.529000015258789,0.01586773991584778,Amir Richardson,a,11752,FromCorner,2023,LeftFoot,23647,Clermont Foot,Reims,4,1,2024-04-28 13:00:00,,Aerial
2695,586900,41,SavedShot,0.9,0.5940000152587891,0.10431811958551407,Amir Richardson,h,11752,OpenPlay,2024,LeftFoot,27376,Fiorentina,Venezia,0,0,2024-08-25 16:30:00,Antonin Barak,TakeOn
2696,599389,79,MissedShots,0.8619999694824219,0.6120000076293945,0.05011161044239998,Amir Richardson,h,11752,OpenPlay,2024,LeftFoot,27445,Fiorentina,Roma,5,1,2024-10-27 19:45:00,,Rebound
2697,599391,87,MissedShots,0.7369999694824219,0.5220000076293946,0.01907278411090374,Amir Richardson,h,11752,OpenPlay,2024,LeftFoot,27445,Fiorentina,Roma,5,1,2024-10-27 19:45:00,,None
2698,599654,38,SavedShot,0.7930000305175782,0.2620000076293945,0.018618522211909294,Amir Richardson,a,11752,OpenPlay,2024,LeftFoot,27456,Genoa,Fiorentina,0,1,2024-10-31 17:30:00,Lucas Beltrán,Pass
2699,590222,47,SavedShot,0.8980000305175782,0.3060000038146973,0.006980517879128456,Pietro Comuzzo,h,11902,SetPiece,2024,Head,27388,Fiorentina,Monza,2,2,2024-09-01 16:30:00,Cristiano Biraghi,Aerial
