,id,minute,result,X,Y,xG,player,h_a,player_id,situation,season,shotType,match_id,h_team,a_team,h_goals,a_goals,date,player_assisted,lastAction
0,481168,12,BlockedShot,0.9119999694824219,0.27700000762939453,0.04956769943237305,Valentín Castellanos,a,10948,OpenPlay,2022,RightFoot,18967,Valencia,Girona,1,0,2022-08-14 17:30:00,,Dispossessed
1,481188,93,MissedShots,0.8859999847412109,0.5590000152587891,0.01484960038214922,Valentín Castellanos,a,10948,FromCorner,2022,Head,18967,Valencia,Girona,1,0,2022-08-14 17:30:00,Aleix García,Aerial
2,483180,22,MissedShots,0.8969999694824219,0.41900001525878905,0.10592299699783325,Valentín Castellanos,h,10948,OpenPlay,2022,RightFoot,18981,Girona,Getafe,3,1,2022-08-22 20:00:00,,Rebound
3,483187,63,Goal,0.9080000305175782,0.3729999923706055,0.45589300990104675,Valentín Castellanos,h,10948,OpenPlay,2022,RightFoot,18981,Girona,Getafe,3,1,2022-08-22 20:00:00,Yangel Herrera,Throughball
4,483250,21,BlockedShot,0.7019999694824218,0.40400001525878904,0.012710499577224255,Valentín Castellanos,h,10948,OpenPlay,2022,RightFoot,18982,Girona,Celta Vigo,0,1,2022-08-26 18:00:00,,BallRecovery
5,483258,47,BlockedShot,0.8869999694824219,0.5370000076293945,0.053989700973033905,Valentín Castellanos,h,10948,FromCorner,2022,RightFoot,18982,Girona,Celta Vigo,0,1,2022-08-26 18:00:00,Cristhian Stuani,Cross
6,483261,54,BlockedShot,0.8590000152587891,0.46599998474121096,0.07306669652462006,Valentín Castellanos,h,10948,OpenPlay,2022,LeftFoot,18982,Girona,Celta Vigo,0,1,2022-08-26 18:00:00,,Rebound
7,485665,1,SavedShot,0.74,0.6270000076293946,0.016569599509239197,Valentín Castellanos,a,10948,OpenPlay,2022,RightFoot,19001,Mallorca,Girona,1,1,2022-09-03 12:00:00,David López,BallRecovery
8,487261,54,BlockedShot,0.9030000305175782,0.665,0.07789350301027298,Valentín Castellanos,h,10948,OpenPlay,2022,RightFoot,19008,Girona,Real Valladolid,2,1,2022-09-09 19:00:00,Arnau Martinez,Pass
9,487269,79,MissedShots,0.925,0.55,0.4278550148010254,Valentín Castellanos,h,10948,SetPiece,2022,Head,19008,Girona,Real Valladolid,2,1,2022-09-09 19:00:00,Juanpe,HeadPass
10,487270,81,MissedShots,0.9290000152587891,0.49,0.14530199766159058,Valentín Castellanos,h,10948,OpenPlay,2022,Head,19008,Girona,Real Valladolid,2,1,2022-09-09 19:00:00,Yan Couto,Cross
11,491021,33,BlockedShot,0.9230000305175782,0.3920000076293945,0.07844740152359009,Valentín Castellanos,h,10948,OpenPlay,2022,Head,19025,Girona,Real Sociedad,3,5,2022-10-02 16:30:00,Manu Vallejo,Cross
12,491026,47,Goal,0.8009999847412109,0.37900001525878907,0.03180519863963127,Valentín Castellanos,h,10948,OpenPlay,2022,RightFoot,19025,Girona,Real Sociedad,3,5,2022-10-02 16:30:00,Manu Vallejo,Pass
13,491038,88,BlockedShot,0.8880000305175781,0.46,0.10585799813270569,Valentín Castellanos,h,10948,OpenPlay,2022,RightFoot,19025,Girona,Real Sociedad,3,5,2022-10-02 16:30:00,Yan Couto,Pass
14,491661,56,MissedShots,0.8859999847412109,0.5159999847412109,0.047321900725364685,Valentín Castellanos,a,10948,OpenPlay,2022,Head,19032,Atletico Madrid,Girona,2,1,2022-10-08 14:15:00,Yangel Herrera,HeadPass
15,491665,69,SavedShot,0.8009999847412109,0.7030000305175781,0.02434529922902584,Valentín Castellanos,a,10948,OpenPlay,2022,RightFoot,19032,Atletico Madrid,Girona,2,1,2022-10-08 14:15:00,Rodrigo Riquelme,Pass
16,492876,7,MissedShots,0.919000015258789,0.40599998474121096,0.0867307037115097,Valentín Castellanos,h,10948,OpenPlay,2022,LeftFoot,19049,Girona,Cadiz,1,1,2022-10-15 12:00:00,Yangel Herrera,Cross
17,492878,16,SavedShot,0.85,0.3160000038146973,0.03491630032658577,Valentín Castellanos,h,10948,OpenPlay,2022,RightFoot,19049,Girona,Cadiz,1,1,2022-10-15 12:00:00,Arnau Martinez,Pass
18,492896,66,ShotOnPost,0.894000015258789,0.580999984741211,0.09589909762144089,Valentín Castellanos,h,10948,OpenPlay,2022,RightFoot,19049,Girona,Cadiz,1,1,2022-10-15 12:00:00,Cristhian Stuani,Pass
19,492900,81,MissedShots,0.924000015258789,0.415,0.021186500787734985,Valentín Castellanos,h,10948,FromCorner,2022,Head,19049,Girona,Cadiz,1,1,2022-10-15 12:00:00,Aleix García,Aerial
20,494554,64,MissedShots,0.9440000152587891,0.5629999923706055,0.07882700115442276,Valentín Castellanos,a,10948,OpenPlay,2022,RightFoot,19056,Almeria,Girona,3,2,2022-10-20 17:00:00,Cristhian Stuani,HeadPass
21,495866,38,BlockedShot,0.764000015258789,0.695,0.019141100347042084,Valentín Castellanos,h,10948,OpenPlay,2022,RightFoot,19064,Girona,Osasuna,1,1,2022-10-23 16:30:00,Toni Villa,Pass
22,497283,2,MissedShots,0.904000015258789,0.5179999923706055,0.451541006565094,Valentín Castellanos,a,10948,OpenPlay,2022,RightFoot,19081,Real Madrid,Girona,1,1,2022-10-30 15:15:00,,None
23,497298,59,SavedShot,0.720999984741211,0.7469999694824219,0.012260300107300282,Valentín Castellanos,a,10948,OpenPlay,2022,RightFoot,19081,Real Madrid,Girona,1,1,2022-10-30 15:15:00,Rodrigo Riquelme,TakeOn
24,497713,46,SavedShot,0.9330000305175781,0.3039999961853027,0.05758899822831154,Valentín Castellanos,h,10948,OpenPlay,2022,RightFoot,19087,Girona,Athletic Club,2,1,2022-11-04 20:00:00,Miguel Gutiérrez,Pass
25,497714,47,SavedShot,0.7719999694824219,0.4909999847412109,0.04056650027632713,Valentín Castellanos,h,10948,OpenPlay,2022,RightFoot,19087,Girona,Athletic Club,2,1,2022-11-04 20:00:00,Valery Fernández,TakeOn
26,499098,53,SavedShot,0.845,0.720999984741211,0.03225129842758179,Valentín Castellanos,a,10948,OpenPlay,2022,RightFoot,19093,Elche,Girona,1,2,2022-11-08 18:00:00,Javi Hernández,Pass
27,499103,63,MissedShots,0.8159999847412109,0.485,0.06148210167884827,Valentín Castellanos,a,10948,OpenPlay,2022,RightFoot,19093,Elche,Girona,1,2,2022-11-08 18:00:00,Arnau Martinez,Pass
28,499104,65,Goal,0.9369999694824219,0.4329999923706055,0.5099350214004517,Valentín Castellanos,a,10948,OpenPlay,2022,RightFoot,19093,Elche,Girona,1,2,2022-11-08 18:00:00,Arnau Martinez,Pass
29,501337,24,MissedShots,0.5520000076293945,0.700999984741211,0.007319959811866283,Valentín Castellanos,h,10948,OpenPlay,2022,RightFoot,19106,Girona,Rayo Vallecano,2,2,2022-12-29 16:00:00,Oriol Romeu,BallRecovery
30,501338,33,Goal,0.885,0.5,0.7432780265808105,Valentín Castellanos,h,10948,Penalty,2022,RightFoot,19106,Girona,Rayo Vallecano,2,2,2022-12-29 16:00:00,,Standard
31,501340,40,BlockedShot,0.879000015258789,0.4829999923706055,0.0499379001557827,Valentín Castellanos,h,10948,OpenPlay,2022,Head,19106,Girona,Rayo Vallecano,2,2,2022-12-29 16:00:00,Yan Couto,Cross
32,501344,51,SavedShot,0.6619999694824219,0.4929999923706055,0.01723640039563179,Valentín Castellanos,h,10948,OpenPlay,2022,RightFoot,19106,Girona,Rayo Vallecano,2,2,2022-12-29 16:00:00,David López,Pass
33,501355,73,MissedShots,0.8769999694824219,0.4759999847412109,0.08891049772500992,Valentín Castellanos,h,10948,OpenPlay,2022,RightFoot,19106,Girona,Rayo Vallecano,2,2,2022-12-29 16:00:00,Arnau Martinez,Rebound
34,502791,6,SavedShot,0.955,0.5370000076293945,0.5045830011367798,Valentín Castellanos,a,10948,SetPiece,2022,Head,19115,Espanyol,Girona,2,2,2023-01-07 20:00:00,Aleix García,Aerial
35,502800,47,MissedShots,0.935,0.3340000152587891,0.023825399577617645,Valentín Castellanos,a,10948,SetPiece,2022,Head,19115,Espanyol,Girona,2,2,2023-01-07 20:00:00,Aleix García,Cross
36,504913,97,MissedShots,0.8540000152587891,0.610999984741211,0.06308220326900482,Valentín Castellanos,a,10948,OpenPlay,2022,LeftFoot,19141,Villarreal,Girona,1,0,2023-01-22 13:00:00,Yangel Herrera,Pass
37,505820,23,MissedShots,0.830999984741211,0.37099998474121093,0.0464387983083725,Valentín Castellanos,h,10948,OpenPlay,2022,RightFoot,19147,Girona,Barcelona,0,1,2023-01-28 15:15:00,Aleix García,Chipped
38,505826,64,BlockedShot,0.8119999694824219,0.615,0.031369101256132126,Valentín Castellanos,h,10948,FromCorner,2022,RightFoot,19147,Girona,Barcelona,0,1,2023-01-28 15:15:00,Oriol Romeu,BallTouch
39,507680,6,MissedShots,0.8580000305175781,0.3340000152587891,0.109825998544693,Valentín Castellanos,h,10948,OpenPlay,2022,RightFoot,19160,Girona,Valencia,1,0,2023-02-05 15:15:00,Oriol Romeu,Throughball
40,507684,17,ShotOnPost,0.9569999694824218,0.6079999923706054,0.17941899597644806,Valentín Castellanos,h,10948,FromCorner,2022,Head,19160,Girona,Valencia,1,0,2023-02-05 15:15:00,,Rebound
41,507692,44,MissedShots,0.945,0.49400001525878906,0.5524629950523376,Valentín Castellanos,h,10948,OpenPlay,2022,Head,19160,Girona,Valencia,1,0,2023-02-05 15:15:00,Miguel Gutiérrez,Cross
42,507693,48,MissedShots,0.91,0.46599998474121096,0.13140299916267395,Valentín Castellanos,h,10948,OpenPlay,2022,RightFoot,19160,Girona,Valencia,1,0,2023-02-05 15:15:00,Aleix García,Pass
43,507694,53,BlockedShot,0.9119999694824219,0.4420000076293945,0.08133669942617416,Valentín Castellanos,h,10948,FromCorner,2022,Head,19160,Girona,Valencia,1,0,2023-02-05 15:15:00,Aleix García,Cross
44,508150,53,BlockedShot,0.7580000305175781,0.6329999923706054,0.020258599892258644,Valentín Castellanos,a,10948,OpenPlay,2022,RightFoot,19163,Cadiz,Girona,2,0,2023-02-10 20:00:00,Rodrigo Riquelme,Pass
45,509387,7,Goal,0.9290000152587891,0.5770000076293945,0.24459399282932281,Valentín Castellanos,h,10948,OpenPlay,2022,Head,19181,Girona,Almeria,6,2,2023-02-17 17:00:00,Arnau Martinez,Cross
46,509390,16,BlockedShot,0.789000015258789,0.5529999923706055,0.0425616018474102,Valentín Castellanos,h,10948,OpenPlay,2022,RightFoot,19181,Girona,Almeria,6,2,2023-02-17 17:00:00,Aleix García,Pass
47,509399,46,SavedShot,0.935,0.53,0.55144202709198,Valentín Castellanos,h,10948,OpenPlay,2022,RightFoot,19181,Girona,Almeria,6,2,2023-02-17 17:00:00,Rodrigo Riquelme,Cross
48,511191,17,SavedShot,0.9290000152587891,0.5129999923706055,0.5897430181503296,Valentín Castellanos,a,10948,OpenPlay,2022,RightFoot,19184,Athletic Club,Girona,2,3,2023-02-26 13:00:00,,None
49,511194,18,MissedShots,0.919000015258789,0.4570000076293945,0.09737259894609451,Valentín Castellanos,a,10948,FromCorner,2022,Head,19184,Athletic Club,Girona,2,3,2023-02-26 13:00:00,Aleix García,Cross
50,511903,53,Goal,0.9309999847412109,0.5179999923706055,0.6182010173797607,Valentín Castellanos,a,10948,OpenPlay,2022,RightFoot,19195,Getafe,Girona,3,2,2023-03-04 13:00:00,Viktor Tsygankov,Pass
51,511908,82,MissedShots,0.9119999694824219,0.6969999694824218,0.04851419851183891,Valentín Castellanos,a,10948,OpenPlay,2022,RightFoot,19195,Getafe,Girona,3,2,2023-03-04 13:00:00,,None
52,514495,9,SavedShot,0.7719999694824219,0.669000015258789,0.02433059923350811,Valentín Castellanos,h,10948,OpenPlay,2022,RightFoot,19207,Girona,Atletico Madrid,0,1,2023-03-13 20:00:00,Rodrigo Riquelme,Pass
53,514498,24,MissedShots,0.92,0.505,0.137022003531456,Valentín Castellanos,h,10948,OpenPlay,2022,Head,19207,Girona,Atletico Madrid,0,1,2023-03-13 20:00:00,Arnau Martinez,Cross
54,515068,18,BlockedShot,0.720999984741211,0.4620000076293945,0.016406899318099022,Valentín Castellanos,a,10948,OpenPlay,2022,RightFoot,19221,Rayo Vallecano,Girona,2,2,2023-03-18 15:15:00,Santiago Bueno,Chipped
55,515070,28,SavedShot,0.9159999847412109,0.5309999847412109,0.34787100553512573,Valentín Castellanos,a,10948,OpenPlay,2022,Head,19221,Rayo Vallecano,Girona,2,2,2023-03-18 15:15:00,Rodrigo Riquelme,Cross
56,515082,59,SavedShot,0.9080000305175782,0.49599998474121093,0.0962299033999443,Valentín Castellanos,a,10948,OpenPlay,2022,RightFoot,19221,Rayo Vallecano,Girona,2,2,2023-03-18 15:15:00,Viktor Tsygankov,Cross
57,515083,60,MissedShots,0.8680000305175781,0.6370000076293946,0.03083219937980175,Valentín Castellanos,a,10948,OpenPlay,2022,RightFoot,19221,Rayo Vallecano,Girona,2,2,2023-03-18 15:15:00,Iván Martín,Cross
58,516078,30,SavedShot,0.8730000305175781,0.6409999847412109,0.05087580159306526,Valentín Castellanos,h,10948,FromCorner,2022,RightFoot,19228,Girona,Espanyol,2,1,2023-04-01 12:00:00,,None
59,516079,32,MissedShots,0.8380000305175781,0.505,0.10383599996566772,Valentín Castellanos,h,10948,OpenPlay,2022,RightFoot,19228,Girona,Espanyol,2,1,2023-04-01 12:00:00,Toni Villa,HeadPass
60,516083,46,BlockedShot,0.7919999694824219,0.6990000152587891,0.02422020025551319,Valentín Castellanos,h,10948,OpenPlay,2022,RightFoot,19228,Girona,Espanyol,2,1,2023-04-01 12:00:00,Javi Hernández,Pass
61,516092,86,BlockedShot,0.885,0.46799999237060547,0.08073920011520386,Valentín Castellanos,h,10948,SetPiece,2022,RightFoot,19228,Girona,Espanyol,2,1,2023-04-01 12:00:00,David López,BallTouch
62,518985,11,MissedShots,0.9059999847412109,0.3079999923706055,0.047022800892591476,Valentín Castellanos,a,10948,OpenPlay,2022,RightFoot,19232,Barcelona,Girona,0,0,2023-04-10 19:00:00,Oriol Romeu,Chipped
63,518997,54,MissedShots,0.855999984741211,0.5629999923706055,0.33728599548339844,Valentín Castellanos,a,10948,OpenPlay,2022,RightFoot,19232,Barcelona,Girona,0,0,2023-04-10 19:00:00,Arnau Martinez,Throughball
64,519926,44,Goal,0.914000015258789,0.46,0.11999200284481049,Valentín Castellanos,h,10948,OpenPlay,2022,Head,19248,Girona,Elche,2,0,2023-04-16 12:00:00,Toni Villa,Cross
65,519932,59,BlockedShot,0.935,0.275,0.05072199925780296,Valentín Castellanos,h,10948,OpenPlay,2022,RightFoot,19248,Girona,Elche,2,0,2023-04-16 12:00:00,Iván Martín,Pass
66,521874,11,Goal,0.9469999694824218,0.5070000076293946,0.5703188180923462,Valentín Castellanos,h,10948,OpenPlay,2022,Head,19268,Girona,Real Madrid,4,2,2023-04-25 17:30:00,Miguel Gutiérrez,Cross
67,521878,23,Goal,0.8780000305175781,0.4329999923706055,0.0908200591802597,Valentín Castellanos,h,10948,OpenPlay,2022,RightFoot,19268,Girona,Real Madrid,4,2,2023-04-25 17:30:00,Arnau Martinez,Chipped
68,521883,36,SavedShot,0.81,0.3129999923706055,0.03254122659564018,Valentín Castellanos,h,10948,OpenPlay,2022,RightFoot,19268,Girona,Real Madrid,4,2,2023-04-25 17:30:00,Yan Couto,Pass
69,521886,45,Goal,0.9309999847412109,0.53,0.4688494801521301,Valentín Castellanos,h,10948,OpenPlay,2022,RightFoot,19268,Girona,Real Madrid,4,2,2023-04-25 17:30:00,Yan Couto,Cross
70,521887,49,MissedShots,0.9309999847412109,0.48700000762939455,0.12520234286785126,Valentín Castellanos,h,10948,FromCorner,2022,Head,19268,Girona,Real Madrid,4,2,2023-04-25 17:30:00,Rodrigo Riquelme,Cross
71,521891,61,Goal,0.9469999694824218,0.5179999923706055,0.4222107529640198,Valentín Castellanos,h,10948,FromCorner,2022,Head,19268,Girona,Real Madrid,4,2,2023-04-25 17:30:00,,Rebound
72,523753,54,Goal,0.9209999847412109,0.62,0.11062425374984741,Valentín Castellanos,a,10948,OpenPlay,2022,LeftFoot,19281,Sevilla,Girona,0,2,2023-05-01 19:00:00,Viktor Tsygankov,Pass
73,523755,61,MissedShots,0.9290000152587891,0.48200000762939454,0.5006723403930664,Valentín Castellanos,a,10948,OpenPlay,2022,Head,19281,Sevilla,Girona,0,2,2023-05-01 19:00:00,Rodrigo Riquelme,Cross
74,524192,19,MissedShots,0.855,0.4909999847412109,0.02062462642788887,Valentín Castellanos,h,10948,FromCorner,2022,Head,19289,Girona,Mallorca,2,1,2023-05-04 17:30:00,Viktor Tsygankov,Cross
75,524195,31,SavedShot,0.8240000152587891,0.5770000076293945,0.05259088799357414,Valentín Castellanos,h,10948,OpenPlay,2022,RightFoot,19289,Girona,Mallorca,2,1,2023-05-04 17:30:00,Santiago Bueno,Pass
76,524201,41,MissedShots,0.9069999694824219,0.5540000152587891,0.18893788754940033,Valentín Castellanos,h,10948,FromCorner,2022,RightFoot,19289,Girona,Mallorca,2,1,2023-05-04 17:30:00,Viktor Tsygankov,Cross
77,524212,81,MissedShots,0.905,0.34599998474121096,0.0780976265668869,Valentín Castellanos,h,10948,OpenPlay,2022,RightFoot,19289,Girona,Mallorca,2,1,2023-05-04 17:30:00,Viktor Tsygankov,Pass
78,524213,83,Goal,0.965,0.5609999847412109,0.4848204255104065,Valentín Castellanos,h,10948,OpenPlay,2022,Head,19289,Girona,Mallorca,2,1,2023-05-04 17:30:00,Iván Martín,Aerial
79,524214,89,SavedShot,0.784000015258789,0.524000015258789,0.047103989869356155,Valentín Castellanos,h,10948,OpenPlay,2022,RightFoot,19289,Girona,Mallorca,2,1,2023-05-04 17:30:00,Javi Hernández,Pass
80,527207,19,MissedShots,0.9280000305175782,0.5279999923706055,0.1212746649980545,Valentín Castellanos,h,10948,OpenPlay,2022,Head,19304,Girona,Villarreal,1,2,2023-05-20 12:00:00,Yan Couto,Cross
81,527214,58,BlockedShot,0.9519999694824218,0.49700000762939456,0.1219591498374939,Valentín Castellanos,h,10948,OpenPlay,2022,RightFoot,19304,Girona,Villarreal,1,2,2023-05-20 12:00:00,Yan Couto,Cross
82,530219,69,MissedShots,0.9790000152587891,0.42400001525878905,0.3588446378707886,Valentín Castellanos,h,10948,OpenPlay,2022,Head,19329,Girona,Real Betis,1,2,2023-05-28 17:00:00,Miguel Gutiérrez,Cross
83,530222,79,SavedShot,0.9169999694824219,0.49400001525878906,0.32595720887184143,Valentín Castellanos,h,10948,FromCorner,2022,Head,19329,Girona,Real Betis,1,2,2023-05-28 17:00:00,Aleix García,Cross
84,530224,89,MissedShots,0.88,0.624000015258789,0.03912382945418358,Valentín Castellanos,h,10948,FromCorner,2022,RightFoot,19329,Girona,Real Betis,1,2,2023-05-28 17:00:00,Viktor Tsygankov,Cross
85,531102,61,SavedShot,0.9290000152587891,0.4520000076293945,0.32440412044525146,Valentín Castellanos,a,10948,OpenPlay,2022,Head,19338,Osasuna,Girona,2,1,2023-06-04 18:00:00,Iván Martín,Chipped
86,535580,84,MissedShots,0.879000015258789,0.5629999923706055,0.012526173144578934,Valentín Castellanos,h,10948,SetPiece,2023,Head,22321,Lazio,Genoa,0,1,2023-08-27 18:45:00,Mattia Zaccagni,Aerial
87,535583,98,MissedShots,0.975999984741211,0.4570000076293945,0.10820119827985764,Valentín Castellanos,h,10948,FromCorner,2023,Head,22321,Lazio,Genoa,0,1,2023-08-27 18:45:00,,None
88,537426,91,MissedShots,0.879000015258789,0.48700000762939455,0.05931468307971954,Valentín Castellanos,a,10948,OpenPlay,2023,RightFoot,22335,Juventus,Lazio,3,1,2023-09-16 13:00:00,Adam Marusic,Cross
89,540422,87,MissedShots,0.9180000305175782,0.48200000762939454,0.1434379518032074,Valentín Castellanos,h,10948,OpenPlay,2023,RightFoot,22360,Lazio,Torino,2,0,2023-09-27 18:45:00,Gustav Isaksen,Chipped
90,541401,19,BlockedShot,0.874000015258789,0.295,0.04055532440543175,Valentín Castellanos,a,10948,OpenPlay,2023,RightFoot,22373,AC Milan,Lazio,2,0,2023-09-30 16:00:00,Adam Marusic,Pass
91,541404,34,SavedShot,0.7880000305175782,0.595999984741211,0.03374600037932396,Valentín Castellanos,a,10948,OpenPlay,2023,RightFoot,22373,AC Milan,Lazio,2,0,2023-09-30 16:00:00,Felipe Anderson,Pass
92,541408,45,SavedShot,0.81,0.42900001525878906,0.05205480381846428,Valentín Castellanos,a,10948,OpenPlay,2023,RightFoot,22373,AC Milan,Lazio,2,0,2023-09-30 16:00:00,Felipe Anderson,Pass
93,543158,10,Goal,0.9390000152587891,0.5479999923706055,0.4333140254020691,Valentín Castellanos,h,10948,OpenPlay,2023,RightFoot,22382,Lazio,Atalanta,3,2,2023-10-08 13:00:00,Felipe Anderson,Cross
94,544291,11,MissedShots,0.8640000152587891,0.56,0.011742118746042252,Valentín Castellanos,a,10948,FromCorner,2023,Head,22392,Sassuolo,Lazio,0,2,2023-10-21 18:45:00,Adam Marusic,Aerial
95,544301,58,BlockedShot,0.9290000152587891,0.5670000076293945,0.08040225505828857,Valentín Castellanos,a,10948,FromCorner,2023,Head,22392,Sassuolo,Lazio,0,2,2023-10-21 18:45:00,Luis Alberto,Cross
96,544307,75,BlockedShot,0.945,0.3609999847412109,0.09128309786319733,Valentín Castellanos,a,10948,OpenPlay,2023,RightFoot,22392,Sassuolo,Lazio,0,2,2023-10-21 18:45:00,,Card
97,546439,57,MissedShots,0.8530000305175781,0.5209999847412109,0.1013103798031807,Valentín Castellanos,h,10948,OpenPlay,2023,RightFoot,22402,Lazio,Fiorentina,1,0,2023-10-30 19:45:00,Luis Alberto,Pass
98,546499,15,SavedShot,0.875999984741211,0.5059999847412109,0.02950773946940899,Valentín Castellanos,a,10948,FromCorner,2023,Head,22406,Bologna,Lazio,1,0,2023-11-03 19:45:00,Luis Alberto,Cross
99,546501,17,MissedShots,0.9519999694824218,0.5520000076293945,0.14264178276062012,Valentín Castellanos,a,10948,FromCorner,2023,RightFoot,22406,Bologna,Lazio,1,0,2023-11-03 19:45:00,,Rebound
100,546500,17,BlockedShot,0.9690000152587891,0.5790000152587891,0.0483974926173687,Valentín Castellanos,a,10948,FromCorner,2023,Head,22406,Bologna,Lazio,1,0,2023-11-03 19:45:00,,Aerial
101,546502,34,MissedShots,0.8169999694824219,0.6029999923706054,0.052870478481054306,Valentín Castellanos,a,10948,OpenPlay,2023,RightFoot,22406,Bologna,Lazio,1,0,2023-11-03 19:45:00,Pedro,Pass
102,546508,49,MissedShots,0.855,0.600999984741211,0.05477982386946678,Valentín Castellanos,a,10948,OpenPlay,2023,RightFoot,22406,Bologna,Lazio,1,0,2023-11-03 19:45:00,,None
103,549512,70,BlockedShot,0.9130000305175782,0.33099998474121095,0.06192489340901375,Valentín Castellanos,a,10948,SetPiece,2023,RightFoot,22431,Salernitana,Lazio,2,1,2023-11-25 14:00:00,Danilo Cataldi,Chipped
104,549516,85,MissedShots,0.7669999694824219,0.6,0.0703749880194664,Valentín Castellanos,a,10948,DirectFreekick,2023,RightFoot,22431,Salernitana,Lazio,2,1,2023-11-25 14:00:00,,Standard
105,551253,70,SavedShot,0.97,0.5159999847412109,0.686316728591919,Valentín Castellanos,h,10948,OpenPlay,2023,RightFoot,22438,Lazio,Cagliari,1,0,2023-12-02 17:00:00,,None
106,551254,73,BlockedShot,0.8809999847412109,0.3609999847412109,0.1518206000328064,Valentín Castellanos,h,10948,OpenPlay,2023,RightFoot,22438,Lazio,Cagliari,1,0,2023-12-02 17:00:00,Gustav Isaksen,Throughball
107,551257,93,MissedShots,0.8580000305175781,0.5720000076293945,0.12564608454704285,Valentín Castellanos,h,10948,OpenPlay,2023,RightFoot,22438,Lazio,Cagliari,1,0,2023-12-02 17:00:00,Daichi Kamada,Pass
108,552717,72,SavedShot,0.8540000152587891,0.33,0.047695327550172806,Valentín Castellanos,a,10948,OpenPlay,2023,RightFoot,22449,Verona,Lazio,1,1,2023-12-09 14:00:00,Felipe Anderson,Pass
109,555983,82,SavedShot,0.9009999847412109,0.4520000076293945,0.4833415150642395,Valentín Castellanos,a,10948,OpenPlay,2023,RightFoot,22465,Empoli,Lazio,0,2,2023-12-22 17:30:00,Pedro,Pass
110,555988,93,MissedShots,0.894000015258789,0.4879999923706055,0.023466011509299278,Valentín Castellanos,a,10948,FromCorner,2023,Head,22465,Empoli,Lazio,0,2,2023-12-22 17:30:00,Pedro,Aerial
111,556798,2,MissedShots,0.9169999694824219,0.495,0.059153567999601364,Valentín Castellanos,h,10948,OpenPlay,2023,Head,22483,Lazio,Frosinone,3,1,2023-12-29 19:45:00,Matteo Guendouzi,Aerial
112,556803,28,BlockedShot,0.9169999694824219,0.46799999237060547,0.10945285111665726,Valentín Castellanos,h,10948,OpenPlay,2023,RightFoot,22483,Lazio,Frosinone,3,1,2023-12-29 19:45:00,Mattia Zaccagni,Cross
113,556815,69,Goal,0.9269999694824219,0.549000015258789,0.09297852218151093,Valentín Castellanos,h,10948,OpenPlay,2023,Head,22483,Lazio,Frosinone,3,1,2023-12-29 19:45:00,Gustav Isaksen,Cross
114,556817,83,BlockedShot,0.9490000152587891,0.5229999923706055,0.07604620605707169,Valentín Castellanos,h,10948,FromCorner,2023,Head,22483,Lazio,Frosinone,3,1,2023-12-29 19:45:00,Mattia Zaccagni,Aerial
115,556821,94,SavedShot,0.9430000305175781,0.5770000076293945,0.43182986974716187,Valentín Castellanos,h,10948,OpenPlay,2023,LeftFoot,22483,Lazio,Frosinone,3,1,2023-12-29 19:45:00,Matteo Guendouzi,Cross
116,560383,74,BlockedShot,0.92,0.4640000152587891,0.14258863031864166,Valentín Castellanos,h,10948,OpenPlay,2023,RightFoot,22520,Lazio,Napoli,0,0,2024-01-28 17:00:00,Gustav Isaksen,Pass
117,564230,70,SavedShot,0.8780000305175781,0.47099998474121096,0.027052562683820724,Valentín Castellanos,h,10948,OpenPlay,2023,Head,22549,Lazio,Bologna,1,2,2024-02-18 11:30:00,Mario Gila,Aerial
118,564901,59,SavedShot,0.8109999847412109,0.4979999923706055,0.07853010296821594,Valentín Castellanos,a,10948,OpenPlay,2023,RightFoot,22512,Torino,Lazio,0,2,2024-02-22 19:45:00,Gustav Isaksen,Pass
119,566204,10,SavedShot,0.7340000152587891,0.6619999694824219,0.012220579199492931,Valentín Castellanos,h,10948,OpenPlay,2023,RightFoot,22568,Lazio,AC Milan,0,1,2024-03-01 19:45:00,,None
120,569665,56,Goal,0.9330000305175781,0.4279999923706055,0.11318663507699966,Valentín Castellanos,a,10948,SetPiece,2023,Head,22586,Frosinone,Lazio,2,3,2024-03-16 19:45:00,Luis Alberto,Cross
121,569668,60,SavedShot,0.9059999847412109,0.43099998474121093,0.11925169825553894,Valentín Castellanos,a,10948,OpenPlay,2023,RightFoot,22586,Frosinone,Lazio,2,3,2024-03-16 19:45:00,Matías Vecino,Chipped
122,569673,61,Goal,0.9740000152587891,0.5359999847412109,0.7497051954269409,Valentín Castellanos,a,10948,FromCorner,2023,RightFoot,22586,Frosinone,Lazio,2,3,2024-03-16 19:45:00,,Rebound
123,569682,95,BlockedShot,0.884000015258789,0.44799999237060545,0.12856033444404602,Valentín Castellanos,a,10948,OpenPlay,2023,RightFoot,22586,Frosinone,Lazio,2,3,2024-03-16 19:45:00,Gustav Isaksen,Cross
124,569683,98,MissedShots,0.889000015258789,0.5409999847412109,0.13157543540000916,Valentín Castellanos,a,10948,OpenPlay,2023,RightFoot,22586,Frosinone,Lazio,2,3,2024-03-16 19:45:00,Daichi Kamada,Pass
125,570905,16,MissedShots,0.835999984741211,0.4570000076293945,0.09305993467569351,Valentín Castellanos,h,10948,OpenPlay,2023,RightFoot,22603,Lazio,Juventus,1,0,2024-03-30 17:00:00,Felipe Anderson,TakeOn
126,570907,19,MissedShots,0.8809999847412109,0.38299999237060545,0.09579590708017349,Valentín Castellanos,h,10948,OpenPlay,2023,RightFoot,22603,Lazio,Juventus,1,0,2024-03-30 17:00:00,Felipe Anderson,Pass
127,570910,26,BlockedShot,0.9059999847412109,0.634000015258789,0.08655261248350143,Valentín Castellanos,h,10948,OpenPlay,2023,LeftFoot,22603,Lazio,Juventus,1,0,2024-03-30 17:00:00,Mattia Zaccagni,Pass
128,572538,56,SavedShot,0.6990000152587891,0.585,0.008721625432372093,Valentín Castellanos,a,10948,OpenPlay,2023,RightFoot,22608,Roma,Lazio,1,0,2024-04-06 16:00:00,Nicolò Casale,TakeOn
129,572543,82,MissedShots,0.7980000305175782,0.6359999847412109,0.030334707349538803,Valentín Castellanos,a,10948,OpenPlay,2023,RightFoot,22608,Roma,Lazio,1,0,2024-04-06 16:00:00,Patric,Chipped
130,573304,5,BlockedShot,0.92,0.549000015258789,0.08291671425104141,Valentín Castellanos,h,10948,FromCorner,2023,Head,22615,Lazio,Salernitana,4,1,2024-04-12 18:45:00,Luis Alberto,Cross
131,573306,9,SavedShot,0.9259999847412109,0.6769999694824219,0.26386335492134094,Valentín Castellanos,h,10948,OpenPlay,2023,RightFoot,22615,Lazio,Salernitana,4,1,2024-04-12 18:45:00,Luis Alberto,Pass
132,573308,13,MissedShots,0.905,0.5890000152587891,0.02282828837633133,Valentín Castellanos,h,10948,FromCorner,2023,Head,22615,Lazio,Salernitana,4,1,2024-04-12 18:45:00,Luis Alberto,Foul
133,574679,45,BlockedShot,0.9080000305175782,0.6419999694824219,0.01591476984322071,Valentín Castellanos,a,10948,OpenPlay,2023,Head,22627,Genoa,Lazio,0,1,2024-04-19 16:30:00,Elseid Hysaj,Aerial
134,574684,54,BlockedShot,0.8190000152587891,0.6320000076293946,0.042689595371484756,Valentín Castellanos,a,10948,OpenPlay,2023,RightFoot,22627,Genoa,Lazio,0,1,2024-04-19 16:30:00,Felipe Anderson,Pass
135,577053,68,MissedShots,0.9869999694824219,0.6079999923706054,0.015390799380838871,Valentín Castellanos,h,10948,OpenPlay,2023,Head,22635,Lazio,Verona,1,0,2024-04-27 18:45:00,,Rebound
136,577052,68,SavedShot,0.86,0.5879999923706055,0.08451902866363525,Valentín Castellanos,h,10948,OpenPlay,2023,LeftFoot,22635,Lazio,Verona,1,0,2024-04-27 18:45:00,Matteo Guendouzi,Pass
137,582303,13,SavedShot,0.8830000305175781,0.37,0.3243400752544403,Valentín Castellanos,a,10948,OpenPlay,2023,RightFoot,22667,Inter,Lazio,1,1,2024-05-19 16:00:00,Daichi Kamada,Throughball
138,582305,24,MissedShots,0.8930000305175781,0.5579999923706055,0.03057829849421978,Valentín Castellanos,a,10948,OpenPlay,2023,Head,22667,Inter,Lazio,1,1,2024-05-19 16:00:00,Patric,Aerial
139,582324,90,BlockedShot,0.855,0.38799999237060545,0.07562926411628723,Valentín Castellanos,a,10948,OpenPlay,2023,LeftFoot,22667,Inter,Lazio,1,1,2024-05-19 16:00:00,Matteo Guendouzi,Pass
140,585450,10,Goal,0.9109999847412109,0.5890000152587891,0.2896004915237427,Valentín Castellanos,h,10948,OpenPlay,2024,RightFoot,27369,Lazio,Venezia,3,1,2024-08-18 18:45:00,,BallRecovery
141,585452,14,SavedShot,0.9069999694824219,0.595999984741211,0.024103494361042976,Valentín Castellanos,h,10948,OpenPlay,2024,Head,27369,Lazio,Venezia,3,1,2024-08-18 18:45:00,Adam Marusic,Aerial
142,585456,37,MissedShots,0.919000015258789,0.5309999847412109,0.31533846259117126,Valentín Castellanos,h,10948,OpenPlay,2024,Head,27369,Lazio,Venezia,3,1,2024-08-18 18:45:00,Tijjani Noslin,Cross
143,585462,54,SavedShot,0.8140000152587891,0.674000015258789,0.0366365909576416,Valentín Castellanos,h,10948,OpenPlay,2024,RightFoot,27369,Lazio,Venezia,3,1,2024-08-18 18:45:00,Fisayo Dele-Bashiru,Pass
144,585470,84,ShotOnPost,0.84,0.5329999923706055,0.3034467101097107,Valentín Castellanos,h,10948,OpenPlay,2024,RightFoot,27369,Lazio,Venezia,3,1,2024-08-18 18:45:00,Loum Tchaouna,Pass
145,591285,18,MissedShots,0.774000015258789,0.735999984741211,0.017166417092084885,Valentín Castellanos,a,10948,OpenPlay,2024,RightFoot,27373,Udinese,Lazio,2,1,2024-08-24 16:30:00,Adam Marusic,Pass
146,591289,33,MissedShots,0.8590000152587891,0.3629999923706055,0.04877914488315582,Valentín Castellanos,a,10948,OpenPlay,2024,RightFoot,27373,Udinese,Lazio,2,1,2024-08-24 16:30:00,Ivan Provedel,Chipped
147,591290,37,MissedShots,0.735,0.29700000762939455,0.01165422610938549,Valentín Castellanos,a,10948,OpenPlay,2024,RightFoot,27373,Udinese,Lazio,2,1,2024-08-24 16:30:00,,None
148,591296,53,MissedShots,0.914000015258789,0.49900001525878906,0.09031713008880615,Valentín Castellanos,a,10948,FromCorner,2024,Head,27373,Udinese,Lazio,2,1,2024-08-24 16:30:00,Mattia Zaccagni,Cross
149,591301,68,MissedShots,0.909000015258789,0.5359999847412109,0.4937254786491394,Valentín Castellanos,a,10948,OpenPlay,2024,Head,27373,Udinese,Lazio,2,1,2024-08-24 16:30:00,Manuel Lazzari,Aerial
150,591306,93,SavedShot,0.8490000152587891,0.6279999923706054,0.042454544454813004,Valentín Castellanos,a,10948,OpenPlay,2024,RightFoot,27373,Udinese,Lazio,2,1,2024-08-24 16:30:00,,None
151,589627,9,BlockedShot,0.915,0.4420000076293945,0.03383953124284744,Valentín Castellanos,h,10948,OpenPlay,2024,Head,27387,Lazio,AC Milan,2,2,2024-08-31 18:45:00,Manuel Lazzari,Aerial
152,589634,61,Goal,0.9230000305175782,0.47900001525878905,0.4794272780418396,Valentín Castellanos,h,10948,OpenPlay,2024,RightFoot,27387,Lazio,AC Milan,2,2,2024-08-31 18:45:00,Nuno Tavares,Pass
153,589635,63,BlockedShot,0.9019999694824219,0.610999984741211,0.061389822512865067,Valentín Castellanos,h,10948,OpenPlay,2024,RightFoot,27387,Lazio,AC Milan,2,2,2024-08-31 18:45:00,Mattia Zaccagni,HeadPass
154,591804,1,BlockedShot,0.799000015258789,0.32299999237060545,0.024853838607668877,Valentín Castellanos,h,10948,OpenPlay,2024,RightFoot,27396,Lazio,Verona,2,1,2024-09-16 18:45:00,Nicolo Rovella,None
155,591809,19,Goal,0.95,0.5020000076293946,0.48900774121284485,Valentín Castellanos,h,10948,FromCorner,2024,RightFoot,27396,Lazio,Verona,2,1,2024-09-16 18:45:00,Mattia Zaccagni,Cross
156,594503,31,MissedShots,0.919000015258789,0.5729999923706055,0.055250730365514755,Valentín Castellanos,a,10948,OpenPlay,2024,Head,27421,Torino,Lazio,2,3,2024-09-29 10:30:00,Manuel Lazzari,Aerial
157,594512,48,BlockedShot,0.9180000305175782,0.57,0.020775150507688522,Valentín Castellanos,a,10948,FromCorner,2024,Head,27421,Torino,Lazio,2,3,2024-09-29 10:30:00,Gustav Isaksen,Aerial
158,594511,48,SavedShot,0.8969999694824219,0.32,0.04548338055610657,Valentín Castellanos,a,10948,SetPiece,2024,RightFoot,27421,Torino,Lazio,2,3,2024-09-29 10:30:00,Mario Gila,Pass
159,594517,64,SavedShot,0.8880000305175781,0.6480000305175782,0.26824668049812317,Valentín Castellanos,a,10948,OpenPlay,2024,RightFoot,27421,Torino,Lazio,2,3,2024-09-29 10:30:00,Matteo Guendouzi,Pass
160,596123,19,MissedShots,0.925,0.634000015258789,0.013789448887109756,Valentín Castellanos,h,10948,OpenPlay,2024,Head,27423,Lazio,Empoli,2,1,2024-10-06 13:00:00,Manuel Lazzari,Aerial
161,596125,22,SavedShot,0.7130000305175781,0.5459999847412109,0.016580021008849144,Valentín Castellanos,h,10948,OpenPlay,2024,RightFoot,27423,Lazio,Empoli,2,1,2024-10-06 13:00:00,Alessio Romagnoli,Pass
162,596132,50,MissedShots,0.9209999847412109,0.5029999923706054,0.3823201656341553,Valentín Castellanos,h,10948,SetPiece,2024,Head,27423,Lazio,Empoli,2,1,2024-10-06 13:00:00,,Rebound
163,596131,50,SavedShot,0.885,0.5,0.7612988352775574,Valentín Castellanos,h,10948,Penalty,2024,RightFoot,27423,Lazio,Empoli,2,1,2024-10-06 13:00:00,,Standard
164,596139,90,SavedShot,0.9290000152587891,0.4570000076293945,0.5659591555595398,Valentín Castellanos,h,10948,OpenPlay,2024,RightFoot,27423,Lazio,Empoli,2,1,2024-10-06 13:00:00,Matteo Guendouzi,Pass
165,599203,17,BlockedShot,0.7390000152587891,0.40599998474121096,0.02223384380340576,Valentín Castellanos,h,10948,OpenPlay,2024,RightFoot,27447,Lazio,Genoa,3,0,2024-10-27 14:00:00,Mario Gila,Pass
166,599205,37,MissedShots,0.92,0.62,0.026928821578621864,Valentín Castellanos,h,10948,OpenPlay,2024,Head,27447,Lazio,Genoa,3,0,2024-10-27 14:00:00,Gustav Isaksen,Aerial
167,599210,52,MissedShots,0.9390000152587891,0.654000015258789,0.062075480818748474,Valentín Castellanos,h,10948,OpenPlay,2024,LeftFoot,27447,Lazio,Genoa,3,0,2024-10-27 14:00:00,Nuno Tavares,Cross
168,599211,59,SavedShot,0.9819999694824219,0.6559999847412109,0.07173381745815277,Valentín Castellanos,h,10948,OpenPlay,2024,RightFoot,27447,Lazio,Genoa,3,0,2024-10-27 14:00:00,Tijjani Noslin,TakeOn
169,599686,7,SavedShot,0.7530000305175781,0.5020000076293946,0.025939034298062325,Valentín Castellanos,a,10948,OpenPlay,2024,RightFoot,27454,Como,Lazio,1,5,2024-10-31 19:45:00,Matías Vecino,Pass
170,599688,23,BlockedShot,0.8219999694824218,0.5070000076293946,0.07514161616563797,Valentín Castellanos,a,10948,OpenPlay,2024,RightFoot,27454,Como,Lazio,1,5,2024-10-31 19:45:00,,TakeOn
171,599689,27,Goal,0.885,0.5,0.7612988352775574,Valentín Castellanos,a,10948,Penalty,2024,RightFoot,27454,Como,Lazio,1,5,2024-10-31 19:45:00,,Standard
172,599690,29,MissedShots,0.96,0.685,0.12940926849842072,Valentín Castellanos,a,10948,OpenPlay,2024,LeftFoot,27454,Como,Lazio,1,5,2024-10-31 19:45:00,Nuno Tavares,Throughball
173,599702,70,SavedShot,0.745,0.49,0.061576470732688904,Valentín Castellanos,a,10948,DirectFreekick,2024,RightFoot,27454,Como,Lazio,1,5,2024-10-31 19:45:00,,Standard
174,599708,80,Goal,0.8619999694824219,0.5529999923706055,0.45697230100631714,Valentín Castellanos,a,10948,OpenPlay,2024,RightFoot,27454,Como,Lazio,1,5,2024-10-31 19:45:00,Boulaye Dia,Throughball
175,601042,18,ShotOnPost,0.6969999694824218,0.519000015258789,0.018345216289162636,Valentín Castellanos,h,10948,OpenPlay,2024,RightFoot,27471,Lazio,Cagliari,2,1,2024-11-04 19:45:00,Boulaye Dia,Pass
176,601044,28,MissedShots,0.904000015258789,0.46,0.11986750364303589,Valentín Castellanos,h,10948,OpenPlay,2024,RightFoot,27471,Lazio,Cagliari,2,1,2024-11-04 19:45:00,Luca Pellegrini,Cross
177,601048,44,BlockedShot,0.97,0.27799999237060546,0.1046849936246872,Valentín Castellanos,h,10948,OpenPlay,2024,RightFoot,27471,Lazio,Cagliari,2,1,2024-11-04 19:45:00,Nicolo Rovella,Throughball
178,601050,53,BlockedShot,0.769000015258789,0.59,0.026056841015815735,Valentín Castellanos,h,10948,OpenPlay,2024,RightFoot,27471,Lazio,Cagliari,2,1,2024-11-04 19:45:00,Gustav Isaksen,Pass
179,601051,58,MissedShots,0.9490000152587891,0.585999984741211,0.0527849942445755,Valentín Castellanos,h,10948,OpenPlay,2024,Head,27471,Lazio,Cagliari,2,1,2024-11-04 19:45:00,Manuel Lazzari,Aerial
180,601055,64,MissedShots,0.92,0.6880000305175781,0.02019447088241577,Valentín Castellanos,h,10948,SetPiece,2024,RightFoot,27471,Lazio,Cagliari,2,1,2024-11-04 19:45:00,Alessio Romagnoli,Aerial
181,601059,88,MissedShots,0.919000015258789,0.7230000305175781,0.05497627705335617,Valentín Castellanos,h,10948,OpenPlay,2024,RightFoot,27471,Lazio,Cagliari,2,1,2024-11-04 19:45:00,Mattia Zaccagni,Pass
182,601061,91,SavedShot,0.845,0.3870000076293945,0.12529981136322021,Valentín Castellanos,h,10948,OpenPlay,2024,RightFoot,27471,Lazio,Cagliari,2,1,2024-11-04 19:45:00,Matías Vecino,BallRecovery
183,602306,70,MissedShots,0.8130000305175781,0.365,0.051715411245822906,Valentín Castellanos,a,10948,OpenPlay,2024,RightFoot,27475,Monza,Lazio,0,1,2024-11-10 17:00:00,Gustav Isaksen,Pass
184,602310,81,MissedShots,0.85,0.5540000152587891,0.13021008670330048,Valentín Castellanos,a,10948,OpenPlay,2024,RightFoot,27475,Monza,Lazio,0,1,2024-11-10 17:00:00,Matías Vecino,Pass
185,602311,84,SavedShot,0.9080000305175782,0.44599998474121094,0.4491404592990875,Valentín Castellanos,a,10948,OpenPlay,2024,RightFoot,27475,Monza,Lazio,0,1,2024-11-10 17:00:00,Matteo Guendouzi,Throughball
186,603652,11,MissedShots,0.585999984741211,0.6880000305175781,0.010334380902349949,Valentín Castellanos,h,10948,OpenPlay,2024,RightFoot,27486,Lazio,Bologna,3,0,2024-11-24 19:45:00,,None
187,603654,20,SavedShot,0.9269999694824219,0.4620000076293945,0.14171628654003143,Valentín Castellanos,h,10948,OpenPlay,2024,RightFoot,27486,Lazio,Bologna,3,0,2024-11-24 19:45:00,Manuel Lazzari,Pass
188,603658,49,BlockedShot,0.874000015258789,0.3729999923706055,0.06360016763210297,Valentín Castellanos,h,10948,OpenPlay,2024,LeftFoot,27486,Lazio,Bologna,3,0,2024-11-24 19:45:00,,None
189,603659,55,MissedShots,0.9369999694824219,0.4620000076293945,0.47866421937942505,Valentín Castellanos,h,10948,OpenPlay,2024,Head,27486,Lazio,Bologna,3,0,2024-11-24 19:45:00,Matías Vecino,Aerial
190,604746,26,BlockedShot,0.91,0.605999984741211,0.023451242595911026,Valentín Castellanos,a,10948,OpenPlay,2024,Head,27499,Parma Calcio 1913,Lazio,3,1,2024-12-01 14:00:00,Gustav Isaksen,Aerial
191,604756,51,MissedShots,0.9490000152587891,0.49900001525878906,0.06211656704545021,Valentín Castellanos,a,10948,FromCorner,2024,Head,27499,Parma Calcio 1913,Lazio,3,1,2024-12-01 14:00:00,Gustav Isaksen,Foul
192,604762,60,BlockedShot,0.9180000305175782,0.524000015258789,0.08226699382066727,Valentín Castellanos,a,10948,OpenPlay,2024,RightFoot,27499,Parma Calcio 1913,Lazio,3,1,2024-12-01 14:00:00,,None
193,604769,79,Goal,0.9730000305175781,0.5320000076293945,0.6168586015701294,Valentín Castellanos,a,10948,OpenPlay,2024,RightFoot,27499,Parma Calcio 1913,Lazio,3,1,2024-12-01 14:00:00,,BallTouch
194,606626,21,MissedShots,0.899000015258789,0.4229999923706055,0.05325475335121155,Valentín Castellanos,a,10948,OpenPlay,2024,Head,27509,Napoli,Lazio,0,1,2024-12-08 19:45:00,Nuno Tavares,Cross
195,608544,41,SavedShot,0.7859999847412109,0.365,0.028910614550113678,Valentín Castellanos,a,10948,OpenPlay,2024,RightFoot,27530,Lecce,Lazio,1,2,2024-12-21 19:45:00,Mario Gila,Pass
196,608546,44,BlockedShot,0.955,0.4209999847412109,0.448499470949173,Valentín Castellanos,a,10948,OpenPlay,2024,RightFoot,27530,Lecce,Lazio,1,2,2024-12-21 19:45:00,,Rebound
197,608545,44,SavedShot,0.9490000152587891,0.325,0.2994043231010437,Valentín Castellanos,a,10948,OpenPlay,2024,RightFoot,27530,Lecce,Lazio,1,2,2024-12-21 19:45:00,,None
198,608547,47,Goal,0.885,0.5,0.7612988352775574,Valentín Castellanos,a,10948,Penalty,2024,RightFoot,27530,Lecce,Lazio,1,2,2024-12-21 19:45:00,,Standard
199,608553,85,BlockedShot,0.8980000305175782,0.48700000762939455,0.07872851938009262,Valentín Castellanos,a,10948,OpenPlay,2024,Head,27530,Lecce,Lazio,1,2,2024-12-21 19:45:00,Pedro,Cross
200,609352,5,MissedShots,0.73,0.615,0.020605923607945442,Valentín Castellanos,h,10948,OpenPlay,2024,RightFoot,27535,Lazio,Atalanta,1,1,2024-12-28 19:45:00,Matteo Guendouzi,Pass
201,609354,9,SavedShot,0.805,0.40900001525878904,0.04106513410806656,Valentín Castellanos,h,10948,OpenPlay,2024,RightFoot,27535,Lazio,Atalanta,1,1,2024-12-28 19:45:00,Loum Tchaouna,Pass
202,609355,10,SavedShot,0.870999984741211,0.35200000762939454,0.05012296140193939,Valentín Castellanos,h,10948,OpenPlay,2024,RightFoot,27535,Lazio,Atalanta,1,1,2024-12-28 19:45:00,,Rebound
203,609373,78,BlockedShot,0.7240000152587891,0.5670000076293945,0.04667988047003746,Valentín Castellanos,h,10948,DirectFreekick,2024,RightFoot,27535,Lazio,Atalanta,1,1,2024-12-28 19:45:00,,Standard
204,609374,78,MissedShots,0.7340000152587891,0.6320000076293946,0.012260135263204575,Valentín Castellanos,h,10948,SetPiece,2024,RightFoot,27535,Lazio,Atalanta,1,1,2024-12-28 19:45:00,,Rebound
205,610360,46,SavedShot,0.904000015258789,0.3189999961853027,0.059064559638500214,Valentín Castellanos,a,10948,OpenPlay,2024,RightFoot,27549,Roma,Lazio,2,0,2025-01-05 19:45:00,Matteo Guendouzi,BallRecovery
206,610366,62,BlockedShot,0.855999984741211,0.5029999923706054,0.045426011085510254,Valentín Castellanos,a,10948,OpenPlay,2024,RightFoot,27549,Roma,Lazio,2,0,2025-01-05 19:45:00,Adam Marusic,Cross
207,610369,68,SavedShot,0.8669999694824219,0.265,0.0294050220400095,Valentín Castellanos,a,10948,OpenPlay,2024,RightFoot,27549,Roma,Lazio,2,0,2025-01-05 19:45:00,Loum Tchaouna,BallTouch
208,95662,83,MissedShots,0.7609999847412109,0.4279999923706055,0.027783500030636787,Mattia Zaccagni,a,1958,OpenPlay,2015,RightFoot,598,Inter,Verona,1,0,2015-09-23 22:45:00,Juanito Gómez,HeadPass
209,100393,83,MissedShots,0.7919999694824219,0.43099998474121093,0.04023120179772377,Mattia Zaccagni,h,1958,OpenPlay,2015,LeftFoot,698,Verona,Empoli,0,1,2015-12-06 18:00:00,Emil Hallfredsson,Pass
210,173981,42,MissedShots,0.9519999694824218,0.5279999923706055,0.13019999861717224,Mattia Zaccagni,h,1958,SetPiece,2017,Head,7552,Verona,Lazio,0,3,2017-09-24 14:00:00,,Rebound
211,174991,86,SavedShot,0.8119999694824219,0.33599998474121096,0.2725920081138611,Mattia Zaccagni,a,1958,OpenPlay,2017,RightFoot,7589,Atalanta,Verona,3,0,2017-10-25 17:30:00,,BallRecovery
212,175544,89,BlockedShot,0.855999984741211,0.6179999923706054,0.011429199948906898,Mattia Zaccagni,a,1958,OpenPlay,2017,Head,7611,Cagliari,Verona,2,1,2017-11-05 14:00:00,Daniele Verde,Cross
213,316702,20,ShotOnPost,0.9669999694824218,0.435,0.35615700483322144,Mattia Zaccagni,a,1958,FromCorner,2019,Head,13103,Lecce,Verona,0,1,2019-09-01 19:45:00,Amir Rrahmani,Rebound
214,318272,7,SavedShot,0.8880000305175781,0.4779999923706055,0.091798797249794,Mattia Zaccagni,h,1958,OpenPlay,2019,RightFoot,13112,Verona,AC Milan,0,1,2019-09-15 18:45:00,,None
215,320548,62,SavedShot,0.7619999694824219,0.7709999847412109,0.01537069957703352,Mattia Zaccagni,a,1958,OpenPlay,2019,RightFoot,13122,Juventus,Verona,2,1,2019-09-21 16:00:00,Matteo Pessina,Pass
216,323514,38,MissedShots,0.914000015258789,0.5120000076293946,0.29851800203323364,Mattia Zaccagni,a,1958,SetPiece,2019,Head,13139,Cagliari,Verona,1,1,2019-09-29 16:00:00,Miguel Veloso,Cross
217,325793,17,SavedShot,0.955999984741211,0.5359999847412109,0.5617030262947083,Mattia Zaccagni,a,1958,OpenPlay,2019,Head,13164,Napoli,Verona,2,0,2019-10-19 17:00:00,,Rebound
218,325795,19,SavedShot,0.91,0.6959999847412109,0.061416201293468475,Mattia Zaccagni,a,1958,OpenPlay,2019,RightFoot,13164,Napoli,Verona,2,0,2019-10-19 17:00:00,Darko Lazovic,TakeOn
219,328273,47,MissedShots,0.7909999847412109,0.7340000152587891,0.026986699551343918,Mattia Zaccagni,a,1958,OpenPlay,2019,RightFoot,13185,Parma Calcio 1913,Verona,0,1,2019-10-29 18:00:00,Miguel Veloso,Pass
220,329850,26,MissedShots,0.9490000152587891,0.5570000076293945,0.40849998593330383,Mattia Zaccagni,h,1958,OpenPlay,2019,Head,13193,Verona,Brescia,2,1,2019-11-03 14:00:00,Eddie Salcedo,Cross
221,353835,51,SavedShot,0.8190000152587891,0.6780000305175782,0.05970589816570282,Mattia Zaccagni,a,1958,OpenPlay,2019,RightFoot,13268,SPAL 2013,Verona,0,2,2020-01-05 14:00:00,Valerio Verre,TakeOn
222,353840,68,MissedShots,0.775,0.555,0.039962101727724075,Mattia Zaccagni,a,1958,OpenPlay,2019,RightFoot,13268,SPAL 2013,Verona,0,2,2020-01-05 14:00:00,Giampaolo Pazzini,Pass
223,354537,63,SavedShot,0.909000015258789,0.705999984741211,0.04872659966349602,Mattia Zaccagni,h,1958,OpenPlay,2019,LeftFoot,13271,Verona,Genoa,2,1,2020-01-12 17:00:00,Darko Lazovic,Pass
224,354539,64,Goal,0.975,0.4620000076293945,0.7504600286483765,Mattia Zaccagni,h,1958,OpenPlay,2019,RightFoot,13271,Verona,Genoa,2,1,2020-01-12 17:00:00,,Rebound
225,355159,78,BlockedShot,0.75,0.6880000305175781,0.018278200179338455,Mattia Zaccagni,a,1958,OpenPlay,2019,RightFoot,13280,Bologna,Verona,1,1,2020-01-19 14:00:00,Matteo Pessina,Pass
226,357193,62,ShotOnPost,0.885,0.6519999694824219,0.05079310014843941,Mattia Zaccagni,a,1958,OpenPlay,2019,LeftFoot,13305,AC Milan,Verona,1,1,2020-02-02 14:00:00,Matteo Pessina,Dispossessed
227,357740,41,BlockedShot,0.8419999694824218,0.715999984741211,0.0318882018327713,Mattia Zaccagni,a,1958,OpenPlay,2019,RightFoot,13252,Lazio,Verona,0,0,2020-02-05 19:45:00,Valerio Verre,Pass
228,358280,55,BlockedShot,0.9069999694824219,0.56,0.0988914966583252,Mattia Zaccagni,h,1958,OpenPlay,2019,RightFoot,13318,Verona,Juventus,2,1,2020-02-08 19:45:00,,None
229,359276,74,BlockedShot,0.8980000305175782,0.4179999923706055,0.6348230242729187,Mattia Zaccagni,a,1958,OpenPlay,2019,RightFoot,13328,Udinese,Verona,0,0,2020-02-16 11:30:00,Valerio Verre,TakeOn
230,362167,31,MissedShots,0.9830000305175781,0.445,0.5977360010147095,Mattia Zaccagni,a,1958,OpenPlay,2019,RightFoot,13346,Sampdoria,Verona,2,1,2020-03-08 14:00:00,Darko Lazovic,Cross
231,362182,88,BlockedShot,0.8280000305175781,0.4759999847412109,0.04643839970231056,Mattia Zaccagni,a,1958,FromCorner,2019,RightFoot,13346,Sampdoria,Verona,2,1,2020-03-08 14:00:00,,None
232,362183,91,MissedShots,0.8419999694824218,0.629000015258789,0.0641821026802063,Mattia Zaccagni,a,1958,OpenPlay,2019,RightFoot,13346,Sampdoria,Verona,2,1,2020-03-08 14:00:00,Darko Lazovic,TakeOn
233,367493,29,BlockedShot,0.835999984741211,0.7369999694824219,0.02766980044543743,Mattia Zaccagni,a,1958,OpenPlay,2019,RightFoot,13367,Sassuolo,Verona,3,3,2020-06-28 17:30:00,Marash Kumbulla,Pass
234,368170,53,Goal,0.8090000152587891,0.6869999694824219,0.026997899636626244,Mattia Zaccagni,h,1958,OpenPlay,2019,RightFoot,13373,Verona,Parma Calcio 1913,3,2,2020-07-01 19:45:00,Miguel Veloso,Pass
235,369137,5,MissedShots,0.9080000305175782,0.4329999923706055,0.09091600030660629,Mattia Zaccagni,a,1958,OpenPlay,2019,OtherBodyPart,13385,Brescia,Verona,2,0,2020-07-05 17:30:00,Marco Faraoni,Cross
236,369143,22,MissedShots,0.725,0.49700000762939456,0.02148980088531971,Mattia Zaccagni,a,1958,OpenPlay,2019,RightFoot,13385,Brescia,Verona,2,0,2020-07-05 17:30:00,Miguel Veloso,Pass
237,371764,32,BlockedShot,0.7480000305175781,0.7609999847412109,0.015561399981379509,Mattia Zaccagni,a,1958,OpenPlay,2019,RightFoot,13415,Roma,Verona,2,1,2020-07-15 19:45:00,Federico Dimarco,Pass
238,373963,2,BlockedShot,0.8569999694824219,0.7030000305175781,0.03879370167851448,Mattia Zaccagni,h,1958,OpenPlay,2019,RightFoot,13446,Verona,Lazio,1,5,2020-07-26 17:30:00,Valentin Eysseric,Pass
239,374271,90,MissedShots,0.8640000152587891,0.3629999923706055,0.08855310082435608,Mattia Zaccagni,h,1958,OpenPlay,2019,RightFoot,13452,Verona,SPAL 2013,3,0,2020-07-29 17:30:00,Giampaolo Pazzini,Pass
240,377704,56,BlockedShot,0.8430000305175781,0.7390000152587891,0.027789700776338577,Mattia Zaccagni,h,1958,OpenPlay,2020,RightFoot,14117,Verona,Roma,0,0,2020-09-19 18:45:00,Federico Dimarco,Pass
241,379432,6,MissedShots,0.8130000305175781,0.5720000076293945,0.12247700244188309,Mattia Zaccagni,h,1958,OpenPlay,2020,RightFoot,14129,Verona,Udinese,1,0,2020-09-27 13:00:00,Antonin Barak,Throughball
242,384103,55,SavedShot,0.749000015258789,0.40700000762939453,0.01948009990155697,Mattia Zaccagni,a,1958,OpenPlay,2020,RightFoot,15471,Juventus,Verona,1,1,2020-10-25 19:45:00,,BallRecovery
243,385543,34,SavedShot,0.8019999694824219,0.8430000305175781,0.015243499539792538,Mattia Zaccagni,h,1958,OpenPlay,2020,RightFoot,15485,Verona,Benevento,3,1,2020-11-02 19:45:00,Ivan Ilic,Chipped
244,385558,67,SavedShot,0.9530000305175781,0.5790000152587891,0.06424009799957275,Mattia Zaccagni,h,1958,OpenPlay,2020,Head,15485,Verona,Benevento,3,1,2020-11-02 19:45:00,Federico Dimarco,Aerial
245,386928,18,Goal,0.8269999694824218,0.45099998474121095,0.04523849859833717,Mattia Zaccagni,a,1958,SetPiece,2020,RightFoot,15492,AC Milan,Verona,2,2,2020-11-08 19:45:00,,Rebound
246,387874,84,BlockedShot,0.83,0.6809999847412109,0.025652099400758743,Mattia Zaccagni,h,1958,OpenPlay,2020,RightFoot,15505,Verona,Sassuolo,0,2,2020-11-22 14:00:00,Iyenoma Destiny Udogie,Pass
247,387880,93,MissedShots,0.875,0.46099998474121096,0.04549060016870499,Mattia Zaccagni,h,1958,SetPiece,2020,LeftFoot,15505,Verona,Sassuolo,0,2,2020-11-22 14:00:00,,Aerial
248,389106,82,Goal,0.8719999694824219,0.6229999923706054,0.29978200793266296,Mattia Zaccagni,a,1958,OpenPlay,2020,RightFoot,15506,Atalanta,Verona,0,2,2020-11-28 19:45:00,Miguel Veloso,Chipped
249,390533,20,Goal,0.925,0.48200000762939454,0.5480989813804626,Mattia Zaccagni,h,1958,OpenPlay,2020,RightFoot,15525,Verona,Cagliari,1,1,2020-12-06 11:30:00,Marco Faraoni,Pass
250,391781,46,SavedShot,0.8719999694824219,0.7609999847412109,0.28193899989128113,Mattia Zaccagni,a,1958,OpenPlay,2020,LeftFoot,15531,Lazio,Verona,1,2,2020-12-12 19:45:00,Adrien Tameze,HeadPass
251,393280,69,Goal,0.885,0.5,0.7612590193748474,Mattia Zaccagni,h,1958,Penalty,2020,RightFoot,15545,Verona,Sampdoria,1,2,2020-12-16 19:45:00,,Standard
252,393848,67,BlockedShot,0.815,0.5129999923706055,0.03874089941382408,Mattia Zaccagni,a,1958,FromCorner,2020,LeftFoot,15549,Fiorentina,Verona,1,1,2020-12-19 14:00:00,,None
253,396850,13,BlockedShot,0.7440000152587891,0.500999984741211,0.01643200032413006,Mattia Zaccagni,a,1958,FromCorner,2020,RightFoot,15575,Spezia,Verona,0,1,2021-01-03 14:00:00,,None
254,396859,60,MissedShots,0.7830000305175782,0.635,0.028023799881339073,Mattia Zaccagni,a,1958,OpenPlay,2020,RightFoot,15575,Spezia,Verona,0,1,2021-01-03 14:00:00,Federico Dimarco,Pass
255,396864,74,Goal,0.895,0.5579999923706055,0.09419749677181244,Mattia Zaccagni,a,1958,OpenPlay,2020,RightFoot,15575,Spezia,Verona,0,1,2021-01-03 14:00:00,Marco Faraoni,Cross
256,397283,41,BlockedShot,0.7819999694824219,0.655,0.025044500827789307,Mattia Zaccagni,a,1958,OpenPlay,2020,RightFoot,15585,Torino,Verona,1,1,2021-01-06 14:00:00,Ivan Ilic,Pass
257,398286,58,SavedShot,0.769000015258789,0.7609999847412109,0.01994669996201992,Mattia Zaccagni,h,1958,OpenPlay,2020,RightFoot,15595,Verona,Crotone,2,1,2021-01-10 14:00:00,Nikola Kalinic,Pass
258,398876,67,BlockedShot,0.769000015258789,0.6359999847412109,0.0647353008389473,Mattia Zaccagni,a,1958,DirectFreekick,2020,RightFoot,15597,Bologna,Verona,1,0,2021-01-16 14:00:00,,Standard
259,400805,58,BlockedShot,0.86,0.7390000152587891,0.031119000166654587,Mattia Zaccagni,h,1958,OpenPlay,2020,RightFoot,15615,Verona,Napoli,3,1,2021-01-24 14:00:00,Darko Lazovic,Pass
260,400812,78,Goal,0.9540000152587891,0.5179999923706055,0.6092029809951782,Mattia Zaccagni,h,1958,OpenPlay,2020,Head,15615,Verona,Napoli,3,1,2021-01-24 14:00:00,Darko Lazovic,Cross
261,405633,46,BlockedShot,0.8909999847412109,0.6079999923706054,0.11144199967384338,Mattia Zaccagni,a,1958,OpenPlay,2020,RightFoot,15655,Genoa,Verona,2,2,2021-02-20 17:00:00,Darko Lazovic,Pass
262,405639,62,SavedShot,0.7380000305175781,0.4179999923706055,0.02301969937980175,Mattia Zaccagni,a,1958,OpenPlay,2020,LeftFoot,15655,Genoa,Verona,2,2,2021-02-20 17:00:00,Antonin Barak,Pass
263,408022,25,BlockedShot,0.845999984741211,0.7180000305175781,0.03878369927406311,Mattia Zaccagni,a,1958,OpenPlay,2020,RightFoot,15673,Benevento,Verona,0,3,2021-03-03 19:45:00,Darko Lazovic,Pass
264,415179,22,BlockedShot,0.9490000152587891,0.5609999847412109,0.144677996635437,Mattia Zaccagni,a,1958,OpenPlay,2020,Head,15735,Sampdoria,Verona,3,1,2021-04-17 13:00:00,Eddie Salcedo,Cross
265,415181,27,BlockedShot,0.875,0.5920000076293945,0.11221899837255478,Mattia Zaccagni,a,1958,OpenPlay,2020,RightFoot,15735,Sampdoria,Verona,3,1,2021-04-17 13:00:00,Kevin Lasagna,Pass
266,420601,38,SavedShot,0.874000015258789,0.4420000076293945,0.07282300293445587,Mattia Zaccagni,h,1958,SetPiece,2020,RightFoot,15775,Verona,Torino,1,1,2021-05-09 13:00:00,,None
267,420604,45,SavedShot,0.9440000152587891,0.715,0.038781099021434784,Mattia Zaccagni,h,1958,OpenPlay,2020,RightFoot,15775,Verona,Torino,1,1,2021-05-09 13:00:00,Federico Ceccherini,Pass
268,421625,21,BlockedShot,0.9119999694824219,0.6229999923706054,0.07088310271501541,Mattia Zaccagni,a,1958,SetPiece,2020,LeftFoot,15785,Crotone,Verona,2,1,2021-05-13 18:45:00,,None
269,421626,22,BlockedShot,0.7909999847412109,0.7319999694824219,0.01941400021314621,Mattia Zaccagni,a,1958,OpenPlay,2020,RightFoot,15785,Crotone,Verona,2,1,2021-05-13 18:45:00,Darko Lazovic,Pass
270,423086,17,BlockedShot,0.860999984741211,0.545,0.2889910042285919,Mattia Zaccagni,h,1958,DirectFreekick,2020,RightFoot,15787,Verona,Bologna,2,2,2021-05-17 18:45:00,,Standard
271,427241,23,MissedShots,0.9319999694824219,0.46,0.14568500220775604,Mattia Zaccagni,h,1958,OpenPlay,2021,RightFoot,16756,Verona,Sassuolo,2,3,2021-08-21 16:30:00,Nicolò Casale,Pass
272,427247,46,SavedShot,0.8619999694824219,0.29399999618530276,0.033712100237607956,Mattia Zaccagni,h,1958,OpenPlay,2021,RightFoot,16756,Verona,Sassuolo,2,3,2021-08-21 16:30:00,Matteo Cancellieri,Pass
273,427256,70,Goal,0.885,0.5,0.7612990140914917,Mattia Zaccagni,h,1958,Penalty,2021,RightFoot,16756,Verona,Sassuolo,2,3,2021-08-21 16:30:00,,Standard
274,427262,89,Goal,0.919000015258789,0.6819999694824219,0.06113370135426521,Mattia Zaccagni,h,1958,OpenPlay,2021,RightFoot,16756,Verona,Sassuolo,2,3,2021-08-21 16:30:00,Darko Lazovic,TakeOn
275,430662,64,BlockedShot,0.88,0.5790000152587891,0.025140000507235527,Mattia Zaccagni,a,1958,OpenPlay,2021,Head,16780,AC Milan,Lazio,2,0,2021-09-12 16:00:00,,Aerial
276,430661,64,BlockedShot,0.8019999694824219,0.5690000152587891,0.03429409861564636,Mattia Zaccagni,a,1958,OpenPlay,2021,RightFoot,16780,AC Milan,Lazio,2,0,2021-09-12 16:00:00,Pedro,Pass
277,448567,5,Goal,0.905,0.45099998474121095,0.43015098571777344,Mattia Zaccagni,a,1958,OpenPlay,2021,RightFoot,16922,Sassuolo,Lazio,2,1,2021-12-12 17:00:00,Pedro,Pass
278,448583,61,SavedShot,0.7609999847412109,0.47,0.0305503997951746,Mattia Zaccagni,a,1958,OpenPlay,2021,RightFoot,16922,Sassuolo,Lazio,2,1,2021-12-12 17:00:00,Ciro Immobile,Pass
279,449210,24,MissedShots,0.9680000305175781,0.5879999923706055,0.3340980112552643,Mattia Zaccagni,h,1958,OpenPlay,2021,RightFoot,16930,Lazio,Genoa,3,1,2021-12-17 17:30:00,Elseid Hysaj,Cross
280,449212,40,BlockedShot,0.845,0.725999984741211,0.04026839882135391,Mattia Zaccagni,h,1958,OpenPlay,2021,RightFoot,16930,Lazio,Genoa,3,1,2021-12-17 17:30:00,Felipe Anderson,Pass
281,449219,80,Goal,0.8730000305175781,0.48200000762939454,0.45097100734710693,Mattia Zaccagni,h,1958,OpenPlay,2021,RightFoot,16930,Lazio,Genoa,3,1,2021-12-17 17:30:00,Luis Alberto,Throughball
282,449220,83,MissedShots,0.9519999694824218,0.39,0.1350809931755066,Mattia Zaccagni,h,1958,OpenPlay,2021,LeftFoot,16930,Lazio,Genoa,3,1,2021-12-17 17:30:00,Pedro,Pass
283,453330,54,SavedShot,0.9590000152587891,0.5940000152587891,0.08944279700517654,Mattia Zaccagni,a,1958,OpenPlay,2021,Head,16972,Salernitana,Lazio,0,3,2022-01-15 17:00:00,Felipe Anderson,Cross
284,454816,23,BlockedShot,0.8419999694824218,0.6930000305175781,0.037382300943136215,Mattia Zaccagni,h,1958,OpenPlay,2021,RightFoot,16981,Lazio,Atalanta,0,0,2022-01-22 19:45:00,Luis Alberto,Pass
285,454823,63,ShotOnPost,0.8730000305175781,0.44299999237060544,0.0772458016872406,Mattia Zaccagni,h,1958,OpenPlay,2021,RightFoot,16981,Lazio,Atalanta,0,0,2022-01-22 19:45:00,Sergej Milinkovic-Savic,Cross
286,455978,35,MissedShots,0.904000015258789,0.47299999237060547,0.12815800309181213,Mattia Zaccagni,a,1958,OpenPlay,2021,RightFoot,16988,Fiorentina,Lazio,0,3,2022-02-05 19:45:00,,Rebound
287,456855,52,Goal,0.865999984741211,0.6480000305175782,0.12992699444293976,Mattia Zaccagni,h,1958,OpenPlay,2021,LeftFoot,17000,Lazio,Bologna,3,0,2022-02-12 14:00:00,Luis Alberto,Throughball
288,456858,62,Goal,0.9440000152587891,0.5259999847412109,0.611286997795105,Mattia Zaccagni,h,1958,OpenPlay,2021,RightFoot,17000,Lazio,Bologna,3,0,2022-02-12 14:00:00,Manuel Lazzari,Pass
289,459062,44,MissedShots,0.95,0.4329999923706055,0.1544329971075058,Mattia Zaccagni,a,1958,SetPiece,2021,OtherBodyPart,17014,Udinese,Lazio,1,1,2022-02-20 19:45:00,Danilo Cataldi,Cross
290,459066,66,MissedShots,0.86,0.725999984741211,0.033119700849056244,Mattia Zaccagni,a,1958,OpenPlay,2021,RightFoot,17014,Udinese,Lazio,1,1,2022-02-20 19:45:00,Danilo Cataldi,Chipped
291,463482,15,MissedShots,0.7140000152587891,0.7090000152587891,0.012420499697327614,Mattia Zaccagni,h,1958,OpenPlay,2021,RightFoot,17039,Lazio,Venezia,1,0,2022-03-14 19:45:00,Felipe Anderson,Pass
292,465379,19,MissedShots,0.9340000152587891,0.51,0.48156899213790894,Mattia Zaccagni,h,1958,OpenPlay,2021,Head,17060,Lazio,Sassuolo,2,1,2022-04-02 16:00:00,Felipe Anderson,Cross
293,465381,26,MissedShots,0.955999984741211,0.3509999847412109,0.0214478000998497,Mattia Zaccagni,h,1958,OpenPlay,2021,Head,17060,Lazio,Sassuolo,2,1,2022-04-02 16:00:00,Ciro Immobile,Cross
294,465394,55,BlockedShot,0.914000015258789,0.7330000305175781,0.05835320055484772,Mattia Zaccagni,h,1958,OpenPlay,2021,RightFoot,17060,Lazio,Sassuolo,2,1,2022-04-02 16:00:00,Luis Alberto,Pass
295,465395,57,MissedShots,0.8690000152587891,0.4909999847412109,0.018500300124287605,Mattia Zaccagni,h,1958,OpenPlay,2021,Head,17060,Lazio,Sassuolo,2,1,2022-04-02 16:00:00,Felipe Anderson,Aerial
296,467074,54,MissedShots,0.8680000305175781,0.715,0.041107501834630966,Mattia Zaccagni,a,1958,OpenPlay,2021,RightFoot,17069,Genoa,Lazio,1,4,2022-04-10 10:30:00,Luis Alberto,None
297,471876,27,BlockedShot,0.8269999694824218,0.46099998474121096,0.06701719760894775,Mattia Zaccagni,a,1958,OpenPlay,2021,RightFoot,17104,Spezia,Lazio,3,4,2022-04-30 18:45:00,Ciro Immobile,Pass
298,471881,38,MissedShots,0.9169999694824219,0.43900001525878907,0.07801680266857147,Mattia Zaccagni,a,1958,OpenPlay,2021,RightFoot,17104,Spezia,Lazio,3,4,2022-04-30 18:45:00,Ciro Immobile,BallTouch
299,471885,53,SavedShot,0.835,0.7040000152587891,0.034804198890924454,Mattia Zaccagni,a,1958,OpenPlay,2021,RightFoot,17104,Spezia,Lazio,3,4,2022-04-30 18:45:00,Toma Basic,Pass
300,471893,79,ShotOnPost,0.9319999694824219,0.6969999694824218,0.2128179967403412,Mattia Zaccagni,a,1958,OpenPlay,2021,LeftFoot,17104,Spezia,Lazio,3,4,2022-04-30 18:45:00,Danilo Cataldi,Pass
301,473744,37,SavedShot,0.9030000305175782,0.49700000762939456,0.045399900525808334,Mattia Zaccagni,h,1958,OpenPlay,2021,Head,17110,Lazio,Sampdoria,2,0,2022-05-07 18:45:00,Manuel Lazzari,Aerial
302,473747,51,SavedShot,0.83,0.7290000152587891,0.033865101635456085,Mattia Zaccagni,h,1958,OpenPlay,2021,RightFoot,17110,Lazio,Sampdoria,2,0,2022-05-07 18:45:00,Sergej Milinkovic-Savic,Pass
303,476858,31,MissedShots,0.9519999694824218,0.445,0.13571999967098236,Mattia Zaccagni,a,1958,OpenPlay,2021,RightFoot,17120,Juventus,Lazio,2,2,2022-05-16 18:45:00,Manuel Lazzari,Pass
304,476866,56,SavedShot,0.7809999847412109,0.6880000305175781,0.02104330062866211,Mattia Zaccagni,a,1958,OpenPlay,2021,RightFoot,17120,Juventus,Lazio,2,2,2022-05-16 18:45:00,Luis Alberto,Pass
305,476867,57,MissedShots,0.7430000305175781,0.629000015258789,0.017974799498915672,Mattia Zaccagni,a,1958,OpenPlay,2021,RightFoot,17120,Juventus,Lazio,2,2,2022-05-16 18:45:00,Sergej Milinkovic-Savic,Pass
306,477374,19,BlockedShot,0.7280000305175781,0.675,0.016085099428892136,Mattia Zaccagni,h,1958,OpenPlay,2021,RightFoot,17130,Lazio,Verona,3,3,2022-05-21 18:45:00,Adam Marusic,Pass
307,477380,45,MissedShots,0.8159999847412109,0.534000015258789,0.05292389914393425,Mattia Zaccagni,h,1958,OpenPlay,2021,RightFoot,17130,Lazio,Verona,3,3,2022-05-21 18:45:00,,None
308,481091,61,BlockedShot,0.7919999694824219,0.6680000305175782,0.023841699585318565,Mattia Zaccagni,h,1958,OpenPlay,2022,RightFoot,18586,Lazio,Bologna,2,1,2022-08-14 16:30:00,,None
309,483319,31,SavedShot,0.9,0.74,0.038960300385951996,Mattia Zaccagni,h,1958,OpenPlay,2022,LeftFoot,18603,Lazio,Inter,3,1,2022-08-26 18:45:00,Danilo Cataldi,Chipped
310,483320,34,BlockedShot,0.83,0.7169999694824218,0.028999999165534973,Mattia Zaccagni,h,1958,OpenPlay,2022,RightFoot,18603,Lazio,Inter,3,1,2022-08-26 18:45:00,Matías Vecino,Pass
311,484985,24,SavedShot,0.8419999694824218,0.665,0.2909510135650635,Mattia Zaccagni,a,1958,OpenPlay,2022,RightFoot,18616,Sampdoria,Lazio,1,1,2022-08-31 16:30:00,Alessio Romagnoli,Throughball
312,484991,47,BlockedShot,0.9319999694824219,0.7419999694824219,0.05324789881706238,Mattia Zaccagni,a,1958,OpenPlay,2022,RightFoot,18616,Sampdoria,Lazio,1,1,2022-08-31 16:30:00,,None
313,484993,50,BlockedShot,0.8419999694824218,0.625,0.07070860266685486,Mattia Zaccagni,a,1958,OpenPlay,2022,RightFoot,18616,Sampdoria,Lazio,1,1,2022-08-31 16:30:00,Pedro,BallTouch
314,486248,3,Goal,0.8169999694824219,0.5020000076293946,0.06197280064225197,Mattia Zaccagni,h,1958,OpenPlay,2022,RightFoot,18624,Lazio,Napoli,1,2,2022-09-03 18:45:00,Felipe Anderson,Pass
315,489166,46,SavedShot,0.8809999847412109,0.6370000076293946,0.1006930023431778,Mattia Zaccagni,a,1958,OpenPlay,2022,RightFoot,18643,Cremonese,Lazio,0,4,2022-09-18 13:00:00,Ciro Immobile,Pass
316,490503,11,Goal,0.9519999694824218,0.514000015258789,0.6715419888496399,Mattia Zaccagni,h,1958,OpenPlay,2022,RightFoot,18657,Lazio,Spezia,4,0,2022-10-02 10:30:00,Felipe Anderson,Pass
317,490512,41,MissedShots,0.9130000305175782,0.47400001525878904,0.13849100470542908,Mattia Zaccagni,h,1958,OpenPlay,2022,LeftFoot,18657,Lazio,Spezia,4,0,2022-10-02 10:30:00,Manuel Lazzari,Cross
318,490516,59,SavedShot,0.9130000305175782,0.715999984741211,0.06321579962968826,Mattia Zaccagni,h,1958,OpenPlay,2022,RightFoot,18657,Lazio,Spezia,4,0,2022-10-02 10:30:00,Sergej Milinkovic-Savic,Pass
319,492615,24,Goal,0.9490000152587891,0.49700000762939456,0.5906569957733154,Mattia Zaccagni,a,1958,OpenPlay,2022,Head,18664,Fiorentina,Lazio,0,4,2022-10-10 18:45:00,Sergej Milinkovic-Savic,Cross
320,492634,66,BlockedShot,0.8730000305175781,0.720999984741211,0.06441610306501389,Mattia Zaccagni,a,1958,OpenPlay,2022,RightFoot,18664,Fiorentina,Lazio,0,4,2022-10-10 18:45:00,Ciro Immobile,TakeOn
321,493635,22,BlockedShot,0.7880000305175782,0.705,0.021730199456214905,Mattia Zaccagni,h,1958,OpenPlay,2022,RightFoot,18676,Lazio,Udinese,0,0,2022-10-16 13:00:00,Felipe Anderson,Pass
322,493641,57,MissedShots,0.8640000152587891,0.6880000305175781,0.045715898275375366,Mattia Zaccagni,h,1958,OpenPlay,2022,RightFoot,18676,Lazio,Udinese,0,0,2022-10-16 13:00:00,Pedro,Pass
323,495818,9,Goal,0.9290000152587891,0.5220000076293946,0.4361029863357544,Mattia Zaccagni,a,1958,OpenPlay,2022,LeftFoot,18682,Atalanta,Lazio,0,2,2022-10-23 16:00:00,Pedro,Cross
324,495823,27,MissedShots,0.8490000152587891,0.6880000305175781,0.05470750108361244,Mattia Zaccagni,a,1958,OpenPlay,2022,RightFoot,18682,Atalanta,Lazio,0,2,2022-10-23 16:00:00,,None
325,495828,56,SavedShot,0.7709999847412109,0.5279999923706055,0.027473699301481247,Mattia Zaccagni,a,1958,OpenPlay,2022,RightFoot,18682,Atalanta,Lazio,0,2,2022-10-23 16:00:00,,None
326,497427,7,MissedShots,0.8690000152587891,0.6190000152587891,0.06777819991111755,Mattia Zaccagni,h,1958,OpenPlay,2022,RightFoot,18696,Lazio,Salernitana,1,3,2022-10-30 17:00:00,Felipe Anderson,Pass
327,497429,33,SavedShot,0.9159999847412109,0.48200000762939454,0.0442500002682209,Mattia Zaccagni,h,1958,FromCorner,2022,Head,18696,Lazio,Salernitana,1,3,2022-10-30 17:00:00,,Aerial
328,497431,40,Goal,0.9130000305175782,0.6569999694824219,0.3121280074119568,Mattia Zaccagni,h,1958,OpenPlay,2022,LeftFoot,18696,Lazio,Salernitana,1,3,2022-10-30 17:00:00,Luis Alberto,Throughball
329,497438,64,SavedShot,0.8830000305175781,0.6980000305175781,0.06198500096797943,Mattia Zaccagni,h,1958,OpenPlay,2022,RightFoot,18696,Lazio,Salernitana,1,3,2022-10-30 17:00:00,Sergej Milinkovic-Savic,TakeOn
330,502372,23,BlockedShot,0.8630000305175781,0.590999984741211,0.09765499830245972,Mattia Zaccagni,a,1958,OpenPlay,2022,RightFoot,18735,Lecce,Lazio,2,1,2023-01-04 15:30:00,Manuel Lazzari,Pass
331,502375,53,BlockedShot,0.919000015258789,0.710999984741211,0.06932540237903595,Mattia Zaccagni,a,1958,OpenPlay,2022,LeftFoot,18735,Lecce,Lazio,2,1,2023-01-04 15:30:00,Ciro Immobile,Pass
332,502893,16,BlockedShot,0.835999984741211,0.7190000152587891,0.03710560128092766,Mattia Zaccagni,h,1958,OpenPlay,2022,RightFoot,18746,Lazio,Empoli,2,2,2023-01-08 14:00:00,Luis Alberto,Pass
333,502894,17,MissedShots,0.7680000305175781,0.664000015258789,0.028481099754571915,Mattia Zaccagni,h,1958,OpenPlay,2022,RightFoot,18746,Lazio,Empoli,2,2,2023-01-08 14:00:00,Alessio Romagnoli,Pass
334,502895,18,MissedShots,0.8909999847412109,0.6559999847412109,0.07731720060110092,Mattia Zaccagni,h,1958,OpenPlay,2022,RightFoot,18746,Lazio,Empoli,2,2,2023-01-08 14:00:00,,None
335,502905,53,Goal,0.9569999694824218,0.53,0.683709979057312,Mattia Zaccagni,h,1958,OpenPlay,2022,RightFoot,18746,Lazio,Empoli,2,2,2023-01-08 14:00:00,,Rebound
336,503839,5,SavedShot,0.8119999694824219,0.6669999694824219,0.03258480131626129,Mattia Zaccagni,a,1958,OpenPlay,2022,RightFoot,18759,Sassuolo,Lazio,0,2,2023-01-15 11:30:00,Danilo Cataldi,Pass
337,503847,47,Goal,0.885,0.5,0.7612990140914917,Mattia Zaccagni,a,1958,Penalty,2022,RightFoot,18759,Sassuolo,Lazio,0,2,2023-01-15 11:30:00,,Standard
338,505413,29,BlockedShot,0.8719999694824219,0.4779999923706055,0.08732529729604721,Mattia Zaccagni,h,1958,OpenPlay,2022,RightFoot,18767,Lazio,AC Milan,4,0,2023-01-24 19:45:00,Sergej Milinkovic-Savic,Cross
339,505415,37,Goal,0.9740000152587891,0.49700000762939456,0.88400799036026,Mattia Zaccagni,h,1958,OpenPlay,2022,LeftFoot,18767,Lazio,AC Milan,4,0,2023-01-24 19:45:00,,Rebound
340,505417,45,BlockedShot,0.909000015258789,0.655,0.08517350256443024,Mattia Zaccagni,h,1958,OpenPlay,2022,RightFoot,18767,Lazio,AC Milan,4,0,2023-01-24 19:45:00,Luis Alberto,Pass
341,506332,68,BlockedShot,0.86,0.875,0.03841429948806763,Mattia Zaccagni,h,1958,DirectFreekick,2022,RightFoot,18777,Lazio,Fiorentina,1,1,2023-01-29 17:00:00,,Standard
342,506335,78,MissedShots,0.86,0.39799999237060546,0.024297799915075302,Mattia Zaccagni,h,1958,FromCorner,2022,LeftFoot,18777,Lazio,Fiorentina,1,1,2023-01-29 17:00:00,,Aerial
343,507950,73,MissedShots,0.8630000305175781,0.34200000762939453,0.07797250151634216,Mattia Zaccagni,a,1958,OpenPlay,2022,RightFoot,18784,Verona,Lazio,1,1,2023-02-06 17:30:00,Adam Marusic,TakeOn
344,508648,24,BlockedShot,0.7809999847412109,0.7280000305175781,0.018194200471043587,Mattia Zaccagni,h,1958,OpenPlay,2022,RightFoot,18797,Lazio,Atalanta,0,2,2023-02-11 19:45:00,Elseid Hysaj,Pass
345,508652,42,SavedShot,0.8159999847412109,0.5570000076293945,0.04557900130748749,Mattia Zaccagni,h,1958,OpenPlay,2022,RightFoot,18797,Lazio,Atalanta,0,2,2023-02-11 19:45:00,,BallRecovery
346,508667,80,MissedShots,0.8069999694824219,0.6869999694824219,0.026695000007748604,Mattia Zaccagni,h,1958,OpenPlay,2022,RightFoot,18797,Lazio,Atalanta,0,2,2023-02-11 19:45:00,Luis Alberto,Pass
347,513754,51,MissedShots,0.9259999847412109,0.669000015258789,0.08203329890966415,Mattia Zaccagni,a,1958,OpenPlay,2022,LeftFoot,18832,Bologna,Lazio,0,0,2023-03-11 19:45:00,Felipe Anderson,Pass
348,515796,28,SavedShot,0.755,0.700999984741211,0.019600600004196167,Mattia Zaccagni,h,1958,OpenPlay,2022,RightFoot,18845,Lazio,Roma,1,0,2023-03-19 17:00:00,Luis Alberto,Pass
349,515805,64,Goal,0.9209999847412109,0.7230000305175781,0.2857950031757355,Mattia Zaccagni,h,1958,OpenPlay,2022,RightFoot,18845,Lazio,Roma,1,0,2023-03-19 17:00:00,,None
350,516942,15,SavedShot,0.905,0.2879999923706055,0.05958550050854683,Mattia Zaccagni,a,1958,OpenPlay,2022,RightFoot,18858,Monza,Lazio,0,2,2023-04-02 13:00:00,Pedro,Pass
351,516958,93,SavedShot,0.9109999847412109,0.6469999694824219,0.11204300075769424,Mattia Zaccagni,a,1958,OpenPlay,2022,LeftFoot,18858,Monza,Lazio,0,2,2023-04-02 13:00:00,Ciro Immobile,Pass
352,518368,52,Goal,0.8980000305175782,0.610999984741211,0.3509629964828491,Mattia Zaccagni,h,1958,OpenPlay,2022,RightFoot,18865,Lazio,Juventus,2,1,2023-04-08 18:45:00,Luis Alberto,Pass
353,521001,0,SavedShot,0.9490000152587891,0.5570000076293945,0.44068366289138794,Mattia Zaccagni,h,1958,OpenPlay,2022,Head,18883,Lazio,Torino,0,1,2023-04-22 16:00:00,Pedro,Cross
354,521006,54,MissedShots,0.8019999694824219,0.7480000305175781,0.021212367340922356,Mattia Zaccagni,h,1958,OpenPlay,2022,RightFoot,18883,Lazio,Torino,0,1,2023-04-22 16:00:00,Marcos Antônio,Pass
355,521016,91,MissedShots,0.8830000305175781,0.7140000152587891,0.040811937302351,Mattia Zaccagni,h,1958,OpenPlay,2022,RightFoot,18883,Lazio,Torino,0,1,2023-04-22 16:00:00,Luca Pellegrini,Pass
356,523003,69,BlockedShot,0.7240000152587891,0.57,0.024584149941802025,Mattia Zaccagni,a,1958,OpenPlay,2022,RightFoot,18895,Inter,Lazio,3,1,2023-04-30 10:30:00,Luis Alberto,Pass
357,524064,19,MissedShots,0.8719999694824219,0.6469999694824219,0.08772804588079453,Mattia Zaccagni,h,1958,OpenPlay,2022,RightFoot,18906,Lazio,Sassuolo,2,0,2023-05-03 19:00:00,Matías Vecino,Pass
358,524066,27,BlockedShot,0.86,0.7090000152587891,0.04912029206752777,Mattia Zaccagni,h,1958,OpenPlay,2022,RightFoot,18906,Lazio,Sassuolo,2,0,2023-05-03 19:00:00,Luis Alberto,Pass
359,524449,33,BlockedShot,0.8619999694824219,0.6930000305175781,0.04521096497774124,Mattia Zaccagni,a,1958,OpenPlay,2022,RightFoot,18916,AC Milan,Lazio,2,0,2023-05-06 13:00:00,Luis Alberto,Pass
360,528273,6,BlockedShot,0.955999984741211,0.6819999694824219,0.06437855213880539,Mattia Zaccagni,a,1958,OpenPlay,2022,RightFoot,18941,Udinese,Lazio,0,1,2023-05-21 18:45:00,Sergej Milinkovic-Savic,TakeOn
361,528275,7,BlockedShot,0.8569999694824219,0.5990000152587891,0.12128886580467224,Mattia Zaccagni,a,1958,OpenPlay,2022,RightFoot,18941,Udinese,Lazio,0,1,2023-05-21 18:45:00,Luis Alberto,Pass
362,528295,80,MissedShots,0.7680000305175781,0.600999984741211,0.048013437539339066,Mattia Zaccagni,a,1958,OpenPlay,2022,RightFoot,18941,Udinese,Lazio,0,1,2023-05-21 18:45:00,Luis Alberto,Pass
363,530812,65,SavedShot,0.97,0.6619999694824219,0.08988743275403976,Mattia Zaccagni,a,1958,OpenPlay,2022,LeftFoot,18954,Empoli,Lazio,0,2,2023-06-03 19:00:00,Ciro Immobile,Pass
364,530814,72,BlockedShot,0.8859999847412109,0.700999984741211,0.06356225162744522,Mattia Zaccagni,a,1958,OpenPlay,2022,RightFoot,18954,Empoli,Lazio,0,2,2023-06-03 19:00:00,Luis Alberto,Pass
365,534061,38,BlockedShot,0.8140000152587891,0.5940000152587891,0.0578157976269722,Mattia Zaccagni,a,1958,OpenPlay,2023,RightFoot,22312,Lecce,Lazio,2,1,2023-08-20 18:45:00,Adam Marusic,Pass
366,535570,49,BlockedShot,0.850999984741211,0.6129999923706054,0.051559045910835266,Mattia Zaccagni,h,1958,OpenPlay,2023,RightFoot,22321,Lazio,Genoa,0,1,2023-08-27 18:45:00,,None
367,535574,61,BlockedShot,0.8859999847412109,0.740999984741211,0.028591390699148178,Mattia Zaccagni,h,1958,SetPiece,2023,RightFoot,22321,Lazio,Genoa,0,1,2023-08-27 18:45:00,Luis Alberto,Pass
368,535582,98,MissedShots,0.8669999694824219,0.6780000305175782,0.04235871881246567,Mattia Zaccagni,h,1958,OpenPlay,2023,RightFoot,22321,Lazio,Genoa,0,1,2023-08-27 18:45:00,Ciro Immobile,Pass
369,536609,84,MissedShots,0.8830000305175781,0.6359999847412109,0.0999443307518959,Mattia Zaccagni,a,1958,OpenPlay,2023,RightFoot,22330,Napoli,Lazio,1,2,2023-09-02 18:45:00,Luis Alberto,Pass
370,537411,44,SavedShot,0.825,0.7319999694824219,0.022814389318227768,Mattia Zaccagni,a,1958,OpenPlay,2023,RightFoot,22335,Juventus,Lazio,3,1,2023-09-16 13:00:00,Luis Alberto,Pass
371,539360,46,BlockedShot,0.720999984741211,0.79,0.01347328256815672,Mattia Zaccagni,h,1958,SetPiece,2023,RightFoot,22348,Lazio,Monza,1,1,2023-09-23 18:45:00,Danilo Cataldi,Pass
372,539361,48,MissedShots,0.8130000305175781,0.725999984741211,0.025379473343491554,Mattia Zaccagni,h,1958,OpenPlay,2023,RightFoot,22348,Lazio,Monza,1,1,2023-09-23 18:45:00,Elseid Hysaj,Pass
373,539368,61,BlockedShot,0.8469999694824218,0.7030000305175781,0.03413081541657448,Mattia Zaccagni,h,1958,OpenPlay,2023,RightFoot,22348,Lazio,Monza,1,1,2023-09-23 18:45:00,Luis Alberto,Pass
374,540421,74,Goal,0.93,0.63,0.35541272163391113,Mattia Zaccagni,h,1958,OpenPlay,2023,RightFoot,22360,Lazio,Torino,2,0,2023-09-27 18:45:00,Felipe Anderson,Pass
375,541400,15,SavedShot,0.8380000305175781,0.8159999847412109,0.013950896449387074,Mattia Zaccagni,a,1958,OpenPlay,2023,RightFoot,22373,AC Milan,Lazio,2,0,2023-09-30 16:00:00,Valentín Castellanos,Pass
376,541405,41,BlockedShot,0.77,0.6959999847412109,0.0195610411465168,Mattia Zaccagni,a,1958,OpenPlay,2023,RightFoot,22373,AC Milan,Lazio,2,0,2023-09-30 16:00:00,Luis Alberto,Pass
377,541411,62,MissedShots,0.8030000305175782,0.705,0.024213867262005806,Mattia Zaccagni,a,1958,OpenPlay,2023,RightFoot,22373,AC Milan,Lazio,2,0,2023-09-30 16:00:00,Luis Alberto,Pass
378,543168,37,BlockedShot,0.8440000152587891,0.69,0.05330255255103111,Mattia Zaccagni,h,1958,OpenPlay,2023,RightFoot,22382,Lazio,Atalanta,3,2,2023-10-08 13:00:00,Elseid Hysaj,Pass
379,544304,73,SavedShot,0.7680000305175781,0.5609999847412109,0.025074157863855362,Mattia Zaccagni,a,1958,OpenPlay,2023,RightFoot,22392,Sassuolo,Lazio,0,2,2023-10-21 18:45:00,,None
380,544310,78,MissedShots,0.95,0.685,0.08133182674646378,Mattia Zaccagni,a,1958,OpenPlay,2023,LeftFoot,22392,Sassuolo,Lazio,0,2,2023-10-21 18:45:00,Luis Alberto,HeadPass
381,544313,88,ShotOnPost,0.980999984741211,0.610999984741211,0.0195989441126585,Mattia Zaccagni,a,1958,FromCorner,2023,Head,22392,Sassuolo,Lazio,0,2,2023-10-21 18:45:00,Danilo Cataldi,Cross
382,546435,28,MissedShots,0.875999984741211,0.6869999694824219,0.050346508622169495,Mattia Zaccagni,h,1958,OpenPlay,2023,RightFoot,22402,Lazio,Fiorentina,1,0,2023-10-30 19:45:00,Luis Alberto,Pass
383,549509,59,MissedShots,0.955,0.5170000076293946,0.5862062573432922,Mattia Zaccagni,a,1958,OpenPlay,2023,LeftFoot,22431,Salernitana,Lazio,2,1,2023-11-25 14:00:00,Felipe Anderson,Cross
384,552707,22,Goal,0.9459999847412109,0.4540000152587891,0.4842008650302887,Mattia Zaccagni,a,1958,OpenPlay,2023,RightFoot,22449,Verona,Lazio,1,1,2023-12-09 14:00:00,Felipe Anderson,Cross
385,555957,8,BlockedShot,0.9,0.644000015258789,0.06241435557603836,Mattia Zaccagni,a,1958,OpenPlay,2023,RightFoot,22465,Empoli,Lazio,0,2,2023-12-22 17:30:00,,Rebound
386,555963,22,BlockedShot,0.8240000152587891,0.7030000305175781,0.036600418388843536,Mattia Zaccagni,a,1958,OpenPlay,2023,RightFoot,22465,Empoli,Lazio,0,2,2023-12-22 17:30:00,Matteo Guendouzi,Pass
387,555978,65,SavedShot,0.8640000152587891,0.6270000076293946,0.1164848655462265,Mattia Zaccagni,a,1958,OpenPlay,2023,RightFoot,22465,Empoli,Lazio,0,2,2023-12-22 17:30:00,Matteo Guendouzi,Pass
388,555980,66,Goal,0.9319999694824219,0.5159999847412109,0.6649528741836548,Mattia Zaccagni,a,1958,OpenPlay,2023,RightFoot,22465,Empoli,Lazio,0,2,2023-12-22 17:30:00,,Rebound
389,555979,66,SavedShot,0.9069999694824219,0.5670000076293945,0.16604182124137878,Mattia Zaccagni,a,1958,OpenPlay,2023,LeftFoot,22465,Empoli,Lazio,0,2,2023-12-22 17:30:00,,Rebound
390,556804,31,SavedShot,0.9440000152587891,0.825999984741211,0.06324886530637741,Mattia Zaccagni,h,1958,DirectFreekick,2023,RightFoot,22483,Lazio,Frosinone,3,1,2023-12-29 19:45:00,,Standard
391,556807,41,MissedShots,0.7780000305175782,0.6480000305175782,0.025025445967912674,Mattia Zaccagni,h,1958,OpenPlay,2023,RightFoot,22483,Lazio,Frosinone,3,1,2023-12-29 19:45:00,Daichi Kamada,Pass
392,558366,53,MissedShots,0.855,0.6070000076293945,0.30499500036239624,Mattia Zaccagni,h,1958,OpenPlay,2023,RightFoot,22499,Lazio,Lecce,1,0,2024-01-14 11:30:00,Luis Alberto,Pass
393,566005,86,BlockedShot,0.8390000152587891,0.6790000152587891,0.02556687779724598,Mattia Zaccagni,a,1958,SetPiece,2023,RightFoot,22557,Fiorentina,Lazio,2,1,2024-02-26 19:45:00,Elseid Hysaj,TakeOn
394,566216,65,MissedShots,0.7630000305175781,0.65,0.022608984261751175,Mattia Zaccagni,h,1958,OpenPlay,2023,RightFoot,22568,Lazio,AC Milan,0,1,2024-03-01 19:45:00,Elseid Hysaj,Pass
395,568954,3,ShotOnPost,0.7719999694824219,0.5459999847412109,0.030994519591331482,Mattia Zaccagni,h,1958,OpenPlay,2023,RightFoot,22583,Lazio,Udinese,1,2,2024-03-11 19:45:00,Luis Alberto,BallRecovery
396,568956,16,BlockedShot,0.915,0.6619999694824219,0.08359350264072418,Mattia Zaccagni,h,1958,OpenPlay,2023,RightFoot,22583,Lazio,Udinese,1,2,2024-03-11 19:45:00,Luis Alberto,Pass
397,568961,27,MissedShots,0.9590000152587891,0.4979999923706055,0.6910892724990845,Mattia Zaccagni,h,1958,OpenPlay,2023,LeftFoot,22583,Lazio,Udinese,1,2,2024-03-11 19:45:00,Felipe Anderson,Pass
398,569654,37,Goal,0.9590000152587891,0.4370000076293945,0.47448593378067017,Mattia Zaccagni,a,1958,OpenPlay,2023,LeftFoot,22586,Frosinone,Lazio,2,3,2024-03-16 19:45:00,Matteo Guendouzi,Cross
399,569655,39,BlockedShot,0.8090000152587891,0.720999984741211,0.022536862641572952,Mattia Zaccagni,a,1958,OpenPlay,2023,RightFoot,22586,Frosinone,Lazio,2,3,2024-03-16 19:45:00,Luis Alberto,Chipped
400,569660,45,BlockedShot,0.7880000305175782,0.54,0.05045846104621887,Mattia Zaccagni,a,1958,OpenPlay,2023,RightFoot,22586,Frosinone,Lazio,2,3,2024-03-16 19:45:00,Ciro Immobile,TakeOn
401,577054,71,Goal,0.9580000305175781,0.64,0.34662237763404846,Mattia Zaccagni,h,1958,OpenPlay,2023,LeftFoot,22635,Lazio,Verona,1,0,2024-04-27 18:45:00,Luis Alberto,Pass
402,577055,74,BlockedShot,0.8980000305175782,0.37599998474121094,0.009306013584136963,Mattia Zaccagni,h,1958,SetPiece,2023,Head,22635,Lazio,Verona,1,0,2024-04-27 18:45:00,Luis Alberto,Aerial
403,580252,46,BlockedShot,0.92,0.8030000305175782,0.06995200365781784,Mattia Zaccagni,h,1958,DirectFreekick,2023,RightFoot,22664,Lazio,Empoli,2,0,2024-05-12 10:30:00,,Standard
404,582304,13,SavedShot,0.7930000305175782,0.7240000152587891,0.018003089353442192,Mattia Zaccagni,a,1958,OpenPlay,2023,RightFoot,22667,Inter,Lazio,1,1,2024-05-19 16:00:00,Nicolo Rovella,Pass
405,582310,34,MissedShots,0.899000015258789,0.3340000152587891,0.11300662159919739,Mattia Zaccagni,a,1958,OpenPlay,2023,RightFoot,22667,Inter,Lazio,1,1,2024-05-19 16:00:00,Daichi Kamada,Pass
406,583535,59,Goal,0.715,0.52,0.04413136467337608,Mattia Zaccagni,h,1958,DirectFreekick,2023,RightFoot,22681,Lazio,Sassuolo,1,1,2024-05-26 18:45:00,,Standard
407,585454,22,BlockedShot,0.8159999847412109,0.6659999847412109,0.03453781455755234,Mattia Zaccagni,h,1958,OpenPlay,2024,RightFoot,27369,Lazio,Venezia,3,1,2024-08-18 18:45:00,Nicolo Rovella,Pass
408,585457,43,Goal,0.885,0.5,0.7612988352775574,Mattia Zaccagni,h,1958,Penalty,2024,RightFoot,27369,Lazio,Venezia,3,1,2024-08-18 18:45:00,,Standard
409,585463,55,MissedShots,0.8519999694824218,0.5970000076293945,0.08044581860303879,Mattia Zaccagni,h,1958,OpenPlay,2024,RightFoot,27369,Lazio,Venezia,3,1,2024-08-18 18:45:00,,None
410,591291,39,MissedShots,0.845999984741211,0.6759999847412109,0.03868306428194046,Mattia Zaccagni,a,1958,OpenPlay,2024,RightFoot,27373,Udinese,Lazio,2,1,2024-08-24 16:30:00,,None
411,591302,75,SavedShot,0.8619999694824219,0.505,0.10229936242103577,Mattia Zaccagni,a,1958,OpenPlay,2024,LeftFoot,27373,Udinese,Lazio,2,1,2024-08-24 16:30:00,Boulaye Dia,Pass
412,589638,79,SavedShot,0.9480000305175781,0.5679999923706055,0.5398885011672974,Mattia Zaccagni,h,1958,OpenPlay,2024,RightFoot,27387,Lazio,AC Milan,2,2,2024-08-31 18:45:00,Valentín Castellanos,Pass
413,591821,82,MissedShots,0.9309999847412109,0.5270000076293946,0.5843886137008667,Mattia Zaccagni,h,1958,OpenPlay,2024,LeftFoot,27396,Lazio,Verona,2,1,2024-09-16 18:45:00,Boulaye Dia,Pass
414,591822,86,SavedShot,0.6969999694824218,0.5940000152587891,0.020883895456790924,Mattia Zaccagni,h,1958,OpenPlay,2024,RightFoot,27396,Lazio,Verona,2,1,2024-09-16 18:45:00,Matteo Guendouzi,Pass
415,592826,18,SavedShot,0.92,0.6709999847412109,0.06732804328203201,Mattia Zaccagni,a,1958,OpenPlay,2024,RightFoot,27404,Fiorentina,Lazio,2,1,2024-09-22 10:30:00,Gustav Isaksen,BallTouch
416,592839,51,BlockedShot,0.745,0.68,0.011860772036015987,Mattia Zaccagni,a,1958,OpenPlay,2024,RightFoot,27404,Fiorentina,Lazio,2,1,2024-09-22 10:30:00,,Rebound
417,592840,51,BlockedShot,0.85,0.730999984741211,0.029951544478535652,Mattia Zaccagni,a,1958,OpenPlay,2024,RightFoot,27404,Fiorentina,Lazio,2,1,2024-09-22 10:30:00,Matteo Guendouzi,Pass
418,596119,5,MissedShots,0.9069999694824219,0.44799999237060545,0.09580338001251221,Mattia Zaccagni,h,1958,OpenPlay,2024,Head,27423,Lazio,Empoli,2,1,2024-10-06 13:00:00,Manuel Lazzari,Cross
419,596124,21,MissedShots,0.7769999694824219,0.720999984741211,0.018766939640045166,Mattia Zaccagni,h,1958,OpenPlay,2024,RightFoot,27423,Lazio,Empoli,2,1,2024-10-06 13:00:00,Nuno Tavares,Pass
420,596130,48,Goal,0.9019999694824219,0.5870000076293945,0.04500630125403404,Mattia Zaccagni,h,1958,OpenPlay,2024,Head,27423,Lazio,Empoli,2,1,2024-10-06 13:00:00,Nuno Tavares,Cross
421,596137,78,MissedShots,0.815,0.5370000076293945,0.05209071561694145,Mattia Zaccagni,h,1958,OpenPlay,2024,RightFoot,27423,Lazio,Empoli,2,1,2024-10-06 13:00:00,Boulaye Dia,Pass
422,601056,75,Goal,0.885,0.5,0.7612988352775574,Mattia Zaccagni,h,1958,Penalty,2024,RightFoot,27471,Lazio,Cagliari,2,1,2024-11-04 19:45:00,,Standard
423,602296,32,ShotOnPost,0.8480000305175781,0.6140000152587891,0.07126989960670471,Mattia Zaccagni,a,1958,OpenPlay,2024,RightFoot,27475,Monza,Lazio,0,1,2024-11-10 17:00:00,Nuno Tavares,Pass
424,602298,35,Goal,0.8059999847412109,0.7080000305175781,0.025622768327593803,Mattia Zaccagni,a,1958,OpenPlay,2024,RightFoot,27475,Monza,Lazio,0,1,2024-11-10 17:00:00,Matteo Guendouzi,Pass
425,603656,44,MissedShots,0.9580000305175781,0.455,0.6240177154541016,Mattia Zaccagni,h,1958,OpenPlay,2024,RightFoot,27486,Lazio,Bologna,3,0,2024-11-24 19:45:00,Matías Vecino,Pass
426,603662,71,Goal,0.8719999694824219,0.6580000305175782,0.07652576267719269,Mattia Zaccagni,h,1958,OpenPlay,2024,RightFoot,27486,Lazio,Bologna,3,0,2024-11-24 19:45:00,Luca Pellegrini,Pass
427,604742,15,MissedShots,0.9119999694824219,0.48200000762939454,0.09078093618154526,Mattia Zaccagni,a,1958,OpenPlay,2024,RightFoot,27499,Parma Calcio 1913,Lazio,3,1,2024-12-01 14:00:00,,None
428,604754,50,BlockedShot,0.8090000152587891,0.664000015258789,0.021710269153118134,Mattia Zaccagni,a,1958,OpenPlay,2024,RightFoot,27499,Parma Calcio 1913,Lazio,3,1,2024-12-01 14:00:00,Nicolo Rovella,Chipped
429,261356,89,SavedShot,0.895,0.5690000152587891,0.4975860118865967,Boulaye Dia,h,7224,OpenPlay,2018,LeftFoot,10760,Reims,Monaco,1,0,2018-11-03 19:00:00,Moussa Doumbia,Pass
430,261720,67,Goal,0.8230000305175781,0.4640000152587891,0.07091960310935974,Boulaye Dia,h,7224,OpenPlay,2018,LeftFoot,10778,Reims,Guingamp,2,1,2018-11-24 19:00:00,Pablo Chavarria,Chipped
431,282752,82,SavedShot,0.9319999694824219,0.29100000381469726,0.11068999767303467,Boulaye Dia,a,7224,OpenPlay,2018,RightFoot,10856,Guingamp,Reims,0,1,2019-01-26 19:00:00,Thomas Foket,Chipped
432,284139,50,SavedShot,0.7980000305175782,0.5709999847412109,0.055839698761701584,Boulaye Dia,h,7224,OpenPlay,2018,LeftFoot,10867,Reims,Marseille,2,1,2019-02-02 20:00:00,Remi Oudin,Pass
433,283259,68,BlockedShot,0.9169999694824219,0.4470000076293945,0.8046470284461975,Boulaye Dia,a,7224,OpenPlay,2018,RightFoot,10882,Toulouse,Reims,1,1,2019-02-10 14:00:00,Xavier Chavalerin,TakeOn
434,283566,2,Goal,0.8630000305175781,0.48900001525878906,0.1068819984793663,Boulaye Dia,h,7224,OpenPlay,2018,RightFoot,10891,Reims,Rennes,2,0,2019-02-17 16:00:00,Tristan Dingome,Pass
435,283808,24,SavedShot,0.8530000305175781,0.544000015258789,0.3660989999771118,Boulaye Dia,a,7224,OpenPlay,2018,LeftFoot,10896,Montpellier,Reims,2,4,2019-02-24 14:00:00,Arbër Zeneli,TakeOn
436,283811,28,SavedShot,0.9019999694824219,0.24399999618530274,0.02923540025949478,Boulaye Dia,a,7224,OpenPlay,2018,RightFoot,10896,Montpellier,Reims,2,4,2019-02-24 14:00:00,Xavier Chavalerin,Chipped
437,283952,69,Goal,0.9840000152587891,0.5320000076293945,0.8529959917068481,Boulaye Dia,h,7224,FromCorner,2018,RightFoot,10903,Reims,Amiens,2,2,2019-03-02 19:00:00,Jacques-Alaixys Romao,None
438,283957,95,MissedShots,0.85,0.7380000305175781,0.029446199536323547,Boulaye Dia,h,7224,OpenPlay,2018,RightFoot,10903,Reims,Amiens,2,2,2019-03-02 19:00:00,Hassane Kamara,Pass
439,284751,8,SavedShot,0.909000015258789,0.6840000152587891,0.08388960361480713,Boulaye Dia,a,7224,OpenPlay,2018,RightFoot,10921,Dijon,Reims,1,1,2019-03-09 19:00:00,Abdul Rahman Baba,TakeOn
440,284757,38,MissedShots,0.9119999694824219,0.5179999923706055,0.11276300251483917,Boulaye Dia,a,7224,OpenPlay,2018,RightFoot,10921,Dijon,Reims,1,1,2019-03-09 19:00:00,,Dispossessed
441,284767,59,MissedShots,0.9130000305175782,0.2979999923706055,0.07639539986848831,Boulaye Dia,a,7224,OpenPlay,2018,RightFoot,10921,Dijon,Reims,1,1,2019-03-09 19:00:00,,TakeOn
442,284768,65,MissedShots,0.9169999694824219,0.4370000076293945,0.10510999709367752,Boulaye Dia,a,7224,FromCorner,2018,LeftFoot,10921,Dijon,Reims,1,1,2019-03-09 19:00:00,Björn Engels,HeadPass
443,284773,73,BlockedShot,0.865,0.6120000076293945,0.117637999355793,Boulaye Dia,a,7224,OpenPlay,2018,RightFoot,10921,Dijon,Reims,1,1,2019-03-09 19:00:00,Pablo Chavarria,BallRecovery
444,286741,37,MissedShots,0.8680000305175781,0.565,0.10176700353622437,Boulaye Dia,h,7224,OpenPlay,2018,LeftFoot,10923,Reims,Nantes,1,0,2019-03-17 14:00:00,Tristan Dingome,Pass
445,286743,49,MissedShots,0.9219999694824219,0.5359999847412109,0.09857399761676788,Boulaye Dia,h,7224,FromCorner,2018,Head,10923,Reims,Nantes,1,0,2019-03-17 14:00:00,Xavier Chavalerin,Cross
446,292542,47,MissedShots,0.885,0.5609999847412109,0.036917198449373245,Boulaye Dia,h,7224,OpenPlay,2018,Head,10945,Reims,Lille,1,1,2019-04-07 14:00:00,Mathieu Cafaro,Chipped
447,292546,60,MissedShots,0.7930000305175782,0.2989999961853027,0.018887700513005257,Boulaye Dia,h,7224,OpenPlay,2018,RightFoot,10945,Reims,Lille,1,1,2019-04-07 14:00:00,Remi Oudin,TakeOn
448,295994,63,MissedShots,0.915,0.53,0.12811200320720673,Boulaye Dia,h,7224,OpenPlay,2018,LeftFoot,10969,Reims,Saint-Etienne,0,2,2019-04-21 16:00:00,Remi Oudin,Pass
449,310017,30,SavedShot,0.9269999694824219,0.6909999847412109,0.08391179889440536,Boulaye Dia,a,7224,OpenPlay,2019,LeftFoot,12710,Marseille,Reims,0,2,2019-08-10 16:30:00,Remi Oudin,Pass
450,310023,57,Goal,0.905,0.6409999847412109,0.3389410078525543,Boulaye Dia,a,7224,OpenPlay,2019,RightFoot,12710,Marseille,Reims,0,2,2019-08-10 16:30:00,Tristan Dingome,Throughball
451,310028,84,MissedShots,0.755,0.5279999923706055,0.033385101705789566,Boulaye Dia,a,7224,OpenPlay,2019,LeftFoot,12710,Marseille,Reims,0,2,2019-08-10 16:30:00,,None
452,310031,93,SavedShot,0.9330000305175781,0.27899999618530275,0.13142000138759613,Boulaye Dia,a,7224,OpenPlay,2019,RightFoot,12710,Marseille,Reims,0,2,2019-08-10 16:30:00,Jacques-Alaixys Romao,TakeOn
453,311126,33,BlockedShot,0.9019999694824219,0.47200000762939454,0.04602789878845215,Boulaye Dia,h,7224,OpenPlay,2019,Head,12727,Reims,Strasbourg,0,0,2019-08-18 16:00:00,Moussa Doumbia,Aerial
454,311138,77,BlockedShot,0.8469999694824218,0.45799999237060546,0.0629957988858223,Boulaye Dia,h,7224,OpenPlay,2019,RightFoot,12727,Reims,Strasbourg,0,0,2019-08-18 16:00:00,Suk Hyun-Jun,HeadPass
455,312812,19,MissedShots,0.955999984741211,0.46099998474121096,0.12089099735021591,Boulaye Dia,a,7224,OpenPlay,2019,LeftFoot,12738,Brest,Reims,1,0,2019-08-24 19:00:00,Remi Oudin,Cross
456,312814,29,SavedShot,0.865999984741211,0.46700000762939453,0.0823919028043747,Boulaye Dia,a,7224,OpenPlay,2019,RightFoot,12738,Brest,Reims,1,0,2019-08-24 19:00:00,Remi Oudin,HeadPass
457,316551,65,MissedShots,0.9130000305175782,0.43900001525878907,0.07171989977359772,Boulaye Dia,h,7224,FromCorner,2019,Head,12741,Reims,Lille,2,0,2019-09-01 14:00:00,Xavier Chavalerin,Cross
458,317926,11,MissedShots,0.8809999847412109,0.425,0.047889601439237595,Boulaye Dia,a,7224,FromCorner,2019,LeftFoot,12750,Nantes,Reims,1,0,2019-09-15 13:00:00,Xavier Chavalerin,Cross
459,317933,51,MissedShots,0.950999984741211,0.38299999237060545,0.24824799597263336,Boulaye Dia,a,7224,OpenPlay,2019,OtherBodyPart,12750,Nantes,Reims,1,0,2019-09-15 13:00:00,Remi Oudin,Pass
460,320774,20,SavedShot,0.915,0.5059999847412109,0.378387987613678,Boulaye Dia,h,7224,OpenPlay,2019,RightFoot,12759,Reims,Monaco,0,0,2019-09-21 18:00:00,Ghislain Konan,Cross
461,321998,93,Goal,0.8730000305175781,0.5179999923706055,0.08765909820795059,Boulaye Dia,a,7224,OpenPlay,2019,RightFoot,12772,Paris Saint Germain,Reims,0,2,2019-09-25 19:00:00,Thomas Foket,Cross
462,324930,20,SavedShot,0.88,0.4129999923706055,0.34613901376724243,Boulaye Dia,a,7224,OpenPlay,2019,RightFoot,12789,Rennes,Reims,0,1,2019-10-06 16:00:00,,None
463,324936,48,Goal,0.8980000305175782,0.3970000076293945,0.3436320126056671,Boulaye Dia,a,7224,OpenPlay,2019,RightFoot,12789,Rennes,Reims,0,1,2019-10-06 16:00:00,Remi Oudin,Pass
464,325945,57,SavedShot,0.7669999694824219,0.504000015258789,0.05597589910030365,Boulaye Dia,h,7224,OpenPlay,2019,RightFoot,12799,Reims,Montpellier,1,0,2019-10-19 19:00:00,Remi Oudin,Pass
465,327458,60,MissedShots,0.8909999847412109,0.2520000076293945,0.033841900527477264,Boulaye Dia,h,7224,OpenPlay,2019,RightFoot,12816,Reims,Nimes,0,0,2019-10-26 19:00:00,Moussa Doumbia,Pass
466,329921,12,BlockedShot,0.904000015258789,0.4779999923706055,0.04438139870762825,Boulaye Dia,a,7224,OpenPlay,2019,Head,12828,Nice,Reims,2,0,2019-11-03 16:00:00,Thomas Foket,CornerAwarded
467,329935,72,SavedShot,0.914000015258789,0.29700000762939455,0.05219149962067604,Boulaye Dia,a,7224,OpenPlay,2019,RightFoot,12828,Nice,Reims,2,0,2019-11-03 16:00:00,Xavier Chavalerin,Pass
468,332517,64,SavedShot,0.955999984741211,0.600999984741211,0.08849039673805237,Boulaye Dia,a,7224,FromCorner,2019,RightFoot,12844,Metz,Reims,1,1,2019-11-23 19:00:00,Yunis Abdelhamid,HeadPass
469,332518,67,MissedShots,0.9180000305175782,0.5420000076293945,0.03650199994444847,Boulaye Dia,a,7224,FromCorner,2019,Head,12844,Metz,Reims,1,1,2019-11-23 19:00:00,Mathieu Cafaro,Aerial
470,333982,12,SavedShot,0.745,0.4909999847412109,0.02116600051522255,Boulaye Dia,h,7224,OpenPlay,2019,LeftFoot,12850,Reims,Bordeaux,1,1,2019-11-30 19:00:00,,BallRecovery
471,333985,22,MissedShots,0.9490000152587891,0.6140000152587891,0.03610580042004585,Boulaye Dia,h,7224,FromCorner,2019,Head,12850,Reims,Bordeaux,1,1,2019-11-30 19:00:00,Xavier Chavalerin,Cross
472,333986,23,MissedShots,0.9080000305175782,0.40900001525878904,0.08674679696559906,Boulaye Dia,h,7224,OpenPlay,2019,RightFoot,12850,Reims,Bordeaux,1,1,2019-11-30 19:00:00,,None
473,334003,92,Goal,0.9369999694824219,0.519000015258789,0.5020049810409546,Boulaye Dia,h,7224,OpenPlay,2019,RightFoot,12850,Reims,Bordeaux,1,1,2019-11-30 19:00:00,Suk Hyun-Jun,Cross
474,336256,42,MissedShots,0.855,0.5209999847412109,0.10085400193929672,Boulaye Dia,h,7224,OpenPlay,2019,LeftFoot,12873,Reims,Saint-Etienne,3,1,2019-12-08 14:00:00,,BallRecovery
475,336263,66,Goal,0.8909999847412109,0.46099998474121096,0.21385399997234344,Boulaye Dia,h,7224,OpenPlay,2019,Head,12873,Reims,Saint-Etienne,3,1,2019-12-08 14:00:00,Xavier Chavalerin,Cross
476,354301,73,MissedShots,0.945,0.4209999847412109,0.36274099349975586,Boulaye Dia,a,7224,SetPiece,2019,Head,12904,Nimes,Reims,2,0,2020-01-11 19:00:00,Marshall Munetsi,Chipped
477,354645,55,BlockedShot,0.855999984741211,0.385,0.09287069737911224,Boulaye Dia,a,7224,OpenPlay,2019,RightFoot,12863,Amiens,Reims,1,1,2020-01-15 18:00:00,Dereck Kutesa,TakeOn
478,354650,77,BlockedShot,0.8540000152587891,0.39099998474121095,0.0791098028421402,Boulaye Dia,a,7224,OpenPlay,2019,RightFoot,12863,Amiens,Reims,1,1,2020-01-15 18:00:00,Timothee Nkada,LayOff
479,356915,59,MissedShots,0.9269999694824219,0.6480000305175782,0.012819900177419186,Boulaye Dia,a,7224,FromCorner,2019,Head,12924,Angers,Reims,1,4,2020-02-01 19:00:00,Xavier Chavalerin,Aerial
480,356920,74,Goal,0.9019999694824219,0.6580000305175782,0.1572510004043579,Boulaye Dia,a,7224,OpenPlay,2019,RightFoot,12924,Angers,Reims,1,4,2020-02-01 19:00:00,Xavier Chavalerin,TakeOn
481,357620,33,SavedShot,0.8630000305175781,0.6509999847412109,0.05834810063242912,Boulaye Dia,h,7224,OpenPlay,2019,LeftFoot,12932,Reims,Nice,1,1,2020-02-05 18:00:00,Nathanael Mbuku,Pass
482,357628,68,BlockedShot,0.8680000305175781,0.39599998474121095,0.062421198934316635,Boulaye Dia,h,7224,OpenPlay,2019,RightFoot,12932,Reims,Nice,1,1,2020-02-05 18:00:00,Nathanael Mbuku,BallTouch
483,360229,13,MissedShots,0.740999984741211,0.54,0.014650099910795689,Boulaye Dia,a,7224,OpenPlay,2019,RightFoot,12964,Saint-Etienne,Reims,1,1,2020-02-23 14:00:00,El Bilal Touré,HeadPass
484,360235,41,MissedShots,0.825,0.28899999618530275,0.026557300239801407,Boulaye Dia,a,7224,OpenPlay,2019,LeftFoot,12964,Saint-Etienne,Reims,1,1,2020-02-23 14:00:00,El Bilal Touré,TakeOn
485,360246,93,Goal,0.885,0.5,0.7600950002670288,Boulaye Dia,a,7224,Penalty,2019,RightFoot,12964,Saint-Etienne,Reims,1,1,2020-02-23 14:00:00,,Standard
486,361080,90,MissedShots,0.9530000305175781,0.3320000076293945,0.3145270049571991,Boulaye Dia,a,7224,OpenPlay,2019,RightFoot,12975,Monaco,Reims,1,1,2020-02-29 19:00:00,Moussa Doumbia,Throughball
487,375678,4,Goal,0.8719999694824219,0.45599998474121095,0.31034401059150696,Boulaye Dia,a,7224,OpenPlay,2020,RightFoot,13982,Monaco,Reims,2,2,2020-08-23 11:00:00,El Bilal Touré,HeadPass
488,375680,10,MissedShots,0.8630000305175781,0.38599998474121094,0.08172199875116348,Boulaye Dia,a,7224,OpenPlay,2020,RightFoot,13982,Monaco,Reims,2,2,2020-08-23 11:00:00,Dereck Kutesa,Pass
489,375685,29,BlockedShot,0.85,0.6880000305175781,0.09715080261230469,Boulaye Dia,a,7224,OpenPlay,2020,RightFoot,13982,Monaco,Reims,2,2,2020-08-23 11:00:00,El Bilal Touré,Pass
490,375704,73,MissedShots,0.919000015258789,0.5070000076293946,0.5287320017814636,Boulaye Dia,a,7224,OpenPlay,2020,RightFoot,13982,Monaco,Reims,2,2,2020-08-23 11:00:00,,None
491,376827,61,MissedShots,0.924000015258789,0.34,0.06613379716873169,Boulaye Dia,a,7224,OpenPlay,2020,RightFoot,14197,Angers,Reims,1,0,2020-09-13 13:00:00,El Bilal Touré,Pass
492,378005,11,MissedShots,0.8009999847412109,0.6079999923706054,0.05759260058403015,Boulaye Dia,a,7224,OpenPlay,2020,RightFoot,14209,Metz,Reims,2,1,2020-09-20 13:00:00,Arbër Zeneli,TakeOn
493,378011,42,Goal,0.885,0.5,0.7600950002670288,Boulaye Dia,a,7224,Penalty,2020,RightFoot,14209,Metz,Reims,2,1,2020-09-20 13:00:00,,Standard
494,378016,62,BlockedShot,0.8909999847412109,0.3770000076293945,0.07160390168428421,Boulaye Dia,a,7224,OpenPlay,2020,RightFoot,14209,Metz,Reims,2,1,2020-09-20 13:00:00,Valon Berisha,Foul
495,379866,60,BlockedShot,0.83,0.7330000305175781,0.024634800851345062,Boulaye Dia,h,7224,OpenPlay,2020,RightFoot,14223,Reims,Paris Saint Germain,0,2,2020-09-27 19:00:00,Valon Berisha,Pass
496,379871,66,MissedShots,0.8180000305175781,0.67,0.03125850111246109,Boulaye Dia,h,7224,OpenPlay,2020,RightFoot,14223,Reims,Paris Saint Germain,0,2,2020-09-27 19:00:00,Arbër Zeneli,Pass
497,381340,48,MissedShots,0.8159999847412109,0.6780000305175782,0.03148619830608368,Boulaye Dia,a,7224,OpenPlay,2020,RightFoot,15814,Rennes,Reims,2,2,2020-10-04 15:00:00,Ghislain Konan,Pass
498,381347,65,Goal,0.8869999694824219,0.565,0.15111400187015533,Boulaye Dia,a,7224,OpenPlay,2020,LeftFoot,15814,Rennes,Reims,2,2,2020-10-04 15:00:00,Dereck Kutesa,TakeOn
499,383809,0,MissedShots,0.9219999694824219,0.32,0.062430500984191895,Boulaye Dia,a,7224,OpenPlay,2020,RightFoot,15829,Montpellier,Reims,0,4,2020-10-25 14:00:00,Kaj Sierhuis,Pass
500,383812,8,Goal,0.885,0.5,0.7600950002670288,Boulaye Dia,a,7224,Penalty,2020,RightFoot,15829,Montpellier,Reims,0,4,2020-10-25 14:00:00,,Standard
501,383813,12,Goal,0.970999984741211,0.5359999847412109,0.9672530293464661,Boulaye Dia,a,7224,OpenPlay,2020,LeftFoot,15829,Montpellier,Reims,0,4,2020-10-25 14:00:00,Mathieu Cafaro,TakeOn
502,383816,21,BlockedShot,0.7809999847412109,0.4520000076293945,0.04981980100274086,Boulaye Dia,a,7224,OpenPlay,2020,RightFoot,15829,Montpellier,Reims,0,4,2020-10-25 14:00:00,Valon Berisha,Pass
503,383828,55,Goal,0.885,0.5,0.7600950002670288,Boulaye Dia,a,7224,Penalty,2020,RightFoot,15829,Montpellier,Reims,0,4,2020-10-25 14:00:00,,Standard
504,385124,38,MissedShots,0.8580000305175781,0.49700000762939456,0.11488399654626846,Boulaye Dia,h,7224,OpenPlay,2020,RightFoot,15841,Reims,Strasbourg,2,1,2020-11-01 14:00:00,Fodé Doucouré,Pass
505,385132,76,SavedShot,0.9469999694824218,0.35900001525878905,0.07930920273065567,Boulaye Dia,h,7224,OpenPlay,2020,RightFoot,15841,Reims,Strasbourg,2,1,2020-11-01 14:00:00,Nathanael Mbuku,HeadPass
506,386515,45,SavedShot,0.8569999694824219,0.56,0.018845299258828163,Boulaye Dia,a,7224,OpenPlay,2020,Head,15853,Lens,Reims,4,4,2020-11-08 14:00:00,Nathanael Mbuku,Cross
507,386519,53,Goal,0.945,0.610999984741211,0.08309829980134964,Boulaye Dia,a,7224,OpenPlay,2020,LeftFoot,15853,Lens,Reims,4,4,2020-11-08 14:00:00,Valon Berisha,Chipped
508,386526,80,Goal,0.93,0.5320000076293945,0.8155120015144348,Boulaye Dia,a,7224,OpenPlay,2020,LeftFoot,15853,Lens,Reims,4,4,2020-11-08 14:00:00,,TakeOn
509,387935,31,SavedShot,0.8119999694824219,0.66,0.02807069942355156,Boulaye Dia,h,7224,OpenPlay,2020,RightFoot,15864,Reims,Nimes,0,1,2020-11-22 14:00:00,Mathieu Cafaro,Pass
510,387946,81,BlockedShot,0.91,0.5229999923706055,0.0440651997923851,Boulaye Dia,h,7224,OpenPlay,2020,Head,15864,Reims,Nimes,0,1,2020-11-22 14:00:00,Arbër Zeneli,Aerial
511,389186,45,SavedShot,0.9569999694824218,0.34200000762939453,0.07633879780769348,Boulaye Dia,a,7224,OpenPlay,2020,RightFoot,15872,Lyon,Reims,3,0,2020-11-29 12:00:00,,TakeOn
512,390859,9,MissedShots,0.89,0.28200000762939453,0.04322899878025055,Boulaye Dia,h,7224,OpenPlay,2020,RightFoot,15884,Reims,Nice,0,0,2020-12-06 16:00:00,Mathieu Cafaro,Pass
513,392151,84,MissedShots,0.789000015258789,0.39599998474121095,0.03148049861192703,Boulaye Dia,a,7224,OpenPlay,2020,RightFoot,15886,Brest,Reims,2,1,2020-12-13 14:00:00,Valon Berisha,Pass
514,392981,59,BlockedShot,0.845999984741211,0.28600000381469726,0.03038650006055832,Boulaye Dia,h,7224,OpenPlay,2020,LeftFoot,15905,Reims,Nantes,3,2,2020-12-16 18:00:00,Moreto Cassamã,Pass
515,392986,71,Goal,0.885,0.5,0.7600950002670288,Boulaye Dia,h,7224,Penalty,2020,RightFoot,15905,Reims,Nantes,3,2,2020-12-16 18:00:00,,Standard
516,395188,0,BlockedShot,0.915,0.6680000305175782,0.06412190198898315,Boulaye Dia,a,7224,OpenPlay,2020,RightFoot,15919,Bordeaux,Reims,1,3,2020-12-23 18:00:00,Nathanael Mbuku,Pass
517,395191,11,SavedShot,0.850999984741211,0.57,0.08874750137329102,Boulaye Dia,a,7224,OpenPlay,2020,RightFoot,15919,Bordeaux,Reims,1,3,2020-12-23 18:00:00,Arbër Zeneli,Pass
518,395195,17,Goal,0.8969999694824219,0.53,0.3919549882411957,Boulaye Dia,a,7224,OpenPlay,2020,LeftFoot,15919,Bordeaux,Reims,1,3,2020-12-23 18:00:00,,Rebound
519,397664,72,BlockedShot,0.850999984741211,0.725999984741211,0.057316798716783524,Boulaye Dia,h,7224,OpenPlay,2020,RightFoot,15932,Reims,Dijon,0,0,2021-01-06 20:00:00,,None
520,398144,11,Goal,0.885,0.5,0.7600950002670288,Boulaye Dia,h,7224,Penalty,2020,RightFoot,15944,Reims,Saint-Etienne,3,1,2021-01-09 20:00:00,,Standard
521,398151,36,Goal,0.9459999847412109,0.52,0.5795630216598511,Boulaye Dia,h,7224,OpenPlay,2020,RightFoot,15944,Reims,Saint-Etienne,3,1,2021-01-09 20:00:00,Xavier Chavalerin,Cross
522,399451,67,SavedShot,0.845999984741211,0.34299999237060547,0.0502374991774559,Boulaye Dia,a,7224,OpenPlay,2020,LeftFoot,15948,Lille,Reims,2,1,2021-01-17 16:00:00,Mathieu Cafaro,Pass
523,400866,23,MissedShots,0.9259999847412109,0.5459999847412109,0.518110990524292,Boulaye Dia,h,7224,OpenPlay,2020,RightFoot,15963,Reims,Brest,1,0,2021-01-24 14:00:00,Moussa Doumbia,Pass
524,400873,49,BlockedShot,0.9030000305175782,0.68,0.16578799486160278,Boulaye Dia,h,7224,OpenPlay,2020,RightFoot,15963,Reims,Brest,1,0,2021-01-24 14:00:00,Yunis Abdelhamid,TakeOn
525,402031,15,SavedShot,0.884000015258789,0.645,0.0797801986336708,Boulaye Dia,a,7224,OpenPlay,2020,RightFoot,15975,Strasbourg,Reims,0,1,2021-01-31 14:00:00,Mathieu Cafaro,Pass
526,402558,17,MissedShots,0.9159999847412109,0.3820000076293945,0.07523220032453537,Boulaye Dia,h,7224,OpenPlay,2020,RightFoot,15982,Reims,Angers,0,0,2021-02-03 18:00:00,Xavier Chavalerin,Chipped
527,402568,65,BlockedShot,0.895,0.38,0.09700389951467514,Boulaye Dia,h,7224,OpenPlay,2020,RightFoot,15982,Reims,Angers,0,0,2021-02-03 18:00:00,Nathanael Mbuku,Pass
528,403303,41,BlockedShot,0.8680000305175781,0.6120000076293945,0.06692919880151749,Boulaye Dia,a,7224,OpenPlay,2020,RightFoot,15993,Lorient,Reims,1,0,2021-02-06 16:00:00,,None
529,403305,47,BlockedShot,0.7559999847412109,0.6519999694824219,0.01932789944112301,Boulaye Dia,a,7224,OpenPlay,2020,RightFoot,15993,Lorient,Reims,1,0,2021-02-06 16:00:00,Xavier Chavalerin,TakeOn
530,404454,12,SavedShot,0.9069999694824219,0.6919999694824219,0.05828920006752014,Boulaye Dia,h,7224,OpenPlay,2020,LeftFoot,16004,Reims,Lens,1,1,2021-02-13 18:00:00,Xavier Chavalerin,Pass
531,404471,77,SavedShot,0.7480000305175781,0.4879999923706055,0.025876499712467194,Boulaye Dia,h,7224,OpenPlay,2020,LeftFoot,16004,Reims,Lens,1,1,2021-02-13 18:00:00,Thomas Foket,TakeOn
532,405402,73,MissedShots,0.9230000305175782,0.3509999847412109,0.13267399370670319,Boulaye Dia,a,7224,OpenPlay,2020,RightFoot,16014,Saint-Etienne,Reims,1,1,2021-02-20 12:00:00,Nathanael Mbuku,Throughball
533,408140,1,MissedShots,0.9309999847412109,0.49900001525878906,0.4380140006542206,Boulaye Dia,a,7224,OpenPlay,2020,Head,16032,Nantes,Reims,1,2,2021-03-03 20:00:00,Mathieu Cafaro,Cross
534,409635,20,SavedShot,0.855,0.6309999847412109,0.07290949672460556,Boulaye Dia,h,7224,OpenPlay,2020,RightFoot,16043,Reims,Lyon,1,1,2021-03-12 20:00:00,Valon Berisha,Pass
535,411726,49,Goal,0.950999984741211,0.524000015258789,0.9510610103607178,Boulaye Dia,a,7224,OpenPlay,2020,LeftFoot,16051,Dijon,Reims,0,1,2021-03-21 14:00:00,,TakeOn
536,413061,56,MissedShots,0.9119999694824219,0.31799999237060544,0.05660479888319969,Boulaye Dia,h,7224,OpenPlay,2020,RightFoot,16057,Reims,Rennes,2,2,2021-04-04 13:00:00,,None
537,413063,59,Goal,0.9530000305175781,0.46099998474121096,0.6261489987373352,Boulaye Dia,h,7224,OpenPlay,2020,RightFoot,16057,Reims,Rennes,2,2,2021-04-04 13:00:00,,Rebound
538,414314,12,MissedShots,0.9530000305175781,0.6309999847412109,0.021664800122380257,Boulaye Dia,a,7224,FromCorner,2020,Head,16072,Nice,Reims,0,0,2021-04-11 13:00:00,Mathieu Cafaro,Cross
539,415757,54,SavedShot,0.8880000305175781,0.25799999237060545,0.033523499965667725,Boulaye Dia,h,7224,OpenPlay,2020,RightFoot,16076,Reims,Metz,0,0,2021-04-18 13:00:00,Nathanael Mbuku,Pass
540,415758,56,MissedShots,0.8830000305175781,0.6830000305175781,0.10489699989557266,Boulaye Dia,h,7224,OpenPlay,2020,LeftFoot,16076,Reims,Metz,0,0,2021-04-18 13:00:00,,BallRecovery
541,416961,35,BlockedShot,0.7180000305175781,0.47400001525878904,0.017743200063705444,Boulaye Dia,h,7224,OpenPlay,2020,RightFoot,16090,Reims,Marseille,1,3,2021-04-23 19:00:00,Yunis Abdelhamid,Pass
542,416967,65,BlockedShot,0.9,0.32799999237060545,0.2072409987449646,Boulaye Dia,h,7224,OpenPlay,2020,RightFoot,16090,Reims,Marseille,1,3,2021-04-23 19:00:00,Fodé Doucouré,Chipped
543,418979,14,SavedShot,0.8519999694824218,0.5070000076293946,0.29225799441337585,Boulaye Dia,a,7224,OpenPlay,2020,RightFoot,16103,Nimes,Reims,2,2,2021-05-02 13:00:00,Xavier Chavalerin,Chipped
544,420727,27,SavedShot,0.9519999694824218,0.3270000076293945,0.09722290188074112,Boulaye Dia,h,7224,OpenPlay,2020,RightFoot,16112,Reims,Monaco,0,1,2021-05-09 15:05:00,Nathanael Mbuku,Throughball
545,420729,34,BlockedShot,0.8480000305175781,0.3659999847412109,0.057051900774240494,Boulaye Dia,h,7224,OpenPlay,2020,RightFoot,16112,Reims,Monaco,0,1,2021-05-09 15:05:00,Nathanael Mbuku,Pass
546,423036,27,MissedShots,0.970999984741211,0.3039999961853027,0.043003298342227936,Boulaye Dia,a,7224,OpenPlay,2020,RightFoot,16125,Paris Saint Germain,Reims,4,0,2021-05-16 19:00:00,Nathanael Mbuku,Pass
547,424526,56,MissedShots,0.7569999694824219,0.6469999694824219,0.020134299993515015,Boulaye Dia,h,7224,OpenPlay,2020,RightFoot,16132,Reims,Bordeaux,1,2,2021-05-23 19:00:00,Nathanael Mbuku,Pass
548,424528,64,MissedShots,0.8519999694824218,0.49,0.06684839725494385,Boulaye Dia,h,7224,OpenPlay,2020,LeftFoot,16132,Reims,Bordeaux,1,2,2021-05-23 19:00:00,,Dispossessed
549,424532,78,BlockedShot,0.7180000305175781,0.37,0.014258399605751038,Boulaye Dia,h,7224,OpenPlay,2020,RightFoot,16132,Reims,Bordeaux,1,2,2021-05-23 19:00:00,Kaj Sierhuis,Pass
550,426650,18,MissedShots,0.840999984741211,0.34200000762939453,0.03555300086736679,Boulaye Dia,h,7224,OpenPlay,2021,RightFoot,17144,Villarreal,Granada,0,0,2021-08-16 18:00:00,Gerard Moreno,Pass
551,426653,33,MissedShots,0.735999984741211,0.5029999923706054,0.01897289976477623,Boulaye Dia,h,7224,OpenPlay,2021,RightFoot,17144,Villarreal,Granada,0,0,2021-08-16 18:00:00,Gerard Moreno,BallRecovery
552,427341,50,BlockedShot,0.9059999847412109,0.6229999923706054,0.07146479934453964,Boulaye Dia,a,7224,OpenPlay,2021,LeftFoot,17149,Espanyol,Villarreal,0,0,2021-08-21 17:30:00,Alberto Moreno,Chipped
553,427342,52,BlockedShot,0.8519999694824218,0.6530000305175782,0.06364600360393524,Boulaye Dia,a,7224,OpenPlay,2021,RightFoot,17149,Espanyol,Villarreal,0,0,2021-08-21 17:30:00,Etienne Capoue,Pass
554,427350,80,MissedShots,0.8519999694824218,0.345,0.05016060173511505,Boulaye Dia,a,7224,OpenPlay,2021,RightFoot,17149,Espanyol,Villarreal,0,0,2021-08-21 17:30:00,,None
555,431700,3,BlockedShot,0.9219999694824219,0.4520000076293945,0.1342809945344925,Boulaye Dia,a,7224,OpenPlay,2021,RightFoot,17181,Mallorca,Villarreal,0,0,2021-09-19 12:00:00,,Rebound
556,431705,29,SavedShot,0.945,0.5509999847412109,0.47602900862693787,Boulaye Dia,a,7224,OpenPlay,2021,LeftFoot,17181,Mallorca,Villarreal,0,0,2021-09-19 12:00:00,Estupiñán,Cross
557,432925,78,SavedShot,0.7930000305175782,0.6480000305175782,0.06107969954609871,Boulaye Dia,h,7224,OpenPlay,2021,RightFoot,17188,Villarreal,Elche,4,1,2021-09-22 20:00:00,Francis Coquelin,TakeOn
558,432929,89,BlockedShot,0.8569999694824219,0.6079999923706054,0.09197840094566345,Boulaye Dia,h,7224,OpenPlay,2021,RightFoot,17188,Villarreal,Elche,4,1,2021-09-22 20:00:00,Francis Coquelin,Pass
559,438922,79,Goal,0.9580000305175781,0.4620000076293945,0.5370780229568481,Boulaye Dia,h,7224,OpenPlay,2021,LeftFoot,17238,Villarreal,Cadiz,3,3,2021-10-26 19:30:00,Serge Aurier,Cross
560,439882,57,BlockedShot,0.874000015258789,0.40599998474121096,0.08545350283384323,Boulaye Dia,a,7224,OpenPlay,2021,RightFoot,17247,Valencia,Villarreal,2,0,2021-10-30 16:30:00,Samuel Chukwueze,Pass
561,439885,69,BlockedShot,0.8130000305175781,0.38799999237060545,0.03754480183124542,Boulaye Dia,a,7224,OpenPlay,2021,LeftFoot,17247,Valencia,Villarreal,2,0,2021-10-30 16:30:00,Moi Gómez,Pass
562,441474,83,ShotOnPost,0.8969999694824219,0.5479999923706055,0.13638299703598022,Boulaye Dia,h,7224,OpenPlay,2021,RightFoot,17265,Villarreal,Getafe,1,0,2021-11-07 13:00:00,Francis Coquelin,Pass
563,442294,29,MissedShots,0.7559999847412109,0.590999984741211,0.033450301736593246,Boulaye Dia,a,7224,OpenPlay,2021,RightFoot,17268,Celta Vigo,Villarreal,1,1,2021-11-20 13:00:00,,BallRecovery
564,442298,43,SavedShot,0.8480000305175781,0.5179999923706055,0.3362950086593628,Boulaye Dia,a,7224,OpenPlay,2021,LeftFoot,17268,Celta Vigo,Villarreal,1,1,2021-11-20 13:00:00,Juan Foyth,Pass
565,445974,95,BlockedShot,0.92,0.5829999923706055,0.08211970329284668,Boulaye Dia,a,7224,OpenPlay,2021,LeftFoot,17292,Sevilla,Villarreal,1,0,2021-12-04 13:00:00,Estupiñán,Cross
566,448112,13,MissedShots,0.815,0.485,0.06041460111737251,Boulaye Dia,h,7224,OpenPlay,2021,LeftFoot,17305,Villarreal,Rayo Vallecano,2,0,2021-12-12 13:00:00,,Dispossessed
567,448124,61,BlockedShot,0.8580000305175781,0.36,0.05433660000562668,Boulaye Dia,h,7224,SetPiece,2021,RightFoot,17305,Villarreal,Rayo Vallecano,2,0,2021-12-12 13:00:00,Gerard Moreno,BallTouch
568,449478,2,BlockedShot,0.91,0.5509999847412109,0.09704829752445221,Boulaye Dia,a,7224,OpenPlay,2021,RightFoot,17312,Real Sociedad,Villarreal,1,3,2021-12-18 15:15:00,Estupiñán,Cross
569,449483,23,MissedShots,0.8769999694824219,0.46700000762939453,0.39398500323295593,Boulaye Dia,a,7224,OpenPlay,2021,RightFoot,17312,Real Sociedad,Villarreal,1,3,2021-12-18 15:15:00,Gerard Moreno,Pass
570,449496,79,SavedShot,0.8930000305175781,0.48700000762939455,0.050845298916101456,Boulaye Dia,a,7224,OpenPlay,2021,Head,17312,Real Sociedad,Villarreal,1,3,2021-12-18 15:15:00,Etienne Capoue,Aerial
571,450017,5,BlockedShot,0.8540000152587891,0.51,0.09499070048332214,Boulaye Dia,h,7224,OpenPlay,2021,RightFoot,17175,Villarreal,Alaves,5,2,2021-12-21 20:00:00,Samuel Chukwueze,Pass
572,450022,26,Goal,0.9230000305175782,0.600999984741211,0.45237401127815247,Boulaye Dia,h,7224,OpenPlay,2021,RightFoot,17175,Villarreal,Alaves,5,2,2021-12-21 20:00:00,Manu Trigueros,Pass
573,450023,42,SavedShot,0.8869999694824219,0.3609999847412109,0.10887300223112106,Boulaye Dia,h,7224,OpenPlay,2021,RightFoot,17175,Villarreal,Alaves,5,2,2021-12-21 20:00:00,Samuel Chukwueze,Pass
574,450025,46,BlockedShot,0.845,0.695,0.05655590072274208,Boulaye Dia,h,7224,OpenPlay,2021,RightFoot,17175,Villarreal,Alaves,5,2,2021-12-21 20:00:00,Manu Trigueros,Chipped
575,450034,75,Goal,0.8669999694824219,0.6459999847412109,0.3276199996471405,Boulaye Dia,h,7224,OpenPlay,2021,RightFoot,17175,Villarreal,Alaves,5,2,2021-12-21 20:00:00,Daniel Parejo,Throughball
576,450036,78,MissedShots,0.9519999694824218,0.5590000152587891,0.1495559960603714,Boulaye Dia,h,7224,OpenPlay,2021,LeftFoot,17175,Villarreal,Alaves,5,2,2021-12-21 20:00:00,Alfonso,Pass
577,450040,81,MissedShots,0.915,0.504000015258789,0.13481399416923523,Boulaye Dia,h,7224,OpenPlay,2021,LeftFoot,17175,Villarreal,Alaves,5,2,2021-12-21 20:00:00,Alfonso,Cross
578,451353,7,Goal,0.9290000152587891,0.5309999847412109,0.39667901396751404,Boulaye Dia,h,7224,OpenPlay,2021,Head,17318,Villarreal,Levante,5,0,2022-01-03 18:00:00,Samuel Chukwueze,Chipped
579,460220,85,Goal,0.855,0.6090000152587891,0.11236800253391266,Boulaye Dia,h,7224,OpenPlay,2021,RightFoot,17395,Villarreal,Espanyol,5,1,2022-02-27 13:00:00,Moi Gómez,Pass
580,460884,87,MissedShots,0.9009999847412109,0.4329999923706055,0.04280279949307442,Boulaye Dia,a,7224,FromCorner,2021,Head,17402,Osasuna,Villarreal,1,0,2022-03-05 13:00:00,,None
581,464626,38,BlockedShot,0.850999984741211,0.5359999847412109,0.08327940106391907,Boulaye Dia,a,7224,OpenPlay,2021,RightFoot,17419,Cadiz,Villarreal,1,0,2022-03-20 15:15:00,Giovani Lo Celso,Pass
582,464627,39,BlockedShot,0.8719999694824219,0.37,0.06631050258874893,Boulaye Dia,a,7224,OpenPlay,2021,RightFoot,17419,Cadiz,Villarreal,1,0,2022-03-20 15:15:00,Giovani Lo Celso,Pass
583,471303,18,MissedShots,0.860999984741211,0.6659999847412109,0.049009401351213455,Boulaye Dia,a,7224,OpenPlay,2021,RightFoot,17466,Alaves,Villarreal,2,1,2022-04-30 12:00:00,Alfonso,Pass
584,471304,22,SavedShot,0.8919999694824219,0.35400001525878905,0.058384500443935394,Boulaye Dia,a,7224,OpenPlay,2021,RightFoot,17466,Alaves,Villarreal,2,1,2022-04-30 12:00:00,,None
585,471309,39,BlockedShot,0.835,0.5459999847412109,0.06746169924736023,Boulaye Dia,a,7224,OpenPlay,2021,RightFoot,17466,Alaves,Villarreal,2,1,2022-04-30 12:00:00,Samuel Chukwueze,Pass
586,474195,3,BlockedShot,0.9059999847412109,0.47,0.1472949981689453,Boulaye Dia,h,7224,OpenPlay,2021,RightFoot,17485,Villarreal,Sevilla,1,1,2022-05-08 14:15:00,Samuel Chukwueze,Pass
587,484543,6,Goal,0.9669999694824218,0.5320000076293945,0.6400880217552185,Boulaye Dia,h,7224,OpenPlay,2022,RightFoot,18608,Salernitana,Sampdoria,4,0,2022-08-28 16:30:00,,None
588,484560,66,MissedShots,0.8930000305175781,0.4909999847412109,0.0830753967165947,Boulaye Dia,h,7224,SetPiece,2022,Head,18608,Salernitana,Sampdoria,4,0,2022-08-28 16:30:00,Grigoris Kastanos,Cross
589,485477,6,SavedShot,0.8730000305175781,0.534000015258789,0.03677169978618622,Boulaye Dia,a,7224,OpenPlay,2022,Head,18621,Bologna,Salernitana,1,1,2022-09-01 18:45:00,Lassana Coulibaly,Chipped
590,485502,87,Goal,0.95,0.5529999923706055,0.5636799931526184,Boulaye Dia,a,7224,OpenPlay,2022,LeftFoot,18621,Bologna,Salernitana,1,1,2022-09-01 18:45:00,,Rebound
591,486932,4,BlockedShot,0.720999984741211,0.42400001525878905,0.014950900338590145,Boulaye Dia,h,7224,OpenPlay,2022,RightFoot,18630,Salernitana,Empoli,2,2,2022-09-05 16:30:00,,Dispossessed
592,486947,60,Goal,0.9630000305175781,0.5259999847412109,0.5518670082092285,Boulaye Dia,h,7224,FromCorner,2022,LeftFoot,18630,Salernitana,Empoli,2,2,2022-09-05 16:30:00,Tonny Vilhena,Cross
593,488227,78,SavedShot,0.8119999694824219,0.4640000152587891,0.060161199420690536,Boulaye Dia,a,7224,OpenPlay,2022,RightFoot,18636,Juventus,Salernitana,2,2,2022-09-11 18:45:00,Pasquale Mazzocchi,TakeOn
594,490742,24,SavedShot,0.8969999694824219,0.61,0.3339509963989258,Boulaye Dia,a,7224,OpenPlay,2022,LeftFoot,18661,Sassuolo,Salernitana,5,0,2022-10-02 13:00:00,Giulio Maggiore,Pass
595,490744,33,MissedShots,0.860999984741211,0.49200000762939455,0.08991629630327225,Boulaye Dia,a,7224,OpenPlay,2022,RightFoot,18661,Sassuolo,Salernitana,5,0,2022-10-02 13:00:00,Pasquale Mazzocchi,Pass
596,492193,91,BlockedShot,0.7419999694824219,0.6029999923706054,0.022431399673223495,Boulaye Dia,h,7224,OpenPlay,2022,RightFoot,18668,Salernitana,Verona,2,1,2022-10-09 13:00:00,,TakeOn
597,492194,93,Goal,0.8419999694824218,0.4620000076293945,0.07724040001630783,Boulaye Dia,h,7224,OpenPlay,2022,LeftFoot,18668,Salernitana,Verona,2,1,2022-10-09 13:00:00,Erik Botheim,Pass
598,493369,53,SavedShot,0.8730000305175781,0.5940000152587891,0.02219180017709732,Boulaye Dia,a,7224,OpenPlay,2022,Head,18675,Inter,Salernitana,2,0,2022-10-16 10:30:00,Antonio Candreva,Chipped
599,494821,34,BlockedShot,0.865,0.6020000076293945,0.10829800367355347,Boulaye Dia,h,7224,OpenPlay,2022,RightFoot,18689,Salernitana,Spezia,1,0,2022-10-22 13:00:00,Federico Bonazzoli,Pass
600,497442,75,Goal,0.985999984741211,0.4620000076293945,0.9756619930267334,Boulaye Dia,a,7224,OpenPlay,2022,RightFoot,18696,Lazio,Salernitana,1,3,2022-10-30 17:00:00,Domagoj Bradaric,Pass
601,497848,31,MissedShots,0.9219999694824219,0.5690000152587891,0.10325100272893906,Boulaye Dia,h,7224,FromCorner,2022,LeftFoot,18709,Salernitana,Cremonese,2,2,2022-11-05 14:00:00,,None
602,499566,54,Goal,0.889000015258789,0.5609999847412109,0.38499099016189575,Boulaye Dia,a,7224,OpenPlay,2022,LeftFoot,18713,Fiorentina,Salernitana,2,1,2022-11-09 19:45:00,Krzysztof Piatek,Pass
603,502278,22,BlockedShot,0.9519999694824218,0.32099998474121094,0.07218050211668015,Boulaye Dia,h,7224,OpenPlay,2022,RightFoot,18737,Salernitana,AC Milan,1,2,2023-01-04 11:30:00,Tonny Vilhena,Pass
604,502824,25,BlockedShot,0.8180000305175781,0.3729999923706055,0.029774099588394165,Boulaye Dia,h,7224,SetPiece,2022,LeftFoot,18749,Salernitana,Torino,1,1,2023-01-08 11:30:00,Antonio Candreva,Pass
605,502827,31,MissedShots,0.8809999847412109,0.6270000076293946,0.07448869943618774,Boulaye Dia,h,7224,OpenPlay,2022,LeftFoot,18749,Salernitana,Torino,1,1,2023-01-08 11:30:00,,Dispossessed
606,502835,46,SavedShot,0.850999984741211,0.5479999923706055,0.07486040145158768,Boulaye Dia,h,7224,OpenPlay,2022,RightFoot,18749,Salernitana,Torino,1,1,2023-01-08 11:30:00,Federico Bonazzoli,Pass
607,504205,9,Goal,0.879000015258789,0.59,0.2846980094909668,Boulaye Dia,a,7224,OpenPlay,2022,LeftFoot,18752,Atalanta,Salernitana,8,2,2023-01-15 17:00:00,Krzysztof Piatek,HeadPass
608,504218,50,MissedShots,0.935,0.645,0.055194299668073654,Boulaye Dia,a,7224,OpenPlay,2022,LeftFoot,18752,Atalanta,Salernitana,8,2,2023-01-15 17:00:00,,None
609,505575,4,Goal,0.785,0.5429999923706055,0.03432359918951988,Boulaye Dia,a,7224,OpenPlay,2022,RightFoot,18778,Lecce,Salernitana,1,2,2023-01-27 19:45:00,,None
610,508021,50,MissedShots,0.9890000152587891,0.5740000152587891,0.2829659879207611,Boulaye Dia,h,7224,OpenPlay,2022,RightFoot,18788,Salernitana,Juventus,0,3,2023-02-07 19:45:00,Junior Sambia,Cross
611,508029,72,MissedShots,0.7619999694824219,0.639000015258789,0.022286999970674515,Boulaye Dia,h,7224,OpenPlay,2022,RightFoot,18788,Salernitana,Juventus,0,3,2023-02-07 19:45:00,Emil Bohinen,Pass
612,509187,47,MissedShots,0.9230000305175782,0.3340000152587891,0.0566370002925396,Boulaye Dia,a,7224,OpenPlay,2022,RightFoot,18795,Verona,Salernitana,1,0,2023-02-13 17:30:00,,BallTouch
613,509197,91,MissedShots,0.8169999694824219,0.5029999923706054,0.05931280180811882,Boulaye Dia,a,7224,OpenPlay,2022,RightFoot,18795,Verona,Salernitana,1,0,2023-02-13 17:30:00,Domagoj Bradaric,Pass
614,514484,60,Goal,0.9209999847412109,0.5359999847412109,0.4002610146999359,Boulaye Dia,a,7224,OpenPlay,2022,RightFoot,18838,AC Milan,Salernitana,1,1,2023-03-13 19:45:00,Domagoj Bradaric,Cross
615,514491,83,BlockedShot,0.8040000152587891,0.5359999847412109,0.046404000371694565,Boulaye Dia,a,7224,OpenPlay,2022,RightFoot,18838,AC Milan,Salernitana,1,1,2023-03-13 19:45:00,Domagoj Bradaric,Pass
616,515159,5,BlockedShot,0.7969999694824219,0.685,0.02637379989027977,Boulaye Dia,h,7224,OpenPlay,2022,RightFoot,18847,Salernitana,Bologna,2,2,2023-03-18 17:00:00,Domagoj Bradaric,Pass
617,515172,62,BlockedShot,0.8780000305175781,0.67,0.09246020019054413,Boulaye Dia,h,7224,OpenPlay,2022,LeftFoot,18847,Salernitana,Bologna,2,2,2023-03-18 17:00:00,Krzysztof Piatek,Pass
618,515174,63,Goal,0.8590000152587891,0.5259999847412109,0.05621270090341568,Boulaye Dia,h,7224,FromCorner,2022,RightFoot,18847,Salernitana,Bologna,2,2,2023-03-18 17:00:00,Flavius Daniliuc,BallTouch
619,515182,91,BlockedShot,0.850999984741211,0.710999984741211,0.032690200954675674,Boulaye Dia,h,7224,OpenPlay,2022,RightFoot,18847,Salernitana,Bologna,2,2,2023-03-18 17:00:00,Tonny Vilhena,Pass
620,516974,58,MissedShots,0.8480000305175781,0.610999984741211,0.12460099905729294,Boulaye Dia,a,7224,OpenPlay,2022,RightFoot,18856,Spezia,Salernitana,1,1,2023-04-02 13:00:00,Norbert Gyömbér,BallRecovery
621,517580,61,MissedShots,0.8009999847412109,0.45,0.029435500502586365,Boulaye Dia,h,7224,OpenPlay,2022,RightFoot,18868,Salernitana,Inter,1,1,2023-04-07 15:00:00,Grigoris Kastanos,HeadPass
622,517588,70,ShotOnPost,0.9359999847412109,0.45799999237060546,0.4740000069141388,Boulaye Dia,h,7224,OpenPlay,2022,RightFoot,18868,Salernitana,Inter,1,1,2023-04-07 15:00:00,Antonio Candreva,Cross
623,517589,71,MissedShots,0.879000015258789,0.47,0.04394020140171051,Boulaye Dia,h,7224,OpenPlay,2022,Head,18868,Salernitana,Inter,1,1,2023-04-07 15:00:00,Antonio Candreva,Cross
624,517593,82,SavedShot,0.89,0.6509999847412109,0.07091130316257477,Boulaye Dia,h,7224,OpenPlay,2022,RightFoot,18868,Salernitana,Inter,1,1,2023-04-07 15:00:00,Flavius Daniliuc,Pass
625,520040,5,BlockedShot,0.915,0.33599998474121096,0.08197549730539322,Boulaye Dia,a,7224,OpenPlay,2022,RightFoot,18881,Torino,Salernitana,1,1,2023-04-16 13:00:00,Krzysztof Piatek,Pass
626,520681,19,Goal,0.9269999694824219,0.45799999237060546,0.46477147936820984,Boulaye Dia,h,7224,OpenPlay,2022,RightFoot,18889,Salernitana,Sassuolo,3,0,2023-04-22 13:00:00,Erik Botheim,HeadPass
627,523358,26,MissedShots,0.9219999694824219,0.47299999237060547,0.05996958166360855,Boulaye Dia,a,7224,OpenPlay,2022,Head,18897,Napoli,Salernitana,1,1,2023-04-30 14:00:00,,None
628,523374,83,Goal,0.8530000305175781,0.27299999237060546,0.07999435812234879,Boulaye Dia,a,7224,OpenPlay,2022,LeftFoot,18897,Napoli,Salernitana,1,1,2023-04-30 14:00:00,Grigoris Kastanos,TakeOn
629,523931,9,Goal,0.8980000305175782,0.6190000152587891,0.09500815719366074,Boulaye Dia,h,7224,OpenPlay,2022,RightFoot,18909,Salernitana,Fiorentina,3,3,2023-05-03 16:00:00,Domagoj Bradaric,Pass
630,523937,58,Goal,0.825,0.5259999847412109,0.12217637896537781,Boulaye Dia,h,7224,OpenPlay,2022,RightFoot,18909,Salernitana,Fiorentina,3,3,2023-05-03 16:00:00,Erik Botheim,Throughball
631,523942,80,Goal,0.885,0.5,0.7612988352775574,Boulaye Dia,h,7224,Penalty,2022,RightFoot,18909,Salernitana,Fiorentina,3,3,2023-05-03 16:00:00,,Standard
632,525418,40,MissedShots,0.8690000152587891,0.595999984741211,0.026522351428866386,Boulaye Dia,a,7224,FromCorner,2022,RightFoot,18914,Empoli,Salernitana,2,1,2023-05-08 16:30:00,,Aerial
633,525790,55,MissedShots,0.8440000152587891,0.505,0.27827420830726624,Boulaye Dia,h,7224,OpenPlay,2022,RightFoot,18929,Salernitana,Atalanta,1,0,2023-05-13 13:00:00,Flavius Daniliuc,Pass
634,528384,53,Goal,0.9490000152587891,0.52,0.6397862434387207,Boulaye Dia,a,7224,OpenPlay,2022,LeftFoot,18938,Roma,Salernitana,2,2,2023-05-22 16:30:00,Krzysztof Piatek,Rebound
635,535681,71,Goal,0.9380000305175781,0.644000015258789,0.3219010531902313,Boulaye Dia,h,7224,OpenPlay,2023,LeftFoot,22323,Salernitana,Udinese,1,1,2023-08-28 16:30:00,Antonio Candreva,Throughball
636,541513,20,BlockedShot,0.8569999694824219,0.53,0.10154382139444351,Boulaye Dia,h,7224,OpenPlay,2023,RightFoot,22372,Salernitana,Inter,0,4,2023-09-30 18:45:00,Flavius Daniliuc,Pass
637,541517,29,SavedShot,0.8619999694824219,0.5690000152587891,0.10018252581357956,Boulaye Dia,h,7224,OpenPlay,2023,LeftFoot,22372,Salernitana,Inter,0,4,2023-09-30 18:45:00,Mateusz Legowski,Pass
638,542971,72,SavedShot,0.9130000305175782,0.6359999847412109,0.26553839445114136,Boulaye Dia,a,7224,OpenPlay,2023,LeftFoot,22381,Monza,Salernitana,3,0,2023-10-08 10:30:00,,None
639,542972,73,SavedShot,0.9540000152587891,0.545,0.547758162021637,Boulaye Dia,a,7224,OpenPlay,2023,RightFoot,22381,Monza,Salernitana,3,0,2023-10-08 10:30:00,,None
640,544550,12,BlockedShot,0.8980000305175782,0.37599998474121094,0.06034333258867264,Boulaye Dia,h,7224,FromCorner,2023,LeftFoot,22388,Salernitana,Cagliari,2,2,2023-10-22 13:00:00,Grigoris Kastanos,Pass
641,544555,34,MissedShots,0.995,0.5890000152587891,0.07988467067480087,Boulaye Dia,h,7224,OpenPlay,2023,RightFoot,22388,Salernitana,Cagliari,2,2,2023-10-22 13:00:00,Jovane Cabral,TakeOn
642,544566,85,Goal,0.875,0.45799999237060546,0.11666121333837509,Boulaye Dia,h,7224,OpenPlay,2023,RightFoot,22388,Salernitana,Cagliari,2,2,2023-10-22 13:00:00,Chukwubuikem Ikwuemesi,Throughball
643,544568,94,Goal,0.885,0.5,0.7612988352775574,Boulaye Dia,h,7224,Penalty,2023,RightFoot,22388,Salernitana,Cagliari,2,2,2023-10-22 13:00:00,,Standard
644,544571,98,BlockedShot,0.860999984741211,0.5309999847412109,0.10296887159347534,Boulaye Dia,h,7224,OpenPlay,2023,LeftFoot,22388,Salernitana,Cagliari,2,2,2023-10-22 13:00:00,Loum Tchaouna,Pass
645,545140,33,SavedShot,0.8719999694824219,0.3220000076293945,0.08192769438028336,Boulaye Dia,a,7224,OpenPlay,2023,RightFoot,22396,Genoa,Salernitana,1,0,2023-10-27 18:45:00,Jovane Cabral,Pass
646,545144,45,MissedShots,0.7869999694824219,0.7080000305175781,0.03489450365304947,Boulaye Dia,a,7224,OpenPlay,2023,RightFoot,22396,Genoa,Salernitana,1,0,2023-10-27 18:45:00,Lassana Coulibaly,Pass
647,545150,90,MissedShots,0.955999984741211,0.5690000152587891,0.5301910042762756,Boulaye Dia,a,7224,OpenPlay,2023,LeftFoot,22396,Genoa,Salernitana,1,0,2023-10-27 18:45:00,,None
648,546661,35,BlockedShot,0.7390000152587891,0.4,0.01616615056991577,Boulaye Dia,h,7224,OpenPlay,2023,LeftFoot,22413,Salernitana,Napoli,0,2,2023-11-04 14:00:00,,None
649,547927,8,BlockedShot,0.7519999694824219,0.535,0.029344486072659492,Boulaye Dia,a,7224,OpenPlay,2023,RightFoot,22423,Sassuolo,Salernitana,2,2,2023-11-10 17:30:00,Pasquale Mazzocchi,Pass
650,547929,16,Goal,0.8809999847412109,0.34599998474121096,0.28537440299987793,Boulaye Dia,a,7224,OpenPlay,2023,RightFoot,22423,Sassuolo,Salernitana,2,2,2023-11-10 17:30:00,Loum Tchaouna,Pass
651,547953,84,BlockedShot,0.8919999694824219,0.3659999847412109,0.08792554587125778,Boulaye Dia,a,7224,OpenPlay,2023,RightFoot,22423,Sassuolo,Salernitana,2,2,2023-11-10 17:30:00,Antonio Candreva,Pass
652,551789,47,BlockedShot,0.7530000305175781,0.47299999237060547,0.023041045293211937,Boulaye Dia,a,7224,OpenPlay,2023,RightFoot,22435,Fiorentina,Salernitana,3,0,2023-12-03 14:00:00,Domagoj Bradaric,Pass
653,551796,61,BlockedShot,0.8619999694824219,0.425,0.08775373548269272,Boulaye Dia,a,7224,OpenPlay,2023,LeftFoot,22435,Fiorentina,Salernitana,3,0,2023-12-03 14:00:00,Giulio Maggiore,Pass
654,551798,64,BlockedShot,0.825999984741211,0.5709999847412109,0.0509893000125885,Boulaye Dia,a,7224,OpenPlay,2023,LeftFoot,22435,Fiorentina,Salernitana,3,0,2023-12-03 14:00:00,Chukwubuikem Ikwuemesi,BallTouch
655,553724,23,MissedShots,0.7780000305175782,0.31799999237060544,0.013990145176649094,Boulaye Dia,h,7224,OpenPlay,2023,LeftFoot,22452,Salernitana,Bologna,1,2,2023-12-10 17:00:00,Matteo Lovato,Pass
656,553727,40,BlockedShot,0.9109999847412109,0.40799999237060547,0.07026606798171997,Boulaye Dia,h,7224,OpenPlay,2023,RightFoot,22452,Salernitana,Bologna,1,2,2023-12-10 17:00:00,Antonio Candreva,Cross
657,555148,48,BlockedShot,0.8859999847412109,0.595,0.1232796311378479,Boulaye Dia,a,7224,OpenPlay,2023,RightFoot,22455,Atalanta,Salernitana,4,1,2023-12-18 19:45:00,Giulio Maggiore,Pass
658,555149,49,BlockedShot,0.875999984741211,0.615999984741211,0.11527519673109055,Boulaye Dia,a,7224,OpenPlay,2023,RightFoot,22455,Atalanta,Salernitana,4,1,2023-12-18 19:45:00,,Rebound
659,555160,74,ShotOnPost,0.895,0.40299999237060546,0.0798753872513771,Boulaye Dia,a,7224,OpenPlay,2023,RightFoot,22455,Atalanta,Salernitana,4,1,2023-12-18 19:45:00,Grigoris Kastanos,Pass
660,556019,5,SavedShot,0.9009999847412109,0.41700000762939454,0.3385891318321228,Boulaye Dia,h,7224,OpenPlay,2023,RightFoot,22473,Salernitana,AC Milan,2,2,2023-12-22 19:45:00,Domagoj Bradaric,Rebound
661,561497,80,SavedShot,0.875,0.6480000305175782,0.04641294851899147,Boulaye Dia,a,7224,FromCorner,2023,RightFoot,22529,Torino,Salernitana,0,0,2024-02-04 11:30:00,,None
662,562190,37,MissedShots,0.875999984741211,0.43,0.08622296899557114,Boulaye Dia,h,7224,OpenPlay,2023,LeftFoot,22541,Salernitana,Empoli,1,3,2024-02-09 19:45:00,Jérôme Boateng,Pass
663,562200,56,MissedShots,0.8290000152587891,0.47400001525878904,0.03829531744122505,Boulaye Dia,h,7224,OpenPlay,2023,RightFoot,22541,Salernitana,Empoli,1,3,2024-02-09 19:45:00,Domagoj Bradaric,Chipped
664,591304,87,BlockedShot,0.9030000305175782,0.43,0.04399104788899422,Boulaye Dia,a,7224,OpenPlay,2024,Head,27373,Udinese,Lazio,2,1,2024-08-24 16:30:00,Manuel Lazzari,Aerial
665,589625,1,BlockedShot,0.865,0.505,0.3033179044723511,Boulaye Dia,h,7224,OpenPlay,2024,RightFoot,27387,Lazio,AC Milan,2,2,2024-08-31 18:45:00,Valentín Castellanos,Chipped
666,589636,65,Goal,0.9719999694824218,0.475,0.8366228938102722,Boulaye Dia,h,7224,OpenPlay,2024,RightFoot,27387,Lazio,AC Milan,2,2,2024-08-31 18:45:00,Nuno Tavares,Pass
667,591805,4,Goal,0.8540000152587891,0.629000015258789,0.05689678713679314,Boulaye Dia,h,7224,OpenPlay,2024,RightFoot,27396,Lazio,Verona,2,1,2024-09-16 18:45:00,Mattia Zaccagni,Chipped
668,591814,61,SavedShot,0.8440000152587891,0.544000015258789,0.12024369835853577,Boulaye Dia,h,7224,OpenPlay,2024,RightFoot,27396,Lazio,Verona,2,1,2024-09-16 18:45:00,Mattia Zaccagni,TakeOn
669,592835,36,SavedShot,0.7859999847412109,0.38,0.04131751134991646,Boulaye Dia,a,7224,OpenPlay,2024,RightFoot,27404,Fiorentina,Lazio,2,1,2024-09-22 10:30:00,Tijjani Noslin,LayOff
670,594508,41,SavedShot,0.8490000152587891,0.590999984741211,0.07536013424396515,Boulaye Dia,a,7224,OpenPlay,2024,LeftFoot,27421,Torino,Lazio,2,3,2024-09-29 10:30:00,Valentín Castellanos,Pass
671,594516,59,Goal,0.899000015258789,0.4640000152587891,0.13734108209609985,Boulaye Dia,a,7224,OpenPlay,2024,RightFoot,27421,Torino,Lazio,2,3,2024-09-29 10:30:00,Gustav Isaksen,Pass
672,596121,10,MissedShots,0.9169999694824219,0.39,0.07495752722024918,Boulaye Dia,h,7224,OpenPlay,2024,RightFoot,27423,Lazio,Empoli,2,1,2024-10-06 13:00:00,Manuel Lazzari,Cross
673,599697,50,BlockedShot,0.894000015258789,0.45099998474121095,0.14518949389457703,Boulaye Dia,a,7224,OpenPlay,2024,RightFoot,27454,Como,Lazio,1,5,2024-10-31 19:45:00,,None
674,599703,70,MissedShots,0.960999984741211,0.56,0.07298362255096436,Boulaye Dia,a,7224,FromCorner,2024,Head,27454,Como,Lazio,1,5,2024-10-31 19:45:00,Valentín Castellanos,None
675,601038,1,Goal,0.945,0.455,0.5984424352645874,Boulaye Dia,h,7224,SetPiece,2024,RightFoot,27471,Lazio,Cagliari,2,1,2024-11-04 19:45:00,,Rebound
676,602291,11,SavedShot,0.919000015258789,0.639000015258789,0.08136624842882156,Boulaye Dia,a,7224,OpenPlay,2024,LeftFoot,27475,Monza,Lazio,0,1,2024-11-10 17:00:00,,BallRecovery
677,608548,47,MissedShots,0.919000015258789,0.5259999847412109,0.13252484798431396,Boulaye Dia,a,7224,OpenPlay,2024,Head,27530,Lecce,Lazio,1,2,2024-12-21 19:45:00,Nuno Tavares,Cross
678,609372,77,SavedShot,0.8080000305175781,0.3559999847412109,0.0383739210665226,Boulaye Dia,h,7224,OpenPlay,2024,RightFoot,27535,Lazio,Atalanta,1,1,2024-12-28 19:45:00,Nicolo Rovella,Pass
679,32530,74,SavedShot,0.7730000305175782,0.4979999923706055,0.091013103723526,Pedro,h,687,OpenPlay,2014,RightFoot,5831,Barcelona,Elche,3,0,2014-08-24 20:00:00,Andrés Iniesta,Pass
680,32531,92,SavedShot,0.9109999847412109,0.3990000152587891,0.13425299525260925,Pedro,h,687,OpenPlay,2014,RightFoot,5831,Barcelona,Elche,3,0,2014-08-24 20:00:00,Lionel Messi,Throughball
681,32771,14,SavedShot,0.8730000305175781,0.6759999847412109,0.05109259858727455,Pedro,a,687,OpenPlay,2014,LeftFoot,5842,Villarreal,Barcelona,0,1,2014-08-31 18:00:00,Lionel Messi,Pass
682,33008,4,SavedShot,0.9230000305175782,0.4229999923706055,0.13213799893856049,Pedro,h,687,OpenPlay,2014,LeftFoot,5787,Barcelona,Athletic Club,2,0,2014-09-13 15:00:00,Martín Montoya,Pass
683,33701,32,MissedShots,0.8469999694824218,0.705999984741211,0.03424689918756485,Pedro,a,687,OpenPlay,2014,LeftFoot,5804,Levante,Barcelona,0,5,2014-09-21 20:00:00,,None
684,33710,63,Goal,0.8919999694824219,0.555,0.49616798758506775,Pedro,a,687,OpenPlay,2014,RightFoot,5804,Levante,Barcelona,0,5,2014-09-21 20:00:00,Jordi Alba,Pass
685,33389,16,MissedShots,0.9269999694824219,0.555,0.0977310985326767,Pedro,a,687,OpenPlay,2014,RightFoot,5813,Malaga,Barcelona,0,0,2014-09-24 21:00:00,Jordi Alba,Cross
686,33393,41,BlockedShot,0.8730000305175781,0.4909999847412109,0.10177300125360489,Pedro,a,687,OpenPlay,2014,RightFoot,5813,Malaga,Barcelona,0,0,2014-09-24 21:00:00,,Rebound
687,35324,46,BlockedShot,0.8109999847412109,0.35900001525878905,0.027286000549793243,Pedro,h,687,FromCorner,2014,LeftFoot,5767,Barcelona,Eibar,3,0,2014-10-18 19:00:00,,None
688,35331,61,SavedShot,0.9059999847412109,0.5690000152587891,0.31875601410865784,Pedro,h,687,OpenPlay,2014,LeftFoot,5767,Barcelona,Eibar,3,0,2014-10-18 19:00:00,Andrés Iniesta,Chipped
689,35910,87,BlockedShot,0.8009999847412109,0.28200000762939453,0.024826399981975555,Pedro,a,687,OpenPlay,2014,RightFoot,5776,Real Madrid,Barcelona,3,1,2014-10-25 17:00:00,Lionel Messi,Pass
690,33963,71,MissedShots,0.835999984741211,0.29399999618530276,0.032548800110816956,Pedro,h,687,OpenPlay,2014,LeftFoot,5718,Barcelona,Celta Vigo,0,1,2014-11-01 19:00:00,Luis Suárez,Pass
691,34260,76,Goal,0.885,0.3920000076293945,0.31315699219703674,Pedro,h,687,OpenPlay,2014,RightFoot,5692,Barcelona,Espanyol,5,1,2014-12-07 16:00:00,Jordi Alba,Chipped
692,34903,19,MissedShots,0.8219999694824218,0.48700000762939455,0.02368210069835186,Pedro,a,687,OpenPlay,2014,RightFoot,5698,Getafe,Barcelona,0,0,2014-12-13 15:00:00,,Aerial
693,34907,29,BlockedShot,0.875,0.600999984741211,0.1228799968957901,Pedro,a,687,OpenPlay,2014,LeftFoot,5698,Getafe,Barcelona,0,0,2014-12-13 15:00:00,Jordi Alba,TakeOn
694,34917,60,MissedShots,0.7519999694824219,0.5479999923706055,0.01701810024678707,Pedro,a,687,OpenPlay,2014,RightFoot,5698,Getafe,Barcelona,0,0,2014-12-13 15:00:00,,Rebound
695,35625,1,Goal,0.9430000305175781,0.43099998474121093,0.5287610292434692,Pedro,h,687,OpenPlay,2014,RightFoot,5708,Barcelona,Cordoba,5,0,2014-12-20 15:00:00,Ivan Rakitic,Throughball
696,35632,35,MissedShots,0.789000015258789,0.56,0.04377549886703491,Pedro,h,687,OpenPlay,2014,RightFoot,5708,Barcelona,Cordoba,5,0,2014-12-20 15:00:00,Luis Suárez,Pass
697,37576,24,MissedShots,0.9590000152587891,0.674000015258789,0.055025000125169754,Pedro,a,687,OpenPlay,2014,LeftFoot,5650,Real Sociedad,Barcelona,1,0,2015-01-04 20:00:00,Luis Suárez,Pass
698,37584,43,SavedShot,0.7219999694824218,0.5279999923706055,0.01907069981098175,Pedro,a,687,SetPiece,2014,RightFoot,5650,Real Sociedad,Barcelona,1,0,2015-01-04 20:00:00,Xavi,Pass
699,37968,60,SavedShot,0.905,0.45299999237060545,0.5268869996070862,Pedro,a,687,OpenPlay,2014,LeftFoot,5673,Elche,Barcelona,0,6,2015-01-24 17:00:00,Xavi,Throughball
700,37975,92,Goal,0.955999984741211,0.5259999847412109,0.8607059717178345,Pedro,a,687,OpenPlay,2014,LeftFoot,5673,Elche,Barcelona,0,6,2015-01-24 17:00:00,Neymar,Pass
701,41191,85,Goal,0.9580000305175781,0.48200000762939454,0.7774149775505066,Pedro,a,687,OpenPlay,2014,RightFoot,5616,Athletic Club,Barcelona,2,5,2015-02-08 20:00:00,Sergio Busquets,Pass
702,41077,1,SavedShot,0.8390000152587891,0.34,0.039368998259305954,Pedro,h,687,OpenPlay,2014,LeftFoot,5624,Barcelona,Levante,5,0,2015-02-15 16:00:00,Sergio Busquets,Pass
703,41089,39,SavedShot,0.9419999694824219,0.534000015258789,0.6132280230522156,Pedro,h,687,OpenPlay,2014,RightFoot,5624,Barcelona,Levante,5,0,2015-02-15 16:00:00,Adriano,Pass
704,41093,58,BlockedShot,0.8630000305175781,0.40400001525878904,0.10695599764585495,Pedro,h,687,OpenPlay,2014,LeftFoot,5624,Barcelona,Levante,5,0,2015-02-15 16:00:00,Neymar,TakeOn
705,40468,80,BlockedShot,0.8190000152587891,0.3120000076293945,0.02934340015053749,Pedro,h,687,OpenPlay,2014,RightFoot,5629,Barcelona,Malaga,0,1,2015-02-21 15:00:00,Sergio Busquets,Pass
706,40469,83,MissedShots,0.9019999694824219,0.34700000762939454,0.2772980034351349,Pedro,h,687,OpenPlay,2014,RightFoot,5629,Barcelona,Malaga,0,1,2015-02-21 15:00:00,Neymar,Pass
707,40217,87,SavedShot,0.915,0.505,0.45618700981140137,Pedro,a,687,OpenPlay,2014,RightFoot,5639,Granada,Barcelona,1,3,2015-02-28 15:00:00,Lionel Messi,Cross
708,40538,20,MissedShots,0.8930000305175781,0.605999984741211,0.3060460090637207,Pedro,h,687,OpenPlay,2014,LeftFoot,5576,Barcelona,Rayo Vallecano,6,1,2015-03-08 11:00:00,Xavi,Chipped
709,40258,88,SavedShot,0.9209999847412109,0.6909999847412109,0.1049560010433197,Pedro,a,687,OpenPlay,2014,LeftFoot,5583,Eibar,Barcelona,0,2,2015-03-14 17:00:00,Lionel Messi,Pass
710,38929,17,MissedShots,0.9480000305175781,0.7330000305175781,0.016771700233221054,Pedro,h,687,OpenPlay,2014,LeftFoot,5518,Barcelona,Almeria,4,0,2015-04-08 19:00:00,Lionel Messi,Cross
711,38943,70,SavedShot,0.8880000305175781,0.44400001525878907,0.12086600065231323,Pedro,h,687,OpenPlay,2014,LeftFoot,5518,Barcelona,Almeria,4,0,2015-04-08 19:00:00,Martín Montoya,Cross
712,39424,87,SavedShot,0.91,0.40200000762939453,0.12345600128173828,Pedro,h,687,OpenPlay,2014,RightFoot,5536,Barcelona,Valencia,2,0,2015-04-18 15:00:00,Lionel Messi,Pass
713,37421,84,Goal,0.8880000305175781,0.47400001525878904,0.10689400136470795,Pedro,h,687,OpenPlay,2014,RightFoot,5477,Barcelona,Real Sociedad,2,0,2015-05-09 17:00:00,Luis Suárez,None
714,36430,13,BlockedShot,0.835999984741211,0.30700000762939456,0.0307925995439291,Pedro,a,687,OpenPlay,2014,LeftFoot,5488,Atletico Madrid,Barcelona,0,1,2015-05-17 18:00:00,Lionel Messi,Pass
715,36446,76,MissedShots,0.8159999847412109,0.55,0.055945899337530136,Pedro,a,687,OpenPlay,2014,LeftFoot,5488,Atletico Madrid,Barcelona,0,1,2015-05-17 18:00:00,Dani Alves,TakeOn
716,36896,16,SavedShot,0.935,0.5320000076293945,0.5878289937973022,Pedro,h,687,OpenPlay,2014,LeftFoot,5496,Barcelona,Deportivo La Coruna,2,2,2015-05-23 17:30:00,,Rebound
717,57220,19,Goal,0.845999984741211,0.435,0.09079380333423615,Pedro,a,687,OpenPlay,2015,LeftFoot,107,West Bromwich Albion,Chelsea,2,3,2015-08-23 16:30:00,Eden Hazard,Pass
718,57221,29,BlockedShot,0.855999984741211,0.285,0.06325340270996094,Pedro,a,687,OpenPlay,2015,RightFoot,107,West Bromwich Albion,Chelsea,2,3,2015-08-23 16:30:00,Willian,Pass
719,57229,50,BlockedShot,0.7880000305175782,0.5709999847412109,0.02914699912071228,Pedro,a,687,SetPiece,2015,RightFoot,107,West Bromwich Albion,Chelsea,2,3,2015-08-23 16:30:00,Eden Hazard,Pass
720,57476,3,BlockedShot,0.8730000305175781,0.375,0.07861220091581345,Pedro,h,687,OpenPlay,2015,LeftFoot,115,Chelsea,Crystal Palace,1,2,2015-08-29 18:00:00,Willian,TakeOn
721,57480,18,MissedShots,0.855999984741211,0.31,0.04483469948172569,Pedro,h,687,OpenPlay,2015,LeftFoot,115,Chelsea,Crystal Palace,1,2,2015-08-29 18:00:00,Willian,Pass
722,57498,63,BlockedShot,0.8630000305175781,0.6659999847412109,0.0632202997803688,Pedro,h,687,OpenPlay,2015,RightFoot,115,Chelsea,Crystal Palace,1,2,2015-08-29 18:00:00,Diego Costa,Pass
723,57513,91,MissedShots,0.9109999847412109,0.3579999923706055,0.027873700484633446,Pedro,h,687,OpenPlay,2015,RightFoot,115,Chelsea,Crystal Palace,1,2,2015-08-29 18:00:00,,Aerial
724,57851,23,MissedShots,0.815,0.759000015258789,0.018849600106477737,Pedro,a,687,OpenPlay,2015,RightFoot,121,Everton,Chelsea,3,1,2015-09-12 15:45:00,Nemanja Matic,Pass
725,57860,44,MissedShots,0.759000015258789,0.4779999923706055,0.026066899299621582,Pedro,a,687,OpenPlay,2015,RightFoot,121,Everton,Chelsea,3,1,2015-09-12 15:45:00,Eden Hazard,Pass
726,58101,31,SavedShot,0.9769999694824218,0.45,0.7330570220947266,Pedro,h,687,OpenPlay,2015,RightFoot,131,Chelsea,Arsenal,2,0,2015-09-19 15:45:00,Cesc Fàbregas,Throughball
727,58104,37,MissedShots,0.7709999847412109,0.38599998474121094,0.023893799632787704,Pedro,h,687,OpenPlay,2015,RightFoot,131,Chelsea,Arsenal,2,0,2015-09-19 15:45:00,Diego Costa,Pass
728,58107,42,SavedShot,0.7919999694824219,0.48700000762939455,0.04251309856772423,Pedro,h,687,OpenPlay,2015,RightFoot,131,Chelsea,Arsenal,2,0,2015-09-19 15:45:00,Eden Hazard,Pass
729,58108,45,MissedShots,0.8780000305175781,0.35700000762939454,0.02566779963672161,Pedro,h,687,OpenPlay,2015,RightFoot,131,Chelsea,Arsenal,2,0,2015-09-19 15:45:00,,Aerial
730,58118,67,MissedShots,0.7830000305175782,0.4420000076293945,0.04579729959368706,Pedro,h,687,OpenPlay,2015,RightFoot,131,Chelsea,Arsenal,2,0,2015-09-19 15:45:00,Oscar,Pass
731,58447,82,MissedShots,0.8880000305175781,0.3629999923706055,0.25382399559020996,Pedro,a,687,OpenPlay,2015,RightFoot,148,Newcastle United,Chelsea,2,2,2015-09-26 20:30:00,Cesc Fàbregas,Chipped
732,58714,81,MissedShots,0.8569999694824219,0.7290000152587891,0.02105190046131611,Pedro,h,687,OpenPlay,2015,RightFoot,157,Chelsea,Southampton,1,3,2015-10-03 20:30:00,Loïc Remy,Pass
733,58909,58,MissedShots,0.899000015258789,0.345,0.06057009845972061,Pedro,h,687,SetPiece,2015,LeftFoot,164,Chelsea,Aston Villa,2,0,2015-10-17 18:00:00,Diego Costa,Chipped
734,58914,77,BlockedShot,0.7240000152587891,0.6559999847412109,0.01662370003759861,Pedro,h,687,OpenPlay,2015,RightFoot,164,Chelsea,Aston Villa,2,0,2015-10-17 18:00:00,Cesc Fàbregas,Pass
735,52512,35,BlockedShot,0.7959999847412109,0.639000015258789,0.030747700482606888,Pedro,a,687,OpenPlay,2015,RightFoot,197,Stoke,Chelsea,1,0,2015-11-07 21:30:00,Eden Hazard,Pass
736,52520,66,ShotOnPost,0.8009999847412109,0.475,0.04484400153160095,Pedro,a,687,OpenPlay,2015,LeftFoot,197,Stoke,Chelsea,1,0,2015-11-07 21:30:00,Willian,Pass
737,53279,20,MissedShots,0.8009999847412109,0.3579999923706055,0.026524100452661514,Pedro,h,687,OpenPlay,2015,LeftFoot,207,Chelsea,Norwich,1,0,2015-11-21 19:00:00,Willian,Pass
738,53281,26,BlockedShot,0.779000015258789,0.76,0.01717809960246086,Pedro,h,687,OpenPlay,2015,RightFoot,207,Chelsea,Norwich,1,0,2015-11-21 19:00:00,Nemanja Matic,Pass
739,53295,77,MissedShots,0.774000015258789,0.34,0.016629500314593315,Pedro,h,687,FromCorner,2015,RightFoot,207,Chelsea,Norwich,1,0,2015-11-21 19:00:00,,None
740,52974,22,BlockedShot,0.7880000305175782,0.5729999923706055,0.025611700490117073,Pedro,a,687,OpenPlay,2015,RightFoot,217,Tottenham,Chelsea,0,0,2015-11-29 16:00:00,Eden Hazard,Chipped
741,52983,76,MissedShots,0.7569999694824219,0.534000015258789,0.024445300921797752,Pedro,a,687,OpenPlay,2015,RightFoot,217,Tottenham,Chelsea,0,0,2015-11-29 16:00:00,Eden Hazard,Pass
742,53728,27,MissedShots,0.9030000305175782,0.3840000152587891,0.06592729687690735,Pedro,h,687,OpenPlay,2015,RightFoot,228,Chelsea,Bournemouth,0,1,2015-12-05 21:30:00,Branislav Ivanovic,Cross
743,53735,39,SavedShot,0.8480000305175781,0.629000015258789,0.04498659819364548,Pedro,h,687,OpenPlay,2015,RightFoot,228,Chelsea,Bournemouth,0,1,2015-12-05 21:30:00,,Rebound
744,53734,39,BlockedShot,0.8019999694824219,0.669000015258789,0.028681399300694466,Pedro,h,687,OpenPlay,2015,RightFoot,228,Chelsea,Bournemouth,0,1,2015-12-05 21:30:00,Eden Hazard,Pass
745,53740,48,SavedShot,0.835999984741211,0.52,0.07048829644918442,Pedro,h,687,OpenPlay,2015,RightFoot,228,Chelsea,Bournemouth,0,1,2015-12-05 21:30:00,Diego Costa,BallTouch
746,53743,75,BlockedShot,0.8880000305175781,0.6140000152587891,0.15131300687789917,Pedro,h,687,OpenPlay,2015,LeftFoot,228,Chelsea,Bournemouth,0,1,2015-12-05 21:30:00,Willian,TakeOn
747,53823,80,BlockedShot,0.85,0.565,0.01252750027924776,Pedro,a,687,SetPiece,2015,Head,240,Leicester,Chelsea,2,1,2015-12-15 00:00:00,,Aerial
748,55695,12,Goal,0.9030000305175782,0.544000015258789,0.47110599279403687,Pedro,h,687,OpenPlay,2015,LeftFoot,244,Chelsea,Sunderland,3,1,2015-12-19 19:00:00,,None
749,55701,35,BlockedShot,0.7680000305175781,0.6759999847412109,0.02263770066201687,Pedro,h,687,OpenPlay,2015,RightFoot,244,Chelsea,Sunderland,3,1,2015-12-19 19:00:00,,BallRecovery
750,55718,82,MissedShots,0.899000015258789,0.38,0.11715199798345566,Pedro,h,687,OpenPlay,2015,RightFoot,244,Chelsea,Sunderland,3,1,2015-12-19 19:00:00,Willian,Pass
751,54199,61,BlockedShot,0.889000015258789,0.4,0.08081170171499252,Pedro,h,687,OpenPlay,2015,RightFoot,256,Chelsea,Watford,2,2,2015-12-26 19:00:00,Oscar,Pass
752,53332,47,SavedShot,0.8440000152587891,0.5059999847412109,0.09508530050516129,Pedro,a,687,OpenPlay,2015,LeftFoot,267,Manchester United,Chelsea,0,0,2015-12-28 21:30:00,Eden Hazard,Pass
753,55120,17,BlockedShot,0.8209999847412109,0.5309999847412109,0.0642687976360321,Pedro,a,687,OpenPlay,2015,RightFoot,279,Crystal Palace,Chelsea,0,3,2016-01-03 17:30:00,Oscar,Pass
754,55131,69,BlockedShot,0.85,0.66,0.06890229880809784,Pedro,a,687,OpenPlay,2015,LeftFoot,279,Crystal Palace,Chelsea,0,3,2016-01-03 17:30:00,Oscar,HeadPass
755,55934,60,BlockedShot,0.915,0.33599998474121096,0.07590849697589874,Pedro,h,687,OpenPlay,2015,RightFoot,295,Chelsea,Everton,3,3,2016-01-16 19:00:00,Branislav Ivanovic,Pass
756,56009,85,MissedShots,0.8080000305175781,0.33299999237060546,0.012208499945700169,Pedro,h,687,OpenPlay,2015,RightFoot,330,Chelsea,Manchester United,1,1,2016-02-07 20:00:00,,Aerial
757,54961,8,Goal,0.784000015258789,0.47,0.04981699958443642,Pedro,h,687,OpenPlay,2015,LeftFoot,337,Chelsea,Newcastle United,5,1,2016-02-13 21:30:00,,BallRecovery
758,54970,36,SavedShot,0.8230000305175781,0.47200000762939454,0.09001869708299637,Pedro,h,687,OpenPlay,2015,LeftFoot,337,Chelsea,Newcastle United,5,1,2016-02-13 21:30:00,Diego Costa,Pass
759,54977,58,Goal,0.8630000305175781,0.580999984741211,0.39346298575401306,Pedro,h,687,OpenPlay,2015,RightFoot,337,Chelsea,Newcastle United,5,1,2016-02-13 21:30:00,Cesc Fàbregas,Throughball
760,61051,10,MissedShots,0.7819999694824219,0.47200000762939454,0.05785990133881569,Pedro,a,687,FromCorner,2015,RightFoot,384,Aston Villa,Chelsea,0,4,2016-04-02 15:45:00,,TakeOn
761,61072,45,Goal,0.915,0.5220000076293946,0.5636659860610962,Pedro,a,687,OpenPlay,2015,LeftFoot,384,Aston Villa,Chelsea,0,4,2016-04-02 15:45:00,Oscar,Pass
762,61083,58,Goal,0.975999984741211,0.425,0.5768790245056152,Pedro,a,687,OpenPlay,2015,RightFoot,384,Aston Villa,Chelsea,0,4,2016-04-02 15:45:00,,Rebound
763,56249,5,BlockedShot,0.845,0.655,0.051278501749038696,Pedro,h,687,OpenPlay,2015,LeftFoot,410,Chelsea,Manchester City,0,3,2016-04-16 20:30:00,Diego Costa,Pass
764,56256,27,BlockedShot,0.915,0.61,0.07619339972734451,Pedro,h,687,OpenPlay,2015,LeftFoot,410,Chelsea,Manchester City,0,3,2016-04-16 20:30:00,Abdul Rahman Baba,Cross
765,57188,4,Goal,0.8959999847412109,0.38,0.3272539973258972,Pedro,a,687,OpenPlay,2015,LeftFoot,422,Bournemouth,Chelsea,1,4,2016-04-23 18:00:00,Cesc Fàbregas,Throughball
766,57203,44,MissedShots,0.9,0.41200000762939454,0.203685000538826,Pedro,a,687,OpenPlay,2015,LeftFoot,422,Bournemouth,Chelsea,1,4,2016-04-23 18:00:00,Cesc Fàbregas,TakeOn
767,57207,58,BlockedShot,0.8719999694824219,0.6509999847412109,0.04407240077853203,Pedro,a,687,FromCorner,2015,LeftFoot,422,Bournemouth,Chelsea,1,4,2016-04-23 18:00:00,,None
768,57212,75,MissedShots,0.9340000152587891,0.66,0.07930269837379456,Pedro,a,687,OpenPlay,2015,RightFoot,422,Bournemouth,Chelsea,1,4,2016-04-23 18:00:00,,None
769,61046,15,BlockedShot,0.855999984741211,0.40200000762939453,0.11143799871206284,Pedro,a,687,OpenPlay,2015,RightFoot,450,Liverpool,Chelsea,1,1,2016-05-11 23:00:00,Willian,TakeOn
770,61094,62,SavedShot,0.7880000305175782,0.3820000076293945,0.03828139975667,Pedro,a,687,OpenPlay,2015,LeftFoot,450,Liverpool,Chelsea,1,1,2016-05-11 23:00:00,César Azpilicueta,Pass
771,61103,88,SavedShot,0.8690000152587891,0.40599998474121096,0.13213799893856049,Pedro,a,687,OpenPlay,2015,LeftFoot,450,Liverpool,Chelsea,1,1,2016-05-11 23:00:00,Eden Hazard,Throughball
772,51989,1,BlockedShot,0.8380000305175781,0.7290000152587891,0.021724799647927284,Pedro,h,687,OpenPlay,2015,RightFoot,452,Chelsea,Leicester,1,1,2016-05-15 18:00:00,Eden Hazard,Pass
773,51990,6,MissedShots,0.9330000305175781,0.674000015258789,0.06977319717407227,Pedro,h,687,OpenPlay,2015,RightFoot,452,Chelsea,Leicester,1,1,2016-05-15 18:00:00,Nemanja Matic,Pass
774,112179,85,MissedShots,0.91,0.3220000076293945,0.05686990171670914,Pedro,h,687,OpenPlay,2016,RightFoot,470,Chelsea,West Ham,2,1,2016-08-15 23:00:00,,None
775,113728,85,MissedShots,0.845999984741211,0.7880000305175782,0.019043799489736557,Pedro,a,687,OpenPlay,2016,RightFoot,518,Arsenal,Chelsea,3,0,2016-09-24 20:30:00,Nemanja Matic,Pass
776,114281,88,MissedShots,0.945,0.475,0.5427730083465576,Pedro,a,687,OpenPlay,2016,LeftFoot,524,Hull,Chelsea,0,2,2016-10-01 18:00:00,Marcos Alonso,Cross
777,114829,45,BlockedShot,0.845,0.49900001525878906,0.10668899863958359,Pedro,h,687,OpenPlay,2016,LeftFoot,531,Chelsea,Leicester,3,0,2016-10-15 15:30:00,David Luiz,Chipped
778,114284,0,Goal,0.885,0.629000015258789,0.46954700350761414,Pedro,h,687,OpenPlay,2016,LeftFoot,550,Chelsea,Manchester United,4,0,2016-10-23 19:00:00,Marcos Alonso,TakeOn
779,114298,48,MissedShots,0.7709999847412109,0.49700000762939456,0.02870349958539009,Pedro,h,687,OpenPlay,2016,LeftFoot,550,Chelsea,Manchester United,4,0,2016-10-23 19:00:00,,None
780,115155,45,MissedShots,0.7630000305175781,0.5479999923706055,0.009622939862310886,Pedro,h,687,FromCorner,2016,LeftFoot,2691,Chelsea,Everton,5,0,2016-11-05 21:30:00,N&#039;Golo Kanté,Chipped
781,115154,45,BlockedShot,0.8830000305175781,0.6819999694824219,0.07989969849586487,Pedro,h,687,OpenPlay,2016,RightFoot,2691,Chelsea,Everton,5,0,2016-11-05 21:30:00,Nemanja Matic,TakeOn
782,115160,62,BlockedShot,0.8190000152587891,0.52,0.09154749661684036,Pedro,h,687,OpenPlay,2016,LeftFoot,2691,Chelsea,Everton,5,0,2016-11-05 21:30:00,Marcos Alonso,Pass
783,115162,64,Goal,0.935,0.45599998474121095,0.5959069728851318,Pedro,h,687,OpenPlay,2016,LeftFoot,2691,Chelsea,Everton,5,0,2016-11-05 21:30:00,,Rebound
784,115545,27,SavedShot,0.8959999847412109,0.43,0.3800939917564392,Pedro,a,687,OpenPlay,2016,RightFoot,2705,Middlesbrough,Chelsea,0,1,2016-11-20 20:00:00,Victor Moses,Pass
785,115547,36,BlockedShot,0.8580000305175781,0.47,0.10340200364589691,Pedro,a,687,OpenPlay,2016,RightFoot,2705,Middlesbrough,Chelsea,0,1,2016-11-20 20:00:00,Diego Costa,Pass
786,115557,62,ShotOnPost,0.8490000152587891,0.5259999847412109,0.10932599753141403,Pedro,a,687,OpenPlay,2016,LeftFoot,2705,Middlesbrough,Chelsea,0,1,2016-11-20 20:00:00,Diego Costa,LayOff
787,116228,44,Goal,0.7959999847412109,0.6079999923706054,0.034566499292850494,Pedro,h,687,OpenPlay,2016,RightFoot,2712,Chelsea,Tottenham,2,1,2016-11-26 21:30:00,Nemanja Matic,Pass
788,115653,36,MissedShots,0.8859999847412109,0.534000015258789,0.056946899741888046,Pedro,a,687,OpenPlay,2016,Head,3105,Manchester City,Chelsea,1,3,2016-12-03 16:30:00,Marcos Alonso,Cross
789,116725,27,MissedShots,0.825999984741211,0.4759999847412109,0.049539901316165924,Pedro,h,687,OpenPlay,2016,LeftFoot,3121,Chelsea,West Bromwich Albion,1,0,2016-12-11 16:00:00,N&#039;Golo Kanté,Rebound
790,117724,70,MissedShots,0.7919999694824219,0.6630000305175782,0.035015400499105453,Pedro,a,687,OpenPlay,2016,RightFoot,3128,Sunderland,Chelsea,0,1,2016-12-14 23:45:00,Cesc Fàbregas,Pass
791,117726,72,BlockedShot,0.8980000305175782,0.534000015258789,0.12427199631929398,Pedro,a,687,OpenPlay,2016,RightFoot,3128,Sunderland,Chelsea,0,1,2016-12-14 23:45:00,,None
792,116238,20,MissedShots,0.879000015258789,0.715,0.03730139881372452,Pedro,h,687,OpenPlay,2016,RightFoot,3151,Chelsea,Bournemouth,3,0,2016-12-26 19:00:00,Eden Hazard,Pass
793,116239,23,Goal,0.845,0.40799999237060547,0.07925309985876083,Pedro,h,687,OpenPlay,2016,LeftFoot,3151,Chelsea,Bournemouth,3,0,2016-12-26 19:00:00,Cesc Fàbregas,Pass
794,116242,33,BlockedShot,0.8019999694824219,0.48200000762939454,0.05829070135951042,Pedro,h,687,OpenPlay,2016,RightFoot,3151,Chelsea,Bournemouth,3,0,2016-12-26 19:00:00,Nemanja Matic,Pass
795,116251,65,MissedShots,0.7780000305175782,0.3820000076293945,0.041394900530576706,Pedro,h,687,OpenPlay,2016,LeftFoot,3151,Chelsea,Bournemouth,3,0,2016-12-26 19:00:00,Eden Hazard,Pass
796,116257,92,BlockedShot,0.8269999694824218,0.5479999923706055,0.06261809915304184,Pedro,h,687,OpenPlay,2016,RightFoot,3151,Chelsea,Bournemouth,3,0,2016-12-26 19:00:00,,None
797,116885,58,SavedShot,0.88,0.590999984741211,0.0186707004904747,Pedro,a,687,OpenPlay,2016,Head,3339,Tottenham,Chelsea,2,0,2017-01-05 00:00:00,Marcos Alonso,Cross
798,117486,42,MissedShots,0.860999984741211,0.43099998474121093,0.08059369772672653,Pedro,a,687,SetPiece,2016,LeftFoot,3347,Leicester,Chelsea,0,3,2017-01-14 21:30:00,Eden Hazard,Pass
799,117491,70,Goal,0.9359999847412109,0.4329999923706055,0.37708398699760437,Pedro,a,687,OpenPlay,2016,Head,3347,Leicester,Chelsea,0,3,2017-01-14 21:30:00,,None
800,116213,89,MissedShots,0.8159999847412109,0.5609999847412109,0.05951730161905289,Pedro,a,687,OpenPlay,2016,LeftFoot,3366,Liverpool,Chelsea,1,1,2017-01-31 23:00:00,N&#039;Golo Kanté,Pass
801,116344,31,SavedShot,0.8730000305175781,0.61,0.09285379946231842,Pedro,h,687,OpenPlay,2016,LeftFoot,3370,Chelsea,Arsenal,3,1,2017-02-04 12:30:00,Marcos Alonso,Pass
802,117532,6,Goal,0.875,0.4640000152587891,0.12087699770927429,Pedro,a,687,OpenPlay,2016,RightFoot,3387,Burnley,Chelsea,1,1,2017-02-12 13:30:00,,None
803,117550,84,MissedShots,0.86,0.625,0.08012449741363525,Pedro,a,687,OpenPlay,2016,RightFoot,3387,Burnley,Chelsea,1,1,2017-02-12 13:30:00,Cesc Fàbregas,Pass
804,118240,0,MissedShots,0.8209999847412109,0.4779999923706055,0.04227820038795471,Pedro,h,687,FromCorner,2016,RightFoot,3391,Chelsea,Swansea,3,1,2017-02-25 15:00:00,Cesc Fàbregas,Pass
805,118247,43,BlockedShot,0.885,0.615999984741211,0.17561499774456024,Pedro,h,687,OpenPlay,2016,LeftFoot,3391,Chelsea,Swansea,3,1,2017-02-25 15:00:00,,TakeOn
806,118254,71,Goal,0.7619999694824219,0.39,0.024726400151848793,Pedro,h,687,OpenPlay,2016,LeftFoot,3391,Chelsea,Swansea,3,1,2017-02-25 15:00:00,Cesc Fàbregas,Pass
807,120255,40,SavedShot,0.865,0.44299999237060544,0.09148520231246948,Pedro,a,687,OpenPlay,2016,RightFoot,3409,West Ham,Chelsea,1,2,2017-03-06 20:00:00,,Rebound
808,120231,41,MissedShots,0.8969999694824219,0.66,0.05242739990353584,Pedro,a,687,SetPiece,2016,RightFoot,3424,Stoke,Chelsea,1,2,2017-03-18 15:00:00,,Rebound
809,120230,41,BlockedShot,0.9019999694824219,0.7190000152587891,0.04456640034914017,Pedro,a,687,SetPiece,2016,LeftFoot,3424,Stoke,Chelsea,1,2,2017-03-18 15:00:00,David Luiz,Chipped
810,120237,75,SavedShot,0.9,0.6509999847412109,0.08268369734287262,Pedro,a,687,OpenPlay,2016,LeftFoot,3424,Stoke,Chelsea,1,2,2017-03-18 15:00:00,Willian,Pass
811,120238,76,BlockedShot,0.7930000305175782,0.40400001525878904,0.03031430020928383,Pedro,a,687,FromCorner,2016,RightFoot,3424,Stoke,Chelsea,1,2,2017-03-18 15:00:00,Willian,Pass
812,120246,90,MissedShots,0.855999984741211,0.355,0.047571901232004166,Pedro,a,687,FromCorner,2016,LeftFoot,3424,Stoke,Chelsea,1,2,2017-03-18 15:00:00,Cesc Fàbregas,Pass
813,119221,15,BlockedShot,0.9059999847412109,0.42700000762939455,0.07975669950246811,Pedro,h,687,FromCorner,2016,RightFoot,3432,Chelsea,Crystal Palace,1,2,2017-04-01 15:00:00,Nemanja Matic,Pass
814,119242,80,SavedShot,0.93,0.7230000305175781,0.03972810134291649,Pedro,h,687,OpenPlay,2016,RightFoot,3432,Chelsea,Crystal Palace,1,2,2017-04-01 15:00:00,,None
815,119420,66,SavedShot,0.8030000305175782,0.30100000381469727,0.0314754992723465,Pedro,h,687,OpenPlay,2016,LeftFoot,3448,Chelsea,Manchester City,2,1,2017-04-05 20:00:00,Eden Hazard,Pass
816,119708,30,MissedShots,0.8009999847412109,0.40599998474121096,0.05997699871659279,Pedro,a,687,OpenPlay,2016,LeftFoot,3450,Bournemouth,Chelsea,1,3,2017-04-08 17:30:00,Eden Hazard,Pass
817,119710,33,SavedShot,0.8180000305175781,0.46,0.04079680144786835,Pedro,a,687,FromCorner,2016,RightFoot,3450,Bournemouth,Chelsea,1,3,2017-04-08 17:30:00,Eden Hazard,Pass
818,121216,51,MissedShots,0.885,0.7669999694824219,0.025731299072504044,Pedro,a,687,OpenPlay,2016,RightFoot,3460,Manchester United,Chelsea,2,0,2017-04-16 16:00:00,Nemanja Matic,Pass
819,121217,59,MissedShots,0.9490000152587891,0.36700000762939455,0.05522780120372772,Pedro,a,687,OpenPlay,2016,RightFoot,3460,Manchester United,Chelsea,2,0,2017-04-16 16:00:00,César Azpilicueta,Chipped
820,121219,64,BlockedShot,0.8859999847412109,0.2929999923706055,0.021908000111579895,Pedro,a,687,FromCorner,2016,LeftFoot,3460,Manchester United,Chelsea,2,0,2017-04-16 16:00:00,Eden Hazard,Chipped
821,121221,76,MissedShots,0.749000015258789,0.6179999923706054,0.013313700444996357,Pedro,a,687,FromCorner,2016,RightFoot,3460,Manchester United,Chelsea,2,0,2017-04-16 16:00:00,,Aerial
822,120752,84,MissedShots,0.8219999694824218,0.5540000152587891,0.07266779989004135,Pedro,h,687,OpenPlay,2016,RightFoot,3473,Chelsea,Southampton,4,2,2017-04-25 19:45:00,N&#039;Golo Kanté,BallRecovery
823,120943,65,Goal,0.7730000305175782,0.5279999923706055,0.031903598457574844,Pedro,a,687,OpenPlay,2016,LeftFoot,3481,Everton,Chelsea,0,3,2017-04-30 14:05:00,Nemanja Matic,Pass
824,121383,45,ShotOnPost,0.8169999694824219,0.5509999847412109,0.07934089750051498,Pedro,h,687,OpenPlay,2016,RightFoot,3493,Chelsea,Middlesbrough,3,0,2017-05-08 20:00:00,Eden Hazard,Pass
825,121393,76,MissedShots,0.914000015258789,0.6509999847412109,0.10216700285673141,Pedro,h,687,OpenPlay,2016,LeftFoot,3493,Chelsea,Middlesbrough,3,0,2017-05-08 20:00:00,Diego Costa,Pass
826,120572,9,MissedShots,0.774000015258789,0.5659999847412109,0.028771700337529182,Pedro,a,687,OpenPlay,2016,LeftFoot,3508,West Bromwich Albion,Chelsea,0,1,2017-05-12 20:00:00,Cesc Fàbregas,Pass
827,120575,13,MissedShots,0.8219999694824218,0.515,0.10326600074768066,Pedro,a,687,OpenPlay,2016,LeftFoot,3508,West Bromwich Albion,Chelsea,0,1,2017-05-12 20:00:00,Diego Costa,Pass
828,120576,15,BlockedShot,0.8159999847412109,0.54,0.04381110146641731,Pedro,a,687,SetPiece,2016,RightFoot,3508,West Bromwich Albion,Chelsea,0,1,2017-05-12 20:00:00,Cesc Fàbregas,Pass
829,120583,36,MissedShots,0.855,0.32099998474121094,0.05089240148663521,Pedro,a,687,OpenPlay,2016,LeftFoot,3508,West Bromwich Albion,Chelsea,0,1,2017-05-12 20:00:00,Victor Moses,Pass
830,119138,90,MissedShots,0.81,0.33299999237060546,0.044578298926353455,Pedro,h,687,OpenPlay,2016,RightFoot,3414,Chelsea,Watford,4,3,2017-05-15 20:00:00,,BallRecovery
831,112432,73,MissedShots,0.7709999847412109,0.629000015258789,0.0224434994161129,Pedro,h,687,FromCorner,2016,RightFoot,3512,Chelsea,Sunderland,5,1,2017-05-21 15:00:00,Willian,Pass
832,112433,76,Goal,0.9780000305175781,0.5729999923706055,0.4495120048522949,Pedro,h,687,OpenPlay,2016,Head,3512,Chelsea,Sunderland,5,1,2017-05-21 15:00:00,,None
833,159251,9,MissedShots,0.8630000305175781,0.555,0.1040859967470169,Pedro,h,687,OpenPlay,2017,RightFoot,7140,Chelsea,Everton,2,0,2017-08-27 13:30:00,Álvaro Morata,Pass
834,159255,13,SavedShot,0.794000015258789,0.3509999847412109,0.029827799648046494,Pedro,h,687,OpenPlay,2017,RightFoot,7140,Chelsea,Everton,2,0,2017-08-27 13:30:00,Willian,Pass
835,159260,47,MissedShots,0.7619999694824219,0.544000015258789,0.03119809925556183,Pedro,h,687,OpenPlay,2017,LeftFoot,7140,Chelsea,Everton,2,0,2017-08-27 13:30:00,Victor Moses,Pass
836,159263,58,MissedShots,0.86,0.34599998474121096,0.047761399298906326,Pedro,h,687,FromCorner,2017,RightFoot,7140,Chelsea,Everton,2,0,2017-08-27 13:30:00,,TakeOn
837,159308,53,BlockedShot,0.7619999694824219,0.3390000152587891,0.027018699795007706,Pedro,a,687,OpenPlay,2017,RightFoot,7151,Leicester,Chelsea,1,2,2017-09-09 15:00:00,N&#039;Golo Kanté,Pass
838,158567,2,SavedShot,0.775,0.5779999923706055,0.0294623002409935,Pedro,h,687,OpenPlay,2017,RightFoot,7167,Chelsea,Arsenal,0,0,2017-09-17 13:30:00,Cesc Fàbregas,Pass
839,158571,20,SavedShot,0.850999984741211,0.48700000762939455,0.2934949994087219,Pedro,h,687,OpenPlay,2017,RightFoot,7167,Chelsea,Arsenal,0,0,2017-09-17 13:30:00,Cesc Fàbregas,Chipped
840,158572,21,BlockedShot,0.7380000305175781,0.5029999923706054,0.012764399871230125,Pedro,h,687,SetPiece,2017,RightFoot,7167,Chelsea,Arsenal,0,0,2017-09-17 13:30:00,,None
841,159853,29,Goal,0.8209999847412109,0.375,0.057796500623226166,Pedro,a,687,OpenPlay,2017,RightFoot,7170,Stoke,Chelsea,0,4,2017-09-23 15:00:00,,None
842,160458,58,SavedShot,0.779000015258789,0.7319999694824219,0.016993999481201172,Pedro,a,687,OpenPlay,2017,RightFoot,7191,Crystal Palace,Chelsea,2,1,2017-10-14 15:00:00,Marcos Alonso,Pass
843,160460,65,SavedShot,0.8030000305175782,0.39799999237060546,0.037553898990154266,Pedro,a,687,OpenPlay,2017,RightFoot,7191,Crystal Palace,Chelsea,2,1,2017-10-14 15:00:00,Eden Hazard,Pass
844,161776,11,Goal,0.7909999847412109,0.33799999237060546,0.02313159964978695,Pedro,h,687,FromCorner,2017,RightFoot,7199,Chelsea,Watford,4,2,2017-10-21 19:30:00,Eden Hazard,Pass
845,161780,23,MissedShots,0.7169999694824218,0.4809999847412109,0.02023020014166832,Pedro,h,687,OpenPlay,2017,RightFoot,7199,Chelsea,Watford,4,2,2017-10-21 19:30:00,Gary Cahill,BallRecovery
846,161789,46,MissedShots,0.69,0.534000015258789,0.01302110031247139,Pedro,h,687,OpenPlay,2017,RightFoot,7199,Chelsea,Watford,4,2,2017-10-21 19:30:00,Eden Hazard,Pass
847,159767,8,MissedShots,0.7830000305175782,0.509000015258789,0.037089500576257706,Pedro,a,687,OpenPlay,2017,LeftFoot,7210,Bournemouth,Chelsea,0,1,2017-10-28 17:30:00,Cesc Fàbregas,Pass
848,159785,67,SavedShot,0.7780000305175782,0.48900001525878906,0.05184059962630272,Pedro,a,687,OpenPlay,2017,LeftFoot,7210,Bournemouth,Chelsea,0,1,2017-10-28 17:30:00,Álvaro Morata,LayOff
849,161109,18,SavedShot,0.94,0.32,0.05626789852976799,Pedro,h,687,OpenPlay,2017,LeftFoot,7255,Chelsea,Swansea,1,0,2017-11-29 19:45:00,,None
850,161112,21,SavedShot,0.720999984741211,0.57,0.01619720086455345,Pedro,h,687,FromCorner,2017,RightFoot,7255,Chelsea,Swansea,1,0,2017-11-29 19:45:00,Willian,Pass
851,161119,52,MissedShots,0.9159999847412109,0.5359999847412109,0.3639470040798187,Pedro,h,687,OpenPlay,2017,LeftFoot,7255,Chelsea,Swansea,1,0,2017-11-29 19:45:00,Willian,Cross
852,161122,57,MissedShots,0.7269999694824218,0.5659999847412109,0.018085500225424767,Pedro,h,687,FromCorner,2017,RightFoot,7255,Chelsea,Swansea,1,0,2017-11-29 19:45:00,Willian,Pass
853,179374,48,MissedShots,0.784000015258789,0.62,0.012047000229358673,Pedro,a,687,OpenPlay,2017,RightFoot,7269,West Ham,Chelsea,1,0,2017-12-09 12:30:00,,Aerial
854,182737,44,SavedShot,0.8590000152587891,0.6020000076293945,0.3296380043029785,Pedro,a,687,OpenPlay,2017,LeftFoot,7280,Huddersfield,Chelsea,1,3,2017-12-12 20:00:00,Eden Hazard,Pass
855,182738,49,Goal,0.855,0.5359999847412109,0.07807479798793793,Pedro,a,687,OpenPlay,2017,RightFoot,7280,Huddersfield,Chelsea,1,3,2017-12-12 20:00:00,Willian,BallTouch
856,182744,66,MissedShots,0.845,0.47200000762939454,0.08184120059013367,Pedro,a,687,OpenPlay,2017,RightFoot,7280,Huddersfield,Chelsea,1,3,2017-12-12 20:00:00,,None
857,182745,67,MissedShots,0.8590000152587891,0.5790000152587891,0.099515900015831,Pedro,a,687,OpenPlay,2017,LeftFoot,7280,Huddersfield,Chelsea,1,3,2017-12-12 20:00:00,Eden Hazard,Pass
858,183226,42,BlockedShot,0.9059999847412109,0.6580000305175782,0.07045289874076843,Pedro,h,687,OpenPlay,2017,RightFoot,7292,Chelsea,Southampton,1,0,2017-12-16 15:00:00,,Tackle
859,183025,4,MissedShots,0.7809999847412109,0.48,0.034392498433589935,Pedro,a,687,FromCorner,2017,RightFoot,7303,Everton,Chelsea,0,0,2017-12-23 12:30:00,,Rebound
860,183034,22,MissedShots,0.825999984741211,0.6680000305175782,0.04593459889292717,Pedro,a,687,OpenPlay,2017,LeftFoot,7303,Everton,Chelsea,0,0,2017-12-23 12:30:00,Eden Hazard,LayOff
861,183036,34,SavedShot,0.8959999847412109,0.6819999694824219,0.08989019691944122,Pedro,a,687,OpenPlay,2017,LeftFoot,7303,Everton,Chelsea,0,0,2017-12-23 12:30:00,Tiemoué Bakayoko,Pass
862,183039,40,MissedShots,0.8180000305175781,0.54,0.06603369861841202,Pedro,a,687,OpenPlay,2017,LeftFoot,7303,Everton,Chelsea,0,0,2017-12-23 12:30:00,Marcos Alonso,Pass
863,183041,45,SavedShot,0.8680000305175781,0.5379999923706055,0.0774310976266861,Pedro,a,687,OpenPlay,2017,LeftFoot,7303,Everton,Chelsea,0,0,2017-12-23 12:30:00,,None
864,186098,20,SavedShot,0.84,0.6569999694824219,0.07226280122995377,Pedro,h,687,OpenPlay,2017,RightFoot,7320,Chelsea,Stoke,5,0,2017-12-30 15:00:00,Álvaro Morata,Pass
865,186099,22,Goal,0.8280000305175781,0.47400001525878904,0.1006999984383583,Pedro,h,687,OpenPlay,2017,RightFoot,7320,Chelsea,Stoke,5,0,2017-12-30 15:00:00,Willian,Pass
866,186102,44,MissedShots,0.7680000305175781,0.365,0.025669800117611885,Pedro,h,687,OpenPlay,2017,RightFoot,7320,Chelsea,Stoke,5,0,2017-12-30 15:00:00,,BallTouch
867,186104,55,MissedShots,0.82,0.6170000076293946,0.048468198627233505,Pedro,h,687,OpenPlay,2017,RightFoot,7320,Chelsea,Stoke,5,0,2017-12-30 15:00:00,Marcos Alonso,Cross
868,186106,60,SavedShot,0.8530000305175781,0.57,0.040748000144958496,Pedro,h,687,FromCorner,2017,LeftFoot,7320,Chelsea,Stoke,5,0,2017-12-30 15:00:00,Willian,Cross
869,186108,68,MissedShots,0.91,0.45099998474121095,0.1389160007238388,Pedro,h,687,OpenPlay,2017,LeftFoot,7320,Chelsea,Stoke,5,0,2017-12-30 15:00:00,Willian,Cross
870,186110,78,BlockedShot,0.9009999847412109,0.47900001525878905,0.13789400458335876,Pedro,h,687,OpenPlay,2017,LeftFoot,7320,Chelsea,Stoke,5,0,2017-12-30 15:00:00,Davide Zappacosta,Cross
871,186111,80,SavedShot,0.7330000305175781,0.43400001525878906,0.017583400011062622,Pedro,h,687,SetPiece,2017,RightFoot,7320,Chelsea,Stoke,5,0,2017-12-30 15:00:00,Marcos Alonso,Pass
872,187367,61,BlockedShot,0.8190000152587891,0.6569999694824219,0.03733069822192192,Pedro,h,687,OpenPlay,2017,RightFoot,7340,Chelsea,Leicester,0,0,2018-01-13 15:00:00,Marcos Alonso,Pass
873,187373,80,BlockedShot,0.7440000152587891,0.39599998474121095,0.02208689972758293,Pedro,h,687,OpenPlay,2017,LeftFoot,7340,Chelsea,Leicester,0,0,2018-01-13 15:00:00,N&#039;Golo Kanté,Pass
874,187375,84,SavedShot,0.8019999694824219,0.7140000152587891,0.032527100294828415,Pedro,h,687,FromCorner,2017,RightFoot,7340,Chelsea,Leicester,0,0,2018-01-13 15:00:00,N&#039;Golo Kanté,Pass
875,194121,14,MissedShots,0.7959999847412109,0.639000015258789,0.03335519880056381,Pedro,h,687,OpenPlay,2017,LeftFoot,7362,Chelsea,Bournemouth,0,3,2018-01-31 19:45:00,Eden Hazard,Pass
876,194141,71,BlockedShot,0.9590000152587891,0.5259999847412109,0.15848399698734283,Pedro,h,687,OpenPlay,2017,Head,7362,Chelsea,Bournemouth,0,3,2018-01-31 19:45:00,Eden Hazard,Cross
877,194142,72,SavedShot,0.8480000305175781,0.6809999847412109,0.04750499874353409,Pedro,h,687,OpenPlay,2017,LeftFoot,7362,Chelsea,Bournemouth,0,3,2018-01-31 19:45:00,Eden Hazard,Pass
878,194143,73,MissedShots,0.789000015258789,0.4279999923706055,0.030054200440645218,Pedro,h,687,OpenPlay,2017,LeftFoot,7362,Chelsea,Bournemouth,0,3,2018-01-31 19:45:00,Cesc Fàbregas,Chipped
879,193779,46,MissedShots,0.8669999694824219,0.6370000076293946,0.06634639948606491,Pedro,a,687,OpenPlay,2017,LeftFoot,7377,Watford,Chelsea,4,1,2018-02-05 20:00:00,Victor Moses,Pass
880,193828,23,BlockedShot,0.8269999694824218,0.37,0.045063599944114685,Pedro,h,687,OpenPlay,2017,LeftFoot,7379,Chelsea,West Bromwich Albion,3,0,2018-02-12 20:00:00,Eden Hazard,Pass
881,206987,93,MissedShots,0.8780000305175781,0.7319999694824219,0.015224800445139408,Pedro,h,687,FromCorner,2017,LeftFoot,7442,Chelsea,West Ham,1,1,2018-04-08 15:30:00,César Azpilicueta,HeadPass
882,206986,93,BlockedShot,0.8069999694824219,0.7440000152587891,0.02033579908311367,Pedro,h,687,OpenPlay,2017,RightFoot,7442,Chelsea,West Ham,1,1,2018-04-08 15:30:00,Eden Hazard,Pass
883,209347,80,BlockedShot,0.740999984741211,0.580999984741211,0.026629500091075897,Pedro,a,687,FromCorner,2017,LeftFoot,7455,Southampton,Chelsea,2,3,2018-04-14 11:30:00,Willian,Pass
884,210042,15,MissedShots,0.7980000305175782,0.5479999923706055,0.04501980170607567,Pedro,a,687,OpenPlay,2017,RightFoot,7420,Burnley,Chelsea,1,2,2018-04-19 18:45:00,Olivier Giroud,Pass
885,210044,28,MissedShots,0.8009999847412109,0.7390000152587891,0.05603500083088875,Pedro,a,687,DirectFreekick,2017,RightFoot,7420,Burnley,Chelsea,1,2,2018-04-19 18:45:00,,Standard
886,210058,81,BlockedShot,0.8159999847412109,0.654000015258789,0.030251000076532364,Pedro,a,687,FromCorner,2017,LeftFoot,7420,Burnley,Chelsea,1,2,2018-04-19 18:45:00,Eden Hazard,Pass
887,214390,46,BlockedShot,0.8190000152587891,0.44,0.061196498572826385,Pedro,h,687,OpenPlay,2017,LeftFoot,7460,Chelsea,Huddersfield,1,1,2018-05-09 19:45:00,Álvaro Morata,LayOff
888,215791,88,MissedShots,0.7609999847412109,0.375,0.017183000221848488,Pedro,a,687,OpenPlay,2017,RightFoot,7497,Newcastle United,Chelsea,3,0,2018-05-13 15:00:00,N&#039;Golo Kanté,Pass
889,232785,79,Goal,0.8780000305175781,0.33599998474121096,0.2808769941329956,Pedro,a,687,OpenPlay,2018,RightFoot,9200,Huddersfield,Chelsea,0,3,2018-08-11 17:00:00,Eden Hazard,Pass
890,232996,3,MissedShots,0.7809999847412109,0.28899999618530275,0.017954900860786438,Pedro,h,687,OpenPlay,2018,LeftFoot,9212,Chelsea,Arsenal,3,2,2018-08-18 19:30:00,N&#039;Golo Kanté,TakeOn
891,232998,8,Goal,0.8769999694824219,0.5029999923706054,0.3657419979572296,Pedro,h,687,OpenPlay,2018,LeftFoot,9212,Chelsea,Arsenal,3,2,2018-08-18 19:30:00,Marcos Alonso,Pass
892,233008,35,SavedShot,0.7609999847412109,0.5609999847412109,0.0310370996594429,Pedro,h,687,OpenPlay,2018,RightFoot,9212,Chelsea,Arsenal,3,2,2018-08-18 19:30:00,Álvaro Morata,Pass
893,233015,47,MissedShots,0.7919999694824219,0.355,0.029165299609303474,Pedro,h,687,OpenPlay,2018,RightFoot,9212,Chelsea,Arsenal,3,2,2018-08-18 19:30:00,N&#039;Golo Kanté,Pass
894,233019,61,BlockedShot,0.85,0.37099998474121093,0.057218100875616074,Pedro,h,687,OpenPlay,2018,RightFoot,9212,Chelsea,Arsenal,3,2,2018-08-18 19:30:00,César Azpilicueta,Pass
895,233023,64,BlockedShot,0.8190000152587891,0.5529999923706055,0.04318070039153099,Pedro,h,687,OpenPlay,2018,RightFoot,9212,Chelsea,Arsenal,3,2,2018-08-18 19:30:00,,Rebound
896,233383,34,MissedShots,0.9269999694824219,0.33299999237060546,0.06944379955530167,Pedro,a,687,OpenPlay,2018,LeftFoot,9225,Newcastle United,Chelsea,1,2,2018-08-26 18:00:00,,Tackle
897,233384,35,SavedShot,0.86,0.47400001525878904,0.10435900092124939,Pedro,a,687,OpenPlay,2018,LeftFoot,9225,Newcastle United,Chelsea,1,2,2018-08-26 18:00:00,Eden Hazard,Pass
898,233578,71,Goal,0.845,0.4929999923706055,0.09617920219898224,Pedro,h,687,OpenPlay,2018,RightFoot,9231,Chelsea,Bournemouth,2,0,2018-09-01 14:00:00,Olivier Giroud,Pass
899,233581,82,SavedShot,0.9169999694824219,0.32799999237060545,0.0897051990032196,Pedro,h,687,OpenPlay,2018,RightFoot,9231,Chelsea,Bournemouth,2,0,2018-09-01 14:00:00,Ruben Loftus-Cheek,Pass
900,233771,23,MissedShots,0.87,0.265,0.023462500423192978,Pedro,h,687,OpenPlay,2018,LeftFoot,9241,Chelsea,Cardiff,4,1,2018-09-15 14:00:00,Marcos Alonso,Chipped
901,233774,32,MissedShots,0.8159999847412109,0.29200000762939454,0.027162499725818634,Pedro,h,687,OpenPlay,2018,RightFoot,9241,Chelsea,Cardiff,4,1,2018-09-15 14:00:00,César Azpilicueta,Pass
902,233775,35,MissedShots,0.889000015258789,0.445,0.08420240134000778,Pedro,h,687,OpenPlay,2018,RightFoot,9241,Chelsea,Cardiff,4,1,2018-09-15 14:00:00,César Azpilicueta,Cross
903,233780,61,MissedShots,0.8419999694824218,0.485,0.1036669984459877,Pedro,h,687,OpenPlay,2018,RightFoot,9241,Chelsea,Cardiff,4,1,2018-09-15 14:00:00,Antonio Rüdiger,Pass
904,249954,1,MissedShots,0.93,0.555,0.11449799686670303,Pedro,h,687,OpenPlay,2018,LeftFoot,9305,Chelsea,Crystal Palace,3,1,2018-11-04 16:00:00,Willian,Cross
905,249961,34,BlockedShot,0.8469999694824218,0.4759999847412109,0.0697363018989563,Pedro,h,687,OpenPlay,2018,LeftFoot,9305,Chelsea,Crystal Palace,3,1,2018-11-04 16:00:00,Willian,HeadPass
906,249971,69,Goal,0.8919999694824219,0.5309999847412109,0.11230400204658508,Pedro,h,687,OpenPlay,2018,RightFoot,9305,Chelsea,Crystal Palace,3,1,2018-11-04 16:00:00,Marcos Alonso,Cross
907,250410,77,BlockedShot,0.865999984741211,0.355,0.05700739845633507,Pedro,a,687,OpenPlay,2018,LeftFoot,9323,Tottenham,Chelsea,3,1,2018-11-24 17:30:00,César Azpilicueta,Pass
908,250413,87,MissedShots,0.825,0.4909999847412109,0.034858398139476776,Pedro,a,687,OpenPlay,2018,LeftFoot,9323,Tottenham,Chelsea,3,1,2018-11-24 17:30:00,Ross Barkley,Cross
909,250678,3,Goal,0.9219999694824219,0.4540000152587891,0.5133280158042908,Pedro,h,687,OpenPlay,2018,LeftFoot,9334,Chelsea,Fulham,2,0,2018-12-02 12:00:00,N&#039;Golo Kanté,TakeOn
910,250686,48,SavedShot,0.8119999694824219,0.49400001525878906,0.07256849855184555,Pedro,h,687,OpenPlay,2018,RightFoot,9334,Chelsea,Fulham,2,0,2018-12-02 12:00:00,David Luiz,Pass
911,250689,63,SavedShot,0.885,0.30100000381469727,0.061346400529146194,Pedro,h,687,OpenPlay,2018,RightFoot,9334,Chelsea,Fulham,2,0,2018-12-02 12:00:00,,None
912,251155,50,BlockedShot,0.865,0.425,0.10670199990272522,Pedro,h,687,OpenPlay,2018,LeftFoot,9352,Chelsea,Manchester City,2,0,2018-12-08 17:30:00,N&#039;Golo Kanté,Pass
913,251160,62,SavedShot,0.754000015258789,0.6079999923706054,0.022166399285197258,Pedro,h,687,OpenPlay,2018,RightFoot,9352,Chelsea,Manchester City,2,0,2018-12-08 17:30:00,Willian,Pass
914,251428,16,Goal,0.9630000305175781,0.4640000152587891,0.7012850046157837,Pedro,a,687,OpenPlay,2018,RightFoot,9366,Brighton,Chelsea,1,2,2018-12-16 13:30:00,Eden Hazard,Pass
915,251432,48,MissedShots,0.9219999694824219,0.475,0.12397599965333939,Pedro,a,687,OpenPlay,2018,RightFoot,9366,Brighton,Chelsea,1,2,2018-12-16 13:30:00,N&#039;Golo Kanté,BallTouch
916,251620,2,BlockedShot,0.87,0.305,0.043228600174188614,Pedro,h,687,OpenPlay,2018,RightFoot,9373,Chelsea,Leicester,0,1,2018-12-22 15:00:00,,None
917,251623,16,MissedShots,0.965999984741211,0.6120000076293945,0.013747399672865868,Pedro,h,687,FromCorner,2018,Head,9373,Chelsea,Leicester,0,1,2018-12-22 15:00:00,Willian,Aerial
918,251952,2,MissedShots,0.774000015258789,0.5220000076293946,0.035360198467969894,Pedro,a,687,OpenPlay,2018,LeftFoot,9377,Watford,Chelsea,1,2,2018-12-26 19:30:00,Willian,LayOff
919,274509,8,Goal,0.87,0.4640000152587891,0.3270849883556366,Pedro,h,687,OpenPlay,2018,LeftFoot,9413,Chelsea,Newcastle United,2,1,2019-01-12 17:30:00,David Luiz,Throughball
920,274513,32,SavedShot,0.7169999694824218,0.47200000762939454,0.019971400499343872,Pedro,h,687,OpenPlay,2018,RightFoot,9413,Chelsea,Newcastle United,2,1,2019-01-12 17:30:00,Jorginho,BallRecovery
921,274519,46,SavedShot,0.8490000152587891,0.3940000152587891,0.07915160059928894,Pedro,h,687,OpenPlay,2018,RightFoot,9413,Chelsea,Newcastle United,2,1,2019-01-12 17:30:00,N&#039;Golo Kanté,Pass
922,274521,55,SavedShot,0.8859999847412109,0.500999984741211,0.09392289817333221,Pedro,h,687,OpenPlay,2018,LeftFoot,9413,Chelsea,Newcastle United,2,1,2019-01-12 17:30:00,Marcos Alonso,Cross
923,274796,17,MissedShots,0.89,0.615999984741211,0.2633099853992462,Pedro,a,687,OpenPlay,2018,LeftFoot,9426,Arsenal,Chelsea,2,0,2019-01-19 17:30:00,David Luiz,Chipped
924,274806,55,MissedShots,0.8419999694824218,0.56,0.07663659751415253,Pedro,a,687,OpenPlay,2018,LeftFoot,9426,Arsenal,Chelsea,2,0,2019-01-19 17:30:00,Willian,Pass
925,275033,24,SavedShot,0.8530000305175781,0.3220000076293945,0.04317310079932213,Pedro,a,687,OpenPlay,2018,LeftFoot,9430,Bournemouth,Chelsea,4,0,2019-01-30 19:45:00,Eden Hazard,Pass
926,275042,56,SavedShot,0.7880000305175782,0.32799999237060545,0.026020800694823265,Pedro,a,687,OpenPlay,2018,LeftFoot,9430,Bournemouth,Chelsea,4,0,2019-01-30 19:45:00,César Azpilicueta,Pass
927,275608,27,SavedShot,0.865999984741211,0.48900001525878906,0.3102189898490906,Pedro,a,687,OpenPlay,2018,LeftFoot,9454,Manchester City,Chelsea,6,0,2019-02-10 16:00:00,Gonzalo Higuaín,Pass
928,275609,28,SavedShot,0.8719999694824219,0.3390000152587891,0.0728818029165268,Pedro,a,687,OpenPlay,2018,LeftFoot,9454,Manchester City,Chelsea,6,0,2019-02-10 16:00:00,Eden Hazard,Pass
929,276067,7,MissedShots,0.9130000305175782,0.48200000762939454,0.05731379985809326,Pedro,h,687,OpenPlay,2018,Head,9474,Chelsea,Tottenham,2,0,2019-02-27 20:00:00,N&#039;Golo Kanté,Aerial
930,276077,56,Goal,0.9640000152587891,0.34900001525878904,0.25394999980926514,Pedro,h,687,OpenPlay,2018,LeftFoot,9474,Chelsea,Tottenham,2,0,2019-02-27 20:00:00,César Azpilicueta,Pass
931,276082,70,MissedShots,0.8009999847412109,0.26799999237060546,0.02715880051255226,Pedro,h,687,OpenPlay,2018,LeftFoot,9474,Chelsea,Tottenham,2,0,2019-02-27 20:00:00,Gonzalo Higuaín,BallTouch
932,285123,59,SavedShot,0.73,0.43099998474121093,0.01844879984855652,Pedro,h,687,OpenPlay,2018,RightFoot,9494,Chelsea,Wolverhampton Wanderers,1,1,2019-03-10 14:05:00,Ruben Loftus-Cheek,Pass
933,286885,30,MissedShots,0.8880000305175781,0.6270000076293946,0.08834750205278397,Pedro,a,687,OpenPlay,2018,RightFoot,9503,Everton,Chelsea,2,0,2019-03-17 16:30:00,Marcos Alonso,Pass
934,286889,41,MissedShots,0.784000015258789,0.4929999923706055,0.08126839995384216,Pedro,a,687,OpenPlay,2018,LeftFoot,9503,Everton,Chelsea,2,0,2019-03-17 16:30:00,,TakeOn
935,288118,10,MissedShots,0.764000015258789,0.4420000076293945,0.02260410040616989,Pedro,a,687,OpenPlay,2018,LeftFoot,9514,Cardiff,Chelsea,1,2,2019-03-31 13:05:00,Willian,Pass
936,296455,43,SavedShot,0.799000015258789,0.28899999618530275,0.02376919984817505,Pedro,h,687,OpenPlay,2018,LeftFoot,9543,Chelsea,Burnley,2,2,2019-04-22 20:00:00,Gonzalo Higuaín,Pass
937,298222,87,MissedShots,0.8880000305175781,0.2989999961853027,0.04888540133833885,Pedro,a,687,OpenPlay,2018,RightFoot,9550,Manchester United,Chelsea,1,1,2019-04-28 16:30:00,N&#039;Golo Kanté,Pass
938,298226,95,MissedShots,0.9159999847412109,0.5570000076293945,0.10552400350570679,Pedro,a,687,OpenPlay,2018,Head,9550,Manchester United,Chelsea,1,1,2019-04-28 16:30:00,Eden Hazard,Cross
939,299839,34,MissedShots,0.894000015258789,0.35200000762939454,0.08617159724235535,Pedro,h,687,OpenPlay,2018,LeftFoot,9563,Chelsea,Watford,3,0,2019-05-05 13:00:00,Eden Hazard,Pass
940,299840,40,MissedShots,0.785,0.3129999923706055,0.02155819907784462,Pedro,h,687,OpenPlay,2018,RightFoot,9563,Chelsea,Watford,3,0,2019-05-05 13:00:00,Gonzalo Higuaín,Pass
941,299845,57,SavedShot,0.8959999847412109,0.39799999237060546,0.1204179972410202,Pedro,h,687,OpenPlay,2018,LeftFoot,9563,Chelsea,Watford,3,0,2019-05-05 13:00:00,Eden Hazard,Pass
942,299849,62,BlockedShot,0.8119999694824219,0.29100000381469726,0.02000279910862446,Pedro,h,687,FromCorner,2018,LeftFoot,9563,Chelsea,Watford,3,0,2019-05-05 13:00:00,,Dispossessed
943,301334,17,SavedShot,0.8819999694824219,0.27100000381469724,0.031073199585080147,Pedro,a,687,OpenPlay,2018,RightFoot,9572,Leicester,Chelsea,0,0,2019-05-12 14:00:00,Jorginho,Chipped
944,301339,31,BlockedShot,0.9,0.455,0.12932699918746948,Pedro,a,687,OpenPlay,2018,LeftFoot,9572,Leicester,Chelsea,0,0,2019-05-12 14:00:00,Davide Zappacosta,Pass
945,301349,63,MissedShots,0.784000015258789,0.385,0.029694300144910812,Pedro,a,687,OpenPlay,2018,LeftFoot,9572,Leicester,Chelsea,0,0,2019-05-12 14:00:00,Ruben Loftus-Cheek,Pass
946,310294,3,MissedShots,0.7630000305175781,0.64,0.02220270037651062,Pedro,a,687,OpenPlay,2019,RightFoot,11652,Manchester United,Chelsea,4,0,2019-08-11 16:30:00,Mateo Kovacic,Pass
947,310302,35,SavedShot,0.7559999847412109,0.355,0.016728000715374947,Pedro,a,687,OpenPlay,2019,LeftFoot,11652,Manchester United,Chelsea,4,0,2019-08-11 16:30:00,César Azpilicueta,BallRecovery
948,310307,50,BlockedShot,0.7730000305175782,0.37099998474121093,0.024473899975419044,Pedro,a,687,OpenPlay,2019,LeftFoot,11652,Manchester United,Chelsea,4,0,2019-08-11 16:30:00,Ross Barkley,Pass
949,310320,88,MissedShots,0.9569999694824218,0.5570000076293945,0.2794969975948334,Pedro,a,687,OpenPlay,2019,OtherBodyPart,11652,Manchester United,Chelsea,4,0,2019-08-11 16:30:00,Emerson,Cross
950,311165,0,MissedShots,0.895,0.35900001525878905,0.09466010332107544,Pedro,h,687,OpenPlay,2019,RightFoot,11661,Chelsea,Leicester,1,1,2019-08-18 16:30:00,Olivier Giroud,Pass
951,322622,19,BlockedShot,0.8780000305175781,0.35400001525878905,0.05295800045132637,Pedro,h,687,OpenPlay,2019,RightFoot,11708,Chelsea,Brighton,2,0,2019-09-28 14:00:00,,Rebound
952,322629,38,BlockedShot,0.9169999694824219,0.6880000305175781,0.046278100460767746,Pedro,h,687,OpenPlay,2019,RightFoot,11708,Chelsea,Brighton,2,0,2019-09-28 14:00:00,,Rebound
953,322628,38,SavedShot,0.8780000305175781,0.605999984741211,0.3338710069656372,Pedro,h,687,OpenPlay,2019,LeftFoot,11708,Chelsea,Brighton,2,0,2019-09-28 14:00:00,Jorginho,Throughball
954,322631,45,SavedShot,0.825,0.415,0.06270500272512436,Pedro,h,687,OpenPlay,2019,LeftFoot,11708,Chelsea,Brighton,2,0,2019-09-28 14:00:00,Ross Barkley,Pass
955,322634,50,SavedShot,0.8809999847412109,0.36400001525878906,0.29516300559043884,Pedro,h,687,OpenPlay,2019,RightFoot,11708,Chelsea,Brighton,2,0,2019-09-28 14:00:00,Ross Barkley,Pass
956,333617,2,BlockedShot,0.8680000305175781,0.5329999923706055,0.08071470260620117,Pedro,h,687,OpenPlay,2019,LeftFoot,11774,Chelsea,West Ham,0,1,2019-11-30 15:00:00,,None
957,333622,16,SavedShot,0.915,0.575,0.09631440043449402,Pedro,h,687,OpenPlay,2019,LeftFoot,11774,Chelsea,West Ham,0,1,2019-11-30 15:00:00,,None
958,352373,30,SavedShot,0.8619999694824219,0.31,0.04694280028343201,Pedro,a,687,OpenPlay,2019,RightFoot,11886,Leicester,Chelsea,2,2,2020-02-01 12:30:00,N&#039;Golo Kanté,Pass
959,352861,54,BlockedShot,0.919000015258789,0.5570000076293945,0.08849120140075684,Pedro,h,687,OpenPlay,2019,LeftFoot,11896,Chelsea,Manchester United,0,2,2020-02-17 20:00:00,,None
960,352866,81,MissedShots,0.860999984741211,0.3270000076293945,0.03358450159430504,Pedro,h,687,FromCorner,2019,RightFoot,11896,Chelsea,Manchester United,0,2,2020-02-17 20:00:00,,None
961,352870,87,BlockedShot,0.8730000305175781,0.3270000076293945,0.042377401143312454,Pedro,h,687,FromCorner,2019,RightFoot,11896,Chelsea,Manchester United,0,2,2020-02-17 20:00:00,Reece James,Pass
962,353284,77,BlockedShot,0.8780000305175781,0.3840000152587891,0.058692898601293564,Pedro,a,687,FromCorner,2019,RightFoot,11914,Bournemouth,Chelsea,2,2,2020-02-29 15:00:00,,None
963,353288,84,SavedShot,0.8690000152587891,0.4159999847412109,0.08370179682970047,Pedro,a,687,OpenPlay,2019,RightFoot,11914,Bournemouth,Chelsea,2,2,2020-02-29 15:00:00,César Azpilicueta,Pass
964,353555,20,Goal,0.87,0.4520000076293945,0.36202099919319153,Pedro,h,687,OpenPlay,2019,RightFoot,11925,Chelsea,Everton,4,0,2020-03-08 14:00:00,Ross Barkley,Throughball
965,353559,52,BlockedShot,0.865,0.6229999923706054,0.1389950066804886,Pedro,h,687,OpenPlay,2019,RightFoot,11925,Chelsea,Everton,4,0,2020-03-08 14:00:00,Olivier Giroud,TakeOn
966,353562,56,SavedShot,0.885,0.5729999923706055,0.10381600260734558,Pedro,h,687,OpenPlay,2019,RightFoot,11925,Chelsea,Everton,4,0,2020-03-08 14:00:00,,None
967,366633,92,SavedShot,0.8440000152587891,0.6730000305175782,0.10828600078821182,Pedro,h,687,OpenPlay,2019,RightFoot,11946,Chelsea,Manchester City,2,1,2020-06-25 19:15:00,Billy Gilmour,Chipped
968,377689,16,MissedShots,0.7880000305175782,0.395,0.02797739952802658,Pedro,a,687,OpenPlay,2020,RightFoot,14117,Verona,Roma,0,0,2020-09-19 18:45:00,Rick Karsdorp,Pass
969,377695,33,MissedShots,0.904000015258789,0.5359999847412109,0.43415600061416626,Pedro,a,687,OpenPlay,2020,RightFoot,14117,Verona,Roma,0,0,2020-09-19 18:45:00,Leonardo Spinazzola,Pass
970,377697,37,SavedShot,0.7330000305175781,0.4520000076293945,0.019905399531126022,Pedro,a,687,OpenPlay,2020,LeftFoot,14117,Verona,Roma,0,0,2020-09-19 18:45:00,Lorenzo Pellegrini,Pass
971,377705,59,MissedShots,0.79,0.33,0.028245899826288223,Pedro,a,687,OpenPlay,2020,LeftFoot,14117,Verona,Roma,0,0,2020-09-19 18:45:00,Lorenzo Pellegrini,Chipped
972,379818,50,SavedShot,0.754000015258789,0.7609999847412109,0.012502100318670273,Pedro,h,687,FromCorner,2020,RightFoot,14131,Roma,Juventus,2,2,2020-09-27 18:45:00,,None
973,379826,81,BlockedShot,0.8180000305175781,0.53,0.03714980185031891,Pedro,h,687,OpenPlay,2020,LeftFoot,14131,Roma,Juventus,2,2,2020-09-27 18:45:00,Edin Dzeko,HeadPass
974,380787,18,SavedShot,0.8719999694824219,0.47400001525878904,0.03585259988903999,Pedro,a,687,OpenPlay,2020,Head,15449,Udinese,Roma,0,1,2020-10-03 18:45:00,Leonardo Spinazzola,Cross
975,380800,47,BlockedShot,0.8059999847412109,0.5209999847412109,0.055941998958587646,Pedro,a,687,OpenPlay,2020,LeftFoot,15449,Udinese,Roma,0,1,2020-10-03 18:45:00,Edin Dzeko,Pass
976,380801,54,Goal,0.7190000152587891,0.4179999923706055,0.014438900165259838,Pedro,a,687,OpenPlay,2020,RightFoot,15449,Udinese,Roma,0,1,2020-10-03 18:45:00,,BallRecovery
977,382817,28,MissedShots,0.87,0.275,0.024799799546599388,Pedro,h,687,OpenPlay,2020,LeftFoot,15464,Roma,Benevento,5,2,2020-10-18 18:45:00,Edin Dzeko,Chipped
978,382819,30,Goal,0.8769999694824219,0.46700000762939453,0.09930510073900223,Pedro,h,687,OpenPlay,2020,LeftFoot,15464,Roma,Benevento,5,2,2020-10-18 18:45:00,Lorenzo Pellegrini,Pass
979,384251,56,BlockedShot,0.720999984741211,0.5120000076293946,0.014527100138366222,Pedro,a,687,OpenPlay,2020,RightFoot,15473,AC Milan,Roma,3,3,2020-10-26 19:45:00,,None
980,385361,17,MissedShots,0.7919999694824219,0.38,0.040211599320173264,Pedro,h,687,OpenPlay,2020,LeftFoot,15480,Roma,Fiorentina,2,0,2020-11-01 17:00:00,Edin Dzeko,Pass
981,385373,59,BlockedShot,0.8480000305175781,0.6759999847412109,0.05921550095081329,Pedro,h,687,OpenPlay,2020,LeftFoot,15480,Roma,Fiorentina,2,0,2020-11-01 17:00:00,Ibañez,BallTouch
982,385375,69,Goal,0.965,0.5270000076293946,0.8940330147743225,Pedro,h,687,OpenPlay,2020,LeftFoot,15480,Roma,Fiorentina,2,0,2020-11-01 17:00:00,Henrikh Mkhitaryan,Pass
983,386458,19,SavedShot,0.924000015258789,0.3370000076293945,0.08425349742174149,Pedro,a,687,OpenPlay,2020,RightFoot,15490,Genoa,Roma,1,3,2020-11-08 14:00:00,Henrikh Mkhitaryan,Pass
984,387809,5,BlockedShot,0.71,0.46700000762939453,0.013424299657344818,Pedro,h,687,FromCorner,2020,LeftFoot,15501,Roma,Parma Calcio 1913,3,0,2020-11-22 14:00:00,,None
985,387812,21,MissedShots,0.9059999847412109,0.2989999961853027,0.04941510036587715,Pedro,h,687,OpenPlay,2020,RightFoot,15501,Roma,Parma Calcio 1913,3,0,2020-11-22 14:00:00,Gonzalo Villar,Chipped
986,387817,48,MissedShots,0.9590000152587891,0.485,0.6805149912834167,Pedro,h,687,OpenPlay,2020,LeftFoot,15501,Roma,Parma Calcio 1913,3,0,2020-11-22 14:00:00,,None
987,387821,64,MissedShots,0.8530000305175781,0.5729999923706055,0.11854899674654007,Pedro,h,687,OpenPlay,2020,LeftFoot,15501,Roma,Parma Calcio 1913,3,0,2020-11-22 14:00:00,Jordan Veretout,Pass
988,389693,2,MissedShots,0.8109999847412109,0.524000015258789,0.05043330043554306,Pedro,a,687,OpenPlay,2020,RightFoot,15513,Napoli,Roma,4,0,2020-11-29 19:45:00,,None
989,390776,10,BlockedShot,0.850999984741211,0.605,0.05896969884634018,Pedro,h,687,OpenPlay,2020,LeftFoot,15521,Roma,Sassuolo,0,0,2020-12-06 14:00:00,,None
990,390780,30,MissedShots,0.8669999694824219,0.30700000762939456,0.03026849962770939,Pedro,h,687,FromCorner,2020,RightFoot,15521,Roma,Sassuolo,0,0,2020-12-06 14:00:00,,None
991,390782,36,MissedShots,0.8119999694824219,0.6270000076293946,0.03888529911637306,Pedro,h,687,OpenPlay,2020,LeftFoot,15521,Roma,Sassuolo,0,0,2020-12-06 14:00:00,Leonardo Spinazzola,Pass
992,394724,46,MissedShots,0.805,0.38299999237060545,0.025359300896525383,Pedro,a,687,FromCorner,2020,RightFoot,15546,Atalanta,Roma,4,1,2020-12-20 17:00:00,,None
993,395341,21,SavedShot,0.875999984741211,0.42400001525878905,0.29934999346733093,Pedro,h,687,OpenPlay,2020,RightFoot,15561,Roma,Cagliari,3,2,2020-12-23 19:45:00,Bryan Cristante,Chipped
994,395345,43,BlockedShot,0.885,0.38799999237060545,0.10785000026226044,Pedro,h,687,OpenPlay,2020,RightFoot,15561,Roma,Cagliari,3,2,2020-12-23 19:45:00,Edin Dzeko,Pass
995,395349,51,SavedShot,0.8880000305175781,0.4379999923706055,0.44710999727249146,Pedro,h,687,OpenPlay,2020,RightFoot,15561,Roma,Cagliari,3,2,2020-12-23 19:45:00,Henrikh Mkhitaryan,Pass
996,404609,92,Goal,0.85,0.5259999847412109,0.09652409702539444,Pedro,h,687,OpenPlay,2020,RightFoot,15645,Roma,Udinese,3,0,2021-02-14 11:30:00,Edin Dzeko,BallTouch
997,407599,92,MissedShots,0.875,0.565,0.09112749993801117,Pedro,h,687,OpenPlay,2020,LeftFoot,15663,Roma,AC Milan,1,2,2021-02-28 19:45:00,Stephan El Shaarawy,Pass
998,408805,14,MissedShots,0.805,0.6509999847412109,0.026149500161409378,Pedro,h,687,OpenPlay,2020,LeftFoot,15680,Roma,Genoa,1,0,2021-03-07 11:30:00,Bruno Peres,Pass
999,408810,26,SavedShot,0.779000015258789,0.5259999847412109,0.06806089729070663,Pedro,h,687,OpenPlay,2020,LeftFoot,15680,Roma,Genoa,1,0,2021-03-07 11:30:00,Lorenzo Pellegrini,Pass
1000,410483,43,BlockedShot,0.7969999694824219,0.34200000762939453,0.027685800567269325,Pedro,a,687,OpenPlay,2020,LeftFoot,15691,Parma Calcio 1913,Roma,2,0,2021-03-14 14:00:00,Edin Dzeko,Pass
1001,410487,49,SavedShot,0.8719999694824219,0.525,0.07660380005836487,Pedro,a,687,OpenPlay,2020,RightFoot,15691,Parma Calcio 1913,Roma,2,0,2021-03-14 14:00:00,Bruno Peres,Rebound
1002,412039,57,MissedShots,0.8719999694824219,0.6020000076293945,0.054008498787879944,Pedro,h,687,OpenPlay,2020,LeftFoot,15702,Roma,Napoli,0,2,2021-03-21 19:45:00,,None
1003,414670,64,BlockedShot,0.8190000152587891,0.5279999923706055,0.07221899926662445,Pedro,h,687,OpenPlay,2020,RightFoot,15717,Roma,Bologna,1,0,2021-04-11 16:00:00,Carles Pérez,BallTouch
1004,415976,19,BlockedShot,0.909000015258789,0.65,0.1266629993915558,Pedro,a,687,OpenPlay,2020,LeftFoot,15732,Torino,Roma,3,1,2021-04-18 16:00:00,Carles Pérez,Pass
1005,415985,39,SavedShot,0.889000015258789,0.6270000076293946,0.129721999168396,Pedro,a,687,OpenPlay,2020,RightFoot,15732,Torino,Roma,3,1,2021-04-18 16:00:00,Jordan Veretout,Chipped
1006,420793,47,MissedShots,0.905,0.4909999847412109,0.3058049976825714,Pedro,h,687,OpenPlay,2020,Head,15769,Roma,Crotone,5,0,2021-05-09 16:00:00,Henrikh Mkhitaryan,Cross
1007,420803,65,SavedShot,0.8159999847412109,0.664000015258789,0.03472980111837387,Pedro,h,687,OpenPlay,2020,RightFoot,15769,Roma,Crotone,5,0,2021-05-09 16:00:00,,Rebound
1008,421435,6,MissedShots,0.7880000305175782,0.38799999237060545,0.030736999586224556,Pedro,a,687,OpenPlay,2020,RightFoot,15782,Inter,Roma,3,1,2021-05-12 18:45:00,Henrikh Mkhitaryan,Pass
1009,422036,77,Goal,0.7390000152587891,0.44299999237060544,0.029479600489139557,Pedro,h,687,OpenPlay,2020,LeftFoot,15791,Roma,Lazio,2,0,2021-05-15 18:45:00,Bryan Cristante,TakeOn
1010,424278,22,MissedShots,0.7230000305175781,0.62,0.01571189984679222,Pedro,a,687,OpenPlay,2020,RightFoot,15803,Spezia,Roma,2,2,2021-05-23 18:45:00,Ebrima Darboe,Pass
1011,428837,17,SavedShot,0.8619999694824219,0.57,0.10958900302648544,Pedro,h,687,OpenPlay,2021,LeftFoot,16768,Lazio,Spezia,6,1,2021-08-28 16:30:00,Felipe Anderson,Pass
1012,428839,29,SavedShot,0.9540000152587891,0.555,0.1534540057182312,Pedro,h,687,OpenPlay,2021,LeftFoot,16768,Lazio,Spezia,6,1,2021-08-28 16:30:00,Felipe Anderson,Pass
1013,428849,65,SavedShot,0.9019999694824219,0.32099998474121094,0.09857530146837234,Pedro,h,687,OpenPlay,2021,RightFoot,16768,Lazio,Spezia,6,1,2021-08-28 16:30:00,Sergej Milinkovic-Savic,Chipped
1014,432021,6,BlockedShot,0.8019999694824219,0.3920000076293945,0.030817300081253052,Pedro,h,687,SetPiece,2021,RightFoot,16791,Lazio,Cagliari,2,2,2021-09-19 16:00:00,Luis Alberto,Pass
1015,432025,16,MissedShots,0.8069999694824219,0.6419999694824219,0.035167399793863297,Pedro,h,687,OpenPlay,2021,RightFoot,16791,Lazio,Cagliari,2,2,2021-09-19 16:00:00,Felipe Anderson,Pass
1016,432040,54,SavedShot,0.855,0.3340000152587891,0.050927698612213135,Pedro,h,687,OpenPlay,2021,LeftFoot,16791,Lazio,Cagliari,2,2,2021-09-19 16:00:00,Sergej Milinkovic-Savic,Pass
1017,434287,18,Goal,0.81,0.47,0.09395469725131989,Pedro,h,687,OpenPlay,2021,RightFoot,16810,Lazio,Roma,3,2,2021-09-26 16:00:00,Ciro Immobile,Pass
1018,435224,54,SavedShot,0.9080000305175782,0.3940000152587891,0.05687040090560913,Pedro,a,687,OpenPlay,2021,LeftFoot,16817,Bologna,Lazio,3,0,2021-10-03 10:30:00,Luis Alberto,Chipped
1019,436391,9,BlockedShot,0.9119999694824219,0.3920000076293945,0.10765500366687775,Pedro,h,687,OpenPlay,2021,RightFoot,16830,Lazio,Inter,3,1,2021-10-16 16:00:00,Felipe Anderson,Pass
1020,436403,42,BlockedShot,0.7780000305175782,0.3659999847412109,0.02651520073413849,Pedro,h,687,OpenPlay,2021,RightFoot,16830,Lazio,Inter,3,1,2021-10-16 16:00:00,Sergej Milinkovic-Savic,Pass
1021,436409,71,MissedShots,0.8959999847412109,0.695,0.054513998329639435,Pedro,h,687,OpenPlay,2021,LeftFoot,16830,Lazio,Inter,3,1,2021-10-16 16:00:00,Sergej Milinkovic-Savic,Pass
1022,439133,51,Goal,0.8930000305175781,0.664000015258789,0.07677029818296432,Pedro,h,687,OpenPlay,2021,LeftFoot,16849,Lazio,Fiorentina,1,0,2021-10-27 18:45:00,Sergej Milinkovic-Savic,Pass
1023,439439,17,Goal,0.865999984741211,0.5529999923706055,0.3270820081233978,Pedro,a,687,OpenPlay,2021,LeftFoot,16856,Atalanta,Lazio,2,2,2021-10-30 13:00:00,,Rebound
1024,441967,35,Goal,0.9059999847412109,0.6090000152587891,0.3796530067920685,Pedro,h,687,OpenPlay,2021,RightFoot,16869,Lazio,Salernitana,3,0,2021-11-07 17:00:00,,BallRecovery
1025,442756,51,BlockedShot,0.8009999847412109,0.2979999923706055,0.02043299935758114,Pedro,h,687,OpenPlay,2021,RightFoot,16882,Lazio,Juventus,0,2,2021-11-20 17:00:00,Felipe Anderson,Pass
1026,445777,50,Goal,0.8719999694824219,0.5770000076293945,0.07508990168571472,Pedro,h,687,OpenPlay,2021,RightFoot,16902,Lazio,Udinese,4,4,2021-12-02 19:45:00,,BallTouch
1027,445783,76,MissedShots,0.8440000152587891,0.40099998474121096,0.0476716011762619,Pedro,h,687,OpenPlay,2021,RightFoot,16902,Lazio,Udinese,4,4,2021-12-02 19:45:00,Sergej Milinkovic-Savic,HeadPass
1028,449208,7,SavedShot,0.785,0.355,0.029279800131917,Pedro,h,687,OpenPlay,2021,LeftFoot,16930,Lazio,Genoa,3,1,2021-12-17 17:30:00,Elseid Hysaj,Chipped
1029,449209,16,BlockedShot,0.9280000305175782,0.3920000076293945,0.10780899971723557,Pedro,h,687,OpenPlay,2021,LeftFoot,16930,Lazio,Genoa,3,1,2021-12-17 17:30:00,Danilo Cataldi,TakeOn
1030,449211,35,Goal,0.9030000305175782,0.5529999923706055,0.41843900084495544,Pedro,h,687,OpenPlay,2021,LeftFoot,16930,Lazio,Genoa,3,1,2021-12-17 17:30:00,Felipe Anderson,Pass
1031,450113,2,Goal,0.89,0.5329999923706055,0.2048249989748001,Pedro,a,687,OpenPlay,2021,LeftFoot,16945,Venezia,Lazio,1,3,2021-12-22 15:30:00,Adam Marusic,TakeOn
1032,450123,38,MissedShots,0.8069999694824219,0.49400001525878906,0.058779001235961914,Pedro,a,687,OpenPlay,2021,LeftFoot,16945,Venezia,Lazio,1,3,2021-12-22 15:30:00,Mattia Zaccagni,Pass
1033,451747,39,MissedShots,0.805,0.6859999847412109,0.025917600840330124,Pedro,h,687,OpenPlay,2021,RightFoot,16950,Lazio,Empoli,3,3,2022-01-06 13:30:00,Luis Alberto,Pass
1034,451752,45,MissedShots,0.8440000152587891,0.5220000076293946,0.07748299837112427,Pedro,h,687,OpenPlay,2021,RightFoot,16950,Lazio,Empoli,3,3,2022-01-06 13:30:00,Ciro Immobile,Pass
1035,452796,68,MissedShots,0.9259999847412109,0.36700000762939455,0.026689300313591957,Pedro,a,687,OpenPlay,2021,Head,16960,Inter,Lazio,2,1,2022-01-09 19:45:00,Mattia Zaccagni,Chipped
1036,455977,35,SavedShot,0.925,0.34,0.27577701210975647,Pedro,a,687,OpenPlay,2021,RightFoot,16988,Fiorentina,Lazio,0,3,2022-02-05 19:45:00,Luis Alberto,Pass
1037,455979,43,MissedShots,0.785,0.5979999923706054,0.031154699623584747,Pedro,a,687,OpenPlay,2021,LeftFoot,16988,Fiorentina,Lazio,0,3,2022-02-05 19:45:00,Sergej Milinkovic-Savic,Pass
1038,455980,44,SavedShot,0.915,0.5609999847412109,0.09999760240316391,Pedro,a,687,OpenPlay,2021,LeftFoot,16988,Fiorentina,Lazio,0,3,2022-02-05 19:45:00,,None
1039,460546,81,SavedShot,0.8180000305175781,0.34900001525878904,0.03468469902873039,Pedro,h,687,OpenPlay,2021,LeftFoot,17020,Lazio,Napoli,1,2,2022-02-27 19:45:00,Ciro Immobile,Pass
1040,460547,87,Goal,0.8240000152587891,0.500999984741211,0.05165179818868637,Pedro,h,687,SetPiece,2021,LeftFoot,17020,Lazio,Napoli,1,2,2022-02-27 19:45:00,,None
1041,461345,86,MissedShots,0.784000015258789,0.47200000762939454,0.03694640100002289,Pedro,a,687,OpenPlay,2021,RightFoot,17027,Cagliari,Lazio,0,3,2022-03-05 19:45:00,,None
1042,464736,45,MissedShots,0.78,0.7819999694824219,0.011939500458538532,Pedro,a,687,OpenPlay,2021,RightFoot,17053,Roma,Lazio,3,0,2022-03-20 17:00:00,Luis Alberto,Pass
1043,464742,90,SavedShot,0.8830000305175781,0.24399999618530274,0.020400099456310272,Pedro,a,687,OpenPlay,2021,LeftFoot,17053,Roma,Lazio,3,0,2022-03-20 17:00:00,Sergej Milinkovic-Savic,Pass
1044,467088,90,SavedShot,0.850999984741211,0.6519999694824219,0.07538949698209763,Pedro,a,687,OpenPlay,2021,RightFoot,17069,Genoa,Lazio,1,4,2022-04-10 10:30:00,Ciro Immobile,Pass
1045,476865,55,MissedShots,0.7880000305175782,0.36900001525878906,0.02871819958090782,Pedro,a,687,OpenPlay,2021,LeftFoot,17120,Juventus,Lazio,2,2,2022-05-16 18:45:00,Sergej Milinkovic-Savic,Pass
1046,477388,61,Goal,0.9580000305175781,0.49,0.6969460248947144,Pedro,h,687,OpenPlay,2021,RightFoot,17130,Lazio,Verona,3,3,2022-05-21 18:45:00,,Rebound
1047,483337,85,Goal,0.9,0.6279999923706054,0.11132600158452988,Pedro,h,687,OpenPlay,2022,RightFoot,18603,Lazio,Inter,3,1,2022-08-26 18:45:00,Ciro Immobile,Pass
1048,484992,48,SavedShot,0.7709999847412109,0.7630000305175781,0.015193499624729156,Pedro,a,687,OpenPlay,2022,RightFoot,18616,Sampdoria,Lazio,1,1,2022-08-31 16:30:00,,TakeOn
1049,485000,78,BlockedShot,0.8119999694824219,0.645,0.04494220018386841,Pedro,a,687,OpenPlay,2022,RightFoot,18616,Sampdoria,Lazio,1,1,2022-08-31 16:30:00,Toma Basic,Pass
1050,486272,85,BlockedShot,0.799000015258789,0.41400001525878904,0.026311399415135384,Pedro,h,687,FromCorner,2022,LeftFoot,18624,Lazio,Napoli,1,2,2022-09-03 18:45:00,,None
1051,486274,90,MissedShots,0.74,0.529000015258789,0.01810240000486374,Pedro,h,687,OpenPlay,2022,RightFoot,18624,Lazio,Napoli,1,2,2022-09-03 18:45:00,,None
1052,489178,68,BlockedShot,0.8690000152587891,0.43599998474121093,0.12772099673748016,Pedro,a,687,OpenPlay,2022,RightFoot,18643,Cremonese,Lazio,0,4,2022-09-18 13:00:00,Felipe Anderson,Pass
1053,489184,78,Goal,0.9009999847412109,0.6070000076293945,0.4347589910030365,Pedro,a,687,OpenPlay,2022,RightFoot,18643,Cremonese,Lazio,0,4,2022-09-18 13:00:00,Ciro Immobile,Throughball
1054,490522,72,MissedShots,0.9540000152587891,0.3240000152587891,0.10209599882364273,Pedro,h,687,OpenPlay,2022,RightFoot,18657,Lazio,Spezia,4,0,2022-10-02 10:30:00,Elseid Hysaj,Pass
1055,492644,95,MissedShots,0.78,0.785,0.05736419931054115,Pedro,a,687,OpenPlay,2022,RightFoot,18664,Fiorentina,Lazio,0,4,2022-10-10 18:45:00,Luis Alberto,Pass
1056,497430,36,ShotOnPost,0.9019999694824219,0.33599998474121096,0.07791409641504288,Pedro,h,687,OpenPlay,2022,RightFoot,18696,Lazio,Salernitana,1,3,2022-10-30 17:00:00,Luis Alberto,Pass
1057,497435,54,MissedShots,0.7569999694824219,0.3629999923706055,0.017537599429488182,Pedro,h,687,OpenPlay,2022,RightFoot,18696,Lazio,Salernitana,1,3,2022-10-30 17:00:00,,None
1058,498863,20,BlockedShot,0.7719999694824219,0.6659999847412109,0.023640399798750877,Pedro,a,687,OpenPlay,2022,LeftFoot,18708,Roma,Lazio,0,1,2022-11-06 17:00:00,Matías Vecino,Pass
1059,498868,45,SavedShot,0.754000015258789,0.6029999923706054,0.020986899733543396,Pedro,a,687,OpenPlay,2022,RightFoot,18708,Roma,Lazio,0,1,2022-11-06 17:00:00,Felipe Anderson,Pass
1060,499682,68,SavedShot,0.87,0.624000015258789,0.04692849889397621,Pedro,h,687,OpenPlay,2022,LeftFoot,18716,Lazio,Monza,1,0,2022-11-10 19:45:00,Toma Basic,Cross
1061,500870,40,BlockedShot,0.720999984741211,0.645,0.015887700021266937,Pedro,a,687,OpenPlay,2022,RightFoot,18726,Juventus,Lazio,3,0,2022-11-13 19:45:00,Luka Romero,Pass
1062,500881,63,SavedShot,0.9440000152587891,0.6580000305175782,0.07893580198287964,Pedro,a,687,OpenPlay,2022,RightFoot,18726,Juventus,Lazio,3,0,2022-11-13 19:45:00,Sergej Milinkovic-Savic,Pass
1063,503845,44,BlockedShot,0.8390000152587891,0.509000015258789,0.08882670104503632,Pedro,a,687,OpenPlay,2022,LeftFoot,18759,Sassuolo,Lazio,0,2,2023-01-15 11:30:00,Luis Alberto,Pass
1064,503853,64,MissedShots,0.845,0.5629999923706055,0.0994654968380928,Pedro,a,687,OpenPlay,2022,LeftFoot,18759,Sassuolo,Lazio,0,2,2023-01-15 11:30:00,Luis Alberto,Pass
1065,506322,45,MissedShots,0.8769999694824219,0.5270000076293946,0.12447699904441833,Pedro,h,687,OpenPlay,2022,LeftFoot,18777,Lazio,Fiorentina,1,1,2023-01-29 17:00:00,Felipe Anderson,Pass
1066,507940,42,MissedShots,0.8880000305175781,0.6079999923706054,0.30047500133514404,Pedro,a,687,OpenPlay,2022,LeftFoot,18784,Verona,Lazio,1,1,2023-02-06 17:30:00,Mattia Zaccagni,Pass
1067,507941,44,Goal,0.874000015258789,0.445,0.08462370187044144,Pedro,a,687,OpenPlay,2022,LeftFoot,18784,Verona,Lazio,1,1,2023-02-06 17:30:00,Danilo Cataldi,Chipped
1068,508663,66,BlockedShot,0.8590000152587891,0.32,0.016791900619864464,Pedro,h,687,OpenPlay,2022,RightFoot,18797,Lazio,Atalanta,0,2,2023-02-11 19:45:00,Ciro Immobile,Aerial
1069,508662,66,BlockedShot,0.7759999847412109,0.4620000076293945,0.02164899930357933,Pedro,h,687,OpenPlay,2022,LeftFoot,18797,Lazio,Atalanta,0,2,2023-02-11 19:45:00,,TakeOn
1070,510070,33,SavedShot,0.875,0.7390000152587891,0.03411639854311943,Pedro,a,687,OpenPlay,2022,RightFoot,18807,Salernitana,Lazio,0,2,2023-02-19 14:00:00,Luis Alberto,Pass
1071,510076,47,SavedShot,0.7809999847412109,0.6959999847412109,0.021596800535917282,Pedro,a,687,OpenPlay,2022,RightFoot,18807,Salernitana,Lazio,0,2,2023-02-19 14:00:00,Ciro Immobile,Pass
1072,511624,18,BlockedShot,0.8,0.5429999923706055,0.06251650303602219,Pedro,h,687,OpenPlay,2022,RightFoot,18816,Lazio,Sampdoria,1,0,2023-02-27 19:45:00,,TakeOn
1073,511629,38,MissedShots,0.865999984741211,0.6840000152587891,0.04674249887466431,Pedro,h,687,OpenPlay,2022,LeftFoot,18816,Lazio,Sampdoria,1,0,2023-02-27 19:45:00,Sergej Milinkovic-Savic,HeadPass
1074,511631,40,ShotOnPost,0.9769999694824218,0.3659999847412109,0.29003700613975525,Pedro,h,687,OpenPlay,2022,RightFoot,18816,Lazio,Sampdoria,1,0,2023-02-27 19:45:00,,Rebound
1075,513745,14,MissedShots,0.889000015258789,0.40799999237060547,0.10771799832582474,Pedro,a,687,OpenPlay,2022,RightFoot,18832,Bologna,Lazio,0,0,2023-03-11 19:45:00,Luis Alberto,Pass
1076,515798,47,BlockedShot,0.7419999694824219,0.4,0.021003199741244316,Pedro,h,687,OpenPlay,2022,RightFoot,18845,Lazio,Roma,1,0,2023-03-19 17:00:00,Adam Marusic,Pass
1077,515804,61,SavedShot,0.9590000152587891,0.335,0.07182429730892181,Pedro,h,687,OpenPlay,2022,RightFoot,18845,Lazio,Roma,1,0,2023-03-19 17:00:00,Felipe Anderson,Pass
1078,516940,11,MissedShots,0.7730000305175782,0.5590000152587891,0.029106099158525467,Pedro,a,687,OpenPlay,2022,LeftFoot,18858,Monza,Lazio,0,2,2023-04-02 13:00:00,Luis Alberto,Pass
1079,516941,12,Goal,0.874000015258789,0.565,0.08030830323696136,Pedro,a,687,OpenPlay,2022,LeftFoot,18858,Monza,Lazio,0,2,2023-04-02 13:00:00,,None
1080,523015,92,SavedShot,0.914000015258789,0.665,0.05707608908414841,Pedro,a,687,OpenPlay,2022,LeftFoot,18895,Inter,Lazio,3,1,2023-04-30 10:30:00,Mattia Zaccagni,BallTouch
1081,523016,96,MissedShots,0.8159999847412109,0.47200000762939454,0.05005280673503876,Pedro,a,687,OpenPlay,2022,LeftFoot,18895,Inter,Lazio,3,1,2023-04-30 10:30:00,Felipe Anderson,Pass
1082,525601,73,BlockedShot,0.79,0.39099998474121095,0.028117189183831215,Pedro,h,687,OpenPlay,2022,RightFoot,18927,Lazio,Lecce,2,2,2023-05-12 18:45:00,Sergej Milinkovic-Savic,BallTouch
1083,525608,86,SavedShot,0.899000015258789,0.6,0.0699324756860733,Pedro,h,687,OpenPlay,2022,LeftFoot,18927,Lazio,Lecce,2,2,2023-05-12 18:45:00,,None
1084,525611,91,ShotOnPost,0.78,0.6329999923706054,0.023976977914571762,Pedro,h,687,FromCorner,2022,RightFoot,18927,Lazio,Lecce,2,2,2023-05-12 18:45:00,Luis Alberto,Pass
1085,529935,10,MissedShots,0.740999984741211,0.495,0.027263598516583443,Pedro,h,687,OpenPlay,2022,RightFoot,18947,Lazio,Cremonese,3,2,2023-05-28 16:00:00,,Dispossessed
1086,530796,23,SavedShot,0.795,0.695,0.019589390605688095,Pedro,a,687,OpenPlay,2022,RightFoot,18954,Empoli,Lazio,0,2,2023-06-03 19:00:00,Felipe Anderson,Pass
1087,530799,29,SavedShot,0.9419999694824219,0.7040000152587891,0.055837731808423996,Pedro,a,687,OpenPlay,2022,LeftFoot,18954,Empoli,Lazio,0,2,2023-06-03 19:00:00,Ciro Immobile,Pass
1088,530806,41,SavedShot,0.8219999694824218,0.6469999694824219,0.019485900178551674,Pedro,a,687,FromCorner,2022,RightFoot,18954,Empoli,Lazio,0,2,2023-06-03 19:00:00,Matías Vecino,HeadPass
1089,541415,75,SavedShot,0.8080000305175781,0.26600000381469724,0.023356670513749123,Pedro,a,687,OpenPlay,2023,LeftFoot,22373,AC Milan,Lazio,2,0,2023-09-30 16:00:00,Daichi Kamada,Pass
1090,543176,74,MissedShots,0.8069999694824219,0.67,0.030036747455596924,Pedro,h,687,OpenPlay,2023,LeftFoot,22382,Lazio,Atalanta,3,2,2023-10-08 13:00:00,Nicolo Rovella,Pass
1091,546507,46,BlockedShot,0.6969999694824218,0.504000015258789,0.00909023080021143,Pedro,a,687,OpenPlay,2023,RightFoot,22406,Bologna,Lazio,1,0,2023-11-03 19:45:00,,TakeOn
1092,551240,7,Goal,0.9619999694824218,0.46299999237060546,0.7225046157836914,Pedro,h,687,OpenPlay,2023,RightFoot,22438,Lazio,Cagliari,1,0,2023-12-02 17:00:00,Manuel Lazzari,Pass
1093,551245,22,SavedShot,0.9259999847412109,0.5520000076293945,0.4973716139793396,Pedro,h,687,OpenPlay,2023,LeftFoot,22438,Lazio,Cagliari,1,0,2023-12-02 17:00:00,Ciro Immobile,Pass
1094,552718,77,MissedShots,0.754000015258789,0.615,0.01316477358341217,Pedro,a,687,SetPiece,2023,LeftFoot,22449,Verona,Lazio,1,1,2023-12-09 14:00:00,,None
1095,552724,92,SavedShot,0.7759999847412109,0.6619999694824219,0.01383718941360712,Pedro,a,687,FromCorner,2023,RightFoot,22449,Verona,Lazio,1,1,2023-12-09 14:00:00,,Aerial
1096,558365,50,MissedShots,0.7869999694824219,0.37599998474121094,0.030422333627939224,Pedro,h,687,OpenPlay,2023,RightFoot,22499,Lazio,Lecce,1,0,2024-01-14 11:30:00,Nicolo Rovella,Pass
1097,564235,90,BlockedShot,0.76,0.46099998474121096,0.016748730093240738,Pedro,h,687,SetPiece,2023,RightFoot,22549,Lazio,Bologna,1,2,2024-02-18 11:30:00,,Rebound
1098,577051,65,MissedShots,0.91,0.43099998474121093,0.4108959436416626,Pedro,h,687,OpenPlay,2023,RightFoot,22635,Lazio,Verona,1,0,2024-04-27 18:45:00,Daichi Kamada,Pass
1099,577056,84,ShotOnPost,0.8530000305175781,0.18799999237060547,0.05243181064724922,Pedro,h,687,DirectFreekick,2023,LeftFoot,22635,Lazio,Verona,1,0,2024-04-27 18:45:00,,Standard
1100,592849,82,BlockedShot,0.8290000152587891,0.6090000152587891,0.06026449427008629,Pedro,a,687,OpenPlay,2024,LeftFoot,27404,Fiorentina,Lazio,2,1,2024-09-22 10:30:00,Matteo Guendouzi,Pass
1101,596138,83,Goal,0.9209999847412109,0.3139999961853027,0.06127592548727989,Pedro,h,687,OpenPlay,2024,RightFoot,27423,Lazio,Empoli,2,1,2024-10-06 13:00:00,Valentín Castellanos,Pass
1102,599217,85,Goal,0.950999984741211,0.49700000762939456,0.6675971746444702,Pedro,h,687,OpenPlay,2024,RightFoot,27447,Lazio,Genoa,3,0,2024-10-27 14:00:00,,None
1103,599691,30,Goal,0.8819999694824219,0.590999984741211,0.08507268875837326,Pedro,a,687,OpenPlay,2024,LeftFoot,27454,Como,Lazio,1,5,2024-10-31 19:45:00,Nuno Tavares,Cross
1104,599695,43,MissedShots,0.8090000152587891,0.504000015258789,0.07337863743305206,Pedro,a,687,OpenPlay,2024,RightFoot,27454,Como,Lazio,1,5,2024-10-31 19:45:00,Tijjani Noslin,Pass
1105,601062,91,MissedShots,0.9019999694824219,0.47700000762939454,0.5811672210693359,Pedro,h,687,OpenPlay,2024,LeftFoot,27471,Lazio,Cagliari,2,1,2024-11-04 19:45:00,,Rebound
1106,602297,32,MissedShots,0.8980000305175782,0.3110000038146973,0.043010320514440536,Pedro,a,687,OpenPlay,2024,RightFoot,27475,Monza,Lazio,0,1,2024-11-10 17:00:00,,Rebound
1107,603657,49,BlockedShot,0.8219999694824218,0.715999984741211,0.027630135416984558,Pedro,h,687,OpenPlay,2024,RightFoot,27486,Lazio,Bologna,3,0,2024-11-24 19:45:00,Matteo Guendouzi,Pass
1108,604771,87,BlockedShot,0.7219999694824218,0.6229999923706054,0.02499799244105816,Pedro,a,687,FromCorner,2024,RightFoot,27499,Parma Calcio 1913,Lazio,3,1,2024-12-01 14:00:00,Luca Pellegrini,Pass
1109,541420,85,BlockedShot,0.8209999847412109,0.23200000762939454,0.020542852580547333,Gustav Isaksen,a,11951,OpenPlay,2023,LeftFoot,22373,AC Milan,Lazio,2,0,2023-09-30 16:00:00,Luis Alberto,Pass
1110,541421,85,BlockedShot,0.9440000152587891,0.365,0.1052459329366684,Gustav Isaksen,a,11951,OpenPlay,2023,LeftFoot,22373,AC Milan,Lazio,2,0,2023-09-30 16:00:00,,TakeOn
1111,541422,86,MissedShots,0.785,0.36,0.025024428963661194,Gustav Isaksen,a,11951,OpenPlay,2023,LeftFoot,22373,AC Milan,Lazio,2,0,2023-09-30 16:00:00,,None
1112,543177,79,MissedShots,0.795,0.2539999961853027,0.05203016474843025,Gustav Isaksen,h,11951,DirectFreekick,2023,LeftFoot,22382,Lazio,Atalanta,3,2,2023-10-08 13:00:00,,Standard
1113,549513,70,BlockedShot,0.7619999694824219,0.265,0.01687340997159481,Gustav Isaksen,a,11951,OpenPlay,2023,LeftFoot,22431,Salernitana,Lazio,2,1,2023-11-25 14:00:00,Elseid Hysaj,Pass
1114,551246,27,MissedShots,0.8030000305175782,0.24399999618530274,0.052571915090084076,Gustav Isaksen,h,11951,DirectFreekick,2023,LeftFoot,22438,Lazio,Cagliari,1,0,2023-12-02 17:00:00,,Standard
1115,556816,71,Goal,0.8540000152587891,0.3609999847412109,0.0663994550704956,Gustav Isaksen,h,11951,OpenPlay,2023,LeftFoot,22483,Lazio,Frosinone,3,1,2023-12-29 19:45:00,Valentín Castellanos,Pass
1116,556820,93,ShotOnPost,0.960999984741211,0.3679999923706055,0.12588050961494446,Gustav Isaksen,h,11951,OpenPlay,2023,RightFoot,22483,Lazio,Frosinone,3,1,2023-12-29 19:45:00,Pedro,Pass
1117,558357,12,SavedShot,0.9030000305175782,0.41700000762939454,0.12003770470619202,Gustav Isaksen,h,11951,OpenPlay,2023,LeftFoot,22499,Lazio,Lecce,1,0,2024-01-14 11:30:00,Luis Alberto,Pass
1118,560373,12,MissedShots,0.8230000305175781,0.509000015258789,0.07293910533189774,Gustav Isaksen,h,11951,OpenPlay,2023,LeftFoot,22520,Lazio,Napoli,0,0,2024-01-28 17:00:00,Luis Alberto,Pass
1119,560376,42,MissedShots,0.7419999694824219,0.24100000381469727,0.015990829095244408,Gustav Isaksen,h,11951,OpenPlay,2023,LeftFoot,22520,Lazio,Napoli,0,0,2024-01-28 17:00:00,Matteo Guendouzi,Pass
1120,561918,51,MissedShots,0.855,0.36,0.03281032666563988,Gustav Isaksen,a,11951,OpenPlay,2023,LeftFoot,22526,Atalanta,Lazio,3,1,2024-02-04 17:00:00,,Rebound
1121,562322,20,SavedShot,0.8640000152587891,0.6320000076293946,0.09691596031188965,Gustav Isaksen,a,11951,OpenPlay,2023,LeftFoot,22536,Cagliari,Lazio,1,3,2024-02-10 14:00:00,Luis Alberto,Pass
1122,562329,48,SavedShot,0.8569999694824219,0.5529999923706055,0.1102452501654625,Gustav Isaksen,a,11951,OpenPlay,2023,LeftFoot,22536,Cagliari,Lazio,1,3,2024-02-10 14:00:00,Felipe Anderson,Pass
1123,564217,17,Goal,0.835999984741211,0.49700000762939456,0.3196435868740082,Gustav Isaksen,h,11951,OpenPlay,2023,LeftFoot,22549,Lazio,Bologna,1,2,2024-02-18 11:30:00,Ciro Immobile,Pass
1124,564220,30,SavedShot,0.8090000152587891,0.46599998474121096,0.07139761000871658,Gustav Isaksen,h,11951,OpenPlay,2023,LeftFoot,22549,Lazio,Bologna,1,2,2024-02-18 11:30:00,Manuel Lazzari,Pass
1125,568975,57,SavedShot,0.8069999694824219,0.3609999847412109,0.04422565549612045,Gustav Isaksen,h,11951,OpenPlay,2023,RightFoot,22583,Lazio,Udinese,1,2,2024-03-11 19:45:00,,Rebound
1126,568979,69,BlockedShot,0.7559999847412109,0.41700000762939454,0.06450781226158142,Gustav Isaksen,h,11951,DirectFreekick,2023,LeftFoot,22583,Lazio,Udinese,1,2,2024-03-11 19:45:00,,Standard
1127,568980,70,MissedShots,0.7819999694824219,0.534000015258789,0.048653844743967056,Gustav Isaksen,h,11951,OpenPlay,2023,LeftFoot,22583,Lazio,Udinese,1,2,2024-03-11 19:45:00,Valentín Castellanos,LayOff
1128,573324,86,Goal,0.8819999694824219,0.3659999847412109,0.08626577258110046,Gustav Isaksen,h,11951,OpenPlay,2023,RightFoot,22615,Lazio,Salernitana,4,1,2024-04-12 18:45:00,Nicolo Rovella,BallRecovery
1129,573326,92,MissedShots,0.6880000305175781,0.40099998474121096,0.012826874852180481,Gustav Isaksen,h,11951,OpenPlay,2023,LeftFoot,22615,Lazio,Salernitana,4,1,2024-04-12 18:45:00,,None
1130,577041,18,SavedShot,0.9069999694824219,0.38599998474121094,0.031236708164215088,Gustav Isaksen,h,11951,FromCorner,2023,LeftFoot,22635,Lazio,Verona,1,0,2024-04-27 18:45:00,,Aerial
1131,577047,34,MissedShots,0.8819999694824219,0.3120000076293945,0.05321580171585083,Gustav Isaksen,h,11951,OpenPlay,2023,RightFoot,22635,Lazio,Verona,1,0,2024-04-27 18:45:00,,BallTouch
1132,591307,94,Goal,0.9580000305175781,0.43400001525878906,0.4765951633453369,Gustav Isaksen,a,11951,OpenPlay,2024,LeftFoot,27373,Udinese,Lazio,2,1,2024-08-24 16:30:00,,Rebound
1133,591812,49,MissedShots,0.8619999694824219,0.27399999618530274,0.04410647600889206,Gustav Isaksen,h,11951,OpenPlay,2024,RightFoot,27396,Lazio,Verona,2,1,2024-09-16 18:45:00,Boulaye Dia,Pass
1134,592842,57,MissedShots,0.745,0.49,0.023992173373699188,Gustav Isaksen,a,11951,OpenPlay,2024,LeftFoot,27404,Fiorentina,Lazio,2,1,2024-09-22 10:30:00,Mario Gila,Pass
1135,594518,64,MissedShots,0.855999984741211,0.5479999923706055,0.1102529838681221,Gustav Isaksen,a,11951,OpenPlay,2024,LeftFoot,27421,Torino,Lazio,2,3,2024-09-29 10:30:00,,Rebound
1136,596129,43,MissedShots,0.8590000152587891,0.3729999923706055,0.0622878335416317,Gustav Isaksen,h,11951,OpenPlay,2024,RightFoot,27423,Lazio,Empoli,2,1,2024-10-06 13:00:00,Valentín Castellanos,Pass
1137,596133,56,SavedShot,0.815,0.42400001525878905,0.07429894804954529,Gustav Isaksen,h,11951,OpenPlay,2024,LeftFoot,27423,Lazio,Empoli,2,1,2024-10-06 13:00:00,Nicolo Rovella,Pass
1138,599213,60,MissedShots,0.86,0.38299999237060545,0.05278939753770828,Gustav Isaksen,h,11951,OpenPlay,2024,LeftFoot,27447,Lazio,Genoa,3,0,2024-10-27 14:00:00,Adam Marusic,Cross
1139,599687,23,BlockedShot,0.8,0.48700000762939455,0.04906194284558296,Gustav Isaksen,a,11951,OpenPlay,2024,LeftFoot,27454,Como,Lazio,1,5,2024-10-31 19:45:00,,BallRecovery
1140,601041,17,MissedShots,0.85,0.49,0.01374970655888319,Gustav Isaksen,h,11951,SetPiece,2024,Head,27471,Lazio,Cagliari,2,1,2024-11-04 19:45:00,,Aerial
1141,601046,31,BlockedShot,0.7609999847412109,0.4420000076293945,0.01633092761039734,Gustav Isaksen,h,11951,OpenPlay,2024,LeftFoot,27471,Lazio,Cagliari,2,1,2024-11-04 19:45:00,,Aerial
1142,601049,52,BlockedShot,0.845999984741211,0.25299999237060544,0.026907216757535934,Gustav Isaksen,h,11951,OpenPlay,2024,LeftFoot,27471,Lazio,Cagliari,2,1,2024-11-04 19:45:00,Matteo Guendouzi,Pass
1143,602308,78,MissedShots,0.8430000305175781,0.6840000152587891,0.047401051968336105,Gustav Isaksen,a,11951,OpenPlay,2024,LeftFoot,27475,Monza,Lazio,0,1,2024-11-10 17:00:00,Matteo Guendouzi,Pass
1144,603663,75,BlockedShot,0.924000015258789,0.665,0.1599631905555725,Gustav Isaksen,h,11951,OpenPlay,2024,RightFoot,27486,Lazio,Bologna,3,0,2024-11-24 19:45:00,Luca Pellegrini,TakeOn
1145,604747,26,BlockedShot,0.8,0.2560000038146973,0.02129298634827137,Gustav Isaksen,a,11951,OpenPlay,2024,LeftFoot,27499,Parma Calcio 1913,Lazio,3,1,2024-12-01 14:00:00,Nicolo Rovella,Pass
1146,604750,41,BlockedShot,0.8880000305175781,0.38,0.3540915548801422,Gustav Isaksen,a,11951,OpenPlay,2024,RightFoot,27499,Parma Calcio 1913,Lazio,3,1,2024-12-01 14:00:00,,None
1147,604755,50,SavedShot,0.86,0.27100000381469724,0.024509970098733902,Gustav Isaksen,a,11951,FromCorner,2024,LeftFoot,27499,Parma Calcio 1913,Lazio,3,1,2024-12-01 14:00:00,Mattia Zaccagni,Pass
1148,606625,19,SavedShot,0.8180000305175781,0.325,0.028435181826353073,Gustav Isaksen,a,11951,OpenPlay,2024,LeftFoot,27509,Napoli,Lazio,0,1,2024-12-08 19:45:00,Valentín Castellanos,TakeOn
1149,606633,68,SavedShot,0.7130000305175781,0.21100000381469727,0.012614113278687,Gustav Isaksen,a,11951,OpenPlay,2024,LeftFoot,27509,Napoli,Lazio,0,1,2024-12-08 19:45:00,Patric,Pass
1150,606638,78,Goal,0.8369999694824218,0.40900001525878904,0.08505915850400925,Gustav Isaksen,a,11951,OpenPlay,2024,LeftFoot,27509,Napoli,Lazio,0,1,2024-12-08 19:45:00,Tijjani Noslin,Pass
1151,607909,10,SavedShot,0.754000015258789,0.23299999237060548,0.016138266772031784,Gustav Isaksen,h,11951,OpenPlay,2024,LeftFoot,27515,Lazio,Inter,0,6,2024-12-16 19:45:00,Adam Marusic,Pass
1152,607920,48,BlockedShot,0.8519999694824218,0.29700000762939455,0.03291533887386322,Gustav Isaksen,h,11951,OpenPlay,2024,LeftFoot,27515,Lazio,Inter,0,6,2024-12-16 19:45:00,Matteo Guendouzi,Pass
1153,608540,25,BlockedShot,0.8809999847412109,0.3970000076293945,0.02441565692424774,Gustav Isaksen,a,11951,OpenPlay,2024,Head,27530,Lecce,Lazio,1,2,2024-12-21 19:45:00,,TakeOn
1154,608543,29,SavedShot,0.8519999694824218,0.544000015258789,0.12158475816249847,Gustav Isaksen,a,11951,OpenPlay,2024,LeftFoot,27530,Lecce,Lazio,1,2,2024-12-21 19:45:00,Valentín Castellanos,Chipped
1155,610350,4,BlockedShot,0.855999984741211,0.5109999847412109,0.07389958947896957,Gustav Isaksen,a,11951,OpenPlay,2024,RightFoot,27549,Roma,Lazio,2,0,2025-01-05 19:45:00,,Rebound
1156,610349,4,BlockedShot,0.8440000152587891,0.515,0.047101106494665146,Gustav Isaksen,a,11951,OpenPlay,2024,LeftFoot,27549,Roma,Lazio,2,0,2025-01-05 19:45:00,Nuno Tavares,Cross
1157,610354,16,SavedShot,0.8130000305175781,0.2979999923706055,0.031686414033174515,Gustav Isaksen,a,11951,OpenPlay,2024,LeftFoot,27549,Roma,Lazio,2,0,2025-01-05 19:45:00,Fisayo Dele-Bashiru,TakeOn
1158,610359,37,MissedShots,0.889000015258789,0.6170000076293946,0.06681205332279205,Gustav Isaksen,a,11951,SetPiece,2024,LeftFoot,27549,Roma,Lazio,2,0,2025-01-05 19:45:00,Nuno Tavares,None
1159,560146,6,SavedShot,0.7930000305175782,0.7580000305175781,0.03540315106511116,Tijjani Noslin,h,12378,OpenPlay,2023,RightFoot,22516,Verona,Frosinone,1,1,2024-01-28 14:00:00,Ondrej Duda,Pass
1160,560159,48,MissedShots,0.91,0.43900001525878907,0.05193184316158295,Tijjani Noslin,h,12378,OpenPlay,2023,Head,22516,Verona,Frosinone,1,1,2024-01-28 14:00:00,Jackson Tchatchoua,Aerial
1161,561682,22,MissedShots,0.749000015258789,0.6229999923706054,0.01831786334514618,Tijjani Noslin,a,12378,OpenPlay,2023,RightFoot,22525,Napoli,Verona,2,1,2024-02-04 14:00:00,,BallRecovery
1162,564009,12,SavedShot,0.9069999694824219,0.68,0.07629278302192688,Tijjani Noslin,h,12378,OpenPlay,2023,RightFoot,22551,Verona,Juventus,2,2,2024-02-17 17:00:00,Michael Folorunsho,BallTouch
1163,564022,50,SavedShot,0.72,0.47400001525878904,0.018747365102171898,Tijjani Noslin,h,12378,OpenPlay,2023,RightFoot,22551,Verona,Juventus,2,2,2024-02-17 17:00:00,Dani Silva,Pass
1164,564023,51,Goal,0.9230000305175782,0.35,0.07706849277019501,Tijjani Noslin,h,12378,OpenPlay,2023,RightFoot,22551,Verona,Juventus,2,2,2024-02-17 17:00:00,Michael Folorunsho,BallTouch
1165,564946,47,MissedShots,0.8809999847412109,0.5640000152587891,0.017288725823163986,Tijjani Noslin,a,12378,OpenPlay,2023,Head,22555,Bologna,Verona,2,0,2024-02-23 19:45:00,Fabien Centonze,Aerial
1166,568385,1,SavedShot,0.8,0.5059999847412109,0.049140818417072296,Tijjani Noslin,a,12378,OpenPlay,2023,RightFoot,22581,Lecce,Verona,0,1,2024-03-10 11:30:00,,BallRecovery
1167,569842,16,SavedShot,0.835999984741211,0.674000015258789,0.0396241657435894,Tijjani Noslin,h,12378,OpenPlay,2023,RightFoot,22588,Verona,AC Milan,1,3,2024-03-17 14:00:00,Darko Lazovic,Pass
1168,569847,25,MissedShots,0.8569999694824219,0.24700000762939453,0.08269885182380676,Tijjani Noslin,h,12378,OpenPlay,2023,RightFoot,22588,Verona,AC Milan,1,3,2024-03-17 14:00:00,Ondrej Duda,Chipped
1169,569856,57,MissedShots,0.914000015258789,0.580999984741211,0.0663103386759758,Tijjani Noslin,h,12378,OpenPlay,2023,Head,22588,Verona,AC Milan,1,3,2024-03-17 14:00:00,Fabien Centonze,Cross
1170,569858,64,Goal,0.81,0.5,0.06612197309732437,Tijjani Noslin,h,12378,OpenPlay,2023,RightFoot,22588,Verona,AC Milan,1,3,2024-03-17 14:00:00,,TakeOn
1171,569866,84,MissedShots,0.73,0.6830000305175781,0.010995243676006794,Tijjani Noslin,h,12378,OpenPlay,2023,RightFoot,22588,Verona,AC Milan,1,3,2024-03-17 14:00:00,Ondrej Duda,Pass
1172,569870,92,BlockedShot,0.8569999694824219,0.7369999694824219,0.027516361325979233,Tijjani Noslin,h,12378,OpenPlay,2023,RightFoot,22588,Verona,AC Milan,1,3,2024-03-17 14:00:00,Ondrej Duda,Pass
1173,573070,16,BlockedShot,0.8390000152587891,0.57,0.08614059537649155,Tijjani Noslin,h,12378,OpenPlay,2023,RightFoot,22606,Verona,Genoa,1,2,2024-04-07 16:00:00,Darko Lazovic,Pass
1174,573082,64,MissedShots,0.855,0.7630000305175781,0.02285558544099331,Tijjani Noslin,h,12378,OpenPlay,2023,RightFoot,22606,Verona,Genoa,1,2,2024-04-07 16:00:00,Karol Swiderski,TakeOn
1175,574571,59,Goal,0.9669999694824218,0.5020000076293946,0.6480634212493896,Tijjani Noslin,a,12378,OpenPlay,2023,LeftFoot,22624,Atalanta,Verona,2,2,2024-04-15 18:45:00,Fabien Centonze,Cross
1176,574579,92,SavedShot,0.7930000305175782,0.685,0.023738056421279907,Tijjani Noslin,a,12378,OpenPlay,2023,RightFoot,22624,Atalanta,Verona,2,2,2024-04-15 18:45:00,,Dispossessed
1177,575216,43,ShotOnPost,0.9030000305175782,0.4229999923706055,0.03860563412308693,Tijjani Noslin,h,12378,FromCorner,2023,Head,22628,Verona,Udinese,1,0,2024-04-20 18:45:00,Darko Lazovic,Cross
1178,575235,86,BlockedShot,0.8469999694824218,0.5020000076293946,0.03434007614850998,Tijjani Noslin,h,12378,SetPiece,2023,Head,22628,Verona,Udinese,1,0,2024-04-20 18:45:00,Ondrej Duda,Chipped
1179,575237,90,MissedShots,0.91,0.585,0.04062160477042198,Tijjani Noslin,h,12378,FromCorner,2023,Head,22628,Verona,Udinese,1,0,2024-04-20 18:45:00,Tomás Suslov,Cross
1180,577036,4,MissedShots,0.7440000152587891,0.669000015258789,0.014188922010362148,Tijjani Noslin,a,12378,OpenPlay,2023,RightFoot,22635,Lazio,Verona,1,0,2024-04-27 18:45:00,Juan Cabal,Pass
1181,578891,35,BlockedShot,0.740999984741211,0.615,0.026063423603773117,Tijjani Noslin,h,12378,OpenPlay,2023,RightFoot,22649,Verona,Fiorentina,2,1,2024-05-05 13:00:00,Rúben Vinagre,Pass
1182,578896,58,Goal,0.87,0.5320000076293945,0.12341178208589554,Tijjani Noslin,h,12378,OpenPlay,2023,RightFoot,22649,Verona,Fiorentina,2,1,2024-05-05 13:00:00,,None
1183,580324,22,MissedShots,0.815,0.6880000305175781,0.03064982034265995,Tijjani Noslin,h,12378,OpenPlay,2023,RightFoot,22659,Verona,Torino,1,2,2024-05-12 13:00:00,Suat Serdar,Pass
1184,580325,24,SavedShot,0.885,0.455,0.04621878266334534,Tijjani Noslin,h,12378,OpenPlay,2023,Head,22659,Verona,Torino,1,2,2024-05-12 13:00:00,Darko Lazovic,Cross
1185,580329,44,BlockedShot,0.9069999694824219,0.6869999694824219,0.05288887396454811,Tijjani Noslin,h,12378,OpenPlay,2023,RightFoot,22659,Verona,Torino,1,2,2024-05-12 13:00:00,Diego Coppola,Chipped
1186,580330,45,SavedShot,0.805,0.5479999923706055,0.048342373222112656,Tijjani Noslin,h,12378,OpenPlay,2023,RightFoot,22659,Verona,Torino,1,2,2024-05-12 13:00:00,Suat Serdar,Pass
1187,582896,1,MissedShots,0.9290000152587891,0.685,0.0616743378341198,Tijjani Noslin,a,12378,OpenPlay,2023,LeftFoot,22673,Salernitana,Verona,1,2,2024-05-20 16:30:00,Michael Folorunsho,Pass
1188,582900,19,MissedShots,0.9180000305175782,0.6459999847412109,0.08717580884695053,Tijjani Noslin,a,12378,OpenPlay,2023,LeftFoot,22673,Salernitana,Verona,1,2,2024-05-20 16:30:00,Juan Cabal,Pass
1189,582904,40,BlockedShot,0.9540000152587891,0.40700000762939453,0.032253995537757874,Tijjani Noslin,a,12378,FromCorner,2023,Head,22673,Salernitana,Verona,1,2,2024-05-20 16:30:00,Ondrej Duda,CornerAwarded
1190,582908,47,MissedShots,0.9019999694824219,0.38599998474121094,0.32889312505722046,Tijjani Noslin,a,12378,OpenPlay,2023,RightFoot,22673,Salernitana,Verona,1,2,2024-05-20 16:30:00,Tomás Suslov,Pass
1191,582911,54,SavedShot,0.965999984741211,0.43900001525878907,0.4997371733188629,Tijjani Noslin,a,12378,OpenPlay,2023,Head,22673,Salernitana,Verona,1,2,2024-05-20 16:30:00,Darko Lazovic,Cross
1192,583611,15,Goal,0.905,0.56,0.6742997765541077,Tijjani Noslin,h,12378,OpenPlay,2023,LeftFoot,22679,Verona,Inter,2,2,2024-05-26 18:45:00,Tomás Suslov,Throughball
1193,583631,75,MissedShots,0.750999984741211,0.395,0.02141444757580757,Tijjani Noslin,h,12378,OpenPlay,2023,RightFoot,22679,Verona,Inter,2,2,2024-05-26 18:45:00,Charlys,Pass
1194,583633,78,SavedShot,0.8909999847412109,0.710999984741211,0.05696228891611099,Tijjani Noslin,h,12378,OpenPlay,2023,RightFoot,22679,Verona,Inter,2,2,2024-05-26 18:45:00,Giangiacomo Magnani,Pass
1195,591284,16,MissedShots,0.8430000305175781,0.4909999847412109,0.05813676863908768,Tijjani Noslin,a,12378,OpenPlay,2024,RightFoot,27373,Udinese,Lazio,2,1,2024-08-24 16:30:00,,None
1196,592828,20,MissedShots,0.9059999847412109,0.395,0.021558785811066628,Tijjani Noslin,a,12378,OpenPlay,2024,Head,27404,Fiorentina,Lazio,2,1,2024-09-22 10:30:00,Manuel Lazzari,Aerial
1197,594523,88,Goal,0.9319999694824219,0.52,0.628455638885498,Tijjani Noslin,a,12378,OpenPlay,2024,RightFoot,27421,Torino,Lazio,2,3,2024-09-29 10:30:00,Matías Vecino,Pass
1198,599204,20,Goal,0.899000015258789,0.63,0.41537171602249146,Tijjani Noslin,h,12378,OpenPlay,2024,RightFoot,27447,Lazio,Genoa,3,0,2024-10-27 14:00:00,Nuno Tavares,TakeOn
1199,599208,47,MissedShots,0.894000015258789,0.43099998474121093,0.03668748587369919,Tijjani Noslin,h,12378,OpenPlay,2024,Head,27447,Lazio,Genoa,3,0,2024-10-27 14:00:00,Nuno Tavares,Aerial
1200,599214,76,MissedShots,0.9209999847412109,0.455,0.03695465251803398,Tijjani Noslin,h,12378,FromCorner,2024,Head,27447,Lazio,Genoa,3,0,2024-10-27 14:00:00,Pedro,Aerial
1201,601045,30,MissedShots,0.899000015258789,0.5779999923706055,0.06611017882823944,Tijjani Noslin,h,12378,OpenPlay,2024,Head,27471,Lazio,Cagliari,2,1,2024-11-04 19:45:00,Manuel Lazzari,Cross
1202,606636,73,MissedShots,0.825,0.34400001525878904,0.03894723579287529,Tijjani Noslin,a,12378,OpenPlay,2024,RightFoot,27509,Napoli,Lazio,0,1,2024-12-08 19:45:00,Pedro,Chipped
1203,607910,13,BlockedShot,0.8019999694824219,0.5690000152587891,0.050540491938591,Tijjani Noslin,h,12378,OpenPlay,2024,RightFoot,27515,Lazio,Inter,0,6,2024-12-16 19:45:00,Pedro,TakeOn
1204,607911,21,MissedShots,0.8980000305175782,0.41900001525878905,0.3112371861934662,Tijjani Noslin,h,12378,OpenPlay,2024,RightFoot,27515,Lazio,Inter,0,6,2024-12-16 19:45:00,Nicolo Rovella,Chipped
1205,607912,22,MissedShots,0.9009999847412109,0.509000015258789,0.09157092124223709,Tijjani Noslin,h,12378,OpenPlay,2024,Head,27515,Lazio,Inter,0,6,2024-12-16 19:45:00,Gustav Isaksen,Cross
1206,585458,44,MissedShots,0.8730000305175781,0.27,0.09705796092748642,Fisayo Dele-Bashiru,h,12872,OpenPlay,2024,RightFoot,27369,Lazio,Venezia,3,1,2024-08-18 18:45:00,,BallRecovery
1207,585468,78,BlockedShot,0.8090000152587891,0.6320000076293946,0.03411232307553291,Fisayo Dele-Bashiru,h,12872,OpenPlay,2024,RightFoot,27369,Lazio,Venezia,3,1,2024-08-18 18:45:00,Loum Tchaouna,TakeOn
1208,603666,91,Goal,0.9180000305175782,0.31799999237060544,0.12639708817005157,Fisayo Dele-Bashiru,h,12872,OpenPlay,2024,RightFoot,27486,Lazio,Bologna,3,0,2024-11-24 19:45:00,Gustav Isaksen,BallTouch
1209,606632,50,ShotOnPost,0.720999984741211,0.5890000152587891,0.011866102926433086,Fisayo Dele-Bashiru,a,12872,OpenPlay,2024,RightFoot,27509,Napoli,Lazio,0,1,2024-12-08 19:45:00,,None
1210,609360,26,Goal,0.85,0.48200000762939454,0.2943961024284363,Fisayo Dele-Bashiru,h,12872,OpenPlay,2024,RightFoot,27535,Lazio,Atalanta,1,1,2024-12-28 19:45:00,Nicolo Rovella,Chipped
1211,610357,21,BlockedShot,0.8430000305175781,0.595,0.16004756093025208,Fisayo Dele-Bashiru,a,12872,OpenPlay,2024,LeftFoot,27549,Roma,Lazio,2,0,2025-01-05 19:45:00,Matteo Guendouzi,TakeOn
1212,95004,50,MissedShots,0.7030000305175781,0.36400001525878906,0.012325800023972988,Patric,a,1204,FromCorner,2015,RightFoot,782,Genoa,Lazio,0,0,2016-02-06 23:45:00,,None
1213,99108,57,MissedShots,0.700999984741211,0.629000015258789,0.012307300232350826,Patric,h,1204,FromCorner,2015,RightFoot,855,Lazio,Roma,1,4,2016-04-03 17:00:00,,None
1214,99125,91,BlockedShot,0.8109999847412109,0.46599998474121096,0.06247410178184509,Patric,h,1204,OpenPlay,2015,RightFoot,855,Lazio,Roma,1,4,2016-04-03 17:00:00,Keita,Pass
1215,144959,74,BlockedShot,0.8519999694824218,0.46700000762939453,0.06353709846735,Patric,h,1204,OpenPlay,2016,RightFoot,941,Lazio,Juventus,0,1,2016-08-27 20:00:00,,Rebound
1216,148092,19,MissedShots,0.725,0.41,0.014642399735748768,Patric,h,1204,SetPiece,2016,RightFoot,1006,Lazio,Bologna,1,1,2016-10-16 17:00:00,Senad Lulic,Pass
1217,148728,51,MissedShots,0.725999984741211,0.649000015258789,0.01623919978737831,Patric,a,1204,FromCorner,2016,RightFoot,1013,Torino,Lazio,2,2,2016-10-23 17:00:00,Senad Lulic,Pass
1218,151847,90,MissedShots,0.7930000305175782,0.700999984741211,0.02955769933760166,Patric,h,1204,FromCorner,2016,RightFoot,3069,Lazio,Roma,0,2,2016-12-04 18:00:00,Senad Lulic,Pass
1219,144541,79,BlockedShot,0.755,0.43900001525878907,0.0173576008528471,Patric,h,1204,FromCorner,2016,LeftFoot,3537,Lazio,Atalanta,2,1,2017-01-15 18:00:00,,None
1220,145194,35,BlockedShot,0.7719999694824219,0.27899999618530275,0.009057589806616306,Patric,a,1204,OpenPlay,2016,RightFoot,3542,Juventus,Lazio,2,0,2017-01-22 14:30:00,,Rebound
1221,147920,12,MissedShots,0.98,0.30700000762939456,0.04745379835367203,Patric,h,1204,OpenPlay,2016,RightFoot,3601,Lazio,Udinese,1,0,2017-02-26 14:00:00,Felipe Anderson,Pass
1222,149995,63,MissedShots,0.845999984741211,0.30700000762939456,0.032453201711177826,Patric,a,1204,OpenPlay,2016,LeftFoot,3638,Sassuolo,Lazio,1,2,2017-04-01 17:00:00,Keita,TakeOn
1223,150523,65,BlockedShot,0.8809999847412109,0.475,0.04220680147409439,Patric,h,1204,OpenPlay,2016,Head,3646,Lazio,Napoli,0,3,2017-04-09 19:45:00,Jordan Lukaku,Cross
1224,150527,68,SavedShot,0.960999984741211,0.3340000152587891,0.043802399188280106,Patric,h,1204,OpenPlay,2016,RightFoot,3646,Lazio,Napoli,0,3,2017-04-09 19:45:00,Felipe Anderson,Chipped
1225,150530,70,BlockedShot,0.960999984741211,0.44299999237060544,0.15215399861335754,Patric,h,1204,OpenPlay,2016,LeftFoot,3646,Lazio,Napoli,0,3,2017-04-09 19:45:00,,Rebound
1226,153144,34,BlockedShot,0.9290000152587891,0.31,0.026916300877928734,Patric,a,1204,OpenPlay,2016,RightFoot,3696,Fiorentina,Lazio,3,2,2017-05-13 17:00:00,Jordan Lukaku,Cross
1227,153148,53,MissedShots,0.815,0.6930000305175781,0.029463300481438637,Patric,a,1204,OpenPlay,2016,RightFoot,3696,Fiorentina,Lazio,3,2,2017-05-13 17:00:00,Luis Alberto,Pass
1228,153158,69,BlockedShot,0.9359999847412109,0.4640000152587891,0.12666399776935577,Patric,a,1204,OpenPlay,2016,RightFoot,3696,Fiorentina,Lazio,3,2,2017-05-13 17:00:00,Cristiano Lombardi,Cross
1229,154181,0,BlockedShot,0.87,0.48700000762939455,0.02608090080320835,Patric,a,1204,OpenPlay,2016,Head,3716,Crotone,Lazio,3,1,2017-05-28 19:45:00,Ciro Immobile,Aerial
1230,154188,27,BlockedShot,0.8119999694824219,0.54,0.03577660024166107,Patric,a,1204,FromCorner,2016,LeftFoot,3716,Crotone,Lazio,3,1,2017-05-28 19:45:00,,None
1231,204914,38,MissedShots,0.8809999847412109,0.534000015258789,0.09486129879951477,Patric,h,1204,OpenPlay,2017,RightFoot,7789,Lazio,Benevento,6,2,2018-03-31 14:00:00,Felipe Anderson,Chipped
1232,215482,56,SavedShot,0.794000015258789,0.49599998474121093,0.04526380077004433,Patric,a,1204,OpenPlay,2017,RightFoot,7863,Crotone,Lazio,2,2,2018-05-13 14:00:00,Senad Lulic,Pass
1233,226612,48,BlockedShot,0.81,0.24200000762939453,0.020708799362182617,Patric,a,1204,OpenPlay,2018,RightFoot,9636,Udinese,Lazio,1,2,2018-09-26 17:00:00,Joaquín Correa,Pass
1234,252463,7,MissedShots,0.9630000305175781,0.3170000076293945,0.025428300723433495,Patric,a,1204,OpenPlay,2018,RightFoot,9662,Parma Calcio 1913,Lazio,0,2,2018-10-21 13:00:00,Senad Lulic,Cross
1235,252470,40,SavedShot,0.9330000305175781,0.34900001525878904,0.2929159998893738,Patric,a,1204,OpenPlay,2018,RightFoot,9662,Parma Calcio 1913,Lazio,0,2,2018-10-21 13:00:00,Francesco Acerbi,Chipped
1236,252987,17,MissedShots,0.9259999847412109,0.4229999923706055,0.3238619863986969,Patric,h,1204,OpenPlay,2018,RightFoot,9682,Lazio,SPAL 2013,4,1,2018-11-04 11:30:00,Stefan Radu,Cross
1237,253012,81,BlockedShot,0.789000015258789,0.41200000762939454,0.029525600373744965,Patric,h,1204,FromCorner,2018,RightFoot,9682,Lazio,SPAL 2013,4,1,2018-11-04 11:30:00,Danilo Cataldi,Pass
1238,253417,65,BlockedShot,0.875999984741211,0.2620000076293945,0.03339359909296036,Patric,a,1204,OpenPlay,2018,RightFoot,9693,Sassuolo,Lazio,1,1,2018-11-11 17:00:00,Joaquín Correa,Pass
1239,253422,83,MissedShots,0.8230000305175781,0.37900001525878907,0.027951300144195557,Patric,a,1204,OpenPlay,2018,LeftFoot,9693,Sassuolo,Lazio,1,1,2018-11-11 17:00:00,Sergej Milinkovic-Savic,HeadPass
1240,253958,86,BlockedShot,0.8390000152587891,0.305,0.03460010141134262,Patric,a,1204,OpenPlay,2018,LeftFoot,9708,Chievo,Lazio,1,1,2018-12-02 17:00:00,Marco Parolo,Pass
1241,254842,15,MissedShots,0.9,0.39599998474121095,0.30689701437950134,Patric,h,1204,OpenPlay,2018,RightFoot,9718,Lazio,Sampdoria,2,2,2018-12-08 19:30:00,Ciro Immobile,Chipped
1242,254855,49,SavedShot,0.8719999694824219,0.33799999237060546,0.05775919929146767,Patric,h,1204,OpenPlay,2018,RightFoot,9718,Lazio,Sampdoria,2,2,2018-12-08 19:30:00,Senad Lulic,Pass
1243,254859,55,MissedShots,0.8059999847412109,0.29200000762939454,0.01891399919986725,Patric,h,1204,OpenPlay,2018,LeftFoot,9718,Lazio,Sampdoria,2,2,2018-12-08 19:30:00,Stefan Radu,Cross
1244,254860,57,BlockedShot,0.8640000152587891,0.3160000038146973,0.050679899752140045,Patric,h,1204,OpenPlay,2018,RightFoot,9718,Lazio,Sampdoria,2,2,2018-12-08 19:30:00,Senad Lulic,Pass
1245,286921,53,BlockedShot,0.925,0.305,0.07959140092134476,Patric,h,1204,OpenPlay,2018,RightFoot,9851,Lazio,Parma Calcio 1913,4,1,2019-03-17 14:00:00,Adam Marusic,Pass
1246,292742,6,MissedShots,0.7530000305175781,0.31799999237060544,0.018205400556325912,Patric,h,1204,OpenPlay,2018,RightFoot,9881,Lazio,Sassuolo,2,2,2019-04-07 17:00:00,Milan Badelj,Pass
1247,294960,24,MissedShots,0.7080000305175781,0.49700000762939456,0.011617099866271019,Patric,h,1204,SetPiece,2018,RightFoot,9902,Lazio,Chievo,1,2,2019-04-20 14:00:00,,Rebound
1248,325367,90,BlockedShot,0.874000015258789,0.7119999694824218,0.04195699840784073,Patric,h,1204,OpenPlay,2019,RightFoot,13162,Lazio,Atalanta,3,3,2019-10-19 14:00:00,Joaquín Correa,Pass
1249,357739,36,MissedShots,0.835999984741211,0.3609999847412109,0.03299250081181526,Patric,h,1204,FromCorner,2019,RightFoot,13252,Lazio,Verona,0,0,2020-02-05 19:45:00,,None
1250,358583,15,BlockedShot,0.7580000305175781,0.5459999847412109,0.02181130088865757,Patric,a,1204,OpenPlay,2019,RightFoot,13314,Parma Calcio 1913,Lazio,0,1,2020-02-09 17:00:00,,None
1251,358596,52,MissedShots,0.7369999694824219,0.44799999237060545,0.01326810009777546,Patric,a,1204,FromCorner,2019,RightFoot,13314,Parma Calcio 1913,Lazio,0,1,2020-02-09 17:00:00,,Aerial
1252,360712,50,MissedShots,0.805,0.40400001525878904,0.01714709959924221,Patric,h,1204,FromCorner,2019,RightFoot,13341,Lazio,Bologna,2,0,2020-02-29 14:00:00,Sergej Milinkovic-Savic,Aerial
1253,373497,18,MissedShots,0.6969999694824218,0.3770000076293945,0.01219439972192049,Patric,h,1204,FromCorner,2019,RightFoot,13431,Lazio,Cagliari,2,1,2020-07-23 19:45:00,,None
1254,378900,12,BlockedShot,0.8219999694824218,0.40200000762939453,0.04612309858202934,Patric,a,1204,FromCorner,2020,RightFoot,14124,Cagliari,Lazio,0,2,2020-09-26 16:00:00,,Rebound
1255,385165,21,MissedShots,0.960999984741211,0.4209999847412109,0.37508299946784973,Patric,a,1204,OpenPlay,2020,RightFoot,15483,Torino,Lazio,3,4,2020-11-01 14:00:00,Francesco Acerbi,Cross
1256,392701,74,MissedShots,0.745999984741211,0.3270000076293945,0.013037499971687794,Patric,a,1204,OpenPlay,2020,RightFoot,15536,Benevento,Lazio,1,1,2020-12-15 19:45:00,,None
1257,396775,10,BlockedShot,0.8109999847412109,0.5459999847412109,0.01901799999177456,Patric,a,1204,FromCorner,2020,RightFoot,15570,Genoa,Lazio,1,1,2021-01-03 14:00:00,,Aerial
1258,400974,15,MissedShots,0.8090000152587891,0.49900001525878906,0.035460200160741806,Patric,h,1204,FromCorner,2020,RightFoot,15610,Lazio,Sassuolo,2,1,2021-01-24 17:00:00,,None
1259,404969,43,BlockedShot,0.7630000305175781,0.26799999237060546,0.01696459949016571,Patric,a,1204,OpenPlay,2020,RightFoot,15641,Inter,Lazio,3,1,2021-02-14 19:45:00,Ciro Immobile,Pass
1260,421417,42,MissedShots,0.7830000305175782,0.4109999847412109,0.02156209945678711,Patric,h,1204,FromCorner,2020,LeftFoot,15781,Lazio,Parma Calcio 1913,1,0,2021-05-12 18:45:00,,None
1261,436407,61,BlockedShot,0.9069999694824219,0.4209999847412109,0.015025000087916851,Patric,h,1204,FromCorner,2021,Head,16830,Lazio,Inter,3,1,2021-10-16 16:00:00,Felipe Anderson,Aerial
1262,438372,72,SavedShot,0.905,0.5520000076293945,0.2892740070819855,Patric,a,1204,OpenPlay,2021,Head,16839,Verona,Lazio,4,1,2021-10-24 13:00:00,Luis Alberto,Cross
1263,453337,88,BlockedShot,0.924000015258789,0.580999984741211,0.061856500804424286,Patric,a,1204,FromCorner,2021,Head,16972,Salernitana,Lazio,0,3,2022-01-15 17:00:00,Luka Romero,Cross
1264,456841,2,BlockedShot,0.865,0.6120000076293945,0.03964420035481453,Patric,h,1204,FromCorner,2021,RightFoot,17000,Lazio,Bologna,3,0,2022-02-12 14:00:00,Luis Alberto,Cross
1265,467078,67,OwnGoal,0.05,0.51,0,Patric,a,1204,OpenPlay,2021,LeftFoot,17069,Genoa,Lazio,1,4,2022-04-10 10:30:00,,Tackle
1266,473745,40,Goal,0.9569999694824218,0.5120000076293946,0.5844020247459412,Patric,h,1204,SetPiece,2021,Head,17110,Lazio,Sampdoria,2,0,2022-05-07 18:45:00,Luis Alberto,Cross
1267,476863,50,MissedShots,0.915,0.500999984741211,0.040135499089956284,Patric,a,1204,FromCorner,2021,Head,17120,Juventus,Lazio,2,2,2022-05-16 18:45:00,Danilo Cataldi,Aerial
1268,482017,65,MissedShots,0.7680000305175781,0.415,0.018753599375486374,Patric,a,1204,FromCorner,2022,RightFoot,18592,Torino,Lazio,0,0,2022-08-20 16:30:00,,None
1269,530803,37,SavedShot,0.8159999847412109,0.45799999237060546,0.04975355044007301,Patric,a,1204,SetPiece,2022,RightFoot,18954,Empoli,Lazio,0,2,2023-06-03 19:00:00,Luis Alberto,Pass
1270,556818,83,Goal,0.965,0.46599998474121096,0.6568253040313721,Patric,h,1204,FromCorner,2023,LeftFoot,22483,Lazio,Frosinone,3,1,2023-12-29 19:45:00,,Rebound
1271,558355,9,MissedShots,0.875999984741211,0.6140000152587891,0.02892969362437725,Patric,h,1204,SetPiece,2023,LeftFoot,22499,Lazio,Lecce,1,0,2024-01-14 11:30:00,,Aerial
1272,573311,21,BlockedShot,0.5629999923706055,0.07300000190734864,0.006461954675614834,Patric,h,1204,OpenPlay,2023,RightFoot,22615,Lazio,Salernitana,4,1,2024-04-12 18:45:00,Felipe Anderson,Pass
1273,574686,64,BlockedShot,0.7580000305175781,0.34200000762939453,0.015391181223094463,Patric,a,1204,OpenPlay,2023,RightFoot,22627,Genoa,Lazio,0,1,2024-04-19 16:30:00,,None
1274,578561,24,MissedShots,0.865999984741211,0.575999984741211,0.0639343187212944,Patric,a,1204,FromCorner,2023,RightFoot,22653,Monza,Lazio,2,2,2024-05-04 16:00:00,,None
1275,580253,47,Goal,0.980999984741211,0.5159999847412109,0.6399856209754944,Patric,h,1204,FromCorner,2023,RightFoot,22664,Lazio,Empoli,2,0,2024-05-12 10:30:00,Mattia Zaccagni,Cross
1276,599215,76,MissedShots,0.9259999847412109,0.534000015258789,0.13654981553554535,Patric,h,1204,FromCorner,2024,RightFoot,27447,Lazio,Genoa,3,0,2024-10-27 14:00:00,Tijjani Noslin,Rebound
1277,599704,70,Goal,0.985,0.47400001525878904,0.7404807209968567,Patric,a,1204,FromCorner,2024,Head,27454,Como,Lazio,1,5,2024-10-31 19:45:00,Boulaye Dia,Rebound
1278,41626,36,MissedShots,0.8390000152587891,0.41700000762939454,0.0767688974738121,Matías Vecino,a,1423,OpenPlay,2014,LeftFoot,5158,Udinese,Empoli,2,0,2014-08-31 19:45:00,Francesco Tavano,Pass
1279,41637,67,BlockedShot,0.730999984741211,0.46599998474121096,0.015134000219404697,Matías Vecino,a,1423,OpenPlay,2014,RightFoot,5158,Udinese,Empoli,2,0,2014-08-31 19:45:00,Mário Rui,Pass
1280,41678,18,BlockedShot,0.8080000305175781,0.3139999961853027,0.024102600291371346,Matías Vecino,h,1423,OpenPlay,2014,RightFoot,5109,Empoli,Roma,0,1,2014-09-13 17:00:00,,Rebound
1281,41979,59,BlockedShot,0.730999984741211,0.539000015258789,0.018885599449276924,Matías Vecino,a,1423,OpenPlay,2014,LeftFoot,5119,Cesena,Empoli,2,2,2014-09-20 17:00:00,,Rebound
1282,41985,77,BlockedShot,0.7909999847412109,0.26600000381469724,0.02107810042798519,Matías Vecino,a,1423,SetPiece,2014,RightFoot,5119,Cesena,Empoli,2,2,2014-09-20 17:00:00,Mirko Valdifiori,Pass
1283,42207,18,SavedShot,0.87,0.37200000762939456,0.06388559937477112,Matías Vecino,h,1423,OpenPlay,2014,RightFoot,5129,Empoli,AC Milan,2,2,2014-09-23 19:45:00,Francesco Tavano,Chipped
1284,42214,44,MissedShots,0.8130000305175781,0.48700000762939455,0.06966990232467651,Matías Vecino,h,1423,OpenPlay,2014,LeftFoot,5129,Empoli,AC Milan,2,2,2014-09-23 19:45:00,,BallTouch
1285,42504,45,MissedShots,0.735999984741211,0.21700000762939453,0.01272989995777607,Matías Vecino,a,1423,OpenPlay,2014,RightFoot,5144,Chievo,Empoli,1,1,2014-09-28 14:00:00,Daniele Croce,Pass
1286,42718,12,BlockedShot,0.784000015258789,0.33,0.017352599650621414,Matías Vecino,h,1423,FromCorner,2014,RightFoot,5071,Empoli,Palermo,3,0,2014-10-05 11:30:00,,None
1287,42727,37,BlockedShot,0.8880000305175781,0.61,0.11312899738550186,Matías Vecino,h,1423,OpenPlay,2014,RightFoot,5071,Empoli,Palermo,3,0,2014-10-05 11:30:00,Massimo Maccarone,Pass
1288,43081,74,SavedShot,0.905,0.25299999237060544,0.03315600007772446,Matías Vecino,a,1423,OpenPlay,2014,RightFoot,5088,Genoa,Empoli,1,1,2014-10-20 19:45:00,Francesco Tavano,HeadPass
1289,43754,41,ShotOnPost,0.8859999847412109,0.32099998474121094,0.036388099193573,Matías Vecino,a,1423,OpenPlay,2014,RightFoot,5099,Sassuolo,Empoli,3,1,2014-10-28 19:45:00,Massimo Maccarone,Cross
1290,43768,81,MissedShots,0.7669999694824219,0.4209999847412109,0.02592409960925579,Matías Vecino,a,1423,OpenPlay,2014,RightFoot,5099,Sassuolo,Empoli,3,1,2014-10-28 19:45:00,Mirko Valdifiori,Pass
1291,43856,64,BlockedShot,0.8569999694824219,0.3579999923706055,0.04833190143108368,Matías Vecino,h,1423,SetPiece,2014,RightFoot,5031,Empoli,Juventus,0,2,2014-11-01 17:00:00,,None
1292,43862,72,MissedShots,0.7419999694824219,0.23700000762939452,0.01271700020879507,Matías Vecino,h,1423,OpenPlay,2014,RightFoot,5031,Empoli,Juventus,0,2,2014-11-01 17:00:00,Daniele Croce,Pass
1293,43863,81,BlockedShot,0.7340000152587891,0.26600000381469724,0.010254000313580036,Matías Vecino,h,1423,OpenPlay,2014,RightFoot,5031,Empoli,Juventus,0,2,2014-11-01 17:00:00,Mirko Valdifiori,Pass
1294,43865,86,BlockedShot,0.774000015258789,0.49,0.031236600130796432,Matías Vecino,h,1423,OpenPlay,2014,RightFoot,5031,Empoli,Juventus,0,2,2014-11-01 17:00:00,Levan Mchedlidze,Pass
1295,44100,3,MissedShots,0.775,0.43900001525878907,0.019232099875807762,Matías Vecino,h,1423,SetPiece,2014,RightFoot,5044,Empoli,Lazio,2,1,2014-11-09 14:00:00,,Rebound
1296,44111,72,BlockedShot,0.779000015258789,0.4329999923706055,0.02203729934990406,Matías Vecino,h,1423,SetPiece,2014,RightFoot,5044,Empoli,Lazio,2,1,2014-11-09 14:00:00,,None
1297,44479,45,Goal,0.9269999694824219,0.33099998474121095,0.07618380337953568,Matías Vecino,a,1423,OpenPlay,2014,RightFoot,5055,Parma,Empoli,0,2,2014-11-23 14:00:00,Massimo Maccarone,Pass
1298,44619,2,MissedShots,0.6780000305175782,0.46,0.01607609912753105,Matías Vecino,h,1423,OpenPlay,2014,RightFoot,5062,Empoli,Atalanta,0,0,2014-11-30 14:00:00,Lorenzo Tonelli,Pass
1299,44624,14,SavedShot,0.7819999694824219,0.35700000762939454,0.024461999535560608,Matías Vecino,h,1423,OpenPlay,2014,RightFoot,5062,Empoli,Atalanta,0,0,2014-11-30 14:00:00,Francesco Tavano,Pass
1300,44639,55,MissedShots,0.875999984741211,0.26899999618530274,0.03513940051198006,Matías Vecino,h,1423,OpenPlay,2014,RightFoot,5062,Empoli,Atalanta,0,0,2014-11-30 14:00:00,Massimo Maccarone,Pass
1301,45129,8,MissedShots,0.7140000152587891,0.47200000762939454,0.016030700877308846,Matías Vecino,h,1423,OpenPlay,2014,RightFoot,5018,Empoli,Torino,0,0,2014-12-15 18:00:00,Simone Verdi,Pass
1302,45137,36,MissedShots,0.7530000305175781,0.7290000152587891,0.011046499945223331,Matías Vecino,h,1423,OpenPlay,2014,RightFoot,5018,Empoli,Torino,0,0,2014-12-15 18:00:00,,None
1303,45139,39,BlockedShot,0.905,0.4209999847412109,0.12303200364112854,Matías Vecino,h,1423,OpenPlay,2014,LeftFoot,5018,Empoli,Torino,0,0,2014-12-15 18:00:00,Daniele Croce,Pass
1304,45526,35,SavedShot,0.725999984741211,0.48700000762939455,0.01647219993174076,Matías Vecino,a,1423,OpenPlay,2014,RightFoot,4975,Sampdoria,Empoli,1,0,2015-01-11 14:00:00,,BallRecovery
1305,45531,47,BlockedShot,0.7230000305175781,0.22799999237060548,0.009020170196890831,Matías Vecino,a,1423,OpenPlay,2014,RightFoot,4975,Sampdoria,Empoli,1,0,2015-01-11 14:00:00,,None
1306,45798,53,MissedShots,0.794000015258789,0.37900001525878907,0.03283010050654411,Matías Vecino,h,1423,OpenPlay,2014,LeftFoot,4977,Empoli,Inter,0,0,2015-01-17 17:00:00,Daniele Croce,Pass
1307,46603,50,BlockedShot,0.9169999694824219,0.2589999961853027,0.042081598192453384,Matías Vecino,h,1423,OpenPlay,2014,RightFoot,4995,Empoli,Udinese,1,2,2015-01-26 18:00:00,,BallTouch
1308,46607,61,MissedShots,0.7919999694824219,0.4129999923706055,0.02402539923787117,Matías Vecino,h,1423,FromCorner,2014,RightFoot,4995,Empoli,Udinese,1,2,2015-01-26 18:00:00,,None
1309,47354,64,MissedShots,0.73,0.37200000762939456,0.01588910073041916,Matías Vecino,a,1423,OpenPlay,2014,RightFoot,4882,Palermo,Empoli,0,0,2015-03-01 14:00:00,Massimo Maccarone,Pass
1310,47356,67,SavedShot,0.7419999694824219,0.39599998474121095,0.01650339923799038,Matías Vecino,a,1423,OpenPlay,2014,RightFoot,4882,Palermo,Empoli,0,0,2015-03-01 14:00:00,Francesco Tavano,Pass
1311,47357,69,MissedShots,0.69,0.5609999847412109,0.01478710025548935,Matías Vecino,a,1423,OpenPlay,2014,RightFoot,4882,Palermo,Empoli,0,0,2015-03-01 14:00:00,Daniele Croce,Pass
1312,48427,45,BlockedShot,0.875,0.24399999618530274,0.025680800899863243,Matías Vecino,a,1423,OpenPlay,2014,RightFoot,4900,Cagliari,Empoli,1,1,2015-03-14 19:45:00,,None
1313,48430,68,MissedShots,0.8819999694824219,0.34,0.06506100296974182,Matías Vecino,a,1423,OpenPlay,2014,RightFoot,4900,Cagliari,Empoli,1,1,2015-03-14 19:45:00,Piotr Zielinski,Pass
1314,48431,69,MissedShots,0.7630000305175781,0.23299999237060548,0.00833255983889103,Matías Vecino,a,1423,OpenPlay,2014,RightFoot,4900,Cagliari,Empoli,1,1,2015-03-14 19:45:00,Massimo Maccarone,TakeOn
1315,48438,92,Goal,0.9209999847412109,0.30700000762939456,0.031986501067876816,Matías Vecino,a,1423,OpenPlay,2014,RightFoot,4900,Cagliari,Empoli,1,1,2015-03-14 19:45:00,Mário Rui,Cross
1316,48046,48,MissedShots,0.7269999694824218,0.504000015258789,0.01685580052435398,Matías Vecino,a,1423,OpenPlay,2014,RightFoot,4838,Juventus,Empoli,2,0,2015-04-04 20:00:00,Massimo Maccarone,LayOff
1317,49328,37,MissedShots,0.8219999694824218,0.3770000076293945,0.04868770018219948,Matías Vecino,h,1423,OpenPlay,2014,RightFoot,4855,Empoli,Parma,2,2,2015-04-19 14:00:00,Riccardo Saponara,Pass
1318,50941,3,MissedShots,0.7419999694824219,0.30700000762939456,0.016035400331020355,Matías Vecino,a,1423,OpenPlay,2014,RightFoot,4863,Atalanta,Empoli,2,2,2015-04-26 11:30:00,Riccardo Saponara,Pass
1319,50964,64,MissedShots,0.8619999694824219,0.3770000076293945,0.09186390042304993,Matías Vecino,a,1423,OpenPlay,2014,LeftFoot,4863,Atalanta,Empoli,2,2,2015-04-26 11:30:00,Riccardo Saponara,Pass
1320,51361,3,ShotOnPost,0.9,0.3340000152587891,0.10974200069904327,Matías Vecino,a,1423,OpenPlay,2014,RightFoot,4788,Torino,Empoli,0,1,2015-05-06 14:00:00,Massimo Maccarone,TakeOn
1321,51380,45,SavedShot,0.7080000305175781,0.49,0.018664199858903885,Matías Vecino,a,1423,OpenPlay,2014,RightFoot,4788,Torino,Empoli,0,1,2015-05-06 14:00:00,Riccardo Saponara,Pass
1322,51384,52,SavedShot,0.7140000152587891,0.45099998474121095,0.017774999141693115,Matías Vecino,a,1423,OpenPlay,2014,RightFoot,4788,Torino,Empoli,0,1,2015-05-06 14:00:00,Riccardo Saponara,Pass
1323,51385,55,BlockedShot,0.775,0.32799999237060545,0.025882499292492867,Matías Vecino,a,1423,OpenPlay,2014,RightFoot,4788,Torino,Empoli,0,1,2015-05-06 14:00:00,Manuel Pucciarelli,Pass
1324,50563,48,MissedShots,0.9309999847412109,0.23600000381469727,0.017972899600863457,Matías Vecino,h,1423,OpenPlay,2014,RightFoot,4796,Empoli,Fiorentina,2,3,2015-05-10 17:00:00,Elseid Hysaj,Cross
1325,49766,47,SavedShot,0.7480000305175781,0.375,0.015262099914252758,Matías Vecino,a,1423,OpenPlay,2014,RightFoot,4804,Verona,Empoli,2,1,2015-05-17 14:00:00,,None
1326,51448,2,ShotOnPost,0.785,0.4520000076293945,0.036779098212718964,Matías Vecino,h,1423,OpenPlay,2014,RightFoot,4811,Empoli,Sampdoria,1,1,2015-05-24 11:30:00,Riccardo Saponara,Pass
1327,51453,18,BlockedShot,0.715,0.39,0.014534099958837032,Matías Vecino,h,1423,OpenPlay,2014,RightFoot,4811,Empoli,Sampdoria,1,1,2015-05-24 11:30:00,Massimo Maccarone,Pass
1328,51455,30,SavedShot,0.7780000305175782,0.40099998474121096,0.029150599613785744,Matías Vecino,h,1423,FromCorner,2014,RightFoot,4811,Empoli,Sampdoria,1,1,2015-05-24 11:30:00,,Rebound
1329,51465,58,BlockedShot,0.8880000305175781,0.6329999923706054,0.11531399935483932,Matías Vecino,h,1423,OpenPlay,2014,LeftFoot,4811,Empoli,Sampdoria,1,1,2015-05-24 11:30:00,,TakeOn
1330,50060,59,BlockedShot,0.8069999694824219,0.30200000762939455,0.02524149976670742,Matías Vecino,a,1423,OpenPlay,2014,RightFoot,4826,Inter,Empoli,4,3,2015-05-31 19:45:00,Federico Barba,Pass
1331,50061,61,SavedShot,0.75,0.7559999847412109,0.035908401012420654,Matías Vecino,a,1423,DirectFreekick,2014,RightFoot,4826,Inter,Empoli,4,3,2015-05-31 19:45:00,,Standard
1332,50075,83,BlockedShot,0.815,0.48,0.054693400859832764,Matías Vecino,a,1423,OpenPlay,2014,LeftFoot,4826,Inter,Empoli,4,3,2015-05-31 19:45:00,Mário Rui,Pass
1333,93660,61,SavedShot,0.7390000152587891,0.4879999923706055,0.027028899639844894,Matías Vecino,h,1423,OpenPlay,2015,RightFoot,571,Fiorentina,Genoa,1,0,2015-09-12 20:00:00,,BallRecovery
1334,95619,6,BlockedShot,0.7219999694824218,0.36900001525878906,0.015062700025737286,Matías Vecino,h,1423,OpenPlay,2015,RightFoot,597,Fiorentina,Bologna,2,0,2015-09-23 22:45:00,Jakub Blaszczykowski,Pass
1335,95620,10,BlockedShot,0.77,0.7340000152587891,0.04519759863615036,Matías Vecino,h,1423,DirectFreekick,2015,RightFoot,597,Fiorentina,Bologna,2,0,2015-09-23 22:45:00,,Standard
1336,95629,59,MissedShots,0.7069999694824218,0.3990000152587891,0.012970900163054466,Matías Vecino,h,1423,OpenPlay,2015,RightFoot,597,Fiorentina,Bologna,2,0,2015-09-23 22:45:00,,Dispossessed
1337,95634,73,MissedShots,0.950999984741211,0.49,0.1319819986820221,Matías Vecino,h,1423,FromCorner,2015,Head,597,Fiorentina,Bologna,2,0,2015-09-23 22:45:00,Borja Valero,Cross
1338,95940,20,MissedShots,0.9169999694824219,0.5520000076293945,0.028648199513554573,Matías Vecino,a,1423,FromCorner,2015,Head,608,Inter,Fiorentina,1,4,2015-09-27 22:45:00,Josip Ilicic,Aerial
1339,95946,46,BlockedShot,0.7380000305175781,0.39599998474121095,0.02035599946975708,Matías Vecino,a,1423,OpenPlay,2015,RightFoot,608,Inter,Fiorentina,1,4,2015-09-27 22:45:00,Josip Ilicic,Pass
1340,96296,70,SavedShot,0.7530000305175781,0.4279999923706055,0.025394899770617485,Matías Vecino,h,1423,OpenPlay,2015,RightFoot,620,Fiorentina,Atalanta,3,0,2015-10-04 22:45:00,Milan Badelj,Pass
1341,96299,76,MissedShots,0.7709999847412109,0.4420000076293945,0.03494489938020706,Matías Vecino,h,1423,OpenPlay,2015,RightFoot,620,Fiorentina,Atalanta,3,0,2015-10-04 22:45:00,Milan Badelj,Pass
1342,96300,81,BlockedShot,0.7180000305175781,0.69,0.01365980040282011,Matías Vecino,h,1423,OpenPlay,2015,RightFoot,620,Fiorentina,Atalanta,3,0,2015-10-04 22:45:00,Marcos Alonso,Pass
1343,96305,92,MissedShots,0.634000015258789,0.509000015258789,0.015736499801278114,Matías Vecino,h,1423,OpenPlay,2015,RightFoot,620,Fiorentina,Atalanta,3,0,2015-10-04 22:45:00,Milan Badelj,Pass
1344,96910,34,BlockedShot,0.7769999694824219,0.6559999847412109,0.016662899404764175,Matías Vecino,a,1423,OpenPlay,2015,RightFoot,629,Napoli,Fiorentina,2,1,2015-10-18 17:00:00,Marcos Alonso,TakeOn
1345,97317,4,MissedShots,0.774000015258789,0.7169999694824218,0.013268000446259975,Matías Vecino,h,1423,OpenPlay,2015,RightFoot,639,Fiorentina,Roma,1,2,2015-10-25 21:00:00,,None
1346,97321,23,MissedShots,0.7380000305175781,0.475,0.019263900816440582,Matías Vecino,h,1423,OpenPlay,2015,RightFoot,639,Fiorentina,Roma,1,2,2015-10-25 21:00:00,Josip Ilicic,Pass
1347,97324,40,SavedShot,0.7709999847412109,0.36900001525878906,0.022953499108552933,Matías Vecino,h,1423,OpenPlay,2015,RightFoot,639,Fiorentina,Roma,1,2,2015-10-25 21:00:00,Nikola Kalinic,Pass
1348,97330,59,MissedShots,0.749000015258789,0.585,0.01097629964351654,Matías Vecino,h,1423,OpenPlay,2015,RightFoot,639,Fiorentina,Roma,1,2,2015-10-25 21:00:00,,Rebound
1349,97802,12,MissedShots,0.7090000152587891,0.38,0.014537500217556953,Matías Vecino,a,1423,OpenPlay,2015,RightFoot,643,Verona,Fiorentina,0,2,2015-10-28 23:45:00,Borja Valero,Pass
1350,98904,48,SavedShot,0.7230000305175781,0.509000015258789,0.01978830061852932,Matías Vecino,a,1423,OpenPlay,2015,RightFoot,670,Sampdoria,Fiorentina,0,2,2015-11-08 23:45:00,,None
1351,99304,84,MissedShots,0.7330000305175781,0.56,0.014870500192046165,Matías Vecino,h,1423,OpenPlay,2015,RightFoot,677,Fiorentina,Empoli,2,2,2015-11-22 18:00:00,,None
1352,99308,93,SavedShot,0.7609999847412109,0.46700000762939453,0.02331399917602539,Matías Vecino,h,1423,OpenPlay,2015,RightFoot,677,Fiorentina,Empoli,2,2,2015-11-22 18:00:00,Giuseppe Rossi,Pass
1353,99963,60,MissedShots,0.765,0.39299999237060546,0.019697699695825577,Matías Vecino,a,1423,OpenPlay,2015,RightFoot,689,Sassuolo,Fiorentina,1,1,2015-11-30 22:00:00,Federico Bernardeschi,Pass
1354,100322,11,MissedShots,0.764000015258789,0.3320000076293945,0.012685700319707394,Matías Vecino,h,1423,OpenPlay,2015,RightFoot,696,Fiorentina,Udinese,3,0,2015-12-06 18:00:00,Milan Badelj,TakeOn
1355,100333,58,MissedShots,0.8859999847412109,0.6969999694824218,0.06477929651737213,Matías Vecino,h,1423,OpenPlay,2015,LeftFoot,696,Fiorentina,Udinese,3,0,2015-12-06 18:00:00,Borja Valero,Pass
1356,100832,19,MissedShots,0.754000015258789,0.6930000305175781,0.014557899907231331,Matías Vecino,a,1423,OpenPlay,2015,RightFoot,708,Juventus,Fiorentina,3,1,2015-12-13 23:45:00,Marcos Alonso,Pass
1357,101362,22,BlockedShot,0.779000015258789,0.6609999847412109,0.03212219849228859,Matías Vecino,h,1423,FromCorner,2015,RightFoot,712,Fiorentina,Chievo,2,0,2015-12-20 18:00:00,Josip Ilicic,TakeOn
1358,101375,86,SavedShot,0.7380000305175781,0.639000015258789,0.017745299264788628,Matías Vecino,h,1423,OpenPlay,2015,RightFoot,712,Fiorentina,Chievo,2,0,2015-12-20 18:00:00,Marcos Alonso,Pass
1359,101965,19,SavedShot,0.745,0.43599998474121093,0.027678800746798515,Matías Vecino,a,1423,OpenPlay,2015,RightFoot,723,Palermo,Fiorentina,1,3,2016-01-06 18:00:00,Davide Astori,BallRecovery
1360,102416,13,BlockedShot,0.700999984741211,0.355,0.007327380124479532,Matías Vecino,h,1423,OpenPlay,2015,RightFoot,731,Fiorentina,Lazio,1,3,2016-01-09 21:00:00,Milan Badelj,TakeOn
1361,102422,44,SavedShot,0.774000015258789,0.6409999847412109,0.018916400149464607,Matías Vecino,h,1423,OpenPlay,2015,RightFoot,731,Fiorentina,Lazio,1,3,2016-01-09 21:00:00,Marcos Alonso,Pass
1362,102426,54,BlockedShot,0.7630000305175781,0.4229999923706055,0.022091399878263474,Matías Vecino,h,1423,OpenPlay,2015,RightFoot,731,Fiorentina,Lazio,1,3,2016-01-09 21:00:00,Milan Badelj,TakeOn
1363,94462,23,MissedShots,0.755,0.29,0.015601400285959244,Matías Vecino,a,1423,OpenPlay,2015,RightFoot,768,Genoa,Fiorentina,0,0,2016-01-31 18:00:00,Borja Valero,Pass
1364,94848,20,BlockedShot,0.740999984741211,0.5120000076293946,0.019993700087070465,Matías Vecino,a,1423,OpenPlay,2015,RightFoot,781,Bologna,Fiorentina,1,1,2016-02-06 21:00:00,Matías Fernández,HeadPass
1365,94853,42,MissedShots,0.73,0.6930000305175781,0.012896900065243244,Matías Vecino,a,1423,OpenPlay,2015,RightFoot,781,Bologna,Fiorentina,1,1,2016-02-06 21:00:00,Manuel Pasqual,Pass
1366,96189,44,SavedShot,0.9059999847412109,0.5329999923706055,0.07655110210180283,Matías Vecino,h,1423,FromCorner,2015,Head,800,Fiorentina,Inter,2,1,2016-02-14 23:45:00,Borja Valero,Cross
1367,96555,9,BlockedShot,0.7919999694824219,0.705999984741211,0.01829949952661991,Matías Vecino,a,1423,OpenPlay,2015,RightFoot,806,Atalanta,Fiorentina,2,3,2016-02-21 18:00:00,,None
1368,97152,42,MissedShots,0.7180000305175781,0.6430000305175781,0.012790700420737267,Matías Vecino,h,1423,OpenPlay,2015,RightFoot,820,Fiorentina,Napoli,1,1,2016-03-01 00:00:00,Marcos Alonso,Pass
1369,97154,46,MissedShots,0.9669999694824218,0.5279999923706055,0.14801600575447083,Matías Vecino,h,1423,SetPiece,2015,Head,820,Fiorentina,Napoli,1,1,2016-03-01 00:00:00,Matías Fernández,Cross
1370,97159,73,MissedShots,0.7580000305175781,0.4929999923706055,0.02140600048005581,Matías Vecino,h,1423,OpenPlay,2015,RightFoot,820,Fiorentina,Napoli,1,1,2016-03-01 00:00:00,Borja Valero,Pass
1371,98536,11,MissedShots,0.935,0.315,0.02794729918241501,Matías Vecino,a,1423,OpenPlay,2015,RightFoot,846,Frosinone,Fiorentina,0,0,2016-03-20 18:00:00,Marcos Alonso,Cross
1372,98558,54,SavedShot,0.9209999847412109,0.544000015258789,0.09233739972114563,Matías Vecino,a,1423,FromCorner,2015,Head,846,Frosinone,Fiorentina,0,0,2016-03-20 18:00:00,Borja Valero,Cross
1373,98560,55,BlockedShot,0.7090000152587891,0.38299999237060545,0.01486239954829216,Matías Vecino,a,1423,OpenPlay,2015,RightFoot,846,Frosinone,Fiorentina,0,0,2016-03-20 18:00:00,Milan Badelj,Pass
1374,99145,80,BlockedShot,0.78,0.5870000076293945,0.03426330164074898,Matías Vecino,h,1423,OpenPlay,2015,LeftFoot,856,Fiorentina,Sampdoria,1,1,2016-04-03 17:00:00,Jakub Blaszczykowski,LayOff
1375,99146,81,SavedShot,0.874000015258789,0.504000015258789,0.013806900009512901,Matías Vecino,h,1423,FromCorner,2015,Head,856,Fiorentina,Sampdoria,1,1,2016-04-03 17:00:00,Josip Ilicic,Aerial
1376,99559,81,MissedShots,0.7140000152587891,0.485,0.015850700438022614,Matías Vecino,a,1423,OpenPlay,2015,RightFoot,865,Empoli,Fiorentina,2,0,2016-04-10 14:30:00,Mauro Zárate,Pass
1377,100197,8,SavedShot,0.774000015258789,0.42,0.029491599649190903,Matías Vecino,h,1423,OpenPlay,2015,RightFoot,875,Fiorentina,Sassuolo,3,1,2016-04-17 17:00:00,,BallRecovery
1378,100202,30,BlockedShot,0.9030000305175782,0.5520000076293945,0.018207600340247154,Matías Vecino,h,1423,FromCorner,2015,Head,875,Fiorentina,Sassuolo,3,1,2016-04-17 17:00:00,Borja Valero,Aerial
1379,100550,21,BlockedShot,0.710999984741211,0.5990000152587891,0.01525420043617487,Matías Vecino,a,1423,OpenPlay,2015,RightFoot,885,Udinese,Fiorentina,2,1,2016-04-20 22:45:00,Marcos Alonso,Pass
1380,102702,7,MissedShots,0.7330000305175781,0.47700000762939454,0.01946130022406578,Matías Vecino,a,1423,OpenPlay,2015,RightFoot,929,Lazio,Fiorentina,2,4,2016-05-15 22:45:00,Marcos Alonso,Pass
1381,102707,30,Goal,0.8159999847412109,0.49900001525878906,0.048489298671483994,Matías Vecino,a,1423,OpenPlay,2015,RightFoot,929,Lazio,Fiorentina,2,4,2016-05-15 22:45:00,,Rebound
1382,102720,69,Goal,0.9109999847412109,0.415,0.4231480062007904,Matías Vecino,a,1423,OpenPlay,2015,RightFoot,929,Lazio,Fiorentina,2,4,2016-05-15 22:45:00,Matías Fernández,Pass
1383,144387,85,MissedShots,0.8490000152587891,0.44599998474121094,0.07299630343914032,Matías Vecino,a,1423,OpenPlay,2016,RightFoot,932,Juventus,Fiorentina,2,1,2016-08-20 22:45:00,Cristian Tello,Pass
1384,148011,61,SavedShot,0.725,0.49400001525878906,0.02090959995985031,Matías Vecino,h,1423,OpenPlay,2016,RightFoot,1003,Fiorentina,Atalanta,0,0,2016-10-16 14:30:00,Davide Astori,Pass
1385,148585,94,MissedShots,0.845,0.31799999237060544,0.05581029877066612,Matías Vecino,a,1423,OpenPlay,2016,RightFoot,1014,Cagliari,Fiorentina,3,5,2016-10-23 17:00:00,Kevin Diks,Pass
1386,149046,10,SavedShot,0.785,0.38599998474121094,0.02711299993097782,Matías Vecino,h,1423,OpenPlay,2016,RightFoot,3286,Fiorentina,Crotone,1,1,2016-10-26 22:45:00,Josip Ilicic,Pass
1387,149056,46,BlockedShot,0.8469999694824218,0.30700000762939456,0.03340049833059311,Matías Vecino,h,1423,OpenPlay,2016,RightFoot,3286,Fiorentina,Crotone,1,1,2016-10-26 22:45:00,Cristian Tello,Pass
1388,149058,55,MissedShots,0.8059999847412109,0.24,0.02010129950940609,Matías Vecino,h,1423,OpenPlay,2016,RightFoot,3286,Fiorentina,Crotone,1,1,2016-10-26 22:45:00,Milan Badelj,Pass
1389,149060,61,MissedShots,0.88,0.539000015258789,0.04736559838056564,Matías Vecino,h,1423,FromCorner,2016,Head,3286,Fiorentina,Crotone,1,1,2016-10-26 22:45:00,Josip Ilicic,Cross
1390,149062,64,MissedShots,0.7619999694824219,0.30700000762939456,0.018188100308179855,Matías Vecino,h,1423,OpenPlay,2016,RightFoot,3286,Fiorentina,Crotone,1,1,2016-10-26 22:45:00,Josip Ilicic,Pass
1391,150784,73,SavedShot,0.9030000305175782,0.27399999618530274,0.05448300018906593,Matías Vecino,a,1423,OpenPlay,2016,RightFoot,2762,Empoli,Fiorentina,0,4,2016-11-20 18:00:00,Borja Valero,TakeOn
1392,150792,89,MissedShots,0.76,0.4329999923706055,0.02230069972574711,Matías Vecino,a,1423,OpenPlay,2016,RightFoot,2762,Empoli,Fiorentina,0,4,2016-11-20 18:00:00,,None
1393,151786,10,BlockedShot,0.874000015258789,0.5779999923706055,0.057024501264095306,Matías Vecino,h,1423,FromCorner,2016,LeftFoot,3073,Fiorentina,Palermo,2,1,2016-12-04 23:45:00,Borja Valero,BallTouch
1394,151787,17,MissedShots,0.785,0.2589999961853027,0.018669499084353447,Matías Vecino,h,1423,OpenPlay,2016,RightFoot,3073,Fiorentina,Palermo,2,1,2016-12-04 23:45:00,Borja Valero,Pass
1395,151797,41,SavedShot,0.915,0.46799999237060547,0.13409200310707092,Matías Vecino,h,1423,OpenPlay,2016,Head,3073,Fiorentina,Palermo,2,1,2016-12-04 23:45:00,Josip Ilicic,Cross
1396,151803,70,SavedShot,0.9219999694824219,0.5059999847412109,0.07887899875640869,Matías Vecino,h,1423,SetPiece,2016,OtherBodyPart,3073,Fiorentina,Palermo,2,1,2016-12-04 23:45:00,Josip Ilicic,Aerial
1397,145434,59,MissedShots,0.9769999694824218,0.5320000076293945,0.17888300120830536,Matías Vecino,a,1423,FromCorner,2016,RightFoot,3086,Genoa,Fiorentina,1,0,2016-12-15 23:00:00,Mauro Zárate,Rebound
1398,145436,71,MissedShots,0.8059999847412109,0.345,0.012533499859273434,Matías Vecino,a,1423,OpenPlay,2016,RightFoot,3086,Genoa,Fiorentina,1,0,2016-12-15 23:00:00,,Aerial
1399,152892,65,SavedShot,0.7719999694824219,0.5279999923706055,0.035513199865818024,Matías Vecino,a,1423,OpenPlay,2016,RightFoot,3095,Lazio,Fiorentina,3,1,2016-12-18 23:45:00,Mauro Zárate,TakeOn
1400,152896,73,BlockedShot,0.7809999847412109,0.3629999923706055,0.016914399340748787,Matías Vecino,a,1423,SetPiece,2016,RightFoot,3095,Lazio,Fiorentina,3,1,2016-12-18 23:45:00,,Rebound
1401,153423,15,MissedShots,0.7930000305175782,0.3970000076293945,0.03310050070285797,Matías Vecino,h,1423,OpenPlay,2016,RightFoot,3104,Fiorentina,Napoli,3,3,2016-12-22 23:45:00,,None
1402,153434,59,MissedShots,0.8780000305175781,0.49,0.041281599551439285,Matías Vecino,h,1423,FromCorner,2016,Head,3104,Fiorentina,Napoli,3,3,2016-12-22 23:45:00,Federico Bernardeschi,Cross
1403,144679,6,SavedShot,0.7859999847412109,0.49,0.04844310134649277,Matías Vecino,h,1423,OpenPlay,2016,RightFoot,3538,Fiorentina,Juventus,2,1,2017-01-15 23:45:00,Milan Badelj,TakeOn
1404,144680,9,ShotOnPost,0.94,0.6170000076293946,0.08686009794473648,Matías Vecino,h,1423,OpenPlay,2016,LeftFoot,3538,Fiorentina,Juventus,2,1,2017-01-15 23:45:00,,None
1405,144682,13,MissedShots,0.740999984741211,0.49700000762939456,0.02338239923119545,Matías Vecino,h,1423,OpenPlay,2016,RightFoot,3538,Fiorentina,Juventus,2,1,2017-01-15 23:45:00,Federico Bernardeschi,Pass
1406,144687,42,MissedShots,0.7780000305175782,0.7190000152587891,0.022913800552487373,Matías Vecino,h,1423,OpenPlay,2016,RightFoot,3538,Fiorentina,Juventus,2,1,2017-01-15 23:45:00,,BallRecovery
1407,144702,91,MissedShots,0.7190000152587891,0.5420000076293945,0.01930459961295128,Matías Vecino,h,1423,OpenPlay,2016,RightFoot,3538,Fiorentina,Juventus,2,1,2017-01-15 23:45:00,Sebastián Cristóforo,Pass
1408,145702,20,MissedShots,0.700999984741211,0.4540000152587891,0.018288500607013702,Matías Vecino,h,1423,OpenPlay,2016,RightFoot,3556,Fiorentina,Genoa,3,3,2017-01-29 17:00:00,Davide Astori,Pass
1409,145725,90,MissedShots,0.8019999694824219,0.740999984741211,0.01748489961028099,Matías Vecino,h,1423,OpenPlay,2016,RightFoot,3556,Fiorentina,Genoa,3,3,2017-01-29 17:00:00,Maximiliano Olivera,TakeOn
1410,153993,12,MissedShots,0.86,0.495,0.018740499392151833,Matías Vecino,a,1423,SetPiece,2016,Head,3523,Pescara,Fiorentina,1,2,2017-02-01 22:45:00,,None
1411,153996,25,BlockedShot,0.7219999694824218,0.40700000762939453,0.01605590060353279,Matías Vecino,a,1423,OpenPlay,2016,RightFoot,3523,Pescara,Fiorentina,1,2,2017-02-01 22:45:00,Milan Badelj,Pass
1412,154005,61,BlockedShot,0.7369999694824219,0.5879999923706055,0.015695299953222275,Matías Vecino,a,1423,OpenPlay,2016,RightFoot,3523,Pescara,Fiorentina,1,2,2017-02-01 22:45:00,,BallTouch
1413,154010,76,BlockedShot,0.9159999847412109,0.54,0.13916899263858795,Matías Vecino,a,1423,OpenPlay,2016,RightFoot,3523,Pescara,Fiorentina,1,2,2017-02-01 22:45:00,Cristian Tello,Pass
1414,146147,18,BlockedShot,0.75,0.5790000152587891,0.018518200144171715,Matías Vecino,a,1423,OpenPlay,2016,RightFoot,3569,Roma,Fiorentina,4,0,2017-02-07 22:45:00,,None
1415,146151,25,BlockedShot,0.86,0.44099998474121094,0.027648000046610832,Matías Vecino,a,1423,FromCorner,2016,RightFoot,3569,Roma,Fiorentina,4,0,2017-02-07 22:45:00,,Aerial
1416,146153,27,MissedShots,0.735999984741211,0.5870000076293945,0.02185259945690632,Matías Vecino,a,1423,OpenPlay,2016,RightFoot,3569,Roma,Fiorentina,4,0,2017-02-07 22:45:00,Davide Astori,Pass
1417,146165,50,BlockedShot,0.735999984741211,0.40599998474121096,0.014338199980556965,Matías Vecino,a,1423,OpenPlay,2016,RightFoot,3569,Roma,Fiorentina,4,0,2017-02-07 22:45:00,Davide Astori,TakeOn
1418,146884,59,SavedShot,0.9669999694824218,0.40700000762939453,0.08853240311145782,Matías Vecino,h,1423,SetPiece,2016,RightFoot,3573,Fiorentina,Udinese,3,0,2017-02-11 19:45:00,Federico Bernardeschi,Cross
1419,146886,63,MissedShots,0.9390000152587891,0.30100000381469727,0.07983329892158508,Matías Vecino,h,1423,OpenPlay,2016,RightFoot,3573,Fiorentina,Udinese,3,0,2017-02-11 19:45:00,Federico Bernardeschi,Pass
1420,147172,8,SavedShot,0.7090000152587891,0.610999984741211,0.013189000077545643,Matías Vecino,a,1423,OpenPlay,2016,RightFoot,3591,AC Milan,Fiorentina,2,1,2017-02-19 19:45:00,Borja Valero,Pass
1421,147178,21,MissedShots,0.43599998474121093,0.6179999923706054,0.006695589981973171,Matías Vecino,a,1423,OpenPlay,2016,RightFoot,3591,AC Milan,Fiorentina,2,1,2017-02-19 19:45:00,,BallRecovery
1422,147185,44,BlockedShot,0.7919999694824219,0.3770000076293945,0.026222700253129005,Matías Vecino,a,1423,OpenPlay,2016,RightFoot,3591,AC Milan,Fiorentina,2,1,2017-02-19 19:45:00,Federico Chiesa,Pass
1423,147186,48,SavedShot,0.7759999847412109,0.5570000076293945,0.04366980120539665,Matías Vecino,a,1423,OpenPlay,2016,LeftFoot,3591,AC Milan,Fiorentina,2,1,2017-02-19 19:45:00,Sebastián Cristóforo,LayOff
1424,148292,44,SavedShot,0.745,0.5120000076293946,0.02077599987387657,Matías Vecino,a,1423,OpenPlay,2016,RightFoot,3603,Atalanta,Fiorentina,0,0,2017-03-05 11:30:00,,BallTouch
1425,148293,50,MissedShots,0.8440000152587891,0.4329999923706055,0.1267559975385666,Matías Vecino,a,1423,OpenPlay,2016,RightFoot,3603,Atalanta,Fiorentina,0,0,2017-03-05 11:30:00,Milan Badelj,TakeOn
1426,149338,33,SavedShot,0.7680000305175781,0.325,0.020208099856972694,Matías Vecino,a,1423,OpenPlay,2016,RightFoot,3623,Crotone,Fiorentina,0,1,2017-03-19 14:00:00,Josip Ilicic,Pass
1427,149345,48,BlockedShot,0.8109999847412109,0.415,0.049605000764131546,Matías Vecino,a,1423,OpenPlay,2016,RightFoot,3623,Crotone,Fiorentina,0,1,2017-03-19 14:00:00,Federico Chiesa,Pass
1428,149347,53,SavedShot,0.7559999847412109,0.5029999923706054,0.026993699371814728,Matías Vecino,a,1423,OpenPlay,2016,RightFoot,3623,Crotone,Fiorentina,0,1,2017-03-19 14:00:00,Borja Valero,Pass
1429,228993,16,MissedShots,0.7559999847412109,0.48,0.02612840011715889,Matías Vecino,h,1423,OpenPlay,2016,RightFoot,3656,Fiorentina,Empoli,1,2,2017-04-15 14:00:00,Riccardo Saponara,Pass
1430,228995,29,SavedShot,0.7980000305175782,0.34900001525878904,0.02768700011074543,Matías Vecino,h,1423,OpenPlay,2016,RightFoot,3656,Fiorentina,Empoli,1,2,2017-04-15 14:00:00,,None
1431,151624,22,Goal,0.925,0.534000015258789,0.5173090100288391,Matías Vecino,h,1423,OpenPlay,2016,LeftFoot,3667,Fiorentina,Inter,5,4,2017-04-22 19:45:00,Hrvoje Milic,Pass
1432,151634,63,Goal,0.789000015258789,0.39599998474121095,0.03231009840965271,Matías Vecino,h,1423,OpenPlay,2016,RightFoot,3667,Fiorentina,Inter,5,4,2017-04-22 19:45:00,Borja Valero,Pass
1433,152052,86,BlockedShot,0.7390000152587891,0.2929999923706055,0.014693000353872776,Matías Vecino,a,1423,OpenPlay,2016,RightFoot,3673,Palermo,Fiorentina,2,0,2017-04-30 14:00:00,Jan Mlakar,Pass
1434,152623,9,MissedShots,0.8430000305175781,0.53,0.0525968000292778,Matías Vecino,a,1423,OpenPlay,2016,LeftFoot,3686,Sassuolo,Fiorentina,2,2,2017-05-07 14:00:00,Maximiliano Olivera,Chipped
1435,153156,68,SavedShot,0.795,0.655,0.026155799627304077,Matías Vecino,h,1423,OpenPlay,2016,RightFoot,3696,Fiorentina,Lazio,3,2,2017-05-13 17:00:00,Cristian Tello,Pass
1436,153685,54,BlockedShot,0.9319999694824219,0.544000015258789,0.05145540088415146,Matías Vecino,a,1423,FromCorner,2016,Head,3706,Napoli,Fiorentina,4,1,2017-05-20 19:45:00,Federico Bernardeschi,Aerial
1437,153697,69,MissedShots,0.8919999694824219,0.445,0.04725179821252823,Matías Vecino,a,1423,OpenPlay,2016,Head,3706,Napoli,Fiorentina,4,1,2017-05-20 19:45:00,Federico Bernardeschi,Cross
1438,154279,17,SavedShot,0.9319999694824219,0.4229999923706055,0.07666569948196411,Matías Vecino,h,1423,FromCorner,2016,RightFoot,3719,Fiorentina,Pescara,2,2,2017-05-28 19:45:00,Federico Bernardeschi,Cross
1439,154289,54,MissedShots,0.77,0.27899999618530275,0.0170718003064394,Matías Vecino,h,1423,OpenPlay,2016,RightFoot,3719,Fiorentina,Pescara,2,2,2017-05-28 19:45:00,Carlos Salcedo,Pass
1440,154305,84,Goal,0.7190000152587891,0.5690000152587891,0.016210900619626045,Matías Vecino,h,1423,OpenPlay,2016,RightFoot,3719,Fiorentina,Pescara,2,2,2017-05-28 19:45:00,Borja Valero,Pass
1441,172655,8,MissedShots,0.8780000305175781,0.5359999847412109,0.12459100037813187,Matías Vecino,h,1423,OpenPlay,2017,RightFoot,7503,Inter,Fiorentina,3,0,2017-08-20 19:45:00,Yuto Nagatomo,Pass
1442,172656,10,MissedShots,0.76,0.7030000305175781,0.021274300292134285,Matías Vecino,h,1423,OpenPlay,2017,RightFoot,7503,Inter,Fiorentina,3,0,2017-08-20 19:45:00,,BallRecovery
1443,173039,70,MissedShots,0.88,0.46700000762939453,0.11305200308561325,Matías Vecino,a,1423,OpenPlay,2017,LeftFoot,7510,Roma,Inter,1,3,2017-08-26 19:45:00,João Mário,Pass
1444,173045,86,Goal,0.9669999694824218,0.5129999923706055,0.7823050022125244,Matías Vecino,a,1423,OpenPlay,2017,LeftFoot,7510,Roma,Inter,1,3,2017-08-26 19:45:00,Ivan Perisic,Pass
1445,173685,40,BlockedShot,0.8369999694824218,0.5640000152587891,0.0683043971657753,Matías Vecino,a,1423,OpenPlay,2017,LeftFoot,7541,Bologna,Inter,1,1,2017-09-19 19:45:00,Ivan Perisic,Pass
1446,174000,17,BlockedShot,0.7190000152587891,0.4209999847412109,0.02006329968571663,Matías Vecino,h,1423,OpenPlay,2017,RightFoot,7553,Inter,Genoa,1,0,2017-09-24 14:00:00,Milan Skriniar,Pass
1447,174010,63,MissedShots,0.9230000305175782,0.49700000762939456,0.051194701343774796,Matías Vecino,h,1423,FromCorner,2017,Head,7553,Inter,Genoa,1,0,2017-09-24 14:00:00,Marcelo Brozovic,Aerial
1448,174015,86,BlockedShot,0.9269999694824219,0.5070000076293946,0.05585930123925209,Matías Vecino,h,1423,FromCorner,2017,Head,7553,Inter,Genoa,1,0,2017-09-24 14:00:00,João Mário,Aerial
1449,174186,55,MissedShots,0.725,0.5459999847412109,0.02114279940724373,Matías Vecino,a,1423,OpenPlay,2017,RightFoot,7560,Benevento,Inter,1,2,2017-10-01 14:00:00,Ivan Perisic,Pass
1450,174197,91,SavedShot,0.8109999847412109,0.3120000076293945,0.031161200255155563,Matías Vecino,a,1423,OpenPlay,2017,RightFoot,7560,Benevento,Inter,1,2,2017-10-01 14:00:00,Ivan Perisic,Pass
1451,174574,41,SavedShot,0.84,0.2989999961853027,0.044589001685380936,Matías Vecino,h,1423,OpenPlay,2017,LeftFoot,7574,Inter,AC Milan,3,2,2017-10-15 19:45:00,Borja Valero,Pass
1452,174577,47,MissedShots,0.7090000152587891,0.47,0.01857520081102848,Matías Vecino,h,1423,OpenPlay,2017,RightFoot,7574,Inter,AC Milan,3,2,2017-10-15 19:45:00,Ivan Perisic,Pass
1453,174583,59,MissedShots,0.850999984741211,0.48200000762939454,0.3216100037097931,Matías Vecino,h,1423,OpenPlay,2017,RightFoot,7574,Inter,AC Milan,3,2,2017-10-15 19:45:00,Antonio Candreva,Pass
1454,174861,46,MissedShots,0.965,0.27299999237060546,0.040472399443387985,Matías Vecino,a,1423,OpenPlay,2017,RightFoot,7584,Napoli,Inter,0,0,2017-10-21 19:45:00,Mauro Icardi,Pass
1455,175136,52,MissedShots,0.7380000305175781,0.445,0.03260330110788345,Matías Vecino,h,1423,OpenPlay,2017,RightFoot,7595,Inter,Sampdoria,3,2,2017-10-24 19:45:00,Roberto Gagliardini,Pass
1456,175135,52,BlockedShot,0.7719999694824219,0.27299999237060546,0.01901179924607277,Matías Vecino,h,1423,OpenPlay,2017,RightFoot,7595,Inter,Sampdoria,3,2,2017-10-24 19:45:00,Antonio Candreva,Pass
1457,175275,7,MissedShots,0.774000015258789,0.3029999923706055,0.022304799407720566,Matías Vecino,a,1423,OpenPlay,2017,RightFoot,7601,Verona,Inter,1,2,2017-10-30 19:45:00,Danilo D&#039;Ambrosio,Pass
1458,175280,21,SavedShot,0.8719999694824219,0.645,0.0462598018348217,Matías Vecino,a,1423,FromCorner,2017,RightFoot,7601,Verona,Inter,1,2,2017-10-30 19:45:00,,None
1459,175286,50,MissedShots,0.7780000305175782,0.5420000076293945,0.038905300199985504,Matías Vecino,a,1423,OpenPlay,2017,LeftFoot,7601,Verona,Inter,1,2,2017-10-30 19:45:00,Ivan Perisic,Pass
1460,175290,62,ShotOnPost,0.955,0.38799999237060545,0.01463400013744831,Matías Vecino,a,1423,FromCorner,2017,Head,7601,Verona,Inter,1,2,2017-10-30 19:45:00,Antonio Candreva,Aerial
1461,175646,48,SavedShot,0.9,0.47400001525878904,0.2635059952735901,Matías Vecino,h,1423,OpenPlay,2017,Head,7615,Inter,Torino,1,1,2017-11-05 11:30:00,Yuto Nagatomo,Chipped
1462,175647,51,SavedShot,0.8830000305175781,0.4329999923706055,0.020245900377631187,Matías Vecino,h,1423,OpenPlay,2017,Head,7615,Inter,Torino,1,1,2017-11-05 11:30:00,Yuto Nagatomo,Aerial
1463,175661,87,ShotOnPost,0.7290000152587891,0.41200000762939454,0.015057199634611607,Matías Vecino,h,1423,OpenPlay,2017,RightFoot,7615,Inter,Torino,1,1,2017-11-05 11:30:00,Éder,Pass
1464,180135,83,BlockedShot,0.8930000305175781,0.629000015258789,0.06051329895853996,Matías Vecino,a,1423,FromCorner,2017,RightFoot,7652,Juventus,Inter,0,0,2017-12-09 19:45:00,,None
1465,184868,3,MissedShots,0.960999984741211,0.3920000076293945,0.04990610107779503,Matías Vecino,h,1423,FromCorner,2017,Head,7665,Inter,Udinese,1,3,2017-12-16 14:00:00,Marcelo Brozovic,Cross
1466,184870,7,BlockedShot,0.9290000152587891,0.30700000762939456,0.06746319681406021,Matías Vecino,h,1423,OpenPlay,2017,RightFoot,7665,Inter,Udinese,1,3,2017-12-16 14:00:00,Antonio Candreva,Pass
1467,184893,71,BlockedShot,0.93,0.48,0.057573698461055756,Matías Vecino,h,1423,FromCorner,2017,Head,7665,Inter,Udinese,1,3,2017-12-16 14:00:00,Antonio Candreva,Aerial
1468,186121,33,MissedShots,0.7819999694824219,0.36700000762939455,0.0241215992718935,Matías Vecino,h,1423,OpenPlay,2017,LeftFoot,7685,Inter,Lazio,0,0,2017-12-30 17:00:00,,None
1469,186122,44,BlockedShot,0.755,0.41900001525878905,0.021087799221277237,Matías Vecino,h,1423,OpenPlay,2017,RightFoot,7685,Inter,Lazio,0,0,2017-12-30 17:00:00,Ivan Perisic,Pass
1470,186606,34,SavedShot,0.7319999694824219,0.5509999847412109,0.017459899187088013,Matías Vecino,a,1423,OpenPlay,2017,RightFoot,7693,Fiorentina,Inter,1,1,2018-01-05 19:45:00,Borja Valero,Pass
1471,189507,78,BlockedShot,0.8340000152587891,0.2520000076293945,0.025363299995660782,Matías Vecino,h,1423,OpenPlay,2017,RightFoot,7706,Inter,Roma,1,1,2018-01-21 19:45:00,Borja Valero,Pass
1472,189510,85,Goal,0.9269999694824219,0.49900001525878906,0.38960498571395874,Matías Vecino,h,1423,OpenPlay,2017,Head,7706,Inter,Roma,1,1,2018-01-21 19:45:00,Marcelo Brozovic,Cross
1473,190232,57,SavedShot,0.8590000152587891,0.5609999847412109,0.09939180314540863,Matías Vecino,a,1423,OpenPlay,2017,RightFoot,7714,SPAL 2013,Inter,1,1,2018-01-28 14:00:00,Ivan Perisic,Pass
1474,190242,82,SavedShot,0.840999984741211,0.3390000152587891,0.05751499906182289,Matías Vecino,a,1423,OpenPlay,2017,RightFoot,7714,SPAL 2013,Inter,1,1,2018-01-28 14:00:00,,None
1475,195619,14,MissedShots,0.774000015258789,0.34700000762939454,0.0206822007894516,Matías Vecino,h,1423,OpenPlay,2017,RightFoot,7720,Inter,Crotone,1,1,2018-02-03 19:45:00,Marcelo Brozovic,Chipped
1476,195870,43,SavedShot,0.9230000305175782,0.40200000762939453,0.041944701224565506,Matías Vecino,h,1423,OpenPlay,2017,Head,7731,Inter,Bologna,2,1,2018-02-11 14:00:00,,None
1477,196595,31,MissedShots,0.95,0.3840000152587891,0.014342599548399448,Matías Vecino,a,1423,FromCorner,2017,Head,7745,Genoa,Inter,2,0,2018-02-17 19:45:00,João Cancelo,Aerial
1478,197695,53,SavedShot,0.7530000305175781,0.33599998474121096,0.01674089953303337,Matías Vecino,h,1423,OpenPlay,2017,RightFoot,7757,Inter,Benevento,2,0,2018-02-24 19:45:00,,BallTouch
1479,216640,14,SavedShot,0.7380000305175781,0.44,0.0186087004840374,Matías Vecino,a,1423,OpenPlay,2017,RightFoot,7875,Lazio,Inter,2,3,2018-05-20 14:00:00,Marcelo Brozovic,Pass
1480,216662,80,Goal,0.9569999694824218,0.44299999237060544,0.06846360117197037,Matías Vecino,a,1423,FromCorner,2017,Head,7875,Lazio,Inter,2,3,2018-05-20 14:00:00,Marcelo Brozovic,Aerial
1481,220976,34,BlockedShot,0.7780000305175782,0.57,0.06757500022649765,Matías Vecino,h,1423,OpenPlay,2018,RightFoot,9595,Inter,Torino,2,2,2018-08-26 21:30:00,Kwadwo Asamoah,Chipped
1482,220979,41,MissedShots,0.7090000152587891,0.43900001525878907,0.01456919964402914,Matías Vecino,h,1423,OpenPlay,2018,RightFoot,9595,Inter,Torino,2,2,2018-08-26 21:30:00,,None
1483,225539,32,MissedShots,0.909000015258789,0.500999984741211,0.11453399807214737,Matías Vecino,a,1423,OpenPlay,2018,Head,9624,Sampdoria,Inter,0,1,2018-09-22 18:30:00,Antonio Candreva,Cross
1484,225541,35,MissedShots,0.9080000305175782,0.47900001525878905,0.04874030128121376,Matías Vecino,a,1423,FromCorner,2018,Head,9624,Sampdoria,Inter,0,1,2018-09-22 18:30:00,Danilo D&#039;Ambrosio,HeadPass
1485,252299,38,MissedShots,0.9459999847412109,0.41700000762939454,0.08013419806957245,Matías Vecino,a,1423,FromCorner,2018,Head,9654,SPAL 2013,Inter,1,2,2018-10-07 18:30:00,Sime Vrsaljko,Cross
1486,252510,33,SavedShot,0.7959999847412109,0.3089999961853027,0.02403399907052517,Matías Vecino,h,1423,OpenPlay,2018,RightFoot,9666,Inter,AC Milan,1,0,2018-10-21 18:30:00,,Dispossessed
1487,252515,42,MissedShots,0.8980000305175782,0.5559999847412109,0.31666800379753113,Matías Vecino,h,1423,OpenPlay,2018,LeftFoot,9666,Inter,AC Milan,1,0,2018-10-21 18:30:00,Ivan Perisic,Cross
1488,252520,52,BlockedShot,0.9690000152587891,0.31799999237060544,0.05919890105724335,Matías Vecino,h,1423,OpenPlay,2018,RightFoot,9666,Inter,AC Milan,1,0,2018-10-21 18:30:00,Mauro Icardi,BallTouch
1489,252525,61,MissedShots,0.9480000305175781,0.5379999923706055,0.3750540018081665,Matías Vecino,h,1423,FromCorner,2018,Head,9666,Inter,AC Milan,1,0,2018-10-21 18:30:00,Matteo Politano,Aerial
1490,252792,2,MissedShots,0.899000015258789,0.41,0.11243700236082077,Matías Vecino,a,1423,OpenPlay,2018,RightFoot,9671,Lazio,Inter,0,3,2018-10-29 18:30:00,Sime Vrsaljko,Pass
1491,252795,14,BlockedShot,0.7090000152587891,0.33599998474121096,0.0144683001562953,Matías Vecino,a,1423,OpenPlay,2018,RightFoot,9671,Lazio,Inter,0,3,2018-10-29 18:30:00,Ivan Perisic,Pass
1492,252801,27,BlockedShot,0.91,0.544000015258789,0.13037200272083282,Matías Vecino,a,1423,OpenPlay,2018,RightFoot,9671,Lazio,Inter,0,3,2018-10-29 18:30:00,Ivan Perisic,Pass
1493,252804,35,SavedShot,0.9130000305175782,0.495,0.054864298552274704,Matías Vecino,a,1423,SetPiece,2018,Head,9671,Lazio,Inter,0,3,2018-10-29 18:30:00,Sime Vrsaljko,Aerial
1494,252806,39,SavedShot,0.889000015258789,0.34700000762939454,0.3084779977798462,Matías Vecino,a,1423,OpenPlay,2018,RightFoot,9671,Lazio,Inter,0,3,2018-10-29 18:30:00,Mauro Icardi,Pass
1495,252815,61,SavedShot,0.8780000305175781,0.4640000152587891,0.01402019988745451,Matías Vecino,a,1423,FromCorner,2018,Head,9671,Lazio,Inter,0,3,2018-10-29 18:30:00,Sime Vrsaljko,Aerial
1496,276418,16,MissedShots,0.9019999694824219,0.4759999847412109,0.04762149974703789,Matías Vecino,h,1423,FromCorner,2018,Head,9771,Inter,Sassuolo,0,0,2019-01-19 19:30:00,Marcelo Brozovic,Chipped
1497,276428,39,SavedShot,0.8680000305175781,0.6609999847412109,0.052927400916814804,Matías Vecino,h,1423,OpenPlay,2018,LeftFoot,9771,Inter,Sassuolo,0,0,2019-01-19 19:30:00,,None
1498,276870,14,BlockedShot,0.710999984741211,0.45599998474121095,0.013947900384664536,Matías Vecino,a,1423,OpenPlay,2018,RightFoot,9781,Torino,Inter,1,0,2019-01-27 17:00:00,Lautaro Martínez,BallRecovery
1499,277119,35,MissedShots,0.8919999694824219,0.5459999847412109,0.10662700235843658,Matías Vecino,h,1423,OpenPlay,2018,LeftFoot,9793,Inter,Bologna,0,1,2019-02-03 17:00:00,Dalbert,Pass
1500,277130,74,MissedShots,0.895,0.485,0.06502070277929306,Matías Vecino,h,1423,OpenPlay,2018,Head,9793,Inter,Bologna,0,1,2019-02-03 17:00:00,João Mário,Cross
1501,277285,21,MissedShots,0.7169999694824218,0.41200000762939454,0.011279299855232239,Matías Vecino,a,1423,OpenPlay,2018,RightFoot,9803,Parma Calcio 1913,Inter,0,1,2019-02-09 19:30:00,,None
1502,277300,82,MissedShots,0.8730000305175781,0.6120000076293945,0.0565406009554863,Matías Vecino,a,1423,FromCorner,2018,RightFoot,9803,Parma Calcio 1913,Inter,0,1,2019-02-09 19:30:00,Ivan Perisic,Pass
1503,277301,83,BlockedShot,0.9740000152587891,0.5609999847412109,0.549547016620636,Matías Vecino,a,1423,OpenPlay,2018,RightFoot,9803,Parma Calcio 1913,Inter,0,1,2019-02-09 19:30:00,Lautaro Martínez,Chipped
1504,277936,5,Goal,0.8959999847412109,0.43900001525878907,0.2697080075740814,Matías Vecino,a,1423,FromCorner,2018,RightFoot,9819,Fiorentina,Inter,3,3,2019-02-24 19:30:00,Radja Nainggolan,Chipped
1505,277952,74,SavedShot,0.894000015258789,0.48700000762939455,0.28469499945640564,Matías Vecino,a,1423,OpenPlay,2018,Head,9819,Fiorentina,Inter,3,3,2019-02-24 19:30:00,Matteo Politano,Cross
1506,277971,41,SavedShot,0.875,0.5829999923706055,0.01172529999166727,Matías Vecino,a,1423,FromCorner,2018,Head,9831,Cagliari,Inter,2,1,2019-03-01 19:30:00,Marcelo Brozovic,Aerial
1507,277979,54,SavedShot,0.965,0.5790000152587891,0.4808399975299835,Matías Vecino,a,1423,OpenPlay,2018,RightFoot,9831,Cagliari,Inter,2,1,2019-03-01 19:30:00,Ivan Perisic,Pass
1508,287027,2,Goal,0.9780000305175781,0.4759999847412109,0.7141280174255371,Matías Vecino,a,1423,OpenPlay,2018,RightFoot,9856,AC Milan,Inter,2,3,2019-03-17 19:30:00,Lautaro Martínez,HeadPass
1509,287031,16,BlockedShot,0.9030000305175782,0.4159999847412109,0.04346590116620064,Matías Vecino,a,1423,OpenPlay,2018,Head,9856,AC Milan,Inter,2,3,2019-03-17 19:30:00,,None
1510,287035,29,MissedShots,0.905,0.509000015258789,0.3567349910736084,Matías Vecino,a,1423,OpenPlay,2018,RightFoot,9856,AC Milan,Inter,2,3,2019-03-17 19:30:00,Ivan Perisic,Cross
1511,287039,43,MissedShots,0.8519999694824218,0.3220000076293945,0.056571900844573975,Matías Vecino,a,1423,OpenPlay,2018,RightFoot,9856,AC Milan,Inter,2,3,2019-03-17 19:30:00,Danilo D&#039;Ambrosio,Pass
1512,288355,7,BlockedShot,0.845,0.47299999237060547,0.048720698803663254,Matías Vecino,h,1423,OpenPlay,2018,RightFoot,9861,Inter,Lazio,0,1,2019-03-31 18:30:00,Keita,Chipped
1513,288366,50,SavedShot,0.8859999847412109,0.5109999847412109,0.05295950174331665,Matías Vecino,h,1423,OpenPlay,2018,Head,9861,Inter,Lazio,0,1,2019-03-31 18:30:00,Matteo Politano,Cross
1514,292771,8,SavedShot,0.7280000305175781,0.5279999923706055,0.019134599715471268,Matías Vecino,h,1423,OpenPlay,2018,RightFoot,9880,Inter,Atalanta,0,0,2019-04-07 17:00:00,Mauro Icardi,HeadPass
1515,292786,88,BlockedShot,0.925,0.4620000076293945,0.13224199414253235,Matías Vecino,h,1423,OpenPlay,2018,Head,9880,Inter,Atalanta,0,0,2019-04-07 17:00:00,Keita,Cross
1516,294451,84,BlockedShot,0.855,0.42700000762939455,0.07833860069513321,Matías Vecino,a,1423,OpenPlay,2018,RightFoot,9890,Frosinone,Inter,1,3,2019-04-14 19:30:00,,Rebound
1517,294457,92,Goal,0.885,0.48900001525878906,0.5448859930038452,Matías Vecino,a,1423,OpenPlay,2018,LeftFoot,9890,Frosinone,Inter,1,3,2019-04-14 19:30:00,Mauro Icardi,Pass
1518,295674,36,MissedShots,0.8619999694824219,0.5070000076293946,0.029706299304962158,Matías Vecino,h,1423,OpenPlay,2018,Head,9906,Inter,Roma,1,1,2019-04-20 19:30:00,Ivan Perisic,Cross
1519,295677,42,BlockedShot,0.9569999694824218,0.44099998474121094,0.14219099283218384,Matías Vecino,h,1423,FromCorner,2018,RightFoot,9906,Inter,Roma,1,1,2019-04-20 19:30:00,,Rebound
1520,304179,11,SavedShot,0.8809999847412109,0.48400001525878905,0.12003300338983536,Matías Vecino,h,1423,OpenPlay,2018,RightFoot,9952,Inter,Empoli,2,1,2019-05-26 18:30:00,Radja Nainggolan,Pass
1521,304180,12,MissedShots,0.8909999847412109,0.44599998474121094,0.12350200116634369,Matías Vecino,h,1423,OpenPlay,2018,RightFoot,9952,Inter,Empoli,2,1,2019-05-26 18:30:00,Matteo Politano,Pass
1522,304186,23,BlockedShot,0.8009999847412109,0.49599998474121093,0.053659599274396896,Matías Vecino,h,1423,OpenPlay,2018,RightFoot,9952,Inter,Empoli,2,1,2019-05-26 18:30:00,Matteo Politano,Pass
1523,304196,40,SavedShot,0.735999984741211,0.6969999694824218,0.00812860019505024,Matías Vecino,h,1423,OpenPlay,2018,RightFoot,9952,Inter,Empoli,2,1,2019-05-26 18:30:00,Matteo Politano,Chipped
1524,304206,80,ShotOnPost,0.8080000305175781,0.33299999237060546,0.10665500164031982,Matías Vecino,h,1423,OpenPlay,2018,RightFoot,9952,Inter,Empoli,2,1,2019-05-26 18:30:00,Stefan de Vrij,TakeOn
1525,313613,38,MissedShots,0.899000015258789,0.5420000076293945,0.08011169731616974,Matías Vecino,h,1423,OpenPlay,2019,Head,13098,Inter,Lecce,4,0,2019-08-26 19:45:00,Romelu Lukaku,Cross
1526,320821,92,MissedShots,0.7380000305175781,0.36700000762939455,0.026281900703907013,Matías Vecino,a,1423,OpenPlay,2019,RightFoot,13125,AC Milan,Inter,0,2,2019-09-21 18:45:00,Marcelo Brozovic,Pass
1527,322059,50,BlockedShot,0.8419999694824218,0.41400001525878904,0.08248940110206604,Matías Vecino,h,1423,OpenPlay,2019,RightFoot,13133,Inter,Lazio,1,0,2019-09-25 19:00:00,Danilo D&#039;Ambrosio,Pass
1528,325108,68,BlockedShot,0.7780000305175782,0.5729999923706055,0.02875329926609993,Matías Vecino,h,1423,OpenPlay,2019,RightFoot,13155,Inter,Juventus,1,2,2019-10-06 19:45:00,,None
1529,325110,72,MissedShots,0.8969999694824219,0.715,0.022931700572371483,Matías Vecino,h,1423,OpenPlay,2019,RightFoot,13155,Inter,Juventus,1,2,2019-10-06 19:45:00,Danilo D&#039;Ambrosio,Cross
1530,325114,84,SavedShot,0.9259999847412109,0.4109999847412109,0.425915002822876,Matías Vecino,h,1423,OpenPlay,2019,RightFoot,13155,Inter,Juventus,1,2,2019-10-06 19:45:00,Danilo D&#039;Ambrosio,Throughball
1531,329396,78,BlockedShot,0.735999984741211,0.3340000152587891,0.016311099752783775,Matías Vecino,a,1423,OpenPlay,2019,RightFoot,13190,Bologna,Inter,1,2,2019-11-02 17:00:00,Nicolò Barella,Pass
1532,329398,79,MissedShots,0.9230000305175782,0.4279999923706055,0.10074099898338318,Matías Vecino,a,1423,OpenPlay,2019,Head,13190,Bologna,Inter,1,2,2019-11-02 17:00:00,Valentino Lazaro,Cross
1533,330808,43,SavedShot,0.9930000305175781,0.40099998474121096,0.07045560330152512,Matías Vecino,h,1423,OpenPlay,2019,RightFoot,13201,Inter,Verona,2,1,2019-11-09 17:00:00,Cristiano Biraghi,Pass
1534,330817,64,Goal,0.9290000152587891,0.524000015258789,0.3024879992008209,Matías Vecino,h,1423,OpenPlay,2019,Head,13201,Inter,Verona,2,1,2019-11-09 17:00:00,Valentino Lazaro,Aerial
1535,330824,75,SavedShot,0.9259999847412109,0.4929999923706055,0.07594390213489532,Matías Vecino,h,1423,OpenPlay,2019,Head,13201,Inter,Verona,2,1,2019-11-09 17:00:00,Nicolò Barella,Aerial
1536,334302,45,BlockedShot,0.9480000305175781,0.27399999618530274,0.07265470176935196,Matías Vecino,h,1423,OpenPlay,2019,RightFoot,13224,Inter,SPAL 2013,2,1,2019-12-01 14:00:00,Lautaro Martínez,HeadPass
1537,334314,71,MissedShots,0.9819999694824219,0.6,0.537335991859436,Matías Vecino,h,1423,OpenPlay,2019,LeftFoot,13224,Inter,SPAL 2013,2,1,2019-12-01 14:00:00,,None
1538,334320,82,SavedShot,0.6990000152587891,0.5209999847412109,0.016277499496936798,Matías Vecino,h,1423,OpenPlay,2019,RightFoot,13224,Inter,SPAL 2013,2,1,2019-12-01 14:00:00,Marcelo Brozovic,Pass
1539,335358,47,SavedShot,0.8880000305175781,0.5120000076293946,0.39162200689315796,Matías Vecino,h,1423,OpenPlay,2019,RightFoot,13231,Inter,Roma,0,0,2019-12-06 19:45:00,Borja Valero,Pass
1540,354102,26,SavedShot,0.9630000305175781,0.35700000762939454,0.012076799757778645,Matías Vecino,a,1423,FromCorner,2019,Head,13266,Napoli,Inter,1,3,2020-01-06 19:45:00,Cristiano Biraghi,Aerial
1541,357387,17,MissedShots,0.8690000152587891,0.4570000076293945,0.1083419993519783,Matías Vecino,a,1423,OpenPlay,2019,RightFoot,13308,Udinese,Inter,0,2,2020-02-02 19:45:00,Romelu Lukaku,Pass
1542,357388,18,MissedShots,0.899000015258789,0.5279999923706055,0.13124099373817444,Matías Vecino,a,1423,OpenPlay,2019,LeftFoot,13308,Udinese,Inter,0,2,2020-02-02 19:45:00,Victor Moses,Pass
1543,357406,66,BlockedShot,0.8159999847412109,0.4759999847412109,0.07476720213890076,Matías Vecino,a,1423,OpenPlay,2019,LeftFoot,13308,Udinese,Inter,0,2,2020-02-02 19:45:00,Victor Moses,Pass
1544,357407,67,BlockedShot,0.879000015258789,0.575,0.0376753993332386,Matías Vecino,a,1423,OpenPlay,2019,Head,13308,Udinese,Inter,0,2,2020-02-02 19:45:00,Ashley Young,Cross
1545,357409,68,MissedShots,0.8880000305175781,0.505,0.1287660002708435,Matías Vecino,a,1423,OpenPlay,2019,RightFoot,13308,Udinese,Inter,0,2,2020-02-02 19:45:00,,Rebound
1546,358651,23,SavedShot,0.87,0.45099998474121095,0.3486480116844177,Matías Vecino,h,1423,OpenPlay,2019,RightFoot,13312,Inter,AC Milan,4,2,2020-02-09 19:45:00,Romelu Lukaku,Pass
1547,358661,52,Goal,0.865999984741211,0.40099998474121096,0.35518398880958557,Matías Vecino,h,1423,OpenPlay,2019,RightFoot,13312,Inter,AC Milan,4,2,2020-02-09 19:45:00,Alexis Sánchez,Pass
1548,362358,0,MissedShots,0.73,0.40400001525878904,0.013061700388789177,Matías Vecino,a,1423,OpenPlay,2019,RightFoot,13340,Juventus,Inter,2,0,2020-03-08 19:45:00,,None
1549,362370,31,BlockedShot,0.755,0.36700000762939455,0.01708349958062172,Matías Vecino,a,1423,OpenPlay,2019,RightFoot,13340,Juventus,Inter,2,0,2020-03-08 19:45:00,Antonio Candreva,Pass
1550,362377,47,MissedShots,0.87,0.5540000152587891,0.03397050127387047,Matías Vecino,a,1423,FromCorner,2019,OtherBodyPart,13340,Juventus,Inter,2,0,2020-03-08 19:45:00,Antonio Candreva,Chipped
1551,368992,93,MissedShots,0.7619999694824219,0.43599998474121093,0.02548680081963539,Matías Vecino,h,1423,OpenPlay,2019,RightFoot,13387,Inter,Bologna,1,2,2020-07-05 15:15:00,Sebastiano Esposito,Pass
1552,370261,92,MissedShots,0.8969999694824219,0.5479999923706055,0.05001629889011383,Matías Vecino,a,1423,OpenPlay,2019,Head,13398,Verona,Inter,2,2,2020-07-09 19:45:00,Alexis Sánchez,Chipped
1553,421439,15,MissedShots,0.875999984741211,0.46700000762939453,0.11828599870204926,Matías Vecino,h,1423,OpenPlay,2020,RightFoot,15782,Inter,Roma,3,1,2021-05-12 18:45:00,Romelu Lukaku,Pass
1554,421441,19,Goal,0.8190000152587891,0.3920000076293945,0.09068220108747482,Matías Vecino,h,1423,OpenPlay,2020,RightFoot,15782,Inter,Roma,3,1,2021-05-12 18:45:00,Romelu Lukaku,Pass
1555,421446,33,SavedShot,0.86,0.5029999923706054,0.36743101477622986,Matías Vecino,h,1423,OpenPlay,2020,LeftFoot,15782,Inter,Roma,3,1,2021-05-12 18:45:00,Alexis Sánchez,Pass
1556,422017,81,SavedShot,0.9219999694824219,0.4329999923706055,0.23330199718475342,Matías Vecino,a,1423,OpenPlay,2020,Head,15790,Juventus,Inter,3,2,2021-05-15 16:00:00,Ivan Perisic,Cross
1557,423921,35,MissedShots,0.7419999694824219,0.3820000076293945,0.022743400186300278,Matías Vecino,h,1423,OpenPlay,2020,RightFoot,15804,Inter,Udinese,5,1,2021-05-23 13:00:00,Lautaro Martínez,Pass
1558,423926,52,MissedShots,0.9290000152587891,0.41200000762939454,0.02891089953482151,Matías Vecino,h,1423,FromCorner,2020,Head,15804,Inter,Udinese,5,1,2021-05-23 13:00:00,Christian Eriksen,Foul
1559,431462,42,BlockedShot,0.745,0.415,0.0290801003575325,Matías Vecino,h,1423,OpenPlay,2021,RightFoot,16789,Inter,Bologna,6,1,2021-09-18 16:00:00,Nicolò Barella,Pass
1560,431471,53,Goal,0.9719999694824218,0.41200000762939454,0.49378201365470886,Matías Vecino,h,1423,OpenPlay,2021,RightFoot,16789,Inter,Bologna,6,1,2021-09-18 16:00:00,,Rebound
1561,433616,58,SavedShot,0.9169999694824219,0.4279999923706055,0.06559789925813675,Matías Vecino,h,1423,OpenPlay,2021,Head,16808,Inter,Atalanta,2,2,2021-09-25 16:00:00,Nicolò Barella,Cross
1562,439122,92,MissedShots,0.9309999847412109,0.5259999847412109,0.13305699825286865,Matías Vecino,a,1423,OpenPlay,2021,Head,16847,Empoli,Inter,0,2,2021-10-27 18:45:00,Stefano Sensi,Cross
1563,444321,60,BlockedShot,0.960999984741211,0.529000015258789,0.1327359974384308,Matías Vecino,a,1423,FromCorner,2021,RightFoot,16895,Venezia,Inter,0,2,2021-11-27 19:45:00,,None
1564,444332,89,BlockedShot,0.879000015258789,0.39099998474121095,0.10231699794530869,Matías Vecino,a,1423,OpenPlay,2021,RightFoot,16895,Venezia,Inter,0,2,2021-11-27 19:45:00,Denzel Dumfries,Pass
1565,463410,48,MissedShots,0.9380000305175781,0.4779999923706055,0.13938699662685394,Matías Vecino,a,1423,SetPiece,2021,Head,17044,Torino,Inter,1,1,2022-03-13 19:45:00,Federico Dimarco,Cross
1566,486264,56,MissedShots,0.895,0.435,0.12330900132656097,Matías Vecino,h,1423,OpenPlay,2022,RightFoot,18624,Lazio,Napoli,1,2,2022-09-03 18:45:00,Felipe Anderson,Pass
1567,488150,85,MissedShots,0.9019999694824219,0.49700000762939456,0.06774629652500153,Matías Vecino,h,1423,FromCorner,2022,Head,18637,Lazio,Verona,2,0,2022-09-11 16:00:00,Luis Alberto,Cross
1568,489163,36,BlockedShot,0.8469999694824218,0.5640000152587891,0.05438390001654625,Matías Vecino,a,1423,FromCorner,2022,RightFoot,18643,Cremonese,Lazio,0,4,2022-09-18 13:00:00,,None
1569,490525,85,BlockedShot,0.8519999694824218,0.7119999694824218,0.0301619004458189,Matías Vecino,h,1423,OpenPlay,2022,RightFoot,18657,Lazio,Spezia,4,0,2022-10-02 10:30:00,Pedro,TakeOn
1570,492613,10,Goal,0.9630000305175781,0.580999984741211,0.3070249855518341,Matías Vecino,a,1423,FromCorner,2022,Head,18664,Fiorentina,Lazio,0,4,2022-10-10 18:45:00,Mattia Zaccagni,Cross
1571,492616,31,SavedShot,0.835,0.5359999847412109,0.09083689749240875,Matías Vecino,a,1423,OpenPlay,2022,RightFoot,18664,Fiorentina,Lazio,0,4,2022-10-10 18:45:00,Ciro Immobile,Pass
1572,493648,88,MissedShots,0.7190000152587891,0.37799999237060544,0.01872429996728897,Matías Vecino,h,1423,OpenPlay,2022,RightFoot,18676,Lazio,Udinese,0,0,2022-10-16 13:00:00,Sergej Milinkovic-Savic,Pass
1573,495820,17,MissedShots,0.7380000305175781,0.44799999237060545,0.024810900911688805,Matías Vecino,a,1423,OpenPlay,2022,RightFoot,18682,Atalanta,Lazio,0,2,2022-10-23 16:00:00,,None
1574,495824,43,MissedShots,0.8590000152587891,0.46299999237060546,0.10854800045490265,Matías Vecino,a,1423,OpenPlay,2022,RightFoot,18682,Atalanta,Lazio,0,2,2022-10-23 16:00:00,Sergej Milinkovic-Savic,Pass
1575,497425,3,BlockedShot,0.905,0.3270000076293945,0.056554198265075684,Matías Vecino,h,1423,OpenPlay,2022,RightFoot,18696,Lazio,Salernitana,1,3,2022-10-30 17:00:00,Felipe Anderson,Pass
1576,497433,46,SavedShot,0.9469999694824218,0.4640000152587891,0.6183720231056213,Matías Vecino,h,1423,OpenPlay,2022,RightFoot,18696,Lazio,Salernitana,1,3,2022-10-30 17:00:00,Felipe Anderson,Rebound
1577,497441,70,MissedShots,0.9390000152587891,0.5120000076293946,0.5640100240707397,Matías Vecino,h,1423,OpenPlay,2022,RightFoot,18696,Lazio,Salernitana,1,3,2022-10-30 17:00:00,,None
1578,498870,55,BlockedShot,0.784000015258789,0.43099998474121093,0.04140390083193779,Matías Vecino,a,1423,OpenPlay,2022,RightFoot,18708,Roma,Lazio,0,1,2022-11-06 17:00:00,Luis Alberto,Pass
1579,499673,35,MissedShots,0.870999984741211,0.5320000076293945,0.10900100320577621,Matías Vecino,h,1423,OpenPlay,2022,RightFoot,18716,Lazio,Monza,1,0,2022-11-10 19:45:00,Felipe Anderson,Pass
1580,500886,91,ShotOnPost,0.8080000305175781,0.49400001525878906,0.04928629845380783,Matías Vecino,a,1423,OpenPlay,2022,RightFoot,18726,Juventus,Lazio,3,0,2022-11-13 19:45:00,Felipe Anderson,BallTouch
1581,508666,74,BlockedShot,0.7019999694824218,0.3529999923706055,0.008573129773139954,Matías Vecino,h,1423,OpenPlay,2022,RightFoot,18797,Lazio,Atalanta,0,2,2023-02-11 19:45:00,Manuel Lazzari,Pass
1582,510068,26,BlockedShot,0.8690000152587891,0.5129999923706055,0.1154789999127388,Matías Vecino,a,1423,OpenPlay,2022,LeftFoot,18807,Salernitana,Lazio,0,2,2023-02-19 14:00:00,Luis Alberto,Pass
1583,511791,4,BlockedShot,0.9069999694824219,0.6190000152587891,0.031786900013685226,Matías Vecino,a,1423,SetPiece,2022,Head,18826,Napoli,Lazio,0,1,2023-03-03 19:45:00,Luis Alberto,Cross
1584,511802,66,Goal,0.7319999694824219,0.600999984741211,0.01383339986205101,Matías Vecino,a,1423,OpenPlay,2022,RightFoot,18826,Napoli,Lazio,0,1,2023-03-03 19:45:00,,None
1585,513758,77,BlockedShot,0.7909999847412109,0.41200000762939454,0.034053198993206024,Matías Vecino,a,1423,OpenPlay,2022,RightFoot,18832,Bologna,Lazio,0,0,2023-03-11 19:45:00,Sergej Milinkovic-Savic,None
1586,524062,12,MissedShots,0.875,0.5220000076293946,0.09294319897890091,Matías Vecino,h,1423,OpenPlay,2022,RightFoot,18906,Lazio,Sassuolo,2,0,2023-05-03 19:00:00,,Rebound
1587,528288,50,MissedShots,0.7530000305175781,0.5020000076293946,0.021159807220101357,Matías Vecino,a,1423,OpenPlay,2022,RightFoot,18941,Udinese,Lazio,0,1,2023-05-21 18:45:00,,None
1588,529936,16,SavedShot,0.7440000152587891,0.45,0.02256949245929718,Matías Vecino,h,1423,OpenPlay,2022,RightFoot,18947,Lazio,Cremonese,3,2,2023-05-28 16:00:00,Ciro Immobile,Pass
1589,529951,74,BlockedShot,0.86,0.47299999237060547,0.07343033701181412,Matías Vecino,h,1423,FromCorner,2022,RightFoot,18947,Lazio,Cremonese,3,2,2023-05-28 16:00:00,,Rebound
1590,530801,34,MissedShots,0.9159999847412109,0.485,0.04028407111763954,Matías Vecino,a,1423,FromCorner,2022,Head,18954,Empoli,Lazio,0,2,2023-06-03 19:00:00,Luis Alberto,Aerial
1591,530804,37,BlockedShot,0.855,0.575,0.06811108440160751,Matías Vecino,a,1423,OpenPlay,2022,RightFoot,18954,Empoli,Lazio,0,2,2023-06-03 19:00:00,,None
1592,534088,92,BlockedShot,0.7709999847412109,0.3270000076293945,0.017491217702627182,Matías Vecino,a,1423,OpenPlay,2023,RightFoot,22312,Lecce,Lazio,2,1,2023-08-20 18:45:00,Valentín Castellanos,BallRecovery
1593,535578,80,SavedShot,0.7019999694824218,0.5709999847412109,0.013894743286073208,Matías Vecino,h,1423,OpenPlay,2023,RightFoot,22321,Lazio,Genoa,0,1,2023-08-27 18:45:00,Mattia Zaccagni,Pass
1594,535579,82,MissedShots,0.9130000305175782,0.500999984741211,0.32329365611076355,Matías Vecino,h,1423,OpenPlay,2023,Head,22321,Lazio,Genoa,0,1,2023-08-27 18:45:00,Manuel Lazzari,Cross
1595,539366,57,MissedShots,0.9159999847412109,0.4540000152587891,0.07857777178287506,Matías Vecino,h,1423,FromCorner,2023,Head,22348,Lazio,Monza,1,1,2023-09-23 18:45:00,Danilo Cataldi,Cross
1596,540418,55,Goal,0.92,0.4640000152587891,0.12310294806957245,Matías Vecino,h,1423,OpenPlay,2023,RightFoot,22360,Lazio,Torino,2,0,2023-09-27 18:45:00,Manuel Lazzari,Cross
1597,543178,82,Goal,0.9119999694824219,0.475,0.4053686559200287,Matías Vecino,h,1423,OpenPlay,2023,RightFoot,22382,Lazio,Atalanta,3,2,2023-10-08 13:00:00,Valentín Castellanos,HeadPass
1598,544306,75,SavedShot,0.8630000305175781,0.3629999923706055,0.08340106159448624,Matías Vecino,a,1423,OpenPlay,2023,RightFoot,22392,Sassuolo,Lazio,0,2,2023-10-21 18:45:00,Valentín Castellanos,Pass
1599,544312,81,MissedShots,0.8980000305175782,0.54,0.479909747838974,Matías Vecino,a,1423,OpenPlay,2023,LeftFoot,22392,Sassuolo,Lazio,0,2,2023-10-21 18:45:00,Felipe Anderson,Pass
1600,546446,82,MissedShots,0.805,0.3129999923706055,0.024069538339972496,Matías Vecino,h,1423,OpenPlay,2023,RightFoot,22402,Lazio,Fiorentina,1,0,2023-10-30 19:45:00,,None
1601,546450,93,BlockedShot,0.895,0.46700000762939453,0.07432416826486588,Matías Vecino,h,1423,OpenPlay,2023,Head,22402,Lazio,Fiorentina,1,0,2023-10-30 19:45:00,Pedro,Cross
1602,549176,72,SavedShot,0.735999984741211,0.4909999847412109,0.017469104379415512,Matías Vecino,h,1423,OpenPlay,2023,RightFoot,22416,Lazio,Roma,0,0,2023-11-12 17:00:00,Gustav Isaksen,Pass
1603,552722,87,MissedShots,0.8719999694824219,0.3729999923706055,0.06311806291341782,Matías Vecino,a,1423,OpenPlay,2023,RightFoot,22449,Verona,Lazio,1,1,2023-12-09 14:00:00,,None
1604,557700,61,MissedShots,0.884000015258789,0.495,0.08255095034837723,Matías Vecino,a,1423,SetPiece,2023,RightFoot,22493,Udinese,Lazio,1,2,2024-01-07 14:00:00,Mario Gila,HeadPass
1605,557703,75,Goal,0.850999984741211,0.425,0.0729730948805809,Matías Vecino,a,1423,OpenPlay,2023,RightFoot,22493,Udinese,Lazio,1,2,2024-01-07 14:00:00,Felipe Anderson,HeadPass
1606,558371,85,BlockedShot,0.93,0.48700000762939455,0.12529294192790985,Matías Vecino,h,1423,OpenPlay,2023,Head,22499,Lazio,Lecce,1,0,2024-01-14 11:30:00,Matteo Guendouzi,Chipped
1607,560385,88,MissedShots,0.8909999847412109,0.4420000076293945,0.035039499402046204,Matías Vecino,h,1423,OpenPlay,2023,Head,22520,Lazio,Napoli,0,0,2024-01-28 17:00:00,Felipe Anderson,Aerial
1608,561928,93,BlockedShot,0.785,0.6020000076293945,0.03387993574142456,Matías Vecino,a,1423,OpenPlay,2023,LeftFoot,22526,Atalanta,Lazio,3,1,2024-02-04 17:00:00,Nicolo Rovella,Pass
1609,566007,94,MissedShots,0.860999984741211,0.37599998474121094,0.05261000245809555,Matías Vecino,a,1423,OpenPlay,2023,RightFoot,22557,Fiorentina,Lazio,2,1,2024-02-26 19:45:00,Pedro,None
1610,566203,7,MissedShots,0.9519999694824218,0.49700000762939456,0.5907737612724304,Matías Vecino,h,1423,FromCorner,2023,LeftFoot,22568,Lazio,AC Milan,0,1,2024-03-01 19:45:00,Felipe Anderson,None
1611,568965,34,MissedShots,0.754000015258789,0.500999984741211,0.021095778793096542,Matías Vecino,h,1423,OpenPlay,2023,LeftFoot,22583,Lazio,Udinese,1,2,2024-03-11 19:45:00,,None
1612,568983,83,SavedShot,0.9109999847412109,0.6559999847412109,0.06173979118466377,Matías Vecino,h,1423,OpenPlay,2023,RightFoot,22583,Lazio,Udinese,1,2,2024-03-11 19:45:00,Pedro,Chipped
1613,568982,83,SavedShot,0.9080000305175782,0.5479999923706055,0.08822613209486008,Matías Vecino,h,1423,OpenPlay,2023,RightFoot,22583,Lazio,Udinese,1,2,2024-03-11 19:45:00,Mario Gila,Cross
1614,569679,82,MissedShots,0.9280000305175782,0.47900001525878905,0.1136304959654808,Matías Vecino,a,1423,FromCorner,2023,Head,22586,Frosinone,Lazio,2,3,2024-03-16 19:45:00,Mattia Zaccagni,Cross
1615,570925,85,MissedShots,0.750999984741211,0.43099998474121093,0.021956628188490868,Matías Vecino,h,1423,OpenPlay,2023,RightFoot,22603,Lazio,Juventus,1,0,2024-03-30 17:00:00,Luis Alberto,Pass
1616,572525,17,BlockedShot,0.899000015258789,0.3559999847412109,0.08608327805995941,Matías Vecino,a,1423,OpenPlay,2023,RightFoot,22608,Roma,Lazio,1,0,2024-04-06 16:00:00,Gustav Isaksen,Pass
1617,572529,26,BlockedShot,0.855999984741211,0.44400001525878907,0.10009626299142838,Matías Vecino,a,1423,OpenPlay,2023,RightFoot,22608,Roma,Lazio,1,0,2024-04-06 16:00:00,Gustav Isaksen,Pass
1618,573307,11,MissedShots,0.905,0.46099998474121096,0.06334417313337326,Matías Vecino,h,1423,FromCorner,2023,Head,22615,Lazio,Salernitana,4,1,2024-04-12 18:45:00,Luis Alberto,Cross
1619,573309,13,Goal,0.924000015258789,0.49599998474121093,0.11597323417663574,Matías Vecino,h,1423,FromCorner,2023,RightFoot,22615,Lazio,Salernitana,4,1,2024-04-12 18:45:00,,None
1620,577057,88,MissedShots,0.92,0.4129999923706055,0.03640861436724663,Matías Vecino,h,1423,SetPiece,2023,Head,22635,Lazio,Verona,1,0,2024-04-27 18:45:00,Alessio Romagnoli,Aerial
1621,578573,82,Goal,0.8530000305175781,0.5670000076293945,0.32585111260414124,Matías Vecino,a,1423,OpenPlay,2023,RightFoot,22653,Monza,Lazio,2,2,2024-05-04 16:00:00,,None
1622,580258,67,MissedShots,0.8059999847412109,0.44599998474121094,0.0548270158469677,Matías Vecino,h,1423,OpenPlay,2023,RightFoot,22664,Lazio,Empoli,2,0,2024-05-12 10:30:00,Patric,Pass
1623,580263,88,Goal,0.8669999694824219,0.46599998474121096,0.37777096033096313,Matías Vecino,h,1423,OpenPlay,2023,RightFoot,22664,Lazio,Empoli,2,0,2024-05-12 10:30:00,Pedro,Pass
1624,582318,61,MissedShots,0.8690000152587891,0.6480000305175782,0.071071557700634,Matías Vecino,a,1423,OpenPlay,2023,LeftFoot,22667,Inter,Lazio,1,1,2024-05-19 16:00:00,,None
1625,591298,58,MissedShots,0.9340000152587891,0.4759999847412109,0.06136017665266991,Matías Vecino,a,1423,FromCorner,2024,Head,27373,Udinese,Lazio,2,1,2024-08-24 16:30:00,Mattia Zaccagni,Aerial
1626,591299,62,SavedShot,0.9209999847412109,0.6709999847412109,0.055775079876184464,Matías Vecino,a,1423,SetPiece,2024,RightFoot,27373,Udinese,Lazio,2,1,2024-08-24 16:30:00,,None
1627,591305,89,ShotOnPost,0.88,0.495,0.042695581912994385,Matías Vecino,a,1423,OpenPlay,2024,Head,27373,Udinese,Lazio,2,1,2024-08-24 16:30:00,Manuel Lazzari,Aerial
1628,594525,95,MissedShots,0.7919999694824219,0.6919999694824219,0.030186215415596962,Matías Vecino,a,1423,OpenPlay,2024,RightFoot,27421,Torino,Lazio,2,3,2024-09-29 10:30:00,Luca Pellegrini,Pass
1629,599219,89,BlockedShot,0.9369999694824219,0.46,0.5269923806190491,Matías Vecino,h,1423,FromCorner,2024,LeftFoot,27447,Lazio,Genoa,3,0,2024-10-27 14:00:00,,Rebound
1630,599218,89,BlockedShot,0.905,0.47900001525878905,0.07941306382417679,Matías Vecino,h,1423,FromCorner,2024,Head,27447,Lazio,Genoa,3,0,2024-10-27 14:00:00,Loum Tchaouna,Cross
1631,599221,93,Goal,0.935,0.49599998474121093,0.42293062806129456,Matías Vecino,h,1423,FromCorner,2024,Head,27447,Lazio,Genoa,3,0,2024-10-27 14:00:00,Nuno Tavares,Cross
1632,601052,58,BlockedShot,0.9669999694824218,0.4829999923706055,0.7528151869773865,Matías Vecino,h,1423,OpenPlay,2024,RightFoot,27471,Lazio,Cagliari,2,1,2024-11-04 19:45:00,,Rebound
1633,601057,81,BlockedShot,0.88,0.534000015258789,0.12366370856761932,Matías Vecino,h,1423,OpenPlay,2024,RightFoot,27471,Lazio,Cagliari,2,1,2024-11-04 19:45:00,Fisayo Dele-Bashiru,Pass
1634,602312,85,SavedShot,0.9480000305175781,0.575999984741211,0.09468637406826019,Matías Vecino,a,1423,FromCorner,2024,Head,27475,Monza,Lazio,0,1,2024-11-10 17:00:00,Nicolo Rovella,Cross
1635,603651,7,MissedShots,0.805,0.6769999694824219,0.02223353460431099,Matías Vecino,h,1423,OpenPlay,2024,LeftFoot,27486,Lazio,Bologna,3,0,2024-11-24 19:45:00,Valentín Castellanos,HeadPass
1636,104826,84,SavedShot,0.735999984741211,0.515,0.016776099801063538,Matteo Guendouzi,h,5759,OpenPlay,2016,RightFoot,2332,Lorient,Nantes,1,2,2016-10-15 22:00:00,,None
1637,105722,8,SavedShot,0.754000015258789,0.5479999923706055,0.021799299865961075,Matteo Guendouzi,a,5759,OpenPlay,2016,RightFoot,2344,Dijon,Lorient,1,0,2016-10-22 22:00:00,Majeed Waris,Pass
1638,105724,18,MissedShots,0.84,0.5179999923706055,0.0814346969127655,Matteo Guendouzi,a,5759,OpenPlay,2016,RightFoot,2344,Dijon,Lorient,1,0,2016-10-22 22:00:00,Arnold Mvuemba,Pass
1639,105338,70,MissedShots,0.769000015258789,0.6730000305175782,0.02414879947900772,Matteo Guendouzi,h,5759,FromCorner,2016,RightFoot,3324,Lorient,Montpellier,2,2,2016-10-29 22:00:00,Arnold Mvuemba,Cross
1640,105207,50,BlockedShot,0.7619999694824219,0.5029999923706054,0.02468010038137436,Matteo Guendouzi,a,5759,OpenPlay,2016,RightFoot,2839,Bordeaux,Lorient,2,1,2016-11-05 23:00:00,,None
1641,109078,81,MissedShots,0.7580000305175781,0.2560000038146973,0.008272579871118069,Matteo Guendouzi,h,5759,OpenPlay,2016,RightFoot,4185,Lorient,Marseille,1,4,2017-03-05 14:00:00,,None
1642,232712,70,MissedShots,0.7519999694824219,0.555,0.019882800057530403,Matteo Guendouzi,h,5759,OpenPlay,2018,RightFoot,9206,Arsenal,Manchester City,0,2,2018-08-12 18:00:00,Héctor Bellerín,Pass
1643,233012,42,SavedShot,0.740999984741211,0.625999984741211,0.015907900407910347,Matteo Guendouzi,a,5759,OpenPlay,2018,RightFoot,9212,Chelsea,Arsenal,3,2,2018-08-18 19:30:00,Granit Xhaka,TakeOn
1644,233215,48,BlockedShot,0.7659999847412109,0.32599998474121095,0.018059099093079567,Matteo Guendouzi,h,5759,OpenPlay,2018,RightFoot,9222,Arsenal,West Ham,3,1,2018-08-25 17:00:00,Alexandre Lacazette,Pass
1645,250956,5,BlockedShot,0.754000015258789,0.7030000305175781,0.027509799227118492,Matteo Guendouzi,a,5759,OpenPlay,2018,RightFoot,9344,Manchester United,Arsenal,2,2,2018-12-05 20:00:00,,TakeOn
1646,251416,80,BlockedShot,0.779000015258789,0.6719999694824219,0.018797600641846657,Matteo Guendouzi,a,5759,OpenPlay,2018,RightFoot,9360,Southampton,Arsenal,3,2,2018-12-16 13:30:00,Mesut Özil,Pass
1647,251418,81,BlockedShot,0.7519999694824219,0.705,0.0128346998244524,Matteo Guendouzi,a,5759,OpenPlay,2018,RightFoot,9360,Southampton,Arsenal,3,2,2018-12-16 13:30:00,Nacho Monreal,Pass
1648,251421,92,MissedShots,0.8690000152587891,0.5879999923706055,0.020768899470567703,Matteo Guendouzi,a,5759,OpenPlay,2018,Head,9360,Southampton,Arsenal,3,2,2018-12-16 13:30:00,Alexandre Lacazette,Cross
1649,274147,32,SavedShot,0.84,0.629000015258789,0.07609409838914871,Matteo Guendouzi,h,5759,OpenPlay,2018,LeftFoot,9406,Arsenal,Fulham,4,1,2019-01-01 15:00:00,Pierre-Emerick Aubameyang,TakeOn
1650,274377,34,MissedShots,0.749000015258789,0.375,0.014325600117444992,Matteo Guendouzi,a,5759,OpenPlay,2018,RightFoot,9407,West Ham,Arsenal,1,0,2019-01-12 12:30:00,Alex Iwobi,TakeOn
1651,274381,53,MissedShots,0.7419999694824219,0.48200000762939454,0.017830800265073776,Matteo Guendouzi,a,5759,OpenPlay,2018,RightFoot,9407,West Ham,Arsenal,1,0,2019-01-12 12:30:00,,BallRecovery
1652,274387,67,SavedShot,0.7930000305175782,0.5109999847412109,0.037288598716259,Matteo Guendouzi,a,5759,OpenPlay,2018,RightFoot,9407,West Ham,Arsenal,1,0,2019-01-12 12:30:00,,None
1653,274871,47,MissedShots,0.7440000152587891,0.5320000076293945,0.0198426004499197,Matteo Guendouzi,h,5759,OpenPlay,2018,RightFoot,9431,Arsenal,Cardiff,2,1,2019-01-29 19:45:00,Pierre-Emerick Aubameyang,Pass
1654,274884,81,BlockedShot,0.8590000152587891,0.675,0.059591200202703476,Matteo Guendouzi,h,5759,OpenPlay,2018,LeftFoot,9431,Arsenal,Cardiff,2,1,2019-01-29 19:45:00,Alex Iwobi,TakeOn
1655,275971,42,SavedShot,0.975,0.27399999618530274,0.05560529977083206,Matteo Guendouzi,h,5759,OpenPlay,2018,RightFoot,9470,Arsenal,Bournemouth,5,1,2019-02-27 19:45:00,Carl Jenkinson,Pass
1656,275981,65,MissedShots,0.7380000305175781,0.5070000076293946,0.024354899302124977,Matteo Guendouzi,h,5759,FromCorner,2018,RightFoot,9470,Arsenal,Bournemouth,5,1,2019-02-27 19:45:00,Alex Iwobi,Pass
1657,275986,86,BlockedShot,0.8630000305175781,0.720999984741211,0.043597299605607986,Matteo Guendouzi,h,5759,OpenPlay,2018,RightFoot,9470,Arsenal,Bournemouth,5,1,2019-02-27 19:45:00,Mesut Özil,Pass
1658,310418,40,SavedShot,0.88,0.34,0.08479440212249756,Matteo Guendouzi,h,5759,OpenPlay,2019,RightFoot,11653,Arsenal,Burnley,2,1,2019-08-17 12:30:00,Dani Ceballos,Pass
1659,316419,55,SavedShot,0.8680000305175781,0.5220000076293946,0.09726390242576599,Matteo Guendouzi,h,5759,OpenPlay,2019,RightFoot,11682,Arsenal,Tottenham,2,2,2019-09-01 16:30:00,Lucas Torreira,Pass
1660,316427,67,BlockedShot,0.7569999694824219,0.33,0.019083499908447266,Matteo Guendouzi,h,5759,OpenPlay,2019,RightFoot,11682,Arsenal,Tottenham,2,2,2019-09-01 16:30:00,Dani Ceballos,Pass
1661,321248,68,ShotOnPost,0.7630000305175781,0.5729999923706055,0.02567869983613491,Matteo Guendouzi,h,5759,OpenPlay,2019,RightFoot,11702,Arsenal,Aston Villa,3,2,2019-09-22 15:30:00,Dani Ceballos,Pass
1662,323715,43,SavedShot,0.9619999694824218,0.3579999923706055,0.1211950033903122,Matteo Guendouzi,a,5759,OpenPlay,2019,RightFoot,11712,Manchester United,Arsenal,1,1,2019-09-30 19:00:00,,Rebound
1663,324738,33,BlockedShot,0.8119999694824219,0.49,0.07269299775362015,Matteo Guendouzi,h,5759,OpenPlay,2019,LeftFoot,11722,Arsenal,Bournemouth,1,0,2019-10-06 14:00:00,Dani Ceballos,Pass
1664,327992,63,SavedShot,0.765,0.34900001525878904,0.020490599796175957,Matteo Guendouzi,h,5759,OpenPlay,2019,RightFoot,11733,Arsenal,Crystal Palace,2,2,2019-10-27 16:30:00,Dani Ceballos,Pass
1665,334210,50,SavedShot,0.7780000305175782,0.72,0.017041899263858795,Matteo Guendouzi,a,5759,OpenPlay,2019,RightFoot,11781,Norwich,Arsenal,2,2,2019-12-01 14:00:00,Sead Kolasinac,Pass
1666,334211,52,BlockedShot,0.740999984741211,0.5379999923706055,0.015884699299931526,Matteo Guendouzi,a,5759,FromCorner,2019,RightFoot,11781,Norwich,Arsenal,2,2,2019-12-01 14:00:00,,None
1667,337717,26,BlockedShot,0.8180000305175781,0.4379999923706055,0.03883979842066765,Matteo Guendouzi,h,5759,OpenPlay,2019,RightFoot,11803,Arsenal,Manchester City,0,3,2019-12-15 16:30:00,,None
1668,352605,22,BlockedShot,0.7630000305175781,0.38299999237060545,0.01693440042436123,Matteo Guendouzi,a,5759,FromCorner,2019,RightFoot,11884,Burnley,Arsenal,0,0,2020-02-02 14:00:00,,None
1669,385937,36,BlockedShot,0.9080000305175782,0.525,0.11686599999666214,Matteo Guendouzi,a,5759,OpenPlay,2020,RightFoot,15199,Augsburg,Hertha Berlin,0,3,2020-11-07 14:30:00,Vladimir Darida,End
1670,387576,68,BlockedShot,0.86,0.6020000076293945,0.03218349814414978,Matteo Guendouzi,h,5759,OpenPlay,2020,RightFoot,15209,Hertha Berlin,Borussia Dortmund,2,5,2020-11-21 19:30:00,,Aerial
1671,389864,14,SavedShot,0.9169999694824219,0.6309999847412109,0.04555030167102814,Matteo Guendouzi,h,5759,SetPiece,2020,RightFoot,15225,Hertha Berlin,Union Berlin,3,1,2020-12-04 19:30:00,Matheus Cunha,Cross
1672,391547,46,Goal,0.8159999847412109,0.555,0.06129090115427971,Matteo Guendouzi,a,5759,OpenPlay,2020,RightFoot,15232,Borussia M.Gladbach,Hertha Berlin,1,1,2020-12-12 14:30:00,Vladimir Darida,Pass
1673,396499,35,Goal,0.850999984741211,0.5670000076293945,0.0668426975607872,Matteo Guendouzi,h,5759,OpenPlay,2020,RightFoot,15261,Hertha Berlin,Schalke 04,3,0,2021-01-02 17:30:00,,Rebound
1674,396502,43,SavedShot,0.8019999694824219,0.685,0.03361719846725464,Matteo Guendouzi,h,5759,OpenPlay,2020,RightFoot,15261,Hertha Berlin,Schalke 04,3,0,2021-01-02 17:30:00,Dodi Lukebakio,Pass
1675,398455,91,MissedShots,0.8130000305175781,0.555,0.04631499946117401,Matteo Guendouzi,a,5759,OpenPlay,2020,RightFoot,15274,Arminia Bielefeld,Hertha Berlin,1,0,2021-01-10 17:00:00,,Dispossessed
1676,398943,61,MissedShots,0.7559999847412109,0.4640000152587891,0.022045200690627098,Matteo Guendouzi,a,5759,SetPiece,2020,RightFoot,15281,FC Cologne,Hertha Berlin,0,0,2021-01-16 14:30:00,Vladimir Darida,Pass
1677,398946,74,SavedShot,0.8480000305175781,0.705999984741211,0.03667590022087097,Matteo Guendouzi,a,5759,OpenPlay,2020,RightFoot,15281,FC Cologne,Hertha Berlin,0,0,2021-01-16 14:30:00,Jhon Córdoba,Pass
1678,398947,82,ShotOnPost,0.8419999694824218,0.639000015258789,0.048479899764060974,Matteo Guendouzi,a,5759,OpenPlay,2020,RightFoot,15281,FC Cologne,Hertha Berlin,0,0,2021-01-16 14:30:00,Matheus Cunha,Pass
1679,400584,78,SavedShot,0.8130000305175781,0.595999984741211,0.03601520135998726,Matteo Guendouzi,h,5759,SetPiece,2020,RightFoot,15297,Hertha Berlin,Werder Bremen,1,4,2021-01-23 17:30:00,,None
1680,402922,67,SavedShot,0.9540000152587891,0.6509999847412109,0.0659215971827507,Matteo Guendouzi,h,5759,OpenPlay,2020,LeftFoot,15315,Hertha Berlin,Bayern Munich,0,1,2021-02-05 19:30:00,Nemanja Radonjic,Pass
1681,408464,63,BlockedShot,0.7830000305175782,0.36200000762939455,0.019722800701856613,Matteo Guendouzi,h,5759,FromCorner,2020,RightFoot,15347,Hertha Berlin,Augsburg,2,1,2021-03-06 14:30:00,,None
1682,408467,67,BlockedShot,0.8159999847412109,0.4779999923706055,0.05231250077486038,Matteo Guendouzi,h,5759,OpenPlay,2020,RightFoot,15347,Hertha Berlin,Augsburg,2,1,2021-03-06 14:30:00,Jhon Córdoba,Pass
1683,411820,27,BlockedShot,0.7680000305175781,0.5120000076293946,0.031169699504971504,Matteo Guendouzi,h,5759,OpenPlay,2020,RightFoot,15369,Hertha Berlin,Bayer Leverkusen,3,0,2021-03-21 14:30:00,Jhon Córdoba,Pass
1684,413826,58,SavedShot,0.7530000305175781,0.620999984741211,0.027287399396300316,Matteo Guendouzi,h,5759,FromCorner,2020,RightFoot,15386,Hertha Berlin,Borussia M.Gladbach,2,2,2021-04-10 13:30:00,Márton Dárdai,Pass
1685,419476,18,SavedShot,0.909000015258789,0.39099998474121095,0.04483510181307793,Matteo Guendouzi,a,5759,SetPiece,2020,RightFoot,15399,Mainz 05,Hertha Berlin,1,1,2021-05-03 18:00:00,Matheus Cunha,Cross
1686,425480,19,MissedShots,0.74,0.3920000076293945,0.01744000054895878,Matteo Guendouzi,a,5759,OpenPlay,2021,RightFoot,17831,Montpellier,Marseille,2,3,2021-08-08 18:45:00,Gerson,Pass
1687,425505,105,MissedShots,0.8430000305175781,0.34700000762939454,0.04290580004453659,Matteo Guendouzi,a,5759,OpenPlay,2021,RightFoot,17831,Montpellier,Marseille,2,3,2021-08-08 18:45:00,Luan Peres,Cross
1688,426591,47,MissedShots,0.9469999694824218,0.3840000152587891,0.014662000350654125,Matteo Guendouzi,h,5759,FromCorner,2021,Head,17841,Marseille,Bordeaux,2,2,2021-08-15 18:45:00,Cengiz Ünder,Aerial
1689,428995,22,Goal,0.894000015258789,0.5870000076293945,0.09429659694433212,Matteo Guendouzi,h,5759,OpenPlay,2021,RightFoot,17854,Marseille,Saint-Etienne,3,1,2021-08-28 19:00:00,Konrad De la Fuente,BallTouch
1690,428997,38,ShotOnPost,0.7290000152587891,0.515,0.01779160089790821,Matteo Guendouzi,h,5759,OpenPlay,2021,RightFoot,17854,Marseille,Saint-Etienne,3,1,2021-08-28 19:00:00,Boubacar Kamara,Pass
1691,430166,34,BlockedShot,0.9340000152587891,0.634000015258789,0.020311100408434868,Matteo Guendouzi,a,5759,FromCorner,2021,Head,17871,Monaco,Marseille,0,2,2021-09-11 19:00:00,Cengiz Ünder,Cross
1692,430177,91,SavedShot,0.9280000305175782,0.675,0.09976950287818909,Matteo Guendouzi,a,5759,OpenPlay,2021,LeftFoot,17871,Monaco,Marseille,0,2,2021-09-11 19:00:00,Gerson,Pass
1693,431945,22,SavedShot,0.7769999694824219,0.75,0.019910700619220734,Matteo Guendouzi,h,5759,OpenPlay,2021,RightFoot,17877,Marseille,Rennes,2,0,2021-09-19 15:00:00,Konrad De la Fuente,Pass
1694,431947,29,ShotOnPost,0.7330000305175781,0.455,0.01771019957959652,Matteo Guendouzi,h,5759,OpenPlay,2021,RightFoot,17877,Marseille,Rennes,2,0,2021-09-19 15:00:00,Pape Alassane Gueye,BallTouch
1695,431952,36,MissedShots,0.8040000152587891,0.7419999694824219,0.022361699491739273,Matteo Guendouzi,h,5759,OpenPlay,2021,RightFoot,17877,Marseille,Rennes,2,0,2021-09-19 15:00:00,Luan Peres,Pass
1696,435608,24,MissedShots,0.7959999847412109,0.34900001525878904,0.031228499487042427,Matteo Guendouzi,a,5759,OpenPlay,2021,RightFoot,17904,Lille,Marseille,2,0,2021-10-03 15:00:00,,BallRecovery
1697,435610,40,BlockedShot,0.7280000305175781,0.44099998474121094,0.01735609956085682,Matteo Guendouzi,a,5759,OpenPlay,2021,RightFoot,17904,Lille,Marseille,2,0,2021-10-03 15:00:00,Valentin Rongier,Pass
1698,437142,27,BlockedShot,0.8690000152587891,0.595999984741211,0.10982099920511246,Matteo Guendouzi,h,5759,OpenPlay,2021,LeftFoot,17916,Marseille,Lorient,4,1,2021-10-17 18:45:00,Boubacar Kamara,TakeOn
1699,437152,55,Goal,0.9330000305175781,0.38299999237060545,0.014309500344097614,Matteo Guendouzi,h,5759,FromCorner,2021,Head,17916,Marseille,Lorient,4,1,2021-10-17 18:45:00,Dimitri Payet,Aerial
1700,437163,91,Goal,0.9580000305175781,0.33799999237060546,0.05390710011124611,Matteo Guendouzi,h,5759,OpenPlay,2021,RightFoot,17916,Marseille,Lorient,4,1,2021-10-17 18:45:00,Dimitri Payet,TakeOn
1701,438695,90,SavedShot,0.8069999694824219,0.710999984741211,0.024901900440454483,Matteo Guendouzi,h,5759,OpenPlay,2021,RightFoot,17925,Marseille,Paris Saint Germain,0,0,2021-10-24 18:45:00,Pape Alassane Gueye,Pass
1702,445571,26,BlockedShot,0.870999984741211,0.34,0.055499300360679626,Matteo Guendouzi,a,5759,OpenPlay,2021,RightFoot,17977,Nantes,Marseille,0,1,2021-12-01 20:00:00,Amine Harit,Pass
1703,445578,57,SavedShot,0.955999984741211,0.40099998474121096,0.4124529957771301,Matteo Guendouzi,a,5759,OpenPlay,2021,RightFoot,17977,Nantes,Marseille,0,1,2021-12-01 20:00:00,Gerson,Pass
1704,445584,84,SavedShot,0.92,0.38299999237060545,0.38756200671195984,Matteo Guendouzi,a,5759,OpenPlay,2021,RightFoot,17977,Nantes,Marseille,0,1,2021-12-01 20:00:00,Arkadiusz Milik,Pass
1705,446267,64,MissedShots,0.89,0.4590000152587891,0.41284799575805664,Matteo Guendouzi,h,5759,OpenPlay,2021,RightFoot,17987,Marseille,Brest,1,2,2021-12-04 16:00:00,Pol Lirola,Pass
1706,450436,22,SavedShot,0.965,0.23899999618530274,0.03218410164117813,Matteo Guendouzi,h,5759,OpenPlay,2021,RightFoot,18006,Marseille,Reims,1,1,2021-12-22 19:45:00,Arkadiusz Milik,Pass
1707,450440,35,SavedShot,0.9419999694824219,0.5529999923706055,0.4137209951877594,Matteo Guendouzi,h,5759,OpenPlay,2021,Head,18006,Marseille,Reims,1,1,2021-12-22 19:45:00,Dimitri Payet,Cross
1708,451878,43,BlockedShot,0.8219999694824218,0.295,0.030787000432610512,Matteo Guendouzi,a,5759,OpenPlay,2021,RightFoot,18016,Bordeaux,Marseille,0,1,2022-01-07 20:00:00,Dimitri Payet,Pass
1709,451883,54,SavedShot,0.87,0.485,0.14319799840450287,Matteo Guendouzi,a,5759,OpenPlay,2021,RightFoot,18016,Bordeaux,Marseille,0,1,2022-01-07 20:00:00,Dimitri Payet,TakeOn
1710,451892,80,MissedShots,0.7869999694824219,0.6780000305175782,0.03125929832458496,Matteo Guendouzi,a,5759,OpenPlay,2021,RightFoot,18016,Bordeaux,Marseille,0,1,2022-01-07 20:00:00,Boubacar Kamara,Pass
1711,453827,28,SavedShot,0.9730000305175781,0.44599998474121094,0.6155989766120911,Matteo Guendouzi,h,5759,FromCorner,2021,RightFoot,18023,Marseille,Lille,1,1,2022-01-16 19:45:00,Boubacar Kamara,Rebound
1712,453837,65,BlockedShot,0.7859999847412109,0.49900001525878906,0.029754899442195892,Matteo Guendouzi,h,5759,OpenPlay,2021,RightFoot,18023,Marseille,Lille,1,1,2022-01-16 19:45:00,Gerson,Pass
1713,453844,90,BlockedShot,0.93,0.3270000076293945,0.07152450084686279,Matteo Guendouzi,h,5759,OpenPlay,2021,RightFoot,18023,Marseille,Lille,1,1,2022-01-16 19:45:00,Cengiz Ünder,Pass
1714,455522,9,Goal,0.975,0.565,0.43453699350357056,Matteo Guendouzi,a,5759,FromCorner,2021,Head,17955,Lyon,Marseille,2,1,2022-02-02 21:00:00,Dimitri Payet,Cross
1715,455524,17,MissedShots,0.86,0.524000015258789,0.09780710190534592,Matteo Guendouzi,a,5759,OpenPlay,2021,RightFoot,17955,Lyon,Marseille,2,1,2022-02-02 21:00:00,,None
1716,455529,56,MissedShots,0.7880000305175782,0.34599998474121096,0.03325929865241051,Matteo Guendouzi,a,5759,OpenPlay,2021,RightFoot,17955,Lyon,Marseille,2,1,2022-02-02 21:00:00,Luis Henrique,Pass
1717,459045,66,BlockedShot,0.9309999847412109,0.5770000076293945,0.10144100338220596,Matteo Guendouzi,h,5759,FromCorner,2021,RightFoot,18071,Marseille,Clermont Foot,0,2,2022-02-20 19:45:00,,None
1718,459051,85,MissedShots,0.794000015258789,0.4420000076293945,0.03874899819493294,Matteo Guendouzi,h,5759,OpenPlay,2021,RightFoot,18071,Marseille,Clermont Foot,0,2,2022-02-20 19:45:00,,BallRecovery
1719,460427,18,BlockedShot,0.755,0.4229999923706055,0.02242870070040226,Matteo Guendouzi,a,5759,OpenPlay,2021,RightFoot,18072,Troyes,Marseille,1,1,2022-02-27 16:05:00,Gerson,Pass
1720,461872,13,SavedShot,0.8290000152587891,0.3529999923706055,0.046011801809072495,Matteo Guendouzi,h,5759,OpenPlay,2021,RightFoot,18089,Marseille,Monaco,0,1,2022-03-06 19:45:00,Boubacar Kamara,BallRecovery
1721,463381,24,MissedShots,0.7280000305175781,0.39799999237060546,0.026736300438642502,Matteo Guendouzi,a,5759,OpenPlay,2021,RightFoot,18093,Brest,Marseille,1,4,2022-03-13 19:45:00,,TakeOn
1722,464813,7,MissedShots,0.924000015258789,0.555,0.0900266021490097,Matteo Guendouzi,h,5759,FromCorner,2021,Head,18106,Marseille,Nice,2,1,2022-03-20 19:45:00,Dimitri Payet,Cross
1723,464832,80,MissedShots,0.805,0.32799999237060545,0.033918801695108414,Matteo Guendouzi,h,5759,OpenPlay,2021,RightFoot,18106,Marseille,Nice,2,1,2022-03-20 19:45:00,Dimitri Payet,Pass
1724,466292,37,SavedShot,0.6730000305175782,0.5729999923706055,0.012341399677097797,Matteo Guendouzi,a,5759,OpenPlay,2021,RightFoot,18119,Saint-Etienne,Marseille,2,4,2022-04-03 19:00:00,Sead Kolasinac,Pass
1725,466300,64,BlockedShot,0.83,0.5329999923706055,0.07206880301237106,Matteo Guendouzi,a,5759,OpenPlay,2021,RightFoot,18119,Saint-Etienne,Marseille,2,4,2022-04-03 19:00:00,Dimitri Payet,Pass
1726,466301,65,BlockedShot,0.85,0.40099998474121096,0.07434579730033875,Matteo Guendouzi,a,5759,OpenPlay,2021,RightFoot,18119,Saint-Etienne,Marseille,2,4,2022-04-03 19:00:00,Ahmadou Bamba Dieng,Pass
1727,468963,56,MissedShots,0.8980000305175782,0.46900001525878904,0.09060779958963394,Matteo Guendouzi,a,5759,SetPiece,2021,Head,18138,Paris Saint Germain,Marseille,2,1,2022-04-17 18:45:00,Dimitri Payet,Cross
1728,468964,94,BlockedShot,0.8180000305175781,0.705,0.04630649834871292,Matteo Guendouzi,a,5759,OpenPlay,2021,RightFoot,18138,Paris Saint Germain,Marseille,2,1,2022-04-17 18:45:00,Cédric Bakambu,Pass
1729,469497,36,SavedShot,0.9769999694824218,0.6170000076293946,0.09885810315608978,Matteo Guendouzi,h,5759,OpenPlay,2021,RightFoot,18147,Marseille,Nantes,3,2,2022-04-20 19:00:00,Gerson,TakeOn
1730,470834,8,BlockedShot,0.7569999694824219,0.539000015258789,0.023081500083208084,Matteo Guendouzi,a,5759,OpenPlay,2021,RightFoot,18159,Reims,Marseille,0,1,2022-04-24 18:45:00,,None
1731,472419,79,BlockedShot,0.7959999847412109,0.5720000076293945,0.024396799504756927,Matteo Guendouzi,h,5759,OpenPlay,2021,RightFoot,18164,Marseille,Lyon,0,3,2022-05-01 18:45:00,Boubacar Kamara,HeadPass
1732,474242,47,Goal,0.8909999847412109,0.64,0.0810524970293045,Matteo Guendouzi,a,5759,OpenPlay,2021,LeftFoot,18177,Lorient,Marseille,0,3,2022-05-08 15:05:00,Luan Peres,Pass
1733,476045,24,MissedShots,0.9169999694824219,0.3029999923706055,0.04664750024676323,Matteo Guendouzi,a,5759,OpenPlay,2021,RightFoot,18186,Rennes,Marseille,2,0,2022-05-14 19:00:00,Cengiz Ünder,Pass
1734,477537,7,SavedShot,0.7880000305175782,0.649000015258789,0.023046599701046944,Matteo Guendouzi,h,5759,OpenPlay,2021,RightFoot,18195,Marseille,Strasbourg,4,0,2022-05-21 19:00:00,Gerson,Pass
1735,477548,60,SavedShot,0.7619999694824219,0.3940000152587891,0.029933100566267967,Matteo Guendouzi,h,5759,OpenPlay,2021,RightFoot,18195,Marseille,Strasbourg,4,0,2022-05-21 19:00:00,Valentin Rongier,Pass
1736,481249,3,SavedShot,0.924000015258789,0.669000015258789,0.31996598839759827,Matteo Guendouzi,a,5759,OpenPlay,2022,RightFoot,19667,Brest,Marseille,1,1,2022-08-14 18:45:00,Arkadiusz Milik,BallRecovery
1737,482181,39,MissedShots,0.919000015258789,0.3160000038146973,0.06034030020236969,Matteo Guendouzi,h,5759,OpenPlay,2022,RightFoot,19674,Marseille,Nantes,2,1,2022-08-20 19:00:00,Alexis Sánchez,Pass
1738,482185,53,BlockedShot,0.7369999694824219,0.27299999237060546,0.01721769943833351,Matteo Guendouzi,h,5759,OpenPlay,2022,RightFoot,19674,Marseille,Nantes,2,1,2022-08-20 19:00:00,Valentin Rongier,Pass
1739,485350,11,BlockedShot,0.91,0.43,0.09557189792394638,Matteo Guendouzi,h,5759,OpenPlay,2022,LeftFoot,19693,Marseille,Clermont Foot,1,0,2022-08-31 19:00:00,,None
1740,489204,7,MissedShots,0.9419999694824219,0.3160000038146973,0.06912460178136826,Matteo Guendouzi,h,5759,OpenPlay,2022,RightFoot,19725,Marseille,Rennes,1,1,2022-09-18 13:00:00,Alexis Sánchez,Pass
1741,489211,24,OwnGoal,0.025,0.5790000152587891,0,Matteo Guendouzi,h,5759,OpenPlay,2022,LeftFoot,19725,Marseille,Rennes,1,1,2022-09-18 13:00:00,,Clearance
1742,489217,51,Goal,0.965999984741211,0.5670000076293945,0.4031890034675598,Matteo Guendouzi,h,5759,FromCorner,2022,Head,19725,Marseille,Rennes,1,1,2022-09-18 13:00:00,Jordan Veretout,Cross
1743,489773,25,MissedShots,0.7019999694824218,0.5879999923706055,0.015095300041139126,Matteo Guendouzi,a,5759,OpenPlay,2022,RightFoot,19731,Angers,Marseille,0,3,2022-09-30 19:00:00,Samuel Gigot,Pass
1744,489787,62,BlockedShot,0.8369999694824218,0.6370000076293946,0.07195950299501419,Matteo Guendouzi,a,5759,OpenPlay,2022,RightFoot,19731,Angers,Marseille,0,3,2022-09-30 19:00:00,Jonathan Clauss,Pass
1745,494057,11,MissedShots,0.799000015258789,0.36200000762939455,0.03001369908452034,Matteo Guendouzi,a,5759,OpenPlay,2022,RightFoot,19752,Paris Saint Germain,Marseille,1,0,2022-10-16 18:45:00,Valentin Rongier,Pass
1746,494080,62,SavedShot,0.7669999694824219,0.6890000152587891,0.02018040046095848,Matteo Guendouzi,a,5759,OpenPlay,2022,RightFoot,19752,Paris Saint Germain,Marseille,1,0,2022-10-16 18:45:00,Jordan Veretout,Pass
1747,495296,74,BlockedShot,0.9119999694824219,0.32799999237060545,0.0720617026090622,Matteo Guendouzi,h,5759,OpenPlay,2022,RightFoot,19764,Marseille,Lens,0,1,2022-10-22 19:00:00,Amine Harit,Pass
1748,496879,21,BlockedShot,0.745,0.505,0.02706499956548214,Matteo Guendouzi,a,5759,OpenPlay,2022,RightFoot,19775,Strasbourg,Marseille,2,2,2022-10-29 19:00:00,Dimitri Payet,Pass
1749,496891,60,BlockedShot,0.7780000305175782,0.365,0.024852599948644638,Matteo Guendouzi,a,5759,OpenPlay,2022,RightFoot,19775,Strasbourg,Marseille,2,2,2022-10-29 19:00:00,Issa Kabore,Pass
1750,496899,95,BlockedShot,0.875,0.36700000762939455,0.009234629571437836,Matteo Guendouzi,a,5759,SetPiece,2022,Head,19775,Strasbourg,Marseille,2,2,2022-10-29 19:00:00,Dimitri Payet,End
1751,498903,87,SavedShot,0.8909999847412109,0.624000015258789,0.3406369984149933,Matteo Guendouzi,h,5759,OpenPlay,2022,RightFoot,19784,Marseille,Lyon,1,0,2022-11-06 19:45:00,Alexis Sánchez,Pass
1752,500890,8,MissedShots,0.9680000305175781,0.514000015258789,0.6721839904785156,Matteo Guendouzi,a,5759,OpenPlay,2022,Head,19788,Monaco,Marseille,2,3,2022-11-13 19:45:00,Jonathan Clauss,Cross
1753,502105,71,BlockedShot,0.8730000305175781,0.5940000152587891,0.12366999685764313,Matteo Guendouzi,a,5759,OpenPlay,2022,RightFoot,19812,Montpellier,Marseille,1,2,2023-01-02 18:00:00,Alexis Sánchez,Pass
1754,503754,44,MissedShots,0.9490000152587891,0.46599998474121096,0.07745739817619324,Matteo Guendouzi,h,5759,FromCorner,2022,Head,19833,Marseille,Lorient,3,1,2023-01-14 18:00:00,Ruslan Malinovskiy,Aerial
1755,506615,58,BlockedShot,0.865999984741211,0.5690000152587891,0.10678199678659439,Matteo Guendouzi,a,5759,OpenPlay,2022,RightFoot,19850,Nantes,Marseille,0,2,2023-02-01 18:00:00,Cengiz Ünder,Pass
1756,507885,39,MissedShots,0.9730000305175781,0.595999984741211,0.01816130056977272,Matteo Guendouzi,h,5759,FromCorner,2022,Head,19862,Marseille,Nice,1,3,2023-02-05 19:45:00,Dimitri Payet,Aerial
1757,507891,50,BlockedShot,0.8580000305175781,0.46700000762939453,0.0627036988735199,Matteo Guendouzi,h,5759,OpenPlay,2022,RightFoot,19862,Marseille,Nice,1,3,2023-02-05 19:45:00,,None
1758,507898,63,BlockedShot,0.7959999847412109,0.45799999237060546,0.04193520173430443,Matteo Guendouzi,h,5759,OpenPlay,2022,RightFoot,19862,Marseille,Nice,1,3,2023-02-05 19:45:00,Valentin Rongier,Pass
1759,511531,6,BlockedShot,0.9409999847412109,0.2979999923706055,0.042384300380945206,Matteo Guendouzi,h,5759,FromCorner,2022,RightFoot,19896,Marseille,Paris Saint Germain,0,3,2023-02-26 19:45:00,Ruslan Malinovskiy,Pass
1760,511558,89,SavedShot,0.8059999847412109,0.3559999847412109,0.017641600221395493,Matteo Guendouzi,h,5759,OpenPlay,2022,RightFoot,19896,Marseille,Paris Saint Germain,0,3,2023-02-26 19:45:00,,Rebound
1761,515951,43,Goal,0.885,0.5,0.7600950002670288,Matteo Guendouzi,h,5759,Penalty,2022,RightFoot,19934,Marseille,Montpellier,1,1,2023-03-31 19:00:00,,Standard
1762,529280,32,BlockedShot,0.9440000152587891,0.41200000762939454,0.09551851451396942,Matteo Guendouzi,h,5759,OpenPlay,2022,RightFoot,20013,Marseille,Brest,1,2,2023-05-27 19:00:00,,None
1763,535002,90,SavedShot,0.8640000152587891,0.5879999923706055,0.28586557507514954,Matteo Guendouzi,h,5759,OpenPlay,2023,RightFoot,23392,Marseille,Brest,2,0,2023-08-26 17:00:00,,Rebound
1764,535003,93,SavedShot,0.8569999694824219,0.43,0.13148784637451172,Matteo Guendouzi,h,5759,OpenPlay,2023,RightFoot,23392,Marseille,Brest,2,0,2023-08-26 17:00:00,Pierre-Emerick Aubameyang,Pass
1765,536611,88,MissedShots,0.8859999847412109,0.4129999923706055,0.0782681554555893,Matteo Guendouzi,a,5759,OpenPlay,2023,RightFoot,22330,Napoli,Lazio,1,2,2023-09-02 18:45:00,Mattia Zaccagni,Cross
1766,543161,17,ShotOnPost,0.8169999694824219,0.3320000076293945,0.05331229791045189,Matteo Guendouzi,h,5759,OpenPlay,2023,RightFoot,22382,Lazio,Atalanta,3,2,2023-10-08 13:00:00,Felipe Anderson,Pass
1767,544290,10,MissedShots,0.7730000305175782,0.43599998474121093,0.027469860389828682,Matteo Guendouzi,a,5759,OpenPlay,2023,RightFoot,22392,Sassuolo,Lazio,0,2,2023-10-21 18:45:00,,None
1768,549171,45,BlockedShot,0.815,0.4470000076293945,0.05881322920322418,Matteo Guendouzi,h,5759,OpenPlay,2023,RightFoot,22416,Lazio,Roma,0,0,2023-11-12 17:00:00,Pedro,Pass
1769,549503,52,MissedShots,0.774000015258789,0.3679999923706055,0.030650116503238678,Matteo Guendouzi,a,5759,OpenPlay,2023,RightFoot,22431,Salernitana,Lazio,2,1,2023-11-25 14:00:00,Mattia Zaccagni,Pass
1770,549506,56,MissedShots,0.7819999694824219,0.629000015258789,0.030728355050086975,Matteo Guendouzi,a,5759,OpenPlay,2023,RightFoot,22431,Salernitana,Lazio,2,1,2023-11-25 14:00:00,Ciro Immobile,LayOff
1771,552706,13,BlockedShot,0.779000015258789,0.4929999923706055,0.032676368951797485,Matteo Guendouzi,a,5759,OpenPlay,2023,RightFoot,22449,Verona,Lazio,1,1,2023-12-09 14:00:00,Ciro Immobile,Pass
1772,555063,15,BlockedShot,0.860999984741211,0.4109999847412109,0.08179041743278503,Matteo Guendouzi,h,5759,OpenPlay,2023,RightFoot,22463,Lazio,Inter,0,2,2023-12-17 19:45:00,Felipe Anderson,Pass
1773,555064,16,BlockedShot,0.8719999694824219,0.4209999847412109,0.06694796681404114,Matteo Guendouzi,h,5759,FromCorner,2023,RightFoot,22463,Lazio,Inter,0,2,2023-12-17 19:45:00,,None
1774,555074,52,BlockedShot,0.8959999847412109,0.415,0.0744398683309555,Matteo Guendouzi,h,5759,OpenPlay,2023,RightFoot,22463,Lazio,Inter,0,2,2023-12-17 19:45:00,Mattia Zaccagni,Cross
1775,555082,94,MissedShots,0.9219999694824219,0.415,0.07668458670377731,Matteo Guendouzi,h,5759,SetPiece,2023,Head,22463,Lazio,Inter,0,2,2023-12-17 19:45:00,Luis Alberto,Cross
1776,555958,8,Goal,0.87,0.524000015258789,0.08680953085422516,Matteo Guendouzi,a,5759,OpenPlay,2023,LeftFoot,22465,Empoli,Lazio,0,2,2023-12-22 17:30:00,,Rebound
1777,555962,19,SavedShot,0.905,0.37799999237060544,0.11749989539384842,Matteo Guendouzi,a,5759,OpenPlay,2023,RightFoot,22465,Empoli,Lazio,0,2,2023-12-22 17:30:00,Ciro Immobile,Pass
1778,555965,29,BlockedShot,0.7,0.34099998474121096,0.014025229960680008,Matteo Guendouzi,a,5759,OpenPlay,2023,RightFoot,22465,Empoli,Lazio,0,2,2023-12-22 17:30:00,Daichi Kamada,Pass
1779,564223,41,SavedShot,0.785,0.2510000038146973,0.01412203349173069,Matteo Guendouzi,h,5759,OpenPlay,2023,RightFoot,22549,Lazio,Bologna,1,2,2024-02-18 11:30:00,Gustav Isaksen,Pass
1780,564225,43,BlockedShot,0.905,0.580999984741211,0.07321226596832275,Matteo Guendouzi,h,5759,FromCorner,2023,RightFoot,22549,Lazio,Bologna,1,2,2024-02-18 11:30:00,Ciro Immobile,BallTouch
1781,564898,50,Goal,0.8809999847412109,0.395,0.09722283482551575,Matteo Guendouzi,a,5759,OpenPlay,2023,RightFoot,22512,Torino,Lazio,0,2,2024-02-22 19:45:00,Luis Alberto,Pass
1782,564902,76,BlockedShot,0.805,0.49,0.05936843529343605,Matteo Guendouzi,a,5759,OpenPlay,2023,RightFoot,22512,Torino,Lazio,0,2,2024-02-22 19:45:00,Valentín Castellanos,Pass
1783,565988,16,MissedShots,0.915,0.44099998474121094,0.07506482303142548,Matteo Guendouzi,a,5759,FromCorner,2023,RightFoot,22557,Fiorentina,Lazio,2,1,2024-02-26 19:45:00,Luis Alberto,Cross
1784,572540,62,MissedShots,0.8869999694824219,0.3129999923706055,0.04517344757914543,Matteo Guendouzi,a,5759,OpenPlay,2023,RightFoot,22608,Roma,Lazio,1,0,2024-04-06 16:00:00,,None
1785,572541,66,MissedShots,0.9319999694824219,0.3820000076293945,0.01390810962766409,Matteo Guendouzi,a,5759,FromCorner,2023,Head,22608,Roma,Lazio,1,0,2024-04-06 16:00:00,Felipe Anderson,Aerial
1786,577035,3,MissedShots,0.7340000152587891,0.585999984741211,0.01672876812517643,Matteo Guendouzi,h,5759,OpenPlay,2023,RightFoot,22635,Lazio,Verona,1,0,2024-04-27 18:45:00,,BallRecovery
1787,578577,90,SavedShot,0.785,0.639000015258789,0.04155143350362778,Matteo Guendouzi,a,5759,OpenPlay,2023,RightFoot,22653,Monza,Lazio,2,2,2024-05-04 16:00:00,Matías Vecino,BallRecovery
1788,580249,38,BlockedShot,0.750999984741211,0.3920000076293945,0.01892963983118534,Matteo Guendouzi,h,5759,OpenPlay,2023,RightFoot,22664,Lazio,Empoli,2,0,2024-05-12 10:30:00,Adam Marusic,Pass
1789,582319,70,MissedShots,0.7,0.345,0.015448802150785923,Matteo Guendouzi,a,5759,OpenPlay,2023,RightFoot,22667,Inter,Lazio,1,1,2024-05-19 16:00:00,Valentín Castellanos,Pass
1790,583539,75,SavedShot,0.850999984741211,0.3509999847412109,0.0490032322704792,Matteo Guendouzi,h,5759,OpenPlay,2023,RightFoot,22681,Lazio,Sassuolo,1,1,2024-05-26 18:45:00,,None
1791,591293,46,BlockedShot,0.7340000152587891,0.5029999923706054,0.01894853264093399,Matteo Guendouzi,a,5759,OpenPlay,2024,RightFoot,27373,Udinese,Lazio,2,1,2024-08-24 16:30:00,Matías Vecino,Pass
1792,592827,18,BlockedShot,0.7859999847412109,0.37900001525878907,0.021648045629262924,Matteo Guendouzi,a,5759,OpenPlay,2024,RightFoot,27404,Fiorentina,Lazio,2,1,2024-09-22 10:30:00,,Rebound
1793,592841,51,MissedShots,0.8009999847412109,0.7230000305175781,0.02067440189421177,Matteo Guendouzi,a,5759,OpenPlay,2024,RightFoot,27404,Fiorentina,Lazio,2,1,2024-09-22 10:30:00,Mattia Zaccagni,BallTouch
1794,592847,72,MissedShots,0.754000015258789,0.4779999923706055,0.023838013410568237,Matteo Guendouzi,a,5759,OpenPlay,2024,RightFoot,27404,Fiorentina,Lazio,2,1,2024-09-22 10:30:00,Tijjani Noslin,LayOff
1795,592851,84,ShotOnPost,0.9569999694824218,0.5940000152587891,0.04348444938659668,Matteo Guendouzi,a,5759,FromCorner,2024,OtherBodyPart,27404,Fiorentina,Lazio,2,1,2024-09-22 10:30:00,Mattia Zaccagni,Cross
1796,592850,84,SavedShot,0.7780000305175782,0.3679999923706055,0.025529101490974426,Matteo Guendouzi,a,5759,OpenPlay,2024,RightFoot,27404,Fiorentina,Lazio,2,1,2024-09-22 10:30:00,Pedro,Pass
1797,594501,7,Goal,0.845999984741211,0.5109999847412109,0.08795277774333954,Matteo Guendouzi,a,5759,OpenPlay,2024,RightFoot,27421,Torino,Lazio,2,3,2024-09-29 10:30:00,Nuno Tavares,Pass
1798,597339,20,SavedShot,0.8440000152587891,0.46,0.05237168073654175,Matteo Guendouzi,a,5759,OpenPlay,2024,RightFoot,27438,Juventus,Lazio,1,0,2024-10-19 18:45:00,Nuno Tavares,Cross
1799,597344,43,BlockedShot,0.6940000152587891,0.4759999847412109,0.01245944108814001,Matteo Guendouzi,a,5759,OpenPlay,2024,RightFoot,27438,Juventus,Lazio,1,0,2024-10-19 18:45:00,,BallRecovery
1800,602300,49,BlockedShot,0.914000015258789,0.72,0.06266934424638748,Matteo Guendouzi,a,5759,OpenPlay,2024,RightFoot,27475,Monza,Lazio,0,1,2024-11-10 17:00:00,Mattia Zaccagni,Pass
1801,604772,88,BlockedShot,0.94,0.6919999694824219,0.04835669323801994,Matteo Guendouzi,a,5759,OpenPlay,2024,LeftFoot,27499,Parma Calcio 1913,Lazio,3,1,2024-12-01 14:00:00,Alessio Romagnoli,BallTouch
1802,608555,93,MissedShots,0.785,0.5720000076293945,0.041363418102264404,Matteo Guendouzi,a,5759,OpenPlay,2024,RightFoot,27530,Lecce,Lazio,1,2,2024-12-21 19:45:00,Pedro,Pass
1803,609356,10,ShotOnPost,0.735,0.5540000152587891,0.018184537068009377,Matteo Guendouzi,h,5759,OpenPlay,2024,RightFoot,27535,Lazio,Atalanta,1,1,2024-12-28 19:45:00,Fisayo Dele-Bashiru,Pass
1804,610362,49,SavedShot,0.794000015258789,0.55,0.029996391385793686,Matteo Guendouzi,a,5759,OpenPlay,2024,LeftFoot,27549,Roma,Lazio,2,0,2025-01-05 19:45:00,,None
1805,172730,79,SavedShot,0.87,0.28700000762939454,0.03635000064969063,Adam Marusic,h,6176,OpenPlay,2017,LeftFoot,7504,Lazio,SPAL 2013,0,0,2017-08-20 19:45:00,Marco Parolo,Pass
1806,173813,43,SavedShot,0.750999984741211,0.31,0.019277900457382202,Adam Marusic,h,6176,OpenPlay,2017,LeftFoot,7546,Lazio,Napoli,1,4,2017-09-20 19:45:00,Sergej Milinkovic-Savic,Chipped
1807,173983,49,MissedShots,0.9490000152587891,0.3370000076293945,0.021480200812220573,Adam Marusic,a,6176,OpenPlay,2017,Head,7552,Verona,Lazio,0,3,2017-09-24 14:00:00,Jordan Lukaku,Cross
1808,173984,51,BlockedShot,0.9459999847412109,0.32799999237060545,0.10196799784898758,Adam Marusic,a,6176,OpenPlay,2017,RightFoot,7552,Verona,Lazio,0,3,2017-09-24 14:00:00,Marco Parolo,TakeOn
1809,173989,59,Goal,0.9030000305175782,0.4209999847412109,0.42679300904273987,Adam Marusic,a,6176,OpenPlay,2017,RightFoot,7552,Verona,Lazio,0,3,2017-09-24 14:00:00,Ciro Immobile,Pass
1810,174273,51,SavedShot,0.8959999847412109,0.3729999923706055,0.3370470106601715,Adam Marusic,h,6176,OpenPlay,2017,RightFoot,7563,Lazio,Sassuolo,6,1,2017-10-01 14:00:00,,None
1811,174276,52,MissedShots,0.7809999847412109,0.3320000076293945,0.021051300689578056,Adam Marusic,h,6176,FromCorner,2017,RightFoot,7563,Lazio,Sassuolo,6,1,2017-10-01 14:00:00,Stefan de Vrij,Pass
1812,174283,68,SavedShot,0.9530000305175781,0.2929999923706055,0.03702830150723457,Adam Marusic,h,6176,OpenPlay,2017,RightFoot,7563,Lazio,Sassuolo,6,1,2017-10-01 14:00:00,,Rebound
1813,174289,88,MissedShots,0.8190000152587891,0.4370000076293945,0.05652410164475441,Adam Marusic,h,6176,OpenPlay,2017,LeftFoot,7563,Lazio,Sassuolo,6,1,2017-10-01 14:00:00,,None
1814,175011,68,MissedShots,0.8090000152587891,0.26799999237060546,0.02773270010948181,Adam Marusic,a,6176,OpenPlay,2017,LeftFoot,7590,Bologna,Lazio,1,2,2017-10-25 19:45:00,Ciro Immobile,Pass
1815,175012,78,MissedShots,0.7119999694824218,0.42200000762939455,0.00975780002772808,Adam Marusic,a,6176,SetPiece,2017,RightFoot,7590,Bologna,Lazio,1,2,2017-10-25 19:45:00,,None
1816,175216,9,SavedShot,0.865999984741211,0.42400001525878905,0.09483379870653152,Adam Marusic,a,6176,OpenPlay,2017,RightFoot,7599,Benevento,Lazio,1,5,2017-10-29 11:30:00,,None
1817,175219,23,Goal,0.985999984741211,0.45799999237060546,0.9629300236701965,Adam Marusic,a,6176,OpenPlay,2017,RightFoot,7599,Benevento,Lazio,1,5,2017-10-29 11:30:00,Ciro Immobile,Pass
1818,175859,78,BlockedShot,0.799000015258789,0.3029999923706055,0.014773000031709671,Adam Marusic,a,6176,OpenPlay,2017,LeftFoot,7624,Roma,Lazio,2,1,2017-11-18 17:00:00,Sergej Milinkovic-Savic,Chipped
1819,176493,40,MissedShots,0.9,0.3940000152587891,0.23072199523448944,Adam Marusic,a,6176,OpenPlay,2017,Head,7647,Sampdoria,Lazio,1,2,2017-12-03 19:45:00,Stefan Radu,Cross
1820,176507,80,MissedShots,0.8769999694824219,0.32099998474121094,0.05737520009279251,Adam Marusic,a,6176,OpenPlay,2017,RightFoot,7647,Sampdoria,Lazio,1,2,2017-12-03 19:45:00,Felipe Caicedo,Pass
1821,180144,21,SavedShot,0.8369999694824218,0.2879999923706055,0.029043899849057198,Adam Marusic,h,6176,OpenPlay,2017,LeftFoot,7653,Lazio,Torino,1,3,2017-12-11 20:00:00,Sergej Milinkovic-Savic,Pass
1822,180152,36,BlockedShot,0.825,0.30100000381469727,0.02087010070681572,Adam Marusic,h,6176,FromCorner,2017,RightFoot,7653,Lazio,Torino,1,3,2017-12-11 20:00:00,,None
1823,180154,42,BlockedShot,0.815,0.3060000038146973,0.019843099638819695,Adam Marusic,h,6176,FromCorner,2017,RightFoot,7653,Lazio,Torino,1,3,2017-12-11 20:00:00,,None
1824,180160,50,MissedShots,0.7880000305175782,0.315,0.01975730061531067,Adam Marusic,h,6176,FromCorner,2017,RightFoot,7653,Lazio,Torino,1,3,2017-12-11 20:00:00,Sergej Milinkovic-Savic,Pass
1825,184726,89,BlockedShot,0.8019999694824219,0.26600000381469724,0.016860999166965485,Adam Marusic,a,6176,OpenPlay,2017,RightFoot,7659,Atalanta,Lazio,3,3,2017-12-17 19:45:00,,None
1826,185103,7,BlockedShot,0.885,0.28299999237060547,0.04054399952292442,Adam Marusic,h,6176,OpenPlay,2017,LeftFoot,7673,Lazio,Crotone,4,0,2017-12-23 11:30:00,Marco Parolo,Pass
1827,185117,70,MissedShots,0.92,0.34900001525878904,0.31367701292037964,Adam Marusic,h,6176,OpenPlay,2017,RightFoot,7673,Lazio,Crotone,4,0,2017-12-23 11:30:00,Senad Lulic,Pass
1828,186115,16,BlockedShot,0.86,0.30100000381469727,0.03606859967112541,Adam Marusic,a,6176,OpenPlay,2017,RightFoot,7685,Inter,Lazio,0,0,2017-12-30 17:00:00,Ciro Immobile,Pass
1829,189154,18,SavedShot,0.925,0.35900001525878905,0.013020000420510769,Adam Marusic,h,6176,OpenPlay,2017,Head,7700,Lazio,Chievo,5,1,2018-01-21 14:00:00,Senad Lulic,Aerial
1830,189173,79,BlockedShot,0.915,0.38799999237060545,0.030503299087285995,Adam Marusic,h,6176,OpenPlay,2017,Head,7700,Lazio,Chievo,5,1,2018-01-21 14:00:00,Jordan Lukaku,Cross
1831,190469,19,Goal,0.9069999694824219,0.345,0.06842300295829773,Adam Marusic,a,6176,OpenPlay,2017,LeftFoot,7716,AC Milan,Lazio,2,1,2018-01-28 14:00:00,Lucas Leiva,Pass
1832,196067,47,BlockedShot,0.7909999847412109,0.2620000076293945,0.013116099871695042,Adam Marusic,h,6176,FromCorner,2017,RightFoot,7722,Lazio,Genoa,1,2,2018-02-05 19:45:00,,Aerial
1833,197024,22,MissedShots,0.950999984741211,0.35200000762939454,0.0449879989027977,Adam Marusic,h,6176,OpenPlay,2017,RightFoot,7744,Lazio,Verona,2,0,2018-02-19 19:45:00,Stefan Radu,Cross
1834,197028,32,SavedShot,0.9019999694824219,0.38,0.016457300633192062,Adam Marusic,h,6176,OpenPlay,2017,Head,7744,Lazio,Verona,2,0,2018-02-19 19:45:00,,Rebound
1835,197030,44,BlockedShot,0.9119999694824219,0.34799999237060547,0.01677059940993786,Adam Marusic,h,6176,FromCorner,2017,Head,7744,Lazio,Verona,2,0,2018-02-19 19:45:00,Jordan Lukaku,Cross
1836,208067,77,SavedShot,0.8830000305175781,0.40200000762939453,0.11154499650001526,Adam Marusic,a,6176,OpenPlay,2017,LeftFoot,7807,Udinese,Lazio,1,2,2018-04-08 16:00:00,Alessandro Murgia,Pass
1837,209387,60,SavedShot,0.789000015258789,0.2589999961853027,0.019889499992132187,Adam Marusic,h,6176,OpenPlay,2017,LeftFoot,7814,Lazio,Roma,0,0,2018-04-15 18:45:00,Lucas Leiva,Pass
1838,209919,34,BlockedShot,0.8109999847412109,0.2560000038146973,0.017614800482988358,Adam Marusic,a,6176,OpenPlay,2017,LeftFoot,7825,Fiorentina,Lazio,3,4,2018-04-18 18:45:00,Lucas Leiva,Pass
1839,209925,48,SavedShot,0.7559999847412109,0.40299999237060546,0.01669990085065365,Adam Marusic,a,6176,FromCorner,2017,RightFoot,7825,Fiorentina,Lazio,3,4,2018-04-18 18:45:00,,None
1840,210931,41,SavedShot,0.8030000305175782,0.3820000076293945,0.024671200662851334,Adam Marusic,h,6176,FromCorner,2017,RightFoot,7837,Lazio,Sampdoria,4,0,2018-04-22 13:00:00,,None
1841,213669,25,BlockedShot,0.805,0.28399999618530275,0.02266409993171692,Adam Marusic,h,6176,OpenPlay,2017,LeftFoot,7849,Lazio,Atalanta,1,1,2018-05-06 14:00:00,Luis Alberto,Pass
1842,216635,5,BlockedShot,0.7919999694824219,0.3920000076293945,0.035660501569509506,Adam Marusic,h,6176,OpenPlay,2017,LeftFoot,7875,Lazio,Inter,2,3,2018-05-20 14:00:00,Lucas Leiva,TakeOn
1843,216638,8,MissedShots,0.8419999694824218,0.32,0.030004600062966347,Adam Marusic,h,6176,OpenPlay,2017,RightFoot,7875,Lazio,Inter,2,3,2018-05-20 14:00:00,Sergej Milinkovic-Savic,BallTouch
1844,220228,15,SavedShot,0.805,0.30700000762939456,0.024681899696588516,Adam Marusic,a,6176,OpenPlay,2018,LeftFoot,9587,Juventus,Lazio,2,0,2018-08-25 19:00:00,Luis Alberto,Pass
1845,224379,93,MissedShots,0.879000015258789,0.38799999237060545,0.29027700424194336,Adam Marusic,a,6176,OpenPlay,2018,LeftFoot,9608,Empoli,Lazio,0,1,2018-09-16 16:00:00,Joaquín Correa,Pass
1846,227755,17,BlockedShot,0.9009999847412109,0.32099998474121094,0.04786879941821098,Adam Marusic,a,6176,OpenPlay,2018,RightFoot,9637,Roma,Lazio,3,1,2018-09-29 13:00:00,,Rebound
1847,252220,63,MissedShots,0.9269999694824219,0.45,0.06483200192451477,Adam Marusic,h,6176,OpenPlay,2018,Head,9651,Lazio,Fiorentina,1,0,2018-10-07 13:00:00,Senad Lulic,Aerial
1848,252819,66,SavedShot,0.8690000152587891,0.26399999618530273,0.03461569920182228,Adam Marusic,h,6176,OpenPlay,2018,RightFoot,9671,Lazio,Inter,0,3,2018-10-29 18:30:00,Ciro Immobile,Pass
1849,253675,41,MissedShots,0.9059999847412109,0.485,0.1141590029001236,Adam Marusic,h,6176,OpenPlay,2018,LeftFoot,9703,Lazio,AC Milan,1,1,2018-11-25 17:00:00,,BallTouch
1850,254578,17,SavedShot,0.8769999694824219,0.29700000762939455,0.05385880172252655,Adam Marusic,h,6176,OpenPlay,2018,LeftFoot,9737,Lazio,Cagliari,3,1,2018-12-22 11:30:00,Luis Alberto,Chipped
1851,255021,15,MissedShots,0.9169999694824219,0.4,0.03751029819250107,Adam Marusic,a,6176,OpenPlay,2018,Head,9748,Bologna,Lazio,0,2,2018-12-26 14:00:00,Sergej Milinkovic-Savic,Chipped
1852,263424,24,BlockedShot,0.7440000152587891,0.33599998474121096,0.013935299590229988,Adam Marusic,h,6176,OpenPlay,2018,RightFoot,9761,Lazio,Torino,1,1,2018-12-29 14:00:00,Sergej Milinkovic-Savic,Pass
1853,277174,45,MissedShots,0.779000015258789,0.38799999237060545,0.05468609929084778,Adam Marusic,a,6176,OpenPlay,2018,RightFoot,9791,Frosinone,Lazio,0,1,2019-02-04 18:00:00,Marco Parolo,Pass
1854,278059,27,BlockedShot,0.8519999694824218,0.27299999237060546,0.03906869888305664,Adam Marusic,h,6176,OpenPlay,2018,LeftFoot,9834,Lazio,Roma,3,0,2019-03-02 19:30:00,Lucas Leiva,Pass
1855,285411,68,SavedShot,0.77,0.4209999847412109,0.02752159908413887,Adam Marusic,a,6176,OpenPlay,2018,LeftFoot,9839,Fiorentina,Lazio,1,1,2019-03-10 19:30:00,Joaquín Correa,TakeOn
1856,286911,17,MissedShots,0.7819999694824219,0.28,0.019428500905632973,Adam Marusic,h,6176,OpenPlay,2018,LeftFoot,9851,Lazio,Parma Calcio 1913,4,1,2019-03-17 14:00:00,Francesco Acerbi,Pass
1857,286912,21,Goal,0.9469999694824218,0.3120000076293945,0.05613759905099869,Adam Marusic,h,6176,OpenPlay,2018,RightFoot,9851,Lazio,Parma Calcio 1913,4,1,2019-03-17 14:00:00,Sergej Milinkovic-Savic,Pass
1858,291430,71,MissedShots,0.8640000152587891,0.5520000076293945,0.07163339853286743,Adam Marusic,a,6176,OpenPlay,2018,LeftFoot,9875,SPAL 2013,Lazio,1,0,2019-04-03 20:00:00,Sergej Milinkovic-Savic,HeadPass
1859,300851,46,SavedShot,0.885,0.44299999237060544,0.03295170143246651,Adam Marusic,a,6176,OpenPlay,2018,Head,9932,Cagliari,Lazio,1,2,2019-05-11 17:00:00,Senad Lulic,Aerial
1860,321406,66,Goal,0.945,0.3559999847412109,0.3006879985332489,Adam Marusic,h,6176,OpenPlay,2019,RightFoot,13123,Lazio,Parma Calcio 1913,2,0,2019-09-22 18:45:00,Sergej Milinkovic-Savic,Chipped
1861,321408,72,SavedShot,0.9130000305175782,0.3320000076293945,0.22951899468898773,Adam Marusic,h,6176,OpenPlay,2019,RightFoot,13123,Lazio,Parma Calcio 1913,2,0,2019-09-22 18:45:00,Joaquín Correa,Pass
1862,323279,13,BlockedShot,0.8969999694824219,0.33099998474121095,0.08453530073165894,Adam Marusic,h,6176,OpenPlay,2019,RightFoot,13141,Lazio,Genoa,4,0,2019-09-29 13:00:00,Sergej Milinkovic-Savic,Pass
1863,328565,87,SavedShot,0.875999984741211,0.3029999923706055,0.06152790039777756,Adam Marusic,h,6176,OpenPlay,2019,RightFoot,13182,Lazio,Torino,4,0,2019-10-30 20:00:00,Sergej Milinkovic-Savic,Pass
1864,358589,40,SavedShot,0.9069999694824219,0.285,0.045310601592063904,Adam Marusic,a,6176,OpenPlay,2019,RightFoot,13314,Parma Calcio 1913,Lazio,0,1,2020-02-09 17:00:00,Luis Alberto,Pass
1865,358595,52,BlockedShot,0.9019999694824219,0.4420000076293945,0.04878779873251915,Adam Marusic,a,6176,OpenPlay,2019,Head,13314,Parma Calcio 1913,Lazio,0,1,2020-02-09 17:00:00,Jony,Aerial
1866,359538,21,SavedShot,0.805,0.30100000381469727,0.023039499297738075,Adam Marusic,h,6176,OpenPlay,2019,LeftFoot,13323,Lazio,Inter,2,1,2020-02-16 19:45:00,,None
1867,359549,68,BlockedShot,0.8859999847412109,0.56,0.06829509884119034,Adam Marusic,h,6176,FromCorner,2019,RightFoot,13323,Lazio,Inter,2,1,2020-02-16 19:45:00,Sergej Milinkovic-Savic,BallTouch
1868,360186,1,Goal,0.9,0.4520000076293945,0.4174470007419586,Adam Marusic,a,6176,OpenPlay,2019,RightFoot,13333,Genoa,Lazio,2,3,2020-02-23 11:30:00,Felipe Caicedo,Pass
1869,374146,90,BlockedShot,0.9840000152587891,0.41,0.41179800033569336,Adam Marusic,h,6176,OpenPlay,2019,RightFoot,13458,Lazio,Brescia,2,0,2020-07-29 17:30:00,,Rebound
1870,374419,76,MissedShots,0.91,0.5979999923706054,0.11368799954652786,Adam Marusic,a,6176,OpenPlay,2019,Head,13462,Napoli,Lazio,3,1,2020-08-01 18:45:00,Sergej Milinkovic-Savic,Cross
1871,378899,12,BlockedShot,0.9,0.48200000762939454,0.1174440011382103,Adam Marusic,a,6176,FromCorner,2020,RightFoot,14124,Cagliari,Lazio,0,2,2020-09-26 16:00:00,,Rebound
1872,380146,5,SavedShot,0.8819999694824219,0.7569999694824219,0.02964239940047264,Adam Marusic,h,6176,OpenPlay,2020,RightFoot,14135,Lazio,Atalanta,1,4,2020-09-30 18:45:00,Luis Alberto,Pass
1873,380159,42,SavedShot,0.81,0.519000015258789,0.061287399381399155,Adam Marusic,h,6176,OpenPlay,2020,RightFoot,14135,Lazio,Atalanta,1,4,2020-09-30 18:45:00,Sergej Milinkovic-Savic,Pass
1874,380161,54,SavedShot,0.9619999694824218,0.59,0.2860319912433624,Adam Marusic,h,6176,OpenPlay,2020,RightFoot,14135,Lazio,Atalanta,1,4,2020-09-30 18:45:00,Manuel Lazzari,Cross
1875,383545,29,MissedShots,0.9159999847412109,0.49599998474121093,0.04460790008306503,Adam Marusic,h,6176,FromCorner,2020,OtherBodyPart,15472,Lazio,Bologna,2,1,2020-10-24 18:45:00,Luis Alberto,Aerial
1876,386326,48,MissedShots,0.8580000305175781,0.25799999237060545,0.03093549981713295,Adam Marusic,h,6176,OpenPlay,2020,LeftFoot,15491,Lazio,Juventus,1,1,2020-11-08 11:30:00,Sergej Milinkovic-Savic,Pass
1877,386334,80,SavedShot,0.9459999847412109,0.5420000076293945,0.40615999698638916,Adam Marusic,h,6176,OpenPlay,2020,Head,15491,Lazio,Juventus,1,1,2020-11-08 11:30:00,Sergej Milinkovic-Savic,Aerial
1878,389173,86,MissedShots,0.799000015258789,0.7130000305175781,0.019514599815011024,Adam Marusic,h,6176,OpenPlay,2020,RightFoot,15511,Lazio,Udinese,1,3,2020-11-29 11:30:00,Jean-Daniel Akpa-Akpro,Pass
1879,391772,6,BlockedShot,0.845,0.5509999847412109,0.06571350246667862,Adam Marusic,h,6176,OpenPlay,2020,RightFoot,15531,Lazio,Verona,1,2,2020-12-12 19:45:00,Felipe Caicedo,HeadPass
1880,395370,11,MissedShots,0.9019999694824219,0.6840000152587891,0.052824199199676514,Adam Marusic,a,6176,OpenPlay,2020,LeftFoot,15559,AC Milan,Lazio,3,2,2020-12-23 19:45:00,Luis Alberto,Pass
1881,396774,9,BlockedShot,0.9069999694824219,0.534000015258789,0.04353940114378929,Adam Marusic,a,6176,SetPiece,2020,Head,15570,Genoa,Lazio,1,1,2021-01-03 14:00:00,Manuel Lazzari,Aerial
1882,397252,7,ShotOnPost,0.970999984741211,0.5929999923706055,0.3923119902610779,Adam Marusic,h,6176,OpenPlay,2020,Head,15580,Lazio,Fiorentina,2,1,2021-01-06 14:00:00,Luiz Felipe,Aerial
1883,397258,30,BlockedShot,0.91,0.6419999694824219,0.07799749821424484,Adam Marusic,h,6176,OpenPlay,2020,LeftFoot,15580,Lazio,Fiorentina,2,1,2021-01-06 14:00:00,Felipe Caicedo,TakeOn
1884,397266,74,BlockedShot,0.9730000305175781,0.6609999847412109,0.07391560077667236,Adam Marusic,h,6176,OpenPlay,2020,LeftFoot,15580,Lazio,Fiorentina,2,1,2021-01-06 14:00:00,Jean-Daniel Akpa-Akpro,Chipped
1885,398337,31,SavedShot,0.8969999694824219,0.6840000152587891,0.05725749954581261,Adam Marusic,a,6176,OpenPlay,2020,LeftFoot,15591,Parma Calcio 1913,Lazio,0,2,2021-01-10 14:00:00,Luis Alberto,Pass
1886,398340,36,BlockedShot,0.8930000305175781,0.66,0.05254850164055824,Adam Marusic,a,6176,OpenPlay,2020,RightFoot,15591,Parma Calcio 1913,Lazio,0,2,2021-01-10 14:00:00,,Rebound
1887,400971,12,MissedShots,0.9080000305175782,0.7319999694824219,0.03520509973168373,Adam Marusic,h,6176,OpenPlay,2020,LeftFoot,15610,Lazio,Sassuolo,2,1,2021-01-24 17:00:00,Sergej Milinkovic-Savic,Chipped
1888,400988,65,SavedShot,0.710999984741211,0.6940000152587891,0.014313999563455582,Adam Marusic,h,6176,OpenPlay,2020,RightFoot,15610,Lazio,Sassuolo,2,1,2021-01-24 17:00:00,Lucas Leiva,Pass
1889,402149,2,Goal,0.7769999694824219,0.6790000152587891,0.022218000143766403,Adam Marusic,a,6176,OpenPlay,2020,RightFoot,15618,Atalanta,Lazio,1,3,2021-01-31 14:00:00,Stefan Radu,Pass
1890,404972,53,MissedShots,0.7830000305175782,0.7090000152587891,0.011342599987983704,Adam Marusic,a,6176,OpenPlay,2020,RightFoot,15641,Inter,Lazio,3,1,2021-02-14 19:45:00,,None
1891,405448,32,SavedShot,0.7809999847412109,0.345,0.031986698508262634,Adam Marusic,h,6176,OpenPlay,2020,LeftFoot,15651,Lazio,Sampdoria,1,0,2021-02-20 14:00:00,Joaquín Correa,Pass
1892,406847,38,SavedShot,0.9340000152587891,0.674000015258789,0.06397739797830582,Adam Marusic,a,6176,OpenPlay,2020,RightFoot,15662,Bologna,Lazio,2,0,2021-02-27 17:00:00,Luis Alberto,Pass
1893,406858,57,SavedShot,0.9080000305175782,0.40400001525878904,0.022953400388360023,Adam Marusic,a,6176,OpenPlay,2020,Head,15662,Bologna,Lazio,2,0,2021-02-27 17:00:00,Francesco Acerbi,Aerial
1894,409533,46,MissedShots,0.8769999694824219,0.4129999923706055,0.03687810152769089,Adam Marusic,h,6176,OpenPlay,2020,Head,15686,Lazio,Crotone,3,2,2021-03-12 14:00:00,Sergej Milinkovic-Savic,Cross
1895,411798,36,Goal,0.87,0.5890000152587891,0.04481760039925575,Adam Marusic,a,6176,OpenPlay,2020,RightFoot,15700,Udinese,Lazio,0,1,2021-03-21 14:00:00,Sergej Milinkovic-Savic,Cross
1896,411806,64,SavedShot,0.8619999694824219,0.7080000305175781,0.05062619969248772,Adam Marusic,a,6176,OpenPlay,2020,RightFoot,15700,Udinese,Lazio,0,1,2021-03-21 14:00:00,Manuel Lazzari,Pass
1897,411810,71,BlockedShot,0.94,0.634000015258789,0.0366859994828701,Adam Marusic,a,6176,OpenPlay,2020,Head,15700,Udinese,Lazio,0,1,2021-03-21 14:00:00,Stefan Radu,Cross
1898,418860,46,OwnGoal,0.017999999523162842,0.524000015258789,0,Adam Marusic,h,6176,OpenPlay,2020,RightFoot,15760,Lazio,Genoa,4,3,2021-05-02 10:30:00,,Start
1899,432055,90,BlockedShot,0.700999984741211,0.47200000762939454,0.0139121999964118,Adam Marusic,h,6176,OpenPlay,2021,RightFoot,16791,Lazio,Cagliari,2,2,2021-09-19 16:00:00,Mattia Zaccagni,Pass
1900,454827,73,MissedShots,0.8230000305175781,0.7219999694824218,0.026517199352383614,Adam Marusic,h,6176,FromCorner,2021,RightFoot,16981,Lazio,Atalanta,0,0,2022-01-22 19:45:00,Luis Alberto,Cross
1901,459069,77,MissedShots,0.730999984741211,0.4520000076293945,0.013063100166618824,Adam Marusic,a,6176,FromCorner,2021,RightFoot,17014,Udinese,Lazio,1,1,2022-02-20 19:45:00,,Aerial
1902,465380,20,SavedShot,0.8719999694824219,0.6730000305175782,0.06954319775104523,Adam Marusic,h,6176,OpenPlay,2021,RightFoot,17060,Lazio,Sassuolo,2,1,2022-04-02 16:00:00,Ciro Immobile,Pass
1903,467064,30,Goal,0.865,0.6719999694824219,0.06744640320539474,Adam Marusic,a,6176,OpenPlay,2021,RightFoot,17069,Genoa,Lazio,1,4,2022-04-10 10:30:00,Lucas Leiva,TakeOn
1904,468413,46,MissedShots,0.7819999694824219,0.65,0.014310499653220177,Adam Marusic,h,6176,FromCorner,2021,RightFoot,17080,Lazio,Torino,1,1,2022-04-16 18:45:00,,Aerial
1905,468421,72,SavedShot,0.715,0.6619999694824219,0.01378950010985136,Adam Marusic,h,6176,OpenPlay,2021,RightFoot,17080,Lazio,Torino,1,1,2022-04-16 18:45:00,Toma Basic,Pass
1906,471889,66,MissedShots,0.7190000152587891,0.7609999847412109,0.011811199598014355,Adam Marusic,a,6176,OpenPlay,2021,RightFoot,17104,Spezia,Lazio,3,4,2022-04-30 18:45:00,Mattia Zaccagni,Pass
1907,481082,9,SavedShot,0.7830000305175782,0.7280000305175781,0.01774279959499836,Adam Marusic,h,6176,OpenPlay,2022,RightFoot,18586,Lazio,Bologna,2,1,2022-08-14 16:30:00,Mattia Zaccagni,Chipped
1908,481094,75,SavedShot,0.7969999694824219,0.7380000305175781,0.02155590057373047,Adam Marusic,h,6176,OpenPlay,2022,RightFoot,18586,Lazio,Bologna,2,1,2022-08-14 16:30:00,Mattia Zaccagni,Pass
1909,482006,23,SavedShot,0.94,0.659000015258789,0.3013570010662079,Adam Marusic,a,6176,OpenPlay,2022,RightFoot,18592,Torino,Lazio,0,0,2022-08-20 16:30:00,Mattia Zaccagni,Pass
1910,486250,15,MissedShots,0.735,0.674000015258789,0.017945900559425354,Adam Marusic,h,6176,OpenPlay,2022,LeftFoot,18624,Lazio,Napoli,1,2,2022-09-03 18:45:00,,BallTouch
1911,488133,17,BlockedShot,0.7340000152587891,0.8019999694824219,0.010107100009918213,Adam Marusic,h,6176,OpenPlay,2022,RightFoot,18637,Lazio,Verona,2,0,2022-09-11 16:00:00,Mattia Zaccagni,Pass
1912,495817,6,BlockedShot,0.7080000305175781,0.5520000076293945,0.013224299997091293,Adam Marusic,a,6176,FromCorner,2022,RightFoot,18682,Atalanta,Lazio,0,2,2022-10-23 16:00:00,,None
1913,495825,49,SavedShot,0.7390000152587891,0.629000015258789,0.014403900131583214,Adam Marusic,a,6176,FromCorner,2022,RightFoot,18682,Atalanta,Lazio,0,2,2022-10-23 16:00:00,,None
1914,502896,22,SavedShot,0.7609999847412109,0.6780000305175782,0.024020500481128693,Adam Marusic,h,6176,OpenPlay,2022,RightFoot,18746,Lazio,Empoli,2,2,2023-01-08 14:00:00,Mattia Zaccagni,Pass
1915,503857,83,MissedShots,0.7959999847412109,0.27700000762939453,0.027181800454854965,Adam Marusic,a,6176,OpenPlay,2022,RightFoot,18759,Sassuolo,Lazio,0,2,2023-01-15 11:30:00,,Tackle
1916,505414,37,SavedShot,0.955999984741211,0.3509999847412109,0.09742990136146545,Adam Marusic,h,6176,OpenPlay,2022,RightFoot,18767,Lazio,AC Milan,4,0,2023-01-24 19:45:00,Pedro,Pass
1917,506326,52,MissedShots,0.7269999694824218,0.37,0.014438199810683727,Adam Marusic,h,6176,OpenPlay,2022,LeftFoot,18777,Lazio,Fiorentina,1,1,2023-01-29 17:00:00,,BallRecovery
1918,507928,8,BlockedShot,0.7190000152587891,0.36700000762939455,0.013446199707686901,Adam Marusic,a,6176,OpenPlay,2022,RightFoot,18784,Verona,Lazio,1,1,2023-02-06 17:30:00,Sergej Milinkovic-Savic,Pass
1919,510061,9,SavedShot,0.74,0.365,0.018453499302268028,Adam Marusic,a,6176,OpenPlay,2022,LeftFoot,18807,Salernitana,Lazio,0,2,2023-02-19 14:00:00,Patric,Pass
1920,510077,53,BlockedShot,0.8440000152587891,0.2989999961853027,0.01618869975209236,Adam Marusic,a,6176,FromCorner,2022,RightFoot,18807,Salernitana,Lazio,0,2,2023-02-19 14:00:00,,Aerial
1921,510079,63,MissedShots,0.8190000152587891,0.4779999923706055,0.0731808990240097,Adam Marusic,a,6176,OpenPlay,2022,LeftFoot,18807,Salernitana,Lazio,0,2,2023-02-19 14:00:00,,BallTouch
1922,511638,67,MissedShots,0.865,0.6279999923706054,0.28632500767707825,Adam Marusic,h,6176,OpenPlay,2022,RightFoot,18816,Lazio,Sampdoria,1,0,2023-02-27 19:45:00,Sergej Milinkovic-Savic,Pass
1923,524065,22,BlockedShot,0.759000015258789,0.705,0.02336152270436287,Adam Marusic,h,6176,OpenPlay,2022,RightFoot,18906,Lazio,Sassuolo,2,0,2023-05-03 19:00:00,Patric,Pass
1924,537409,35,BlockedShot,0.7909999847412109,0.3770000076293945,0.04183163493871689,Adam Marusic,a,6176,OpenPlay,2023,LeftFoot,22335,Juventus,Lazio,3,1,2023-09-16 13:00:00,Luis Alberto,TakeOn
1925,540414,41,SavedShot,0.7769999694824219,0.685,0.02427995763719082,Adam Marusic,h,6176,FromCorner,2023,RightFoot,22360,Lazio,Torino,2,0,2023-09-27 18:45:00,Luis Alberto,Cross
1926,555083,94,SavedShot,0.870999984741211,0.6020000076293945,0.031252145767211914,Adam Marusic,h,6176,SetPiece,2023,RightFoot,22463,Lazio,Inter,0,2,2023-12-17 19:45:00,Danilo Cataldi,Cross
1927,569663,48,BlockedShot,0.7759999847412109,0.645,0.02128525637090206,Adam Marusic,a,6176,OpenPlay,2023,RightFoot,22586,Frosinone,Lazio,2,3,2024-03-16 19:45:00,,None
1928,570922,72,BlockedShot,0.8769999694824219,0.38599998474121094,0.08244583010673523,Adam Marusic,h,6176,OpenPlay,2023,RightFoot,22603,Lazio,Juventus,1,0,2024-03-30 17:00:00,Ciro Immobile,Pass
1929,570927,92,Goal,0.9369999694824219,0.504000015258789,0.510590136051178,Adam Marusic,h,6176,OpenPlay,2023,Head,22603,Lazio,Juventus,1,0,2024-03-30 17:00:00,Matteo Guendouzi,Aerial
1930,573303,4,BlockedShot,0.71,0.36700000762939455,0.02012093923985958,Adam Marusic,h,6176,FromCorner,2023,RightFoot,22615,Lazio,Salernitana,4,1,2024-04-12 18:45:00,Manuel Lazzari,Pass
1931,573318,45,MissedShots,0.8869999694824219,0.315,0.03470822051167488,Adam Marusic,h,6176,FromCorner,2023,RightFoot,22615,Lazio,Salernitana,4,1,2024-04-12 18:45:00,Luis Alberto,Cross
1932,585459,44,SavedShot,0.8290000152587891,0.740999984741211,0.02404288575053215,Adam Marusic,h,6176,OpenPlay,2024,RightFoot,27369,Lazio,Venezia,3,1,2024-08-18 18:45:00,Mattia Zaccagni,Pass
1933,602293,24,BlockedShot,0.7319999694824219,0.34299999237060547,0.01489053200930357,Adam Marusic,a,6176,OpenPlay,2024,RightFoot,27475,Monza,Lazio,0,1,2024-11-10 17:00:00,Nicolo Rovella,Pass
1934,608554,86,Goal,0.8440000152587891,0.36200000762939455,0.036470044404268265,Adam Marusic,a,6176,FromCorner,2024,RightFoot,27530,Lecce,Lazio,1,2,2024-12-21 19:45:00,,None
1935,610351,4,MissedShots,0.8569999694824219,0.32299999237060545,0.0365351065993309,Adam Marusic,a,6176,OpenPlay,2024,RightFoot,27549,Roma,Lazio,2,0,2025-01-05 19:45:00,,Rebound
1936,219149,3,Goal,0.9540000152587891,0.4620000076293945,0.14598500728607178,Samuel Gigot,h,6773,FromCorner,2018,LeftFoot,8946,Spartak Moscow,FC Orenburg,1,0,2018-07-28 19:00:00,,Rebound
1937,219166,83,MissedShots,0.9369999694824219,0.39099998474121095,0.03350219875574112,Samuel Gigot,h,6773,FromCorner,2018,Head,8946,Spartak Moscow,FC Orenburg,1,0,2018-07-28 19:00:00,Quincy Promes,Cross
1938,219481,78,MissedShots,0.735999984741211,0.4279999923706055,0.02153250016272068,Samuel Gigot,h,6773,OpenPlay,2018,RightFoot,8963,Spartak Moscow,Anzhi Makhachkala,1,0,2018-08-11 19:00:00,Roman Zobnin,Pass
1939,222836,66,MissedShots,0.9519999694824218,0.4370000076293945,0.05633769929409027,Samuel Gigot,h,6773,FromCorner,2018,Head,8980,Spartak Moscow,Dinamo Moscow,2,1,2018-08-25 19:00:00,Quincy Promes,Aerial
1940,296367,69,MissedShots,0.8930000305175781,0.47900001525878905,0.018653299659490585,Samuel Gigot,h,6773,FromCorner,2018,Head,9131,Spartak Moscow,FC Yenisey Krasnoyarsk,2,0,2019-04-21 17:00:00,Giorgi Jikia,Aerial
1941,307145,40,BlockedShot,0.9459999847412109,0.46599998474121096,0.056835100054740906,Samuel Gigot,h,6773,FromCorner,2019,Head,11025,Spartak Moscow,PFC Sochi,1,0,2019-07-13 16:00:00,Fernando,Foul
1942,307164,92,Goal,0.915,0.500999984741211,0.08628950268030167,Samuel Gigot,h,6773,FromCorner,2019,Head,11025,Spartak Moscow,PFC Sochi,1,0,2019-07-13 16:00:00,Fernando,Cross
1943,307398,21,ShotOnPost,0.919000015258789,0.4159999847412109,0.13184300065040588,Samuel Gigot,a,6773,OpenPlay,2019,LeftFoot,11034,FC Rostov,Spartak Moscow,2,2,2019-07-20 18:30:00,Zelimkhan Bakaev,Throughball
1944,307414,60,BlockedShot,0.965999984741211,0.4,0.0454913005232811,Samuel Gigot,a,6773,FromCorner,2019,Head,11034,FC Rostov,Spartak Moscow,2,2,2019-07-20 18:30:00,Fernando,Cross
1945,307626,85,SavedShot,0.914000015258789,0.49900001525878906,0.08425799757242203,Samuel Gigot,a,6773,FromCorner,2019,Head,11041,FC Tambov,Spartak Moscow,2,0,2019-07-27 13:30:00,Fernando,Cross
1946,307882,91,MissedShots,0.915,0.580999984741211,0.07285969704389572,Samuel Gigot,h,6773,SetPiece,2019,Head,11049,Spartak Moscow,Dinamo Moscow,0,0,2019-08-03 17:00:00,Zelimkhan Bakaev,Cross
1947,309839,58,Goal,0.899000015258789,0.53,0.06900359690189362,Samuel Gigot,h,6773,OpenPlay,2019,Head,11070,Spartak Moscow,CSKA Moscow,2,1,2019-08-19 18:00:00,André Schürrle,Chipped
1948,309844,62,SavedShot,0.9590000152587891,0.5329999923706055,0.4921109974384308,Samuel Gigot,h,6773,FromCorner,2019,Head,11070,Spartak Moscow,CSKA Moscow,2,1,2019-08-19 18:00:00,Roman Zobnin,Chipped
1949,309850,78,Goal,0.9640000152587891,0.49900001525878906,0.652176022529602,Samuel Gigot,h,6773,FromCorner,2019,RightFoot,11070,Spartak Moscow,CSKA Moscow,2,1,2019-08-19 18:00:00,,None
1950,314473,23,SavedShot,0.9119999694824219,0.38,0.03048129938542843,Samuel Gigot,a,6773,SetPiece,2019,Head,11074,Krylya Sovetov Samara,Spartak Moscow,1,2,2019-08-25 17:00:00,Jordan Larsson,Cross
1951,314482,46,SavedShot,0.9619999694824218,0.35900001525878905,0.01542580034583807,Samuel Gigot,a,6773,FromCorner,2019,Head,11074,Krylya Sovetov Samara,Spartak Moscow,1,2,2019-08-25 17:00:00,Ayrton Lucas,Cross
1952,316443,13,MissedShots,0.885,0.47200000762939454,0.033403098583221436,Samuel Gigot,h,6773,FromCorner,2019,Head,11086,Spartak Moscow,Zenit St. Petersburg,0,1,2019-09-01 17:00:00,Zelimkhan Bakaev,Cross
1953,317079,11,Goal,0.9330000305175781,0.5590000152587891,0.2568280100822449,Samuel Gigot,h,6773,FromCorner,2019,Head,11091,Spartak Moscow,Ural,1,2,2019-09-14 13:30:00,Zelimkhan Bakaev,Cross
1954,317090,51,MissedShots,0.9059999847412109,0.39799999237060546,0.03945520147681236,Samuel Gigot,h,6773,SetPiece,2019,Head,11091,Spartak Moscow,Ural,1,2,2019-09-14 13:30:00,Zelimkhan Bakaev,Chipped
1955,317095,69,MissedShots,0.894000015258789,0.6079999923706054,0.07753369957208633,Samuel Gigot,h,6773,OpenPlay,2019,RightFoot,11091,Spartak Moscow,Ural,1,2,2019-09-14 13:30:00,Roman Zobnin,Chipped
1956,317101,85,BlockedShot,0.8530000305175781,0.5120000076293946,0.07554490119218826,Samuel Gigot,h,6773,OpenPlay,2019,RightFoot,11091,Spartak Moscow,Ural,1,2,2019-09-14 13:30:00,Guus Til,Pass
1957,319985,9,BlockedShot,0.9180000305175782,0.4209999847412109,0.05020250007510185,Samuel Gigot,a,6773,FromCorner,2019,Head,11099,FC Ufa,Spartak Moscow,1,0,2019-09-20 14:30:00,Zelimkhan Bakaev,Cross
1958,325519,18,MissedShots,0.97,0.62,0.029086099937558174,Samuel Gigot,h,6773,SetPiece,2019,Head,11126,Spartak Moscow,Rubin Kazan,0,0,2019-10-19 14:30:00,Zelimkhan Bakaev,Cross
1959,325537,72,SavedShot,0.914000015258789,0.5970000076293945,0.1077990010380745,Samuel Gigot,h,6773,OpenPlay,2019,RightFoot,11126,Spartak Moscow,Rubin Kazan,0,0,2019-10-19 14:30:00,Nikolai Rasskazov,Pass
1960,330174,67,MissedShots,0.78,0.39099998474121095,0.024402599781751633,Samuel Gigot,h,6773,FromCorner,2019,RightFoot,11139,Spartak Moscow,Arsenal Tula,0,1,2019-11-04 16:00:00,Jano Ananidze,Pass
1961,330743,64,MissedShots,0.9230000305175782,0.46099998474121096,0.038977399468421936,Samuel Gigot,h,6773,FromCorner,2019,Head,11150,Spartak Moscow,Krylya Sovetov Samara,2,0,2019-11-09 16:00:00,Zelimkhan Bakaev,Aerial
1962,334449,57,MissedShots,0.950999984741211,0.500999984741211,0.14003600180149078,Samuel Gigot,a,6773,SetPiece,2019,Head,11165,Zenit St. Petersburg,Spartak Moscow,1,0,2019-12-01 16:00:00,Zelimkhan Bakaev,Cross
1963,360682,48,MissedShots,0.92,0.54,0.11818400025367737,Samuel Gigot,a,6773,SetPiece,2019,Head,11179,Dinamo Moscow,Spartak Moscow,0,2,2020-02-29 13:30:00,Zelimkhan Bakaev,Cross
1964,362713,89,SavedShot,0.915,0.44799999237060545,0.030085399746894836,Samuel Gigot,a,6773,FromCorner,2019,Head,11198,FC Orenburg,Spartak Moscow,1,3,2020-03-14 11:00:00,,Aerial
1965,365474,71,MissedShots,0.9319999694824219,0.41200000762939454,0.01830659992992878,Samuel Gigot,a,6773,FromCorner,2019,Head,11203,Arsenal Tula,Spartak Moscow,2,3,2020-06-20 13:30:00,Roman Zobnin,Aerial
1966,367046,63,MissedShots,0.9069999694824219,0.445,0.053856100887060165,Samuel Gigot,h,6773,FromCorner,2019,Head,11208,Spartak Moscow,FC Ufa,0,0,2020-06-27 13:30:00,Roman Zobnin,Cross
1967,367049,85,BlockedShot,0.9009999847412109,0.5479999923706055,0.0359903983771801,Samuel Gigot,h,6773,SetPiece,2019,Head,11208,Spartak Moscow,FC Ufa,0,0,2020-06-27 13:30:00,,None
1968,367050,86,BlockedShot,0.9069999694824219,0.5479999923706055,0.05707649886608124,Samuel Gigot,h,6773,FromCorner,2019,Head,11208,Spartak Moscow,FC Ufa,0,0,2020-06-27 13:30:00,Roman Zobnin,Cross
1969,368699,59,SavedShot,0.8230000305175781,0.6179999923706054,0.1266230046749115,Samuel Gigot,h,6773,DirectFreekick,2019,RightFoot,11223,Spartak Moscow,FC Tambov,2,3,2020-07-04 15:30:00,,Standard
1970,370526,28,BlockedShot,0.9059999847412109,0.5579999923706055,0.030535299330949783,Samuel Gigot,a,6773,SetPiece,2019,Head,11244,PFC Sochi,Spartak Moscow,1,0,2020-07-11 17:30:00,Roman Zobnin,Aerial
1971,373168,48,MissedShots,0.915,0.5329999923706055,0.07803720235824585,Samuel Gigot,a,6773,FromCorner,2019,Head,11259,Rubin Kazan,Spartak Moscow,1,2,2020-07-22 16:00:00,Roman Zobnin,Cross
1972,373176,95,MissedShots,0.700999984741211,0.615,0.033341798931360245,Samuel Gigot,a,6773,DirectFreekick,2019,RightFoot,11259,Rubin Kazan,Spartak Moscow,1,2,2020-07-22 16:00:00,,Standard
1973,375360,43,MissedShots,0.905,0.4929999923706055,0.030338499695062637,Samuel Gigot,a,6773,FromCorner,2020,Head,14017,FC Ufa,Spartak Moscow,1,1,2020-08-19 13:00:00,,Aerial
1974,375809,69,BlockedShot,0.7719999694824219,0.5359999847412109,0.07905250042676926,Samuel Gigot,h,6773,DirectFreekick,2020,RightFoot,14028,Spartak Moscow,Lokomotiv Moscow,2,1,2020-08-23 16:00:00,,Standard
1975,375877,10,MissedShots,0.955,0.590999984741211,0.10288099944591522,Samuel Gigot,a,6773,OpenPlay,2020,RightFoot,14033,FC Rotor Volgograd,Spartak Moscow,0,1,2020-08-26 15:30:00,Zelimkhan Bakaev,Cross
1976,375882,24,BlockedShot,0.9009999847412109,0.5429999923706055,0.01763159967958927,Samuel Gigot,a,6773,FromCorner,2020,Head,14033,FC Rotor Volgograd,Spartak Moscow,0,1,2020-08-26 15:30:00,Jordan Larsson,Aerial
1977,375899,71,MissedShots,0.955999984741211,0.5,0.70278000831604,Samuel Gigot,a,6773,SetPiece,2020,RightFoot,14033,FC Rotor Volgograd,Spartak Moscow,0,1,2020-08-26 15:30:00,Zelimkhan Bakaev,Pass
1978,376084,47,Goal,0.9230000305175782,0.524000015258789,0.3514620065689087,Samuel Gigot,h,6773,SetPiece,2020,Head,14038,Spartak Moscow,Arsenal Tula,2,1,2020-08-29 15:00:00,Jordan Larsson,Cross
1979,376089,85,MissedShots,0.950999984741211,0.5070000076293946,0.07814910262823105,Samuel Gigot,h,6773,FromCorner,2020,Head,14038,Spartak Moscow,Arsenal Tula,2,1,2020-08-29 15:00:00,Roman Zobnin,Aerial
1980,376968,2,BlockedShot,0.8069999694824219,0.6229999923706054,0.09904640167951584,Samuel Gigot,a,6773,DirectFreekick,2020,RightFoot,14230,CSKA Moscow,Spartak Moscow,3,1,2020-09-13 16:00:00,,Standard
1981,380652,7,MissedShots,0.9340000152587891,0.4909999847412109,0.06058669835329056,Samuel Gigot,h,6773,FromCorner,2020,Head,14300,Spartak Moscow,Zenit St. Petersburg,1,1,2020-10-03 16:00:00,Jordan Larsson,Aerial
1982,384473,10,MissedShots,0.9019999694824219,0.525,0.09627749770879745,Samuel Gigot,h,6773,OpenPlay,2020,Head,14325,Spartak Moscow,FC Rostov,0,1,2020-10-31 13:30:00,Ayrton Lucas,Cross
1983,384477,25,BlockedShot,0.9219999694824219,0.5520000076293945,0.059218499809503555,Samuel Gigot,h,6773,FromCorner,2020,RightFoot,14325,Spartak Moscow,FC Rostov,0,1,2020-10-31 13:30:00,Roman Zobnin,Aerial
1984,385767,53,MissedShots,0.9359999847412109,0.56,0.12307099997997284,Samuel Gigot,a,6773,SetPiece,2020,Head,14330,Ural,Spartak Moscow,2,2,2020-11-07 11:00:00,Roman Zobnin,Cross
1985,389641,92,Goal,0.9119999694824219,0.495,0.055838700383901596,Samuel Gigot,h,6773,FromCorner,2020,Head,14352,Spartak Moscow,FC Rotor Volgograd,2,0,2020-11-29 16:00:00,Zelimkhan Bakaev,Cross
1986,390012,67,MissedShots,0.895,0.46099998474121096,0.04365929961204529,Samuel Gigot,h,6773,FromCorner,2020,Head,14355,Spartak Moscow,FC Tambov,5,1,2020-12-05 13:30:00,Jordan Larsson,Cross
1987,390023,86,Goal,0.9740000152587891,0.475,0.17031900584697723,Samuel Gigot,h,6773,OpenPlay,2020,RightFoot,14355,Spartak Moscow,FC Tambov,5,1,2020-12-05 13:30:00,,None
1988,391476,88,MissedShots,0.8830000305175781,0.44,0.03892510011792183,Samuel Gigot,a,6773,OpenPlay,2020,Head,14364,PFC Sochi,Spartak Moscow,1,0,2020-12-12 13:30:00,Giorgi Jikia,Cross
1989,407021,59,SavedShot,0.919000015258789,0.5629999923706055,0.046922601759433746,Samuel Gigot,h,6773,OpenPlay,2020,Head,14378,Spartak Moscow,Rubin Kazan,0,2,2021-02-28 11:00:00,Victor Moses,Chipped
1990,409087,45,MissedShots,0.9059999847412109,0.415,0.03458470106124878,Samuel Gigot,h,6773,FromCorner,2020,Head,14386,Spartak Moscow,FC Krasnodar,6,1,2021-03-07 16:00:00,Quincy Promes,Cross
1991,411008,1,BlockedShot,0.955,0.639000015258789,0.04287559911608696,Samuel Gigot,h,6773,FromCorner,2020,RightFoot,14406,Spartak Moscow,Ural,5,1,2021-03-18 16:00:00,Quincy Promes,Cross
1992,414685,18,SavedShot,0.9030000305175782,0.590999984741211,0.012839999981224537,Samuel Gigot,a,6773,FromCorner,2020,Head,14421,Lokomotiv Moscow,Spartak Moscow,2,0,2021-04-11 16:00:00,Victor Moses,Aerial
1993,414705,74,BlockedShot,0.895,0.4490000152587891,0.04197569936513901,Samuel Gigot,a,6773,FromCorner,2020,RightFoot,14421,Lokomotiv Moscow,Spartak Moscow,2,0,2021-04-11 16:00:00,Quincy Promes,Aerial
1994,422164,51,MissedShots,0.8469999694824218,0.47299999237060547,0.07977449893951416,Samuel Gigot,a,6773,SetPiece,2020,RightFoot,14460,FK Akhmat,Spartak Moscow,2,2,2021-05-16 11:00:00,Alex Kral,Pass
1995,424707,46,MissedShots,0.9590000152587891,0.590999984741211,0.06080999970436096,Samuel Gigot,a,6773,SetPiece,2021,Head,16139,Rubin Kazan,Spartak Moscow,1,0,2021-07-24 19:00:00,Jordan Larsson,Chipped
1996,424858,63,BlockedShot,0.8669999694824219,0.47,0.017335200682282448,Samuel Gigot,a,6773,FromCorner,2021,Head,16144,Krylya Sovetov Samara,Spartak Moscow,0,1,2021-07-30 16:00:00,Jordan Larsson,Goal
1997,425222,46,MissedShots,0.9,0.4879999923706055,0.02032260037958622,Samuel Gigot,h,6773,FromCorner,2021,Head,16155,Spartak Moscow,Nizhny Novgorod,1,2,2021-08-07 17:00:00,Jordan Larsson,Aerial
1998,426846,58,MissedShots,0.9359999847412109,0.5,0.1211709976196289,Samuel Gigot,a,6773,FromCorner,2021,Head,16171,Arsenal Tula,Spartak Moscow,1,1,2021-08-21 13:00:00,Jordan Larsson,Cross
1999,426862,95,MissedShots,0.9259999847412109,0.45,0.08606330305337906,Samuel Gigot,a,6773,FromCorner,2021,Head,16171,Arsenal Tula,Spartak Moscow,1,1,2021-08-21 13:00:00,Jordan Larsson,Cross
2000,428137,59,BlockedShot,0.9219999694824219,0.42200000762939455,0.05501209944486618,Samuel Gigot,h,6773,FromCorner,2021,Head,16183,Spartak Moscow,PFC Sochi,1,2,2021-08-26 15:30:00,Jordan Larsson,Cross
2001,429991,17,MissedShots,0.8859999847412109,0.41700000762939454,0.06838929653167725,Samuel Gigot,h,6773,SetPiece,2021,RightFoot,16185,Spartak Moscow,Khimki,3,1,2021-09-11 16:00:00,Giorgi Jikia,HeadPass
2002,436350,45,MissedShots,0.9669999694824218,0.47099998474121096,0.5260329842567444,Samuel Gigot,h,6773,FromCorner,2021,Head,16216,Spartak Moscow,Dinamo Moscow,2,2,2021-10-16 16:00:00,Jordan Larsson,Cross
2003,436365,90,Goal,0.9380000305175781,0.5609999847412109,0.2015790045261383,Samuel Gigot,h,6773,OpenPlay,2021,OtherBodyPart,16216,Spartak Moscow,Dinamo Moscow,2,2,2021-10-16 16:00:00,Alexander Lomovitskiy,Cross
2004,448691,32,MissedShots,0.9719999694824218,0.445,0.37739700078964233,Samuel Gigot,a,6773,FromCorner,2021,Head,16279,PFC Sochi,Spartak Moscow,3,0,2021-12-13 16:00:00,Giorgi Jikia,HeadPass
2005,448693,38,BlockedShot,0.9130000305175782,0.3729999923706055,0.014976399950683117,Samuel Gigot,a,6773,FromCorner,2021,Head,16279,PFC Sochi,Spartak Moscow,3,0,2021-12-13 16:00:00,Zelimkhan Bakaev,Cross
2006,448705,78,MissedShots,0.9019999694824219,0.53,0.08664879947900772,Samuel Gigot,a,6773,OpenPlay,2021,LeftFoot,16279,PFC Sochi,Spartak Moscow,3,0,2021-12-13 16:00:00,,Dispossessed
2007,448708,86,SavedShot,0.9,0.6029999923706054,0.015211899764835835,Samuel Gigot,a,6773,OpenPlay,2021,Head,16279,PFC Sochi,Spartak Moscow,3,0,2021-12-13 16:00:00,Maximiliano Caufriez,Aerial
2008,448712,92,MissedShots,0.895,0.43900001525878907,0.036514900624752045,Samuel Gigot,a,6773,FromCorner,2021,Head,16279,PFC Sochi,Spartak Moscow,3,0,2021-12-13 16:00:00,,None
2009,448715,94,SavedShot,0.8690000152587891,0.48700000762939455,0.07129749655723572,Samuel Gigot,a,6773,OpenPlay,2021,RightFoot,16279,PFC Sochi,Spartak Moscow,3,0,2021-12-13 16:00:00,,Rebound
2010,463172,62,MissedShots,0.9540000152587891,0.37599998474121094,0.0480928011238575,Samuel Gigot,h,6773,FromCorner,2021,RightFoot,16296,Spartak Moscow,FC Krasnodar,1,2,2022-03-13 16:00:00,Zelimkhan Bakaev,Cross
2011,463801,34,MissedShots,0.8809999847412109,0.4879999923706055,0.07203759998083115,Samuel Gigot,a,6773,FromCorner,2021,RightFoot,16305,Nizhny Novgorod,Spartak Moscow,1,1,2022-03-19 11:00:00,Zelimkhan Bakaev,Pass
2012,468304,56,BlockedShot,0.91,0.495,0.08631730079650879,Samuel Gigot,h,6773,OpenPlay,2021,Head,16329,Spartak Moscow,Rubin Kazan,1,1,2022-04-16 16:00:00,Zelimkhan Bakaev,Cross
2013,468318,82,MissedShots,0.9130000305175782,0.625999984741211,0.011726399883627892,Samuel Gigot,h,6773,FromCorner,2021,Head,16329,Spartak Moscow,Rubin Kazan,1,1,2022-04-16 16:00:00,Zelimkhan Bakaev,Aerial
2014,470707,87,MissedShots,0.899000015258789,0.509000015258789,0.058348800987005234,Samuel Gigot,a,6773,FromCorner,2021,Head,16336,FC Rostov,Spartak Moscow,3,2,2022-04-24 13:30:00,Zelimkhan Bakaev,Cross
2015,477159,10,Goal,0.9359999847412109,0.485,0.12184999883174896,Samuel Gigot,a,6773,FromCorner,2021,Head,16375,Khimki,Spartak Moscow,2,1,2022-05-21 14:00:00,Zelimkhan Bakaev,Cross
2016,479976,39,BlockedShot,0.894000015258789,0.5120000076293946,0.01877559907734394,Samuel Gigot,h,6773,FromCorner,2022,Head,19657,Marseille,Reims,4,1,2022-08-07 18:45:00,Cengiz Ünder,Aerial
2017,479988,73,SavedShot,0.9519999694824218,0.544000015258789,0.10991200059652328,Samuel Gigot,h,6773,SetPiece,2022,Head,19657,Marseille,Reims,4,1,2022-08-07 18:45:00,,Aerial
2018,487719,60,Goal,0.9540000152587891,0.49400001525878906,0.6057320237159729,Samuel Gigot,h,6773,SetPiece,2022,RightFoot,19712,Marseille,Lille,2,1,2022-09-10 19:00:00,Sead Kolasinac,None
2019,498896,42,Goal,0.9440000152587891,0.5279999923706055,0.43894100189208984,Samuel Gigot,h,6773,FromCorner,2022,Head,19784,Marseille,Lyon,1,0,2022-11-06 19:45:00,Jordan Veretout,Cross
2020,500896,22,MissedShots,0.895,0.5179999923706055,0.42385199666023254,Samuel Gigot,a,6773,FromCorner,2022,RightFoot,19788,Monaco,Marseille,2,3,2022-11-13 19:45:00,Alexis Sánchez,Pass
2021,503750,41,ShotOnPost,0.99,0.5120000076293946,0.8484159708023071,Samuel Gigot,h,6773,FromCorner,2022,Head,19833,Marseille,Lorient,3,1,2023-01-14 18:00:00,Ruslan Malinovskiy,Cross
2022,507880,22,MissedShots,0.9169999694824219,0.44299999237060544,0.028554199263453484,Samuel Gigot,h,6773,FromCorner,2022,Head,19862,Marseille,Nice,1,3,2023-02-05 19:45:00,Cengiz Ünder,Aerial
2023,507895,57,MissedShots,0.9530000305175781,0.46900001525878904,0.3193559944629669,Samuel Gigot,h,6773,FromCorner,2022,Head,19862,Marseille,Nice,1,3,2023-02-05 19:45:00,Ruslan Malinovskiy,Aerial
2024,515889,10,BlockedShot,0.9469999694824218,0.34200000762939453,0.038163501769304276,Samuel Gigot,a,6773,FromCorner,2022,RightFoot,19925,Reims,Marseille,1,2,2023-03-19 19:45:00,Jordan Veretout,Cross
2025,515908,82,MissedShots,0.9130000305175782,0.5379999923706055,0.48744699358940125,Samuel Gigot,a,6773,OpenPlay,2022,RightFoot,19925,Reims,Marseille,1,2,2023-03-19 19:45:00,Alexis Sánchez,BallTouch
2026,520367,62,BlockedShot,0.9480000305175781,0.39,0.025161899626255035,Samuel Gigot,h,6773,FromCorner,2022,Head,19952,Marseille,Troyes,3,1,2023-04-16 18:45:00,Cengiz Ünder,Challenge
2027,523600,39,BlockedShot,0.9419999694824219,0.5879999923706055,0.02433808147907257,Samuel Gigot,h,6773,FromCorner,2022,Head,19971,Marseille,Auxerre,2,1,2023-04-30 18:45:00,Cengiz Ünder,Aerial
2028,532263,2,BlockedShot,0.8830000305175781,0.5990000152587891,0.01870003342628479,Samuel Gigot,h,6773,FromCorner,2023,Head,23372,Marseille,Reims,2,1,2023-08-12 18:00:00,Jonathan Clauss,Cross
2029,532276,46,SavedShot,0.9080000305175782,0.45099998474121095,0.08224686980247498,Samuel Gigot,h,6773,SetPiece,2023,LeftFoot,23372,Marseille,Reims,2,1,2023-08-12 18:00:00,,None
2030,534994,71,MissedShots,0.8540000152587891,0.5520000076293945,0.05712137743830681,Samuel Gigot,h,6773,FromCorner,2023,LeftFoot,23392,Marseille,Brest,2,0,2023-08-26 17:00:00,Chancel Mbemba,Pass
2031,541539,17,Goal,0.91,0.4979999923706055,0.3620316982269287,Samuel Gigot,a,6773,OpenPlay,2023,RightFoot,23429,Monaco,Marseille,3,2,2023-09-30 19:00:00,Iliman Ndiaye,Cross
2032,541546,55,SavedShot,0.8980000305175782,0.5070000076293946,0.0640311911702156,Samuel Gigot,a,6773,FromCorner,2023,Head,23429,Monaco,Marseille,3,2,2023-09-30 19:00:00,Jonathan Clauss,Cross
2033,549307,53,SavedShot,0.960999984741211,0.4209999847412109,0.04512132704257965,Samuel Gigot,a,6773,FromCorner,2023,Head,23474,Lens,Marseille,1,0,2023-11-12 20:45:00,Jonathan Clauss,Rebound
2034,549318,92,SavedShot,0.915,0.5890000152587891,0.06864319741725922,Samuel Gigot,a,6773,SetPiece,2023,Head,23474,Lens,Marseille,1,0,2023-11-12 20:45:00,Jonathan Clauss,Cross
2035,552372,0,MissedShots,0.9269999694824219,0.5609999847412109,0.08850900828838348,Samuel Gigot,h,6773,FromCorner,2023,Head,23453,Marseille,Lyon,3,0,2023-12-06 19:00:00,Renan Lodi,Cross
2036,553779,2,BlockedShot,0.8880000305175781,0.44799999237060545,0.015037596225738525,Samuel Gigot,a,6773,FromCorner,2023,Head,23500,Lorient,Marseille,2,4,2023-12-10 19:45:00,Renan Lodi,Aerial
2037,553794,32,SavedShot,0.909000015258789,0.4540000152587891,0.143991157412529,Samuel Gigot,a,6773,OpenPlay,2023,RightFoot,23500,Lorient,Marseille,2,4,2023-12-10 19:45:00,Jordan Veretout,Pass
2038,557795,2,Goal,0.955999984741211,0.4620000076293945,0.42340436577796936,Samuel Gigot,h,6773,FromCorner,2023,Head,23525,Marseille,Strasbourg,1,1,2024-01-12 20:00:00,Vitinha,Chipped
2039,557798,11,MissedShots,0.945,0.43599998474121093,0.31578198075294495,Samuel Gigot,h,6773,FromCorner,2023,Head,23525,Marseille,Strasbourg,1,1,2024-01-12 20:00:00,Jordan Veretout,Cross
2040,562214,7,BlockedShot,0.8959999847412109,0.4829999923706055,0.0601004920899868,Samuel Gigot,h,6773,FromCorner,2023,Head,23553,Marseille,Metz,1,1,2024-02-09 20:00:00,Quentin Merlin,Cross
2041,565919,22,MissedShots,0.8919999694824219,0.3629999923706055,0.011452512815594673,Samuel Gigot,h,6773,OpenPlay,2023,Head,23575,Marseille,Montpellier,4,1,2024-02-25 19:45:00,Quentin Merlin,Aerial
2042,565936,74,MissedShots,0.9219999694824219,0.6029999923706054,0.05092759430408478,Samuel Gigot,h,6773,SetPiece,2023,Head,23575,Marseille,Montpellier,4,1,2024-02-25 19:45:00,Jordan Veretout,Chipped
2043,571559,83,SavedShot,0.9569999694824218,0.44299999237060544,0.11311882734298706,Samuel Gigot,h,6773,OpenPlay,2023,Head,23606,Marseille,Paris Saint Germain,0,2,2024-03-31 19:45:00,Azz-Eddine Ounahi,Cross
2044,571567,93,MissedShots,0.88,0.5509999847412109,0.030215740203857422,Samuel Gigot,h,6773,OpenPlay,2023,Head,23606,Marseille,Paris Saint Germain,0,2,2024-03-31 19:45:00,Luis Henrique,Aerial
2045,580736,40,Goal,0.9930000305175781,0.47,0.9553629755973816,Samuel Gigot,h,6773,FromCorner,2023,RightFoot,23662,Marseille,Lorient,3,1,2024-05-12 19:00:00,,None
2046,580735,40,BlockedShot,0.985999984741211,0.46599998474121096,0.8778359293937683,Samuel Gigot,h,6773,FromCorner,2023,LeftFoot,23662,Marseille,Lorient,3,1,2024-05-12 19:00:00,,None
2047,603661,67,Goal,0.9869999694824219,0.46799999237060547,0.7591248750686646,Samuel Gigot,h,6773,FromCorner,2024,Head,27486,Lazio,Bologna,3,0,2024-11-24 19:45:00,,None
2048,446600,88,SavedShot,0.9430000305175781,0.5209999847412109,0.5428940057754517,Loum Tchaouna,a,9977,OpenPlay,2021,Head,17983,Saint-Etienne,Rennes,0,5,2021-12-05 12:00:00,Gaetan Laborde,Cross
2049,464450,71,MissedShots,0.7719999694824219,0.3659999847412109,0.03718189895153046,Loum Tchaouna,h,9977,OpenPlay,2021,LeftFoot,18109,Rennes,Metz,6,1,2022-03-20 14:00:00,Benjamin Bourigeaud,Pass
2050,546660,29,MissedShots,0.7280000305175781,0.3970000076293945,0.009070044383406639,Loum Tchaouna,h,9977,OpenPlay,2023,LeftFoot,22413,Salernitana,Napoli,0,2,2023-11-04 14:00:00,Boulaye Dia,Chipped
2051,547938,45,MissedShots,0.9369999694824219,0.375,0.1136859878897667,Loum Tchaouna,a,9977,OpenPlay,2023,RightFoot,22423,Sassuolo,Salernitana,2,2,2023-11-10 17:30:00,Chukwubuikem Ikwuemesi,Pass
2052,551800,74,MissedShots,0.7630000305175781,0.3029999923706055,0.01778005063533783,Loum Tchaouna,a,9977,OpenPlay,2023,LeftFoot,22435,Fiorentina,Salernitana,3,0,2023-12-03 14:00:00,,TakeOn
2053,556038,54,MissedShots,0.825,0.74,0.04644317179918289,Loum Tchaouna,h,9977,OpenPlay,2023,LeftFoot,22473,Salernitana,AC Milan,2,2,2023-12-22 19:45:00,Grigoris Kastanos,Pass
2054,556044,73,MissedShots,0.8809999847412109,0.46700000762939453,0.06512727588415146,Loum Tchaouna,h,9977,OpenPlay,2023,Head,22473,Salernitana,AC Milan,2,2,2023-12-22 19:45:00,Antonio Candreva,Cross
2055,557088,18,MissedShots,0.9180000305175782,0.47900001525878905,0.34177008271217346,Loum Tchaouna,a,9977,OpenPlay,2023,Head,22479,Verona,Salernitana,0,1,2023-12-30 17:00:00,Antonio Candreva,Cross
2056,557098,47,Goal,0.8169999694824219,0.3579999923706055,0.040364090353250504,Loum Tchaouna,a,9977,OpenPlay,2023,RightFoot,22479,Verona,Salernitana,0,1,2023-12-30 17:00:00,Grigoris Kastanos,Pass
2057,557960,15,SavedShot,0.8209999847412109,0.23299999237060548,0.021323680877685547,Loum Tchaouna,a,9977,OpenPlay,2023,LeftFoot,22501,Napoli,Salernitana,2,1,2024-01-13 14:00:00,Antonio Candreva,Pass
2058,557978,81,MissedShots,0.6790000152587891,0.28899999618530275,0.01399254985153675,Loum Tchaouna,a,9977,OpenPlay,2023,LeftFoot,22501,Napoli,Salernitana,2,1,2024-01-13 14:00:00,Norbert Gyömbér,Pass
2059,559408,64,BlockedShot,0.7959999847412109,0.6730000305175782,0.02808920107781887,Loum Tchaouna,h,9977,OpenPlay,2023,LeftFoot,22509,Salernitana,Genoa,1,2,2024-01-21 17:00:00,Domagoj Bradaric,Pass
2060,560475,31,SavedShot,0.8530000305175781,0.3579999923706055,0.11110717803239822,Loum Tchaouna,h,9977,OpenPlay,2023,RightFoot,22524,Salernitana,Roma,1,2,2024-01-29 19:45:00,Antonio Candreva,Chipped
2061,565324,76,SavedShot,0.92,0.6459999847412109,0.12060154974460602,Loum Tchaouna,h,9977,OpenPlay,2023,RightFoot,22564,Salernitana,Monza,0,2,2024-02-24 17:00:00,,Rebound
2062,565323,76,SavedShot,0.89,0.6880000305175781,0.08067149668931961,Loum Tchaouna,h,9977,OpenPlay,2023,LeftFoot,22564,Salernitana,Monza,0,2,2024-02-24 17:00:00,Boulaye Dia,Pass
2063,566353,6,MissedShots,0.9059999847412109,0.6969999694824218,0.049748826771974564,Loum Tchaouna,a,9977,OpenPlay,2023,LeftFoot,22574,Udinese,Salernitana,1,1,2024-03-02 14:00:00,,None
2064,566354,7,MissedShots,0.8219999694824218,0.6609999847412109,0.08137986063957214,Loum Tchaouna,a,9977,OpenPlay,2023,RightFoot,22574,Udinese,Salernitana,1,1,2024-03-02 14:00:00,,BallTouch
2065,566356,9,Goal,0.8130000305175781,0.25,0.021799474954605103,Loum Tchaouna,a,9977,OpenPlay,2023,LeftFoot,22574,Udinese,Salernitana,1,1,2024-03-02 14:00:00,Giulio Maggiore,Pass
2066,566367,56,MissedShots,0.840999984741211,0.7530000305175781,0.025483448058366776,Loum Tchaouna,a,9977,OpenPlay,2023,LeftFoot,22574,Udinese,Salernitana,1,1,2024-03-02 14:00:00,Antonio Candreva,Pass
2067,566371,69,ShotOnPost,0.9130000305175782,0.37799999237060544,0.2975859045982361,Loum Tchaouna,a,9977,OpenPlay,2023,RightFoot,22574,Udinese,Salernitana,1,1,2024-03-02 14:00:00,Antonio Candreva,Chipped
2068,566381,88,BlockedShot,0.9390000152587891,0.6459999847412109,0.014671621844172478,Loum Tchaouna,a,9977,OpenPlay,2023,Head,22574,Udinese,Salernitana,1,1,2024-03-02 14:00:00,Domagoj Bradaric,Cross
2069,567859,30,SavedShot,0.8040000152587891,0.2560000038146973,0.0184477586299181,Loum Tchaouna,a,9977,OpenPlay,2023,LeftFoot,22576,Cagliari,Salernitana,4,2,2024-03-09 14:00:00,Giulio Maggiore,TakeOn
2070,569529,8,MissedShots,0.8780000305175781,0.3609999847412109,0.06253165751695633,Loum Tchaouna,h,9977,OpenPlay,2023,LeftFoot,22594,Salernitana,Lecce,0,1,2024-03-16 17:00:00,,None
2071,569532,13,BlockedShot,0.8830000305175781,0.4779999923706055,0.09626995027065277,Loum Tchaouna,h,9977,FromCorner,2023,LeftFoot,22594,Salernitana,Lecce,0,1,2024-03-16 17:00:00,,Rebound
2072,569538,23,SavedShot,0.8680000305175781,0.36,0.038763564079999924,Loum Tchaouna,h,9977,OpenPlay,2023,LeftFoot,22594,Salernitana,Lecce,0,1,2024-03-16 17:00:00,Domagoj Bradaric,Cross
2073,569549,46,MissedShots,0.909000015258789,0.41900001525878905,0.028776897117495537,Loum Tchaouna,h,9977,OpenPlay,2023,Head,22594,Salernitana,Lecce,0,1,2024-03-16 17:00:00,Domagoj Bradaric,Aerial
2074,571593,40,MissedShots,0.749000015258789,0.31799999237060544,0.016871003434062004,Loum Tchaouna,a,9977,OpenPlay,2023,LeftFoot,22596,Bologna,Salernitana,3,0,2024-04-01 11:30:00,Toma Basic,Pass
2075,571599,58,MissedShots,0.8580000305175781,0.27600000381469725,0.029360221698880196,Loum Tchaouna,a,9977,OpenPlay,2023,LeftFoot,22596,Bologna,Salernitana,3,0,2024-04-01 11:30:00,Antonio Candreva,Pass
2076,572082,0,BlockedShot,0.7069999694824218,0.425,0.012832245789468288,Loum Tchaouna,h,9977,OpenPlay,2023,LeftFoot,22611,Salernitana,Sassuolo,2,2,2024-04-05 18:45:00,Iron Gomis,Pass
2077,573310,15,Goal,0.9330000305175781,0.46,0.3317625820636749,Loum Tchaouna,a,9977,OpenPlay,2023,Head,22615,Lazio,Salernitana,4,1,2024-04-12 18:45:00,Giulio Maggiore,Chipped
2078,573319,45,SavedShot,0.805,0.705,0.02515961043536663,Loum Tchaouna,a,9977,OpenPlay,2023,RightFoot,22615,Lazio,Salernitana,4,1,2024-04-12 18:45:00,Mateusz Legowski,Pass
2079,575691,53,BlockedShot,0.799000015258789,0.305,0.024167167022824287,Loum Tchaouna,h,9977,OpenPlay,2023,LeftFoot,22631,Salernitana,Fiorentina,0,2,2024-04-21 16:00:00,Mateusz Legowski,Pass
2080,576491,11,SavedShot,0.7619999694824219,0.5840000152587891,0.024037165567278862,Loum Tchaouna,a,9977,OpenPlay,2023,RightFoot,22640,Frosinone,Salernitana,3,0,2024-04-26 18:45:00,Emanuel Vignato,Pass
2081,576494,24,BlockedShot,0.74,0.425,0.016347693279385567,Loum Tchaouna,a,9977,OpenPlay,2023,LeftFoot,22640,Frosinone,Salernitana,3,0,2024-04-26 18:45:00,Toma Basic,BallTouch
2082,576499,30,MissedShots,0.7819999694824219,0.6619999694824219,0.04447060078382492,Loum Tchaouna,a,9977,OpenPlay,2023,LeftFoot,22640,Frosinone,Salernitana,3,0,2024-04-26 18:45:00,Benoit Costil,Pass
2083,576512,81,MissedShots,0.7619999694824219,0.27799999237060546,0.011582320556044579,Loum Tchaouna,a,9977,OpenPlay,2023,LeftFoot,22640,Frosinone,Salernitana,3,0,2024-04-26 18:45:00,Chukwubuikem Ikwuemesi,BallTouch
2084,576515,89,BlockedShot,0.8369999694824218,0.31799999237060544,0.03021164983510971,Loum Tchaouna,a,9977,FromCorner,2023,LeftFoot,22640,Frosinone,Salernitana,3,0,2024-04-26 18:45:00,Alessandro Zanoli,Pass
2085,579335,17,Goal,0.8909999847412109,0.37099998474121093,0.16202737390995026,Loum Tchaouna,h,9977,OpenPlay,2023,LeftFoot,22647,Salernitana,Atalanta,1,2,2024-05-06 16:00:00,Emanuel Vignato,TakeOn
2086,579339,33,BlockedShot,0.9069999694824219,0.265,0.06948162615299225,Loum Tchaouna,h,9977,OpenPlay,2023,RightFoot,22647,Salernitana,Atalanta,1,2,2024-05-06 16:00:00,Chukwubuikem Ikwuemesi,Pass
2087,579343,46,SavedShot,0.7480000305175781,0.3559999847412109,0.020702432841062546,Loum Tchaouna,h,9977,OpenPlay,2023,LeftFoot,22647,Salernitana,Atalanta,1,2,2024-05-06 16:00:00,Lassana Coulibaly,Pass
2088,579345,47,BlockedShot,0.720999984741211,0.5890000152587891,0.021251898258924484,Loum Tchaouna,h,9977,OpenPlay,2023,LeftFoot,22647,Salernitana,Atalanta,1,2,2024-05-06 16:00:00,Emanuel Vignato,Pass
2089,579357,87,MissedShots,0.9290000152587891,0.325,0.03149346262216568,Loum Tchaouna,h,9977,OpenPlay,2023,RightFoot,22647,Salernitana,Atalanta,1,2,2024-05-06 16:00:00,Shon Weissman,TakeOn
2090,580506,46,MissedShots,0.7369999694824219,0.34900001525878904,0.0233427993953228,Loum Tchaouna,a,9977,OpenPlay,2023,LeftFoot,22660,Juventus,Salernitana,1,1,2024-05-12 16:00:00,Lassana Coulibaly,Pass
2091,583358,58,SavedShot,0.7569999694824219,0.39799999237060546,0.014941484667360783,Loum Tchaouna,a,9977,SetPiece,2023,LeftFoot,22682,AC Milan,Salernitana,3,3,2024-05-25 18:45:00,,Rebound
2092,583362,68,MissedShots,0.785,0.710999984741211,0.019547617062926292,Loum Tchaouna,a,9977,OpenPlay,2023,LeftFoot,22682,AC Milan,Salernitana,3,3,2024-05-25 18:45:00,Triantafyllos Pasalidis,Pass
2093,583369,88,SavedShot,0.8730000305175781,0.3609999847412109,0.06599324196577072,Loum Tchaouna,a,9977,OpenPlay,2023,LeftFoot,22682,AC Milan,Salernitana,3,3,2024-05-25 18:45:00,Andres Sfait,Pass
2094,585471,88,MissedShots,0.950999984741211,0.54,0.2727717459201813,Loum Tchaouna,h,9977,OpenPlay,2024,Head,27369,Lazio,Venezia,3,1,2024-08-18 18:45:00,Gaetano Castrovilli,BallTouch
2095,589628,10,SavedShot,0.9359999847412109,0.33599998474121096,0.07518210262060165,Loum Tchaouna,h,9977,OpenPlay,2024,Head,27387,Lazio,AC Milan,2,2,2024-08-31 18:45:00,Nuno Tavares,Cross
2096,591816,67,MissedShots,0.725999984741211,0.37,0.022644024342298508,Loum Tchaouna,h,9977,OpenPlay,2024,LeftFoot,27396,Lazio,Verona,2,1,2024-09-16 18:45:00,Gaetano Castrovilli,Pass
2097,591817,73,SavedShot,0.710999984741211,0.5520000076293945,0.01808406598865986,Loum Tchaouna,h,9977,OpenPlay,2024,LeftFoot,27396,Lazio,Verona,2,1,2024-09-16 18:45:00,,BallRecovery
2098,599216,80,MissedShots,0.9180000305175782,0.395,0.3092292547225952,Loum Tchaouna,h,9977,OpenPlay,2024,LeftFoot,27447,Lazio,Genoa,3,0,2024-10-27 14:00:00,Pedro,Chipped
2099,599220,90,MissedShots,0.8069999694824219,0.44799999237060545,0.03235554322600365,Loum Tchaouna,h,9977,FromCorner,2024,LeftFoot,27447,Lazio,Genoa,3,0,2024-10-27 14:00:00,,None
2100,599712,94,Goal,0.8490000152587891,0.525,0.29877132177352905,Loum Tchaouna,a,9977,OpenPlay,2024,RightFoot,27454,Como,Lazio,1,5,2024-10-31 19:45:00,Manuel Lazzari,Pass
2101,603665,82,MissedShots,0.8090000152587891,0.33299999237060546,0.04685867577791214,Loum Tchaouna,h,9977,OpenPlay,2024,LeftFoot,27486,Lazio,Bologna,3,0,2024-11-24 19:45:00,Matteo Guendouzi,Pass
2102,604764,64,MissedShots,0.9330000305175781,0.40700000762939453,0.08741456270217896,Loum Tchaouna,a,9977,SetPiece,2024,LeftFoot,27499,Parma Calcio 1913,Lazio,3,1,2024-12-01 14:00:00,Valentín Castellanos,HeadPass
2103,604765,71,SavedShot,0.9540000152587891,0.69,0.05435159057378769,Loum Tchaouna,a,9977,OpenPlay,2024,LeftFoot,27499,Parma Calcio 1913,Lazio,3,1,2024-12-01 14:00:00,Pedro,Pass
2104,604766,75,SavedShot,0.845,0.5540000152587891,0.043686337769031525,Loum Tchaouna,a,9977,SetPiece,2024,LeftFoot,27499,Parma Calcio 1913,Lazio,3,1,2024-12-01 14:00:00,Valentín Castellanos,Cross
2105,604770,84,MissedShots,0.9230000305175782,0.49700000762939456,0.42033374309539795,Loum Tchaouna,a,9977,OpenPlay,2024,LeftFoot,27499,Parma Calcio 1913,Lazio,3,1,2024-12-01 14:00:00,Luca Pellegrini,Cross
2106,607923,63,MissedShots,0.75,0.44299999237060544,0.020055294036865234,Loum Tchaouna,h,9977,OpenPlay,2024,RightFoot,27515,Lazio,Inter,0,6,2024-12-16 19:45:00,,Tackle
2107,607926,77,BlockedShot,0.8669999694824219,0.28200000762939453,0.040563471615314484,Loum Tchaouna,h,9977,OpenPlay,2024,LeftFoot,27515,Lazio,Inter,0,6,2024-12-16 19:45:00,Nicolo Rovella,Pass
2108,609361,41,MissedShots,0.7569999694824219,0.40099998474121096,0.023429041728377342,Loum Tchaouna,h,9977,OpenPlay,2024,LeftFoot,27535,Lazio,Atalanta,1,1,2024-12-28 19:45:00,Fisayo Dele-Bashiru,Pass
2109,610365,58,ShotOnPost,0.9309999847412109,0.43599998474121093,0.32995322346687317,Loum Tchaouna,a,9977,OpenPlay,2024,LeftFoot,27549,Roma,Lazio,2,0,2025-01-05 19:45:00,Boulaye Dia,HeadPass
2110,610371,85,BlockedShot,0.7659999847412109,0.43599998474121093,0.025660185143351555,Loum Tchaouna,a,9977,OpenPlay,2024,LeftFoot,27549,Roma,Lazio,2,0,2025-01-05 19:45:00,Nicolo Rovella,Pass
2111,549496,29,SavedShot,0.875999984741211,0.48,0.028920261189341545,Mario Gila,a,10577,FromCorner,2023,Head,22431,Salernitana,Lazio,2,1,2023-11-25 14:00:00,Danilo Cataldi,Cross
2112,552710,46,MissedShots,0.9009999847412109,0.5,0.06649438291788101,Mario Gila,a,10577,FromCorner,2023,Head,22449,Verona,Lazio,1,1,2023-12-09 14:00:00,Luis Alberto,Cross
2113,552723,92,BlockedShot,0.9740000152587891,0.5670000076293945,0.05666874349117279,Mario Gila,a,10577,FromCorner,2023,Head,22449,Verona,Lazio,1,1,2023-12-09 14:00:00,Nicolo Rovella,Card
2114,568957,20,MissedShots,0.9119999694824219,0.47,0.11513902992010117,Mario Gila,h,10577,SetPiece,2023,Head,22583,Lazio,Udinese,1,2,2024-03-11 19:45:00,Luis Alberto,Cross
2115,570911,28,SavedShot,0.924000015258789,0.49700000762939456,0.10981398075819016,Mario Gila,h,10577,FromCorner,2023,Head,22603,Lazio,Juventus,1,0,2024-03-30 17:00:00,Mattia Zaccagni,Cross
2116,570923,73,MissedShots,0.749000015258789,0.715,0.01560809276998043,Mario Gila,h,10577,FromCorner,2023,RightFoot,22603,Lazio,Juventus,1,0,2024-03-30 17:00:00,Gustav Isaksen,Pass
2117,572526,21,BlockedShot,0.7909999847412109,0.6909999847412109,0.01861634850502014,Mario Gila,a,10577,OpenPlay,2023,RightFoot,22608,Roma,Lazio,1,0,2024-04-06 16:00:00,Daichi Kamada,Pass
2118,574673,23,MissedShots,0.72,0.5020000076293946,0.017096521332859993,Mario Gila,a,10577,FromCorner,2023,RightFoot,22627,Genoa,Lazio,0,1,2024-04-19 16:30:00,,Rebound
2119,592821,5,BlockedShot,0.93,0.5070000076293946,0.05790424719452858,Mario Gila,a,10577,SetPiece,2024,Head,27404,Fiorentina,Lazio,2,1,2024-09-22 10:30:00,Nuno Tavares,Foul
2120,592822,7,MissedShots,0.9180000305175782,0.49700000762939456,0.04395400360226631,Mario Gila,a,10577,FromCorner,2024,Head,27404,Fiorentina,Lazio,2,1,2024-09-22 10:30:00,Mattia Zaccagni,Aerial
2121,592834,34,SavedShot,0.9069999694824219,0.515,0.028120310977101326,Mario Gila,a,10577,FromCorner,2024,Head,27404,Fiorentina,Lazio,2,1,2024-09-22 10:30:00,Gustav Isaksen,Aerial
2122,592836,40,Goal,0.9459999847412109,0.47,0.4907698333263397,Mario Gila,a,10577,SetPiece,2024,Head,27404,Fiorentina,Lazio,2,1,2024-09-22 10:30:00,Nuno Tavares,Aerial
2123,596134,68,BlockedShot,0.72,0.3890000152587891,0.013430309481918812,Mario Gila,h,10577,OpenPlay,2024,RightFoot,27423,Lazio,Empoli,2,1,2024-10-06 13:00:00,Matteo Guendouzi,Pass
2124,597354,84,OwnGoal,0.025,0.45099998474121095,0,Mario Gila,a,10577,OpenPlay,2024,RightFoot,27438,Juventus,Lazio,1,0,2024-10-19 18:45:00,,Challenge
2125,604757,51,MissedShots,0.909000015258789,0.4929999923706055,0.03692392259836197,Mario Gila,a,10577,FromCorner,2024,Head,27499,Parma Calcio 1913,Lazio,3,1,2024-12-01 14:00:00,Valentín Castellanos,Aerial
2126,42443,79,Goal,0.9930000305175781,0.4620000076293945,0.6808859705924988,Alessio Romagnoli,h,1119,FromCorner,2014,Head,5137,Sampdoria,Chievo,2,1,2014-09-24 19:45:00,Stefano Okaka,Pass
2127,42444,84,MissedShots,0.955999984741211,0.40700000762939453,0.06737030297517776,Alessio Romagnoli,h,1119,FromCorner,2014,Head,5137,Sampdoria,Chievo,2,1,2014-09-24 19:45:00,Angelo Palombo,Cross
2128,44767,23,BlockedShot,0.9280000305175782,0.575999984741211,0.02448269911110401,Alessio Romagnoli,h,1119,FromCorner,2014,Head,4999,Sampdoria,Napoli,1,1,2014-12-01 20:00:00,Angelo Palombo,Aerial
2129,44774,44,BlockedShot,0.909000015258789,0.595999984741211,0.09127440303564072,Alessio Romagnoli,h,1119,FromCorner,2014,RightFoot,4999,Sampdoria,Napoli,1,1,2014-12-01 20:00:00,Éder,Rebound
2130,47553,41,MissedShots,0.6730000305175782,0.47700000762939454,0.006671649869531393,Alessio Romagnoli,a,1119,OpenPlay,2014,LeftFoot,4945,Chievo,Sampdoria,2,1,2015-02-15 17:00:00,,None
2131,47750,6,MissedShots,0.91,0.49,0.273389995098114,Alessio Romagnoli,h,1119,SetPiece,2014,Head,4955,Sampdoria,Genoa,1,1,2015-02-24 17:30:00,Roberto Soriano,Cross
2132,49025,75,BlockedShot,0.9540000152587891,0.6229999923706054,0.024929499253630638,Alessio Romagnoli,h,1119,FromCorner,2014,Head,4851,Sampdoria,Cesena,0,0,2015-04-18 17:00:00,Joaquín Correa,Cross
2133,50748,52,Goal,0.9719999694824218,0.5570000076293945,0.14270099997520447,Alessio Romagnoli,h,1119,SetPiece,2014,Head,4822,Sampdoria,Parma,2,2,2015-05-31 19:45:00,Alfred Duncan,Cross
2134,96140,52,MissedShots,0.9419999694824219,0.485,0.1266070008277893,Alessio Romagnoli,h,1119,FromCorner,2015,Head,796,AC Milan,Genoa,2,1,2016-02-14 15:30:00,Giacomo Bonaventura,Cross
2135,98652,5,MissedShots,0.8680000305175781,0.4470000076293945,0.019320299848914146,Alessio Romagnoli,h,1119,FromCorner,2015,Head,850,AC Milan,Lazio,1,1,2016-03-20 23:45:00,Keisuke Honda,Cross
2136,99025,2,BlockedShot,0.9230000305175782,0.5479999923706055,0.054100099951028824,Alessio Romagnoli,a,1119,OpenPlay,2015,Head,858,Atalanta,AC Milan,2,1,2016-04-03 17:00:00,Giacomo Bonaventura,Aerial
2137,99045,84,MissedShots,0.894000015258789,0.49900001525878906,0.08666139841079712,Alessio Romagnoli,a,1119,SetPiece,2015,Head,858,Atalanta,AC Milan,2,1,2016-04-03 17:00:00,Mario Balotelli,Cross
2138,100529,33,MissedShots,0.6719999694824219,0.6020000076293945,0.010839199647307396,Alessio Romagnoli,h,1119,OpenPlay,2015,LeftFoot,890,AC Milan,Carpi,0,0,2016-04-21 22:45:00,Andrea Poli,Pass
2139,102834,73,MissedShots,0.9,0.4329999923706055,0.04177119955420494,Alessio Romagnoli,h,1119,FromCorner,2015,Head,923,AC Milan,Roma,1,3,2016-05-14 22:45:00,Giacomo Bonaventura,Cross
2140,149075,21,MissedShots,0.6990000152587891,0.5279999923706055,0.01408430002629757,Alessio Romagnoli,a,1119,OpenPlay,2016,LeftFoot,1020,Genoa,AC Milan,3,0,2016-10-25 22:45:00,Andrea Poli,Pass
2141,149738,37,MissedShots,0.950999984741211,0.34900001525878904,0.01989400014281273,Alessio Romagnoli,h,1119,SetPiece,2016,Head,3294,AC Milan,Pescara,1,0,2016-10-30 18:00:00,Giacomo Bonaventura,Cross
2142,152468,85,BlockedShot,0.9419999694824219,0.629000015258789,0.04826129972934723,Alessio Romagnoli,a,1119,FromCorner,2016,LeftFoot,3085,Roma,AC Milan,1,0,2016-12-13 00:00:00,Suso,Cross
2143,153923,1,SavedShot,0.9630000305175781,0.33799999237060546,0.011201299726963043,Alessio Romagnoli,h,1119,FromCorner,2016,Head,3528,AC Milan,Cagliari,1,0,2017-01-08 21:00:00,Suso,Cross
2144,144725,50,SavedShot,0.8980000305175782,0.5629999923706055,0.07193390280008316,Alessio Romagnoli,a,1119,SetPiece,2016,RightFoot,3539,Torino,AC Milan,2,2,2017-01-16 23:45:00,Davide Calabria,Cross
2145,148270,59,SavedShot,0.9130000305175782,0.4540000152587891,0.027166200801730156,Alessio Romagnoli,h,1119,FromCorner,2016,Head,3602,AC Milan,Chievo,3,1,2017-03-04 19:45:00,José Sosa,Aerial
2146,148273,69,MissedShots,0.9080000305175782,0.3920000076293945,0.02402539923787117,Alessio Romagnoli,h,1119,FromCorner,2016,Head,3602,AC Milan,Chievo,3,1,2017-03-04 19:45:00,José Sosa,Cross
2147,150010,22,MissedShots,0.865,0.509000015258789,0.021960299462080002,Alessio Romagnoli,a,1119,FromCorner,2016,Head,3639,Pescara,AC Milan,1,1,2017-04-02 14:00:00,Davide Calabria,CornerAwarded
2148,150016,37,MissedShots,0.749000015258789,0.524000015258789,0.02083520032465458,Alessio Romagnoli,a,1119,OpenPlay,2016,LeftFoot,3639,Pescara,AC Milan,1,1,2017-04-02 14:00:00,,None
2149,150026,65,MissedShots,0.9230000305175782,0.5129999923706055,0.06675869971513748,Alessio Romagnoli,a,1119,OpenPlay,2016,Head,3639,Pescara,AC Milan,1,1,2017-04-02 14:00:00,Lucas Ocampos,Aerial
2150,150031,84,ShotOnPost,0.919000015258789,0.5259999847412109,0.3578599989414215,Alessio Romagnoli,a,1119,SetPiece,2016,Head,3639,Pescara,AC Milan,1,1,2017-04-02 14:00:00,Davide Calabria,Cross
2151,151150,82,Goal,0.9340000152587891,0.43599998474121093,0.0978865996003151,Alessio Romagnoli,a,1119,FromCorner,2016,LeftFoot,3659,Inter,AC Milan,2,2,2017-04-15 11:30:00,Suso,Cross
2152,153599,47,MissedShots,0.8269999694824218,0.6940000152587891,0.017236199229955673,Alessio Romagnoli,h,1119,OpenPlay,2016,LeftFoot,3703,AC Milan,Bologna,3,0,2017-05-21 14:00:00,Leonel Vangioni,HeadPass
2153,173454,49,SavedShot,0.8730000305175781,0.415,0.0360615998506546,Alessio Romagnoli,h,1119,OpenPlay,2017,Head,7533,AC Milan,Udinese,2,1,2017-09-17 14:00:00,Suso,Cross
2154,173838,33,MissedShots,0.700999984741211,0.5840000152587891,0.01582390069961548,Alessio Romagnoli,h,1119,OpenPlay,2017,LeftFoot,7547,AC Milan,SPAL 2013,2,0,2017-09-20 19:45:00,Lucas Biglia,Pass
2155,174301,46,BlockedShot,0.735999984741211,0.5529999923706055,0.01898149959743023,Alessio Romagnoli,h,1119,OpenPlay,2017,LeftFoot,7564,AC Milan,Roma,0,2,2017-10-01 17:00:00,Lucas Biglia,Pass
2156,174590,70,MissedShots,0.9119999694824219,0.3940000152587891,0.1356399953365326,Alessio Romagnoli,a,1119,OpenPlay,2017,RightFoot,7574,Inter,AC Milan,3,2,2017-10-15 19:45:00,,TakeOn
2157,175701,38,Goal,0.9690000152587891,0.4640000152587891,0.1245030015707016,Alessio Romagnoli,a,1119,FromCorner,2017,Head,7618,Sassuolo,AC Milan,0,2,2017-11-05 19:45:00,Hakan Calhanoglu,Aerial
2158,175831,77,MissedShots,0.955,0.4490000152587891,0.07169990241527557,Alessio Romagnoli,a,1119,FromCorner,2017,Head,7623,Napoli,AC Milan,2,1,2017-11-18 19:45:00,Giacomo Bonaventura,Aerial
2159,175835,90,Goal,0.75,0.66,0.01254739984869957,Alessio Romagnoli,a,1119,OpenPlay,2017,LeftFoot,7623,Napoli,AC Milan,2,1,2017-11-18 19:45:00,,None
2160,186799,58,MissedShots,0.9030000305175782,0.5509999847412109,0.05502749979496002,Alessio Romagnoli,h,1119,FromCorner,2017,Head,7691,AC Milan,Crotone,1,0,2018-01-06 14:00:00,Hakan Calhanoglu,Cross
2161,195948,1,SavedShot,0.9440000152587891,0.555,0.36022600531578064,Alessio Romagnoli,a,1119,FromCorner,2017,Head,7737,SPAL 2013,AC Milan,0,4,2018-02-10 14:00:00,Suso,Cross
2162,227537,63,SavedShot,0.895,0.47299999237060547,0.06637570261955261,Alessio Romagnoli,a,1119,FromCorner,2018,Head,9629,Empoli,AC Milan,1,1,2018-09-27 19:00:00,Diego Laxalt,Cross
2163,252847,55,OwnGoal,0.050999999046325684,0.6359999847412109,0,Alessio Romagnoli,h,1119,OpenPlay,2018,LeftFoot,9581,AC Milan,Genoa,2,1,2018-10-31 18:30:00,,BallTouch
2164,252868,90,Goal,0.754000015258789,0.580999984741211,0.24797800183296204,Alessio Romagnoli,h,1119,OpenPlay,2018,LeftFoot,9581,AC Milan,Genoa,2,1,2018-10-31 18:30:00,,None
2165,253145,96,Goal,0.860999984741211,0.5320000076293945,0.08449439704418182,Alessio Romagnoli,a,1119,OpenPlay,2018,LeftFoot,9686,Udinese,AC Milan,0,1,2018-11-04 19:30:00,Suso,Card
2166,254927,75,SavedShot,0.905,0.54,0.021705400198698044,Alessio Romagnoli,a,1119,FromCorner,2018,Head,9751,Frosinone,AC Milan,0,0,2018-12-26 11:30:00,Hakan Calhanoglu,Aerial
2167,284832,89,MissedShots,0.92,0.445,0.08606210350990295,Alessio Romagnoli,a,1119,SetPiece,2018,LeftFoot,9838,Chievo,AC Milan,1,2,2019-03-09 19:30:00,Hakan Calhanoglu,Cross
2168,287046,70,MissedShots,0.9130000305175782,0.44099998474121094,0.07835859805345535,Alessio Romagnoli,h,1119,FromCorner,2018,Head,9856,AC Milan,Inter,2,3,2019-03-17 19:30:00,Suso,Cross
2169,290925,12,MissedShots,0.865999984741211,0.49400001525878906,0.03552040085196495,Alessio Romagnoli,h,1119,FromCorner,2018,Head,9872,AC Milan,Udinese,1,1,2019-04-02 18:00:00,,None
2170,290927,22,MissedShots,0.904000015258789,0.47200000762939454,0.04114989936351776,Alessio Romagnoli,h,1119,SetPiece,2018,Head,9872,AC Milan,Udinese,1,1,2019-04-02 18:00:00,Hakan Calhanoglu,Aerial
2171,298363,59,MissedShots,0.8419999694824218,0.505,0.056461598724126816,Alessio Romagnoli,a,1119,FromCorner,2018,LeftFoot,9911,Torino,AC Milan,2,0,2019-04-28 19:30:00,,None
2172,298365,65,MissedShots,0.8830000305175781,0.5329999923706055,0.017174499109387398,Alessio Romagnoli,a,1119,SetPiece,2018,Head,9911,Torino,AC Milan,2,0,2019-04-28 19:30:00,Hakan Calhanoglu,Aerial
2173,303258,42,BlockedShot,0.89,0.505,0.027713200077414513,Alessio Romagnoli,h,1119,SetPiece,2018,Head,9942,AC Milan,Frosinone,2,0,2019-05-19 16:00:00,Hakan Calhanoglu,Aerial
2174,313201,37,MissedShots,0.92,0.4179999923706055,0.09624669700860977,Alessio Romagnoli,a,1119,FromCorner,2019,LeftFoot,13091,Udinese,AC Milan,1,0,2019-08-25 17:00:00,,None
2175,313221,80,MissedShots,0.93,0.46599998474121096,0.11132299900054932,Alessio Romagnoli,a,1119,FromCorner,2019,Head,13091,Udinese,AC Milan,1,0,2019-08-25 17:00:00,Suso,Cross
2176,323569,34,MissedShots,0.7619999694824219,0.629000015258789,0.018263699486851692,Alessio Romagnoli,h,1119,OpenPlay,2019,LeftFoot,13143,AC Milan,Fiorentina,1,3,2019-09-29 18:45:00,,BallRecovery
2177,330050,57,MissedShots,0.9569999694824218,0.6,0.01868950016796589,Alessio Romagnoli,h,1119,FromCorner,2019,Head,13195,AC Milan,Lazio,1,2,2019-11-03 19:45:00,Hakan Calhanoglu,Aerial
2178,332377,20,SavedShot,0.8969999694824219,0.5520000076293945,0.04701710119843483,Alessio Romagnoli,h,1119,FromCorner,2019,Head,13213,AC Milan,Napoli,1,1,2019-11-23 17:00:00,Giacomo Bonaventura,Cross
2179,334229,4,MissedShots,0.945,0.46900001525878904,0.4223890006542206,Alessio Romagnoli,a,1119,FromCorner,2019,Head,13228,Parma Calcio 1913,AC Milan,0,1,2019-12-01 14:00:00,Hakan Calhanoglu,Cross
2180,337545,77,MissedShots,0.9490000152587891,0.5159999847412109,0.07821779698133469,Alessio Romagnoli,h,1119,FromCorner,2019,Head,13246,AC Milan,Sassuolo,0,0,2019-12-15 14:00:00,Suso,Aerial
2181,354148,30,MissedShots,0.925,0.5609999847412109,0.032325901091098785,Alessio Romagnoli,a,1119,FromCorner,2019,Head,13269,Cagliari,AC Milan,0,2,2020-01-11 14:00:00,Hakan Calhanoglu,Aerial
2182,354151,34,BlockedShot,0.889000015258789,0.63,0.03615489974617958,Alessio Romagnoli,a,1119,SetPiece,2019,LeftFoot,13269,Cagliari,AC Milan,0,2,2020-01-11 14:00:00,Hakan Calhanoglu,Cross
2183,355089,23,MissedShots,0.9540000152587891,0.555,0.07046200335025787,Alessio Romagnoli,h,1119,FromCorner,2019,Head,13286,AC Milan,Udinese,3,2,2020-01-19 11:30:00,Rafael Leão,Aerial
2184,355554,52,MissedShots,0.9059999847412109,0.54,0.0731939971446991,Alessio Romagnoli,a,1119,FromCorner,2019,LeftFoot,13289,Brescia,AC Milan,0,1,2020-01-24 19:45:00,Samu Castillejo,Cross
2185,357182,36,MissedShots,0.9419999694824219,0.4640000152587891,0.0665367990732193,Alessio Romagnoli,h,1119,FromCorner,2019,Head,13305,AC Milan,Verona,1,1,2020-02-02 14:00:00,Samu Castillejo,Aerial
2186,357183,40,MissedShots,0.8880000305175781,0.4229999923706055,0.024712400510907173,Alessio Romagnoli,h,1119,OpenPlay,2019,Head,13305,AC Milan,Verona,1,1,2020-02-02 14:00:00,Ante Rebic,Aerial
2187,371568,19,SavedShot,0.8909999847412109,0.539000015258789,0.01562879979610443,Alessio Romagnoli,h,1119,FromCorner,2019,Head,13416,AC Milan,Parma Calcio 1913,3,1,2020-07-15 17:30:00,Lucas Biglia,Aerial
2188,371588,58,Goal,0.895,0.4520000076293945,0.14435000717639923,Alessio Romagnoli,h,1119,SetPiece,2019,Head,13416,AC Milan,Parma Calcio 1913,3,1,2020-07-15 17:30:00,Hakan Calhanoglu,Cross
2189,381956,8,MissedShots,0.9,0.47299999237060547,0.1200070008635521,Alessio Romagnoli,a,1119,SetPiece,2020,RightFoot,15457,Inter,AC Milan,1,2,2020-10-17 16:00:00,Zlatan Ibrahimovic,Rebound
2190,384243,28,SavedShot,0.91,0.56,0.019893599674105644,Alessio Romagnoli,h,1119,FromCorner,2020,Head,15473,AC Milan,Roma,3,3,2020-10-26 19:45:00,Ismael Bennacer,Aerial
2191,384262,95,MissedShots,0.9580000305175781,0.4779999923706055,0.41388601064682007,Alessio Romagnoli,h,1119,FromCorner,2020,Head,15473,AC Milan,Roma,3,3,2020-10-26 19:45:00,Hakan Calhanoglu,Aerial
2192,389367,9,MissedShots,0.91,0.385,0.03695809841156006,Alessio Romagnoli,h,1119,SetPiece,2020,Head,15512,AC Milan,Fiorentina,2,0,2020-11-29 14:00:00,Hakan Calhanoglu,Cross
2193,389369,16,Goal,0.975,0.5429999923706055,0.5459690093994141,Alessio Romagnoli,h,1119,FromCorner,2020,Head,15512,AC Milan,Fiorentina,2,0,2020-11-29 14:00:00,Franck Kessié,Rebound
2194,389385,67,BlockedShot,0.909000015258789,0.605999984741211,0.013051100075244904,Alessio Romagnoli,h,1119,FromCorner,2020,Head,15512,AC Milan,Fiorentina,2,0,2020-11-29 14:00:00,Hakan Calhanoglu,Aerial
2195,391040,21,SavedShot,0.9769999694824218,0.41900001525878905,0.04222239926457405,Alessio Romagnoli,a,1119,FromCorner,2020,Head,15522,Sampdoria,AC Milan,1,2,2020-12-06 19:45:00,Hakan Calhanoglu,Aerial
2196,392467,39,BlockedShot,0.914000015258789,0.5820000076293945,0.01619100011885166,Alessio Romagnoli,h,1119,FromCorner,2020,Head,15532,AC Milan,Parma Calcio 1913,2,2,2020-12-13 19:45:00,Hakan Calhanoglu,Aerial
2197,393185,10,MissedShots,0.980999984741211,0.3679999923706055,0.06209539994597435,Alessio Romagnoli,a,1119,FromCorner,2020,LeftFoot,15538,Genoa,AC Milan,2,2,2020-12-16 19:45:00,Pierre Kalulu Kyatengwa,Rebound
2198,393189,37,MissedShots,0.965,0.5220000076293946,0.5250959992408752,Alessio Romagnoli,a,1119,FromCorner,2020,Head,15538,Genoa,AC Milan,2,2,2020-12-16 19:45:00,Hakan Calhanoglu,Cross
2199,396996,39,MissedShots,0.93,0.4490000152587891,0.1221269965171814,Alessio Romagnoli,a,1119,FromCorner,2020,LeftFoot,15567,Benevento,AC Milan,0,2,2021-01-03 17:00:00,Simon Kjaer,HeadPass
2200,397539,86,MissedShots,0.915,0.5420000076293945,0.04996360093355179,Alessio Romagnoli,h,1119,SetPiece,2020,Head,15581,AC Milan,Juventus,1,3,2021-01-06 19:45:00,Hakan Calhanoglu,Aerial
2201,401520,22,BlockedShot,0.9690000152587891,0.5940000152587891,0.11344099789857864,Alessio Romagnoli,a,1119,FromCorner,2020,LeftFoot,15619,Bologna,AC Milan,1,2,2021-01-30 14:00:00,,Rebound
2202,404483,30,MissedShots,0.93,0.425,0.07298210263252258,Alessio Romagnoli,a,1119,FromCorner,2020,Head,15642,Spezia,AC Milan,2,0,2021-02-13 19:45:00,Hakan Calhanoglu,Cross
2203,418236,89,MissedShots,0.9669999694824218,0.4779999923706055,0.7230510115623474,Alessio Romagnoli,a,1119,FromCorner,2020,LeftFoot,15749,Lazio,AC Milan,3,0,2021-04-26 18:45:00,,Rebound
2204,430639,1,SavedShot,0.875999984741211,0.415,0.06945820152759552,Alessio Romagnoli,h,1119,SetPiece,2021,LeftFoot,16780,AC Milan,Lazio,2,0,2021-09-12 16:00:00,,None
2205,430647,30,BlockedShot,0.7780000305175782,0.4159999847412109,0.02790669910609722,Alessio Romagnoli,h,1119,OpenPlay,2021,LeftFoot,16780,AC Milan,Lazio,2,0,2021-09-12 16:00:00,,None
2206,444568,20,Goal,0.9630000305175781,0.6090000152587891,0.04053569957613945,Alessio Romagnoli,h,1119,FromCorner,2021,Head,16889,AC Milan,Sassuolo,1,3,2021-11-28 14:00:00,Theo Hernández,Cross
2207,446017,51,MissedShots,0.9119999694824219,0.585,0.016140000894665718,Alessio Romagnoli,h,1119,FromCorner,2021,Head,16910,AC Milan,Salernitana,2,0,2021-12-04 14:00:00,Theo Hernández,Aerial
2208,447989,32,MissedShots,0.909000015258789,0.539000015258789,0.053995098918676376,Alessio Romagnoli,a,1119,FromCorner,2021,Head,16924,Udinese,AC Milan,1,1,2021-12-11 19:45:00,Alessandro Florenzi,Chipped
2209,447999,83,MissedShots,0.8690000152587891,0.4420000076293945,0.010724999941885471,Alessio Romagnoli,a,1119,SetPiece,2021,Head,16924,Udinese,AC Milan,1,1,2021-12-11 19:45:00,Sandro Tonali,Aerial
2210,450316,46,MissedShots,0.9819999694824219,0.575,0.46752500534057617,Alessio Romagnoli,a,1119,FromCorner,2021,RightFoot,16936,Empoli,AC Milan,2,4,2021-12-22 19:45:00,,Rebound
2211,450332,94,ShotOnPost,0.749000015258789,0.5870000076293945,0.010226399637758732,Alessio Romagnoli,a,1119,SetPiece,2021,LeftFoot,16936,Empoli,AC Milan,2,4,2021-12-22 19:45:00,,Aerial
2212,457321,70,SavedShot,0.9030000305175782,0.5129999923706055,0.024192599579691887,Alessio Romagnoli,h,1119,FromCorner,2021,Head,17001,AC Milan,Sampdoria,1,0,2022-02-13 11:30:00,Sandro Tonali,Aerial
2213,459319,52,MissedShots,0.8880000305175781,0.46599998474121096,0.02491600066423416,Alessio Romagnoli,h,1119,SetPiece,2021,Head,17021,AC Milan,Udinese,1,1,2022-02-25 17:45:00,Sandro Tonali,Aerial
2214,459328,81,SavedShot,0.875999984741211,0.46,0.02536799944937229,Alessio Romagnoli,h,1119,FromCorner,2021,Head,17021,AC Milan,Udinese,1,1,2022-02-25 17:45:00,Sandro Tonali,Cross
2215,459329,84,SavedShot,0.8909999847412109,0.504000015258789,0.01720549911260605,Alessio Romagnoli,h,1119,FromCorner,2021,Head,17021,AC Milan,Udinese,1,1,2022-02-25 17:45:00,Sandro Tonali,Aerial
2216,481084,13,SavedShot,0.8619999694824219,0.5690000152587891,0.01472460012882948,Alessio Romagnoli,h,1119,FromCorner,2022,Head,18586,Lazio,Bologna,2,1,2022-08-14 16:30:00,Danilo Cataldi,Cross
2217,489187,87,ShotOnPost,0.9059999847412109,0.5329999923706055,0.023863600566983223,Alessio Romagnoli,a,1119,FromCorner,2022,Head,18643,Cremonese,Lazio,0,4,2022-09-18 13:00:00,Luis Alberto,Aerial
2218,490506,23,Goal,0.8130000305175781,0.5079999923706054,0.044765301048755646,Alessio Romagnoli,h,1119,SetPiece,2022,LeftFoot,18657,Lazio,Spezia,4,0,2022-10-02 10:30:00,,None
2219,493630,11,MissedShots,0.9680000305175781,0.5779999923706055,0.10303500294685364,Alessio Romagnoli,h,1119,FromCorner,2022,Head,18676,Lazio,Udinese,0,0,2022-10-16 13:00:00,Danilo Cataldi,Cross
2220,495826,50,MissedShots,0.685,0.37400001525878906,0.011720900423824787,Alessio Romagnoli,a,1119,FromCorner,2022,LeftFoot,18682,Atalanta,Lazio,0,2,2022-10-23 16:00:00,,None
2221,495829,57,BlockedShot,0.9080000305175782,0.5820000076293945,0.04129109904170036,Alessio Romagnoli,a,1119,FromCorner,2022,Head,18682,Atalanta,Lazio,0,2,2022-10-23 16:00:00,Danilo Cataldi,Cross
2222,497443,79,BlockedShot,0.8690000152587891,0.44099998474121094,0.07069379836320877,Alessio Romagnoli,h,1119,SetPiece,2022,LeftFoot,18696,Lazio,Salernitana,1,3,2022-10-30 17:00:00,,None
2223,522994,45,SavedShot,0.9059999847412109,0.5690000152587891,0.06058318912982941,Alessio Romagnoli,a,1119,FromCorner,2022,RightFoot,18895,Inter,Lazio,3,1,2023-04-30 10:30:00,Luis Alberto,Cross
2224,524460,89,MissedShots,0.9769999694824218,0.5209999847412109,0.1671307384967804,Alessio Romagnoli,a,1119,FromCorner,2022,Head,18916,AC Milan,Lazio,2,0,2023-05-06 13:00:00,Luis Alberto,Aerial
2225,528291,63,ShotOnPost,0.9159999847412109,0.545,0.0299232080578804,Alessio Romagnoli,a,1119,FromCorner,2022,Head,18941,Udinese,Lazio,0,1,2023-05-21 18:45:00,Luis Alberto,Aerial
2226,528296,83,MissedShots,0.9,0.5640000152587891,0.04464917257428169,Alessio Romagnoli,a,1119,FromCorner,2022,Head,18941,Udinese,Lazio,0,1,2023-05-21 18:45:00,Luis Alberto,Cross
2227,529938,28,SavedShot,0.91,0.5779999923706055,0.01603853516280651,Alessio Romagnoli,h,1119,FromCorner,2022,Head,18947,Lazio,Cremonese,3,2,2023-05-28 16:00:00,Luis Alberto,Aerial
2228,530809,47,Goal,0.9740000152587891,0.5420000076293945,0.0968794897198677,Alessio Romagnoli,a,1119,FromCorner,2022,Head,18954,Empoli,Lazio,0,2,2023-06-03 19:00:00,Luis Alberto,Aerial
2229,537404,24,SavedShot,0.9,0.5320000076293945,0.05800348520278931,Alessio Romagnoli,a,1119,FromCorner,2023,Head,22335,Juventus,Lazio,3,1,2023-09-16 13:00:00,Luis Alberto,Cross
2230,544293,18,SavedShot,0.9590000152587891,0.5729999923706055,0.34042447805404663,Alessio Romagnoli,a,1119,FromCorner,2023,Head,22392,Sassuolo,Lazio,0,2,2023-10-21 18:45:00,Luis Alberto,Cross
2231,546509,61,BlockedShot,0.8780000305175781,0.5459999847412109,0.049748726189136505,Alessio Romagnoli,a,1119,FromCorner,2023,LeftFoot,22406,Bologna,Lazio,1,0,2023-11-03 19:45:00,Luis Alberto,Cross
2232,549169,27,SavedShot,0.9080000305175782,0.47200000762939454,0.10637027025222778,Alessio Romagnoli,h,1119,SetPiece,2023,Head,22416,Lazio,Roma,0,0,2023-11-12 17:00:00,Luis Alberto,Cross
2233,560375,38,BlockedShot,0.889000015258789,0.4779999923706055,0.07251156121492386,Alessio Romagnoli,h,1119,SetPiece,2023,Head,22520,Lazio,Napoli,0,0,2024-01-28 17:00:00,Luis Alberto,Cross
2234,569671,61,BlockedShot,0.8959999847412109,0.4640000152587891,0.0955001637339592,Alessio Romagnoli,a,1119,FromCorner,2023,LeftFoot,22586,Frosinone,Lazio,2,3,2024-03-16 19:45:00,,None
2235,570906,18,SavedShot,0.9790000152587891,0.7119999694824218,0.006721482612192631,Alessio Romagnoli,h,1119,SetPiece,2023,Head,22603,Lazio,Juventus,1,0,2024-03-30 17:00:00,Mattia Zaccagni,Aerial
2236,570919,54,MissedShots,0.825999984741211,0.654000015258789,0.026901060715317726,Alessio Romagnoli,h,1119,FromCorner,2023,LeftFoot,22603,Lazio,Juventus,1,0,2024-03-30 17:00:00,,None
2237,574687,64,BlockedShot,0.9219999694824219,0.49400001525878906,0.049758587032556534,Alessio Romagnoli,a,1119,FromCorner,2023,Head,22627,Genoa,Lazio,0,1,2024-04-19 16:30:00,Luis Alberto,Aerial
2238,578568,53,MissedShots,0.9640000152587891,0.63,0.012410268187522888,Alessio Romagnoli,a,1119,FromCorner,2023,Head,22653,Monza,Lazio,2,2,2024-05-04 16:00:00,Luis Alberto,Aerial
2239,583542,84,SavedShot,0.8869999694824219,0.575999984741211,0.01284953486174345,Alessio Romagnoli,h,1119,FromCorner,2023,Head,22681,Lazio,Sassuolo,1,1,2024-05-26 18:45:00,Felipe Anderson,Aerial
2240,591287,27,MissedShots,0.8640000152587891,0.4540000152587891,0.030544882640242577,Alessio Romagnoli,a,1119,SetPiece,2024,Head,27373,Udinese,Lazio,2,1,2024-08-24 16:30:00,Mattia Zaccagni,Cross
2241,591294,47,BlockedShot,0.9580000305175781,0.590999984741211,0.06988142430782318,Alessio Romagnoli,a,1119,FromCorner,2024,Head,27373,Udinese,Lazio,2,1,2024-08-24 16:30:00,Mattia Zaccagni,Cross
2242,594513,48,SavedShot,0.9690000152587891,0.49,0.7879468202590942,Alessio Romagnoli,a,1119,FromCorner,2024,LeftFoot,27421,Torino,Lazio,2,3,2024-09-29 10:30:00,,Rebound
2243,604758,51,SavedShot,0.9269999694824219,0.5570000076293945,0.2886646091938019,Alessio Romagnoli,a,1119,FromCorner,2024,Head,27499,Parma Calcio 1913,Lazio,3,1,2024-12-01 14:00:00,Mario Gila,None
2244,604767,75,MissedShots,0.914000015258789,0.44799999237060545,0.03596325218677521,Alessio Romagnoli,a,1119,FromCorner,2024,Head,27499,Parma Calcio 1913,Lazio,3,1,2024-12-01 14:00:00,Luca Pellegrini,Aerial
2245,610361,47,BlockedShot,0.9319999694824219,0.5309999847412109,0.056771595031023026,Alessio Romagnoli,a,1119,FromCorner,2024,Head,27549,Roma,Lazio,2,0,2025-01-05 19:45:00,Loum Tchaouna,Aerial
2246,43858,66,BlockedShot,0.715,0.255,0.01150980032980442,Elseid Hysaj,h,1375,FromCorner,2014,RightFoot,5031,Empoli,Juventus,0,2,2014-11-01 17:00:00,,None
2247,44646,91,BlockedShot,0.7180000305175781,0.3120000076293945,0.010705400258302689,Elseid Hysaj,h,1375,OpenPlay,2014,RightFoot,5062,Empoli,Atalanta,0,0,2014-11-30 14:00:00,,None
2248,45840,85,MissedShots,0.67,0.47900001525878905,0.01160889957100153,Elseid Hysaj,h,1375,FromCorner,2014,RightFoot,4962,Empoli,Verona,0,0,2015-01-06 14:00:00,,None
2249,45787,4,SavedShot,0.6869999694824219,0.39599998474121095,0.013087100349366665,Elseid Hysaj,h,1375,OpenPlay,2014,RightFoot,4977,Empoli,Inter,0,0,2015-01-17 17:00:00,Mirko Valdifiori,Pass
2250,46925,62,MissedShots,0.8059999847412109,0.3629999923706055,0.034249499440193176,Elseid Hysaj,h,1375,OpenPlay,2014,LeftFoot,4930,Empoli,Cesena,2,0,2015-02-08 14:00:00,,None
2251,48564,78,MissedShots,0.6840000152587891,0.6370000076293946,0.011609099805355072,Elseid Hysaj,a,1375,FromCorner,2014,RightFoot,4844,Lazio,Empoli,4,0,2015-04-12 14:00:00,,None
2252,50948,29,BlockedShot,0.7180000305175781,0.4470000076293945,0.01811400055885315,Elseid Hysaj,a,1375,OpenPlay,2014,RightFoot,4863,Atalanta,Empoli,2,2,2015-04-26 11:30:00,,TakeOn
2253,50580,89,BlockedShot,0.789000015258789,0.41700000762939454,0.023426499217748642,Elseid Hysaj,h,1375,FromCorner,2014,RightFoot,4796,Empoli,Fiorentina,2,3,2015-05-10 17:00:00,,None
2254,93642,67,BlockedShot,0.8019999694824219,0.7580000305175781,0.01827169954776764,Elseid Hysaj,a,1375,OpenPlay,2015,RightFoot,577,Empoli,Napoli,2,2,2015-09-13 17:00:00,Dries Mertens,Pass
2255,96922,60,SavedShot,0.88,0.22700000762939454,0.03669000044465065,Elseid Hysaj,h,1375,OpenPlay,2015,LeftFoot,629,Napoli,Fiorentina,2,1,2015-10-18 17:00:00,Allan,Dispossessed
2256,98323,47,MissedShots,0.72,0.4909999847412109,0.014153899624943733,Elseid Hysaj,a,1375,FromCorner,2015,LeftFoot,654,Genoa,Napoli,0,0,2015-11-01 18:00:00,,None
2257,98832,47,SavedShot,0.7930000305175782,0.3120000076293945,0.02421329915523529,Elseid Hysaj,h,1375,FromCorner,2015,RightFoot,669,Napoli,Udinese,1,0,2015-11-08 21:00:00,,Rebound
2258,98842,84,SavedShot,0.9469999694824218,0.32599998474121095,0.08254410326480865,Elseid Hysaj,h,1375,OpenPlay,2015,RightFoot,669,Napoli,Udinese,1,0,2015-11-08 21:00:00,Marek Hamsik,Pass
2259,101958,85,MissedShots,0.8569999694824219,0.23399999618530273,0.033957500010728836,Elseid Hysaj,h,1375,OpenPlay,2015,LeftFoot,729,Napoli,Torino,2,1,2016-01-06 23:45:00,José Callejón,Pass
2260,102448,24,MissedShots,0.7730000305175782,0.275,0.0196733009070158,Elseid Hysaj,a,1375,OpenPlay,2015,LeftFoot,737,Frosinone,Napoli,1,5,2016-01-10 18:00:00,,None
2261,102469,80,SavedShot,0.850999984741211,0.35,0.07859320193529129,Elseid Hysaj,a,1375,OpenPlay,2015,LeftFoot,737,Frosinone,Napoli,1,5,2016-01-10 18:00:00,Dries Mertens,Pass
2262,96639,51,MissedShots,0.7719999694824219,0.27899999618530275,0.018833400681614876,Elseid Hysaj,h,1375,OpenPlay,2015,LeftFoot,810,Napoli,AC Milan,1,1,2016-02-23 00:00:00,Marek Hamsik,Pass
2263,101531,42,MissedShots,0.759000015258789,0.39599998474121095,0.016880199313163757,Elseid Hysaj,h,1375,FromCorner,2015,RightFoot,910,Napoli,Atalanta,2,1,2016-05-02 23:00:00,,None
2264,102736,10,MissedShots,0.7190000152587891,0.48200000762939454,0.014064899645745754,Elseid Hysaj,h,1375,FromCorner,2015,LeftFoot,924,Napoli,Frosinone,4,0,2016-05-14 22:45:00,,None
2265,146435,25,MissedShots,0.8769999694824219,0.3060000038146973,0.06028449907898903,Elseid Hysaj,a,1375,OpenPlay,2016,RightFoot,974,Genoa,Napoli,0,0,2016-09-21 22:45:00,Raúl Albiol,TakeOn
2266,147431,20,BlockedShot,0.7169999694824218,0.3120000076293945,0.012978499755263329,Elseid Hysaj,a,1375,OpenPlay,2016,RightFoot,994,Atalanta,Napoli,1,0,2016-10-02 17:00:00,Jorginho,Pass
2267,150233,51,BlockedShot,0.725,0.4929999923706055,0.020351100713014603,Elseid Hysaj,h,1375,FromCorner,2016,RightFoot,2747,Napoli,Lazio,1,1,2016-11-05 23:45:00,Amadou Diawara,Pass
2268,150237,61,SavedShot,0.76,0.5670000076293945,0.033422499895095825,Elseid Hysaj,h,1375,FromCorner,2016,RightFoot,2747,Napoli,Lazio,1,1,2016-11-05 23:45:00,Piotr Zielinski,TakeOn
2269,153968,29,OwnGoal,0.03,0.49,0,Elseid Hysaj,h,1375,OpenPlay,2016,OtherBodyPart,3521,Napoli,Sampdoria,2,1,2017-01-07 23:45:00,,None
2270,144786,55,BlockedShot,0.8590000152587891,0.3160000038146973,0.08463670313358307,Elseid Hysaj,h,1375,OpenPlay,2016,RightFoot,3535,Napoli,Pescara,3,1,2017-01-15 18:00:00,Lorenzo Tonelli,Chipped
2271,145787,81,SavedShot,0.9230000305175782,0.3139999961853027,0.0618911013007164,Elseid Hysaj,h,1375,OpenPlay,2016,RightFoot,3559,Napoli,Palermo,1,1,2017-01-29 22:45:00,Dries Mertens,Pass
2272,147377,34,BlockedShot,0.919000015258789,0.345,0.08681900054216385,Elseid Hysaj,a,1375,OpenPlay,2016,LeftFoot,3589,Chievo,Napoli,1,3,2017-02-19 14:00:00,José Callejón,TakeOn
2273,153676,27,MissedShots,0.9890000152587891,0.3529999923706055,0.08918040245771408,Elseid Hysaj,h,1375,OpenPlay,2016,RightFoot,3706,Napoli,Fiorentina,4,1,2017-05-20 19:45:00,José Callejón,Pass
2274,173175,76,MissedShots,0.875,0.6469999694824219,0.08247610181570053,Elseid Hysaj,a,1375,OpenPlay,2017,RightFoot,7521,Bologna,Napoli,0,3,2017-09-10 19:45:00,Lorenzo Insigne,LayOff
2275,173495,77,SavedShot,0.8280000305175781,0.28,0.05493830144405365,Elseid Hysaj,h,1375,OpenPlay,2017,RightFoot,7534,Napoli,Benevento,6,0,2017-09-17 14:00:00,Adam Ounas,TakeOn
2276,175100,47,MissedShots,0.825,0.28600000381469726,0.03666520118713379,Elseid Hysaj,a,1375,OpenPlay,2017,RightFoot,7594,Genoa,Napoli,2,3,2017-10-25 19:45:00,Piotr Zielinski,Pass
2277,175113,88,SavedShot,0.9490000152587891,0.345,0.10387799888849258,Elseid Hysaj,a,1375,OpenPlay,2017,RightFoot,7594,Genoa,Napoli,2,3,2017-10-25 19:45:00,Marko Rog,Pass
2278,176231,63,MissedShots,0.7480000305175781,0.5629999923706055,0.0230794008821249,Elseid Hysaj,a,1375,FromCorner,2017,RightFoot,7638,Udinese,Napoli,0,1,2017-11-26 14:00:00,José Callejón,Cross
2279,176419,21,BlockedShot,0.8519999694824218,0.30700000762939456,0.03513050079345703,Elseid Hysaj,h,1375,OpenPlay,2017,RightFoot,7645,Napoli,Juventus,0,1,2017-12-01 19:45:00,,None
2280,185793,62,BlockedShot,0.8490000152587891,0.654000015258789,0.06304199993610382,Elseid Hysaj,a,1375,OpenPlay,2017,RightFoot,7682,Crotone,Napoli,0,1,2017-12-29 19:45:00,,None
2281,186695,60,MissedShots,0.7580000305175781,0.37400001525878906,0.011392300017178059,Elseid Hysaj,h,1375,OpenPlay,2017,RightFoot,7692,Napoli,Verona,2,0,2018-01-06 14:00:00,,Aerial
2282,186702,93,BlockedShot,0.769000015258789,0.325,0.023313099518418312,Elseid Hysaj,h,1375,OpenPlay,2017,RightFoot,7692,Napoli,Verona,2,0,2018-01-06 14:00:00,Allan,Pass
2283,202298,56,MissedShots,0.74,0.27399999618530274,0.014476800337433815,Elseid Hysaj,h,1375,OpenPlay,2017,RightFoot,7784,Napoli,Genoa,1,0,2018-03-18 19:45:00,Allan,Pass
2284,207906,28,MissedShots,0.7930000305175782,0.2929999923706055,0.019675200805068016,Elseid Hysaj,h,1375,OpenPlay,2017,LeftFoot,7802,Napoli,Chievo,2,1,2018-04-08 13:00:00,José Callejón,LayOff
2285,218391,23,MissedShots,0.8590000152587891,0.42900001525878906,0.0585642009973526,Elseid Hysaj,a,1375,OpenPlay,2018,RightFoot,9578,Lazio,Napoli,1,2,2018-08-18 21:30:00,José Callejón,Cross
2286,225649,94,BlockedShot,0.78,0.49400001525878906,0.08306349813938141,Elseid Hysaj,a,1375,OpenPlay,2018,RightFoot,9626,Torino,Napoli,1,3,2018-09-23 10:30:00,Lorenzo Insigne,Pass
2287,252289,85,BlockedShot,0.889000015258789,0.4129999923706055,0.11154499650001526,Elseid Hysaj,h,1375,OpenPlay,2018,LeftFoot,9653,Napoli,Sassuolo,2,0,2018-10-07 16:00:00,Lorenzo Insigne,Chipped
2288,252880,52,SavedShot,0.9730000305175781,0.6140000152587891,0.12894600629806519,Elseid Hysaj,h,1375,OpenPlay,2018,LeftFoot,9683,Napoli,Empoli,5,1,2018-11-02 19:30:00,Dries Mertens,Pass
2289,253244,34,BlockedShot,0.755,0.3129999923706055,0.01783430017530918,Elseid Hysaj,a,1375,OpenPlay,2018,RightFoot,9691,Genoa,Napoli,1,2,2018-11-10 19:30:00,Marek Hamsik,Pass
2290,254656,78,BlockedShot,0.754000015258789,0.28,0.01937440037727356,Elseid Hysaj,h,1375,OpenPlay,2018,RightFoot,9739,Napoli,SPAL 2013,1,0,2018-12-22 14:00:00,Lorenzo Insigne,Pass
2291,277695,58,BlockedShot,0.8480000305175781,0.6370000076293946,0.053399600088596344,Elseid Hysaj,h,1375,SetPiece,2018,RightFoot,9813,Napoli,Torino,0,0,2019-02-17 19:30:00,Nikola Maksimovic,HeadPass
2292,277930,83,BlockedShot,0.8690000152587891,0.735,0.05379899963736534,Elseid Hysaj,a,1375,OpenPlay,2018,RightFoot,9823,Parma Calcio 1913,Napoli,0,4,2019-02-24 17:00:00,Dries Mertens,Pass
2293,278184,31,MissedShots,0.735999984741211,0.515,0.013321399688720703,Elseid Hysaj,h,1375,FromCorner,2018,RightFoot,9836,Napoli,Juventus,1,2,2019-03-03 19:30:00,,Aerial
2294,278202,74,MissedShots,0.7659999847412109,0.34900001525878904,0.013592200353741646,Elseid Hysaj,h,1375,FromCorner,2018,RightFoot,9836,Napoli,Juventus,1,2,2019-03-03 19:30:00,,Aerial
2295,288054,23,MissedShots,0.745,0.29200000762939454,0.03460799902677536,Elseid Hysaj,a,1375,OpenPlay,2018,RightFoot,9866,Roma,Napoli,1,4,2019-03-31 13:00:00,,TakeOn
2296,292894,64,BlockedShot,0.7830000305175782,0.35200000762939454,0.02483380027115345,Elseid Hysaj,h,1375,OpenPlay,2018,LeftFoot,9882,Napoli,Genoa,1,1,2019-04-07 19:30:00,,None
2297,296386,47,MissedShots,0.965,0.685,0.06870190054178238,Elseid Hysaj,h,1375,OpenPlay,2018,LeftFoot,9903,Napoli,Atalanta,1,2,2019-04-22 18:00:00,,None
2298,323196,90,SavedShot,0.8109999847412109,0.2929999923706055,0.025635499507188797,Elseid Hysaj,h,1375,OpenPlay,2019,RightFoot,13144,Napoli,Brescia,2,1,2019-09-29 10:30:00,José Callejón,Pass
2299,354203,49,BlockedShot,0.909000015258789,0.29700000762939455,0.04221450164914131,Elseid Hysaj,a,1375,OpenPlay,2019,LeftFoot,13273,Lazio,Napoli,1,0,2020-01-11 17:00:00,Allan,TakeOn
2300,369779,62,MissedShots,0.7630000305175781,0.28600000381469726,0.013114199973642826,Elseid Hysaj,a,1375,OpenPlay,2019,RightFoot,13392,Genoa,Napoli,1,2,2020-07-08 17:30:00,,None
2301,373590,7,Goal,0.775,0.664000015258789,0.018099699169397354,Elseid Hysaj,h,1375,OpenPlay,2019,RightFoot,13443,Napoli,Sassuolo,2,0,2020-07-25 19:45:00,Piotr Zielinski,Pass
2302,373598,41,SavedShot,0.965,0.6909999847412109,0.12903399765491486,Elseid Hysaj,h,1375,OpenPlay,2019,LeftFoot,13443,Napoli,Sassuolo,2,0,2020-07-25 19:45:00,Lorenzo Insigne,Throughball
2303,381711,10,BlockedShot,0.86,0.6370000076293946,0.06626400351524353,Elseid Hysaj,h,1375,OpenPlay,2020,RightFoot,15456,Napoli,Atalanta,4,1,2020-10-17 13:00:00,Victor Osimhen,Pass
2304,386816,2,MissedShots,0.8480000305175781,0.6759999847412109,0.041920799762010574,Elseid Hysaj,a,1375,OpenPlay,2020,LeftFoot,15488,Bologna,Napoli,0,1,2020-11-08 17:00:00,,None
2305,386826,38,BlockedShot,0.7369999694824219,0.6079999923706054,0.01780259981751442,Elseid Hysaj,a,1375,OpenPlay,2020,RightFoot,15488,Bologna,Napoli,0,1,2020-11-08 17:00:00,Victor Osimhen,Pass
2306,395420,35,MissedShots,0.7959999847412109,0.6509999847412109,0.02897080034017563,Elseid Hysaj,h,1375,OpenPlay,2020,LeftFoot,15560,Napoli,Torino,1,1,2020-12-23 19:45:00,Eljif Elmas,Pass
2307,399212,33,MissedShots,0.6719999694824219,0.4420000076293945,0.007712520193308592,Elseid Hysaj,h,1375,SetPiece,2020,LeftFoot,15602,Napoli,Fiorentina,6,0,2021-01-17 11:30:00,,Aerial
2308,400813,86,BlockedShot,0.7969999694824219,0.6419999694824219,0.03269530087709427,Elseid Hysaj,a,1375,OpenPlay,2020,RightFoot,15615,Verona,Napoli,3,1,2021-01-24 14:00:00,Eljif Elmas,Pass
2309,409229,48,BlockedShot,0.69,0.5070000076293946,0.020546099171042442,Elseid Hysaj,h,1375,OpenPlay,2020,RightFoot,15678,Napoli,Bologna,3,1,2021-03-07 19:45:00,Lorenzo Insigne,Pass
2310,419879,33,MissedShots,0.784000015258789,0.6730000305175782,0.028604399412870407,Elseid Hysaj,a,1375,OpenPlay,2020,RightFoot,15772,Spezia,Napoli,1,4,2021-05-08 13:00:00,Lorenzo Insigne,BallTouch
2311,427401,77,SavedShot,0.860999984741211,0.645,0.09893260151147842,Elseid Hysaj,a,1375,OpenPlay,2021,RightFoot,16759,Empoli,Lazio,1,3,2021-08-21 18:45:00,Francesco Acerbi,Chipped
2312,428850,69,Goal,0.8469999694824218,0.4809999847412109,0.45177599787712097,Elseid Hysaj,h,1375,OpenPlay,2021,RightFoot,16768,Lazio,Spezia,6,1,2021-08-28 16:30:00,Luis Alberto,Throughball
2313,432981,88,MissedShots,0.735,0.5279999923706055,0.015371600165963173,Elseid Hysaj,a,1375,FromCorner,2021,RightFoot,16805,Torino,Lazio,1,1,2021-09-23 16:30:00,,None
2314,454821,53,MissedShots,0.7230000305175781,0.44299999237060544,0.010748899541795254,Elseid Hysaj,h,1375,SetPiece,2021,LeftFoot,16981,Lazio,Atalanta,0,0,2022-01-22 19:45:00,,None
2315,495835,89,SavedShot,0.7630000305175781,0.46700000762939453,0.03956050053238869,Elseid Hysaj,a,1375,OpenPlay,2022,LeftFoot,18682,Atalanta,Lazio,0,2,2022-10-23 16:00:00,Sergej Milinkovic-Savic,Pass
2316,510063,12,MissedShots,0.7730000305175782,0.6819999694824219,0.015717100352048874,Elseid Hysaj,a,1375,FromCorner,2022,LeftFoot,18807,Salernitana,Lazio,0,2,2023-02-19 14:00:00,,None
2317,515801,55,BlockedShot,0.8480000305175781,0.5879999923706055,0.07864169776439667,Elseid Hysaj,h,1375,OpenPlay,2022,RightFoot,18845,Lazio,Roma,1,0,2023-03-19 17:00:00,Sergej Milinkovic-Savic,Pass
2318,529934,3,Goal,0.9290000152587891,0.6759999847412109,0.31804677844047546,Elseid Hysaj,h,1375,OpenPlay,2022,LeftFoot,18947,Lazio,Cremonese,3,2,2023-05-28 16:00:00,Ciro Immobile,Throughball
2319,549517,91,MissedShots,0.7919999694824219,0.345,0.019304832443594933,Elseid Hysaj,a,1375,FromCorner,2023,RightFoot,22431,Salernitana,Lazio,2,1,2023-11-25 14:00:00,,None
2320,583528,2,SavedShot,0.889000015258789,0.5129999923706055,0.3967122435569763,Elseid Hysaj,h,1375,OpenPlay,2023,RightFoot,22681,Lazio,Sassuolo,1,1,2024-05-26 18:45:00,Mario Gila,Throughball
2321,277491,3,MissedShots,0.745,0.629000015258789,0.014694900251924992,Luca Pellegrini,h,4970,OpenPlay,2018,LeftFoot,9808,Cagliari,Parma Calcio 1913,2,1,2019-02-16 17:00:00,,None
2322,277832,47,MissedShots,0.7480000305175781,0.6969999694824218,0.014258800074458122,Luca Pellegrini,a,4970,OpenPlay,2018,LeftFoot,9824,Sampdoria,Cagliari,1,0,2019-02-24 11:30:00,,BallRecovery
2323,320047,10,SavedShot,0.7419999694824219,0.629000015258789,0.019099000841379166,Luca Pellegrini,h,4970,OpenPlay,2019,RightFoot,13121,Cagliari,Genoa,3,1,2019-09-20 18:45:00,Luca Cigarini,Pass
2324,320065,71,BlockedShot,0.735,0.5320000076293945,0.015349100343883038,Luca Pellegrini,h,4970,FromCorner,2019,LeftFoot,13121,Cagliari,Genoa,3,1,2019-09-20 18:45:00,,None
2325,326267,60,MissedShots,0.715,0.31,0.03384409844875336,Luca Pellegrini,h,4970,DirectFreekick,2019,LeftFoot,13160,Cagliari,SPAL 2013,2,0,2019-10-20 14:00:00,,Standard
2326,338447,81,MissedShots,0.725,0.7290000152587891,0.007269210182130337,Luca Pellegrini,a,4970,OpenPlay,2019,LeftFoot,13258,Udinese,Cagliari,2,1,2019-12-21 14:00:00,Luca Cigarini,Chipped
2327,356124,15,MissedShots,0.9230000305175782,0.59,0.07739769667387009,Luca Pellegrini,a,4970,OpenPlay,2019,Head,13291,Inter,Cagliari,1,1,2020-01-26 11:30:00,Radja Nainggolan,Cross
2328,356746,10,BlockedShot,0.735999984741211,0.7669999694824219,0.012228099629282951,Luca Pellegrini,h,4970,OpenPlay,2019,LeftFoot,13301,Cagliari,Parma Calcio 1913,2,2,2020-02-01 17:00:00,Radja Nainggolan,Pass
2329,356762,50,SavedShot,0.9169999694824219,0.6930000305175781,0.25808799266815186,Luca Pellegrini,h,4970,OpenPlay,2019,RightFoot,13301,Cagliari,Parma Calcio 1913,2,2,2020-02-01 17:00:00,Ragnar Klavan,TakeOn
2330,358449,43,BlockedShot,0.9569999694824218,0.6880000305175781,0.032963499426841736,Luca Pellegrini,a,4970,OpenPlay,2019,RightFoot,13311,Genoa,Cagliari,1,0,2020-02-09 14:00:00,Radja Nainggolan,TakeOn
2331,358455,57,SavedShot,0.8469999694824218,0.4759999847412109,0.06992679834365845,Luca Pellegrini,a,4970,OpenPlay,2019,RightFoot,13311,Genoa,Cagliari,1,0,2020-02-09 14:00:00,João Pedro,TakeOn
2332,359508,71,SavedShot,0.7580000305175781,0.7190000152587891,0.009835460223257542,Luca Pellegrini,h,4970,OpenPlay,2019,RightFoot,13321,Cagliari,Napoli,0,1,2020-02-16 17:00:00,Ragnar Klavan,TakeOn
2333,359512,84,MissedShots,0.805,0.6819999694824219,0.019370000809431076,Luca Pellegrini,h,4970,FromCorner,2019,LeftFoot,13321,Cagliari,Napoli,0,1,2020-02-16 17:00:00,,None
2334,361431,24,SavedShot,0.9069999694824219,0.750999984741211,0.03317299857735634,Luca Pellegrini,h,4970,OpenPlay,2019,LeftFoot,13339,Cagliari,Roma,3,4,2020-03-01 17:00:00,Radja Nainggolan,Pass
2335,366125,49,MissedShots,0.8919999694824219,0.605999984741211,0.06776969879865646,Luca Pellegrini,a,4970,OpenPlay,2019,LeftFoot,13356,SPAL 2013,Cagliari,0,1,2020-06-23 17:30:00,Federico Mattiello,Cross
2336,366129,60,BlockedShot,0.705,0.78,0.010493500158190727,Luca Pellegrini,a,4970,OpenPlay,2019,LeftFoot,13356,SPAL 2013,Cagliari,0,1,2020-06-23 17:30:00,Artur Ionita,Pass
2337,385611,25,OwnGoal,0.035,0.5059999847412109,0,Luca Pellegrini,h,4970,OpenPlay,2020,LeftFoot,15448,Genoa,Torino,1,2,2020-11-04 18:00:00,,BallTouch
2338,385619,49,MissedShots,0.8219999694824218,0.6769999694824219,0.022794600576162338,Luca Pellegrini,h,4970,FromCorner,2020,LeftFoot,15448,Genoa,Torino,1,2,2020-11-04 18:00:00,,None
2339,388114,58,MissedShots,0.9059999847412109,0.6819999694824219,0.04958239942789078,Luca Pellegrini,a,4970,OpenPlay,2020,LeftFoot,15504,Udinese,Genoa,1,0,2020-11-22 17:00:00,Milan Badelj,Chipped
2340,388119,79,MissedShots,0.6919999694824219,0.6930000305175781,0.011708199977874756,Luca Pellegrini,a,4970,OpenPlay,2020,LeftFoot,15504,Udinese,Genoa,1,0,2020-11-22 17:00:00,Lukas Lerager,Pass
2341,389851,46,MissedShots,0.665,0.7080000305175781,0.009516100399196148,Luca Pellegrini,h,4970,OpenPlay,2020,LeftFoot,15510,Genoa,Parma Calcio 1913,1,2,2020-11-30 19:45:00,Eldor Shomurodov,BallRecovery
2342,389862,96,MissedShots,0.749000015258789,0.7240000152587891,0.008778310380876064,Luca Pellegrini,h,4970,OpenPlay,2020,LeftFoot,15510,Genoa,Parma Calcio 1913,1,2,2020-11-30 19:45:00,Goran Pandev,TakeOn
2343,449510,41,MissedShots,0.735999984741211,0.774000015258789,0.01541810017079115,Luca Pellegrini,a,4970,OpenPlay,2021,LeftFoot,16927,Bologna,Juventus,0,2,2021-12-18 17:00:00,Arthur,Pass
2344,464537,72,MissedShots,0.8590000152587891,0.4779999923706055,0.03031430020928383,Luca Pellegrini,h,4970,OpenPlay,2021,Head,17051,Juventus,Salernitana,2,0,2022-03-20 14:00:00,Mattia De Sciglio,Cross
2345,464541,87,SavedShot,0.8590000152587891,0.3529999923706055,0.0723612979054451,Luca Pellegrini,h,4970,OpenPlay,2021,LeftFoot,17051,Juventus,Salernitana,2,0,2022-03-20 14:00:00,Juan Cuadrado,Pass
2346,466946,22,BlockedShot,0.8519999694824218,0.6809999847412109,0.038972798734903336,Luca Pellegrini,a,4970,OpenPlay,2021,LeftFoot,17067,Cagliari,Juventus,1,2,2022-04-09 18:45:00,,None
2347,466952,38,BlockedShot,0.8080000305175781,0.7569999694824219,0.016170300543308258,Luca Pellegrini,a,4970,OpenPlay,2021,LeftFoot,17067,Cagliari,Juventus,1,2,2022-04-09 18:45:00,,None
2348,472447,3,ShotOnPost,0.750999984741211,0.5629999923706055,0.021501900628209114,Luca Pellegrini,h,4970,OpenPlay,2021,LeftFoot,17099,Juventus,Venezia,2,1,2022-05-01 10:30:00,,BallRecovery
2349,482424,29,MissedShots,0.715999984741211,0.455,0.012319699861109257,Luca Pellegrini,h,4970,OpenPlay,2022,LeftFoot,19367,Eintracht Frankfurt,FC Cologne,1,1,2022-08-21 13:30:00,,None
2350,482430,54,MissedShots,0.7919999694824219,0.16700000762939454,0.03648630157113075,Luca Pellegrini,h,4970,DirectFreekick,2022,LeftFoot,19367,Eintracht Frankfurt,FC Cologne,1,1,2022-08-21 13:30:00,,Standard
2351,487464,10,MissedShots,0.805,0.17299999237060548,0.04020629823207855,Luca Pellegrini,h,4970,DirectFreekick,2022,LeftFoot,19391,Eintracht Frankfurt,Wolfsburg,0,1,2022-09-10 13:30:00,,Standard
2352,489960,21,MissedShots,0.830999984741211,0.6,0.06977950036525726,Luca Pellegrini,h,4970,OpenPlay,2022,LeftFoot,19409,Eintracht Frankfurt,Union Berlin,2,0,2022-10-01 13:30:00,,None
2353,489961,25,MissedShots,0.9319999694824219,0.779000015258789,0.044346000999212265,Luca Pellegrini,h,4970,OpenPlay,2022,LeftFoot,19409,Eintracht Frankfurt,Union Berlin,2,0,2022-10-01 13:30:00,,None
2354,489966,35,ShotOnPost,0.85,0.624000015258789,0.06534130126237869,Luca Pellegrini,h,4970,OpenPlay,2022,LeftFoot,19409,Eintracht Frankfurt,Union Berlin,2,0,2022-10-01 13:30:00,,Rebound
2355,489970,48,MissedShots,0.6680000305175782,0.7809999847412109,0.012478300370275974,Luca Pellegrini,h,4970,OpenPlay,2022,LeftFoot,19409,Eintracht Frankfurt,Union Berlin,2,0,2022-10-01 13:30:00,Sebastian Rode,Pass
2356,489971,53,MissedShots,0.8069999694824219,0.7469999694824219,0.054569900035858154,Luca Pellegrini,h,4970,OpenPlay,2022,LeftFoot,19409,Eintracht Frankfurt,Union Berlin,2,0,2022-10-01 13:30:00,,BallRecovery
2357,491434,30,MissedShots,0.305,0.54,0.005812840070575476,Luca Pellegrini,a,4970,OpenPlay,2022,LeftFoot,19419,Bochum,Eintracht Frankfurt,3,0,2022-10-08 13:30:00,Kristijan Jakic,Pass
2358,491445,73,SavedShot,0.750999984741211,0.7659999847412109,0.008838470093905926,Luca Pellegrini,a,4970,SetPiece,2022,LeftFoot,19419,Bochum,Eintracht Frankfurt,3,0,2022-10-08 13:30:00,,None
2359,496740,46,BlockedShot,0.769000015258789,0.7580000305175781,0.013760900124907494,Luca Pellegrini,h,4970,OpenPlay,2022,RightFoot,19445,Eintracht Frankfurt,Borussia Dortmund,1,2,2022-10-29 16:30:00,,BallRecovery
2360,496749,82,BlockedShot,0.7819999694824219,0.33599998474121096,0.07098080217838287,Luca Pellegrini,h,4970,DirectFreekick,2022,LeftFoot,19445,Eintracht Frankfurt,Borussia Dortmund,1,2,2022-10-29 16:30:00,,Standard
2361,497958,31,SavedShot,0.9619999694824218,0.6819999694824219,0.059234898537397385,Luca Pellegrini,a,4970,OpenPlay,2022,LeftFoot,19454,Augsburg,Eintracht Frankfurt,1,2,2022-11-05 14:30:00,Randal Kolo Muani,Pass
2362,500728,59,MissedShots,0.945,0.6869999694824219,0.05951580032706261,Luca Pellegrini,a,4970,OpenPlay,2022,LeftFoot,19470,Mainz 05,Eintracht Frankfurt,1,1,2022-11-13 14:30:00,Mario Götze,Pass
2363,524458,86,MissedShots,0.9359999847412109,0.705,0.08399217575788498,Luca Pellegrini,a,4970,OpenPlay,2022,LeftFoot,18916,AC Milan,Lazio,2,0,2023-05-06 13:00:00,Luis Alberto,Throughball
2364,525607,81,MissedShots,0.78,0.8059999847412109,0.011224240064620972,Luca Pellegrini,h,4970,OpenPlay,2022,LeftFoot,18927,Lazio,Lecce,2,2,2023-05-12 18:45:00,,None
2365,525610,90,MissedShots,0.7830000305175782,0.7040000152587891,0.017515048384666443,Luca Pellegrini,h,4970,OpenPlay,2022,LeftFoot,18927,Lazio,Lecce,2,2,2023-05-12 18:45:00,Toma Basic,Pass
2366,537417,53,MissedShots,0.74,0.7169999694824218,0.013382290489971638,Luca Pellegrini,a,4970,OpenPlay,2023,LeftFoot,22335,Juventus,Lazio,3,1,2023-09-16 13:00:00,Alessio Romagnoli,Pass
2367,546513,73,MissedShots,0.81,0.674000015258789,0.02230149880051613,Luca Pellegrini,a,4970,FromCorner,2023,LeftFoot,22406,Bologna,Lazio,1,0,2023-11-03 19:45:00,,BallTouch
2368,556809,45,MissedShots,0.7290000152587891,0.625999984741211,0.014911869540810585,Luca Pellegrini,h,4970,OpenPlay,2023,LeftFoot,22483,Lazio,Frosinone,3,1,2023-12-29 19:45:00,Nicolo Rovella,Pass
2369,557691,11,Goal,0.815,0.4490000152587891,0.15378695726394653,Luca Pellegrini,a,4970,DirectFreekick,2023,LeftFoot,22493,Udinese,Lazio,1,2,2024-01-07 14:00:00,,Standard
2370,560386,92,BlockedShot,0.6959999847412109,0.6129999923706054,0.011813567951321602,Luca Pellegrini,h,4970,OpenPlay,2023,LeftFoot,22520,Lazio,Napoli,0,0,2024-01-28 17:00:00,Felipe Anderson,Pass
2371,564236,93,BlockedShot,0.769000015258789,0.5879999923706055,0.016084376722574234,Luca Pellegrini,h,4970,OpenPlay,2023,RightFoot,22549,Lazio,Bologna,1,2,2024-02-18 11:30:00,,TakeOn
2372,583534,55,BlockedShot,0.8690000152587891,0.73,0.036344803869724274,Luca Pellegrini,h,4970,OpenPlay,2023,LeftFoot,22681,Lazio,Sassuolo,1,1,2024-05-26 18:45:00,Daichi Kamada,Pass
2373,601037,1,SavedShot,0.7280000305175781,0.29700000762939455,0.03608051314949989,Luca Pellegrini,h,4970,DirectFreekick,2024,LeftFoot,27471,Lazio,Cagliari,2,1,2024-11-04 19:45:00,,Standard
2374,603664,75,BlockedShot,0.8859999847412109,0.6029999923706054,0.07386741042137146,Luca Pellegrini,h,4970,OpenPlay,2024,LeftFoot,27486,Lazio,Bologna,3,0,2024-11-24 19:45:00,,Rebound
2375,604752,46,MissedShots,0.8030000305175782,0.6990000152587891,0.020003508776426315,Luca Pellegrini,a,4970,OpenPlay,2024,LeftFoot,27499,Parma Calcio 1913,Lazio,3,1,2024-12-01 14:00:00,Valentín Castellanos,Pass
2376,604768,79,BlockedShot,0.6880000305175781,0.595,0.007261280436068773,Luca Pellegrini,a,4970,OpenPlay,2024,RightFoot,27499,Parma Calcio 1913,Lazio,3,1,2024-12-01 14:00:00,Alessio Romagnoli,HeadPass
2377,173062,52,Goal,0.955999984741211,0.3840000152587891,0.36959901452064514,Manuel Lazzari,h,6180,OpenPlay,2017,LeftFoot,7512,SPAL 2013,Udinese,3,2,2017-08-27 19:45:00,,None
2378,173575,56,MissedShots,0.644000015258789,0.41200000762939454,0.011383599601686,Manuel Lazzari,h,6180,FromCorner,2017,RightFoot,7537,SPAL 2013,Cagliari,0,2,2017-09-17 14:00:00,,Aerial
2379,174352,13,MissedShots,0.8090000152587891,0.3940000152587891,0.04847019910812378,Manuel Lazzari,h,6180,OpenPlay,2017,RightFoot,7566,SPAL 2013,Crotone,1,1,2017-10-01 14:00:00,Mirco Antenucci,LayOff
2380,174359,30,MissedShots,0.69,0.4929999923706055,0.014893200248479843,Manuel Lazzari,h,6180,FromCorner,2017,RightFoot,7566,SPAL 2013,Crotone,1,1,2017-10-01 14:00:00,Federico Viviani,Pass
2381,175476,19,BlockedShot,0.7919999694824219,0.37599998474121094,0.022635100409388542,Manuel Lazzari,a,6180,OpenPlay,2017,LeftFoot,7609,Atalanta,SPAL 2013,1,1,2017-11-05 17:00:00,,Rebound
2382,175475,19,BlockedShot,0.765,0.40900001525878904,0.023585200309753418,Manuel Lazzari,a,6180,OpenPlay,2017,RightFoot,7609,Atalanta,SPAL 2013,1,1,2017-11-05 17:00:00,Federico Viviani,Pass
2383,176054,20,MissedShots,0.9,0.2979999923706055,0.054151501506567,Manuel Lazzari,a,6180,OpenPlay,2017,RightFoot,7632,Chievo,SPAL 2013,2,1,2017-11-25 17:00:00,Pasquale Schiattarella,TakeOn
2384,180263,37,SavedShot,0.9119999694824219,0.28899999618530275,0.05160300061106682,Manuel Lazzari,h,6180,OpenPlay,2017,RightFoot,7657,SPAL 2013,Verona,2,2,2017-12-10 14:00:00,,BallRecovery
2385,180267,46,SavedShot,0.785,0.19700000762939454,0.014112300239503384,Manuel Lazzari,h,6180,OpenPlay,2017,RightFoot,7657,SPAL 2013,Verona,2,2,2017-12-10 14:00:00,Alberto Paloschi,Pass
2386,184735,34,MissedShots,0.8630000305175781,0.355,0.055650100111961365,Manuel Lazzari,a,6180,OpenPlay,2017,LeftFoot,7660,Benevento,SPAL 2013,1,2,2017-12-17 17:00:00,,None
2387,185223,44,MissedShots,0.7330000305175781,0.37599998474121094,0.01706629991531372,Manuel Lazzari,h,6180,OpenPlay,2017,RightFoot,7677,SPAL 2013,Torino,2,2,2017-12-23 14:00:00,Pasquale Schiattarella,Pass
2388,185963,63,MissedShots,0.9840000152587891,0.24799999237060547,0.026144400238990784,Manuel Lazzari,a,6180,OpenPlay,2017,RightFoot,7687,Sampdoria,SPAL 2013,2,0,2017-12-30 14:00:00,Sergio Floccari,TakeOn
2389,186731,89,BlockedShot,0.7669999694824219,0.445,0.02544189989566803,Manuel Lazzari,h,6180,OpenPlay,2017,RightFoot,7695,SPAL 2013,Lazio,2,5,2018-01-06 14:00:00,Mirco Antenucci,TakeOn
2390,189229,46,MissedShots,0.7330000305175781,0.41,0.015154100023210049,Manuel Lazzari,a,6180,OpenPlay,2017,RightFoot,7707,Udinese,SPAL 2013,1,1,2018-01-21 14:00:00,Federico Mattiello,Tackle
2391,198755,33,MissedShots,0.9230000305175782,0.3220000076293945,0.05775570124387741,Manuel Lazzari,h,6180,OpenPlay,2017,RightFoot,7759,SPAL 2013,Bologna,1,0,2018-03-03 14:00:00,,None
2392,198761,70,MissedShots,0.7190000152587891,0.5479999923706055,0.013938900083303452,Manuel Lazzari,h,6180,FromCorner,2017,RightFoot,7759,SPAL 2013,Bologna,1,0,2018-03-03 14:00:00,,None
2393,205078,41,BlockedShot,0.8059999847412109,0.3089999961853027,0.022191600874066353,Manuel Lazzari,a,6180,OpenPlay,2017,LeftFoot,7796,Genoa,SPAL 2013,1,1,2018-03-31 14:00:00,Everton Luiz,Pass
2394,205084,59,Goal,0.9519999694824218,0.33,0.10161200165748596,Manuel Lazzari,a,6180,OpenPlay,2017,RightFoot,7796,Genoa,SPAL 2013,1,1,2018-03-31 14:00:00,Pasquale Schiattarella,Pass
2395,209793,22,BlockedShot,0.8930000305175781,0.31799999237060544,0.05288510024547577,Manuel Lazzari,h,6180,OpenPlay,2017,LeftFoot,7822,SPAL 2013,Chievo,0,0,2018-04-18 18:45:00,,None
2396,210273,10,MissedShots,0.74,0.4,0.01715880073606968,Manuel Lazzari,h,6180,OpenPlay,2017,RightFoot,7836,SPAL 2013,Roma,0,3,2018-04-21 13:00:00,,BallRecovery
2397,210289,63,SavedShot,0.9469999694824218,0.2589999961853027,0.01741579920053482,Manuel Lazzari,h,6180,OpenPlay,2017,RightFoot,7836,SPAL 2013,Roma,0,3,2018-04-21 13:00:00,Mirco Antenucci,Cross
2398,210292,68,MissedShots,0.9830000305175781,0.6940000152587891,0.01833209954202175,Manuel Lazzari,h,6180,FromCorner,2017,RightFoot,7836,SPAL 2013,Roma,0,3,2018-04-21 13:00:00,Jasmin Kurtic,TakeOn
2399,218715,24,BlockedShot,0.77,0.37400001525878906,0.023808199912309647,Manuel Lazzari,a,6180,OpenPlay,2018,RightFoot,9585,Bologna,SPAL 2013,0,1,2018-08-19 21:30:00,,TakeOn
2400,218721,37,MissedShots,0.750999984741211,0.575,0.020880699157714844,Manuel Lazzari,a,6180,OpenPlay,2018,LeftFoot,9585,Bologna,SPAL 2013,0,1,2018-08-19 21:30:00,,BallRecovery
2401,220771,27,SavedShot,0.855,0.28,0.03206770122051239,Manuel Lazzari,h,6180,OpenPlay,2018,LeftFoot,9589,SPAL 2013,Parma Calcio 1913,1,0,2018-08-26 19:00:00,Pasquale Schiattarella,Pass
2402,220783,80,MissedShots,0.87,0.3340000152587891,0.06939029693603516,Manuel Lazzari,h,6180,OpenPlay,2018,LeftFoot,9589,SPAL 2013,Parma Calcio 1913,1,0,2018-08-26 19:00:00,Mirko Valdifiori,Pass
2403,222678,34,BlockedShot,0.925,0.66,0.07141730189323425,Manuel Lazzari,a,6180,OpenPlay,2018,RightFoot,9606,Torino,SPAL 2013,1,0,2018-09-02 18:30:00,,BallRecovery
2404,252032,20,SavedShot,0.8119999694824219,0.31799999237060544,0.028084199875593185,Manuel Lazzari,a,6180,OpenPlay,2018,RightFoot,9638,Sampdoria,SPAL 2013,2,1,2018-10-01 18:30:00,,None
2405,252035,26,BlockedShot,0.9169999694824219,0.3770000076293945,0.06715460121631622,Manuel Lazzari,a,6180,OpenPlay,2018,RightFoot,9638,Sampdoria,SPAL 2013,2,1,2018-10-01 18:30:00,Filippo Costa,Cross
2406,252307,64,MissedShots,0.8830000305175781,0.35700000762939454,0.03956570103764534,Manuel Lazzari,h,6180,OpenPlay,2018,LeftFoot,9654,SPAL 2013,Inter,1,2,2018-10-07 18:30:00,Mohamed Fares,Cross
2407,252721,38,BlockedShot,0.7759999847412109,0.305,0.022216400131583214,Manuel Lazzari,h,6180,OpenPlay,2018,RightFoot,9674,SPAL 2013,Frosinone,0,3,2018-10-28 13:00:00,Pasquale Schiattarella,Pass
2408,253008,77,BlockedShot,0.7180000305175781,0.48,0.013988600112497807,Manuel Lazzari,a,6180,FromCorner,2018,RightFoot,9682,Lazio,SPAL 2013,4,1,2018-11-04 11:30:00,,None
2409,253014,86,MissedShots,0.805,0.73,0.014390500262379646,Manuel Lazzari,a,6180,OpenPlay,2018,RightFoot,9682,Lazio,SPAL 2013,4,1,2018-11-04 11:30:00,Filippo Costa,Pass
2410,253219,37,MissedShots,0.9269999694824219,0.28899999618530275,0.08101499825716019,Manuel Lazzari,h,6180,OpenPlay,2018,RightFoot,9694,SPAL 2013,Cagliari,2,2,2018-11-10 17:00:00,Mirco Antenucci,Pass
2411,253233,82,MissedShots,0.8969999694824219,0.625,0.11698000133037567,Manuel Lazzari,h,6180,OpenPlay,2018,LeftFoot,9694,SPAL 2013,Cagliari,2,2,2018-11-10 17:00:00,Mirco Antenucci,Pass
2412,253745,19,SavedShot,0.9540000152587891,0.34,0.014759100042283535,Manuel Lazzari,h,6180,OpenPlay,2018,Head,9714,SPAL 2013,Empoli,2,2,2018-12-01 14:00:00,Jasmin Kurtic,Cross
2413,254244,27,MissedShots,0.8040000152587891,0.31799999237060544,0.03575630113482475,Manuel Lazzari,a,6180,OpenPlay,2018,RightFoot,9726,Genoa,SPAL 2013,1,1,2018-12-09 17:00:00,Simone Missiroli,Pass
2414,254356,20,MissedShots,0.879000015258789,0.35700000762939454,0.03782159835100174,Manuel Lazzari,h,6180,OpenPlay,2018,RightFoot,9736,SPAL 2013,Chievo,0,0,2018-12-16 11:30:00,Mohamed Fares,Cross
2415,254648,57,SavedShot,0.8619999694824219,0.285,0.039585601538419724,Manuel Lazzari,a,6180,OpenPlay,2018,RightFoot,9739,Napoli,SPAL 2013,1,0,2018-12-22 14:00:00,Alberto Paloschi,Pass
2416,254944,25,BlockedShot,0.784000015258789,0.305,0.02246369980275631,Manuel Lazzari,h,6180,OpenPlay,2018,LeftFoot,9755,SPAL 2013,Udinese,0,0,2018-12-26 14:00:00,Thiago Cionek,Pass
2417,276784,20,SavedShot,0.9059999847412109,0.26399999618530273,0.03433550149202347,Manuel Lazzari,a,6180,OpenPlay,2018,RightFoot,9778,Parma Calcio 1913,SPAL 2013,2,3,2019-01-27 14:00:00,,Dispossessed
2418,277050,29,MissedShots,0.7680000305175781,0.32599998474121095,0.019495800137519836,Manuel Lazzari,h,6180,OpenPlay,2018,RightFoot,9787,SPAL 2013,Torino,0,0,2019-02-03 11:30:00,Mattia Valoti,Pass
2419,277059,67,MissedShots,0.7019999694824218,0.43900001525878907,0.009295370429754257,Manuel Lazzari,h,6180,SetPiece,2018,RightFoot,9787,SPAL 2013,Torino,0,0,2019-02-03 11:30:00,,None
2420,277341,25,BlockedShot,0.7730000305175782,0.24899999618530275,0.019395099952816963,Manuel Lazzari,a,6180,OpenPlay,2018,RightFoot,9797,Atalanta,SPAL 2013,2,1,2019-02-10 14:00:00,Jasmin Kurtic,Pass
2421,286362,28,BlockedShot,0.9530000305175781,0.34200000762939453,0.11788400262594223,Manuel Lazzari,h,6180,OpenPlay,2018,RightFoot,9854,SPAL 2013,Roma,2,1,2019-03-16 17:00:00,Alessandro Murgia,TakeOn
2422,286366,38,MissedShots,0.779000015258789,0.2539999961853027,0.01652899943292141,Manuel Lazzari,h,6180,OpenPlay,2018,RightFoot,9854,SPAL 2013,Roma,2,1,2019-03-16 17:00:00,Alessandro Murgia,LayOff
2423,288023,88,BlockedShot,0.7930000305175782,0.39799999237060546,0.060506001114845276,Manuel Lazzari,a,6180,OpenPlay,2018,RightFoot,9860,Frosinone,SPAL 2013,0,1,2019-03-31 13:00:00,Simone Missiroli,HeadPass
2424,291418,26,MissedShots,0.8190000152587891,0.35400001525878905,0.05819080024957657,Manuel Lazzari,h,6180,OpenPlay,2018,RightFoot,9875,SPAL 2013,Lazio,1,0,2019-04-03 20:00:00,Mohamed Fares,Pass
2425,295037,83,MissedShots,0.91,0.3160000038146973,0.06531679630279541,Manuel Lazzari,a,6180,OpenPlay,2018,RightFoot,9899,Empoli,SPAL 2013,2,4,2019-04-20 14:00:00,Thiago Cionek,TakeOn
2426,299373,20,BlockedShot,0.8430000305175781,0.3089999961853027,0.036326099187135696,Manuel Lazzari,a,6180,OpenPlay,2018,LeftFoot,9917,Chievo,SPAL 2013,0,4,2019-05-04 17:00:00,Jasmin Kurtic,Chipped
2427,299378,44,BlockedShot,0.9009999847412109,0.654000015258789,0.10467399656772614,Manuel Lazzari,a,6180,OpenPlay,2018,RightFoot,9917,Chievo,SPAL 2013,0,4,2019-05-04 17:00:00,Alessandro Murgia,Pass
2428,301530,72,BlockedShot,0.7980000305175782,0.5940000152587891,0.038724299520254135,Manuel Lazzari,h,6180,OpenPlay,2018,RightFoot,9928,SPAL 2013,Napoli,1,2,2019-05-12 17:00:00,Mirco Antenucci,Pass
2429,302181,22,MissedShots,0.740999984741211,0.37099998474121093,0.014552599750459194,Manuel Lazzari,a,6180,FromCorner,2018,RightFoot,9945,Udinese,SPAL 2013,3,2,2019-05-18 13:00:00,,None
2430,302186,41,MissedShots,0.784000015258789,0.2520000076293945,0.013104800134897232,Manuel Lazzari,a,6180,OpenPlay,2018,RightFoot,9945,Udinese,SPAL 2013,3,2,2019-05-18 13:00:00,Jasmin Kurtic,TakeOn
2431,302210,91,MissedShots,0.8469999694824218,0.35400001525878905,0.03336070105433464,Manuel Lazzari,a,6180,OpenPlay,2018,RightFoot,9945,Udinese,SPAL 2013,3,2,2019-05-18 13:00:00,Mohamed Fares,Cross
2432,304110,60,BlockedShot,0.875,0.28700000762939454,0.03786600008606911,Manuel Lazzari,h,6180,OpenPlay,2018,RightFoot,9955,SPAL 2013,AC Milan,2,3,2019-05-26 18:30:00,Mattia Valoti,Pass
2433,313357,31,SavedShot,0.855999984741211,0.32099998474121094,0.03921930119395256,Manuel Lazzari,a,6180,OpenPlay,2019,LeftFoot,13094,Sampdoria,Lazio,0,3,2019-08-25 19:45:00,Stefan Radu,Chipped
2434,316586,57,MissedShots,0.9619999694824218,0.41700000762939454,0.2116899937391281,Manuel Lazzari,h,6180,OpenPlay,2019,Head,13102,Lazio,Roma,1,1,2019-09-01 17:00:00,Stefan Radu,Cross
2435,331357,35,MissedShots,0.8919999694824219,0.40700000762939453,0.057680800557136536,Manuel Lazzari,h,6180,OpenPlay,2019,RightFoot,13203,Lazio,Lecce,4,2,2019-11-10 14:00:00,,Aerial
2436,336030,88,SavedShot,0.8859999847412109,0.3060000038146973,0.05937650054693222,Manuel Lazzari,h,6180,OpenPlay,2019,LeftFoot,13232,Lazio,Juventus,3,1,2019-12-07 19:45:00,Joaquín Correa,Pass
2437,336032,93,SavedShot,0.8640000152587891,0.4779999923706055,0.38088899850845337,Manuel Lazzari,h,6180,OpenPlay,2019,RightFoot,13232,Lazio,Juventus,3,1,2019-12-07 19:45:00,Senad Lulic,Pass
2438,353775,54,BlockedShot,0.909000015258789,0.2989999961853027,0.039296701550483704,Manuel Lazzari,a,6180,OpenPlay,2019,RightFoot,13261,Brescia,Lazio,1,2,2020-01-05 11:30:00,,Rebound
2439,357152,15,ShotOnPost,0.8880000305175781,0.34200000762939453,0.10776399821043015,Manuel Lazzari,h,6180,OpenPlay,2019,RightFoot,13303,Lazio,SPAL 2013,5,1,2020-02-02 14:00:00,Luis Alberto,Pass
2440,357154,18,SavedShot,0.865999984741211,0.40599998474121096,0.11538399755954742,Manuel Lazzari,h,6180,OpenPlay,2019,LeftFoot,13303,Lazio,SPAL 2013,5,1,2020-02-02 14:00:00,Ciro Immobile,Pass
2441,360209,94,SavedShot,0.8819999694824219,0.34200000762939453,0.10753300040960312,Manuel Lazzari,a,6180,OpenPlay,2019,RightFoot,13333,Genoa,Lazio,2,3,2020-02-23 11:30:00,Luis Alberto,Pass
2442,367282,57,MissedShots,0.904000015258789,0.25299999237060544,0.03655879944562912,Manuel Lazzari,h,6180,OpenPlay,2019,LeftFoot,13362,Lazio,Fiorentina,2,1,2020-06-27 19:45:00,Sergej Milinkovic-Savic,Pass
2443,371679,8,MissedShots,0.855999984741211,0.3089999961853027,0.0348179005086422,Manuel Lazzari,a,6180,OpenPlay,2019,LeftFoot,13409,Udinese,Lazio,0,0,2020-07-15 19:45:00,Stefan Radu,TakeOn
2444,371686,23,SavedShot,0.6719999694824219,0.33599998474121096,0.011055399663746357,Manuel Lazzari,a,6180,FromCorner,2019,RightFoot,13409,Udinese,Lazio,0,0,2020-07-15 19:45:00,,None
2445,373490,8,SavedShot,0.8619999694824219,0.29700000762939455,0.043045200407505035,Manuel Lazzari,h,6180,OpenPlay,2019,RightFoot,13431,Lazio,Cagliari,2,1,2020-07-23 19:45:00,Sergej Milinkovic-Savic,Pass
2446,373491,9,SavedShot,0.885,0.26799999237060546,0.01534430030733347,Manuel Lazzari,h,6180,OpenPlay,2019,RightFoot,13431,Lazio,Cagliari,2,1,2020-07-23 19:45:00,,Aerial
2447,373492,10,SavedShot,0.7219999694824218,0.32,0.012615500018000603,Manuel Lazzari,h,6180,FromCorner,2019,RightFoot,13431,Lazio,Cagliari,2,1,2020-07-23 19:45:00,,None
2448,378896,3,Goal,0.9769999694824218,0.4929999923706055,0.8216500282287598,Manuel Lazzari,a,6180,OpenPlay,2020,RightFoot,14124,Cagliari,Lazio,0,2,2020-09-26 16:00:00,,None
2449,386327,55,BlockedShot,0.7290000152587891,0.40099998474121096,0.01637900061905384,Manuel Lazzari,h,6180,OpenPlay,2020,RightFoot,15491,Lazio,Juventus,1,1,2020-11-08 11:30:00,Luis Alberto,Pass
2450,391780,44,OwnGoal,0.03799999952316284,0.49599998474121093,0,Manuel Lazzari,h,6180,OpenPlay,2020,RightFoot,15531,Lazio,Verona,1,2,2020-12-12 19:45:00,,BallTouch
2451,391784,58,SavedShot,0.8490000152587891,0.255,0.02582170069217682,Manuel Lazzari,h,6180,OpenPlay,2020,RightFoot,15531,Lazio,Verona,1,2,2020-12-12 19:45:00,Adam Marusic,Pass
2452,396781,30,MissedShots,0.9059999847412109,0.28299999237060547,0.0236929003149271,Manuel Lazzari,a,6180,OpenPlay,2020,RightFoot,15570,Genoa,Lazio,1,1,2021-01-03 14:00:00,,Aerial
2453,397250,4,BlockedShot,0.9569999694824218,0.38599998474121094,0.029336899518966675,Manuel Lazzari,h,6180,OpenPlay,2020,Head,15580,Lazio,Fiorentina,2,1,2021-01-06 14:00:00,Francesco Acerbi,Aerial
2454,397253,9,BlockedShot,0.8480000305175781,0.27299999237060546,0.062066398561000824,Manuel Lazzari,h,6180,OpenPlay,2020,RightFoot,15580,Lazio,Fiorentina,2,1,2021-01-06 14:00:00,Felipe Caicedo,Pass
2455,400970,9,MissedShots,0.7869999694824219,0.295,0.019941600039601326,Manuel Lazzari,h,6180,OpenPlay,2020,RightFoot,15610,Lazio,Sassuolo,2,1,2021-01-24 17:00:00,,None
2456,400976,21,MissedShots,0.8190000152587891,0.2620000076293945,0.021209200844168663,Manuel Lazzari,h,6180,OpenPlay,2020,RightFoot,15610,Lazio,Sassuolo,2,1,2021-01-24 17:00:00,José Reina,Pass
2457,400984,54,MissedShots,0.7919999694824219,0.325,0.018061699345707893,Manuel Lazzari,h,6180,FromCorner,2020,RightFoot,15610,Lazio,Sassuolo,2,1,2021-01-24 17:00:00,,None
2458,402161,65,SavedShot,0.9330000305175781,0.36900001525878906,0.1156110018491745,Manuel Lazzari,a,6180,OpenPlay,2020,RightFoot,15618,Atalanta,Lazio,1,3,2021-01-31 14:00:00,Sergej Milinkovic-Savic,Pass
2459,403943,12,BlockedShot,0.6969999694824218,0.285,0.010574700310826302,Manuel Lazzari,h,6180,OpenPlay,2020,RightFoot,15627,Lazio,Cagliari,1,0,2021-02-07 19:45:00,Ciro Immobile,Pass
2460,404977,62,MissedShots,0.8119999694824219,0.46599998474121096,0.0575191006064415,Manuel Lazzari,a,6180,OpenPlay,2020,LeftFoot,15641,Inter,Lazio,3,1,2021-02-14 19:45:00,Ciro Immobile,Pass
2461,404985,88,BlockedShot,0.82,0.47,0.06406109780073166,Manuel Lazzari,a,6180,OpenPlay,2020,LeftFoot,15641,Inter,Lazio,3,1,2021-02-14 19:45:00,Sergej Milinkovic-Savic,Pass
2462,406844,27,SavedShot,0.8590000152587891,0.3970000076293945,0.07656329870223999,Manuel Lazzari,a,6180,OpenPlay,2020,LeftFoot,15662,Bologna,Lazio,2,0,2021-02-27 17:00:00,Ciro Immobile,Pass
2463,411795,28,BlockedShot,0.740999984741211,0.30700000762939456,0.014984600245952606,Manuel Lazzari,a,6180,OpenPlay,2020,RightFoot,15700,Udinese,Lazio,0,1,2021-03-21 14:00:00,Stefan Radu,Pass
2464,412282,55,Goal,0.919000015258789,0.38099998474121094,0.3983739912509918,Manuel Lazzari,h,6180,OpenPlay,2020,RightFoot,15713,Lazio,Spezia,2,1,2021-04-03 13:00:00,Joaquín Correa,Pass
2465,412283,61,MissedShots,0.785,0.26600000381469724,0.12030799686908722,Manuel Lazzari,h,6180,OpenPlay,2020,RightFoot,15713,Lazio,Spezia,2,1,2021-04-03 13:00:00,,TakeOn
2466,415674,40,MissedShots,0.750999984741211,0.295,0.0135538000613451,Manuel Lazzari,h,6180,FromCorner,2020,RightFoot,15726,Lazio,Benevento,5,3,2021-04-18 13:00:00,,None
2467,418843,2,BlockedShot,0.8819999694824219,0.415,0.10623099654912949,Manuel Lazzari,h,6180,OpenPlay,2020,LeftFoot,15760,Lazio,Genoa,4,3,2021-05-02 10:30:00,Ciro Immobile,Pass
2468,418849,13,BlockedShot,0.7659999847412109,0.3770000076293945,0.01628669910132885,Manuel Lazzari,h,6180,OpenPlay,2020,RightFoot,15760,Lazio,Genoa,4,3,2021-05-02 10:30:00,,Rebound
2469,421412,31,MissedShots,0.8669999694824219,0.33099998474121095,0.04050860181450844,Manuel Lazzari,h,6180,OpenPlay,2020,RightFoot,15781,Lazio,Parma Calcio 1913,1,0,2021-05-12 18:45:00,,Rebound
2470,421415,33,SavedShot,0.875999984741211,0.32599998474121095,0.04200579971075058,Manuel Lazzari,h,6180,OpenPlay,2020,RightFoot,15781,Lazio,Parma Calcio 1913,1,0,2021-05-12 18:45:00,,Rebound
2471,423204,72,MissedShots,0.895,0.27700000762939453,0.021794499829411507,Manuel Lazzari,h,6180,OpenPlay,2020,RightFoot,15671,Lazio,Torino,0,0,2021-05-18 20:30:00,Senad Lulic,Cross
2472,423214,95,ShotOnPost,0.91,0.4279999923706055,0.08379189670085907,Manuel Lazzari,h,6180,OpenPlay,2020,Head,15671,Lazio,Torino,0,0,2021-05-18 20:30:00,Luis Alberto,Cross
2473,427390,30,Goal,0.8909999847412109,0.3509999847412109,0.1220100000500679,Manuel Lazzari,a,6180,OpenPlay,2021,RightFoot,16759,Empoli,Lazio,1,3,2021-08-21 18:45:00,Sergej Milinkovic-Savic,Throughball
2474,432026,19,BlockedShot,0.779000015258789,0.26799999237060546,0.014380699954926968,Manuel Lazzari,h,6180,FromCorner,2021,RightFoot,16791,Lazio,Cagliari,2,2,2021-09-19 16:00:00,,None
2475,438376,89,SavedShot,0.9530000305175781,0.30700000762939456,0.23846499621868134,Manuel Lazzari,a,6180,OpenPlay,2021,RightFoot,16839,Verona,Lazio,4,1,2021-10-24 13:00:00,,None
2476,439129,41,SavedShot,0.755,0.4259999847412109,0.027513399720191956,Manuel Lazzari,h,6180,OpenPlay,2021,LeftFoot,16849,Lazio,Fiorentina,1,0,2021-10-27 18:45:00,Felipe Anderson,LayOff
2477,442746,7,BlockedShot,0.7190000152587891,0.3770000076293945,0.012191199697554111,Manuel Lazzari,h,6180,OpenPlay,2021,RightFoot,16882,Lazio,Juventus,0,2,2021-11-20 17:00:00,,None
2478,445763,12,MissedShots,0.7719999694824219,0.3890000152587891,0.020800599828362465,Manuel Lazzari,h,6180,OpenPlay,2021,LeftFoot,16902,Lazio,Udinese,4,4,2021-12-02 19:45:00,Pedro,Pass
2479,453333,65,Goal,0.915,0.3679999923706055,0.13938699662685394,Manuel Lazzari,a,6180,OpenPlay,2021,RightFoot,16972,Salernitana,Lazio,0,3,2022-01-15 17:00:00,Felipe Anderson,Throughball
2480,465374,0,SavedShot,0.8919999694824219,0.27100000381469724,0.0610898993909359,Manuel Lazzari,h,6180,OpenPlay,2021,RightFoot,17060,Lazio,Sassuolo,2,1,2022-04-02 16:00:00,Ciro Immobile,Pass
2481,465378,16,Goal,0.8230000305175781,0.43099998474121093,0.07992629706859589,Manuel Lazzari,h,6180,OpenPlay,2021,LeftFoot,17060,Lazio,Sassuolo,2,1,2022-04-02 16:00:00,,TakeOn
2482,470863,29,MissedShots,0.755,0.34,0.0246869008988142,Manuel Lazzari,h,6180,OpenPlay,2021,RightFoot,17091,Lazio,AC Milan,1,2,2022-04-24 18:45:00,Thomas Strakosha,Pass
2483,471897,88,BlockedShot,0.835,0.365,0.04679640009999275,Manuel Lazzari,a,6180,OpenPlay,2021,LeftFoot,17104,Spezia,Lazio,3,4,2022-04-30 18:45:00,,None
2484,476853,14,BlockedShot,0.7930000305175782,0.48,0.039483100175857544,Manuel Lazzari,a,6180,OpenPlay,2021,LeftFoot,17120,Juventus,Lazio,2,2,2022-05-16 18:45:00,Sergej Milinkovic-Savic,Pass
2485,488140,41,MissedShots,0.9330000305175781,0.34299999237060547,0.07989340275526047,Manuel Lazzari,h,6180,OpenPlay,2022,RightFoot,18637,Lazio,Verona,2,0,2022-09-11 16:00:00,Felipe Anderson,Pass
2486,502891,7,MissedShots,0.735,0.4520000076293945,0.025034399703145027,Manuel Lazzari,h,6180,FromCorner,2022,RightFoot,18746,Lazio,Empoli,2,2,2023-01-08 14:00:00,Adam Marusic,Pass
2487,508668,83,SavedShot,0.8590000152587891,0.265,0.032283101230859756,Manuel Lazzari,h,6180,OpenPlay,2022,LeftFoot,18797,Lazio,Atalanta,0,2,2023-02-11 19:45:00,Nicolò Casale,Pass
2488,521017,92,BlockedShot,0.9380000305175781,0.32799999237060545,0.05781693011522293,Manuel Lazzari,h,6180,OpenPlay,2022,LeftFoot,18883,Lazio,Torino,0,1,2023-04-22 16:00:00,Felipe Anderson,Pass
2489,524069,35,SavedShot,0.89,0.44099998474121094,0.12627013027668,Manuel Lazzari,h,6180,OpenPlay,2022,LeftFoot,18906,Lazio,Sassuolo,2,0,2023-05-03 19:00:00,Matías Vecino,Pass
2490,525584,27,BlockedShot,0.8230000305175781,0.35900001525878905,0.04544832184910774,Manuel Lazzari,h,6180,OpenPlay,2022,RightFoot,18927,Lazio,Lecce,2,2,2023-05-12 18:45:00,Felipe Anderson,Pass
2491,529944,57,OwnGoal,0.07900000095367432,0.42200000762939455,0,Manuel Lazzari,h,6180,OpenPlay,2022,Head,18947,Lazio,Cremonese,3,2,2023-05-28 16:00:00,,Interception
2492,534064,43,SavedShot,0.889000015258789,0.3039999961853027,0.12800122797489166,Manuel Lazzari,a,6180,OpenPlay,2023,RightFoot,22312,Lecce,Lazio,2,1,2023-08-20 18:45:00,Ciro Immobile,Throughball
2493,535572,55,MissedShots,0.750999984741211,0.43099998474121093,0.01668991893529892,Manuel Lazzari,h,6180,FromCorner,2023,RightFoot,22321,Lazio,Genoa,0,1,2023-08-27 18:45:00,,None
2494,535576,65,MissedShots,0.7319999694824219,0.32799999237060545,0.013208786025643349,Manuel Lazzari,h,6180,FromCorner,2023,RightFoot,22321,Lazio,Genoa,0,1,2023-08-27 18:45:00,,None
2495,535577,73,MissedShots,0.685,0.38299999237060545,0.015687886625528336,Manuel Lazzari,h,6180,FromCorner,2023,RightFoot,22321,Lazio,Genoa,0,1,2023-08-27 18:45:00,Mattia Zaccagni,Pass
2496,549501,46,BlockedShot,0.8780000305175781,0.33299999237060546,0.058734964579343796,Manuel Lazzari,a,6180,OpenPlay,2023,RightFoot,22431,Salernitana,Lazio,2,1,2023-11-25 14:00:00,Matteo Guendouzi,Pass
2497,568974,57,SavedShot,0.9009999847412109,0.4520000076293945,0.6281381249427795,Manuel Lazzari,h,6180,OpenPlay,2023,RightFoot,22583,Lazio,Udinese,1,2,2024-03-11 19:45:00,Gustav Isaksen,Throughball
2498,569681,89,MissedShots,0.8909999847412109,0.35900001525878905,0.12348875403404236,Manuel Lazzari,a,6180,OpenPlay,2023,RightFoot,22586,Frosinone,Lazio,2,3,2024-03-16 19:45:00,Luis Alberto,Pass
2499,574672,23,BlockedShot,0.7869999694824219,0.5120000076293946,0.03801373764872551,Manuel Lazzari,a,6180,FromCorner,2023,RightFoot,22627,Genoa,Lazio,0,1,2024-04-19 16:30:00,Adam Marusic,Pass
2500,601053,59,MissedShots,0.7169999694824218,0.46700000762939453,0.013876075856387615,Manuel Lazzari,h,6180,FromCorner,2024,RightFoot,27471,Lazio,Cagliari,2,1,2024-11-04 19:45:00,,None
2501,608535,6,SavedShot,0.7819999694824219,0.40599998474121096,0.02837524190545082,Manuel Lazzari,a,6180,OpenPlay,2024,RightFoot,27530,Lecce,Lazio,1,2,2024-12-21 19:45:00,Nuno Tavares,Pass
2502,608541,25,MissedShots,0.7440000152587891,0.34299999237060547,0.02321361005306244,Manuel Lazzari,a,6180,OpenPlay,2024,RightFoot,27530,Lecce,Lazio,1,2,2024-12-21 19:45:00,Matteo Guendouzi,TakeOn
2503,438800,11,SavedShot,0.40599998474121096,0.6220000076293946,0.006714929826557636,Ivan Provedel,h,6982,OpenPlay,2021,RightFoot,16853,Spezia,Genoa,1,1,2021-10-26 16:30:00,,BallTouch
2504,471886,53,OwnGoal,0.04400000095367432,0.5129999923706055,0,Ivan Provedel,h,6982,OpenPlay,2021,OtherBodyPart,17104,Spezia,Lazio,3,4,2022-04-30 18:45:00,,Interception
2505,338734,66,BlockedShot,0.7630000305175781,0.49900001525878906,0.0193169005215168,Nicolo Rovella,a,7411,FromCorner,2019,RightFoot,13251,Inter,Genoa,4,0,2019-12-21 17:00:00,,None
2506,382910,24,MissedShots,0.8,0.6029999923706054,0.10471300035715103,Nicolo Rovella,a,7411,DirectFreekick,2020,RightFoot,15465,Verona,Genoa,0,0,2020-10-19 18:45:00,,Standard
2507,382911,27,MissedShots,0.865,0.5209999847412109,0.07639840245246887,Nicolo Rovella,a,7411,OpenPlay,2020,RightFoot,15465,Verona,Genoa,0,0,2020-10-19 18:45:00,Eldor Shomurodov,Cross
2508,385425,25,BlockedShot,0.735999984741211,0.6480000305175782,0.00900700967758894,Nicolo Rovella,a,7411,SetPiece,2020,LeftFoot,15481,Sampdoria,Genoa,1,1,2020-11-01 19:45:00,,Aerial
2509,385429,38,BlockedShot,0.8190000152587891,0.4929999923706055,0.3153739869594574,Nicolo Rovella,a,7411,OpenPlay,2020,RightFoot,15481,Sampdoria,Genoa,1,1,2020-11-01 19:45:00,Gianluca Scamacca,Pass
2510,385612,32,BlockedShot,0.850999984741211,0.56,0.0339026004076004,Nicolo Rovella,h,7411,OpenPlay,2020,RightFoot,15448,Genoa,Torino,1,2,2020-11-04 18:00:00,Paolo Ghiglione,Chipped
2511,392350,66,SavedShot,0.7469999694824219,0.5620000076293945,0.02103080041706562,Nicolo Rovella,h,7411,OpenPlay,2020,RightFoot,15530,Genoa,Juventus,1,3,2020-12-13 17:00:00,Marko Pjaca,Pass
2512,407303,10,MissedShots,0.7630000305175781,0.47900001525878905,0.025793299078941345,Nicolo Rovella,a,7411,OpenPlay,2020,LeftFoot,15660,Inter,Genoa,3,0,2021-02-28 14:00:00,Gianluca Scamacca,Pass
2513,418865,58,MissedShots,0.8059999847412109,0.5270000076293946,0.0489828996360302,Nicolo Rovella,a,7411,OpenPlay,2020,LeftFoot,15760,Lazio,Genoa,4,3,2021-05-02 10:30:00,Milan Badelj,TakeOn
2514,421779,71,MissedShots,0.795,0.7290000152587891,0.05639829859137535,Nicolo Rovella,h,7411,DirectFreekick,2020,RightFoot,15786,Genoa,Atalanta,3,4,2021-05-15 13:00:00,,Standard
2515,423886,78,MissedShots,0.769000015258789,0.34799999237060547,0.021998200565576553,Nicolo Rovella,a,7411,OpenPlay,2020,RightFoot,15798,Cagliari,Genoa,0,1,2021-05-22 18:45:00,Yayah Kallon,Pass
2516,423891,92,SavedShot,0.8009999847412109,0.6140000152587891,0.05113780125975609,Nicolo Rovella,a,7411,OpenPlay,2020,RightFoot,15798,Cagliari,Genoa,0,1,2021-05-22 18:45:00,Kevin Strootman,BallRecovery
2517,427218,57,BlockedShot,0.8090000152587891,0.7080000305175781,0.07020080089569092,Nicolo Rovella,a,7411,DirectFreekick,2021,RightFoot,16757,Inter,Genoa,4,0,2021-08-21 16:30:00,,Standard
2518,427219,61,MissedShots,0.705,0.514000015258789,0.012185599654912949,Nicolo Rovella,a,7411,OpenPlay,2021,RightFoot,16757,Inter,Genoa,4,0,2021-08-21 16:30:00,Domenico Criscito,Pass
2519,429370,49,MissedShots,0.8019999694824219,0.5579999923706055,0.039187800139188766,Nicolo Rovella,h,7411,OpenPlay,2021,RightFoot,16773,Genoa,Napoli,1,2,2021-08-29 16:30:00,,Rebound
2520,430438,61,BlockedShot,0.7909999847412109,0.3940000152587891,0.027851799502968788,Nicolo Rovella,a,7411,OpenPlay,2021,RightFoot,16778,Cagliari,Genoa,2,3,2021-09-12 13:00:00,Yayah Kallon,Pass
2521,431168,58,MissedShots,0.6980000305175781,0.63,0.012107900343835354,Nicolo Rovella,h,7411,OpenPlay,2021,RightFoot,16787,Genoa,Fiorentina,1,2,2021-09-18 13:00:00,,BallRecovery
2522,434719,17,MissedShots,0.7480000305175781,0.46599998474121096,0.021109599620103836,Nicolo Rovella,a,7411,OpenPlay,2021,RightFoot,16822,Salernitana,Genoa,1,0,2021-10-02 13:00:00,Andrea Cambiaso,Pass
2523,434741,90,SavedShot,0.8769999694824219,0.8530000305175781,0.04586770012974739,Nicolo Rovella,a,7411,DirectFreekick,2021,RightFoot,16822,Salernitana,Genoa,1,0,2021-10-02 13:00:00,,Standard
2524,437360,86,MissedShots,0.7069999694824218,0.580999984741211,0.038796499371528625,Nicolo Rovella,a,7411,DirectFreekick,2021,RightFoot,16845,Torino,Genoa,3,2,2021-10-22 16:30:00,,Standard
2525,440150,10,SavedShot,0.774000015258789,0.24200000762939453,0.042204599827528,Nicolo Rovella,h,7411,DirectFreekick,2021,RightFoot,16859,Genoa,Venezia,0,0,2021-10-31 14:00:00,,Standard
2526,440156,43,MissedShots,0.735999984741211,0.6140000152587891,0.04874039813876152,Nicolo Rovella,h,7411,DirectFreekick,2021,RightFoot,16859,Genoa,Venezia,0,0,2021-10-31 14:00:00,,Standard
2527,440165,75,BlockedShot,0.81,0.669000015258789,0.030546000227332115,Nicolo Rovella,h,7411,OpenPlay,2021,LeftFoot,16859,Genoa,Venezia,0,0,2021-10-31 14:00:00,Yayah Kallon,Pass
2528,444403,16,MissedShots,0.7230000305175781,0.5429999923706055,0.04734570160508156,Nicolo Rovella,a,7411,DirectFreekick,2021,RightFoot,16894,Udinese,Genoa,0,0,2021-11-28 11:30:00,,Standard
2529,444410,32,SavedShot,0.6730000305175782,0.5879999923706055,0.010844400152564049,Nicolo Rovella,a,7411,OpenPlay,2021,RightFoot,16894,Udinese,Genoa,0,0,2021-11-28 11:30:00,Flavio Junior Bianchi,BallTouch
2530,444415,63,MissedShots,0.8580000305175781,0.3729999923706055,0.06398340314626694,Nicolo Rovella,a,7411,OpenPlay,2021,RightFoot,16894,Udinese,Genoa,0,0,2021-11-28 11:30:00,Davide Biraschi,Pass
2531,445453,26,MissedShots,0.7119999694824218,0.7090000152587891,0.01309490017592907,Nicolo Rovella,h,7411,OpenPlay,2021,RightFoot,16899,Genoa,AC Milan,0,3,2021-12-01 19:45:00,Caleb Ekuban,Pass
2532,452769,78,MissedShots,0.7580000305175781,0.47200000762939454,0.020420800894498825,Nicolo Rovella,h,7411,OpenPlay,2021,RightFoot,16958,Genoa,Spezia,0,1,2022-01-09 17:30:00,Felipe Caicedo,Pass
2533,481423,91,MissedShots,0.7880000305175782,0.26399999618530273,0.031199999153614044,Nicolo Rovella,h,7411,OpenPlay,2022,RightFoot,18591,Juventus,Sassuolo,3,0,2022-08-15 18:45:00,Fabio Miretti,Pass
2534,483150,86,MissedShots,0.755,0.5979999923706054,0.022329900413751602,Nicolo Rovella,a,7411,OpenPlay,2022,RightFoot,18601,Sampdoria,Juventus,0,0,2022-08-22 18:45:00,Fabio Miretti,Pass
2535,486912,33,MissedShots,0.705,0.4370000076293945,0.015768000856041908,Nicolo Rovella,h,7411,OpenPlay,2022,RightFoot,18629,Monza,Atalanta,0,2,2022-09-05 16:30:00,Matteo Pessina,Pass
2536,489289,2,MissedShots,0.81,0.5370000076293945,0.04886290058493614,Nicolo Rovella,h,7411,OpenPlay,2022,RightFoot,18646,Monza,Juventus,1,0,2022-09-18 13:00:00,,None
2537,489300,48,MissedShots,0.9259999847412109,0.3609999847412109,0.09740280359983444,Nicolo Rovella,h,7411,OpenPlay,2022,RightFoot,18646,Monza,Juventus,1,0,2022-09-18 13:00:00,Matteo Pessina,Pass
2538,489308,69,MissedShots,0.775,0.6659999847412109,0.017949799075722694,Nicolo Rovella,h,7411,OpenPlay,2022,RightFoot,18646,Monza,Juventus,1,0,2022-09-18 13:00:00,,None
2539,490764,28,SavedShot,0.7440000152587891,0.52,0.02553669922053814,Nicolo Rovella,a,7411,OpenPlay,2022,RightFoot,18660,Sampdoria,Monza,0,3,2022-10-02 13:00:00,Stefano Sensi,Pass
2540,497582,42,MissedShots,0.765,0.525,0.023584099486470222,Nicolo Rovella,h,7411,SetPiece,2022,RightFoot,18698,Monza,Bologna,1,2,2022-10-31 19:45:00,Stefano Sensi,Pass
2541,499684,75,MissedShots,0.7659999847412109,0.47,0.018799100071191788,Nicolo Rovella,a,7411,SetPiece,2022,RightFoot,18716,Lazio,Monza,1,0,2022-11-10 19:45:00,,None
2542,500662,43,MissedShots,0.7080000305175781,0.5370000076293945,0.020097099244594574,Nicolo Rovella,h,7411,OpenPlay,2022,RightFoot,18728,Monza,Salernitana,3,0,2022-11-13 14:00:00,Armando Izzo,Pass
2543,500673,90,BlockedShot,0.6980000305175781,0.4279999923706055,0.015665000304579735,Nicolo Rovella,h,7411,OpenPlay,2022,RightFoot,18728,Monza,Salernitana,3,0,2022-11-13 14:00:00,Samuele Birindelli,Pass
2544,508922,83,SavedShot,0.7040000152587891,0.47,0.012309599667787552,Nicolo Rovella,a,7411,OpenPlay,2022,RightFoot,18793,Bologna,Monza,0,1,2023-02-12 14:00:00,,Aerial
2545,509823,59,SavedShot,0.7069999694824218,0.3029999923706055,0.03152000159025192,Nicolo Rovella,h,7411,DirectFreekick,2022,RightFoot,18805,Monza,AC Milan,0,1,2023-02-18 17:00:00,,Standard
2546,509824,61,BlockedShot,0.879000015258789,0.375,0.07612290233373642,Nicolo Rovella,h,7411,OpenPlay,2022,RightFoot,18805,Monza,AC Milan,0,1,2023-02-18 17:00:00,Dany Mota,Pass
2547,516946,31,BlockedShot,0.71,0.44799999237060545,0.015232600271701813,Nicolo Rovella,h,7411,FromCorner,2022,RightFoot,18858,Monza,Lazio,0,2,2023-04-02 13:00:00,,Dispossessed
2548,516949,35,MissedShots,0.7859999847412109,0.48,0.046330198645591736,Nicolo Rovella,h,7411,OpenPlay,2022,LeftFoot,18858,Monza,Lazio,0,2,2023-04-02 13:00:00,,TakeOn
2549,517696,34,SavedShot,0.7380000305175781,0.7069999694824218,0.012271500192582607,Nicolo Rovella,a,7411,FromCorner,2022,RightFoot,18871,Udinese,Monza,2,2,2023-04-08 10:30:00,,Aerial
2550,517704,55,Goal,0.875999984741211,0.44099998474121094,0.3612470030784607,Nicolo Rovella,a,7411,OpenPlay,2022,RightFoot,18871,Udinese,Monza,2,2,2023-04-08 10:30:00,Stefano Sensi,Throughball
2551,517707,74,MissedShots,0.95,0.5870000076293945,0.31668800115585327,Nicolo Rovella,a,7411,OpenPlay,2022,Head,18871,Udinese,Monza,2,2,2023-04-08 10:30:00,Patrick Ciurria,Cross
2552,519728,52,MissedShots,0.779000015258789,0.639000015258789,0.022220199927687645,Nicolo Rovella,a,7411,OpenPlay,2022,RightFoot,18875,Inter,Monza,0,1,2023-04-15 18:45:00,Dany Mota,Pass
2553,527081,66,SavedShot,0.889000015258789,0.7319999694824219,0.037599269300699234,Nicolo Rovella,a,7411,OpenPlay,2022,RightFoot,18939,Sassuolo,Monza,1,2,2023-05-19 18:45:00,Dany Mota,Pass
2554,529588,12,BlockedShot,0.7919999694824219,0.4809999847412109,0.04137595742940903,Nicolo Rovella,h,7411,OpenPlay,2022,LeftFoot,18948,Monza,Lecce,0,1,2023-05-28 13:00:00,Andrea Petagna,Pass
2555,531162,96,MissedShots,0.6809999847412109,0.40099998474121096,0.01072841975837946,Nicolo Rovella,a,7411,OpenPlay,2022,RightFoot,18952,Atalanta,Monza,5,2,2023-06-04 19:00:00,Pepín,Pass
2556,537427,94,BlockedShot,0.7630000305175781,0.42700000762939455,0.07137349247932434,Nicolo Rovella,a,7411,DirectFreekick,2023,RightFoot,22335,Juventus,Lazio,3,1,2023-09-16 13:00:00,,Standard
2557,543162,20,MissedShots,0.6730000305175782,0.5379999923706055,0.013017569668591022,Nicolo Rovella,h,7411,SetPiece,2023,RightFoot,22382,Lazio,Atalanta,3,2,2023-10-08 13:00:00,Mattia Zaccagni,Pass
2558,543169,37,BlockedShot,0.73,0.46700000762939453,0.017497487366199493,Nicolo Rovella,h,7411,OpenPlay,2023,RightFoot,22382,Lazio,Atalanta,3,2,2023-10-08 13:00:00,,Rebound
2559,555073,47,SavedShot,0.9130000305175782,0.4329999923706055,0.4435708224773407,Nicolo Rovella,h,7411,OpenPlay,2023,RightFoot,22463,Lazio,Inter,0,2,2023-12-17 19:45:00,,TakeOn
2560,557702,73,MissedShots,0.759000015258789,0.5640000152587891,0.02187158167362213,Nicolo Rovella,a,7411,OpenPlay,2023,RightFoot,22493,Udinese,Lazio,1,2,2024-01-07 14:00:00,,None
2561,591808,15,SavedShot,0.705999984741211,0.72,0.011076228693127632,Nicolo Rovella,h,7411,OpenPlay,2024,RightFoot,27396,Lazio,Verona,2,1,2024-09-16 18:45:00,Mattia Zaccagni,Pass
2562,596122,18,BlockedShot,0.794000015258789,0.4829999923706055,0.037755247205495834,Nicolo Rovella,h,7411,OpenPlay,2024,RightFoot,27423,Lazio,Empoli,2,1,2024-10-06 13:00:00,,None
2563,601058,82,MissedShots,0.7280000305175781,0.4759999847412109,0.021141953766345978,Nicolo Rovella,h,7411,OpenPlay,2024,RightFoot,27471,Lazio,Cagliari,2,1,2024-11-04 19:45:00,Mattia Zaccagni,Pass
2564,602301,51,SavedShot,0.8230000305175781,0.43599998474121093,0.039702050387859344,Nicolo Rovella,a,7411,FromCorner,2024,RightFoot,27475,Monza,Lazio,0,1,2024-11-10 17:00:00,,None
2565,604740,6,MissedShots,0.8009999847412109,0.6509999847412109,0.02326781488955021,Nicolo Rovella,a,7411,OpenPlay,2024,RightFoot,27499,Parma Calcio 1913,Lazio,3,1,2024-12-01 14:00:00,Valentín Castellanos,HeadPass
2566,604744,21,SavedShot,0.7390000152587891,0.5670000076293945,0.017297040671110153,Nicolo Rovella,a,7411,OpenPlay,2024,LeftFoot,27499,Parma Calcio 1913,Lazio,3,1,2024-12-01 14:00:00,,None
2567,604751,45,MissedShots,0.774000015258789,0.575999984741211,0.012001547031104565,Nicolo Rovella,a,7411,OpenPlay,2024,RightFoot,27499,Parma Calcio 1913,Lazio,3,1,2024-12-01 14:00:00,,Aerial
2568,607924,68,MissedShots,0.8440000152587891,0.6220000076293946,0.020918475463986397,Nicolo Rovella,h,7411,OpenPlay,2024,LeftFoot,27515,Lazio,Inter,0,6,2024-12-16 19:45:00,,Aerial
2569,608539,24,BlockedShot,0.7469999694824219,0.5690000152587891,0.05972357839345932,Nicolo Rovella,a,7411,DirectFreekick,2024,RightFoot,27530,Lecce,Lazio,1,2,2024-12-21 19:45:00,,Standard
2570,609357,19,SavedShot,0.6809999847412109,0.615,0.008057482540607452,Nicolo Rovella,h,7411,OpenPlay,2024,RightFoot,27535,Lazio,Atalanta,1,1,2024-12-28 19:45:00,Loum Tchaouna,LayOff
2571,609359,22,MissedShots,0.6809999847412109,0.5540000152587891,0.013954504393041134,Nicolo Rovella,h,7411,OpenPlay,2024,RightFoot,27535,Lazio,Atalanta,1,1,2024-12-28 19:45:00,Matteo Guendouzi,Pass
2572,610363,49,SavedShot,0.7069999694824218,0.580999984741211,0.015668902546167374,Nicolo Rovella,a,7411,FromCorner,2024,RightFoot,27549,Roma,Lazio,2,0,2025-01-05 19:45:00,Matteo Guendouzi,Pass
2573,610368,62,SavedShot,0.7619999694824219,0.6580000305175782,0.015149440616369247,Nicolo Rovella,a,7411,OpenPlay,2024,RightFoot,27549,Roma,Lazio,2,0,2025-01-05 19:45:00,Nuno Tavares,Pass
2574,610367,62,BlockedShot,0.765,0.5209999847412109,0.014354253187775612,Nicolo Rovella,a,7411,OpenPlay,2024,RightFoot,27549,Roma,Lazio,2,0,2025-01-05 19:45:00,,Rebound
2575,312866,53,BlockedShot,0.8059999847412109,0.605,0.041022300720214844,Gaetano Castrovilli,h,7909,OpenPlay,2019,RightFoot,13090,Fiorentina,Napoli,3,4,2019-08-24 19:45:00,Federico Chiesa,Pass
2576,316795,37,MissedShots,0.8290000152587891,0.7419999694824219,0.02455740049481392,Gaetano Castrovilli,a,7909,OpenPlay,2019,RightFoot,13106,Genoa,Fiorentina,2,1,2019-09-01 19:45:00,Luca Ranieri,Pass
2577,316804,60,SavedShot,0.5429999923706055,0.664000015258789,0.0077893598936498165,Gaetano Castrovilli,a,7909,OpenPlay,2019,RightFoot,13106,Genoa,Fiorentina,2,1,2019-09-01 19:45:00,Dalbert,Pass
2578,317062,31,BlockedShot,0.8780000305175781,0.6329999923706054,0.08085940033197403,Gaetano Castrovilli,h,7909,OpenPlay,2019,RightFoot,13110,Fiorentina,Juventus,0,0,2019-09-14 13:00:00,Dalbert,Pass
2579,317069,53,MissedShots,0.850999984741211,0.5609999847412109,0.1242389976978302,Gaetano Castrovilli,h,7909,OpenPlay,2019,LeftFoot,13110,Fiorentina,Juventus,0,0,2019-09-14 13:00:00,Federico Chiesa,Pass
2580,317071,58,BlockedShot,0.8159999847412109,0.7390000152587891,0.011910599656403065,Gaetano Castrovilli,h,7909,FromCorner,2019,RightFoot,13110,Fiorentina,Juventus,0,0,2019-09-14 13:00:00,Milan Badelj,Chipped
2581,321311,15,MissedShots,0.764000015258789,0.625,0.02635990083217621,Gaetano Castrovilli,a,7909,OpenPlay,2019,RightFoot,13119,Atalanta,Fiorentina,2,2,2019-09-22 16:00:00,Martín Cáceres,TakeOn
2582,323576,65,Goal,0.8880000305175781,0.49,0.4414159953594208,Gaetano Castrovilli,a,7909,OpenPlay,2019,RightFoot,13143,AC Milan,Fiorentina,1,3,2019-09-29 18:45:00,,None
2583,324561,23,BlockedShot,0.8290000152587891,0.6930000305175781,0.027455400675535202,Gaetano Castrovilli,h,7909,OpenPlay,2019,RightFoot,13152,Fiorentina,Udinese,1,0,2019-10-06 11:30:00,Federico Chiesa,Pass
2584,324565,35,BlockedShot,0.9369999694824219,0.3629999923706055,0.04485170170664787,Gaetano Castrovilli,h,7909,FromCorner,2019,LeftFoot,13152,Fiorentina,Udinese,1,0,2019-10-06 11:30:00,Erick Pulgar,Cross
2585,326691,9,SavedShot,0.8490000152587891,0.41,0.06725990027189255,Gaetano Castrovilli,a,7909,OpenPlay,2019,RightFoot,13159,Brescia,Fiorentina,0,0,2019-10-21 20:00:00,Milan Badelj,HeadPass
2586,326705,96,BlockedShot,0.9019999694824219,0.385,0.10211300104856491,Gaetano Castrovilli,a,7909,OpenPlay,2019,LeftFoot,13159,Brescia,Fiorentina,0,0,2019-10-21 20:00:00,Erick Pulgar,Pass
2587,328219,3,MissedShots,0.7969999694824219,0.6840000152587891,0.02618519961833954,Gaetano Castrovilli,h,7909,OpenPlay,2019,RightFoot,13171,Fiorentina,Lazio,1,2,2019-10-27 19:45:00,Martín Cáceres,Pass
2588,328235,78,SavedShot,0.8669999694824219,0.6840000152587891,0.04942139983177185,Gaetano Castrovilli,h,7909,OpenPlay,2019,LeftFoot,13171,Fiorentina,Lazio,1,2,2019-10-27 19:45:00,Erick Pulgar,Pass
2589,328617,62,Goal,0.899000015258789,0.539000015258789,0.03232549875974655,Gaetano Castrovilli,a,7909,OpenPlay,2019,Head,13187,Sassuolo,Fiorentina,1,2,2019-10-30 20:00:00,Lorenzo Venuti,Aerial
2590,328622,85,SavedShot,0.8159999847412109,0.5120000076293946,0.10439500212669373,Gaetano Castrovilli,a,7909,OpenPlay,2019,RightFoot,13187,Sassuolo,Fiorentina,1,2,2019-10-30 20:00:00,Dusan Vlahovic,Pass
2591,329980,23,BlockedShot,0.7380000305175781,0.475,0.01872210018336773,Gaetano Castrovilli,h,7909,OpenPlay,2019,RightFoot,13191,Fiorentina,Parma Calcio 1913,1,1,2019-11-03 17:00:00,Erick Pulgar,Pass
2592,329991,66,Goal,0.8930000305175781,0.48400001525878905,0.2268490046262741,Gaetano Castrovilli,h,7909,OpenPlay,2019,Head,13191,Fiorentina,Parma Calcio 1913,1,1,2019-11-03 17:00:00,Dalbert,Cross
2593,336361,0,MissedShots,0.7559999847412109,0.3390000152587891,0.03773749992251396,Gaetano Castrovilli,a,7909,OpenPlay,2019,RightFoot,13237,Torino,Fiorentina,2,1,2019-12-08 14:00:00,Dusan Vlahovic,Pass
2594,336383,87,BlockedShot,0.8719999694824219,0.5459999847412109,0.06641890108585358,Gaetano Castrovilli,a,7909,OpenPlay,2019,LeftFoot,13237,Torino,Fiorentina,2,1,2019-12-08 14:00:00,,None
2595,337840,64,SavedShot,0.7140000152587891,0.47400001525878904,0.015436099842190742,Gaetano Castrovilli,h,7909,OpenPlay,2019,RightFoot,13242,Fiorentina,Inter,1,1,2019-12-15 19:45:00,Erick Pulgar,Pass
2596,354409,31,SavedShot,0.91,0.40799999237060547,0.3880850076675415,Gaetano Castrovilli,h,7909,OpenPlay,2019,RightFoot,13270,Fiorentina,SPAL 2013,1,0,2020-01-12 14:00:00,Pol Lirola,Pass
2597,355021,12,BlockedShot,0.9209999847412109,0.7169999694824218,0.020054899156093597,Gaetano Castrovilli,a,7909,OpenPlay,2019,RightFoot,13287,Napoli,Fiorentina,0,2,2020-01-18 19:45:00,Marco Benassi,Cross
2598,355025,30,MissedShots,0.9380000305175781,0.40099998474121096,0.017621099948883057,Gaetano Castrovilli,a,7909,FromCorner,2019,Head,13287,Napoli,Fiorentina,0,2,2020-01-18 19:45:00,Erick Pulgar,Aerial
2599,355040,80,MissedShots,0.7809999847412109,0.485,0.045007798820734024,Gaetano Castrovilli,a,7909,OpenPlay,2019,LeftFoot,13287,Napoli,Fiorentina,0,2,2020-01-18 19:45:00,Marco Benassi,Pass
2600,355851,15,BlockedShot,0.8719999694824219,0.735999984741211,0.027169300243258476,Gaetano Castrovilli,h,7909,SetPiece,2019,RightFoot,13290,Fiorentina,Genoa,0,0,2020-01-25 17:00:00,Erick Pulgar,Pass
2601,355859,47,MissedShots,0.950999984741211,0.45099998474121095,0.07658649981021881,Gaetano Castrovilli,h,7909,SetPiece,2019,Head,13290,Fiorentina,Genoa,0,0,2020-01-25 17:00:00,Lorenzo Venuti,Aerial
2602,360111,12,MissedShots,0.865999984741211,0.355,0.059856098145246506,Gaetano Castrovilli,h,7909,OpenPlay,2019,RightFoot,13332,Fiorentina,AC Milan,1,1,2020-02-22 19:45:00,Federico Chiesa,Pass
2603,360122,58,BlockedShot,0.7469999694824219,0.634000015258789,0.016524799168109894,Gaetano Castrovilli,h,7909,OpenPlay,2019,RightFoot,13332,Fiorentina,AC Milan,1,1,2020-02-22 19:45:00,Federico Chiesa,Pass
2604,362315,40,BlockedShot,0.8380000305175781,0.36700000762939455,0.04724239930510521,Gaetano Castrovilli,a,7909,OpenPlay,2019,RightFoot,13348,Udinese,Fiorentina,0,0,2020-03-08 17:00:00,Pol Lirola,Pass
2605,365958,20,MissedShots,0.899000015258789,0.5970000076293945,0.02216240018606186,Gaetano Castrovilli,h,7909,OpenPlay,2019,Head,13351,Fiorentina,Brescia,1,1,2020-06-22 17:30:00,Dalbert,Aerial
2606,365965,55,BlockedShot,0.7669999694824219,0.7969999694824219,0.011354099959135056,Gaetano Castrovilli,h,7909,OpenPlay,2019,RightFoot,13351,Fiorentina,Brescia,1,1,2020-06-22 17:30:00,Franck Ribéry,TakeOn
2607,365973,77,MissedShots,0.7719999694824219,0.6840000152587891,0.022296199575066566,Gaetano Castrovilli,h,7909,OpenPlay,2019,RightFoot,13351,Fiorentina,Brescia,1,1,2020-06-22 17:30:00,Pol Lirola,Pass
2608,365976,80,MissedShots,0.9119999694824219,0.6969999694824218,0.06038760021328926,Gaetano Castrovilli,h,7909,OpenPlay,2019,RightFoot,13351,Fiorentina,Brescia,1,1,2020-06-22 17:30:00,Dusan Vlahovic,TakeOn
2609,365980,90,MissedShots,0.87,0.634000015258789,0.0721907988190651,Gaetano Castrovilli,h,7909,OpenPlay,2019,RightFoot,13351,Fiorentina,Brescia,1,1,2020-06-22 17:30:00,Federico Chiesa,Pass
2610,367268,3,BlockedShot,0.7769999694824219,0.7119999694824218,0.05242830142378807,Gaetano Castrovilli,a,7909,DirectFreekick,2019,RightFoot,13362,Lazio,Fiorentina,2,1,2020-06-27 19:45:00,,Standard
2611,367279,45,SavedShot,0.8919999694824219,0.6229999923706054,0.13756999373435974,Gaetano Castrovilli,a,7909,OpenPlay,2019,RightFoot,13362,Lazio,Fiorentina,2,1,2020-06-27 19:45:00,Pol Lirola,Pass
2612,368216,36,MissedShots,0.8819999694824219,0.6719999694824219,0.07244949787855148,Gaetano Castrovilli,h,7909,OpenPlay,2019,RightFoot,13371,Fiorentina,Sassuolo,1,3,2020-07-01 19:45:00,Franck Ribéry,Pass
2613,368221,55,BlockedShot,0.779000015258789,0.6809999847412109,0.011104599572718143,Gaetano Castrovilli,h,7909,OpenPlay,2019,RightFoot,13371,Fiorentina,Sassuolo,1,3,2020-07-01 19:45:00,Rachid Ghezzal,HeadPass
2614,369207,72,MissedShots,0.8490000152587891,0.37099998474121093,0.07540740072727203,Gaetano Castrovilli,a,7909,OpenPlay,2019,RightFoot,13381,Parma Calcio 1913,Fiorentina,1,2,2020-07-05 17:30:00,Alfred Duncan,Pass
2615,371081,35,MissedShots,0.7759999847412109,0.675,0.018269499763846397,Gaetano Castrovilli,h,7909,OpenPlay,2019,RightFoot,13406,Fiorentina,Verona,1,1,2020-07-12 17:30:00,Christian Kouamé,Pass
2616,371084,58,BlockedShot,0.7530000305175781,0.2589999961853027,0.014630099758505821,Gaetano Castrovilli,h,7909,OpenPlay,2019,RightFoot,13406,Fiorentina,Verona,1,1,2020-07-12 17:30:00,Christian Kouamé,Pass
2617,371094,85,MissedShots,0.9269999694824219,0.455,0.11098399758338928,Gaetano Castrovilli,h,7909,OpenPlay,2019,Head,13406,Fiorentina,Verona,1,1,2020-07-12 17:30:00,Dalbert,Cross
2618,371096,88,MissedShots,0.9159999847412109,0.28200000762939453,0.037303801625967026,Gaetano Castrovilli,h,7909,OpenPlay,2019,RightFoot,13406,Fiorentina,Verona,1,1,2020-07-12 17:30:00,Federico Chiesa,Chipped
2619,372622,4,MissedShots,0.8480000305175781,0.7569999694824219,0.03210559859871864,Gaetano Castrovilli,h,7909,OpenPlay,2019,RightFoot,13421,Fiorentina,Torino,2,0,2020-07-19 17:30:00,Pol Lirola,Pass
2620,372623,14,MissedShots,0.7469999694824219,0.53,0.025032000616192818,Gaetano Castrovilli,h,7909,OpenPlay,2019,RightFoot,13421,Fiorentina,Torino,2,0,2020-07-19 17:30:00,Franck Ribéry,Pass
2621,372635,59,BlockedShot,0.8769999694824219,0.73,0.04476900026202202,Gaetano Castrovilli,h,7909,OpenPlay,2019,RightFoot,13421,Fiorentina,Torino,2,0,2020-07-19 17:30:00,Franck Ribéry,Pass
2622,373442,56,SavedShot,0.8540000152587891,0.549000015258789,0.09852469712495804,Gaetano Castrovilli,a,7909,OpenPlay,2019,RightFoot,13430,Inter,Fiorentina,0,0,2020-07-22 19:45:00,Franck Ribéry,Pass
2623,373446,74,MissedShots,0.8769999694824219,0.46,0.0522192008793354,Gaetano Castrovilli,a,7909,SetPiece,2019,RightFoot,13430,Inter,Fiorentina,0,0,2020-07-22 19:45:00,Rachid Ghezzal,Cross
2624,377611,67,BlockedShot,0.794000015258789,0.6090000152587891,0.032493799924850464,Gaetano Castrovilli,h,7909,OpenPlay,2020,RightFoot,14116,Fiorentina,Torino,1,0,2020-09-19 16:00:00,,None
2625,377615,77,Goal,0.97,0.5690000152587891,0.5731930136680603,Gaetano Castrovilli,h,7909,OpenPlay,2020,LeftFoot,14116,Fiorentina,Torino,1,0,2020-09-19 16:00:00,Federico Chiesa,Pass
2626,377619,95,SavedShot,0.8159999847412109,0.6609999847412109,0.0472428984940052,Gaetano Castrovilli,h,7909,OpenPlay,2020,RightFoot,14116,Fiorentina,Torino,1,0,2020-09-19 16:00:00,Pol Lirola,Pass
2627,379090,56,Goal,0.895,0.605999984741211,0.1319279968738556,Gaetano Castrovilli,a,7909,OpenPlay,2020,LeftFoot,14126,Inter,Fiorentina,4,3,2020-09-26 18:45:00,Franck Ribéry,Pass
2628,380298,39,MissedShots,0.9159999847412109,0.49900001525878906,0.12438300251960754,Gaetano Castrovilli,h,7909,OpenPlay,2020,Head,15446,Fiorentina,Sampdoria,1,2,2020-10-02 18:45:00,Giacomo Bonaventura,Cross
2629,380308,56,SavedShot,0.759000015258789,0.7730000305175782,0.012438800185918808,Gaetano Castrovilli,h,7909,FromCorner,2020,RightFoot,15446,Fiorentina,Sampdoria,1,2,2020-10-02 18:45:00,,None
2630,382454,59,MissedShots,0.924000015258789,0.6530000305175782,0.008307060226798058,Gaetano Castrovilli,a,7909,SetPiece,2020,Head,15461,Spezia,Fiorentina,2,2,2020-10-18 13:00:00,Giacomo Bonaventura,Aerial
2631,384020,10,Goal,0.925,0.4540000152587891,0.4959680140018463,Gaetano Castrovilli,h,7909,OpenPlay,2020,LeftFoot,15469,Fiorentina,Udinese,3,2,2020-10-25 17:00:00,Cristiano Biraghi,Pass
2632,384031,50,Goal,0.8569999694824219,0.534000015258789,0.10772600024938583,Gaetano Castrovilli,h,7909,OpenPlay,2020,RightFoot,15469,Fiorentina,Udinese,3,2,2020-10-25 17:00:00,Cristiano Biraghi,Pass
2633,385357,0,MissedShots,0.805,0.4490000152587891,0.05161270126700401,Gaetano Castrovilli,a,7909,OpenPlay,2020,RightFoot,15480,Roma,Fiorentina,2,0,2020-11-01 17:00:00,Giacomo Bonaventura,Pass
2634,386194,80,SavedShot,0.7369999694824219,0.5890000152587891,0.01709909923374653,Gaetano Castrovilli,a,7909,OpenPlay,2020,RightFoot,15493,Parma Calcio 1913,Fiorentina,0,0,2020-11-07 19:45:00,,BallRecovery
2635,393300,41,MissedShots,0.7880000305175782,0.3729999923706055,0.024376800283789635,Gaetano Castrovilli,h,7909,OpenPlay,2020,RightFoot,15537,Fiorentina,Sassuolo,1,1,2020-12-16 19:45:00,Lorenzo Venuti,Pass
2636,393306,59,SavedShot,0.845,0.43099998474121093,0.0820302963256836,Gaetano Castrovilli,h,7909,OpenPlay,2020,RightFoot,15537,Fiorentina,Sassuolo,1,1,2020-12-16 19:45:00,Franck Ribéry,Pass
2637,393849,76,BlockedShot,0.7980000305175782,0.725999984741211,0.015912599861621857,Gaetano Castrovilli,h,7909,FromCorner,2020,LeftFoot,15549,Fiorentina,Verona,1,1,2020-12-19 14:00:00,,None
2638,395010,25,SavedShot,0.899000015258789,0.5890000152587891,0.1121319979429245,Gaetano Castrovilli,a,7909,OpenPlay,2020,RightFoot,15558,Juventus,Fiorentina,0,3,2020-12-22 19:45:00,Dusan Vlahovic,BallTouch
2639,396759,11,MissedShots,0.7780000305175782,0.63,0.026947399601340294,Gaetano Castrovilli,h,7909,OpenPlay,2020,RightFoot,15569,Fiorentina,Bologna,0,0,2021-01-03 14:00:00,Sofyan Amrabat,LayOff
2640,396771,83,MissedShots,0.6819999694824219,0.54,0.012025999836623669,Gaetano Castrovilli,h,7909,FromCorner,2020,RightFoot,15569,Fiorentina,Bologna,0,0,2021-01-03 14:00:00,,None
2641,396772,91,MissedShots,0.879000015258789,0.3559999847412109,0.04936650022864342,Gaetano Castrovilli,h,7909,FromCorner,2020,RightFoot,15569,Fiorentina,Bologna,0,0,2021-01-03 14:00:00,,None
2642,397255,20,SavedShot,0.9540000152587891,0.5690000152587891,0.11366699635982513,Gaetano Castrovilli,a,7909,OpenPlay,2020,RightFoot,15580,Lazio,Fiorentina,2,1,2021-01-06 14:00:00,Cristiano Biraghi,Cross
2643,397268,77,BlockedShot,0.8980000305175782,0.3990000152587891,0.04717729985713959,Gaetano Castrovilli,a,7909,FromCorner,2020,LeftFoot,15580,Lazio,Fiorentina,2,1,2021-01-06 14:00:00,Cristiano Biraghi,Cross
2644,400622,61,MissedShots,0.755,0.5770000076293945,0.033540401607751846,Gaetano Castrovilli,h,7909,OpenPlay,2020,RightFoot,15607,Fiorentina,Crotone,2,1,2021-01-23 19:45:00,Nikola Milenkovic,Pass
2645,404741,67,MissedShots,0.7719999694824219,0.4759999847412109,0.029264599084854126,Gaetano Castrovilli,a,7909,OpenPlay,2020,RightFoot,15638,Sampdoria,Fiorentina,2,1,2021-02-14 14:00:00,Dusan Vlahovic,None
2646,405246,63,Goal,0.87,0.534000015258789,0.1042179986834526,Gaetano Castrovilli,h,7909,OpenPlay,2020,LeftFoot,15652,Fiorentina,Spezia,3,0,2021-02-19 17:30:00,,Rebound
2647,411996,38,MissedShots,0.8809999847412109,0.7130000305175781,0.0441478006541729,Gaetano Castrovilli,h,7909,OpenPlay,2020,LeftFoot,15701,Fiorentina,AC Milan,2,3,2021-03-21 17:00:00,Valentin Eysseric,Pass
2648,412378,44,MissedShots,0.904000015258789,0.4209999847412109,0.09324560314416885,Gaetano Castrovilli,a,7909,OpenPlay,2020,RightFoot,15707,Genoa,Fiorentina,1,1,2021-04-03 13:00:00,,None
2649,414820,46,MissedShots,0.8130000305175781,0.375,0.04684250056743622,Gaetano Castrovilli,h,7909,OpenPlay,2020,LeftFoot,15716,Fiorentina,Atalanta,2,3,2021-04-11 18:45:00,Nikola Milenkovic,Pass
2650,415395,4,SavedShot,0.925,0.5579999923706055,0.4605239927768707,Gaetano Castrovilli,a,7909,OpenPlay,2020,LeftFoot,15727,Sassuolo,Fiorentina,3,1,2021-04-17 16:00:00,Franck Ribéry,Pass
2651,415403,43,ShotOnPost,0.784000015258789,0.6,0.03922029957175255,Gaetano Castrovilli,a,7909,OpenPlay,2020,RightFoot,15727,Sassuolo,Fiorentina,3,1,2021-04-17 16:00:00,Franck Ribéry,Pass
2652,417663,15,MissedShots,0.92,0.6329999923706054,0.05875369906425476,Gaetano Castrovilli,h,7909,OpenPlay,2020,LeftFoot,15748,Fiorentina,Juventus,1,1,2021-04-25 13:00:00,Igor Julio,Cross
2653,417682,82,BlockedShot,0.8430000305175781,0.629000015258789,0.09098520129919052,Gaetano Castrovilli,h,7909,OpenPlay,2020,LeftFoot,15748,Fiorentina,Juventus,1,1,2021-04-25 13:00:00,,None
2654,420294,9,SavedShot,0.905,0.754000015258789,0.03216410055756569,Gaetano Castrovilli,h,7909,OpenPlay,2020,LeftFoot,15770,Fiorentina,Lazio,2,0,2021-05-08 18:45:00,Dusan Vlahovic,Pass
2655,423849,21,MissedShots,0.879000015258789,0.315,0.053687501698732376,Gaetano Castrovilli,a,7909,OpenPlay,2020,RightFoot,15797,Crotone,Fiorentina,0,0,2021-05-22 18:45:00,Dusan Vlahovic,Pass
2656,440122,17,SavedShot,0.8530000305175781,0.639000015258789,0.04336170107126236,Gaetano Castrovilli,h,7909,OpenPlay,2021,RightFoot,16858,Fiorentina,Spezia,3,0,2021-10-31 14:00:00,,Rebound
2657,450212,63,BlockedShot,0.845999984741211,0.49700000762939456,0.05875679850578308,Gaetano Castrovilli,a,7909,OpenPlay,2021,RightFoot,16938,Verona,Fiorentina,1,1,2021-12-22 17:30:00,Riccardo Saponara,BallTouch
2658,450216,80,Goal,0.919000015258789,0.5070000076293946,0.3837609887123108,Gaetano Castrovilli,a,7909,OpenPlay,2021,Head,16938,Verona,Fiorentina,1,1,2021-12-22 17:30:00,Aleksa Terzic,Cross
2659,454880,28,BlockedShot,0.8569999694824219,0.5359999847412109,0.10172399878501892,Gaetano Castrovilli,a,7909,OpenPlay,2021,RightFoot,16976,Cagliari,Fiorentina,1,1,2022-01-23 11:30:00,Giacomo Bonaventura,Pass
2660,457853,16,MissedShots,0.894000015258789,0.25299999237060544,0.036992501467466354,Gaetano Castrovilli,a,7909,OpenPlay,2021,LeftFoot,17004,Spezia,Fiorentina,1,2,2022-02-14 19:45:00,Nicolás González,Pass
2661,457856,27,MissedShots,0.79,0.56,0.03676620125770569,Gaetano Castrovilli,a,7909,OpenPlay,2021,LeftFoot,17004,Spezia,Fiorentina,1,2,2022-02-14 19:45:00,,None
2662,458589,46,MissedShots,0.8819999694824219,0.4,0.09772150218486786,Gaetano Castrovilli,h,7909,OpenPlay,2021,RightFoot,17008,Fiorentina,Atalanta,1,0,2022-02-20 11:30:00,Nicolás González,Pass
2663,460052,16,MissedShots,0.7669999694824219,0.3579999923706055,0.0176938995718956,Gaetano Castrovilli,a,7909,OpenPlay,2021,LeftFoot,17023,Sassuolo,Fiorentina,2,1,2022-02-26 19:45:00,Jonathan Ikone,Pass
2664,460068,68,MissedShots,0.9540000152587891,0.3920000076293945,0.025680899620056152,Gaetano Castrovilli,a,7909,OpenPlay,2021,Head,17023,Sassuolo,Fiorentina,2,1,2022-02-26 19:45:00,Sofyan Amrabat,Aerial
2665,462827,26,BlockedShot,0.895,0.58,0.08504589647054672,Gaetano Castrovilli,h,7909,OpenPlay,2021,RightFoot,17037,Fiorentina,Bologna,1,0,2022-03-13 11:30:00,Riccardo Sottil,Cross
2666,462836,66,MissedShots,0.9209999847412109,0.4329999923706055,0.11293900012969971,Gaetano Castrovilli,h,7909,OpenPlay,2021,RightFoot,17037,Fiorentina,Bologna,1,0,2022-03-13 11:30:00,Álvaro Odriozola,Cross
2667,465560,31,MissedShots,0.7680000305175781,0.46099998474121096,0.021344300359487534,Gaetano Castrovilli,h,7909,FromCorner,2021,LeftFoot,17057,Fiorentina,Empoli,1,0,2022-04-03 10:30:00,Igor Julio,Pass
2668,465576,73,MissedShots,0.8440000152587891,0.29,0.041038498282432556,Gaetano Castrovilli,h,7909,OpenPlay,2021,RightFoot,17057,Fiorentina,Empoli,1,0,2022-04-03 10:30:00,Nicolás González,Pass
2669,467174,17,MissedShots,0.7519999694824219,0.40299999237060546,0.01702680066227913,Gaetano Castrovilli,a,7909,OpenPlay,2021,LeftFoot,17071,Napoli,Fiorentina,2,3,2022-04-10 13:00:00,Nicolás González,Pass
2670,468259,36,BlockedShot,0.8069999694824219,0.7609999847412109,0.05274920165538788,Gaetano Castrovilli,h,7909,DirectFreekick,2021,RightFoot,17078,Fiorentina,Venezia,1,0,2022-04-16 14:30:00,,Standard
2671,502684,78,BlockedShot,0.7809999847412109,0.5720000076293945,0.021898699924349785,Gaetano Castrovilli,h,7909,FromCorner,2022,RightFoot,18743,Fiorentina,Sassuolo,2,1,2023-01-07 14:00:00,,None
2672,502686,86,BlockedShot,0.8730000305175781,0.5690000152587891,0.07311119884252548,Gaetano Castrovilli,h,7909,OpenPlay,2022,LeftFoot,18743,Fiorentina,Sassuolo,2,1,2023-01-07 14:00:00,Aleksa Terzic,HeadPass
2673,511619,92,SavedShot,0.7419999694824219,0.6730000305175782,0.018959399312734604,Gaetano Castrovilli,a,7909,OpenPlay,2022,RightFoot,18819,Verona,Fiorentina,0,3,2023-02-27 17:30:00,Luka Jovic,LayOff
2674,516490,12,SavedShot,0.8669999694824219,0.3559999847412109,0.04091209918260574,Gaetano Castrovilli,a,7909,OpenPlay,2022,RightFoot,18855,Inter,Fiorentina,0,1,2023-04-01 16:00:00,Cristiano Biraghi,Cross
2675,516503,47,MissedShots,0.755,0.67,0.017237799242138863,Gaetano Castrovilli,a,7909,SetPiece,2022,RightFoot,18855,Inter,Fiorentina,0,1,2023-04-01 16:00:00,Cristiano Biraghi,Pass
2676,517813,13,BlockedShot,0.9230000305175782,0.4379999923706055,0.05722060054540634,Gaetano Castrovilli,h,7909,OpenPlay,2022,Head,18863,Fiorentina,Spezia,1,1,2023-04-08 12:30:00,Cristiano Biraghi,Aerial
2677,517820,41,BlockedShot,0.9,0.33299999237060546,0.06532759964466095,Gaetano Castrovilli,h,7909,OpenPlay,2022,RightFoot,18863,Fiorentina,Spezia,1,1,2023-04-08 12:30:00,Jonathan Ikone,Pass
2678,520410,49,BlockedShot,0.9109999847412109,0.624000015258789,0.06069460138678551,Gaetano Castrovilli,h,7909,OpenPlay,2022,RightFoot,18874,Fiorentina,Atalanta,1,1,2023-04-17 18:45:00,Aleksa Terzic,Cross
2679,521440,74,SavedShot,0.789000015258789,0.29700000762939455,0.02103770151734352,Gaetano Castrovilli,a,7909,OpenPlay,2022,RightFoot,18890,Monza,Fiorentina,3,2,2023-04-23 13:00:00,Christian Kouamé,Pass
2680,523474,10,MissedShots,0.7759999847412109,0.33299999237060546,0.013758651912212372,Gaetano Castrovilli,h,7909,FromCorner,2022,RightFoot,18894,Fiorentina,Sampdoria,5,0,2023-04-30 16:00:00,,Aerial
2681,523482,35,SavedShot,0.8469999694824218,0.6680000305175782,0.030643152073025703,Gaetano Castrovilli,h,7909,FromCorner,2022,RightFoot,18894,Fiorentina,Sampdoria,5,0,2023-04-30 16:00:00,,None
2682,523485,41,SavedShot,0.865999984741211,0.639000015258789,0.05844108760356903,Gaetano Castrovilli,h,7909,OpenPlay,2022,LeftFoot,18894,Fiorentina,Sampdoria,5,0,2023-04-30 16:00:00,,None
2683,523488,46,Goal,0.8809999847412109,0.3559999847412109,0.03918192908167839,Gaetano Castrovilli,h,7909,FromCorner,2022,RightFoot,18894,Fiorentina,Sampdoria,5,0,2023-04-30 16:00:00,Cristiano Biraghi,Cross
2684,523495,68,BlockedShot,0.8980000305175782,0.625999984741211,0.1255563497543335,Gaetano Castrovilli,h,7909,OpenPlay,2022,RightFoot,18894,Fiorentina,Sampdoria,5,0,2023-04-30 16:00:00,Riccardo Sottil,Pass
2685,523933,24,BlockedShot,0.8519999694824218,0.41,0.055452510714530945,Gaetano Castrovilli,a,7909,OpenPlay,2022,LeftFoot,18909,Salernitana,Fiorentina,3,3,2023-05-03 16:00:00,,Rebound
2686,526454,6,Goal,0.9280000305175782,0.40200000762939453,0.4110284745693207,Gaetano Castrovilli,h,7909,OpenPlay,2022,LeftFoot,18923,Fiorentina,Udinese,2,0,2023-05-14 13:00:00,,None
2687,530289,27,MissedShots,0.895,0.43,0.04974978044629097,Gaetano Castrovilli,a,7909,OpenPlay,2022,Head,18959,Sassuolo,Fiorentina,1,3,2023-06-02 18:30:00,Aleksa Terzic,Cross
2688,530295,55,SavedShot,0.7659999847412109,0.7019999694824218,0.04962931573390961,Gaetano Castrovilli,a,7909,DirectFreekick,2022,RightFoot,18959,Sassuolo,Fiorentina,1,3,2023-06-02 18:30:00,,Standard
2689,578881,8,BlockedShot,0.8,0.3729999923706055,0.033804893493652344,Gaetano Castrovilli,a,7909,OpenPlay,2023,RightFoot,22649,Verona,Fiorentina,2,1,2024-05-05 13:00:00,Alfred Duncan,Pass
2690,578888,28,ShotOnPost,0.8469999694824218,0.7180000305175781,0.032287560403347015,Gaetano Castrovilli,a,7909,OpenPlay,2023,RightFoot,22649,Verona,Fiorentina,2,1,2024-05-05 13:00:00,Antonin Barak,Pass
2691,578894,41,Goal,0.9080000305175782,0.634000015258789,0.35460352897644043,Gaetano Castrovilli,a,7909,OpenPlay,2023,LeftFoot,22649,Verona,Fiorentina,2,1,2024-05-05 13:00:00,M&#039;Bala Nzola,TakeOn
2692,580858,30,BlockedShot,0.9130000305175782,0.5579999923706055,0.06493107229471207,Gaetano Castrovilli,h,7909,OpenPlay,2023,RightFoot,22656,Fiorentina,Monza,2,1,2024-05-13 18:45:00,,Aerial
2693,582983,42,SavedShot,0.9390000152587891,0.66,0.09864793717861176,Gaetano Castrovilli,a,7909,OpenPlay,2023,LeftFoot,22676,Cagliari,Fiorentina,2,3,2024-05-24 16:00:00,Giacomo Bonaventura,Pass
2694,591823,89,MissedShots,0.9119999694824219,0.7280000305175781,0.058574169874191284,Gaetano Castrovilli,h,7909,OpenPlay,2024,RightFoot,27396,Lazio,Verona,2,1,2024-09-16 18:45:00,Nuno Tavares,Pass
2695,596140,90,MissedShots,0.8080000305175781,0.5640000152587891,0.061342641711235046,Gaetano Castrovilli,h,7909,OpenPlay,2024,RightFoot,27423,Lazio,Empoli,2,1,2024-10-06 13:00:00,Matteo Guendouzi,Pass
2696,430881,57,BlockedShot,0.8,0.6480000305175782,0.02909800037741661,Nicolò Casale,a,8829,OpenPlay,2021,LeftFoot,16777,Bologna,Verona,1,0,2021-09-13 18:45:00,,None
2697,441933,11,MissedShots,0.9230000305175782,0.6329999923706054,0.07618089765310287,Nicolò Casale,a,8829,OpenPlay,2021,LeftFoot,16871,Napoli,Verona,1,1,2021-11-07 17:00:00,,Rebound
2698,443554,14,MissedShots,0.8640000152587891,0.6120000076293945,0.07982099801301956,Nicolò Casale,h,8829,OpenPlay,2021,RightFoot,16880,Verona,Empoli,2,1,2021-11-22 17:30:00,Gianluca Caprari,Pass
2699,448226,4,MissedShots,0.8869999694824219,0.4370000076293945,0.029970599338412285,Nicolò Casale,h,8829,FromCorner,2021,Head,16918,Verona,Atalanta,1,2,2021-12-12 14:00:00,Ivan Ilic,Chipped
2700,451720,50,MissedShots,0.9059999847412109,0.45799999237060546,0.06748999655246735,Nicolò Casale,a,8829,FromCorner,2021,Head,16955,Spezia,Verona,1,2,2022-01-06 13:30:00,Miguel Veloso,Cross
2701,452815,46,BlockedShot,0.825,0.6359999847412109,0.03823300078511238,Nicolò Casale,h,8829,OpenPlay,2021,RightFoot,16959,Verona,Salernitana,1,2,2022-01-09 19:45:00,Gianluca Caprari,Pass
2702,453484,46,BlockedShot,0.9569999694824218,0.5070000076293946,0.0856001004576683,Nicolò Casale,a,8829,FromCorner,2021,Head,16974,Sassuolo,Verona,2,4,2022-01-16 11:30:00,Miguel Veloso,Aerial
2703,456427,48,BlockedShot,0.8830000305175781,0.5920000076293945,0.06445419788360596,Nicolò Casale,a,8829,FromCorner,2021,LeftFoot,16990,Juventus,Verona,2,0,2022-02-06 19:45:00,Koray Günter,Pass
2704,470241,71,MissedShots,0.925,0.4570000076293945,0.04333779960870743,Nicolò Casale,h,8829,FromCorner,2021,Head,17089,Verona,Sampdoria,1,1,2022-04-23 18:45:00,Gianluca Caprari,Aerial
2705,475851,54,MissedShots,0.9330000305175781,0.49599998474121093,0.06314180046319962,Nicolò Casale,h,8829,FromCorner,2021,Head,17119,Verona,Torino,0,1,2022-05-14 16:00:00,Gianluca Caprari,Aerial
2706,493642,68,MissedShots,0.924000015258789,0.5220000076293946,0.10561999678611755,Nicolò Casale,h,8829,FromCorner,2022,Head,18676,Lazio,Udinese,0,0,2022-10-16 13:00:00,Luis Alberto,Cross
2707,499685,79,BlockedShot,0.9540000152587891,0.4520000076293945,0.06770019978284836,Nicolò Casale,h,8829,SetPiece,2022,Head,18716,Lazio,Monza,1,0,2022-11-10 19:45:00,Toma Basic,BallTouch
2708,500871,40,MissedShots,0.8819999694824219,0.4620000076293945,0.014019399881362915,Nicolò Casale,a,8829,FromCorner,2022,Head,18726,Juventus,Lazio,3,0,2022-11-13 19:45:00,Danilo Cataldi,Aerial
2709,502367,5,SavedShot,0.905,0.5,0.10817799717187881,Nicolò Casale,a,8829,SetPiece,2022,Head,18735,Lecce,Lazio,2,1,2023-01-04 15:30:00,Danilo Cataldi,Cross
2710,503858,87,MissedShots,0.9230000305175782,0.505,0.05091319978237152,Nicolò Casale,a,8829,FromCorner,2022,Head,18759,Sassuolo,Lazio,0,2,2023-01-15 11:30:00,Luis Alberto,Aerial
2711,506316,7,Goal,0.879000015258789,0.47400001525878904,0.09107139706611633,Nicolò Casale,h,8829,FromCorner,2022,RightFoot,18777,Lazio,Fiorentina,1,1,2023-01-29 17:00:00,,Rebound
2712,506315,7,MissedShots,0.895,0.495,0.05633150041103363,Nicolò Casale,h,8829,FromCorner,2022,Head,18777,Lazio,Fiorentina,1,1,2023-01-29 17:00:00,Luis Alberto,Cross
2713,511641,76,MissedShots,0.8690000152587891,0.5320000076293945,0.012989699840545654,Nicolò Casale,h,8829,FromCorner,2022,Head,18816,Lazio,Sampdoria,1,0,2023-02-27 19:45:00,Luis Alberto,Aerial
2714,535573,58,MissedShots,0.7069999694824218,0.425,0.01544205192476511,Nicolò Casale,h,8829,OpenPlay,2023,RightFoot,22321,Lazio,Genoa,0,1,2023-08-27 18:45:00,Danilo Cataldi,Pass
2715,540413,16,MissedShots,0.9130000305175782,0.605,0.08020900189876556,Nicolò Casale,h,8829,FromCorner,2023,RightFoot,22360,Lazio,Torino,2,0,2023-09-27 18:45:00,Ciro Immobile,None
2716,543160,13,SavedShot,0.924000015258789,0.5329999923706055,0.5439926981925964,Nicolò Casale,h,8829,SetPiece,2023,LeftFoot,22382,Lazio,Atalanta,3,2,2023-10-08 13:00:00,,Rebound
2717,564224,43,MissedShots,0.9540000152587891,0.4420000076293945,0.12286105006933212,Nicolò Casale,h,8829,FromCorner,2023,Head,22549,Lazio,Bologna,1,2,2024-02-18 11:30:00,Luis Alberto,Cross
2718,569672,61,BlockedShot,0.9030000305175782,0.5329999923706055,0.11784391850233078,Nicolò Casale,a,8829,FromCorner,2023,RightFoot,22586,Frosinone,Lazio,2,3,2024-03-16 19:45:00,,Rebound
2719,570918,53,BlockedShot,0.8619999694824219,0.32299999237060545,0.07822396606206894,Nicolò Casale,h,8829,OpenPlay,2023,RightFoot,22603,Lazio,Juventus,1,0,2024-03-30 17:00:00,Felipe Anderson,Pass
2720,574680,45,BlockedShot,0.74,0.3890000152587891,0.01782294549047947,Nicolò Casale,a,8829,OpenPlay,2023,RightFoot,22627,Genoa,Lazio,0,1,2024-04-19 16:30:00,Mario Gila,Pass
2721,585461,51,SavedShot,0.9009999847412109,0.4640000152587891,0.05883488059043884,Nicolò Casale,h,8829,FromCorner,2024,Head,27369,Lazio,Venezia,3,1,2024-08-18 18:45:00,Mattia Zaccagni,Cross
2722,590526,4,OwnGoal,0.035,0.35400001525878905,0,Nicolò Casale,a,8829,OpenPlay,2024,RightFoot,27397,Como,Bologna,2,2,2024-09-14 13:00:00,,None
2723,425586,82,MissedShots,0.7719999694824219,0.28700000762939454,0.014194600284099579,Nuno Tavares,a,9691,OpenPlay,2021,LeftFoot,16376,Brentford,Arsenal,2,0,2021-08-13 19:00:00,Albert Sambi Lokonga,Pass
2724,431326,92,MissedShots,0.725999984741211,0.5270000076293946,0.02178790047764778,Nuno Tavares,a,9691,OpenPlay,2021,RightFoot,16419,Burnley,Arsenal,0,1,2021-09-18 14:00:00,,BallRecovery
2725,437416,4,MissedShots,0.9440000152587891,0.6780000305175782,0.06447750329971313,Nuno Tavares,h,9691,OpenPlay,2021,LeftFoot,16456,Arsenal,Aston Villa,3,1,2021-10-22 19:00:00,,BallRecovery
2726,437420,21,BlockedShot,0.835,0.675,0.03704969957470894,Nuno Tavares,h,9691,OpenPlay,2021,RightFoot,16456,Arsenal,Aston Villa,3,1,2021-10-22 19:00:00,Emile Smith-Rowe,Pass
2727,437423,35,SavedShot,0.7390000152587891,0.6969999694824218,0.02276879921555519,Nuno Tavares,h,9691,OpenPlay,2021,RightFoot,16456,Arsenal,Aston Villa,3,1,2021-10-22 19:00:00,Albert Sambi Lokonga,Pass
2728,439391,47,BlockedShot,0.8330000305175781,0.7530000305175781,0.03321170061826706,Nuno Tavares,a,9691,OpenPlay,2021,LeftFoot,16468,Leicester,Arsenal,0,2,2021-10-30 11:30:00,Bukayo Saka,Pass
2729,441522,38,MissedShots,0.895,0.5309999847412109,0.08118270337581635,Nuno Tavares,h,9691,OpenPlay,2021,Head,16476,Arsenal,Watford,1,0,2021-11-07 14:00:00,Takehiro Tomiyasu,Cross
2730,443771,10,BlockedShot,0.8969999694824219,0.725999984741211,0.04047729820013046,Nuno Tavares,h,9691,OpenPlay,2021,LeftFoot,16496,Arsenal,Newcastle United,2,0,2021-11-27 12:30:00,Albert Sambi Lokonga,Pass
2731,443776,28,MissedShots,0.7330000305175781,0.6990000152587891,0.018181700259447098,Nuno Tavares,h,9691,OpenPlay,2021,RightFoot,16496,Arsenal,Newcastle United,2,0,2021-11-27 12:30:00,Albert Sambi Lokonga,Pass
2732,443783,45,MissedShots,0.93,0.7440000152587891,0.031139599159359932,Nuno Tavares,h,9691,OpenPlay,2021,LeftFoot,16496,Arsenal,Newcastle United,2,0,2021-11-27 12:30:00,,Rebound
2733,443784,47,MissedShots,0.720999984741211,0.534000015258789,0.01344900019466877,Nuno Tavares,h,9691,OpenPlay,2021,RightFoot,16496,Arsenal,Newcastle United,2,0,2021-11-27 12:30:00,,None
2734,443790,62,MissedShots,0.784000015258789,0.6270000076293946,0.03596559911966324,Nuno Tavares,h,9691,OpenPlay,2021,RightFoot,16496,Arsenal,Newcastle United,2,0,2021-11-27 12:30:00,Albert Sambi Lokonga,Pass
2735,443792,64,MissedShots,0.9169999694824219,0.4590000152587891,0.08213569968938828,Nuno Tavares,h,9691,FromCorner,2021,Head,16496,Arsenal,Newcastle United,2,0,2021-11-27 12:30:00,Martin Odegaard,Cross
2736,445810,64,MissedShots,0.9019999694824219,0.5259999847412109,0.040235601365566254,Nuno Tavares,a,9691,OpenPlay,2021,Head,16512,Manchester United,Arsenal,3,2,2021-12-02 20:15:00,,Rebound
2737,468162,48,BlockedShot,0.8059999847412109,0.730999984741211,0.022662300616502762,Nuno Tavares,a,9691,OpenPlay,2021,LeftFoot,16700,Southampton,Arsenal,1,0,2022-04-16 14:00:00,Bukayo Saka,Pass
2738,468163,50,MissedShots,0.7519999694824219,0.7230000305175781,0.01642799936234951,Nuno Tavares,a,9691,OpenPlay,2021,RightFoot,16700,Southampton,Arsenal,1,0,2022-04-16 14:00:00,Gabriel,Pass
2739,469416,81,MissedShots,0.8969999694824219,0.69,0.06734280288219452,Nuno Tavares,a,9691,OpenPlay,2021,RightFoot,16618,Chelsea,Arsenal,2,4,2022-04-20 18:45:00,Cédric Soares,Pass
2740,469417,84,MissedShots,0.645,0.48200000762939454,0.0118538998067379,Nuno Tavares,a,9691,OpenPlay,2021,RightFoot,16618,Chelsea,Arsenal,2,4,2022-04-20 18:45:00,,Dispossessed
2741,469765,2,Goal,0.975999984741211,0.5320000076293945,0.8150960206985474,Nuno Tavares,h,9691,OpenPlay,2021,RightFoot,16715,Arsenal,Manchester United,3,1,2022-04-23 11:30:00,,Rebound
2742,469785,47,MissedShots,0.86,0.6990000152587891,0.0412432998418808,Nuno Tavares,h,9691,OpenPlay,2021,LeftFoot,16715,Arsenal,Manchester United,3,1,2022-04-23 11:30:00,,Rebound
2743,469786,50,MissedShots,0.8690000152587891,0.6719999694824219,0.09353180229663849,Nuno Tavares,h,9691,OpenPlay,2021,RightFoot,16715,Arsenal,Manchester United,3,1,2022-04-23 11:30:00,Eddie Nketiah,TakeOn
2744,477861,41,MissedShots,0.965999984741211,0.6090000152587891,0.1084899976849556,Nuno Tavares,h,9691,OpenPlay,2021,LeftFoot,16746,Arsenal,Everton,5,1,2022-05-22 15:00:00,,None
2745,477865,53,MissedShots,0.7719999694824219,0.5179999923706055,0.04339129850268364,Nuno Tavares,h,9691,OpenPlay,2021,RightFoot,16746,Arsenal,Everton,5,1,2022-05-22 15:00:00,,BlockedPass
2746,479980,45,Goal,0.7909999847412109,0.674000015258789,0.04205390065908432,Nuno Tavares,h,9691,OpenPlay,2022,RightFoot,19657,Marseille,Reims,4,1,2022-08-07 18:45:00,Leonardo Balerdi,Chipped
2747,481254,37,Goal,0.9330000305175781,0.5420000076293945,0.406235009431839,Nuno Tavares,a,9691,FromCorner,2022,LeftFoot,19667,Brest,Marseille,1,1,2022-08-14 18:45:00,Jonathan Clauss,Cross
2748,482199,90,BlockedShot,0.960999984741211,0.705,0.05619850009679794,Nuno Tavares,h,9691,OpenPlay,2022,RightFoot,19674,Marseille,Nantes,2,1,2022-08-20 19:00:00,Dimitri Payet,Pass
2749,484299,36,Goal,0.7980000305175782,0.7530000305175781,0.020872099325060844,Nuno Tavares,a,9691,OpenPlay,2022,RightFoot,19682,Nice,Marseille,0,3,2022-08-28 13:00:00,Matteo Guendouzi,Pass
2750,484301,41,SavedShot,0.88,0.7019999694824218,0.0685184970498085,Nuno Tavares,a,9691,OpenPlay,2022,LeftFoot,19682,Nice,Marseille,0,3,2022-08-28 13:00:00,Valentin Rongier,Pass
2751,484305,46,BlockedShot,0.8390000152587891,0.615999984741211,0.08918970078229904,Nuno Tavares,a,9691,OpenPlay,2022,RightFoot,19682,Nice,Marseille,0,3,2022-08-28 13:00:00,Valentin Rongier,Chipped
2752,484311,72,MissedShots,0.8690000152587891,0.710999984741211,0.05848240107297897,Nuno Tavares,a,9691,OpenPlay,2022,LeftFoot,19682,Nice,Marseille,0,3,2022-08-28 13:00:00,Valentin Rongier,Pass
2753,485354,23,ShotOnPost,0.9130000305175782,0.6430000305175781,0.04708170145750046,Nuno Tavares,h,9691,OpenPlay,2022,RightFoot,19693,Marseille,Clermont Foot,1,0,2022-08-31 19:00:00,Matteo Guendouzi,Cross
2754,485362,47,SavedShot,0.7680000305175781,0.634000015258789,0.022360000759363174,Nuno Tavares,h,9691,OpenPlay,2022,RightFoot,19693,Marseille,Clermont Foot,1,0,2022-08-31 19:00:00,Dimitri Payet,Pass
2755,485368,71,BlockedShot,0.7869999694824219,0.6370000076293946,0.020196299999952316,Nuno Tavares,h,9691,FromCorner,2022,RightFoot,19693,Marseille,Clermont Foot,1,0,2022-08-31 19:00:00,,None
2756,486062,66,ShotOnPost,0.7609999847412109,0.6020000076293945,0.024113599210977554,Nuno Tavares,a,9691,OpenPlay,2022,LeftFoot,19699,Auxerre,Marseille,0,2,2022-09-03 15:00:00,Matteo Guendouzi,Pass
2757,487722,77,BlockedShot,0.7040000152587891,0.675,0.010905199684202671,Nuno Tavares,h,9691,OpenPlay,2022,RightFoot,19712,Marseille,Lille,2,1,2022-09-10 19:00:00,,Rebound
2758,489207,16,MissedShots,0.745999984741211,0.5129999923706055,0.022012099623680115,Nuno Tavares,h,9691,OpenPlay,2022,RightFoot,19725,Marseille,Rennes,1,1,2022-09-18 13:00:00,Valentin Rongier,Pass
2759,489210,22,SavedShot,0.85,0.5820000076293945,0.07265699654817581,Nuno Tavares,h,9691,OpenPlay,2022,LeftFoot,19725,Marseille,Rennes,1,1,2022-09-18 13:00:00,,BlockedPass
2760,489220,56,MissedShots,0.9130000305175782,0.6869999694824219,0.06268130242824554,Nuno Tavares,h,9691,OpenPlay,2022,LeftFoot,19725,Marseille,Rennes,1,1,2022-09-18 13:00:00,Amine Harit,Pass
2761,489221,57,BlockedShot,0.7959999847412109,0.6819999694824219,0.02536569908261299,Nuno Tavares,h,9691,OpenPlay,2022,RightFoot,19725,Marseille,Rennes,1,1,2022-09-18 13:00:00,Amine Harit,Pass
2762,489223,68,SavedShot,0.914000015258789,0.54,0.11743199825286865,Nuno Tavares,h,9691,SetPiece,2022,Head,19725,Marseille,Rennes,1,1,2022-09-18 13:00:00,Jonathan Clauss,Cross
2763,489225,69,BlockedShot,0.899000015258789,0.5029999923706054,0.04648200049996376,Nuno Tavares,h,9691,OpenPlay,2022,Head,19725,Marseille,Rennes,1,1,2022-09-18 13:00:00,Jonathan Clauss,Aerial
2764,491679,44,MissedShots,0.955,0.6709999847412109,0.05099020153284073,Nuno Tavares,h,9691,OpenPlay,2022,LeftFoot,19744,Marseille,Ajaccio,1,2,2022-10-08 15:00:00,Gerson,Chipped
2765,491685,89,MissedShots,0.7040000152587891,0.7069999694824218,0.012288199737668037,Nuno Tavares,h,9691,OpenPlay,2022,LeftFoot,19744,Marseille,Ajaccio,1,2,2022-10-08 15:00:00,Cengiz Ünder,Pass
2766,494055,6,BlockedShot,0.7709999847412109,0.72,0.01495330035686493,Nuno Tavares,a,9691,OpenPlay,2022,RightFoot,19752,Paris Saint Germain,Marseille,1,0,2022-10-16 18:45:00,Amine Harit,Pass
2767,494063,31,SavedShot,0.7859999847412109,0.705,0.02077849954366684,Nuno Tavares,a,9691,OpenPlay,2022,RightFoot,19752,Paris Saint Germain,Marseille,1,0,2022-10-16 18:45:00,Alexis Sánchez,Pass
2768,495275,0,MissedShots,0.845999984741211,0.6379999923706055,0.059404999017715454,Nuno Tavares,h,9691,OpenPlay,2022,RightFoot,19764,Marseille,Lens,0,1,2022-10-22 19:00:00,Alexis Sánchez,Pass
2769,495277,20,BlockedShot,0.8569999694824219,0.6329999923706054,0.06705959886312485,Nuno Tavares,h,9691,OpenPlay,2022,RightFoot,19764,Marseille,Lens,0,1,2022-10-22 19:00:00,Valentin Rongier,Pass
2770,496895,77,MissedShots,0.8280000305175781,0.67,0.09775009751319885,Nuno Tavares,a,9691,OpenPlay,2022,LeftFoot,19775,Strasbourg,Marseille,2,2,2022-10-29 19:00:00,Dimitri Payet,TakeOn
2771,498891,12,BlockedShot,0.7659999847412109,0.664000015258789,0.020695699378848076,Nuno Tavares,h,9691,OpenPlay,2022,LeftFoot,19784,Marseille,Lyon,1,0,2022-11-06 19:45:00,Valentin Rongier,Pass
2772,500888,1,MissedShots,0.95,0.5729999923706055,0.36911600828170776,Nuno Tavares,a,9691,OpenPlay,2022,LeftFoot,19788,Monaco,Marseille,2,3,2022-11-13 19:45:00,Jonathan Clauss,Cross
2773,500895,22,BlockedShot,0.8219999694824218,0.6880000305175781,0.024886999279260635,Nuno Tavares,a,9691,FromCorner,2022,LeftFoot,19788,Monaco,Marseille,2,3,2022-11-13 19:45:00,Alexis Sánchez,Pass
2774,501422,81,Goal,0.9419999694824219,0.555,0.48864200711250305,Nuno Tavares,h,9691,OpenPlay,2022,LeftFoot,19803,Marseille,Toulouse,6,1,2022-12-29 20:00:00,Jonathan Clauss,Cross
2775,502099,46,Goal,0.9080000305175782,0.605,0.0938567966222763,Nuno Tavares,a,9691,OpenPlay,2022,RightFoot,19812,Montpellier,Marseille,1,2,2023-01-02 18:00:00,,Rebound
2776,505999,39,BlockedShot,0.769000015258789,0.710999984741211,0.018820999190211296,Nuno Tavares,h,9691,OpenPlay,2022,RightFoot,19843,Marseille,Monaco,1,1,2023-01-28 20:00:00,Jordan Veretout,Pass
2777,506002,43,MissedShots,0.89,0.6719999694824219,0.04283110052347183,Nuno Tavares,h,9691,OpenPlay,2022,LeftFoot,19843,Marseille,Monaco,1,1,2023-01-28 20:00:00,Cengiz Ünder,HeadPass
2778,506003,46,SavedShot,0.9030000305175782,0.275,0.04446449875831604,Nuno Tavares,h,9691,OpenPlay,2022,LeftFoot,19843,Marseille,Monaco,1,1,2023-01-28 20:00:00,Cengiz Ünder,Pass
2779,506007,55,SavedShot,0.7190000152587891,0.46,0.018001699820160866,Nuno Tavares,h,9691,OpenPlay,2022,LeftFoot,19843,Marseille,Monaco,1,1,2023-01-28 20:00:00,Ruslan Malinovskiy,Pass
2780,506008,56,MissedShots,0.765,0.27799999237060546,0.012678899802267551,Nuno Tavares,h,9691,OpenPlay,2022,LeftFoot,19843,Marseille,Monaco,1,1,2023-01-28 20:00:00,,None
2781,506009,57,MissedShots,0.875999984741211,0.40400001525878904,0.09707880020141602,Nuno Tavares,h,9691,OpenPlay,2022,LeftFoot,19843,Marseille,Monaco,1,1,2023-01-28 20:00:00,Alexis Sánchez,Pass
2782,506010,59,BlockedShot,0.925,0.3079999923706055,0.05901379883289337,Nuno Tavares,h,9691,OpenPlay,2022,RightFoot,19843,Marseille,Monaco,1,1,2023-01-28 20:00:00,Valentin Rongier,Pass
2783,506012,69,MissedShots,0.8969999694824219,0.47299999237060547,0.09851250052452087,Nuno Tavares,h,9691,OpenPlay,2022,RightFoot,19843,Marseille,Monaco,1,1,2023-01-28 20:00:00,Ruslan Malinovskiy,Cross
2784,506019,84,SavedShot,0.7759999847412109,0.5629999923706055,0.02174369990825653,Nuno Tavares,h,9691,FromCorner,2022,LeftFoot,19843,Marseille,Monaco,1,1,2023-01-28 20:00:00,,None
2785,507893,54,MissedShots,0.725,0.759000015258789,0.011329400353133678,Nuno Tavares,h,9691,OpenPlay,2022,RightFoot,19862,Marseille,Nice,1,3,2023-02-05 19:45:00,Leonardo Balerdi,Pass
2786,507894,55,MissedShots,0.914000015258789,0.545,0.1139020025730133,Nuno Tavares,h,9691,OpenPlay,2022,Head,19862,Marseille,Nice,1,3,2023-02-05 19:45:00,Jonathan Clauss,Cross
2787,510486,10,SavedShot,0.7980000305175782,0.69,0.02210949920117855,Nuno Tavares,a,9691,OpenPlay,2022,RightFoot,19886,Toulouse,Marseille,2,3,2023-02-19 19:45:00,Alexis Sánchez,Pass
2788,510502,52,BlockedShot,0.8019999694824219,0.6509999847412109,0.06987469643354416,Nuno Tavares,a,9691,OpenPlay,2022,LeftFoot,19886,Toulouse,Marseille,2,3,2023-02-19 19:45:00,Cengiz Ünder,BallTouch
2789,510508,77,Goal,0.91,0.6419999694824219,0.09049669653177261,Nuno Tavares,a,9691,OpenPlay,2022,LeftFoot,19886,Toulouse,Marseille,2,3,2023-02-19 19:45:00,,None
2790,510509,81,MissedShots,0.9319999694824219,0.655,0.10364300012588501,Nuno Tavares,a,9691,OpenPlay,2022,LeftFoot,19886,Toulouse,Marseille,2,3,2023-02-19 19:45:00,Alexis Sánchez,Chipped
2791,511534,17,MissedShots,0.9430000305175781,0.34900001525878904,0.29648101329803467,Nuno Tavares,h,9691,OpenPlay,2022,LeftFoot,19896,Marseille,Paris Saint Germain,0,3,2023-02-26 19:45:00,Alexis Sánchez,Pass
2792,511537,27,BlockedShot,0.68,0.4420000076293945,0.008336449973285198,Nuno Tavares,h,9691,SetPiece,2022,LeftFoot,19896,Marseille,Paris Saint Germain,0,3,2023-02-26 19:45:00,,None
2793,511543,40,MissedShots,0.7230000305175781,0.24100000381469727,0.008940559811890125,Nuno Tavares,h,9691,OpenPlay,2022,LeftFoot,19896,Marseille,Paris Saint Germain,0,3,2023-02-26 19:45:00,Valentin Rongier,Pass
2794,511546,46,MissedShots,0.765,0.3220000076293945,0.012131700292229652,Nuno Tavares,h,9691,SetPiece,2022,LeftFoot,19896,Marseille,Paris Saint Germain,0,3,2023-02-26 19:45:00,,None
2795,511553,67,SavedShot,0.740999984741211,0.6320000076293946,0.01556210033595562,Nuno Tavares,h,9691,OpenPlay,2022,RightFoot,19896,Marseille,Paris Saint Germain,0,3,2023-02-26 19:45:00,Sead Kolasinac,Pass
2796,515903,66,MissedShots,0.8919999694824219,0.8530000305175781,0.10610400140285492,Nuno Tavares,a,9691,OpenPlay,2022,LeftFoot,19925,Reims,Marseille,1,2,2023-03-19 19:45:00,Azz-Eddine Ounahi,Pass
2797,515946,31,BlockedShot,0.8919999694824219,0.6990000152587891,0.04405299946665764,Nuno Tavares,h,9691,OpenPlay,2022,LeftFoot,19934,Marseille,Montpellier,1,1,2023-03-31 19:00:00,Jordan Veretout,BallTouch
2798,515952,48,BlockedShot,0.8680000305175781,0.5479999923706055,0.07086130231618881,Nuno Tavares,h,9691,SetPiece,2022,LeftFoot,19934,Marseille,Montpellier,1,1,2023-03-31 19:00:00,,None
2799,515954,53,BlockedShot,0.77,0.649000015258789,0.019091300666332245,Nuno Tavares,h,9691,OpenPlay,2022,RightFoot,19934,Marseille,Montpellier,1,1,2023-03-31 19:00:00,Sead Kolasinac,Pass
2800,518912,39,BlockedShot,0.899000015258789,0.6559999847412109,0.044495098292827606,Nuno Tavares,a,9691,OpenPlay,2022,LeftFoot,19940,Lorient,Marseille,0,0,2023-04-09 18:45:00,Jonathan Clauss,Cross
2801,518918,64,BlockedShot,0.7859999847412109,0.555,0.034475598484277725,Nuno Tavares,a,9691,OpenPlay,2022,RightFoot,19940,Lorient,Marseille,0,0,2023-04-09 18:45:00,,None
2802,518922,71,BlockedShot,0.7709999847412109,0.8240000152587891,0.01659270003437996,Nuno Tavares,a,9691,OpenPlay,2022,RightFoot,19940,Lorient,Marseille,0,0,2023-04-09 18:45:00,Sead Kolasinac,Pass
2803,518923,79,SavedShot,0.9669999694824218,0.6129999923706054,0.11155900359153748,Nuno Tavares,a,9691,OpenPlay,2022,LeftFoot,19940,Lorient,Marseille,0,0,2023-04-09 18:45:00,Valentin Rongier,Pass
2804,523606,54,BlockedShot,0.925,0.6120000076293945,0.10030277818441391,Nuno Tavares,h,9691,OpenPlay,2022,RightFoot,19971,Marseille,Auxerre,2,1,2023-04-30 18:45:00,Cengiz Ünder,Pass
2805,523607,57,MissedShots,0.7680000305175781,0.674000015258789,0.01650300808250904,Nuno Tavares,h,9691,OpenPlay,2022,RightFoot,19971,Marseille,Auxerre,2,1,2023-04-30 18:45:00,Valentin Rongier,TakeOn
2806,523619,87,MissedShots,0.8040000152587891,0.6179999923706054,0.04666612669825554,Nuno Tavares,h,9691,OpenPlay,2022,RightFoot,19971,Marseille,Auxerre,2,1,2023-04-30 18:45:00,Cengiz Ünder,Pass
2807,524889,93,MissedShots,0.9059999847412109,0.7330000305175781,0.01885184273123741,Nuno Tavares,a,9691,OpenPlay,2022,LeftFoot,19985,Lens,Marseille,2,1,2023-05-06 19:00:00,Vitinha,HeadPass
2808,529285,46,BlockedShot,0.8569999694824219,0.524000015258789,0.0971643328666687,Nuno Tavares,h,9691,OpenPlay,2022,RightFoot,20013,Marseille,Brest,1,2,2023-05-27 19:00:00,Cengiz Ünder,Pass
2809,529294,67,BlockedShot,0.9309999847412109,0.6320000076293946,0.018511606380343437,Nuno Tavares,h,9691,OpenPlay,2022,Head,20013,Marseille,Brest,1,2,2023-05-27 19:00:00,Jonathan Clauss,Aerial
2810,530538,84,MissedShots,0.7390000152587891,0.40599998474121096,0.010739201679825783,Nuno Tavares,a,9691,OpenPlay,2022,LeftFoot,20018,Ajaccio,Marseille,1,0,2023-06-03 17:00:00,,Aerial
2811,559078,37,SavedShot,0.725999984741211,0.7269999694824218,0.012203512713313103,Nuno Tavares,a,9691,OpenPlay,2023,RightFoot,22104,Brentford,Nottingham Forest,3,2,2024-01-20 17:30:00,Chris Wood,Pass
2812,559090,84,MissedShots,0.7630000305175781,0.6129999923706054,0.021922359243035316,Nuno Tavares,a,9691,OpenPlay,2023,RightFoot,22104,Brentford,Nottingham Forest,3,2,2024-01-20 17:30:00,Callum Hudson-Odoi,Pass
2813,561560,46,MissedShots,0.6840000152587891,0.44799999237060545,0.015455988235771656,Nuno Tavares,a,9691,FromCorner,2023,LeftFoot,22115,Bournemouth,Nottingham Forest,1,1,2024-02-04 14:00:00,Callum Hudson-Odoi,Pass
2814,562717,53,MissedShots,0.769000015258789,0.6969999694824218,0.01721283793449402,Nuno Tavares,h,9691,OpenPlay,2023,RightFoot,22131,Nottingham Forest,Newcastle United,2,3,2024-02-10 17:30:00,,BallRecovery
2815,562720,72,MissedShots,0.9430000305175781,0.6890000152587891,0.07284396141767502,Nuno Tavares,h,9691,OpenPlay,2023,LeftFoot,22131,Nottingham Forest,Newcastle United,2,3,2024-02-10 17:30:00,Callum Hudson-Odoi,TakeOn
2816,563895,51,MissedShots,0.7669999694824219,0.575999984741211,0.01798154041171074,Nuno Tavares,h,9691,FromCorner,2023,RightFoot,22142,Nottingham Forest,West Ham,2,0,2024-02-17 15:00:00,Felipe,Rebound
2817,563902,78,MissedShots,0.735,0.6229999923706054,0.015546213835477829,Nuno Tavares,h,9691,OpenPlay,2023,RightFoot,22142,Nottingham Forest,West Ham,2,0,2024-02-17 15:00:00,,Rebound
2818,591807,10,BlockedShot,0.7390000152587891,0.5259999847412109,0.01786075532436371,Nuno Tavares,h,9691,OpenPlay,2024,RightFoot,27396,Lazio,Verona,2,1,2024-09-16 18:45:00,Mattia Zaccagni,Pass
2819,591810,32,BlockedShot,0.7130000305175781,0.5890000152587891,0.011562304571270943,Nuno Tavares,h,9691,OpenPlay,2024,RightFoot,27396,Lazio,Verona,2,1,2024-09-16 18:45:00,Mario Gila,Chipped
2820,591815,61,SavedShot,0.96,0.6090000152587891,0.35492584109306335,Nuno Tavares,h,9691,OpenPlay,2024,LeftFoot,27396,Lazio,Verona,2,1,2024-09-16 18:45:00,,Rebound
2821,592825,12,MissedShots,0.7969999694824219,0.3129999923706055,0.06994536519050598,Nuno Tavares,a,9691,DirectFreekick,2024,LeftFoot,27404,Fiorentina,Lazio,2,1,2024-09-22 10:30:00,,Standard
2822,592830,23,BlockedShot,0.700999984741211,0.7580000305175781,0.009766535833477974,Nuno Tavares,a,9691,OpenPlay,2024,LeftFoot,27404,Fiorentina,Lazio,2,1,2024-09-22 10:30:00,Matteo Guendouzi,Pass
2823,592833,31,SavedShot,0.7,0.6090000152587891,0.01442182157188654,Nuno Tavares,a,9691,OpenPlay,2024,RightFoot,27404,Fiorentina,Lazio,2,1,2024-09-22 10:30:00,Gustav Isaksen,Pass
2824,592838,51,BlockedShot,0.8469999694824218,0.6919999694824219,0.04027397185564041,Nuno Tavares,a,9691,OpenPlay,2024,RightFoot,27404,Fiorentina,Lazio,2,1,2024-09-22 10:30:00,Boulaye Dia,Pass
2825,594502,24,MissedShots,0.7609999847412109,0.6580000305175782,0.02571919560432434,Nuno Tavares,a,9691,OpenPlay,2024,RightFoot,27421,Torino,Lazio,2,3,2024-09-29 10:30:00,Manuel Lazzari,Pass
2826,594514,49,MissedShots,0.735999984741211,0.625999984741211,0.020323313772678375,Nuno Tavares,a,9691,OpenPlay,2024,LeftFoot,27421,Torino,Lazio,2,3,2024-09-29 10:30:00,Gustav Isaksen,Pass
2827,599199,9,MissedShots,0.87,0.6909999847412109,0.05188120901584625,Nuno Tavares,h,9691,OpenPlay,2024,LeftFoot,27447,Lazio,Genoa,3,0,2024-10-27 14:00:00,Valentín Castellanos,Pass
2828,599206,41,MissedShots,0.749000015258789,0.5790000152587891,0.02828211709856987,Nuno Tavares,h,9691,OpenPlay,2024,LeftFoot,27447,Lazio,Genoa,3,0,2024-10-27 14:00:00,Gustav Isaksen,Dispossessed
2829,599212,59,BlockedShot,0.8190000152587891,0.6270000076293946,0.046793241053819656,Nuno Tavares,h,9691,OpenPlay,2024,LeftFoot,27447,Lazio,Genoa,3,0,2024-10-27 14:00:00,Matteo Guendouzi,Pass
2830,599696,46,MissedShots,0.7580000305175781,0.705999984741211,0.04562820866703987,Nuno Tavares,a,9691,DirectFreekick,2024,LeftFoot,27454,Como,Lazio,1,5,2024-10-31 19:45:00,,Standard
2831,602302,53,MissedShots,0.9230000305175782,0.7469999694824219,0.04707003012299538,Nuno Tavares,a,9691,OpenPlay,2024,LeftFoot,27475,Monza,Lazio,0,1,2024-11-10 17:00:00,Mattia Zaccagni,Pass
2832,602304,68,MissedShots,0.7030000305175781,0.6730000305175782,0.0151453772559762,Nuno Tavares,a,9691,OpenPlay,2024,RightFoot,27475,Monza,Lazio,0,1,2024-11-10 17:00:00,Mattia Zaccagni,BallRecovery
2833,606624,15,MissedShots,0.72,0.605,0.013497201725840569,Nuno Tavares,a,9691,FromCorner,2024,LeftFoot,27509,Napoli,Lazio,0,1,2024-12-08 19:45:00,,None
2834,607908,6,SavedShot,0.79,0.55,0.05070113390684128,Nuno Tavares,h,9691,OpenPlay,2024,RightFoot,27515,Lazio,Inter,0,6,2024-12-16 19:45:00,,TakeOn
2835,610370,78,MissedShots,0.9430000305175781,0.700999984741211,0.2904626131057739,Nuno Tavares,a,9691,OpenPlay,2024,LeftFoot,27549,Roma,Lazio,2,0,2025-01-05 19:45:00,Nicolo Rovella,TakeOn
