,id,minute,result,X,Y,xG,player,h_a,player_id,situation,season,shotType,match_id,h_team,a_team,h_goals,a_goals,date,player_assisted,lastAction
0,15217,92,MissedShots,0.8230000305175781,0.36900001525878906,0.0623646005988121,Mohamed Salah,h,1250,OpenPlay,2014,LeftFoot,4720,Chelsea,Swansea,4,2,2014-09-13 15:00:00,Eden Hazard,Pass
1,20034,84,SavedShot,0.92,0.5320000076293945,0.4399380087852478,Mohamed Salah,a,1250,OpenPlay,2014,LeftFoot,4560,Tottenham,Chelsea,5,3,2015-01-01 17:30:00,Eden Hazard,Pass
2,46908,87,BlockedShot,0.8859999847412109,0.5659999847412109,0.09675999730825424,Mohamed Salah,h,1250,OpenPlay,2014,LeftFoot,4929,Fiorentina,Atalanta,3,2,2015-02-08 11:30:00,Mario Gomez,BallTouch
3,47192,0,SavedShot,0.9640000152587891,0.6880000305175781,0.049131400883197784,Mohamed Salah,a,1250,OpenPlay,2014,LeftFoot,4937,Sassuolo,Fiorentina,1,3,2015-02-14 17:00:00,David Pizarro,Chipped
4,47197,16,MissedShots,0.9,0.6769999694824219,0.06032019853591919,Mohamed Salah,a,1250,OpenPlay,2014,LeftFoot,4937,Sassuolo,Fiorentina,1,3,2015-02-14 17:00:00,Khouma Babacar,Pass
5,47200,29,Goal,0.855,0.47400001525878904,0.349265992641449,Mohamed Salah,a,1250,OpenPlay,2014,LeftFoot,4937,Sassuolo,Fiorentina,1,3,2015-02-14 17:00:00,Khouma Babacar,Throughball
6,47300,84,Goal,0.87,0.44,0.1081869974732399,Mohamed Salah,h,1250,OpenPlay,2014,RightFoot,4952,Fiorentina,Torino,1,1,2015-02-22 19:45:00,Alberto Gilardino,Pass
7,47398,54,Goal,0.885,0.5529999923706055,0.3872990012168884,Mohamed Salah,a,1250,OpenPlay,2014,LeftFoot,4886,Inter,Fiorentina,0,1,2015-03-01 17:00:00,,None
8,48963,92,BlockedShot,0.879000015258789,0.38,0.07534659653902054,Mohamed Salah,a,1250,OpenPlay,2014,LeftFoot,4916,Udinese,Fiorentina,2,2,2015-03-22 19:45:00,,BallTouch
9,48276,41,BlockedShot,0.8919999694824219,0.34400001525878904,0.09260749816894531,Mohamed Salah,h,1250,OpenPlay,2014,LeftFoot,4837,Fiorentina,Sampdoria,2,0,2015-04-04 17:30:00,,TakeOn
10,48282,49,MissedShots,0.8919999694824219,0.30200000762939455,0.044689200818538666,Mohamed Salah,h,1250,OpenPlay,2014,LeftFoot,4837,Fiorentina,Sampdoria,2,0,2015-04-04 17:30:00,Micah Richards,Pass
11,48288,63,Goal,0.905,0.35200000762939454,0.3791790008544922,Mohamed Salah,h,1250,OpenPlay,2014,RightFoot,4837,Fiorentina,Sampdoria,2,0,2015-04-04 17:30:00,Mario Gomez,TakeOn
12,49127,71,BlockedShot,0.8590000152587891,0.46700000762939453,0.06918240338563919,Mohamed Salah,h,1250,OpenPlay,2014,LeftFoot,4860,Fiorentina,Verona,0,1,2015-04-20 19:45:00,Alessandro Diamanti,Cross
13,49463,22,MissedShots,0.98,0.40799999237060547,0.16068899631500244,Mohamed Salah,h,1250,OpenPlay,2014,Head,4869,Fiorentina,Cagliari,1,3,2015-04-26 17:00:00,Manuel Pasqual,Cross
14,49485,75,MissedShots,0.7909999847412109,0.3290000152587891,0.022960100322961807,Mohamed Salah,h,1250,OpenPlay,2014,LeftFoot,4869,Fiorentina,Cagliari,1,3,2015-04-26 17:00:00,Stefan Savic,Pass
15,49486,79,BlockedShot,0.8109999847412109,0.44099998474121094,0.04231660068035126,Mohamed Salah,h,1250,OpenPlay,2014,LeftFoot,4869,Fiorentina,Cagliari,1,3,2015-04-26 17:00:00,Alberto Gilardino,BallTouch
16,50146,39,MissedShots,0.795,0.4229999923706055,0.040460098534822464,Mohamed Salah,a,1250,OpenPlay,2014,LeftFoot,4877,Juventus,Fiorentina,3,2,2015-04-29 19:45:00,Mario Gomez,Pass
17,50152,49,MissedShots,0.830999984741211,0.5129999923706055,0.07382380217313766,Mohamed Salah,a,1250,OpenPlay,2014,LeftFoot,4877,Juventus,Fiorentina,3,2,2015-04-29 19:45:00,Mario Gomez,LayOff
18,51100,17,MissedShots,0.8490000152587891,0.539000015258789,0.06525029987096786,Mohamed Salah,h,1250,FromCorner,2014,LeftFoot,4785,Fiorentina,Cesena,3,1,2015-05-03 14:00:00,,Rebound
19,51099,17,BlockedShot,0.884000015258789,0.45599998474121095,0.05342020094394684,Mohamed Salah,h,1250,FromCorner,2014,LeftFoot,4785,Fiorentina,Cesena,3,1,2015-05-03 14:00:00,Josip Ilicic,Cross
20,51107,39,MissedShots,0.8530000305175781,0.5179999923706055,0.43875300884246826,Mohamed Salah,h,1250,OpenPlay,2014,LeftFoot,4785,Fiorentina,Cesena,3,1,2015-05-03 14:00:00,,None
21,51110,42,MissedShots,0.88,0.5529999923706055,0.029391299933195114,Mohamed Salah,h,1250,OpenPlay,2014,Head,4785,Fiorentina,Cesena,3,1,2015-05-03 14:00:00,Juan Vargas,Cross
22,51111,44,SavedShot,0.765,0.504000015258789,0.032761100679636,Mohamed Salah,h,1250,OpenPlay,2014,LeftFoot,4785,Fiorentina,Cesena,3,1,2015-05-03 14:00:00,,Dispossessed
23,51114,49,SavedShot,0.8690000152587891,0.33099998474121095,0.1023700013756752,Mohamed Salah,h,1250,OpenPlay,2014,LeftFoot,4785,Fiorentina,Cesena,3,1,2015-05-03 14:00:00,Neto,Pass
24,50568,56,Goal,0.8969999694824219,0.565,0.268530011177063,Mohamed Salah,a,1250,OpenPlay,2014,LeftFoot,4796,Empoli,Fiorentina,2,3,2015-05-10 17:00:00,Josip Ilicic,TakeOn
25,50569,62,SavedShot,0.794000015258789,0.5020000076293946,0.05190519988536835,Mohamed Salah,a,1250,OpenPlay,2014,LeftFoot,4796,Empoli,Fiorentina,2,3,2015-05-10 17:00:00,Josip Ilicic,Pass
26,50570,67,BlockedShot,0.905,0.46299999237060546,0.43853700160980225,Mohamed Salah,a,1250,OpenPlay,2014,RightFoot,4796,Empoli,Fiorentina,2,3,2015-05-10 17:00:00,Matías Fernández,Pass
27,50581,91,BlockedShot,0.8209999847412109,0.6769999694824219,0.03450870141386986,Mohamed Salah,a,1250,OpenPlay,2014,LeftFoot,4796,Empoli,Fiorentina,2,3,2015-05-10 17:00:00,Matías Fernández,Pass
28,50466,15,MissedShots,0.82,0.504000015258789,0.07926680147647858,Mohamed Salah,h,1250,OpenPlay,2014,LeftFoot,4807,Fiorentina,Parma,3,0,2015-05-18 18:00:00,Alberto Gilardino,LayOff
29,50482,51,BlockedShot,0.87,0.46,0.04945550113916397,Mohamed Salah,h,1250,FromCorner,2014,LeftFoot,4807,Fiorentina,Parma,3,0,2015-05-18 18:00:00,Matías Fernández,Cross
30,50484,55,Goal,0.855,0.544000015258789,0.11849900335073471,Mohamed Salah,h,1250,OpenPlay,2014,RightFoot,4807,Fiorentina,Parma,3,0,2015-05-18 18:00:00,Manuel Pasqual,TakeOn
31,93705,87,MissedShots,0.79,0.40700000762939453,0.03648350015282631,Mohamed Salah,a,1250,OpenPlay,2015,LeftFoot,572,Frosinone,Roma,0,2,2015-09-12 20:00:00,Seydou Keita,TakeOn
32,95214,26,SavedShot,0.855,0.355,0.3209199905395508,Mohamed Salah,h,1250,OpenPlay,2015,LeftFoot,585,Roma,Sassuolo,2,2,2015-09-20 17:00:00,Miralem Pjanic,Throughball
33,95221,41,SavedShot,0.9130000305175782,0.32799999237060545,0.1083260029554367,Mohamed Salah,h,1250,OpenPlay,2015,RightFoot,585,Roma,Sassuolo,2,2,2015-09-20 17:00:00,Juan Iturbe,BallRecovery
34,95225,43,MissedShots,0.9019999694824219,0.35700000762939454,0.06530849635601044,Mohamed Salah,h,1250,OpenPlay,2015,RightFoot,585,Roma,Sassuolo,2,2,2015-09-20 17:00:00,Francesco Totti,Chipped
35,95229,48,Goal,0.7669999694824219,0.4329999923706055,0.019122200086712837,Mohamed Salah,h,1250,FromCorner,2015,LeftFoot,585,Roma,Sassuolo,2,2,2015-09-20 17:00:00,,None
36,95234,77,BlockedShot,0.8009999847412109,0.71,0.04300050064921379,Mohamed Salah,h,1250,FromCorner,2015,LeftFoot,585,Roma,Sassuolo,2,2,2015-09-20 17:00:00,,TakeOn
37,95236,82,SavedShot,0.8019999694824219,0.3170000076293945,0.02312990091741085,Mohamed Salah,h,1250,OpenPlay,2015,LeftFoot,585,Roma,Sassuolo,2,2,2015-09-20 17:00:00,Alessandro Florenzi,Pass
38,94683,52,MissedShots,0.8519999694824218,0.275,0.0502546988427639,Mohamed Salah,a,1250,OpenPlay,2015,LeftFoot,594,Sampdoria,Roma,2,1,2015-09-23 22:45:00,Miralem Pjanic,LayOff
39,94690,68,Goal,0.8969999694824219,0.5459999847412109,0.42853400111198425,Mohamed Salah,a,1250,OpenPlay,2015,LeftFoot,594,Sampdoria,Roma,2,1,2015-09-23 22:45:00,Miralem Pjanic,Pass
40,94692,69,BlockedShot,0.8619999694824219,0.37200000762939456,0.07642780244350433,Mohamed Salah,a,1250,OpenPlay,2015,LeftFoot,594,Sampdoria,Roma,2,1,2015-09-23 22:45:00,Miralem Pjanic,TakeOn
41,94695,74,SavedShot,0.8490000152587891,0.29100000381469726,0.03736890107393265,Mohamed Salah,a,1250,OpenPlay,2015,LeftFoot,594,Sampdoria,Roma,2,1,2015-09-23 22:45:00,Miralem Pjanic,Pass
42,95991,50,Goal,0.9740000152587891,0.46799999237060547,0.87956702709198,Mohamed Salah,h,1250,OpenPlay,2015,RightFoot,601,Roma,Carpi,5,1,2015-09-26 20:00:00,,Rebound
43,95993,58,MissedShots,0.889000015258789,0.26600000381469724,0.051402900367975235,Mohamed Salah,h,1250,OpenPlay,2015,LeftFoot,601,Roma,Carpi,5,1,2015-09-26 20:00:00,Maicon,Pass
44,96000,72,MissedShots,0.9369999694824219,0.69,0.1537719964981079,Mohamed Salah,h,1250,OpenPlay,2015,LeftFoot,601,Roma,Carpi,5,1,2015-09-26 20:00:00,Miralem Pjanic,TakeOn
45,96932,18,MissedShots,0.8569999694824219,0.32099998474121094,0.04568079859018326,Mohamed Salah,h,1250,OpenPlay,2015,LeftFoot,621,Roma,Empoli,3,1,2015-10-17 20:00:00,Iago Falque,Chipped
46,96943,68,Goal,0.9080000305175782,0.5420000076293945,0.5224699974060059,Mohamed Salah,h,1250,OpenPlay,2015,LeftFoot,621,Roma,Empoli,3,1,2015-10-17 20:00:00,Gervinho,Pass
47,97318,5,Goal,0.8390000152587891,0.31,0.029324200004339218,Mohamed Salah,a,1250,OpenPlay,2015,LeftFoot,639,Fiorentina,Roma,1,2,2015-10-25 21:00:00,Miralem Pjanic,Pass
48,98341,7,MissedShots,0.8859999847412109,0.3290000152587891,0.01520800031721592,Mohamed Salah,a,1250,OpenPlay,2015,Head,652,Inter,Roma,1,0,2015-10-31 23:45:00,,None
49,98349,27,MissedShots,0.9269999694824219,0.29,0.046467799693346024,Mohamed Salah,a,1250,OpenPlay,2015,RightFoot,652,Inter,Roma,1,0,2015-10-31 23:45:00,Miralem Pjanic,Pass
50,98361,60,SavedShot,0.965,0.3990000152587891,0.030233899131417274,Mohamed Salah,a,1250,OpenPlay,2015,Head,652,Inter,Roma,1,0,2015-10-31 23:45:00,,Rebound
51,98360,60,SavedShot,0.9180000305175782,0.37400001525878906,0.3335320055484772,Mohamed Salah,a,1250,OpenPlay,2015,RightFoot,652,Inter,Roma,1,0,2015-10-31 23:45:00,,Rebound
52,98358,60,SavedShot,0.9009999847412109,0.39599998474121095,0.35621699690818787,Mohamed Salah,a,1250,OpenPlay,2015,LeftFoot,652,Inter,Roma,1,0,2015-10-31 23:45:00,Miralem Pjanic,TakeOn
53,98875,24,MissedShots,0.775,0.345,0.015254500322043896,Mohamed Salah,h,1250,SetPiece,2015,LeftFoot,666,Roma,Lazio,2,0,2015-11-08 18:00:00,,Rebound
54,100903,4,MissedShots,0.9,0.655,0.0632701963186264,Mohamed Salah,a,1250,OpenPlay,2015,LeftFoot,707,Napoli,Roma,0,0,2015-12-13 21:00:00,Iago Falque,HeadPass
55,101464,45,MissedShots,0.915,0.3320000076293945,0.07483009994029999,Mohamed Salah,h,1250,OpenPlay,2015,LeftFoot,715,Roma,Genoa,2,0,2015-12-20 18:00:00,Alessandro Florenzi,Chipped
56,101790,18,BlockedShot,0.875999984741211,0.5920000076293945,0.10640700161457062,Mohamed Salah,a,1250,OpenPlay,2015,LeftFoot,722,Chievo,Roma,3,3,2016-01-06 18:00:00,Gervinho,Pass
57,101798,46,MissedShots,0.855,0.66,0.04210919886827469,Mohamed Salah,a,1250,SetPiece,2015,LeftFoot,722,Chievo,Roma,3,3,2016-01-06 18:00:00,,None
58,101800,54,SavedShot,0.9119999694824219,0.5279999923706055,0.48481300473213196,Mohamed Salah,a,1250,OpenPlay,2015,LeftFoot,722,Chievo,Roma,3,3,2016-01-06 18:00:00,Alessandro Florenzi,None
59,94100,43,MissedShots,0.9169999694824219,0.555,0.07960300147533417,Mohamed Salah,h,1250,FromCorner,2015,Head,746,Roma,Verona,1,1,2016-01-17 18:00:00,Alessandro Florenzi,Cross
60,94106,54,SavedShot,0.865999984741211,0.625,0.0501520000398159,Mohamed Salah,h,1250,FromCorner,2015,LeftFoot,746,Roma,Verona,1,1,2016-01-17 18:00:00,,None
61,94108,57,SavedShot,0.9159999847412109,0.3609999847412109,0.30421701073646545,Mohamed Salah,h,1250,OpenPlay,2015,LeftFoot,746,Roma,Verona,1,1,2016-01-17 18:00:00,Alessandro Florenzi,Chipped
62,94507,69,BlockedShot,0.815,0.5420000076293945,0.07950560003519058,Mohamed Salah,h,1250,OpenPlay,2015,LeftFoot,763,Roma,Frosinone,3,1,2016-01-30 23:45:00,Radja Nainggolan,Pass
63,95473,10,Goal,0.7930000305175782,0.3129999923706055,0.02558010071516037,Mohamed Salah,a,1250,OpenPlay,2015,LeftFoot,771,Sassuolo,Roma,0,2,2016-02-02 23:45:00,Miralem Pjanic,Pass
64,95479,35,BlockedShot,0.85,0.35200000762939454,0.08711860328912735,Mohamed Salah,a,1250,OpenPlay,2015,LeftFoot,771,Sassuolo,Roma,0,2,2016-02-02 23:45:00,,TakeOn
65,95483,40,BlockedShot,0.7619999694824219,0.4179999923706055,0.017894800752401352,Mohamed Salah,a,1250,FromCorner,2015,LeftFoot,771,Sassuolo,Roma,0,2,2016-02-02 23:45:00,,None
66,95488,54,SavedShot,0.919000015258789,0.3629999923706055,0.37147799134254456,Mohamed Salah,a,1250,OpenPlay,2015,LeftFoot,771,Sassuolo,Roma,0,2,2016-02-02 23:45:00,Miralem Pjanic,TakeOn
67,95810,43,ShotOnPost,0.9109999847412109,0.44799999237060545,0.3648439943790436,Mohamed Salah,a,1250,OpenPlay,2015,LeftFoot,792,Carpi,Roma,1,3,2016-02-12 23:45:00,Edin Dzeko,HeadPass
68,95825,84,Goal,0.9069999694824219,0.39799999237060546,0.3910120129585266,Mohamed Salah,a,1250,OpenPlay,2015,LeftFoot,792,Carpi,Roma,1,3,2016-02-12 23:45:00,,None
69,96651,11,MissedShots,0.825,0.32099998474121094,0.03495490178465843,Mohamed Salah,h,1250,OpenPlay,2015,LeftFoot,809,Roma,Palermo,5,0,2016-02-21 23:45:00,Edin Dzeko,Pass
70,96657,34,MissedShots,0.8159999847412109,0.4329999923706055,0.06340979784727097,Mohamed Salah,h,1250,FromCorner,2015,LeftFoot,809,Roma,Palermo,5,0,2016-02-21 23:45:00,Radja Nainggolan,TakeOn
71,96665,54,BlockedShot,0.8119999694824219,0.6309999847412109,0.04282600060105324,Mohamed Salah,h,1250,OpenPlay,2015,LeftFoot,809,Roma,Palermo,5,0,2016-02-21 23:45:00,Radja Nainggolan,BallRecovery
72,96668,59,Goal,0.9,0.6619999694824219,0.09319929778575897,Mohamed Salah,h,1250,OpenPlay,2015,LeftFoot,809,Roma,Palermo,5,0,2016-02-21 23:45:00,Edin Dzeko,Pass
73,96670,61,Goal,0.995999984741211,0.2989999961853027,0.1280909925699234,Mohamed Salah,h,1250,OpenPlay,2015,LeftFoot,809,Roma,Palermo,5,0,2016-02-21 23:45:00,,TakeOn
74,97180,73,SavedShot,0.8190000152587891,0.7030000305175781,0.034393198788166046,Mohamed Salah,a,1250,OpenPlay,2015,LeftFoot,811,Empoli,Roma,1,3,2016-02-27 21:00:00,Stephan El Shaarawy,Pass
75,97184,83,MissedShots,0.789000015258789,0.37200000762939456,0.04524540156126022,Mohamed Salah,a,1250,OpenPlay,2015,LeftFoot,811,Empoli,Roma,1,3,2016-02-27 21:00:00,Edin Dzeko,Pass
76,97186,94,MissedShots,0.7530000305175781,0.28600000381469726,0.014800399541854858,Mohamed Salah,a,1250,SetPiece,2015,LeftFoot,811,Empoli,Roma,1,3,2016-02-27 21:00:00,Miralem Pjanic,Pass
77,97576,24,Goal,0.7719999694824219,0.26799999237060546,0.01653989963233471,Mohamed Salah,h,1250,OpenPlay,2015,LeftFoot,821,Roma,Fiorentina,4,1,2016-03-04 23:45:00,Diego Perotti,LayOff
78,97589,57,Goal,0.9119999694824219,0.3340000152587891,0.30508899688720703,Mohamed Salah,h,1250,OpenPlay,2015,LeftFoot,821,Roma,Fiorentina,4,1,2016-03-04 23:45:00,Miralem Pjanic,Chipped
79,98122,37,BlockedShot,0.8719999694824219,0.6040000152587891,0.10368599742650986,Mohamed Salah,a,1250,OpenPlay,2015,LeftFoot,835,Udinese,Roma,1,2,2016-03-13 18:00:00,Diego Perotti,Pass
80,98607,11,BlockedShot,0.715,0.425,0.014102100394666195,Mohamed Salah,h,1250,OpenPlay,2015,LeftFoot,842,Roma,Inter,1,1,2016-03-19 23:45:00,,Tackle
81,98621,80,SavedShot,0.8959999847412109,0.6580000305175782,0.06631340086460114,Mohamed Salah,h,1250,OpenPlay,2015,LeftFoot,842,Roma,Inter,1,1,2016-03-19 23:45:00,Radja Nainggolan,Pass
82,98625,89,BlockedShot,0.875999984741211,0.35900001525878905,0.0511539988219738,Mohamed Salah,h,1250,FromCorner,2015,LeftFoot,842,Roma,Inter,1,1,2016-03-19 23:45:00,Miralem Pjanic,Pass
83,99099,39,BlockedShot,0.7390000152587891,0.27700000762939453,0.018501000478863716,Mohamed Salah,a,1250,OpenPlay,2015,LeftFoot,855,Lazio,Roma,1,4,2016-04-03 17:00:00,Radja Nainggolan,Pass
84,99104,49,MissedShots,0.830999984741211,0.34,0.027388399466872215,Mohamed Salah,a,1250,FromCorner,2015,LeftFoot,855,Lazio,Roma,1,4,2016-04-03 17:00:00,,None
85,99106,52,MissedShots,0.9130000305175782,0.44299999237060544,0.14291299879550934,Mohamed Salah,a,1250,OpenPlay,2015,LeftFoot,855,Lazio,Roma,1,4,2016-04-03 17:00:00,Alessandro Florenzi,Pass
86,99490,15,ShotOnPost,0.8819999694824219,0.5690000152587891,0.03038560040295124,Mohamed Salah,h,1250,OpenPlay,2015,Head,870,Roma,Bologna,1,1,2016-04-11 22:45:00,Lucas Digne,Cross
87,99493,22,SavedShot,0.8930000305175781,0.31,0.3052079975605011,Mohamed Salah,h,1250,OpenPlay,2015,LeftFoot,870,Roma,Bologna,1,1,2016-04-11 22:45:00,Diego Perotti,Throughball
88,99496,30,MissedShots,0.905,0.41900001525878905,0.03989329934120178,Mohamed Salah,h,1250,OpenPlay,2015,Head,870,Roma,Bologna,1,1,2016-04-11 22:45:00,,None
89,99499,45,ShotOnPost,0.8109999847412109,0.3940000152587891,0.03714140132069588,Mohamed Salah,h,1250,OpenPlay,2015,LeftFoot,870,Roma,Bologna,1,1,2016-04-11 22:45:00,Alessandro Florenzi,Pass
90,99502,49,Goal,0.865,0.4520000076293945,0.17156599462032318,Mohamed Salah,h,1250,OpenPlay,2015,LeftFoot,870,Roma,Bologna,1,1,2016-04-11 22:45:00,Francesco Totti,BallRecovery
91,99506,82,MissedShots,0.7619999694824219,0.39299999237060546,0.023465199396014214,Mohamed Salah,h,1250,OpenPlay,2015,LeftFoot,870,Roma,Bologna,1,1,2016-04-11 22:45:00,Francesco Totti,Pass
92,100720,10,MissedShots,0.835999984741211,0.3110000038146973,0.0333251990377903,Mohamed Salah,h,1250,OpenPlay,2015,LeftFoot,883,Roma,Torino,3,2,2016-04-20 22:45:00,Radja Nainggolan,Pass
93,100722,11,MissedShots,0.9009999847412109,0.4640000152587891,0.12368100136518478,Mohamed Salah,h,1250,OpenPlay,2015,RightFoot,883,Roma,Torino,3,2,2016-04-20 22:45:00,Alessandro Florenzi,Rebound
94,100723,15,SavedShot,0.754000015258789,0.5640000152587891,0.030512500554323196,Mohamed Salah,h,1250,OpenPlay,2015,LeftFoot,883,Roma,Torino,3,2,2016-04-20 22:45:00,Stephan El Shaarawy,TakeOn
95,101169,0,MissedShots,0.7830000305175782,0.40400001525878904,0.028868399560451508,Mohamed Salah,h,1250,OpenPlay,2015,LeftFoot,898,Roma,Napoli,1,0,2016-04-25 17:00:00,,None
96,101173,31,SavedShot,0.815,0.56,0.05887660011649132,Mohamed Salah,h,1250,OpenPlay,2015,LeftFoot,898,Roma,Napoli,1,0,2016-04-25 17:00:00,Stephan El Shaarawy,Pass
97,101706,5,Goal,0.9130000305175782,0.48,0.5242930054664612,Mohamed Salah,a,1250,OpenPlay,2015,LeftFoot,909,Genoa,Roma,2,3,2016-05-02 21:00:00,Diego Perotti,Pass
98,102060,9,BlockedShot,0.8280000305175781,0.3089999961853027,0.011304300278425217,Mohamed Salah,h,1250,FromCorner,2015,LeftFoot,913,Roma,Chievo,3,0,2016-05-08 14:30:00,Miralem Pjanic,Chipped
99,102067,21,MissedShots,0.7819999694824219,0.23899999618530274,0.01614370010793209,Mohamed Salah,h,1250,OpenPlay,2015,LeftFoot,913,Roma,Chievo,3,0,2016-05-08 14:30:00,Miralem Pjanic,Pass
100,102816,16,MissedShots,0.875999984741211,0.645,0.06594009697437286,Mohamed Salah,a,1250,OpenPlay,2015,LeftFoot,923,AC Milan,Roma,1,3,2016-05-14 22:45:00,,BallRecovery
101,102818,18,Goal,0.8830000305175781,0.40799999237060547,0.3380120098590851,Mohamed Salah,a,1250,OpenPlay,2015,LeftFoot,923,AC Milan,Roma,1,3,2016-05-14 22:45:00,Kevin Strootman,Throughball
102,102837,81,SavedShot,0.8780000305175781,0.375,0.10505200177431107,Mohamed Salah,a,1250,OpenPlay,2015,LeftFoot,923,AC Milan,Roma,1,3,2016-05-14 22:45:00,Francesco Totti,Pass
103,144494,41,BlockedShot,0.7619999694824219,0.37599998474121094,0.022682499140501022,Mohamed Salah,h,1250,OpenPlay,2016,LeftFoot,931,Roma,Udinese,4,0,2016-08-20 20:00:00,Edin Dzeko,Pass
104,144503,60,MissedShots,0.85,0.34299999237060547,0.04192179813981056,Mohamed Salah,h,1250,OpenPlay,2016,LeftFoot,931,Roma,Udinese,4,0,2016-08-20 20:00:00,,Rebound
105,144513,83,Goal,0.9790000152587891,0.5259999847412109,0.9537450075149536,Mohamed Salah,h,1250,OpenPlay,2016,LeftFoot,931,Roma,Udinese,4,0,2016-08-20 20:00:00,,Rebound
106,144512,83,SavedShot,0.9540000152587891,0.45799999237060546,0.5207350254058838,Mohamed Salah,h,1250,OpenPlay,2016,Head,931,Roma,Udinese,4,0,2016-08-20 20:00:00,Diego Perotti,Cross
107,144514,84,MissedShots,0.7859999847412109,0.355,0.03433610126376152,Mohamed Salah,h,1250,OpenPlay,2016,LeftFoot,931,Roma,Udinese,4,0,2016-08-20 20:00:00,,BallRecovery
108,144830,11,MissedShots,0.865,0.37099998474121093,0.09175089746713638,Mohamed Salah,a,1250,OpenPlay,2016,LeftFoot,948,Cagliari,Roma,2,2,2016-08-28 22:45:00,Kevin Strootman,Pass
109,144840,37,SavedShot,0.745,0.48700000762939455,0.029601799324154854,Mohamed Salah,a,1250,OpenPlay,2016,LeftFoot,948,Cagliari,Roma,2,2,2016-08-28 22:45:00,Kevin Strootman,Pass
110,144859,80,MissedShots,0.92,0.30100000381469727,0.05327469855546951,Mohamed Salah,a,1250,OpenPlay,2016,RightFoot,948,Cagliari,Roma,2,2,2016-08-28 22:45:00,Alessandro Florenzi,Pass
111,145554,7,Goal,0.9490000152587891,0.40599998474121096,0.28529301285743713,Mohamed Salah,h,1250,OpenPlay,2016,Head,956,Roma,Sampdoria,3,2,2016-09-11 17:00:00,Diego Perotti,Cross
112,145576,65,MissedShots,0.9469999694824218,0.41200000762939454,0.04920420050621033,Mohamed Salah,h,1250,OpenPlay,2016,Head,956,Roma,Sampdoria,3,2,2016-09-11 17:00:00,,None
113,145578,66,SavedShot,0.9159999847412109,0.33,0.11923299729824066,Mohamed Salah,h,1250,OpenPlay,2016,RightFoot,956,Roma,Sampdoria,3,2,2016-09-11 17:00:00,Juan Jesus,Throughball
114,145580,72,SavedShot,0.889000015258789,0.41200000762939454,0.34550100564956665,Mohamed Salah,h,1250,OpenPlay,2016,RightFoot,956,Roma,Sampdoria,3,2,2016-09-11 17:00:00,Francesco Totti,Throughball
115,145906,43,MissedShots,0.8109999847412109,0.5209999847412109,0.05118110030889511,Mohamed Salah,a,1250,OpenPlay,2016,LeftFoot,969,Fiorentina,Roma,1,0,2016-09-18 22:45:00,Kevin Strootman,Pass
116,146564,36,Goal,0.9080000305175782,0.6669999694824219,0.3027839958667755,Mohamed Salah,h,1250,OpenPlay,2016,LeftFoot,977,Roma,Crotone,4,0,2016-09-21 22:45:00,Stephan El Shaarawy,Pass
117,147120,9,BlockedShot,0.8530000305175781,0.47,0.08207699656486511,Mohamed Salah,a,1250,OpenPlay,2016,RightFoot,982,Torino,Roma,3,1,2016-09-25 14:30:00,Edin Dzeko,Pass
118,147144,83,MissedShots,0.795,0.27399999618530274,0.017986999824643135,Mohamed Salah,a,1250,OpenPlay,2016,LeftFoot,982,Torino,Roma,3,1,2016-09-25 14:30:00,Kevin Strootman,Pass
119,147148,91,MissedShots,0.9590000152587891,0.3370000076293945,0.04530809819698334,Mohamed Salah,a,1250,OpenPlay,2016,RightFoot,982,Torino,Roma,3,1,2016-09-25 14:30:00,Federico Fazio,HeadPass
120,147768,20,SavedShot,0.925,0.34799999237060547,0.30638301372528076,Mohamed Salah,h,1250,OpenPlay,2016,LeftFoot,999,Roma,Inter,2,1,2016-10-02 22:45:00,Daniele De Rossi,TakeOn
121,147767,20,ShotOnPost,0.8959999847412109,0.385,0.341605007648468,Mohamed Salah,h,1250,OpenPlay,2016,LeftFoot,999,Roma,Inter,2,1,2016-10-02 22:45:00,Edin Dzeko,Throughball
122,147787,59,BlockedShot,0.8719999694824219,0.33799999237060546,0.07581999897956848,Mohamed Salah,h,1250,OpenPlay,2016,LeftFoot,999,Roma,Inter,2,1,2016-10-02 22:45:00,Edin Dzeko,HeadPass
123,148146,62,MissedShots,0.905,0.3820000076293945,0.07102710008621216,Mohamed Salah,a,1250,OpenPlay,2016,LeftFoot,1000,Napoli,Roma,1,3,2016-10-15 17:00:00,Diego Perotti,Cross
124,148152,84,Goal,0.905,0.40700000762939453,0.3747430145740509,Mohamed Salah,a,1250,OpenPlay,2016,LeftFoot,1000,Napoli,Roma,1,3,2016-10-15 17:00:00,Daniele De Rossi,Throughball
125,148671,30,Goal,0.9059999847412109,0.5940000152587891,0.3756060004234314,Mohamed Salah,h,1250,OpenPlay,2016,LeftFoot,1019,Roma,Palermo,4,1,2016-10-23 22:45:00,Edin Dzeko,Pass
126,149285,61,BlockedShot,0.8480000305175781,0.46700000762939453,0.32464900612831116,Mohamed Salah,a,1250,OpenPlay,2016,LeftFoot,3288,Sassuolo,Roma,1,3,2016-10-26 22:45:00,,TakeOn
127,149650,4,SavedShot,0.8980000305175782,0.555,0.08239469677209854,Mohamed Salah,a,1250,OpenPlay,2016,LeftFoot,3296,Empoli,Roma,0,0,2016-10-30 18:00:00,Radja Nainggolan,HeadPass
128,150307,12,Goal,0.8859999847412109,0.45,0.12299799919128418,Mohamed Salah,h,1250,OpenPlay,2016,LeftFoot,2755,Roma,Bologna,3,0,2016-11-06 23:45:00,Diego Perotti,TakeOn
129,150323,54,BlockedShot,0.9540000152587891,0.5729999923706055,0.15018199384212494,Mohamed Salah,h,1250,OpenPlay,2016,LeftFoot,2755,Roma,Bologna,3,0,2016-11-06 23:45:00,Diego Perotti,Pass
130,150326,59,SavedShot,0.960999984741211,0.40599998474121096,0.4233050048351288,Mohamed Salah,h,1250,OpenPlay,2016,LeftFoot,2755,Roma,Bologna,3,0,2016-11-06 23:45:00,Edin Dzeko,Pass
131,150329,61,Goal,0.9030000305175782,0.40200000762939453,0.3836579918861389,Mohamed Salah,h,1250,OpenPlay,2016,LeftFoot,2755,Roma,Bologna,3,0,2016-11-06 23:45:00,Kevin Strootman,Throughball
132,150332,70,Goal,0.9540000152587891,0.445,0.6273009777069092,Mohamed Salah,h,1250,OpenPlay,2016,RightFoot,2755,Roma,Bologna,3,0,2016-11-06 23:45:00,,Rebound
133,150336,81,MissedShots,0.9580000305175781,0.44,0.608456015586853,Mohamed Salah,h,1250,OpenPlay,2016,LeftFoot,2755,Roma,Bologna,3,0,2016-11-06 23:45:00,Radja Nainggolan,Pass
134,150662,25,SavedShot,0.8669999694824219,0.3120000076293945,0.0507735013961792,Mohamed Salah,a,1250,OpenPlay,2016,RightFoot,2763,Atalanta,Roma,2,1,2016-11-20 18:00:00,Edin Dzeko,Chipped
135,150663,29,SavedShot,0.865,0.4229999923706055,0.33908000588417053,Mohamed Salah,a,1250,OpenPlay,2016,LeftFoot,2763,Atalanta,Roma,2,1,2016-11-20 18:00:00,Radja Nainggolan,Throughball
136,150665,38,BlockedShot,0.9530000305175781,0.445,0.15098999440670013,Mohamed Salah,a,1250,OpenPlay,2016,LeftFoot,2763,Atalanta,Roma,2,1,2016-11-20 18:00:00,Edin Dzeko,Pass
137,151296,5,MissedShots,0.8230000305175781,0.43900001525878907,0.3188759982585907,Mohamed Salah,h,1250,OpenPlay,2016,LeftFoot,2773,Roma,Pescara,3,2,2016-11-27 23:45:00,Edin Dzeko,Throughball
138,151307,27,BlockedShot,0.8030000305175782,0.5070000076293946,0.061472099274396896,Mohamed Salah,h,1250,OpenPlay,2016,LeftFoot,2773,Roma,Pescara,3,2,2016-11-27 23:45:00,Radja Nainggolan,Pass
139,151320,82,SavedShot,0.905,0.345,0.09401530027389526,Mohamed Salah,h,1250,OpenPlay,2016,RightFoot,2773,Roma,Pescara,3,2,2016-11-27 23:45:00,Francesco Totti,Pass
140,153486,14,MissedShots,0.8619999694824219,0.6309999847412109,0.06258139759302139,Mohamed Salah,h,1250,OpenPlay,2016,LeftFoot,3100,Roma,Chievo,3,1,2016-12-22 19:45:00,Emerson,Pass
141,153487,17,MissedShots,0.9069999694824219,0.39,0.03315750136971474,Mohamed Salah,h,1250,OpenPlay,2016,Head,3100,Roma,Chievo,3,1,2016-12-22 19:45:00,Bruno Peres,Cross
142,153505,69,BlockedShot,0.879000015258789,0.3220000076293945,0.055186398327350616,Mohamed Salah,h,1250,OpenPlay,2016,LeftFoot,3100,Roma,Chievo,3,1,2016-12-22 19:45:00,Stephan El Shaarawy,Pass
143,146845,19,MissedShots,0.919000015258789,0.5159999847412109,0.3307889997959137,Mohamed Salah,a,1250,OpenPlay,2016,Head,3574,Crotone,Roma,0,2,2017-02-12 11:30:00,Emerson,Cross
144,146852,46,SavedShot,0.9130000305175782,0.35700000762939454,0.05571160092949867,Mohamed Salah,a,1250,OpenPlay,2016,RightFoot,3574,Crotone,Roma,0,2,2017-02-12 11:30:00,Kevin Strootman,Cross
145,146855,51,BlockedShot,0.8780000305175781,0.27299999237060546,0.04700399935245514,Mohamed Salah,a,1250,OpenPlay,2016,LeftFoot,3574,Crotone,Roma,0,2,2017-02-12 11:30:00,Radja Nainggolan,Chipped
146,147343,16,Goal,0.8690000152587891,0.3240000152587891,0.025638600811362267,Mohamed Salah,h,1250,OpenPlay,2016,LeftFoot,3590,Roma,Torino,4,1,2017-02-19 17:00:00,,Aerial
147,147344,19,ShotOnPost,0.82,0.3370000076293945,0.0507671982049942,Mohamed Salah,h,1250,OpenPlay,2016,LeftFoot,3590,Roma,Torino,4,1,2017-02-19 17:00:00,Wojciech Szczesny,TakeOn
148,147354,59,BlockedShot,0.8069999694824219,0.43900001525878907,0.06804350018501282,Mohamed Salah,h,1250,OpenPlay,2016,LeftFoot,3590,Roma,Torino,4,1,2017-02-19 17:00:00,Bruno Peres,Pass
149,147735,6,BlockedShot,0.749000015258789,0.40200000762939453,0.01414129976183176,Mohamed Salah,a,1250,SetPiece,2016,LeftFoot,3598,Inter,Roma,1,3,2017-02-26 19:45:00,Antonio Rüdiger,Rebound
150,147734,6,MissedShots,0.799000015258789,0.3129999923706055,0.01652809977531433,Mohamed Salah,a,1250,SetPiece,2016,RightFoot,3598,Inter,Roma,1,3,2017-02-26 19:45:00,,None
151,147736,7,SavedShot,0.82,0.47900001525878905,0.05467719957232475,Mohamed Salah,a,1250,OpenPlay,2016,LeftFoot,3598,Inter,Roma,1,3,2017-02-26 19:45:00,,None
152,147740,27,MissedShots,0.7819999694824219,0.17,0.01473269984126091,Mohamed Salah,a,1250,OpenPlay,2016,RightFoot,3598,Inter,Roma,1,3,2017-02-26 19:45:00,Kevin Strootman,Chipped
153,148415,55,BlockedShot,0.895,0.3529999923706055,0.04505160078406334,Mohamed Salah,h,1250,OpenPlay,2016,LeftFoot,3608,Roma,Napoli,1,2,2017-03-04 14:00:00,,Rebound
154,148424,77,MissedShots,0.845,0.5359999847412109,0.08876749873161316,Mohamed Salah,h,1250,OpenPlay,2016,LeftFoot,3608,Roma,Napoli,1,2,2017-03-04 14:00:00,Edin Dzeko,Pass
155,148427,84,ShotOnPost,0.8809999847412109,0.395,0.30250900983810425,Mohamed Salah,h,1250,OpenPlay,2016,RightFoot,3608,Roma,Napoli,1,2,2017-03-04 14:00:00,Radja Nainggolan,Throughball
156,149528,1,SavedShot,0.8619999694824219,0.5840000152587891,0.06989660114049911,Mohamed Salah,h,1250,OpenPlay,2016,LeftFoot,3631,Roma,Sassuolo,3,1,2017-03-19 19:45:00,,None
157,149529,2,MissedShots,0.9580000305175781,0.6840000152587891,0.04578400030732155,Mohamed Salah,h,1250,OpenPlay,2016,LeftFoot,3631,Roma,Sassuolo,3,1,2017-03-19 19:45:00,,Rebound
158,149544,46,Goal,0.9719999694824218,0.534000015258789,0.781216025352478,Mohamed Salah,h,1250,OpenPlay,2016,LeftFoot,3631,Roma,Sassuolo,3,1,2017-03-19 19:45:00,,Rebound
159,149546,50,MissedShots,0.8640000152587891,0.3390000152587891,0.09354429692029953,Mohamed Salah,h,1250,OpenPlay,2016,RightFoot,3631,Roma,Sassuolo,3,1,2017-03-19 19:45:00,Kevin Strootman,Pass
160,149955,67,SavedShot,0.8580000305175781,0.29399999618530276,0.05792680010199547,Mohamed Salah,h,1250,OpenPlay,2016,RightFoot,3636,Roma,Empoli,2,0,2017-04-01 19:45:00,Clément Grenier,Pass
161,149956,69,ShotOnPost,0.9630000305175781,0.3920000076293945,0.03937060013413429,Mohamed Salah,h,1250,FromCorner,2016,Head,3636,Roma,Empoli,2,0,2017-04-01 19:45:00,Clément Grenier,Cross
162,149958,79,MissedShots,0.850999984741211,0.40599998474121096,0.08459459990262985,Mohamed Salah,h,1250,OpenPlay,2016,LeftFoot,3636,Roma,Empoli,2,0,2017-04-01 19:45:00,Francesco Totti,Pass
163,150594,40,Goal,0.8980000305175782,0.4,0.35775598883628845,Mohamed Salah,a,1250,OpenPlay,2016,RightFoot,3649,Bologna,Roma,0,3,2017-04-09 14:00:00,Edin Dzeko,Throughball
164,150938,37,BlockedShot,0.8069999694824219,0.48400001525878905,0.04072120040655136,Mohamed Salah,h,1250,SetPiece,2016,LeftFoot,3652,Roma,Atalanta,1,1,2017-04-15 14:00:00,,None
165,150952,90,BlockedShot,0.875999984741211,0.3370000076293945,0.036357201635837555,Mohamed Salah,h,1250,FromCorner,2016,LeftFoot,3652,Roma,Atalanta,1,1,2017-04-15 14:00:00,Francesco Totti,Cross
166,151695,1,BlockedShot,0.7919999694824219,0.34200000762939453,0.034676700830459595,Mohamed Salah,a,1250,FromCorner,2016,LeftFoot,3670,Pescara,Roma,1,4,2017-04-24 19:45:00,Radja Nainggolan,Pass
167,151701,10,BlockedShot,0.8390000152587891,0.33,0.041823700070381165,Mohamed Salah,a,1250,OpenPlay,2016,LeftFoot,3670,Pescara,Roma,1,4,2017-04-24 19:45:00,Leandro Paredes,Pass
168,151709,33,MissedShots,0.8390000152587891,0.3729999923706055,0.05040989816188812,Mohamed Salah,a,1250,OpenPlay,2016,LeftFoot,3670,Pescara,Roma,1,4,2017-04-24 19:45:00,,None
169,151717,47,Goal,0.8109999847412109,0.47,0.0733238011598587,Mohamed Salah,a,1250,OpenPlay,2016,LeftFoot,3670,Pescara,Roma,1,4,2017-04-24 19:45:00,Stephan El Shaarawy,Pass
170,151724,59,Goal,0.879000015258789,0.4620000076293945,0.3621619939804077,Mohamed Salah,a,1250,OpenPlay,2016,RightFoot,3670,Pescara,Roma,1,4,2017-04-24 19:45:00,Stephan El Shaarawy,Pass
171,152089,7,SavedShot,0.8930000305175781,0.28700000762939454,0.051311198621988297,Mohamed Salah,h,1250,OpenPlay,2016,LeftFoot,3675,Roma,Lazio,1,3,2017-04-30 11:30:00,Kevin Strootman,TakeOn
172,152688,11,MissedShots,0.860999984741211,0.37400001525878906,0.049753498286008835,Mohamed Salah,a,1250,OpenPlay,2016,LeftFoot,3689,AC Milan,Roma,1,4,2017-05-07 19:45:00,Diego Perotti,Cross
173,152704,36,MissedShots,0.8519999694824218,0.33099998474121095,0.07551799714565277,Mohamed Salah,a,1250,OpenPlay,2016,LeftFoot,3689,AC Milan,Roma,1,4,2017-05-07 19:45:00,Diego Perotti,Chipped
174,152706,37,MissedShots,0.915,0.41200000762939454,0.4147129952907562,Mohamed Salah,a,1250,OpenPlay,2016,LeftFoot,3689,AC Milan,Roma,1,4,2017-05-07 19:45:00,,Rebound
175,152720,81,BlockedShot,0.875,0.36700000762939455,0.10114999860525131,Mohamed Salah,a,1250,OpenPlay,2016,LeftFoot,3689,AC Milan,Roma,1,4,2017-05-07 19:45:00,Clément Grenier,Pass
176,153122,41,SavedShot,0.915,0.5279999923706055,0.30572500824928284,Mohamed Salah,h,1250,OpenPlay,2016,Head,3695,Roma,Juventus,3,1,2017-05-14 19:45:00,Radja Nainggolan,Chipped
177,153748,7,SavedShot,0.7530000305175781,0.3270000076293945,0.014648700132966042,Mohamed Salah,a,1250,OpenPlay,2016,LeftFoot,3709,Chievo,Roma,3,5,2017-05-20 17:00:00,Kevin Strootman,LayOff
178,153757,40,SavedShot,0.9469999694824218,0.44299999237060544,0.34740400314331055,Mohamed Salah,a,1250,OpenPlay,2016,Head,3709,Chievo,Roma,3,5,2017-05-20 17:00:00,,Rebound
179,153758,41,Goal,0.8469999694824218,0.27600000381469725,0.028270799666643143,Mohamed Salah,a,1250,OpenPlay,2016,LeftFoot,3709,Chievo,Roma,3,5,2017-05-20 17:00:00,Kevin Strootman,Pass
180,153761,52,MissedShots,0.7859999847412109,0.43900001525878907,0.04310879856348038,Mohamed Salah,a,1250,OpenPlay,2016,LeftFoot,3709,Chievo,Roma,3,5,2017-05-20 17:00:00,Edin Dzeko,LayOff
181,153768,75,Goal,0.8209999847412109,0.5429999923706055,0.08146680146455765,Mohamed Salah,a,1250,OpenPlay,2016,LeftFoot,3709,Chievo,Roma,3,5,2017-05-20 17:00:00,Edin Dzeko,Pass
182,153769,79,MissedShots,0.9569999694824218,0.5659999847412109,0.13375599682331085,Mohamed Salah,a,1250,OpenPlay,2016,Head,3709,Chievo,Roma,3,5,2017-05-20 17:00:00,Kevin Strootman,Cross
183,158350,37,MissedShots,0.9209999847412109,0.3390000152587891,0.05597579851746559,Mohamed Salah,a,1250,OpenPlay,2017,LeftFoot,7120,Watford,Liverpool,3,3,2017-08-12 12:30:00,,None
184,158352,48,MissedShots,0.8540000152587891,0.3370000076293945,0.051162198185920715,Mohamed Salah,a,1250,OpenPlay,2017,LeftFoot,7120,Watford,Liverpool,3,3,2017-08-12 12:30:00,Georginio Wijnaldum,Pass
185,158355,56,Goal,0.9869999694824219,0.46,0.9364320039749146,Mohamed Salah,a,1250,OpenPlay,2017,LeftFoot,7120,Watford,Liverpool,3,3,2017-08-12 12:30:00,Roberto Firmino,Rebound
186,158359,70,MissedShots,0.8419999694824218,0.3139999961853027,0.03823170065879822,Mohamed Salah,a,1250,OpenPlay,2017,LeftFoot,7120,Watford,Liverpool,3,3,2017-08-12 12:30:00,Alberto Moreno,Chipped
187,158361,76,MissedShots,0.914000015258789,0.31799999237060544,0.08020289987325668,Mohamed Salah,a,1250,OpenPlay,2017,RightFoot,7120,Watford,Liverpool,3,3,2017-08-12 12:30:00,Sadio Mané,Pass
188,158505,81,SavedShot,0.9030000305175782,0.6029999923706054,0.025692900642752647,Mohamed Salah,h,1250,OpenPlay,2017,Head,7134,Liverpool,Crystal Palace,1,0,2017-08-19 15:00:00,Joseph Gomez,Aerial
189,158510,90,SavedShot,0.8219999694824218,0.36,0.0359610989689827,Mohamed Salah,h,1250,OpenPlay,2017,LeftFoot,7134,Liverpool,Crystal Palace,1,0,2017-08-19 15:00:00,Joel Matip,TakeOn
190,158667,9,SavedShot,0.9630000305175781,0.4620000076293945,0.6095719933509827,Mohamed Salah,h,1250,OpenPlay,2017,RightFoot,7148,Liverpool,Arsenal,4,0,2017-08-27 16:00:00,Emre Can,Cross
191,158671,24,SavedShot,0.8780000305175781,0.355,0.07493510097265244,Mohamed Salah,h,1250,OpenPlay,2017,LeftFoot,7148,Liverpool,Arsenal,4,0,2017-08-27 16:00:00,Georginio Wijnaldum,Chipped
192,158679,53,SavedShot,0.9130000305175782,0.34,0.3689559996128082,Mohamed Salah,h,1250,OpenPlay,2017,LeftFoot,7148,Liverpool,Arsenal,4,0,2017-08-27 16:00:00,,BallRecovery
193,158681,56,Goal,0.865,0.5690000152587891,0.46628499031066895,Mohamed Salah,h,1250,OpenPlay,2017,LeftFoot,7148,Liverpool,Arsenal,4,0,2017-08-27 16:00:00,,BallRecovery
194,158690,90,SavedShot,0.9540000152587891,0.7090000152587891,0.08768600225448608,Mohamed Salah,h,1250,OpenPlay,2017,LeftFoot,7148,Liverpool,Arsenal,4,0,2017-08-27 16:00:00,James Milner,Chipped
195,159387,30,SavedShot,0.8919999694824219,0.32099998474121094,0.3056730031967163,Mohamed Salah,a,1250,OpenPlay,2017,LeftFoot,7149,Manchester City,Liverpool,5,0,2017-09-09 12:30:00,Sadio Mané,Throughball
196,158696,20,MissedShots,0.9730000305175781,0.3820000076293945,0.026185499504208565,Mohamed Salah,h,1250,OpenPlay,2017,Head,7162,Liverpool,Burnley,1,1,2017-09-16 15:00:00,Daniel Sturridge,Chipped
197,158699,29,Goal,0.8830000305175781,0.605999984741211,0.06714809685945511,Mohamed Salah,h,1250,OpenPlay,2017,LeftFoot,7162,Liverpool,Burnley,1,1,2017-09-16 15:00:00,Emre Can,Chipped
198,158701,36,SavedShot,0.899000015258789,0.3770000076293945,0.08320900052785873,Mohamed Salah,h,1250,OpenPlay,2017,LeftFoot,7162,Liverpool,Burnley,1,1,2017-09-16 15:00:00,Roberto Firmino,BallTouch
199,158700,36,BlockedShot,0.7659999847412109,0.32599998474121095,0.02174679934978485,Mohamed Salah,h,1250,OpenPlay,2017,LeftFoot,7162,Liverpool,Burnley,1,1,2017-09-16 15:00:00,James Milner,Pass
200,158704,43,SavedShot,0.7830000305175782,0.28899999618530275,0.02020910009741783,Mohamed Salah,h,1250,OpenPlay,2017,LeftFoot,7162,Liverpool,Burnley,1,1,2017-09-16 15:00:00,Roberto Firmino,Pass
201,158727,89,SavedShot,0.875,0.3160000038146973,0.051895998418331146,Mohamed Salah,h,1250,OpenPlay,2017,LeftFoot,7162,Liverpool,Burnley,1,1,2017-09-16 15:00:00,Daniel Sturridge,Pass
202,159346,12,MissedShots,0.8969999694824219,0.500999984741211,0.39188599586486816,Mohamed Salah,a,1250,OpenPlay,2017,LeftFoot,7176,Leicester,Liverpool,2,3,2017-09-23 17:30:00,,Rebound
203,159348,14,Goal,0.97,0.40599998474121096,0.09316679835319519,Mohamed Salah,a,1250,OpenPlay,2017,Head,7176,Leicester,Liverpool,2,3,2017-09-23 17:30:00,Philippe Coutinho,Cross
204,159364,65,BlockedShot,0.875,0.4179999923706055,0.10949700325727463,Mohamed Salah,a,1250,OpenPlay,2017,RightFoot,7176,Leicester,Liverpool,2,3,2017-09-23 17:30:00,Philippe Coutinho,Pass
205,159366,66,BlockedShot,0.9059999847412109,0.5879999923706055,0.13023099303245544,Mohamed Salah,a,1250,OpenPlay,2017,LeftFoot,7176,Leicester,Liverpool,2,3,2017-09-23 17:30:00,Alberto Moreno,Pass
206,160289,49,MissedShots,0.865,0.5459999847412109,0.3222540020942688,Mohamed Salah,a,1250,OpenPlay,2017,LeftFoot,7188,Newcastle United,Liverpool,1,1,2017-10-01 16:30:00,,Rebound
207,160501,33,MissedShots,0.885,0.44799999237060545,0.09076199680566788,Mohamed Salah,h,1250,FromCorner,2017,LeftFoot,7193,Liverpool,Manchester United,0,0,2017-10-14 12:30:00,,Rebound
208,160502,40,SavedShot,0.85,0.41700000762939454,0.08450710028409958,Mohamed Salah,h,1250,OpenPlay,2017,LeftFoot,7193,Liverpool,Manchester United,0,0,2017-10-14 12:30:00,Roberto Firmino,Pass
209,160511,66,MissedShots,0.8109999847412109,0.43099998474121093,0.061280298978090286,Mohamed Salah,h,1250,OpenPlay,2017,LeftFoot,7193,Liverpool,Manchester United,0,0,2017-10-14 12:30:00,Jordan Henderson,TakeOn
210,160512,75,MissedShots,0.7180000305175781,0.45799999237060546,0.01756490021944046,Mohamed Salah,h,1250,OpenPlay,2017,LeftFoot,7193,Liverpool,Manchester United,0,0,2017-10-14 12:30:00,Jordan Henderson,Pass
211,159641,23,Goal,0.889000015258789,0.3629999923706055,0.2706800103187561,Mohamed Salah,a,1250,OpenPlay,2017,RightFoot,7207,Tottenham,Liverpool,4,1,2017-10-22 16:00:00,Jordan Henderson,Chipped
212,159642,27,SavedShot,0.9590000152587891,0.315,0.017027299851179123,Mohamed Salah,a,1250,OpenPlay,2017,Head,7207,Tottenham,Liverpool,4,1,2017-10-22 16:00:00,Philippe Coutinho,Chipped
213,159661,77,SavedShot,0.9069999694824219,0.43599998474121093,0.11776699870824814,Mohamed Salah,a,1250,OpenPlay,2017,LeftFoot,7207,Tottenham,Liverpool,4,1,2017-10-22 16:00:00,Alex Oxlade-Chamberlain,Pass
214,160023,26,SavedShot,0.8590000152587891,0.4159999847412109,0.08598080277442932,Mohamed Salah,h,1250,OpenPlay,2017,LeftFoot,7217,Liverpool,Huddersfield,3,0,2017-10-28 15:00:00,Roberto Firmino,Pass
215,160026,41,SavedShot,0.885,0.5,0.7611690163612366,Mohamed Salah,h,1250,Penalty,2017,LeftFoot,7217,Liverpool,Huddersfield,3,0,2017-10-28 15:00:00,,Standard
216,160032,62,SavedShot,0.855999984741211,0.5209999847412109,0.11385100334882736,Mohamed Salah,h,1250,OpenPlay,2017,LeftFoot,7217,Liverpool,Huddersfield,3,0,2017-10-28 15:00:00,Roberto Firmino,Pass
217,161414,20,Goal,0.8919999694824219,0.42900001525878906,0.47415199875831604,Mohamed Salah,a,1250,OpenPlay,2017,LeftFoot,7227,West Ham,Liverpool,1,4,2017-11-04 17:30:00,Sadio Mané,Pass
218,161427,75,Goal,0.8809999847412109,0.6790000152587891,0.07896719872951508,Mohamed Salah,a,1250,OpenPlay,2017,LeftFoot,7227,West Ham,Liverpool,1,4,2017-11-04 17:30:00,Sadio Mané,Pass
219,161428,80,SavedShot,0.855,0.47200000762939454,0.12125899642705917,Mohamed Salah,a,1250,OpenPlay,2017,LeftFoot,7227,West Ham,Liverpool,1,4,2017-11-04 17:30:00,Alex Oxlade-Chamberlain,Pass
220,160814,8,BlockedShot,0.899000015258789,0.3609999847412109,0.06393089890480042,Mohamed Salah,h,1250,OpenPlay,2017,LeftFoot,7231,Liverpool,Southampton,3,0,2017-11-18 15:00:00,,Rebound
221,160815,9,MissedShots,0.9019999694824219,0.48200000762939454,0.11172299832105637,Mohamed Salah,h,1250,OpenPlay,2017,LeftFoot,7231,Liverpool,Southampton,3,0,2017-11-18 15:00:00,Sadio Mané,Cross
222,160820,30,Goal,0.8090000152587891,0.2929999923706055,0.0247568991035223,Mohamed Salah,h,1250,OpenPlay,2017,LeftFoot,7231,Liverpool,Southampton,3,0,2017-11-18 15:00:00,Georginio Wijnaldum,Pass
223,160821,40,Goal,0.915,0.5790000152587891,0.4103359878063202,Mohamed Salah,h,1250,OpenPlay,2017,LeftFoot,7231,Liverpool,Southampton,3,0,2017-11-18 15:00:00,Philippe Coutinho,Throughball
224,160827,51,BlockedShot,0.85,0.6430000305175781,0.03756539896130562,Mohamed Salah,h,1250,FromCorner,2017,LeftFoot,7231,Liverpool,Southampton,3,0,2017-11-18 15:00:00,,None
225,161273,1,BlockedShot,0.7959999847412109,0.3270000076293945,0.026797400787472725,Mohamed Salah,h,1250,OpenPlay,2017,LeftFoot,7244,Liverpool,Chelsea,1,1,2017-11-25 17:30:00,Daniel Sturridge,Pass
226,161274,9,MissedShots,0.7580000305175781,0.44599998474121094,0.021942200139164925,Mohamed Salah,h,1250,OpenPlay,2017,LeftFoot,7244,Liverpool,Chelsea,1,1,2017-11-25 17:30:00,Daniel Sturridge,Pass
227,161280,26,BlockedShot,0.9169999694824219,0.38,0.11332599818706512,Mohamed Salah,h,1250,OpenPlay,2017,LeftFoot,7244,Liverpool,Chelsea,1,1,2017-11-25 17:30:00,,TakeOn
228,161284,40,MissedShots,0.7909999847412109,0.34799999237060547,0.028460299596190453,Mohamed Salah,h,1250,OpenPlay,2017,LeftFoot,7244,Liverpool,Chelsea,1,1,2017-11-25 17:30:00,James Milner,Pass
229,161286,49,BlockedShot,0.9130000305175782,0.710999984741211,0.022450199350714684,Mohamed Salah,h,1250,FromCorner,2017,LeftFoot,7244,Liverpool,Chelsea,1,1,2017-11-25 17:30:00,Joel Matip,HeadPass
230,161293,64,Goal,0.9,0.4540000152587891,0.4497089982032776,Mohamed Salah,h,1250,OpenPlay,2017,RightFoot,7244,Liverpool,Chelsea,1,1,2017-11-25 17:30:00,Alex Oxlade-Chamberlain,Pass
231,161299,90,SavedShot,0.8119999694824219,0.47900001525878905,0.03982130065560341,Mohamed Salah,h,1250,OpenPlay,2017,LeftFoot,7244,Liverpool,Chelsea,1,1,2017-11-25 17:30:00,James Milner,HeadPass
232,161317,76,Goal,0.93,0.6179999923706054,0.3109070062637329,Mohamed Salah,a,1250,OpenPlay,2017,LeftFoot,7258,Stoke,Liverpool,0,3,2017-11-29 20:00:00,Sadio Mané,Chipped
233,161319,82,Goal,0.9069999694824219,0.47400001525878904,0.5676739811897278,Mohamed Salah,a,1250,OpenPlay,2017,LeftFoot,7258,Stoke,Liverpool,0,3,2017-11-29 20:00:00,,None
234,161539,0,MissedShots,0.8219999694824218,0.32799999237060545,0.03532969951629639,Mohamed Salah,a,1250,OpenPlay,2017,LeftFoot,7268,Brighton,Liverpool,1,5,2017-12-02 15:00:00,Trent Alexander-Arnold,Pass
235,161540,3,BlockedShot,0.9690000152587891,0.639000015258789,0.0671612024307251,Mohamed Salah,a,1250,OpenPlay,2017,LeftFoot,7268,Brighton,Liverpool,1,5,2017-12-02 15:00:00,,None
236,161550,64,SavedShot,0.88,0.4470000076293945,0.10456699877977371,Mohamed Salah,a,1250,OpenPlay,2017,LeftFoot,7268,Brighton,Liverpool,1,5,2017-12-02 15:00:00,,None
237,179224,12,BlockedShot,0.8590000152587891,0.34,0.05917249992489815,Mohamed Salah,h,1250,OpenPlay,2017,LeftFoot,7275,Liverpool,Everton,1,1,2017-12-10 14:15:00,Sadio Mané,Pass
238,179226,14,BlockedShot,0.865999984741211,0.29700000762939455,0.04168720170855522,Mohamed Salah,h,1250,OpenPlay,2017,LeftFoot,7275,Liverpool,Everton,1,1,2017-12-10 14:15:00,Sadio Mané,Pass
239,179229,37,BlockedShot,0.745999984741211,0.544000015258789,0.01925789937376976,Mohamed Salah,h,1250,OpenPlay,2017,LeftFoot,7275,Liverpool,Everton,1,1,2017-12-10 14:15:00,Sadio Mané,LayOff
240,179230,41,Goal,0.91,0.30700000762939456,0.06346949934959412,Mohamed Salah,h,1250,OpenPlay,2017,LeftFoot,7275,Liverpool,Everton,1,1,2017-12-10 14:15:00,Joseph Gomez,TakeOn
241,179231,44,BlockedShot,0.769000015258789,0.26600000381469724,0.020792599767446518,Mohamed Salah,h,1250,OpenPlay,2017,LeftFoot,7275,Liverpool,Everton,1,1,2017-12-10 14:15:00,Sadio Mané,Pass
242,179236,48,MissedShots,0.9390000152587891,0.5609999847412109,0.3630709946155548,Mohamed Salah,h,1250,OpenPlay,2017,Head,7275,Liverpool,Everton,1,1,2017-12-10 14:15:00,James Milner,Cross
243,179238,54,MissedShots,0.8180000305175781,0.4329999923706055,0.03343550115823746,Mohamed Salah,h,1250,FromCorner,2017,LeftFoot,7275,Liverpool,Everton,1,1,2017-12-10 14:15:00,Sadio Mané,Pass
244,185336,41,BlockedShot,0.9119999694824219,0.4520000076293945,0.13182899355888367,Mohamed Salah,h,1250,OpenPlay,2017,LeftFoot,7287,Liverpool,West Bromwich Albion,0,0,2017-12-13 20:00:00,,Rebound
245,185340,56,MissedShots,0.925,0.519000015258789,0.4485830068588257,Mohamed Salah,h,1250,OpenPlay,2017,Head,7287,Liverpool,West Bromwich Albion,0,0,2017-12-13 20:00:00,,None
246,183193,11,MissedShots,0.875,0.39599998474121095,0.07040320336818695,Mohamed Salah,a,1250,OpenPlay,2017,LeftFoot,7290,Bournemouth,Liverpool,0,4,2017-12-17 16:30:00,Jordan Henderson,Chipped
247,183196,21,MissedShots,0.8330000305175781,0.3120000076293945,0.04086510092020035,Mohamed Salah,a,1250,OpenPlay,2017,LeftFoot,7290,Bournemouth,Liverpool,0,4,2017-12-17 16:30:00,Alex Oxlade-Chamberlain,Pass
248,183201,42,SavedShot,0.909000015258789,0.46599998474121096,0.5634210109710693,Mohamed Salah,a,1250,OpenPlay,2017,RightFoot,7290,Bournemouth,Liverpool,0,4,2017-12-17 16:30:00,Philippe Coutinho,Throughball
249,183203,43,Goal,0.915,0.425,0.22917400300502777,Mohamed Salah,a,1250,OpenPlay,2017,LeftFoot,7290,Bournemouth,Liverpool,0,4,2017-12-17 16:30:00,Alex Oxlade-Chamberlain,TakeOn
250,182887,43,SavedShot,0.86,0.415,0.3504739999771118,Mohamed Salah,a,1250,OpenPlay,2017,LeftFoot,7301,Arsenal,Liverpool,3,3,2017-12-22 19:45:00,,None
251,182889,47,SavedShot,0.875999984741211,0.38299999237060545,0.12153399735689163,Mohamed Salah,a,1250,OpenPlay,2017,RightFoot,7301,Arsenal,Liverpool,3,3,2017-12-22 19:45:00,Sadio Mané,Pass
252,182890,51,Goal,0.8190000152587891,0.4279999923706055,0.07320520281791687,Mohamed Salah,a,1250,OpenPlay,2017,LeftFoot,7301,Arsenal,Liverpool,3,3,2017-12-22 19:45:00,Roberto Firmino,Pass
253,182900,88,MissedShots,0.8959999847412109,0.6120000076293945,0.17512600123882294,Mohamed Salah,a,1250,OpenPlay,2017,LeftFoot,7301,Arsenal,Liverpool,3,3,2017-12-22 19:45:00,Georginio Wijnaldum,TakeOn
254,185658,25,BlockedShot,0.8730000305175781,0.34700000762939454,0.0956789031624794,Mohamed Salah,h,1250,OpenPlay,2017,LeftFoot,7313,Liverpool,Swansea,5,0,2017-12-26 17:30:00,Georginio Wijnaldum,TakeOn
255,185665,49,SavedShot,0.875999984741211,0.40200000762939453,0.10787100344896317,Mohamed Salah,h,1250,OpenPlay,2017,LeftFoot,7313,Liverpool,Swansea,5,0,2017-12-26 17:30:00,Roberto Firmino,Pass
256,185667,55,MissedShots,0.8690000152587891,0.47,0.10084900259971619,Mohamed Salah,h,1250,SetPiece,2017,LeftFoot,7313,Liverpool,Swansea,5,0,2017-12-26 17:30:00,Philippe Coutinho,Pass
257,185668,56,SavedShot,0.9469999694824218,0.34900001525878904,0.30203700065612793,Mohamed Salah,h,1250,OpenPlay,2017,RightFoot,7313,Liverpool,Swansea,5,0,2017-12-26 17:30:00,Andrew Robertson,Throughball
258,186008,6,MissedShots,0.9130000305175782,0.534000015258789,0.44457098841667175,Mohamed Salah,h,1250,OpenPlay,2017,LeftFoot,7323,Liverpool,Leicester,2,1,2017-12-30 15:00:00,Sadio Mané,Pass
259,186009,10,BlockedShot,0.9130000305175782,0.669000015258789,0.10095400363206863,Mohamed Salah,h,1250,OpenPlay,2017,LeftFoot,7323,Liverpool,Leicester,2,1,2017-12-30 15:00:00,James Milner,Throughball
260,186012,19,MissedShots,0.9419999694824219,0.3840000152587891,0.35666701197624207,Mohamed Salah,h,1250,OpenPlay,2017,LeftFoot,7323,Liverpool,Leicester,2,1,2017-12-30 15:00:00,Roberto Firmino,Pass
261,186021,51,Goal,0.88,0.504000015258789,0.43058401346206665,Mohamed Salah,h,1250,OpenPlay,2017,LeftFoot,7323,Liverpool,Leicester,2,1,2017-12-30 15:00:00,Sadio Mané,TakeOn
262,186023,58,MissedShots,0.9069999694824219,0.34700000762939454,0.3117290139198303,Mohamed Salah,h,1250,OpenPlay,2017,LeftFoot,7323,Liverpool,Leicester,2,1,2017-12-30 15:00:00,Philippe Coutinho,Throughball
263,186028,75,Goal,0.8819999694824219,0.45,0.43838998675346375,Mohamed Salah,h,1250,OpenPlay,2017,LeftFoot,7323,Liverpool,Leicester,2,1,2017-12-30 15:00:00,James Milner,TakeOn
264,187936,3,BlockedShot,0.8340000152587891,0.5270000076293946,0.0840964987874031,Mohamed Salah,h,1250,OpenPlay,2017,LeftFoot,7343,Liverpool,Manchester City,4,3,2018-01-14 16:00:00,Sadio Mané,Pass
265,187938,14,MissedShots,0.9519999694824218,0.37400001525878906,0.27581000328063965,Mohamed Salah,h,1250,OpenPlay,2017,LeftFoot,7343,Liverpool,Manchester City,4,3,2018-01-14 16:00:00,Roberto Firmino,TakeOn
266,187943,38,SavedShot,0.8159999847412109,0.27399999618530274,0.03132360056042671,Mohamed Salah,h,1250,OpenPlay,2017,LeftFoot,7343,Liverpool,Manchester City,4,3,2018-01-14 16:00:00,Georginio Wijnaldum,Pass
267,187945,43,BlockedShot,0.8009999847412109,0.32099998474121094,0.026739299297332764,Mohamed Salah,h,1250,FromCorner,2017,LeftFoot,7343,Liverpool,Manchester City,4,3,2018-01-14 16:00:00,Alex Oxlade-Chamberlain,Pass
268,187950,55,SavedShot,0.8519999694824218,0.33,0.03156910091638565,Mohamed Salah,h,1250,FromCorner,2017,LeftFoot,7343,Liverpool,Manchester City,4,3,2018-01-14 16:00:00,,None
269,187956,67,Goal,0.664000015258789,0.6430000305175781,0.011512099765241146,Mohamed Salah,h,1250,OpenPlay,2017,LeftFoot,7343,Liverpool,Manchester City,4,3,2018-01-14 16:00:00,,None
270,189603,29,MissedShots,0.899000015258789,0.524000015258789,0.3121280074119568,Mohamed Salah,a,1250,OpenPlay,2017,LeftFoot,7357,Swansea,Liverpool,1,0,2018-01-22 20:00:00,Virgil van Dijk,Chipped
271,189608,53,MissedShots,0.7909999847412109,0.555,0.035067301243543625,Mohamed Salah,a,1250,OpenPlay,2017,RightFoot,7357,Swansea,Liverpool,1,0,2018-01-22 20:00:00,Georginio Wijnaldum,Pass
272,189610,57,BlockedShot,0.8519999694824218,0.3370000076293945,0.04283419996500015,Mohamed Salah,a,1250,OpenPlay,2017,LeftFoot,7357,Swansea,Liverpool,1,0,2018-01-22 20:00:00,,Rebound
273,189611,59,SavedShot,0.7769999694824219,0.610999984741211,0.07620169967412949,Mohamed Salah,a,1250,DirectFreekick,2017,LeftFoot,7357,Swansea,Liverpool,1,0,2018-01-22 20:00:00,,Standard
274,189623,92,MissedShots,0.9490000152587891,0.32,0.06007080152630806,Mohamed Salah,a,1250,OpenPlay,2017,RightFoot,7357,Swansea,Liverpool,1,0,2018-01-22 20:00:00,Adam Lallana,Pass
275,194074,72,MissedShots,0.9630000305175781,0.29700000762939455,0.3277460038661957,Mohamed Salah,a,1250,OpenPlay,2017,LeftFoot,7359,Huddersfield,Liverpool,0,3,2018-01-30 20:00:00,,None
276,194075,76,BlockedShot,0.805,0.45,0.07147639989852905,Mohamed Salah,a,1250,OpenPlay,2017,LeftFoot,7359,Huddersfield,Liverpool,0,3,2018-01-30 20:00:00,Emre Can,TakeOn
277,194076,77,Goal,0.885,0.5,0.7611690163612366,Mohamed Salah,a,1250,Penalty,2017,LeftFoot,7359,Huddersfield,Liverpool,0,3,2018-01-30 20:00:00,,Standard
278,193727,2,Goal,0.9030000305175782,0.544000015258789,0.40502700209617615,Mohamed Salah,h,1250,OpenPlay,2017,LeftFoot,7375,Liverpool,Tottenham,2,2,2018-02-04 16:30:00,,TakeOn
279,193731,17,MissedShots,0.895,0.5320000076293945,0.09561260044574738,Mohamed Salah,h,1250,FromCorner,2017,LeftFoot,7375,Liverpool,Tottenham,2,2,2018-02-04 16:30:00,,None
280,193743,70,BlockedShot,0.7919999694824219,0.5320000076293945,0.05478839948773384,Mohamed Salah,h,1250,OpenPlay,2017,LeftFoot,7375,Liverpool,Tottenham,2,2,2018-02-04 16:30:00,Alex Oxlade-Chamberlain,LayOff
281,193747,90,Goal,0.965999984741211,0.39799999237060546,0.390502005815506,Mohamed Salah,h,1250,OpenPlay,2017,LeftFoot,7375,Liverpool,Tottenham,2,2,2018-02-04 16:30:00,,None
282,193950,41,Goal,0.865,0.5070000076293946,0.3842880129814148,Mohamed Salah,a,1250,OpenPlay,2017,LeftFoot,7384,Southampton,Liverpool,0,2,2018-02-11 16:30:00,Roberto Firmino,Throughball
283,193952,49,MissedShots,0.8580000305175781,0.48200000762939454,0.07635609805583954,Mohamed Salah,a,1250,OpenPlay,2017,LeftFoot,7384,Southampton,Liverpool,0,2,2018-02-11 16:30:00,Sadio Mané,Rebound
284,193957,70,MissedShots,0.909000015258789,0.38299999237060545,0.3645919859409332,Mohamed Salah,a,1250,OpenPlay,2017,LeftFoot,7384,Southampton,Liverpool,0,2,2018-02-11 16:30:00,,Rebound
285,197360,2,SavedShot,0.865999984741211,0.6229999923706054,0.07188239693641663,Mohamed Salah,h,1250,OpenPlay,2017,LeftFoot,7395,Liverpool,West Ham,4,1,2018-02-24 15:00:00,Roberto Firmino,Pass
286,197370,31,MissedShots,0.970999984741211,0.4129999923706055,0.2914330065250397,Mohamed Salah,h,1250,OpenPlay,2017,Head,7395,Liverpool,West Ham,4,1,2018-02-24 15:00:00,Andrew Robertson,Cross
287,197372,45,BlockedShot,0.7930000305175782,0.6780000305175782,0.06982850283384323,Mohamed Salah,h,1250,DirectFreekick,2017,LeftFoot,7395,Liverpool,West Ham,4,1,2018-02-24 15:00:00,,Standard
288,197373,50,Goal,0.905,0.5979999923706054,0.1287740021944046,Mohamed Salah,h,1250,OpenPlay,2017,LeftFoot,7395,Liverpool,West Ham,4,1,2018-02-24 15:00:00,Alex Oxlade-Chamberlain,Pass
289,197378,60,SavedShot,0.8980000305175782,0.43099998474121093,0.13630099594593048,Mohamed Salah,h,1250,OpenPlay,2017,LeftFoot,7395,Liverpool,West Ham,4,1,2018-02-24 15:00:00,Alex Oxlade-Chamberlain,Pass
290,199024,11,BlockedShot,0.85,0.4570000076293945,0.06358049809932709,Mohamed Salah,h,1250,OpenPlay,2017,LeftFoot,7403,Liverpool,Newcastle United,2,0,2018-03-03 17:30:00,Roberto Firmino,HeadPass
291,199025,15,MissedShots,0.9209999847412109,0.759000015258789,0.03454979881644249,Mohamed Salah,h,1250,OpenPlay,2017,LeftFoot,7403,Liverpool,Newcastle United,2,0,2018-03-03 17:30:00,Emre Can,Chipped
292,199030,27,BlockedShot,0.850999984741211,0.44599998474121094,0.09281270205974579,Mohamed Salah,h,1250,OpenPlay,2017,RightFoot,7403,Liverpool,Newcastle United,2,0,2018-03-03 17:30:00,Roberto Firmino,Pass
293,199033,39,Goal,0.9019999694824219,0.415,0.37601301074028015,Mohamed Salah,h,1250,OpenPlay,2017,LeftFoot,7403,Liverpool,Newcastle United,2,0,2018-03-03 17:30:00,Alex Oxlade-Chamberlain,Pass
294,199036,51,BlockedShot,0.8490000152587891,0.5779999923706055,0.09166940301656723,Mohamed Salah,h,1250,OpenPlay,2017,LeftFoot,7403,Liverpool,Newcastle United,2,0,2018-03-03 17:30:00,Andrew Robertson,Pass
295,199844,95,MissedShots,0.8830000305175781,0.42700000762939455,0.07588019967079163,Mohamed Salah,a,1250,FromCorner,2017,LeftFoot,7414,Manchester United,Liverpool,2,1,2018-03-10 12:30:00,,None
296,201633,3,Goal,0.9309999847412109,0.36,0.18497000634670258,Mohamed Salah,h,1250,OpenPlay,2017,RightFoot,7423,Liverpool,Watford,5,0,2018-03-17 17:30:00,Sadio Mané,TakeOn
297,201637,42,Goal,0.9619999694824218,0.47,0.6259509921073914,Mohamed Salah,h,1250,OpenPlay,2017,RightFoot,7423,Liverpool,Watford,5,0,2018-03-17 17:30:00,Andrew Robertson,Cross
298,201644,76,Goal,0.904000015258789,0.44,0.139383003115654,Mohamed Salah,h,1250,OpenPlay,2017,LeftFoot,7423,Liverpool,Watford,5,0,2018-03-17 17:30:00,Sadio Mané,TakeOn
299,201649,84,Goal,0.9330000305175781,0.48700000762939455,0.15370899438858032,Mohamed Salah,h,1250,OpenPlay,2017,LeftFoot,7423,Liverpool,Watford,5,0,2018-03-17 17:30:00,,Rebound
300,204121,27,SavedShot,0.885,0.3320000076293945,0.05380360037088394,Mohamed Salah,a,1250,OpenPlay,2017,LeftFoot,7432,Crystal Palace,Liverpool,1,2,2018-03-31 12:30:00,Trent Alexander-Arnold,Pass
301,204125,40,SavedShot,0.8169999694824219,0.2610000038146973,0.023464800789952278,Mohamed Salah,a,1250,OpenPlay,2017,LeftFoot,7432,Crystal Palace,Liverpool,1,2,2018-03-31 12:30:00,Trent Alexander-Arnold,Pass
302,204130,50,MissedShots,0.8580000305175781,0.35900001525878905,0.05142439901828766,Mohamed Salah,a,1250,OpenPlay,2017,LeftFoot,7432,Crystal Palace,Liverpool,1,2,2018-03-31 12:30:00,James Milner,HeadPass
303,204135,83,Goal,0.93,0.46,0.527895987033844,Mohamed Salah,a,1250,OpenPlay,2017,RightFoot,7432,Crystal Palace,Liverpool,1,2,2018-03-31 12:30:00,Andrew Robertson,Pass
304,208636,2,MissedShots,0.9330000305175781,0.47900001525878905,0.45048099756240845,Mohamed Salah,h,1250,OpenPlay,2017,LeftFoot,7452,Liverpool,Bournemouth,3,0,2018-04-14 16:30:00,Trent Alexander-Arnold,Cross
305,208641,17,SavedShot,0.8109999847412109,0.43400001525878906,0.05723689869046211,Mohamed Salah,h,1250,OpenPlay,2017,LeftFoot,7452,Liverpool,Bournemouth,3,0,2018-04-14 16:30:00,Trent Alexander-Arnold,Pass
306,208644,25,MissedShots,0.8090000152587891,0.5029999923706054,0.06658130139112473,Mohamed Salah,h,1250,OpenPlay,2017,LeftFoot,7452,Liverpool,Bournemouth,3,0,2018-04-14 16:30:00,,BallRecovery
307,208648,61,SavedShot,0.81,0.51,0.07044730335474014,Mohamed Salah,h,1250,OpenPlay,2017,LeftFoot,7452,Liverpool,Bournemouth,3,0,2018-04-14 16:30:00,Trent Alexander-Arnold,Pass
308,208649,63,BlockedShot,0.825999984741211,0.3770000076293945,0.06356099992990494,Mohamed Salah,h,1250,OpenPlay,2017,LeftFoot,7452,Liverpool,Bournemouth,3,0,2018-04-14 16:30:00,Roberto Firmino,Pass
309,208650,68,Goal,0.9209999847412109,0.47299999237060547,0.09257549792528152,Mohamed Salah,h,1250,OpenPlay,2017,Head,7452,Liverpool,Bournemouth,3,0,2018-04-14 16:30:00,Trent Alexander-Arnold,Chipped
310,210251,10,BlockedShot,0.9230000305175782,0.32599998474121095,0.07582560181617737,Mohamed Salah,a,1250,OpenPlay,2017,LeftFoot,7468,West Bromwich Albion,Liverpool,2,2,2018-04-21 00:00:00,Joseph Gomez,TakeOn
311,210255,25,MissedShots,0.74,0.37400001525878906,0.04911540076136589,Mohamed Salah,a,1250,DirectFreekick,2017,LeftFoot,7468,West Bromwich Albion,Liverpool,2,2,2018-04-21 00:00:00,,Standard
312,210261,62,BlockedShot,0.8090000152587891,0.53,0.0667198970913887,Mohamed Salah,a,1250,OpenPlay,2017,LeftFoot,7468,West Bromwich Albion,Liverpool,2,2,2018-04-21 00:00:00,James Milner,Pass
313,210264,71,Goal,0.9,0.605999984741211,0.35695400834083557,Mohamed Salah,a,1250,OpenPlay,2017,LeftFoot,7468,West Bromwich Albion,Liverpool,2,2,2018-04-21 00:00:00,Alex Oxlade-Chamberlain,Pass
314,211479,5,MissedShots,0.89,0.44299999237060544,0.5646399855613708,Mohamed Salah,h,1250,OpenPlay,2017,LeftFoot,7472,Liverpool,Stoke,0,0,2018-04-28 11:30:00,Jordan Henderson,Throughball
315,211480,10,BlockedShot,0.895,0.3220000076293945,0.05602819845080376,Mohamed Salah,h,1250,OpenPlay,2017,LeftFoot,7472,Liverpool,Stoke,0,0,2018-04-28 11:30:00,Alberto Moreno,Pass
316,211485,33,MissedShots,0.81,0.24,0.05385909974575043,Mohamed Salah,h,1250,DirectFreekick,2017,LeftFoot,7472,Liverpool,Stoke,0,0,2018-04-28 11:30:00,,Standard
317,211487,49,MissedShots,0.8490000152587891,0.7380000305175781,0.01977119967341423,Mohamed Salah,h,1250,FromCorner,2017,LeftFoot,7472,Liverpool,Stoke,0,0,2018-04-28 11:30:00,,None
318,211491,61,BlockedShot,0.8630000305175781,0.3940000152587891,0.07698959857225418,Mohamed Salah,h,1250,OpenPlay,2017,LeftFoot,7472,Liverpool,Stoke,0,0,2018-04-28 11:30:00,Joseph Gomez,Pass
319,211493,65,BlockedShot,0.8640000152587891,0.57,0.06364809721708298,Mohamed Salah,h,1250,OpenPlay,2017,LeftFoot,7472,Liverpool,Stoke,0,0,2018-04-28 11:30:00,Alberto Moreno,Cross
320,211499,88,BlockedShot,0.8930000305175781,0.5459999847412109,0.12492500245571136,Mohamed Salah,h,1250,OpenPlay,2017,LeftFoot,7472,Liverpool,Stoke,0,0,2018-04-28 11:30:00,Alberto Moreno,Pass
321,213995,45,MissedShots,0.8090000152587891,0.5059999847412109,0.038309499621391296,Mohamed Salah,a,1250,OpenPlay,2017,LeftFoot,7485,Chelsea,Liverpool,1,0,2018-05-06 16:30:00,Roberto Firmino,Pass
322,215737,25,Goal,0.8909999847412109,0.475,0.09614720195531845,Mohamed Salah,h,1250,OpenPlay,2017,LeftFoot,7495,Liverpool,Brighton,4,0,2018-05-13 15:00:00,,None
323,215738,26,BlockedShot,0.8809999847412109,0.3629999923706055,0.08110570162534714,Mohamed Salah,h,1250,OpenPlay,2017,LeftFoot,7495,Liverpool,Brighton,4,0,2018-05-13 15:00:00,,None
324,215741,29,BlockedShot,0.9169999694824219,0.43099998474121093,0.3996489942073822,Mohamed Salah,h,1250,OpenPlay,2017,LeftFoot,7495,Liverpool,Brighton,4,0,2018-05-13 15:00:00,,Rebound
325,215740,29,SavedShot,0.909000015258789,0.42400001525878905,0.4192410111427307,Mohamed Salah,h,1250,OpenPlay,2017,LeftFoot,7495,Liverpool,Brighton,4,0,2018-05-13 15:00:00,Sadio Mané,Pass
326,232790,18,Goal,0.965,0.4879999923706055,0.7736999988555908,Mohamed Salah,h,1250,OpenPlay,2018,RightFoot,9205,Liverpool,West Ham,4,0,2018-08-12 15:30:00,Andrew Robertson,Pass
327,232796,35,SavedShot,0.8919999694824219,0.48400001525878905,0.09832660108804703,Mohamed Salah,h,1250,OpenPlay,2018,Head,9205,Liverpool,West Ham,4,0,2018-08-12 15:30:00,Sadio Mané,Cross
328,232797,36,SavedShot,0.9569999694824218,0.4470000076293945,0.6361520290374756,Mohamed Salah,h,1250,OpenPlay,2018,RightFoot,9205,Liverpool,West Ham,4,0,2018-08-12 15:30:00,Roberto Firmino,Pass
329,232802,64,MissedShots,0.8190000152587891,0.515,0.041760899126529694,Mohamed Salah,h,1250,SetPiece,2018,LeftFoot,9205,Liverpool,West Ham,4,0,2018-08-12 15:30:00,,Rebound
330,233033,2,BlockedShot,0.879000015258789,0.355,0.05938220024108887,Mohamed Salah,a,1250,OpenPlay,2018,LeftFoot,9216,Crystal Palace,Liverpool,0,2,2018-08-20 22:00:00,Sadio Mané,Chipped
331,233034,22,MissedShots,0.8590000152587891,0.509000015258789,0.3246940076351166,Mohamed Salah,a,1250,OpenPlay,2018,LeftFoot,9216,Crystal Palace,Liverpool,0,2,2018-08-20 22:00:00,Naby Keita,Throughball
332,233037,26,BlockedShot,0.8190000152587891,0.5590000152587891,0.09191019833087921,Mohamed Salah,a,1250,OpenPlay,2018,LeftFoot,9216,Crystal Palace,Liverpool,0,2,2018-08-20 22:00:00,Roberto Firmino,TakeOn
333,233046,59,BlockedShot,0.784000015258789,0.4909999847412109,0.01513850037008524,Mohamed Salah,a,1250,FromCorner,2018,LeftFoot,9216,Crystal Palace,Liverpool,0,2,2018-08-20 22:00:00,Joseph Gomez,Aerial
334,233050,76,BlockedShot,0.8180000305175781,0.5,0.1714940071105957,Mohamed Salah,a,1250,DirectFreekick,2018,LeftFoot,9216,Crystal Palace,Liverpool,0,2,2018-08-20 22:00:00,,Standard
335,233053,83,SavedShot,0.91,0.485,0.0702190026640892,Mohamed Salah,a,1250,OpenPlay,2018,Head,9216,Crystal Palace,Liverpool,0,2,2018-08-20 22:00:00,Sadio Mané,Chipped
336,233318,18,SavedShot,0.9790000152587891,0.705999984741211,0.04514089971780777,Mohamed Salah,h,1250,OpenPlay,2018,LeftFoot,9223,Liverpool,Brighton,1,0,2018-08-25 19:30:00,Naby Keita,Chipped
337,233319,22,Goal,0.860999984741211,0.385,0.08094040304422379,Mohamed Salah,h,1250,OpenPlay,2018,LeftFoot,9223,Liverpool,Brighton,1,0,2018-08-25 19:30:00,Roberto Firmino,Pass
338,233327,57,BlockedShot,0.874000015258789,0.51,0.10990600287914276,Mohamed Salah,h,1250,OpenPlay,2018,LeftFoot,9223,Liverpool,Brighton,1,0,2018-08-25 19:30:00,,Rebound
339,233332,71,BlockedShot,0.7330000305175781,0.4520000076293945,0.022294800728559494,Mohamed Salah,h,1250,OpenPlay,2018,LeftFoot,9223,Liverpool,Brighton,1,0,2018-08-25 19:30:00,Jordan Henderson,Pass
340,233336,86,MissedShots,0.8590000152587891,0.27600000381469725,0.04638040065765381,Mohamed Salah,h,1250,OpenPlay,2018,LeftFoot,9223,Liverpool,Brighton,1,0,2018-08-25 19:30:00,Trent Alexander-Arnold,Chipped
341,233341,92,MissedShots,0.8440000152587891,0.44,0.07750380039215088,Mohamed Salah,h,1250,OpenPlay,2018,LeftFoot,9223,Liverpool,Brighton,1,0,2018-08-25 19:30:00,Georginio Wijnaldum,Pass
342,233645,3,MissedShots,0.8930000305175781,0.4640000152587891,0.37942999601364136,Mohamed Salah,a,1250,OpenPlay,2018,LeftFoot,9227,Leicester,Liverpool,1,2,2018-09-01 11:30:00,,Rebound
343,233655,42,SavedShot,0.765,0.44099998474121094,0.03357579931616783,Mohamed Salah,a,1250,OpenPlay,2018,LeftFoot,9227,Leicester,Liverpool,1,2,2018-09-01 11:30:00,Joseph Gomez,Pass
344,233660,53,BlockedShot,0.7819999694824219,0.5990000152587891,0.03379790112376213,Mohamed Salah,a,1250,OpenPlay,2018,LeftFoot,9227,Leicester,Liverpool,1,2,2018-09-01 11:30:00,Roberto Firmino,Pass
345,233916,21,SavedShot,0.8969999694824219,0.629000015258789,0.33210301399230957,Mohamed Salah,a,1250,OpenPlay,2018,LeftFoot,9237,Tottenham,Liverpool,1,2,2018-09-15 11:30:00,,BallRecovery
346,233932,80,SavedShot,0.85,0.37900001525878907,0.08578070253133774,Mohamed Salah,a,1250,OpenPlay,2018,LeftFoot,9237,Tottenham,Liverpool,1,2,2018-09-15 11:30:00,James Milner,Pass
347,233935,83,BlockedShot,0.8830000305175781,0.44799999237060545,0.17562900483608246,Mohamed Salah,a,1250,OpenPlay,2018,LeftFoot,9237,Tottenham,Liverpool,1,2,2018-09-15 11:30:00,Sadio Mané,TakeOn
348,233936,83,BlockedShot,0.909000015258789,0.365,0.1966789960861206,Mohamed Salah,a,1250,OpenPlay,2018,LeftFoot,9237,Tottenham,Liverpool,1,2,2018-09-15 11:30:00,Andrew Robertson,TakeOn
349,234185,42,MissedShots,0.970999984741211,0.5929999923706055,0.21955299377441406,Mohamed Salah,h,1250,OpenPlay,2018,LeftFoot,9249,Liverpool,Southampton,3,0,2018-09-22 14:00:00,Roberto Firmino,TakeOn
350,234189,47,Goal,0.990999984741211,0.48200000762939454,0.973721981048584,Mohamed Salah,h,1250,SetPiece,2018,LeftFoot,9249,Liverpool,Southampton,3,0,2018-09-22 14:00:00,,Rebound
351,234311,4,SavedShot,0.8030000305175782,0.37,0.03717450052499771,Mohamed Salah,a,1250,OpenPlay,2018,LeftFoot,9264,Chelsea,Liverpool,1,1,2018-09-29 16:30:00,,BallRecovery
352,234312,10,MissedShots,0.8109999847412109,0.38799999237060545,0.044477298855781555,Mohamed Salah,a,1250,OpenPlay,2018,LeftFoot,9264,Chelsea,Liverpool,1,1,2018-09-29 16:30:00,Trent Alexander-Arnold,Pass
353,234318,31,BlockedShot,0.965999984741211,0.35400001525878905,0.5210970044136047,Mohamed Salah,a,1250,OpenPlay,2018,RightFoot,9264,Chelsea,Liverpool,1,1,2018-09-29 16:30:00,Roberto Firmino,TakeOn
354,234323,58,MissedShots,0.855,0.6229999923706054,0.04525750130414963,Mohamed Salah,a,1250,FromCorner,2018,LeftFoot,9264,Chelsea,Liverpool,1,1,2018-09-29 16:30:00,,None
355,249204,3,MissedShots,0.86,0.3529999923706055,0.06209440156817436,Mohamed Salah,h,1250,OpenPlay,2018,LeftFoot,9276,Liverpool,Manchester City,0,0,2018-10-07 15:30:00,Joseph Gomez,HeadPass
356,249211,61,SavedShot,0.86,0.36700000762939455,0.06921210139989853,Mohamed Salah,h,1250,OpenPlay,2018,LeftFoot,9276,Liverpool,Manchester City,0,0,2018-10-07 15:30:00,Joseph Gomez,Pass
357,249213,68,MissedShots,0.865,0.695,0.03943530097603798,Mohamed Salah,h,1250,OpenPlay,2018,LeftFoot,9276,Liverpool,Manchester City,0,0,2018-10-07 15:30:00,Andrew Robertson,Chipped
358,249400,23,Goal,0.9159999847412109,0.3629999923706055,0.09400880336761475,Mohamed Salah,a,1250,OpenPlay,2018,RightFoot,9284,Huddersfield,Liverpool,0,1,2018-10-20 16:30:00,Xherdan Shaqiri,Pass
359,249411,59,BlockedShot,0.7669999694824219,0.5729999923706055,0.025779899209737778,Mohamed Salah,a,1250,OpenPlay,2018,LeftFoot,9284,Huddersfield,Liverpool,0,1,2018-10-20 16:30:00,Georginio Wijnaldum,Pass
360,249412,63,MissedShots,0.8419999694824218,0.6020000076293945,0.1260869950056076,Mohamed Salah,a,1250,OpenPlay,2018,LeftFoot,9284,Huddersfield,Liverpool,0,1,2018-10-20 16:30:00,Daniel Sturridge,Chipped
361,249419,87,SavedShot,0.9840000152587891,0.39,0.10845799744129181,Mohamed Salah,a,1250,OpenPlay,2018,LeftFoot,9284,Huddersfield,Liverpool,0,1,2018-10-20 16:30:00,Joseph Gomez,TakeOn
362,249480,9,Goal,0.965,0.5929999923706055,0.3978790044784546,Mohamed Salah,h,1250,OpenPlay,2018,LeftFoot,9288,Liverpool,Cardiff,4,1,2018-10-27 14:00:00,,Rebound
363,249483,17,BlockedShot,0.815,0.4540000152587891,0.07255619764328003,Mohamed Salah,h,1250,OpenPlay,2018,LeftFoot,9288,Liverpool,Cardiff,4,1,2018-10-27 14:00:00,Alberto Moreno,Pass
364,249494,81,SavedShot,0.7980000305175782,0.18200000762939453,0.03499079868197441,Mohamed Salah,h,1250,OpenPlay,2018,RightFoot,9288,Liverpool,Cardiff,4,1,2018-10-27 14:00:00,Xherdan Shaqiri,Pass
365,249497,90,MissedShots,0.4540000152587891,0.35700000762939454,0.008979810401797295,Mohamed Salah,h,1250,OpenPlay,2018,LeftFoot,9288,Liverpool,Cardiff,4,1,2018-10-27 14:00:00,Georginio Wijnaldum,Pass
366,249879,23,BlockedShot,0.835,0.26600000381469724,0.024620400741696358,Mohamed Salah,a,1250,OpenPlay,2018,LeftFoot,9303,Arsenal,Liverpool,1,1,2018-11-03 17:30:00,Fabinho,Pass
367,249887,49,BlockedShot,0.8419999694824218,0.44099998474121094,0.08371870219707489,Mohamed Salah,a,1250,OpenPlay,2018,LeftFoot,9303,Arsenal,Liverpool,1,1,2018-11-03 17:30:00,Trent Alexander-Arnold,Pass
368,249894,83,MissedShots,0.785,0.395,0.0276964008808136,Mohamed Salah,a,1250,FromCorner,2018,LeftFoot,9303,Arsenal,Liverpool,1,1,2018-11-03 17:30:00,James Milner,Pass
369,250159,15,SavedShot,0.9259999847412109,0.565,0.4773550033569336,Mohamed Salah,h,1250,OpenPlay,2018,RightFoot,9313,Liverpool,Fulham,2,0,2018-11-11 12:00:00,Roberto Firmino,TakeOn
370,250161,21,SavedShot,0.92,0.34799999237060547,0.07288579642772675,Mohamed Salah,h,1250,OpenPlay,2018,RightFoot,9313,Liverpool,Fulham,2,0,2018-11-11 12:00:00,Xherdan Shaqiri,Chipped
371,250166,29,BlockedShot,0.775,0.19399999618530273,0.011190799996256828,Mohamed Salah,h,1250,OpenPlay,2018,LeftFoot,9313,Liverpool,Fulham,2,0,2018-11-11 12:00:00,Andrew Robertson,TakeOn
372,250172,40,Goal,0.8719999694824219,0.38599998474121094,0.2356099933385849,Mohamed Salah,h,1250,OpenPlay,2018,LeftFoot,9313,Liverpool,Fulham,2,0,2018-11-11 12:00:00,Trent Alexander-Arnold,Pass
373,250185,89,BlockedShot,0.8919999694824219,0.34,0.08072099834680557,Mohamed Salah,h,1250,OpenPlay,2018,LeftFoot,9313,Liverpool,Fulham,2,0,2018-11-11 12:00:00,Sadio Mané,Pass
374,250274,41,SavedShot,0.9080000305175782,0.5640000152587891,0.21945400536060333,Mohamed Salah,a,1250,FromCorner,2018,Head,9318,Watford,Liverpool,0,3,2018-11-24 15:00:00,Xherdan Shaqiri,Cross
375,250277,66,Goal,0.9159999847412109,0.580999984741211,0.12818600237369537,Mohamed Salah,a,1250,OpenPlay,2018,LeftFoot,9318,Watford,Liverpool,0,3,2018-11-24 15:00:00,Sadio Mané,Pass
376,250746,47,MissedShots,0.7659999847412109,0.4759999847412109,0.02779800072312355,Mohamed Salah,h,1250,OpenPlay,2018,LeftFoot,9330,Liverpool,Everton,1,0,2018-12-02 16:15:00,Georginio Wijnaldum,Pass
377,250920,81,SavedShot,0.97,0.3770000076293945,0.09441699832677841,Mohamed Salah,a,1250,OpenPlay,2018,RightFoot,9343,Burnley,Liverpool,1,3,2018-12-05 19:45:00,,Rebound
378,250924,85,SavedShot,0.8930000305175781,0.32099998474121094,0.09711550176143646,Mohamed Salah,a,1250,OpenPlay,2018,RightFoot,9343,Burnley,Liverpool,1,3,2018-12-05 19:45:00,Roberto Firmino,Pass
379,251007,13,MissedShots,0.9580000305175781,0.35200000762939454,0.06826060265302658,Mohamed Salah,a,1250,OpenPlay,2018,RightFoot,9355,Bournemouth,Liverpool,0,4,2018-12-08 12:30:00,Xherdan Shaqiri,Chipped
380,251014,24,Goal,0.9,0.47,0.4015499949455261,Mohamed Salah,a,1250,OpenPlay,2018,LeftFoot,9355,Bournemouth,Liverpool,0,4,2018-12-08 12:30:00,,Rebound
381,251016,47,Goal,0.874000015258789,0.620999984741211,0.12569600343704224,Mohamed Salah,a,1250,OpenPlay,2018,LeftFoot,9355,Bournemouth,Liverpool,0,4,2018-12-08 12:30:00,Roberto Firmino,Pass
382,251021,76,Goal,0.9440000152587891,0.5320000076293945,0.9465789794921875,Mohamed Salah,a,1250,OpenPlay,2018,LeftFoot,9355,Bournemouth,Liverpool,0,4,2018-12-08 12:30:00,,TakeOn
383,251447,10,BlockedShot,0.7969999694824219,0.3890000152587891,0.028157899156212807,Mohamed Salah,h,1250,OpenPlay,2018,LeftFoot,9362,Liverpool,Manchester United,3,1,2018-12-16 16:00:00,Sadio Mané,Pass
384,251457,47,BlockedShot,0.82,0.48200000762939454,0.07206600159406662,Mohamed Salah,h,1250,OpenPlay,2018,LeftFoot,9362,Liverpool,Manchester United,3,1,2018-12-16 16:00:00,Andrew Robertson,Pass
385,251480,92,MissedShots,0.7869999694824219,0.54,0.044834498316049576,Mohamed Salah,h,1250,OpenPlay,2018,LeftFoot,9362,Liverpool,Manchester United,3,1,2018-12-16 16:00:00,Andrew Robertson,Pass
386,251487,17,Goal,0.9259999847412109,0.44299999237060544,0.13296200335025787,Mohamed Salah,a,1250,SetPiece,2018,LeftFoot,9367,Wolverhampton Wanderers,Liverpool,0,2,2018-12-21 20:00:00,Fabinho,Pass
387,251494,47,MissedShots,0.84,0.5790000152587891,0.03765780106186867,Mohamed Salah,a,1250,FromCorner,2018,LeftFoot,9367,Wolverhampton Wanderers,Liverpool,0,2,2018-12-21 20:00:00,James Milner,Cross
388,251502,83,SavedShot,0.955999984741211,0.37099998474121093,0.4243369996547699,Mohamed Salah,a,1250,OpenPlay,2018,LeftFoot,9367,Wolverhampton Wanderers,Liverpool,0,2,2018-12-21 20:00:00,Sadio Mané,Throughball
389,251505,90,SavedShot,0.97,0.385,0.2391130030155182,Mohamed Salah,a,1250,OpenPlay,2018,LeftFoot,9367,Wolverhampton Wanderers,Liverpool,0,2,2018-12-21 20:00:00,Virgil van Dijk,TakeOn
390,251897,47,Goal,0.885,0.5,0.7611690163612366,Mohamed Salah,h,1250,Penalty,2018,LeftFoot,9381,Liverpool,Newcastle United,4,0,2018-12-26 15:00:00,,Standard
391,263682,5,MissedShots,0.955999984741211,0.5790000152587891,0.13956399261951447,Mohamed Salah,h,1250,OpenPlay,2018,LeftFoot,9391,Liverpool,Arsenal,5,1,2018-12-29 17:30:00,Roberto Firmino,Rebound
392,263691,46,Goal,0.885,0.5,0.7611690163612366,Mohamed Salah,h,1250,Penalty,2018,LeftFoot,9391,Liverpool,Arsenal,5,1,2018-12-29 17:30:00,,Standard
393,263703,90,SavedShot,0.955999984741211,0.3129999923706055,0.1376200020313263,Mohamed Salah,h,1250,OpenPlay,2018,LeftFoot,9391,Liverpool,Arsenal,5,1,2018-12-29 17:30:00,Adam Lallana,Chipped
394,274361,83,SavedShot,0.905,0.669000015258789,0.09749750047922134,Mohamed Salah,a,1250,OpenPlay,2018,LeftFoot,9400,Manchester City,Liverpool,2,1,2019-01-03 20:00:00,Jordan Henderson,Throughball
395,274426,47,SavedShot,0.89,0.715,0.04245080053806305,Mohamed Salah,a,1250,OpenPlay,2018,LeftFoot,9416,Brighton,Liverpool,0,1,2019-01-12 15:00:00,Sadio Mané,Pass
396,274427,49,Goal,0.885,0.5,0.7611690163612366,Mohamed Salah,a,1250,Penalty,2018,LeftFoot,9416,Brighton,Liverpool,0,1,2019-01-12 15:00:00,,Standard
397,274435,87,MissedShots,0.925,0.46900001525878904,0.5367329716682434,Mohamed Salah,a,1250,OpenPlay,2018,LeftFoot,9416,Brighton,Liverpool,0,1,2019-01-12 15:00:00,James Milner,Pass
398,274663,45,Goal,0.9259999847412109,0.46299999237060546,0.5030869841575623,Mohamed Salah,h,1250,OpenPlay,2018,LeftFoot,9422,Liverpool,Crystal Palace,4,3,2019-01-19 15:00:00,,Rebound
399,274670,74,Goal,0.99,0.485,0.9644010066986084,Mohamed Salah,h,1250,OpenPlay,2018,LeftFoot,9422,Liverpool,Crystal Palace,4,3,2019-01-19 15:00:00,,None
400,275110,35,BlockedShot,0.830999984741211,0.425,0.08458790183067322,Mohamed Salah,h,1250,OpenPlay,2018,LeftFoot,9436,Liverpool,Leicester,1,1,2019-01-30 20:00:00,Sadio Mané,Pass
401,275118,81,BlockedShot,0.775,0.7419999694824219,0.0452365018427372,Mohamed Salah,h,1250,DirectFreekick,2018,LeftFoot,9436,Liverpool,Leicester,1,1,2019-01-30 20:00:00,,Standard
402,275360,50,SavedShot,0.81,0.4640000152587891,0.059252798557281494,Mohamed Salah,a,1250,OpenPlay,2018,LeftFoot,9437,West Ham,Liverpool,1,1,2019-02-04 20:00:00,Adam Lallana,Pass
403,275363,60,SavedShot,0.9159999847412109,0.32,0.057780198752880096,Mohamed Salah,a,1250,OpenPlay,2018,LeftFoot,9437,West Ham,Liverpool,1,1,2019-02-04 20:00:00,James Milner,TakeOn
404,275364,62,MissedShots,0.8530000305175781,0.34200000762939453,0.05567200109362602,Mohamed Salah,a,1250,OpenPlay,2018,LeftFoot,9437,West Ham,Liverpool,1,1,2019-02-04 20:00:00,James Milner,Pass
405,275368,80,BlockedShot,0.7730000305175782,0.44299999237060544,0.020305899903178215,Mohamed Salah,a,1250,SetPiece,2018,LeftFoot,9437,West Ham,Liverpool,1,1,2019-02-04 20:00:00,,None
406,275488,9,MissedShots,0.8430000305175781,0.325,0.03934609889984131,Mohamed Salah,h,1250,OpenPlay,2018,LeftFoot,9455,Liverpool,Bournemouth,3,0,2019-02-09 15:00:00,Fabinho,Pass
407,275490,12,SavedShot,0.7869999694824219,0.3120000076293945,0.023496199399232864,Mohamed Salah,h,1250,OpenPlay,2018,LeftFoot,9455,Liverpool,Bournemouth,3,0,2019-02-09 15:00:00,Georginio Wijnaldum,Pass
408,275494,28,MissedShots,0.9409999847412109,0.6959999847412109,0.033062200993299484,Mohamed Salah,h,1250,FromCorner,2018,LeftFoot,9455,Liverpool,Bournemouth,3,0,2019-02-09 15:00:00,Fabinho,Cross
409,275496,44,SavedShot,0.815,0.53,0.05796990171074867,Mohamed Salah,h,1250,OpenPlay,2018,LeftFoot,9455,Liverpool,Bournemouth,3,0,2019-02-09 15:00:00,,None
410,275499,47,Goal,0.875,0.4209999847412109,0.4207319915294647,Mohamed Salah,h,1250,OpenPlay,2018,LeftFoot,9455,Liverpool,Bournemouth,3,0,2019-02-09 15:00:00,Roberto Firmino,Pass
411,275504,59,BlockedShot,0.805,0.3609999847412109,0.02831449918448925,Mohamed Salah,h,1250,SetPiece,2018,LeftFoot,9455,Liverpool,Bournemouth,3,0,2019-02-09 15:00:00,James Milner,Pass
412,275508,75,ShotOnPost,0.909000015258789,0.34900001525878904,0.11203400045633316,Mohamed Salah,h,1250,OpenPlay,2018,LeftFoot,9455,Liverpool,Bournemouth,3,0,2019-02-09 15:00:00,Roberto Firmino,Pass
413,275829,15,MissedShots,0.8080000305175781,0.4779999923706055,0.1450439989566803,Mohamed Salah,a,1250,DirectFreekick,2018,LeftFoot,9459,Manchester United,Liverpool,0,0,2019-02-24 14:05:00,,Standard
414,276044,22,MissedShots,0.8109999847412109,0.33799999237060546,0.05503449961543083,Mohamed Salah,h,1250,OpenPlay,2018,LeftFoot,9476,Liverpool,Watford,5,0,2019-02-27 20:00:00,James Milner,Pass
415,276045,27,SavedShot,0.8,0.40400001525878904,0.07302059978246689,Mohamed Salah,h,1250,OpenPlay,2018,LeftFoot,9476,Liverpool,Watford,5,0,2019-02-27 20:00:00,,TakeOn
416,276046,36,SavedShot,0.9419999694824219,0.3039999961853027,0.09436939656734467,Mohamed Salah,h,1250,OpenPlay,2018,RightFoot,9476,Liverpool,Watford,5,0,2019-02-27 20:00:00,Trent Alexander-Arnold,Chipped
417,276049,48,BlockedShot,0.8519999694824218,0.35400001525878905,0.055586498230695724,Mohamed Salah,h,1250,OpenPlay,2018,LeftFoot,9476,Liverpool,Watford,5,0,2019-02-27 20:00:00,,None
418,276336,14,SavedShot,0.8519999694824218,0.3659999847412109,0.06742340326309204,Mohamed Salah,a,1250,OpenPlay,2018,LeftFoot,9483,Everton,Liverpool,0,0,2019-03-03 16:15:00,Trent Alexander-Arnold,Pass
419,276337,27,SavedShot,0.9359999847412109,0.3609999847412109,0.35560399293899536,Mohamed Salah,a,1250,OpenPlay,2018,LeftFoot,9483,Everton,Liverpool,0,0,2019-03-03 16:15:00,Fabinho,Pass
420,284931,30,MissedShots,0.8619999694824219,0.37099998474121093,0.07791069895029068,Mohamed Salah,h,1250,OpenPlay,2018,LeftFoot,9490,Liverpool,Burnley,4,2,2019-03-10 12:00:00,Trent Alexander-Arnold,Chipped
421,284934,50,MissedShots,0.7919999694824219,0.34200000762939453,0.02846500091254711,Mohamed Salah,h,1250,OpenPlay,2018,LeftFoot,9490,Liverpool,Burnley,4,2,2019-03-10 12:00:00,Adam Lallana,Pass
422,284935,54,BlockedShot,0.7809999847412109,0.47,0.010208699852228165,Mohamed Salah,h,1250,FromCorner,2018,LeftFoot,9490,Liverpool,Burnley,4,2,2019-03-10 12:00:00,Virgil van Dijk,Chipped
423,284941,75,BlockedShot,0.750999984741211,0.3840000152587891,0.019525600597262383,Mohamed Salah,h,1250,FromCorner,2018,LeftFoot,9490,Liverpool,Burnley,4,2,2019-03-10 12:00:00,Adam Lallana,Pass
424,284945,87,SavedShot,0.8909999847412109,0.5429999923706055,0.14101900160312653,Mohamed Salah,h,1250,OpenPlay,2018,LeftFoot,9490,Liverpool,Burnley,4,2,2019-03-10 12:00:00,Sadio Mané,Pass
425,286751,3,MissedShots,0.924000015258789,0.33099998474121095,0.061786800622940063,Mohamed Salah,a,1250,OpenPlay,2018,RightFoot,9502,Fulham,Liverpool,1,2,2019-03-17 14:15:00,,None
426,286756,27,SavedShot,0.7430000305175781,0.33099998474121095,0.019809000194072723,Mohamed Salah,a,1250,OpenPlay,2018,LeftFoot,9502,Fulham,Liverpool,1,2,2019-03-17 14:15:00,Fabinho,Chipped
427,286769,79,SavedShot,0.92,0.31,0.050393298268318176,Mohamed Salah,a,1250,OpenPlay,2018,LeftFoot,9502,Fulham,Liverpool,1,2,2019-03-17 14:15:00,James Milner,Chipped
428,286772,86,SavedShot,0.8780000305175781,0.595999984741211,0.4304029941558838,Mohamed Salah,a,1250,OpenPlay,2018,LeftFoot,9502,Fulham,Liverpool,1,2,2019-03-17 14:15:00,Sadio Mané,Pass
429,286773,88,MissedShots,0.799000015258789,0.3509999847412109,0.042646098881959915,Mohamed Salah,a,1250,OpenPlay,2018,LeftFoot,9502,Fulham,Liverpool,1,2,2019-03-17 14:15:00,,None
430,288233,3,MissedShots,0.8030000305175782,0.355,0.03311549872159958,Mohamed Salah,h,1250,OpenPlay,2018,LeftFoot,9510,Liverpool,Tottenham,2,1,2019-03-31 15:30:00,Sadio Mané,Pass
431,288248,58,BlockedShot,0.8469999694824218,0.5220000076293946,0.1222279965877533,Mohamed Salah,h,1250,OpenPlay,2018,LeftFoot,9510,Liverpool,Tottenham,2,1,2019-03-31 15:30:00,Roberto Firmino,Pass
432,288250,68,MissedShots,0.7680000305175781,0.38299999237060545,0.030186599120497704,Mohamed Salah,h,1250,OpenPlay,2018,LeftFoot,9510,Liverpool,Tottenham,2,1,2019-03-31 15:30:00,Trent Alexander-Arnold,Pass
433,288252,71,MissedShots,0.92,0.4490000152587891,0.0577302984893322,Mohamed Salah,h,1250,OpenPlay,2018,Head,9510,Liverpool,Tottenham,2,1,2019-03-31 15:30:00,Georginio Wijnaldum,Aerial
434,288257,89,SavedShot,0.9630000305175781,0.39099998474121095,0.046032700687646866,Mohamed Salah,h,1250,FromCorner,2018,Head,9510,Liverpool,Tottenham,2,1,2019-03-31 15:30:00,Trent Alexander-Arnold,Cross
435,291732,22,BlockedShot,0.889000015258789,0.62,0.043333400040864944,Mohamed Salah,a,1250,FromCorner,2018,LeftFoot,9520,Southampton,Liverpool,1,3,2019-04-05 20:00:00,Andrew Robertson,Cross
436,291752,79,Goal,0.8440000152587891,0.5309999847412109,0.11727099865674973,Mohamed Salah,a,1250,OpenPlay,2018,LeftFoot,9520,Southampton,Liverpool,1,3,2019-04-05 20:00:00,Jordan Henderson,BallRecovery
437,294274,5,SavedShot,0.904000015258789,0.45099998474121095,0.10789100080728531,Mohamed Salah,h,1250,OpenPlay,2018,LeftFoot,9531,Liverpool,Chelsea,2,0,2019-04-14 16:30:00,Sadio Mané,Cross
438,294275,16,BlockedShot,0.8590000152587891,0.35700000762939454,0.053167201578617096,Mohamed Salah,h,1250,OpenPlay,2018,LeftFoot,9531,Liverpool,Chelsea,2,0,2019-04-14 16:30:00,Roberto Firmino,Pass
439,294284,52,Goal,0.7769999694824219,0.28299999237060547,0.02222440019249916,Mohamed Salah,h,1250,OpenPlay,2018,LeftFoot,9531,Liverpool,Chelsea,2,0,2019-04-14 16:30:00,Virgil van Dijk,Chipped
440,294289,64,SavedShot,0.86,0.28899999618530275,0.05277609825134277,Mohamed Salah,h,1250,OpenPlay,2018,LeftFoot,9531,Liverpool,Chelsea,2,0,2019-04-14 16:30:00,Sadio Mané,Pass
441,294290,70,BlockedShot,0.86,0.41200000762939454,0.0453731007874012,Mohamed Salah,h,1250,FromCorner,2018,LeftFoot,9531,Liverpool,Chelsea,2,0,2019-04-14 16:30:00,Roberto Firmino,Pass
442,296005,33,SavedShot,0.889000015258789,0.36900001525878906,0.33920300006866455,Mohamed Salah,a,1250,OpenPlay,2018,LeftFoot,9544,Cardiff,Liverpool,0,2,2019-04-21 16:00:00,Jordan Henderson,TakeOn
443,296012,49,SavedShot,0.7430000305175781,0.47,0.019115200266242027,Mohamed Salah,a,1250,OpenPlay,2018,LeftFoot,9544,Cardiff,Liverpool,0,2,2019-04-21 16:00:00,Sadio Mané,Pass
444,296020,65,MissedShots,0.850999984741211,0.5329999923706055,0.10101699829101562,Mohamed Salah,a,1250,OpenPlay,2018,LeftFoot,9544,Cardiff,Liverpool,0,2,2019-04-21 16:00:00,Sadio Mané,Pass
445,296023,89,SavedShot,0.909000015258789,0.44599998474121094,0.1385280042886734,Mohamed Salah,a,1250,OpenPlay,2018,LeftFoot,9544,Cardiff,Liverpool,0,2,2019-04-21 16:00:00,Roberto Firmino,Pass
446,297128,1,SavedShot,0.875,0.28899999618530275,0.042368900030851364,Mohamed Salah,h,1250,OpenPlay,2018,LeftFoot,9551,Liverpool,Huddersfield,5,0,2019-04-26 20:00:00,Jordan Henderson,Pass
447,297132,14,MissedShots,0.9,0.3729999923706055,0.08957269787788391,Mohamed Salah,h,1250,OpenPlay,2018,RightFoot,9551,Liverpool,Huddersfield,5,0,2019-04-26 20:00:00,,None
448,297135,27,MissedShots,0.784000015258789,0.27299999237060546,0.030436299741268158,Mohamed Salah,h,1250,OpenPlay,2018,LeftFoot,9551,Liverpool,Huddersfield,5,0,2019-04-26 20:00:00,Daniel Sturridge,Pass
449,297138,45,Goal,0.855,0.40200000762939453,0.31009000539779663,Mohamed Salah,h,1250,OpenPlay,2018,LeftFoot,9551,Liverpool,Huddersfield,5,0,2019-04-26 20:00:00,Trent Alexander-Arnold,Chipped
450,297142,61,MissedShots,0.745999984741211,0.710999984741211,0.02478249929845333,Mohamed Salah,h,1250,OpenPlay,2018,LeftFoot,9551,Liverpool,Huddersfield,5,0,2019-04-26 20:00:00,Andrew Robertson,TakeOn
451,297146,73,BlockedShot,0.7530000305175781,0.5220000076293946,0.023392200469970703,Mohamed Salah,h,1250,OpenPlay,2018,LeftFoot,9551,Liverpool,Huddersfield,5,0,2019-04-26 20:00:00,,None
452,297150,82,Goal,0.955999984741211,0.49700000762939456,0.7518029808998108,Mohamed Salah,h,1250,OpenPlay,2018,RightFoot,9551,Liverpool,Huddersfield,5,0,2019-04-26 20:00:00,Andrew Robertson,Pass
453,297151,90,MissedShots,0.8959999847412109,0.30700000762939456,0.11588100343942642,Mohamed Salah,h,1250,OpenPlay,2018,LeftFoot,9551,Liverpool,Huddersfield,5,0,2019-04-26 20:00:00,Alex Oxlade-Chamberlain,TakeOn
454,299598,10,MissedShots,0.9540000152587891,0.3629999923706055,0.04871400073170662,Mohamed Salah,a,1250,OpenPlay,2018,LeftFoot,9559,Newcastle United,Liverpool,2,3,2019-05-04 18:45:00,Andrew Robertson,Cross
455,299599,12,BlockedShot,0.91,0.3840000152587891,0.07295539975166321,Mohamed Salah,a,1250,OpenPlay,2018,RightFoot,9559,Newcastle United,Liverpool,2,3,2019-05-04 18:45:00,Sadio Mané,Cross
456,299607,27,Goal,0.8969999694824219,0.47200000762939454,0.09475219994783401,Mohamed Salah,a,1250,OpenPlay,2018,RightFoot,9559,Newcastle United,Liverpool,2,3,2019-05-04 18:45:00,Trent Alexander-Arnold,Cross
457,299612,47,MissedShots,0.8490000152587891,0.34799999237060547,0.0712352991104126,Mohamed Salah,a,1250,OpenPlay,2018,RightFoot,9559,Newcastle United,Liverpool,2,3,2019-05-04 18:45:00,Daniel Sturridge,Pass
458,301354,19,BlockedShot,0.8680000305175781,0.5459999847412109,0.13835999369621277,Mohamed Salah,h,1250,OpenPlay,2018,LeftFoot,9571,Liverpool,Wolverhampton Wanderers,2,0,2019-05-12 14:00:00,,TakeOn
459,301356,33,MissedShots,0.840999984741211,0.425,0.04860910028219223,Mohamed Salah,h,1250,FromCorner,2018,LeftFoot,9571,Liverpool,Wolverhampton Wanderers,2,0,2019-05-12 14:00:00,,None
460,301366,72,BlockedShot,0.889000015258789,0.425,0.12490499764680862,Mohamed Salah,h,1250,OpenPlay,2018,LeftFoot,9571,Liverpool,Wolverhampton Wanderers,2,0,2019-05-12 14:00:00,Sadio Mané,Pass
461,301368,80,BlockedShot,0.8290000152587891,0.435,0.07120709866285324,Mohamed Salah,h,1250,OpenPlay,2018,LeftFoot,9571,Liverpool,Wolverhampton Wanderers,2,0,2019-05-12 14:00:00,,None
462,301371,86,SavedShot,0.8,0.6609999847412109,0.04861000180244446,Mohamed Salah,h,1250,OpenPlay,2018,LeftFoot,9571,Liverpool,Wolverhampton Wanderers,2,0,2019-05-12 14:00:00,Sadio Mané,Pass
463,309898,18,Goal,0.9330000305175781,0.36700000762939455,0.36681699752807617,Mohamed Salah,h,1250,OpenPlay,2019,LeftFoot,11643,Liverpool,Norwich,4,1,2019-08-09 20:00:00,Roberto Firmino,Pass
464,309908,53,MissedShots,0.88,0.3390000152587891,0.07799229770898819,Mohamed Salah,h,1250,OpenPlay,2019,LeftFoot,11643,Liverpool,Norwich,4,1,2019-08-09 20:00:00,Fabinho,BallRecovery
465,310445,32,MissedShots,0.9390000152587891,0.720999984741211,0.04174169898033142,Mohamed Salah,a,1250,OpenPlay,2019,LeftFoot,11658,Southampton,Liverpool,1,2,2019-08-17 15:00:00,Alex Oxlade-Chamberlain,Chipped
466,310449,49,BlockedShot,0.8009999847412109,0.31,0.07119979709386826,Mohamed Salah,a,1250,DirectFreekick,2019,LeftFoot,11658,Southampton,Liverpool,1,2,2019-08-17 15:00:00,,Standard
467,310454,55,SavedShot,0.9230000305175782,0.35700000762939454,0.3007830083370209,Mohamed Salah,a,1250,OpenPlay,2019,LeftFoot,11658,Southampton,Liverpool,1,2,2019-08-17 15:00:00,Sadio Mané,Chipped
468,312712,38,MissedShots,0.875,0.29200000762939454,0.04510990157723427,Mohamed Salah,h,1250,OpenPlay,2019,LeftFoot,11670,Liverpool,Arsenal,3,1,2019-08-24 17:30:00,Trent Alexander-Arnold,Pass
469,312718,48,Goal,0.885,0.5,0.7611690163612366,Mohamed Salah,h,1250,Penalty,2019,LeftFoot,11670,Liverpool,Arsenal,3,1,2019-08-24 17:30:00,,Standard
470,312719,50,BlockedShot,0.8069999694824219,0.25799999237060545,0.032019298523664474,Mohamed Salah,h,1250,OpenPlay,2019,LeftFoot,11670,Liverpool,Arsenal,3,1,2019-08-24 17:30:00,Sadio Mané,Chipped
471,312724,55,MissedShots,0.9469999694824218,0.525,0.5426520109176636,Mohamed Salah,h,1250,OpenPlay,2019,Head,11670,Liverpool,Arsenal,3,1,2019-08-24 17:30:00,Andrew Robertson,Cross
472,312725,58,Goal,0.8569999694824219,0.34900001525878904,0.2207230031490326,Mohamed Salah,h,1250,OpenPlay,2019,LeftFoot,11670,Liverpool,Arsenal,3,1,2019-08-24 17:30:00,Fabinho,TakeOn
473,316005,4,SavedShot,0.87,0.3270000076293945,0.06001820042729378,Mohamed Salah,a,1250,OpenPlay,2019,LeftFoot,11680,Burnley,Liverpool,0,3,2019-08-31 17:30:00,Sadio Mané,Pass
474,316016,59,BlockedShot,0.855999984741211,0.4520000076293945,0.0865631029009819,Mohamed Salah,a,1250,SetPiece,2019,LeftFoot,11680,Burnley,Liverpool,0,3,2019-08-31 17:30:00,Trent Alexander-Arnold,Pass
475,316017,60,SavedShot,0.8109999847412109,0.5070000076293946,0.10465399920940399,Mohamed Salah,a,1250,OpenPlay,2019,RightFoot,11680,Burnley,Liverpool,0,3,2019-08-31 17:30:00,Fabinho,BallRecovery
476,317029,25,BlockedShot,0.88,0.6880000305175781,0.029921500012278557,Mohamed Salah,h,1250,OpenPlay,2019,RightFoot,11683,Liverpool,Newcastle United,3,1,2019-09-14 11:30:00,Trent Alexander-Arnold,Cross
477,317041,61,BlockedShot,0.89,0.5629999923706055,0.12823699414730072,Mohamed Salah,h,1250,OpenPlay,2019,LeftFoot,11683,Liverpool,Newcastle United,3,1,2019-09-14 11:30:00,Roberto Firmino,Pass
478,317048,71,Goal,0.9290000152587891,0.615,0.3955729901790619,Mohamed Salah,h,1250,OpenPlay,2019,LeftFoot,11683,Liverpool,Newcastle United,3,1,2019-09-14 11:30:00,Roberto Firmino,Pass
479,321267,38,BlockedShot,0.8780000305175781,0.365,0.1024399995803833,Mohamed Salah,a,1250,OpenPlay,2019,LeftFoot,11701,Chelsea,Liverpool,1,2,2019-09-22 15:30:00,Trent Alexander-Arnold,Chipped
480,322358,25,MissedShots,0.8640000152587891,0.31,0.04335850104689598,Mohamed Salah,a,1250,OpenPlay,2019,LeftFoot,11703,Sheffield United,Liverpool,0,1,2019-09-28 11:30:00,,None
481,322373,71,SavedShot,0.85,0.415,0.11787500232458115,Mohamed Salah,a,1250,OpenPlay,2019,LeftFoot,11703,Sheffield United,Liverpool,0,1,2019-09-28 11:30:00,,TakeOn
482,322374,77,SavedShot,0.889000015258789,0.5629999923706055,0.4135200083255768,Mohamed Salah,a,1250,OpenPlay,2019,LeftFoot,11703,Sheffield United,Liverpool,0,1,2019-09-28 11:30:00,,None
483,322379,89,BlockedShot,0.865999984741211,0.40400001525878904,0.16210299730300903,Mohamed Salah,a,1250,OpenPlay,2019,LeftFoot,11703,Sheffield United,Liverpool,0,1,2019-09-28 11:30:00,Fabinho,TakeOn
484,324090,3,SavedShot,0.909000015258789,0.26399999618530273,0.037874601781368256,Mohamed Salah,h,1250,OpenPlay,2019,LeftFoot,11715,Liverpool,Leicester,2,1,2019-10-05 15:00:00,,None
485,324098,45,BlockedShot,0.9380000305175781,0.46099998474121096,0.1326960027217865,Mohamed Salah,h,1250,OpenPlay,2019,LeftFoot,11715,Liverpool,Leicester,2,1,2019-10-05 15:00:00,Trent Alexander-Arnold,Foul
486,324097,45,SavedShot,0.9569999694824218,0.46599998474121096,0.6358140110969543,Mohamed Salah,h,1250,OpenPlay,2019,LeftFoot,11715,Liverpool,Leicester,2,1,2019-10-05 15:00:00,,None
487,324099,53,BlockedShot,0.8080000305175781,0.2610000038146973,0.059094201773405075,Mohamed Salah,h,1250,DirectFreekick,2019,LeftFoot,11715,Liverpool,Leicester,2,1,2019-10-05 15:00:00,,Standard
488,324100,56,BlockedShot,0.825,0.509000015258789,0.08572360128164291,Mohamed Salah,h,1250,OpenPlay,2019,LeftFoot,11715,Liverpool,Leicester,2,1,2019-10-05 15:00:00,Sadio Mané,Pass
489,328005,20,SavedShot,0.7909999847412109,0.40599998474121096,0.030692700296640396,Mohamed Salah,h,1250,OpenPlay,2019,LeftFoot,11736,Liverpool,Tottenham,2,1,2019-10-27 16:30:00,Sadio Mané,HeadPass
490,328008,26,SavedShot,0.8230000305175781,0.48400001525878905,0.04799190163612366,Mohamed Salah,h,1250,OpenPlay,2019,LeftFoot,11736,Liverpool,Tottenham,2,1,2019-10-27 16:30:00,Roberto Firmino,Pass
491,328012,29,BlockedShot,0.8830000305175781,0.3970000076293945,0.06347060203552246,Mohamed Salah,h,1250,OpenPlay,2019,LeftFoot,11736,Liverpool,Tottenham,2,1,2019-10-27 16:30:00,Jordan Henderson,HeadPass
492,328020,53,SavedShot,0.8680000305175781,0.5840000152587891,0.07597039639949799,Mohamed Salah,h,1250,OpenPlay,2019,LeftFoot,11736,Liverpool,Tottenham,2,1,2019-10-27 16:30:00,Fabinho,Chipped
493,328023,65,SavedShot,0.8909999847412109,0.3,0.051729701459407806,Mohamed Salah,h,1250,OpenPlay,2019,LeftFoot,11736,Liverpool,Tottenham,2,1,2019-10-27 16:30:00,Trent Alexander-Arnold,Pass
494,328024,69,MissedShots,0.8569999694824219,0.325,0.03268349915742874,Mohamed Salah,h,1250,FromCorner,2019,LeftFoot,11736,Liverpool,Tottenham,2,1,2019-10-27 16:30:00,Trent Alexander-Arnold,Cross
495,328027,74,Goal,0.885,0.5,0.7611690163612366,Mohamed Salah,h,1250,Penalty,2019,LeftFoot,11736,Liverpool,Tottenham,2,1,2019-10-27 16:30:00,,Standard
496,329245,17,SavedShot,0.9530000305175781,0.33599998474121096,0.062012601643800735,Mohamed Salah,a,1250,OpenPlay,2019,RightFoot,11744,Aston Villa,Liverpool,1,2,2019-11-02 15:00:00,Virgil van Dijk,Chipped
497,329250,42,MissedShots,0.8819999694824219,0.5279999923706055,0.1401360034942627,Mohamed Salah,a,1250,OpenPlay,2019,LeftFoot,11744,Aston Villa,Liverpool,1,2,2019-11-02 15:00:00,Sadio Mané,Pass
498,329254,55,MissedShots,0.795,0.3060000038146973,0.02295440062880516,Mohamed Salah,a,1250,OpenPlay,2019,LeftFoot,11744,Aston Villa,Liverpool,1,2,2019-11-02 15:00:00,Adam Lallana,Pass
499,329257,64,MissedShots,0.9680000305175781,0.4370000076293945,0.07564110308885574,Mohamed Salah,a,1250,OpenPlay,2019,Head,11744,Aston Villa,Liverpool,1,2,2019-11-02 15:00:00,,Aerial
500,331548,12,Goal,0.9130000305175782,0.39799999237060546,0.1846569925546646,Mohamed Salah,h,1250,OpenPlay,2019,Head,11755,Liverpool,Manchester City,3,1,2019-11-10 16:30:00,Andrew Robertson,Cross
501,331558,44,SavedShot,0.7780000305175782,0.5359999847412109,0.03921620175242424,Mohamed Salah,h,1250,OpenPlay,2019,LeftFoot,11755,Liverpool,Manchester City,3,1,2019-11-10 16:30:00,Roberto Firmino,Pass
502,331568,63,BlockedShot,0.9219999694824219,0.34700000762939454,0.10729099810123444,Mohamed Salah,h,1250,OpenPlay,2019,RightFoot,11755,Liverpool,Manchester City,3,1,2019-11-10 16:30:00,Sadio Mané,Pass
503,333656,57,MissedShots,0.840999984741211,0.575999984741211,0.09740860015153885,Mohamed Salah,h,1250,OpenPlay,2019,LeftFoot,11776,Liverpool,Brighton,2,1,2019-11-30 15:00:00,Sadio Mané,Pass
504,333658,64,BlockedShot,0.9069999694824219,0.5129999923706055,0.12600700557231903,Mohamed Salah,h,1250,OpenPlay,2019,RightFoot,11776,Liverpool,Brighton,2,1,2019-11-30 15:00:00,,None
505,335672,6,SavedShot,0.8969999694824219,0.31799999237060544,0.0673723965883255,Mohamed Salah,a,1250,OpenPlay,2019,LeftFoot,11794,Bournemouth,Liverpool,0,3,2019-12-07 15:00:00,Joseph Gomez,Pass
506,335676,26,SavedShot,0.9630000305175781,0.3220000076293945,0.008257419802248478,Mohamed Salah,a,1250,OpenPlay,2019,Head,11794,Bournemouth,Liverpool,0,3,2019-12-07 15:00:00,Joseph Gomez,Cross
507,335684,47,MissedShots,0.9669999694824218,0.5540000152587891,0.5943099856376648,Mohamed Salah,a,1250,FromCorner,2019,LeftFoot,11794,Bournemouth,Liverpool,0,3,2019-12-07 15:00:00,Roberto Firmino,Rebound
508,335687,53,Goal,0.9,0.5879999923706055,0.48213499784469604,Mohamed Salah,a,1250,OpenPlay,2019,LeftFoot,11794,Bournemouth,Liverpool,0,3,2019-12-07 15:00:00,Naby Keita,Throughball
509,335690,68,SavedShot,0.865,0.34799999237060547,0.0984048992395401,Mohamed Salah,a,1250,OpenPlay,2019,LeftFoot,11794,Bournemouth,Liverpool,0,3,2019-12-07 15:00:00,Jordan Henderson,Chipped
510,336792,24,MissedShots,0.8859999847412109,0.30100000381469727,0.04993690177798271,Mohamed Salah,h,1250,OpenPlay,2019,LeftFoot,11808,Liverpool,Watford,2,0,2019-12-14 12:30:00,Roberto Firmino,TakeOn
511,336794,37,Goal,0.8490000152587891,0.59,0.09919019788503647,Mohamed Salah,h,1250,OpenPlay,2019,RightFoot,11808,Liverpool,Watford,2,0,2019-12-14 12:30:00,Sadio Mané,Pass
512,336798,48,BlockedShot,0.8469999694824218,0.4909999847412109,0.08706820011138916,Mohamed Salah,h,1250,OpenPlay,2019,LeftFoot,11808,Liverpool,Watford,2,0,2019-12-14 12:30:00,,None
513,336801,63,MissedShots,0.8580000305175781,0.26799999237060546,0.04457540065050125,Mohamed Salah,h,1250,OpenPlay,2019,RightFoot,11808,Liverpool,Watford,2,0,2019-12-14 12:30:00,Jordan Henderson,Chipped
514,336806,75,BlockedShot,0.8769999694824219,0.42700000762939455,0.12095099687576294,Mohamed Salah,h,1250,OpenPlay,2019,LeftFoot,11808,Liverpool,Watford,2,0,2019-12-14 12:30:00,James Milner,Pass
515,336808,83,SavedShot,0.904000015258789,0.4909999847412109,0.13030299544334412,Mohamed Salah,h,1250,OpenPlay,2019,RightFoot,11808,Liverpool,Watford,2,0,2019-12-14 12:30:00,,None
516,336811,89,Goal,0.9630000305175781,0.5790000152587891,0.45622000098228455,Mohamed Salah,h,1250,OpenPlay,2019,RightFoot,11808,Liverpool,Watford,2,0,2019-12-14 12:30:00,Divock Origi,Rebound
517,339675,4,MissedShots,0.8130000305175781,0.4779999923706055,0.06432200223207474,Mohamed Salah,a,1250,OpenPlay,2019,LeftFoot,11828,Leicester,Liverpool,0,4,2019-12-26 20:00:00,Roberto Firmino,Pass
518,339676,10,MissedShots,0.9630000305175781,0.754000015258789,0.14765900373458862,Mohamed Salah,a,1250,OpenPlay,2019,LeftFoot,11828,Leicester,Liverpool,0,4,2019-12-26 20:00:00,Naby Keita,TakeOn
519,339682,52,MissedShots,0.8780000305175781,0.31799999237060544,0.01907310076057911,Mohamed Salah,a,1250,FromCorner,2019,LeftFoot,11828,Leicester,Liverpool,0,4,2019-12-26 20:00:00,Sadio Mané,HeadPass
520,339685,68,BlockedShot,0.8159999847412109,0.43400001525878906,0.08553379774093628,Mohamed Salah,a,1250,OpenPlay,2019,LeftFoot,11828,Leicester,Liverpool,0,4,2019-12-26 20:00:00,Sadio Mané,Pass
521,339927,3,MissedShots,0.9159999847412109,0.42400001525878905,0.4237020015716553,Mohamed Salah,h,1250,OpenPlay,2019,LeftFoot,11836,Liverpool,Wolverhampton Wanderers,1,0,2019-12-29 16:30:00,Trent Alexander-Arnold,Pass
522,339930,20,SavedShot,0.8130000305175781,0.545,0.04309159889817238,Mohamed Salah,h,1250,OpenPlay,2019,LeftFoot,11836,Liverpool,Wolverhampton Wanderers,1,0,2019-12-29 16:30:00,Sadio Mané,HeadPass
523,351611,3,Goal,0.9209999847412109,0.555,0.46681898832321167,Mohamed Salah,h,1250,OpenPlay,2019,LeftFoot,11847,Liverpool,Sheffield United,2,0,2020-01-02 20:00:00,Andrew Robertson,Pass
524,351614,10,SavedShot,0.879000015258789,0.48200000762939454,0.11435200273990631,Mohamed Salah,h,1250,OpenPlay,2019,RightFoot,11847,Liverpool,Sheffield United,2,0,2020-01-02 20:00:00,Jordan Henderson,Chipped
525,351616,29,SavedShot,0.865,0.5879999923706055,0.08432170003652573,Mohamed Salah,h,1250,OpenPlay,2019,LeftFoot,11847,Liverpool,Sheffield United,2,0,2020-01-02 20:00:00,Trent Alexander-Arnold,Chipped
526,351618,32,BlockedShot,0.855,0.47200000762939454,0.1108120009303093,Mohamed Salah,h,1250,OpenPlay,2019,RightFoot,11847,Liverpool,Sheffield United,2,0,2020-01-02 20:00:00,Jordan Henderson,Pass
527,351629,68,SavedShot,0.8519999694824218,0.31,0.026391800493001938,Mohamed Salah,h,1250,OpenPlay,2019,LeftFoot,11847,Liverpool,Sheffield United,2,0,2020-01-02 20:00:00,,Rebound
528,351780,42,MissedShots,0.875,0.40599998474121096,0.09689489752054214,Mohamed Salah,a,1250,OpenPlay,2019,LeftFoot,11854,Tottenham,Liverpool,0,1,2020-01-11 17:30:00,,BallRecovery
529,352076,23,MissedShots,0.840999984741211,0.46299999237060546,0.02427230030298233,Mohamed Salah,h,1250,FromCorner,2019,LeftFoot,11865,Liverpool,Manchester United,2,0,2020-01-19 16:30:00,,Aerial
530,352083,46,MissedShots,0.925,0.5270000076293946,0.4023280143737793,Mohamed Salah,h,1250,OpenPlay,2019,LeftFoot,11865,Liverpool,Manchester United,2,0,2020-01-19 16:30:00,Andrew Robertson,Cross
531,352086,48,BlockedShot,0.8909999847412109,0.6020000076293945,0.11249499768018723,Mohamed Salah,h,1250,OpenPlay,2019,LeftFoot,11865,Liverpool,Manchester United,2,0,2020-01-19 16:30:00,Sadio Mané,Pass
532,352097,92,Goal,0.8930000305175781,0.649000015258789,0.2629149854183197,Mohamed Salah,h,1250,OpenPlay,2019,LeftFoot,11865,Liverpool,Manchester United,2,0,2020-01-19 16:30:00,Alisson,Pass
533,352329,17,BlockedShot,0.8969999694824219,0.495,0.10965199768543243,Mohamed Salah,a,1250,OpenPlay,2019,LeftFoot,11874,Wolverhampton Wanderers,Liverpool,1,2,2020-01-23 20:00:00,Sadio Mané,Cross
534,352330,18,BlockedShot,0.7809999847412109,0.33599998474121096,0.03592099994421005,Mohamed Salah,a,1250,OpenPlay,2019,LeftFoot,11874,Wolverhampton Wanderers,Liverpool,1,2,2020-01-23 20:00:00,Roberto Firmino,BallRecovery
535,352334,46,SavedShot,0.899000015258789,0.674000015258789,0.07639670372009277,Mohamed Salah,a,1250,OpenPlay,2019,LeftFoot,11874,Wolverhampton Wanderers,Liverpool,1,2,2020-01-23 20:00:00,,BallRecovery
536,352333,46,BlockedShot,0.865,0.5529999923706055,0.14727400243282318,Mohamed Salah,a,1250,OpenPlay,2019,LeftFoot,11874,Wolverhampton Wanderers,Liverpool,1,2,2020-01-23 20:00:00,Roberto Firmino,TakeOn
537,352336,50,SavedShot,0.8819999694824219,0.67,0.06839510053396225,Mohamed Salah,a,1250,OpenPlay,2019,RightFoot,11874,Wolverhampton Wanderers,Liverpool,1,2,2020-01-23 20:00:00,,None
538,352342,69,MissedShots,0.8780000305175781,0.5729999923706055,0.10550499707460403,Mohamed Salah,a,1250,OpenPlay,2019,LeftFoot,11874,Wolverhampton Wanderers,Liverpool,1,2,2020-01-23 20:00:00,Jordan Henderson,Pass
539,352351,34,Goal,0.885,0.5,0.7611690163612366,Mohamed Salah,a,1250,Penalty,2019,LeftFoot,11822,West Ham,Liverpool,0,2,2020-01-29 19:45:00,,Standard
540,352355,43,BlockedShot,0.750999984741211,0.36400001525878906,0.013445300050079823,Mohamed Salah,a,1250,SetPiece,2019,RightFoot,11822,West Ham,Liverpool,0,2,2020-01-29 19:45:00,,Rebound
541,352354,43,BlockedShot,0.7430000305175781,0.35700000762939454,0.04842960089445114,Mohamed Salah,a,1250,DirectFreekick,2019,LeftFoot,11822,West Ham,Liverpool,0,2,2020-01-29 19:45:00,,Standard
542,352364,72,MissedShots,0.9080000305175782,0.49599998474121093,0.114546999335289,Mohamed Salah,a,1250,OpenPlay,2019,Head,11822,West Ham,Liverpool,0,2,2020-01-29 19:45:00,Trent Alexander-Arnold,Cross
543,352365,77,ShotOnPost,0.8159999847412109,0.5179999923706055,0.08725599944591522,Mohamed Salah,a,1250,OpenPlay,2019,LeftFoot,11822,West Ham,Liverpool,0,2,2020-01-29 19:45:00,Georginio Wijnaldum,Pass
544,352537,19,BlockedShot,0.860999984741211,0.5929999923706055,0.030734699219465256,Mohamed Salah,h,1250,OpenPlay,2019,LeftFoot,11887,Liverpool,Southampton,4,0,2020-02-01 15:00:00,Alex Oxlade-Chamberlain,Aerial
545,352544,30,BlockedShot,0.875999984741211,0.39,0.06725019961595535,Mohamed Salah,h,1250,FromCorner,2019,LeftFoot,11887,Liverpool,Southampton,4,0,2020-02-01 15:00:00,,TakeOn
546,352561,71,Goal,0.94,0.385,0.3839550018310547,Mohamed Salah,h,1250,OpenPlay,2019,LeftFoot,11887,Liverpool,Southampton,4,0,2020-02-01 15:00:00,Jordan Henderson,Pass
547,352567,89,Goal,0.9619999694824218,0.49900001525878906,0.9348369836807251,Mohamed Salah,h,1250,OpenPlay,2019,LeftFoot,11887,Liverpool,Southampton,4,0,2020-02-01 15:00:00,Roberto Firmino,Pass
548,352764,37,BlockedShot,0.875999984741211,0.38599998474121094,0.0930916965007782,Mohamed Salah,a,1250,OpenPlay,2019,LeftFoot,11899,Norwich,Liverpool,0,1,2020-02-15 17:30:00,Naby Keita,Pass
549,352771,58,SavedShot,0.8769999694824219,0.38599998474121094,0.06934580206871033,Mohamed Salah,a,1250,OpenPlay,2019,RightFoot,11899,Norwich,Liverpool,0,1,2020-02-15 17:30:00,,None
550,352773,64,BlockedShot,0.9069999694824219,0.55,0.10914900153875351,Mohamed Salah,a,1250,OpenPlay,2019,RightFoot,11899,Norwich,Liverpool,0,1,2020-02-15 17:30:00,Andrew Robertson,Cross
551,352774,64,MissedShots,0.925,0.5690000152587891,0.13368099927902222,Mohamed Salah,a,1250,OpenPlay,2019,RightFoot,11899,Norwich,Liverpool,0,1,2020-02-15 17:30:00,,Rebound
552,353141,15,SavedShot,0.8580000305175781,0.28899999618530275,0.032614901661872864,Mohamed Salah,h,1250,OpenPlay,2019,LeftFoot,11911,Liverpool,West Ham,3,2,2020-02-24 20:00:00,Andrew Robertson,Pass
553,353146,34,MissedShots,0.9730000305175781,0.629000015258789,0.02228749915957451,Mohamed Salah,h,1250,SetPiece,2019,Head,11911,Liverpool,West Ham,3,2,2020-02-24 20:00:00,Trent Alexander-Arnold,Cross
554,353150,48,BlockedShot,0.855999984741211,0.3120000076293945,0.04384569823741913,Mohamed Salah,h,1250,OpenPlay,2019,LeftFoot,11911,Liverpool,West Ham,3,2,2020-02-24 20:00:00,Fabinho,TakeOn
555,353157,67,Goal,0.8680000305175781,0.539000015258789,0.0936966985464096,Mohamed Salah,h,1250,OpenPlay,2019,LeftFoot,11911,Liverpool,West Ham,3,2,2020-02-24 20:00:00,Andrew Robertson,Pass
556,353159,73,SavedShot,0.9580000305175781,0.3940000152587891,0.05770019814372063,Mohamed Salah,h,1250,FromCorner,2019,RightFoot,11911,Liverpool,West Ham,3,2,2020-02-24 20:00:00,Andrew Robertson,Cross
557,353319,19,MissedShots,0.95,0.31,0.03189700096845627,Mohamed Salah,a,1250,FromCorner,2019,RightFoot,11921,Watford,Liverpool,3,0,2020-02-29 17:30:00,Alex Oxlade-Chamberlain,Chipped
558,353325,48,BlockedShot,0.7909999847412109,0.40799999237060547,0.027009500190615654,Mohamed Salah,a,1250,OpenPlay,2019,LeftFoot,11921,Watford,Liverpool,3,0,2020-02-29 17:30:00,Alex Oxlade-Chamberlain,Pass
559,353397,24,Goal,0.8590000152587891,0.41900001525878905,0.08148930221796036,Mohamed Salah,h,1250,OpenPlay,2019,LeftFoot,11928,Liverpool,Bournemouth,2,1,2020-03-07 12:30:00,Sadio Mané,Pass
560,353411,76,SavedShot,0.8669999694824219,0.2979999923706055,0.056911200284957886,Mohamed Salah,h,1250,OpenPlay,2019,LeftFoot,11928,Liverpool,Bournemouth,2,1,2020-03-07 12:30:00,Alex Oxlade-Chamberlain,Pass
561,366426,7,BlockedShot,0.9180000305175782,0.49,0.0594215989112854,Mohamed Salah,h,1250,OpenPlay,2019,Head,11951,Liverpool,Crystal Palace,4,0,2020-06-24 19:15:00,,None
562,366437,39,MissedShots,0.63,0.33799999237060546,0.008459880016744137,Mohamed Salah,h,1250,OpenPlay,2019,LeftFoot,11951,Liverpool,Crystal Palace,4,0,2020-06-24 19:15:00,,None
563,366439,43,Goal,0.9080000305175782,0.46099998474121096,0.3309729993343353,Mohamed Salah,h,1250,OpenPlay,2019,LeftFoot,11951,Liverpool,Crystal Palace,4,0,2020-06-24 19:15:00,Fabinho,Chipped
564,366444,62,MissedShots,0.8080000305175781,0.33099998474121095,0.04460490122437477,Mohamed Salah,h,1250,OpenPlay,2019,LeftFoot,11951,Liverpool,Crystal Palace,4,0,2020-06-24 19:15:00,Sadio Mané,Pass
565,366447,91,BlockedShot,0.9430000305175781,0.3370000076293945,0.0761374980211258,Mohamed Salah,h,1250,OpenPlay,2019,RightFoot,11951,Liverpool,Crystal Palace,4,0,2020-06-24 19:15:00,,None
566,368400,3,SavedShot,0.7809999847412109,0.5670000076293945,0.03869989886879921,Mohamed Salah,a,1250,OpenPlay,2019,LeftFoot,11959,Manchester City,Liverpool,4,0,2020-07-02 19:15:00,Virgil van Dijk,Chipped
567,368404,18,ShotOnPost,0.8380000305175781,0.47299999237060547,0.08480670303106308,Mohamed Salah,a,1250,OpenPlay,2019,LeftFoot,11959,Manchester City,Liverpool,4,0,2020-07-02 19:15:00,Roberto Firmino,Pass
568,368422,75,SavedShot,0.895,0.30200000762939455,0.020620599389076233,Mohamed Salah,a,1250,OpenPlay,2019,LeftFoot,11959,Manchester City,Liverpool,4,0,2020-07-02 19:15:00,Neco Williams,Cross
569,368425,89,BlockedShot,0.8480000305175781,0.529000015258789,0.069200299680233,Mohamed Salah,a,1250,OpenPlay,2019,LeftFoot,11959,Manchester City,Liverpool,4,0,2020-07-02 19:15:00,Divock Origi,BallTouch
570,369030,36,SavedShot,0.9230000305175782,0.345,0.06756500154733658,Mohamed Salah,h,1250,OpenPlay,2019,LeftFoot,11966,Liverpool,Aston Villa,2,0,2020-07-05 15:30:00,Naby Keita,Chipped
571,369870,5,Goal,0.9059999847412109,0.42200000762939455,0.4088110029697418,Mohamed Salah,a,1250,OpenPlay,2019,LeftFoot,11976,Brighton,Liverpool,1,3,2020-07-08 19:15:00,Naby Keita,Pass
572,369873,13,SavedShot,0.9419999694824219,0.32799999237060545,0.13586899638175964,Mohamed Salah,a,1250,OpenPlay,2019,RightFoot,11976,Brighton,Liverpool,1,3,2020-07-08 19:15:00,Naby Keita,Throughball
573,369881,38,MissedShots,0.8690000152587891,0.325,0.07043720036745071,Mohamed Salah,a,1250,OpenPlay,2019,LeftFoot,11976,Brighton,Liverpool,1,3,2020-07-08 19:15:00,Naby Keita,Pass
574,369885,53,SavedShot,0.9269999694824219,0.3840000152587891,0.42852601408958435,Mohamed Salah,a,1250,OpenPlay,2019,LeftFoot,11976,Brighton,Liverpool,1,3,2020-07-08 19:15:00,Naby Keita,Pass
575,369890,62,BlockedShot,0.950999984741211,0.6409999847412109,0.18928200006484985,Mohamed Salah,a,1250,OpenPlay,2019,LeftFoot,11976,Brighton,Liverpool,1,3,2020-07-08 19:15:00,Fabinho,TakeOn
576,369893,75,Goal,0.9330000305175781,0.375,0.023761799558997154,Mohamed Salah,a,1250,FromCorner,2019,Head,11976,Brighton,Liverpool,1,3,2020-07-08 19:15:00,Andrew Robertson,Cross
577,369898,93,SavedShot,0.9619999694824218,0.6220000076293946,0.43784600496292114,Mohamed Salah,a,1250,OpenPlay,2019,RightFoot,11976,Brighton,Liverpool,1,3,2020-07-08 19:15:00,,None
578,369899,95,MissedShots,0.93,0.4109999847412109,0.17894600331783295,Mohamed Salah,a,1250,OpenPlay,2019,Head,11976,Brighton,Liverpool,1,3,2020-07-08 19:15:00,Andrew Robertson,Cross
579,370417,13,MissedShots,0.78,0.40299999237060546,0.08239579945802689,Mohamed Salah,h,1250,DirectFreekick,2019,LeftFoot,11986,Liverpool,Burnley,1,1,2020-07-11 14:00:00,,Standard
580,370419,17,SavedShot,0.905,0.445,0.13224199414253235,Mohamed Salah,h,1250,OpenPlay,2019,RightFoot,11986,Liverpool,Burnley,1,1,2020-07-11 14:00:00,Roberto Firmino,Pass
581,370421,32,SavedShot,0.9230000305175782,0.42700000762939455,0.45958399772644043,Mohamed Salah,h,1250,OpenPlay,2019,LeftFoot,11986,Liverpool,Burnley,1,1,2020-07-11 14:00:00,Sadio Mané,None
582,370435,61,MissedShots,0.9019999694824219,0.4209999847412109,0.36049899458885193,Mohamed Salah,h,1250,FromCorner,2019,LeftFoot,11986,Liverpool,Burnley,1,1,2020-07-11 14:00:00,,Rebound
583,370441,84,SavedShot,0.8019999694824219,0.3340000152587891,0.023272400721907616,Mohamed Salah,h,1250,OpenPlay,2019,LeftFoot,11986,Liverpool,Burnley,1,1,2020-07-11 14:00:00,Alex Oxlade-Chamberlain,Pass
584,370444,92,SavedShot,0.8880000305175781,0.45099998474121095,0.09093949943780899,Mohamed Salah,h,1250,OpenPlay,2019,RightFoot,11986,Liverpool,Burnley,1,1,2020-07-11 14:00:00,Trent Alexander-Arnold,Cross
585,371634,41,BlockedShot,0.8880000305175781,0.39799999237060546,0.10394000262022018,Mohamed Salah,a,1250,OpenPlay,2019,LeftFoot,11993,Arsenal,Liverpool,2,1,2020-07-15 19:15:00,Roberto Firmino,Pass
586,371640,48,BlockedShot,0.9130000305175782,0.4540000152587891,0.11556000262498856,Mohamed Salah,a,1250,OpenPlay,2019,LeftFoot,11993,Arsenal,Liverpool,2,1,2020-07-15 19:15:00,,Rebound
587,371642,53,SavedShot,0.905,0.4759999847412109,0.39488300681114197,Mohamed Salah,a,1250,OpenPlay,2019,LeftFoot,11993,Arsenal,Liverpool,2,1,2020-07-15 19:15:00,Trent Alexander-Arnold,TakeOn
588,371646,69,SavedShot,0.9319999694824219,0.43599998474121093,0.2380400002002716,Mohamed Salah,a,1250,OpenPlay,2019,Head,11993,Arsenal,Liverpool,2,1,2020-07-15 19:15:00,Sadio Mané,Cross
589,373312,49,MissedShots,0.86,0.4490000152587891,0.09869349747896194,Mohamed Salah,h,1250,OpenPlay,2019,LeftFoot,12006,Liverpool,Chelsea,5,3,2020-07-22 19:15:00,Roberto Firmino,TakeOn
590,373313,52,SavedShot,0.8980000305175782,0.5609999847412109,0.07499360293149948,Mohamed Salah,h,1250,FromCorner,2019,LeftFoot,12006,Liverpool,Chelsea,5,3,2020-07-22 19:15:00,Andrew Robertson,Pass
591,373315,56,BlockedShot,0.904000015258789,0.34700000762939454,0.08144959807395935,Mohamed Salah,h,1250,OpenPlay,2019,LeftFoot,12006,Liverpool,Chelsea,5,3,2020-07-22 19:15:00,,BallRecovery
592,373785,65,ShotOnPost,0.8819999694824219,0.3390000152587891,0.051596499979496,Mohamed Salah,a,1250,SetPiece,2019,LeftFoot,12016,Newcastle United,Liverpool,1,3,2020-07-26 15:00:00,,None
593,373787,71,BlockedShot,0.8780000305175781,0.3629999923706055,0.076767697930336,Mohamed Salah,a,1250,OpenPlay,2019,LeftFoot,12016,Newcastle United,Liverpool,1,3,2020-07-26 15:00:00,Roberto Firmino,Chipped
594,373788,77,MissedShots,0.8390000152587891,0.3120000076293945,0.06859529763460159,Mohamed Salah,a,1250,OpenPlay,2019,LeftFoot,12016,Newcastle United,Liverpool,1,3,2020-07-26 15:00:00,,TakeOn
595,376602,2,BlockedShot,0.875,0.34700000762939454,0.06855619698762894,Mohamed Salah,h,1250,OpenPlay,2020,LeftFoot,14090,Liverpool,Leeds,4,3,2020-09-12 16:30:00,Sadio Mané,Pass
596,376603,3,Goal,0.885,0.5,0.7611690163612366,Mohamed Salah,h,1250,Penalty,2020,LeftFoot,14090,Liverpool,Leeds,4,3,2020-09-12 16:30:00,,Standard
597,376604,6,BlockedShot,0.86,0.3220000076293945,0.060801200568675995,Mohamed Salah,h,1250,OpenPlay,2020,LeftFoot,14090,Liverpool,Leeds,4,3,2020-09-12 16:30:00,Sadio Mané,Pass
598,376610,32,Goal,0.87,0.3920000076293945,0.0624270997941494,Mohamed Salah,h,1250,SetPiece,2020,LeftFoot,14090,Liverpool,Leeds,4,3,2020-09-12 16:30:00,,None
599,376615,52,BlockedShot,0.915,0.40900001525878904,0.05803989991545677,Mohamed Salah,h,1250,FromCorner,2020,RightFoot,14090,Liverpool,Leeds,4,3,2020-09-12 16:30:00,Trent Alexander-Arnold,Cross
600,376617,59,BlockedShot,0.8669999694824219,0.6790000152587891,0.07143329828977585,Mohamed Salah,h,1250,OpenPlay,2020,LeftFoot,14090,Liverpool,Leeds,4,3,2020-09-12 16:30:00,Georginio Wijnaldum,BallRecovery
601,376622,70,MissedShots,0.8440000152587891,0.45099998474121095,0.06557349860668182,Mohamed Salah,h,1250,OpenPlay,2020,RightFoot,14090,Liverpool,Leeds,4,3,2020-09-12 16:30:00,,None
602,376625,79,BlockedShot,0.7919999694824219,0.36,0.030657900497317314,Mohamed Salah,h,1250,OpenPlay,2020,LeftFoot,14090,Liverpool,Leeds,4,3,2020-09-12 16:30:00,Curtis Jones,Pass
603,376628,87,Goal,0.885,0.5,0.7611690163612366,Mohamed Salah,h,1250,Penalty,2020,LeftFoot,14090,Liverpool,Leeds,4,3,2020-09-12 16:30:00,,Standard
604,387025,18,BlockedShot,0.8230000305175781,0.435,0.06102380156517029,Mohamed Salah,a,1250,OpenPlay,2020,LeftFoot,14102,Chelsea,Liverpool,0,2,2020-09-20 15:30:00,Roberto Firmino,Pass
605,387027,33,MissedShots,0.96,0.700999984741211,0.044140398502349854,Mohamed Salah,a,1250,OpenPlay,2020,LeftFoot,14102,Chelsea,Liverpool,0,2,2020-09-20 15:30:00,Trent Alexander-Arnold,Chipped
606,387032,60,BlockedShot,0.8090000152587891,0.47200000762939454,0.05004879832267761,Mohamed Salah,a,1250,OpenPlay,2020,LeftFoot,14102,Chelsea,Liverpool,0,2,2020-09-20 15:30:00,,None
607,387043,92,SavedShot,0.9390000152587891,0.6840000152587891,0.06610909849405289,Mohamed Salah,a,1250,OpenPlay,2020,LeftFoot,14102,Chelsea,Liverpool,0,2,2020-09-20 15:30:00,,None
608,379996,12,MissedShots,0.8809999847412109,0.5940000152587891,0.04575520008802414,Mohamed Salah,h,1250,FromCorner,2020,LeftFoot,14115,Liverpool,Arsenal,3,1,2020-09-28 19:15:00,Andrew Robertson,Cross
609,379999,20,MissedShots,0.8,0.395,0.02488029934465885,Mohamed Salah,h,1250,FromCorner,2020,LeftFoot,14115,Liverpool,Arsenal,3,1,2020-09-28 19:15:00,,None
610,380002,27,SavedShot,0.904000015258789,0.32799999237060545,0.08200089633464813,Mohamed Salah,h,1250,OpenPlay,2020,LeftFoot,14115,Liverpool,Arsenal,3,1,2020-09-28 19:15:00,Roberto Firmino,TakeOn
611,380009,60,BlockedShot,0.904000015258789,0.29700000762939455,0.06542930006980896,Mohamed Salah,h,1250,OpenPlay,2020,LeftFoot,14115,Liverpool,Arsenal,3,1,2020-09-28 19:15:00,Joseph Gomez,Chipped
612,381501,32,Goal,0.8830000305175781,0.42400001525878905,0.3082219958305359,Mohamed Salah,a,1250,OpenPlay,2020,LeftFoot,14466,Aston Villa,Liverpool,7,2,2020-10-04 18:15:00,,BallTouch
613,381509,59,Goal,0.8540000152587891,0.4490000152587891,0.27438798546791077,Mohamed Salah,a,1250,OpenPlay,2020,LeftFoot,14466,Aston Villa,Liverpool,7,2,2020-10-04 18:15:00,Roberto Firmino,Pass
614,381682,20,SavedShot,0.845,0.3920000076293945,0.0701197013258934,Mohamed Salah,a,1250,OpenPlay,2020,LeftFoot,14477,Everton,Liverpool,2,2,2020-10-17 11:30:00,Roberto Firmino,Pass
615,381686,35,BlockedShot,0.914000015258789,0.6179999923706054,0.07943099737167358,Mohamed Salah,a,1250,SetPiece,2020,LeftFoot,14477,Everton,Liverpool,2,2,2020-10-17 11:30:00,,BallTouch
616,381687,38,SavedShot,0.875,0.38,0.09125100076198578,Mohamed Salah,a,1250,OpenPlay,2020,RightFoot,14477,Everton,Liverpool,2,2,2020-10-17 11:30:00,Thiago Alcántara,Pass
617,381689,41,BlockedShot,0.8069999694824219,0.29600000381469727,0.025261400267481804,Mohamed Salah,a,1250,OpenPlay,2020,LeftFoot,14477,Everton,Liverpool,2,2,2020-10-17 11:30:00,Roberto Firmino,LayOff
618,381699,71,Goal,0.8630000305175781,0.425,0.07069429755210876,Mohamed Salah,a,1250,OpenPlay,2020,LeftFoot,14477,Everton,Liverpool,2,2,2020-10-17 11:30:00,,None
619,381701,78,SavedShot,0.779000015258789,0.515,0.0445639006793499,Mohamed Salah,a,1250,OpenPlay,2020,LeftFoot,14477,Everton,Liverpool,2,2,2020-10-17 11:30:00,Thiago Alcántara,Pass
620,383642,41,SavedShot,0.8730000305175781,0.4279999923706055,0.2823779881000519,Mohamed Salah,h,1250,OpenPlay,2020,LeftFoot,14490,Liverpool,Sheffield United,2,1,2020-10-24 19:00:00,Trent Alexander-Arnold,Pass
621,383646,52,MissedShots,0.8119999694824219,0.38799999237060545,0.02810090035200119,Mohamed Salah,h,1250,FromCorner,2020,LeftFoot,14490,Liverpool,Sheffield United,2,1,2020-10-24 19:00:00,,None
622,383654,80,ShotOnPost,0.9209999847412109,0.4520000076293945,0.5115460157394409,Mohamed Salah,h,1250,OpenPlay,2020,LeftFoot,14490,Liverpool,Sheffield United,2,1,2020-10-24 19:00:00,Georginio Wijnaldum,Pass
623,383657,86,BlockedShot,0.8580000305175781,0.34900001525878904,0.07061529904603958,Mohamed Salah,h,1250,OpenPlay,2020,LeftFoot,14490,Liverpool,Sheffield United,2,1,2020-10-24 19:00:00,,Tackle
624,384737,41,Goal,0.885,0.5,0.7611690163612366,Mohamed Salah,h,1250,Penalty,2020,LeftFoot,14499,Liverpool,West Ham,2,1,2020-10-31 17:30:00,,Standard
625,384739,49,SavedShot,0.895,0.5270000076293946,0.09636610001325607,Mohamed Salah,h,1250,SetPiece,2020,OtherBodyPart,14499,Liverpool,West Ham,2,1,2020-10-31 17:30:00,Trent Alexander-Arnold,Chipped
626,384742,73,MissedShots,0.925,0.2979999923706055,0.047187600284814835,Mohamed Salah,h,1250,OpenPlay,2020,LeftFoot,14499,Liverpool,West Ham,2,1,2020-10-31 17:30:00,Sadio Mané,Pass
627,386772,12,Goal,0.885,0.5,0.7611690163612366,Mohamed Salah,a,1250,Penalty,2020,LeftFoot,14511,Manchester City,Liverpool,1,1,2020-11-08 16:30:00,,Standard
628,386781,49,BlockedShot,0.794000015258789,0.40700000762939453,0.03784070163965225,Mohamed Salah,a,1250,OpenPlay,2020,LeftFoot,14511,Manchester City,Liverpool,1,1,2020-11-08 16:30:00,Sadio Mané,Pass
629,388539,2,MissedShots,0.8580000305175781,0.5640000152587891,0.07743760198354721,Mohamed Salah,a,1250,OpenPlay,2020,LeftFoot,14528,Brighton,Liverpool,1,1,2020-11-28 12:30:00,Fabinho,Chipped
630,391020,23,Goal,0.904000015258789,0.555,0.43861499428749084,Mohamed Salah,h,1250,OpenPlay,2020,LeftFoot,14539,Liverpool,Wolverhampton Wanderers,4,0,2020-12-06 19:15:00,,None
631,391022,34,SavedShot,0.7290000152587891,0.5509999847412109,0.049859099090099335,Mohamed Salah,h,1250,DirectFreekick,2020,LeftFoot,14539,Liverpool,Wolverhampton Wanderers,4,0,2020-12-06 19:15:00,,Standard
632,391035,90,MissedShots,0.794000015258789,0.46700000762939453,0.05734030157327652,Mohamed Salah,h,1250,OpenPlay,2020,LeftFoot,14539,Liverpool,Wolverhampton Wanderers,4,0,2020-12-06 19:15:00,Diogo Jota,Pass
633,392321,43,MissedShots,0.899000015258789,0.41200000762939454,0.10041700303554535,Mohamed Salah,a,1250,OpenPlay,2020,LeftFoot,14547,Fulham,Liverpool,1,1,2020-12-13 16:30:00,Trent Alexander-Arnold,Pass
634,392325,45,SavedShot,0.7330000305175781,0.6129999923706054,0.01704859919846058,Mohamed Salah,a,1250,OpenPlay,2020,LeftFoot,14547,Fulham,Liverpool,1,1,2020-12-13 16:30:00,Curtis Jones,Pass
635,392333,78,Goal,0.885,0.5,0.7611690163612366,Mohamed Salah,a,1250,Penalty,2020,LeftFoot,14547,Fulham,Liverpool,1,1,2020-12-13 16:30:00,,Standard
636,393452,20,SavedShot,0.8540000152587891,0.5059999847412109,0.0956777036190033,Mohamed Salah,h,1250,OpenPlay,2020,LeftFoot,14563,Liverpool,Tottenham,2,1,2020-12-16 20:00:00,Andrew Robertson,Pass
637,393453,25,Goal,0.845,0.545,0.07410649955272675,Mohamed Salah,h,1250,OpenPlay,2020,LeftFoot,14563,Liverpool,Tottenham,2,1,2020-12-16 20:00:00,,Dispossessed
638,393464,56,SavedShot,0.7669999694824219,0.5070000076293946,0.027924299240112305,Mohamed Salah,h,1250,OpenPlay,2020,LeftFoot,14563,Liverpool,Tottenham,2,1,2020-12-16 20:00:00,Roberto Firmino,Pass
639,393468,68,SavedShot,0.8830000305175781,0.3390000152587891,0.11884599924087524,Mohamed Salah,h,1250,OpenPlay,2020,RightFoot,14563,Liverpool,Tottenham,2,1,2020-12-16 20:00:00,Rhys Williams,Throughball
640,393817,80,Goal,0.9330000305175781,0.525,0.3326370120048523,Mohamed Salah,a,1250,FromCorner,2020,Head,14568,Crystal Palace,Liverpool,0,7,2020-12-19 12:30:00,Joel Matip,Rebound
641,393818,83,Goal,0.7859999847412109,0.2989999961853027,0.0294428002089262,Mohamed Salah,a,1250,OpenPlay,2020,LeftFoot,14568,Crystal Palace,Liverpool,0,7,2020-12-19 12:30:00,Alex Oxlade-Chamberlain,Pass
642,395791,33,MissedShots,0.8190000152587891,0.37099998474121093,0.03308530151844025,Mohamed Salah,h,1250,SetPiece,2020,LeftFoot,14580,Liverpool,West Bromwich Albion,1,1,2020-12-27 16:30:00,,None
643,395792,42,MissedShots,0.885,0.43599998474121093,0.06541410088539124,Mohamed Salah,h,1250,OpenPlay,2020,Head,14580,Liverpool,West Bromwich Albion,1,1,2020-12-27 16:30:00,Trent Alexander-Arnold,Cross
644,395795,64,MissedShots,0.9119999694824219,0.49599998474121093,0.09228760004043579,Mohamed Salah,h,1250,FromCorner,2020,Head,14580,Liverpool,West Bromwich Albion,1,1,2020-12-27 16:30:00,Georginio Wijnaldum,Cross
645,396144,33,SavedShot,0.8719999694824219,0.4540000152587891,0.2971619963645935,Mohamed Salah,a,1250,OpenPlay,2020,LeftFoot,14591,Newcastle United,Liverpool,0,0,2020-12-30 20:00:00,Jordan Henderson,Chipped
646,396148,65,MissedShots,0.879000015258789,0.42200000762939455,0.33827999234199524,Mohamed Salah,a,1250,OpenPlay,2020,LeftFoot,14591,Newcastle United,Liverpool,0,0,2020-12-30 20:00:00,Roberto Firmino,TakeOn
647,397121,46,MissedShots,0.9180000305175782,0.475,0.3066120147705078,Mohamed Salah,a,1250,OpenPlay,2020,Head,14598,Southampton,Liverpool,1,0,2021-01-04 20:00:00,Sadio Mané,Aerial
648,397132,76,MissedShots,0.88,0.4759999847412109,0.08171539753675461,Mohamed Salah,a,1250,OpenPlay,2020,RightFoot,14598,Southampton,Liverpool,1,0,2021-01-04 20:00:00,Trent Alexander-Arnold,Rebound
649,399464,21,MissedShots,0.7730000305175782,0.5209999847412109,0.021957099437713623,Mohamed Salah,h,1250,OpenPlay,2020,LeftFoot,14620,Liverpool,Manchester United,0,0,2021-01-17 16:30:00,,Rebound
650,399473,61,BlockedShot,0.8930000305175781,0.46799999237060547,0.09466549754142761,Mohamed Salah,h,1250,OpenPlay,2020,LeftFoot,14620,Liverpool,Manchester United,0,0,2021-01-17 16:30:00,,None
651,399478,71,BlockedShot,0.8059999847412109,0.47900001525878905,0.056308500468730927,Mohamed Salah,h,1250,OpenPlay,2020,LeftFoot,14620,Liverpool,Manchester United,0,0,2021-01-17 16:30:00,Roberto Firmino,Pass
652,400188,59,SavedShot,0.8730000305175781,0.40299999237060546,0.09998969733715057,Mohamed Salah,h,1250,OpenPlay,2020,LeftFoot,14613,Liverpool,Burnley,0,1,2021-01-21 20:00:00,Georginio Wijnaldum,Pass
653,400197,86,BlockedShot,0.8680000305175781,0.36400001525878906,0.06214269995689392,Mohamed Salah,h,1250,OpenPlay,2020,LeftFoot,14613,Liverpool,Burnley,0,1,2021-01-21 20:00:00,Sadio Mané,Pass
654,401370,45,MissedShots,0.8980000305175782,0.43400001525878906,0.13037799298763275,Mohamed Salah,a,1250,OpenPlay,2020,LeftFoot,14633,Tottenham,Liverpool,1,3,2021-01-28 20:00:00,Roberto Firmino,Pass
655,402240,22,MissedShots,0.915,0.38,0.017773300409317017,Mohamed Salah,a,1250,OpenPlay,2020,Head,14639,West Ham,Liverpool,1,3,2021-01-31 16:30:00,Thiago Alcántara,Aerial
656,402247,45,SavedShot,0.7880000305175782,0.39099998474121095,0.02437479980289936,Mohamed Salah,a,1250,OpenPlay,2020,LeftFoot,14639,West Ham,Liverpool,1,3,2021-01-31 16:30:00,Xherdan Shaqiri,Pass
657,402248,48,BlockedShot,0.9259999847412109,0.519000015258789,0.12170500308275223,Mohamed Salah,a,1250,OpenPlay,2020,LeftFoot,14639,West Ham,Liverpool,1,3,2021-01-31 16:30:00,Divock Origi,Cross
658,402250,53,SavedShot,0.89,0.5129999923706055,0.04954899847507477,Mohamed Salah,a,1250,OpenPlay,2020,Head,14639,West Ham,Liverpool,1,3,2021-01-31 16:30:00,Jordan Henderson,Chipped
659,402252,56,Goal,0.905,0.34200000762939453,0.0882624015212059,Mohamed Salah,a,1250,OpenPlay,2020,LeftFoot,14639,West Ham,Liverpool,1,3,2021-01-31 16:30:00,Curtis Jones,TakeOn
660,402255,67,Goal,0.9159999847412109,0.4490000152587891,0.4807240068912506,Mohamed Salah,a,1250,OpenPlay,2020,LeftFoot,14639,West Ham,Liverpool,1,3,2021-01-31 16:30:00,Xherdan Shaqiri,Cross
661,402256,74,MissedShots,0.764000015258789,0.3770000076293945,0.030886100605130196,Mohamed Salah,a,1250,OpenPlay,2020,LeftFoot,14639,West Ham,Liverpool,1,3,2021-01-31 16:30:00,Georginio Wijnaldum,Pass
662,402826,2,MissedShots,0.8980000305175782,0.3679999923706055,0.29044899344444275,Mohamed Salah,h,1250,OpenPlay,2020,LeftFoot,14654,Liverpool,Brighton,0,1,2021-02-03 20:15:00,Jordan Henderson,Chipped
663,402829,30,BlockedShot,0.8030000305175782,0.5179999923706055,0.05424879863858223,Mohamed Salah,h,1250,OpenPlay,2020,LeftFoot,14654,Liverpool,Brighton,0,1,2021-02-03 20:15:00,Xherdan Shaqiri,Pass
664,402838,69,MissedShots,0.894000015258789,0.4279999923706055,0.3936780095100403,Mohamed Salah,h,1250,OpenPlay,2020,LeftFoot,14654,Liverpool,Brighton,0,1,2021-02-03 20:15:00,Trent Alexander-Arnold,Pass
665,402843,76,BlockedShot,0.8719999694824219,0.4179999923706055,0.06366439908742905,Mohamed Salah,h,1250,OpenPlay,2020,LeftFoot,14654,Liverpool,Brighton,0,1,2021-02-03 20:15:00,,None
666,403859,40,BlockedShot,0.815,0.35700000762939454,0.03668979927897453,Mohamed Salah,h,1250,OpenPlay,2020,LeftFoot,14659,Liverpool,Manchester City,1,4,2021-02-07 16:30:00,Sadio Mané,Pass
667,403866,62,Goal,0.885,0.5,0.7611690163612366,Mohamed Salah,h,1250,Penalty,2020,LeftFoot,14659,Liverpool,Manchester City,1,4,2021-02-07 16:30:00,,Standard
668,404126,16,MissedShots,0.874000015258789,0.5870000076293945,0.028471900150179863,Mohamed Salah,a,1250,FromCorner,2020,LeftFoot,14670,Leicester,Liverpool,3,1,2021-02-13 12:30:00,,Aerial
669,404127,19,SavedShot,0.9219999694824219,0.3509999847412109,0.330471009016037,Mohamed Salah,a,1250,OpenPlay,2020,RightFoot,14670,Leicester,Liverpool,3,1,2021-02-13 12:30:00,Trent Alexander-Arnold,Pass
670,404144,66,Goal,0.860999984741211,0.425,0.07888820022344589,Mohamed Salah,a,1250,OpenPlay,2020,LeftFoot,14670,Leicester,Liverpool,3,1,2021-02-13 12:30:00,Roberto Firmino,Pass
671,405701,68,SavedShot,0.9540000152587891,0.4209999847412109,0.4824509918689728,Mohamed Salah,h,1250,OpenPlay,2020,LeftFoot,14680,Liverpool,Everton,0,2,2021-02-20 17:30:00,Xherdan Shaqiri,Pass
672,407545,29,SavedShot,0.9719999694824218,0.35700000762939454,0.1149739995598793,Mohamed Salah,a,1250,OpenPlay,2020,RightFoot,14694,Sheffield United,Liverpool,0,2,2021-02-28 19:15:00,Roberto Firmino,BallRecovery
673,407548,37,BlockedShot,0.879000015258789,0.47200000762939454,0.11930300295352936,Mohamed Salah,a,1250,OpenPlay,2020,LeftFoot,14694,Sheffield United,Liverpool,0,2,2021-02-28 19:15:00,Trent Alexander-Arnold,Pass
674,407564,79,MissedShots,0.965999984741211,0.425,0.5570819973945618,Mohamed Salah,a,1250,OpenPlay,2020,RightFoot,14694,Sheffield United,Liverpool,0,2,2021-02-28 19:15:00,Andrew Robertson,Pass
675,408298,58,BlockedShot,0.7519999694824219,0.3970000076293945,0.019067099317908287,Mohamed Salah,h,1250,OpenPlay,2020,LeftFoot,14719,Liverpool,Chelsea,0,1,2021-03-04 20:15:00,,None
676,408947,14,SavedShot,0.9459999847412109,0.40599998474121096,0.09254749864339828,Mohamed Salah,h,1250,OpenPlay,2020,LeftFoot,14699,Liverpool,Fulham,0,1,2021-03-07 14:00:00,Xherdan Shaqiri,OffsidePass
677,408948,18,MissedShots,0.795,0.385,0.03382910043001175,Mohamed Salah,h,1250,OpenPlay,2020,LeftFoot,14699,Liverpool,Fulham,0,1,2021-03-07 14:00:00,Nathaniel Phillips,Chipped
678,408958,47,BlockedShot,0.865,0.69,0.041124798357486725,Mohamed Salah,h,1250,OpenPlay,2020,LeftFoot,14699,Liverpool,Fulham,0,1,2021-03-07 14:00:00,Diogo Jota,Pass
679,410788,50,MissedShots,0.759000015258789,0.29399999618530276,0.013999000191688538,Mohamed Salah,a,1250,OpenPlay,2020,LeftFoot,14714,Wolverhampton Wanderers,Liverpool,0,1,2021-03-15 20:00:00,Sadio Mané,Chipped
680,410794,79,SavedShot,0.9209999847412109,0.355,0.10746800154447556,Mohamed Salah,a,1250,OpenPlay,2020,RightFoot,14714,Wolverhampton Wanderers,Liverpool,0,1,2021-03-15 20:00:00,Naby Keita,Pass
681,410797,103,MissedShots,0.8680000305175781,0.395,0.10597299784421921,Mohamed Salah,a,1250,OpenPlay,2020,LeftFoot,14714,Wolverhampton Wanderers,Liverpool,0,1,2021-03-15 20:00:00,Naby Keita,Pass
682,412834,51,BlockedShot,0.874000015258789,0.4420000076293945,0.07839810103178024,Mohamed Salah,a,1250,OpenPlay,2020,RightFoot,14725,Arsenal,Liverpool,0,3,2021-04-03 19:00:00,Trent Alexander-Arnold,Cross
683,412833,51,BlockedShot,0.735,0.41200000762939454,0.014840999618172646,Mohamed Salah,a,1250,OpenPlay,2020,LeftFoot,14725,Arsenal,Liverpool,0,3,2021-04-03 19:00:00,,None
684,412837,67,Goal,0.955,0.3729999923706055,0.35416901111602783,Mohamed Salah,a,1250,OpenPlay,2020,RightFoot,14725,Arsenal,Liverpool,0,3,2021-04-03 19:00:00,,None
685,412838,70,MissedShots,0.8109999847412109,0.28899999618530275,0.02300100028514862,Mohamed Salah,a,1250,OpenPlay,2020,LeftFoot,14725,Arsenal,Liverpool,0,3,2021-04-03 19:00:00,,None
686,412839,72,SavedShot,0.8640000152587891,0.575999984741211,0.32193300127983093,Mohamed Salah,a,1250,OpenPlay,2020,LeftFoot,14725,Arsenal,Liverpool,0,3,2021-04-03 19:00:00,Roberto Firmino,Chipped
687,413871,4,BlockedShot,0.865,0.605999984741211,0.054293300956487656,Mohamed Salah,h,1250,FromCorner,2020,LeftFoot,14739,Liverpool,Aston Villa,2,1,2021-04-10 14:00:00,Nathaniel Phillips,Pass
688,413869,4,SavedShot,0.8780000305175781,0.705999984741211,0.04381620138883591,Mohamed Salah,h,1250,FromCorner,2020,LeftFoot,14739,Liverpool,Aston Villa,2,1,2021-04-10 14:00:00,Andrew Robertson,Pass
689,413872,12,MissedShots,0.87,0.41900001525878905,0.3506059944629669,Mohamed Salah,h,1250,OpenPlay,2020,LeftFoot,14739,Liverpool,Aston Villa,2,1,2021-04-10 14:00:00,,None
690,413880,35,MissedShots,0.8440000152587891,0.4909999847412109,0.08382289856672287,Mohamed Salah,h,1250,OpenPlay,2020,LeftFoot,14739,Liverpool,Aston Villa,2,1,2021-04-10 14:00:00,Roberto Firmino,Pass
691,413886,50,BlockedShot,0.8780000305175781,0.6270000076293946,0.06137999892234802,Mohamed Salah,h,1250,OpenPlay,2020,LeftFoot,14739,Liverpool,Aston Villa,2,1,2021-04-10 14:00:00,Georginio Wijnaldum,Pass
692,413888,55,BlockedShot,0.8019999694824219,0.515,0.03152159973978996,Mohamed Salah,h,1250,FromCorner,2020,LeftFoot,14739,Liverpool,Aston Villa,2,1,2021-04-10 14:00:00,,None
693,413891,56,Goal,0.9519999694824218,0.46,0.4374679923057556,Mohamed Salah,h,1250,OpenPlay,2020,Head,14739,Liverpool,Aston Villa,2,1,2021-04-10 14:00:00,,Rebound
694,416164,78,BlockedShot,0.894000015258789,0.36700000762939455,0.09350139647722244,Mohamed Salah,a,1250,OpenPlay,2020,LeftFoot,14749,Leeds,Liverpool,1,1,2021-04-19 19:00:00,,BallRecovery
695,416167,84,MissedShots,0.85,0.6329999923706054,0.06809540092945099,Mohamed Salah,a,1250,OpenPlay,2020,LeftFoot,14749,Leeds,Liverpool,1,1,2021-04-19 19:00:00,Thiago Alcántara,Chipped
696,417048,2,Goal,0.9130000305175782,0.38599998474121094,0.08006300032138824,Mohamed Salah,h,1250,OpenPlay,2020,LeftFoot,14760,Liverpool,Newcastle United,1,1,2021-04-24 11:30:00,,None
697,417056,35,SavedShot,0.8490000152587891,0.49,0.3772040009498596,Mohamed Salah,h,1250,OpenPlay,2020,LeftFoot,14760,Liverpool,Newcastle United,1,1,2021-04-24 11:30:00,Roberto Firmino,Chipped
698,417067,72,MissedShots,0.9009999847412109,0.36400001525878906,0.3266879916191101,Mohamed Salah,h,1250,OpenPlay,2020,LeftFoot,14760,Liverpool,Newcastle United,1,1,2021-04-24 11:30:00,Sadio Mané,Pass
699,420341,18,SavedShot,0.965999984741211,0.3840000152587891,0.350926011800766,Mohamed Salah,h,1250,OpenPlay,2020,RightFoot,14780,Liverpool,Southampton,2,0,2021-05-08 19:15:00,Sadio Mané,Pass
700,420345,24,SavedShot,0.9159999847412109,0.285,0.04399250075221062,Mohamed Salah,h,1250,FromCorner,2020,LeftFoot,14780,Liverpool,Southampton,2,0,2021-05-08 19:15:00,Trent Alexander-Arnold,Pass
701,420352,35,BlockedShot,0.865,0.49900001525878906,0.0985213965177536,Mohamed Salah,h,1250,OpenPlay,2020,LeftFoot,14780,Liverpool,Southampton,2,0,2021-05-08 19:15:00,,None
702,420358,68,BlockedShot,0.8569999694824219,0.5940000152587891,0.09498690068721771,Mohamed Salah,h,1250,OpenPlay,2020,LeftFoot,14780,Liverpool,Southampton,2,0,2021-05-08 19:15:00,Sadio Mané,Pass
703,421645,13,BlockedShot,0.8969999694824219,0.34599998474121096,0.06491979956626892,Mohamed Salah,a,1250,OpenPlay,2020,LeftFoot,14770,Manchester United,Liverpool,2,4,2021-05-13 19:15:00,Trent Alexander-Arnold,Pass
704,421650,33,BlockedShot,0.8190000152587891,0.545,0.0391865000128746,Mohamed Salah,a,1250,FromCorner,2020,LeftFoot,14770,Manchester United,Liverpool,2,4,2021-05-13 19:15:00,,None
705,421671,72,MissedShots,0.86,0.7090000152587891,0.04242770001292229,Mohamed Salah,a,1250,OpenPlay,2020,LeftFoot,14770,Manchester United,Liverpool,2,4,2021-05-13 19:15:00,Thiago Alcántara,Pass
706,421675,89,Goal,0.899000015258789,0.4279999923706055,0.4681110084056854,Mohamed Salah,a,1250,OpenPlay,2020,LeftFoot,14770,Manchester United,Liverpool,2,4,2021-05-13 19:15:00,Curtis Jones,Pass
707,422446,27,SavedShot,0.9419999694824219,0.3609999847412109,0.0687308982014656,Mohamed Salah,a,1250,OpenPlay,2020,LeftFoot,14789,West Bromwich Albion,Liverpool,1,2,2021-05-16 15:30:00,Trent Alexander-Arnold,Chipped
708,422448,32,Goal,0.8130000305175781,0.35,0.0377998985350132,Mohamed Salah,a,1250,OpenPlay,2020,LeftFoot,14789,West Bromwich Albion,Liverpool,1,2,2021-05-16 15:30:00,Sadio Mané,Pass
709,422457,49,BlockedShot,0.8859999847412109,0.4,0.10506600141525269,Mohamed Salah,a,1250,OpenPlay,2020,LeftFoot,14789,West Bromwich Albion,Liverpool,1,2,2021-05-16 15:30:00,Trent Alexander-Arnold,Pass
710,422459,56,SavedShot,0.9019999694824219,0.6730000305175782,0.08952660113573074,Mohamed Salah,a,1250,OpenPlay,2020,LeftFoot,14789,West Bromwich Albion,Liverpool,1,2,2021-05-16 15:30:00,Trent Alexander-Arnold,Pass
711,423338,1,BlockedShot,0.8590000152587891,0.6419999694824219,0.1442819982767105,Mohamed Salah,a,1250,OpenPlay,2020,LeftFoot,14796,Burnley,Liverpool,0,3,2021-05-19 19:15:00,Andrew Robertson,Throughball
712,423346,29,MissedShots,0.909000015258789,0.5770000076293945,0.2997319996356964,Mohamed Salah,a,1250,OpenPlay,2020,LeftFoot,14796,Burnley,Liverpool,0,3,2021-05-19 19:15:00,Andrew Robertson,Chipped
713,423357,49,MissedShots,0.905,0.3629999923706055,0.11021299660205841,Mohamed Salah,a,1250,OpenPlay,2020,LeftFoot,14796,Burnley,Liverpool,0,3,2021-05-19 19:15:00,Sadio Mané,Pass
714,423362,64,MissedShots,0.8690000152587891,0.4909999847412109,0.3372560143470764,Mohamed Salah,a,1250,OpenPlay,2020,LeftFoot,14796,Burnley,Liverpool,0,3,2021-05-19 19:15:00,Roberto Firmino,Pass
715,424051,18,BlockedShot,0.899000015258789,0.5529999923706055,0.10119699686765671,Mohamed Salah,h,1250,OpenPlay,2020,LeftFoot,14810,Liverpool,Crystal Palace,2,0,2021-05-23 15:00:00,Sadio Mané,Cross
716,424053,20,MissedShots,0.8690000152587891,0.27399999618530274,0.03149469941854477,Mohamed Salah,h,1250,OpenPlay,2020,LeftFoot,14810,Liverpool,Crystal Palace,2,0,2021-05-23 15:00:00,Sadio Mané,Pass
717,424054,22,SavedShot,0.9009999847412109,0.3659999847412109,0.2930000126361847,Mohamed Salah,h,1250,OpenPlay,2020,LeftFoot,14810,Liverpool,Crystal Palace,2,0,2021-05-23 15:00:00,Thiago Alcántara,Chipped
718,424060,49,BlockedShot,0.86,0.375,0.07025480270385742,Mohamed Salah,h,1250,OpenPlay,2020,LeftFoot,14810,Liverpool,Crystal Palace,2,0,2021-05-23 15:00:00,Sadio Mané,Chipped
719,424067,79,MissedShots,0.8780000305175781,0.3529999923706055,0.08443179726600647,Mohamed Salah,h,1250,OpenPlay,2020,LeftFoot,14810,Liverpool,Crystal Palace,2,0,2021-05-23 15:00:00,Roberto Firmino,Pass
720,424068,84,SavedShot,0.9030000305175782,0.5790000152587891,0.13513000309467316,Mohamed Salah,h,1250,OpenPlay,2020,LeftFoot,14810,Liverpool,Crystal Palace,2,0,2021-05-23 15:00:00,Andrew Robertson,Pass
721,425978,17,SavedShot,0.9009999847412109,0.3189999961853027,0.06397809833288193,Mohamed Salah,a,1250,OpenPlay,2021,RightFoot,16383,Norwich,Liverpool,0,3,2021-08-14 16:30:00,Trent Alexander-Arnold,Pass
722,425982,22,MissedShots,0.8619999694824219,0.365,0.036924198269844055,Mohamed Salah,a,1250,OpenPlay,2021,LeftFoot,16383,Norwich,Liverpool,0,3,2021-08-14 16:30:00,Sadio Mané,Cross
723,425987,33,BlockedShot,0.8109999847412109,0.435,0.03303049877285957,Mohamed Salah,a,1250,FromCorner,2021,LeftFoot,16383,Norwich,Liverpool,0,3,2021-08-14 16:30:00,,None
724,426002,73,Goal,0.845,0.40900001525878904,0.047832101583480835,Mohamed Salah,a,1250,FromCorner,2021,LeftFoot,16383,Norwich,Liverpool,0,3,2021-08-14 16:30:00,,None
725,426003,79,MissedShots,0.855,0.53,0.05736919865012169,Mohamed Salah,a,1250,FromCorner,2021,LeftFoot,16383,Norwich,Liverpool,0,3,2021-08-14 16:30:00,Virgil van Dijk,Pass
726,426777,21,SavedShot,0.8440000152587891,0.6509999847412109,0.08579640090465546,Mohamed Salah,h,1250,OpenPlay,2021,LeftFoot,16386,Liverpool,Burnley,2,0,2021-08-21 11:30:00,Harvey Elliott,Pass
727,426783,41,BlockedShot,0.8530000305175781,0.3840000152587891,0.07386969774961472,Mohamed Salah,h,1250,OpenPlay,2021,LeftFoot,16386,Liverpool,Burnley,2,0,2021-08-21 11:30:00,,None
728,426787,59,BlockedShot,0.9,0.46700000762939453,0.11529199779033661,Mohamed Salah,h,1250,OpenPlay,2021,LeftFoot,16386,Liverpool,Burnley,2,0,2021-08-21 11:30:00,Harvey Elliott,Cross
729,426798,74,MissedShots,0.86,0.23100000381469726,0.04938500002026558,Mohamed Salah,h,1250,OpenPlay,2021,LeftFoot,16386,Liverpool,Burnley,2,0,2021-08-21 11:30:00,Harvey Elliott,TakeOn
730,426802,86,MissedShots,0.8040000152587891,0.3029999923706055,0.026315800845623016,Mohamed Salah,h,1250,OpenPlay,2021,LeftFoot,16386,Liverpool,Burnley,2,0,2021-08-21 11:30:00,Trent Alexander-Arnold,Pass
731,428816,49,Goal,0.885,0.5,0.7611690163612366,Mohamed Salah,h,1250,Penalty,2021,LeftFoot,16402,Liverpool,Chelsea,1,1,2021-08-28 16:30:00,,Standard
732,428826,65,MissedShots,0.9169999694824219,0.4520000076293945,0.10622099786996841,Mohamed Salah,h,1250,OpenPlay,2021,LeftFoot,16402,Liverpool,Chelsea,1,1,2021-08-28 16:30:00,Andrew Robertson,Cross
733,428829,84,SavedShot,0.8240000152587891,0.49599998474121093,0.05661040171980858,Mohamed Salah,h,1250,OpenPlay,2021,RightFoot,16402,Liverpool,Chelsea,1,1,2021-08-28 16:30:00,,None
734,430557,19,Goal,0.9690000152587891,0.49599998474121093,0.7972400188446045,Mohamed Salah,a,1250,OpenPlay,2021,LeftFoot,16414,Leeds,Liverpool,0,3,2021-09-12 15:30:00,Trent Alexander-Arnold,Pass
735,430570,48,BlockedShot,0.8980000305175782,0.47900001525878905,0.388249009847641,Mohamed Salah,a,1250,OpenPlay,2021,LeftFoot,16414,Leeds,Liverpool,0,3,2021-09-12 15:30:00,Sadio Mané,Rebound
736,430580,75,BlockedShot,0.835999984741211,0.4,0.0866784006357193,Mohamed Salah,a,1250,OpenPlay,2021,LeftFoot,16414,Leeds,Liverpool,0,3,2021-09-12 15:30:00,Diogo Jota,Pass
737,431338,30,SavedShot,0.8859999847412109,0.35700000762939454,0.046178899705410004,Mohamed Salah,h,1250,OpenPlay,2021,LeftFoot,16420,Liverpool,Crystal Palace,3,0,2021-09-18 14:00:00,Konstantinos Tsimikas,Cross
738,431345,42,SavedShot,0.8980000305175782,0.5420000076293945,0.05157089978456497,Mohamed Salah,h,1250,FromCorner,2021,Head,16420,Liverpool,Crystal Palace,3,0,2021-09-18 14:00:00,Konstantinos Tsimikas,Cross
739,431349,45,SavedShot,0.7609999847412109,0.28600000381469726,0.0216279998421669,Mohamed Salah,h,1250,OpenPlay,2021,LeftFoot,16420,Liverpool,Crystal Palace,3,0,2021-09-18 14:00:00,Jordan Henderson,Pass
740,431353,58,BlockedShot,0.87,0.49,0.09114660322666168,Mohamed Salah,h,1250,SetPiece,2021,RightFoot,16420,Liverpool,Crystal Palace,3,0,2021-09-18 14:00:00,,Rebound
741,431357,67,SavedShot,0.9740000152587891,0.3189999961853027,0.058564700186252594,Mohamed Salah,h,1250,OpenPlay,2021,RightFoot,16420,Liverpool,Crystal Palace,3,0,2021-09-18 14:00:00,,Rebound
742,431360,77,Goal,0.980999984741211,0.45099998474121095,0.4817950129508972,Mohamed Salah,h,1250,FromCorner,2021,LeftFoot,16420,Liverpool,Crystal Palace,3,0,2021-09-18 14:00:00,Virgil van Dijk,BallTouch
743,433681,6,BlockedShot,0.8919999694824219,0.4370000076293945,0.38384100794792175,Mohamed Salah,a,1250,OpenPlay,2021,LeftFoot,16432,Brentford,Liverpool,3,3,2021-09-25 16:30:00,Diogo Jota,Throughball
744,433697,53,Goal,0.9309999847412109,0.425,0.32419800758361816,Mohamed Salah,a,1250,OpenPlay,2021,LeftFoot,16432,Brentford,Liverpool,3,3,2021-09-25 16:30:00,Fabinho,Chipped
745,433705,76,MissedShots,0.879000015258789,0.4370000076293945,0.361860990524292,Mohamed Salah,a,1250,OpenPlay,2021,LeftFoot,16432,Brentford,Liverpool,3,3,2021-09-25 16:30:00,Sadio Mané,Throughball
746,435650,7,BlockedShot,0.8590000152587891,0.7319999694824219,0.028604499995708466,Mohamed Salah,h,1250,FromCorner,2021,LeftFoot,16441,Liverpool,Manchester City,2,2,2021-10-03 15:30:00,James Milner,Cross
747,435660,62,BlockedShot,0.7519999694824219,0.6379999923706055,0.05370670184493065,Mohamed Salah,h,1250,DirectFreekick,2021,LeftFoot,16441,Liverpool,Manchester City,2,2,2021-10-03 15:30:00,,Standard
748,435663,75,Goal,0.9669999694824218,0.36,0.1609950065612793,Mohamed Salah,h,1250,OpenPlay,2021,RightFoot,16441,Liverpool,Manchester City,2,2,2021-10-03 15:30:00,Curtis Jones,TakeOn
749,435984,2,BlockedShot,0.8959999847412109,0.29200000762939454,0.04408060014247894,Mohamed Salah,a,1250,OpenPlay,2021,LeftFoot,16455,Watford,Liverpool,0,5,2021-10-16 11:30:00,Virgil van Dijk,Chipped
750,435986,11,SavedShot,0.8219999694824218,0.36900001525878906,0.06330820173025131,Mohamed Salah,a,1250,OpenPlay,2021,LeftFoot,16455,Watford,Liverpool,0,5,2021-10-16 11:30:00,Andrew Robertson,Pass
751,435987,14,BlockedShot,0.905,0.485,0.1256060004234314,Mohamed Salah,a,1250,OpenPlay,2021,LeftFoot,16455,Watford,Liverpool,0,5,2021-10-16 11:30:00,,None
752,435992,48,SavedShot,0.8690000152587891,0.3120000076293945,0.04882049933075905,Mohamed Salah,a,1250,OpenPlay,2021,LeftFoot,16455,Watford,Liverpool,0,5,2021-10-16 11:30:00,,None
753,435994,53,Goal,0.9230000305175782,0.3340000152587891,0.12020000070333481,Mohamed Salah,a,1250,OpenPlay,2021,LeftFoot,16455,Watford,Liverpool,0,5,2021-10-16 11:30:00,Roberto Firmino,TakeOn
754,438503,8,MissedShots,0.8690000152587891,0.29399999618530276,0.058045998215675354,Mohamed Salah,a,1250,OpenPlay,2021,LeftFoot,16463,Manchester United,Liverpool,0,5,2021-10-24 15:30:00,Roberto Firmino,Chipped
755,438513,31,SavedShot,0.9530000305175781,0.3240000152587891,0.36042699217796326,Mohamed Salah,a,1250,OpenPlay,2021,LeftFoot,16463,Manchester United,Liverpool,0,5,2021-10-24 15:30:00,,BallRecovery
756,438517,37,Goal,0.9309999847412109,0.47,0.586480975151062,Mohamed Salah,a,1250,OpenPlay,2021,RightFoot,16463,Manchester United,Liverpool,0,5,2021-10-24 15:30:00,Naby Keita,Pass
757,438516,37,BlockedShot,0.8080000305175781,0.46299999237060546,0.0722075030207634,Mohamed Salah,a,1250,OpenPlay,2021,LeftFoot,16463,Manchester United,Liverpool,0,5,2021-10-24 15:30:00,Diogo Jota,Pass
758,438519,49,Goal,0.8640000152587891,0.46799999237060547,0.44367799162864685,Mohamed Salah,a,1250,OpenPlay,2021,LeftFoot,16463,Manchester United,Liverpool,0,5,2021-10-24 15:30:00,Diogo Jota,Pass
759,438521,49,Goal,0.92,0.4370000076293945,0.679440975189209,Mohamed Salah,a,1250,OpenPlay,2021,LeftFoot,16463,Manchester United,Liverpool,0,5,2021-10-24 15:30:00,Jordan Henderson,Throughball
760,438522,55,BlockedShot,0.81,0.5159999847412109,0.045479901134967804,Mohamed Salah,a,1250,SetPiece,2021,LeftFoot,16463,Manchester United,Liverpool,0,5,2021-10-24 15:30:00,Trent Alexander-Arnold,Pass
761,439691,60,SavedShot,0.86,0.29399999618530276,0.049250900745391846,Mohamed Salah,h,1250,OpenPlay,2021,LeftFoot,16469,Liverpool,Brighton,2,2,2021-10-30 14:00:00,Roberto Firmino,Pass
762,439698,87,BlockedShot,0.87,0.5670000076293945,0.10493200272321701,Mohamed Salah,h,1250,OpenPlay,2021,RightFoot,16469,Liverpool,Brighton,2,2,2021-10-30 14:00:00,Diogo Jota,Pass
763,441918,54,BlockedShot,0.86,0.3940000152587891,0.062428899109363556,Mohamed Salah,a,1250,OpenPlay,2021,LeftFoot,16485,West Ham,Liverpool,3,2,2021-11-07 16:30:00,,None
764,441921,56,MissedShots,0.875,0.605999984741211,0.09281930327415466,Mohamed Salah,a,1250,OpenPlay,2021,LeftFoot,16485,West Ham,Liverpool,3,2,2021-11-07 16:30:00,Sadio Mané,Pass
765,442764,3,MissedShots,0.7959999847412109,0.29,0.023808099329471588,Mohamed Salah,h,1250,OpenPlay,2021,LeftFoot,16489,Liverpool,Arsenal,4,0,2021-11-20 17:30:00,Thiago Alcántara,Pass
766,442773,34,SavedShot,0.9180000305175782,0.5520000076293945,0.139847993850708,Mohamed Salah,h,1250,OpenPlay,2021,LeftFoot,16489,Liverpool,Arsenal,4,0,2021-11-20 17:30:00,Konstantinos Tsimikas,LayOff
767,442779,49,BlockedShot,0.895,0.3160000038146973,0.07840880006551743,Mohamed Salah,h,1250,OpenPlay,2021,LeftFoot,16489,Liverpool,Arsenal,4,0,2021-11-20 17:30:00,Trent Alexander-Arnold,Pass
768,442785,72,Goal,0.965999984741211,0.485,0.8770189881324768,Mohamed Salah,h,1250,OpenPlay,2021,RightFoot,16489,Liverpool,Arsenal,4,0,2021-11-20 17:30:00,Sadio Mané,Pass
769,444096,15,BlockedShot,0.9080000305175782,0.3039999961853027,0.06918419897556305,Mohamed Salah,h,1250,OpenPlay,2021,LeftFoot,16503,Liverpool,Southampton,4,0,2021-11-27 15:00:00,Jordan Henderson,Pass
770,444097,16,MissedShots,0.889000015258789,0.25799999237060545,0.047767799347639084,Mohamed Salah,h,1250,OpenPlay,2021,LeftFoot,16503,Liverpool,Southampton,4,0,2021-11-27 15:00:00,,None
771,444114,76,BlockedShot,0.8980000305175782,0.26799999237060546,0.06241390109062195,Mohamed Salah,h,1250,OpenPlay,2021,LeftFoot,16503,Liverpool,Southampton,4,0,2021-11-27 15:00:00,Fabinho,Pass
772,444118,89,MissedShots,0.7919999694824219,0.34,0.03943059965968132,Mohamed Salah,h,1250,OpenPlay,2021,LeftFoot,16503,Liverpool,Southampton,4,0,2021-11-27 15:00:00,Alex Oxlade-Chamberlain,Pass
773,445695,2,MissedShots,0.960999984741211,0.515,0.6137850284576416,Mohamed Salah,a,1250,OpenPlay,2021,LeftFoot,16507,Everton,Liverpool,1,4,2021-12-01 20:15:00,Diogo Jota,Cross
774,445696,7,SavedShot,0.899000015258789,0.5459999847412109,0.13156099617481232,Mohamed Salah,a,1250,OpenPlay,2021,LeftFoot,16507,Everton,Liverpool,1,4,2021-12-01 20:15:00,Sadio Mané,Pass
775,445700,18,Goal,0.925,0.32599998474121095,0.2750999927520752,Mohamed Salah,a,1250,OpenPlay,2021,LeftFoot,16507,Everton,Liverpool,1,4,2021-12-01 20:15:00,Jordan Henderson,Pass
776,445709,52,MissedShots,0.779000015258789,0.31,0.026180900633335114,Mohamed Salah,a,1250,OpenPlay,2021,LeftFoot,16507,Everton,Liverpool,1,4,2021-12-01 20:15:00,,None
777,445714,63,Goal,0.895,0.6329999923706054,0.5382750034332275,Mohamed Salah,a,1250,OpenPlay,2021,LeftFoot,16507,Everton,Liverpool,1,4,2021-12-01 20:15:00,,BallRecovery
778,446191,49,MissedShots,0.8830000305175781,0.6719999694824219,0.03567669913172722,Mohamed Salah,a,1250,FromCorner,2021,LeftFoot,16525,Wolverhampton Wanderers,Liverpool,0,1,2021-12-04 15:00:00,Trent Alexander-Arnold,Cross
779,446204,89,SavedShot,0.870999984741211,0.41900001525878905,0.07476469874382019,Mohamed Salah,a,1250,OpenPlay,2021,LeftFoot,16525,Wolverhampton Wanderers,Liverpool,0,1,2021-12-04 15:00:00,,None
780,447684,43,SavedShot,0.9259999847412109,0.26299999237060545,0.03681819885969162,Mohamed Salah,h,1250,OpenPlay,2021,LeftFoot,16533,Liverpool,Aston Villa,1,0,2021-12-11 15:00:00,Fabinho,Pass
781,447687,50,MissedShots,0.909000015258789,0.29200000762939454,0.047261498868465424,Mohamed Salah,h,1250,OpenPlay,2021,RightFoot,16533,Liverpool,Aston Villa,1,0,2021-12-11 15:00:00,,None
782,447691,55,BlockedShot,0.919000015258789,0.4540000152587891,0.10395299643278122,Mohamed Salah,h,1250,OpenPlay,2021,LeftFoot,16533,Liverpool,Aston Villa,1,0,2021-12-11 15:00:00,Trent Alexander-Arnold,None
783,447693,59,MissedShots,0.81,0.41900001525878905,0.021534599363803864,Mohamed Salah,h,1250,OpenPlay,2021,LeftFoot,16533,Liverpool,Aston Villa,1,0,2021-12-11 15:00:00,Sadio Mané,Chipped
784,447694,66,Goal,0.885,0.5,0.7611690163612366,Mohamed Salah,h,1250,Penalty,2021,LeftFoot,16533,Liverpool,Aston Villa,1,0,2021-12-11 15:00:00,,Standard
785,447695,71,BlockedShot,0.860999984741211,0.31,0.0526541993021965,Mohamed Salah,h,1250,OpenPlay,2021,LeftFoot,16533,Liverpool,Aston Villa,1,0,2021-12-11 15:00:00,Sadio Mané,Pass
786,449190,24,Goal,0.899000015258789,0.4209999847412109,0.34960100054740906,Mohamed Salah,h,1250,OpenPlay,2021,LeftFoot,16544,Liverpool,Newcastle United,3,1,2021-12-16 20:00:00,,Rebound
787,449193,34,MissedShots,0.899000015258789,0.40400001525878904,0.40429699420928955,Mohamed Salah,h,1250,OpenPlay,2021,RightFoot,16544,Liverpool,Newcastle United,3,1,2021-12-16 20:00:00,Alex Oxlade-Chamberlain,Chipped
788,449196,58,MissedShots,0.799000015258789,0.4640000152587891,0.029460599645972252,Mohamed Salah,h,1250,FromCorner,2021,LeftFoot,16544,Liverpool,Newcastle United,3,1,2021-12-16 20:00:00,,None
789,449200,72,BlockedShot,0.89,0.33,0.08114829659461975,Mohamed Salah,h,1250,OpenPlay,2021,LeftFoot,16544,Liverpool,Newcastle United,3,1,2021-12-16 20:00:00,Joel Matip,Pass
790,449819,40,BlockedShot,0.8780000305175781,0.2979999923706055,0.04070959985256195,Mohamed Salah,a,1250,OpenPlay,2021,LeftFoot,16552,Tottenham,Liverpool,2,2,2021-12-19 16:30:00,Naby Keita,Pass
791,449827,58,BlockedShot,0.815,0.4929999923706055,0.05769319832324982,Mohamed Salah,a,1250,OpenPlay,2021,LeftFoot,16552,Tottenham,Liverpool,2,2,2021-12-19 16:30:00,,BallTouch
792,450817,15,MissedShots,0.9619999694824218,0.4809999847412109,0.640766978263855,Mohamed Salah,a,1250,SetPiece,2021,RightFoot,16573,Leicester,Liverpool,1,0,2021-12-28 20:00:00,,None
793,450816,15,ShotOnPost,0.9319999694824219,0.5,0.4272109866142273,Mohamed Salah,a,1250,SetPiece,2021,Head,16573,Leicester,Liverpool,1,0,2021-12-28 20:00:00,,Rebound
794,450815,15,SavedShot,0.885,0.5,0.7611690163612366,Mohamed Salah,a,1250,Penalty,2021,LeftFoot,16573,Leicester,Liverpool,1,0,2021-12-28 20:00:00,,Standard
795,450820,31,SavedShot,0.955999984741211,0.35700000762939454,0.06977800279855728,Mohamed Salah,a,1250,OpenPlay,2021,LeftFoot,16573,Leicester,Liverpool,1,0,2021-12-28 20:00:00,,None
796,450829,80,MissedShots,0.8669999694824219,0.6509999847412109,0.024057600647211075,Mohamed Salah,a,1250,SetPiece,2021,LeftFoot,16573,Leicester,Liverpool,1,0,2021-12-28 20:00:00,Trent Alexander-Arnold,Cross
797,451174,5,SavedShot,0.8619999694824219,0.48200000762939454,0.32180699706077576,Mohamed Salah,a,1250,OpenPlay,2021,RightFoot,16578,Chelsea,Liverpool,2,2,2022-01-02 16:30:00,Sadio Mané,Pass
798,451180,25,Goal,0.9619999694824218,0.3579999923706055,0.2977130115032196,Mohamed Salah,a,1250,OpenPlay,2021,LeftFoot,16578,Chelsea,Liverpool,2,2,2022-01-02 16:30:00,Trent Alexander-Arnold,Chipped
799,451181,35,BlockedShot,0.8619999694824219,0.43400001525878906,0.213810995221138,Mohamed Salah,a,1250,OpenPlay,2021,LeftFoot,16578,Chelsea,Liverpool,2,2,2022-01-02 16:30:00,,TakeOn
800,451188,56,SavedShot,0.730999984741211,0.615,0.02508080005645752,Mohamed Salah,a,1250,OpenPlay,2021,LeftFoot,16578,Chelsea,Liverpool,2,2,2022-01-02 16:30:00,,None
801,456730,73,SavedShot,0.9819999694824219,0.3940000152587891,0.12536300718784332,Mohamed Salah,h,1250,OpenPlay,2021,LeftFoot,16614,Liverpool,Leicester,2,0,2022-02-10 19:45:00,,TakeOn
802,456732,74,SavedShot,0.885,0.43900001525878907,0.36307400465011597,Mohamed Salah,h,1250,OpenPlay,2021,RightFoot,16614,Liverpool,Leicester,2,0,2022-02-10 19:45:00,,TakeOn
803,456733,77,ShotOnPost,0.8580000305175781,0.33,0.06736250221729279,Mohamed Salah,h,1250,OpenPlay,2021,LeftFoot,16614,Liverpool,Leicester,2,0,2022-02-10 19:45:00,Harvey Elliott,Pass
804,456740,92,SavedShot,0.855,0.3609999847412109,0.05879279971122742,Mohamed Salah,h,1250,OpenPlay,2021,LeftFoot,16614,Liverpool,Leicester,2,0,2022-02-10 19:45:00,,None
805,457392,4,MissedShots,0.950999984741211,0.3629999923706055,0.07194569706916809,Mohamed Salah,a,1250,OpenPlay,2021,RightFoot,16617,Burnley,Liverpool,0,1,2022-02-13 14:00:00,Andrew Robertson,Chipped
806,458294,1,MissedShots,0.865999984741211,0.3820000076293945,0.08226600289344788,Mohamed Salah,h,1250,OpenPlay,2021,LeftFoot,16631,Liverpool,Norwich,3,1,2022-02-19 15:00:00,Jordan Henderson,Pass
807,458301,18,BlockedShot,0.9130000305175782,0.24899999618530275,0.04107709974050522,Mohamed Salah,h,1250,OpenPlay,2021,LeftFoot,16631,Liverpool,Norwich,3,1,2022-02-19 15:00:00,Joseph Gomez,TakeOn
808,458302,19,BlockedShot,0.9590000152587891,0.515,0.5612919926643372,Mohamed Salah,h,1250,FromCorner,2021,Head,16631,Liverpool,Norwich,3,1,2022-02-19 15:00:00,Virgil van Dijk,Aerial
809,458308,42,MissedShots,0.8569999694824219,0.2520000076293945,0.02566489949822426,Mohamed Salah,h,1250,OpenPlay,2021,LeftFoot,16631,Liverpool,Norwich,3,1,2022-02-19 15:00:00,,None
810,458319,66,Goal,0.81,0.509000015258789,0.1280680000782013,Mohamed Salah,h,1250,OpenPlay,2021,RightFoot,16631,Liverpool,Norwich,3,1,2022-02-19 15:00:00,Alisson,Pass
811,458320,71,MissedShots,0.904000015258789,0.3270000076293945,0.06752959638834,Mohamed Salah,h,1250,OpenPlay,2021,LeftFoot,16631,Liverpool,Norwich,3,1,2022-02-19 15:00:00,Thiago Alcántara,Chipped
812,458322,78,SavedShot,0.75,0.5579999923706055,0.029441600665450096,Mohamed Salah,h,1250,OpenPlay,2021,LeftFoot,16631,Liverpool,Norwich,3,1,2022-02-19 15:00:00,Luis Díaz,BallRecovery
813,458326,85,MissedShots,0.8059999847412109,0.3920000076293945,0.05784099921584129,Mohamed Salah,h,1250,OpenPlay,2021,LeftFoot,16631,Liverpool,Norwich,3,1,2022-02-19 15:00:00,Luis Díaz,Pass
814,459197,14,Goal,0.885,0.5,0.7611690163612366,Mohamed Salah,h,1250,Penalty,2021,LeftFoot,16559,Liverpool,Leeds,6,0,2022-02-23 19:45:00,,Standard
815,459202,34,Goal,0.885,0.5,0.7611690163612366,Mohamed Salah,h,1250,Penalty,2021,LeftFoot,16559,Liverpool,Leeds,6,0,2022-02-23 19:45:00,,Standard
816,459204,45,BlockedShot,0.8130000305175781,0.4779999923706055,0.06881409883499146,Mohamed Salah,h,1250,OpenPlay,2021,LeftFoot,16559,Liverpool,Leeds,6,0,2022-02-23 19:45:00,,Dispossessed
817,459206,46,BlockedShot,0.875,0.43099998474121093,0.2597939968109131,Mohamed Salah,h,1250,OpenPlay,2021,LeftFoot,16559,Liverpool,Leeds,6,0,2022-02-23 19:45:00,Trent Alexander-Arnold,Pass
818,459209,59,SavedShot,0.8519999694824218,0.3840000152587891,0.0787912979722023,Mohamed Salah,h,1250,OpenPlay,2021,LeftFoot,16559,Liverpool,Leeds,6,0,2022-02-23 19:45:00,Trent Alexander-Arnold,Pass
819,459210,61,MissedShots,0.8719999694824219,0.4640000152587891,0.13402800261974335,Mohamed Salah,h,1250,OpenPlay,2021,LeftFoot,16559,Liverpool,Leeds,6,0,2022-02-23 19:45:00,Curtis Jones,Pass
820,461236,1,SavedShot,0.9169999694824219,0.3890000152587891,0.2805440127849579,Mohamed Salah,h,1250,SetPiece,2021,LeftFoot,16649,Liverpool,West Ham,1,0,2022-03-05 17:30:00,Trent Alexander-Arnold,Chipped
821,461239,11,MissedShots,0.8780000305175781,0.3920000076293945,0.06714250147342682,Mohamed Salah,h,1250,OpenPlay,2021,LeftFoot,16649,Liverpool,West Ham,1,0,2022-03-05 17:30:00,,Rebound
822,461255,43,MissedShots,0.85,0.67,0.05799330025911331,Mohamed Salah,h,1250,OpenPlay,2021,LeftFoot,16649,Liverpool,West Ham,1,0,2022-03-05 17:30:00,,None
823,461260,65,SavedShot,0.789000015258789,0.41900001525878905,0.0344557985663414,Mohamed Salah,h,1250,OpenPlay,2021,LeftFoot,16649,Liverpool,West Ham,1,0,2022-03-05 17:30:00,Jordan Henderson,Pass
824,461261,66,SavedShot,0.8159999847412109,0.509000015258789,0.07749799638986588,Mohamed Salah,h,1250,OpenPlay,2021,LeftFoot,16649,Liverpool,West Ham,1,0,2022-03-05 17:30:00,Andrew Robertson,Pass
825,461265,73,BlockedShot,0.765,0.67,0.021900000050663948,Mohamed Salah,h,1250,OpenPlay,2021,LeftFoot,16649,Liverpool,West Ham,1,0,2022-03-05 17:30:00,Luis Díaz,HeadPass
826,462292,29,MissedShots,0.83,0.45799999237060546,0.04622209817171097,Mohamed Salah,a,1250,FromCorner,2021,LeftFoot,16658,Brighton,Liverpool,0,2,2022-03-12 12:30:00,,None
827,462296,40,SavedShot,0.8780000305175781,0.40400001525878904,0.029506200924515724,Mohamed Salah,a,1250,OpenPlay,2021,Head,16658,Brighton,Liverpool,0,2,2022-03-12 12:30:00,Trent Alexander-Arnold,Chipped
828,462297,42,SavedShot,0.9630000305175781,0.639000015258789,0.17750200629234314,Mohamed Salah,a,1250,OpenPlay,2021,LeftFoot,16658,Brighton,Liverpool,0,2,2022-03-12 12:30:00,Andrew Robertson,TakeOn
829,462300,56,BlockedShot,0.8780000305175781,0.415,0.14238500595092773,Mohamed Salah,a,1250,OpenPlay,2021,LeftFoot,16658,Brighton,Liverpool,0,2,2022-03-12 12:30:00,,TakeOn
830,462299,56,BlockedShot,0.8569999694824219,0.36700000762939455,0.07232680171728134,Mohamed Salah,a,1250,OpenPlay,2021,LeftFoot,16658,Brighton,Liverpool,0,2,2022-03-12 12:30:00,,None
831,462302,57,MissedShots,0.8290000152587891,0.46900001525878904,0.11215600371360779,Mohamed Salah,a,1250,OpenPlay,2021,LeftFoot,16658,Brighton,Liverpool,0,2,2022-03-12 12:30:00,Luis Díaz,Pass
832,462304,60,Goal,0.885,0.5,0.7611690163612366,Mohamed Salah,a,1250,Penalty,2021,LeftFoot,16658,Brighton,Liverpool,0,2,2022-03-12 12:30:00,,Standard
833,463611,58,MissedShots,0.8059999847412109,0.4129999923706055,0.028649600222706795,Mohamed Salah,a,1250,FromCorner,2021,LeftFoot,16636,Arsenal,Liverpool,0,2,2022-03-16 20:15:00,,None
834,463612,61,BlockedShot,0.8980000305175782,0.43599998474121093,0.12166299670934677,Mohamed Salah,a,1250,OpenPlay,2021,LeftFoot,16636,Arsenal,Liverpool,0,2,2022-03-16 20:15:00,Thiago Alcántara,BallTouch
835,463616,78,BlockedShot,0.9019999694824219,0.34,0.09275200217962265,Mohamed Salah,a,1250,OpenPlay,2021,LeftFoot,16636,Arsenal,Liverpool,0,2,2022-03-16 20:15:00,Thiago Alcántara,Pass
836,464950,0,MissedShots,0.8269999694824218,0.37,0.028264500200748444,Mohamed Salah,h,1250,FromCorner,2021,LeftFoot,16680,Liverpool,Watford,2,0,2022-04-02 11:30:00,Diogo Jota,Pass
837,464962,41,BlockedShot,0.7969999694824219,0.26899999618530274,0.026553800329566002,Mohamed Salah,h,1250,OpenPlay,2021,LeftFoot,16680,Liverpool,Watford,2,0,2022-04-02 11:30:00,Curtis Jones,Pass
838,464970,65,MissedShots,0.905,0.5670000076293945,0.05668969824910164,Mohamed Salah,h,1250,SetPiece,2021,Head,16680,Liverpool,Watford,2,0,2022-04-02 11:30:00,Fabinho,Chipped
839,467492,70,MissedShots,0.8719999694824219,0.33599998474121096,0.05994819849729538,Mohamed Salah,a,1250,OpenPlay,2021,LeftFoot,16690,Manchester City,Liverpool,2,2,2022-04-10 15:30:00,Sadio Mané,Pass
840,469090,21,Goal,0.8909999847412109,0.4470000076293945,0.3176090121269226,Mohamed Salah,h,1250,OpenPlay,2021,LeftFoot,16669,Liverpool,Manchester United,4,0,2022-04-19 19:00:00,Sadio Mané,Chipped
841,469091,29,BlockedShot,0.865999984741211,0.295,0.07606709748506546,Mohamed Salah,h,1250,OpenPlay,2021,LeftFoot,16669,Liverpool,Manchester United,4,0,2022-04-19 19:00:00,Thiago Alcántara,Chipped
842,469092,34,MissedShots,0.895,0.45799999237060546,0.4100329875946045,Mohamed Salah,h,1250,OpenPlay,2021,LeftFoot,16669,Liverpool,Manchester United,4,0,2022-04-19 19:00:00,Fabinho,OffsidePass
843,469098,84,Goal,0.8969999694824219,0.534000015258789,0.13986800611019135,Mohamed Salah,h,1250,OpenPlay,2021,LeftFoot,16669,Liverpool,Manchester United,4,0,2022-04-19 19:00:00,Diogo Jota,Throughball
844,470759,42,MissedShots,0.8480000305175781,0.285,0.026054300367832184,Mohamed Salah,h,1250,OpenPlay,2021,LeftFoot,16708,Liverpool,Everton,2,0,2022-04-24 15:30:00,Naby Keita,Pass
845,470770,65,MissedShots,0.915,0.43099998474121093,0.11457999795675278,Mohamed Salah,h,1250,FromCorner,2021,LeftFoot,16708,Liverpool,Everton,2,0,2022-04-24 15:30:00,,Rebound
846,471223,70,MissedShots,0.860999984741211,0.5459999847412109,0.03648709878325462,Mohamed Salah,a,1250,OpenPlay,2021,Head,16721,Newcastle United,Liverpool,0,1,2022-04-30 11:30:00,Andrew Robertson,Cross
847,471224,71,SavedShot,0.870999984741211,0.3509999847412109,0.04762829840183258,Mohamed Salah,a,1250,OpenPlay,2021,LeftFoot,16721,Newcastle United,Liverpool,0,1,2022-04-30 11:30:00,Luis Díaz,Cross
848,473762,10,BlockedShot,0.845999984741211,0.34900001525878904,0.07385410368442535,Mohamed Salah,h,1250,OpenPlay,2021,LeftFoot,16728,Liverpool,Tottenham,1,1,2022-05-07 18:45:00,Sadio Mané,Pass
849,473784,72,BlockedShot,0.8490000152587891,0.455,0.11960099637508392,Mohamed Salah,h,1250,OpenPlay,2021,LeftFoot,16728,Liverpool,Tottenham,1,1,2022-05-07 18:45:00,Thiago Alcántara,Pass
850,473789,89,BlockedShot,0.8140000152587891,0.47900001525878905,0.06050030142068863,Mohamed Salah,h,1250,OpenPlay,2021,LeftFoot,16728,Liverpool,Tottenham,1,1,2022-05-07 18:45:00,Luis Díaz,Pass
851,475042,76,BlockedShot,0.8780000305175781,0.49,0.12754400074481964,Mohamed Salah,a,1250,OpenPlay,2021,LeftFoot,16705,Aston Villa,Liverpool,1,2,2022-05-10 19:00:00,Diogo Jota,Pass
852,477915,63,MissedShots,0.9230000305175782,0.27899999618530275,0.034797199070453644,Mohamed Salah,h,1250,OpenPlay,2021,LeftFoot,16753,Liverpool,Wolverhampton Wanderers,3,1,2022-05-22 15:00:00,,Rebound
853,477916,67,BlockedShot,0.8230000305175781,0.48,0.055869799107313156,Mohamed Salah,h,1250,OpenPlay,2021,LeftFoot,16753,Liverpool,Wolverhampton Wanderers,3,1,2022-05-22 15:00:00,,None
854,477920,77,SavedShot,0.8780000305175781,0.31799999237060544,0.051476601511240005,Mohamed Salah,h,1250,OpenPlay,2021,LeftFoot,16753,Liverpool,Wolverhampton Wanderers,3,1,2022-05-22 15:00:00,Roberto Firmino,Pass
855,477921,78,BlockedShot,0.8419999694824218,0.3609999847412109,0.058323200792074203,Mohamed Salah,h,1250,OpenPlay,2021,LeftFoot,16753,Liverpool,Wolverhampton Wanderers,3,1,2022-05-22 15:00:00,Sadio Mané,Pass
856,477927,83,Goal,0.9780000305175781,0.5420000076293945,0.6919869780540466,Mohamed Salah,h,1250,FromCorner,2021,LeftFoot,16753,Liverpool,Wolverhampton Wanderers,3,1,2022-05-22 15:00:00,Joel Matip,HeadPass
857,477928,88,BlockedShot,0.9009999847412109,0.4759999847412109,0.1423870027065277,Mohamed Salah,h,1250,OpenPlay,2021,LeftFoot,16753,Liverpool,Wolverhampton Wanderers,3,1,2022-05-22 15:00:00,Trent Alexander-Arnold,Pass
858,477930,91,SavedShot,0.935,0.44299999237060544,0.06315740197896957,Mohamed Salah,h,1250,OpenPlay,2021,Head,16753,Liverpool,Wolverhampton Wanderers,3,1,2022-05-22 15:00:00,,None
859,477931,92,BlockedShot,0.8440000152587891,0.415,0.06949549913406372,Mohamed Salah,h,1250,OpenPlay,2021,LeftFoot,16753,Liverpool,Wolverhampton Wanderers,3,1,2022-05-22 15:00:00,Trent Alexander-Arnold,None
860,479061,21,MissedShots,0.9290000152587891,0.35900001525878905,0.016877800226211548,Mohamed Salah,a,1250,OpenPlay,2022,Head,18203,Fulham,Liverpool,2,2,2022-08-06 11:30:00,Trent Alexander-Arnold,Cross
861,479078,79,Goal,0.9209999847412109,0.48,0.3748989999294281,Mohamed Salah,a,1250,OpenPlay,2022,LeftFoot,18203,Fulham,Liverpool,2,2,2022-08-06 11:30:00,Darwin Núñez,BallTouch
862,481432,22,MissedShots,0.8909999847412109,0.4370000076293945,0.09177249670028687,Mohamed Salah,h,1250,OpenPlay,2022,LeftFoot,18221,Liverpool,Crystal Palace,1,1,2022-08-15 19:00:00,Trent Alexander-Arnold,Cross
863,481435,29,SavedShot,0.9209999847412109,0.46299999237060546,0.39986899495124817,Mohamed Salah,h,1250,OpenPlay,2022,Head,18221,Liverpool,Crystal Palace,1,1,2022-08-15 19:00:00,Trent Alexander-Arnold,Throughball
864,481452,86,MissedShots,0.8180000305175781,0.519000015258789,0.0448978990316391,Mohamed Salah,h,1250,OpenPlay,2022,LeftFoot,18221,Liverpool,Crystal Palace,1,1,2022-08-15 19:00:00,,Rebound
865,483115,39,BlockedShot,0.865,0.41900001525878905,0.07041530311107635,Mohamed Salah,a,1250,OpenPlay,2022,LeftFoot,18231,Manchester United,Liverpool,2,1,2022-08-22 19:00:00,Roberto Firmino,Pass
866,483120,48,MissedShots,0.85,0.6120000076293945,0.037028200924396515,Mohamed Salah,a,1250,FromCorner,2022,LeftFoot,18231,Manchester United,Liverpool,2,1,2022-08-22 19:00:00,Trent Alexander-Arnold,Cross
867,483132,80,Goal,0.9569999694824218,0.41,0.04301169887185097,Mohamed Salah,a,1250,FromCorner,2022,Head,18231,Manchester United,Liverpool,2,1,2022-08-22 19:00:00,,None
868,483649,15,MissedShots,0.9830000305175781,0.4809999847412109,0.9698240160942078,Mohamed Salah,h,1250,OpenPlay,2022,LeftFoot,18236,Liverpool,Bournemouth,9,0,2022-08-27 14:00:00,Harvey Elliott,Pass
869,483651,18,SavedShot,0.9359999847412109,0.375,0.13758400082588196,Mohamed Salah,h,1250,OpenPlay,2022,RightFoot,18236,Liverpool,Bournemouth,9,0,2022-08-27 14:00:00,Roberto Firmino,Throughball
870,483656,41,MissedShots,0.8869999694824219,0.6559999847412109,0.04759880155324936,Mohamed Salah,h,1250,FromCorner,2022,LeftFoot,18236,Liverpool,Bournemouth,9,0,2022-08-27 14:00:00,,None
871,483667,74,MissedShots,0.9180000305175782,0.48400001525878905,0.5863479971885681,Mohamed Salah,h,1250,OpenPlay,2022,LeftFoot,18236,Liverpool,Bournemouth,9,0,2022-08-27 14:00:00,Fabinho,Throughball
872,485307,45,MissedShots,0.779000015258789,0.15699999809265136,0.00850331038236618,Mohamed Salah,h,1250,OpenPlay,2022,RightFoot,18250,Liverpool,Newcastle United,2,1,2022-08-31 19:00:00,Trent Alexander-Arnold,Chipped
873,485324,96,BlockedShot,0.9359999847412109,0.3110000038146973,0.06148950010538101,Mohamed Salah,h,1250,OpenPlay,2022,RightFoot,18250,Liverpool,Newcastle United,2,1,2022-08-31 19:00:00,Roberto Firmino,Pass
874,485660,93,BlockedShot,0.8280000305175781,0.34,0.04084470123052597,Mohamed Salah,a,1250,OpenPlay,2022,LeftFoot,18252,Everton,Liverpool,0,0,2022-09-03 11:30:00,Diogo Jota,Pass
875,485661,94,SavedShot,0.8969999694824219,0.375,0.09954439848661423,Mohamed Salah,a,1250,OpenPlay,2022,LeftFoot,18252,Everton,Liverpool,0,0,2022-09-03 11:30:00,Luis Díaz,Pass
876,485663,94,MissedShots,0.935,0.35900001525878905,0.07159289717674255,Mohamed Salah,a,1250,OpenPlay,2022,LeftFoot,18252,Everton,Liverpool,0,0,2022-09-03 11:30:00,Diogo Jota,Rebound
877,490145,13,SavedShot,0.8619999694824219,0.2620000076293945,0.028914399445056915,Mohamed Salah,h,1250,OpenPlay,2022,LeftFoot,18288,Liverpool,Brighton,3,3,2022-10-01 14:00:00,Roberto Firmino,Pass
878,490148,25,BlockedShot,0.8340000152587891,0.37099998474121093,0.034053899347782135,Mohamed Salah,h,1250,FromCorner,2022,LeftFoot,18288,Liverpool,Brighton,3,3,2022-10-01 14:00:00,,None
879,490149,30,SavedShot,0.93,0.40400001525878904,0.32381999492645264,Mohamed Salah,h,1250,OpenPlay,2022,RightFoot,18288,Liverpool,Brighton,3,3,2022-10-01 14:00:00,,None
880,490150,32,MissedShots,0.8769999694824219,0.5540000152587891,0.2710320055484772,Mohamed Salah,h,1250,OpenPlay,2022,LeftFoot,18288,Liverpool,Brighton,3,3,2022-10-01 14:00:00,Jordan Henderson,Chipped
881,490152,36,MissedShots,0.7530000305175781,0.42700000762939455,0.020441999658942223,Mohamed Salah,h,1250,OpenPlay,2022,LeftFoot,18288,Liverpool,Brighton,3,3,2022-10-01 14:00:00,,None
882,492366,31,MissedShots,0.875999984741211,0.265,0.03674729913473129,Mohamed Salah,a,1250,OpenPlay,2022,LeftFoot,18292,Arsenal,Liverpool,3,2,2022-10-09 15:30:00,Jordan Henderson,Pass
883,493843,49,MissedShots,0.8430000305175781,0.48700000762939455,0.4983760118484497,Mohamed Salah,h,1250,OpenPlay,2022,LeftFoot,18307,Liverpool,Manchester City,1,0,2022-10-16 15:30:00,Roberto Firmino,Throughball
884,493851,68,MissedShots,0.8540000152587891,0.3609999847412109,0.0586341992020607,Mohamed Salah,h,1250,OpenPlay,2022,LeftFoot,18307,Liverpool,Manchester City,1,0,2022-10-16 15:30:00,Roberto Firmino,Pass
885,493852,75,Goal,0.8219999694824218,0.5159999847412109,0.16862599551677704,Mohamed Salah,h,1250,OpenPlay,2022,LeftFoot,18307,Liverpool,Manchester City,1,0,2022-10-16 15:30:00,Alisson,Pass
886,494414,31,BlockedShot,0.8490000152587891,0.46700000762939453,0.10462799668312073,Mohamed Salah,h,1250,OpenPlay,2022,LeftFoot,18320,Liverpool,West Ham,1,0,2022-10-19 18:30:00,Fabio Carvalho,Pass
887,494415,34,MissedShots,0.8590000152587891,0.435,0.10836400091648102,Mohamed Salah,h,1250,OpenPlay,2022,LeftFoot,18320,Liverpool,West Ham,1,0,2022-10-19 18:30:00,Trent Alexander-Arnold,Pass
888,494416,35,MissedShots,0.769000015258789,0.24700000762939453,0.019654899835586548,Mohamed Salah,h,1250,OpenPlay,2022,LeftFoot,18320,Liverpool,West Ham,1,0,2022-10-19 18:30:00,Roberto Firmino,Pass
889,494417,37,SavedShot,0.825999984741211,0.3609999847412109,0.04628409817814827,Mohamed Salah,h,1250,OpenPlay,2022,LeftFoot,18320,Liverpool,West Ham,1,0,2022-10-19 18:30:00,Roberto Firmino,Pass
890,494434,83,SavedShot,0.8680000305175781,0.3270000076293945,0.16835999488830566,Mohamed Salah,h,1250,OpenPlay,2022,LeftFoot,18320,Liverpool,West Ham,1,0,2022-10-19 18:30:00,Trent Alexander-Arnold,TakeOn
891,494438,92,BlockedShot,0.8809999847412109,0.6229999923706054,0.08946769684553146,Mohamed Salah,h,1250,OpenPlay,2022,LeftFoot,18320,Liverpool,West Ham,1,0,2022-10-19 18:30:00,James Milner,Pass
892,494757,19,BlockedShot,0.9,0.5970000076293945,0.10610499978065491,Mohamed Salah,a,1250,OpenPlay,2022,LeftFoot,18327,Nottingham Forest,Liverpool,1,0,2022-10-22 11:30:00,Curtis Jones,Pass
893,494760,29,SavedShot,0.8540000152587891,0.54,0.09696120023727417,Mohamed Salah,a,1250,OpenPlay,2022,LeftFoot,18327,Nottingham Forest,Liverpool,1,0,2022-10-22 11:30:00,Harvey Elliott,Pass
894,494774,84,MissedShots,0.9359999847412109,0.2989999961853027,0.047256700694561005,Mohamed Salah,a,1250,OpenPlay,2022,RightFoot,18327,Nottingham Forest,Liverpool,1,0,2022-10-22 11:30:00,,Rebound
895,494778,94,SavedShot,0.9319999694824219,0.534000015258789,0.05719529837369919,Mohamed Salah,a,1250,OpenPlay,2022,Head,18327,Nottingham Forest,Liverpool,1,0,2022-10-22 11:30:00,Andrew Robertson,HeadPass
896,496838,0,MissedShots,0.975999984741211,0.7280000305175781,0.040135499089956284,Mohamed Salah,h,1250,OpenPlay,2022,LeftFoot,18339,Liverpool,Leeds,1,2,2022-10-29 18:45:00,,None
897,496843,13,Goal,0.950999984741211,0.45099998474121095,0.4468269944190979,Mohamed Salah,h,1250,FromCorner,2022,LeftFoot,18339,Liverpool,Leeds,1,2,2022-10-29 18:45:00,Andrew Robertson,Cross
898,496849,38,SavedShot,0.8109999847412109,0.534000015258789,0.054601799696683884,Mohamed Salah,h,1250,OpenPlay,2022,LeftFoot,18339,Liverpool,Leeds,1,2,2022-10-29 18:45:00,Darwin Núñez,BallTouch
899,496853,57,MissedShots,0.7930000305175782,0.395,0.03104409947991371,Mohamed Salah,h,1250,OpenPlay,2022,LeftFoot,18339,Liverpool,Leeds,1,2,2022-10-29 18:45:00,Thiago Alcántara,TakeOn
900,496861,67,BlockedShot,0.8290000152587891,0.3160000038146973,0.03381489962339401,Mohamed Salah,h,1250,OpenPlay,2022,LeftFoot,18339,Liverpool,Leeds,1,2,2022-10-29 18:45:00,Trent Alexander-Arnold,Pass
901,496864,70,BlockedShot,0.8880000305175781,0.46799999237060547,0.12667900323867798,Mohamed Salah,h,1250,OpenPlay,2022,LeftFoot,18339,Liverpool,Leeds,1,2,2022-10-29 18:45:00,Curtis Jones,Pass
902,496868,85,SavedShot,0.89,0.7319999694824219,0.03515779972076416,Mohamed Salah,h,1250,OpenPlay,2022,LeftFoot,18339,Liverpool,Leeds,1,2,2022-10-29 18:45:00,Roberto Firmino,Pass
903,498836,10,Goal,0.874000015258789,0.46,0.11480200290679932,Mohamed Salah,a,1250,OpenPlay,2022,LeftFoot,18349,Tottenham,Liverpool,1,2,2022-11-06 16:30:00,Darwin Núñez,Pass
904,498842,39,Goal,0.899000015258789,0.5529999923706055,0.4605410099029541,Mohamed Salah,a,1250,OpenPlay,2022,LeftFoot,18349,Tottenham,Liverpool,1,2,2022-11-06 16:30:00,,None
905,498850,53,SavedShot,0.8680000305175781,0.4620000076293945,0.42392799258232117,Mohamed Salah,a,1250,OpenPlay,2022,LeftFoot,18349,Tottenham,Liverpool,1,2,2022-11-06 16:30:00,Darwin Núñez,Pass
906,500168,15,SavedShot,0.9180000305175782,0.4329999923706055,0.3229660093784332,Mohamed Salah,h,1250,OpenPlay,2022,RightFoot,18355,Liverpool,Southampton,3,1,2022-11-12 15:00:00,Darwin Núñez,Cross
907,500172,31,SavedShot,0.874000015258789,0.5670000076293945,0.11384599655866623,Mohamed Salah,h,1250,OpenPlay,2022,LeftFoot,18355,Liverpool,Southampton,3,1,2022-11-12 15:00:00,Andrew Robertson,Pass
908,500179,54,MissedShots,0.9209999847412109,0.5029999923706054,0.4035640060901642,Mohamed Salah,h,1250,OpenPlay,2022,Head,18355,Liverpool,Southampton,3,1,2022-11-12 15:00:00,Trent Alexander-Arnold,Cross
909,500186,91,BlockedShot,0.8059999847412109,0.42700000762939455,0.06911460310220718,Mohamed Salah,h,1250,OpenPlay,2022,LeftFoot,18355,Liverpool,Southampton,3,1,2022-11-12 15:00:00,Alex Oxlade-Chamberlain,Pass
910,501024,4,Goal,0.93,0.524000015258789,0.49270099401474,Mohamed Salah,a,1250,FromCorner,2022,LeftFoot,18363,Aston Villa,Liverpool,1,3,2022-12-26 17:30:00,Andrew Robertson,Pass
911,501030,30,MissedShots,0.914000015258789,0.3290000152587891,0.07718189805746078,Mohamed Salah,a,1250,OpenPlay,2022,LeftFoot,18363,Aston Villa,Liverpool,1,3,2022-12-26 17:30:00,Jordan Henderson,Chipped
912,501038,50,SavedShot,0.9309999847412109,0.600999984741211,0.5355070233345032,Mohamed Salah,a,1250,OpenPlay,2022,LeftFoot,18363,Aston Villa,Liverpool,1,3,2022-12-26 17:30:00,Thiago Alcántara,BallRecovery
913,501571,22,MissedShots,0.9069999694824219,0.6029999923706054,0.13527899980545044,Mohamed Salah,h,1250,OpenPlay,2022,LeftFoot,18375,Liverpool,Leicester,2,1,2022-12-30 20:00:00,Darwin Núñez,Pass
914,501581,52,MissedShots,0.894000015258789,0.39799999237060546,0.41863399744033813,Mohamed Salah,h,1250,OpenPlay,2022,RightFoot,18375,Liverpool,Leicester,2,1,2022-12-30 20:00:00,Darwin Núñez,Pass
915,501588,71,SavedShot,0.8959999847412109,0.375,0.098198302090168,Mohamed Salah,h,1250,OpenPlay,2022,RightFoot,18375,Liverpool,Leicester,2,1,2022-12-30 20:00:00,Virgil van Dijk,HeadPass
916,501593,81,SavedShot,0.8569999694824219,0.5120000076293946,0.09429799765348434,Mohamed Salah,h,1250,OpenPlay,2022,LeftFoot,18375,Liverpool,Leicester,2,1,2022-12-30 20:00:00,,None
917,502084,79,BlockedShot,0.885,0.34299999237060547,0.05717010051012039,Mohamed Salah,a,1250,OpenPlay,2022,LeftFoot,18384,Brentford,Liverpool,3,1,2023-01-02 17:30:00,Naby Keita,Pass
918,503505,25,MissedShots,0.879000015258789,0.26399999618530273,0.034962400794029236,Mohamed Salah,a,1250,OpenPlay,2022,RightFoot,18394,Brighton,Liverpool,3,0,2023-01-14 15:00:00,Fabinho,Chipped
919,504417,45,MissedShots,0.8930000305175781,0.34599998474121096,0.0563758984208107,Mohamed Salah,h,1250,OpenPlay,2022,LeftFoot,18408,Liverpool,Chelsea,0,0,2023-01-21 12:30:00,Naby Keita,Chipped
920,507099,19,MissedShots,0.865999984741211,0.37599998474121094,0.08433640003204346,Mohamed Salah,a,1250,OpenPlay,2022,LeftFoot,18421,Wolverhampton Wanderers,Liverpool,3,0,2023-02-04 15:00:00,Naby Keita,Pass
921,507115,61,MissedShots,0.8619999694824219,0.40599998474121096,0.08752509951591492,Mohamed Salah,a,1250,OpenPlay,2022,LeftFoot,18421,Wolverhampton Wanderers,Liverpool,3,0,2023-02-04 15:00:00,Cody Gakpo,Pass
922,509231,10,BlockedShot,0.8040000152587891,0.42200000762939455,0.12054499983787537,Mohamed Salah,h,1250,DirectFreekick,2022,LeftFoot,18428,Liverpool,Everton,2,0,2023-02-13 20:00:00,,Standard
923,509239,35,Goal,0.8380000305175781,0.504000015258789,0.3626840114593506,Mohamed Salah,h,1250,OpenPlay,2022,RightFoot,18428,Liverpool,Everton,2,0,2023-02-13 20:00:00,Darwin Núñez,Chipped
924,509246,62,SavedShot,0.8680000305175781,0.34900001525878904,0.08815570175647736,Mohamed Salah,h,1250,OpenPlay,2022,LeftFoot,18428,Liverpool,Everton,2,0,2023-02-13 20:00:00,Cody Gakpo,Pass
925,509248,81,BlockedShot,0.8690000152587891,0.3729999923706055,0.1197270005941391,Mohamed Salah,h,1250,OpenPlay,2022,LeftFoot,18428,Liverpool,Everton,2,0,2023-02-13 20:00:00,Stefan Bajcetic,Pass
926,509249,87,SavedShot,0.8930000305175781,0.34900001525878904,0.2103859931230545,Mohamed Salah,h,1250,OpenPlay,2022,LeftFoot,18428,Liverpool,Everton,2,0,2023-02-13 20:00:00,Roberto Firmino,TakeOn
927,509250,88,BlockedShot,0.9059999847412109,0.37099998474121093,0.05834620073437691,Mohamed Salah,h,1250,FromCorner,2022,RightFoot,18428,Liverpool,Everton,2,0,2023-02-13 20:00:00,Trent Alexander-Arnold,Pass
928,509846,38,BlockedShot,0.8030000305175782,0.34900001525878904,0.08770269900560379,Mohamed Salah,a,1250,DirectFreekick,2022,LeftFoot,18438,Newcastle United,Liverpool,0,2,2023-02-18 17:30:00,,Standard
929,509857,80,SavedShot,0.825999984741211,0.509000015258789,0.08004730194807053,Mohamed Salah,a,1250,OpenPlay,2022,LeftFoot,18438,Newcastle United,Liverpool,0,2,2023-02-18 17:30:00,Harvey Elliott,BallRecovery
930,511047,9,MissedShots,0.8619999694824219,0.30100000381469727,0.07192680239677429,Mohamed Salah,a,1250,OpenPlay,2022,LeftFoot,18443,Crystal Palace,Liverpool,0,0,2023-02-25 19:45:00,Cody Gakpo,Pass
931,511054,40,SavedShot,0.865,0.355,0.14873699843883514,Mohamed Salah,a,1250,OpenPlay,2022,LeftFoot,18443,Crystal Palace,Liverpool,0,0,2023-02-25 19:45:00,Naby Keita,TakeOn
932,511058,48,ShotOnPost,0.875,0.3320000076293945,0.04472450166940689,Mohamed Salah,a,1250,OpenPlay,2022,LeftFoot,18443,Crystal Palace,Liverpool,0,0,2023-02-25 19:45:00,,Rebound
933,511741,76,Goal,0.9419999694824219,0.505,0.6235020160675049,Mohamed Salah,h,1250,OpenPlay,2022,RightFoot,18264,Liverpool,Wolverhampton Wanderers,2,0,2023-03-01 20:00:00,Konstantinos Tsimikas,Pass
934,511742,82,MissedShots,0.9,0.37099998474121093,0.08909480273723602,Mohamed Salah,h,1250,OpenPlay,2022,LeftFoot,18264,Liverpool,Wolverhampton Wanderers,2,0,2023-03-01 20:00:00,,BallRecovery
935,512823,13,MissedShots,0.8209999847412109,0.345,0.039260901510715485,Mohamed Salah,h,1250,OpenPlay,2022,LeftFoot,18457,Liverpool,Manchester United,7,0,2023-03-05 16:30:00,Fabinho,Pass
936,512841,65,Goal,0.8690000152587891,0.5379999923706055,0.13446399569511414,Mohamed Salah,h,1250,OpenPlay,2022,RightFoot,18457,Liverpool,Manchester United,7,0,2023-03-05 16:30:00,,None
937,512845,82,Goal,0.93,0.4640000152587891,0.44876399636268616,Mohamed Salah,h,1250,OpenPlay,2022,RightFoot,18457,Liverpool,Manchester United,7,0,2023-03-05 16:30:00,Roberto Firmino,BallTouch
938,513234,4,SavedShot,0.8240000152587891,0.4540000152587891,0.06814049929380417,Mohamed Salah,a,1250,OpenPlay,2022,LeftFoot,18462,Bournemouth,Liverpool,1,0,2023-03-11 12:30:00,Cody Gakpo,Pass
939,513249,68,MissedShots,0.885,0.5,0.7611690163612366,Mohamed Salah,a,1250,Penalty,2022,LeftFoot,18462,Bournemouth,Liverpool,1,0,2023-03-11 12:30:00,,Standard
940,516058,14,BlockedShot,0.855,0.3579999923706055,0.08936460316181183,Mohamed Salah,a,1250,OpenPlay,2022,LeftFoot,18488,Manchester City,Liverpool,4,1,2023-04-01 11:30:00,Harvey Elliott,Pass
941,516060,16,Goal,0.855999984741211,0.415,0.08568920195102692,Mohamed Salah,a,1250,OpenPlay,2022,LeftFoot,18488,Manchester City,Liverpool,4,1,2023-04-01 11:30:00,Diogo Jota,Pass
942,518760,33,MissedShots,0.9230000305175782,0.3320000076293945,0.28515300154685974,Mohamed Salah,h,1250,OpenPlay,2022,LeftFoot,18497,Liverpool,Arsenal,2,2,2023-04-09 15:30:00,Jordan Henderson,Throughball
943,518762,41,Goal,0.9780000305175781,0.4640000152587891,0.7208560109138489,Mohamed Salah,h,1250,OpenPlay,2022,RightFoot,18497,Liverpool,Arsenal,2,2,2023-04-09 15:30:00,,Rebound
944,518766,47,BlockedShot,0.830999984741211,0.345,0.04627490043640137,Mohamed Salah,h,1250,OpenPlay,2022,LeftFoot,18497,Liverpool,Arsenal,2,2,2023-04-09 15:30:00,Cody Gakpo,Pass
945,518767,48,MissedShots,0.9840000152587891,0.3340000152587891,0.056109100580215454,Mohamed Salah,h,1250,OpenPlay,2022,LeftFoot,18497,Liverpool,Arsenal,2,2,2023-04-09 15:30:00,Cody Gakpo,Pass
946,518764,49,BlockedShot,0.9009999847412109,0.30100000381469727,0.04197780042886734,Mohamed Salah,h,1250,OpenPlay,2022,LeftFoot,18497,Liverpool,Arsenal,2,2,2023-04-09 15:30:00,Trent Alexander-Arnold,Chipped
947,518768,53,MissedShots,0.885,0.5,0.7611690163612366,Mohamed Salah,h,1250,Penalty,2022,LeftFoot,18497,Liverpool,Arsenal,2,2,2023-04-09 15:30:00,,Standard
948,518770,56,SavedShot,0.919000015258789,0.34200000762939453,0.05665289983153343,Mohamed Salah,h,1250,OpenPlay,2022,LeftFoot,18497,Liverpool,Arsenal,2,2,2023-04-09 15:30:00,,None
949,518774,80,MissedShots,0.9369999694824219,0.3029999923706055,0.046372998505830765,Mohamed Salah,h,1250,OpenPlay,2022,RightFoot,18497,Liverpool,Arsenal,2,2,2023-04-09 15:30:00,,None
950,518779,93,MissedShots,0.9730000305175781,0.44799999237060545,0.5925160050392151,Mohamed Salah,h,1250,OpenPlay,2022,RightFoot,18497,Liverpool,Arsenal,2,2,2023-04-09 15:30:00,Andrew Robertson,Chipped
951,518780,94,SavedShot,0.874000015258789,0.3120000076293945,0.04895289987325668,Mohamed Salah,h,1250,OpenPlay,2022,LeftFoot,18497,Liverpool,Arsenal,2,2,2023-04-09 15:30:00,Trent Alexander-Arnold,Pass
952,520426,24,MissedShots,0.905,0.4329999923706055,0.0669260025024414,Mohamed Salah,a,1250,OpenPlay,2022,Head,18505,Leeds,Liverpool,1,6,2023-04-17 19:00:00,Jordan Henderson,Cross
953,520430,38,Goal,0.8830000305175781,0.65,0.11366599798202515,Mohamed Salah,a,1250,OpenPlay,2022,LeftFoot,18505,Leeds,Liverpool,1,6,2023-04-17 19:00:00,Diogo Jota,Pass
954,520436,63,Goal,0.8980000305175782,0.39799999237060546,0.34556901454925537,Mohamed Salah,a,1250,OpenPlay,2022,LeftFoot,18505,Leeds,Liverpool,1,6,2023-04-17 19:00:00,Cody Gakpo,Pass
955,520865,9,BlockedShot,0.865,0.5279999923706055,0.07167080044746399,Mohamed Salah,h,1250,FromCorner,2022,LeftFoot,18519,Liverpool,Nottingham Forest,3,2,2023-04-22 14:00:00,,None
956,520872,34,MissedShots,0.8690000152587891,0.3120000076293945,0.045438822358846664,Mohamed Salah,h,1250,FromCorner,2022,LeftFoot,18519,Liverpool,Nottingham Forest,3,2,2023-04-22 14:00:00,Jordan Henderson,Pass
957,520885,69,Goal,0.9340000152587891,0.5,0.5197113752365112,Mohamed Salah,h,1250,SetPiece,2022,LeftFoot,18519,Liverpool,Nottingham Forest,3,2,2023-04-22 14:00:00,Trent Alexander-Arnold,Cross
958,522116,6,BlockedShot,0.8530000305175781,0.23600000381469727,0.023896144703030586,Mohamed Salah,a,1250,OpenPlay,2022,LeftFoot,18526,West Ham,Liverpool,1,2,2023-04-26 18:45:00,Cody Gakpo,Pass
959,522122,22,BlockedShot,0.8490000152587891,0.24200000762939453,0.01840178668498993,Mohamed Salah,a,1250,OpenPlay,2022,LeftFoot,18526,West Ham,Liverpool,1,2,2023-04-26 18:45:00,Curtis Jones,Chipped
960,522131,57,BlockedShot,0.8159999847412109,0.43900001525878907,0.05803308263421059,Mohamed Salah,a,1250,OpenPlay,2022,LeftFoot,18526,West Ham,Liverpool,1,2,2023-04-26 18:45:00,Cody Gakpo,HeadPass
961,523434,14,Goal,0.885,0.5,0.7611688375473022,Mohamed Salah,h,1250,Penalty,2022,LeftFoot,18539,Liverpool,Tottenham,4,3,2023-04-30 15:30:00,,Standard
962,523436,21,MissedShots,0.84,0.4640000152587891,0.09057609736919403,Mohamed Salah,h,1250,OpenPlay,2022,LeftFoot,18539,Liverpool,Tottenham,4,3,2023-04-30 15:30:00,Luis Díaz,Pass
963,523445,54,BlockedShot,0.8830000305175781,0.28,0.0645500123500824,Mohamed Salah,h,1250,OpenPlay,2022,LeftFoot,18539,Liverpool,Tottenham,4,3,2023-04-30 15:30:00,Harvey Elliott,Pass
964,523989,16,MissedShots,0.9719999694824218,0.3729999923706055,0.31177911162376404,Mohamed Salah,h,1250,OpenPlay,2022,LeftFoot,18477,Liverpool,Fulham,1,0,2023-05-03 19:00:00,Trent Alexander-Arnold,TakeOn
965,523994,38,Goal,0.885,0.5,0.7611688375473022,Mohamed Salah,h,1250,Penalty,2022,LeftFoot,18477,Liverpool,Fulham,1,0,2023-05-03 19:00:00,,Standard
966,523997,49,MissedShots,0.904000015258789,0.35400001525878905,0.10435844957828522,Mohamed Salah,h,1250,OpenPlay,2022,LeftFoot,18477,Liverpool,Fulham,1,0,2023-05-03 19:00:00,Luis Díaz,Pass
967,524770,7,SavedShot,0.7880000305175782,0.33099998474121095,0.017835404723882675,Mohamed Salah,h,1250,FromCorner,2022,LeftFoot,18545,Liverpool,Brentford,1,0,2023-05-06 16:30:00,,None
968,524772,12,Goal,0.9890000152587891,0.495,0.93929123878479,Mohamed Salah,h,1250,FromCorner,2022,LeftFoot,18545,Liverpool,Brentford,1,0,2023-05-06 16:30:00,Virgil van Dijk,HeadPass
969,524785,57,MissedShots,0.87,0.31799999237060544,0.06752835959196091,Mohamed Salah,h,1250,OpenPlay,2022,LeftFoot,18545,Liverpool,Brentford,1,0,2023-05-06 16:30:00,Diogo Jota,Pass
970,526969,42,BlockedShot,0.87,0.5709999847412109,0.12275303900241852,Mohamed Salah,a,1250,OpenPlay,2022,LeftFoot,18559,Leicester,Liverpool,0,3,2023-05-15 19:00:00,Luis Díaz,Pass
971,526974,52,MissedShots,0.8109999847412109,0.32299999237060545,0.04593657702207565,Mohamed Salah,a,1250,OpenPlay,2022,LeftFoot,18559,Leicester,Liverpool,0,3,2023-05-15 19:00:00,Jordan Henderson,Pass
972,526976,67,SavedShot,0.845999984741211,0.36700000762939455,0.0798921212553978,Mohamed Salah,a,1250,OpenPlay,2022,LeftFoot,18559,Leicester,Liverpool,0,3,2023-05-15 19:00:00,Cody Gakpo,Pass
973,526978,75,BlockedShot,0.9059999847412109,0.625,0.1385340541601181,Mohamed Salah,a,1250,OpenPlay,2022,LeftFoot,18559,Leicester,Liverpool,0,3,2023-05-15 19:00:00,Curtis Jones,Throughball
974,526979,78,MissedShots,0.8580000305175781,0.545,0.4392775595188141,Mohamed Salah,a,1250,OpenPlay,2022,LeftFoot,18559,Leicester,Liverpool,0,3,2023-05-15 19:00:00,Cody Gakpo,Throughball
975,527477,50,SavedShot,0.8619999694824219,0.3039999961853027,0.036453381180763245,Mohamed Salah,h,1250,OpenPlay,2022,LeftFoot,18565,Liverpool,Aston Villa,1,1,2023-05-20 14:00:00,Fabinho,Pass
976,527476,50,BlockedShot,0.8969999694824219,0.32799999237060545,0.052850402891635895,Mohamed Salah,h,1250,OpenPlay,2022,LeftFoot,18565,Liverpool,Aston Villa,1,1,2023-05-20 14:00:00,Trent Alexander-Arnold,TakeOn
977,529907,48,BlockedShot,0.9330000305175781,0.47200000762939454,0.1371418833732605,Mohamed Salah,a,1250,OpenPlay,2022,LeftFoot,18581,Southampton,Liverpool,4,4,2023-05-28 15:30:00,Roberto Firmino,Pass
978,529908,53,MissedShots,0.8230000305175781,0.4929999923706055,0.04905077815055847,Mohamed Salah,a,1250,OpenPlay,2022,LeftFoot,18581,Southampton,Liverpool,4,4,2023-05-28 15:30:00,Trent Alexander-Arnold,TakeOn
979,529909,59,BlockedShot,0.8880000305175781,0.41700000762939454,0.08034655451774597,Mohamed Salah,a,1250,OpenPlay,2022,LeftFoot,18581,Southampton,Liverpool,4,4,2023-05-28 15:30:00,Cody Gakpo,Pass
980,529919,78,ShotOnPost,0.774000015258789,0.49700000762939456,0.27857840061187744,Mohamed Salah,a,1250,OpenPlay,2022,LeftFoot,18581,Southampton,Liverpool,4,4,2023-05-28 15:30:00,Jordan Henderson,Chipped
981,529923,81,MissedShots,0.909000015258789,0.3160000038146973,0.053076282143592834,Mohamed Salah,a,1250,OpenPlay,2022,LeftFoot,18581,Southampton,Liverpool,4,4,2023-05-28 15:30:00,,None
982,529926,89,SavedShot,0.8859999847412109,0.5420000076293945,0.39041560888290405,Mohamed Salah,a,1250,OpenPlay,2022,RightFoot,18581,Southampton,Liverpool,4,4,2023-05-28 15:30:00,Cody Gakpo,Pass
983,529929,91,MissedShots,0.865999984741211,0.355,0.09259393811225891,Mohamed Salah,a,1250,OpenPlay,2022,LeftFoot,18581,Southampton,Liverpool,4,4,2023-05-28 15:30:00,Harvey Elliott,Pass
984,529932,96,MissedShots,0.9519999694824218,0.47,0.33692416548728943,Mohamed Salah,a,1250,OpenPlay,2022,LeftFoot,18581,Southampton,Liverpool,4,4,2023-05-28 15:30:00,Trent Alexander-Arnold,TakeOn
985,532588,11,ShotOnPost,0.8190000152587891,0.5279999923706055,0.06408040970563889,Mohamed Salah,a,1250,OpenPlay,2023,RightFoot,22283,Chelsea,Liverpool,1,1,2023-08-13 15:30:00,Cody Gakpo,Pass
986,532592,25,BlockedShot,0.850999984741211,0.445,0.10087071359157562,Mohamed Salah,a,1250,OpenPlay,2023,LeftFoot,22283,Chelsea,Liverpool,1,1,2023-08-13 15:30:00,Luis Díaz,Pass
987,532594,40,MissedShots,0.8590000152587891,0.315,0.04292548820376396,Mohamed Salah,a,1250,OpenPlay,2023,LeftFoot,22283,Chelsea,Liverpool,1,1,2023-08-13 15:30:00,,None
988,533205,33,MissedShots,0.8190000152587891,0.5720000076293945,0.05514945462346077,Mohamed Salah,h,1250,OpenPlay,2023,LeftFoot,22288,Liverpool,Bournemouth,3,1,2023-08-19 14:00:00,Diogo Jota,Pass
989,533207,35,Goal,0.9569999694824218,0.5259999847412109,0.6668094396591187,Mohamed Salah,h,1250,SetPiece,2023,LeftFoot,22288,Liverpool,Bournemouth,3,1,2023-08-19 14:00:00,,Rebound
990,533206,35,SavedShot,0.885,0.5,0.7611688375473022,Mohamed Salah,h,1250,Penalty,2023,LeftFoot,22288,Liverpool,Bournemouth,3,1,2023-08-19 14:00:00,,Standard
991,533217,52,SavedShot,0.965,0.34599998474121096,0.3147304058074951,Mohamed Salah,h,1250,OpenPlay,2023,LeftFoot,22288,Liverpool,Bournemouth,3,1,2023-08-19 14:00:00,,None
992,533228,82,MissedShots,0.805,0.62,0.10115671902894974,Mohamed Salah,h,1250,OpenPlay,2023,LeftFoot,22288,Liverpool,Bournemouth,3,1,2023-08-19 14:00:00,Virgil van Dijk,Pass
993,535388,23,SavedShot,0.8180000305175781,0.295,0.049155622720718384,Mohamed Salah,a,1250,OpenPlay,2023,LeftFoot,22304,Newcastle United,Liverpool,1,2,2023-08-27 15:30:00,Cody Gakpo,Pass
994,535403,66,BlockedShot,0.919000015258789,0.5979999923706054,0.10867590457201004,Mohamed Salah,a,1250,OpenPlay,2023,LeftFoot,22304,Newcastle United,Liverpool,1,2,2023-08-27 15:30:00,Diogo Jota,Throughball
995,536798,46,MissedShots,0.8009999847412109,0.52,0.04625609889626503,Mohamed Salah,h,1250,OpenPlay,2023,LeftFoot,21933,Liverpool,Aston Villa,3,0,2023-09-03 13:00:00,,None
996,536797,47,SavedShot,0.8830000305175781,0.28,0.08235503733158112,Mohamed Salah,h,1250,OpenPlay,2023,LeftFoot,21933,Liverpool,Aston Villa,3,0,2023-09-03 13:00:00,Trent Alexander-Arnold,Chipped
997,536803,54,Goal,0.965,0.555,0.5849390625953674,Mohamed Salah,h,1250,FromCorner,2023,LeftFoot,21933,Liverpool,Aston Villa,3,0,2023-09-03 13:00:00,Darwin Núñez,Rebound
998,536808,73,SavedShot,0.9359999847412109,0.33099998474121095,0.07273722440004349,Mohamed Salah,h,1250,OpenPlay,2023,RightFoot,21933,Liverpool,Aston Villa,3,0,2023-09-03 13:00:00,,None
999,537354,45,BlockedShot,0.8730000305175781,0.4540000152587891,0.06966961920261383,Mohamed Salah,a,1250,OpenPlay,2023,RightFoot,21935,Wolverhampton Wanderers,Liverpool,1,3,2023-09-16 11:30:00,,None
1000,539663,15,Goal,0.885,0.5,0.7611688375473022,Mohamed Salah,h,1250,Penalty,2023,LeftFoot,21953,Liverpool,West Ham,3,1,2023-09-24 13:00:00,,Standard
1001,539669,31,MissedShots,0.8690000152587891,0.3160000038146973,0.06511780619621277,Mohamed Salah,h,1250,OpenPlay,2023,LeftFoot,21953,Liverpool,West Ham,3,1,2023-09-24 13:00:00,Joseph Gomez,Pass
1002,539670,34,BlockedShot,0.845,0.3,0.04277690127491951,Mohamed Salah,h,1250,OpenPlay,2023,LeftFoot,21953,Liverpool,West Ham,3,1,2023-09-24 13:00:00,Dominik Szoboszlai,Pass
1003,539672,37,MissedShots,0.850999984741211,0.4159999847412109,0.10202417522668839,Mohamed Salah,h,1250,OpenPlay,2023,LeftFoot,21953,Liverpool,West Ham,3,1,2023-09-24 13:00:00,Luis Díaz,Pass
1004,539683,69,SavedShot,0.8059999847412109,0.28899999618530275,0.03110172227025032,Mohamed Salah,h,1250,OpenPlay,2023,LeftFoot,21953,Liverpool,West Ham,3,1,2023-09-24 13:00:00,Luis Díaz,Pass
1005,541476,21,MissedShots,0.7719999694824219,0.5670000076293945,0.022603020071983337,Mohamed Salah,a,1250,OpenPlay,2023,LeftFoot,21962,Tottenham,Liverpool,2,1,2023-09-30 16:30:00,Cody Gakpo,Pass
1006,543044,23,MissedShots,0.889000015258789,0.27,0.036720242351293564,Mohamed Salah,a,1250,OpenPlay,2023,LeftFoot,21966,Brighton,Liverpool,2,2,2023-10-08 13:00:00,Harvey Elliott,Pass
1007,543045,24,BlockedShot,0.879000015258789,0.4370000076293945,0.07374804466962814,Mohamed Salah,a,1250,OpenPlay,2023,LeftFoot,21966,Brighton,Liverpool,2,2,2023-10-08 13:00:00,Darwin Núñez,HeadPass
1008,543050,39,Goal,0.895,0.42900001525878906,0.5699190497398376,Mohamed Salah,a,1250,OpenPlay,2023,LeftFoot,21966,Brighton,Liverpool,2,2,2023-10-08 13:00:00,Darwin Núñez,Pass
1009,543052,45,Goal,0.885,0.5,0.7611688375473022,Mohamed Salah,a,1250,Penalty,2023,LeftFoot,21966,Brighton,Liverpool,2,2,2023-10-08 13:00:00,,Standard
1010,543065,88,BlockedShot,0.8480000305175781,0.4229999923706055,0.07616740465164185,Mohamed Salah,a,1250,OpenPlay,2023,LeftFoot,21966,Brighton,Liverpool,2,2,2023-10-08 13:00:00,Dominik Szoboszlai,Pass
1011,543721,26,MissedShots,0.8569999694824219,0.24399999618530274,0.02267897129058838,Mohamed Salah,h,1250,OpenPlay,2023,LeftFoot,21979,Liverpool,Everton,2,0,2023-10-21 11:30:00,,None
1012,543730,51,BlockedShot,0.8859999847412109,0.54,0.0915037989616394,Mohamed Salah,h,1250,OpenPlay,2023,LeftFoot,21979,Liverpool,Everton,2,0,2023-10-21 11:30:00,,None
1013,543737,74,Goal,0.885,0.5,0.7610946297645569,Mohamed Salah,h,1250,Penalty,2023,LeftFoot,21979,Liverpool,Everton,2,0,2023-10-21 11:30:00,,Standard
1014,543746,96,Goal,0.875999984741211,0.4209999847412109,0.4393172264099121,Mohamed Salah,h,1250,OpenPlay,2023,LeftFoot,21979,Liverpool,Everton,2,0,2023-10-21 11:30:00,Darwin Núñez,Pass
1015,546092,47,MissedShots,0.860999984741211,0.2539999961853027,0.047453708946704865,Mohamed Salah,h,1250,OpenPlay,2023,LeftFoot,21991,Liverpool,Nottingham Forest,3,0,2023-10-29 14:00:00,Darwin Núñez,Pass
1016,546094,63,MissedShots,0.7769999694824219,0.3679999923706055,0.07113295793533325,Mohamed Salah,h,1250,DirectFreekick,2023,LeftFoot,21991,Liverpool,Nottingham Forest,3,0,2023-10-29 14:00:00,,Standard
1017,546097,76,Goal,0.795,0.29700000762939455,0.06722580641508102,Mohamed Salah,h,1250,OpenPlay,2023,RightFoot,21991,Liverpool,Nottingham Forest,3,0,2023-10-29 14:00:00,Dominik Szoboszlai,Pass
1018,547523,20,MissedShots,0.855999984741211,0.4540000152587891,0.06646433472633362,Mohamed Salah,a,1250,SetPiece,2023,LeftFoot,21999,Luton,Liverpool,1,1,2023-11-05 16:30:00,,None
1019,547536,69,MissedShots,0.9619999694824218,0.445,0.4972916841506958,Mohamed Salah,a,1250,OpenPlay,2023,Head,21999,Luton,Liverpool,1,1,2023-11-05 16:30:00,Trent Alexander-Arnold,Throughball
1020,548834,38,Goal,0.9159999847412109,0.39099998474121095,0.3601323962211609,Mohamed Salah,h,1250,OpenPlay,2023,LeftFoot,22011,Liverpool,Brentford,3,0,2023-11-12 14:00:00,Darwin Núñez,Pass
1021,548837,49,MissedShots,0.9580000305175781,0.4640000152587891,0.5774540901184082,Mohamed Salah,h,1250,OpenPlay,2023,RightFoot,22011,Liverpool,Brentford,3,0,2023-11-12 14:00:00,Trent Alexander-Arnold,Chipped
1022,548845,61,Goal,0.92,0.425,0.04173821583390236,Mohamed Salah,h,1250,OpenPlay,2023,Head,22011,Liverpool,Brentford,3,0,2023-11-12 14:00:00,Konstantinos Tsimikas,Chipped
1023,551735,54,SavedShot,0.9369999694824219,0.33099998474121095,0.2905765175819397,Mohamed Salah,h,1250,OpenPlay,2023,RightFoot,22030,Liverpool,Fulham,4,3,2023-12-03 14:00:00,Darwin Núñez,Chipped
1024,551751,83,MissedShots,0.9690000152587891,0.534000015258789,0.6954677700996399,Mohamed Salah,h,1250,FromCorner,2023,LeftFoot,22030,Liverpool,Fulham,4,3,2023-12-03 14:00:00,,Rebound
1025,552234,9,MissedShots,0.879000015258789,0.4420000076293945,0.07574211061000824,Mohamed Salah,a,1250,OpenPlay,2023,LeftFoot,22040,Sheffield United,Liverpool,0,2,2023-12-06 19:30:00,Luis Díaz,Cross
1026,552235,10,BlockedShot,0.7340000152587891,0.5,0.015576601028442383,Mohamed Salah,a,1250,OpenPlay,2023,LeftFoot,22040,Sheffield United,Liverpool,0,2,2023-12-06 19:30:00,,None
1027,552243,44,SavedShot,0.860999984741211,0.36700000762939455,0.08610886335372925,Mohamed Salah,a,1250,OpenPlay,2023,LeftFoot,22040,Sheffield United,Liverpool,0,2,2023-12-06 19:30:00,Dominik Szoboszlai,Pass
1028,552246,55,SavedShot,0.9119999694824219,0.5220000076293946,0.2957737445831299,Mohamed Salah,a,1250,FromCorner,2023,RightFoot,22040,Sheffield United,Liverpool,0,2,2023-12-06 19:30:00,Trent Alexander-Arnold,Cross
1029,552632,46,BlockedShot,0.89,0.3659999847412109,0.08535472303628922,Mohamed Salah,a,1250,OpenPlay,2023,RightFoot,22047,Crystal Palace,Liverpool,1,2,2023-12-09 12:30:00,Trent Alexander-Arnold,Pass
1030,552640,61,BlockedShot,0.875,0.47900001525878905,0.07260246574878693,Mohamed Salah,a,1250,OpenPlay,2023,RightFoot,22047,Crystal Palace,Liverpool,1,2,2023-12-09 12:30:00,Joseph Gomez,Cross
1031,552644,75,Goal,0.875,0.4779999923706055,0.1019953116774559,Mohamed Salah,a,1250,OpenPlay,2023,LeftFoot,22047,Crystal Palace,Liverpool,1,2,2023-12-09 12:30:00,Curtis Jones,Pass
1032,554949,15,SavedShot,0.9580000305175781,0.4259999847412109,0.11233453452587128,Mohamed Salah,h,1250,OpenPlay,2023,RightFoot,22060,Liverpool,Manchester United,0,0,2023-12-17 16:30:00,,None
1033,554951,17,BlockedShot,0.8830000305175781,0.34799999237060547,0.0765204206109047,Mohamed Salah,h,1250,OpenPlay,2023,LeftFoot,22060,Liverpool,Manchester United,0,0,2023-12-17 16:30:00,Luis Díaz,Pass
1034,554957,41,SavedShot,0.8059999847412109,0.5379999923706055,0.052644312381744385,Mohamed Salah,h,1250,OpenPlay,2023,LeftFoot,22060,Liverpool,Manchester United,0,0,2023-12-17 16:30:00,Ryan Gravenberch,Pass
1035,554959,45,BlockedShot,0.805,0.35,0.02535681426525116,Mohamed Salah,h,1250,OpenPlay,2023,LeftFoot,22060,Liverpool,Manchester United,0,0,2023-12-17 16:30:00,Darwin Núñez,Pass
1036,554963,63,SavedShot,0.794000015258789,0.37400001525878906,0.027142934501171112,Mohamed Salah,h,1250,OpenPlay,2023,LeftFoot,22060,Liverpool,Manchester United,0,0,2023-12-17 16:30:00,Joseph Gomez,Pass
1037,554969,69,SavedShot,0.870999984741211,0.3390000152587891,0.05241487920284271,Mohamed Salah,h,1250,OpenPlay,2023,LeftFoot,22060,Liverpool,Manchester United,0,0,2023-12-17 16:30:00,Trent Alexander-Arnold,Pass
1038,556380,13,MissedShots,0.9519999694824218,0.3579999923706055,0.06348463892936707,Mohamed Salah,h,1250,OpenPlay,2023,LeftFoot,22068,Liverpool,Arsenal,1,1,2023-12-23 17:30:00,Cody Gakpo,HeadPass
1039,556384,28,Goal,0.9059999847412109,0.34,0.05276031419634819,Mohamed Salah,h,1250,OpenPlay,2023,LeftFoot,22068,Liverpool,Arsenal,1,1,2023-12-23 17:30:00,Trent Alexander-Arnold,TakeOn
1040,556387,49,SavedShot,0.850999984741211,0.3940000152587891,0.0795435756444931,Mohamed Salah,h,1250,OpenPlay,2023,LeftFoot,22068,Liverpool,Arsenal,1,1,2023-12-23 17:30:00,Curtis Jones,Pass
1041,556553,7,SavedShot,0.855999984741211,0.485,0.11597952991724014,Mohamed Salah,a,1250,OpenPlay,2023,RightFoot,22079,Burnley,Liverpool,0,2,2023-12-26 17:30:00,Darwin Núñez,Pass
1042,556560,33,ShotOnPost,0.84,0.39,0.06422867625951767,Mohamed Salah,a,1250,OpenPlay,2023,LeftFoot,22079,Burnley,Liverpool,0,2,2023-12-26 17:30:00,Cody Gakpo,Chipped
1043,556564,41,SavedShot,0.9169999694824219,0.34799999237060547,0.10550126433372498,Mohamed Salah,a,1250,OpenPlay,2023,LeftFoot,22079,Burnley,Liverpool,0,2,2023-12-26 17:30:00,Harvey Elliott,Pass
1044,557218,21,SavedShot,0.885,0.5,0.7611688375473022,Mohamed Salah,h,1250,Penalty,2023,LeftFoot,22088,Liverpool,Newcastle United,4,2,2024-01-01 19:00:00,,Standard
1045,557230,48,Goal,0.9440000152587891,0.51,0.6299231052398682,Mohamed Salah,h,1250,OpenPlay,2023,RightFoot,22088,Liverpool,Newcastle United,4,2,2024-01-01 19:00:00,Darwin Núñez,Pass
1046,557237,64,SavedShot,0.8519999694824218,0.24399999618530274,0.02640630677342415,Mohamed Salah,h,1250,OpenPlay,2023,LeftFoot,22088,Liverpool,Newcastle United,4,2,2024-01-01 19:00:00,Diogo Jota,Pass
1047,557246,85,Goal,0.885,0.5,0.7611688375473022,Mohamed Salah,h,1250,Penalty,2023,LeftFoot,22088,Liverpool,Newcastle United,4,2,2024-01-01 19:00:00,,Standard
1048,557247,87,BlockedShot,0.855,0.29100000381469726,0.05637757107615471,Mohamed Salah,h,1250,OpenPlay,2023,LeftFoot,22088,Liverpool,Newcastle United,4,2,2024-01-01 19:00:00,Curtis Jones,Pass
1049,557248,94,BlockedShot,0.8819999694824219,0.45,0.12148738652467728,Mohamed Salah,h,1250,OpenPlay,2023,LeftFoot,22088,Liverpool,Newcastle United,4,2,2024-01-01 19:00:00,Ryan Gravenberch,Chipped
1050,563623,50,MissedShots,0.915,0.39099998474121095,0.3206893503665924,Mohamed Salah,a,1250,OpenPlay,2023,LeftFoot,22135,Brentford,Liverpool,1,4,2024-02-17 12:30:00,Virgil van Dijk,HeadPass
1051,563629,67,Goal,0.8730000305175781,0.5790000152587891,0.42033544182777405,Mohamed Salah,a,1250,OpenPlay,2023,LeftFoot,22135,Brentford,Liverpool,1,4,2024-02-17 12:30:00,Cody Gakpo,TakeOn
1052,568717,64,MissedShots,0.8719999694824219,0.41900001525878905,0.07136399298906326,Mohamed Salah,h,1250,FromCorner,2023,RightFoot,22171,Liverpool,Manchester City,1,1,2024-03-10 15:45:00,,Rebound
1053,568716,64,MissedShots,0.8640000152587891,0.38299999237060545,0.03858083114027977,Mohamed Salah,h,1250,FromCorner,2023,LeftFoot,22171,Liverpool,Manchester City,1,1,2024-03-10 15:45:00,Andrew Robertson,Cross
1054,568726,88,SavedShot,0.9359999847412109,0.315,0.04803134873509407,Mohamed Salah,h,1250,OpenPlay,2023,RightFoot,22171,Liverpool,Manchester City,1,1,2024-03-10 15:45:00,Luis Díaz,Chipped
1055,571200,7,BlockedShot,0.8090000152587891,0.29100000381469726,0.023542381823062897,Mohamed Salah,h,1250,OpenPlay,2023,LeftFoot,22189,Liverpool,Brighton,2,1,2024-03-31 14:00:00,Alexis Mac Allister,Pass
1056,571201,8,MissedShots,0.8880000305175781,0.3189999961853027,0.059019237756729126,Mohamed Salah,h,1250,OpenPlay,2023,LeftFoot,22189,Liverpool,Brighton,2,1,2024-03-31 14:00:00,Conor Bradley,Pass
1057,571204,16,BlockedShot,0.8069999694824219,0.4540000152587891,0.0548270046710968,Mohamed Salah,h,1250,OpenPlay,2023,LeftFoot,22189,Liverpool,Brighton,2,1,2024-03-31 14:00:00,,TakeOn
1058,571203,16,BlockedShot,0.8930000305175781,0.35200000762939454,0.055630359798669815,Mohamed Salah,h,1250,OpenPlay,2023,LeftFoot,22189,Liverpool,Brighton,2,1,2024-03-31 14:00:00,,None
1059,571205,17,MissedShots,0.93,0.3220000076293945,0.05798919126391411,Mohamed Salah,h,1250,OpenPlay,2023,LeftFoot,22189,Liverpool,Brighton,2,1,2024-03-31 14:00:00,Alexis Mac Allister,Chipped
1060,571206,18,MissedShots,0.8919999694824219,0.40299999237060546,0.09327074140310287,Mohamed Salah,h,1250,OpenPlay,2023,LeftFoot,22189,Liverpool,Brighton,2,1,2024-03-31 14:00:00,Conor Bradley,Pass
1061,571209,31,SavedShot,0.8019999694824219,0.3970000076293945,0.03677865490317345,Mohamed Salah,h,1250,OpenPlay,2023,LeftFoot,22189,Liverpool,Brighton,2,1,2024-03-31 14:00:00,Dominik Szoboszlai,Pass
1062,571221,54,MissedShots,0.9830000305175781,0.43,0.37693655490875244,Mohamed Salah,h,1250,OpenPlay,2023,Head,22189,Liverpool,Brighton,2,1,2024-03-31 14:00:00,Luis Díaz,Chipped
1063,571225,64,Goal,0.9130000305175782,0.44,0.4596918225288391,Mohamed Salah,h,1250,OpenPlay,2023,LeftFoot,22189,Liverpool,Brighton,2,1,2024-03-31 14:00:00,Alexis Mac Allister,Throughball
1064,571227,74,SavedShot,0.8859999847412109,0.6229999923706054,0.4020680785179138,Mohamed Salah,h,1250,OpenPlay,2023,LeftFoot,22189,Liverpool,Brighton,2,1,2024-03-31 14:00:00,Luis Díaz,Pass
1065,571235,89,SavedShot,0.8830000305175781,0.5320000076293945,0.11364784091711044,Mohamed Salah,h,1250,OpenPlay,2023,RightFoot,22189,Liverpool,Brighton,2,1,2024-03-31 14:00:00,,None
1066,571237,95,MissedShots,0.8959999847412109,0.3060000038146973,0.06848612427711487,Mohamed Salah,h,1250,OpenPlay,2023,LeftFoot,22189,Liverpool,Brighton,2,1,2024-03-31 14:00:00,Alexis Mac Allister,Pass
1067,571967,5,SavedShot,0.8669999694824219,0.34,0.02066415548324585,Mohamed Salah,h,1250,OpenPlay,2023,LeftFoot,22203,Liverpool,Sheffield United,3,1,2024-04-04 18:30:00,,Aerial
1068,571970,13,MissedShots,0.8109999847412109,0.3220000076293945,0.020562661811709404,Mohamed Salah,h,1250,SetPiece,2023,LeftFoot,22203,Liverpool,Sheffield United,3,1,2024-04-04 18:30:00,,None
1069,571983,49,SavedShot,0.815,0.5220000076293946,0.07193396985530853,Mohamed Salah,h,1250,OpenPlay,2023,LeftFoot,22203,Liverpool,Sheffield United,3,1,2024-04-04 18:30:00,Luis Díaz,Pass
1070,572981,9,BlockedShot,0.875999984741211,0.6780000305175782,0.03218851238489151,Mohamed Salah,a,1250,OpenPlay,2023,LeftFoot,22211,Manchester United,Liverpool,2,2,2024-04-07 14:30:00,Darwin Núñez,Cross
1071,572989,32,SavedShot,0.825,0.3870000076293945,0.08827167749404907,Mohamed Salah,a,1250,OpenPlay,2023,LeftFoot,22211,Manchester United,Liverpool,2,2,2024-04-07 14:30:00,Luis Díaz,Pass
1072,572990,33,SavedShot,0.7869999694824219,0.3290000152587891,0.025914572179317474,Mohamed Salah,a,1250,FromCorner,2023,LeftFoot,22211,Manchester United,Liverpool,2,2,2024-04-07 14:30:00,Andrew Robertson,Cross
1073,572992,35,MissedShots,0.8780000305175781,0.42400001525878905,0.11572550982236862,Mohamed Salah,a,1250,OpenPlay,2023,LeftFoot,22211,Manchester United,Liverpool,2,2,2024-04-07 14:30:00,Dominik Szoboszlai,Pass
1074,573012,78,MissedShots,0.950999984741211,0.36,0.3081798553466797,Mohamed Salah,a,1250,OpenPlay,2023,RightFoot,22211,Manchester United,Liverpool,2,2,2024-04-07 14:30:00,,Rebound
1075,573013,83,Goal,0.885,0.5,0.7611688375473022,Mohamed Salah,a,1250,Penalty,2023,LeftFoot,22211,Manchester United,Liverpool,2,2,2024-04-07 14:30:00,,Standard
1076,574163,33,SavedShot,0.874000015258789,0.3129999923706055,0.09661723673343658,Mohamed Salah,h,1250,OpenPlay,2023,LeftFoot,22220,Liverpool,Crystal Palace,0,1,2024-04-14 13:00:00,Alexis Mac Allister,Chipped
1077,574182,90,BlockedShot,0.9680000305175781,0.49700000762939456,0.5321677923202515,Mohamed Salah,h,1250,OpenPlay,2023,LeftFoot,22220,Liverpool,Crystal Palace,0,1,2024-04-14 13:00:00,Diogo Jota,BallTouch
1078,576234,44,MissedShots,0.8169999694824219,0.515,0.04515958949923515,Mohamed Salah,a,1250,OpenPlay,2023,LeftFoot,22179,Everton,Liverpool,2,0,2024-04-24 19:00:00,Darwin Núñez,Pass
1079,576235,44,MissedShots,0.855,0.5459999847412109,0.06152265891432762,Mohamed Salah,a,1250,OpenPlay,2023,LeftFoot,22179,Everton,Liverpool,2,0,2024-04-24 19:00:00,,Rebound
1080,576236,49,BlockedShot,0.8419999694824218,0.5029999923706054,0.07670985907316208,Mohamed Salah,a,1250,OpenPlay,2023,LeftFoot,22179,Everton,Liverpool,2,0,2024-04-24 19:00:00,Dominik Szoboszlai,Pass
1081,576245,54,SavedShot,0.8930000305175781,0.5620000076293945,0.10801412910223007,Mohamed Salah,a,1250,OpenPlay,2023,RightFoot,22179,Everton,Liverpool,2,0,2024-04-24 19:00:00,Luis Díaz,Pass
1082,576253,69,BlockedShot,0.8830000305175781,0.34200000762939453,0.02190541662275791,Mohamed Salah,a,1250,FromCorner,2023,LeftFoot,22179,Everton,Liverpool,2,0,2024-04-24 19:00:00,,Aerial
1083,576255,78,MissedShots,0.8959999847412109,0.47299999237060547,0.07913834601640701,Mohamed Salah,a,1250,OpenPlay,2023,RightFoot,22179,Everton,Liverpool,2,0,2024-04-24 19:00:00,,None
1084,576260,94,SavedShot,0.855999984741211,0.4420000076293945,0.04639526456594467,Mohamed Salah,a,1250,OpenPlay,2023,LeftFoot,22179,Everton,Liverpool,2,0,2024-04-24 19:00:00,Luis Díaz,HeadPass
1085,579003,8,SavedShot,0.925,0.3390000152587891,0.08354854583740234,Mohamed Salah,h,1250,OpenPlay,2023,RightFoot,22251,Liverpool,Tottenham,4,2,2024-05-05 15:30:00,Harvey Elliott,Pass
1086,579005,15,Goal,0.9740000152587891,0.445,0.5794141292572021,Mohamed Salah,h,1250,OpenPlay,2023,Head,22251,Liverpool,Tottenham,4,2,2024-05-05 15:30:00,Cody Gakpo,Cross
1087,579007,33,MissedShots,0.8569999694824219,0.43400001525878906,0.1351286917924881,Mohamed Salah,h,1250,OpenPlay,2023,LeftFoot,22251,Liverpool,Tottenham,4,2,2024-05-05 15:30:00,,Dispossessed
1088,579014,44,SavedShot,0.9159999847412109,0.4759999847412109,0.5161395072937012,Mohamed Salah,h,1250,OpenPlay,2023,LeftFoot,22251,Liverpool,Tottenham,4,2,2024-05-05 15:30:00,Andrew Robertson,Pass
1089,579016,46,SavedShot,0.909000015258789,0.395,0.1334962397813797,Mohamed Salah,h,1250,OpenPlay,2023,RightFoot,22251,Liverpool,Tottenham,4,2,2024-05-05 15:30:00,Harvey Elliott,Pass
1090,579018,51,BlockedShot,0.8730000305175781,0.32099998474121094,0.07235376536846161,Mohamed Salah,h,1250,OpenPlay,2023,LeftFoot,22251,Liverpool,Tottenham,4,2,2024-05-05 15:30:00,Harvey Elliott,Pass
1091,580899,3,BlockedShot,0.8819999694824219,0.32,0.06249815598130226,Mohamed Salah,a,1250,OpenPlay,2023,LeftFoot,22256,Aston Villa,Liverpool,3,3,2024-05-13 19:00:00,Harvey Elliott,TakeOn
1092,582017,18,BlockedShot,0.914000015258789,0.5420000076293945,0.13775956630706787,Mohamed Salah,h,1250,OpenPlay,2023,LeftFoot,22271,Liverpool,Wolverhampton Wanderers,2,0,2024-05-19 15:00:00,Luis Díaz,Pass
1093,582025,39,BlockedShot,0.9640000152587891,0.5929999923706055,0.11720247566699982,Mohamed Salah,h,1250,FromCorner,2023,RightFoot,22271,Liverpool,Wolverhampton Wanderers,2,0,2024-05-19 15:00:00,,Rebound
1094,582032,48,SavedShot,0.8719999694824219,0.40099998474121096,0.11175885051488876,Mohamed Salah,h,1250,OpenPlay,2023,LeftFoot,22271,Liverpool,Wolverhampton Wanderers,2,0,2024-05-19 15:00:00,Alexis Mac Allister,Pass
1095,582029,49,SavedShot,0.9730000305175781,0.43,0.4901215434074402,Mohamed Salah,h,1250,OpenPlay,2023,RightFoot,22271,Liverpool,Wolverhampton Wanderers,2,0,2024-05-19 15:00:00,Andrew Robertson,Chipped
1096,582031,50,BlockedShot,0.815,0.524000015258789,0.06869452446699142,Mohamed Salah,h,1250,OpenPlay,2023,LeftFoot,22271,Liverpool,Wolverhampton Wanderers,2,0,2024-05-19 15:00:00,,Dispossessed
1097,582040,68,SavedShot,0.865999984741211,0.49400001525878906,0.13577796518802643,Mohamed Salah,h,1250,OpenPlay,2023,LeftFoot,22271,Liverpool,Wolverhampton Wanderers,2,0,2024-05-19 15:00:00,Luis Díaz,None
1098,582048,92,SavedShot,0.9340000152587891,0.41700000762939454,0.47392550110816956,Mohamed Salah,h,1250,OpenPlay,2023,RightFoot,22271,Liverpool,Wolverhampton Wanderers,2,0,2024-05-19 15:00:00,Dominik Szoboszlai,Pass
1099,584693,46,BlockedShot,0.874000015258789,0.33799999237060546,0.0402679517865181,Mohamed Salah,a,1250,FromCorner,2024,LeftFoot,26603,Ipswich,Liverpool,0,2,2024-08-17 11:30:00,Luis Díaz,Pass
1100,584700,64,Goal,0.9369999694824219,0.4490000152587891,0.5713244676589966,Mohamed Salah,a,1250,OpenPlay,2024,LeftFoot,26603,Ipswich,Liverpool,0,2,2024-08-17 11:30:00,,None
1101,584702,70,SavedShot,0.8369999694824218,0.5629999923706055,0.40319985151290894,Mohamed Salah,a,1250,OpenPlay,2024,LeftFoot,26603,Ipswich,Liverpool,0,2,2024-08-17 11:30:00,Dominik Szoboszlai,Throughball
1102,584707,93,SavedShot,0.9309999847412109,0.34700000762939454,0.08194273710250854,Mohamed Salah,a,1250,OpenPlay,2024,LeftFoot,26603,Ipswich,Liverpool,0,2,2024-08-17 11:30:00,,None
1103,586849,20,MissedShots,0.8819999694824219,0.3139999961853027,0.06441381573677063,Mohamed Salah,h,1250,OpenPlay,2024,LeftFoot,26621,Liverpool,Brentford,2,0,2024-08-25 15:30:00,Trent Alexander-Arnold,Pass
1104,586869,67,SavedShot,0.8640000152587891,0.27,0.04379034787416458,Mohamed Salah,h,1250,OpenPlay,2024,LeftFoot,26621,Liverpool,Brentford,2,0,2024-08-25 15:30:00,Dominik Szoboszlai,Pass
1105,586870,69,Goal,0.894000015258789,0.37900001525878907,0.3250463306903839,Mohamed Salah,h,1250,OpenPlay,2024,LeftFoot,26621,Liverpool,Brentford,2,0,2024-08-25 15:30:00,Luis Díaz,Pass
1106,589908,55,Goal,0.8569999694824219,0.42,0.2954355478286743,Mohamed Salah,a,1250,OpenPlay,2024,LeftFoot,26631,Manchester United,Liverpool,0,3,2024-09-01 15:00:00,Dominik Szoboszlai,Pass
1107,589909,56,MissedShots,0.860999984741211,0.4909999847412109,0.1737222522497177,Mohamed Salah,a,1250,OpenPlay,2024,LeftFoot,26631,Manchester United,Liverpool,0,3,2024-09-01 15:00:00,,TakeOn
1108,589910,57,BlockedShot,0.865,0.2929999923706055,0.05393638834357262,Mohamed Salah,a,1250,OpenPlay,2024,LeftFoot,26631,Manchester United,Liverpool,0,3,2024-09-01 15:00:00,Alexis Mac Allister,Pass
1109,590861,51,SavedShot,0.965,0.3220000076293945,0.08929038047790527,Mohamed Salah,h,1250,OpenPlay,2024,RightFoot,26635,Liverpool,Nottingham Forest,0,1,2024-09-14 14:00:00,Trent Alexander-Arnold,TakeOn
1110,590865,65,MissedShots,0.7680000305175781,0.34,0.020339200273156166,Mohamed Salah,h,1250,OpenPlay,2024,LeftFoot,26635,Liverpool,Nottingham Forest,0,1,2024-09-14 14:00:00,Ibrahima Konaté,Chipped
1111,590870,75,SavedShot,0.9069999694824219,0.24299999237060546,0.03092752955853939,Mohamed Salah,h,1250,OpenPlay,2024,LeftFoot,26635,Liverpool,Nottingham Forest,0,1,2024-09-14 14:00:00,Dominik Szoboszlai,Pass
1112,592400,12,SavedShot,0.8569999694824219,0.36400001525878906,0.08394662290811539,Mohamed Salah,h,1250,OpenPlay,2024,LeftFoot,26645,Liverpool,Bournemouth,3,0,2024-09-21 14:00:00,Alexis Mac Allister,Pass
1113,592413,39,SavedShot,0.870999984741211,0.3240000152587891,0.07777722179889679,Mohamed Salah,h,1250,OpenPlay,2024,LeftFoot,26645,Liverpool,Bournemouth,3,0,2024-09-21 14:00:00,Ryan Gravenberch,Pass
1114,592418,58,BlockedShot,0.9119999694824219,0.6179999923706054,0.1671527922153473,Mohamed Salah,h,1250,OpenPlay,2024,RightFoot,26645,Liverpool,Bournemouth,3,0,2024-09-21 14:00:00,,TakeOn
1115,592417,58,SavedShot,0.950999984741211,0.6029999923706054,0.12669971585273743,Mohamed Salah,h,1250,OpenPlay,2024,LeftFoot,26645,Liverpool,Bournemouth,3,0,2024-09-21 14:00:00,Alexis Mac Allister,Chipped
1116,594314,49,MissedShots,0.86,0.3679999923706055,0.32834869623184204,Mohamed Salah,a,1250,OpenPlay,2024,RightFoot,26658,Wolverhampton Wanderers,Liverpool,1,2,2024-09-28 16:30:00,,None
1117,594316,60,Goal,0.885,0.5,0.7611688375473022,Mohamed Salah,a,1250,Penalty,2024,LeftFoot,26658,Wolverhampton Wanderers,Liverpool,1,2,2024-09-28 16:30:00,,Standard
1118,594317,64,SavedShot,0.8419999694824218,0.3039999961853027,0.06538242101669312,Mohamed Salah,a,1250,OpenPlay,2024,LeftFoot,26658,Wolverhampton Wanderers,Liverpool,1,2,2024-09-28 16:30:00,Trent Alexander-Arnold,Pass
1119,595228,47,BlockedShot,0.865,0.3270000076293945,0.07097150385379791,Mohamed Salah,a,1250,OpenPlay,2024,LeftFoot,26662,Crystal Palace,Liverpool,0,1,2024-10-05 11:30:00,Curtis Jones,Pass
1120,595230,55,SavedShot,0.9019999694824219,0.40900001525878904,0.3083310127258301,Mohamed Salah,a,1250,OpenPlay,2024,LeftFoot,26662,Crystal Palace,Liverpool,0,1,2024-10-05 11:30:00,Virgil van Dijk,Chipped
1121,597742,25,BlockedShot,0.8490000152587891,0.28,0.031621892005205154,Mohamed Salah,h,1250,OpenPlay,2024,LeftFoot,26679,Liverpool,Chelsea,2,1,2024-10-20 15:30:00,Curtis Jones,Pass
1122,597743,28,Goal,0.885,0.5,0.7611688375473022,Mohamed Salah,h,1250,Penalty,2024,LeftFoot,26679,Liverpool,Chelsea,2,1,2024-10-20 15:30:00,,Standard
1123,599063,13,MissedShots,0.76,0.385,0.018175456672906876,Mohamed Salah,a,1250,OpenPlay,2024,LeftFoot,26691,Arsenal,Liverpool,2,2,2024-10-27 16:30:00,,BallRecovery
1124,599071,51,SavedShot,0.9669999694824218,0.34900001525878904,0.06272826343774796,Mohamed Salah,a,1250,OpenPlay,2024,RightFoot,26691,Arsenal,Liverpool,2,2,2024-10-27 16:30:00,Alexis Mac Allister,Pass
1125,599077,80,Goal,0.8930000305175781,0.46,0.5900135040283203,Mohamed Salah,a,1250,OpenPlay,2024,LeftFoot,26691,Arsenal,Liverpool,2,2,2024-10-27 16:30:00,Darwin Núñez,Pass
1126,600140,25,MissedShots,0.9819999694824219,0.3920000076293945,0.05820126831531525,Mohamed Salah,h,1250,OpenPlay,2024,RightFoot,26696,Liverpool,Brighton,2,1,2024-11-02 15:00:00,Trent Alexander-Arnold,Foul
1127,600151,55,SavedShot,0.905,0.3509999847412109,0.27347931265830994,Mohamed Salah,h,1250,OpenPlay,2024,LeftFoot,26696,Liverpool,Brighton,2,1,2024-11-02 15:00:00,Darwin Núñez,Chipped
1128,600156,71,Goal,0.8519999694824218,0.31799999237060544,0.06631126999855042,Mohamed Salah,h,1250,OpenPlay,2024,LeftFoot,26696,Liverpool,Brighton,2,1,2024-11-02 15:00:00,Curtis Jones,Pass
1129,601734,4,BlockedShot,0.8719999694824219,0.3579999923706055,0.096575528383255,Mohamed Salah,h,1250,OpenPlay,2024,LeftFoot,26707,Liverpool,Aston Villa,2,0,2024-11-09 20:00:00,Trent Alexander-Arnold,Pass
1130,601751,60,BlockedShot,0.8059999847412109,0.500999984741211,0.05886966735124588,Mohamed Salah,h,1250,OpenPlay,2024,LeftFoot,26707,Liverpool,Aston Villa,2,0,2024-11-09 20:00:00,Luis Díaz,Pass
1131,601758,83,Goal,0.950999984741211,0.44599998474121094,0.620209276676178,Mohamed Salah,h,1250,OpenPlay,2024,LeftFoot,26707,Liverpool,Aston Villa,2,0,2024-11-09 20:00:00,,Interception
1132,603446,5,SavedShot,0.87,0.3189999961853027,0.07900740951299667,Mohamed Salah,a,1250,OpenPlay,2024,LeftFoot,26721,Southampton,Liverpool,2,3,2024-11-24 14:00:00,Dominik Szoboszlai,Pass
1133,603447,8,MissedShots,0.9580000305175781,0.34900001525878904,0.0484333299100399,Mohamed Salah,a,1250,OpenPlay,2024,LeftFoot,26721,Southampton,Liverpool,2,3,2024-11-24 14:00:00,Andrew Robertson,Cross
1134,603449,20,SavedShot,0.95,0.34599998474121096,0.2650887072086334,Mohamed Salah,a,1250,OpenPlay,2024,LeftFoot,26721,Southampton,Liverpool,2,3,2024-11-24 14:00:00,Cody Gakpo,Cross
1135,603465,64,Goal,0.875,0.29600000381469727,0.2497328668832779,Mohamed Salah,a,1250,OpenPlay,2024,LeftFoot,26721,Southampton,Liverpool,2,3,2024-11-24 14:00:00,Ryan Gravenberch,Chipped
1136,603474,82,Goal,0.885,0.5,0.7611688375473022,Mohamed Salah,a,1250,Penalty,2024,LeftFoot,26721,Southampton,Liverpool,2,3,2024-11-24 14:00:00,,Standard
1137,603475,84,MissedShots,0.855,0.375,0.12296708673238754,Mohamed Salah,a,1250,OpenPlay,2024,LeftFoot,26721,Southampton,Liverpool,2,3,2024-11-24 14:00:00,Dominik Szoboszlai,Chipped
1138,603476,87,ShotOnPost,0.9490000152587891,0.40700000762939453,0.1406598687171936,Mohamed Salah,a,1250,OpenPlay,2024,LeftFoot,26721,Southampton,Liverpool,2,3,2024-11-24 14:00:00,,None
1139,604826,55,MissedShots,0.8480000305175781,0.44599998474121094,0.3509168326854706,Mohamed Salah,h,1250,OpenPlay,2024,LeftFoot,26726,Liverpool,Manchester City,2,0,2024-12-01 16:00:00,,BallRecovery
1140,604829,62,MissedShots,0.8430000305175781,0.6419999694824219,0.06637599319219589,Mohamed Salah,h,1250,OpenPlay,2024,LeftFoot,26726,Liverpool,Manchester City,2,0,2024-12-01 16:00:00,Luis Díaz,BallRecovery
1141,604831,77,Goal,0.885,0.5,0.7611688375473022,Mohamed Salah,h,1250,Penalty,2024,LeftFoot,26726,Liverpool,Manchester City,2,0,2024-12-01 16:00:00,,Standard
1142,605239,13,BlockedShot,0.92,0.35200000762939454,0.09205697476863861,Mohamed Salah,a,1250,OpenPlay,2024,LeftFoot,26740,Newcastle United,Liverpool,3,3,2024-12-04 19:30:00,Curtis Jones,Pass
1143,605258,67,Goal,0.9569999694824218,0.415,0.4565964639186859,Mohamed Salah,a,1250,OpenPlay,2024,RightFoot,26740,Newcastle United,Liverpool,3,3,2024-12-04 19:30:00,Trent Alexander-Arnold,Pass
1144,605265,81,ShotOnPost,0.9590000152587891,0.3320000076293945,0.08029381185770035,Mohamed Salah,a,1250,OpenPlay,2024,RightFoot,26740,Newcastle United,Liverpool,3,3,2024-12-04 19:30:00,Trent Alexander-Arnold,TakeOn
1145,605266,82,Goal,0.905,0.46599998474121096,0.1345466822385788,Mohamed Salah,a,1250,OpenPlay,2024,LeftFoot,26740,Newcastle United,Liverpool,3,3,2024-12-04 19:30:00,Trent Alexander-Arnold,Pass
1146,607109,46,MissedShots,0.889000015258789,0.37799999237060544,0.06115205958485603,Mohamed Salah,h,1250,OpenPlay,2024,LeftFoot,26752,Liverpool,Fulham,2,2,2024-12-14 15:00:00,,None
1147,607116,65,MissedShots,0.8780000305175781,0.6669999694824219,0.0845210999250412,Mohamed Salah,h,1250,OpenPlay,2024,LeftFoot,26752,Liverpool,Fulham,2,2,2024-12-14 15:00:00,Dominik Szoboszlai,Pass
1148,607119,70,MissedShots,0.845999984741211,0.515,0.05395442247390747,Mohamed Salah,h,1250,OpenPlay,2024,LeftFoot,26752,Liverpool,Fulham,2,2,2024-12-14 15:00:00,Luis Díaz,Cross
1149,607124,90,BlockedShot,0.89,0.325,0.03505393862724304,Mohamed Salah,h,1250,FromCorner,2024,LeftFoot,26752,Liverpool,Fulham,2,2,2024-12-14 15:00:00,Harvey Elliott,Cross
1150,608793,2,MissedShots,0.8780000305175781,0.28,0.04248105362057686,Mohamed Salah,a,1250,OpenPlay,2024,LeftFoot,26768,Tottenham,Liverpool,3,6,2024-12-22 16:30:00,,BallRecovery
1151,608795,9,SavedShot,0.9569999694824218,0.43,0.41125401854515076,Mohamed Salah,a,1250,OpenPlay,2024,LeftFoot,26768,Tottenham,Liverpool,3,6,2024-12-22 16:30:00,Trent Alexander-Arnold,Cross
1152,608799,16,BlockedShot,0.88,0.41900001525878905,0.07199815660715103,Mohamed Salah,a,1250,OpenPlay,2024,LeftFoot,26768,Tottenham,Liverpool,3,6,2024-12-22 16:30:00,Cody Gakpo,Cross
1153,608800,16,BlockedShot,0.8809999847412109,0.4159999847412109,0.0798204317688942,Mohamed Salah,a,1250,OpenPlay,2024,LeftFoot,26768,Tottenham,Liverpool,3,6,2024-12-22 16:30:00,,Rebound
1154,608801,17,ShotOnPost,0.899000015258789,0.3609999847412109,0.13126632571220398,Mohamed Salah,a,1250,OpenPlay,2024,RightFoot,26768,Tottenham,Liverpool,3,6,2024-12-22 16:30:00,Luis Díaz,TakeOn
1155,608812,53,Goal,0.9669999694824218,0.4909999847412109,0.9530402421951294,Mohamed Salah,a,1250,OpenPlay,2024,LeftFoot,26768,Tottenham,Liverpool,3,6,2024-12-22 16:30:00,,Rebound
1156,608814,60,Goal,0.9009999847412109,0.5179999923706055,0.513583242893219,Mohamed Salah,a,1250,OpenPlay,2024,RightFoot,26768,Tottenham,Liverpool,3,6,2024-12-22 16:30:00,Dominik Szoboszlai,Pass
1157,609211,3,SavedShot,0.970999984741211,0.43,0.11911872774362564,Mohamed Salah,h,1250,OpenPlay,2024,RightFoot,26776,Liverpool,Leicester,3,1,2024-12-26 20:00:00,Cody Gakpo,Cross
1158,609219,23,BlockedShot,0.8680000305175781,0.37599998474121094,0.054748158901929855,Mohamed Salah,h,1250,OpenPlay,2024,RightFoot,26776,Liverpool,Leicester,3,1,2024-12-26 20:00:00,,None
1159,609223,44,ShotOnPost,0.870999984741211,0.35,0.08661597967147827,Mohamed Salah,h,1250,OpenPlay,2024,LeftFoot,26776,Liverpool,Leicester,3,1,2024-12-26 20:00:00,,None
1160,609232,78,SavedShot,0.8869999694824219,0.3110000038146973,0.15444086492061615,Mohamed Salah,h,1250,OpenPlay,2024,LeftFoot,26776,Liverpool,Leicester,3,1,2024-12-26 20:00:00,Trent Alexander-Arnold,Throughball
1161,609233,81,Goal,0.8930000305175781,0.29600000381469727,0.11710214614868164,Mohamed Salah,h,1250,OpenPlay,2024,LeftFoot,26776,Liverpool,Leicester,3,1,2024-12-26 20:00:00,Cody Gakpo,Chipped
1162,609580,5,SavedShot,0.945,0.445,0.5369810461997986,Mohamed Salah,a,1250,OpenPlay,2024,LeftFoot,26791,West Ham,Liverpool,0,5,2024-12-29 17:15:00,Cody Gakpo,Throughball
1163,609591,43,Goal,0.85,0.3770000076293945,0.08956075459718704,Mohamed Salah,a,1250,OpenPlay,2024,LeftFoot,26791,West Ham,Liverpool,0,5,2024-12-29 17:15:00,Curtis Jones,Pass
1164,609595,46,SavedShot,0.870999984741211,0.3890000152587891,0.40192854404449463,Mohamed Salah,a,1250,OpenPlay,2024,LeftFoot,26791,West Ham,Liverpool,0,5,2024-12-29 17:15:00,Alexis Mac Allister,Throughball
1165,609593,46,SavedShot,0.965,0.3559999847412109,0.1972620189189911,Mohamed Salah,a,1250,OpenPlay,2024,LeftFoot,26791,West Ham,Liverpool,0,5,2024-12-29 17:15:00,Trent Alexander-Arnold,TakeOn
1166,609596,48,MissedShots,0.894000015258789,0.29700000762939455,0.062276098877191544,Mohamed Salah,a,1250,OpenPlay,2024,RightFoot,26791,West Ham,Liverpool,0,5,2024-12-29 17:15:00,Cody Gakpo,Pass
1167,609600,65,MissedShots,0.8780000305175781,0.34400001525878904,0.11212463676929474,Mohamed Salah,a,1250,OpenPlay,2024,LeftFoot,26791,West Ham,Liverpool,0,5,2024-12-29 17:15:00,Trent Alexander-Arnold,Pass
1168,609602,75,MissedShots,0.8630000305175781,0.4590000152587891,0.28199413418769836,Mohamed Salah,a,1250,OpenPlay,2024,LeftFoot,26791,West Ham,Liverpool,0,5,2024-12-29 17:15:00,Trent Alexander-Arnold,Cross
1169,610328,42,MissedShots,0.875999984741211,0.33,0.108414426445961,Mohamed Salah,h,1250,OpenPlay,2024,LeftFoot,26797,Liverpool,Manchester United,2,2,2025-01-05 16:30:00,Luis Díaz,Chipped
1170,610335,69,Goal,0.885,0.5,0.7611688375473022,Mohamed Salah,h,1250,Penalty,2024,LeftFoot,26797,Liverpool,Manchester United,2,2,2025-01-05 16:30:00,,Standard
1171,610336,74,MissedShots,0.7859999847412109,0.4329999923706055,0.09648293256759644,Mohamed Salah,h,1250,DirectFreekick,2024,LeftFoot,26797,Liverpool,Manchester United,2,2,2025-01-05 16:30:00,,Standard
1172,610344,93,BlockedShot,0.9230000305175782,0.2989999961853027,0.04831521213054657,Mohamed Salah,h,1250,OpenPlay,2024,LeftFoot,26797,Liverpool,Manchester United,2,2,2025-01-05 16:30:00,Harvey Elliott,Chipped
1173,456727,57,BlockedShot,0.735,0.6830000305175781,0.012842999771237373,Luis Díaz,h,10408,OpenPlay,2021,RightFoot,16614,Liverpool,Leicester,2,0,2022-02-10 19:45:00,Joel Matip,TakeOn
1174,456729,68,MissedShots,0.8919999694824219,0.68,0.10380200296640396,Luis Díaz,h,10408,OpenPlay,2021,LeftFoot,16614,Liverpool,Leicester,2,0,2022-02-10 19:45:00,Diogo Jota,Pass
1175,456734,77,SavedShot,0.8009999847412109,0.6469999694824219,0.04414369910955429,Luis Díaz,h,10408,OpenPlay,2021,RightFoot,16614,Liverpool,Leicester,2,0,2022-02-10 19:45:00,,None
1176,456737,81,SavedShot,0.95,0.3340000152587891,0.2845950126647949,Luis Díaz,h,10408,OpenPlay,2021,RightFoot,16614,Liverpool,Leicester,2,0,2022-02-10 19:45:00,Mohamed Salah,Pass
1177,458299,16,MissedShots,0.879000015258789,0.6270000076293946,0.07013080269098282,Luis Díaz,h,10408,OpenPlay,2021,RightFoot,16631,Liverpool,Norwich,3,1,2022-02-19 15:00:00,Konstantinos Tsimikas,Pass
1178,458314,54,BlockedShot,0.845999984741211,0.5309999847412109,0.07686139643192291,Luis Díaz,h,10408,OpenPlay,2021,RightFoot,16631,Liverpool,Norwich,3,1,2022-02-19 15:00:00,Mohamed Salah,Pass
1179,458313,54,BlockedShot,0.855,0.4859999847412109,0.07083380222320557,Luis Díaz,h,10408,OpenPlay,2021,LeftFoot,16631,Liverpool,Norwich,3,1,2022-02-19 15:00:00,Mohamed Salah,Chipped
1180,458324,80,Goal,0.8959999847412109,0.6,0.365539014339447,Luis Díaz,h,10408,OpenPlay,2021,LeftFoot,16631,Liverpool,Norwich,3,1,2022-02-19 15:00:00,Jordan Henderson,Throughball
1181,459195,2,SavedShot,0.764000015258789,0.7030000305175781,0.017324600368738174,Luis Díaz,h,10408,OpenPlay,2021,RightFoot,16559,Liverpool,Leeds,6,0,2022-02-23 19:45:00,Andrew Robertson,Pass
1182,459196,3,BlockedShot,0.8419999694824218,0.6120000076293945,0.07415329664945602,Luis Díaz,h,10408,OpenPlay,2021,RightFoot,16559,Liverpool,Leeds,6,0,2022-02-23 19:45:00,Sadio Mané,TakeOn
1183,459198,21,SavedShot,0.9619999694824218,0.6990000152587891,0.13285699486732483,Luis Díaz,h,10408,OpenPlay,2021,RightFoot,16559,Liverpool,Leeds,6,0,2022-02-23 19:45:00,Sadio Mané,TakeOn
1184,459205,45,MissedShots,0.7530000305175781,0.6819999694824219,0.018318500369787216,Luis Díaz,h,10408,OpenPlay,2021,RightFoot,16559,Liverpool,Leeds,6,0,2022-02-23 19:45:00,Sadio Mané,Pass
1185,461238,11,BlockedShot,0.885,0.59,0.11050499975681305,Luis Díaz,h,10408,OpenPlay,2021,RightFoot,16649,Liverpool,West Ham,1,0,2022-03-05 17:30:00,Andrew Robertson,Pass
1186,461248,37,BlockedShot,0.9069999694824219,0.4620000076293945,0.14253999292850494,Luis Díaz,h,10408,OpenPlay,2021,RightFoot,16649,Liverpool,West Ham,1,0,2022-03-05 17:30:00,Trent Alexander-Arnold,Pass
1187,461259,63,MissedShots,0.8440000152587891,0.625999984741211,0.07543809711933136,Luis Díaz,h,10408,OpenPlay,2021,RightFoot,16649,Liverpool,West Ham,1,0,2022-03-05 17:30:00,Sadio Mané,Pass
1188,461266,74,MissedShots,0.8080000305175781,0.2989999961853027,0.029382100328803062,Luis Díaz,h,10408,OpenPlay,2021,RightFoot,16649,Liverpool,West Ham,1,0,2022-03-05 17:30:00,Trent Alexander-Arnold,Pass
1189,461269,92,BlockedShot,0.7680000305175781,0.38599998474121094,0.032691698521375656,Luis Díaz,h,10408,OpenPlay,2021,RightFoot,16649,Liverpool,West Ham,1,0,2022-03-05 17:30:00,,None
1190,462290,18,Goal,0.8480000305175781,0.47200000762939454,0.2269439995288849,Luis Díaz,a,10408,OpenPlay,2021,Head,16658,Brighton,Liverpool,0,2,2022-03-12 12:30:00,Joel Matip,Chipped
1191,462307,88,SavedShot,0.8819999694824219,0.5879999923706055,0.31436899304389954,Luis Díaz,a,10408,OpenPlay,2021,LeftFoot,16658,Brighton,Liverpool,0,2,2022-03-12 12:30:00,Thiago Alcántara,Chipped
1192,469085,4,Goal,0.9459999847412109,0.5109999847412109,0.6247460246086121,Luis Díaz,h,10408,OpenPlay,2021,RightFoot,16669,Liverpool,Manchester United,4,0,2022-04-19 19:00:00,Mohamed Salah,Pass
1193,469086,11,MissedShots,0.919000015258789,0.4520000076293945,0.04401649907231331,Luis Díaz,h,10408,FromCorner,2021,Head,16669,Liverpool,Manchester United,4,0,2022-04-19 19:00:00,Thiago Alcántara,Aerial
1194,469093,43,SavedShot,0.7419999694824219,0.6990000152587891,0.02180900052189827,Luis Díaz,h,10408,OpenPlay,2021,RightFoot,16669,Liverpool,Manchester United,4,0,2022-04-19 19:00:00,Jordan Henderson,Pass
1195,470767,63,SavedShot,0.970999984741211,0.6719999694824219,0.05874770134687424,Luis Díaz,h,10408,OpenPlay,2021,RightFoot,16708,Liverpool,Everton,2,0,2022-04-24 15:30:00,Trent Alexander-Arnold,Chipped
1196,470772,69,BlockedShot,0.8769999694824219,0.7319999694824219,0.04376420006155968,Luis Díaz,h,10408,OpenPlay,2021,RightFoot,16708,Liverpool,Everton,2,0,2022-04-24 15:30:00,Diogo Jota,Pass
1197,470777,84,MissedShots,0.905,0.629000015258789,0.044116199016571045,Luis Díaz,h,10408,FromCorner,2021,RightFoot,16708,Liverpool,Everton,2,0,2022-04-24 15:30:00,Jordan Henderson,Cross
1198,471213,49,BlockedShot,0.8730000305175781,0.3340000152587891,0.07659289985895157,Luis Díaz,a,10408,OpenPlay,2021,RightFoot,16721,Newcastle United,Liverpool,0,1,2022-04-30 11:30:00,Diogo Jota,Pass
1199,471220,63,SavedShot,0.919000015258789,0.6129999923706054,0.10588599741458893,Luis Díaz,a,10408,OpenPlay,2021,RightFoot,16721,Newcastle United,Liverpool,0,1,2022-04-30 11:30:00,,None
1200,471222,69,BlockedShot,0.865,0.7319999694824219,0.03914149850606918,Luis Díaz,a,10408,OpenPlay,2021,RightFoot,16721,Newcastle United,Liverpool,0,1,2022-04-30 11:30:00,Mohamed Salah,Chipped
1201,471228,83,MissedShots,0.955999984741211,0.6120000076293945,0.34232398867607117,Luis Díaz,a,10408,OpenPlay,2021,RightFoot,16721,Newcastle United,Liverpool,0,1,2022-04-30 11:30:00,Naby Keita,TakeOn
1202,473766,26,BlockedShot,0.8159999847412109,0.544000015258789,0.04911300167441368,Luis Díaz,h,10408,OpenPlay,2021,RightFoot,16728,Liverpool,Tottenham,1,1,2022-05-07 18:45:00,Andrew Robertson,TakeOn
1203,473772,41,SavedShot,0.7519999694824219,0.59,0.017438499256968498,Luis Díaz,h,10408,OpenPlay,2021,RightFoot,16728,Liverpool,Tottenham,1,1,2022-05-07 18:45:00,Sadio Mané,Pass
1204,473782,63,BlockedShot,0.9130000305175782,0.5159999847412109,0.11784200370311737,Luis Díaz,h,10408,FromCorner,2021,RightFoot,16728,Liverpool,Tottenham,1,1,2022-05-07 18:45:00,Virgil van Dijk,HeadPass
1205,473783,66,MissedShots,0.9330000305175781,0.415,0.03157079964876175,Luis Díaz,h,10408,OpenPlay,2021,Head,16728,Liverpool,Tottenham,1,1,2022-05-07 18:45:00,Konstantinos Tsimikas,Aerial
1206,473786,73,Goal,0.769000015258789,0.539000015258789,0.02930610068142414,Luis Díaz,h,10408,OpenPlay,2021,RightFoot,16728,Liverpool,Tottenham,1,1,2022-05-07 18:45:00,Thiago Alcántara,Pass
1207,475028,17,BlockedShot,0.8640000152587891,0.4759999847412109,0.024362800642848015,Luis Díaz,a,10408,SetPiece,2021,Head,16705,Aston Villa,Liverpool,1,2,2022-05-10 19:00:00,Konstantinos Tsimikas,Cross
1208,477898,9,MissedShots,0.9119999694824219,0.5990000152587891,0.2744849920272827,Luis Díaz,h,10408,OpenPlay,2021,RightFoot,16753,Liverpool,Wolverhampton Wanderers,3,1,2022-05-22 15:00:00,Joel Matip,Chipped
1209,477913,56,BlockedShot,0.7630000305175781,0.5159999847412109,0.033375199884176254,Luis Díaz,h,10408,OpenPlay,2021,RightFoot,16753,Liverpool,Wolverhampton Wanderers,3,1,2022-05-22 15:00:00,Sadio Mané,TakeOn
1210,477925,82,BlockedShot,0.8530000305175781,0.534000015258789,0.09484969824552536,Luis Díaz,h,10408,OpenPlay,2021,RightFoot,16753,Liverpool,Wolverhampton Wanderers,3,1,2022-05-22 15:00:00,Trent Alexander-Arnold,TakeOn
1211,479067,38,ShotOnPost,0.9259999847412109,0.6869999694824219,0.06138810142874718,Luis Díaz,a,10408,OpenPlay,2022,LeftFoot,18203,Fulham,Liverpool,2,2,2022-08-06 11:30:00,Thiago Alcántara,Pass
1212,479074,68,BlockedShot,0.9159999847412109,0.5220000076293946,0.11667200177907944,Luis Díaz,a,10408,OpenPlay,2022,RightFoot,18203,Fulham,Liverpool,2,2,2022-08-06 11:30:00,Darwin Núñez,HeadPass
1213,481430,16,SavedShot,0.92,0.5479999923706055,0.1416029930114746,Luis Díaz,h,10408,OpenPlay,2022,LeftFoot,18221,Liverpool,Crystal Palace,1,1,2022-08-15 19:00:00,,TakeOn
1214,481447,56,MissedShots,0.8769999694824219,0.5720000076293945,0.06367210298776627,Luis Díaz,h,10408,OpenPlay,2022,RightFoot,18221,Liverpool,Crystal Palace,1,1,2022-08-15 19:00:00,Mohamed Salah,Cross
1215,481448,60,Goal,0.785,0.605,0.03292449936270714,Luis Díaz,h,10408,OpenPlay,2022,RightFoot,18221,Liverpool,Crystal Palace,1,1,2022-08-15 19:00:00,James Milner,TakeOn
1216,483111,18,MissedShots,0.840999984741211,0.47,0.07027760148048401,Luis Díaz,a,10408,OpenPlay,2022,RightFoot,18231,Manchester United,Liverpool,2,1,2022-08-22 19:00:00,Harvey Elliott,Pass
1217,483122,54,SavedShot,0.9640000152587891,0.445,0.6057789921760559,Luis Díaz,a,10408,OpenPlay,2022,RightFoot,18231,Manchester United,Liverpool,2,1,2022-08-22 19:00:00,James Milner,Pass
1218,483646,2,Goal,0.9269999694824219,0.5420000076293945,0.36824798583984375,Luis Díaz,h,10408,OpenPlay,2022,Head,18236,Liverpool,Bournemouth,9,0,2022-08-27 14:00:00,Roberto Firmino,Cross
1219,483669,84,Goal,0.955999984741211,0.445,0.1257839947938919,Luis Díaz,h,10408,FromCorner,2022,Head,18236,Liverpool,Bournemouth,9,0,2022-08-27 14:00:00,Konstantinos Tsimikas,Cross
1220,485298,2,BlockedShot,0.865,0.725999984741211,0.034254901111125946,Luis Díaz,h,10408,OpenPlay,2022,RightFoot,18250,Liverpool,Newcastle United,2,1,2022-08-31 19:00:00,Andrew Robertson,Pass
1221,485303,33,MissedShots,0.9069999694824219,0.3770000076293945,0.6071360111236572,Luis Díaz,h,10408,OpenPlay,2022,RightFoot,18250,Liverpool,Newcastle United,2,1,2022-08-31 19:00:00,Roberto Firmino,TakeOn
1222,485313,62,MissedShots,0.8969999694824219,0.5720000076293945,0.08613570034503937,Luis Díaz,h,10408,OpenPlay,2022,LeftFoot,18250,Liverpool,Newcastle United,2,1,2022-08-31 19:00:00,Andrew Robertson,Cross
1223,485314,78,SavedShot,0.779000015258789,0.7580000305175781,0.01999410055577755,Luis Díaz,h,10408,OpenPlay,2022,RightFoot,18250,Liverpool,Newcastle United,2,1,2022-08-31 19:00:00,Virgil van Dijk,Pass
1224,485317,80,SavedShot,0.899000015258789,0.43900001525878907,0.1273850053548813,Luis Díaz,h,10408,OpenPlay,2022,RightFoot,18250,Liverpool,Newcastle United,2,1,2022-08-31 19:00:00,Mohamed Salah,Pass
1225,485637,42,ShotOnPost,0.8680000305175781,0.555,0.07785270363092422,Luis Díaz,a,10408,OpenPlay,2022,RightFoot,18252,Everton,Liverpool,0,0,2022-09-03 11:30:00,,Rebound
1226,485657,90,BlockedShot,0.8690000152587891,0.6480000305175782,0.05456859990954399,Luis Díaz,a,10408,OpenPlay,2022,RightFoot,18252,Everton,Liverpool,0,0,2022-09-03 11:30:00,Fabinho,Pass
1227,522133,62,MissedShots,0.855,0.72,0.020456509664654732,Luis Díaz,a,10408,OpenPlay,2022,RightFoot,18526,West Ham,Liverpool,1,2,2023-04-26 18:45:00,Curtis Jones,HeadPass
1228,522137,65,BlockedShot,0.924000015258789,0.6659999847412109,0.05829441547393799,Luis Díaz,a,10408,FromCorner,2022,RightFoot,18526,West Ham,Liverpool,1,2,2023-04-26 18:45:00,,Rebound
1229,523433,4,Goal,0.9519999694824218,0.4570000076293945,0.621370255947113,Luis Díaz,h,10408,OpenPlay,2022,RightFoot,18539,Liverpool,Tottenham,4,3,2023-04-30 15:30:00,Cody Gakpo,Pass
1230,523984,3,MissedShots,0.725999984741211,0.590999984741211,0.014574900269508362,Luis Díaz,h,10408,OpenPlay,2022,RightFoot,18477,Liverpool,Fulham,1,0,2023-05-03 19:00:00,Darwin Núñez,BallRecovery
1231,523990,18,BlockedShot,0.8880000305175781,0.7190000152587891,0.04208410531282425,Luis Díaz,h,10408,OpenPlay,2022,RightFoot,18477,Liverpool,Fulham,1,0,2023-05-03 19:00:00,Darwin Núñez,Pass
1232,526964,28,MissedShots,0.905,0.6990000152587891,0.05335485562682152,Luis Díaz,a,10408,OpenPlay,2022,RightFoot,18559,Leicester,Liverpool,0,3,2023-05-15 19:00:00,Andrew Robertson,Chipped
1233,526972,50,MissedShots,0.8730000305175781,0.4640000152587891,0.03807900473475456,Luis Díaz,a,10408,OpenPlay,2022,Head,18559,Leicester,Liverpool,0,3,2023-05-15 19:00:00,Jordan Henderson,Cross
1234,527469,8,BlockedShot,0.879000015258789,0.7319999694824219,0.03630056604743004,Luis Díaz,h,10408,OpenPlay,2022,RightFoot,18565,Liverpool,Aston Villa,1,1,2023-05-20 14:00:00,Trent Alexander-Arnold,Chipped
1235,527475,39,MissedShots,0.8780000305175781,0.5659999847412109,0.022552045062184334,Luis Díaz,h,10408,OpenPlay,2022,Head,18565,Liverpool,Aston Villa,1,1,2023-05-20 14:00:00,Jordan Henderson,Aerial
1236,529911,66,BlockedShot,0.840999984741211,0.445,0.04825502634048462,Luis Díaz,a,10408,OpenPlay,2022,RightFoot,18581,Southampton,Liverpool,4,4,2023-05-28 15:30:00,,None
1237,529928,90,MissedShots,0.725,0.580999984741211,0.019714603200554848,Luis Díaz,a,10408,OpenPlay,2022,RightFoot,18581,Southampton,Liverpool,4,4,2023-05-28 15:30:00,James Milner,Pass
1238,532590,17,Goal,0.9,0.545,0.3949512243270874,Luis Díaz,a,10408,OpenPlay,2023,LeftFoot,22283,Chelsea,Liverpool,1,1,2023-08-13 15:30:00,Mohamed Salah,Throughball
1239,532597,46,MissedShots,0.8919999694824219,0.6480000305175782,0.08316118270158768,Luis Díaz,a,10408,OpenPlay,2023,RightFoot,22283,Chelsea,Liverpool,1,1,2023-08-13 15:30:00,Dominik Szoboszlai,Pass
1240,532598,48,MissedShots,0.8680000305175781,0.395,0.057123709470033646,Luis Díaz,a,10408,FromCorner,2023,RightFoot,22283,Chelsea,Liverpool,1,1,2023-08-13 15:30:00,,None
1241,532600,52,BlockedShot,0.960999984741211,0.5670000076293945,0.3838590383529663,Luis Díaz,a,10408,FromCorner,2023,Head,22283,Chelsea,Liverpool,1,1,2023-08-13 15:30:00,Dominik Szoboszlai,Cross
1242,533200,17,BlockedShot,0.825,0.5629999923706055,0.047116149216890335,Luis Díaz,h,10408,OpenPlay,2023,RightFoot,22288,Liverpool,Bournemouth,3,1,2023-08-19 14:00:00,,Rebound
1243,533199,17,BlockedShot,0.875999984741211,0.6530000305175782,0.05203597992658615,Luis Díaz,h,10408,OpenPlay,2023,RightFoot,22288,Liverpool,Bournemouth,3,1,2023-08-19 14:00:00,Trent Alexander-Arnold,Chipped
1244,533204,27,Goal,0.9209999847412109,0.45799999237060546,0.09050827473402023,Luis Díaz,h,10408,OpenPlay,2023,RightFoot,22288,Liverpool,Bournemouth,3,1,2023-08-19 14:00:00,,None
1245,535387,16,SavedShot,0.919000015258789,0.6329999923706054,0.13726544380187988,Luis Díaz,a,10408,OpenPlay,2023,RightFoot,22304,Newcastle United,Liverpool,1,2,2023-08-27 15:30:00,Dominik Szoboszlai,TakeOn
1246,536787,15,BlockedShot,0.904000015258789,0.69,0.06675733625888824,Luis Díaz,h,10408,OpenPlay,2023,RightFoot,21933,Liverpool,Aston Villa,3,0,2023-09-03 13:00:00,Trent Alexander-Arnold,Chipped
1247,537357,46,MissedShots,0.919000015258789,0.5879999923706055,0.05818725749850273,Luis Díaz,a,10408,OpenPlay,2023,Head,21935,Wolverhampton Wanderers,Liverpool,1,3,2023-09-16 11:30:00,Andrew Robertson,Cross
1248,537366,83,BlockedShot,0.9219999694824219,0.68,0.06191651523113251,Luis Díaz,a,10408,OpenPlay,2023,LeftFoot,21935,Wolverhampton Wanderers,Liverpool,1,3,2023-09-16 11:30:00,Harvey Elliott,Chipped
1249,537371,95,SavedShot,0.955999984741211,0.6619999694824219,0.30283328890800476,Luis Díaz,a,10408,OpenPlay,2023,RightFoot,21935,Wolverhampton Wanderers,Liverpool,1,3,2023-09-16 11:30:00,Ibrahima Konaté,Chipped
1250,539678,50,MissedShots,0.705999984741211,0.7040000152587891,0.015955736860632896,Luis Díaz,h,10408,OpenPlay,2023,RightFoot,21953,Liverpool,West Ham,3,1,2023-09-24 13:00:00,Andrew Robertson,Pass
1251,541469,2,BlockedShot,0.845999984741211,0.47200000762939454,0.09264278411865234,Luis Díaz,a,10408,OpenPlay,2023,RightFoot,21962,Tottenham,Liverpool,2,1,2023-09-30 16:30:00,Mohamed Salah,Pass
1252,541487,52,MissedShots,0.9259999847412109,0.47400001525878904,0.5343154668807983,Luis Díaz,a,10408,OpenPlay,2023,RightFoot,21962,Tottenham,Liverpool,2,1,2023-09-30 16:30:00,Mohamed Salah,Throughball
1253,543058,67,MissedShots,0.9069999694824219,0.68,0.0816338062286377,Luis Díaz,a,10408,OpenPlay,2023,LeftFoot,21966,Brighton,Liverpool,2,2,2023-10-08 13:00:00,Dominik Szoboszlai,Pass
1254,543064,87,MissedShots,0.8080000305175781,0.7380000305175781,0.017062203958630562,Luis Díaz,a,10408,OpenPlay,2023,RightFoot,21966,Brighton,Liverpool,2,2,2023-10-08 13:00:00,Andrew Robertson,Pass
1255,543718,12,BlockedShot,0.9119999694824219,0.610999984741211,0.13398589193820953,Luis Díaz,h,10408,OpenPlay,2023,LeftFoot,21979,Liverpool,Everton,2,0,2023-10-21 11:30:00,Dominik Szoboszlai,Pass
1256,543726,43,MissedShots,0.950999984741211,0.5729999923706055,0.10246823728084564,Luis Díaz,h,10408,FromCorner,2023,Head,21979,Liverpool,Everton,2,0,2023-10-21 11:30:00,Konstantinos Tsimikas,Cross
1257,543734,62,MissedShots,0.860999984741211,0.8169999694824219,0.020700303837656975,Luis Díaz,h,10408,OpenPlay,2023,RightFoot,21979,Liverpool,Everton,2,0,2023-10-21 11:30:00,Dominik Szoboszlai,Pass
1258,547545,94,Goal,0.9359999847412109,0.5379999923706055,0.07872238010168076,Luis Díaz,a,10408,OpenPlay,2023,OtherBodyPart,21999,Luton,Liverpool,1,1,2023-11-05 16:30:00,Harvey Elliott,Aerial
1259,551719,2,SavedShot,0.8030000305175782,0.48400001525878905,0.04485161975026131,Luis Díaz,h,10408,OpenPlay,2023,RightFoot,22030,Liverpool,Fulham,4,3,2023-12-03 14:00:00,,None
1260,551740,54,SavedShot,0.8330000305175781,0.7630000305175781,0.024060048162937164,Luis Díaz,h,10408,OpenPlay,2023,RightFoot,22030,Liverpool,Fulham,4,3,2023-12-03 14:00:00,Konstantinos Tsimikas,Pass
1261,551741,57,SavedShot,0.8430000305175781,0.49700000762939456,0.07446452230215073,Luis Díaz,h,10408,OpenPlay,2023,RightFoot,22030,Liverpool,Fulham,4,3,2023-12-03 14:00:00,Mohamed Salah,BallTouch
1262,551744,68,MissedShots,0.9580000305175781,0.5659999847412109,0.0744624137878418,Luis Díaz,h,10408,OpenPlay,2023,Head,22030,Liverpool,Fulham,4,3,2023-12-03 14:00:00,,Aerial
1263,551750,83,SavedShot,0.9630000305175781,0.515,0.09393276274204254,Luis Díaz,h,10408,FromCorner,2023,Head,22030,Liverpool,Fulham,4,3,2023-12-03 14:00:00,Trent Alexander-Arnold,Aerial
1264,552628,14,BlockedShot,0.7680000305175781,0.6630000305175782,0.023157628253102303,Luis Díaz,a,10408,OpenPlay,2023,RightFoot,22047,Crystal Palace,Liverpool,1,2,2023-12-09 12:30:00,Konstantinos Tsimikas,Pass
1265,552634,48,MissedShots,0.8030000305175782,0.6790000152587891,0.028572041541337967,Luis Díaz,a,10408,OpenPlay,2023,RightFoot,22047,Crystal Palace,Liverpool,1,2,2023-12-09 12:30:00,Trent Alexander-Arnold,Pass
1266,554942,0,BlockedShot,0.7709999847412109,0.705,0.021389484405517578,Luis Díaz,h,10408,OpenPlay,2023,RightFoot,22060,Liverpool,Manchester United,0,0,2023-12-17 16:30:00,Ryan Gravenberch,Pass
1267,554971,71,BlockedShot,0.7980000305175782,0.7290000152587891,0.01704985648393631,Luis Díaz,h,10408,OpenPlay,2023,RightFoot,22060,Liverpool,Manchester United,0,0,2023-12-17 16:30:00,Konstantinos Tsimikas,Pass
1268,554972,75,BlockedShot,0.9109999847412109,0.505,0.11776141822338104,Luis Díaz,h,10408,OpenPlay,2023,RightFoot,22060,Liverpool,Manchester United,0,0,2023-12-17 16:30:00,Darwin Núñez,BallTouch
1269,556388,51,MissedShots,0.84,0.5209999847412109,0.08554323762655258,Luis Díaz,h,10408,OpenPlay,2023,RightFoot,22068,Liverpool,Arsenal,1,1,2023-12-23 17:30:00,Mohamed Salah,Pass
1270,556390,56,BlockedShot,0.7430000305175781,0.67,0.019376225769519806,Luis Díaz,h,10408,OpenPlay,2023,RightFoot,22068,Liverpool,Arsenal,1,1,2023-12-23 17:30:00,Joseph Gomez,Pass
1271,556573,87,SavedShot,0.9359999847412109,0.665,0.30041542649269104,Luis Díaz,a,10408,OpenPlay,2023,RightFoot,22079,Burnley,Liverpool,0,2,2023-12-26 17:30:00,Trent Alexander-Arnold,Chipped
1272,557235,61,SavedShot,0.8519999694824218,0.4129999923706055,0.09895289689302444,Luis Díaz,h,10408,OpenPlay,2023,RightFoot,22088,Liverpool,Newcastle United,4,2,2024-01-01 19:00:00,Wataru Endo,TakeOn
1273,559339,33,SavedShot,0.7030000305175781,0.48700000762939455,0.018529057502746582,Luis Díaz,a,10408,OpenPlay,2023,RightFoot,22102,Bournemouth,Liverpool,0,4,2024-01-21 16:30:00,Alexis Mac Allister,Pass
1274,560766,20,MissedShots,0.9019999694824219,0.5420000076293945,0.06937558948993683,Luis Díaz,h,10408,FromCorner,2023,Head,22113,Liverpool,Chelsea,4,1,2024-01-31 20:15:00,Conor Bradley,Cross
1275,560776,52,SavedShot,0.875,0.720999984741211,0.055366259068250656,Luis Díaz,h,10408,OpenPlay,2023,RightFoot,22113,Liverpool,Chelsea,4,1,2024-01-31 20:15:00,Joseph Gomez,Pass
1276,560787,78,Goal,0.9480000305175781,0.47200000762939454,0.5883322358131409,Luis Díaz,h,10408,OpenPlay,2023,RightFoot,22113,Liverpool,Chelsea,4,1,2024-01-31 20:15:00,Darwin Núñez,Cross
1277,561856,23,BlockedShot,0.92,0.7280000305175781,0.03887923061847687,Luis Díaz,a,10408,OpenPlay,2023,RightFoot,22116,Arsenal,Liverpool,3,1,2024-02-04 16:30:00,Alexis Mac Allister,Pass
1278,561863,45,BlockedShot,0.904000015258789,0.6580000305175782,0.11868954449892044,Luis Díaz,a,10408,OpenPlay,2023,RightFoot,22116,Arsenal,Liverpool,3,1,2024-02-04 16:30:00,,BallRecovery
1279,561870,61,SavedShot,0.8530000305175781,0.6580000305175782,0.053578007966279984,Luis Díaz,a,10408,OpenPlay,2023,RightFoot,22116,Arsenal,Liverpool,3,1,2024-02-04 16:30:00,Diogo Jota,Pass
1280,562450,37,SavedShot,0.93,0.4779999923706055,0.1509898453950882,Luis Díaz,h,10408,OpenPlay,2023,RightFoot,22128,Liverpool,Burnley,3,1,2024-02-10 15:00:00,Darwin Núñez,Pass
1281,562452,42,BlockedShot,0.7919999694824219,0.600999984741211,0.045375943183898926,Luis Díaz,h,10408,OpenPlay,2023,RightFoot,22128,Liverpool,Burnley,3,1,2024-02-10 15:00:00,Curtis Jones,Pass
1282,562453,43,SavedShot,0.8580000305175781,0.5929999923706055,0.10397715866565704,Luis Díaz,h,10408,OpenPlay,2023,RightFoot,22128,Liverpool,Burnley,3,1,2024-02-10 15:00:00,Wataru Endo,Pass
1283,562455,47,SavedShot,0.870999984741211,0.5070000076293946,0.07788953930139542,Luis Díaz,h,10408,FromCorner,2023,LeftFoot,22128,Liverpool,Burnley,3,1,2024-02-10 15:00:00,,None
1284,562458,51,Goal,0.965,0.46,0.527243435382843,Luis Díaz,h,10408,OpenPlay,2023,Head,22128,Liverpool,Burnley,3,1,2024-02-10 15:00:00,,None
1285,563622,49,MissedShots,0.779000015258789,0.6020000076293945,0.037993356585502625,Luis Díaz,a,10408,OpenPlay,2023,RightFoot,22135,Brentford,Liverpool,1,4,2024-02-17 12:30:00,Alexis Mac Allister,Pass
1286,563628,66,BlockedShot,0.8680000305175781,0.5429999923706055,0.12920857965946198,Luis Díaz,a,10408,OpenPlay,2023,RightFoot,22135,Brentford,Liverpool,1,4,2024-02-17 12:30:00,Mohamed Salah,Pass
1287,564838,4,MissedShots,0.8719999694824219,0.4109999847412109,0.3058762550354004,Luis Díaz,h,10408,OpenPlay,2023,LeftFoot,22151,Liverpool,Luton,4,1,2024-02-21 15:00:00,Harvey Elliott,TakeOn
1288,564839,9,BlockedShot,0.87,0.7269999694824218,0.023758886381983757,Luis Díaz,h,10408,FromCorner,2023,RightFoot,22151,Liverpool,Luton,4,1,2024-02-21 15:00:00,,None
1289,564845,15,BlockedShot,0.8480000305175781,0.6959999847412109,0.03484918922185898,Luis Díaz,h,10408,OpenPlay,2023,RightFoot,22151,Liverpool,Luton,4,1,2024-02-21 15:00:00,Harvey Elliott,None
1290,564849,28,SavedShot,0.855,0.69,0.042972542345523834,Luis Díaz,h,10408,OpenPlay,2023,RightFoot,22151,Liverpool,Luton,4,1,2024-02-21 15:00:00,Cody Gakpo,Pass
1291,564850,31,MissedShots,0.935,0.555,0.5037347674369812,Luis Díaz,h,10408,OpenPlay,2023,LeftFoot,22151,Liverpool,Luton,4,1,2024-02-21 15:00:00,Wataru Endo,Throughball
1292,564852,34,MissedShots,0.765,0.6659999847412109,0.017032789066433907,Luis Díaz,h,10408,OpenPlay,2023,RightFoot,22151,Liverpool,Luton,4,1,2024-02-21 15:00:00,Ryan Gravenberch,BallRecovery
1293,564857,50,BlockedShot,0.9590000152587891,0.6769999694824219,0.0598171129822731,Luis Díaz,h,10408,OpenPlay,2023,RightFoot,22151,Liverpool,Luton,4,1,2024-02-21 15:00:00,Joseph Gomez,Pass
1294,564856,50,BlockedShot,0.9180000305175782,0.59,0.3780629336833954,Luis Díaz,h,10408,OpenPlay,2023,RightFoot,22151,Liverpool,Luton,4,1,2024-02-21 15:00:00,Conor Bradley,Pass
1295,564870,70,Goal,0.924000015258789,0.5970000076293945,0.4218635857105255,Luis Díaz,h,10408,OpenPlay,2023,LeftFoot,22151,Liverpool,Luton,4,1,2024-02-21 15:00:00,Andrew Robertson,None
1296,564871,74,SavedShot,0.8859999847412109,0.47900001525878905,0.14038681983947754,Luis Díaz,h,10408,OpenPlay,2023,LeftFoot,22151,Liverpool,Luton,4,1,2024-02-21 15:00:00,Harvey Elliott,Pass
1297,566642,16,BlockedShot,0.8209999847412109,0.72,0.021821264177560806,Luis Díaz,a,10408,OpenPlay,2023,RightFoot,22162,Nottingham Forest,Liverpool,0,1,2024-03-02 15:00:00,Andrew Robertson,Pass
1298,566643,17,BlockedShot,0.9230000305175782,0.6179999923706054,0.013668689876794815,Luis Díaz,a,10408,FromCorner,2023,Head,22162,Nottingham Forest,Liverpool,0,1,2024-03-02 15:00:00,Andrew Robertson,Aerial
1299,566649,26,BlockedShot,0.950999984741211,0.4809999847412109,0.15212292969226837,Luis Díaz,a,10408,OpenPlay,2023,LeftFoot,22162,Nottingham Forest,Liverpool,0,1,2024-03-02 15:00:00,,Rebound
1300,566650,29,MissedShots,0.9369999694824219,0.27700000762939453,0.047033004462718964,Luis Díaz,a,10408,OpenPlay,2023,RightFoot,22162,Nottingham Forest,Liverpool,0,1,2024-03-02 15:00:00,Alexis Mac Allister,Chipped
1301,566661,75,MissedShots,0.8469999694824218,0.49700000762939456,0.09688106924295425,Luis Díaz,a,10408,OpenPlay,2023,RightFoot,22162,Nottingham Forest,Liverpool,0,1,2024-03-02 15:00:00,Alexis Mac Allister,Pass
1302,566665,90,BlockedShot,0.830999984741211,0.735999984741211,0.025582388043403625,Luis Díaz,a,10408,OpenPlay,2023,RightFoot,22162,Nottingham Forest,Liverpool,0,1,2024-03-02 15:00:00,Alexis Mac Allister,Pass
1303,568709,41,MissedShots,0.8119999694824219,0.49700000762939456,0.07982674986124039,Luis Díaz,h,10408,OpenPlay,2023,RightFoot,22171,Liverpool,Manchester City,1,1,2024-03-10 15:45:00,,None
1304,568715,62,MissedShots,0.8209999847412109,0.534000015258789,0.26327237486839294,Luis Díaz,h,10408,OpenPlay,2023,RightFoot,22171,Liverpool,Manchester City,1,1,2024-03-10 15:45:00,Mohamed Salah,Pass
1305,571207,26,Goal,0.9440000152587891,0.53,0.5626915097236633,Luis Díaz,h,10408,FromCorner,2023,RightFoot,22189,Liverpool,Brighton,2,1,2024-03-31 14:00:00,,None
1306,571210,32,SavedShot,0.86,0.524000015258789,0.10110197961330414,Luis Díaz,h,10408,OpenPlay,2023,RightFoot,22189,Liverpool,Brighton,2,1,2024-03-31 14:00:00,Conor Bradley,Pass
1307,571217,48,MissedShots,0.725999984741211,0.33599998474121096,0.01752888411283493,Luis Díaz,h,10408,OpenPlay,2023,RightFoot,22189,Liverpool,Brighton,2,1,2024-03-31 14:00:00,Alexis Mac Allister,Pass
1308,571230,81,BlockedShot,0.8730000305175781,0.664000015258789,0.044807832688093185,Luis Díaz,h,10408,OpenPlay,2023,RightFoot,22189,Liverpool,Brighton,2,1,2024-03-31 14:00:00,Caoimhin Kelleher,TakeOn
1309,571969,11,BlockedShot,0.7880000305175782,0.36400001525878906,0.04187551140785217,Luis Díaz,h,10408,OpenPlay,2023,RightFoot,22203,Liverpool,Sheffield United,3,1,2024-04-04 18:30:00,,TakeOn
1310,571980,47,MissedShots,0.745,0.4379999923706055,0.029189586639404297,Luis Díaz,h,10408,OpenPlay,2023,RightFoot,22203,Liverpool,Sheffield United,3,1,2024-04-04 18:30:00,Dominik Szoboszlai,Pass
1311,571995,85,MissedShots,0.919000015258789,0.63,0.09862053394317627,Luis Díaz,h,10408,OpenPlay,2023,RightFoot,22203,Liverpool,Sheffield United,3,1,2024-04-04 18:30:00,Cody Gakpo,HeadPass
1312,572982,10,MissedShots,0.9369999694824219,0.5229999923706055,0.12505443394184113,Luis Díaz,a,10408,FromCorner,2023,Head,22211,Manchester United,Liverpool,2,2,2024-04-07 14:30:00,Andrew Robertson,Cross
1313,572987,22,Goal,0.945,0.5570000076293945,0.495776504278183,Luis Díaz,a,10408,FromCorner,2023,RightFoot,22211,Manchester United,Liverpool,2,2,2024-04-07 14:30:00,Darwin Núñez,Pass
1314,572993,41,BlockedShot,0.8680000305175781,0.5529999923706055,0.1147441491484642,Luis Díaz,a,10408,OpenPlay,2023,RightFoot,22211,Manchester United,Liverpool,2,2,2024-04-07 14:30:00,Conor Bradley,Pass
1315,573011,78,SavedShot,0.8430000305175781,0.524000015258789,0.07520494610071182,Luis Díaz,a,10408,OpenPlay,2023,RightFoot,22211,Manchester United,Liverpool,2,2,2024-04-07 14:30:00,Joseph Gomez,Pass
1316,573010,78,MissedShots,0.89,0.5659999847412109,0.027153469622135162,Luis Díaz,a,10408,OpenPlay,2023,Head,22211,Manchester United,Liverpool,2,2,2024-04-07 14:30:00,,Aerial
1317,573014,93,MissedShots,0.9269999694824219,0.534000015258789,0.44703182578086853,Luis Díaz,a,10408,OpenPlay,2023,RightFoot,22211,Manchester United,Liverpool,2,2,2024-04-07 14:30:00,Andrew Robertson,HeadPass
1318,574160,28,SavedShot,0.9580000305175781,0.4229999923706055,0.10153999924659729,Luis Díaz,h,10408,OpenPlay,2023,RightFoot,22220,Liverpool,Crystal Palace,0,1,2024-04-14 13:00:00,Andrew Robertson,Cross
1319,575635,2,MissedShots,0.9169999694824219,0.4640000152587891,0.24199877679347992,Luis Díaz,a,10408,FromCorner,2023,Head,22229,Fulham,Liverpool,1,3,2024-04-21 15:30:00,Trent Alexander-Arnold,Cross
1320,576233,43,SavedShot,0.9330000305175781,0.4129999923706055,0.40394988656044006,Luis Díaz,a,10408,OpenPlay,2023,RightFoot,22179,Everton,Liverpool,2,0,2024-04-24 19:00:00,Darwin Núñez,HeadPass
1321,576251,66,BlockedShot,0.8859999847412109,0.6769999694824219,0.039541084319353104,Luis Díaz,a,10408,OpenPlay,2023,RightFoot,22179,Everton,Liverpool,2,0,2024-04-24 19:00:00,Harvey Elliott,Chipped
1322,576252,68,ShotOnPost,0.9080000305175782,0.6480000305175782,0.08831298351287842,Luis Díaz,a,10408,OpenPlay,2023,RightFoot,22179,Everton,Liverpool,2,0,2024-04-24 19:00:00,Andrew Robertson,Pass
1323,576567,39,ShotOnPost,0.865999984741211,0.7319999694824219,0.032814495265483856,Luis Díaz,a,10408,OpenPlay,2023,RightFoot,22243,West Ham,Liverpool,2,2,2024-04-27 11:30:00,Ryan Gravenberch,Pass
1324,576583,68,SavedShot,0.845999984741211,0.7030000305175781,0.12659014761447906,Luis Díaz,a,10408,OpenPlay,2023,RightFoot,22243,West Ham,Liverpool,2,2,2024-04-27 11:30:00,Ryan Gravenberch,Throughball
1325,576585,72,SavedShot,0.86,0.6279999923706054,0.1040290966629982,Luis Díaz,a,10408,OpenPlay,2023,RightFoot,22243,West Ham,Liverpool,2,2,2024-04-27 11:30:00,Alexis Mac Allister,Pass
1326,579006,21,SavedShot,0.9830000305175781,0.5770000076293945,0.12973713874816895,Luis Díaz,h,10408,OpenPlay,2023,LeftFoot,22251,Liverpool,Tottenham,4,2,2024-05-05 15:30:00,,None
1327,579011,40,MissedShots,0.9080000305175782,0.585,0.11593489348888397,Luis Díaz,h,10408,OpenPlay,2023,RightFoot,22251,Liverpool,Tottenham,4,2,2024-05-05 15:30:00,Trent Alexander-Arnold,Chipped
1328,582014,14,SavedShot,0.8169999694824219,0.49,0.06705544888973236,Luis Díaz,h,10408,OpenPlay,2023,RightFoot,22271,Liverpool,Wolverhampton Wanderers,2,0,2024-05-19 15:00:00,Alexis Mac Allister,Pass
1329,582019,30,MissedShots,0.924000015258789,0.605,0.054986219853162766,Luis Díaz,h,10408,FromCorner,2023,RightFoot,22271,Liverpool,Wolverhampton Wanderers,2,0,2024-05-19 15:00:00,Harvey Elliott,Cross
1330,582027,42,BlockedShot,0.8809999847412109,0.620999984741211,0.09624146670103073,Luis Díaz,h,10408,OpenPlay,2023,RightFoot,22271,Liverpool,Wolverhampton Wanderers,2,0,2024-05-19 15:00:00,Andrew Robertson,TakeOn
1331,582033,49,ShotOnPost,0.9519999694824218,0.5540000152587891,0.5998995900154114,Luis Díaz,h,10408,OpenPlay,2023,LeftFoot,22271,Liverpool,Wolverhampton Wanderers,2,0,2024-05-19 15:00:00,Cody Gakpo,Pass
1332,584694,47,MissedShots,0.8159999847412109,0.634000015258789,0.029835231602191925,Luis Díaz,a,10408,OpenPlay,2024,RightFoot,26603,Ipswich,Liverpool,0,2,2024-08-17 11:30:00,Dominik Szoboszlai,TakeOn
1333,584695,54,MissedShots,0.9540000152587891,0.5259999847412109,0.7516331076622009,Luis Díaz,a,10408,OpenPlay,2024,RightFoot,26603,Ipswich,Liverpool,0,2,2024-08-17 11:30:00,Trent Alexander-Arnold,Pass
1334,584704,87,BlockedShot,0.9030000305175782,0.6090000152587891,0.134298637509346,Luis Díaz,a,10408,OpenPlay,2024,RightFoot,26603,Ipswich,Liverpool,0,2,2024-08-17 11:30:00,Dominik Szoboszlai,Pass
1335,586847,12,Goal,0.860999984741211,0.5709999847412109,0.3561244308948517,Luis Díaz,h,10408,OpenPlay,2024,LeftFoot,26621,Liverpool,Brentford,2,0,2024-08-25 15:30:00,Diogo Jota,Pass
1336,586858,48,BlockedShot,0.9619999694824218,0.4420000076293945,0.15288956463336945,Luis Díaz,h,10408,OpenPlay,2024,RightFoot,26621,Liverpool,Brentford,2,0,2024-08-25 15:30:00,Dominik Szoboszlai,Pass
1337,586866,63,SavedShot,0.8580000305175781,0.47,0.09627564251422882,Luis Díaz,h,10408,OpenPlay,2024,RightFoot,26621,Liverpool,Brentford,2,0,2024-08-25 15:30:00,Alexis Mac Allister,Pass
1338,589904,34,Goal,0.955999984741211,0.565,0.38760507106781006,Luis Díaz,a,10408,OpenPlay,2024,Head,26631,Manchester United,Liverpool,0,3,2024-09-01 15:00:00,Mohamed Salah,Chipped
1339,589906,41,Goal,0.875,0.4620000076293945,0.3899449110031128,Luis Díaz,a,10408,OpenPlay,2024,RightFoot,26631,Manchester United,Liverpool,0,3,2024-09-01 15:00:00,Mohamed Salah,Pass
1340,590855,16,ShotOnPost,0.960999984741211,0.6990000152587891,0.04489820823073387,Luis Díaz,h,10408,OpenPlay,2024,RightFoot,26635,Liverpool,Nottingham Forest,0,1,2024-09-14 14:00:00,Ryan Gravenberch,Pass
1341,592398,7,SavedShot,0.764000015258789,0.64,0.02279016189277172,Luis Díaz,h,10408,OpenPlay,2024,RightFoot,26645,Liverpool,Bournemouth,3,0,2024-09-21 14:00:00,Andrew Robertson,TakeOn
1342,592403,21,SavedShot,0.9540000152587891,0.649000015258789,0.3215585947036743,Luis Díaz,h,10408,OpenPlay,2024,RightFoot,26645,Liverpool,Bournemouth,3,0,2024-09-21 14:00:00,Andrew Robertson,TakeOn
1343,592405,25,Goal,0.8690000152587891,0.375,0.28687089681625366,Luis Díaz,h,10408,OpenPlay,2024,RightFoot,26645,Liverpool,Bournemouth,3,0,2024-09-21 14:00:00,Ibrahima Konaté,Chipped
1344,592406,27,Goal,0.94,0.6359999847412109,0.3302900195121765,Luis Díaz,h,10408,OpenPlay,2024,LeftFoot,26645,Liverpool,Bournemouth,3,0,2024-09-21 14:00:00,Trent Alexander-Arnold,Pass
1345,594309,25,BlockedShot,0.8619999694824219,0.6170000076293946,0.06149885058403015,Luis Díaz,a,10408,OpenPlay,2024,RightFoot,26658,Wolverhampton Wanderers,Liverpool,1,2,2024-09-28 16:30:00,,None
1346,595243,89,BlockedShot,0.8980000305175782,0.6580000305175782,0.09265457838773727,Luis Díaz,a,10408,OpenPlay,2024,LeftFoot,26662,Crystal Palace,Liverpool,0,1,2024-10-05 11:30:00,Cody Gakpo,Pass
1347,597756,79,SavedShot,0.8,0.7290000152587891,0.02392922341823578,Luis Díaz,h,10408,OpenPlay,2024,RightFoot,26679,Liverpool,Chelsea,2,1,2024-10-20 15:30:00,Curtis Jones,Pass
1348,597759,95,MissedShots,0.8809999847412109,0.6419999694824219,0.07665237039327621,Luis Díaz,h,10408,OpenPlay,2024,RightFoot,26679,Liverpool,Chelsea,2,1,2024-10-20 15:30:00,Andrew Robertson,Pass
1349,601753,63,MissedShots,0.950999984741211,0.6079999923706054,0.01900925301015377,Luis Díaz,h,10408,SetPiece,2024,Head,26707,Liverpool,Aston Villa,2,0,2024-11-09 20:00:00,Alexis Mac Allister,Aerial
1350,603466,66,SavedShot,0.9159999847412109,0.43,0.020702779293060303,Luis Díaz,a,10408,FromCorner,2024,Head,26721,Southampton,Liverpool,2,3,2024-11-24 14:00:00,Andrew Robertson,Aerial
1351,603469,70,BlockedShot,0.909000015258789,0.6580000305175782,0.08638028055429459,Luis Díaz,a,10408,OpenPlay,2024,LeftFoot,26721,Southampton,Liverpool,2,3,2024-11-24 14:00:00,Darwin Núñez,Pass
1352,603473,79,BlockedShot,0.805,0.4929999923706055,0.040218155831098557,Luis Díaz,a,10408,OpenPlay,2024,RightFoot,26721,Southampton,Liverpool,2,3,2024-11-24 14:00:00,Alexis Mac Allister,Pass
1353,605263,78,BlockedShot,0.9019999694824219,0.624000015258789,0.09938020259141922,Luis Díaz,a,10408,OpenPlay,2024,RightFoot,26740,Newcastle United,Liverpool,3,3,2024-12-04 19:30:00,Alexis Mac Allister,Pass
1354,607108,40,MissedShots,0.9330000305175781,0.515,0.32410258054733276,Luis Díaz,h,10408,OpenPlay,2024,Head,26752,Liverpool,Fulham,2,2,2024-12-14 15:00:00,Dominik Szoboszlai,Chipped
1355,607126,92,BlockedShot,0.87,0.544000015258789,0.10702623426914215,Luis Díaz,h,10408,OpenPlay,2024,LeftFoot,26752,Liverpool,Fulham,2,2,2024-12-14 15:00:00,Diogo Jota,Pass
1356,608794,3,MissedShots,0.7669999694824219,0.6370000076293946,0.01941690221428871,Luis Díaz,a,10408,OpenPlay,2024,RightFoot,26768,Tottenham,Liverpool,3,6,2024-12-22 16:30:00,,None
1357,608802,22,Goal,0.914000015258789,0.5120000076293946,0.30775609612464905,Luis Díaz,a,10408,OpenPlay,2024,Head,26768,Tottenham,Liverpool,3,6,2024-12-22 16:30:00,Trent Alexander-Arnold,Cross
1358,608804,25,SavedShot,0.7730000305175782,0.3160000038146973,0.025730568915605545,Luis Díaz,a,10408,OpenPlay,2024,LeftFoot,26768,Tottenham,Liverpool,3,6,2024-12-22 16:30:00,,Dispossessed
1359,608816,63,SavedShot,0.914000015258789,0.5890000152587891,0.08944838494062424,Luis Díaz,a,10408,FromCorner,2024,RightFoot,26768,Tottenham,Liverpool,3,6,2024-12-22 16:30:00,Cody Gakpo,None
1360,608819,75,MissedShots,0.8069999694824219,0.49,0.2599138617515564,Luis Díaz,a,10408,OpenPlay,2024,RightFoot,26768,Tottenham,Liverpool,3,6,2024-12-22 16:30:00,Mohamed Salah,BallRecovery
1361,608822,83,SavedShot,0.8119999694824219,0.669000015258789,0.04806426912546158,Luis Díaz,a,10408,OpenPlay,2024,RightFoot,26768,Tottenham,Liverpool,3,6,2024-12-22 16:30:00,Diogo Jota,Pass
1362,608824,84,Goal,0.92,0.35,0.12302748113870621,Luis Díaz,a,10408,OpenPlay,2024,RightFoot,26768,Tottenham,Liverpool,3,6,2024-12-22 16:30:00,Mohamed Salah,Pass
1363,609584,22,SavedShot,0.914000015258789,0.6830000305175781,0.09402209520339966,Luis Díaz,a,10408,OpenPlay,2024,RightFoot,26791,West Ham,Liverpool,0,5,2024-12-29 17:15:00,Curtis Jones,Pass
1364,609585,23,MissedShots,0.9430000305175781,0.4,0.01779874414205551,Luis Díaz,a,10408,FromCorner,2024,Head,26791,West Ham,Liverpool,0,5,2024-12-29 17:15:00,Alexis Mac Allister,Aerial
1365,609586,29,Goal,0.8640000152587891,0.5259999847412109,0.07853517681360245,Luis Díaz,a,10408,OpenPlay,2024,RightFoot,26791,West Ham,Liverpool,0,5,2024-12-29 17:15:00,,None
1366,609594,47,BlockedShot,0.7880000305175782,0.47299999237060547,0.05097271129488945,Luis Díaz,a,10408,OpenPlay,2024,RightFoot,26791,West Ham,Liverpool,0,5,2024-12-29 17:15:00,Ryan Gravenberch,Pass
1367,609597,49,BlockedShot,0.8680000305175781,0.6320000076293946,0.08607925474643707,Luis Díaz,a,10408,OpenPlay,2024,RightFoot,26791,West Ham,Liverpool,0,5,2024-12-29 17:15:00,Mohamed Salah,Pass
1368,610317,12,MissedShots,0.8530000305175781,0.5379999923706055,0.10008318722248077,Luis Díaz,h,10408,OpenPlay,2024,RightFoot,26797,Liverpool,Manchester United,2,2,2025-01-05 16:30:00,Trent Alexander-Arnold,Pass
1369,503504,22,BlockedShot,0.815,0.46,0.06473469734191895,Cody Gakpo,a,11296,OpenPlay,2022,RightFoot,18394,Brighton,Liverpool,3,0,2023-01-14 15:00:00,Mohamed Salah,Pass
1370,504408,5,MissedShots,0.8590000152587891,0.40200000762939453,0.08883470296859741,Cody Gakpo,h,11296,OpenPlay,2022,RightFoot,18408,Liverpool,Chelsea,0,0,2023-01-21 12:30:00,Mohamed Salah,Pass
1371,504410,19,MissedShots,0.774000015258789,0.3940000152587891,0.026764899492263794,Cody Gakpo,h,11296,OpenPlay,2022,RightFoot,18408,Liverpool,Chelsea,0,0,2023-01-21 12:30:00,,BallRecovery
1372,504415,37,BlockedShot,0.875999984741211,0.5220000076293946,0.023593200370669365,Cody Gakpo,h,11296,OpenPlay,2022,Head,18408,Liverpool,Chelsea,0,0,2023-01-21 12:30:00,Stefan Bajcetic,End
1373,504418,48,BlockedShot,0.9719999694824218,0.41200000762939454,0.03879529982805252,Cody Gakpo,h,11296,OpenPlay,2022,Head,18408,Liverpool,Chelsea,0,0,2023-01-21 12:30:00,,Foul
1374,504420,49,MissedShots,0.9590000152587891,0.544000015258789,0.5541049838066101,Cody Gakpo,h,11296,SetPiece,2022,Head,18408,Liverpool,Chelsea,0,0,2023-01-21 12:30:00,Stefan Bajcetic,Aerial
1375,504421,51,BlockedShot,0.9590000152587891,0.6509999847412109,0.06645839661359787,Cody Gakpo,h,11296,OpenPlay,2022,RightFoot,18408,Liverpool,Chelsea,0,0,2023-01-21 12:30:00,,None
1376,504428,68,SavedShot,0.8959999847412109,0.6140000152587891,0.10568799823522568,Cody Gakpo,h,11296,OpenPlay,2022,RightFoot,18408,Liverpool,Chelsea,0,0,2023-01-21 12:30:00,Darwin Núñez,Pass
1377,507112,52,BlockedShot,0.885,0.7319999694824219,0.024650100618600845,Cody Gakpo,a,11296,OpenPlay,2022,RightFoot,18421,Wolverhampton Wanderers,Liverpool,3,0,2023-02-04 15:00:00,Trent Alexander-Arnold,Chipped
1378,509233,16,MissedShots,0.9069999694824219,0.4759999847412109,0.3022960126399994,Cody Gakpo,h,11296,OpenPlay,2022,Head,18428,Liverpool,Everton,2,0,2023-02-13 20:00:00,Darwin Núñez,Rebound
1379,509242,48,Goal,0.9740000152587891,0.5570000076293945,0.6298580169677734,Cody Gakpo,h,11296,OpenPlay,2022,LeftFoot,18428,Liverpool,Everton,2,0,2023-02-13 20:00:00,,None
1380,509839,16,Goal,0.925,0.4979999923706055,0.5733219981193542,Cody Gakpo,a,11296,OpenPlay,2022,RightFoot,18438,Newcastle United,Liverpool,0,2,2023-02-18 17:30:00,Mohamed Salah,Throughball
1381,509840,24,SavedShot,0.909000015258789,0.5259999847412109,0.2476940006017685,Cody Gakpo,a,11296,SetPiece,2022,Head,18438,Newcastle United,Liverpool,0,2,2023-02-18 17:30:00,Trent Alexander-Arnold,Cross
1382,511053,31,BlockedShot,0.7759999847412109,0.6880000305175781,0.017428899183869362,Cody Gakpo,a,11296,OpenPlay,2022,RightFoot,18443,Crystal Palace,Liverpool,0,0,2023-02-25 19:45:00,Diogo Jota,Pass
1383,511064,80,MissedShots,0.9069999694824219,0.5529999923706055,0.44039198756217957,Cody Gakpo,a,11296,OpenPlay,2022,RightFoot,18443,Crystal Palace,Liverpool,0,0,2023-02-25 19:45:00,Mohamed Salah,Throughball
1384,512832,42,Goal,0.8969999694824219,0.67,0.11439099907875061,Cody Gakpo,h,11296,OpenPlay,2022,RightFoot,18457,Liverpool,Manchester United,7,0,2023-03-05 16:30:00,Andrew Robertson,Throughball
1385,512835,49,Goal,0.9740000152587891,0.3870000076293945,0.34777000546455383,Cody Gakpo,h,11296,OpenPlay,2022,RightFoot,18457,Liverpool,Manchester United,7,0,2023-03-05 16:30:00,Mohamed Salah,Pass
1386,512838,56,BlockedShot,0.784000015258789,0.59,0.03706739842891693,Cody Gakpo,h,11296,OpenPlay,2022,RightFoot,18457,Liverpool,Manchester United,7,0,2023-03-05 16:30:00,Andrew Robertson,Pass
1387,513251,89,MissedShots,0.925,0.6680000305175782,0.05416399985551834,Cody Gakpo,a,11296,OpenPlay,2022,RightFoot,18462,Bournemouth,Liverpool,1,0,2023-03-11 12:30:00,,None
1388,513253,93,MissedShots,0.9480000305175781,0.2720000076293945,0.0385683998465538,Cody Gakpo,a,11296,OpenPlay,2022,RightFoot,18462,Bournemouth,Liverpool,1,0,2023-03-11 12:30:00,,None
1389,516070,54,BlockedShot,0.889000015258789,0.6869999694824219,0.06393949687480927,Cody Gakpo,a,11296,OpenPlay,2022,RightFoot,18488,Manchester City,Liverpool,4,1,2023-04-01 11:30:00,Diogo Jota,Pass
1390,518753,5,MissedShots,0.835,0.700999984741211,0.031137000769376755,Cody Gakpo,h,11296,OpenPlay,2022,RightFoot,18497,Liverpool,Arsenal,2,2,2023-04-09 15:30:00,Trent Alexander-Arnold,Chipped
1391,520422,14,MissedShots,0.9119999694824219,0.5209999847412109,0.05361650139093399,Cody Gakpo,a,11296,OpenPlay,2022,Head,18505,Leeds,Liverpool,1,6,2023-04-17 19:00:00,Jordan Henderson,Aerial
1392,520429,34,Goal,0.9740000152587891,0.5379999923706055,0.8143389821052551,Cody Gakpo,a,11296,OpenPlay,2022,LeftFoot,18505,Leeds,Liverpool,1,6,2023-04-17 19:00:00,Trent Alexander-Arnold,Pass
1393,520863,4,MissedShots,0.7619999694824219,0.605999984741211,0.020679432898759842,Cody Gakpo,h,11296,OpenPlay,2022,RightFoot,18519,Liverpool,Nottingham Forest,3,2,2023-04-22 14:00:00,,None
1394,520869,29,BlockedShot,0.935,0.45599998474121095,0.11668823659420013,Cody Gakpo,h,11296,FromCorner,2022,LeftFoot,18519,Liverpool,Nottingham Forest,3,2,2023-04-22 14:00:00,Trent Alexander-Arnold,Cross
1395,520871,34,BlockedShot,0.9259999847412109,0.45,0.09827172011137009,Cody Gakpo,h,11296,FromCorner,2022,RightFoot,18519,Liverpool,Nottingham Forest,3,2,2023-04-22 14:00:00,,Foul
1396,520876,49,MissedShots,0.8580000305175781,0.355,0.07130828499794006,Cody Gakpo,h,11296,OpenPlay,2022,RightFoot,18519,Liverpool,Nottingham Forest,3,2,2023-04-22 14:00:00,Mohamed Salah,Pass
1397,522117,6,BlockedShot,0.8869999694824219,0.3139999961853027,0.04091920331120491,Cody Gakpo,a,11296,OpenPlay,2022,RightFoot,18526,West Ham,Liverpool,1,2,2023-04-26 18:45:00,,Rebound
1398,522120,17,Goal,0.725999984741211,0.3770000076293945,0.018100550398230553,Cody Gakpo,a,11296,OpenPlay,2022,RightFoot,18526,West Ham,Liverpool,1,2,2023-04-26 18:45:00,Trent Alexander-Arnold,Pass
1399,523435,17,BlockedShot,0.835,0.595999984741211,0.08405257016420364,Cody Gakpo,h,11296,OpenPlay,2022,RightFoot,18539,Liverpool,Tottenham,4,3,2023-04-30 15:30:00,Trent Alexander-Arnold,Pass
1400,524000,67,SavedShot,0.9669999694824218,0.34200000762939453,0.12643963098526,Cody Gakpo,h,11296,OpenPlay,2022,RightFoot,18477,Liverpool,Fulham,1,0,2023-05-03 19:00:00,Mohamed Salah,Throughball
1401,524004,86,MissedShots,0.8219999694824218,0.34700000762939454,0.05399046838283539,Cody Gakpo,h,11296,OpenPlay,2022,RightFoot,18477,Liverpool,Fulham,1,0,2023-05-03 19:00:00,Harvey Elliott,Chipped
1402,524789,83,MissedShots,0.875999984741211,0.39799999237060546,0.09298968315124512,Cody Gakpo,h,11296,OpenPlay,2022,RightFoot,18545,Liverpool,Brentford,1,0,2023-05-06 16:30:00,,None
1403,526968,37,SavedShot,0.8640000152587891,0.4329999923706055,0.11295795440673828,Cody Gakpo,a,11296,OpenPlay,2022,RightFoot,18559,Leicester,Liverpool,0,3,2023-05-15 19:00:00,Mohamed Salah,Pass
1404,527483,91,SavedShot,0.6769999694824219,0.685,0.00920172780752182,Cody Gakpo,h,11296,OpenPlay,2022,RightFoot,18565,Liverpool,Aston Villa,1,1,2023-05-20 14:00:00,Virgil van Dijk,BallRecovery
1405,529915,71,Goal,0.9819999694824219,0.519000015258789,0.8849111795425415,Cody Gakpo,a,11296,OpenPlay,2022,LeftFoot,18581,Southampton,Liverpool,4,4,2023-05-28 15:30:00,Trent Alexander-Arnold,Pass
1406,529921,80,BlockedShot,0.8419999694824218,0.6580000305175782,0.044296152889728546,Cody Gakpo,a,11296,OpenPlay,2022,RightFoot,18581,Southampton,Liverpool,4,4,2023-05-28 15:30:00,,None
1407,529924,84,MissedShots,0.7609999847412109,0.620999984741211,0.020123090595006943,Cody Gakpo,a,11296,OpenPlay,2022,RightFoot,18581,Southampton,Liverpool,4,4,2023-05-28 15:30:00,Luis Díaz,Pass
1408,533202,18,MissedShots,0.7909999847412109,0.6580000305175782,0.02129107154905796,Cody Gakpo,h,11296,FromCorner,2023,RightFoot,22288,Liverpool,Bournemouth,3,1,2023-08-19 14:00:00,Mohamed Salah,Pass
1409,533219,53,BlockedShot,0.8569999694824219,0.524000015258789,0.08991779386997223,Cody Gakpo,h,11296,OpenPlay,2023,RightFoot,22288,Liverpool,Bournemouth,3,1,2023-08-19 14:00:00,,Rebound
1410,533218,53,BlockedShot,0.8640000152587891,0.5429999923706055,0.11643854528665543,Cody Gakpo,h,11296,OpenPlay,2023,LeftFoot,22288,Liverpool,Bournemouth,3,1,2023-08-19 14:00:00,Luis Díaz,Pass
1411,537351,38,MissedShots,0.8780000305175781,0.51,0.08145579695701599,Cody Gakpo,a,11296,OpenPlay,2023,RightFoot,21935,Wolverhampton Wanderers,Liverpool,1,3,2023-09-16 11:30:00,Andrew Robertson,Cross
1412,537353,44,MissedShots,0.8780000305175781,0.485,0.0442289300262928,Cody Gakpo,a,11296,OpenPlay,2023,Head,21935,Wolverhampton Wanderers,Liverpool,1,3,2023-09-16 11:30:00,Joseph Gomez,Cross
1413,537358,54,Goal,0.975999984741211,0.5279999923706055,0.8868430852890015,Cody Gakpo,a,11296,OpenPlay,2023,LeftFoot,21935,Wolverhampton Wanderers,Liverpool,1,3,2023-09-16 11:30:00,Mohamed Salah,Pass
1414,539688,87,BlockedShot,0.9380000305175781,0.305,0.07641088962554932,Cody Gakpo,h,11296,OpenPlay,2023,RightFoot,21953,Liverpool,West Ham,3,1,2023-09-24 13:00:00,Dominik Szoboszlai,Pass
1415,539691,92,SavedShot,0.9019999694824219,0.49599998474121093,0.379090815782547,Cody Gakpo,h,11296,SetPiece,2023,Head,21953,Liverpool,West Ham,3,1,2023-09-24 13:00:00,Virgil van Dijk,HeadPass
1416,541472,12,SavedShot,0.9169999694824219,0.5670000076293945,0.1309203952550888,Cody Gakpo,a,11296,OpenPlay,2023,LeftFoot,21962,Tottenham,Liverpool,2,1,2023-09-30 16:30:00,Andrew Robertson,Pass
1417,541481,38,BlockedShot,0.9180000305175782,0.3940000152587891,0.022208604961633682,Cody Gakpo,a,11296,FromCorner,2023,Head,21962,Tottenham,Liverpool,2,1,2023-09-30 16:30:00,Andrew Robertson,Tackle
1418,541485,48,Goal,0.9180000305175782,0.4640000152587891,0.0991349071264267,Cody Gakpo,a,11296,OpenPlay,2023,RightFoot,21962,Tottenham,Liverpool,2,1,2023-09-30 16:30:00,Virgil van Dijk,HeadPass
1419,546098,81,MissedShots,0.79,0.6580000305175782,0.04122549667954445,Cody Gakpo,h,11296,OpenPlay,2023,RightFoot,21991,Liverpool,Nottingham Forest,3,0,2023-10-29 14:00:00,Alexis Mac Allister,Pass
1420,547535,67,MissedShots,0.9459999847412109,0.49599998474121093,0.5485657453536987,Cody Gakpo,a,11296,OpenPlay,2023,RightFoot,21999,Luton,Liverpool,1,1,2023-11-05 16:30:00,Harvey Elliott,Cross
1421,547540,77,BlockedShot,0.8419999694824218,0.6669999694824219,0.04435243830084801,Cody Gakpo,a,11296,OpenPlay,2023,RightFoot,21999,Luton,Liverpool,1,1,2023-11-05 16:30:00,Trent Alexander-Arnold,Chipped
1422,548824,3,SavedShot,0.7559999847412109,0.5570000076293945,0.02775431238114834,Cody Gakpo,h,11296,OpenPlay,2023,RightFoot,22011,Liverpool,Brentford,3,0,2023-11-12 14:00:00,Dominik Szoboszlai,TakeOn
1423,548841,52,MissedShots,0.7290000152587891,0.4809999847412109,0.02224555052816868,Cody Gakpo,h,11296,OpenPlay,2023,RightFoot,22011,Liverpool,Brentford,3,0,2023-11-12 14:00:00,Dominik Szoboszlai,Pass
1424,551753,87,SavedShot,0.794000015258789,0.255,0.017019763588905334,Cody Gakpo,h,11296,OpenPlay,2023,RightFoot,22030,Liverpool,Fulham,4,3,2023-12-03 14:00:00,Wataru Endo,BallTouch
1425,554965,66,MissedShots,0.7569999694824219,0.3559999847412109,0.017146585509181023,Cody Gakpo,h,11296,OpenPlay,2023,RightFoot,22060,Liverpool,Manchester United,0,0,2023-12-17 16:30:00,Darwin Núñez,Pass
1426,554968,68,BlockedShot,0.8480000305175781,0.539000015258789,0.08049552887678146,Cody Gakpo,h,11296,OpenPlay,2023,LeftFoot,22060,Liverpool,Manchester United,0,0,2023-12-17 16:30:00,Luis Díaz,Pass
1427,554978,83,BlockedShot,0.7369999694824219,0.37099998474121093,0.01735817827284336,Cody Gakpo,h,11296,OpenPlay,2023,RightFoot,22060,Liverpool,Manchester United,0,0,2023-12-17 16:30:00,Mohamed Salah,Pass
1428,554981,91,MissedShots,0.9209999847412109,0.5159999847412109,0.38888487219810486,Cody Gakpo,h,11296,SetPiece,2023,Head,22060,Liverpool,Manchester United,0,0,2023-12-17 16:30:00,Trent Alexander-Arnold,Cross
1429,556554,9,MissedShots,0.8969999694824219,0.6359999847412109,0.08777544647455215,Cody Gakpo,a,11296,OpenPlay,2023,LeftFoot,22079,Burnley,Liverpool,0,2,2023-12-26 17:30:00,Trent Alexander-Arnold,Pass
1430,556557,19,SavedShot,0.9459999847412109,0.51,0.13936160504817963,Cody Gakpo,a,11296,OpenPlay,2023,RightFoot,22079,Burnley,Liverpool,0,2,2023-12-26 17:30:00,,None
1431,556559,27,SavedShot,0.85,0.500999984741211,0.09170152246952057,Cody Gakpo,a,11296,OpenPlay,2023,RightFoot,22079,Burnley,Liverpool,0,2,2023-12-26 17:30:00,,None
1432,557239,68,SavedShot,0.8969999694824219,0.5270000076293946,0.09797755628824234,Cody Gakpo,h,11296,FromCorner,2023,RightFoot,22088,Liverpool,Newcastle United,4,2,2024-01-01 19:00:00,,None
1433,557244,77,Goal,0.9230000305175782,0.5059999847412109,0.41287121176719666,Cody Gakpo,h,11296,OpenPlay,2023,RightFoot,22088,Liverpool,Newcastle United,4,2,2024-01-01 19:00:00,Mohamed Salah,Cross
1434,560786,76,MissedShots,0.7780000305175782,0.47400001525878904,0.042660608887672424,Cody Gakpo,h,11296,OpenPlay,2023,RightFoot,22113,Liverpool,Chelsea,4,1,2024-01-31 20:15:00,Trent Alexander-Arnold,Pass
1435,560789,92,SavedShot,0.8,0.644000015258789,0.044470012187957764,Cody Gakpo,h,11296,OpenPlay,2023,RightFoot,22113,Liverpool,Chelsea,4,1,2024-01-31 20:15:00,,BallTouch
1436,561852,12,MissedShots,0.8219999694824218,0.36,0.1169489175081253,Cody Gakpo,a,11296,OpenPlay,2023,RightFoot,22116,Arsenal,Liverpool,3,1,2024-02-04 16:30:00,Alexis Mac Allister,Throughball
1437,563627,65,BlockedShot,0.8080000305175781,0.375,0.053378112614154816,Cody Gakpo,a,11296,OpenPlay,2023,RightFoot,22135,Brentford,Liverpool,1,4,2024-02-17 12:30:00,,BallRecovery
1438,563632,85,Goal,0.8540000152587891,0.534000015258789,0.38145890831947327,Cody Gakpo,a,11296,OpenPlay,2023,LeftFoot,22135,Brentford,Liverpool,1,4,2024-02-17 12:30:00,Luis Díaz,Pass
1439,564840,9,SavedShot,0.9230000305175782,0.544000015258789,0.09977153688669205,Cody Gakpo,h,11296,FromCorner,2023,RightFoot,22151,Liverpool,Luton,4,1,2024-02-21 15:00:00,Harvey Elliott,Cross
1440,564844,13,BlockedShot,0.7730000305175782,0.6780000305175782,0.03908075392246246,Cody Gakpo,h,11296,OpenPlay,2023,RightFoot,22151,Liverpool,Luton,4,1,2024-02-21 15:00:00,,BallRecovery
1441,564859,54,MissedShots,0.9009999847412109,0.47299999237060547,0.066460981965065,Cody Gakpo,h,11296,OpenPlay,2023,Head,22151,Liverpool,Luton,4,1,2024-02-21 15:00:00,Harvey Elliott,Cross
1442,564860,55,SavedShot,0.889000015258789,0.29700000762939455,0.04135970026254654,Cody Gakpo,h,11296,OpenPlay,2023,RightFoot,22151,Liverpool,Luton,4,1,2024-02-21 15:00:00,,Tackle
1443,564863,57,Goal,0.950999984741211,0.45299999237060545,0.5078054070472717,Cody Gakpo,h,11296,OpenPlay,2023,Head,22151,Liverpool,Luton,4,1,2024-02-21 15:00:00,Alexis Mac Allister,Cross
1444,564864,59,SavedShot,0.95,0.335,0.33415231108665466,Cody Gakpo,h,11296,OpenPlay,2023,RightFoot,22151,Liverpool,Luton,4,1,2024-02-21 15:00:00,Harvey Elliott,Pass
1445,564869,69,BlockedShot,0.8419999694824218,0.4979999923706055,0.10324054956436157,Cody Gakpo,h,11296,OpenPlay,2023,RightFoot,22151,Liverpool,Luton,4,1,2024-02-21 15:00:00,Ryan Gravenberch,Pass
1446,564873,80,MissedShots,0.8119999694824219,0.455,0.07611200213432312,Cody Gakpo,h,11296,OpenPlay,2023,RightFoot,22151,Liverpool,Luton,4,1,2024-02-21 15:00:00,Wataru Endo,Pass
1447,566647,25,MissedShots,0.9009999847412109,0.515,0.07275481522083282,Cody Gakpo,a,11296,FromCorner,2023,LeftFoot,22162,Nottingham Forest,Liverpool,0,1,2024-03-02 15:00:00,Alexis Mac Allister,Cross
1448,566659,69,MissedShots,0.8690000152587891,0.34299999237060547,0.09277736395597458,Cody Gakpo,a,11296,OpenPlay,2023,RightFoot,22162,Nottingham Forest,Liverpool,0,1,2024-03-02 15:00:00,Darwin Núñez,Pass
1449,571992,81,BlockedShot,0.7969999694824219,0.644000015258789,0.031617943197488785,Cody Gakpo,h,11296,OpenPlay,2023,RightFoot,22203,Liverpool,Sheffield United,3,1,2024-04-04 18:30:00,Curtis Jones,Pass
1450,571993,81,MissedShots,0.8919999694824219,0.665,0.10016696155071259,Cody Gakpo,h,11296,OpenPlay,2023,RightFoot,22203,Liverpool,Sheffield United,3,1,2024-04-04 18:30:00,,TakeOn
1451,571996,87,MissedShots,0.92,0.5409999847412109,0.1302461475133896,Cody Gakpo,h,11296,OpenPlay,2023,Head,22203,Liverpool,Sheffield United,3,1,2024-04-04 18:30:00,Harvey Elliott,Cross
1452,571998,89,Goal,0.875,0.49200000762939455,0.16854116320610046,Cody Gakpo,h,11296,OpenPlay,2023,Head,22203,Liverpool,Sheffield United,3,1,2024-04-04 18:30:00,Andrew Robertson,Cross
1453,575637,15,BlockedShot,0.7930000305175782,0.7030000305175781,0.02164212241768837,Cody Gakpo,a,11296,OpenPlay,2023,RightFoot,22229,Fulham,Liverpool,1,3,2024-04-21 15:30:00,Luis Díaz,Pass
1454,575643,33,SavedShot,0.8440000152587891,0.72,0.0386604368686676,Cody Gakpo,a,11296,OpenPlay,2023,RightFoot,22229,Fulham,Liverpool,1,3,2024-04-21 15:30:00,Ryan Gravenberch,Pass
1455,575652,63,SavedShot,0.799000015258789,0.41200000762939454,0.053976066410541534,Cody Gakpo,a,11296,OpenPlay,2023,RightFoot,22229,Fulham,Liverpool,1,3,2024-04-21 15:30:00,,BallRecovery
1456,575653,67,SavedShot,0.9059999847412109,0.74,0.041305799037218094,Cody Gakpo,a,11296,OpenPlay,2023,RightFoot,22229,Fulham,Liverpool,1,3,2024-04-21 15:30:00,Andrew Robertson,Pass
1457,576555,10,MissedShots,0.8930000305175781,0.53,0.03526195511221886,Cody Gakpo,a,11296,OpenPlay,2023,Head,22243,West Ham,Liverpool,2,2,2024-04-27 11:30:00,Andrew Robertson,Aerial
1458,576565,35,BlockedShot,0.8469999694824218,0.495,0.050238244235515594,Cody Gakpo,a,11296,OpenPlay,2023,LeftFoot,22243,West Ham,Liverpool,2,2,2024-04-27 11:30:00,Luis Díaz,HeadPass
1459,576566,38,MissedShots,0.8580000305175781,0.5890000152587891,0.07439864426851273,Cody Gakpo,a,11296,OpenPlay,2023,RightFoot,22243,West Ham,Liverpool,2,2,2024-04-27 11:30:00,Luis Díaz,Pass
1460,576575,54,BlockedShot,0.8580000305175781,0.52,0.10307427495718002,Cody Gakpo,a,11296,OpenPlay,2023,RightFoot,22243,West Ham,Liverpool,2,2,2024-04-27 11:30:00,Luis Díaz,Pass
1461,576577,57,MissedShots,0.914000015258789,0.4520000076293945,0.0824609026312828,Cody Gakpo,a,11296,FromCorner,2023,Head,22243,West Ham,Liverpool,2,2,2024-04-27 11:30:00,Alexis Mac Allister,Cross
1462,576578,63,BlockedShot,0.8490000152587891,0.44099998474121094,0.08476700633764267,Cody Gakpo,a,11296,OpenPlay,2023,RightFoot,22243,West Ham,Liverpool,2,2,2024-04-27 11:30:00,Alexis Mac Allister,Pass
1463,576580,64,MissedShots,0.9219999694824219,0.42,0.09855487942695618,Cody Gakpo,a,11296,FromCorner,2023,RightFoot,22243,West Ham,Liverpool,2,2,2024-04-27 11:30:00,,None
1464,576589,85,BlockedShot,0.9280000305175782,0.44099998474121094,0.03680279105901718,Cody Gakpo,a,11296,FromCorner,2023,Head,22243,West Ham,Liverpool,2,2,2024-04-27 11:30:00,Andrew Robertson,Aerial
1465,579009,36,SavedShot,0.7669999694824219,0.644000015258789,0.027836645022034645,Cody Gakpo,h,11296,OpenPlay,2023,RightFoot,22251,Liverpool,Tottenham,4,2,2024-05-05 15:30:00,Wataru Endo,Pass
1466,579017,49,Goal,0.909000015258789,0.5359999847412109,0.04613855853676796,Cody Gakpo,h,11296,OpenPlay,2023,Head,22251,Liverpool,Tottenham,4,2,2024-05-05 15:30:00,Harvey Elliott,Aerial
1467,580900,4,MissedShots,0.9080000305175782,0.4829999923706055,0.05733807757496834,Cody Gakpo,a,11296,FromCorner,2023,Head,22256,Aston Villa,Liverpool,3,3,2024-05-13 19:00:00,Alexis Mac Allister,Chipped
1468,580906,22,Goal,0.965,0.49200000762939455,0.7448253035545349,Cody Gakpo,a,11296,OpenPlay,2023,RightFoot,22256,Aston Villa,Liverpool,3,3,2024-05-13 19:00:00,,Rebound
1469,582010,8,BlockedShot,0.9109999847412109,0.5379999923706055,0.1395057737827301,Cody Gakpo,h,11296,OpenPlay,2023,RightFoot,22271,Liverpool,Wolverhampton Wanderers,2,0,2024-05-19 15:00:00,Andrew Robertson,Pass
1470,582018,20,MissedShots,0.8969999694824219,0.5659999847412109,0.05724339559674263,Cody Gakpo,h,11296,FromCorner,2023,LeftFoot,22271,Liverpool,Wolverhampton Wanderers,2,0,2024-05-19 15:00:00,Harvey Elliott,Cross
1471,582024,39,MissedShots,0.904000015258789,0.4640000152587891,0.021359018981456757,Cody Gakpo,h,11296,FromCorner,2023,Head,22271,Liverpool,Wolverhampton Wanderers,2,0,2024-05-19 15:00:00,Harvey Elliott,Aerial
1472,582028,42,MissedShots,0.8730000305175781,0.5420000076293945,0.09502515196800232,Cody Gakpo,h,11296,OpenPlay,2023,RightFoot,22271,Liverpool,Wolverhampton Wanderers,2,0,2024-05-19 15:00:00,,Rebound
1473,582035,57,SavedShot,0.9109999847412109,0.5659999847412109,0.37312373518943787,Cody Gakpo,h,11296,OpenPlay,2023,LeftFoot,22271,Liverpool,Wolverhampton Wanderers,2,0,2024-05-19 15:00:00,Trent Alexander-Arnold,Chipped
1474,586871,80,BlockedShot,0.805,0.745999984741211,0.032311227172613144,Cody Gakpo,h,11296,OpenPlay,2024,RightFoot,26621,Liverpool,Brentford,2,0,2024-08-25 15:30:00,Andrew Robertson,Pass
1475,589913,66,MissedShots,0.8930000305175781,0.47099998474121096,0.11010908335447311,Cody Gakpo,a,11296,OpenPlay,2024,Head,26631,Manchester United,Liverpool,0,3,2024-09-01 15:00:00,Dominik Szoboszlai,Cross
1476,589918,87,MissedShots,0.9769999694824218,0.585,0.3982570767402649,Cody Gakpo,a,11296,OpenPlay,2024,RightFoot,26631,Manchester United,Liverpool,0,3,2024-09-01 15:00:00,Mohamed Salah,Cross
1477,592432,92,BlockedShot,0.8280000305175781,0.56,0.0784086212515831,Cody Gakpo,h,11296,OpenPlay,2024,RightFoot,26645,Liverpool,Bournemouth,3,0,2024-09-21 14:00:00,Mohamed Salah,BallTouch
1478,595221,27,MissedShots,0.789000015258789,0.7090000152587891,0.028052177280187607,Cody Gakpo,a,11296,OpenPlay,2024,RightFoot,26662,Crystal Palace,Liverpool,0,1,2024-10-05 11:30:00,Curtis Jones,Pass
1479,595242,85,MissedShots,0.855999984741211,0.6940000152587891,0.05454040318727493,Cody Gakpo,a,11296,OpenPlay,2024,RightFoot,26662,Crystal Palace,Liverpool,0,1,2024-10-05 11:30:00,Luis Díaz,Pass
1480,597750,59,MissedShots,0.855999984741211,0.6759999847412109,0.05186966806650162,Cody Gakpo,h,11296,OpenPlay,2024,RightFoot,26679,Liverpool,Chelsea,2,1,2024-10-20 15:30:00,Mohamed Salah,Pass
1481,600148,46,BlockedShot,0.950999984741211,0.6940000152587891,0.04901124909520149,Cody Gakpo,h,11296,OpenPlay,2024,LeftFoot,26696,Liverpool,Brighton,2,1,2024-11-02 15:00:00,Dominik Szoboszlai,Chipped
1482,600152,64,MissedShots,0.8640000152587891,0.6790000152587891,0.04966476559638977,Cody Gakpo,h,11296,OpenPlay,2024,RightFoot,26696,Liverpool,Brighton,2,1,2024-11-02 15:00:00,Mohamed Salah,Pass
1483,600154,69,Goal,0.7859999847412109,0.7969999694824219,0.015893522650003433,Cody Gakpo,h,11296,OpenPlay,2024,RightFoot,26696,Liverpool,Brighton,2,1,2024-11-02 15:00:00,Virgil van Dijk,Pass
1484,601756,70,MissedShots,0.87,0.705,0.05641213059425354,Cody Gakpo,h,11296,OpenPlay,2024,RightFoot,26707,Liverpool,Aston Villa,2,0,2024-11-09 20:00:00,Andrew Robertson,Chipped
1485,601755,70,SavedShot,0.9369999694824219,0.6919999694824219,0.0419609360396862,Cody Gakpo,h,11296,SetPiece,2024,RightFoot,26707,Liverpool,Aston Villa,2,0,2024-11-09 20:00:00,Ibrahima Konaté,Rebound
1486,603451,26,SavedShot,0.825,0.7319999694824219,0.05091863498091698,Cody Gakpo,a,11296,OpenPlay,2024,RightFoot,26721,Southampton,Liverpool,2,3,2024-11-24 14:00:00,Andrew Robertson,Pass
1487,603458,43,BlockedShot,0.8980000305175782,0.6320000076293946,0.0784112736582756,Cody Gakpo,a,11296,OpenPlay,2024,RightFoot,26721,Southampton,Liverpool,2,3,2024-11-24 14:00:00,,BallRecovery
1488,603459,43,BlockedShot,0.92,0.6819999694824219,0.04825207591056824,Cody Gakpo,a,11296,OpenPlay,2024,LeftFoot,26721,Southampton,Liverpool,2,3,2024-11-24 14:00:00,,Rebound
1489,604816,11,Goal,0.9819999694824219,0.5209999847412109,0.9550144672393799,Cody Gakpo,h,11296,OpenPlay,2024,RightFoot,26726,Liverpool,Manchester City,2,0,2024-12-01 16:00:00,Mohamed Salah,Pass
1490,604818,18,MissedShots,0.874000015258789,0.500999984741211,0.11458426713943481,Cody Gakpo,h,11296,OpenPlay,2024,RightFoot,26726,Liverpool,Manchester City,2,0,2024-12-01 16:00:00,Trent Alexander-Arnold,BallTouch
1491,604823,50,BlockedShot,0.879000015258789,0.615,0.4943499267101288,Cody Gakpo,h,11296,OpenPlay,2024,RightFoot,26726,Liverpool,Manchester City,2,0,2024-12-01 16:00:00,Andrew Robertson,Throughball
1492,604830,68,SavedShot,0.784000015258789,0.5370000076293945,0.06366977840662003,Cody Gakpo,h,11296,OpenPlay,2024,RightFoot,26726,Liverpool,Manchester City,2,0,2024-12-01 16:00:00,Dominik Szoboszlai,Pass
1493,605244,24,BlockedShot,0.9119999694824219,0.695,0.05261006951332092,Cody Gakpo,a,11296,OpenPlay,2024,RightFoot,26740,Newcastle United,Liverpool,3,3,2024-12-04 19:30:00,,TakeOn
1494,605252,52,BlockedShot,0.8590000152587891,0.524000015258789,0.07479656487703323,Cody Gakpo,a,11296,OpenPlay,2024,RightFoot,26740,Newcastle United,Liverpool,3,3,2024-12-04 19:30:00,,None
1495,607107,38,SavedShot,0.87,0.46599998474121096,0.011319486424326897,Cody Gakpo,h,11296,SetPiece,2024,Head,26752,Liverpool,Fulham,2,2,2024-12-14 15:00:00,Trent Alexander-Arnold,Aerial
1496,607111,46,Goal,0.9580000305175781,0.534000015258789,0.48849570751190186,Cody Gakpo,h,11296,OpenPlay,2024,Head,26752,Liverpool,Fulham,2,2,2024-12-14 15:00:00,Mohamed Salah,Cross
1497,607112,49,SavedShot,0.8580000305175781,0.6619999694824219,0.05221034958958626,Cody Gakpo,h,11296,OpenPlay,2024,RightFoot,26752,Liverpool,Fulham,2,2,2024-12-14 15:00:00,Dominik Szoboszlai,Pass
1498,608797,14,MissedShots,0.8119999694824219,0.5259999847412109,0.05681391805410385,Cody Gakpo,a,11296,OpenPlay,2024,RightFoot,26768,Tottenham,Liverpool,3,6,2024-12-22 16:30:00,Luis Díaz,Pass
1499,609218,23,MissedShots,0.8119999694824219,0.7190000152587891,0.0224289670586586,Cody Gakpo,h,11296,OpenPlay,2024,RightFoot,26776,Liverpool,Leicester,3,1,2024-12-26 20:00:00,Andrew Robertson,Pass
1500,609224,45,Goal,0.8109999847412109,0.7230000305175781,0.022357404232025146,Cody Gakpo,h,11296,OpenPlay,2024,RightFoot,26776,Liverpool,Leicester,3,1,2024-12-26 20:00:00,Alexis Mac Allister,TakeOn
1501,609230,62,SavedShot,0.9069999694824219,0.475,0.035342972725629807,Cody Gakpo,h,11296,FromCorner,2024,Head,26776,Liverpool,Leicester,3,1,2024-12-26 20:00:00,Trent Alexander-Arnold,Aerial
1502,609583,17,MissedShots,0.8780000305175781,0.685,0.04585418477654457,Cody Gakpo,a,11296,FromCorner,2024,LeftFoot,26791,West Ham,Liverpool,0,5,2024-12-29 17:15:00,Ryan Gravenberch,Pass
1503,609590,39,Goal,0.9290000152587891,0.5359999847412109,0.5679488778114319,Cody Gakpo,a,11296,OpenPlay,2024,RightFoot,26791,West Ham,Liverpool,0,5,2024-12-29 17:15:00,Mohamed Salah,Pass
1504,610318,13,MissedShots,0.9269999694824219,0.580999984741211,0.4388771057128906,Cody Gakpo,h,11296,OpenPlay,2024,RightFoot,26797,Liverpool,Manchester United,2,2,2025-01-05 16:30:00,Ryan Gravenberch,Throughball
1505,610332,58,Goal,0.9430000305175781,0.68,0.054929472506046295,Cody Gakpo,h,11296,OpenPlay,2024,RightFoot,26797,Liverpool,Manchester United,2,2,2025-01-05 16:30:00,Alexis Mac Allister,Pass
1506,232937,94,MissedShots,0.7230000305175781,0.6819999694824219,0.01040560007095337,Diogo Jota,h,6854,OpenPlay,2018,RightFoot,9203,Wolverhampton Wanderers,Everton,2,2,2018-08-11 19:30:00,Ryan Bennett,Chipped
1507,233441,19,BlockedShot,0.89,0.62,0.11954399943351746,Diogo Jota,h,6854,OpenPlay,2018,LeftFoot,9217,Wolverhampton Wanderers,Manchester City,1,1,2018-08-25 14:30:00,João Moutinho,Pass
1508,233464,87,MissedShots,0.8969999694824219,0.68,0.03167640045285225,Diogo Jota,h,6854,OpenPlay,2018,RightFoot,9217,Wolverhampton Wanderers,Manchester City,1,1,2018-08-25 14:30:00,Adama Traoré,Cross
1509,233720,36,MissedShots,0.9269999694824219,0.5209999847412109,0.13768300414085388,Diogo Jota,a,6854,OpenPlay,2018,Head,9228,West Ham,Wolverhampton Wanderers,0,1,2018-09-01 14:00:00,João Moutinho,Cross
1510,233965,3,SavedShot,0.7559999847412109,0.48700000762939455,0.028261499479413033,Diogo Jota,h,6854,OpenPlay,2018,LeftFoot,9244,Wolverhampton Wanderers,Burnley,1,0,2018-09-16 12:30:00,Rúben Neves,HeadPass
1511,233985,58,MissedShots,0.8390000152587891,0.29100000381469726,0.033040601760149,Diogo Jota,h,6854,OpenPlay,2018,RightFoot,9244,Wolverhampton Wanderers,Burnley,1,0,2018-09-16 12:30:00,Rúben Neves,Pass
1512,233991,79,BlockedShot,0.8730000305175781,0.6040000152587891,0.09979730099439621,Diogo Jota,h,6854,OpenPlay,2018,LeftFoot,9244,Wolverhampton Wanderers,Burnley,1,0,2018-09-16 12:30:00,Matt Doherty,Pass
1513,233997,83,MissedShots,0.7280000305175781,0.6780000305175782,0.021849200129508972,Diogo Jota,h,6854,OpenPlay,2018,RightFoot,9244,Wolverhampton Wanderers,Burnley,1,0,2018-09-16 12:30:00,Willy Boly,Pass
1514,234207,65,SavedShot,0.8009999847412109,0.35700000762939454,0.030402300879359245,Diogo Jota,a,6854,OpenPlay,2018,LeftFoot,9248,Manchester United,Wolverhampton Wanderers,1,1,2018-09-22 14:00:00,Hélder Costa,Pass
1515,249067,34,MissedShots,0.875,0.6619999694824219,0.06781189888715744,Diogo Jota,a,6854,OpenPlay,2018,LeftFoot,9271,Crystal Palace,Wolverhampton Wanderers,0,1,2018-10-06 14:00:00,Raúl Jiménez,Pass
1516,249255,55,BlockedShot,0.794000015258789,0.3579999923706055,0.07560230046510696,Diogo Jota,h,6854,OpenPlay,2018,RightFoot,9278,Wolverhampton Wanderers,Watford,0,2,2018-10-20 14:00:00,João Moutinho,Chipped
1517,249546,79,BlockedShot,0.8059999847412109,0.6029999923706054,0.039360299706459045,Diogo Jota,a,6854,OpenPlay,2018,LeftFoot,9290,Brighton,Wolverhampton Wanderers,1,0,2018-10-27 14:00:00,João Moutinho,Pass
1518,249549,89,SavedShot,0.9209999847412109,0.6569999694824219,0.0670815035700798,Diogo Jota,a,6854,OpenPlay,2018,LeftFoot,9290,Brighton,Wolverhampton Wanderers,1,0,2018-10-27 14:00:00,Ivan Cavaleiro,TakeOn
1519,250245,83,SavedShot,0.919000015258789,0.5920000076293945,0.5284730195999146,Diogo Jota,a,6854,OpenPlay,2018,LeftFoot,9316,Arsenal,Wolverhampton Wanderers,1,1,2018-11-11 16:30:00,Raúl Jiménez,Pass
1520,250246,85,MissedShots,0.925,0.5790000152587891,0.06140119954943657,Diogo Jota,a,6854,FromCorner,2018,Head,9316,Arsenal,Wolverhampton Wanderers,1,1,2018-11-11 16:30:00,João Moutinho,Cross
1521,250250,87,MissedShots,0.950999984741211,0.4370000076293945,0.060045499354600906,Diogo Jota,a,6854,FromCorner,2018,Head,9316,Arsenal,Wolverhampton Wanderers,1,1,2018-11-11 16:30:00,,Aerial
1522,250470,83,SavedShot,0.9419999694824219,0.6880000305175781,0.07124199718236923,Diogo Jota,h,6854,OpenPlay,2018,LeftFoot,9325,Wolverhampton Wanderers,Huddersfield,0,2,2018-11-25 16:00:00,Raúl Jiménez,Pass
1523,250855,62,Goal,0.965999984741211,0.5790000152587891,0.48929598927497864,Diogo Jota,h,6854,OpenPlay,2018,LeftFoot,9339,Wolverhampton Wanderers,Chelsea,2,1,2018-12-05 19:45:00,Matt Doherty,Pass
1524,251194,16,Goal,0.965,0.5329999923706055,0.5832089781761169,Diogo Jota,a,6854,OpenPlay,2018,LeftFoot,9348,Newcastle United,Wolverhampton Wanderers,1,2,2018-12-09 16:00:00,Hélder Costa,Chipped
1525,251212,93,SavedShot,0.91,0.6430000305175781,0.09066049754619598,Diogo Jota,a,6854,OpenPlay,2018,LeftFoot,9348,Newcastle United,Wolverhampton Wanderers,1,2,2018-12-09 16:00:00,João Moutinho,Pass
1526,251265,11,MissedShots,0.8719999694824219,0.6430000305175781,0.08812049776315689,Diogo Jota,h,6854,OpenPlay,2018,LeftFoot,9357,Wolverhampton Wanderers,Bournemouth,2,0,2018-12-15 15:00:00,,TakeOn
1527,274622,3,Goal,0.9290000152587891,0.5159999847412109,0.44677799940109253,Diogo Jota,h,6854,OpenPlay,2018,RightFoot,9417,Wolverhampton Wanderers,Leicester,4,3,2019-01-19 12:30:00,João Moutinho,Cross
1528,274633,26,SavedShot,0.9259999847412109,0.5129999923706055,0.4703480005264282,Diogo Jota,h,6854,OpenPlay,2018,Head,9417,Wolverhampton Wanderers,Leicester,4,3,2019-01-19 12:30:00,Raúl Jiménez,Cross
1529,274643,63,Goal,0.8930000305175781,0.6229999923706054,0.4669489860534668,Diogo Jota,h,6854,OpenPlay,2018,LeftFoot,9417,Wolverhampton Wanderers,Leicester,4,3,2019-01-19 12:30:00,Rúben Neves,Throughball
1530,274649,92,Goal,0.8680000305175781,0.5459999847412109,0.34260499477386475,Diogo Jota,h,6854,OpenPlay,2018,RightFoot,9417,Wolverhampton Wanderers,Leicester,4,3,2019-01-19 12:30:00,Raúl Jiménez,Pass
1531,274962,43,SavedShot,0.7619999694824219,0.595999984741211,0.021055100485682487,Diogo Jota,h,6854,OpenPlay,2018,LeftFoot,9427,Wolverhampton Wanderers,West Ham,3,0,2019-01-29 19:45:00,,None
1532,274965,57,SavedShot,0.865999984741211,0.674000015258789,0.049202099442481995,Diogo Jota,h,6854,OpenPlay,2018,LeftFoot,9427,Wolverhampton Wanderers,West Ham,3,0,2019-01-29 19:45:00,João Moutinho,Pass
1533,275239,65,BlockedShot,0.9159999847412109,0.595999984741211,0.28560400009155273,Diogo Jota,a,6854,OpenPlay,2018,RightFoot,9441,Everton,Wolverhampton Wanderers,1,3,2019-02-02 15:00:00,Raúl Jiménez,TakeOn
1534,275636,34,MissedShots,0.909000015258789,0.34799999237060547,0.07356610149145126,Diogo Jota,h,6854,OpenPlay,2018,LeftFoot,9450,Wolverhampton Wanderers,Newcastle United,1,1,2019-02-11 20:00:00,Leander Dendoncker,BallTouch
1535,275641,48,MissedShots,0.95,0.38,0.013963799923658371,Diogo Jota,h,6854,FromCorner,2018,Head,9450,Wolverhampton Wanderers,Newcastle United,1,1,2019-02-11 20:00:00,João Moutinho,Aerial
1536,275644,56,SavedShot,0.815,0.5320000076293945,0.054529398679733276,Diogo Jota,h,6854,OpenPlay,2018,LeftFoot,9450,Wolverhampton Wanderers,Newcastle United,1,1,2019-02-11 20:00:00,Raúl Jiménez,Pass
1537,275744,37,MissedShots,0.8959999847412109,0.725999984741211,0.04759100079536438,Diogo Jota,a,6854,OpenPlay,2018,LeftFoot,9465,Bournemouth,Wolverhampton Wanderers,1,1,2019-02-23 15:00:00,Rúben Neves,TakeOn
1538,275903,38,BlockedShot,0.875999984741211,0.6759999847412109,0.05796650052070618,Diogo Jota,a,6854,OpenPlay,2018,RightFoot,9468,Huddersfield,Wolverhampton Wanderers,1,0,2019-02-26 19:45:00,João Moutinho,Pass
1539,276137,15,Goal,0.895,0.41900001525878905,0.3791080117225647,Diogo Jota,h,6854,OpenPlay,2018,RightFoot,9477,Wolverhampton Wanderers,Cardiff,2,0,2019-03-02 15:00:00,Raúl Jiménez,Pass
1540,276141,27,BlockedShot,0.8519999694824218,0.67,0.07453390210866928,Diogo Jota,h,6854,OpenPlay,2018,LeftFoot,9477,Wolverhampton Wanderers,Cardiff,2,0,2019-03-02 15:00:00,Willy Boly,TakeOn
1541,287559,55,BlockedShot,0.895,0.485,0.08327770233154297,Diogo Jota,a,6854,OpenPlay,2018,LeftFoot,9515,Burnley,Wolverhampton Wanderers,2,0,2019-03-30 15:00:00,,None
1542,291008,24,Goal,0.92,0.4520000076293945,0.5066890120506287,Diogo Jota,h,6854,OpenPlay,2018,RightFoot,9517,Wolverhampton Wanderers,Manchester United,2,1,2019-04-02 19:45:00,Raúl Jiménez,Throughball
1543,293527,16,BlockedShot,0.9059999847412109,0.6759999847412109,0.05227300152182579,Diogo Jota,a,6854,OpenPlay,2018,LeftFoot,9529,Southampton,Wolverhampton Wanderers,3,1,2019-04-13 15:00:00,Willy Boly,BallRecovery
1544,293537,47,MissedShots,0.8919999694824219,0.615,0.08445300161838531,Diogo Jota,a,6854,OpenPlay,2018,LeftFoot,9529,Southampton,Wolverhampton Wanderers,3,1,2019-04-13 15:00:00,Jonny,Pass
1545,295232,11,MissedShots,0.909000015258789,0.5220000076293946,0.11213900148868561,Diogo Jota,h,6854,OpenPlay,2018,RightFoot,9537,Wolverhampton Wanderers,Brighton,0,0,2019-04-20 15:00:00,Morgan Gibbs-White,Cross
1546,295234,32,MissedShots,0.8490000152587891,0.4209999847412109,0.08887570351362228,Diogo Jota,h,6854,OpenPlay,2018,RightFoot,9537,Wolverhampton Wanderers,Brighton,0,0,2019-04-20 15:00:00,Morgan Gibbs-White,Pass
1547,295237,45,ShotOnPost,0.9219999694824219,0.595999984741211,0.10756999999284744,Diogo Jota,h,6854,OpenPlay,2018,LeftFoot,9537,Wolverhampton Wanderers,Brighton,0,0,2019-04-20 15:00:00,,Rebound
1548,295240,49,MissedShots,0.89,0.5059999847412109,0.0677981972694397,Diogo Jota,h,6854,OpenPlay,2018,Head,9537,Wolverhampton Wanderers,Brighton,0,0,2019-04-20 15:00:00,Jonny,Cross
1549,295246,60,SavedShot,0.9519999694824218,0.5279999923706055,0.12772700190544128,Diogo Jota,h,6854,FromCorner,2018,RightFoot,9537,Wolverhampton Wanderers,Brighton,0,0,2019-04-20 15:00:00,,None
1550,295249,72,ShotOnPost,0.9119999694824219,0.46599998474121096,0.314085990190506,Diogo Jota,h,6854,OpenPlay,2018,Head,9537,Wolverhampton Wanderers,Brighton,0,0,2019-04-20 15:00:00,Raúl Jiménez,Chipped
1551,296797,46,Goal,0.88,0.6509999847412109,0.12659600377082825,Diogo Jota,h,6854,OpenPlay,2018,LeftFoot,9497,Wolverhampton Wanderers,Arsenal,3,1,2019-04-24 19:45:00,,TakeOn
1552,297377,40,BlockedShot,0.8909999847412109,0.585,0.050980400294065475,Diogo Jota,a,6854,FromCorner,2018,RightFoot,9547,Watford,Wolverhampton Wanderers,1,2,2019-04-27 15:00:00,Jonny,Cross
1553,297381,45,BlockedShot,0.9030000305175782,0.4329999923706055,0.12121299654245377,Diogo Jota,a,6854,OpenPlay,2018,RightFoot,9547,Watford,Wolverhampton Wanderers,1,2,2019-04-27 15:00:00,,BallTouch
1554,297383,54,MissedShots,0.9080000305175782,0.515,0.10860899835824966,Diogo Jota,a,6854,OpenPlay,2018,Head,9547,Watford,Wolverhampton Wanderers,1,2,2019-04-27 15:00:00,Matt Doherty,Cross
1555,297389,76,Goal,0.9290000152587891,0.6029999923706054,0.2979409992694855,Diogo Jota,a,6854,OpenPlay,2018,LeftFoot,9547,Watford,Wolverhampton Wanderers,1,2,2019-04-27 15:00:00,Rúben Neves,Chipped
1556,299265,10,SavedShot,0.8480000305175781,0.5029999923706054,0.08952789753675461,Diogo Jota,h,6854,OpenPlay,2018,RightFoot,9557,Wolverhampton Wanderers,Fulham,1,0,2019-05-04 14:00:00,Raúl Jiménez,Pass
1557,299267,14,MissedShots,0.875,0.6659999847412109,0.05918579921126366,Diogo Jota,h,6854,OpenPlay,2018,LeftFoot,9557,Wolverhampton Wanderers,Fulham,1,0,2019-05-04 14:00:00,João Moutinho,BallRecovery
1558,299269,30,BlockedShot,0.7319999694824219,0.43900001525878907,0.019031500443816185,Diogo Jota,h,6854,OpenPlay,2018,LeftFoot,9557,Wolverhampton Wanderers,Fulham,1,0,2019-05-04 14:00:00,Leander Dendoncker,TakeOn
1559,299277,53,MissedShots,0.8769999694824219,0.6179999923706054,0.3368360102176666,Diogo Jota,h,6854,OpenPlay,2018,LeftFoot,9557,Wolverhampton Wanderers,Fulham,1,0,2019-05-04 14:00:00,Jonny,Pass
1560,299286,79,SavedShot,0.870999984741211,0.6430000305175781,0.053587500005960464,Diogo Jota,h,6854,SetPiece,2018,RightFoot,9557,Wolverhampton Wanderers,Fulham,1,0,2019-05-04 14:00:00,,None
1561,299287,83,MissedShots,0.865,0.669000015258789,0.06784819811582565,Diogo Jota,h,6854,OpenPlay,2018,LeftFoot,9557,Wolverhampton Wanderers,Fulham,1,0,2019-05-04 14:00:00,João Moutinho,BallRecovery
1562,301364,68,SavedShot,0.9059999847412109,0.6179999923706054,0.2436619997024536,Diogo Jota,a,6854,OpenPlay,2018,LeftFoot,9571,Liverpool,Wolverhampton Wanderers,2,0,2019-05-12 14:00:00,Matt Doherty,Chipped
1563,301365,72,SavedShot,0.919000015258789,0.49700000762939456,0.26851698756217957,Diogo Jota,a,6854,OpenPlay,2018,Head,9571,Liverpool,Wolverhampton Wanderers,2,0,2019-05-12 14:00:00,Raúl Jiménez,HeadPass
1564,310229,39,MissedShots,0.81,0.5479999923706055,0.06395629793405533,Diogo Jota,a,6854,OpenPlay,2019,LeftFoot,11651,Leicester,Wolverhampton Wanderers,0,0,2019-08-11 14:00:00,Leander Dendoncker,TakeOn
1565,310235,54,MissedShots,0.8830000305175781,0.33599998474121096,0.30394500494003296,Diogo Jota,a,6854,OpenPlay,2019,RightFoot,11651,Leicester,Wolverhampton Wanderers,0,0,2019-08-11 14:00:00,Raúl Jiménez,BallTouch
1566,310237,71,BlockedShot,0.8430000305175781,0.655,0.04822560027241707,Diogo Jota,a,6854,OpenPlay,2019,LeftFoot,11651,Leicester,Wolverhampton Wanderers,0,0,2019-08-11 14:00:00,Leander Dendoncker,Pass
1567,313089,23,BlockedShot,0.7669999694824219,0.5729999923706055,0.022760499268770218,Diogo Jota,h,6854,OpenPlay,2019,LeftFoot,11668,Wolverhampton Wanderers,Burnley,1,1,2019-08-25 16:30:00,,BallTouch
1568,313106,83,BlockedShot,0.8580000305175781,0.5940000152587891,0.09871219843626022,Diogo Jota,h,6854,OpenPlay,2019,LeftFoot,11668,Wolverhampton Wanderers,Burnley,1,1,2019-08-25 16:30:00,Rúben Neves,Throughball
1569,313110,92,BlockedShot,0.960999984741211,0.615,0.08097749948501587,Diogo Jota,h,6854,OpenPlay,2019,LeftFoot,11668,Wolverhampton Wanderers,Burnley,1,1,2019-08-25 16:30:00,,Rebound
1570,317310,60,BlockedShot,0.8930000305175781,0.700999984741211,0.04021099954843521,Diogo Jota,h,6854,SetPiece,2019,LeftFoot,11688,Wolverhampton Wanderers,Chelsea,2,5,2019-09-14 14:00:00,,None
1571,321487,9,BlockedShot,0.7780000305175782,0.62,0.027108099311590195,Diogo Jota,a,6854,OpenPlay,2019,LeftFoot,11697,Crystal Palace,Wolverhampton Wanderers,1,1,2019-09-22 13:00:00,Raúl Jiménez,Pass
1572,321494,37,SavedShot,0.8680000305175781,0.3770000076293945,0.08832190185785294,Diogo Jota,a,6854,OpenPlay,2019,RightFoot,11697,Crystal Palace,Wolverhampton Wanderers,1,1,2019-09-22 13:00:00,Raúl Jiménez,Pass
1573,321501,57,BlockedShot,0.8230000305175781,0.6819999694824219,0.05312339961528778,Diogo Jota,a,6854,OpenPlay,2019,LeftFoot,11697,Crystal Palace,Wolverhampton Wanderers,1,1,2019-09-22 13:00:00,Raúl Jiménez,Pass
1574,321513,94,Goal,0.9519999694824218,0.5570000076293945,0.4801110029220581,Diogo Jota,a,6854,OpenPlay,2019,RightFoot,11697,Crystal Palace,Wolverhampton Wanderers,1,1,2019-09-22 13:00:00,Adama Traoré,Cross
1575,327861,46,SavedShot,0.895,0.5259999847412109,0.08194369822740555,Diogo Jota,a,6854,SetPiece,2019,LeftFoot,11738,Newcastle United,Wolverhampton Wanderers,1,1,2019-10-27 14:00:00,João Moutinho,Cross
1576,327862,56,MissedShots,0.9290000152587891,0.4929999923706055,0.3286370038986206,Diogo Jota,a,6854,OpenPlay,2019,Head,11738,Newcastle United,Wolverhampton Wanderers,1,1,2019-10-27 14:00:00,Adama Traoré,Pass
1577,327863,63,SavedShot,0.8859999847412109,0.6179999923706054,0.12759800255298615,Diogo Jota,a,6854,OpenPlay,2019,RightFoot,11738,Newcastle United,Wolverhampton Wanderers,1,1,2019-10-27 14:00:00,Jonny,TakeOn
1578,329132,0,MissedShots,0.8719999694824219,0.7230000305175781,0.035944100469350815,Diogo Jota,a,6854,OpenPlay,2019,LeftFoot,11743,Arsenal,Wolverhampton Wanderers,1,1,2019-11-02 15:00:00,,None
1579,329147,43,BlockedShot,0.8719999694824219,0.38,0.0697965994477272,Diogo Jota,a,6854,OpenPlay,2019,RightFoot,11743,Arsenal,Wolverhampton Wanderers,1,1,2019-11-02 15:00:00,Matt Doherty,Pass
1580,329151,46,MissedShots,0.9230000305175782,0.67,0.05347120016813278,Diogo Jota,a,6854,OpenPlay,2019,LeftFoot,11743,Arsenal,Wolverhampton Wanderers,1,1,2019-11-02 15:00:00,,None
1581,329155,53,BlockedShot,0.845999984741211,0.6730000305175782,0.045016098767519,Diogo Jota,a,6854,OpenPlay,2019,RightFoot,11743,Arsenal,Wolverhampton Wanderers,1,1,2019-11-02 15:00:00,Raúl Jiménez,Pass
1582,329164,89,SavedShot,0.905,0.5359999847412109,0.482122004032135,Diogo Jota,a,6854,OpenPlay,2019,RightFoot,11743,Arsenal,Wolverhampton Wanderers,1,1,2019-11-02 15:00:00,João Moutinho,TakeOn
1583,331418,25,SavedShot,0.9530000305175781,0.52,0.1494089961051941,Diogo Jota,h,6854,OpenPlay,2019,Head,11760,Wolverhampton Wanderers,Aston Villa,2,1,2019-11-10 14:00:00,,None
1584,331422,38,SavedShot,0.9690000152587891,0.590999984741211,0.4255580008029938,Diogo Jota,h,6854,OpenPlay,2019,LeftFoot,11760,Wolverhampton Wanderers,Aston Villa,2,1,2019-11-10 14:00:00,,None
1585,331432,64,SavedShot,0.815,0.5459999847412109,0.07464239746332169,Diogo Jota,h,6854,OpenPlay,2019,RightFoot,11760,Wolverhampton Wanderers,Aston Villa,2,1,2019-11-10 14:00:00,Rúben Neves,Pass
1586,331433,67,BlockedShot,0.8019999694824219,0.5029999923706054,0.085065096616745,Diogo Jota,h,6854,OpenPlay,2019,LeftFoot,11760,Wolverhampton Wanderers,Aston Villa,2,1,2019-11-10 14:00:00,Raúl Jiménez,LayOff
1587,331434,67,BlockedShot,0.815,0.674000015258789,0.03964639827609062,Diogo Jota,h,6854,OpenPlay,2019,RightFoot,11760,Wolverhampton Wanderers,Aston Villa,2,1,2019-11-10 14:00:00,João Moutinho,Pass
1588,332162,78,SavedShot,0.8590000152587891,0.4640000152587891,0.15323500335216522,Diogo Jota,a,6854,OpenPlay,2019,RightFoot,11765,Bournemouth,Wolverhampton Wanderers,1,2,2019-11-23 15:00:00,João Moutinho,Throughball
1589,334184,44,MissedShots,0.9080000305175782,0.7530000305175781,0.03162530064582825,Diogo Jota,h,6854,OpenPlay,2019,LeftFoot,11780,Wolverhampton Wanderers,Sheffield United,1,1,2019-12-01 14:00:00,,None
1590,334193,86,MissedShots,0.91,0.40599998474121096,0.11754199862480164,Diogo Jota,h,6854,OpenPlay,2019,RightFoot,11780,Wolverhampton Wanderers,Sheffield United,1,1,2019-12-01 14:00:00,Adama Traoré,Pass
1591,335036,35,SavedShot,0.8490000152587891,0.6020000076293945,0.09028349816799164,Diogo Jota,h,6854,OpenPlay,2019,RightFoot,11787,Wolverhampton Wanderers,West Ham,2,0,2019-12-04 19:30:00,Romain Saiss,Pass
1592,335038,46,SavedShot,0.8430000305175781,0.654000015258789,0.03862110152840614,Diogo Jota,h,6854,SetPiece,2019,RightFoot,11787,Wolverhampton Wanderers,West Ham,2,0,2019-12-04 19:30:00,,None
1593,336498,4,MissedShots,0.8519999694824218,0.715,0.028958600014448166,Diogo Jota,a,6854,OpenPlay,2019,RightFoot,11795,Brighton,Wolverhampton Wanderers,2,2,2019-12-08 16:30:00,Jonny,Pass
1594,336501,27,Goal,0.9290000152587891,0.515,0.5613260269165039,Diogo Jota,a,6854,OpenPlay,2019,RightFoot,11795,Brighton,Wolverhampton Wanderers,2,2,2019-12-08 16:30:00,Raúl Jiménez,Pass
1595,336503,32,SavedShot,0.9119999694824219,0.61,0.3294770121574402,Diogo Jota,a,6854,OpenPlay,2019,RightFoot,11795,Brighton,Wolverhampton Wanderers,2,2,2019-12-08 16:30:00,Raúl Jiménez,HeadPass
1596,336507,43,Goal,0.8819999694824219,0.5359999847412109,0.3891569972038269,Diogo Jota,a,6854,OpenPlay,2019,LeftFoot,11795,Brighton,Wolverhampton Wanderers,2,2,2019-12-08 16:30:00,Jonny,Pass
1597,336511,60,BlockedShot,0.9009999847412109,0.4859999847412109,0.11262699961662292,Diogo Jota,a,6854,OpenPlay,2019,RightFoot,11795,Brighton,Wolverhampton Wanderers,2,2,2019-12-08 16:30:00,Raúl Jiménez,Chipped
1598,336512,60,BlockedShot,0.905,0.5020000076293946,0.1331920027732849,Diogo Jota,a,6854,OpenPlay,2019,LeftFoot,11795,Brighton,Wolverhampton Wanderers,2,2,2019-12-08 16:30:00,,Rebound
1599,337490,23,BlockedShot,0.9430000305175781,0.6990000152587891,0.05364919826388359,Diogo Jota,h,6854,OpenPlay,2019,RightFoot,11812,Wolverhampton Wanderers,Tottenham,1,2,2019-12-15 14:00:00,,TakeOn
1600,337492,26,BlockedShot,0.845,0.5029999923706054,0.07234340161085129,Diogo Jota,h,6854,OpenPlay,2019,RightFoot,11812,Wolverhampton Wanderers,Tottenham,1,2,2019-12-15 14:00:00,João Moutinho,Pass
1601,337508,83,MissedShots,0.955999984741211,0.6969999694824218,0.03867790102958679,Diogo Jota,h,6854,SetPiece,2019,LeftFoot,11812,Wolverhampton Wanderers,Tottenham,1,2,2019-12-15 14:00:00,,Rebound
1602,337511,94,MissedShots,0.8019999694824219,0.6229999923706054,0.03502710163593292,Diogo Jota,h,6854,OpenPlay,2019,RightFoot,11812,Wolverhampton Wanderers,Tottenham,1,2,2019-12-15 14:00:00,,Rebound
1603,338660,71,BlockedShot,0.8769999694824219,0.6179999923706054,0.12253399938344955,Diogo Jota,a,6854,OpenPlay,2019,LeftFoot,11819,Norwich,Wolverhampton Wanderers,1,2,2019-12-21 15:00:00,Adama Traoré,Pass
1604,339698,41,BlockedShot,0.9319999694824219,0.5790000152587891,0.07196970283985138,Diogo Jota,h,6854,OpenPlay,2019,Head,11832,Wolverhampton Wanderers,Manchester City,3,2,2019-12-27 19:45:00,Adama Traoré,Cross
1605,339702,46,MissedShots,0.919000015258789,0.47299999237060547,0.4906280040740967,Diogo Jota,h,6854,OpenPlay,2019,LeftFoot,11832,Wolverhampton Wanderers,Manchester City,3,2,2019-12-27 19:45:00,Raúl Jiménez,Throughball
1606,339939,66,SavedShot,0.9380000305175781,0.29100000381469726,0.04345560073852539,Diogo Jota,a,6854,OpenPlay,2019,RightFoot,11836,Liverpool,Wolverhampton Wanderers,1,0,2019-12-29 16:30:00,,BallRecovery
1607,351477,87,MissedShots,0.9180000305175782,0.529000015258789,0.045938700437545776,Diogo Jota,a,6854,OpenPlay,2019,Head,11852,Watford,Wolverhampton Wanderers,2,1,2020-01-01 15:00:00,Adama Traoré,Aerial
1608,352345,80,MissedShots,0.9590000152587891,0.54,0.14334699511528015,Diogo Jota,h,6854,SetPiece,2019,Head,11874,Wolverhampton Wanderers,Liverpool,1,2,2020-01-23 20:00:00,João Moutinho,Cross
1609,352348,91,MissedShots,0.9440000152587891,0.544000015258789,0.5561400055885315,Diogo Jota,h,6854,OpenPlay,2019,LeftFoot,11874,Wolverhampton Wanderers,Liverpool,1,2,2020-01-23 20:00:00,Raúl Jiménez,Pass
1610,352571,5,SavedShot,0.9369999694824219,0.6730000305175782,0.09130830317735672,Diogo Jota,a,6854,OpenPlay,2019,LeftFoot,11888,Manchester United,Wolverhampton Wanderers,0,0,2020-02-01 17:30:00,,TakeOn
1611,352572,12,BlockedShot,0.899000015258789,0.48900001525878906,0.07582270354032516,Diogo Jota,a,6854,OpenPlay,2019,Head,11888,Manchester United,Wolverhampton Wanderers,0,0,2020-02-01 17:30:00,Adama Traoré,Cross
1612,352581,52,SavedShot,0.9259999847412109,0.580999984741211,0.10061199963092804,Diogo Jota,a,6854,OpenPlay,2019,LeftFoot,11888,Manchester United,Wolverhampton Wanderers,0,0,2020-02-01 17:30:00,,None
1613,352717,10,SavedShot,0.894000015258789,0.669000015258789,0.06920869648456573,Diogo Jota,h,6854,OpenPlay,2019,LeftFoot,11902,Wolverhampton Wanderers,Leicester,0,0,2020-02-14 20:00:00,Pedro Neto,Pass
1614,353087,18,Goal,0.9269999694824219,0.539000015258789,0.5577920079231262,Diogo Jota,h,6854,OpenPlay,2019,LeftFoot,11912,Wolverhampton Wanderers,Norwich,3,0,2020-02-23 14:00:00,Matt Doherty,Pass
1615,353090,29,Goal,0.9680000305175781,0.5329999923706055,0.6893309950828552,Diogo Jota,h,6854,FromCorner,2019,RightFoot,11912,Wolverhampton Wanderers,Norwich,3,0,2020-02-23 14:00:00,Romain Saiss,Rebound
1616,353094,38,BlockedShot,0.7290000152587891,0.7180000305175781,0.013060499913990498,Diogo Jota,h,6854,OpenPlay,2019,RightFoot,11912,Wolverhampton Wanderers,Norwich,3,0,2020-02-23 14:00:00,Jonny,Pass
1617,353098,49,ShotOnPost,0.845999984741211,0.395,0.38225001096725464,Diogo Jota,h,6854,OpenPlay,2019,RightFoot,11912,Wolverhampton Wanderers,Norwich,3,0,2020-02-23 14:00:00,,Dispossessed
1618,353370,11,BlockedShot,0.8440000152587891,0.585,0.05370910093188286,Diogo Jota,a,6854,OpenPlay,2019,RightFoot,11920,Tottenham,Wolverhampton Wanderers,2,3,2020-03-01 14:00:00,,Rebound
1619,353375,22,MissedShots,0.8590000152587891,0.6730000305175782,0.031503401696681976,Diogo Jota,a,6854,OpenPlay,2019,RightFoot,11920,Tottenham,Wolverhampton Wanderers,2,3,2020-03-01 14:00:00,Adama Traoré,Cross
1620,353384,48,MissedShots,0.9159999847412109,0.44299999237060544,0.2973789870738983,Diogo Jota,a,6854,SetPiece,2019,Head,11920,Tottenham,Wolverhampton Wanderers,2,3,2020-03-01 14:00:00,João Moutinho,Cross
1621,353388,56,Goal,0.985,0.5309999847412109,0.9558449983596802,Diogo Jota,a,6854,OpenPlay,2019,RightFoot,11920,Tottenham,Wolverhampton Wanderers,2,3,2020-03-01 14:00:00,,Rebound
1622,353479,19,BlockedShot,0.8590000152587891,0.615999984741211,0.06016169860959053,Diogo Jota,h,6854,OpenPlay,2019,LeftFoot,11931,Wolverhampton Wanderers,Brighton,0,0,2020-03-07 15:00:00,,None
1623,365572,30,SavedShot,0.9630000305175781,0.6909999847412109,0.055587898939847946,Diogo Jota,a,6854,OpenPlay,2019,LeftFoot,11934,West Ham,Wolverhampton Wanderers,0,2,2020-06-20 16:30:00,Raúl Jiménez,Pass
1624,365574,33,SavedShot,0.8569999694824219,0.7419999694824219,0.01762630045413971,Diogo Jota,a,6854,OpenPlay,2019,RightFoot,11934,West Ham,Wolverhampton Wanderers,0,2,2020-06-20 16:30:00,João Moutinho,HeadPass
1625,366790,41,MissedShots,0.7569999694824219,0.549000015258789,0.27449101209640503,Diogo Jota,a,6854,OpenPlay,2019,RightFoot,11954,Aston Villa,Wolverhampton Wanderers,0,1,2020-06-27 11:30:00,,BallRecovery
1626,368716,62,BlockedShot,0.86,0.5920000076293945,0.07611580193042755,Diogo Jota,h,6854,OpenPlay,2019,LeftFoot,11972,Wolverhampton Wanderers,Arsenal,0,2,2020-07-04 16:30:00,Raúl Jiménez,Pass
1627,369689,62,MissedShots,0.915,0.5059999847412109,0.12546899914741516,Diogo Jota,a,6854,OpenPlay,2019,Head,11980,Sheffield United,Wolverhampton Wanderers,1,0,2020-07-08 17:00:00,Raúl Jiménez,Cross
1628,370710,64,SavedShot,0.8430000305175781,0.5129999923706055,0.4898979961872101,Diogo Jota,h,6854,OpenPlay,2019,RightFoot,11992,Wolverhampton Wanderers,Everton,3,0,2020-07-12 11:00:00,Rúben Neves,Throughball
1629,370714,73,Goal,0.8530000305175781,0.625,0.40342000126838684,Diogo Jota,h,6854,OpenPlay,2019,LeftFoot,11992,Wolverhampton Wanderers,Everton,3,0,2020-07-12 11:00:00,Rúben Neves,Chipped
1630,371437,9,BlockedShot,0.8919999694824219,0.38799999237060545,0.08447500318288803,Diogo Jota,a,6854,OpenPlay,2019,LeftFoot,11994,Burnley,Wolverhampton Wanderers,1,1,2020-07-15 17:00:00,Rúben Neves,Chipped
1631,371444,39,MissedShots,0.9169999694824219,0.6120000076293945,0.08602649718523026,Diogo Jota,a,6854,OpenPlay,2019,LeftFoot,11994,Burnley,Wolverhampton Wanderers,1,1,2020-07-15 17:00:00,Daniel Podence,Chipped
1632,373684,56,SavedShot,0.7830000305175782,0.5029999923706054,0.06052369996905327,Diogo Jota,a,6854,OpenPlay,2019,RightFoot,12021,Chelsea,Wolverhampton Wanderers,2,0,2020-07-26 15:00:00,Rúben Neves,TakeOn
1633,380016,81,MissedShots,0.8040000152587891,0.66,0.037675898522138596,Diogo Jota,h,6854,OpenPlay,2020,RightFoot,14115,Liverpool,Arsenal,3,1,2020-09-28 19:15:00,Roberto Firmino,Pass
1634,380017,82,MissedShots,0.915,0.634000015258789,0.34588998556137085,Diogo Jota,h,6854,OpenPlay,2020,LeftFoot,14115,Liverpool,Arsenal,3,1,2020-09-28 19:15:00,Mohamed Salah,Throughball
1635,380018,87,Goal,0.8369999694824218,0.4640000152587891,0.08005409687757492,Diogo Jota,h,6854,OpenPlay,2020,RightFoot,14115,Liverpool,Arsenal,3,1,2020-09-28 19:15:00,,None
1636,381497,24,SavedShot,0.7930000305175782,0.6580000305175782,0.01822669990360737,Diogo Jota,a,6854,OpenPlay,2020,LeftFoot,14466,Aston Villa,Liverpool,7,2,2020-10-04 18:15:00,,None
1637,381498,27,SavedShot,0.815,0.705,0.02491679973900318,Diogo Jota,a,6854,OpenPlay,2020,RightFoot,14466,Aston Villa,Liverpool,7,2,2020-10-04 18:15:00,Andrew Robertson,Pass
1638,381514,78,MissedShots,0.8980000305175782,0.545,0.05130629986524582,Diogo Jota,a,6854,OpenPlay,2020,Head,14466,Aston Villa,Liverpool,7,2,2020-10-04 18:15:00,Trent Alexander-Arnold,Aerial
1639,381516,82,SavedShot,0.875,0.6120000076293945,0.019440699368715286,Diogo Jota,a,6854,OpenPlay,2020,Head,14466,Aston Villa,Liverpool,7,2,2020-10-04 18:15:00,James Milner,Chipped
1640,381704,82,BlockedShot,0.895,0.43,0.10109999775886536,Diogo Jota,a,6854,OpenPlay,2020,RightFoot,14477,Everton,Liverpool,2,2,2020-10-17 11:30:00,,Rebound
1641,383649,63,Goal,0.9180000305175782,0.45799999237060546,0.319362998008728,Diogo Jota,h,6854,OpenPlay,2020,Head,14490,Liverpool,Sheffield United,2,1,2020-10-24 19:00:00,Sadio Mané,Cross
1642,384744,84,Goal,0.899000015258789,0.5629999923706055,0.3892660140991211,Diogo Jota,h,6854,OpenPlay,2020,RightFoot,14499,Liverpool,West Ham,2,1,2020-10-31 17:30:00,Xherdan Shaqiri,Throughball
1643,386777,34,MissedShots,0.8119999694824219,0.54,0.04861079901456833,Diogo Jota,a,6854,OpenPlay,2020,RightFoot,14511,Manchester City,Liverpool,1,1,2020-11-08 16:30:00,,None
1644,386782,49,SavedShot,0.875999984741211,0.610999984741211,0.06542699784040451,Diogo Jota,a,6854,OpenPlay,2020,RightFoot,14511,Manchester City,Liverpool,1,1,2020-11-08 16:30:00,,Rebound
1645,386786,58,BlockedShot,0.8590000152587891,0.3129999923706055,0.06725659966468811,Diogo Jota,a,6854,SetPiece,2020,RightFoot,14511,Manchester City,Liverpool,1,1,2020-11-08 16:30:00,Sadio Mané,LayOff
1646,388173,12,SavedShot,0.825,0.5129999923706055,0.07491730153560638,Diogo Jota,h,6854,OpenPlay,2020,RightFoot,14519,Liverpool,Leicester,3,0,2020-11-22 19:15:00,Roberto Firmino,Pass
1647,388181,40,Goal,0.9069999694824219,0.5570000076293945,0.2715640068054199,Diogo Jota,h,6854,OpenPlay,2020,Head,14519,Liverpool,Leicester,3,0,2020-11-22 19:15:00,Andrew Robertson,Cross
1648,388183,45,MissedShots,0.9730000305175781,0.4129999923706055,0.4138079881668091,Diogo Jota,h,6854,OpenPlay,2020,RightFoot,14519,Liverpool,Leicester,3,0,2020-11-22 19:15:00,Andrew Robertson,Cross
1649,388187,56,SavedShot,0.915,0.33099998474121095,0.09118060022592545,Diogo Jota,h,6854,OpenPlay,2020,RightFoot,14519,Liverpool,Leicester,3,0,2020-11-22 19:15:00,Curtis Jones,Pass
1650,388193,71,MissedShots,0.8530000305175781,0.44799999237060545,0.10507600009441376,Diogo Jota,h,6854,OpenPlay,2020,LeftFoot,14519,Liverpool,Leicester,3,0,2020-11-22 19:15:00,Neco Williams,TakeOn
1651,388540,6,BlockedShot,0.7819999694824219,0.6419999694824219,0.02583019994199276,Diogo Jota,a,6854,OpenPlay,2020,RightFoot,14528,Brighton,Liverpool,1,1,2020-11-28 12:30:00,,Dispossessed
1652,388549,59,Goal,0.8619999694824219,0.47,0.0795179009437561,Diogo Jota,a,6854,OpenPlay,2020,RightFoot,14528,Brighton,Liverpool,1,1,2020-11-28 12:30:00,Mohamed Salah,TakeOn
1653,408959,47,SavedShot,0.8530000305175781,0.42400001525878905,0.05364900082349777,Diogo Jota,h,6854,OpenPlay,2020,LeftFoot,14699,Liverpool,Fulham,0,1,2021-03-07 14:00:00,Neco Williams,Cross
1654,410785,46,Goal,0.8680000305175781,0.6320000076293946,0.07763969898223877,Diogo Jota,a,6854,OpenPlay,2020,LeftFoot,14714,Wolverhampton Wanderers,Liverpool,0,1,2021-03-15 20:00:00,Sadio Mané,Pass
1655,410795,79,SavedShot,0.85,0.5870000076293945,0.09732790291309357,Diogo Jota,a,6854,OpenPlay,2020,RightFoot,14714,Wolverhampton Wanderers,Liverpool,0,1,2021-03-15 20:00:00,Mohamed Salah,Pass
1656,412836,63,Goal,0.9459999847412109,0.565,0.1315689980983734,Diogo Jota,a,6854,OpenPlay,2020,Head,14725,Arsenal,Liverpool,0,3,2021-04-03 19:00:00,Trent Alexander-Arnold,Cross
1657,412841,81,Goal,0.919000015258789,0.5359999847412109,0.5694249868392944,Diogo Jota,a,6854,OpenPlay,2020,RightFoot,14725,Arsenal,Liverpool,0,3,2021-04-03 19:00:00,Sadio Mané,Pass
1658,413870,4,BlockedShot,0.909000015258789,0.675,0.049045100808143616,Diogo Jota,h,6854,FromCorner,2020,LeftFoot,14739,Liverpool,Aston Villa,2,1,2021-04-10 14:00:00,James Milner,Pass
1659,413874,18,MissedShots,0.7709999847412109,0.3240000152587891,0.02333730086684227,Diogo Jota,h,6854,OpenPlay,2020,RightFoot,14739,Liverpool,Aston Villa,2,1,2021-04-10 14:00:00,Trent Alexander-Arnold,Pass
1660,413877,31,MissedShots,0.9219999694824219,0.5659999847412109,0.07154189795255661,Diogo Jota,h,6854,FromCorner,2020,Head,14739,Liverpool,Aston Villa,2,1,2021-04-10 14:00:00,Andrew Robertson,Cross
1661,413881,37,SavedShot,0.8440000152587891,0.6509999847412109,0.052160799503326416,Diogo Jota,h,6854,OpenPlay,2020,RightFoot,14739,Liverpool,Aston Villa,2,1,2021-04-10 14:00:00,Trent Alexander-Arnold,Pass
1662,413889,55,MissedShots,0.914000015258789,0.6790000152587891,0.05670220032334328,Diogo Jota,h,6854,OpenPlay,2020,LeftFoot,14739,Liverpool,Aston Villa,2,1,2021-04-10 14:00:00,Nathaniel Phillips,HeadPass
1663,416144,18,BlockedShot,0.89,0.625999984741211,0.09206599742174149,Diogo Jota,a,6854,OpenPlay,2020,RightFoot,14749,Leeds,Liverpool,1,1,2021-04-19 19:00:00,Roberto Firmino,Pass
1664,416150,33,MissedShots,0.840999984741211,0.34200000762939453,0.057379499077796936,Diogo Jota,a,6854,OpenPlay,2020,RightFoot,14749,Leeds,Liverpool,1,1,2021-04-19 19:00:00,Trent Alexander-Arnold,Pass
1665,416152,39,SavedShot,0.88,0.5690000152587891,0.3709389865398407,Diogo Jota,a,6854,OpenPlay,2020,RightFoot,14749,Leeds,Liverpool,1,1,2021-04-19 19:00:00,,None
1666,416156,47,MissedShots,0.9430000305175781,0.48400001525878905,0.12678900361061096,Diogo Jota,a,6854,FromCorner,2020,Head,14749,Leeds,Liverpool,1,1,2021-04-19 19:00:00,Andrew Robertson,Cross
1667,416165,79,SavedShot,0.9,0.45,0.02938690036535263,Diogo Jota,a,6854,FromCorner,2020,Head,14749,Leeds,Liverpool,1,1,2021-04-19 19:00:00,Ozan Kabak,BallTouch
1668,417052,22,SavedShot,0.9019999694824219,0.5659999847412109,0.13349199295043945,Diogo Jota,h,6854,OpenPlay,2020,LeftFoot,14760,Liverpool,Newcastle United,1,1,2021-04-24 11:30:00,Sadio Mané,Pass
1669,417051,22,MissedShots,0.8040000152587891,0.519000015258789,0.0651094987988472,Diogo Jota,h,6854,OpenPlay,2020,RightFoot,14760,Liverpool,Newcastle United,1,1,2021-04-24 11:30:00,Mohamed Salah,LayOff
1670,417055,28,MissedShots,0.8919999694824219,0.45799999237060546,0.42639899253845215,Diogo Jota,h,6854,OpenPlay,2020,RightFoot,14760,Liverpool,Newcastle United,1,1,2021-04-24 11:30:00,,None
1671,417057,37,SavedShot,0.9030000305175782,0.38,0.11753299832344055,Diogo Jota,h,6854,OpenPlay,2020,RightFoot,14760,Liverpool,Newcastle United,1,1,2021-04-24 11:30:00,Roberto Firmino,Pass
1672,420344,24,SavedShot,0.875,0.5729999923706055,0.3603239953517914,Diogo Jota,h,6854,OpenPlay,2020,RightFoot,14780,Liverpool,Southampton,2,0,2021-05-08 19:15:00,Sadio Mané,Pass
1673,420356,48,SavedShot,0.9430000305175781,0.7190000152587891,0.0590147003531456,Diogo Jota,h,6854,OpenPlay,2020,LeftFoot,14780,Liverpool,Southampton,2,0,2021-05-08 19:15:00,Andrew Robertson,Pass
1674,420363,77,MissedShots,0.9059999847412109,0.4229999923706055,0.13208499550819397,Diogo Jota,h,6854,OpenPlay,2020,RightFoot,14780,Liverpool,Southampton,2,0,2021-05-08 19:15:00,Mohamed Salah,Pass
1675,421646,22,SavedShot,0.904000015258789,0.4570000076293945,0.3181630074977875,Diogo Jota,a,6854,OpenPlay,2020,RightFoot,14770,Manchester United,Liverpool,2,4,2021-05-13 19:15:00,Trent Alexander-Arnold,Chipped
1676,421649,32,SavedShot,0.8540000152587891,0.6509999847412109,0.058842699974775314,Diogo Jota,a,6854,OpenPlay,2020,LeftFoot,14770,Manchester United,Liverpool,2,4,2021-05-13 19:15:00,Andrew Robertson,Pass
1677,421652,33,Goal,0.9380000305175781,0.5129999923706055,0.5596399903297424,Diogo Jota,a,6854,FromCorner,2020,RightFoot,14770,Manchester United,Liverpool,2,4,2021-05-13 19:15:00,Nathaniel Phillips,Rebound
1678,421661,58,ShotOnPost,0.9119999694824219,0.6170000076293946,0.3377330005168915,Diogo Jota,a,6854,OpenPlay,2020,LeftFoot,14770,Manchester United,Liverpool,2,4,2021-05-13 19:15:00,Roberto Firmino,Pass
1679,425977,10,SavedShot,0.9130000305175782,0.5109999847412109,0.2218260020017624,Diogo Jota,a,6854,FromCorner,2021,Head,16383,Norwich,Liverpool,0,3,2021-08-14 16:30:00,Naby Keita,Chipped
1680,425984,25,Goal,0.8830000305175781,0.45299999237060545,0.3851029872894287,Diogo Jota,a,6854,OpenPlay,2021,RightFoot,16383,Norwich,Liverpool,0,3,2021-08-14 16:30:00,Mohamed Salah,Pass
1681,426772,2,MissedShots,0.9169999694824219,0.5479999923706055,0.04942839965224266,Diogo Jota,h,6854,SetPiece,2021,Head,16386,Liverpool,Burnley,2,0,2021-08-21 11:30:00,Trent Alexander-Arnold,Aerial
1682,426775,17,Goal,0.914000015258789,0.5359999847412109,0.302731990814209,Diogo Jota,h,6854,OpenPlay,2021,Head,16386,Liverpool,Burnley,2,0,2021-08-21 11:30:00,Konstantinos Tsimikas,Cross
1683,426780,32,BlockedShot,0.7930000305175782,0.5209999847412109,0.05284690111875534,Diogo Jota,h,6854,OpenPlay,2021,RightFoot,16386,Liverpool,Burnley,2,0,2021-08-21 11:30:00,Jordan Henderson,Pass
1684,428817,50,MissedShots,0.91,0.455,0.05051109939813614,Diogo Jota,h,6854,OpenPlay,2021,Head,16402,Liverpool,Chelsea,1,1,2021-08-28 16:30:00,Mohamed Salah,Aerial
1685,428831,88,BlockedShot,0.955,0.595999984741211,0.09927579760551453,Diogo Jota,h,6854,OpenPlay,2021,LeftFoot,16402,Liverpool,Chelsea,1,1,2021-08-28 16:30:00,Konstantinos Tsimikas,Cross
1686,428832,89,SavedShot,0.9209999847412109,0.5729999923706055,0.021488599479198456,Diogo Jota,h,6854,FromCorner,2021,Head,16402,Liverpool,Chelsea,1,1,2021-08-28 16:30:00,Trent Alexander-Arnold,Aerial
1687,430554,14,SavedShot,0.889000015258789,0.515,0.1328119933605194,Diogo Jota,a,6854,OpenPlay,2021,RightFoot,16414,Leeds,Liverpool,0,3,2021-09-12 15:30:00,Mohamed Salah,Throughball
1688,430565,38,BlockedShot,0.8109999847412109,0.5779999923706055,0.0635284036397934,Diogo Jota,a,6854,OpenPlay,2021,LeftFoot,16414,Leeds,Liverpool,0,3,2021-09-12 15:30:00,Harvey Elliott,Pass
1689,430583,79,BlockedShot,0.889000015258789,0.6840000152587891,0.10303500294685364,Diogo Jota,a,6854,OpenPlay,2021,LeftFoot,16414,Leeds,Liverpool,0,3,2021-09-12 15:30:00,Thiago Alcántara,LayOff
1690,431329,2,MissedShots,0.915,0.4370000076293945,0.04986320063471794,Diogo Jota,h,6854,OpenPlay,2021,Head,16420,Liverpool,Crystal Palace,3,0,2021-09-18 14:00:00,James Milner,Aerial
1691,431330,8,MissedShots,0.9569999694824218,0.615999984741211,0.08383069932460785,Diogo Jota,h,6854,OpenPlay,2021,LeftFoot,16420,Liverpool,Crystal Palace,3,0,2021-09-18 14:00:00,Konstantinos Tsimikas,Cross
1692,431341,32,BlockedShot,0.805,0.4829999923706055,0.049063898622989655,Diogo Jota,h,6854,OpenPlay,2021,RightFoot,16420,Liverpool,Crystal Palace,3,0,2021-09-18 14:00:00,Thiago Alcántara,Pass
1693,431344,37,MissedShots,0.9640000152587891,0.539000015258789,0.657558023929596,Diogo Jota,h,6854,OpenPlay,2021,RightFoot,16420,Liverpool,Crystal Palace,3,0,2021-09-18 14:00:00,,Rebound
1694,433689,30,Goal,0.9269999694824219,0.534000015258789,0.3442290127277374,Diogo Jota,a,6854,OpenPlay,2021,Head,16432,Brentford,Liverpool,3,3,2021-09-25 16:30:00,Jordan Henderson,Cross
1695,433693,38,SavedShot,0.9440000152587891,0.5629999923706055,0.4892590045928955,Diogo Jota,a,6854,OpenPlay,2021,LeftFoot,16432,Brentford,Liverpool,3,3,2021-09-25 16:30:00,,Rebound
1696,435658,49,SavedShot,0.8380000305175781,0.5620000076293945,0.07208540290594101,Diogo Jota,h,6854,OpenPlay,2021,LeftFoot,16441,Liverpool,Manchester City,2,2,2021-10-03 15:30:00,Joel Matip,Pass
1697,438505,12,Goal,0.9640000152587891,0.5129999923706055,0.8077149987220764,Diogo Jota,a,6854,OpenPlay,2021,LeftFoot,16463,Manchester United,Liverpool,0,5,2021-10-24 15:30:00,Trent Alexander-Arnold,Pass
1698,438525,81,BlockedShot,0.774000015258789,0.655,0.029807299375534058,Diogo Jota,a,6854,OpenPlay,2021,LeftFoot,16463,Manchester United,Liverpool,0,5,2021-10-24 15:30:00,Curtis Jones,Pass
1699,441909,31,MissedShots,0.905,0.41200000762939454,0.04948439821600914,Diogo Jota,a,6854,OpenPlay,2021,Head,16485,West Ham,Liverpool,3,2,2021-11-07 16:30:00,Jordan Henderson,Cross
1700,441924,68,MissedShots,0.9640000152587891,0.605999984741211,0.05768429860472679,Diogo Jota,a,6854,OpenPlay,2021,Head,16485,West Ham,Liverpool,3,2,2021-11-07 16:30:00,Jordan Henderson,Cross
1701,442780,51,Goal,0.919000015258789,0.5479999923706055,0.42389601469039917,Diogo Jota,h,6854,OpenPlay,2021,LeftFoot,16489,Liverpool,Arsenal,4,0,2021-11-20 17:30:00,,TakeOn
1702,442784,67,SavedShot,0.885,0.5459999847412109,0.44160500168800354,Diogo Jota,h,6854,OpenPlay,2021,LeftFoot,16489,Liverpool,Arsenal,4,0,2021-11-20 17:30:00,Mohamed Salah,Pass
1703,444094,1,Goal,0.95,0.5220000076293946,0.6258209943771362,Diogo Jota,h,6854,OpenPlay,2021,RightFoot,16503,Liverpool,Southampton,4,0,2021-11-27 15:00:00,Andrew Robertson,Pass
1704,444093,1,BlockedShot,0.870999984741211,0.5520000076293945,0.12332499772310257,Diogo Jota,h,6854,OpenPlay,2021,LeftFoot,16503,Liverpool,Southampton,4,0,2021-11-27 15:00:00,Trent Alexander-Arnold,TakeOn
1705,444100,31,Goal,0.9690000152587891,0.54,0.7947229743003845,Diogo Jota,h,6854,OpenPlay,2021,LeftFoot,16503,Liverpool,Southampton,4,0,2021-11-27 15:00:00,Mohamed Salah,Pass
1706,444101,36,BlockedShot,0.915,0.5720000076293945,0.12087800353765488,Diogo Jota,h,6854,OpenPlay,2021,LeftFoot,16503,Liverpool,Southampton,4,0,2021-11-27 15:00:00,Jordan Henderson,HeadPass
1707,444104,40,MissedShots,0.8980000305175782,0.649000015258789,0.1552859991788864,Diogo Jota,h,6854,OpenPlay,2021,RightFoot,16503,Liverpool,Southampton,4,0,2021-11-27 15:00:00,Andrew Robertson,TakeOn
1708,444106,46,MissedShots,0.85,0.5670000076293945,0.07901480048894882,Diogo Jota,h,6854,OpenPlay,2021,RightFoot,16503,Liverpool,Southampton,4,0,2021-11-27 15:00:00,,None
1709,444113,73,MissedShots,0.9319999694824219,0.4809999847412109,0.555620014667511,Diogo Jota,h,6854,OpenPlay,2021,RightFoot,16503,Liverpool,Southampton,4,0,2021-11-27 15:00:00,Andrew Robertson,Cross
1710,445715,69,MissedShots,0.95,0.5659999847412109,0.053710199892520905,Diogo Jota,a,6854,FromCorner,2021,Head,16507,Everton,Liverpool,1,4,2021-12-01 20:15:00,Andrew Robertson,Aerial
1711,445716,78,Goal,0.955999984741211,0.664000015258789,0.28206801414489746,Diogo Jota,a,6854,OpenPlay,2021,LeftFoot,16507,Everton,Liverpool,1,4,2021-12-01 20:15:00,Andrew Robertson,Pass
1712,446186,17,BlockedShot,0.92,0.4640000152587891,0.03959599882364273,Diogo Jota,a,6854,FromCorner,2021,Head,16525,Wolverhampton Wanderers,Liverpool,0,1,2021-12-04 15:00:00,Trent Alexander-Arnold,Aerial
1713,446189,31,MissedShots,0.9330000305175781,0.5570000076293945,0.0653126984834671,Diogo Jota,a,6854,OpenPlay,2021,Head,16525,Wolverhampton Wanderers,Liverpool,0,1,2021-12-04 15:00:00,Trent Alexander-Arnold,Aerial
1714,446197,59,BlockedShot,0.9390000152587891,0.48,0.5856710076332092,Diogo Jota,a,6854,OpenPlay,2021,LeftFoot,16525,Wolverhampton Wanderers,Liverpool,0,1,2021-12-04 15:00:00,,None
1715,446198,63,MissedShots,0.7859999847412109,0.669000015258789,0.014183799736201763,Diogo Jota,a,6854,OpenPlay,2021,RightFoot,16525,Wolverhampton Wanderers,Liverpool,0,1,2021-12-04 15:00:00,Andrew Robertson,HeadPass
1716,447696,77,MissedShots,0.9230000305175782,0.6079999923706054,0.3975290060043335,Diogo Jota,h,6854,OpenPlay,2021,RightFoot,16533,Liverpool,Aston Villa,1,0,2021-12-11 15:00:00,,None
1717,447699,92,MissedShots,0.894000015258789,0.5670000076293945,0.5860750079154968,Diogo Jota,h,6854,OpenPlay,2021,RightFoot,16533,Liverpool,Aston Villa,1,0,2021-12-11 15:00:00,,Dispossessed
1718,449181,5,SavedShot,0.9109999847412109,0.3529999923706055,0.12693800032138824,Diogo Jota,h,6854,OpenPlay,2021,LeftFoot,16544,Liverpool,Newcastle United,3,1,2021-12-16 20:00:00,Mohamed Salah,Throughball
1719,449184,18,MissedShots,0.865,0.6140000152587891,0.056785501539707184,Diogo Jota,h,6854,OpenPlay,2021,LeftFoot,16544,Liverpool,Newcastle United,3,1,2021-12-16 20:00:00,,BallRecovery
1720,449186,20,SavedShot,0.9630000305175781,0.53,0.5162680149078369,Diogo Jota,h,6854,FromCorner,2021,Head,16544,Liverpool,Newcastle United,3,1,2021-12-16 20:00:00,Sadio Mané,Cross
1721,449187,20,Goal,0.9769999694824218,0.539000015258789,0.7737720012664795,Diogo Jota,h,6854,FromCorner,2021,LeftFoot,16544,Liverpool,Newcastle United,3,1,2021-12-16 20:00:00,,Rebound
1722,449191,31,MissedShots,0.8580000305175781,0.544000015258789,0.10084400326013565,Diogo Jota,h,6854,OpenPlay,2021,RightFoot,16544,Liverpool,Newcastle United,3,1,2021-12-16 20:00:00,Jordan Henderson,HeadPass
1723,449199,70,MissedShots,0.9169999694824219,0.46799999237060547,0.07295329868793488,Diogo Jota,h,6854,OpenPlay,2021,Head,16544,Liverpool,Newcastle United,3,1,2021-12-16 20:00:00,Trent Alexander-Arnold,Aerial
1724,449203,80,BlockedShot,0.92,0.4620000076293945,0.1338379979133606,Diogo Jota,h,6854,OpenPlay,2021,RightFoot,16544,Liverpool,Newcastle United,3,1,2021-12-16 20:00:00,,None
1725,449817,34,Goal,0.9130000305175782,0.55,0.050819799304008484,Diogo Jota,a,6854,OpenPlay,2021,Head,16552,Tottenham,Liverpool,2,2,2021-12-19 16:30:00,Andrew Robertson,Chipped
1726,449821,43,MissedShots,0.909000015258789,0.44299999237060544,0.09358759969472885,Diogo Jota,a,6854,SetPiece,2021,Head,16552,Tottenham,Liverpool,2,2,2021-12-19 16:30:00,Trent Alexander-Arnold,Cross
1727,449822,47,MissedShots,0.8809999847412109,0.48400001525878905,0.03058220073580742,Diogo Jota,a,6854,OpenPlay,2021,Head,16552,Tottenham,Liverpool,2,2,2021-12-19 16:30:00,Trent Alexander-Arnold,Aerial
1728,450810,3,BlockedShot,0.899000015258789,0.46099998474121096,0.12730899453163147,Diogo Jota,a,6854,OpenPlay,2021,RightFoot,16573,Leicester,Liverpool,1,0,2021-12-28 20:00:00,Mohamed Salah,Pass
1729,450825,45,MissedShots,0.89,0.525,0.06262090057134628,Diogo Jota,a,6854,OpenPlay,2021,RightFoot,16573,Leicester,Liverpool,1,0,2021-12-28 20:00:00,,Aerial
1730,450830,81,MissedShots,0.9330000305175781,0.5220000076293946,0.060401998460292816,Diogo Jota,a,6854,FromCorner,2021,Head,16573,Leicester,Liverpool,1,0,2021-12-28 20:00:00,Konstantinos Tsimikas,Aerial
1731,453593,8,SavedShot,0.9690000152587891,0.5609999847412109,0.1240219995379448,Diogo Jota,h,6854,FromCorner,2021,LeftFoot,16589,Liverpool,Brentford,3,0,2022-01-16 14:00:00,,None
1732,453594,9,BlockedShot,0.8809999847412109,0.4809999847412109,0.08966980129480362,Diogo Jota,h,6854,OpenPlay,2021,RightFoot,16589,Liverpool,Brentford,3,0,2022-01-16 14:00:00,,None
1733,453595,10,MissedShots,0.9030000305175782,0.500999984741211,0.03422870114445686,Diogo Jota,h,6854,FromCorner,2021,Head,16589,Liverpool,Brentford,3,0,2022-01-16 14:00:00,Alex Oxlade-Chamberlain,Aerial
1734,453605,42,BlockedShot,0.845,0.43,0.08711829781532288,Diogo Jota,h,6854,OpenPlay,2021,LeftFoot,16589,Liverpool,Brentford,3,0,2022-01-16 14:00:00,Roberto Firmino,Pass
1735,453613,61,ShotOnPost,0.8880000305175781,0.38299999237060545,0.09733229875564575,Diogo Jota,h,6854,OpenPlay,2021,RightFoot,16589,Liverpool,Brentford,3,0,2022-01-16 14:00:00,Trent Alexander-Arnold,BallTouch
1736,453615,66,SavedShot,0.895,0.6029999923706054,0.3447889983654022,Diogo Jota,h,6854,OpenPlay,2021,LeftFoot,16589,Liverpool,Brentford,3,0,2022-01-16 14:00:00,,TakeOn
1737,454975,39,SavedShot,0.7930000305175782,0.2670000076293945,0.018617600202560425,Diogo Jota,a,6854,OpenPlay,2021,RightFoot,16599,Crystal Palace,Liverpool,1,3,2022-01-23 14:00:00,,None
1738,456720,33,Goal,0.9569999694824218,0.4859999847412109,0.6411089897155762,Diogo Jota,h,6854,FromCorner,2021,RightFoot,16614,Liverpool,Leicester,2,0,2022-02-10 19:45:00,,Rebound
1739,456728,57,MissedShots,0.935,0.5259999847412109,0.11992599815130234,Diogo Jota,h,6854,FromCorner,2021,RightFoot,16614,Liverpool,Leicester,2,0,2022-02-10 19:45:00,,None
1740,456739,86,Goal,0.895,0.5,0.46108999848365784,Diogo Jota,h,6854,OpenPlay,2021,RightFoot,16614,Liverpool,Leicester,2,0,2022-02-10 19:45:00,Joel Matip,Pass
1741,457411,86,MissedShots,0.860999984741211,0.5209999847412109,0.09783530235290527,Diogo Jota,a,6854,OpenPlay,2021,RightFoot,16617,Burnley,Liverpool,0,1,2022-02-13 14:00:00,,None
1742,461270,94,MissedShots,0.799000015258789,0.43,0.07463660091161728,Diogo Jota,h,6854,OpenPlay,2021,LeftFoot,16649,Liverpool,West Ham,1,0,2022-03-05 17:30:00,Sadio Mané,Pass
1743,463610,53,Goal,0.9269999694824219,0.71,0.04671259969472885,Diogo Jota,a,6854,OpenPlay,2021,LeftFoot,16636,Arsenal,Liverpool,0,2,2022-03-16 20:15:00,Thiago Alcántara,Pass
1744,464954,15,MissedShots,0.7280000305175781,0.35200000762939454,0.011491600424051285,Diogo Jota,h,6854,OpenPlay,2021,RightFoot,16680,Liverpool,Watford,2,0,2022-04-02 11:30:00,,None
1745,464957,21,Goal,0.9480000305175781,0.49,0.5523759722709656,Diogo Jota,h,6854,OpenPlay,2021,Head,16680,Liverpool,Watford,2,0,2022-04-02 11:30:00,Joseph Gomez,Cross
1746,464961,37,SavedShot,0.9490000152587891,0.6469999694824219,0.06020230054855347,Diogo Jota,h,6854,FromCorner,2021,LeftFoot,16680,Liverpool,Watford,2,0,2022-04-02 11:30:00,,None
1747,464965,51,MissedShots,0.745,0.4909999847412109,0.02829420007765293,Diogo Jota,h,6854,OpenPlay,2021,RightFoot,16680,Liverpool,Watford,2,0,2022-04-02 11:30:00,,None
1748,464968,59,MissedShots,0.9080000305175782,0.44299999237060544,0.08778870105743408,Diogo Jota,h,6854,SetPiece,2021,Head,16680,Liverpool,Watford,2,0,2022-04-02 11:30:00,Jordan Henderson,Cross
1749,464969,60,MissedShots,0.915,0.5270000076293946,0.06894160062074661,Diogo Jota,h,6854,OpenPlay,2021,Head,16680,Liverpool,Watford,2,0,2022-04-02 11:30:00,Jordan Henderson,Aerial
1750,467482,12,Goal,0.925,0.455,0.48584499955177307,Diogo Jota,a,6854,OpenPlay,2021,RightFoot,16690,Manchester City,Liverpool,2,2,2022-04-10 15:30:00,Trent Alexander-Arnold,Pass
1751,467490,51,SavedShot,0.885,0.41900001525878905,0.3718000054359436,Diogo Jota,a,6854,OpenPlay,2021,LeftFoot,16690,Manchester City,Liverpool,2,2,2022-04-10 15:30:00,Mohamed Salah,Throughball
1752,469099,86,BlockedShot,0.8080000305175781,0.72,0.03878059983253479,Diogo Jota,h,6854,OpenPlay,2021,RightFoot,16669,Liverpool,Manchester United,4,0,2022-04-19 19:00:00,Andrew Robertson,Pass
1753,469100,93,MissedShots,0.97,0.42200000762939455,0.31271499395370483,Diogo Jota,h,6854,FromCorner,2021,Head,16669,Liverpool,Manchester United,4,0,2022-04-19 19:00:00,Trent Alexander-Arnold,Cross
1754,470757,30,MissedShots,0.8909999847412109,0.5720000076293945,0.0900902971625328,Diogo Jota,h,6854,OpenPlay,2021,RightFoot,16708,Liverpool,Everton,2,0,2022-04-24 15:30:00,Andrew Robertson,Cross
1755,471204,4,MissedShots,0.884000015258789,0.575,0.07420659810304642,Diogo Jota,a,6854,SetPiece,2021,LeftFoot,16721,Newcastle United,Liverpool,0,1,2022-04-30 11:30:00,,None
1756,471211,40,SavedShot,0.8680000305175781,0.46,0.024289099499583244,Diogo Jota,a,6854,OpenPlay,2021,Head,16721,Newcastle United,Liverpool,0,1,2022-04-30 11:30:00,Jordan Henderson,Aerial
1757,471216,58,SavedShot,0.850999984741211,0.6229999923706054,0.07357530295848846,Diogo Jota,a,6854,OpenPlay,2021,RightFoot,16721,Newcastle United,Liverpool,0,1,2022-04-30 11:30:00,James Milner,Chipped
1758,471225,72,SavedShot,0.884000015258789,0.3189999961853027,0.3123539984226227,Diogo Jota,a,6854,OpenPlay,2021,RightFoot,16721,Newcastle United,Liverpool,0,1,2022-04-30 11:30:00,James Milner,Throughball
1759,471226,78,SavedShot,0.855,0.3729999923706055,0.07375829666852951,Diogo Jota,a,6854,OpenPlay,2021,LeftFoot,16721,Newcastle United,Liverpool,0,1,2022-04-30 11:30:00,,None
1760,475024,5,MissedShots,0.895,0.59,0.08211109787225723,Diogo Jota,a,6854,SetPiece,2021,LeftFoot,16705,Aston Villa,Liverpool,1,2,2022-05-10 19:00:00,Joel Matip,BallTouch
1761,475029,17,MissedShots,0.8859999847412109,0.67,0.052228398621082306,Diogo Jota,a,6854,OpenPlay,2021,LeftFoot,16705,Aston Villa,Liverpool,1,2,2022-05-10 19:00:00,Sadio Mané,Chipped
1762,476908,28,BlockedShot,0.909000015258789,0.5420000076293945,0.10794299840927124,Diogo Jota,a,6854,OpenPlay,2021,RightFoot,16740,Southampton,Liverpool,1,2,2022-05-17 18:45:00,Roberto Firmino,Cross
1763,476914,48,MissedShots,0.9169999694824219,0.6320000076293946,0.07044419646263123,Diogo Jota,a,6854,OpenPlay,2021,LeftFoot,16740,Southampton,Liverpool,1,2,2022-05-17 18:45:00,Konstantinos Tsimikas,Cross
1764,476919,57,BlockedShot,0.840999984741211,0.5790000152587891,0.060318801552057266,Diogo Jota,a,6854,OpenPlay,2021,LeftFoot,16740,Southampton,Liverpool,1,2,2022-05-17 18:45:00,,None
1765,476922,62,MissedShots,0.9019999694824219,0.5929999923706055,0.11340100318193436,Diogo Jota,a,6854,OpenPlay,2021,RightFoot,16740,Southampton,Liverpool,1,2,2022-05-17 18:45:00,Konstantinos Tsimikas,Pass
1766,477901,14,BlockedShot,0.8730000305175781,0.47900001525878905,0.10000400245189667,Diogo Jota,h,6854,OpenPlay,2021,RightFoot,16753,Liverpool,Wolverhampton Wanderers,3,1,2022-05-22 15:00:00,Naby Keita,Pass
1767,477911,49,BlockedShot,0.8059999847412109,0.35200000762939454,0.03195919841527939,Diogo Jota,h,6854,OpenPlay,2021,RightFoot,16753,Liverpool,Wolverhampton Wanderers,3,1,2022-05-22 15:00:00,,None
1768,477912,51,BlockedShot,0.889000015258789,0.4520000076293945,0.1017799973487854,Diogo Jota,h,6854,OpenPlay,2021,RightFoot,16753,Liverpool,Wolverhampton Wanderers,3,1,2022-05-22 15:00:00,Sadio Mané,BallTouch
1769,485659,91,MissedShots,0.935,0.46599998474121096,0.07952149957418442,Diogo Jota,a,6854,OpenPlay,2022,Head,18252,Everton,Liverpool,0,0,2022-09-03 11:30:00,Andrew Robertson,Aerial
1770,485662,94,MissedShots,0.9430000305175781,0.49700000762939456,0.15370599925518036,Diogo Jota,a,6854,OpenPlay,2022,RightFoot,18252,Everton,Liverpool,0,0,2022-09-03 11:30:00,,Rebound
1771,493835,20,SavedShot,0.9130000305175782,0.45099998474121095,0.19542600214481354,Diogo Jota,h,6854,FromCorner,2022,Head,18307,Liverpool,Manchester City,1,0,2022-10-16 15:30:00,Harvey Elliott,Chipped
1772,509854,62,MissedShots,0.94,0.6819999694824219,0.08889880031347275,Diogo Jota,a,6854,OpenPlay,2022,LeftFoot,18438,Newcastle United,Liverpool,0,2,2023-02-18 17:30:00,Roberto Firmino,Pass
1773,509859,87,MissedShots,0.95,0.5529999923706055,0.363101989030838,Diogo Jota,a,6854,FromCorner,2022,Head,18438,Newcastle United,Liverpool,0,2,2023-02-18 17:30:00,Andrew Robertson,Cross
1774,509860,89,MissedShots,0.9209999847412109,0.5890000152587891,0.07338669896125793,Diogo Jota,a,6854,OpenPlay,2022,Head,18438,Newcastle United,Liverpool,0,2,2023-02-18 17:30:00,Trent Alexander-Arnold,Cross
1775,509861,90,MissedShots,0.9469999694824218,0.6619999694824219,0.1488949954509735,Diogo Jota,a,6854,OpenPlay,2022,LeftFoot,18438,Newcastle United,Liverpool,0,2,2023-02-18 17:30:00,Harvey Elliott,TakeOn
1776,511049,17,SavedShot,0.8109999847412109,0.62,0.03872780129313469,Diogo Jota,a,6854,OpenPlay,2022,RightFoot,18443,Crystal Palace,Liverpool,0,0,2023-02-25 19:45:00,,None
1777,511050,21,ShotOnPost,0.9930000305175781,0.5920000076293945,0.2329380065202713,Diogo Jota,a,6854,SetPiece,2022,Head,18443,Crystal Palace,Liverpool,0,0,2023-02-25 19:45:00,Joel Matip,Chipped
1778,511057,48,BlockedShot,0.87,0.4620000076293945,0.07154469937086105,Diogo Jota,a,6854,OpenPlay,2022,RightFoot,18443,Crystal Palace,Liverpool,0,0,2023-02-25 19:45:00,Trent Alexander-Arnold,Cross
1779,511061,56,MissedShots,0.905,0.6430000305175781,0.059271398931741714,Diogo Jota,a,6854,FromCorner,2022,LeftFoot,18443,Crystal Palace,Liverpool,0,0,2023-02-25 19:45:00,James Milner,TakeOn
1780,511730,18,MissedShots,0.9,0.4929999923706055,0.10742899775505066,Diogo Jota,h,6854,OpenPlay,2022,RightFoot,18264,Liverpool,Wolverhampton Wanderers,2,0,2023-03-01 20:00:00,Mohamed Salah,Cross
1781,511737,58,BlockedShot,0.8280000305175781,0.4329999923706055,0.054460398852825165,Diogo Jota,h,6854,OpenPlay,2022,RightFoot,18264,Liverpool,Wolverhampton Wanderers,2,0,2023-03-01 20:00:00,Harvey Elliott,None
1782,513247,48,SavedShot,0.8430000305175781,0.6329999923706054,0.045542798936367035,Diogo Jota,a,6854,OpenPlay,2022,RightFoot,18462,Bournemouth,Liverpool,1,0,2023-03-11 12:30:00,,BallRecovery
1783,513248,66,BlockedShot,0.9640000152587891,0.5979999923706054,0.2751449942588806,Diogo Jota,a,6854,OpenPlay,2022,Head,18462,Bournemouth,Liverpool,1,0,2023-03-11 12:30:00,James Milner,Cross
1784,518769,54,BlockedShot,0.865,0.585,0.07656849920749664,Diogo Jota,h,6854,OpenPlay,2022,RightFoot,18497,Liverpool,Arsenal,2,2,2023-04-09 15:30:00,Jordan Henderson,Pass
1785,520425,24,BlockedShot,0.8580000305175781,0.46,0.09709379822015762,Diogo Jota,a,6854,OpenPlay,2022,RightFoot,18505,Leeds,Liverpool,1,6,2023-04-17 19:00:00,Cody Gakpo,Pass
1786,520433,50,MissedShots,0.905,0.6630000305175782,0.07645010203123093,Diogo Jota,a,6854,OpenPlay,2022,LeftFoot,18505,Leeds,Liverpool,1,6,2023-04-17 19:00:00,Jordan Henderson,Chipped
1787,520434,51,Goal,0.8190000152587891,0.5520000076293945,0.3265500068664551,Diogo Jota,a,6854,OpenPlay,2022,RightFoot,18505,Leeds,Liverpool,1,6,2023-04-17 19:00:00,Curtis Jones,Throughball
1788,520438,71,MissedShots,0.9230000305175782,0.6969999694824218,0.07924880087375641,Diogo Jota,a,6854,OpenPlay,2022,LeftFoot,18505,Leeds,Liverpool,1,6,2023-04-17 19:00:00,Cody Gakpo,Pass
1789,520439,72,Goal,0.825999984741211,0.5159999847412109,0.09053180366754532,Diogo Jota,a,6854,OpenPlay,2022,RightFoot,18505,Leeds,Liverpool,1,6,2023-04-17 19:00:00,Jordan Henderson,Pass
1790,520873,38,MissedShots,0.9740000152587891,0.545,0.5803693532943726,Diogo Jota,h,6854,SetPiece,2022,Head,18519,Liverpool,Nottingham Forest,3,2,2023-04-22 14:00:00,Trent Alexander-Arnold,Cross
1791,520874,46,Goal,0.9819999694824219,0.5020000076293946,0.7880190014839172,Diogo Jota,h,6854,FromCorner,2022,Head,18519,Liverpool,Nottingham Forest,3,2,2023-04-22 14:00:00,Fabinho,Aerial
1792,520879,54,Goal,0.8819999694824219,0.5829999923706055,0.04249211773276329,Diogo Jota,h,6854,SetPiece,2022,LeftFoot,18519,Liverpool,Nottingham Forest,3,2,2023-04-22 14:00:00,Andrew Robertson,Cross
1793,520882,64,SavedShot,0.8880000305175781,0.5509999847412109,0.26672855019569397,Diogo Jota,h,6854,OpenPlay,2022,Head,18519,Liverpool,Nottingham Forest,3,2,2023-04-22 14:00:00,Ibrahima Konaté,Chipped
1794,522123,26,MissedShots,0.8540000152587891,0.6170000076293946,0.05819571018218994,Diogo Jota,a,6854,OpenPlay,2022,RightFoot,18526,West Ham,Liverpool,1,2,2023-04-26 18:45:00,Jordan Henderson,None
1795,522126,38,MissedShots,0.9590000152587891,0.51,0.5849685072898865,Diogo Jota,a,6854,OpenPlay,2022,Head,18526,West Ham,Liverpool,1,2,2023-04-26 18:45:00,Jordan Henderson,HeadPass
1796,523447,64,MissedShots,0.9540000152587891,0.6170000076293946,0.018506107851862907,Diogo Jota,h,6854,OpenPlay,2022,Head,18539,Liverpool,Tottenham,4,3,2023-04-30 15:30:00,Jordan Henderson,Aerial
1797,523453,93,Goal,0.9030000305175782,0.65,0.3286519944667816,Diogo Jota,h,6854,OpenPlay,2022,LeftFoot,18539,Liverpool,Tottenham,4,3,2023-04-30 15:30:00,,None
1798,524780,44,BlockedShot,0.8809999847412109,0.4129999923706055,0.11525091528892517,Diogo Jota,h,6854,OpenPlay,2022,LeftFoot,18545,Liverpool,Brentford,1,0,2023-05-06 16:30:00,Mohamed Salah,Pass
1799,524784,52,MissedShots,0.975,0.3270000076293945,0.07886986434459686,Diogo Jota,h,6854,OpenPlay,2022,RightFoot,18545,Liverpool,Brentford,1,0,2023-05-06 16:30:00,Mohamed Salah,Pass
1800,529889,9,Goal,0.9009999847412109,0.5890000152587891,0.3895084857940674,Diogo Jota,a,6854,OpenPlay,2022,RightFoot,18581,Southampton,Liverpool,4,4,2023-05-28 15:30:00,,None
1801,529894,26,BlockedShot,0.9269999694824219,0.509000015258789,0.05444406345486641,Diogo Jota,a,6854,FromCorner,2022,Head,18581,Southampton,Liverpool,4,4,2023-05-28 15:30:00,Konstantinos Tsimikas,Foul
1802,529913,67,BlockedShot,0.875999984741211,0.649000015258789,0.07270980626344681,Diogo Jota,a,6854,OpenPlay,2022,RightFoot,18581,Southampton,Liverpool,4,4,2023-05-28 15:30:00,Luis Díaz,Pass
1803,529916,72,Goal,0.845999984741211,0.3840000152587891,0.3246406316757202,Diogo Jota,a,6854,OpenPlay,2022,RightFoot,18581,Southampton,Liverpool,4,4,2023-05-28 15:30:00,Mohamed Salah,Throughball
1804,532585,1,MissedShots,0.8669999694824219,0.529000015258789,0.03263983130455017,Diogo Jota,a,6854,OpenPlay,2023,Head,22283,Chelsea,Liverpool,1,1,2023-08-13 15:30:00,Alexis Mac Allister,Chipped
1805,532586,5,MissedShots,0.8680000305175781,0.3509999847412109,0.06196671351790428,Diogo Jota,a,6854,OpenPlay,2023,RightFoot,22283,Chelsea,Liverpool,1,1,2023-08-13 15:30:00,Dominik Szoboszlai,BallTouch
1806,533215,49,MissedShots,0.904000015258789,0.4879999923706055,0.0690808966755867,Diogo Jota,h,6854,FromCorner,2023,Head,22288,Liverpool,Bournemouth,3,1,2023-08-19 14:00:00,Andrew Robertson,Cross
1807,533216,50,MissedShots,0.7769999694824219,0.395,0.03830121085047722,Diogo Jota,h,6854,OpenPlay,2023,RightFoot,22288,Liverpool,Bournemouth,3,1,2023-08-19 14:00:00,,None
1808,533220,57,BlockedShot,0.9159999847412109,0.56,0.12400434911251068,Diogo Jota,h,6854,OpenPlay,2023,LeftFoot,22288,Liverpool,Bournemouth,3,1,2023-08-19 14:00:00,Luis Díaz,Cross
1809,533222,61,Goal,0.9619999694824218,0.5279999923706055,0.6706581711769104,Diogo Jota,h,6854,OpenPlay,2023,LeftFoot,22288,Liverpool,Bournemouth,3,1,2023-08-19 14:00:00,,Rebound
1810,533223,66,SavedShot,0.9480000305175781,0.3940000152587891,0.18728122115135193,Diogo Jota,h,6854,OpenPlay,2023,LeftFoot,22288,Liverpool,Bournemouth,3,1,2023-08-19 14:00:00,,TakeOn
1811,537346,12,MissedShots,0.8680000305175781,0.47400001525878904,0.07283686101436615,Diogo Jota,a,6854,OpenPlay,2023,RightFoot,21935,Wolverhampton Wanderers,Liverpool,1,3,2023-09-16 11:30:00,Mohamed Salah,Cross
1812,539687,84,Goal,0.9790000152587891,0.5259999847412109,0.733305811882019,Diogo Jota,h,6854,FromCorner,2023,RightFoot,21953,Liverpool,West Ham,3,1,2023-09-24 13:00:00,Virgil van Dijk,HeadPass
1813,539689,89,BlockedShot,0.865,0.62,0.07804429531097412,Diogo Jota,h,6854,OpenPlay,2023,RightFoot,21953,Liverpool,West Ham,3,1,2023-09-24 13:00:00,Andrew Robertson,Pass
1814,543717,9,BlockedShot,0.88,0.6780000305175782,0.05735275521874428,Diogo Jota,h,6854,OpenPlay,2023,RightFoot,21979,Liverpool,Everton,2,0,2023-10-21 11:30:00,Ryan Gravenberch,Pass
1815,543736,71,BlockedShot,0.835999984741211,0.335,0.0476992167532444,Diogo Jota,h,6854,OpenPlay,2023,RightFoot,21979,Liverpool,Everton,2,0,2023-10-21 11:30:00,Mohamed Salah,LayOff
1816,543740,81,SavedShot,0.9059999847412109,0.5920000076293945,0.0320424847304821,Diogo Jota,h,6854,FromCorner,2023,Head,21979,Liverpool,Everton,2,0,2023-10-21 11:30:00,Dominik Szoboszlai,Cross
1817,543744,91,MissedShots,0.955,0.6680000305175782,0.09023735672235489,Diogo Jota,h,6854,OpenPlay,2023,LeftFoot,21979,Liverpool,Everton,2,0,2023-10-21 11:30:00,Joseph Gomez,Pass
1818,546077,7,SavedShot,0.9469999694824218,0.514000015258789,0.07667965441942215,Diogo Jota,h,6854,FromCorner,2023,Head,21991,Liverpool,Nottingham Forest,3,0,2023-10-29 14:00:00,Trent Alexander-Arnold,Aerial
1819,546083,30,Goal,0.9219999694824219,0.565,0.5778287649154663,Diogo Jota,h,6854,OpenPlay,2023,RightFoot,21991,Liverpool,Nottingham Forest,3,0,2023-10-29 14:00:00,,Rebound
1820,546091,49,BlockedShot,0.9390000152587891,0.5770000076293945,0.08661544322967529,Diogo Jota,h,6854,FromCorner,2023,RightFoot,21991,Liverpool,Nottingham Forest,3,0,2023-10-29 14:00:00,Dominik Szoboszlai,Cross
1821,547525,32,SavedShot,0.899000015258789,0.6020000076293945,0.35704505443573,Diogo Jota,a,6854,OpenPlay,2023,RightFoot,21999,Luton,Liverpool,1,1,2023-11-05 16:30:00,Ryan Gravenberch,Pass
1822,547529,44,MissedShots,0.895,0.67,0.007840219885110855,Diogo Jota,a,6854,SetPiece,2023,Head,21999,Luton,Liverpool,1,1,2023-11-05 16:30:00,Trent Alexander-Arnold,Aerial
1823,548826,13,BlockedShot,0.8580000305175781,0.44799999237060545,0.07999687641859055,Diogo Jota,h,6854,OpenPlay,2023,RightFoot,22011,Liverpool,Brentford,3,0,2023-11-12 14:00:00,,Dispossessed
1824,548848,73,Goal,0.8209999847412109,0.5990000152587891,0.06560409814119339,Diogo Jota,h,6854,OpenPlay,2023,RightFoot,22011,Liverpool,Brentford,3,0,2023-11-12 14:00:00,Konstantinos Tsimikas,Pass
1825,548847,73,BlockedShot,0.8030000305175782,0.5179999923706055,0.022024525329470634,Diogo Jota,h,6854,OpenPlay,2023,LeftFoot,22011,Liverpool,Brentford,3,0,2023-11-12 14:00:00,,Aerial
1826,556575,89,Goal,0.970999984741211,0.625,0.2245205044746399,Diogo Jota,a,6854,OpenPlay,2023,LeftFoot,22079,Burnley,Liverpool,0,2,2023-12-26 17:30:00,Luis Díaz,TakeOn
1827,557249,94,BlockedShot,0.9030000305175782,0.544000015258789,0.13170009851455688,Diogo Jota,h,6854,OpenPlay,2023,RightFoot,22088,Liverpool,Newcastle United,4,2,2024-01-01 19:00:00,,Rebound
1828,559353,69,Goal,0.8909999847412109,0.38099998474121094,0.11135731637477875,Diogo Jota,a,6854,OpenPlay,2023,RightFoot,22102,Bournemouth,Liverpool,0,4,2024-01-21 16:30:00,Cody Gakpo,Pass
1829,559356,78,Goal,0.9,0.385,0.12886494398117065,Diogo Jota,a,6854,OpenPlay,2023,RightFoot,22102,Bournemouth,Liverpool,0,4,2024-01-21 16:30:00,Conor Bradley,Pass
1830,560767,22,Goal,0.9259999847412109,0.49200000762939455,0.6768918037414551,Diogo Jota,h,6854,OpenPlay,2023,LeftFoot,22113,Liverpool,Chelsea,4,1,2024-01-31 20:15:00,Conor Bradley,Pass
1831,560777,54,BlockedShot,0.8530000305175781,0.35,0.06521020829677582,Diogo Jota,h,6854,OpenPlay,2023,RightFoot,22113,Liverpool,Chelsea,4,1,2024-01-31 20:15:00,,Dispossessed
1832,562448,30,Goal,0.9319999694824219,0.5259999847412109,0.3518178462982178,Diogo Jota,h,6854,FromCorner,2023,Head,22128,Liverpool,Burnley,3,1,2024-02-10 15:00:00,Trent Alexander-Arnold,Cross
1833,562457,48,SavedShot,0.924000015258789,0.4179999923706055,0.058963824063539505,Diogo Jota,h,6854,FromCorner,2023,Head,22128,Liverpool,Burnley,3,1,2024-02-10 15:00:00,Andrew Robertson,Cross
1834,562460,58,BlockedShot,0.904000015258789,0.649000015258789,0.055475398898124695,Diogo Jota,h,6854,FromCorner,2023,RightFoot,22128,Liverpool,Burnley,3,1,2024-02-10 15:00:00,,None
1835,562461,60,MissedShots,0.875,0.37599998474121094,0.08382085710763931,Diogo Jota,h,6854,OpenPlay,2023,LeftFoot,22128,Liverpool,Burnley,3,1,2024-02-10 15:00:00,,None
1836,562465,70,SavedShot,0.865,0.6320000076293946,0.09123331308364868,Diogo Jota,h,6854,OpenPlay,2023,RightFoot,22128,Liverpool,Burnley,3,1,2024-02-10 15:00:00,Luis Díaz,Pass
1837,562470,78,BlockedShot,0.8640000152587891,0.36400001525878906,0.04563360661268234,Diogo Jota,h,6854,FromCorner,2023,LeftFoot,22128,Liverpool,Burnley,3,1,2024-02-10 15:00:00,,None
1838,563611,9,SavedShot,0.9630000305175781,0.3729999923706055,0.3088681101799011,Diogo Jota,a,6854,OpenPlay,2023,RightFoot,22135,Brentford,Liverpool,1,4,2024-02-17 12:30:00,,Rebound
1839,563615,20,SavedShot,0.8440000152587891,0.325,0.02402416244149208,Diogo Jota,a,6854,OpenPlay,2023,RightFoot,22135,Brentford,Liverpool,1,4,2024-02-17 12:30:00,Andrew Robertson,Cross
1840,574175,71,BlockedShot,0.9109999847412109,0.5420000076293945,0.46694040298461914,Diogo Jota,h,6854,OpenPlay,2023,RightFoot,22220,Liverpool,Crystal Palace,0,1,2024-04-14 13:00:00,Dominik Szoboszlai,Pass
1841,574181,86,MissedShots,0.894000015258789,0.5509999847412109,0.02639097161591053,Diogo Jota,h,6854,OpenPlay,2023,Head,22220,Liverpool,Crystal Palace,0,1,2024-04-14 13:00:00,Trent Alexander-Arnold,Aerial
1842,575639,21,MissedShots,0.9359999847412109,0.4470000076293945,0.11133111268281937,Diogo Jota,a,6854,OpenPlay,2023,RightFoot,22229,Fulham,Liverpool,1,3,2024-04-21 15:30:00,,None
1843,575651,59,SavedShot,0.945,0.6580000305175782,0.104503333568573,Diogo Jota,a,6854,OpenPlay,2023,RightFoot,22229,Fulham,Liverpool,1,3,2024-04-21 15:30:00,Andrew Robertson,Pass
1844,575654,71,Goal,0.9080000305175782,0.6680000305175782,0.08804918825626373,Diogo Jota,a,6854,OpenPlay,2023,LeftFoot,22229,Fulham,Liverpool,1,3,2024-04-21 15:30:00,Cody Gakpo,Pass
1845,584698,58,MissedShots,0.9290000152587891,0.48900001525878906,0.41533225774765015,Diogo Jota,a,6854,OpenPlay,2024,Head,26603,Ipswich,Liverpool,0,2,2024-08-17 11:30:00,Trent Alexander-Arnold,Cross
1846,584699,59,Goal,0.9019999694824219,0.524000015258789,0.44803667068481445,Diogo Jota,a,6854,OpenPlay,2024,LeftFoot,26603,Ipswich,Liverpool,0,2,2024-08-17 11:30:00,Mohamed Salah,Pass
1847,584703,77,MissedShots,0.914000015258789,0.545,0.04818877577781677,Diogo Jota,a,6854,OpenPlay,2024,Head,26603,Ipswich,Liverpool,0,2,2024-08-17 11:30:00,Andrew Robertson,Aerial
1848,586856,46,MissedShots,0.8980000305175782,0.4129999923706055,0.0936489924788475,Diogo Jota,h,6854,OpenPlay,2024,RightFoot,26621,Liverpool,Brentford,2,0,2024-08-25 15:30:00,Luis Díaz,Cross
1849,586861,51,BlockedShot,0.845,0.645,0.06207433342933655,Diogo Jota,h,6854,OpenPlay,2024,LeftFoot,26621,Liverpool,Brentford,2,0,2024-08-25 15:30:00,Trent Alexander-Arnold,Pass
1850,586863,58,BlockedShot,0.9490000152587891,0.47400001525878904,0.6271848678588867,Diogo Jota,h,6854,OpenPlay,2024,RightFoot,26621,Liverpool,Brentford,2,0,2024-08-25 15:30:00,Trent Alexander-Arnold,Pass
1851,586868,65,BlockedShot,0.889000015258789,0.6509999847412109,0.09270129352807999,Diogo Jota,h,6854,OpenPlay,2024,LeftFoot,26621,Liverpool,Brentford,2,0,2024-08-25 15:30:00,Luis Díaz,Pass
1852,589901,3,MissedShots,0.9030000305175782,0.6580000305175782,0.07869572937488556,Diogo Jota,a,6854,OpenPlay,2024,LeftFoot,26631,Manchester United,Liverpool,0,3,2024-09-01 15:00:00,Virgil van Dijk,Pass
1853,590857,24,SavedShot,0.9490000152587891,0.4859999847412109,0.5710114240646362,Diogo Jota,h,6854,OpenPlay,2024,RightFoot,26635,Liverpool,Nottingham Forest,0,1,2024-09-14 14:00:00,Alexis Mac Allister,Chipped
1854,590860,38,BlockedShot,0.7730000305175782,0.44299999237060544,0.027962379157543182,Diogo Jota,h,6854,OpenPlay,2024,LeftFoot,26635,Liverpool,Nottingham Forest,0,1,2024-09-14 14:00:00,Trent Alexander-Arnold,Pass
1855,590862,52,MissedShots,0.894000015258789,0.575,0.03145997226238251,Diogo Jota,h,6854,FromCorner,2024,Head,26635,Liverpool,Nottingham Forest,0,1,2024-09-14 14:00:00,Trent Alexander-Arnold,Cross
1856,595220,8,Goal,0.9030000305175782,0.495,0.4535486698150635,Diogo Jota,a,6854,OpenPlay,2024,RightFoot,26662,Crystal Palace,Liverpool,0,1,2024-10-05 11:30:00,Cody Gakpo,Pass
1857,595223,33,MissedShots,0.9109999847412109,0.534000015258789,0.45452094078063965,Diogo Jota,a,6854,OpenPlay,2024,RightFoot,26662,Crystal Palace,Liverpool,0,1,2024-10-05 11:30:00,Ryan Gravenberch,Pass
1858,595231,61,MissedShots,0.9290000152587891,0.5059999847412109,0.39891088008880615,Diogo Jota,a,6854,SetPiece,2024,Head,26662,Crystal Palace,Liverpool,0,1,2024-10-05 11:30:00,Trent Alexander-Arnold,Chipped
1859,607123,85,Goal,0.8540000152587891,0.49400001525878906,0.4074128568172455,Diogo Jota,h,6854,OpenPlay,2024,RightFoot,26752,Liverpool,Fulham,2,2,2024-12-14 15:00:00,Darwin Núñez,TakeOn
1860,607127,92,BlockedShot,0.89,0.5279999923706055,0.1092614233493805,Diogo Jota,h,6854,OpenPlay,2024,RightFoot,26752,Liverpool,Fulham,2,2,2024-12-14 15:00:00,,Rebound
1861,608823,83,MissedShots,0.9069999694824219,0.515,0.06379381567239761,Diogo Jota,a,6854,OpenPlay,2024,Head,26768,Tottenham,Liverpool,3,6,2024-12-22 16:30:00,Trent Alexander-Arnold,Chipped
1862,609601,70,SavedShot,0.874000015258789,0.5729999923706055,0.06551543623209,Diogo Jota,a,6854,OpenPlay,2024,RightFoot,26791,West Ham,Liverpool,0,5,2024-12-29 17:15:00,,Aerial
1863,609606,83,Goal,0.879000015258789,0.5870000076293945,0.3348178267478943,Diogo Jota,a,6854,OpenPlay,2024,RightFoot,26791,West Ham,Liverpool,0,5,2024-12-29 17:15:00,Mohamed Salah,Pass
1864,610340,89,SavedShot,0.8530000305175781,0.5279999923706055,0.11215411126613617,Diogo Jota,h,6854,OpenPlay,2024,RightFoot,26797,Liverpool,Manchester United,2,2,2025-01-05 16:30:00,,None
1865,610346,94,BlockedShot,0.805,0.500999984741211,0.05642801150679588,Diogo Jota,h,6854,OpenPlay,2024,RightFoot,26797,Liverpool,Manchester United,2,2,2025-01-05 16:30:00,Andrew Robertson,Pass
1866,335695,87,MissedShots,0.8430000305175781,0.425,0.07962950319051743,Curtis Jones,a,6665,OpenPlay,2019,LeftFoot,11794,Bournemouth,Liverpool,0,3,2019-12-07 15:00:00,Xherdan Shaqiri,Chipped
1867,369038,85,MissedShots,0.69,0.4540000152587891,0.01679310016334057,Curtis Jones,h,6665,OpenPlay,2019,LeftFoot,11966,Liverpool,Aston Villa,2,0,2020-07-05 15:30:00,Georginio Wijnaldum,Pass
1868,369039,88,Goal,0.9119999694824219,0.4490000152587891,0.3806320130825043,Curtis Jones,h,6665,OpenPlay,2019,RightFoot,11966,Liverpool,Aston Villa,2,0,2020-07-05 15:30:00,Mohamed Salah,HeadPass
1869,370418,16,SavedShot,0.8690000152587891,0.5509999847412109,0.09545080363750458,Curtis Jones,h,6665,OpenPlay,2019,LeftFoot,11986,Liverpool,Burnley,1,1,2020-07-11 14:00:00,Roberto Firmino,Pass
1870,370420,20,BlockedShot,0.8680000305175781,0.53,0.11228899657726288,Curtis Jones,h,6665,OpenPlay,2019,RightFoot,11986,Liverpool,Burnley,1,1,2020-07-11 14:00:00,Sadio Mané,Pass
1871,370429,50,MissedShots,0.855,0.580999984741211,0.12992200255393982,Curtis Jones,h,6665,OpenPlay,2019,LeftFoot,11986,Liverpool,Burnley,1,1,2020-07-11 14:00:00,Mohamed Salah,Pass
1872,384738,47,SavedShot,0.754000015258789,0.5029999923706054,0.02607549913227558,Curtis Jones,h,6665,OpenPlay,2020,LeftFoot,14499,Liverpool,West Ham,2,1,2020-10-31 17:30:00,Nathaniel Phillips,Pass
1873,388171,8,SavedShot,0.9330000305175781,0.3320000076293945,0.07992880046367645,Curtis Jones,h,6665,OpenPlay,2020,RightFoot,14519,Liverpool,Leicester,3,0,2020-11-22 19:15:00,Naby Keita,Pass
1874,391030,73,SavedShot,0.8530000305175781,0.6809999847412109,0.05782010033726692,Curtis Jones,h,6665,OpenPlay,2020,LeftFoot,14539,Liverpool,Wolverhampton Wanderers,4,0,2020-12-06 19:15:00,Sadio Mané,Pass
1875,392327,53,SavedShot,0.769000015258789,0.715999984741211,0.017250999808311462,Curtis Jones,a,6665,OpenPlay,2020,RightFoot,14547,Fulham,Liverpool,1,1,2020-12-13 16:30:00,Andrew Robertson,Pass
1876,392329,64,BlockedShot,0.845,0.524000015258789,0.06955470144748688,Curtis Jones,a,6665,SetPiece,2020,RightFoot,14547,Fulham,Liverpool,1,1,2020-12-13 16:30:00,,Dispossessed
1877,392334,83,SavedShot,0.845,0.47200000762939454,0.09850969910621643,Curtis Jones,a,6665,OpenPlay,2020,RightFoot,14547,Fulham,Liverpool,1,1,2020-12-13 16:30:00,Roberto Firmino,TakeOn
1878,393454,28,SavedShot,0.8469999694824218,0.55,0.09059269726276398,Curtis Jones,h,6665,OpenPlay,2020,RightFoot,14563,Liverpool,Tottenham,2,1,2020-12-16 20:00:00,,BallRecovery
1879,393460,49,BlockedShot,0.8530000305175781,0.7,0.032232899218797684,Curtis Jones,h,6665,OpenPlay,2020,RightFoot,14563,Liverpool,Tottenham,2,1,2020-12-16 20:00:00,Roberto Firmino,Pass
1880,393472,82,BlockedShot,0.879000015258789,0.315,0.038598399609327316,Curtis Jones,h,6665,OpenPlay,2020,LeftFoot,14563,Liverpool,Tottenham,2,1,2020-12-16 20:00:00,Sadio Mané,Chipped
1881,402847,81,BlockedShot,0.754000015258789,0.625,0.017324000597000122,Curtis Jones,h,6665,OpenPlay,2020,RightFoot,14654,Liverpool,Brighton,0,1,2021-02-03 20:15:00,,Dispossessed
1882,403864,54,MissedShots,0.7440000152587891,0.46,0.021102799102663994,Curtis Jones,h,6665,OpenPlay,2020,LeftFoot,14659,Liverpool,Manchester City,1,4,2021-02-07 16:30:00,Roberto Firmino,Pass
1883,403865,57,BlockedShot,0.8859999847412109,0.6609999847412109,0.05289139971137047,Curtis Jones,h,6665,OpenPlay,2020,RightFoot,14659,Liverpool,Manchester City,1,4,2021-02-07 16:30:00,,Tackle
1884,404139,46,BlockedShot,0.7819999694824219,0.6869999694824219,0.02313319966197014,Curtis Jones,a,6665,OpenPlay,2020,RightFoot,14670,Leicester,Liverpool,3,1,2021-02-13 12:30:00,Andrew Robertson,Pass
1885,405695,34,MissedShots,0.769000015258789,0.5709999847412109,0.02815690077841282,Curtis Jones,h,6665,OpenPlay,2020,RightFoot,14680,Liverpool,Everton,0,2,2021-02-20 17:30:00,Mohamed Salah,Pass
1886,407543,21,SavedShot,0.9690000152587891,0.5320000076293945,0.6177330017089844,Curtis Jones,a,6665,OpenPlay,2020,RightFoot,14694,Sheffield United,Liverpool,0,2,2021-02-28 19:15:00,Trent Alexander-Arnold,Cross
1887,407552,47,Goal,0.879000015258789,0.4620000076293945,0.36994001269340515,Curtis Jones,a,6665,OpenPlay,2020,RightFoot,14694,Sheffield United,Liverpool,0,2,2021-02-28 19:15:00,,None
1888,407553,51,BlockedShot,0.7809999847412109,0.64,0.034786198288202286,Curtis Jones,a,6665,OpenPlay,2020,RightFoot,14694,Sheffield United,Liverpool,0,2,2021-02-28 19:15:00,Georginio Wijnaldum,Pass
1889,407554,51,SavedShot,0.875999984741211,0.524000015258789,0.05238109827041626,Curtis Jones,a,6665,OpenPlay,2020,Head,14694,Sheffield United,Liverpool,0,2,2021-02-28 19:15:00,Trent Alexander-Arnold,Cross
1890,408289,29,MissedShots,0.855,0.7290000152587891,0.03088030032813549,Curtis Jones,h,6665,OpenPlay,2020,RightFoot,14719,Liverpool,Chelsea,0,1,2021-03-04 20:15:00,Thiago Alcántara,Pass
1891,431363,88,BlockedShot,0.76,0.43,0.02723279967904091,Curtis Jones,h,6665,OpenPlay,2021,LeftFoot,16420,Liverpool,Crystal Palace,3,0,2021-09-18 14:00:00,,BallRecovery
1892,433680,4,BlockedShot,0.8830000305175781,0.5059999847412109,0.031037399545311928,Curtis Jones,a,6665,OpenPlay,2021,Head,16432,Brentford,Liverpool,3,3,2021-09-25 16:30:00,Jordan Henderson,Aerial
1893,433692,38,BlockedShot,0.7440000152587891,0.4370000076293945,0.017633099108934402,Curtis Jones,a,6665,OpenPlay,2021,RightFoot,16432,Brentford,Liverpool,3,3,2021-09-25 16:30:00,Jordan Henderson,Pass
1894,433703,65,MissedShots,0.82,0.47299999237060547,0.02538839913904667,Curtis Jones,a,6665,OpenPlay,2021,RightFoot,16432,Brentford,Liverpool,3,3,2021-09-25 16:30:00,Diogo Jota,Chipped
1895,433704,66,Goal,0.7580000305175781,0.735,0.01849829964339733,Curtis Jones,a,6665,OpenPlay,2021,RightFoot,16432,Brentford,Liverpool,3,3,2021-09-25 16:30:00,Andrew Robertson,Pass
1896,438528,91,BlockedShot,0.875,0.3970000076293945,0.15374599397182465,Curtis Jones,a,6665,OpenPlay,2021,LeftFoot,16463,Manchester United,Liverpool,0,5,2021-10-24 15:30:00,Mohamed Salah,Throughball
1897,453609,51,SavedShot,0.8130000305175781,0.6930000305175781,0.049821700900793076,Curtis Jones,h,6665,OpenPlay,2021,RightFoot,16589,Liverpool,Brentford,3,0,2022-01-16 14:00:00,Fabinho,TakeOn
1898,453621,84,SavedShot,0.705,0.43900001525878907,0.01637840084731579,Curtis Jones,h,6665,OpenPlay,2021,RightFoot,16589,Liverpool,Brentford,3,0,2022-01-16 14:00:00,Fabinho,BallRecovery
1899,456724,45,BlockedShot,0.7669999694824219,0.7530000305175781,0.014952399767935276,Curtis Jones,h,6665,OpenPlay,2021,RightFoot,16614,Liverpool,Leicester,2,0,2022-02-10 19:45:00,Luis Díaz,Pass
1900,459199,26,SavedShot,0.8690000152587891,0.664000015258789,0.07666940242052078,Curtis Jones,h,6665,OpenPlay,2021,RightFoot,16559,Liverpool,Leeds,6,0,2022-02-23 19:45:00,Luis Díaz,Pass
1901,459207,46,MissedShots,0.825999984741211,0.5940000152587891,0.07855729758739471,Curtis Jones,h,6665,OpenPlay,2021,RightFoot,16559,Liverpool,Leeds,6,0,2022-02-23 19:45:00,Andrew Robertson,Pass
1902,459213,68,SavedShot,0.7440000152587891,0.7869999694824219,0.0126740001142025,Curtis Jones,h,6665,OpenPlay,2021,RightFoot,16559,Liverpool,Leeds,6,0,2022-02-23 19:45:00,Sadio Mané,Pass
1903,459215,74,SavedShot,0.9459999847412109,0.6969999694824218,0.06936170160770416,Curtis Jones,h,6665,OpenPlay,2021,LeftFoot,16559,Liverpool,Leeds,6,0,2022-02-23 19:45:00,Andrew Robertson,Pass
1904,464952,7,MissedShots,0.7709999847412109,0.26600000381469724,0.01911979913711548,Curtis Jones,h,6665,OpenPlay,2021,RightFoot,16680,Liverpool,Watford,2,0,2022-04-02 11:30:00,Thiago Alcántara,Pass
1905,464964,46,MissedShots,0.7680000305175781,0.6869999694824219,0.024560900405049324,Curtis Jones,h,6665,OpenPlay,2021,LeftFoot,16680,Liverpool,Watford,2,0,2022-04-02 11:30:00,Thiago Alcántara,Pass
1906,475033,42,SavedShot,0.769000015258789,0.49700000762939456,0.03072349913418293,Curtis Jones,a,6665,OpenPlay,2021,RightFoot,16705,Aston Villa,Liverpool,1,2,2022-05-10 19:00:00,,BallRecovery
1907,475034,45,MissedShots,0.8169999694824219,0.7230000305175781,0.02622400037944317,Curtis Jones,a,6665,OpenPlay,2021,RightFoot,16705,Aston Villa,Liverpool,1,2,2022-05-10 19:00:00,Virgil van Dijk,TakeOn
1908,476910,29,MissedShots,0.874000015258789,0.6990000152587891,0.044558100402355194,Curtis Jones,a,6665,OpenPlay,2021,LeftFoot,16740,Southampton,Liverpool,1,2,2022-05-17 18:45:00,James Milner,Pass
1909,476921,61,MissedShots,0.7669999694824219,0.6659999847412109,0.02178190089762211,Curtis Jones,a,6665,OpenPlay,2021,RightFoot,16740,Southampton,Liverpool,1,2,2022-05-17 18:45:00,Roberto Firmino,Pass
1910,476926,85,BlockedShot,0.8040000152587891,0.4829999923706055,0.06919270008802414,Curtis Jones,a,6665,OpenPlay,2021,LeftFoot,16740,Southampton,Liverpool,1,2,2022-05-17 18:45:00,Takumi Minamino,Pass
1911,494432,74,BlockedShot,0.889000015258789,0.48700000762939455,0.09290490299463272,Curtis Jones,h,6665,FromCorner,2022,LeftFoot,18320,Liverpool,West Ham,1,0,2022-10-19 18:30:00,,None
1912,494771,70,SavedShot,0.8219999694824218,0.5279999923706055,0.04939499869942665,Curtis Jones,a,6665,OpenPlay,2022,RightFoot,18327,Nottingham Forest,Liverpool,1,0,2022-10-22 11:30:00,,None
1913,496857,60,BlockedShot,0.8469999694824218,0.4159999847412109,0.08524440228939056,Curtis Jones,h,6665,OpenPlay,2022,LeftFoot,18339,Liverpool,Leeds,1,2,2022-10-29 18:45:00,Roberto Firmino,TakeOn
1914,496869,86,BlockedShot,0.850999984741211,0.705,0.024398600682616234,Curtis Jones,h,6665,FromCorner,2022,LeftFoot,18339,Liverpool,Leeds,1,2,2022-10-29 18:45:00,,None
1915,520445,93,BlockedShot,0.875,0.645,0.09343679994344711,Curtis Jones,a,6665,OpenPlay,2022,RightFoot,18505,Leeds,Liverpool,1,6,2023-04-17 19:00:00,Luis Díaz,Pass
1916,522128,42,MissedShots,0.9059999847412109,0.5840000152587891,0.034161850810050964,Curtis Jones,a,6665,OpenPlay,2022,Head,18526,West Ham,Liverpool,1,2,2023-04-26 18:45:00,Jordan Henderson,End
1917,523432,2,Goal,0.95,0.5990000152587891,0.3017379641532898,Curtis Jones,h,6665,OpenPlay,2022,LeftFoot,18539,Liverpool,Tottenham,4,3,2023-04-30 15:30:00,Trent Alexander-Arnold,Cross
1918,524001,75,BlockedShot,0.715999984741211,0.315,0.010885495692491531,Curtis Jones,h,6665,SetPiece,2022,RightFoot,18477,Liverpool,Fulham,1,0,2023-05-03 19:00:00,,BallTouch
1919,524771,12,BlockedShot,0.7609999847412109,0.66,0.013306991197168827,Curtis Jones,h,6665,FromCorner,2022,LeftFoot,18545,Liverpool,Brentford,1,0,2023-05-06 16:30:00,,Aerial
1920,524774,19,SavedShot,0.774000015258789,0.7030000305175781,0.01926475018262863,Curtis Jones,h,6665,OpenPlay,2022,RightFoot,18545,Liverpool,Brentford,1,0,2023-05-06 16:30:00,Diogo Jota,Pass
1921,526966,32,Goal,0.95,0.5770000076293945,0.3374256491661072,Curtis Jones,a,6665,OpenPlay,2022,LeftFoot,18559,Leicester,Liverpool,0,3,2023-05-15 19:00:00,Mohamed Salah,Chipped
1922,526967,35,Goal,0.8619999694824219,0.38799999237060545,0.0989181324839592,Curtis Jones,a,6665,OpenPlay,2022,RightFoot,18559,Leicester,Liverpool,0,3,2023-05-15 19:00:00,Mohamed Salah,Pass
1923,526975,56,BlockedShot,0.9009999847412109,0.6869999694824219,0.059334635734558105,Curtis Jones,a,6665,OpenPlay,2022,RightFoot,18559,Leicester,Liverpool,0,3,2023-05-15 19:00:00,,None
1924,527479,53,BlockedShot,0.85,0.7569999694824219,0.030396832153201103,Curtis Jones,h,6665,OpenPlay,2022,RightFoot,18565,Liverpool,Aston Villa,1,1,2023-05-20 14:00:00,,TakeOn
1925,529895,26,BlockedShot,0.764000015258789,0.615999984741211,0.017090318724513054,Curtis Jones,a,6665,FromCorner,2022,RightFoot,18581,Southampton,Liverpool,4,4,2023-05-28 15:30:00,,None
1926,539682,61,SavedShot,0.7569999694824219,0.6880000305175781,0.023679068312048912,Curtis Jones,h,6665,OpenPlay,2023,RightFoot,21953,Liverpool,West Ham,3,1,2023-09-24 13:00:00,Andrew Robertson,TakeOn
1927,539684,70,BlockedShot,0.755,0.4279999923706055,0.029491906985640526,Curtis Jones,h,6665,OpenPlay,2023,RightFoot,21953,Liverpool,West Ham,3,1,2023-09-24 13:00:00,Alexis Mac Allister,Pass
1928,541474,18,BlockedShot,0.8680000305175781,0.674000015258789,0.027773138135671616,Curtis Jones,a,6665,OpenPlay,2023,LeftFoot,21962,Tottenham,Liverpool,2,1,2023-09-30 16:30:00,Dominik Szoboszlai,Cross
1929,552250,82,MissedShots,0.914000015258789,0.5870000076293945,0.13112656772136688,Curtis Jones,a,6665,OpenPlay,2023,LeftFoot,22040,Sheffield United,Liverpool,0,2,2023-12-06 19:30:00,Harvey Elliott,Pass
1930,554979,84,MissedShots,0.89,0.34599998474121096,0.07901902496814728,Curtis Jones,h,6665,OpenPlay,2023,LeftFoot,22060,Liverpool,Manchester United,0,0,2023-12-17 16:30:00,Cody Gakpo,Pass
1931,556383,26,BlockedShot,0.7380000305175781,0.37400001525878906,0.019116461277008057,Curtis Jones,h,6665,OpenPlay,2023,RightFoot,22068,Liverpool,Arsenal,1,1,2023-12-23 17:30:00,Ibrahima Konaté,Pass
1932,557215,11,BlockedShot,0.87,0.5790000152587891,0.07205282896757126,Curtis Jones,h,6665,OpenPlay,2023,LeftFoot,22088,Liverpool,Newcastle United,4,2,2024-01-01 19:00:00,,Rebound
1933,557220,23,SavedShot,0.77,0.5790000152587891,0.012914223596453667,Curtis Jones,h,6665,OpenPlay,2023,RightFoot,22088,Liverpool,Newcastle United,4,2,2024-01-01 19:00:00,,Aerial
1934,557221,25,BlockedShot,0.97,0.62,0.10596157610416412,Curtis Jones,h,6665,OpenPlay,2023,LeftFoot,22088,Liverpool,Newcastle United,4,2,2024-01-01 19:00:00,Luis Díaz,Pass
1935,557238,64,BlockedShot,0.884000015258789,0.5579999923706055,0.09398433566093445,Curtis Jones,h,6665,OpenPlay,2023,LeftFoot,22088,Liverpool,Newcastle United,4,2,2024-01-01 19:00:00,,Rebound
1936,557242,73,Goal,0.9819999694824219,0.4759999847412109,0.950221598148346,Curtis Jones,h,6665,OpenPlay,2023,RightFoot,22088,Liverpool,Newcastle United,4,2,2024-01-01 19:00:00,Diogo Jota,Pass
1937,559354,76,MissedShots,0.879000015258789,0.575999984741211,0.04661744460463524,Curtis Jones,a,6665,FromCorner,2023,RightFoot,22102,Bournemouth,Liverpool,0,4,2024-01-21 16:30:00,Alexis Mac Allister,Cross
1938,560768,30,SavedShot,0.8430000305175781,0.6309999847412109,0.06287020444869995,Curtis Jones,h,6665,OpenPlay,2023,RightFoot,22113,Liverpool,Chelsea,4,1,2024-01-31 20:15:00,Joseph Gomez,Pass
1939,561865,47,MissedShots,0.8719999694824219,0.7090000152587891,0.04353206604719162,Curtis Jones,a,6665,OpenPlay,2023,RightFoot,22116,Arsenal,Liverpool,3,1,2024-02-04 16:30:00,Luis Díaz,Pass
1940,562446,15,MissedShots,0.799000015258789,0.5670000076293945,0.02589472010731697,Curtis Jones,h,6665,OpenPlay,2023,RightFoot,22128,Liverpool,Burnley,3,1,2024-02-10 15:00:00,Andrew Robertson,HeadPass
1941,574168,54,BlockedShot,0.925,0.519000015258789,0.08332705497741699,Curtis Jones,h,6665,OpenPlay,2023,RightFoot,22220,Liverpool,Crystal Palace,0,1,2024-04-14 13:00:00,Mohamed Salah,BallTouch
1942,574178,74,MissedShots,0.85,0.4879999923706055,0.5481991767883301,Curtis Jones,h,6665,OpenPlay,2023,RightFoot,22220,Liverpool,Crystal Palace,0,1,2024-04-14 13:00:00,Cody Gakpo,Throughball
1943,576241,51,BlockedShot,0.9369999694824219,0.6669999694824219,0.071348175406456,Curtis Jones,a,6665,OpenPlay,2023,LeftFoot,22179,Everton,Liverpool,2,0,2024-04-24 19:00:00,Alexis Mac Allister,Pass
1944,580931,94,SavedShot,0.855999984741211,0.37400001525878906,0.05633585900068283,Curtis Jones,a,6665,OpenPlay,2023,RightFoot,22256,Aston Villa,Liverpool,3,3,2024-05-13 19:00:00,,None
1945,592428,84,BlockedShot,0.8490000152587891,0.4909999847412109,0.11943147331476212,Curtis Jones,h,6665,OpenPlay,2024,RightFoot,26645,Liverpool,Bournemouth,3,0,2024-09-21 14:00:00,Cody Gakpo,Pass
1946,594321,77,SavedShot,0.8719999694824219,0.36,0.07876434177160263,Curtis Jones,a,6665,OpenPlay,2024,RightFoot,26658,Wolverhampton Wanderers,Liverpool,1,2,2024-09-28 16:30:00,Mohamed Salah,Pass
1947,595224,33,BlockedShot,0.7980000305175782,0.7559999847412109,0.01813497394323349,Curtis Jones,a,6665,OpenPlay,2024,RightFoot,26662,Crystal Palace,Liverpool,0,1,2024-10-05 11:30:00,Cody Gakpo,Pass
1948,597746,46,SavedShot,0.9019999694824219,0.4759999847412109,0.458541601896286,Curtis Jones,h,6665,OpenPlay,2024,LeftFoot,26679,Liverpool,Chelsea,2,1,2024-10-20 15:30:00,,None
1949,597749,50,Goal,0.975999984741211,0.53,0.669273316860199,Curtis Jones,h,6665,OpenPlay,2024,RightFoot,26679,Liverpool,Chelsea,2,1,2024-10-20 15:30:00,Mohamed Salah,Cross
1950,599075,70,BlockedShot,0.925,0.6140000152587891,0.07221018522977829,Curtis Jones,a,6665,OpenPlay,2024,LeftFoot,26691,Arsenal,Liverpool,2,2,2024-10-27 16:30:00,,None
1951,600153,67,BlockedShot,0.8590000152587891,0.6459999847412109,0.01781778410077095,Curtis Jones,h,6665,OpenPlay,2024,RightFoot,26696,Liverpool,Brighton,2,1,2024-11-02 15:00:00,,Aerial
1952,600158,80,BlockedShot,0.8519999694824218,0.43200000762939456,0.10071033984422684,Curtis Jones,h,6665,OpenPlay,2024,LeftFoot,26696,Liverpool,Brighton,2,1,2024-11-02 15:00:00,Mohamed Salah,Pass
1953,603452,27,SavedShot,0.7680000305175781,0.7090000152587891,0.019513828679919243,Curtis Jones,a,6665,OpenPlay,2024,RightFoot,26721,Southampton,Liverpool,2,3,2024-11-24 14:00:00,Dominik Szoboszlai,Pass
1954,603460,48,BlockedShot,0.775,0.4929999923706055,0.015531685203313828,Curtis Jones,a,6665,FromCorner,2024,RightFoot,26721,Southampton,Liverpool,2,3,2024-11-24 14:00:00,,Aerial
1955,604835,89,SavedShot,0.8859999847412109,0.6959999847412109,0.06653915345668793,Curtis Jones,h,6665,OpenPlay,2024,RightFoot,26726,Liverpool,Manchester City,2,0,2024-12-01 16:00:00,Darwin Núñez,BallRecovery
1956,605251,49,Goal,0.9069999694824219,0.40900001525878904,0.10566111654043198,Curtis Jones,a,6665,OpenPlay,2024,RightFoot,26740,Newcastle United,Liverpool,3,3,2024-12-04 19:30:00,Mohamed Salah,Pass
1957,605256,63,SavedShot,0.950999984741211,0.46,0.36657893657684326,Curtis Jones,a,6665,OpenPlay,2024,Head,26740,Newcastle United,Liverpool,3,3,2024-12-04 19:30:00,,None
1958,605261,73,MissedShots,0.785,0.5109999847412109,0.03727686405181885,Curtis Jones,a,6665,OpenPlay,2024,RightFoot,26740,Newcastle United,Liverpool,3,3,2024-12-04 19:30:00,Mohamed Salah,Pass
1959,607101,7,BlockedShot,0.904000015258789,0.6680000305175782,0.06601031869649887,Curtis Jones,h,6665,OpenPlay,2024,LeftFoot,26752,Liverpool,Fulham,2,2,2024-12-14 15:00:00,,BallRecovery
1960,609221,28,BlockedShot,0.8209999847412109,0.47099998474121096,0.061089374125003815,Curtis Jones,h,6665,OpenPlay,2024,LeftFoot,26776,Liverpool,Leicester,3,1,2024-12-26 20:00:00,Joseph Gomez,Pass
1961,609227,48,Goal,0.9490000152587891,0.47400001525878904,0.6168777346611023,Curtis Jones,h,6665,OpenPlay,2024,LeftFoot,26776,Liverpool,Leicester,3,1,2024-12-26 20:00:00,Alexis Mac Allister,Pass
1962,609582,14,SavedShot,0.9119999694824219,0.3920000076293945,0.14679184556007385,Curtis Jones,a,6665,OpenPlay,2024,RightFoot,26791,West Ham,Liverpool,0,5,2024-12-29 17:15:00,Mohamed Salah,Throughball
1963,609587,33,SavedShot,0.7380000305175781,0.6730000305175782,0.018781710416078568,Curtis Jones,a,6665,OpenPlay,2024,RightFoot,26791,West Ham,Liverpool,0,5,2024-12-29 17:15:00,Luis Díaz,Pass
1964,426698,28,MissedShots,0.8140000152587891,0.51,0.052395399659872055,Dominik Szoboszlai,h,9788,OpenPlay,2021,LeftFoot,17525,RasenBallsport Leipzig,VfB Stuttgart,4,0,2021-08-20 18:30:00,,None
1965,426701,37,Goal,0.855,0.27100000381469724,0.034944798797369,Dominik Szoboszlai,h,9788,OpenPlay,2021,RightFoot,17525,RasenBallsport Leipzig,VfB Stuttgart,4,0,2021-08-20 18:30:00,,OffsideProvoked
1966,426705,50,SavedShot,0.8490000152587891,0.8140000152587891,0.05417510122060776,Dominik Szoboszlai,h,9788,DirectFreekick,2021,RightFoot,17525,RasenBallsport Leipzig,VfB Stuttgart,4,0,2021-08-20 18:30:00,,Standard
1967,426707,51,Goal,0.7219999694824218,0.9109999847412109,0.0226064994931221,Dominik Szoboszlai,h,9788,DirectFreekick,2021,RightFoot,17525,RasenBallsport Leipzig,VfB Stuttgart,4,0,2021-08-20 18:30:00,,Standard
1968,429301,66,BlockedShot,0.710999984741211,0.754000015258789,0.029730800539255142,Dominik Szoboszlai,a,9788,DirectFreekick,2021,RightFoot,17542,Wolfsburg,RasenBallsport Leipzig,1,0,2021-08-29 15:30:00,,Standard
1969,431507,16,SavedShot,0.7190000152587891,0.475,0.04884830117225647,Dominik Szoboszlai,a,9788,DirectFreekick,2021,RightFoot,17557,FC Cologne,RasenBallsport Leipzig,1,1,2021-09-18 16:30:00,,Standard
1970,431509,24,BlockedShot,0.7390000152587891,0.575,0.019489800557494164,Dominik Szoboszlai,a,9788,OpenPlay,2021,RightFoot,17557,FC Cologne,RasenBallsport Leipzig,1,1,2021-09-18 16:30:00,Kevin Kampl,Pass
1971,431526,78,SavedShot,0.789000015258789,0.6430000305175781,0.024835500866174698,Dominik Szoboszlai,a,9788,SetPiece,2021,RightFoot,17557,FC Cologne,RasenBallsport Leipzig,1,1,2021-09-18 16:30:00,Amadou Haidara,Chipped
1972,431532,90,SavedShot,0.8859999847412109,0.47,0.3789620101451874,Dominik Szoboszlai,a,9788,OpenPlay,2021,RightFoot,17557,FC Cologne,RasenBallsport Leipzig,1,1,2021-09-18 16:30:00,Yussuf Poulsen,Throughball
1973,437661,64,Goal,0.9269999694824219,0.48400001525878905,0.13053299486637115,Dominik Szoboszlai,h,9788,OpenPlay,2021,RightFoot,17595,RasenBallsport Leipzig,Greuther Fuerth,4,1,2021-10-23 13:30:00,Christopher Nkunku,Cross
1974,437667,91,BlockedShot,0.7269999694824218,0.6659999847412109,0.014770600013434887,Dominik Szoboszlai,h,9788,OpenPlay,2021,RightFoot,17595,RasenBallsport Leipzig,Greuther Fuerth,4,1,2021-10-23 13:30:00,Angelino,Pass
1975,439852,37,MissedShots,0.9119999694824219,0.5579999923706055,0.48577600717544556,Dominik Szoboszlai,a,9788,OpenPlay,2021,RightFoot,17604,Eintracht Frankfurt,RasenBallsport Leipzig,1,1,2021-10-30 16:30:00,,None
1976,439854,44,SavedShot,0.8819999694824219,0.4620000076293945,0.08900009840726852,Dominik Szoboszlai,a,9788,OpenPlay,2021,RightFoot,17604,Eintracht Frankfurt,RasenBallsport Leipzig,1,1,2021-10-30 16:30:00,Nordi Mukiele,Cross
1977,439857,57,MissedShots,0.914000015258789,0.34700000762939454,0.0907863974571228,Dominik Szoboszlai,a,9788,OpenPlay,2021,RightFoot,17604,Eintracht Frankfurt,RasenBallsport Leipzig,1,1,2021-10-30 16:30:00,,Dispossessed
1978,439859,68,MissedShots,0.905,0.455,0.4205490052700043,Dominik Szoboszlai,a,9788,OpenPlay,2021,RightFoot,17604,Eintracht Frankfurt,RasenBallsport Leipzig,1,1,2021-10-30 16:30:00,,Rebound
1979,441241,12,MissedShots,0.8830000305175781,0.28,0.03963860124349594,Dominik Szoboszlai,h,9788,OpenPlay,2021,RightFoot,17613,RasenBallsport Leipzig,Borussia Dortmund,2,1,2021-11-06 17:30:00,,None
1980,441248,45,BlockedShot,0.8,0.4129999923706055,0.05349709838628769,Dominik Szoboszlai,h,9788,OpenPlay,2021,LeftFoot,17613,RasenBallsport Leipzig,Borussia Dortmund,2,1,2021-11-06 17:30:00,Amadou Haidara,Pass
1981,441250,50,MissedShots,0.7130000305175781,0.47,0.016771400347352028,Dominik Szoboszlai,h,9788,OpenPlay,2021,RightFoot,17613,RasenBallsport Leipzig,Borussia Dortmund,2,1,2021-11-06 17:30:00,,None
1982,441252,55,MissedShots,0.7080000305175781,0.425,0.01435799989849329,Dominik Szoboszlai,h,9788,OpenPlay,2021,RightFoot,17613,RasenBallsport Leipzig,Borussia Dortmund,2,1,2021-11-06 17:30:00,Yussuf Poulsen,Pass
1983,441254,59,SavedShot,0.9359999847412109,0.23,0.03394630178809166,Dominik Szoboszlai,h,9788,FromCorner,2021,RightFoot,17613,RasenBallsport Leipzig,Borussia Dortmund,2,1,2021-11-06 17:30:00,,Rebound
1984,444801,48,BlockedShot,0.7780000305175782,0.6140000152587891,0.02424350008368492,Dominik Szoboszlai,h,9788,OpenPlay,2021,RightFoot,17631,RasenBallsport Leipzig,Bayer Leverkusen,1,3,2021-11-28 16:30:00,Konrad Laimer,Pass
1985,444815,87,ShotOnPost,0.885,0.5,0.7577769756317139,Dominik Szoboszlai,h,9788,Penalty,2021,RightFoot,17631,RasenBallsport Leipzig,Bayer Leverkusen,1,3,2021-11-28 16:30:00,,Standard
1986,445846,17,SavedShot,0.745,0.48700000762939455,0.01774279959499836,Dominik Szoboszlai,a,9788,OpenPlay,2021,RightFoot,17639,Union Berlin,RasenBallsport Leipzig,2,1,2021-12-03 19:30:00,,None
1987,445857,75,BlockedShot,0.94,0.43,0.0603501982986927,Dominik Szoboszlai,a,9788,OpenPlay,2021,Head,17639,Union Berlin,RasenBallsport Leipzig,2,1,2021-12-03 19:30:00,Christopher Nkunku,Chipped
1988,449387,11,MissedShots,0.7930000305175782,0.75,0.021673500537872314,Dominik Szoboszlai,h,9788,OpenPlay,2021,RightFoot,17667,RasenBallsport Leipzig,Arminia Bielefeld,0,2,2021-12-18 14:30:00,André Silva,Pass
1989,449389,26,BlockedShot,0.6790000152587891,0.49,0.03354769945144653,Dominik Szoboszlai,h,9788,DirectFreekick,2021,RightFoot,17667,RasenBallsport Leipzig,Arminia Bielefeld,0,2,2021-12-18 14:30:00,,Standard
1990,452060,30,BlockedShot,0.745999984741211,0.38299999237060545,0.023156100884079933,Dominik Szoboszlai,h,9788,OpenPlay,2021,RightFoot,17676,RasenBallsport Leipzig,Mainz 05,4,1,2022-01-08 14:30:00,,None
1991,452062,46,BlockedShot,0.7340000152587891,0.42700000762939455,0.012988000176846981,Dominik Szoboszlai,h,9788,FromCorner,2021,RightFoot,17676,RasenBallsport Leipzig,Mainz 05,4,1,2022-01-08 14:30:00,,Aerial
1992,452063,46,Goal,0.8690000152587891,0.445,0.3935230076313019,Dominik Szoboszlai,h,9788,OpenPlay,2021,RightFoot,17676,RasenBallsport Leipzig,Mainz 05,4,1,2022-01-08 14:30:00,Christopher Nkunku,Pass
1993,452065,51,MissedShots,0.7580000305175781,0.695,0.050542499870061874,Dominik Szoboszlai,h,9788,DirectFreekick,2021,RightFoot,17676,RasenBallsport Leipzig,Mainz 05,4,1,2022-01-08 14:30:00,,Standard
1994,455942,71,SavedShot,0.764000015258789,0.45799999237060546,0.02695400081574917,Dominik Szoboszlai,a,9788,OpenPlay,2021,RightFoot,17704,Bayern Munich,RasenBallsport Leipzig,3,2,2022-02-05 17:30:00,Christopher Nkunku,Pass
1995,459010,26,SavedShot,0.6919999694824219,0.585,0.03575890138745308,Dominik Szoboszlai,a,9788,DirectFreekick,2021,RightFoot,17716,Hertha Berlin,RasenBallsport Leipzig,1,6,2022-02-20 18:30:00,,Standard
1996,459013,31,BlockedShot,0.815,0.4640000152587891,0.06632210314273834,Dominik Szoboszlai,a,9788,OpenPlay,2021,RightFoot,17716,Hertha Berlin,RasenBallsport Leipzig,1,6,2022-02-20 18:30:00,Nordi Mukiele,Pass
1997,459018,45,BlockedShot,0.8159999847412109,0.5220000076293946,0.07271549850702286,Dominik Szoboszlai,a,9788,OpenPlay,2021,RightFoot,17716,Hertha Berlin,RasenBallsport Leipzig,1,6,2022-02-20 18:30:00,Amadou Haidara,Pass
1998,459021,51,MissedShots,0.7090000152587891,0.74,0.010241200216114521,Dominik Szoboszlai,a,9788,OpenPlay,2021,RightFoot,17716,Hertha Berlin,RasenBallsport Leipzig,1,6,2022-02-20 18:30:00,Emil Forsberg,Pass
1999,465423,80,MissedShots,0.9130000305175782,0.635,0.3873800039291382,Dominik Szoboszlai,a,9788,OpenPlay,2021,RightFoot,17767,Borussia Dortmund,RasenBallsport Leipzig,1,4,2022-04-02 16:30:00,,TakeOn
2000,467636,43,Goal,0.9330000305175781,0.4759999847412109,0.6298109889030457,Dominik Szoboszlai,h,9788,OpenPlay,2021,RightFoot,17775,RasenBallsport Leipzig,Hoffenheim,3,0,2022-04-10 17:30:00,Christopher Nkunku,HeadPass
2001,467640,73,MissedShots,0.909000015258789,0.6959999847412109,0.07743459939956665,Dominik Szoboszlai,h,9788,OpenPlay,2021,LeftFoot,17775,RasenBallsport Leipzig,Hoffenheim,3,0,2022-04-10 17:30:00,,BallRecovery
2002,468949,68,Goal,0.865999984741211,0.5940000152587891,0.08855179697275162,Dominik Szoboszlai,a,9788,OpenPlay,2021,RightFoot,17784,Bayer Leverkusen,RasenBallsport Leipzig,0,1,2022-04-17 17:30:00,Christopher Nkunku,Pass
2003,469858,94,BlockedShot,0.7269999694824218,0.6969999694824218,0.014051799662411213,Dominik Szoboszlai,h,9788,OpenPlay,2021,RightFoot,17793,RasenBallsport Leipzig,Union Berlin,1,2,2022-04-23 13:30:00,Dani Olmo,Pass
2004,474500,84,MissedShots,0.735999984741211,0.6079999923706054,0.012829099781811237,Dominik Szoboszlai,h,9788,FromCorner,2021,RightFoot,17811,RasenBallsport Leipzig,Augsburg,4,0,2022-05-08 17:30:00,,Aerial
2005,479765,65,BlockedShot,0.8390000152587891,0.5479999923706055,0.05994139984250069,Dominik Szoboszlai,a,9788,OpenPlay,2022,RightFoot,19349,VfB Stuttgart,RasenBallsport Leipzig,1,1,2022-08-07 13:30:00,Christopher Nkunku,Rebound
2006,479770,73,BlockedShot,0.765,0.500999984741211,0.026047300547361374,Dominik Szoboszlai,a,9788,OpenPlay,2022,RightFoot,19349,VfB Stuttgart,RasenBallsport Leipzig,1,1,2022-08-07 13:30:00,Benjamin Henrichs,Pass
2007,479779,91,MissedShots,0.76,0.30100000381469727,0.01930450089275837,Dominik Szoboszlai,a,9788,OpenPlay,2022,RightFoot,19349,VfB Stuttgart,RasenBallsport Leipzig,1,1,2022-08-07 13:30:00,Christopher Nkunku,Pass
2008,480235,8,SavedShot,0.7859999847412109,0.585,0.03215759992599487,Dominik Szoboszlai,h,9788,OpenPlay,2022,RightFoot,19353,RasenBallsport Leipzig,FC Cologne,2,2,2022-08-13 13:30:00,,None
2009,487416,7,SavedShot,0.899000015258789,0.6309999847412109,0.29130101203918457,Dominik Szoboszlai,h,9788,OpenPlay,2022,LeftFoot,19389,RasenBallsport Leipzig,Borussia Dortmund,3,0,2022-09-10 13:30:00,Christopher Nkunku,Cross
2010,487422,44,Goal,0.720999984741211,0.5029999923706054,0.02259480021893978,Dominik Szoboszlai,h,9788,OpenPlay,2022,RightFoot,19389,RasenBallsport Leipzig,Borussia Dortmund,3,0,2022-09-10 13:30:00,Mohamed Simakan,Pass
2011,488891,47,SavedShot,0.9080000305175782,0.34599998474121096,0.05254479870200157,Dominik Szoboszlai,a,9788,OpenPlay,2022,RightFoot,19401,Borussia M.Gladbach,RasenBallsport Leipzig,3,0,2022-09-17 16:30:00,André Silva,HeadPass
2012,490052,25,SavedShot,0.8730000305175781,0.29700000762939455,0.05798880010843277,Dominik Szoboszlai,h,9788,OpenPlay,2022,RightFoot,19406,RasenBallsport Leipzig,Bochum,4,0,2022-10-01 13:30:00,Christopher Nkunku,Pass
2013,490059,59,SavedShot,0.8080000305175781,0.534000015258789,0.0753604993224144,Dominik Szoboszlai,h,9788,OpenPlay,2022,RightFoot,19406,RasenBallsport Leipzig,Bochum,4,0,2022-10-01 13:30:00,Timo Werner,Pass
2014,493220,20,BlockedShot,0.715,0.62,0.04172540083527565,Dominik Szoboszlai,h,9788,DirectFreekick,2022,RightFoot,19424,RasenBallsport Leipzig,Hertha Berlin,3,2,2022-10-15 16:30:00,,Standard
2015,494868,92,SavedShot,0.6969999694824218,0.48900001525878906,0.03931799903512001,Dominik Szoboszlai,a,9788,DirectFreekick,2022,RightFoot,19439,Augsburg,RasenBallsport Leipzig,3,3,2022-10-22 13:30:00,,Standard
2016,496333,56,SavedShot,0.9769999694824218,0.40200000762939453,0.3341900110244751,Dominik Szoboszlai,h,9788,OpenPlay,2022,RightFoot,19442,RasenBallsport Leipzig,Bayer Leverkusen,2,0,2022-10-29 13:30:00,Timo Werner,HeadPass
2017,498000,86,SavedShot,0.879000015258789,0.6719999694824219,0.10724200308322906,Dominik Szoboszlai,a,9788,OpenPlay,2022,LeftFoot,19452,Hoffenheim,RasenBallsport Leipzig,1,3,2022-11-05 14:30:00,Christopher Nkunku,Pass
2018,499502,53,SavedShot,0.774000015258789,0.44400001525878907,0.031135499477386475,Dominik Szoboszlai,h,9788,OpenPlay,2022,LeftFoot,19460,RasenBallsport Leipzig,Freiburg,3,1,2022-11-09 19:30:00,Xaver Schlager,Pass
2019,499970,5,MissedShots,0.7519999694824219,0.534000015258789,0.01794230006635189,Dominik Szoboszlai,a,9788,FromCorner,2022,RightFoot,19476,Werder Bremen,RasenBallsport Leipzig,1,2,2022-11-12 14:30:00,,None
2020,499973,27,BlockedShot,0.720999984741211,0.5459999847412109,0.036564901471138,Dominik Szoboszlai,a,9788,OpenPlay,2022,RightFoot,19476,Werder Bremen,RasenBallsport Leipzig,1,2,2022-11-12 14:30:00,Willi Orban,Pass
2021,499977,46,BlockedShot,0.835,0.40599998474121096,0.08143480122089386,Dominik Szoboszlai,a,9788,OpenPlay,2022,RightFoot,19476,Werder Bremen,RasenBallsport Leipzig,1,2,2022-11-12 14:30:00,Benjamin Henrichs,Pass
2022,499985,73,SavedShot,0.8530000305175781,0.28899999618530275,0.11210300028324127,Dominik Szoboszlai,a,9788,OpenPlay,2022,RightFoot,19476,Werder Bremen,RasenBallsport Leipzig,1,2,2022-11-12 14:30:00,,TakeOn
2023,504377,51,MissedShots,0.9130000305175782,0.625,0.033237699419260025,Dominik Szoboszlai,h,9788,OpenPlay,2022,Head,19478,RasenBallsport Leipzig,Bayern Munich,1,1,2023-01-20 19:30:00,André Silva,Chipped
2024,505305,9,SavedShot,0.7290000152587891,0.57,0.026918800547719002,Dominik Szoboszlai,a,9788,FromCorner,2022,RightFoot,19493,Schalke 04,RasenBallsport Leipzig,1,6,2023-01-24 17:30:00,Konrad Laimer,Pass
2025,505560,24,Goal,0.6980000305175781,0.5379999923706055,0.03930079936981201,Dominik Szoboszlai,h,9788,DirectFreekick,2022,RightFoot,19497,RasenBallsport Leipzig,VfB Stuttgart,2,1,2023-01-27 19:30:00,,Standard
2026,505568,48,Goal,0.835999984741211,0.39,0.06942590326070786,Dominik Szoboszlai,h,9788,OpenPlay,2022,RightFoot,19497,RasenBallsport Leipzig,VfB Stuttgart,2,1,2023-01-27 19:30:00,André Silva,HeadPass
2027,505573,76,BlockedShot,0.8009999847412109,0.700999984741211,0.03110009990632534,Dominik Szoboszlai,h,9788,OpenPlay,2022,RightFoot,19497,RasenBallsport Leipzig,VfB Stuttgart,2,1,2023-01-27 19:30:00,Amadou Haidara,Pass
2028,507025,7,BlockedShot,0.72,0.66,0.01609569974243641,Dominik Szoboszlai,a,9788,OpenPlay,2022,LeftFoot,19506,FC Cologne,RasenBallsport Leipzig,0,0,2023-02-04 14:30:00,Konrad Laimer,Pass
2029,508619,1,BlockedShot,0.7809999847412109,0.725999984741211,0.017268400639295578,Dominik Szoboszlai,h,9788,OpenPlay,2022,RightFoot,19514,RasenBallsport Leipzig,Union Berlin,1,2,2023-02-11 17:30:00,,BallRecovery
2030,508620,6,BlockedShot,0.7319999694824219,0.715999984741211,0.010559500195086002,Dominik Szoboszlai,h,9788,OpenPlay,2022,RightFoot,19514,RasenBallsport Leipzig,Union Berlin,1,2,2023-02-11 17:30:00,,None
2031,509531,21,MissedShots,0.715,0.39799999237060546,0.020148899406194687,Dominik Szoboszlai,a,9788,OpenPlay,2022,RightFoot,19527,Wolfsburg,RasenBallsport Leipzig,0,3,2023-02-18 14:30:00,Emil Forsberg,Pass
2032,509535,40,ShotOnPost,0.7340000152587891,0.47200000762939454,0.057367000728845596,Dominik Szoboszlai,a,9788,DirectFreekick,2022,RightFoot,19527,Wolfsburg,RasenBallsport Leipzig,0,3,2023-02-18 14:30:00,,Standard
2033,509547,82,BlockedShot,0.7919999694824219,0.43599998474121093,0.06228109821677208,Dominik Szoboszlai,a,9788,OpenPlay,2022,LeftFoot,19527,Wolfsburg,RasenBallsport Leipzig,0,3,2023-02-18 14:30:00,Christopher Nkunku,LayOff
2034,509550,91,Goal,0.8590000152587891,0.45299999237060545,0.14427299797534943,Dominik Szoboszlai,a,9788,OpenPlay,2022,RightFoot,19527,Wolfsburg,RasenBallsport Leipzig,0,3,2023-02-18 14:30:00,Xaver Schlager,TakeOn
2035,511767,4,SavedShot,0.754000015258789,0.485,0.024400999769568443,Dominik Szoboszlai,a,9788,OpenPlay,2022,RightFoot,19540,Borussia Dortmund,RasenBallsport Leipzig,2,1,2023-03-03 19:30:00,Marcel Halstenberg,Pass
2036,511783,70,MissedShots,0.7869999694824219,0.3729999923706055,0.026244299486279488,Dominik Szoboszlai,a,9788,OpenPlay,2022,RightFoot,19540,Borussia Dortmund,RasenBallsport Leipzig,2,1,2023-03-03 19:30:00,Benjamin Henrichs,Pass
2037,513425,74,SavedShot,0.7609999847412109,0.8009999847412109,0.03472200036048889,Dominik Szoboszlai,h,9788,DirectFreekick,2022,RightFoot,19550,RasenBallsport Leipzig,Borussia M.Gladbach,3,0,2023-03-11 14:30:00,,Standard
2038,513429,89,SavedShot,0.8530000305175781,0.5690000152587891,0.3133620023727417,Dominik Szoboszlai,h,9788,OpenPlay,2022,RightFoot,19550,RasenBallsport Leipzig,Borussia M.Gladbach,3,0,2023-03-11 14:30:00,André Silva,Pass
2039,514886,24,BlockedShot,0.904000015258789,0.72,0.0357964001595974,Dominik Szoboszlai,a,9788,OpenPlay,2022,RightFoot,19564,Bochum,RasenBallsport Leipzig,1,0,2023-03-18 14:30:00,Mohamed Simakan,Chipped
2040,514888,31,MissedShots,0.7140000152587891,0.649000015258789,0.038967300206422806,Dominik Szoboszlai,a,9788,DirectFreekick,2022,RightFoot,19564,Bochum,RasenBallsport Leipzig,1,0,2023-03-18 14:30:00,,Standard
2041,514893,51,MissedShots,0.745,0.5420000076293945,0.06421349942684174,Dominik Szoboszlai,a,9788,DirectFreekick,2022,RightFoot,19564,Bochum,RasenBallsport Leipzig,1,0,2023-03-18 14:30:00,,Standard
2042,514912,91,ShotOnPost,0.9330000305175781,0.3609999847412109,0.09256000071763992,Dominik Szoboszlai,a,9788,OpenPlay,2022,RightFoot,19564,Bochum,RasenBallsport Leipzig,1,0,2023-03-18 14:30:00,,TakeOn
2043,516167,58,MissedShots,0.769000015258789,0.46099998474121096,0.02143069915473461,Dominik Szoboszlai,h,9788,OpenPlay,2022,RightFoot,19575,RasenBallsport Leipzig,Mainz 05,0,3,2023-04-01 13:30:00,,None
2044,516172,70,SavedShot,0.7290000152587891,0.754000015258789,0.03316500037908554,Dominik Szoboszlai,h,9788,DirectFreekick,2022,RightFoot,19575,RasenBallsport Leipzig,Mainz 05,0,3,2023-04-01 13:30:00,,Standard
2045,516173,78,MissedShots,0.735,0.6780000305175782,0.01016599964350462,Dominik Szoboszlai,h,9788,OpenPlay,2022,RightFoot,19575,RasenBallsport Leipzig,Mainz 05,0,3,2023-04-01 13:30:00,David Raum,Pass
2046,516174,80,MissedShots,0.7040000152587891,0.5029999923706054,0.04211229830980301,Dominik Szoboszlai,h,9788,DirectFreekick,2022,RightFoot,19575,RasenBallsport Leipzig,Mainz 05,0,3,2023-04-01 13:30:00,,Standard
2047,518311,53,MissedShots,0.7659999847412109,0.62,0.029704499989748,Dominik Szoboszlai,a,9788,OpenPlay,2022,RightFoot,19584,Hertha Berlin,RasenBallsport Leipzig,0,1,2023-04-08 16:30:00,Mohamed Simakan,Pass
2048,518321,85,SavedShot,0.8640000152587891,0.545,0.138387992978096,Dominik Szoboszlai,a,9788,OpenPlay,2022,RightFoot,19584,Hertha Berlin,RasenBallsport Leipzig,0,1,2023-04-08 16:30:00,André Silva,Pass
2049,518324,89,SavedShot,0.8640000152587891,0.6769999694824219,0.03894380107522011,Dominik Szoboszlai,a,9788,OpenPlay,2022,RightFoot,19584,Hertha Berlin,RasenBallsport Leipzig,0,1,2023-04-08 16:30:00,Janis Blaswich,Pass
2050,519263,2,SavedShot,0.9580000305175781,0.3559999847412109,0.11639899760484695,Dominik Szoboszlai,h,9788,OpenPlay,2022,RightFoot,19586,RasenBallsport Leipzig,Augsburg,3,2,2023-04-15 13:30:00,Timo Werner,Throughball
2051,521628,7,MissedShots,0.7330000305175781,0.524000015258789,0.020761093124747276,Dominik Szoboszlai,a,9788,OpenPlay,2022,RightFoot,19595,Bayer Leverkusen,RasenBallsport Leipzig,2,0,2023-04-23 15:30:00,Amadou Haidara,Pass
2052,521631,26,BlockedShot,0.78,0.6480000305175782,0.02363188937306404,Dominik Szoboszlai,a,9788,OpenPlay,2022,RightFoot,19595,Bayer Leverkusen,RasenBallsport Leipzig,2,0,2023-04-23 15:30:00,Kevin Kampl,Pass
2053,521633,30,SavedShot,0.8080000305175781,0.7230000305175781,0.02537837065756321,Dominik Szoboszlai,a,9788,OpenPlay,2022,RightFoot,19595,Bayer Leverkusen,RasenBallsport Leipzig,2,0,2023-04-23 15:30:00,Dani Olmo,Pass
2054,521650,81,MissedShots,0.735,0.5309999847412109,0.01944967359304428,Dominik Szoboszlai,a,9788,OpenPlay,2022,RightFoot,19595,Bayer Leverkusen,RasenBallsport Leipzig,2,0,2023-04-23 15:30:00,Dani Olmo,Pass
2055,524611,16,SavedShot,0.9019999694824219,0.28700000762939454,0.10136021673679352,Dominik Szoboszlai,a,9788,OpenPlay,2022,RightFoot,19614,Freiburg,RasenBallsport Leipzig,0,1,2023-05-06 13:30:00,Amadou Haidara,Chipped
2056,524612,29,MissedShots,0.7880000305175782,0.365,0.029331155121326447,Dominik Szoboszlai,a,9788,OpenPlay,2022,RightFoot,19614,Freiburg,RasenBallsport Leipzig,0,1,2023-05-06 13:30:00,Benjamin Henrichs,Pass
2057,524618,88,SavedShot,0.9640000152587891,0.6509999847412109,0.2714243531227112,Dominik Szoboszlai,a,9788,OpenPlay,2022,LeftFoot,19614,Freiburg,RasenBallsport Leipzig,0,1,2023-05-06 13:30:00,Yussuf Poulsen,Cross
2058,526707,50,BlockedShot,0.745999984741211,0.7169999694824218,0.01090141013264656,Dominik Szoboszlai,h,9788,OpenPlay,2022,RightFoot,19623,RasenBallsport Leipzig,Werder Bremen,2,1,2023-05-14 15:30:00,,None
2059,526725,95,Goal,0.9369999694824219,0.4879999923706055,0.6012673377990723,Dominik Szoboszlai,h,9788,OpenPlay,2022,RightFoot,19623,RasenBallsport Leipzig,Werder Bremen,2,1,2023-05-14 15:30:00,Christopher Nkunku,Pass
2060,527668,33,SavedShot,0.8209999847412109,0.36,0.03781212866306305,Dominik Szoboszlai,a,9788,OpenPlay,2022,RightFoot,19630,Bayern Munich,RasenBallsport Leipzig,1,3,2023-05-20 16:30:00,,None
2061,527674,40,MissedShots,0.8480000305175781,0.385,0.06233932450413704,Dominik Szoboszlai,a,9788,OpenPlay,2022,LeftFoot,19630,Bayern Munich,RasenBallsport Leipzig,1,3,2023-05-20 16:30:00,Amadou Haidara,Pass
2062,527685,85,Goal,0.885,0.5,0.75777667760849,Dominik Szoboszlai,a,9788,Penalty,2022,RightFoot,19630,Bayern Munich,RasenBallsport Leipzig,1,3,2023-05-20 16:30:00,,Standard
2063,528938,85,SavedShot,0.85,0.48200000762939454,0.10740941017866135,Dominik Szoboszlai,h,9788,OpenPlay,2022,RightFoot,19640,RasenBallsport Leipzig,Schalke 04,4,2,2023-05-27 13:30:00,Dani Olmo,Pass
2064,528939,86,MissedShots,0.8730000305175781,0.700999984741211,0.05994993448257446,Dominik Szoboszlai,h,9788,OpenPlay,2022,RightFoot,19640,RasenBallsport Leipzig,Schalke 04,4,2,2023-05-27 13:30:00,,None
2065,528942,91,MissedShots,0.8030000305175782,0.7419999694824219,0.0270464476197958,Dominik Szoboszlai,h,9788,OpenPlay,2022,RightFoot,19640,RasenBallsport Leipzig,Schalke 04,4,2,2023-05-27 13:30:00,Dani Olmo,Pass
2066,532601,53,BlockedShot,0.7719999694824219,0.639000015258789,0.020644547417759895,Dominik Szoboszlai,a,9788,OpenPlay,2023,RightFoot,22283,Chelsea,Liverpool,1,1,2023-08-13 15:30:00,Andrew Robertson,Chipped
2067,533201,17,BlockedShot,0.8869999694824219,0.6379999923706055,0.0562657006084919,Dominik Szoboszlai,h,9788,OpenPlay,2023,LeftFoot,22288,Liverpool,Bournemouth,3,1,2023-08-19 14:00:00,,Rebound
2068,533210,47,BlockedShot,0.8019999694824219,0.39599998474121095,0.05146188661456108,Dominik Szoboszlai,h,9788,OpenPlay,2023,RightFoot,22288,Liverpool,Bournemouth,3,1,2023-08-19 14:00:00,Diogo Jota,Pass
2069,533221,61,SavedShot,0.775,0.3029999923706055,0.02136394754052162,Dominik Szoboszlai,h,9788,OpenPlay,2023,RightFoot,22288,Liverpool,Bournemouth,3,1,2023-08-19 14:00:00,Trent Alexander-Arnold,Pass
2070,535395,45,MissedShots,0.6969999694824218,0.5059999847412109,0.036979544907808304,Dominik Szoboszlai,a,9788,DirectFreekick,2023,RightFoot,22304,Newcastle United,Liverpool,1,2,2023-08-27 15:30:00,,Standard
2071,535408,83,BlockedShot,0.81,0.5359999847412109,0.05394074320793152,Dominik Szoboszlai,a,9788,OpenPlay,2023,RightFoot,22304,Newcastle United,Liverpool,1,2,2023-08-27 15:30:00,Mohamed Salah,Tackle
2072,536786,2,Goal,0.8280000305175781,0.6680000305175782,0.030378812924027443,Dominik Szoboszlai,h,9788,FromCorner,2023,LeftFoot,21933,Liverpool,Aston Villa,3,0,2023-09-03 13:00:00,Trent Alexander-Arnold,Cross
2073,536807,71,MissedShots,0.78,0.6129999923706054,0.021919487044215202,Dominik Szoboszlai,h,9788,FromCorner,2023,LeftFoot,21933,Liverpool,Aston Villa,3,0,2023-09-03 13:00:00,Joel Matip,Pass
2074,537355,45,SavedShot,0.8530000305175781,0.4570000076293945,0.08598611503839493,Dominik Szoboszlai,a,9788,OpenPlay,2023,LeftFoot,21935,Wolverhampton Wanderers,Liverpool,1,3,2023-09-16 11:30:00,,TakeOn
2075,537363,74,MissedShots,0.7730000305175782,0.5620000076293945,0.028340211138129234,Dominik Szoboszlai,a,9788,OpenPlay,2023,LeftFoot,21935,Wolverhampton Wanderers,Liverpool,1,3,2023-09-16 11:30:00,,None
2076,539662,12,BlockedShot,0.6709999847412109,0.6020000076293945,0.028639264404773712,Dominik Szoboszlai,h,9788,DirectFreekick,2023,RightFoot,21953,Liverpool,West Ham,3,1,2023-09-24 13:00:00,,Standard
2077,539671,36,BlockedShot,0.745,0.7659999847412109,0.03349778801202774,Dominik Szoboszlai,h,9788,DirectFreekick,2023,RightFoot,21953,Liverpool,West Ham,3,1,2023-09-24 13:00:00,,Standard
2078,539690,89,MissedShots,0.7580000305175781,0.5329999923706055,0.024497391656041145,Dominik Szoboszlai,h,9788,OpenPlay,2023,LeftFoot,21953,Liverpool,West Ham,3,1,2023-09-24 13:00:00,,None
2079,541497,77,SavedShot,0.75,0.835999984741211,0.009089712053537369,Dominik Szoboszlai,a,9788,OpenPlay,2023,RightFoot,21962,Tottenham,Liverpool,2,1,2023-09-30 16:30:00,Andrew Robertson,Pass
2080,543042,6,BlockedShot,0.715,0.4779999923706055,0.010299071669578552,Dominik Szoboszlai,a,9788,SetPiece,2023,RightFoot,21966,Brighton,Liverpool,2,2,2023-10-08 13:00:00,,None
2081,543725,41,BlockedShot,0.794000015258789,0.37099998474121093,0.028801890090107918,Dominik Szoboszlai,h,9788,OpenPlay,2023,RightFoot,21979,Liverpool,Everton,2,0,2023-10-21 11:30:00,Mohamed Salah,Pass
2082,543728,44,MissedShots,0.7169999694824218,0.545,0.019690746441483498,Dominik Szoboszlai,h,9788,OpenPlay,2023,RightFoot,21979,Liverpool,Everton,2,0,2023-10-21 11:30:00,Virgil van Dijk,Pass
2083,543729,46,MissedShots,0.7090000152587891,0.509000015258789,0.018688220530748367,Dominik Szoboszlai,h,9788,OpenPlay,2023,RightFoot,21979,Liverpool,Everton,2,0,2023-10-21 11:30:00,Alexis Mac Allister,Pass
2084,543739,77,BlockedShot,0.7119999694824218,0.68,0.014943992719054222,Dominik Szoboszlai,h,9788,OpenPlay,2023,RightFoot,21979,Liverpool,Everton,2,0,2023-10-21 11:30:00,Diogo Jota,BallTouch
2085,543745,95,MissedShots,0.8490000152587891,0.6790000152587891,0.035533905029296875,Dominik Szoboszlai,h,9788,OpenPlay,2023,RightFoot,21979,Liverpool,Everton,2,0,2023-10-21 11:30:00,Diogo Jota,TakeOn
2086,546087,39,SavedShot,0.8440000152587891,0.5709999847412109,0.09607880562543869,Dominik Szoboszlai,h,9788,OpenPlay,2023,LeftFoot,21991,Liverpool,Nottingham Forest,3,0,2023-10-29 14:00:00,Diogo Jota,Pass
2087,547531,56,BlockedShot,0.7240000152587891,0.25299999237060544,0.01188573893159628,Dominik Szoboszlai,a,9788,OpenPlay,2023,RightFoot,21999,Luton,Liverpool,1,1,2023-11-05 16:30:00,Darwin Núñez,Pass
2088,548829,21,MissedShots,0.7959999847412109,0.5929999923706055,0.0315551832318306,Dominik Szoboszlai,h,9788,OpenPlay,2023,LeftFoot,22011,Liverpool,Brentford,3,0,2023-11-12 14:00:00,Diogo Jota,Pass
2089,548855,88,SavedShot,0.8080000305175781,0.6940000152587891,0.01880270056426525,Dominik Szoboszlai,h,9788,FromCorner,2023,RightFoot,22011,Liverpool,Brentford,3,0,2023-11-12 14:00:00,,None
2090,549444,19,BlockedShot,0.865999984741211,0.6530000305175782,0.06175947189331055,Dominik Szoboszlai,a,9788,OpenPlay,2023,LeftFoot,22020,Manchester City,Liverpool,1,1,2023-11-25 12:30:00,Diogo Jota,Pass
2091,551720,7,SavedShot,0.8059999847412109,0.5129999923706055,0.05568644776940346,Dominik Szoboszlai,h,9788,OpenPlay,2023,RightFoot,22030,Liverpool,Fulham,4,3,2023-12-03 14:00:00,Ryan Gravenberch,Pass
2092,551737,51,MissedShots,0.7480000305175781,0.6819999694824219,0.016498129814863205,Dominik Szoboszlai,h,9788,FromCorner,2023,RightFoot,22030,Liverpool,Fulham,4,3,2023-12-03 14:00:00,Mohamed Salah,Pass
2093,551738,51,SavedShot,0.6909999847412109,0.5029999923706054,0.014789339154958725,Dominik Szoboszlai,h,9788,OpenPlay,2023,RightFoot,22030,Liverpool,Fulham,4,3,2023-12-03 14:00:00,Luis Díaz,Pass
2094,552253,93,Goal,0.894000015258789,0.555,0.31194400787353516,Dominik Szoboszlai,a,9788,OpenPlay,2023,RightFoot,22040,Sheffield United,Liverpool,0,2,2023-12-06 19:30:00,Darwin Núñez,Chipped
2095,552629,15,MissedShots,0.7280000305175781,0.305,0.02124759554862976,Dominik Szoboszlai,a,9788,FromCorner,2023,RightFoot,22047,Crystal Palace,Liverpool,1,2,2023-12-09 12:30:00,Trent Alexander-Arnold,Pass
2096,552633,46,BlockedShot,0.8569999694824219,0.40599998474121096,0.059193070977926254,Dominik Szoboszlai,a,9788,OpenPlay,2023,LeftFoot,22047,Crystal Palace,Liverpool,1,2,2023-12-09 12:30:00,,Rebound
2097,554947,10,MissedShots,0.7169999694824218,0.46700000762939453,0.01734163612127304,Dominik Szoboszlai,h,9788,OpenPlay,2023,RightFoot,22060,Liverpool,Manchester United,0,0,2023-12-17 16:30:00,Luis Díaz,Pass
2098,556386,49,BlockedShot,0.6619999694824219,0.5359999847412109,0.02818496711552143,Dominik Szoboszlai,h,9788,DirectFreekick,2023,RightFoot,22068,Liverpool,Arsenal,1,1,2023-12-23 17:30:00,,Standard
2099,556393,61,MissedShots,0.7559999847412109,0.37799999237060544,0.017918912693858147,Dominik Szoboszlai,h,9788,OpenPlay,2023,RightFoot,22068,Liverpool,Arsenal,1,1,2023-12-23 17:30:00,Cody Gakpo,Pass
2100,556570,81,MissedShots,0.7130000305175781,0.395,0.02076508104801178,Dominik Szoboszlai,a,9788,OpenPlay,2023,RightFoot,22079,Burnley,Liverpool,0,2,2023-12-26 17:30:00,Wataru Endo,Pass
2101,557211,0,BlockedShot,0.8690000152587891,0.455,0.10620845854282379,Dominik Szoboszlai,h,9788,OpenPlay,2023,LeftFoot,22088,Liverpool,Newcastle United,4,2,2024-01-01 19:00:00,Wataru Endo,Pass
2102,557225,29,BlockedShot,0.725,0.6229999923706054,0.013957735151052475,Dominik Szoboszlai,h,9788,OpenPlay,2023,RightFoot,22088,Liverpool,Newcastle United,4,2,2024-01-01 19:00:00,Darwin Núñez,Pass
2103,557229,41,BlockedShot,0.775,0.3970000076293945,0.021666139364242554,Dominik Szoboszlai,h,9788,OpenPlay,2023,RightFoot,22088,Liverpool,Newcastle United,4,2,2024-01-01 19:00:00,Mohamed Salah,Pass
2104,560770,33,BlockedShot,0.7369999694824219,0.46599998474121096,0.05525410175323486,Dominik Szoboszlai,h,9788,DirectFreekick,2023,RightFoot,22113,Liverpool,Chelsea,4,1,2024-01-31 20:15:00,,Standard
2105,560778,58,BlockedShot,0.735999984741211,0.355,0.04502950236201286,Dominik Szoboszlai,h,9788,DirectFreekick,2023,RightFoot,22113,Liverpool,Chelsea,4,1,2024-01-31 20:15:00,,Standard
2106,560780,64,Goal,0.9209999847412109,0.46599998474121096,0.1165284737944603,Dominik Szoboszlai,h,9788,OpenPlay,2023,Head,22113,Liverpool,Chelsea,4,1,2024-01-31 20:15:00,Conor Bradley,Cross
2107,566663,82,BlockedShot,0.855999984741211,0.34400001525878904,0.04653165861964226,Dominik Szoboszlai,a,9788,OpenPlay,2023,RightFoot,22162,Nottingham Forest,Liverpool,0,1,2024-03-02 15:00:00,Conor Bradley,Pass
2108,568704,30,MissedShots,0.9030000305175782,0.49900001525878906,0.07574310898780823,Dominik Szoboszlai,h,9788,OpenPlay,2023,Head,22171,Liverpool,Manchester City,1,1,2024-03-10 15:45:00,Harvey Elliott,Cross
2109,568711,47,SavedShot,0.7019999694824218,0.4329999923706055,0.037466831505298615,Dominik Szoboszlai,h,9788,DirectFreekick,2023,RightFoot,22171,Liverpool,Manchester City,1,1,2024-03-10 15:45:00,,Standard
2110,568714,59,MissedShots,0.769000015258789,0.595999984741211,0.023275956511497498,Dominik Szoboszlai,h,9788,OpenPlay,2023,RightFoot,22171,Liverpool,Manchester City,1,1,2024-03-10 15:45:00,,None
2111,571219,53,MissedShots,0.8119999694824219,0.4779999923706055,0.050213299691677094,Dominik Szoboszlai,h,9788,OpenPlay,2023,LeftFoot,22189,Liverpool,Brighton,2,1,2024-03-31 14:00:00,,None
2112,571223,62,MissedShots,0.774000015258789,0.24299999237060546,0.017652515321969986,Dominik Szoboszlai,h,9788,OpenPlay,2023,RightFoot,22189,Liverpool,Brighton,2,1,2024-03-31 14:00:00,Virgil van Dijk,Pass
2113,571233,87,BlockedShot,0.8540000152587891,0.5659999847412109,0.11251077055931091,Dominik Szoboszlai,h,9788,OpenPlay,2023,RightFoot,22189,Liverpool,Brighton,2,1,2024-03-31 14:00:00,,TakeOn
2114,571979,42,SavedShot,0.8,0.34599998474121096,0.03843999281525612,Dominik Szoboszlai,h,9788,OpenPlay,2023,RightFoot,22203,Liverpool,Sheffield United,3,1,2024-04-04 18:30:00,Joseph Gomez,Pass
2115,572980,2,SavedShot,0.875,0.5929999923706055,0.3087681233882904,Dominik Szoboszlai,a,9788,OpenPlay,2023,LeftFoot,22211,Manchester United,Liverpool,2,2,2024-04-07 14:30:00,Mohamed Salah,Pass
2116,572983,10,MissedShots,0.7909999847412109,0.38299999237060545,0.024878673255443573,Dominik Szoboszlai,a,9788,FromCorner,2023,RightFoot,22211,Manchester United,Liverpool,2,2,2024-04-07 14:30:00,Mohamed Salah,Pass
2117,572985,17,MissedShots,0.9030000305175782,0.4929999923706055,0.34674739837646484,Dominik Szoboszlai,a,9788,OpenPlay,2023,RightFoot,22211,Manchester United,Liverpool,2,2,2024-04-07 14:30:00,Andrew Robertson,Cross
2118,572984,17,BlockedShot,0.759000015258789,0.539000015258789,0.019705649465322495,Dominik Szoboszlai,a,9788,OpenPlay,2023,RightFoot,22211,Manchester United,Liverpool,2,2,2024-04-07 14:30:00,Alexis Mac Allister,Pass
2119,572988,25,BlockedShot,0.8040000152587891,0.5170000076293946,0.032455556094646454,Dominik Szoboszlai,a,9788,FromCorner,2023,RightFoot,22211,Manchester United,Liverpool,2,2,2024-04-07 14:30:00,,None
2120,574172,59,MissedShots,0.7330000305175781,0.519000015258789,0.018327537924051285,Dominik Szoboszlai,h,9788,FromCorner,2023,RightFoot,22220,Liverpool,Crystal Palace,0,1,2024-04-14 13:00:00,Mohamed Salah,Pass
2121,576242,51,BlockedShot,0.7680000305175781,0.3729999923706055,0.031577445566654205,Dominik Szoboszlai,a,9788,FromCorner,2023,RightFoot,22179,Everton,Liverpool,2,0,2024-04-24 19:00:00,Virgil van Dijk,Pass
2122,579031,85,MissedShots,0.9180000305175782,0.3390000152587891,0.09376350790262222,Dominik Szoboszlai,h,9788,OpenPlay,2023,RightFoot,22251,Liverpool,Tottenham,4,2,2024-05-05 15:30:00,Mohamed Salah,Pass
2123,580922,76,SavedShot,0.965,0.35200000762939454,0.4126097857952118,Dominik Szoboszlai,a,9788,OpenPlay,2023,RightFoot,22256,Aston Villa,Liverpool,3,3,2024-05-13 19:00:00,Mohamed Salah,Throughball
2124,580923,79,MissedShots,0.9290000152587891,0.3370000076293945,0.039680756628513336,Dominik Szoboszlai,a,9788,FromCorner,2023,LeftFoot,22256,Aston Villa,Liverpool,3,3,2024-05-13 19:00:00,Trent Alexander-Arnold,Cross
2125,582046,88,SavedShot,0.725,0.625999984741211,0.015453420579433441,Dominik Szoboszlai,h,9788,OpenPlay,2023,RightFoot,22271,Liverpool,Wolverhampton Wanderers,2,0,2024-05-19 15:00:00,,BallTouch
2126,584687,15,BlockedShot,0.7559999847412109,0.34400001525878904,0.020976830273866653,Dominik Szoboszlai,a,9788,OpenPlay,2024,RightFoot,26603,Ipswich,Liverpool,0,2,2024-08-17 11:30:00,Trent Alexander-Arnold,Pass
2127,584689,30,BlockedShot,0.825,0.6129999923706054,0.03314458578824997,Dominik Szoboszlai,a,9788,FromCorner,2024,LeftFoot,26603,Ipswich,Liverpool,0,2,2024-08-17 11:30:00,,None
2128,584696,58,BlockedShot,0.8530000305175781,0.5529999923706055,0.08850812166929245,Dominik Szoboszlai,a,9788,OpenPlay,2024,RightFoot,26603,Ipswich,Liverpool,0,2,2024-08-17 11:30:00,Luis Díaz,Pass
2129,584706,92,BlockedShot,0.904000015258789,0.5870000076293945,0.12883269786834717,Dominik Szoboszlai,a,9788,OpenPlay,2024,RightFoot,26603,Ipswich,Liverpool,0,2,2024-08-17 11:30:00,Cody Gakpo,Cross
2130,586867,64,BlockedShot,0.84,0.5409999847412109,0.04759759083390236,Dominik Szoboszlai,h,9788,FromCorner,2024,RightFoot,26621,Liverpool,Brentford,2,0,2024-08-25 15:30:00,Trent Alexander-Arnold,Pass
2131,589902,26,MissedShots,0.8719999694824219,0.5459999847412109,0.03541809692978859,Dominik Szoboszlai,a,9788,OpenPlay,2024,Head,26631,Manchester United,Liverpool,0,3,2024-09-01 15:00:00,Andrew Robertson,Cross
2132,590856,18,MissedShots,0.9159999847412109,0.445,0.0824587419629097,Dominik Szoboszlai,h,9788,OpenPlay,2024,Head,26635,Liverpool,Nottingham Forest,0,1,2024-09-14 14:00:00,Mohamed Salah,Aerial
2133,590872,86,BlockedShot,0.8780000305175781,0.34,0.04965667054057121,Dominik Szoboszlai,h,9788,OpenPlay,2024,RightFoot,26635,Liverpool,Nottingham Forest,0,1,2024-09-14 14:00:00,,None
2134,592399,11,MissedShots,0.7880000305175782,0.4229999923706055,0.028524750843644142,Dominik Szoboszlai,h,9788,OpenPlay,2024,RightFoot,26645,Liverpool,Bournemouth,3,0,2024-09-21 14:00:00,Mohamed Salah,Pass
2135,594311,39,SavedShot,0.9640000152587891,0.48700000762939455,0.6266660094261169,Dominik Szoboszlai,a,9788,OpenPlay,2024,RightFoot,26658,Wolverhampton Wanderers,Liverpool,1,2,2024-09-28 16:30:00,Andrew Robertson,Cross
2136,595233,65,SavedShot,0.7319999694824219,0.4209999847412109,0.022963056340813637,Dominik Szoboszlai,a,9788,OpenPlay,2024,RightFoot,26662,Crystal Palace,Liverpool,0,1,2024-10-05 11:30:00,Cody Gakpo,Pass
2137,595244,93,MissedShots,0.730999984741211,0.4759999847412109,0.022258281707763672,Dominik Szoboszlai,a,9788,OpenPlay,2024,RightFoot,26662,Crystal Palace,Liverpool,0,1,2024-10-05 11:30:00,Wataru Endo,Pass
2138,597745,36,SavedShot,0.870999984741211,0.3890000152587891,0.15211457014083862,Dominik Szoboszlai,h,9788,OpenPlay,2024,RightFoot,26679,Liverpool,Chelsea,2,1,2024-10-20 15:30:00,Cody Gakpo,Throughball
2139,603448,14,MissedShots,0.74,0.41200000762939454,0.016269633546471596,Dominik Szoboszlai,a,9788,OpenPlay,2024,RightFoot,26721,Southampton,Liverpool,2,3,2024-11-24 14:00:00,,None
2140,603450,24,SavedShot,0.8330000305175781,0.644000015258789,0.03658795356750488,Dominik Szoboszlai,a,9788,SetPiece,2024,RightFoot,26721,Southampton,Liverpool,2,3,2024-11-24 14:00:00,,None
2141,603454,29,Goal,0.8440000152587891,0.40099998474121096,0.05071716383099556,Dominik Szoboszlai,a,9788,OpenPlay,2024,LeftFoot,26721,Southampton,Liverpool,2,3,2024-11-24 14:00:00,,Rebound
2142,603471,73,BlockedShot,0.7219999694824218,0.7080000305175781,0.03392319008708,Dominik Szoboszlai,a,9788,DirectFreekick,2024,RightFoot,26721,Southampton,Liverpool,2,3,2024-11-24 14:00:00,,Standard
2143,603477,92,BlockedShot,0.7730000305175782,0.6759999847412109,0.024632779881358147,Dominik Szoboszlai,a,9788,OpenPlay,2024,RightFoot,26721,Southampton,Liverpool,2,3,2024-11-24 14:00:00,Andrew Robertson,Pass
2144,604812,6,SavedShot,0.855,0.41700000762939454,0.08774319291114807,Dominik Szoboszlai,h,9788,OpenPlay,2024,RightFoot,26726,Liverpool,Manchester City,2,0,2024-12-01 16:00:00,Ryan Gravenberch,Pass
2145,604813,7,BlockedShot,0.784000015258789,0.34200000762939453,0.02289639413356781,Dominik Szoboszlai,h,9788,OpenPlay,2024,RightFoot,26726,Liverpool,Manchester City,2,0,2024-12-01 16:00:00,Cody Gakpo,Pass
2146,604814,10,SavedShot,0.75,0.63,0.017480647191405296,Dominik Szoboszlai,h,9788,OpenPlay,2024,RightFoot,26726,Liverpool,Manchester City,2,0,2024-12-01 16:00:00,Alexis Mac Allister,BallRecovery
2147,608796,9,BlockedShot,0.9019999694824219,0.3940000152587891,0.08463205397129059,Dominik Szoboszlai,a,9788,OpenPlay,2024,RightFoot,26768,Tottenham,Liverpool,3,6,2024-12-22 16:30:00,,Rebound
2148,608805,35,BlockedShot,0.9030000305175782,0.475,0.05899326130747795,Dominik Szoboszlai,a,9788,OpenPlay,2024,Head,26768,Tottenham,Liverpool,3,6,2024-12-22 16:30:00,Andrew Robertson,Aerial
2149,608810,45,Goal,0.8909999847412109,0.4620000076293945,0.43661344051361084,Dominik Szoboszlai,a,9788,OpenPlay,2024,LeftFoot,26768,Tottenham,Liverpool,3,6,2024-12-22 16:30:00,Mohamed Salah,Pass
2150,608811,53,BlockedShot,0.955999984741211,0.5020000076293946,0.768365204334259,Dominik Szoboszlai,a,9788,OpenPlay,2024,RightFoot,26768,Tottenham,Liverpool,3,6,2024-12-22 16:30:00,,None
2151,608813,56,MissedShots,0.925,0.615,0.4981032609939575,Dominik Szoboszlai,a,9788,OpenPlay,2024,LeftFoot,26768,Tottenham,Liverpool,3,6,2024-12-22 16:30:00,Alisson,TakeOn
2152,608820,79,MissedShots,0.9019999694824219,0.5690000152587891,0.07474000751972198,Dominik Szoboszlai,a,9788,OpenPlay,2024,Head,26768,Tottenham,Liverpool,3,6,2024-12-22 16:30:00,Trent Alexander-Arnold,Cross
2153,479071,60,SavedShot,0.960999984741211,0.4420000076293945,0.5341290235519409,Darwin Núñez,a,10720,OpenPlay,2022,RightFoot,18203,Fulham,Liverpool,2,2,2022-08-06 11:30:00,Mohamed Salah,Cross
2154,479072,63,Goal,0.9519999694824218,0.47200000762939454,0.584721028804779,Darwin Núñez,a,10720,OpenPlay,2022,RightFoot,18203,Fulham,Liverpool,2,2,2022-08-06 11:30:00,,None
2155,479073,66,BlockedShot,0.965,0.585999984741211,0.45676401257514954,Darwin Núñez,a,10720,OpenPlay,2022,LeftFoot,18203,Fulham,Liverpool,2,2,2022-08-06 11:30:00,Jordan Henderson,Aerial
2156,479076,75,MissedShots,0.925,0.29100000381469726,0.0970819965004921,Darwin Núñez,a,10720,OpenPlay,2022,RightFoot,18203,Fulham,Liverpool,2,2,2022-08-06 11:30:00,Jordan Henderson,Throughball
2157,481428,8,MissedShots,0.9519999694824218,0.5729999923706055,0.3957349956035614,Darwin Núñez,h,10720,OpenPlay,2022,RightFoot,18221,Liverpool,Crystal Palace,1,1,2022-08-15 19:00:00,Trent Alexander-Arnold,Cross
2158,481434,26,BlockedShot,0.8130000305175781,0.515,0.06280449777841568,Darwin Núñez,h,10720,OpenPlay,2022,RightFoot,18221,Liverpool,Crystal Palace,1,1,2022-08-15 19:00:00,Harvey Elliott,Pass
2159,481437,34,MissedShots,0.7869999694824219,0.24799999237060547,0.013415300287306309,Darwin Núñez,h,10720,OpenPlay,2022,RightFoot,18221,Liverpool,Crystal Palace,1,1,2022-08-15 19:00:00,Trent Alexander-Arnold,Chipped
2160,481445,47,ShotOnPost,0.9280000305175782,0.6430000305175781,0.26781100034713745,Darwin Núñez,h,10720,OpenPlay,2022,RightFoot,18221,Liverpool,Crystal Palace,1,1,2022-08-15 19:00:00,Harvey Elliott,Chipped
2161,481446,48,BlockedShot,0.87,0.4420000076293945,0.08344689756631851,Darwin Núñez,h,10720,OpenPlay,2022,LeftFoot,18221,Liverpool,Crystal Palace,1,1,2022-08-15 19:00:00,Mohamed Salah,Pass
2162,485630,18,MissedShots,0.9430000305175781,0.5920000076293945,0.04773649945855141,Darwin Núñez,a,10720,OpenPlay,2022,Head,18252,Everton,Liverpool,0,0,2022-09-03 11:30:00,Trent Alexander-Arnold,Aerial
2163,485635,39,MissedShots,0.915,0.5840000152587891,0.029790200293064117,Darwin Núñez,a,10720,SetPiece,2022,Head,18252,Everton,Liverpool,0,0,2022-09-03 11:30:00,Mohamed Salah,Aerial
2164,485636,42,SavedShot,0.9159999847412109,0.26799999237060546,0.04271490126848221,Darwin Núñez,a,10720,OpenPlay,2022,RightFoot,18252,Everton,Liverpool,0,0,2022-09-03 11:30:00,Joseph Gomez,Chipped
2165,485639,46,MissedShots,0.8880000305175781,0.580999984741211,0.10757099837064743,Darwin Núñez,a,10720,OpenPlay,2022,LeftFoot,18252,Everton,Liverpool,0,0,2022-09-03 11:30:00,Luis Díaz,Pass
2166,485640,48,BlockedShot,0.870999984741211,0.595999984741211,0.0965484008193016,Darwin Núñez,a,10720,OpenPlay,2022,RightFoot,18252,Everton,Liverpool,0,0,2022-09-03 11:30:00,Mohamed Salah,Pass
2167,485644,53,SavedShot,0.8230000305175781,0.4809999847412109,0.05578399822115898,Darwin Núñez,a,10720,OpenPlay,2022,RightFoot,18252,Everton,Liverpool,0,0,2022-09-03 11:30:00,,None
2168,490162,92,MissedShots,0.8980000305175782,0.46099998474121096,0.03932660073041916,Darwin Núñez,h,10720,OpenPlay,2022,Head,18288,Liverpool,Brighton,3,3,2022-10-01 14:00:00,Harvey Elliott,Aerial
2169,492362,5,BlockedShot,0.805,0.3160000038146973,0.02314949966967106,Darwin Núñez,a,10720,OpenPlay,2022,RightFoot,18292,Arsenal,Liverpool,3,2,2022-10-09 15:30:00,,BallRecovery
2170,492364,25,SavedShot,0.899000015258789,0.27700000762939453,0.037465598434209824,Darwin Núñez,a,10720,OpenPlay,2022,RightFoot,18292,Arsenal,Liverpool,3,2,2022-10-09 15:30:00,Mohamed Salah,Pass
2171,492367,33,Goal,0.9209999847412109,0.47,0.4801500141620636,Darwin Núñez,a,10720,OpenPlay,2022,RightFoot,18292,Arsenal,Liverpool,3,2,2022-10-09 15:30:00,Luis Díaz,Pass
2172,493853,77,MissedShots,0.7140000152587891,0.524000015258789,0.03825470060110092,Darwin Núñez,h,10720,OpenPlay,2022,RightFoot,18307,Liverpool,Manchester City,1,0,2022-10-16 15:30:00,Jordan Henderson,BallRecovery
2173,493857,86,BlockedShot,0.77,0.615,0.07046400010585785,Darwin Núñez,h,10720,OpenPlay,2022,RightFoot,18307,Liverpool,Manchester City,1,0,2022-10-16 15:30:00,Diogo Jota,BallRecovery
2174,493859,95,MissedShots,0.865,0.645,0.26521000266075134,Darwin Núñez,h,10720,OpenPlay,2022,RightFoot,18307,Liverpool,Manchester City,1,0,2022-10-16 15:30:00,Diogo Jota,Pass
2175,494410,14,SavedShot,0.830999984741211,0.700999984741211,0.03245760127902031,Darwin Núñez,h,10720,OpenPlay,2022,LeftFoot,18320,Liverpool,West Ham,1,0,2022-10-19 18:30:00,Thiago Alcántara,Chipped
2176,494412,21,Goal,0.9,0.5220000076293946,0.04924460127949715,Darwin Núñez,h,10720,OpenPlay,2022,Head,18320,Liverpool,West Ham,1,0,2022-10-19 18:30:00,Konstantinos Tsimikas,Aerial
2177,494413,22,SavedShot,0.865,0.639000015258789,0.3323040008544922,Darwin Núñez,h,10720,OpenPlay,2022,LeftFoot,18320,Liverpool,West Ham,1,0,2022-10-19 18:30:00,,None
2178,494418,38,ShotOnPost,0.835999984741211,0.5209999847412109,0.07885749638080597,Darwin Núñez,h,10720,OpenPlay,2022,LeftFoot,18320,Liverpool,West Ham,1,0,2022-10-19 18:30:00,,None
2179,494419,39,MissedShots,0.8809999847412109,0.5629999923706055,0.10645800083875656,Darwin Núñez,h,10720,OpenPlay,2022,RightFoot,18320,Liverpool,West Ham,1,0,2022-10-19 18:30:00,,Rebound
2180,494424,55,MissedShots,0.8980000305175782,0.6759999847412109,0.06780020147562027,Darwin Núñez,h,10720,OpenPlay,2022,LeftFoot,18320,Liverpool,West Ham,1,0,2022-10-19 18:30:00,Jordan Henderson,Pass
2181,496856,59,MissedShots,0.71,0.26299999237060545,0.012568799778819084,Darwin Núñez,h,10720,OpenPlay,2022,RightFoot,18339,Liverpool,Leeds,1,2,2022-10-29 18:45:00,Roberto Firmino,Pass
2182,496860,66,SavedShot,0.875,0.605999984741211,0.30661699175834656,Darwin Núñez,h,10720,OpenPlay,2022,RightFoot,18339,Liverpool,Leeds,1,2,2022-10-29 18:45:00,Mohamed Salah,Pass
2183,496862,68,MissedShots,0.9109999847412109,0.46099998474121096,0.0731516033411026,Darwin Núñez,h,10720,FromCorner,2022,Head,18339,Liverpool,Leeds,1,2,2022-10-29 18:45:00,Trent Alexander-Arnold,Cross
2184,496865,78,SavedShot,0.785,0.6819999694824219,0.02513829991221428,Darwin Núñez,h,10720,OpenPlay,2022,RightFoot,18339,Liverpool,Leeds,1,2,2022-10-29 18:45:00,Andrew Robertson,Pass
2185,498834,2,SavedShot,0.899000015258789,0.6959999847412109,0.05035249888896942,Darwin Núñez,a,10720,OpenPlay,2022,RightFoot,18349,Tottenham,Liverpool,1,2,2022-11-06 16:30:00,Andrew Robertson,Chipped
2186,498835,6,MissedShots,0.84,0.6990000152587891,0.029908200725913048,Darwin Núñez,a,10720,OpenPlay,2022,RightFoot,18349,Tottenham,Liverpool,1,2,2022-11-06 16:30:00,Trent Alexander-Arnold,Chipped
2187,498851,56,SavedShot,0.8180000305175781,0.5259999847412109,0.11328399926424026,Darwin Núñez,a,10720,OpenPlay,2022,RightFoot,18349,Tottenham,Liverpool,1,2,2022-11-06 16:30:00,Fabinho,Pass
2188,498857,81,ShotOnPost,0.8590000152587891,0.5209999847412109,0.1384669989347458,Darwin Núñez,a,10720,OpenPlay,2022,LeftFoot,18349,Tottenham,Liverpool,1,2,2022-11-06 16:30:00,Thiago Alcántara,Throughball
2189,500169,20,Goal,0.9119999694824219,0.5359999847412109,0.4464859962463379,Darwin Núñez,h,10720,OpenPlay,2022,LeftFoot,18355,Liverpool,Southampton,3,1,2022-11-12 15:00:00,Harvey Elliott,Throughball
2190,500171,30,SavedShot,0.9259999847412109,0.555,0.3159539997577667,Darwin Núñez,h,10720,OpenPlay,2022,Head,18355,Liverpool,Southampton,3,1,2022-11-12 15:00:00,Trent Alexander-Arnold,Cross
2191,500175,41,Goal,0.9280000305175782,0.5520000076293945,0.3734720051288605,Darwin Núñez,h,10720,OpenPlay,2022,RightFoot,18355,Liverpool,Southampton,3,1,2022-11-12 15:00:00,Andrew Robertson,Cross
2192,501028,24,MissedShots,0.9130000305175782,0.45,0.2938480079174042,Darwin Núñez,a,10720,OpenPlay,2022,Head,18363,Aston Villa,Liverpool,1,3,2022-12-26 17:30:00,Andrew Robertson,Cross
2193,501029,27,SavedShot,0.830999984741211,0.46799999237060547,0.3324199914932251,Darwin Núñez,a,10720,OpenPlay,2022,RightFoot,18363,Aston Villa,Liverpool,1,3,2022-12-26 17:30:00,,None
2194,501031,35,SavedShot,0.9069999694824219,0.6919999694824219,0.07117249816656113,Darwin Núñez,a,10720,OpenPlay,2022,RightFoot,18363,Aston Villa,Liverpool,1,3,2022-12-26 17:30:00,Alex Oxlade-Chamberlain,Pass
2195,501034,46,SavedShot,0.919000015258789,0.46599998474121096,0.4003629982471466,Darwin Núñez,a,10720,SetPiece,2022,RightFoot,18363,Aston Villa,Liverpool,1,3,2022-12-26 17:30:00,Trent Alexander-Arnold,Cross
2196,501046,74,MissedShots,0.8680000305175781,0.6170000076293946,0.3179999887943268,Darwin Núñez,a,10720,OpenPlay,2022,LeftFoot,18363,Aston Villa,Liverpool,1,3,2022-12-26 17:30:00,Mohamed Salah,Pass
2197,501048,81,SavedShot,0.7319999694824219,0.2979999923706055,0.02453700080513954,Darwin Núñez,a,10720,OpenPlay,2022,RightFoot,18363,Aston Villa,Liverpool,1,3,2022-12-26 17:30:00,Mohamed Salah,Pass
2198,501577,44,ShotOnPost,0.8159999847412109,0.5459999847412109,0.27769601345062256,Darwin Núñez,h,10720,OpenPlay,2022,LeftFoot,18375,Liverpool,Leicester,2,1,2022-12-30 20:00:00,Alex Oxlade-Chamberlain,Pass
2199,501583,53,BlockedShot,0.875,0.6780000305175782,0.0680278018116951,Darwin Núñez,h,10720,OpenPlay,2022,RightFoot,18375,Liverpool,Leicester,2,1,2022-12-30 20:00:00,Thiago Alcántara,Pass
2200,501584,54,SavedShot,0.8569999694824219,0.5429999923706055,0.017900699749588966,Darwin Núñez,h,10720,OpenPlay,2022,Head,18375,Liverpool,Leicester,2,1,2022-12-30 20:00:00,Trent Alexander-Arnold,Aerial
2201,501587,65,MissedShots,0.92,0.32,0.2786650061607361,Darwin Núñez,h,10720,OpenPlay,2022,RightFoot,18375,Liverpool,Leicester,2,1,2022-12-30 20:00:00,Mohamed Salah,Pass
2202,501590,77,MissedShots,0.815,0.565,0.07027649879455566,Darwin Núñez,h,10720,OpenPlay,2022,RightFoot,18375,Liverpool,Leicester,2,1,2022-12-30 20:00:00,Naby Keita,Chipped
2203,501592,81,BlockedShot,0.7380000305175781,0.539000015258789,0.024953600019216537,Darwin Núñez,h,10720,OpenPlay,2022,RightFoot,18375,Liverpool,Leicester,2,1,2022-12-30 20:00:00,Thiago Alcántara,Pass
2204,501594,82,SavedShot,0.8930000305175781,0.5179999923706055,0.05066069960594177,Darwin Núñez,h,10720,FromCorner,2022,Head,18375,Liverpool,Leicester,2,1,2022-12-30 20:00:00,Konstantinos Tsimikas,Cross
2205,502061,2,BlockedShot,0.8690000152587891,0.415,0.05814040079712868,Darwin Núñez,a,10720,SetPiece,2022,OtherBodyPart,18384,Brentford,Liverpool,3,1,2023-01-02 17:30:00,Konstantinos Tsimikas,CornerAwarded
2206,502062,7,BlockedShot,0.9590000152587891,0.595999984741211,0.7557240128517151,Darwin Núñez,a,10720,OpenPlay,2022,LeftFoot,18384,Brentford,Liverpool,3,1,2023-01-02 17:30:00,Mohamed Salah,TakeOn
2207,502083,69,MissedShots,0.889000015258789,0.32099998474121094,0.058420199900865555,Darwin Núñez,a,10720,OpenPlay,2022,RightFoot,18384,Brentford,Liverpool,3,1,2023-01-02 17:30:00,Mohamed Salah,Pass
2208,504430,75,SavedShot,0.9069999694824219,0.7030000305175781,0.10386999696493149,Darwin Núñez,h,10720,OpenPlay,2022,LeftFoot,18408,Liverpool,Chelsea,0,0,2023-01-21 12:30:00,Thiago Alcántara,Chipped
2209,507096,13,SavedShot,0.8569999694824219,0.6819999694824219,0.049763500690460205,Darwin Núñez,a,10720,OpenPlay,2022,RightFoot,18421,Wolverhampton Wanderers,Liverpool,3,0,2023-02-04 15:00:00,Thiago Alcántara,Pass
2210,507101,24,MissedShots,0.95,0.7169999694824218,0.04405369982123375,Darwin Núñez,a,10720,OpenPlay,2022,LeftFoot,18421,Wolverhampton Wanderers,Liverpool,3,0,2023-02-04 15:00:00,Thiago Alcántara,Pass
2211,507103,26,MissedShots,0.874000015258789,0.5570000076293945,0.02638700045645237,Darwin Núñez,a,10720,OpenPlay,2022,Head,18421,Wolverhampton Wanderers,Liverpool,3,0,2023-02-04 15:00:00,Andrew Robertson,Aerial
2212,507113,56,BlockedShot,0.7909999847412109,0.7230000305175781,0.012547099962830544,Darwin Núñez,a,10720,OpenPlay,2022,RightFoot,18421,Wolverhampton Wanderers,Liverpool,3,0,2023-02-04 15:00:00,Cody Gakpo,Pass
2213,507118,66,SavedShot,0.8980000305175782,0.3940000152587891,0.3034130036830902,Darwin Núñez,a,10720,OpenPlay,2022,RightFoot,18421,Wolverhampton Wanderers,Liverpool,3,0,2023-02-04 15:00:00,Trent Alexander-Arnold,Chipped
2214,509232,16,MissedShots,0.8730000305175781,0.6469999694824219,0.05326550081372261,Darwin Núñez,h,10720,OpenPlay,2022,RightFoot,18428,Liverpool,Everton,2,0,2023-02-13 20:00:00,Stefan Bajcetic,Chipped
2215,509234,20,BlockedShot,0.7859999847412109,0.75,0.015497700311243534,Darwin Núñez,h,10720,OpenPlay,2022,RightFoot,18428,Liverpool,Everton,2,0,2023-02-13 20:00:00,Andrew Robertson,TakeOn
2216,509240,46,BlockedShot,0.9059999847412109,0.5479999923706055,0.09184499830007553,Darwin Núñez,h,10720,SetPiece,2022,LeftFoot,18428,Liverpool,Everton,2,0,2023-02-13 20:00:00,Fabinho,HeadPass
2217,509244,57,SavedShot,0.9519999694824218,0.3139999961853027,0.09291800111532211,Darwin Núñez,h,10720,OpenPlay,2022,RightFoot,18428,Liverpool,Everton,2,0,2023-02-13 20:00:00,Mohamed Salah,Pass
2218,509245,61,MissedShots,0.855,0.6229999923706054,0.08033660054206848,Darwin Núñez,h,10720,OpenPlay,2022,RightFoot,18428,Liverpool,Everton,2,0,2023-02-13 20:00:00,Cody Gakpo,Pass
2219,509838,9,Goal,0.86,0.495,0.346002995967865,Darwin Núñez,a,10720,OpenPlay,2022,RightFoot,18438,Newcastle United,Liverpool,0,2,2023-02-18 17:30:00,Trent Alexander-Arnold,Throughball
2220,509852,56,SavedShot,0.8569999694824219,0.6990000152587891,0.09814959764480591,Darwin Núñez,a,10720,OpenPlay,2022,RightFoot,18438,Newcastle United,Liverpool,0,2,2023-02-18 17:30:00,Andrew Robertson,Pass
2221,511728,10,MissedShots,0.9119999694824219,0.6419999694824219,0.04269760102033615,Darwin Núñez,h,10720,FromCorner,2022,RightFoot,18264,Liverpool,Wolverhampton Wanderers,2,0,2023-03-01 20:00:00,Konstantinos Tsimikas,Cross
2222,511734,46,MissedShots,0.9290000152587891,0.46,0.3338179886341095,Darwin Núñez,h,10720,FromCorner,2022,Head,18264,Liverpool,Wolverhampton Wanderers,2,0,2023-03-01 20:00:00,Trent Alexander-Arnold,Cross
2223,511738,69,MissedShots,0.8440000152587891,0.7440000152587891,0.027120599523186684,Darwin Núñez,h,10720,OpenPlay,2022,LeftFoot,18264,Liverpool,Wolverhampton Wanderers,2,0,2023-03-01 20:00:00,Virgil van Dijk,Pass
2224,512826,18,MissedShots,0.9169999694824219,0.3509999847412109,0.06448809802532196,Darwin Núñez,h,10720,OpenPlay,2022,LeftFoot,18457,Liverpool,Manchester United,7,0,2023-03-05 16:30:00,,Rebound
2225,512828,22,BlockedShot,0.94,0.524000015258789,0.49316099286079407,Darwin Núñez,h,10720,OpenPlay,2022,RightFoot,18457,Liverpool,Manchester United,7,0,2023-03-05 16:30:00,Andrew Robertson,Cross
2226,512833,46,Goal,0.9630000305175781,0.4859999847412109,0.614512026309967,Darwin Núñez,h,10720,OpenPlay,2022,Head,18457,Liverpool,Manchester United,7,0,2023-03-05 16:30:00,Harvey Elliott,Chipped
2227,512843,74,Goal,0.9380000305175781,0.5629999923706055,0.12944799661636353,Darwin Núñez,h,10720,SetPiece,2022,Head,18457,Liverpool,Manchester United,7,0,2023-03-05 16:30:00,Jordan Henderson,Cross
2228,513237,10,SavedShot,0.7859999847412109,0.7380000305175781,0.020825600251555443,Darwin Núñez,a,10720,OpenPlay,2022,RightFoot,18462,Bournemouth,Liverpool,1,0,2023-03-11 12:30:00,Andrew Robertson,Pass
2229,517505,44,SavedShot,0.715,0.664000015258789,0.01450430043041706,Darwin Núñez,a,10720,OpenPlay,2022,RightFoot,18281,Chelsea,Liverpool,0,0,2023-04-04 19:00:00,Konstantinos Tsimikas,Pass
2230,517513,59,SavedShot,0.765,0.745999984741211,0.014175400137901306,Darwin Núñez,a,10720,OpenPlay,2022,RightFoot,18281,Chelsea,Liverpool,0,0,2023-04-04 19:00:00,,BallRecovery
2231,518773,80,SavedShot,0.875,0.6,0.33247798681259155,Darwin Núñez,h,10720,OpenPlay,2022,RightFoot,18497,Liverpool,Arsenal,2,2,2023-04-09 15:30:00,Mohamed Salah,Throughball
2232,520443,89,Goal,0.875999984741211,0.47,0.3567880094051361,Darwin Núñez,a,10720,OpenPlay,2022,LeftFoot,18505,Leeds,Liverpool,1,6,2023-04-17 19:00:00,Trent Alexander-Arnold,Chipped
2233,520888,88,MissedShots,0.950999984741211,0.4929999923706055,0.5178831815719604,Darwin Núñez,h,10720,SetPiece,2022,Head,18519,Liverpool,Nottingham Forest,3,2,2023-04-22 14:00:00,Andrew Robertson,Aerial
2234,523996,48,MissedShots,0.9019999694824219,0.3390000152587891,0.08591039478778839,Darwin Núñez,h,10720,OpenPlay,2022,RightFoot,18477,Liverpool,Fulham,1,0,2023-05-03 19:00:00,Jordan Henderson,Pass
2235,524776,20,BlockedShot,0.9130000305175782,0.32599998474121095,0.08762548118829727,Darwin Núñez,h,10720,OpenPlay,2022,RightFoot,18545,Liverpool,Brentford,1,0,2023-05-06 16:30:00,Mohamed Salah,Pass
2236,524778,28,MissedShots,0.91,0.534000015258789,0.4379153549671173,Darwin Núñez,h,10720,OpenPlay,2022,RightFoot,18545,Liverpool,Brentford,1,0,2023-05-06 16:30:00,Trent Alexander-Arnold,Throughball
2237,532606,81,BlockedShot,0.7769999694824219,0.5979999923706054,0.023715069517493248,Darwin Núñez,a,10720,OpenPlay,2023,LeftFoot,22283,Chelsea,Liverpool,1,1,2023-08-13 15:30:00,Harvey Elliott,Pass
2238,532607,92,BlockedShot,0.7659999847412109,0.6840000152587891,0.015093740075826645,Darwin Núñez,a,10720,OpenPlay,2023,RightFoot,22283,Chelsea,Liverpool,1,1,2023-08-13 15:30:00,,None
2239,535407,80,Goal,0.8640000152587891,0.29399999618530276,0.03553982079029083,Darwin Núñez,a,10720,OpenPlay,2023,RightFoot,22304,Newcastle United,Liverpool,1,2,2023-08-27 15:30:00,,None
2240,535414,92,Goal,0.88,0.35700000762939454,0.3159354031085968,Darwin Núñez,a,10720,OpenPlay,2023,RightFoot,22304,Newcastle United,Liverpool,1,2,2023-08-27 15:30:00,Mohamed Salah,Throughball
2241,536788,21,ShotOnPost,0.9,0.425,0.4534442722797394,Darwin Núñez,h,10720,OpenPlay,2023,RightFoot,21933,Liverpool,Aston Villa,3,0,2023-09-03 13:00:00,Mohamed Salah,Pass
2242,536792,33,BlockedShot,0.8580000305175781,0.41400001525878904,0.11647417396306992,Darwin Núñez,h,10720,OpenPlay,2023,RightFoot,21933,Liverpool,Aston Villa,3,0,2023-09-03 13:00:00,Trent Alexander-Arnold,Pass
2243,536794,38,ShotOnPost,0.950999984741211,0.35200000762939454,0.2790379226207733,Darwin Núñez,h,10720,OpenPlay,2023,RightFoot,21933,Liverpool,Aston Villa,3,0,2023-09-03 13:00:00,Mohamed Salah,Pass
2244,536801,48,MissedShots,0.96,0.5479999923706055,0.5297927856445312,Darwin Núñez,h,10720,OpenPlay,2023,Head,21933,Liverpool,Aston Villa,3,0,2023-09-03 13:00:00,,None
2245,536802,54,MissedShots,0.93,0.41200000762939454,0.01980714313685894,Darwin Núñez,h,10720,FromCorner,2023,Head,21933,Liverpool,Aston Villa,3,0,2023-09-03 13:00:00,Andrew Robertson,Aerial
2246,537359,57,MissedShots,0.7859999847412109,0.7319999694824219,0.02094309590756893,Darwin Núñez,a,10720,OpenPlay,2023,RightFoot,21935,Wolverhampton Wanderers,Liverpool,1,3,2023-09-16 11:30:00,Mohamed Salah,Pass
2247,537362,69,SavedShot,0.9219999694824219,0.54,0.5284988880157471,Darwin Núñez,a,10720,OpenPlay,2023,RightFoot,21935,Wolverhampton Wanderers,Liverpool,1,3,2023-09-16 11:30:00,Luis Díaz,Pass
2248,539676,46,SavedShot,0.9019999694824219,0.42400001525878905,0.5129767060279846,Darwin Núñez,h,10720,OpenPlay,2023,RightFoot,21953,Liverpool,West Ham,3,1,2023-09-24 13:00:00,Mohamed Salah,Pass
2249,539679,52,ShotOnPost,0.895,0.5129999923706055,0.4351927936077118,Darwin Núñez,h,10720,OpenPlay,2023,RightFoot,21953,Liverpool,West Ham,3,1,2023-09-24 13:00:00,Mohamed Salah,Pass
2250,539681,59,Goal,0.905,0.4570000076293945,0.31904950737953186,Darwin Núñez,h,10720,OpenPlay,2023,RightFoot,21953,Liverpool,West Ham,3,1,2023-09-24 13:00:00,Alexis Mac Allister,Chipped
2251,543051,41,SavedShot,0.875999984741211,0.5429999923706055,0.022513559088110924,Darwin Núñez,a,10720,SetPiece,2023,Head,21966,Brighton,Liverpool,2,2,2023-10-08 13:00:00,,None
2252,543053,47,BlockedShot,0.7959999847412109,0.5220000076293946,0.05765370652079582,Darwin Núñez,a,10720,OpenPlay,2023,LeftFoot,21966,Brighton,Liverpool,2,2,2023-10-08 13:00:00,Mohamed Salah,Pass
2253,543060,73,MissedShots,0.899000015258789,0.44299999237060544,0.04511120542883873,Darwin Núñez,a,10720,OpenPlay,2023,Head,21966,Brighton,Liverpool,2,2,2023-10-08 13:00:00,Andrew Robertson,Aerial
2254,543735,64,SavedShot,0.740999984741211,0.5879999923706055,0.014821925200521946,Darwin Núñez,h,10720,OpenPlay,2023,RightFoot,21979,Liverpool,Everton,2,0,2023-10-21 11:30:00,,None
2255,546080,28,SavedShot,0.965,0.3079999923706055,0.05113701894879341,Darwin Núñez,h,10720,OpenPlay,2023,RightFoot,21991,Liverpool,Nottingham Forest,3,0,2023-10-29 14:00:00,Mohamed Salah,Pass
2256,546081,29,MissedShots,0.95,0.4829999923706055,0.4708431661128998,Darwin Núñez,h,10720,FromCorner,2023,Head,21991,Liverpool,Nottingham Forest,3,0,2023-10-29 14:00:00,Konstantinos Tsimikas,Cross
2257,546082,30,SavedShot,0.894000015258789,0.35700000762939454,0.10888568311929703,Darwin Núñez,h,10720,OpenPlay,2023,RightFoot,21991,Liverpool,Nottingham Forest,3,0,2023-10-29 14:00:00,Mohamed Salah,Pass
2258,546085,34,Goal,0.970999984741211,0.4759999847412109,0.778616726398468,Darwin Núñez,h,10720,OpenPlay,2023,LeftFoot,21991,Liverpool,Nottingham Forest,3,0,2023-10-29 14:00:00,Dominik Szoboszlai,Pass
2259,546088,41,MissedShots,0.8580000305175781,0.7090000152587891,0.0361923910677433,Darwin Núñez,h,10720,OpenPlay,2023,RightFoot,21991,Liverpool,Nottingham Forest,3,0,2023-10-29 14:00:00,,None
2260,547516,4,SavedShot,0.7809999847412109,0.745,0.02035621739923954,Darwin Núñez,a,10720,OpenPlay,2023,RightFoot,21999,Luton,Liverpool,1,1,2023-11-05 16:30:00,Joseph Gomez,Pass
2261,547519,9,MissedShots,0.7669999694824219,0.40099998474121096,0.024636538699269295,Darwin Núñez,a,10720,OpenPlay,2023,RightFoot,21999,Luton,Liverpool,1,1,2023-11-05 16:30:00,Diogo Jota,Pass
2262,547520,12,ShotOnPost,0.895,0.4540000152587891,0.35445281863212585,Darwin Núñez,a,10720,OpenPlay,2023,RightFoot,21999,Luton,Liverpool,1,1,2023-11-05 16:30:00,Trent Alexander-Arnold,Throughball
2263,547522,15,SavedShot,0.7759999847412109,0.705999984741211,0.021867185831069946,Darwin Núñez,a,10720,OpenPlay,2023,RightFoot,21999,Luton,Liverpool,1,1,2023-11-05 16:30:00,Ryan Gravenberch,Pass
2264,547524,23,MissedShots,0.904000015258789,0.5670000076293945,0.06836631149053574,Darwin Núñez,a,10720,OpenPlay,2023,Head,21999,Luton,Liverpool,1,1,2023-11-05 16:30:00,Mohamed Salah,Cross
2265,547526,33,BlockedShot,0.9409999847412109,0.655,0.014213735237717628,Darwin Núñez,a,10720,OpenPlay,2023,Head,21999,Luton,Liverpool,1,1,2023-11-05 16:30:00,Trent Alexander-Arnold,Cross
2266,547534,67,BlockedShot,0.784000015258789,0.5609999847412109,0.03327134996652603,Darwin Núñez,a,10720,OpenPlay,2023,RightFoot,21999,Luton,Liverpool,1,1,2023-11-05 16:30:00,,None
2267,547537,69,MissedShots,0.955999984741211,0.5479999923706055,0.6161775588989258,Darwin Núñez,a,10720,OpenPlay,2023,RightFoot,21999,Luton,Liverpool,1,1,2023-11-05 16:30:00,Mohamed Salah,Rebound
2268,547538,71,SavedShot,0.879000015258789,0.3220000076293945,0.28620201349258423,Darwin Núñez,a,10720,OpenPlay,2023,RightFoot,21999,Luton,Liverpool,1,1,2023-11-05 16:30:00,Mohamed Salah,Pass
2269,548827,15,SavedShot,0.960999984741211,0.33599998474121096,0.07854633778333664,Darwin Núñez,h,10720,OpenPlay,2023,RightFoot,22011,Liverpool,Brentford,3,0,2023-11-12 14:00:00,Mohamed Salah,Pass
2270,548833,31,SavedShot,0.8119999694824219,0.67,0.031992197036743164,Darwin Núñez,h,10720,OpenPlay,2023,RightFoot,22011,Liverpool,Brentford,3,0,2023-11-12 14:00:00,Diogo Jota,Pass
2271,548836,46,SavedShot,0.745,0.43,0.02676408179104328,Darwin Núñez,h,10720,OpenPlay,2023,RightFoot,22011,Liverpool,Brentford,3,0,2023-11-12 14:00:00,Trent Alexander-Arnold,Pass
2272,549443,15,SavedShot,0.924000015258789,0.4229999923706055,0.0940273255109787,Darwin Núñez,a,10720,OpenPlay,2023,Head,22020,Manchester City,Liverpool,1,1,2023-11-25 12:30:00,Mohamed Salah,Cross
2273,549448,34,MissedShots,0.9640000152587891,0.6120000076293945,0.3704908788204193,Darwin Núñez,a,10720,OpenPlay,2023,LeftFoot,22020,Manchester City,Liverpool,1,1,2023-11-25 12:30:00,Dominik Szoboszlai,Throughball
2274,549454,59,BlockedShot,0.765,0.6530000305175782,0.018101360648870468,Darwin Núñez,a,10720,OpenPlay,2023,RightFoot,22020,Manchester City,Liverpool,1,1,2023-11-25 12:30:00,Ryan Gravenberch,Pass
2275,549457,71,MissedShots,0.9269999694824219,0.345,0.10873273760080338,Darwin Núñez,a,10720,OpenPlay,2023,RightFoot,22020,Manchester City,Liverpool,1,1,2023-11-25 12:30:00,Mohamed Salah,Throughball
2276,551736,50,BlockedShot,0.8680000305175781,0.355,0.11459916830062866,Darwin Núñez,h,10720,OpenPlay,2023,RightFoot,22030,Liverpool,Fulham,4,3,2023-12-03 14:00:00,Trent Alexander-Arnold,Throughball
2277,551739,52,ShotOnPost,0.8830000305175781,0.4209999847412109,0.38326194882392883,Darwin Núñez,h,10720,OpenPlay,2023,RightFoot,22030,Liverpool,Fulham,4,3,2023-12-03 14:00:00,Mohamed Salah,Pass
2278,551743,60,MissedShots,0.885,0.44599998474121094,0.3209642767906189,Darwin Núñez,h,10720,OpenPlay,2023,LeftFoot,22030,Liverpool,Fulham,4,3,2023-12-03 14:00:00,Mohamed Salah,HeadPass
2279,552247,76,SavedShot,0.885,0.35200000762939454,0.33363261818885803,Darwin Núñez,a,10720,OpenPlay,2023,RightFoot,22040,Sheffield United,Liverpool,0,2,2023-12-06 19:30:00,Trent Alexander-Arnold,Throughball
2280,552635,48,MissedShots,0.9159999847412109,0.46700000762939453,0.060299843549728394,Darwin Núñez,a,10720,OpenPlay,2023,Head,22047,Crystal Palace,Liverpool,1,2,2023-12-09 12:30:00,Luis Díaz,None
2281,552642,70,MissedShots,0.945,0.5779999923706055,0.37563127279281616,Darwin Núñez,a,10720,SetPiece,2023,RightFoot,22047,Crystal Palace,Liverpool,1,2,2023-12-09 12:30:00,Trent Alexander-Arnold,Cross
2282,554944,4,MissedShots,0.985999984741211,0.40900001525878904,0.06744204461574554,Darwin Núñez,h,10720,FromCorner,2023,RightFoot,22060,Liverpool,Manchester United,0,0,2023-12-17 16:30:00,Mohamed Salah,Chipped
2283,554958,44,BlockedShot,0.8419999694824218,0.5620000076293945,0.08398253470659256,Darwin Núñez,h,10720,OpenPlay,2023,RightFoot,22060,Liverpool,Manchester United,0,0,2023-12-17 16:30:00,Luis Díaz,TakeOn
2284,556397,75,MissedShots,0.895,0.519000015258789,0.05233156308531761,Darwin Núñez,h,10720,FromCorner,2023,Head,22068,Liverpool,Arsenal,1,1,2023-12-23 17:30:00,Trent Alexander-Arnold,Cross
2285,556551,5,Goal,0.8090000152587891,0.5670000076293945,0.045514192432165146,Darwin Núñez,a,10720,OpenPlay,2023,RightFoot,22079,Burnley,Liverpool,0,2,2023-12-26 17:30:00,Cody Gakpo,Pass
2286,556558,22,BlockedShot,0.8830000305175781,0.3189999961853027,0.06375028192996979,Darwin Núñez,a,10720,OpenPlay,2023,RightFoot,22079,Burnley,Liverpool,0,2,2023-12-26 17:30:00,Trent Alexander-Arnold,Chipped
2287,557214,11,SavedShot,0.9309999847412109,0.4540000152587891,0.5315088033676147,Darwin Núñez,h,10720,OpenPlay,2023,RightFoot,22088,Liverpool,Newcastle United,4,2,2024-01-01 19:00:00,Mohamed Salah,Pass
2288,557217,16,MissedShots,0.904000015258789,0.6179999923706054,0.010336613282561302,Darwin Núñez,h,10720,SetPiece,2023,Head,22088,Liverpool,Newcastle United,4,2,2024-01-01 19:00:00,Trent Alexander-Arnold,Aerial
2289,557227,35,SavedShot,0.8180000305175781,0.6480000305175782,0.027775952592492104,Darwin Núñez,h,10720,OpenPlay,2023,RightFoot,22088,Liverpool,Newcastle United,4,2,2024-01-01 19:00:00,,Rebound
2290,557226,35,SavedShot,0.850999984741211,0.565,0.46959346532821655,Darwin Núñez,h,10720,OpenPlay,2023,RightFoot,22088,Liverpool,Newcastle United,4,2,2024-01-01 19:00:00,,None
2291,557231,51,SavedShot,0.9490000152587891,0.49900001525878906,0.6414924263954163,Darwin Núñez,h,10720,OpenPlay,2023,RightFoot,22088,Liverpool,Newcastle United,4,2,2024-01-01 19:00:00,Mohamed Salah,Pass
2292,557232,52,SavedShot,0.9059999847412109,0.30100000381469727,0.06061023846268654,Darwin Núñez,h,10720,OpenPlay,2023,RightFoot,22088,Liverpool,Newcastle United,4,2,2024-01-01 19:00:00,Ibrahima Konaté,Chipped
2293,557233,52,MissedShots,0.9019999694824219,0.3189999961853027,0.011824965476989746,Darwin Núñez,h,10720,FromCorner,2023,Head,22088,Liverpool,Newcastle United,4,2,2024-01-01 19:00:00,Trent Alexander-Arnold,Cross
2294,557236,63,MissedShots,0.9119999694824219,0.4909999847412109,0.11813148856163025,Darwin Núñez,h,10720,OpenPlay,2023,Head,22088,Liverpool,Newcastle United,4,2,2024-01-01 19:00:00,Wataru Endo,Cross
2295,559338,24,SavedShot,0.71,0.600999984741211,0.015889495611190796,Darwin Núñez,a,10720,OpenPlay,2023,RightFoot,22102,Bournemouth,Liverpool,0,4,2024-01-21 16:30:00,Alexis Mac Allister,Pass
2296,559345,48,Goal,0.8640000152587891,0.53,0.3719128370285034,Darwin Núñez,a,10720,OpenPlay,2023,RightFoot,22102,Bournemouth,Liverpool,0,4,2024-01-21 16:30:00,Diogo Jota,Throughball
2297,559359,92,Goal,0.9540000152587891,0.5640000152587891,0.5044733881950378,Darwin Núñez,a,10720,OpenPlay,2023,RightFoot,22102,Bournemouth,Liverpool,0,4,2024-01-21 16:30:00,Joseph Gomez,Cross
2298,560758,5,SavedShot,0.8540000152587891,0.3370000076293945,0.047712504863739014,Darwin Núñez,h,10720,OpenPlay,2023,RightFoot,22113,Liverpool,Chelsea,4,1,2024-01-31 20:15:00,Conor Bradley,Chipped
2299,560759,7,SavedShot,0.7559999847412109,0.3870000076293945,0.023846736177802086,Darwin Núñez,h,10720,OpenPlay,2023,RightFoot,22113,Liverpool,Chelsea,4,1,2024-01-31 20:15:00,Alexis Mac Allister,Pass
2300,560761,13,MissedShots,0.7709999847412109,0.33599998474121096,0.020542385056614876,Darwin Núñez,h,10720,OpenPlay,2023,RightFoot,22113,Liverpool,Chelsea,4,1,2024-01-31 20:15:00,,TakeOn
2301,560762,14,BlockedShot,0.74,0.47700000762939454,0.021732836961746216,Darwin Núñez,h,10720,OpenPlay,2023,RightFoot,22113,Liverpool,Chelsea,4,1,2024-01-31 20:15:00,Dominik Szoboszlai,Pass
2302,560763,17,SavedShot,0.87,0.6580000305175782,0.05167989805340767,Darwin Núñez,h,10720,OpenPlay,2023,LeftFoot,22113,Liverpool,Chelsea,4,1,2024-01-31 20:15:00,Ibrahima Konaté,Chipped
2303,560769,30,MissedShots,0.914000015258789,0.4109999847412109,0.11587165296077728,Darwin Núñez,h,10720,OpenPlay,2023,RightFoot,22113,Liverpool,Chelsea,4,1,2024-01-31 20:15:00,,None
2304,560772,46,ShotOnPost,0.885,0.5,0.7611688375473022,Darwin Núñez,h,10720,Penalty,2023,RightFoot,22113,Liverpool,Chelsea,4,1,2024-01-31 20:15:00,,Standard
2305,560774,47,BlockedShot,0.7630000305175781,0.6930000305175781,0.018667228519916534,Darwin Núñez,h,10720,FromCorner,2023,RightFoot,22113,Liverpool,Chelsea,4,1,2024-01-31 20:15:00,Curtis Jones,Pass
2306,560779,60,SavedShot,0.855,0.62,0.08806993067264557,Darwin Núñez,h,10720,OpenPlay,2023,RightFoot,22113,Liverpool,Chelsea,4,1,2024-01-31 20:15:00,Diogo Jota,Pass
2307,560783,74,ShotOnPost,0.9230000305175782,0.4570000076293945,0.4268873333930969,Darwin Núñez,h,10720,OpenPlay,2023,Head,22113,Liverpool,Chelsea,4,1,2024-01-31 20:15:00,Andrew Robertson,Cross
2308,560788,83,SavedShot,0.774000015258789,0.3920000076293945,0.03423735871911049,Darwin Núñez,h,10720,OpenPlay,2023,LeftFoot,22113,Liverpool,Chelsea,4,1,2024-01-31 20:15:00,Harvey Elliott,BallRecovery
2309,561875,83,MissedShots,0.950999984741211,0.2720000076293945,0.03747629001736641,Darwin Núñez,a,10720,OpenPlay,2023,RightFoot,22116,Arsenal,Liverpool,3,1,2024-02-04 16:30:00,,None
2310,562444,10,BlockedShot,0.925,0.46700000762939453,0.12418309599161148,Darwin Núñez,h,10720,OpenPlay,2023,RightFoot,22128,Liverpool,Burnley,3,1,2024-02-10 15:00:00,Trent Alexander-Arnold,Cross
2311,562471,78,Goal,0.93,0.5259999847412109,0.058470290154218674,Darwin Núñez,h,10720,FromCorner,2023,Head,22128,Liverpool,Burnley,3,1,2024-02-10 15:00:00,Harvey Elliott,Aerial
2312,562472,89,MissedShots,0.9159999847412109,0.47099998474121096,0.08695612102746964,Darwin Núñez,h,10720,FromCorner,2023,Head,22128,Liverpool,Burnley,3,1,2024-02-10 15:00:00,Andrew Robertson,Cross
2313,562474,94,SavedShot,0.845999984741211,0.5070000076293946,0.27865493297576904,Darwin Núñez,h,10720,OpenPlay,2023,RightFoot,22128,Liverpool,Burnley,3,1,2024-02-10 15:00:00,Wataru Endo,Pass
2314,562475,95,BlockedShot,0.9009999847412109,0.6459999847412109,0.08557064831256866,Darwin Núñez,h,10720,OpenPlay,2023,RightFoot,22128,Liverpool,Burnley,3,1,2024-02-10 15:00:00,Andrew Robertson,Pass
2315,563620,34,Goal,0.8480000305175781,0.4929999923706055,0.483683317899704,Darwin Núñez,a,10720,OpenPlay,2023,RightFoot,22135,Brentford,Liverpool,1,4,2024-02-17 12:30:00,Diogo Jota,BallRecovery
2316,566657,63,MissedShots,0.9530000305175781,0.6980000305175781,0.05782244727015495,Darwin Núñez,a,10720,OpenPlay,2023,LeftFoot,22162,Nottingham Forest,Liverpool,0,1,2024-03-02 15:00:00,Luis Díaz,Pass
2317,566660,72,MissedShots,0.9490000152587891,0.5729999923706055,0.08284157514572144,Darwin Núñez,a,10720,OpenPlay,2023,Head,22162,Nottingham Forest,Liverpool,0,1,2024-03-02 15:00:00,Alexis Mac Allister,Chipped
2318,566664,89,BlockedShot,0.825,0.5329999923706055,0.057051241397857666,Darwin Núñez,a,10720,OpenPlay,2023,RightFoot,22162,Nottingham Forest,Liverpool,0,1,2024-03-02 15:00:00,,None
2319,566667,94,MissedShots,0.9480000305175781,0.5620000076293945,0.055627644062042236,Darwin Núñez,a,10720,FromCorner,2023,Head,22162,Nottingham Forest,Liverpool,0,1,2024-03-02 15:00:00,Konstantinos Tsimikas,Aerial
2320,566670,98,Goal,0.93,0.5159999847412109,0.060593895614147186,Darwin Núñez,a,10720,FromCorner,2023,Head,22162,Nottingham Forest,Liverpool,0,1,2024-03-02 15:00:00,Alexis Mac Allister,Aerial
2321,568700,15,MissedShots,0.904000015258789,0.5359999847412109,0.08034846931695938,Darwin Núñez,h,10720,OpenPlay,2023,Head,22171,Liverpool,Manchester City,1,1,2024-03-10 15:45:00,Luis Díaz,Cross
2322,568719,70,SavedShot,0.9330000305175781,0.5029999923706054,0.4762422442436218,Darwin Núñez,h,10720,OpenPlay,2023,RightFoot,22171,Liverpool,Manchester City,1,1,2024-03-10 15:45:00,Andrew Robertson,Cross
2323,571212,36,SavedShot,0.97,0.40700000762939453,0.06720662117004395,Darwin Núñez,h,10720,OpenPlay,2023,RightFoot,22189,Liverpool,Brighton,2,1,2024-03-31 14:00:00,,Aerial
2324,571224,63,SavedShot,0.9319999694824219,0.6609999847412109,0.08372596651315689,Darwin Núñez,h,10720,OpenPlay,2023,RightFoot,22189,Liverpool,Brighton,2,1,2024-03-31 14:00:00,Dominik Szoboszlai,Pass
2325,571968,6,MissedShots,0.9269999694824219,0.4279999923706055,0.1592642068862915,Darwin Núñez,h,10720,FromCorner,2023,Head,22203,Liverpool,Sheffield United,3,1,2024-04-04 18:30:00,Joseph Gomez,Chipped
2326,571971,16,Goal,0.815,0.48,0.020182542502880096,Darwin Núñez,h,10720,OpenPlay,2023,LeftFoot,22203,Liverpool,Sheffield United,3,1,2024-04-04 18:30:00,,Aerial
2327,571973,21,SavedShot,0.879000015258789,0.5559999847412109,0.15359263122081757,Darwin Núñez,h,10720,OpenPlay,2023,LeftFoot,22203,Liverpool,Sheffield United,3,1,2024-04-04 18:30:00,Luis Díaz,TakeOn
2328,571978,42,BlockedShot,0.8880000305175781,0.6780000305175782,0.09086325019598007,Darwin Núñez,h,10720,OpenPlay,2023,RightFoot,22203,Liverpool,Sheffield United,3,1,2024-04-04 18:30:00,Luis Díaz,Pass
2329,571984,50,BlockedShot,0.9309999847412109,0.2589999961853027,0.04772316291928291,Darwin Núñez,h,10720,OpenPlay,2023,RightFoot,22203,Liverpool,Sheffield United,3,1,2024-04-04 18:30:00,Mohamed Salah,Pass
2330,571997,87,MissedShots,0.865999984741211,0.5229999923706055,0.11807931959629059,Darwin Núñez,h,10720,OpenPlay,2023,RightFoot,22203,Liverpool,Sheffield United,3,1,2024-04-04 18:30:00,Cody Gakpo,Pass
2331,571999,95,MissedShots,0.96,0.5520000076293945,0.5154128074645996,Darwin Núñez,h,10720,OpenPlay,2023,Head,22203,Liverpool,Sheffield United,3,1,2024-04-04 18:30:00,Cody Gakpo,Cross
2332,572991,34,MissedShots,0.85,0.665,0.04478246346116066,Darwin Núñez,a,10720,FromCorner,2023,RightFoot,22211,Manchester United,Liverpool,2,2,2024-04-07 14:30:00,Dominik Szoboszlai,Pass
2333,572995,45,MissedShots,0.6730000305175782,0.7030000305175781,0.008927940391004086,Darwin Núñez,a,10720,OpenPlay,2023,RightFoot,22211,Manchester United,Liverpool,2,2,2024-04-07 14:30:00,,None
2334,572996,47,BlockedShot,0.8590000152587891,0.6480000305175782,0.11941421031951904,Darwin Núñez,a,10720,OpenPlay,2023,RightFoot,22211,Manchester United,Liverpool,2,2,2024-04-07 14:30:00,,None
2335,573000,54,MissedShots,0.9630000305175781,0.590999984741211,0.5789720416069031,Darwin Núñez,a,10720,OpenPlay,2023,LeftFoot,22211,Manchester United,Liverpool,2,2,2024-04-07 14:30:00,Luis Díaz,Pass
2336,573001,56,BlockedShot,0.840999984741211,0.6769999694824219,0.044489629566669464,Darwin Núñez,a,10720,OpenPlay,2023,RightFoot,22211,Manchester United,Liverpool,2,2,2024-04-07 14:30:00,Luis Díaz,Pass
2337,574155,7,SavedShot,0.855,0.7,0.06256759911775589,Darwin Núñez,h,10720,OpenPlay,2023,RightFoot,22220,Liverpool,Crystal Palace,0,1,2024-04-14 13:00:00,Andrew Robertson,Pass
2338,574159,27,BlockedShot,0.9119999694824219,0.47400001525878904,0.03968694433569908,Darwin Núñez,h,10720,FromCorner,2023,Head,22220,Liverpool,Crystal Palace,0,1,2024-04-14 13:00:00,Mohamed Salah,Foul
2339,574170,54,SavedShot,0.919000015258789,0.4759999847412109,0.46991536021232605,Darwin Núñez,h,10720,FromCorner,2023,RightFoot,22220,Liverpool,Crystal Palace,0,1,2024-04-14 13:00:00,,Rebound
2340,576224,3,BlockedShot,0.9480000305175781,0.5509999847412109,0.11871068924665451,Darwin Núñez,a,10720,OpenPlay,2023,RightFoot,22179,Everton,Liverpool,2,0,2024-04-24 19:00:00,Luis Díaz,Cross
2341,576232,34,SavedShot,0.9180000305175782,0.405,0.39692988991737366,Darwin Núñez,a,10720,OpenPlay,2023,RightFoot,22179,Everton,Liverpool,2,0,2024-04-24 19:00:00,Mohamed Salah,Pass
2342,579036,96,SavedShot,0.7930000305175782,0.615,0.2460297793149948,Darwin Núñez,h,10720,OpenPlay,2023,RightFoot,22251,Liverpool,Tottenham,4,2,2024-05-05 15:30:00,Mohamed Salah,Pass
2343,580927,85,SavedShot,0.7330000305175781,0.465,0.04586015269160271,Darwin Núñez,a,10720,OpenPlay,2023,RightFoot,22256,Aston Villa,Liverpool,3,3,2024-05-13 19:00:00,Ryan Gravenberch,Pass
2344,582043,83,BlockedShot,0.8880000305175781,0.639000015258789,0.0951400026679039,Darwin Núñez,h,10720,OpenPlay,2023,RightFoot,22271,Liverpool,Wolverhampton Wanderers,2,0,2024-05-19 15:00:00,Curtis Jones,Pass
2345,589919,88,MissedShots,0.7959999847412109,0.5559999847412109,0.10064803808927536,Darwin Núñez,a,10720,OpenPlay,2024,RightFoot,26631,Manchester United,Liverpool,0,3,2024-09-01 15:00:00,Dominik Szoboszlai,TakeOn
2346,592401,14,SavedShot,0.8859999847412109,0.37099998474121093,0.07158269733190536,Darwin Núñez,h,10720,OpenPlay,2024,LeftFoot,26645,Liverpool,Bournemouth,3,0,2024-09-21 14:00:00,Mohamed Salah,Chipped
2347,592412,36,Goal,0.8780000305175781,0.315,0.07656443864107132,Darwin Núñez,h,10720,OpenPlay,2024,LeftFoot,26645,Liverpool,Bournemouth,3,0,2024-09-21 14:00:00,Mohamed Salah,Pass
2348,592419,66,BlockedShot,0.875,0.49400001525878906,0.13693606853485107,Darwin Núñez,h,10720,OpenPlay,2024,RightFoot,26645,Liverpool,Bournemouth,3,0,2024-09-21 14:00:00,Mohamed Salah,Pass
2349,600137,8,SavedShot,0.875999984741211,0.645,0.07956165075302124,Darwin Núñez,h,10720,OpenPlay,2024,RightFoot,26696,Liverpool,Brighton,2,1,2024-11-02 15:00:00,,TakeOn
2350,601737,13,BlockedShot,0.805,0.7090000152587891,0.044298697263002396,Darwin Núñez,h,10720,OpenPlay,2024,RightFoot,26707,Liverpool,Aston Villa,2,0,2024-11-09 20:00:00,Luis Díaz,Pass
2351,601739,19,Goal,0.950999984741211,0.32599998474121095,0.47732478380203247,Darwin Núñez,h,10720,OpenPlay,2024,RightFoot,26707,Liverpool,Aston Villa,2,0,2024-11-09 20:00:00,Mohamed Salah,BallTouch
2352,601742,31,MissedShots,0.8580000305175781,0.5870000076293945,0.4940885305404663,Darwin Núñez,h,10720,OpenPlay,2024,RightFoot,26707,Liverpool,Aston Villa,2,0,2024-11-09 20:00:00,Mohamed Salah,Throughball
2353,601747,40,SavedShot,0.74,0.5990000152587891,0.020777106285095215,Darwin Núñez,h,10720,OpenPlay,2024,RightFoot,26707,Liverpool,Aston Villa,2,0,2024-11-09 20:00:00,Luis Díaz,Pass
2354,601750,47,MissedShots,0.93,0.5379999923706055,0.41104695200920105,Darwin Núñez,h,10720,OpenPlay,2024,Head,26707,Liverpool,Aston Villa,2,0,2024-11-09 20:00:00,Andrew Robertson,Cross
2355,601752,60,SavedShot,0.7819999694824219,0.7180000305175781,0.0279384758323431,Darwin Núñez,h,10720,OpenPlay,2024,RightFoot,26707,Liverpool,Aston Villa,2,0,2024-11-09 20:00:00,Virgil van Dijk,TakeOn
2356,603462,54,BlockedShot,0.879000015258789,0.4129999923706055,0.10171261429786682,Darwin Núñez,a,10720,OpenPlay,2024,RightFoot,26721,Southampton,Liverpool,2,3,2024-11-24 14:00:00,Ryan Gravenberch,Pass
2357,603472,73,SavedShot,0.85,0.495,0.023326370865106583,Darwin Núñez,a,10720,SetPiece,2024,Head,26721,Southampton,Liverpool,2,3,2024-11-24 14:00:00,Ryan Gravenberch,Cross
2358,605245,24,BlockedShot,0.950999984741211,0.6079999923706054,0.043179936707019806,Darwin Núñez,a,10720,FromCorner,2024,Head,26740,Newcastle United,Liverpool,3,3,2024-12-04 19:30:00,Alexis Mac Allister,Cross
2359,605257,64,MissedShots,0.924000015258789,0.6179999923706054,0.07203705608844757,Darwin Núñez,a,10720,OpenPlay,2024,RightFoot,26740,Newcastle United,Liverpool,3,3,2024-12-04 19:30:00,Andrew Robertson,Cross
2360,605264,78,MissedShots,0.92,0.5270000076293946,0.4551717936992645,Darwin Núñez,a,10720,OpenPlay,2024,LeftFoot,26740,Newcastle United,Liverpool,3,3,2024-12-04 19:30:00,,Rebound
2361,607122,82,MissedShots,0.899000015258789,0.5029999923706054,0.09493528306484222,Darwin Núñez,h,10720,SetPiece,2024,Head,26752,Liverpool,Fulham,2,2,2024-12-14 15:00:00,Harvey Elliott,Cross
2362,609216,11,MissedShots,0.9169999694824219,0.5129999923706055,0.09742177277803421,Darwin Núñez,h,10720,OpenPlay,2024,Head,26776,Liverpool,Leicester,3,1,2024-12-26 20:00:00,Andrew Robertson,Cross
2363,609217,21,BlockedShot,0.84,0.37799999237060544,0.05151292309165001,Darwin Núñez,h,10720,OpenPlay,2024,LeftFoot,26776,Liverpool,Leicester,3,1,2024-12-26 20:00:00,Ryan Gravenberch,Pass
2364,609225,46,MissedShots,0.9169999694824219,0.435,0.13732954859733582,Darwin Núñez,h,10720,OpenPlay,2024,RightFoot,26776,Liverpool,Leicester,3,1,2024-12-26 20:00:00,Ryan Gravenberch,Pass
2365,609229,61,SavedShot,0.9159999847412109,0.3970000076293945,0.14032983779907227,Darwin Núñez,h,10720,OpenPlay,2024,RightFoot,26776,Liverpool,Leicester,3,1,2024-12-26 20:00:00,Mohamed Salah,Throughball
2366,58001,46,MissedShots,0.9340000152587891,0.5070000076293946,0.06398580223321915,Virgil van Dijk,a,833,FromCorner,2015,Head,125,West Bromwich Albion,Southampton,0,0,2015-09-12 18:00:00,James Ward-Prowse,Aerial
2367,58456,10,Goal,0.9769999694824218,0.5229999923706055,0.6190919876098633,Virgil van Dijk,h,833,FromCorner,2015,Head,142,Southampton,Swansea,3,1,2015-09-26 18:00:00,James Ward-Prowse,Cross
2368,58469,66,SavedShot,0.7709999847412109,0.6519999694824219,0.06228579953312874,Virgil van Dijk,h,833,DirectFreekick,2015,RightFoot,142,Southampton,Swansea,3,1,2015-09-26 18:00:00,,Standard
2369,59061,10,BlockedShot,0.9369999694824219,0.4759999847412109,0.12126900255680084,Virgil van Dijk,h,833,FromCorner,2015,Head,162,Southampton,Leicester,2,2,2015-10-17 18:00:00,James Ward-Prowse,Cross
2370,59070,36,Goal,0.9769999694824218,0.45299999237060545,0.6934430003166199,Virgil van Dijk,h,833,FromCorner,2015,LeftFoot,162,Southampton,Leicester,2,2,2015-10-17 18:00:00,,Rebound
2371,59302,38,SavedShot,0.9230000305175782,0.44299999237060544,0.26861000061035156,Virgil van Dijk,a,833,SetPiece,2015,Head,180,Liverpool,Southampton,1,1,2015-10-25 20:15:00,Steven Davis,Chipped
2372,52761,17,MissedShots,0.6930000305175781,0.6930000305175781,0.013248300179839134,Virgil van Dijk,a,833,OpenPlay,2015,RightFoot,196,Sunderland,Southampton,0,1,2015-11-07 19:00:00,Jordy Clasie,Pass
2373,56201,21,ShotOnPost,0.769000015258789,0.639000015258789,0.012416600249707699,Virgil van Dijk,a,833,OpenPlay,2015,RightFoot,215,Manchester City,Southampton,3,1,2015-11-28 19:00:00,Ryan Bertrand,TakeOn
2374,56202,26,SavedShot,0.955999984741211,0.49,0.09224560111761093,Virgil van Dijk,a,833,SetPiece,2015,Head,215,Manchester City,Southampton,3,1,2015-11-28 19:00:00,James Ward-Prowse,TakeOn
2375,54774,62,MissedShots,0.9169999694824219,0.46700000762939453,0.0880092978477478,Virgil van Dijk,h,833,FromCorner,2015,Head,227,Southampton,Aston Villa,1,1,2015-12-05 19:00:00,Dusan Tadic,Cross
2376,54784,89,MissedShots,0.9330000305175781,0.49400001525878906,0.12077900022268295,Virgil van Dijk,h,833,FromCorner,2015,Head,227,Southampton,Aston Villa,1,1,2015-12-05 19:00:00,James Ward-Prowse,Cross
2377,53571,56,MissedShots,0.7630000305175781,0.34799999237060547,0.01985049992799759,Virgil van Dijk,a,833,OpenPlay,2015,RightFoot,234,Crystal Palace,Southampton,1,0,2015-12-12 19:00:00,Steven Davis,Pass
2378,54628,54,BlockedShot,0.7480000305175781,0.5870000076293945,0.058222800493240356,Virgil van Dijk,a,833,DirectFreekick,2015,RightFoot,268,West Ham,Southampton,2,1,2015-12-28 21:30:00,,Standard
2379,54639,90,MissedShots,0.8569999694824219,0.6090000152587891,0.05393749848008156,Virgil van Dijk,a,833,OpenPlay,2015,RightFoot,268,West Ham,Southampton,2,1,2015-12-28 21:30:00,,None
2380,55913,36,MissedShots,0.9340000152587891,0.5059999847412109,0.12218999862670898,Virgil van Dijk,a,833,FromCorner,2015,Head,276,Norwich,Southampton,1,0,2016-01-02 19:00:00,James Ward-Prowse,Cross
2381,59899,67,MissedShots,0.755,0.705999984741211,0.02122359909117222,Virgil van Dijk,h,833,OpenPlay,2015,RightFoot,344,Southampton,Chelsea,1,2,2016-02-27 19:00:00,Oriol Romeu,TakeOn
2382,60699,11,BlockedShot,0.7190000152587891,0.35900001525878905,0.015253599733114243,Virgil van Dijk,a,833,OpenPlay,2015,RightFoot,350,Bournemouth,Southampton,2,0,2016-03-01 23:45:00,James Ward-Prowse,Pass
2383,60151,35,SavedShot,0.9359999847412109,0.544000015258789,0.11405300348997116,Virgil van Dijk,h,833,FromCorner,2015,Head,360,Southampton,Sunderland,1,1,2016-03-05 19:00:00,Steven Davis,Cross
2384,60180,92,Goal,0.91,0.5470000076293945,0.11848700046539307,Virgil van Dijk,h,833,OpenPlay,2015,LeftFoot,360,Southampton,Sunderland,1,1,2016-03-05 19:00:00,Dusan Tadic,Pass
2385,60480,5,MissedShots,0.9390000152587891,0.48,0.06750849634408951,Virgil van Dijk,h,833,FromCorner,2015,Head,380,Southampton,Liverpool,3,2,2016-03-20 17:30:00,Steven Davis,Aerial
2386,60501,58,BlockedShot,0.6980000305175781,0.5740000152587891,0.010097299702465534,Virgil van Dijk,h,833,OpenPlay,2015,RightFoot,380,Southampton,Liverpool,3,2,2016-03-20 17:30:00,Victor Wanyama,Pass
2387,59686,20,BlockedShot,0.9069999694824219,0.59,0.06847439706325531,Virgil van Dijk,a,833,FromCorner,2015,LeftFoot,392,Leicester,Southampton,1,0,2016-04-03 16:30:00,Graziano Pellè,HeadPass
2388,60828,45,MissedShots,0.7280000305175781,0.49599998474121093,0.023178499191999435,Virgil van Dijk,h,833,OpenPlay,2015,RightFoot,396,Southampton,Newcastle United,3,1,2016-04-09 18:00:00,Jordy Clasie,Pass
2389,56348,48,MissedShots,0.855,0.445,0.042449500411748886,Virgil van Dijk,a,833,FromCorner,2015,RightFoot,407,Everton,Southampton,1,1,2016-04-16 18:00:00,Ryan Bertrand,Cross
2390,57104,29,ShotOnPost,0.9,0.6279999923706054,0.06871329993009567,Virgil van Dijk,a,833,FromCorner,2015,RightFoot,421,Aston Villa,Southampton,2,4,2016-04-23 18:00:00,,Rebound
2391,57332,56,SavedShot,0.9409999847412109,0.5270000076293946,0.1256439983844757,Virgil van Dijk,h,833,FromCorner,2015,Head,435,Southampton,Manchester City,4,2,2016-05-01 19:30:00,Steven Davis,Cross
2392,57334,66,SavedShot,0.904000015258789,0.525,0.05006049945950508,Virgil van Dijk,h,833,FromCorner,2015,RightFoot,435,Southampton,Manchester City,4,2,2016-05-01 19:30:00,,Aerial
2393,52115,34,ShotOnPost,0.7240000152587891,0.46900001525878904,0.048013798892498016,Virgil van Dijk,h,833,DirectFreekick,2015,RightFoot,455,Southampton,Crystal Palace,4,1,2016-05-15 18:00:00,,Standard
2394,52122,47,MissedShots,0.9319999694824219,0.500999984741211,0.11697600036859512,Virgil van Dijk,h,833,SetPiece,2015,Head,455,Southampton,Crystal Palace,4,1,2016-05-15 18:00:00,Steven Davis,Cross
2395,112316,1,MissedShots,0.894000015258789,0.6120000076293945,0.07883010059595108,Virgil van Dijk,h,833,SetPiece,2016,LeftFoot,466,Southampton,Watford,1,1,2016-08-13 18:00:00,,Rebound
2396,112672,25,BlockedShot,0.8780000305175781,0.555,0.07958710193634033,Virgil van Dijk,a,833,SetPiece,2016,RightFoot,471,Manchester United,Southampton,2,0,2016-08-19 23:00:00,Steven Davis,Chipped
2397,112690,77,MissedShots,0.885,0.48200000762939454,0.020532900467514992,Virgil van Dijk,a,833,SetPiece,2016,Head,471,Manchester United,Southampton,2,0,2016-08-19 23:00:00,Pierre-Emile Højbjerg,Aerial
2398,113593,33,SavedShot,0.9330000305175781,0.5220000076293946,0.11855600029230118,Virgil van Dijk,h,833,FromCorner,2016,Head,509,Southampton,Swansea,1,0,2016-09-18 17:15:00,Steven Davis,Cross
2399,113604,62,BlockedShot,0.8009999847412109,0.5309999847412109,0.03529009968042374,Virgil van Dijk,h,833,OpenPlay,2016,RightFoot,509,Southampton,Swansea,1,0,2016-09-18 17:15:00,,Rebound
2400,114048,48,SavedShot,0.705999984741211,0.64,0.014709300361573696,Virgil van Dijk,h,833,OpenPlay,2016,RightFoot,539,Southampton,Burnley,3,1,2016-10-16 19:00:00,José Fonte,Pass
2401,114051,51,BlockedShot,0.9369999694824219,0.5629999923706055,0.0942583978176117,Virgil van Dijk,h,833,FromCorner,2016,Head,539,Southampton,Burnley,3,1,2016-10-16 19:00:00,Dusan Tadic,Cross
2402,115573,50,ShotOnPost,0.945,0.4909999847412109,0.1285499930381775,Virgil van Dijk,a,833,FromCorner,2016,Head,2694,Hull,Southampton,2,1,2016-11-06 18:15:00,Steven Davis,Cross
2403,115585,87,MissedShots,0.915,0.504000015258789,0.09227550029754639,Virgil van Dijk,a,833,FromCorner,2016,Head,2694,Hull,Southampton,2,1,2016-11-06 18:15:00,James Ward-Prowse,Cross
2404,115338,36,BlockedShot,0.93,0.515,0.11511799693107605,Virgil van Dijk,h,833,FromCorner,2016,Head,2715,Southampton,Everton,1,0,2016-11-27 20:30:00,James Ward-Prowse,Cross
2405,115535,76,ShotOnPost,0.95,0.4490000152587891,0.06017430126667023,Virgil van Dijk,a,833,FromCorner,2016,Head,3106,Crystal Palace,Southampton,3,0,2016-12-03 19:00:00,James Ward-Prowse,Rebound
2406,118228,48,BlockedShot,0.8219999694824218,0.4929999923706055,0.18211700022220612,Virgil van Dijk,a,833,DirectFreekick,2016,RightFoot,3133,Stoke,Southampton,0,0,2016-12-15 00:00:00,,Standard
2407,118235,61,MissedShots,0.9369999694824219,0.509000015258789,0.06756850332021713,Virgil van Dijk,a,833,FromCorner,2016,Head,3133,Stoke,Southampton,0,0,2016-12-15 00:00:00,James Ward-Prowse,Aerial
2408,118386,89,SavedShot,0.7819999694824219,0.6940000152587891,0.020410999655723572,Virgil van Dijk,a,833,OpenPlay,2016,RightFoot,3141,Bournemouth,Southampton,1,3,2016-12-18 17:30:00,,None
2409,116693,1,Goal,0.915,0.455,0.11191699653863907,Virgil van Dijk,h,833,SetPiece,2016,Head,3154,Southampton,Tottenham,1,4,2016-12-28 23:45:00,James Ward-Prowse,Cross
2410,117198,87,SavedShot,0.9290000152587891,0.5,0.11673200130462646,Virgil van Dijk,a,833,FromCorner,2016,Head,3345,Burnley,Southampton,1,0,2017-01-14 19:00:00,James Ward-Prowse,Cross
2411,117202,92,MissedShots,0.7759999847412109,0.3609999847412109,0.029370300471782684,Virgil van Dijk,a,833,OpenPlay,2016,RightFoot,3345,Burnley,Southampton,1,0,2017-01-14 19:00:00,Josh Sims,HeadPass
2412,160336,58,MissedShots,0.9159999847412109,0.5420000076293945,0.08043470233678818,Virgil van Dijk,a,833,FromCorner,2017,Head,7181,Stoke,Southampton,2,1,2017-09-30 15:00:00,Nathan Redmond,Cross
2413,160348,94,BlockedShot,0.8319999694824218,0.5279999923706055,0.06504169851541519,Virgil van Dijk,a,833,OpenPlay,2017,RightFoot,7181,Stoke,Southampton,2,1,2017-09-30 15:00:00,Sofiane Boufal,Pass
2414,160351,97,MissedShots,0.879000015258789,0.6459999847412109,0.01017529983073473,Virgil van Dijk,a,833,FromCorner,2017,Head,7181,Stoke,Southampton,2,1,2017-09-30 15:00:00,Sofiane Boufal,Cross
2415,160546,21,MissedShots,0.9369999694824219,0.53,0.24606500566005707,Virgil van Dijk,h,833,FromCorner,2017,Head,7195,Southampton,Newcastle United,2,2,2017-10-15 16:00:00,Nathan Redmond,Aerial
2416,159568,23,MissedShots,0.7040000152587891,0.545,0.014958499930799007,Virgil van Dijk,h,833,OpenPlay,2017,RightFoot,7204,Southampton,West Bromwich Albion,1,0,2017-10-21 17:30:00,Maya Yoshida,Pass
2417,160822,42,BlockedShot,0.92,0.4370000076293945,0.03393860161304474,Virgil van Dijk,a,833,FromCorner,2017,Head,7231,Liverpool,Southampton,3,0,2017-11-18 15:00:00,Dusan Tadic,End
2418,161524,40,MissedShots,0.9530000305175781,0.504000015258789,0.1325870007276535,Virgil van Dijk,h,833,FromCorner,2017,Head,7241,Southampton,Everton,4,1,2017-11-26 13:30:00,James Ward-Prowse,Cross
2419,161252,70,MissedShots,0.9640000152587891,0.5070000076293946,0.09527529776096344,Virgil van Dijk,a,833,FromCorner,2017,Head,7257,Manchester City,Southampton,2,1,2017-11-29 20:00:00,Nathan Redmond,Aerial
2420,161459,11,MissedShots,0.94,0.485,0.07029060274362564,Virgil van Dijk,a,833,FromCorner,2017,Head,7267,Bournemouth,Southampton,1,1,2017-12-03 13:30:00,James Ward-Prowse,Aerial
2421,183010,42,MissedShots,0.855,0.615999984741211,0.02559869922697544,Virgil van Dijk,h,833,OpenPlay,2017,RightFoot,7285,Southampton,Leicester,1,4,2017-12-13 19:45:00,Ryan Bertrand,HeadPass
2422,183014,48,MissedShots,0.89,0.4640000152587891,0.04379719868302345,Virgil van Dijk,h,833,FromCorner,2017,Head,7285,Southampton,Leicester,1,4,2017-12-13 19:45:00,Sofiane Boufal,Cross
2423,189602,22,MissedShots,0.9330000305175781,0.565,0.037969399243593216,Virgil van Dijk,a,833,FromCorner,2017,Head,7357,Swansea,Liverpool,1,0,2018-01-22 20:00:00,Alex Oxlade-Chamberlain,Aerial
2424,189619,81,MissedShots,0.7530000305175781,0.6580000305175782,0.01470670010894537,Virgil van Dijk,a,833,OpenPlay,2017,RightFoot,7357,Swansea,Liverpool,1,0,2018-01-22 20:00:00,Roberto Firmino,Cross
2425,189620,84,SavedShot,0.9019999694824219,0.4929999923706055,0.02837730012834072,Virgil van Dijk,a,833,FromCorner,2017,Head,7357,Swansea,Liverpool,1,0,2018-01-22 20:00:00,Mohamed Salah,Aerial
2426,193734,32,MissedShots,0.9030000305175782,0.48,0.09994780272245407,Virgil van Dijk,h,833,SetPiece,2017,Head,7375,Liverpool,Tottenham,2,2,2018-02-04 16:30:00,Mohamed Salah,Cross
2427,193735,33,SavedShot,0.895,0.4909999847412109,0.08696489781141281,Virgil van Dijk,h,833,SetPiece,2017,Head,7375,Liverpool,Tottenham,2,2,2018-02-04 16:30:00,James Milner,Cross
2428,197361,6,SavedShot,0.91,0.46700000762939453,0.02783769927918911,Virgil van Dijk,h,833,FromCorner,2017,Head,7395,Liverpool,West Ham,4,1,2018-02-24 15:00:00,James Milner,Aerial
2429,199038,67,BlockedShot,0.9419999694824219,0.5590000152587891,0.12637600302696228,Virgil van Dijk,h,833,FromCorner,2017,RightFoot,7403,Liverpool,Newcastle United,2,0,2018-03-03 17:30:00,Dejan Lovren,HeadPass
2430,199826,22,MissedShots,0.9540000152587891,0.5670000076293945,0.35842400789260864,Virgil van Dijk,a,833,FromCorner,2017,Head,7414,Manchester United,Liverpool,2,1,2018-03-10 12:30:00,James Milner,Cross
2431,199833,47,MissedShots,0.9369999694824219,0.59,0.061798401176929474,Virgil van Dijk,a,833,FromCorner,2017,Head,7414,Manchester United,Liverpool,2,1,2018-03-10 12:30:00,Mohamed Salah,Cross
2432,204116,10,BlockedShot,0.905,0.5259999847412109,0.06868469715118408,Virgil van Dijk,a,833,FromCorner,2017,Head,7432,Crystal Palace,Liverpool,1,2,2018-03-31 12:30:00,Mohamed Salah,Cross
2433,206995,34,SavedShot,0.7,0.48400001525878905,0.037951499223709106,Virgil van Dijk,a,833,DirectFreekick,2017,RightFoot,7443,Everton,Liverpool,0,0,2018-04-07 11:30:00,,Standard
2434,208647,55,MissedShots,0.69,0.575,0.012739299796521664,Virgil van Dijk,h,833,OpenPlay,2017,RightFoot,7452,Liverpool,Bournemouth,3,0,2018-04-14 16:30:00,Georginio Wijnaldum,Pass
2435,211496,83,BlockedShot,0.7140000152587891,0.3920000076293945,0.007915359921753407,Virgil van Dijk,h,833,OpenPlay,2017,RightFoot,7472,Liverpool,Stoke,0,0,2018-04-28 11:30:00,James Milner,Chipped
2436,214006,94,SavedShot,0.8640000152587891,0.3970000076293945,0.010205400176346302,Virgil van Dijk,a,833,OpenPlay,2017,Head,7485,Chelsea,Liverpool,1,0,2018-05-06 16:30:00,Sadio Mané,Aerial
2437,215735,19,MissedShots,0.9059999847412109,0.4909999847412109,0.05056019872426987,Virgil van Dijk,h,833,OpenPlay,2017,Head,7495,Liverpool,Brighton,4,0,2018-05-13 15:00:00,Georginio Wijnaldum,Aerial
2438,215751,49,SavedShot,0.860999984741211,0.5370000076293945,0.0959324985742569,Virgil van Dijk,h,833,OpenPlay,2017,RightFoot,7495,Liverpool,Brighton,4,0,2018-05-13 15:00:00,Dominic Solanke,BallTouch
2439,233914,2,MissedShots,0.9269999694824219,0.4640000152587891,0.04924440011382103,Virgil van Dijk,a,833,FromCorner,2018,Head,9237,Tottenham,Liverpool,1,2,2018-09-15 11:30:00,James Milner,Aerial
2440,233927,59,MissedShots,0.9,0.5029999923706054,0.09918960183858871,Virgil van Dijk,a,833,SetPiece,2018,Head,9237,Tottenham,Liverpool,1,2,2018-09-15 11:30:00,James Milner,Cross
2441,249481,12,ShotOnPost,0.9359999847412109,0.5459999847412109,0.057553499937057495,Virgil van Dijk,h,833,FromCorner,2018,Head,9288,Liverpool,Cardiff,4,1,2018-10-27 14:00:00,Mohamed Salah,Aerial
2442,249487,40,MissedShots,0.9219999694824219,0.41200000762939454,0.06318899989128113,Virgil van Dijk,h,833,FromCorner,2018,RightFoot,9288,Liverpool,Cardiff,4,1,2018-10-27 14:00:00,Trent Alexander-Arnold,Cross
2443,249878,22,SavedShot,0.919000015258789,0.509000015258789,0.34968799352645874,Virgil van Dijk,a,833,OpenPlay,2018,RightFoot,9303,Arsenal,Liverpool,1,1,2018-11-03 17:30:00,Mohamed Salah,Chipped
2444,249886,44,ShotOnPost,0.8730000305175781,0.539000015258789,0.011441499926149845,Virgil van Dijk,a,833,SetPiece,2018,Head,9303,Arsenal,Liverpool,1,1,2018-11-03 17:30:00,James Milner,Aerial
2445,249891,73,SavedShot,0.905,0.5570000076293945,0.055125199258327484,Virgil van Dijk,a,833,FromCorner,2018,Head,9303,Arsenal,Liverpool,1,1,2018-11-03 17:30:00,Mohamed Salah,Cross
2446,250178,58,BlockedShot,0.735,0.40700000762939453,0.05006520077586174,Virgil van Dijk,h,833,DirectFreekick,2018,RightFoot,9313,Liverpool,Fulham,2,0,2018-11-11 12:00:00,,Standard
2447,250754,86,MissedShots,0.92,0.505,0.10215000063180923,Virgil van Dijk,h,833,FromCorner,2018,Head,9330,Liverpool,Everton,1,0,2018-12-02 16:15:00,Trent Alexander-Arnold,Cross
2448,250758,95,MissedShots,0.8130000305175781,0.695,0.01862340047955513,Virgil van Dijk,h,833,SetPiece,2018,RightFoot,9330,Liverpool,Everton,1,0,2018-12-02 16:15:00,,None
2449,250901,28,SavedShot,0.899000015258789,0.47,0.05866599828004837,Virgil van Dijk,a,833,FromCorner,2018,Head,9343,Burnley,Liverpool,1,3,2018-12-05 19:45:00,James Milner,Cross
2450,250911,51,MissedShots,0.9159999847412109,0.5359999847412109,0.034522101283073425,Virgil van Dijk,a,833,FromCorner,2018,Head,9343,Burnley,Liverpool,1,3,2018-12-05 19:45:00,James Milner,Aerial
2451,250909,51,BlockedShot,0.9280000305175782,0.5209999847412109,0.054755799472332,Virgil van Dijk,a,833,FromCorner,2018,Head,9343,Burnley,Liverpool,1,3,2018-12-05 19:45:00,Xherdan Shaqiri,Aerial
2452,251446,9,BlockedShot,0.884000015258789,0.5570000076293945,0.08809340000152588,Virgil van Dijk,h,833,FromCorner,2018,RightFoot,9362,Liverpool,Manchester United,3,1,2018-12-16 16:00:00,,Rebound
2453,251464,60,BlockedShot,0.7519999694824219,0.745999984741211,0.01287929993122816,Virgil van Dijk,h,833,OpenPlay,2018,RightFoot,9362,Liverpool,Manchester United,3,1,2018-12-16 16:00:00,Andrew Robertson,Pass
2454,251467,62,BlockedShot,0.8580000305175781,0.525,0.09315049648284912,Virgil van Dijk,h,833,OpenPlay,2018,LeftFoot,9362,Liverpool,Manchester United,3,1,2018-12-16 16:00:00,Sadio Mané,Pass
2455,251485,12,BlockedShot,0.8680000305175781,0.6140000152587891,0.062480200082063675,Virgil van Dijk,a,833,FromCorner,2018,RightFoot,9367,Wolverhampton Wanderers,Liverpool,0,2,2018-12-21 20:00:00,,TakeOn
2456,251499,67,Goal,0.9290000152587891,0.5109999847412109,0.3918839991092682,Virgil van Dijk,a,833,FromCorner,2018,LeftFoot,9367,Wolverhampton Wanderers,Liverpool,0,2,2018-12-21 20:00:00,Mohamed Salah,Chipped
2457,251894,40,SavedShot,0.9440000152587891,0.5259999847412109,0.07242249697446823,Virgil van Dijk,h,833,FromCorner,2018,Head,9381,Liverpool,Newcastle United,4,0,2018-12-26 15:00:00,Trent Alexander-Arnold,Aerial
2458,274656,31,BlockedShot,0.92,0.49400001525878906,0.06229960173368454,Virgil van Dijk,h,833,SetPiece,2018,Head,9422,Liverpool,Crystal Palace,4,3,2019-01-19 15:00:00,James Milner,Aerial
2459,274659,36,MissedShots,0.8919999694824219,0.4279999923706055,0.04593930020928383,Virgil van Dijk,h,833,OpenPlay,2018,Head,9422,Liverpool,Crystal Palace,4,3,2019-01-19 15:00:00,Andrew Robertson,Cross
2460,274662,45,MissedShots,0.7069999694824218,0.5570000076293945,0.014994299970567226,Virgil van Dijk,h,833,OpenPlay,2018,RightFoot,9422,Liverpool,Crystal Palace,4,3,2019-01-19 15:00:00,Jordan Henderson,Pass
2461,276062,78,Goal,0.950999984741211,0.519000015258789,0.5421389937400818,Virgil van Dijk,h,833,SetPiece,2018,Head,9476,Liverpool,Watford,5,0,2019-02-27 20:00:00,Trent Alexander-Arnold,Cross
2462,276063,81,Goal,0.9219999694824219,0.49599998474121093,0.4164179861545563,Virgil van Dijk,h,833,SetPiece,2018,Head,9476,Liverpool,Watford,5,0,2019-02-27 20:00:00,Andrew Robertson,Aerial
2463,276340,43,MissedShots,0.9490000152587891,0.33799999237060546,0.025721799582242966,Virgil van Dijk,a,833,SetPiece,2018,Head,9483,Everton,Liverpool,0,0,2019-03-03 16:15:00,Andrew Robertson,Chipped
2464,284939,69,BlockedShot,0.6809999847412109,0.5670000076293945,0.012599499896168709,Virgil van Dijk,h,833,OpenPlay,2018,RightFoot,9490,Liverpool,Burnley,4,2,2019-03-10 12:00:00,Sadio Mané,Pass
2465,288244,48,MissedShots,0.95,0.5690000152587891,0.11068999767303467,Virgil van Dijk,h,833,FromCorner,2018,Head,9510,Liverpool,Tottenham,2,1,2019-03-31 15:30:00,James Milner,Cross
2466,296021,71,MissedShots,0.9619999694824218,0.5279999923706055,0.08783979713916779,Virgil van Dijk,a,833,FromCorner,2018,Head,9544,Cardiff,Liverpool,0,2,2019-04-21 16:00:00,Trent Alexander-Arnold,Aerial
2467,297133,16,MissedShots,0.9230000305175782,0.5459999847412109,0.03880450129508972,Virgil van Dijk,h,833,FromCorner,2018,Head,9551,Liverpool,Huddersfield,5,0,2019-04-26 20:00:00,Trent Alexander-Arnold,Aerial
2468,299600,12,Goal,0.9369999694824219,0.5059999847412109,0.410971999168396,Virgil van Dijk,a,833,FromCorner,2018,Head,9559,Newcastle United,Liverpool,2,3,2019-05-04 18:45:00,Trent Alexander-Arnold,Cross
2469,301370,82,ShotOnPost,0.9169999694824219,0.5920000076293945,0.017003899440169334,Virgil van Dijk,h,833,FromCorner,2018,Head,9571,Liverpool,Wolverhampton Wanderers,2,0,2019-05-12 14:00:00,Trent Alexander-Arnold,Aerial
2470,309901,27,Goal,0.9219999694824219,0.5109999847412109,0.10531599819660187,Virgil van Dijk,h,833,FromCorner,2019,Head,11643,Liverpool,Norwich,4,1,2019-08-09 20:00:00,Mohamed Salah,Cross
2471,312710,38,BlockedShot,0.8969999694824219,0.580999984741211,0.031786900013685226,Virgil van Dijk,h,833,FromCorner,2019,Head,11670,Liverpool,Arsenal,3,1,2019-08-24 17:30:00,Fabinho,Cross
2472,316019,70,MissedShots,0.65,0.509000015258789,0.009337659925222397,Virgil van Dijk,a,833,OpenPlay,2019,RightFoot,11680,Burnley,Liverpool,0,3,2019-08-31 17:30:00,Trent Alexander-Arnold,Chipped
2473,317025,16,MissedShots,0.895,0.49,0.018939899280667305,Virgil van Dijk,h,833,FromCorner,2019,Head,11683,Liverpool,Newcastle United,3,1,2019-09-14 11:30:00,Mohamed Salah,Aerial
2474,317032,31,MissedShots,0.7040000152587891,0.5929999923706055,0.015141299925744534,Virgil van Dijk,h,833,OpenPlay,2019,RightFoot,11683,Liverpool,Newcastle United,3,1,2019-09-14 11:30:00,Trent Alexander-Arnold,Pass
2475,317047,68,BlockedShot,0.965999984741211,0.649000015258789,0.01795779913663864,Virgil van Dijk,h,833,SetPiece,2019,Head,11683,Liverpool,Newcastle United,3,1,2019-09-14 11:30:00,Trent Alexander-Arnold,Cross
2476,324108,84,MissedShots,0.8919999694824219,0.525,0.017261700704693794,Virgil van Dijk,h,833,FromCorner,2019,Head,11715,Liverpool,Leicester,2,1,2019-10-05 15:00:00,Andrew Robertson,Aerial
2477,328010,28,SavedShot,0.9080000305175782,0.5179999923706055,0.0481657013297081,Virgil van Dijk,h,833,SetPiece,2019,Head,11736,Liverpool,Tottenham,2,1,2019-10-27 16:30:00,Trent Alexander-Arnold,Aerial
2478,332261,37,MissedShots,0.9030000305175782,0.4909999847412109,0.024311399087309837,Virgil van Dijk,a,833,FromCorner,2019,Head,11767,Crystal Palace,Liverpool,1,2,2019-11-23 15:00:00,Trent Alexander-Arnold,Aerial
2479,332278,84,BlockedShot,0.95,0.549000015258789,0.1102529987692833,Virgil van Dijk,a,833,FromCorner,2019,RightFoot,11767,Crystal Palace,Liverpool,1,2,2019-11-23 15:00:00,,CornerAwarded
2480,332277,84,BlockedShot,0.9380000305175781,0.5479999923706055,0.11946199834346771,Virgil van Dijk,a,833,FromCorner,2019,RightFoot,11767,Crystal Palace,Liverpool,1,2,2019-11-23 15:00:00,Trent Alexander-Arnold,Cross
2481,333645,17,Goal,0.9180000305175782,0.5929999923706055,0.020786099135875702,Virgil van Dijk,h,833,SetPiece,2019,Head,11776,Liverpool,Brighton,2,1,2019-11-30 15:00:00,Trent Alexander-Arnold,Aerial
2482,333649,23,Goal,0.94,0.5579999923706055,0.051600001752376556,Virgil van Dijk,h,833,FromCorner,2019,Head,11776,Liverpool,Brighton,2,1,2019-11-30 15:00:00,Trent Alexander-Arnold,Aerial
2483,351777,22,SavedShot,0.955,0.5409999847412109,0.41736599802970886,Virgil van Dijk,a,833,FromCorner,2019,Head,11854,Tottenham,Liverpool,0,1,2020-01-11 17:30:00,Jordan Henderson,Chipped
2484,352075,13,Goal,0.9290000152587891,0.485,0.05703359842300415,Virgil van Dijk,h,833,FromCorner,2019,Head,11865,Liverpool,Manchester United,2,0,2020-01-19 16:30:00,Trent Alexander-Arnold,Aerial
2485,352542,30,SavedShot,0.9269999694824219,0.509000015258789,0.3537159860134125,Virgil van Dijk,h,833,FromCorner,2019,RightFoot,11887,Liverpool,Southampton,4,0,2020-02-01 15:00:00,Mohamed Salah,Chipped
2486,352766,45,MissedShots,0.905,0.5629999923706055,0.05283759906888008,Virgil van Dijk,a,833,FromCorner,2019,Head,11899,Norwich,Liverpool,0,1,2020-02-15 17:30:00,Andrew Robertson,Cross
2487,352770,58,SavedShot,0.875999984741211,0.48700000762939455,0.01396699994802475,Virgil van Dijk,a,833,FromCorner,2019,Head,11899,Norwich,Liverpool,0,1,2020-02-15 17:30:00,Trent Alexander-Arnold,Aerial
2488,353148,38,ShotOnPost,0.9490000152587891,0.524000015258789,0.07718530297279358,Virgil van Dijk,h,833,FromCorner,2019,Head,11911,Liverpool,West Ham,3,2,2020-02-24 20:00:00,Trent Alexander-Arnold,Aerial
2489,353153,58,SavedShot,0.8909999847412109,0.41,0.012710699811577797,Virgil van Dijk,h,833,FromCorner,2019,Head,11911,Liverpool,West Ham,3,2,2020-02-24 20:00:00,Alex Oxlade-Chamberlain,Aerial
2490,353158,72,BlockedShot,0.87,0.35900001525878905,0.04897639900445938,Virgil van Dijk,h,833,FromCorner,2019,RightFoot,11911,Liverpool,West Ham,3,2,2020-02-24 20:00:00,Fabinho,Pass
2491,353336,88,MissedShots,0.7019999694824218,0.5529999923706055,0.008995410054922104,Virgil van Dijk,a,833,OpenPlay,2019,RightFoot,11921,Watford,Liverpool,3,0,2020-02-29 17:30:00,Divock Origi,Pass
2492,353408,65,SavedShot,0.9059999847412109,0.5609999847412109,0.053863801062107086,Virgil van Dijk,h,833,FromCorner,2019,Head,11928,Liverpool,Bournemouth,2,1,2020-03-07 12:30:00,Trent Alexander-Arnold,Cross
2493,365873,57,SavedShot,0.9259999847412109,0.5309999847412109,0.0495917983353138,Virgil van Dijk,a,833,FromCorner,2019,Head,11940,Everton,Liverpool,0,0,2020-06-21 18:00:00,Trent Alexander-Arnold,Aerial
2494,366433,27,BlockedShot,0.93,0.5629999923706055,0.5083000063896179,Virgil van Dijk,h,833,SetPiece,2019,RightFoot,11951,Liverpool,Crystal Palace,4,0,2020-06-24 19:15:00,,Rebound
2495,366434,27,MissedShots,0.9269999694824219,0.4759999847412109,0.05308679863810539,Virgil van Dijk,h,833,FromCorner,2019,Head,11951,Liverpool,Crystal Palace,4,0,2020-06-24 19:15:00,Andrew Robertson,Aerial
2496,371630,21,SavedShot,0.919000015258789,0.5359999847412109,0.03833939880132675,Virgil van Dijk,a,833,FromCorner,2019,Head,11993,Arsenal,Liverpool,2,1,2020-07-15 19:15:00,Trent Alexander-Arnold,Aerial
2497,371648,74,MissedShots,0.965,0.3970000076293945,0.05131620168685913,Virgil van Dijk,a,833,FromCorner,2019,Head,11993,Arsenal,Liverpool,2,1,2020-07-15 19:15:00,Andrew Robertson,Cross
2498,373322,91,MissedShots,0.980999984741211,0.43,0.49632498621940613,Virgil van Dijk,h,833,SetPiece,2019,RightFoot,12006,Liverpool,Chelsea,5,3,2020-07-22 19:15:00,Andrew Robertson,Cross
2499,373778,37,Goal,0.925,0.544000015258789,0.057411499321460724,Virgil van Dijk,a,833,SetPiece,2019,Head,12016,Newcastle United,Liverpool,1,3,2020-07-26 15:00:00,Alex Oxlade-Chamberlain,Aerial
2500,373782,47,SavedShot,0.8969999694824219,0.5479999923706055,0.01647450029850006,Virgil van Dijk,a,833,FromCorner,2019,Head,12016,Newcastle United,Liverpool,1,3,2020-07-26 15:00:00,James Milner,Aerial
2501,376606,19,Goal,0.9459999847412109,0.5420000076293945,0.4193130135536194,Virgil van Dijk,h,833,FromCorner,2020,Head,14090,Liverpool,Leeds,4,3,2020-09-12 16:30:00,Andrew Robertson,Cross
2502,376616,52,MissedShots,0.8859999847412109,0.575999984741211,0.012910000048577785,Virgil van Dijk,h,833,FromCorner,2020,Head,14090,Liverpool,Leeds,4,3,2020-09-12 16:30:00,Trent Alexander-Arnold,Aerial
2503,379994,11,BlockedShot,0.924000015258789,0.57,0.10453599691390991,Virgil van Dijk,h,833,OpenPlay,2020,Head,14115,Liverpool,Arsenal,3,1,2020-09-28 19:15:00,Trent Alexander-Arnold,Cross
2504,380010,61,SavedShot,0.72,0.615,0.016623200848698616,Virgil van Dijk,h,833,OpenPlay,2020,RightFoot,14115,Liverpool,Arsenal,3,1,2020-09-28 19:15:00,Andrew Robertson,Pass
2505,425989,34,MissedShots,0.8719999694824219,0.5579999923706055,0.047449398785829544,Virgil van Dijk,a,833,FromCorner,2021,RightFoot,16383,Norwich,Liverpool,0,3,2021-08-14 16:30:00,James Milner,Cross
2506,426778,21,MissedShots,0.9230000305175782,0.5379999923706055,0.0428117997944355,Virgil van Dijk,h,833,FromCorner,2021,Head,16386,Liverpool,Burnley,2,0,2021-08-21 11:30:00,Konstantinos Tsimikas,Aerial
2507,426786,57,BlockedShot,0.8830000305175781,0.5479999923706055,0.05241899937391281,Virgil van Dijk,h,833,FromCorner,2021,RightFoot,16386,Liverpool,Burnley,2,0,2021-08-21 11:30:00,Trent Alexander-Arnold,Cross
2508,426795,72,MissedShots,0.950999984741211,0.5370000076293945,0.08342040330171585,Virgil van Dijk,h,833,SetPiece,2021,Head,16386,Liverpool,Burnley,2,0,2021-08-21 11:30:00,Trent Alexander-Arnold,Aerial
2509,428806,10,MissedShots,0.8780000305175781,0.5840000152587891,0.009935920126736164,Virgil van Dijk,h,833,SetPiece,2021,Head,16402,Liverpool,Chelsea,1,1,2021-08-28 16:30:00,Trent Alexander-Arnold,Aerial
2510,428807,16,MissedShots,0.92,0.5529999923706055,0.03125569969415665,Virgil van Dijk,h,833,FromCorner,2021,Head,16402,Liverpool,Chelsea,1,1,2021-08-28 16:30:00,Trent Alexander-Arnold,Aerial
2511,428818,51,SavedShot,0.6890000152587891,0.47,0.011950300075113773,Virgil van Dijk,h,833,OpenPlay,2021,RightFoot,16402,Liverpool,Chelsea,1,1,2021-08-28 16:30:00,,BallRecovery
2512,430562,26,MissedShots,0.9259999847412109,0.5640000152587891,0.07912150025367737,Virgil van Dijk,a,833,FromCorner,2021,Head,16414,Leeds,Liverpool,0,3,2021-09-12 15:30:00,Trent Alexander-Arnold,Cross
2513,430571,49,BlockedShot,0.8719999694824219,0.47400001525878904,0.02506049908697605,Virgil van Dijk,a,833,FromCorner,2021,Head,16414,Leeds,Liverpool,0,3,2021-09-12 15:30:00,Trent Alexander-Arnold,Cross
2514,431355,63,MissedShots,0.8909999847412109,0.48700000762939455,0.02731030061841011,Virgil van Dijk,h,833,SetPiece,2021,Head,16420,Liverpool,Crystal Palace,3,0,2021-09-18 14:00:00,Konstantinos Tsimikas,Aerial
2515,433694,39,SavedShot,0.87,0.5179999923706055,0.025750400498509407,Virgil van Dijk,a,833,FromCorner,2021,Head,16432,Brentford,Liverpool,3,3,2021-09-25 16:30:00,Fabinho,Cross
2516,441910,32,BlockedShot,0.88,0.5320000076293945,0.02144859917461872,Virgil van Dijk,a,833,SetPiece,2021,Head,16485,West Ham,Liverpool,3,2,2021-11-07 16:30:00,Trent Alexander-Arnold,BlockedPass
2517,442765,12,MissedShots,0.9009999847412109,0.49900001525878906,0.10058999806642532,Virgil van Dijk,h,833,SetPiece,2021,Head,16489,Liverpool,Arsenal,4,0,2021-11-20 17:30:00,Konstantinos Tsimikas,Cross
2518,442769,24,BlockedShot,0.889000015258789,0.5870000076293945,0.02265949919819832,Virgil van Dijk,h,833,FromCorner,2021,Head,16489,Liverpool,Arsenal,4,0,2021-11-20 17:30:00,Trent Alexander-Arnold,Cross
2519,444108,51,Goal,0.8859999847412109,0.5,0.059443701058626175,Virgil van Dijk,h,833,FromCorner,2021,RightFoot,16503,Liverpool,Southampton,4,0,2021-11-27 15:00:00,Trent Alexander-Arnold,Cross
2520,445710,54,BlockedShot,0.7280000305175781,0.5129999923706055,0.05052490159869194,Virgil van Dijk,a,833,DirectFreekick,2021,RightFoot,16507,Everton,Liverpool,1,4,2021-12-01 20:15:00,,Standard
2521,447688,52,SavedShot,0.9130000305175782,0.5159999847412109,0.2860879898071289,Virgil van Dijk,h,833,FromCorner,2021,Head,16533,Liverpool,Aston Villa,1,0,2021-12-11 15:00:00,Andrew Robertson,Cross
2522,450832,85,SavedShot,0.9180000305175782,0.6780000305175782,0.021964799612760544,Virgil van Dijk,a,833,FromCorner,2021,LeftFoot,16573,Leicester,Liverpool,1,0,2021-12-28 20:00:00,,Aerial
2523,453599,21,SavedShot,0.914000015258789,0.56,0.10220199823379517,Virgil van Dijk,h,833,FromCorner,2021,LeftFoot,16589,Liverpool,Brentford,3,0,2022-01-16 14:00:00,,None
2524,453601,25,SavedShot,0.899000015258789,0.534000015258789,0.05665989965200424,Virgil van Dijk,h,833,FromCorner,2021,Head,16589,Liverpool,Brentford,3,0,2022-01-16 14:00:00,Trent Alexander-Arnold,Cross
2525,454966,7,Goal,0.9180000305175782,0.534000015258789,0.08921419829130173,Virgil van Dijk,a,833,FromCorner,2021,Head,16599,Crystal Palace,Liverpool,1,3,2022-01-23 14:00:00,Andrew Robertson,Cross
2526,456719,33,SavedShot,0.915,0.44799999237060545,0.026493599638342857,Virgil van Dijk,h,833,FromCorner,2021,Head,16614,Liverpool,Leicester,2,0,2022-02-10 19:45:00,Trent Alexander-Arnold,Aerial
2527,456738,85,MissedShots,0.8969999694824219,0.534000015258789,0.01827540062367916,Virgil van Dijk,h,833,FromCorner,2021,Head,16614,Liverpool,Leicester,2,0,2022-02-10 19:45:00,Andrew Robertson,Aerial
2528,458297,13,SavedShot,0.925,0.36400001525878906,0.02566239982843399,Virgil van Dijk,h,833,OpenPlay,2021,Head,16631,Liverpool,Norwich,3,1,2022-02-19 15:00:00,Sadio Mané,Cross
2529,459220,92,Goal,0.9219999694824219,0.5120000076293946,0.32710400223731995,Virgil van Dijk,h,833,FromCorner,2021,Head,16559,Liverpool,Leeds,6,0,2022-02-23 19:45:00,Andrew Robertson,Cross
2530,461237,2,MissedShots,0.9069999694824219,0.485,0.09080959856510162,Virgil van Dijk,h,833,SetPiece,2021,RightFoot,16649,Liverpool,West Ham,1,0,2022-03-05 17:30:00,Trent Alexander-Arnold,Cross
2531,463601,1,SavedShot,0.8730000305175781,0.4809999847412109,0.026173099875450134,Virgil van Dijk,a,833,FromCorner,2021,Head,16636,Arsenal,Liverpool,0,2,2022-03-16 20:15:00,Trent Alexander-Arnold,Cross
2532,464966,55,MissedShots,0.8859999847412109,0.5529999923706055,0.0316275991499424,Virgil van Dijk,h,833,FromCorner,2021,Head,16680,Liverpool,Watford,2,0,2022-04-02 11:30:00,Curtis Jones,Cross
2533,470773,70,MissedShots,0.705999984741211,0.515,0.016095099970698357,Virgil van Dijk,h,833,OpenPlay,2021,RightFoot,16708,Liverpool,Everton,2,0,2022-04-24 15:30:00,,None
2534,471206,9,MissedShots,0.894000015258789,0.53,0.06257089972496033,Virgil van Dijk,a,833,FromCorner,2021,RightFoot,16721,Newcastle United,Liverpool,0,1,2022-04-30 11:30:00,James Milner,Cross
2535,471221,67,SavedShot,0.884000015258789,0.5479999923706055,0.013878799974918365,Virgil van Dijk,a,833,FromCorner,2021,Head,16721,Newcastle United,Liverpool,0,1,2022-04-30 11:30:00,James Milner,Aerial
2536,473764,21,MissedShots,0.915,0.4329999923706055,0.06154229864478111,Virgil van Dijk,h,833,FromCorner,2021,Head,16728,Liverpool,Tottenham,1,1,2022-05-07 18:45:00,Andrew Robertson,Cross
2537,473767,38,ShotOnPost,0.95,0.5029999923706054,0.08097779750823975,Virgil van Dijk,h,833,FromCorner,2021,Head,16728,Liverpool,Tottenham,1,1,2022-05-07 18:45:00,Trent Alexander-Arnold,Aerial
2538,473770,40,BlockedShot,0.955,0.7230000305175781,0.043136801570653915,Virgil van Dijk,h,833,SetPiece,2021,LeftFoot,16728,Liverpool,Tottenham,1,1,2022-05-07 18:45:00,Sadio Mané,BallTouch
2539,475025,5,SavedShot,0.9490000152587891,0.615999984741211,0.09796009957790375,Virgil van Dijk,a,833,SetPiece,2021,LeftFoot,16705,Aston Villa,Liverpool,1,2,2022-05-10 19:00:00,Diogo Jota,Rebound
2540,481433,23,MissedShots,0.665,0.5940000152587891,0.009840790182352066,Virgil van Dijk,h,833,OpenPlay,2022,RightFoot,18221,Liverpool,Crystal Palace,1,1,2022-08-15 19:00:00,Luis Díaz,Pass
2541,483658,44,Goal,0.89,0.5159999847412109,0.04681679978966713,Virgil van Dijk,h,833,FromCorner,2022,Head,18236,Liverpool,Bournemouth,9,0,2022-08-27 14:00:00,Andrew Robertson,Cross
2542,483664,65,MissedShots,0.905,0.5459999847412109,0.06195859983563423,Virgil van Dijk,h,833,FromCorner,2022,Head,18236,Liverpool,Bournemouth,9,0,2022-08-27 14:00:00,Trent Alexander-Arnold,Cross
2543,483665,65,BlockedShot,0.9109999847412109,0.529000015258789,0.029944799840450287,Virgil van Dijk,h,833,FromCorner,2022,Head,18236,Liverpool,Bournemouth,9,0,2022-08-27 14:00:00,Trent Alexander-Arnold,Aerial
2544,485310,53,SavedShot,0.904000015258789,0.5379999923706055,0.09657090157270432,Virgil van Dijk,h,833,FromCorner,2022,RightFoot,18250,Liverpool,Newcastle United,2,1,2022-08-31 19:00:00,Jordan Henderson,Pass
2545,485638,45,BlockedShot,0.8680000305175781,0.4779999923706055,0.013029700145125389,Virgil van Dijk,a,833,FromCorner,2022,Head,18252,Everton,Liverpool,0,0,2022-09-03 11:30:00,Konstantinos Tsimikas,Aerial
2546,485646,57,MissedShots,0.8919999694824219,0.38599998474121094,0.016171500086784363,Virgil van Dijk,a,833,FromCorner,2022,Head,18252,Everton,Liverpool,0,0,2022-09-03 11:30:00,Konstantinos Tsimikas,Cross
2547,485651,64,BlockedShot,0.9380000305175781,0.5020000076293946,0.05707089975476265,Virgil van Dijk,a,833,FromCorner,2022,Head,18252,Everton,Liverpool,0,0,2022-09-03 11:30:00,Andrew Robertson,OffsideProvoked
2548,490154,45,SavedShot,0.9069999694824219,0.485,0.027933700010180473,Virgil van Dijk,h,833,FromCorner,2022,Head,18288,Liverpool,Brighton,3,3,2022-10-01 14:00:00,Konstantinos Tsimikas,Aerial
2549,492363,11,MissedShots,0.8690000152587891,0.53,0.021496199071407318,Virgil van Dijk,a,833,FromCorner,2022,Head,18292,Arsenal,Liverpool,3,2,2022-10-09 15:30:00,Trent Alexander-Arnold,Cross
2550,494776,89,MissedShots,0.94,0.580999984741211,0.36330100893974304,Virgil van Dijk,a,833,SetPiece,2022,LeftFoot,18327,Nottingham Forest,Liverpool,1,0,2022-10-22 11:30:00,Trent Alexander-Arnold,Cross
2551,494777,91,SavedShot,0.924000015258789,0.5120000076293946,0.339354008436203,Virgil van Dijk,a,833,FromCorner,2022,Head,18327,Nottingham Forest,Liverpool,1,0,2022-10-22 11:30:00,Andrew Robertson,Cross
2552,496840,5,MissedShots,0.9,0.5479999923706055,0.017227299511432648,Virgil van Dijk,h,833,FromCorner,2022,Head,18339,Liverpool,Leeds,1,2,2022-10-29 18:45:00,Trent Alexander-Arnold,Aerial
2553,500182,71,MissedShots,0.9080000305175782,0.519000015258789,0.08059339970350266,Virgil van Dijk,h,833,FromCorner,2022,Head,18355,Liverpool,Southampton,3,1,2022-11-12 15:00:00,Andrew Robertson,Cross
2554,500185,87,MissedShots,0.91,0.49900001525878906,0.032574400305747986,Virgil van Dijk,h,833,FromCorner,2022,Head,18355,Liverpool,Southampton,3,1,2022-11-12 15:00:00,Konstantinos Tsimikas,Aerial
2555,500187,92,BlockedShot,0.8869999694824219,0.47900001525878905,0.015258800238370895,Virgil van Dijk,h,833,FromCorner,2022,Head,18355,Liverpool,Southampton,3,1,2022-11-12 15:00:00,Konstantinos Tsimikas,Aerial
2556,501032,36,Goal,0.9480000305175781,0.6719999694824219,0.041648801416158676,Virgil van Dijk,a,833,FromCorner,2022,LeftFoot,18363,Aston Villa,Liverpool,1,3,2022-12-26 17:30:00,Mohamed Salah,Pass
2557,501575,39,MissedShots,0.9130000305175782,0.4929999923706055,0.05451120063662529,Virgil van Dijk,h,833,SetPiece,2022,Head,18375,Liverpool,Leicester,2,1,2022-12-30 20:00:00,Andrew Robertson,Aerial
2558,511739,72,SavedShot,0.93,0.505,0.17615699768066406,Virgil van Dijk,h,833,SetPiece,2022,OtherBodyPart,18264,Liverpool,Wolverhampton Wanderers,2,0,2023-03-01 20:00:00,Trent Alexander-Arnold,Cross
2559,511740,72,Goal,0.965,0.504000015258789,0.6113049983978271,Virgil van Dijk,h,833,SetPiece,2022,Head,18264,Liverpool,Wolverhampton Wanderers,2,0,2023-03-01 20:00:00,Diogo Jota,Chipped
2560,513235,5,BlockedShot,0.9330000305175781,0.544000015258789,0.3274109959602356,Virgil van Dijk,a,833,FromCorner,2022,Head,18462,Bournemouth,Liverpool,1,0,2023-03-11 12:30:00,Trent Alexander-Arnold,Cross
2561,513242,40,MissedShots,0.935,0.5379999923706055,0.39585599303245544,Virgil van Dijk,a,833,SetPiece,2022,Head,18462,Bournemouth,Liverpool,1,0,2023-03-11 12:30:00,Andrew Robertson,Cross
2562,513245,45,SavedShot,0.9130000305175782,0.7030000305175781,0.018047800287604332,Virgil van Dijk,a,833,SetPiece,2022,Head,18462,Bournemouth,Liverpool,1,0,2023-03-11 12:30:00,Trent Alexander-Arnold,Chipped
2563,520868,25,SavedShot,0.9080000305175782,0.5309999847412109,0.045349232852458954,Virgil van Dijk,h,833,SetPiece,2022,Head,18519,Liverpool,Nottingham Forest,3,2,2023-04-22 14:00:00,Trent Alexander-Arnold,Aerial
2564,520870,34,BlockedShot,0.8880000305175781,0.37099998474121093,0.011431007646024227,Virgil van Dijk,h,833,FromCorner,2022,Head,18519,Liverpool,Nottingham Forest,3,2,2023-04-22 14:00:00,Andrew Robertson,Aerial
2565,522118,7,BlockedShot,0.909000015258789,0.49,0.031112996861338615,Virgil van Dijk,a,833,FromCorner,2022,Head,18526,West Ham,Liverpool,1,2,2023-04-26 18:45:00,Trent Alexander-Arnold,Aerial
2566,522125,35,MissedShots,0.9309999847412109,0.534000015258789,0.0824960395693779,Virgil van Dijk,a,833,FromCorner,2022,OtherBodyPart,18526,West Ham,Liverpool,1,2,2023-04-26 18:45:00,Andrew Robertson,Cross
2567,523442,47,BlockedShot,0.955999984741211,0.5540000152587891,0.06796859949827194,Virgil van Dijk,h,833,FromCorner,2022,Head,18539,Liverpool,Tottenham,4,3,2023-04-30 15:30:00,Andrew Robertson,Aerial
2568,523449,72,MissedShots,0.6890000152587891,0.6309999847412109,0.013736872933804989,Virgil van Dijk,h,833,OpenPlay,2022,RightFoot,18539,Liverpool,Tottenham,4,3,2023-04-30 15:30:00,Fabinho,Pass
2569,524777,21,MissedShots,0.705999984741211,0.524000015258789,0.01631832867860794,Virgil van Dijk,h,833,OpenPlay,2022,RightFoot,18545,Liverpool,Brentford,1,0,2023-05-06 16:30:00,Darwin Núñez,Pass
2570,532599,48,MissedShots,0.8190000152587891,0.74,0.018909156322479248,Virgil van Dijk,a,833,FromCorner,2023,RightFoot,22283,Chelsea,Liverpool,1,1,2023-08-13 15:30:00,Diogo Jota,Pass
2571,533197,5,ShotOnPost,0.925,0.495,0.05305583029985428,Virgil van Dijk,h,833,FromCorner,2023,Head,22288,Liverpool,Bournemouth,3,1,2023-08-19 14:00:00,Andrew Robertson,Aerial
2572,533209,45,MissedShots,0.9269999694824219,0.5379999923706055,0.04848124831914902,Virgil van Dijk,h,833,FromCorner,2023,Head,22288,Liverpool,Bournemouth,3,1,2023-08-19 14:00:00,Andrew Robertson,Aerial
2573,533225,71,SavedShot,0.534000015258789,0.3579999923706055,0.018901178613305092,Virgil van Dijk,h,833,DirectFreekick,2023,RightFoot,22288,Liverpool,Bournemouth,3,1,2023-08-19 14:00:00,,Standard
2574,539664,19,MissedShots,0.9219999694824219,0.48,0.3393264412879944,Virgil van Dijk,h,833,FromCorner,2023,RightFoot,21953,Liverpool,West Ham,3,1,2023-09-24 13:00:00,Andrew Robertson,Cross
2575,539667,25,MissedShots,0.9109999847412109,0.485,0.052107758820056915,Virgil van Dijk,h,833,SetPiece,2023,Head,21953,Liverpool,West Ham,3,1,2023-09-24 13:00:00,Andrew Robertson,Aerial
2576,539677,48,BlockedShot,0.9,0.51,0.021714594215154648,Virgil van Dijk,h,833,FromCorner,2023,Head,21953,Liverpool,West Ham,3,1,2023-09-24 13:00:00,Dominik Szoboszlai,Aerial
2577,541496,74,MissedShots,0.904000015258789,0.46099998474121096,0.06195857375860214,Virgil van Dijk,a,833,FromCorner,2023,Head,21962,Tottenham,Liverpool,2,1,2023-09-30 16:30:00,Trent Alexander-Arnold,Cross
2578,547542,79,MissedShots,0.9130000305175782,0.5479999923706055,0.07167540490627289,Virgil van Dijk,a,833,FromCorner,2023,Head,21999,Luton,Liverpool,1,1,2023-11-05 16:30:00,Trent Alexander-Arnold,Cross
2579,548830,26,SavedShot,0.9159999847412109,0.49700000762939456,0.09436357766389847,Virgil van Dijk,h,833,FromCorner,2023,Head,22011,Liverpool,Brentford,3,0,2023-11-12 14:00:00,Konstantinos Tsimikas,Cross
2580,549455,60,SavedShot,0.9119999694824219,0.509000015258789,0.03497466444969177,Virgil van Dijk,a,833,FromCorner,2023,Head,22020,Manchester City,Liverpool,1,1,2023-11-25 12:30:00,Konstantinos Tsimikas,Aerial
2581,551728,33,BlockedShot,0.8859999847412109,0.5370000076293945,0.09624777734279633,Virgil van Dijk,h,833,FromCorner,2023,LeftFoot,22030,Liverpool,Fulham,4,3,2023-12-03 14:00:00,,Rebound
2582,551727,33,BlockedShot,0.8859999847412109,0.5370000076293945,0.08734755218029022,Virgil van Dijk,h,833,FromCorner,2023,LeftFoot,22030,Liverpool,Fulham,4,3,2023-12-03 14:00:00,,None
2583,552238,20,SavedShot,0.92,0.46099998474121096,0.04371168464422226,Virgil van Dijk,a,833,FromCorner,2023,OtherBodyPart,22040,Sheffield United,Liverpool,0,2,2023-12-06 19:30:00,Trent Alexander-Arnold,Aerial
2584,552240,36,Goal,0.91,0.5159999847412109,0.28921401500701904,Virgil van Dijk,a,833,FromCorner,2023,RightFoot,22040,Sheffield United,Liverpool,0,2,2023-12-06 19:30:00,Trent Alexander-Arnold,Cross
2585,552241,39,MissedShots,0.8909999847412109,0.555,0.03691308572888374,Virgil van Dijk,a,833,FromCorner,2023,Head,22040,Sheffield United,Liverpool,0,2,2023-12-06 19:30:00,Trent Alexander-Arnold,Cross
2586,552641,69,MissedShots,0.9359999847412109,0.4909999847412109,0.40542420744895935,Virgil van Dijk,a,833,FromCorner,2023,Head,22047,Crystal Palace,Liverpool,1,2,2023-12-09 12:30:00,Trent Alexander-Arnold,Cross
2587,554952,18,BlockedShot,0.8869999694824219,0.600999984741211,0.017922550439834595,Virgil van Dijk,h,833,FromCorner,2023,Head,22060,Liverpool,Manchester United,0,0,2023-12-17 16:30:00,Trent Alexander-Arnold,Cross
2588,554953,27,SavedShot,0.8969999694824219,0.519000015258789,0.019162025302648544,Virgil van Dijk,h,833,FromCorner,2023,Head,22060,Liverpool,Manchester United,0,0,2023-12-17 16:30:00,Trent Alexander-Arnold,Aerial
2589,554975,78,SavedShot,0.870999984741211,0.5720000076293945,0.016895530745387077,Virgil van Dijk,h,833,FromCorner,2023,Head,22060,Liverpool,Manchester United,0,0,2023-12-17 16:30:00,Konstantinos Tsimikas,Cross
2590,556574,88,MissedShots,0.9290000152587891,0.495,0.1164257749915123,Virgil van Dijk,a,833,FromCorner,2023,Head,22079,Burnley,Liverpool,0,2,2023-12-26 17:30:00,Trent Alexander-Arnold,Cross
2591,557222,25,BlockedShot,0.870999984741211,0.5609999847412109,0.07066086679697037,Virgil van Dijk,h,833,FromCorner,2023,RightFoot,22088,Liverpool,Newcastle United,4,2,2024-01-01 19:00:00,Curtis Jones,None
2592,560764,18,BlockedShot,0.9080000305175782,0.5829999923706055,0.014918684959411621,Virgil van Dijk,h,833,FromCorner,2023,Head,22113,Liverpool,Chelsea,4,1,2024-01-31 20:15:00,Dominik Szoboszlai,Aerial
2593,561857,28,MissedShots,0.9059999847412109,0.5279999923706055,0.07008197903633118,Virgil van Dijk,a,833,FromCorner,2023,Head,22116,Arsenal,Liverpool,3,1,2024-02-04 16:30:00,Trent Alexander-Arnold,Cross
2594,562468,74,SavedShot,0.9169999694824219,0.4759999847412109,0.36946308612823486,Virgil van Dijk,h,833,SetPiece,2023,Head,22128,Liverpool,Burnley,3,1,2024-02-10 15:00:00,Andrew Robertson,Cross
2595,563638,96,ShotOnPost,0.9209999847412109,0.52,0.10144589841365814,Virgil van Dijk,a,833,FromCorner,2023,Head,22135,Brentford,Liverpool,1,4,2024-02-17 12:30:00,Andrew Robertson,Cross
2596,564861,55,Goal,0.9119999694824219,0.46599998474121096,0.07727798074483871,Virgil van Dijk,h,833,FromCorner,2023,Head,22151,Liverpool,Luton,4,1,2024-02-21 15:00:00,Alexis Mac Allister,Cross
2597,564865,59,SavedShot,0.9209999847412109,0.4859999847412109,0.047342076897621155,Virgil van Dijk,h,833,FromCorner,2023,OtherBodyPart,22151,Liverpool,Luton,4,1,2024-02-21 15:00:00,Alexis Mac Allister,Aerial
2598,568722,81,MissedShots,0.8859999847412109,0.5790000152587891,0.013872247189283371,Virgil van Dijk,h,833,FromCorner,2023,Head,22171,Liverpool,Manchester City,1,1,2024-03-10 15:45:00,Andrew Robertson,Aerial
2599,571988,64,SavedShot,0.9030000305175782,0.5270000076293946,0.06509120017290115,Virgil van Dijk,h,833,FromCorner,2023,Head,22203,Liverpool,Sheffield United,3,1,2024-04-04 18:30:00,Dominik Szoboszlai,Cross
2600,574169,54,BlockedShot,0.9030000305175782,0.47400001525878904,0.022402558475732803,Virgil van Dijk,h,833,FromCorner,2023,Head,22220,Liverpool,Crystal Palace,0,1,2024-04-14 13:00:00,Andrew Robertson,Aerial
2601,574174,68,MissedShots,0.9009999847412109,0.4779999923706055,0.06271743774414062,Virgil van Dijk,h,833,FromCorner,2023,Head,22220,Liverpool,Crystal Palace,0,1,2024-04-14 13:00:00,Dominik Szoboszlai,Cross
2602,574176,72,MissedShots,0.9,0.47700000762939454,0.02067432552576065,Virgil van Dijk,h,833,FromCorner,2023,Head,22220,Liverpool,Crystal Palace,0,1,2024-04-14 13:00:00,Andrew Robertson,Aerial
2603,574179,82,MissedShots,0.909000015258789,0.545,0.023595139384269714,Virgil van Dijk,h,833,FromCorner,2023,Head,22220,Liverpool,Crystal Palace,0,1,2024-04-14 13:00:00,Dominik Szoboszlai,Aerial
2604,576239,47,SavedShot,0.9109999847412109,0.4929999923706055,0.03319454938173294,Virgil van Dijk,a,833,FromCorner,2023,Head,22179,Everton,Liverpool,2,0,2024-04-24 19:00:00,Andrew Robertson,Aerial
2605,576248,61,BlockedShot,0.9,0.4640000152587891,0.01920306496322155,Virgil van Dijk,a,833,FromCorner,2023,Head,22179,Everton,Liverpool,2,0,2024-04-24 19:00:00,Andrew Robertson,Aerial
2606,576554,7,MissedShots,0.9580000305175781,0.6220000076293946,0.07600433379411697,Virgil van Dijk,a,833,SetPiece,2023,RightFoot,22243,West Ham,Liverpool,2,2,2024-04-27 11:30:00,Trent Alexander-Arnold,Chipped
2607,576592,90,MissedShots,0.9169999694824219,0.500999984741211,0.043452292680740356,Virgil van Dijk,a,833,FromCorner,2023,Head,22243,West Ham,Liverpool,2,2,2024-04-27 11:30:00,Andrew Robertson,Aerial
2608,579033,89,MissedShots,0.914000015258789,0.544000015258789,0.028377652168273926,Virgil van Dijk,h,833,FromCorner,2023,Head,22251,Liverpool,Tottenham,4,2,2024-05-05 15:30:00,Trent Alexander-Arnold,Aerial
2609,579035,92,BlockedShot,0.899000015258789,0.5379999923706055,0.018550962209701538,Virgil van Dijk,h,833,FromCorner,2023,Head,22251,Liverpool,Tottenham,4,2,2024-05-05 15:30:00,Dominik Szoboszlai,Aerial
2610,582013,12,SavedShot,0.6759999847412109,0.664000015258789,0.01093294657766819,Virgil van Dijk,h,833,OpenPlay,2023,RightFoot,22271,Liverpool,Wolverhampton Wanderers,2,0,2024-05-19 15:00:00,Wataru Endo,Pass
2611,582015,16,SavedShot,0.9740000152587891,0.43400001525878906,0.09530691057443619,Virgil van Dijk,h,833,SetPiece,2023,LeftFoot,22271,Liverpool,Wolverhampton Wanderers,2,0,2024-05-19 15:00:00,,None
2612,582021,36,BlockedShot,0.9009999847412109,0.5279999923706055,0.020825723186135292,Virgil van Dijk,h,833,FromCorner,2023,Head,22271,Liverpool,Wolverhampton Wanderers,2,0,2024-05-19 15:00:00,Trent Alexander-Arnold,Aerial
2613,582042,82,MissedShots,0.7269999694824218,0.5609999847412109,0.029930250719189644,Virgil van Dijk,h,833,OpenPlay,2023,RightFoot,22271,Liverpool,Wolverhampton Wanderers,2,0,2024-05-19 15:00:00,Jarell Quansah,Pass
2614,582047,90,MissedShots,0.899000015258789,0.5259999847412109,0.019912704825401306,Virgil van Dijk,h,833,FromCorner,2023,Head,22271,Liverpool,Wolverhampton Wanderers,2,0,2024-05-19 15:00:00,Andrew Robertson,Aerial
2615,586864,59,SavedShot,0.919000015258789,0.39599998474121095,0.016815248876810074,Virgil van Dijk,h,833,FromCorner,2024,Head,26621,Liverpool,Brentford,2,0,2024-08-25 15:30:00,,Aerial
2616,590858,28,MissedShots,0.9309999847412109,0.5329999923706055,0.05476589873433113,Virgil van Dijk,h,833,FromCorner,2024,Head,26635,Liverpool,Nottingham Forest,0,1,2024-09-14 14:00:00,Andrew Robertson,Aerial
2617,590873,87,MissedShots,0.9059999847412109,0.5120000076293946,0.027058914303779602,Virgil van Dijk,h,833,FromCorner,2024,Head,26635,Liverpool,Nottingham Forest,0,1,2024-09-14 14:00:00,Dominik Szoboszlai,Aerial
2618,595225,39,MissedShots,0.9219999694824219,0.5790000152587891,0.020309193059802055,Virgil van Dijk,a,833,FromCorner,2024,Head,26662,Crystal Palace,Liverpool,0,1,2024-10-05 11:30:00,Trent Alexander-Arnold,Aerial
2619,599064,17,Goal,0.9590000152587891,0.5079999923706054,0.47227153182029724,Virgil van Dijk,a,833,FromCorner,2024,Head,26691,Arsenal,Liverpool,2,2,2024-10-27 16:30:00,Luis Díaz,HeadPass
2620,604815,10,SavedShot,0.9580000305175781,0.5790000152587891,0.047479141503572464,Virgil van Dijk,h,833,FromCorner,2024,Head,26726,Liverpool,Manchester City,2,0,2024-12-01 16:00:00,Dominik Szoboszlai,Aerial
2621,604817,18,MissedShots,0.9369999694824219,0.49900001525878906,0.41625234484672546,Virgil van Dijk,h,833,FromCorner,2024,Head,26726,Liverpool,Manchester City,2,0,2024-12-01 16:00:00,Alexis Mac Allister,Cross
2622,604824,50,MissedShots,0.960999984741211,0.5790000152587891,0.09854098409414291,Virgil van Dijk,h,833,FromCorner,2024,Head,26726,Liverpool,Manchester City,2,0,2024-12-01 16:00:00,Trent Alexander-Arnold,Cross
2623,607125,92,BlockedShot,0.89,0.555,0.1225854903459549,Virgil van Dijk,h,833,OpenPlay,2024,LeftFoot,26752,Liverpool,Fulham,2,2,2024-12-14 15:00:00,Diogo Jota,Pass
2624,609581,6,MissedShots,0.9030000305175782,0.5370000076293945,0.02069873921573162,Virgil van Dijk,a,833,FromCorner,2024,Head,26791,West Ham,Liverpool,0,5,2024-12-29 17:15:00,Alexis Mac Allister,Aerial
2625,609605,81,SavedShot,0.794000015258789,0.645,0.05024772882461548,Virgil van Dijk,a,833,OpenPlay,2024,RightFoot,26791,West Ham,Liverpool,0,5,2024-12-29 17:15:00,Luis Díaz,TakeOn
2626,610342,90,SavedShot,0.9440000152587891,0.509000015258789,0.37439677119255066,Virgil van Dijk,h,833,FromCorner,2024,Head,26797,Liverpool,Manchester United,2,2,2025-01-05 16:30:00,Alexis Mac Allister,HeadPass
2627,610345,93,MissedShots,0.9209999847412109,0.39299999237060546,0.030297329649329185,Virgil van Dijk,h,833,FromCorner,2024,Head,26797,Liverpool,Manchester United,2,2,2025-01-05 16:30:00,Andrew Robertson,Cross
2628,117555,23,BlockedShot,0.9009999847412109,0.32099998474121094,0.05228310078382492,Trent Alexander-Arnold,a,1791,OpenPlay,2016,LeftFoot,3349,Manchester United,Liverpool,1,1,2017-01-15 16:00:00,Emre Can,Chipped
2629,119463,75,SavedShot,0.8530000305175781,0.34900001525878904,0.07751580327749252,Trent Alexander-Arnold,h,1791,OpenPlay,2016,RightFoot,3435,Liverpool,Everton,3,1,2017-04-01 12:30:00,Emre Can,Pass
2630,119464,84,SavedShot,0.8080000305175781,0.5459999847412109,0.07457879930734634,Trent Alexander-Arnold,h,1791,OpenPlay,2016,RightFoot,3435,Liverpool,Everton,3,1,2017-04-01 12:30:00,Georginio Wijnaldum,Pass
2631,158692,7,MissedShots,0.7559999847412109,0.36400001525878906,0.01652340032160282,Trent Alexander-Arnold,h,1791,OpenPlay,2017,LeftFoot,7162,Liverpool,Burnley,1,1,2017-09-16 15:00:00,,None
2632,158725,83,SavedShot,0.8730000305175781,0.43599998474121093,0.07052859663963318,Trent Alexander-Arnold,h,1791,OpenPlay,2017,LeftFoot,7162,Liverpool,Burnley,1,1,2017-09-16 15:00:00,James Milner,Cross
2633,160813,8,SavedShot,0.9169999694824219,0.49900001525878906,0.11833299696445465,Trent Alexander-Arnold,h,1791,OpenPlay,2017,RightFoot,7231,Liverpool,Southampton,3,0,2017-11-18 15:00:00,,Foul
2634,185332,23,BlockedShot,0.765,0.35900001525878905,0.020694799721240997,Trent Alexander-Arnold,h,1791,OpenPlay,2017,RightFoot,7287,Liverpool,West Bromwich Albion,0,0,2017-12-13 20:00:00,,BallRecovery
2635,185671,64,Goal,0.865999984741211,0.42700000762939455,0.09021870046854019,Trent Alexander-Arnold,h,1791,OpenPlay,2017,RightFoot,7313,Liverpool,Swansea,5,0,2017-12-26 17:30:00,,None
2636,186296,73,SavedShot,0.7719999694824219,0.2989999961853027,0.02149919979274273,Trent Alexander-Arnold,a,1791,OpenPlay,2017,RightFoot,7332,Burnley,Liverpool,1,2,2018-01-01 15:00:00,Adam Lallana,Pass
2637,193730,17,MissedShots,0.769000015258789,0.34200000762939453,0.01618809998035431,Trent Alexander-Arnold,h,1791,FromCorner,2017,RightFoot,7375,Liverpool,Tottenham,2,2,2018-02-04 16:30:00,,None
2638,204134,82,MissedShots,0.789000015258789,0.305,0.022702699527144432,Trent Alexander-Arnold,a,1791,OpenPlay,2017,RightFoot,7432,Crystal Palace,Liverpool,1,2,2018-03-31 12:30:00,Alex Oxlade-Chamberlain,Pass
2639,208640,15,MissedShots,0.7240000152587891,0.38299999237060545,0.04280110076069832,Trent Alexander-Arnold,h,1791,DirectFreekick,2017,RightFoot,7452,Liverpool,Bournemouth,3,0,2018-04-14 16:30:00,,Standard
2640,211482,20,SavedShot,0.9059999847412109,0.44099998474121094,0.42570701241493225,Trent Alexander-Arnold,h,1791,OpenPlay,2017,RightFoot,7472,Liverpool,Stoke,0,0,2018-04-28 11:30:00,Mohamed Salah,Pass
2641,213997,48,MissedShots,0.7319999694824219,0.3270000076293945,0.012784100137650967,Trent Alexander-Arnold,a,1791,OpenPlay,2017,RightFoot,7485,Chelsea,Liverpool,1,0,2018-05-06 16:30:00,Mohamed Salah,LayOff
2642,215736,22,MissedShots,0.8819999694824219,0.34,0.068333700299263,Trent Alexander-Arnold,h,1791,OpenPlay,2017,LeftFoot,7495,Liverpool,Brighton,4,0,2018-05-13 15:00:00,Sadio Mané,Pass
2643,232791,23,SavedShot,0.7340000152587891,0.5420000076293945,0.05309920012950897,Trent Alexander-Arnold,h,1791,DirectFreekick,2018,RightFoot,9205,Liverpool,West Ham,4,0,2018-08-12 15:30:00,,Standard
2644,233047,60,BlockedShot,0.7859999847412109,0.26399999618530273,0.023597100749611855,Trent Alexander-Arnold,a,1791,OpenPlay,2018,RightFoot,9216,Crystal Palace,Liverpool,0,2,2018-08-20 22:00:00,Andrew Robertson,Pass
2645,233317,14,ShotOnPost,0.8130000305175781,0.6480000305175782,0.09962459653615952,Trent Alexander-Arnold,h,1791,DirectFreekick,2018,RightFoot,9223,Liverpool,Brighton,1,0,2018-08-25 19:30:00,,Standard
2646,233334,85,BlockedShot,0.8480000305175781,0.4279999923706055,0.07730290293693542,Trent Alexander-Arnold,h,1791,OpenPlay,2018,LeftFoot,9223,Liverpool,Brighton,1,0,2018-08-25 19:30:00,Andrew Robertson,Pass
2647,233664,85,MissedShots,0.7430000305175781,0.44799999237060545,0.027130700647830963,Trent Alexander-Arnold,a,1791,OpenPlay,2018,RightFoot,9227,Leicester,Liverpool,1,2,2018-09-01 11:30:00,,None
2648,233915,5,SavedShot,0.7609999847412109,0.6859999847412109,0.050119198858737946,Trent Alexander-Arnold,a,1791,DirectFreekick,2018,RightFoot,9237,Tottenham,Liverpool,1,2,2018-09-15 11:30:00,,Standard
2649,249482,14,BlockedShot,0.5470000076293945,0.31,0.007537330035120249,Trent Alexander-Arnold,h,1791,OpenPlay,2018,RightFoot,9288,Liverpool,Cardiff,4,1,2018-10-27 14:00:00,,None
2650,249484,24,MissedShots,0.8090000152587891,0.39,0.035779401659965515,Trent Alexander-Arnold,h,1791,OpenPlay,2018,LeftFoot,9288,Liverpool,Cardiff,4,1,2018-10-27 14:00:00,Adam Lallana,HeadPass
2651,249493,78,SavedShot,0.749000015258789,0.34700000762939454,0.022740300744771957,Trent Alexander-Arnold,h,1791,OpenPlay,2018,RightFoot,9288,Liverpool,Cardiff,4,1,2018-10-27 14:00:00,Alberto Moreno,Pass
2652,250160,19,MissedShots,0.8830000305175781,0.39099998474121095,0.02729089930653572,Trent Alexander-Arnold,h,1791,OpenPlay,2018,Head,9313,Liverpool,Fulham,2,0,2018-11-11 12:00:00,Fabinho,Chipped
2653,250168,31,BlockedShot,0.730999984741211,0.415,0.012724299915134907,Trent Alexander-Arnold,h,1791,SetPiece,2018,RightFoot,9313,Liverpool,Fulham,2,0,2018-11-11 12:00:00,,Rebound
2654,250181,67,BlockedShot,0.8130000305175781,0.455,0.1510380059480667,Trent Alexander-Arnold,h,1791,DirectFreekick,2018,RightFoot,9313,Liverpool,Fulham,2,0,2018-11-11 12:00:00,,Standard
2655,250182,80,MissedShots,0.7609999847412109,0.35700000762939454,0.021655600517988205,Trent Alexander-Arnold,h,1791,OpenPlay,2018,RightFoot,9313,Liverpool,Fulham,2,0,2018-11-11 12:00:00,Roberto Firmino,Pass
2656,250279,75,Goal,0.73,0.49,0.051682498306035995,Trent Alexander-Arnold,a,1791,DirectFreekick,2018,RightFoot,9318,Watford,Liverpool,0,3,2018-11-24 15:00:00,,Standard
2657,250915,57,SavedShot,0.9630000305175781,0.6509999847412109,0.05484139919281006,Trent Alexander-Arnold,a,1791,FromCorner,2018,RightFoot,9343,Burnley,Liverpool,1,3,2018-12-05 19:45:00,,None
2658,263695,59,BlockedShot,0.7780000305175782,0.33599998474121096,0.035975098609924316,Trent Alexander-Arnold,h,1791,OpenPlay,2018,RightFoot,9391,Liverpool,Arsenal,5,1,2018-12-29 17:30:00,Roberto Firmino,Pass
2659,274355,55,MissedShots,0.8530000305175781,0.3039999961853027,0.03582419827580452,Trent Alexander-Arnold,a,1791,OpenPlay,2018,RightFoot,9400,Manchester City,Liverpool,2,1,2019-01-03 20:00:00,,None
2660,275516,89,SavedShot,0.919000015258789,0.3089999961853027,0.38645100593566895,Trent Alexander-Arnold,h,1791,OpenPlay,2018,RightFoot,9455,Liverpool,Bournemouth,3,0,2019-02-09 15:00:00,Roberto Firmino,Throughball
2661,276342,53,SavedShot,0.7269999694824218,0.36700000762939455,0.042569600045681,Trent Alexander-Arnold,a,1791,DirectFreekick,2018,RightFoot,9483,Everton,Liverpool,0,0,2019-03-03 16:15:00,,Standard
2662,284928,21,BlockedShot,0.779000015258789,0.28100000381469725,0.018611300736665726,Trent Alexander-Arnold,h,1791,OpenPlay,2018,RightFoot,9490,Liverpool,Burnley,4,2,2019-03-10 12:00:00,Georginio Wijnaldum,Pass
2663,284929,23,MissedShots,0.7440000152587891,0.7090000152587891,0.015773000195622444,Trent Alexander-Arnold,h,1791,FromCorner,2018,RightFoot,9490,Liverpool,Burnley,4,2,2019-03-10 12:00:00,Mohamed Salah,Pass
2664,284933,37,MissedShots,0.775,0.23700000762939452,0.0414292998611927,Trent Alexander-Arnold,h,1791,DirectFreekick,2018,RightFoot,9490,Liverpool,Burnley,4,2,2019-03-10 12:00:00,,Standard
2665,288237,17,MissedShots,0.77,0.30700000762939456,0.02334580011665821,Trent Alexander-Arnold,h,1791,OpenPlay,2018,RightFoot,9510,Liverpool,Tottenham,2,1,2019-03-31 15:30:00,,None
2666,288253,75,SavedShot,0.875,0.23700000762939452,0.01963539980351925,Trent Alexander-Arnold,h,1791,OpenPlay,2018,LeftFoot,9510,Liverpool,Tottenham,2,1,2019-03-31 15:30:00,James Milner,TakeOn
2667,294281,47,BlockedShot,0.7809999847412109,0.28299999237060547,0.017950300127267838,Trent Alexander-Arnold,h,1791,OpenPlay,2018,RightFoot,9531,Liverpool,Chelsea,2,0,2019-04-14 16:30:00,Mohamed Salah,Pass
2668,294291,71,SavedShot,0.9069999694824219,0.7169999694824218,0.023155400529503822,Trent Alexander-Arnold,h,1791,FromCorner,2018,RightFoot,9531,Liverpool,Chelsea,2,0,2019-04-14 16:30:00,Jordan Henderson,TakeOn
2669,296009,46,BlockedShot,0.759000015258789,0.655,0.05468880012631416,Trent Alexander-Arnold,a,1791,DirectFreekick,2018,RightFoot,9544,Cardiff,Liverpool,0,2,2019-04-21 16:00:00,,Standard
2670,296014,54,MissedShots,0.755,0.5520000076293945,0.024412499740719795,Trent Alexander-Arnold,a,1791,OpenPlay,2018,RightFoot,9544,Cardiff,Liverpool,0,2,2019-04-21 16:00:00,Naby Keita,Pass
2671,301359,47,MissedShots,0.7630000305175781,0.22399999618530272,0.03629320114850998,Trent Alexander-Arnold,h,1791,DirectFreekick,2018,RightFoot,9571,Liverpool,Wolverhampton Wanderers,2,0,2019-05-12 14:00:00,,Standard
2672,309915,72,MissedShots,0.735999984741211,0.37400001525878906,0.022033600136637688,Trent Alexander-Arnold,h,1791,OpenPlay,2019,RightFoot,11643,Liverpool,Norwich,4,1,2019-08-09 20:00:00,Joseph Gomez,Pass
2673,309917,84,SavedShot,0.8119999694824219,0.5270000076293946,0.15345899760723114,Trent Alexander-Arnold,h,1791,DirectFreekick,2019,RightFoot,11643,Liverpool,Norwich,4,1,2019-08-09 20:00:00,,Standard
2674,312711,38,BlockedShot,0.8730000305175781,0.29100000381469726,0.017272699624300003,Trent Alexander-Arnold,h,1791,FromCorner,2019,RightFoot,11670,Liverpool,Arsenal,3,1,2019-08-24 17:30:00,,Aerial
2675,312722,52,BlockedShot,0.8530000305175781,0.40599998474121096,0.07424139976501465,Trent Alexander-Arnold,h,1791,OpenPlay,2019,LeftFoot,11670,Liverpool,Arsenal,3,1,2019-08-24 17:30:00,,None
2676,312721,52,BlockedShot,0.840999984741211,0.3870000076293945,0.0880516991019249,Trent Alexander-Arnold,h,1791,OpenPlay,2019,RightFoot,11670,Liverpool,Arsenal,3,1,2019-08-24 17:30:00,Mohamed Salah,LayOff
2677,317039,55,SavedShot,0.9519999694824218,0.3120000076293945,0.2581700086593628,Trent Alexander-Arnold,h,1791,OpenPlay,2019,RightFoot,11683,Liverpool,Newcastle United,3,1,2019-09-14 11:30:00,Roberto Firmino,Pass
2678,317051,86,SavedShot,0.9119999694824219,0.445,0.5096849799156189,Trent Alexander-Arnold,h,1791,OpenPlay,2019,LeftFoot,11683,Liverpool,Newcastle United,3,1,2019-09-14 11:30:00,Mohamed Salah,Pass
2679,321263,13,Goal,0.8090000152587891,0.500999984741211,0.04711329936981201,Trent Alexander-Arnold,a,1791,SetPiece,2019,RightFoot,11701,Chelsea,Liverpool,1,2,2019-09-22 15:30:00,Mohamed Salah,Pass
2680,322367,59,MissedShots,0.7140000152587891,0.4809999847412109,0.04348139837384224,Trent Alexander-Arnold,a,1791,DirectFreekick,2019,RightFoot,11703,Sheffield United,Liverpool,0,1,2019-09-28 11:30:00,,Standard
2681,326456,87,MissedShots,0.8590000152587891,0.27,0.031294699758291245,Trent Alexander-Arnold,a,1791,OpenPlay,2019,RightFoot,11729,Manchester United,Liverpool,1,1,2019-10-20 16:30:00,,None
2682,328011,29,SavedShot,0.78,0.4640000152587891,0.03074599988758564,Trent Alexander-Arnold,h,1791,OpenPlay,2019,RightFoot,11736,Liverpool,Tottenham,2,1,2019-10-27 16:30:00,Andrew Robertson,Pass
2683,328014,41,BlockedShot,0.7480000305175781,0.5270000076293946,0.06298390030860901,Trent Alexander-Arnold,h,1791,DirectFreekick,2019,RightFoot,11736,Liverpool,Tottenham,2,1,2019-10-27 16:30:00,,Standard
2684,329247,25,BlockedShot,0.845,0.26799999237060546,0.024849899113178253,Trent Alexander-Arnold,a,1791,OpenPlay,2019,RightFoot,11744,Aston Villa,Liverpool,1,2,2019-11-02 15:00:00,,BallRecovery
2685,329267,83,MissedShots,0.8,0.32799999237060545,0.017183499410748482,Trent Alexander-Arnold,a,1791,OpenPlay,2019,LeftFoot,11744,Aston Villa,Liverpool,1,2,2019-11-02 15:00:00,Jordan Henderson,TakeOn
2686,329270,93,BlockedShot,0.8119999694824219,0.524000015258789,0.1540299952030182,Trent Alexander-Arnold,a,1791,DirectFreekick,2019,RightFoot,11744,Aston Villa,Liverpool,1,2,2019-11-02 15:00:00,,Standard
2687,333661,66,MissedShots,0.8669999694824219,0.2620000076293945,0.0473066009581089,Trent Alexander-Arnold,h,1791,OpenPlay,2019,RightFoot,11776,Liverpool,Brighton,2,1,2019-11-30 15:00:00,Alex Oxlade-Chamberlain,Pass
2688,335685,46,BlockedShot,0.91,0.31799999237060544,0.08710560202598572,Trent Alexander-Arnold,a,1791,OpenPlay,2019,RightFoot,11794,Bournemouth,Liverpool,0,3,2019-12-07 15:00:00,Roberto Firmino,Pass
2689,335688,57,MissedShots,0.86,0.28600000381469726,0.07886359840631485,Trent Alexander-Arnold,a,1791,OpenPlay,2019,LeftFoot,11794,Bournemouth,Liverpool,0,3,2019-12-07 15:00:00,James Milner,Chipped
2690,335691,78,MissedShots,0.955999984741211,0.3509999847412109,0.09719990193843842,Trent Alexander-Arnold,a,1791,OpenPlay,2019,RightFoot,11794,Bournemouth,Liverpool,0,3,2019-12-07 15:00:00,James Milner,Chipped
2691,335692,81,MissedShots,0.8469999694824218,0.35400001525878905,0.05503210052847862,Trent Alexander-Arnold,a,1791,OpenPlay,2019,RightFoot,11794,Bournemouth,Liverpool,0,3,2019-12-07 15:00:00,,None
2692,339673,0,SavedShot,0.7959999847412109,0.30700000762939456,0.023988699540495872,Trent Alexander-Arnold,a,1791,OpenPlay,2019,RightFoot,11828,Leicester,Liverpool,0,4,2019-12-26 20:00:00,Joseph Gomez,Pass
2693,339689,77,Goal,0.87,0.33599998474121096,0.07902680337429047,Trent Alexander-Arnold,a,1791,OpenPlay,2019,RightFoot,11828,Leicester,Liverpool,0,4,2019-12-26 20:00:00,Sadio Mané,Pass
2694,339926,1,BlockedShot,0.8280000305175781,0.3120000076293945,0.021410800516605377,Trent Alexander-Arnold,h,1791,OpenPlay,2019,RightFoot,11836,Liverpool,Wolverhampton Wanderers,1,0,2019-12-29 16:30:00,Mohamed Salah,Cross
2695,351621,51,BlockedShot,0.7869999694824219,0.355,0.034990500658750534,Trent Alexander-Arnold,h,1791,OpenPlay,2019,LeftFoot,11847,Liverpool,Sheffield United,2,0,2020-01-02 20:00:00,James Milner,Pass
2696,351624,58,BlockedShot,0.795,0.32099998474121094,0.03125679865479469,Trent Alexander-Arnold,h,1791,OpenPlay,2019,RightFoot,11847,Liverpool,Sheffield United,2,0,2020-01-02 20:00:00,Jordan Henderson,Pass
2697,351785,49,MissedShots,0.909000015258789,0.355,0.10650999844074249,Trent Alexander-Arnold,a,1791,OpenPlay,2019,RightFoot,11854,Tottenham,Liverpool,0,1,2020-01-11 17:30:00,Mohamed Salah,Pass
2698,352326,6,BlockedShot,0.7980000305175782,0.3270000076293945,0.07502420246601105,Trent Alexander-Arnold,a,1791,DirectFreekick,2019,RightFoot,11874,Wolverhampton Wanderers,Liverpool,1,2,2020-01-23 20:00:00,,Standard
2699,352547,37,BlockedShot,0.7959999847412109,0.6719999694824219,0.07389210164546967,Trent Alexander-Arnold,h,1791,DirectFreekick,2019,RightFoot,11887,Liverpool,Southampton,4,0,2020-02-01 15:00:00,,Standard
2700,352759,0,MissedShots,0.7559999847412109,0.33,0.01739870011806488,Trent Alexander-Arnold,a,1791,OpenPlay,2019,RightFoot,11899,Norwich,Liverpool,0,1,2020-02-15 17:30:00,Roberto Firmino,Pass
2701,352762,27,MissedShots,0.7880000305175782,0.35200000762939454,0.02108830027282238,Trent Alexander-Arnold,a,1791,OpenPlay,2019,RightFoot,11899,Norwich,Liverpool,0,1,2020-02-15 17:30:00,Mohamed Salah,Pass
2702,352765,38,MissedShots,0.79,0.73,0.024363400414586067,Trent Alexander-Arnold,a,1791,FromCorner,2019,RightFoot,11899,Norwich,Liverpool,0,1,2020-02-15 17:30:00,Andrew Robertson,Pass
2703,353140,15,BlockedShot,0.7240000152587891,0.4379999923706055,0.013568400405347347,Trent Alexander-Arnold,h,1791,OpenPlay,2019,RightFoot,11911,Liverpool,West Ham,3,2,2020-02-24 20:00:00,,None
2704,353145,30,MissedShots,0.8590000152587891,0.35900001525878905,0.07040759921073914,Trent Alexander-Arnold,h,1791,OpenPlay,2019,RightFoot,11911,Liverpool,West Ham,3,2,2020-02-24 20:00:00,Roberto Firmino,Pass
2705,353147,38,BlockedShot,0.754000015258789,0.5940000152587891,0.06132829934358597,Trent Alexander-Arnold,h,1791,DirectFreekick,2019,RightFoot,11911,Liverpool,West Ham,3,2,2020-02-24 20:00:00,,Standard
2706,353155,60,SavedShot,0.745999984741211,0.700999984741211,0.017192399129271507,Trent Alexander-Arnold,h,1791,FromCorner,2019,RightFoot,11911,Liverpool,West Ham,3,2,2020-02-24 20:00:00,Alex Oxlade-Chamberlain,Pass
2707,353329,61,MissedShots,0.7869999694824219,0.8469999694824218,0.03180989995598793,Trent Alexander-Arnold,a,1791,DirectFreekick,2019,RightFoot,11921,Watford,Liverpool,3,0,2020-02-29 17:30:00,,Standard
2708,353407,64,BlockedShot,0.8180000305175781,0.3629999923706055,0.026836799457669258,Trent Alexander-Arnold,h,1791,FromCorner,2019,RightFoot,11928,Liverpool,Bournemouth,2,1,2020-03-07 12:30:00,,None
2709,365870,40,SavedShot,0.7430000305175781,0.6669999694824219,0.04522550106048584,Trent Alexander-Arnold,a,1791,DirectFreekick,2019,RightFoot,11940,Everton,Liverpool,0,0,2020-06-21 18:00:00,,Standard
2710,365875,62,BlockedShot,0.764000015258789,0.46599998474121096,0.07609149813652039,Trent Alexander-Arnold,a,1791,DirectFreekick,2019,RightFoot,11940,Everton,Liverpool,0,0,2020-06-21 18:00:00,,Standard
2711,366431,22,Goal,0.7369999694824219,0.4929999923706055,0.05591629818081856,Trent Alexander-Arnold,h,1791,DirectFreekick,2019,RightFoot,11951,Liverpool,Crystal Palace,4,0,2020-06-24 19:15:00,,Standard
2712,368413,56,BlockedShot,0.82,0.4329999923706055,0.15800899267196655,Trent Alexander-Arnold,a,1791,DirectFreekick,2019,RightFoot,11959,Manchester City,Liverpool,4,0,2020-07-02 19:15:00,,Standard
2713,370438,72,SavedShot,0.735999984741211,0.35700000762939454,0.014723099768161774,Trent Alexander-Arnold,h,1791,OpenPlay,2019,RightFoot,11986,Liverpool,Burnley,1,1,2020-07-11 14:00:00,,BallRecovery
2714,371637,48,MissedShots,0.919000015258789,0.3189999961853027,0.05012739822268486,Trent Alexander-Arnold,a,1791,OpenPlay,2019,RightFoot,11993,Arsenal,Liverpool,2,1,2020-07-15 19:15:00,,None
2715,371654,94,SavedShot,0.6969999694824218,0.654000015258789,0.014750099740922451,Trent Alexander-Arnold,a,1791,FromCorner,2019,RightFoot,11993,Arsenal,Liverpool,2,1,2020-07-15 19:15:00,Andrew Robertson,Pass
2716,373307,37,Goal,0.7040000152587891,0.485,0.03942130133509636,Trent Alexander-Arnold,h,1791,DirectFreekick,2019,RightFoot,12006,Liverpool,Chelsea,5,3,2020-07-22 19:15:00,,Standard
2717,387029,46,MissedShots,0.7340000152587891,0.534000015258789,0.053435999900102615,Trent Alexander-Arnold,a,1791,DirectFreekick,2020,RightFoot,14102,Chelsea,Liverpool,0,2,2020-09-20 15:30:00,,Standard
2718,387037,78,MissedShots,0.7719999694824219,0.63,0.02102160081267357,Trent Alexander-Arnold,a,1791,SetPiece,2020,RightFoot,14102,Chelsea,Liverpool,0,2,2020-09-20 15:30:00,Mohamed Salah,Pass
2719,387042,92,MissedShots,0.749000015258789,0.524000015258789,0.027991199865937233,Trent Alexander-Arnold,a,1791,FromCorner,2020,RightFoot,14102,Chelsea,Liverpool,0,2,2020-09-20 15:30:00,Mohamed Salah,Pass
2720,379998,20,BlockedShot,0.7390000152587891,0.5629999923706055,0.015424899756908417,Trent Alexander-Arnold,h,1791,FromCorner,2020,RightFoot,14115,Liverpool,Arsenal,3,1,2020-09-28 19:15:00,,None
2721,380005,35,MissedShots,0.7519999694824219,0.31799999237060544,0.021701499819755554,Trent Alexander-Arnold,h,1791,OpenPlay,2020,RightFoot,14115,Liverpool,Arsenal,3,1,2020-09-28 19:15:00,Fabinho,Pass
2722,381499,29,BlockedShot,0.7980000305175782,0.6630000305175782,0.02050499990582466,Trent Alexander-Arnold,a,1791,OpenPlay,2020,RightFoot,14466,Aston Villa,Liverpool,7,2,2020-10-04 18:15:00,Diogo Jota,Pass
2723,381520,91,BlockedShot,0.735999984741211,0.4640000152587891,0.05455800145864487,Trent Alexander-Arnold,a,1791,DirectFreekick,2020,RightFoot,14466,Aston Villa,Liverpool,7,2,2020-10-04 18:15:00,,Standard
2724,381683,24,SavedShot,0.7719999694824219,0.525,0.08509960025548935,Trent Alexander-Arnold,a,1791,DirectFreekick,2020,RightFoot,14477,Everton,Liverpool,2,2,2020-10-17 11:30:00,,Standard
2725,381706,86,MissedShots,0.805,0.7780000305175782,0.04756449908018112,Trent Alexander-Arnold,a,1791,DirectFreekick,2020,RightFoot,14477,Everton,Liverpool,2,2,2020-10-17 11:30:00,,Standard
2726,383632,2,SavedShot,0.4909999847412109,0.12300000190734864,0.016928499564528465,Trent Alexander-Arnold,h,1791,DirectFreekick,2020,RightFoot,14490,Liverpool,Sheffield United,2,1,2020-10-24 19:00:00,,Standard
2727,384736,39,BlockedShot,0.7780000305175782,0.40700000762939453,0.08131270110607147,Trent Alexander-Arnold,h,1791,DirectFreekick,2020,RightFoot,14499,Liverpool,West Ham,2,1,2020-10-31 17:30:00,,Standard
2728,386779,43,SavedShot,0.909000015258789,0.3240000152587891,0.07153289765119553,Trent Alexander-Arnold,a,1791,OpenPlay,2020,RightFoot,14511,Manchester City,Liverpool,1,1,2020-11-08 16:30:00,Mohamed Salah,Pass
2729,386780,46,MissedShots,0.749000015258789,0.41,0.05852010101079941,Trent Alexander-Arnold,a,1791,DirectFreekick,2020,RightFoot,14511,Manchester City,Liverpool,1,1,2020-11-08 16:30:00,,Standard
2730,393450,0,BlockedShot,0.7519999694824219,0.3240000152587891,0.017737599089741707,Trent Alexander-Arnold,h,1791,OpenPlay,2020,RightFoot,14563,Liverpool,Tottenham,2,1,2020-12-16 20:00:00,Curtis Jones,Pass
2731,393810,46,MissedShots,0.8140000152587891,0.5329999923706055,0.15690000355243683,Trent Alexander-Arnold,a,1791,DirectFreekick,2020,RightFoot,14568,Crystal Palace,Liverpool,0,7,2020-12-19 12:30:00,,Standard
2732,395784,19,BlockedShot,0.764000015258789,0.47400001525878904,0.03492259979248047,Trent Alexander-Arnold,h,1791,OpenPlay,2020,LeftFoot,14580,Liverpool,West Bromwich Albion,1,1,2020-12-27 16:30:00,Georginio Wijnaldum,Pass
2733,395789,29,MissedShots,0.749000015258789,0.5479999923706055,0.06254419684410095,Trent Alexander-Arnold,h,1791,DirectFreekick,2020,RightFoot,14580,Liverpool,West Bromwich Albion,1,1,2020-12-27 16:30:00,,Standard
2734,395798,77,MissedShots,0.7140000152587891,0.575,0.04157790169119835,Trent Alexander-Arnold,h,1791,DirectFreekick,2020,RightFoot,14580,Liverpool,West Bromwich Albion,1,1,2020-12-27 16:30:00,,Standard
2735,396154,87,BlockedShot,0.7019999694824218,0.43400001525878906,0.010901900008320808,Trent Alexander-Arnold,a,1791,OpenPlay,2020,RightFoot,14591,Newcastle United,Liverpool,0,0,2020-12-30 20:00:00,Georginio Wijnaldum,LayOff
2736,397131,76,MissedShots,0.775,0.3529999923706055,0.01926800049841404,Trent Alexander-Arnold,a,1791,OpenPlay,2020,RightFoot,14598,Southampton,Liverpool,1,0,2021-01-04 20:00:00,Xherdan Shaqiri,Pass
2737,399471,54,SavedShot,0.8540000152587891,0.7140000152587891,0.03577499836683273,Trent Alexander-Arnold,h,1791,OpenPlay,2020,RightFoot,14620,Liverpool,Manchester United,0,0,2021-01-17 16:30:00,Roberto Firmino,Pass
2738,400180,37,MissedShots,0.7519999694824219,0.5820000076293945,0.02218960039317608,Trent Alexander-Arnold,h,1791,OpenPlay,2020,RightFoot,14613,Liverpool,Burnley,0,1,2021-01-21 20:00:00,Thiago Alcántara,Pass
2739,400182,39,BlockedShot,0.884000015258789,0.35200000762939454,0.07907140254974365,Trent Alexander-Arnold,h,1791,OpenPlay,2020,LeftFoot,14613,Liverpool,Burnley,0,1,2021-01-21 20:00:00,Xherdan Shaqiri,Pass
2740,400184,45,MissedShots,0.8090000152587891,0.545,0.04514329880475998,Trent Alexander-Arnold,h,1791,SetPiece,2020,RightFoot,14613,Liverpool,Burnley,0,1,2021-01-21 20:00:00,Thiago Alcántara,Pass
2741,400185,50,SavedShot,0.8469999694824218,0.3189999961853027,0.04045020043849945,Trent Alexander-Arnold,h,1791,OpenPlay,2020,LeftFoot,14613,Liverpool,Burnley,0,1,2021-01-21 20:00:00,,None
2742,400198,88,MissedShots,0.8430000305175781,0.3370000076293945,0.03241939842700958,Trent Alexander-Arnold,h,1791,OpenPlay,2020,RightFoot,14613,Liverpool,Burnley,0,1,2021-01-21 20:00:00,Sadio Mané,Cross
2743,401372,46,Goal,0.894000015258789,0.36400001525878906,0.07836289703845978,Trent Alexander-Arnold,a,1791,OpenPlay,2020,RightFoot,14633,Tottenham,Liverpool,1,3,2021-01-28 20:00:00,,Rebound
2744,404138,44,BlockedShot,0.7809999847412109,0.3920000076293945,0.08064550161361694,Trent Alexander-Arnold,a,1791,DirectFreekick,2020,RightFoot,14670,Leicester,Liverpool,3,1,2021-02-13 12:30:00,,Standard
2745,404141,56,BlockedShot,0.7169999694824218,0.40700000762939453,0.04174479842185974,Trent Alexander-Arnold,a,1791,DirectFreekick,2020,RightFoot,14670,Leicester,Liverpool,3,1,2021-02-13 12:30:00,,Standard
2746,404143,66,BlockedShot,0.7609999847412109,0.32799999237060545,0.017475400120019913,Trent Alexander-Arnold,a,1791,OpenPlay,2020,RightFoot,14670,Leicester,Liverpool,3,1,2021-02-13 12:30:00,,BallRecovery
2747,405690,20,SavedShot,0.7580000305175781,0.36900001525878906,0.021789100021123886,Trent Alexander-Arnold,h,1791,OpenPlay,2020,RightFoot,14680,Liverpool,Everton,0,2,2021-02-20 17:30:00,Sadio Mané,Pass
2748,405691,30,MissedShots,0.769000015258789,0.6959999847412109,0.051888901740312576,Trent Alexander-Arnold,h,1791,DirectFreekick,2020,RightFoot,14680,Liverpool,Everton,0,2,2021-02-20 17:30:00,,Standard
2749,407546,31,SavedShot,0.915,0.34700000762939454,0.09490180015563965,Trent Alexander-Arnold,a,1791,OpenPlay,2020,LeftFoot,14694,Sheffield United,Liverpool,0,2,2021-02-28 19:15:00,,TakeOn
2750,407551,47,BlockedShot,0.7709999847412109,0.35700000762939454,0.023128600791096687,Trent Alexander-Arnold,a,1791,OpenPlay,2020,RightFoot,14694,Sheffield United,Liverpool,0,2,2021-02-28 19:15:00,Georginio Wijnaldum,Pass
2751,407555,54,MissedShots,0.8619999694824219,0.37799999237060544,0.09482059627771378,Trent Alexander-Arnold,a,1791,OpenPlay,2020,LeftFoot,14694,Sheffield United,Liverpool,0,2,2021-02-28 19:15:00,Thiago Alcántara,Pass
2752,408299,60,BlockedShot,0.7069999694824218,0.43,0.015045099891722202,Trent Alexander-Arnold,h,1791,OpenPlay,2020,RightFoot,14719,Liverpool,Chelsea,0,1,2021-03-04 20:15:00,Curtis Jones,Pass
2753,412829,26,BlockedShot,0.8040000152587891,0.40400001525878904,0.039871200919151306,Trent Alexander-Arnold,a,1791,OpenPlay,2020,LeftFoot,14725,Arsenal,Liverpool,0,3,2021-04-03 19:00:00,,None
2754,413876,30,SavedShot,0.7609999847412109,0.675,0.05211459845304489,Trent Alexander-Arnold,h,1791,DirectFreekick,2020,RightFoot,14739,Liverpool,Aston Villa,2,1,2021-04-10 14:00:00,,Standard
2755,413882,40,BlockedShot,0.8430000305175781,0.3820000076293945,0.0658721998333931,Trent Alexander-Arnold,h,1791,OpenPlay,2020,RightFoot,14739,Liverpool,Aston Villa,2,1,2021-04-10 14:00:00,Mohamed Salah,Pass
2756,413898,90,Goal,0.815,0.634000015258789,0.02969750016927719,Trent Alexander-Arnold,h,1791,OpenPlay,2020,RightFoot,14739,Liverpool,Aston Villa,2,1,2021-04-10 14:00:00,,Rebound
2757,417058,40,MissedShots,0.7140000152587891,0.25,0.013993199914693832,Trent Alexander-Arnold,h,1791,OpenPlay,2020,RightFoot,14760,Liverpool,Newcastle United,1,1,2021-04-24 11:30:00,Thiago Alcántara,Pass
2758,417069,74,MissedShots,0.779000015258789,0.4209999847412109,0.03434329852461815,Trent Alexander-Arnold,h,1791,FromCorner,2020,RightFoot,14760,Liverpool,Newcastle United,1,1,2021-04-24 11:30:00,Thiago Alcántara,Pass
2759,417068,74,BlockedShot,0.7240000152587891,0.580999984741211,0.04557190090417862,Trent Alexander-Arnold,h,1791,DirectFreekick,2020,RightFoot,14760,Liverpool,Newcastle United,1,1,2021-04-24 11:30:00,,Standard
2760,421654,35,BlockedShot,0.7819999694824219,0.25,0.013943199999630451,Trent Alexander-Arnold,a,1791,FromCorner,2020,RightFoot,14770,Manchester United,Liverpool,2,4,2021-05-13 19:15:00,,None
2761,421659,46,SavedShot,0.8859999847412109,0.32,0.0767183005809784,Trent Alexander-Arnold,a,1791,OpenPlay,2020,RightFoot,14770,Manchester United,Liverpool,2,4,2021-05-13 19:15:00,Roberto Firmino,Pass
2762,421662,61,SavedShot,0.885,0.63,0.11234299838542938,Trent Alexander-Arnold,a,1791,OpenPlay,2020,LeftFoot,14770,Manchester United,Liverpool,2,4,2021-05-13 19:15:00,Mohamed Salah,Pass
2763,421664,68,MissedShots,0.7930000305175782,0.38,0.037534501403570175,Trent Alexander-Arnold,a,1791,OpenPlay,2020,RightFoot,14770,Manchester United,Liverpool,2,4,2021-05-13 19:15:00,Mohamed Salah,Pass
2764,422444,26,BlockedShot,0.7559999847412109,0.6419999694824219,0.05527209863066673,Trent Alexander-Arnold,a,1791,DirectFreekick,2020,RightFoot,14789,West Bromwich Albion,Liverpool,1,2,2021-05-16 15:30:00,,Standard
2765,422447,31,MissedShots,0.8169999694824219,0.35700000762939454,0.0407756008207798,Trent Alexander-Arnold,a,1791,OpenPlay,2020,LeftFoot,14789,West Bromwich Albion,Liverpool,1,2,2021-05-16 15:30:00,Thiago Alcántara,Pass
2766,422455,45,BlockedShot,0.794000015258789,0.325,0.02635820023715496,Trent Alexander-Arnold,a,1791,OpenPlay,2020,LeftFoot,14789,West Bromwich Albion,Liverpool,1,2,2021-05-16 15:30:00,Mohamed Salah,Pass
2767,422467,82,MissedShots,0.9030000305175782,0.40299999237060546,0.12352299690246582,Trent Alexander-Arnold,a,1791,OpenPlay,2020,LeftFoot,14789,West Bromwich Albion,Liverpool,1,2,2021-05-16 15:30:00,Fabinho,TakeOn
2768,423339,2,BlockedShot,0.7680000305175781,0.30700000762939456,0.019617900252342224,Trent Alexander-Arnold,a,1791,OpenPlay,2020,RightFoot,14796,Burnley,Liverpool,0,3,2021-05-19 19:15:00,Roberto Firmino,Pass
2769,423347,36,MissedShots,0.7230000305175781,0.6990000152587891,0.03496930003166199,Trent Alexander-Arnold,a,1791,DirectFreekick,2020,RightFoot,14796,Burnley,Liverpool,0,3,2021-05-19 19:15:00,,Standard
2770,423352,39,BlockedShot,0.9290000152587891,0.27,0.031767599284648895,Trent Alexander-Arnold,a,1791,OpenPlay,2020,RightFoot,14796,Burnley,Liverpool,0,3,2021-05-19 19:15:00,,Rebound
2771,424050,17,MissedShots,0.725,0.6020000076293945,0.044471900910139084,Trent Alexander-Arnold,h,1791,DirectFreekick,2020,RightFoot,14810,Liverpool,Crystal Palace,2,0,2021-05-23 15:00:00,,Standard
2772,425994,53,MissedShots,0.7269999694824218,0.5820000076293945,0.046926099807024,Trent Alexander-Arnold,a,1791,DirectFreekick,2021,RightFoot,16383,Norwich,Liverpool,0,3,2021-08-14 16:30:00,,Standard
2773,425998,62,MissedShots,0.8230000305175781,0.285,0.024322200566530228,Trent Alexander-Arnold,a,1791,OpenPlay,2021,RightFoot,16383,Norwich,Liverpool,0,3,2021-08-14 16:30:00,Sadio Mané,Chipped
2774,426799,83,SavedShot,0.825999984741211,0.3629999923706055,0.04983000084757805,Trent Alexander-Arnold,h,1791,OpenPlay,2021,RightFoot,16386,Liverpool,Burnley,2,0,2021-08-21 11:30:00,Mohamed Salah,Pass
2775,428827,79,BlockedShot,0.8130000305175781,0.53,0.047855399549007416,Trent Alexander-Arnold,h,1791,OpenPlay,2021,LeftFoot,16402,Liverpool,Chelsea,1,1,2021-08-28 16:30:00,Thiago Alcántara,HeadPass
2776,428830,84,SavedShot,0.8330000305175781,0.315,0.03811449930071831,Trent Alexander-Arnold,h,1791,OpenPlay,2021,RightFoot,16402,Liverpool,Chelsea,1,1,2021-08-28 16:30:00,Mohamed Salah,Pass
2777,430566,40,BlockedShot,0.7619999694824219,0.5629999923706055,0.07143809646368027,Trent Alexander-Arnold,a,1791,DirectFreekick,2021,RightFoot,16414,Leeds,Liverpool,0,3,2021-09-12 15:30:00,,Standard
2778,430577,72,SavedShot,0.9009999847412109,0.3770000076293945,0.08745460212230682,Trent Alexander-Arnold,a,1791,OpenPlay,2021,LeftFoot,16414,Leeds,Liverpool,0,3,2021-09-12 15:30:00,Joel Matip,Pass
2779,430590,96,MissedShots,0.6659999847412109,0.57,0.012050899676978588,Trent Alexander-Arnold,a,1791,OpenPlay,2021,LeftFoot,16414,Leeds,Liverpool,0,3,2021-09-12 15:30:00,,None
2780,433690,33,BlockedShot,0.7240000152587891,0.3390000152587891,0.013653400354087353,Trent Alexander-Arnold,a,1791,OpenPlay,2021,RightFoot,16432,Brentford,Liverpool,3,3,2021-09-25 16:30:00,Sadio Mané,Pass
2781,433695,45,MissedShots,0.7919999694824219,0.634000015258789,0.08351320028305054,Trent Alexander-Arnold,a,1791,DirectFreekick,2021,RightFoot,16432,Brentford,Liverpool,3,3,2021-09-25 16:30:00,,Standard
2782,433699,61,BlockedShot,0.7980000305175782,0.2879999923706055,0.02698810026049614,Trent Alexander-Arnold,a,1791,OpenPlay,2021,LeftFoot,16432,Brentford,Liverpool,3,3,2021-09-25 16:30:00,Mohamed Salah,Pass
2783,435991,45,MissedShots,0.769000015258789,0.3320000076293945,0.025671400129795074,Trent Alexander-Arnold,a,1791,OpenPlay,2021,RightFoot,16455,Watford,Liverpool,0,5,2021-10-16 11:30:00,Roberto Firmino,Pass
2784,435997,62,BlockedShot,0.750999984741211,0.38,0.02738030068576336,Trent Alexander-Arnold,a,1791,OpenPlay,2021,RightFoot,16455,Watford,Liverpool,0,5,2021-10-16 11:30:00,James Milner,Pass
2785,438523,70,SavedShot,0.8059999847412109,0.32299999237060545,0.04359180107712746,Trent Alexander-Arnold,a,1791,OpenPlay,2021,RightFoot,16463,Manchester United,Liverpool,0,5,2021-10-24 15:30:00,Alex Oxlade-Chamberlain,Pass
2786,439695,71,MissedShots,0.7619999694824219,0.6020000076293945,0.020436299964785576,Trent Alexander-Arnold,h,1791,SetPiece,2021,RightFoot,16469,Liverpool,Brighton,2,2,2021-10-30 14:00:00,Jordan Henderson,Pass
2787,441911,34,MissedShots,0.8540000152587891,0.43099998474121093,0.05883210152387619,Trent Alexander-Arnold,a,1791,OpenPlay,2021,RightFoot,16485,West Ham,Liverpool,3,2,2021-11-07 16:30:00,,None
2788,441912,40,Goal,0.795,0.45099998474121095,0.11406999826431274,Trent Alexander-Arnold,a,1791,DirectFreekick,2021,RightFoot,16485,West Ham,Liverpool,3,2,2021-11-07 16:30:00,,Standard
2789,442775,36,BlockedShot,0.745999984741211,0.610999984741211,0.015296800062060356,Trent Alexander-Arnold,h,1791,FromCorner,2021,RightFoot,16489,Liverpool,Arsenal,4,0,2021-11-20 17:30:00,,None
2790,442774,36,SavedShot,0.845,0.485,0.09204120188951492,Trent Alexander-Arnold,h,1791,OpenPlay,2021,LeftFoot,16489,Liverpool,Arsenal,4,0,2021-11-20 17:30:00,Thiago Alcántara,Pass
2791,442782,56,BlockedShot,0.89,0.3039999961853027,0.06239069998264313,Trent Alexander-Arnold,h,1791,OpenPlay,2021,RightFoot,16489,Liverpool,Arsenal,4,0,2021-11-20 17:30:00,Mohamed Salah,Pass
2792,445699,14,SavedShot,0.799000015258789,0.4370000076293945,0.043995000422000885,Trent Alexander-Arnold,a,1791,OpenPlay,2021,LeftFoot,16507,Everton,Liverpool,1,4,2021-12-01 20:15:00,Diogo Jota,Pass
2793,446188,27,MissedShots,0.9219999694824219,0.3340000152587891,0.06736250221729279,Trent Alexander-Arnold,a,1791,OpenPlay,2021,RightFoot,16525,Wolverhampton Wanderers,Liverpool,0,1,2021-12-04 15:00:00,Thiago Alcántara,Chipped
2794,446200,77,MissedShots,0.7130000305175781,0.38599998474121094,0.014169899746775627,Trent Alexander-Arnold,a,1791,OpenPlay,2021,RightFoot,16525,Wolverhampton Wanderers,Liverpool,0,1,2021-12-04 15:00:00,Sadio Mané,Pass
2795,447677,10,BlockedShot,0.8009999847412109,0.46799999237060547,0.04390620067715645,Trent Alexander-Arnold,h,1791,OpenPlay,2021,RightFoot,16533,Liverpool,Aston Villa,1,0,2021-12-11 15:00:00,,None
2796,447690,55,MissedShots,0.925,0.28,0.021999100223183632,Trent Alexander-Arnold,h,1791,OpenPlay,2021,RightFoot,16533,Liverpool,Aston Villa,1,0,2021-12-11 15:00:00,Andrew Robertson,Cross
2797,449205,86,Goal,0.7290000152587891,0.66,0.013796900399029255,Trent Alexander-Arnold,h,1791,SetPiece,2021,RightFoot,16544,Liverpool,Newcastle United,3,1,2021-12-16 20:00:00,Roberto Firmino,Pass
2798,449807,10,SavedShot,0.754000015258789,0.435,0.020114300772547722,Trent Alexander-Arnold,a,1791,OpenPlay,2021,LeftFoot,16552,Tottenham,Liverpool,2,2,2021-12-19 16:30:00,,None
2799,449820,42,SavedShot,0.92,0.3920000076293945,0.08184090256690979,Trent Alexander-Arnold,a,1791,OpenPlay,2021,RightFoot,16552,Tottenham,Liverpool,2,2,2021-12-19 16:30:00,Sadio Mané,Cross
2800,451178,23,BlockedShot,0.8490000152587891,0.29600000381469727,0.04975359886884689,Trent Alexander-Arnold,a,1791,OpenPlay,2021,RightFoot,16578,Chelsea,Liverpool,2,2,2022-01-02 16:30:00,,None
2801,451179,24,SavedShot,0.755,0.4259999847412109,0.013927699998021126,Trent Alexander-Arnold,a,1791,FromCorner,2021,RightFoot,16578,Chelsea,Liverpool,2,2,2022-01-02 16:30:00,,Aerial
2802,453596,11,BlockedShot,0.879000015258789,0.3940000152587891,0.13261599838733673,Trent Alexander-Arnold,h,1791,OpenPlay,2021,LeftFoot,16589,Liverpool,Brentford,3,0,2022-01-16 14:00:00,Alex Oxlade-Chamberlain,TakeOn
2803,453597,13,MissedShots,0.7930000305175782,0.32799999237060545,0.021871600300073624,Trent Alexander-Arnold,h,1791,OpenPlay,2021,RightFoot,16589,Liverpool,Brentford,3,0,2022-01-16 14:00:00,Alex Oxlade-Chamberlain,Pass
2804,453607,46,MissedShots,0.7280000305175781,0.5690000152587891,0.01107960008084774,Trent Alexander-Arnold,h,1791,SetPiece,2021,RightFoot,16589,Liverpool,Brentford,3,0,2022-01-16 14:00:00,,None
2805,453619,75,MissedShots,0.7119999694824218,0.580999984741211,0.01719759963452816,Trent Alexander-Arnold,h,1791,OpenPlay,2021,RightFoot,16589,Liverpool,Brentford,3,0,2022-01-16 14:00:00,Fabinho,Pass
2806,456717,18,SavedShot,0.865,0.36700000762939455,0.06575310230255127,Trent Alexander-Arnold,h,1791,OpenPlay,2021,LeftFoot,16614,Liverpool,Leicester,2,0,2022-02-10 19:45:00,Curtis Jones,BallTouch
2807,456735,79,MissedShots,0.7569999694824219,0.4279999923706055,0.026739800348877907,Trent Alexander-Arnold,h,1791,OpenPlay,2021,RightFoot,16614,Liverpool,Leicester,2,0,2022-02-10 19:45:00,Andrew Robertson,Pass
2808,457394,9,BlockedShot,0.754000015258789,0.4129999923706055,0.020258300006389618,Trent Alexander-Arnold,a,1791,FromCorner,2021,RightFoot,16617,Burnley,Liverpool,0,1,2022-02-13 14:00:00,Mohamed Salah,Pass
2809,461245,26,MissedShots,0.7869999694824219,0.27899999618530275,0.011491600424051285,Trent Alexander-Arnold,h,1791,OpenPlay,2021,RightFoot,16649,Liverpool,West Ham,1,0,2022-03-05 17:30:00,Naby Keita,Chipped
2810,461247,32,MissedShots,0.7980000305175782,0.40700000762939453,0.1053370013833046,Trent Alexander-Arnold,h,1791,DirectFreekick,2021,RightFoot,16649,Liverpool,West Ham,1,0,2022-03-05 17:30:00,,Standard
2811,461257,49,SavedShot,0.759000015258789,0.39599998474121095,0.022678600624203682,Trent Alexander-Arnold,h,1791,OpenPlay,2021,RightFoot,16649,Liverpool,West Ham,1,0,2022-03-05 17:30:00,Jordan Henderson,Pass
2812,462295,38,MissedShots,0.87,0.69,0.03787440061569214,Trent Alexander-Arnold,a,1791,SetPiece,2021,RightFoot,16658,Brighton,Liverpool,0,2,2022-03-12 12:30:00,,None
2813,467485,28,SavedShot,0.48,0.46799999237060547,0.012577700428664684,Trent Alexander-Arnold,a,1791,OpenPlay,2021,RightFoot,16690,Manchester City,Liverpool,2,2,2022-04-10 15:30:00,Mohamed Salah,Pass
2814,473765,23,MissedShots,0.7830000305175782,0.24899999618530275,0.01777059957385063,Trent Alexander-Arnold,h,1791,OpenPlay,2021,RightFoot,16728,Liverpool,Tottenham,1,1,2022-05-07 18:45:00,Thiago Alcántara,Pass
2815,473768,40,BlockedShot,0.7809999847412109,0.32599998474121095,0.06327129900455475,Trent Alexander-Arnold,h,1791,DirectFreekick,2021,RightFoot,16728,Liverpool,Tottenham,1,1,2022-05-07 18:45:00,,Standard
2816,473774,48,BlockedShot,0.894000015258789,0.265,0.03833480179309845,Trent Alexander-Arnold,h,1791,OpenPlay,2021,RightFoot,16728,Liverpool,Tottenham,1,1,2022-05-07 18:45:00,,None
2817,473785,72,BlockedShot,0.7909999847412109,0.3139999961853027,0.023497199639678,Trent Alexander-Arnold,h,1791,OpenPlay,2021,RightFoot,16728,Liverpool,Tottenham,1,1,2022-05-07 18:45:00,Fabinho,Pass
2818,475035,47,MissedShots,0.7219999694824218,0.6580000305175782,0.03841260075569153,Trent Alexander-Arnold,a,1791,DirectFreekick,2021,RightFoot,16705,Aston Villa,Liverpool,1,2,2022-05-10 19:00:00,,Standard
2819,475037,56,MissedShots,0.7190000152587891,0.59,0.04276309907436371,Trent Alexander-Arnold,a,1791,DirectFreekick,2021,RightFoot,16705,Aston Villa,Liverpool,1,2,2022-05-10 19:00:00,,Standard
2820,477904,27,MissedShots,0.8440000152587891,0.335,0.04349059984087944,Trent Alexander-Arnold,h,1791,OpenPlay,2021,RightFoot,16753,Liverpool,Wolverhampton Wanderers,3,1,2022-05-22 15:00:00,,None
2821,477914,63,SavedShot,0.7340000152587891,0.40700000762939453,0.018051499500870705,Trent Alexander-Arnold,h,1791,OpenPlay,2021,RightFoot,16753,Liverpool,Wolverhampton Wanderers,3,1,2022-05-22 15:00:00,Sadio Mané,Pass
2822,477917,69,BlockedShot,0.889000015258789,0.33799999237060546,0.08828040212392807,Trent Alexander-Arnold,h,1791,OpenPlay,2021,LeftFoot,16753,Liverpool,Wolverhampton Wanderers,3,1,2022-05-22 15:00:00,,TakeOn
2823,481431,21,BlockedShot,0.8530000305175781,0.32099998474121094,0.03680359944701195,Trent Alexander-Arnold,h,1791,OpenPlay,2022,RightFoot,18221,Liverpool,Crystal Palace,1,1,2022-08-15 19:00:00,Mohamed Salah,Pass
2824,481439,35,BlockedShot,0.774000015258789,0.3890000152587891,0.0269664004445076,Trent Alexander-Arnold,h,1791,OpenPlay,2022,LeftFoot,18221,Liverpool,Crystal Palace,1,1,2022-08-15 19:00:00,,Rebound
2825,481438,35,BlockedShot,0.775,0.3220000076293945,0.019811399281024933,Trent Alexander-Arnold,h,1791,OpenPlay,2022,RightFoot,18221,Liverpool,Crystal Palace,1,1,2022-08-15 19:00:00,Mohamed Salah,Pass
2826,481449,70,MissedShots,0.9059999847412109,0.31799999237060544,0.0619192011654377,Trent Alexander-Arnold,h,1791,OpenPlay,2022,RightFoot,18221,Liverpool,Crystal Palace,1,1,2022-08-15 19:00:00,Mohamed Salah,Pass
2827,483134,84,MissedShots,0.735999984741211,0.6359999847412109,0.017977399751544,Trent Alexander-Arnold,a,1791,FromCorner,2022,RightFoot,18231,Manchester United,Liverpool,2,1,2022-08-22 19:00:00,Mohamed Salah,Pass
2828,483652,27,Goal,0.7580000305175781,0.365,0.01976270042359829,Trent Alexander-Arnold,h,1791,OpenPlay,2022,RightFoot,18236,Liverpool,Bournemouth,9,0,2022-08-27 14:00:00,Roberto Firmino,Pass
2829,485305,47,MissedShots,0.855999984741211,0.3160000038146973,0.02926420047879219,Trent Alexander-Arnold,h,1791,OpenPlay,2022,RightFoot,18250,Liverpool,Newcastle United,2,1,2022-08-31 19:00:00,Andrew Robertson,Cross
2830,485306,48,BlockedShot,0.735999984741211,0.4929999923706055,0.02009730041027069,Trent Alexander-Arnold,h,1791,FromCorner,2022,RightFoot,18250,Liverpool,Newcastle United,2,1,2022-08-31 19:00:00,Mohamed Salah,Pass
2831,490147,20,MissedShots,0.7709999847412109,0.644000015258789,0.014580300077795982,Trent Alexander-Arnold,h,1791,SetPiece,2022,RightFoot,18288,Liverpool,Brighton,3,3,2022-10-01 14:00:00,,None
2832,490153,38,MissedShots,0.8440000152587891,0.32299999237060545,0.0374050997197628,Trent Alexander-Arnold,h,1791,OpenPlay,2022,RightFoot,18288,Liverpool,Brighton,3,3,2022-10-01 14:00:00,Thiago Alcántara,HeadPass
2833,490161,90,SavedShot,0.710999984741211,0.475,0.04208569973707199,Trent Alexander-Arnold,h,1791,DirectFreekick,2022,RightFoot,18288,Liverpool,Brighton,3,3,2022-10-01 14:00:00,,Standard
2834,493858,92,MissedShots,0.9740000152587891,0.4209999847412109,0.49637800455093384,Trent Alexander-Arnold,h,1791,OpenPlay,2022,RightFoot,18307,Liverpool,Manchester City,1,0,2022-10-16 15:30:00,Darwin Núñez,Pass
2835,494773,84,SavedShot,0.935,0.4179999923706055,0.0781560018658638,Trent Alexander-Arnold,a,1791,OpenPlay,2022,Head,18327,Nottingham Forest,Liverpool,1,0,2022-10-22 11:30:00,Andrew Robertson,Cross
2836,500173,34,MissedShots,0.8019999694824219,0.35900001525878905,0.04738210141658783,Trent Alexander-Arnold,h,1791,OpenPlay,2022,RightFoot,18355,Liverpool,Southampton,3,1,2022-11-12 15:00:00,,None
2837,501569,16,BlockedShot,0.7980000305175782,0.335,0.01784919947385788,Trent Alexander-Arnold,h,1791,SetPiece,2022,RightFoot,18375,Liverpool,Leicester,2,1,2022-12-30 20:00:00,,Rebound
2838,501568,16,BlockedShot,0.7780000305175782,0.36400001525878906,0.07091549783945084,Trent Alexander-Arnold,h,1791,DirectFreekick,2022,RightFoot,18375,Liverpool,Leicester,2,1,2022-12-30 20:00:00,,Standard
2839,501576,43,MissedShots,0.754000015258789,0.4159999847412109,0.015644999220967293,Trent Alexander-Arnold,h,1791,OpenPlay,2022,LeftFoot,18375,Liverpool,Leicester,2,1,2022-12-30 20:00:00,Harvey Elliott,Chipped
2840,504431,82,MissedShots,0.8819999694824219,0.3609999847412109,0.061423901468515396,Trent Alexander-Arnold,h,1791,OpenPlay,2022,RightFoot,18408,Liverpool,Chelsea,0,0,2023-01-21 12:30:00,,None
2841,507104,26,MissedShots,0.8769999694824219,0.3659999847412109,0.04227619990706444,Trent Alexander-Arnold,a,1791,OpenPlay,2022,RightFoot,18421,Wolverhampton Wanderers,Liverpool,3,0,2023-02-04 15:00:00,,Rebound
2842,507119,68,BlockedShot,0.7130000305175781,0.37799999237060544,0.03829370066523552,Trent Alexander-Arnold,a,1791,DirectFreekick,2022,RightFoot,18421,Wolverhampton Wanderers,Liverpool,3,0,2023-02-04 15:00:00,,Standard
2843,507120,68,MissedShots,0.705999984741211,0.4209999847412109,0.01120120007544756,Trent Alexander-Arnold,a,1791,SetPiece,2022,RightFoot,18421,Wolverhampton Wanderers,Liverpool,3,0,2023-02-04 15:00:00,,Rebound
2844,511052,28,BlockedShot,0.8109999847412109,0.5029999923706054,0.15374599397182465,Trent Alexander-Arnold,a,1791,DirectFreekick,2022,RightFoot,18443,Crystal Palace,Liverpool,0,0,2023-02-25 19:45:00,,Standard
2845,511059,51,SavedShot,0.93,0.18100000381469727,0.02452710084617138,Trent Alexander-Arnold,a,1791,OpenPlay,2022,RightFoot,18443,Crystal Palace,Liverpool,0,0,2023-02-25 19:45:00,Mohamed Salah,Pass
2846,511735,45,BlockedShot,0.7580000305175781,0.40900001525878904,0.020494399592280388,Trent Alexander-Arnold,h,1791,OpenPlay,2022,RightFoot,18264,Liverpool,Wolverhampton Wanderers,2,0,2023-03-01 20:00:00,Diogo Jota,Pass
2847,513239,16,MissedShots,0.89,0.705,0.01774049922823906,Trent Alexander-Arnold,a,1791,OpenPlay,2022,RightFoot,18462,Bournemouth,Liverpool,1,0,2023-03-11 12:30:00,,Aerial
2848,518778,91,MissedShots,0.740999984741211,0.4640000152587891,0.02003460004925728,Trent Alexander-Arnold,h,1791,OpenPlay,2022,RightFoot,18497,Liverpool,Arsenal,2,2,2023-04-09 15:30:00,Mohamed Salah,Pass
2849,522132,57,MissedShots,0.6790000152587891,0.385,0.008752028457820415,Trent Alexander-Arnold,a,1791,OpenPlay,2022,RightFoot,18526,West Ham,Liverpool,1,2,2023-04-26 18:45:00,,None
2850,522134,63,MissedShots,0.789000015258789,0.3559999847412109,0.027531130239367485,Trent Alexander-Arnold,a,1791,OpenPlay,2022,RightFoot,18526,West Ham,Liverpool,1,2,2023-04-26 18:45:00,Fabinho,Pass
2851,523448,69,BlockedShot,0.740999984741211,0.519000015258789,0.021701630204916,Trent Alexander-Arnold,h,1791,OpenPlay,2022,RightFoot,18539,Liverpool,Tottenham,4,3,2023-04-30 15:30:00,Curtis Jones,Pass
2852,523983,2,BlockedShot,0.774000015258789,0.4640000152587891,0.030886663123965263,Trent Alexander-Arnold,h,1791,OpenPlay,2022,RightFoot,18477,Liverpool,Fulham,1,0,2023-05-03 19:00:00,,None
2853,523985,7,SavedShot,0.7240000152587891,0.6530000305175782,0.013297715224325657,Trent Alexander-Arnold,h,1791,OpenPlay,2022,RightFoot,18477,Liverpool,Fulham,1,0,2023-05-03 19:00:00,Luis Díaz,Pass
2854,523986,9,MissedShots,0.799000015258789,0.41200000762939454,0.039607349783182144,Trent Alexander-Arnold,h,1791,OpenPlay,2022,RightFoot,18477,Liverpool,Fulham,1,0,2023-05-03 19:00:00,Mohamed Salah,Pass
2855,524782,50,MissedShots,0.7090000152587891,0.5640000152587891,0.016853369772434235,Trent Alexander-Arnold,h,1791,OpenPlay,2022,RightFoot,18545,Liverpool,Brentford,1,0,2023-05-06 16:30:00,Diogo Jota,Pass
2856,524786,73,BlockedShot,0.755,0.6480000305175782,0.02127906307578087,Trent Alexander-Arnold,h,1791,OpenPlay,2022,RightFoot,18545,Liverpool,Brentford,1,0,2023-05-06 16:30:00,Jordan Henderson,Pass
2857,524787,77,SavedShot,0.799000015258789,0.34,0.03959416598081589,Trent Alexander-Arnold,h,1791,OpenPlay,2022,RightFoot,18545,Liverpool,Brentford,1,0,2023-05-06 16:30:00,,None
2858,526977,70,Goal,0.7619999694824219,0.5940000152587891,0.06710599362850189,Trent Alexander-Arnold,a,1791,DirectFreekick,2022,RightFoot,18559,Leicester,Liverpool,0,3,2023-05-15 19:00:00,,Standard
2859,527480,72,SavedShot,0.8280000305175781,0.46599998474121096,0.06019679829478264,Trent Alexander-Arnold,h,1791,OpenPlay,2022,RightFoot,18565,Liverpool,Aston Villa,1,1,2023-05-20 14:00:00,Cody Gakpo,Pass
2860,529903,40,BlockedShot,0.7140000152587891,0.5590000152587891,0.014799450524151325,Trent Alexander-Arnold,a,1791,OpenPlay,2022,RightFoot,18581,Southampton,Liverpool,4,4,2023-05-28 15:30:00,Curtis Jones,Pass
2861,529918,76,BlockedShot,0.875999984741211,0.3340000152587891,0.04691100865602493,Trent Alexander-Arnold,a,1791,FromCorner,2022,LeftFoot,18581,Southampton,Liverpool,4,4,2023-05-28 15:30:00,Harvey Elliott,Pass
2862,529920,80,BlockedShot,0.7980000305175782,0.34900001525878904,0.02763550914824009,Trent Alexander-Arnold,a,1791,OpenPlay,2022,RightFoot,18581,Southampton,Liverpool,4,4,2023-05-28 15:30:00,,None
2863,533198,12,SavedShot,0.9419999694824219,0.25799999237060545,0.030611610040068626,Trent Alexander-Arnold,h,1791,OpenPlay,2023,RightFoot,22288,Liverpool,Bournemouth,3,1,2023-08-19 14:00:00,Mohamed Salah,Pass
2864,533208,44,SavedShot,0.8640000152587891,0.3370000076293945,0.07277153432369232,Trent Alexander-Arnold,h,1791,OpenPlay,2023,LeftFoot,22288,Liverpool,Bournemouth,3,1,2023-08-19 14:00:00,Cody Gakpo,Pass
2865,533213,45,BlockedShot,0.769000015258789,0.42700000762939455,0.009646824561059475,Trent Alexander-Arnold,h,1791,FromCorner,2023,RightFoot,22288,Liverpool,Bournemouth,3,1,2023-08-19 14:00:00,Dominik Szoboszlai,Chipped
2866,536795,41,MissedShots,0.7530000305175781,0.47,0.022113068029284477,Trent Alexander-Arnold,h,1791,OpenPlay,2023,RightFoot,21933,Liverpool,Aston Villa,3,0,2023-09-03 13:00:00,Dominik Szoboszlai,Pass
2867,536806,68,MissedShots,0.7469999694824219,0.445,0.030877765268087387,Trent Alexander-Arnold,h,1791,OpenPlay,2023,RightFoot,21933,Liverpool,Aston Villa,3,0,2023-09-03 13:00:00,Joseph Gomez,Pass
2868,543719,22,BlockedShot,0.8040000152587891,0.5179999923706055,0.13678111135959625,Trent Alexander-Arnold,h,1791,DirectFreekick,2023,RightFoot,21979,Liverpool,Everton,2,0,2023-10-21 11:30:00,,Standard
2869,543723,39,MissedShots,0.7340000152587891,0.4879999923706055,0.01530187577009201,Trent Alexander-Arnold,h,1791,FromCorner,2023,RightFoot,21979,Liverpool,Everton,2,0,2023-10-21 11:30:00,,None
2870,543727,43,BlockedShot,0.754000015258789,0.485,0.02707408368587494,Trent Alexander-Arnold,h,1791,FromCorner,2023,RightFoot,21979,Liverpool,Everton,2,0,2023-10-21 11:30:00,Alexis Mac Allister,Pass
2871,543732,52,BlockedShot,0.775,0.4,0.019333893433213234,Trent Alexander-Arnold,h,1791,FromCorner,2023,RightFoot,21979,Liverpool,Everton,2,0,2023-10-21 11:30:00,,None
2872,546079,20,BlockedShot,0.7030000305175781,0.524000015258789,0.007149653974920511,Trent Alexander-Arnold,h,1791,FromCorner,2023,RightFoot,21991,Liverpool,Nottingham Forest,3,0,2023-10-29 14:00:00,Virgil van Dijk,Chipped
2873,546090,48,BlockedShot,0.740999984741211,0.6409999847412109,0.04774851351976395,Trent Alexander-Arnold,h,1791,DirectFreekick,2023,RightFoot,21991,Liverpool,Nottingham Forest,3,0,2023-10-29 14:00:00,,Standard
2874,546096,67,MissedShots,0.6830000305175781,0.3509999847412109,0.01202870812267065,Trent Alexander-Arnold,h,1791,OpenPlay,2023,RightFoot,21991,Liverpool,Nottingham Forest,3,0,2023-10-29 14:00:00,,BallRecovery
2875,547527,35,BlockedShot,0.8080000305175781,0.46099998474121096,0.014719950966536999,Trent Alexander-Arnold,a,1791,FromCorner,2023,RightFoot,21999,Luton,Liverpool,1,1,2023-11-05 16:30:00,Dominik Szoboszlai,Chipped
2876,547532,62,MissedShots,0.610999984741211,0.6140000152587891,0.008014518767595291,Trent Alexander-Arnold,a,1791,OpenPlay,2023,RightFoot,21999,Luton,Liverpool,1,1,2023-11-05 16:30:00,Joseph Gomez,Pass
2877,549460,79,Goal,0.8480000305175781,0.37099998474121093,0.06363870203495026,Trent Alexander-Arnold,a,1791,OpenPlay,2023,RightFoot,22020,Manchester City,Liverpool,1,1,2023-11-25 12:30:00,Mohamed Salah,Pass
2878,551721,19,ShotOnPost,0.7559999847412109,0.335,0.05141785368323326,Trent Alexander-Arnold,h,1791,DirectFreekick,2023,RightFoot,22030,Liverpool,Fulham,4,3,2023-12-03 14:00:00,,Standard
2879,551726,33,BlockedShot,0.7559999847412109,0.5179999923706055,0.024091430008411407,Trent Alexander-Arnold,h,1791,OpenPlay,2023,LeftFoot,22030,Liverpool,Fulham,4,3,2023-12-03 14:00:00,Dominik Szoboszlai,Pass
2880,551748,83,BlockedShot,0.835,0.5579999923706055,0.04311665520071983,Trent Alexander-Arnold,h,1791,OpenPlay,2023,RightFoot,22030,Liverpool,Fulham,4,3,2023-12-03 14:00:00,Konstantinos Tsimikas,HeadPass
2881,551754,87,Goal,0.845999984741211,0.5570000076293945,0.02915850654244423,Trent Alexander-Arnold,h,1791,OpenPlay,2023,RightFoot,22030,Liverpool,Fulham,4,3,2023-12-03 14:00:00,Konstantinos Tsimikas,Aerial
2882,552242,41,MissedShots,0.725,0.485,0.022126497700810432,Trent Alexander-Arnold,a,1791,OpenPlay,2023,RightFoot,22040,Sheffield United,Liverpool,0,2,2023-12-06 19:30:00,Dominik Szoboszlai,Pass
2883,554950,17,MissedShots,0.7909999847412109,0.32299999237060545,0.017761148512363434,Trent Alexander-Arnold,h,1791,FromCorner,2023,RightFoot,22060,Liverpool,Manchester United,0,0,2023-12-17 16:30:00,,None
2884,554960,45,BlockedShot,0.740999984741211,0.35,0.012323658913373947,Trent Alexander-Arnold,h,1791,OpenPlay,2023,RightFoot,22060,Liverpool,Manchester United,0,0,2023-12-17 16:30:00,,Rebound
2885,554961,46,MissedShots,0.9519999694824218,0.34799999237060547,0.08533260971307755,Trent Alexander-Arnold,h,1791,OpenPlay,2023,RightFoot,22060,Liverpool,Manchester United,0,0,2023-12-17 16:30:00,Mohamed Salah,Pass
2886,554964,65,MissedShots,0.78,0.56,0.031702104955911636,Trent Alexander-Arnold,h,1791,OpenPlay,2023,RightFoot,22060,Liverpool,Manchester United,0,0,2023-12-17 16:30:00,Mohamed Salah,Pass
2887,556395,71,ShotOnPost,0.8959999847412109,0.415,0.4435596764087677,Trent Alexander-Arnold,h,1791,OpenPlay,2023,RightFoot,22068,Liverpool,Arsenal,1,1,2023-12-23 17:30:00,Mohamed Salah,Pass
2888,556571,85,MissedShots,0.7390000152587891,0.4179999923706055,0.02225896343588829,Trent Alexander-Arnold,a,1791,OpenPlay,2023,LeftFoot,22079,Burnley,Liverpool,0,2,2023-12-26 17:30:00,Wataru Endo,HeadPass
2889,557212,1,BlockedShot,0.8130000305175781,0.4640000152587891,0.05530940368771553,Trent Alexander-Arnold,h,1791,OpenPlay,2023,LeftFoot,22088,Liverpool,Newcastle United,4,2,2024-01-01 19:00:00,Dominik Szoboszlai,BallTouch
2890,557219,22,MissedShots,0.9419999694824219,0.43,0.5259641408920288,Trent Alexander-Arnold,h,1791,SetPiece,2023,RightFoot,22088,Liverpool,Newcastle United,4,2,2024-01-01 19:00:00,,Rebound
2891,557228,38,ShotOnPost,0.980999984741211,0.16100000381469726,0.017367936670780182,Trent Alexander-Arnold,h,1791,OpenPlay,2023,RightFoot,22088,Liverpool,Newcastle United,4,2,2024-01-01 19:00:00,Joseph Gomez,Chipped
2892,562445,12,MissedShots,0.7669999694824219,0.34299999237060547,0.019522663205862045,Trent Alexander-Arnold,h,1791,OpenPlay,2023,RightFoot,22128,Liverpool,Burnley,3,1,2024-02-10 15:00:00,Diogo Jota,Pass
2893,574173,61,MissedShots,0.7709999847412109,0.3990000152587891,0.021181395277380943,Trent Alexander-Arnold,h,1791,OpenPlay,2023,RightFoot,22220,Liverpool,Crystal Palace,0,1,2024-04-14 13:00:00,Mohamed Salah,Pass
2894,575642,31,Goal,0.7659999847412109,0.5990000152587891,0.0693979412317276,Trent Alexander-Arnold,a,1791,DirectFreekick,2023,RightFoot,22229,Fulham,Liverpool,1,3,2024-04-21 15:30:00,,Standard
2895,576257,80,MissedShots,0.740999984741211,0.5540000152587891,0.018487567082047462,Trent Alexander-Arnold,a,1791,OpenPlay,2023,RightFoot,22179,Everton,Liverpool,2,0,2024-04-24 19:00:00,Jarell Quansah,Pass
2896,576561,20,MissedShots,0.7980000305175782,0.625,0.09302771836519241,Trent Alexander-Arnold,a,1791,DirectFreekick,2023,RightFoot,22243,West Ham,Liverpool,2,2,2024-04-27 11:30:00,,Standard
2897,576562,28,SavedShot,0.8540000152587891,0.26299999237060545,0.03773536905646324,Trent Alexander-Arnold,a,1791,OpenPlay,2023,RightFoot,22243,West Ham,Liverpool,2,2,2024-04-27 11:30:00,Cody Gakpo,HeadPass
2898,576574,51,BlockedShot,0.8580000305175781,0.33299999237060546,0.05179829150438309,Trent Alexander-Arnold,a,1791,OpenPlay,2023,RightFoot,22243,West Ham,Liverpool,2,2,2024-04-27 11:30:00,Luis Díaz,Pass
2899,576576,57,SavedShot,0.7069999694824218,0.5709999847412109,0.013390558771789074,Trent Alexander-Arnold,a,1791,OpenPlay,2023,RightFoot,22243,West Ham,Liverpool,2,2,2024-04-27 11:30:00,Andrew Robertson,Pass
2900,579002,7,MissedShots,0.8690000152587891,0.3270000076293945,0.049429960548877716,Trent Alexander-Arnold,h,1791,OpenPlay,2023,RightFoot,22251,Liverpool,Tottenham,4,2,2024-05-05 15:30:00,,None
2901,579010,40,BlockedShot,0.785,0.3240000152587891,0.0313982218503952,Trent Alexander-Arnold,h,1791,OpenPlay,2023,RightFoot,22251,Liverpool,Tottenham,4,2,2024-05-05 15:30:00,,BallRecovery
2902,579012,41,MissedShots,0.8630000305175781,0.4259999847412109,0.10590890794992447,Trent Alexander-Arnold,h,1791,OpenPlay,2023,LeftFoot,22251,Liverpool,Tottenham,4,2,2024-05-05 15:30:00,Alexis Mac Allister,Pass
2903,579029,81,MissedShots,0.5520000076293945,0.11699999809265137,0.008803333155810833,Trent Alexander-Arnold,h,1791,OpenPlay,2023,RightFoot,22251,Liverpool,Tottenham,4,2,2024-05-05 15:30:00,,BallRecovery
2904,580911,41,MissedShots,0.725999984741211,0.605999984741211,0.01848509907722473,Trent Alexander-Arnold,a,1791,OpenPlay,2023,RightFoot,22256,Aston Villa,Liverpool,3,3,2024-05-13 19:00:00,Luis Díaz,Pass
2905,580924,81,SavedShot,0.764000015258789,0.4779999923706055,0.026522526517510414,Trent Alexander-Arnold,a,1791,OpenPlay,2023,LeftFoot,22256,Aston Villa,Liverpool,3,3,2024-05-13 19:00:00,Dominik Szoboszlai,Pass
2906,582011,8,BlockedShot,0.8619999694824219,0.4979999923706055,0.08628060668706894,Trent Alexander-Arnold,h,1791,OpenPlay,2023,LeftFoot,22271,Liverpool,Wolverhampton Wanderers,2,0,2024-05-19 15:00:00,,Tackle
2907,582012,10,MissedShots,0.745,0.4520000076293945,0.025154562667012215,Trent Alexander-Arnold,h,1791,FromCorner,2023,RightFoot,22271,Liverpool,Wolverhampton Wanderers,2,0,2024-05-19 15:00:00,Alexis Mac Allister,Pass
2908,582022,36,MissedShots,0.8469999694824218,0.51,0.06663315743207932,Trent Alexander-Arnold,h,1791,OpenPlay,2023,RightFoot,22271,Liverpool,Wolverhampton Wanderers,2,0,2024-05-19 15:00:00,Andrew Robertson,Cross
2909,582037,58,MissedShots,0.8640000152587891,0.38,0.10279792547225952,Trent Alexander-Arnold,h,1791,OpenPlay,2023,RightFoot,22271,Liverpool,Wolverhampton Wanderers,2,0,2024-05-19 15:00:00,Luis Díaz,Pass
2910,584692,44,MissedShots,0.8109999847412109,0.36,0.029116395860910416,Trent Alexander-Arnold,a,1791,OpenPlay,2024,RightFoot,26603,Ipswich,Liverpool,0,2,2024-08-17 11:30:00,Mohamed Salah,Pass
2911,586850,28,MissedShots,0.799000015258789,0.66,0.08052453398704529,Trent Alexander-Arnold,h,1791,DirectFreekick,2024,RightFoot,26621,Liverpool,Brentford,2,0,2024-08-25 15:30:00,,Standard
2912,586854,40,BlockedShot,0.85,0.295,0.04216442257165909,Trent Alexander-Arnold,h,1791,OpenPlay,2024,LeftFoot,26621,Liverpool,Brentford,2,0,2024-08-25 15:30:00,Alexis Mac Allister,Pass
2913,590867,68,BlockedShot,0.7569999694824219,0.69,0.015777239575982094,Trent Alexander-Arnold,h,1791,OpenPlay,2024,RightFoot,26635,Liverpool,Nottingham Forest,0,1,2024-09-14 14:00:00,Darwin Núñez,Tackle
2914,594310,31,SavedShot,0.7730000305175782,0.56,0.08236371725797653,Trent Alexander-Arnold,a,1791,DirectFreekick,2024,RightFoot,26658,Wolverhampton Wanderers,Liverpool,1,2,2024-09-28 16:30:00,,Standard
2915,594312,39,MissedShots,0.7040000152587891,0.48900001525878906,0.00904171448200941,Trent Alexander-Arnold,a,1791,FromCorner,2024,RightFoot,26658,Wolverhampton Wanderers,Liverpool,1,2,2024-09-28 16:30:00,Luis Díaz,HeadPass
2916,595222,28,SavedShot,0.73,0.36400001525878906,0.020777888596057892,Trent Alexander-Arnold,a,1791,OpenPlay,2024,RightFoot,26662,Crystal Palace,Liverpool,0,1,2024-10-05 11:30:00,Ryan Gravenberch,Pass
2917,595235,67,MissedShots,0.7919999694824219,0.40099998474121096,0.03340379521250725,Trent Alexander-Arnold,a,1791,OpenPlay,2024,LeftFoot,26662,Crystal Palace,Liverpool,0,1,2024-10-05 11:30:00,Dominik Szoboszlai,Pass
2918,599072,57,MissedShots,0.735,0.37,0.017184779047966003,Trent Alexander-Arnold,a,1791,OpenPlay,2024,RightFoot,26691,Arsenal,Liverpool,2,2,2024-10-27 16:30:00,Virgil van Dijk,Pass
2919,599073,59,BlockedShot,0.8,0.42400001525878905,0.031058989465236664,Trent Alexander-Arnold,a,1791,OpenPlay,2024,LeftFoot,26691,Arsenal,Liverpool,2,2,2024-10-27 16:30:00,Mohamed Salah,Pass
2920,604819,30,BlockedShot,0.7869999694824219,0.3679999923706055,0.03751744329929352,Trent Alexander-Arnold,h,1791,OpenPlay,2024,RightFoot,26726,Liverpool,Manchester City,2,0,2024-12-01 16:00:00,Dominik Szoboszlai,Pass
2921,604820,33,ShotOnPost,0.799000015258789,0.600999984741211,0.024926550686359406,Trent Alexander-Arnold,h,1791,FromCorner,2024,RightFoot,26726,Liverpool,Manchester City,2,0,2024-12-01 16:00:00,,None
2922,604822,46,MissedShots,0.7619999694824219,0.4420000076293945,0.02667844295501709,Trent Alexander-Arnold,h,1791,FromCorner,2024,RightFoot,26726,Liverpool,Manchester City,2,0,2024-12-01 16:00:00,Dominik Szoboszlai,Pass
2923,608815,62,SavedShot,0.6990000152587891,0.534000015258789,0.015538700856268406,Trent Alexander-Arnold,a,1791,SetPiece,2024,RightFoot,26768,Tottenham,Liverpool,3,6,2024-12-22 16:30:00,Ryan Gravenberch,Pass
2924,609222,40,MissedShots,0.7659999847412109,0.31799999237060544,0.019602665677666664,Trent Alexander-Arnold,h,1791,OpenPlay,2024,RightFoot,26776,Liverpool,Leicester,3,1,2024-12-26 20:00:00,Joseph Gomez,Pass
2925,609226,47,BlockedShot,0.775,0.48200000762939454,0.02178274467587471,Trent Alexander-Arnold,h,1791,FromCorner,2024,LeftFoot,26776,Liverpool,Leicester,3,1,2024-12-26 20:00:00,,None
2926,609231,74,BlockedShot,0.855,0.37599998474121094,0.08471574634313583,Trent Alexander-Arnold,h,1791,OpenPlay,2024,RightFoot,26776,Liverpool,Leicester,3,1,2024-12-26 20:00:00,Curtis Jones,Pass
2927,609598,53,Goal,0.715,0.504000015258789,0.018702931702136993,Trent Alexander-Arnold,a,1791,OpenPlay,2024,RightFoot,26791,West Ham,Liverpool,0,5,2024-12-29 17:15:00,Ryan Gravenberch,Pass
2928,610316,12,BlockedShot,0.8430000305175781,0.3579999923706055,0.04887167364358902,Trent Alexander-Arnold,h,1791,OpenPlay,2024,RightFoot,26797,Liverpool,Manchester United,2,2,2025-01-05 16:30:00,,None
2929,202159,26,MissedShots,0.9119999694824219,0.42700000762939455,0.01916709914803505,Ibrahima Konaté,h,6326,FromCorner,2017,Head,8494,RasenBallsport Leipzig,Bayern Munich,2,1,2018-03-18 17:00:00,Kevin Kampl,Aerial
2930,209266,47,MissedShots,0.94,0.515,0.13227799534797668,Ibrahima Konaté,a,6326,FromCorner,2017,LeftFoot,8523,Werder Bremen,RasenBallsport Leipzig,1,1,2018-04-15 16:00:00,Emil Forsberg,Cross
2931,256363,11,SavedShot,0.9169999694824219,0.6309999847412109,0.020009800791740417,Ibrahima Konaté,h,6326,FromCorner,2018,Head,10429,RasenBallsport Leipzig,Bayer Leverkusen,3,0,2018-11-11 14:30:00,Marcel Halstenberg,Cross
2932,256372,57,MissedShots,0.8619999694824219,0.4779999923706055,0.03863700106739998,Ibrahima Konaté,h,6326,SetPiece,2018,Head,10429,RasenBallsport Leipzig,Bayer Leverkusen,3,0,2018-11-11 14:30:00,Marcel Halstenberg,Cross
2933,257099,68,MissedShots,0.9319999694824219,0.509000015258789,0.12355799973011017,Ibrahima Konaté,a,6326,FromCorner,2018,Head,10460,Freiburg,RasenBallsport Leipzig,3,0,2018-12-08 14:30:00,Diego Demme,Cross
2934,257757,34,MissedShots,0.759000015258789,0.26799999237060546,0.016400499269366264,Ibrahima Konaté,h,6326,OpenPlay,2018,RightFoot,10485,RasenBallsport Leipzig,Werder Bremen,3,2,2018-12-22 14:30:00,,None
2935,257769,64,SavedShot,0.9180000305175782,0.48200000762939454,0.3320600092411041,Ibrahima Konaté,h,6326,FromCorner,2018,Head,10485,RasenBallsport Leipzig,Werder Bremen,3,2,2018-12-22 14:30:00,Konrad Laimer,Aerial
2936,257770,65,MissedShots,0.965999984741211,0.5640000152587891,0.4240739941596985,Ibrahima Konaté,h,6326,FromCorner,2018,Head,10485,RasenBallsport Leipzig,Werder Bremen,3,2,2018-12-22 14:30:00,Diego Demme,Cross
2937,278736,8,Goal,0.8859999847412109,0.6430000305175781,0.1892630010843277,Ibrahima Konaté,a,6326,OpenPlay,2018,LeftFoot,10507,Fortuna Duesseldorf,RasenBallsport Leipzig,0,4,2019-01-27 17:00:00,Marcel Halstenberg,TakeOn
2938,278759,18,MissedShots,0.85,0.6909999847412109,0.028854599222540855,Ibrahima Konaté,a,6326,FromCorner,2018,RightFoot,10513,Hannover 96,RasenBallsport Leipzig,0,3,2019-02-01 19:30:00,Lukas Klostermann,Pass
2939,279608,25,MissedShots,0.9269999694824219,0.4420000076293945,0.09365420043468475,Ibrahima Konaté,a,6326,FromCorner,2018,Head,10552,Nuernberg,RasenBallsport Leipzig,0,1,2019-03-02 14:30:00,Kevin Kampl,Cross
2940,286179,50,BlockedShot,0.9680000305175781,0.49700000762939456,0.06193289905786514,Ibrahima Konaté,a,6326,FromCorner,2018,Head,10564,Schalke 04,RasenBallsport Leipzig,0,1,2019-03-16 14:30:00,Marcel Halstenberg,Card
2941,287762,5,MissedShots,0.9119999694824219,0.49400001525878906,0.09186620265245438,Ibrahima Konaté,h,6326,FromCorner,2018,Head,10573,RasenBallsport Leipzig,Hertha Berlin,5,0,2019-03-30 17:30:00,Marcel Halstenberg,Cross
2942,287776,54,BlockedShot,0.885,0.4909999847412109,0.04529869928956032,Ibrahima Konaté,h,6326,FromCorner,2018,Head,10573,RasenBallsport Leipzig,Hertha Berlin,5,0,2019-03-30 17:30:00,Emil Forsberg,Cross
2943,293451,70,MissedShots,0.91,0.5309999847412109,0.08136279881000519,Ibrahima Konaté,h,6326,FromCorner,2018,Head,10591,RasenBallsport Leipzig,Wolfsburg,2,0,2019-04-13 14:30:00,Marcel Halstenberg,Cross
2944,315420,70,MissedShots,0.9440000152587891,0.4329999923706055,0.050533000379800797,Ibrahima Konaté,a,6326,FromCorner,2019,Head,12421,Borussia M.Gladbach,RasenBallsport Leipzig,1,3,2019-08-30 19:30:00,Marcel Sabitzer,Aerial
2945,385982,3,MissedShots,0.9059999847412109,0.5879999923706055,0.05867680162191391,Ibrahima Konaté,h,6326,SetPiece,2020,Head,15196,RasenBallsport Leipzig,Freiburg,3,0,2020-11-07 14:30:00,Christopher Nkunku,Cross
2946,385987,25,Goal,0.9619999694824218,0.455,0.58467698097229,Ibrahima Konaté,h,6326,SetPiece,2020,RightFoot,15196,RasenBallsport Leipzig,Freiburg,3,0,2020-11-07 14:30:00,Nordi Mukiele,HeadPass
2947,417857,27,SavedShot,0.9009999847412109,0.46,0.06687510013580322,Ibrahima Konaté,h,6326,FromCorner,2020,LeftFoot,15410,RasenBallsport Leipzig,VfB Stuttgart,2,0,2021-04-25 13:30:00,Angelino,Cross
2948,417862,38,MissedShots,0.9130000305175782,0.5179999923706055,0.08665259927511215,Ibrahima Konaté,h,6326,FromCorner,2020,RightFoot,15410,RasenBallsport Leipzig,VfB Stuttgart,2,0,2021-04-25 13:30:00,Tyler Adams,Cross
2949,449183,15,MissedShots,0.865999984741211,0.48900001525878906,0.02087170071899891,Ibrahima Konaté,h,6326,FromCorner,2021,Head,16544,Liverpool,Newcastle United,3,1,2021-12-16 20:00:00,Trent Alexander-Arnold,Cross
2950,451189,57,MissedShots,0.8919999694824219,0.485,0.050313498824834824,Ibrahima Konaté,a,6326,FromCorner,2021,Head,16578,Chelsea,Liverpool,2,2,2022-01-02 16:30:00,Konstantinos Tsimikas,Cross
2951,473779,58,MissedShots,0.9030000305175782,0.5370000076293945,0.09424660354852676,Ibrahima Konaté,h,6326,SetPiece,2021,Head,16728,Liverpool,Tottenham,1,1,2022-05-07 18:45:00,Andrew Robertson,Cross
2952,476927,85,MissedShots,0.894000015258789,0.4420000076293945,0.039730798453092575,Ibrahima Konaté,a,6326,FromCorner,2021,Head,16740,Southampton,Liverpool,1,2,2022-05-17 18:45:00,Konstantinos Tsimikas,Cross
2953,502066,18,OwnGoal,0.07099999904632569,0.5479999923706055,0,Ibrahima Konaté,a,6326,FromCorner,2022,LeftFoot,18384,Brentford,Liverpool,3,1,2023-01-02 17:30:00,,None
2954,502074,32,BlockedShot,0.924000015258789,0.4540000152587891,0.09309659898281097,Ibrahima Konaté,a,6326,FromCorner,2022,Head,18384,Brentford,Liverpool,3,1,2023-01-02 17:30:00,Konstantinos Tsimikas,Cross
2955,502085,79,MissedShots,0.915,0.4759999847412109,0.08737409859895706,Ibrahima Konaté,a,6326,FromCorner,2022,Head,18384,Brentford,Liverpool,3,1,2023-01-02 17:30:00,Trent Alexander-Arnold,Cross
2956,503519,91,SavedShot,0.8930000305175781,0.4420000076293945,0.014671600423753262,Ibrahima Konaté,a,6326,FromCorner,2022,Head,18394,Brighton,Liverpool,3,0,2023-01-14 15:00:00,Andrew Robertson,Aerial
2957,512839,57,MissedShots,0.950999984741211,0.524000015258789,0.4694559872150421,Ibrahima Konaté,h,6326,FromCorner,2022,Head,18457,Liverpool,Manchester United,7,0,2023-03-05 16:30:00,Trent Alexander-Arnold,Cross
2958,513246,46,MissedShots,0.909000015258789,0.3970000076293945,0.04695789888501167,Ibrahima Konaté,a,6326,SetPiece,2022,RightFoot,18462,Bournemouth,Liverpool,1,0,2023-03-11 12:30:00,,Aerial
2959,518758,25,BlockedShot,0.9069999694824219,0.4620000076293945,0.028114300221204758,Ibrahima Konaté,h,6326,FromCorner,2022,Head,18497,Liverpool,Arsenal,2,2,2023-04-09 15:30:00,Cody Gakpo,Aerial
2960,518781,95,SavedShot,0.9690000152587891,0.46,0.6699439883232117,Ibrahima Konaté,h,6326,OpenPlay,2022,OtherBodyPart,18497,Liverpool,Arsenal,2,2,2023-04-09 15:30:00,Darwin Núñez,HeadPass
2961,520864,9,BlockedShot,0.8919999694824219,0.6020000076293945,0.01348806917667389,Ibrahima Konaté,h,6326,SetPiece,2022,Head,18519,Liverpool,Nottingham Forest,3,2,2023-04-22 14:00:00,Andrew Robertson,Aerial
2962,524788,78,SavedShot,0.909000015258789,0.4520000076293945,0.028072776272892952,Ibrahima Konaté,h,6326,FromCorner,2022,Head,18545,Liverpool,Brentford,1,0,2023-05-06 16:30:00,,Aerial
2963,526963,16,BlockedShot,0.8819999694824219,0.5529999923706055,0.02810724452137947,Ibrahima Konaté,a,6326,FromCorner,2022,Head,18559,Leicester,Liverpool,0,3,2023-05-15 19:00:00,Trent Alexander-Arnold,Cross
2964,527473,29,BlockedShot,0.915,0.46299999237060546,0.08173968642950058,Ibrahima Konaté,h,6326,FromCorner,2022,Head,18565,Liverpool,Aston Villa,1,1,2023-05-20 14:00:00,Andrew Robertson,Cross
2965,533211,47,MissedShots,0.9130000305175782,0.5459999847412109,0.026518821716308594,Ibrahima Konaté,h,6326,FromCorner,2023,Head,22288,Liverpool,Bournemouth,3,1,2023-08-19 14:00:00,Trent Alexander-Arnold,Aerial
2966,547544,85,MissedShots,0.8819999694824219,0.4640000152587891,0.014584877528250217,Ibrahima Konaté,a,6326,FromCorner,2023,Head,21999,Luton,Liverpool,1,1,2023-11-05 16:30:00,Konstantinos Tsimikas,Aerial
2967,552239,22,SavedShot,0.9009999847412109,0.5459999847412109,0.04497341066598892,Ibrahima Konaté,a,6326,FromCorner,2023,Head,22040,Sheffield United,Liverpool,0,2,2023-12-06 19:30:00,Mohamed Salah,HeadPass
2968,554943,0,MissedShots,0.8619999694824219,0.4490000152587891,0.048488546162843704,Ibrahima Konaté,h,6326,FromCorner,2023,LeftFoot,22060,Liverpool,Manchester United,0,0,2023-12-17 16:30:00,Luis Díaz,HeadPass
2969,554954,28,MissedShots,0.86,0.56,0.012340285815298557,Ibrahima Konaté,h,6326,FromCorner,2023,Head,22060,Liverpool,Manchester United,0,0,2023-12-17 16:30:00,Trent Alexander-Arnold,Aerial
2970,554956,35,MissedShots,0.9080000305175782,0.5,0.07799986004829407,Ibrahima Konaté,h,6326,FromCorner,2023,Head,22060,Liverpool,Manchester United,0,0,2023-12-17 16:30:00,Konstantinos Tsimikas,Cross
2971,554974,76,SavedShot,0.8930000305175781,0.53,0.0902676209807396,Ibrahima Konaté,h,6326,FromCorner,2023,RightFoot,22060,Liverpool,Manchester United,0,0,2023-12-17 16:30:00,Virgil van Dijk,Chipped
2972,557223,25,BlockedShot,0.909000015258789,0.5179999923706055,0.053293049335479736,Ibrahima Konaté,h,6326,FromCorner,2023,RightFoot,22088,Liverpool,Newcastle United,4,2,2024-01-01 19:00:00,Dominik Szoboszlai,Aerial
2973,571989,64,MissedShots,0.9130000305175782,0.4809999847412109,0.03440903499722481,Ibrahima Konaté,h,6326,FromCorner,2023,Head,22203,Liverpool,Sheffield United,3,1,2024-04-04 18:30:00,Dominik Szoboszlai,Aerial
2974,574161,29,MissedShots,0.9259999847412109,0.4540000152587891,0.09697427600622177,Ibrahima Konaté,h,6326,FromCorner,2023,Head,22220,Liverpool,Crystal Palace,0,1,2024-04-14 13:00:00,Alexis Mac Allister,Cross
2975,574171,59,MissedShots,0.9169999694824219,0.5309999847412109,0.04823379963636398,Ibrahima Konaté,h,6326,FromCorner,2023,Head,22220,Liverpool,Crystal Palace,0,1,2024-04-14 13:00:00,,None
2976,586865,61,SavedShot,0.9080000305175782,0.46599998474121096,0.07129376381635666,Ibrahima Konaté,h,6326,FromCorner,2024,Head,26621,Liverpool,Brentford,2,0,2024-08-25 15:30:00,Andrew Robertson,Cross
2977,586872,80,MissedShots,0.9309999847412109,0.529000015258789,0.0560309998691082,Ibrahima Konaté,h,6326,FromCorner,2024,Head,26621,Liverpool,Brentford,2,0,2024-08-25 15:30:00,Andrew Robertson,Aerial
2978,589911,58,MissedShots,0.8830000305175781,0.4420000076293945,0.08019610494375229,Ibrahima Konaté,a,6326,FromCorner,2024,RightFoot,26631,Manchester United,Liverpool,0,3,2024-09-01 15:00:00,,None
2979,594313,46,Goal,0.9259999847412109,0.4929999923706055,0.05613001808524132,Ibrahima Konaté,a,6326,FromCorner,2024,Head,26658,Wolverhampton Wanderers,Liverpool,1,2,2024-09-28 16:30:00,Diogo Jota,Aerial
2980,594322,82,MissedShots,0.9159999847412109,0.49700000762939456,0.0478782132267952,Ibrahima Konaté,a,6326,FromCorner,2024,Head,26658,Wolverhampton Wanderers,Liverpool,1,2,2024-09-28 16:30:00,Alexis Mac Allister,Aerial
2981,600143,29,BlockedShot,0.9169999694824219,0.4929999923706055,0.09975937753915787,Ibrahima Konaté,h,6326,FromCorner,2024,LeftFoot,26696,Liverpool,Brighton,2,1,2024-11-02 15:00:00,,BallTouch
2982,600142,29,BlockedShot,0.955,0.5020000076293946,0.4883113503456116,Ibrahima Konaté,h,6326,FromCorner,2024,Head,26696,Liverpool,Brighton,2,1,2024-11-02 15:00:00,Konstantinos Tsimikas,Cross
2983,601754,70,MissedShots,0.9180000305175782,0.515,0.3101896643638611,Ibrahima Konaté,h,6326,SetPiece,2024,Head,26707,Liverpool,Aston Villa,2,0,2024-11-09 20:00:00,Dominik Szoboszlai,Cross
2984,353492,83,BlockedShot,0.769000015258789,0.7280000305175781,0.014046399854123592,Alexis Mac Allister,a,8379,OpenPlay,2019,RightFoot,11931,Wolverhampton Wanderers,Brighton,0,0,2020-03-07 15:00:00,Neal Maupay,Pass
2985,366071,1,BlockedShot,0.6980000305175781,0.7030000305175781,0.02934890054166317,Alexis Mac Allister,a,8379,DirectFreekick,2019,RightFoot,11945,Leicester,Brighton,0,0,2020-06-23 17:00:00,,Standard
2986,366072,2,MissedShots,0.8530000305175781,0.235,0.03374199941754341,Alexis Mac Allister,a,8379,FromCorner,2019,RightFoot,11945,Leicester,Brighton,0,0,2020-06-23 17:00:00,Aaron Mooy,Pass
2987,367771,31,BlockedShot,0.895,0.32,0.07415380328893661,Alexis Mac Allister,h,8379,OpenPlay,2019,RightFoot,11956,Brighton,Manchester United,0,3,2020-06-30 19:15:00,,TakeOn
2988,373651,26,SavedShot,0.8480000305175781,0.46599998474121096,0.33089500665664673,Alexis Mac Allister,a,8379,OpenPlay,2019,LeftFoot,12022,Burnley,Brighton,1,2,2020-07-26 15:00:00,Tariq Lamptey,Pass
2989,373658,54,MissedShots,0.725,0.33599998474121096,0.022143900394439697,Alexis Mac Allister,a,8379,OpenPlay,2019,RightFoot,12022,Burnley,Brighton,1,2,2020-07-26 15:00:00,Dale Stephens,Pass
2990,373665,71,MissedShots,0.8690000152587891,0.3920000076293945,0.08313769847154617,Alexis Mac Allister,a,8379,OpenPlay,2019,RightFoot,12022,Burnley,Brighton,1,2,2020-07-26 15:00:00,,None
2991,382543,89,Goal,0.825999984741211,0.4879999923706055,0.05224210023880005,Alexis Mac Allister,a,8379,OpenPlay,2020,RightFoot,14476,Crystal Palace,Brighton,1,1,2020-10-18 13:00:00,Aaron Connolly,BallTouch
2992,392456,82,BlockedShot,0.7280000305175781,0.5720000076293945,0.014379099942743778,Alexis Mac Allister,a,8379,FromCorner,2020,RightFoot,14553,Leicester,Brighton,3,0,2020-12-13 19:15:00,,None
2993,395869,14,BlockedShot,0.7780000305175782,0.31799999237060544,0.022700199857354164,Alexis Mac Allister,h,8379,OpenPlay,2020,RightFoot,14585,Brighton,Arsenal,0,1,2020-12-29 18:00:00,Joël Veltman,Pass
2994,395874,35,MissedShots,0.7780000305175782,0.6270000076293946,0.02589539997279644,Alexis Mac Allister,h,8379,OpenPlay,2020,RightFoot,14585,Brighton,Arsenal,0,1,2020-12-29 18:00:00,,BallRecovery
2995,398703,59,MissedShots,0.78,0.45799999237060546,0.03305720165371895,Alexis Mac Allister,a,8379,OpenPlay,2020,RightFoot,14614,Manchester City,Brighton,1,0,2021-01-13 18:00:00,Percy Tau,Pass
2996,402314,11,MissedShots,0.745999984741211,0.669000015258789,0.015311799943447113,Alexis Mac Allister,h,8379,OpenPlay,2020,RightFoot,14636,Brighton,Tottenham,1,0,2021-01-31 19:15:00,Solly March,Pass
2997,402316,19,MissedShots,0.914000015258789,0.6079999923706054,0.09331169724464417,Alexis Mac Allister,h,8379,OpenPlay,2020,RightFoot,14636,Brighton,Tottenham,1,0,2021-01-31 19:15:00,Lewis Dunk,HeadPass
2998,402317,20,MissedShots,0.7390000152587891,0.365,0.011961700394749641,Alexis Mac Allister,h,8379,FromCorner,2020,RightFoot,14636,Brighton,Tottenham,1,0,2021-01-31 19:15:00,Ben White,LayOff
2999,402319,36,BlockedShot,0.7819999694824219,0.31,0.024701500311493874,Alexis Mac Allister,h,8379,OpenPlay,2020,RightFoot,14636,Brighton,Tottenham,1,0,2021-01-31 19:15:00,Joël Veltman,Pass
3000,402322,45,MissedShots,0.8059999847412109,0.5179999923706055,0.06163740158081055,Alexis Mac Allister,h,8379,OpenPlay,2020,RightFoot,14636,Brighton,Tottenham,1,0,2021-01-31 19:15:00,Neal Maupay,Pass
3001,402328,63,BlockedShot,0.9019999694824219,0.655,0.11692100018262863,Alexis Mac Allister,h,8379,OpenPlay,2020,LeftFoot,14636,Brighton,Tottenham,1,0,2021-01-31 19:15:00,Neal Maupay,Pass
3002,402329,67,SavedShot,0.795,0.43900001525878907,0.052830301225185394,Alexis Mac Allister,h,8379,OpenPlay,2020,RightFoot,14636,Brighton,Tottenham,1,0,2021-01-31 19:15:00,Leandro Trossard,Pass
3003,404502,4,BlockedShot,0.81,0.4570000076293945,0.041857801377773285,Alexis Mac Allister,h,8379,OpenPlay,2020,LeftFoot,14666,Brighton,Aston Villa,0,0,2021-02-13 20:00:00,Neal Maupay,Pass
3004,404505,9,MissedShots,0.9180000305175782,0.49599998474121093,0.34143200516700745,Alexis Mac Allister,h,8379,OpenPlay,2020,Head,14666,Brighton,Aston Villa,0,0,2021-02-13 20:00:00,Joël Veltman,Cross
3005,404508,23,MissedShots,0.754000015258789,0.3240000152587891,0.04865889996290207,Alexis Mac Allister,h,8379,DirectFreekick,2020,RightFoot,14666,Brighton,Aston Villa,0,0,2021-02-13 20:00:00,,Standard
3006,404510,31,BlockedShot,0.749000015258789,0.495,0.022793499752879143,Alexis Mac Allister,h,8379,OpenPlay,2020,RightFoot,14666,Brighton,Aston Villa,0,0,2021-02-13 20:00:00,Pascal Groß,Pass
3007,404516,47,SavedShot,0.784000015258789,0.5729999923706055,0.031771499663591385,Alexis Mac Allister,h,8379,OpenPlay,2020,RightFoot,14666,Brighton,Aston Villa,0,0,2021-02-13 20:00:00,,None
3008,404526,68,BlockedShot,0.8430000305175781,0.635,0.05715150013566017,Alexis Mac Allister,h,8379,OpenPlay,2020,RightFoot,14666,Brighton,Aston Villa,0,0,2021-02-13 20:00:00,Adam Lallana,Pass
3009,406319,36,BlockedShot,0.8130000305175781,0.5129999923706055,0.04465920105576515,Alexis Mac Allister,h,8379,SetPiece,2020,RightFoot,14677,Brighton,Crystal Palace,1,2,2021-02-22 20:00:00,,None
3010,406329,60,BlockedShot,0.8580000305175781,0.515,0.07448399811983109,Alexis Mac Allister,h,8379,OpenPlay,2020,RightFoot,14677,Brighton,Crystal Palace,1,2,2021-02-22 20:00:00,,Rebound
3011,416294,22,BlockedShot,0.7559999847412109,0.6719999694824219,0.01982860080897808,Alexis Mac Allister,a,8379,OpenPlay,2020,RightFoot,14747,Chelsea,Brighton,0,0,2021-04-20 19:00:00,Yves Bissouma,Pass
3012,423166,37,BlockedShot,0.76,0.7230000305175781,0.015107800252735615,Alexis Mac Allister,h,8379,OpenPlay,2020,RightFoot,14795,Brighton,Manchester City,3,2,2021-05-18 18:00:00,Leandro Trossard,Pass
3013,423170,47,BlockedShot,0.764000015258789,0.35200000762939454,0.017953600734472275,Alexis Mac Allister,h,8379,OpenPlay,2020,RightFoot,14795,Brighton,Manchester City,3,2,2021-05-18 18:00:00,,BallRecovery
3014,423181,84,BlockedShot,0.85,0.495,0.11249300092458725,Alexis Mac Allister,h,8379,OpenPlay,2020,RightFoot,14795,Brighton,Manchester City,3,2,2021-05-18 18:00:00,Andi Zeqiri,LayOff
3015,425817,77,Goal,0.9130000305175782,0.4490000152587891,0.33932000398635864,Alexis Mac Allister,a,8379,OpenPlay,2021,RightFoot,16378,Burnley,Brighton,1,2,2021-08-14 14:00:00,Pascal Groß,Cross
3016,427274,63,BlockedShot,0.7830000305175782,0.6669999694824219,0.024163899943232536,Alexis Mac Allister,h,8379,OpenPlay,2021,RightFoot,16391,Brighton,Watford,2,0,2021-08-21 16:30:00,Solly March,Pass
3017,427276,70,BlockedShot,0.905,0.6430000305175781,0.08259890228509903,Alexis Mac Allister,h,8379,OpenPlay,2021,LeftFoot,16391,Brighton,Watford,2,0,2021-08-21 16:30:00,,None
3018,427279,78,MissedShots,0.965,0.4259999847412109,0.49713701009750366,Alexis Mac Allister,h,8379,FromCorner,2021,RightFoot,16391,Brighton,Watford,2,0,2021-08-21 16:30:00,,Rebound
3019,428687,14,BlockedShot,0.8169999694824219,0.475,0.048487499356269836,Alexis Mac Allister,h,8379,OpenPlay,2021,RightFoot,16400,Brighton,Everton,0,2,2021-08-28 14:00:00,Neal Maupay,Pass
3020,429960,77,BlockedShot,0.7809999847412109,0.625999984741211,0.026735899969935417,Alexis Mac Allister,a,8379,OpenPlay,2021,RightFoot,16408,Brentford,Brighton,0,1,2021-09-11 14:00:00,Marc Cucurella,Pass
3021,435097,85,BlockedShot,0.7119999694824218,0.41900001525878905,0.014120499603450298,Alexis Mac Allister,h,8379,OpenPlay,2021,RightFoot,16436,Brighton,Arsenal,0,0,2021-10-02 16:30:00,Neal Maupay,Pass
3022,438004,80,Goal,0.885,0.5,0.7611690163612366,Alexis Mac Allister,h,8379,Penalty,2021,RightFoot,16458,Brighton,Manchester City,1,4,2021-10-23 16:30:00,,Standard
3023,441279,59,BlockedShot,0.745,0.42700000762939455,0.02443300001323223,Alexis Mac Allister,h,8379,OpenPlay,2021,LeftFoot,16478,Brighton,Newcastle United,1,1,2021-11-06 17:30:00,Joël Veltman,Pass
3024,442545,91,BlockedShot,0.81,0.58,0.04527740180492401,Alexis Mac Allister,a,8379,OpenPlay,2021,RightFoot,16486,Aston Villa,Brighton,2,0,2021-11-20 15:00:00,Leandro Trossard,Pass
3025,449120,72,MissedShots,0.745,0.40400001525878904,0.02015490084886551,Alexis Mac Allister,h,8379,OpenPlay,2021,RightFoot,16538,Brighton,Wolverhampton Wanderers,0,1,2021-12-15 19:30:00,Leandro Trossard,Pass
3026,450664,1,BlockedShot,0.8290000152587891,0.629000015258789,0.05386200174689293,Alexis Mac Allister,h,8379,OpenPlay,2021,RightFoot,16557,Brighton,Brentford,2,0,2021-12-26 20:00:00,Adam Lallana,Pass
3027,450673,38,MissedShots,0.7369999694824219,0.3060000038146973,0.039583999663591385,Alexis Mac Allister,h,8379,DirectFreekick,2021,RightFoot,16557,Brighton,Brentford,2,0,2021-12-26 20:00:00,,Standard
3028,450674,39,MissedShots,0.7569999694824219,0.445,0.034807100892066956,Alexis Mac Allister,h,8379,OpenPlay,2021,RightFoot,16557,Brighton,Brentford,2,0,2021-12-26 20:00:00,,None
3029,450685,65,MissedShots,0.7569999694824219,0.575,0.021618399769067764,Alexis Mac Allister,h,8379,OpenPlay,2021,RightFoot,16557,Brighton,Brentford,2,0,2021-12-26 20:00:00,,None
3030,450845,34,BlockedShot,0.8590000152587891,0.605,0.057233698666095734,Alexis Mac Allister,a,8379,OpenPlay,2021,RightFoot,16568,Chelsea,Brighton,1,1,2021-12-29 19:30:00,Neal Maupay,Chipped
3031,450850,46,SavedShot,0.749000015258789,0.4879999923706055,0.01904820092022419,Alexis Mac Allister,a,8379,OpenPlay,2021,LeftFoot,16568,Chelsea,Brighton,1,1,2021-12-29 19:30:00,Neal Maupay,Pass
3032,450853,51,SavedShot,0.914000015258789,0.905,0.03808780014514923,Alexis Mac Allister,a,8379,DirectFreekick,2021,RightFoot,16568,Chelsea,Brighton,1,1,2021-12-29 19:30:00,,Standard
3033,451041,2,Goal,0.9269999694824219,0.4640000152587891,0.47407498955726624,Alexis Mac Allister,a,8379,OpenPlay,2021,RightFoot,16580,Everton,Brighton,2,3,2022-01-02 14:00:00,Neal Maupay,HeadPass
3034,451042,6,BlockedShot,0.765,0.69,0.02215529978275299,Alexis Mac Allister,a,8379,OpenPlay,2021,LeftFoot,16580,Everton,Brighton,2,3,2022-01-02 14:00:00,,None
3035,451063,70,Goal,0.785,0.5429999923706055,0.03544969856739044,Alexis Mac Allister,a,8379,OpenPlay,2021,RightFoot,16580,Everton,Brighton,2,3,2022-01-02 14:00:00,Enock Mwepu,Pass
3036,453013,71,BlockedShot,0.7569999694824219,0.40099998474121096,0.02035599946975708,Alexis Mac Allister,h,8379,OpenPlay,2021,RightFoot,16587,Brighton,Crystal Palace,1,1,2022-01-14 20:00:00,,None
3037,453987,21,BlockedShot,0.8809999847412109,0.4570000076293945,0.0849217027425766,Alexis Mac Allister,h,8379,OpenPlay,2021,RightFoot,16607,Brighton,Chelsea,1,1,2022-01-18 09:45:00,,None
3038,453995,59,SavedShot,0.855999984741211,0.5690000152587891,0.07586800307035446,Alexis Mac Allister,h,8379,OpenPlay,2021,RightFoot,16607,Brighton,Chelsea,1,1,2022-01-18 09:45:00,Marc Cucurella,Pass
3039,454989,12,BlockedShot,0.6980000305175781,0.62,0.012449500150978565,Alexis Mac Allister,a,8379,OpenPlay,2021,RightFoot,16602,Leicester,Brighton,1,1,2022-01-23 14:00:00,Marc Cucurella,Pass
3040,455000,33,MissedShots,0.8030000305175782,0.43400001525878906,0.0413517989218235,Alexis Mac Allister,a,8379,OpenPlay,2021,RightFoot,16602,Leicester,Brighton,1,1,2022-01-23 14:00:00,Leandro Trossard,Pass
3041,455005,54,BlockedShot,0.7919999694824219,0.4129999923706055,0.03296680003404617,Alexis Mac Allister,a,8379,OpenPlay,2021,RightFoot,16602,Leicester,Brighton,1,1,2022-01-23 14:00:00,Neal Maupay,None
3042,457907,16,SavedShot,0.8859999847412109,0.4229999923706055,0.07329460233449936,Alexis Mac Allister,a,8379,OpenPlay,2021,RightFoot,16549,Manchester United,Brighton,2,0,2022-02-15 20:15:00,Pascal Groß,Cross
3043,457912,39,MissedShots,0.8080000305175781,0.4329999923706055,0.0227889996021986,Alexis Mac Allister,a,8379,FromCorner,2021,Head,16549,Manchester United,Brighton,2,0,2022-02-15 20:15:00,,None
3044,458260,33,MissedShots,0.8109999847412109,0.47,0.044852498918771744,Alexis Mac Allister,h,8379,OpenPlay,2021,RightFoot,16628,Brighton,Burnley,0,3,2022-02-19 15:00:00,,None
3045,458262,35,BlockedShot,0.75,0.575999984741211,0.019432999193668365,Alexis Mac Allister,h,8379,OpenPlay,2021,RightFoot,16628,Brighton,Burnley,0,3,2022-02-19 15:00:00,,None
3046,458268,65,BlockedShot,0.8469999694824218,0.6220000076293946,0.06055939942598343,Alexis Mac Allister,h,8379,OpenPlay,2021,RightFoot,16628,Brighton,Burnley,0,3,2022-02-19 15:00:00,Solly March,Pass
3047,459881,21,ShotOnPost,0.87,0.5590000152587891,0.06459300220012665,Alexis Mac Allister,h,8379,OpenPlay,2021,RightFoot,16638,Brighton,Aston Villa,0,2,2022-02-26 15:30:00,Neal Maupay,BallTouch
3048,459885,30,BlockedShot,0.72,0.44,0.01746409945189953,Alexis Mac Allister,h,8379,OpenPlay,2021,RightFoot,16638,Brighton,Aston Villa,0,2,2022-02-26 15:30:00,,Rebound
3049,463571,23,MissedShots,0.919000015258789,0.5459999847412109,0.033636000007390976,Alexis Mac Allister,h,8379,FromCorner,2021,Head,16528,Brighton,Tottenham,0,2,2022-03-16 19:30:00,Solly March,Aerial
3050,463572,26,BlockedShot,0.91,0.30100000381469727,0.05842990055680275,Alexis Mac Allister,h,8379,OpenPlay,2021,RightFoot,16528,Brighton,Tottenham,0,2,2022-03-16 19:30:00,Solly March,Pass
3051,463579,39,BlockedShot,0.7719999694824219,0.48700000762939455,0.03900989890098572,Alexis Mac Allister,h,8379,OpenPlay,2021,RightFoot,16528,Brighton,Tottenham,0,2,2022-03-16 19:30:00,,Rebound
3052,463584,46,MissedShots,0.92,0.515,0.4265750050544739,Alexis Mac Allister,h,8379,OpenPlay,2021,RightFoot,16528,Brighton,Tottenham,0,2,2022-03-16 19:30:00,Marc Cucurella,Cross
3053,463594,73,BlockedShot,0.7119999694824218,0.519000015258789,0.011148300021886826,Alexis Mac Allister,h,8379,OpenPlay,2021,RightFoot,16528,Brighton,Tottenham,0,2,2022-03-16 19:30:00,Marc Cucurella,Pass
3054,465180,21,MissedShots,0.72,0.46700000762939453,0.016260400414466858,Alexis Mac Allister,h,8379,OpenPlay,2021,RightFoot,16685,Brighton,Norwich,0,0,2022-04-02 14:00:00,Marc Cucurella,Pass
3055,465183,26,BlockedShot,0.8,0.54,0.03941750153899193,Alexis Mac Allister,h,8379,OpenPlay,2021,RightFoot,16685,Brighton,Norwich,0,0,2022-04-02 14:00:00,Neal Maupay,TakeOn
3056,465187,37,MissedShots,0.7980000305175782,0.40599998474121096,0.03125540167093277,Alexis Mac Allister,h,8379,SetPiece,2021,RightFoot,16685,Brighton,Norwich,0,0,2022-04-02 14:00:00,Solly March,Pass
3057,465189,43,MissedShots,0.7569999694824219,0.549000015258789,0.02236739918589592,Alexis Mac Allister,h,8379,OpenPlay,2021,RightFoot,16685,Brighton,Norwich,0,0,2022-04-02 14:00:00,Marc Cucurella,Pass
3058,465202,72,BlockedShot,0.7769999694824219,0.5929999923706055,0.08032000064849854,Alexis Mac Allister,h,8379,DirectFreekick,2021,RightFoot,16685,Brighton,Norwich,0,0,2022-04-02 14:00:00,,Standard
3059,465209,89,SavedShot,0.774000015258789,0.4929999923706055,0.029741300269961357,Alexis Mac Allister,h,8379,OpenPlay,2021,RightFoot,16685,Brighton,Norwich,0,0,2022-04-02 14:00:00,,None
3060,465211,91,MissedShots,0.8980000305175782,0.6940000152587891,0.05968309938907623,Alexis Mac Allister,h,8379,OpenPlay,2021,LeftFoot,16685,Brighton,Norwich,0,0,2022-04-02 14:00:00,Marc Cucurella,Pass
3061,467931,63,MissedShots,0.7909999847412109,0.624000015258789,0.030707500874996185,Alexis Mac Allister,a,8379,OpenPlay,2021,LeftFoot,16699,Tottenham,Brighton,0,1,2022-04-16 11:30:00,Leandro Trossard,Pass
3062,469555,92,MissedShots,0.754000015258789,0.615999984741211,0.058206699788570404,Alexis Mac Allister,a,8379,DirectFreekick,2021,RightFoot,16670,Manchester City,Brighton,3,0,2022-04-20 19:00:00,,Standard
3063,470485,82,BlockedShot,0.8130000305175781,0.4879999923706055,0.051124200224876404,Alexis Mac Allister,h,8379,OpenPlay,2021,RightFoot,16713,Brighton,Southampton,2,2,2022-04-24 13:00:00,,None
3064,471560,8,MissedShots,0.8569999694824219,0.37799999237060544,0.04652250185608864,Alexis Mac Allister,a,8379,FromCorner,2021,LeftFoot,16716,Wolverhampton Wanderers,Brighton,0,3,2022-04-30 14:00:00,,None
3065,471565,32,ShotOnPost,0.885,0.5,0.7611690163612366,Alexis Mac Allister,a,8379,Penalty,2021,RightFoot,16716,Wolverhampton Wanderers,Brighton,0,3,2022-04-30 14:00:00,,Standard
3066,471568,41,Goal,0.885,0.5,0.7611690163612366,Alexis Mac Allister,a,8379,Penalty,2021,RightFoot,16716,Wolverhampton Wanderers,Brighton,0,3,2022-04-30 14:00:00,,Standard
3067,471572,48,BlockedShot,0.7909999847412109,0.37,0.03682510182261467,Alexis Mac Allister,a,8379,OpenPlay,2021,RightFoot,16716,Wolverhampton Wanderers,Brighton,0,3,2022-04-30 14:00:00,Joël Veltman,Pass
3068,471578,80,BlockedShot,0.8930000305175781,0.565,0.13903699815273285,Alexis Mac Allister,a,8379,OpenPlay,2021,LeftFoot,16716,Wolverhampton Wanderers,Brighton,0,3,2022-04-30 14:00:00,Leandro Trossard,Pass
3069,474691,64,BlockedShot,0.9269999694824219,0.53,0.5938320159912109,Alexis Mac Allister,h,8379,OpenPlay,2021,LeftFoot,16733,Brighton,Manchester United,4,0,2022-05-07 16:30:00,Pascal Groß,CornerAwarded
3070,476330,6,BlockedShot,0.8480000305175781,0.610999984741211,0.0557279996573925,Alexis Mac Allister,a,8379,OpenPlay,2021,RightFoot,16743,Leeds,Brighton,1,1,2022-05-15 13:00:00,Leandro Trossard,Pass
3071,476335,17,SavedShot,0.7140000152587891,0.5970000076293945,0.008919600397348404,Alexis Mac Allister,a,8379,OpenPlay,2021,RightFoot,16743,Leeds,Brighton,1,1,2022-05-15 13:00:00,Marc Cucurella,TakeOn
3072,476339,32,MissedShots,0.9069999694824219,0.5429999923706055,0.05567599833011627,Alexis Mac Allister,a,8379,OpenPlay,2021,Head,16743,Leeds,Brighton,1,1,2022-05-15 13:00:00,Leandro Trossard,Aerial
3073,476342,36,MissedShots,0.904000015258789,0.4370000076293945,0.12495999783277512,Alexis Mac Allister,a,8379,OpenPlay,2021,RightFoot,16743,Leeds,Brighton,1,1,2022-05-15 13:00:00,,Dispossessed
3074,477768,49,BlockedShot,0.7330000305175781,0.48700000762939455,0.01043699961155653,Alexis Mac Allister,h,8379,OpenPlay,2021,RightFoot,16748,Brighton,West Ham,3,1,2022-05-22 15:00:00,,Aerial
3075,479588,27,BlockedShot,0.7290000152587891,0.549000015258789,0.016128599643707275,Alexis Mac Allister,a,8379,OpenPlay,2022,RightFoot,18209,Manchester United,Brighton,1,2,2022-08-07 13:00:00,Danny Welbeck,Pass
3076,479603,67,OwnGoal,0.02,0.53,0,Alexis Mac Allister,a,8379,FromCorner,2022,RightFoot,18209,Manchester United,Brighton,1,2,2022-08-07 13:00:00,,Clearance
3077,479607,82,MissedShots,0.7390000152587891,0.6270000076293946,0.01999719999730587,Alexis Mac Allister,a,8379,OpenPlay,2022,RightFoot,18209,Manchester United,Brighton,1,2,2022-08-07 13:00:00,Enock Mwepu,Pass
3078,480403,36,MissedShots,0.765,0.3770000076293945,0.018057599663734436,Alexis Mac Allister,h,8379,OpenPlay,2022,RightFoot,18213,Brighton,Newcastle United,0,0,2022-08-13 14:00:00,Danny Welbeck,Pass
3079,480408,58,MissedShots,0.759000015258789,0.24899999618530275,0.00958641991019249,Alexis Mac Allister,h,8379,OpenPlay,2022,RightFoot,18213,Brighton,Newcastle United,0,0,2022-08-13 14:00:00,Solly March,HeadPass
3080,482288,21,Goal,0.885,0.5,0.7611690163612366,Alexis Mac Allister,a,8379,Penalty,2022,RightFoot,18229,West Ham,Brighton,0,2,2022-08-21 13:00:00,,Standard
3081,482303,81,MissedShots,0.7190000152587891,0.43900001525878907,0.01770089939236641,Alexis Mac Allister,a,8379,OpenPlay,2022,RightFoot,18229,West Ham,Brighton,0,2,2022-08-21 13:00:00,Leandro Trossard,Pass
3082,484834,59,Goal,0.885,0.5,0.7611690163612366,Alexis Mac Allister,a,8379,Penalty,2022,RightFoot,18242,Fulham,Brighton,2,1,2022-08-30 18:30:00,,Standard
3083,486506,19,BlockedShot,0.700999984741211,0.425,0.03682979941368103,Alexis Mac Allister,h,8379,DirectFreekick,2022,RightFoot,18259,Brighton,Leicester,5,2,2022-09-04 13:00:00,,Standard
3084,486522,70,Goal,0.885,0.5,0.7611690163612366,Alexis Mac Allister,h,8379,Penalty,2022,RightFoot,18259,Brighton,Leicester,5,2,2022-09-04 13:00:00,,Standard
3085,486526,86,SavedShot,0.815,0.54,0.06476040184497833,Alexis Mac Allister,h,8379,OpenPlay,2022,LeftFoot,18259,Brighton,Leicester,5,2,2022-09-04 13:00:00,,BallRecovery
3086,486529,96,Goal,0.7140000152587891,0.5129999923706055,0.04355429857969284,Alexis Mac Allister,h,8379,DirectFreekick,2022,RightFoot,18259,Brighton,Leicester,5,2,2022-09-04 13:00:00,,Standard
3087,491798,10,SavedShot,0.799000015258789,0.35400001525878905,0.029231300577521324,Alexis Mac Allister,h,8379,OpenPlay,2022,RightFoot,18294,Brighton,Tottenham,0,1,2022-10-08 16:30:00,Solly March,Pass
3088,491810,48,MissedShots,0.8090000152587891,0.49200000762939455,0.05441189929842949,Alexis Mac Allister,h,8379,OpenPlay,2022,RightFoot,18294,Brighton,Tottenham,0,1,2022-10-08 16:30:00,Moisés Caicedo,Pass
3089,492740,46,BlockedShot,0.740999984741211,0.40900001525878904,0.01716800034046173,Alexis Mac Allister,a,8379,OpenPlay,2022,RightFoot,18303,Brentford,Brighton,2,0,2022-10-14 19:00:00,,None
3090,492744,65,SavedShot,0.7230000305175781,0.4520000076293945,0.01208459958434105,Alexis Mac Allister,a,8379,OpenPlay,2022,RightFoot,18303,Brentford,Brighton,2,0,2022-10-14 19:00:00,Kaoru Mitoma,Pass
3091,492745,66,BlockedShot,0.735999984741211,0.5270000076293946,0.01331270020455122,Alexis Mac Allister,a,8379,FromCorner,2022,RightFoot,18303,Brentford,Brighton,2,0,2022-10-14 19:00:00,,Aerial
3092,492748,78,SavedShot,0.7019999694824218,0.5579999923706055,0.009645449928939342,Alexis Mac Allister,a,8379,OpenPlay,2022,RightFoot,18303,Brentford,Brighton,2,0,2022-10-14 19:00:00,Moisés Caicedo,Pass
3093,494232,2,BlockedShot,0.8109999847412109,0.3509999847412109,0.030240800231695175,Alexis Mac Allister,h,8379,FromCorner,2022,RightFoot,18315,Brighton,Nottingham Forest,0,0,2022-10-18 18:30:00,Pascal Groß,Pass
3094,494244,47,BlockedShot,0.72,0.524000015258789,0.01754540018737316,Alexis Mac Allister,h,8379,SetPiece,2022,RightFoot,18315,Brighton,Nottingham Forest,0,0,2022-10-18 18:30:00,Solly March,Pass
3095,495027,66,MissedShots,0.7319999694824219,0.33,0.012946300208568573,Alexis Mac Allister,a,8379,OpenPlay,2022,RightFoot,18326,Manchester City,Brighton,3,1,2022-10-22 14:00:00,,None
3096,498096,4,MissedShots,0.8069999694824219,0.345,0.034306600689888,Alexis Mac Allister,a,8379,OpenPlay,2022,RightFoot,18351,Wolverhampton Wanderers,Brighton,2,3,2022-11-05 15:00:00,,Dispossessed
3097,498106,47,MissedShots,0.7619999694824219,0.61,0.020982500165700912,Alexis Mac Allister,a,8379,OpenPlay,2022,RightFoot,18351,Wolverhampton Wanderers,Brighton,2,3,2022-11-05 15:00:00,,None
3098,498105,52,SavedShot,0.8690000152587891,0.8080000305175781,0.05736149847507477,Alexis Mac Allister,a,8379,DirectFreekick,2022,RightFoot,18351,Wolverhampton Wanderers,Brighton,2,3,2022-11-05 15:00:00,,Standard
3099,498113,66,SavedShot,0.8190000152587891,0.6990000152587891,0.07997609674930573,Alexis Mac Allister,a,8379,DirectFreekick,2022,RightFoot,18351,Wolverhampton Wanderers,Brighton,2,3,2022-11-05 15:00:00,,Standard
3100,498116,76,MissedShots,0.7809999847412109,0.5479999923706055,0.09355449676513672,Alexis Mac Allister,a,8379,DirectFreekick,2022,RightFoot,18351,Wolverhampton Wanderers,Brighton,2,3,2022-11-05 15:00:00,,Standard
3101,500537,0,Goal,0.850999984741211,0.4490000152587891,0.3367939889431,Alexis Mac Allister,h,8379,OpenPlay,2022,RightFoot,18353,Brighton,Aston Villa,1,2,2022-11-13 14:00:00,,BallRecovery
3102,502212,66,MissedShots,0.785,0.655,0.026219600811600685,Alexis Mac Allister,a,8379,OpenPlay,2022,RightFoot,18387,Everton,Brighton,1,4,2023-01-03 19:45:00,Kaoru Mitoma,Pass
3103,502215,75,BlockedShot,0.7390000152587891,0.6669999694824219,0.016133099794387817,Alexis Mac Allister,a,8379,SetPiece,2022,RightFoot,18387,Everton,Brighton,1,4,2023-01-03 19:45:00,Pascal Groß,Pass
3104,503501,8,SavedShot,0.9480000305175781,0.545,0.12554800510406494,Alexis Mac Allister,h,8379,FromCorner,2022,Head,18394,Brighton,Liverpool,3,0,2023-01-14 15:00:00,Pascal Groß,Cross
3105,503503,18,BlockedShot,0.740999984741211,0.4620000076293945,0.019682299345731735,Alexis Mac Allister,h,8379,OpenPlay,2022,RightFoot,18394,Brighton,Liverpool,3,0,2023-01-14 15:00:00,Adam Lallana,BallTouch
3106,504650,83,SavedShot,0.8130000305175781,0.53,0.05065999925136566,Alexis Mac Allister,a,8379,OpenPlay,2022,RightFoot,18407,Leicester,Brighton,2,2,2023-01-21 15:00:00,Kaoru Mitoma,TakeOn
3107,508423,10,SavedShot,0.919000015258789,0.575999984741211,0.521573007106781,Alexis Mac Allister,a,8379,OpenPlay,2022,LeftFoot,18424,Crystal Palace,Brighton,1,1,2023-02-11 15:00:00,Solly March,Pass
3108,508424,15,BlockedShot,0.899000015258789,0.49599998474121093,0.042371898889541626,Alexis Mac Allister,a,8379,OpenPlay,2022,Head,18424,Crystal Palace,Brighton,1,1,2023-02-11 15:00:00,Joël Veltman,Aerial
3109,508425,17,SavedShot,0.8430000305175781,0.5070000076293946,0.06782589852809906,Alexis Mac Allister,a,8379,OpenPlay,2022,RightFoot,18424,Crystal Palace,Brighton,1,1,2023-02-11 15:00:00,,None
3110,508431,43,BlockedShot,0.9340000152587891,0.5640000152587891,0.14177900552749634,Alexis Mac Allister,a,8379,OpenPlay,2022,RightFoot,18424,Crystal Palace,Brighton,1,1,2023-02-11 15:00:00,Solly March,Pass
3111,508440,75,MissedShots,0.795,0.3120000076293945,0.06799100339412689,Alexis Mac Allister,a,8379,DirectFreekick,2022,RightFoot,18424,Crystal Palace,Brighton,1,1,2023-02-11 15:00:00,,Standard
3112,508443,83,MissedShots,0.935,0.5220000076293946,0.38395100831985474,Alexis Mac Allister,a,8379,FromCorner,2022,Head,18424,Crystal Palace,Brighton,1,1,2023-02-11 15:00:00,Pascal Groß,Cross
3113,508444,89,SavedShot,0.8819999694824219,0.5820000076293945,0.28627100586891174,Alexis Mac Allister,a,8379,OpenPlay,2022,RightFoot,18424,Crystal Palace,Brighton,1,1,2023-02-11 15:00:00,Estupiñán,Cross
3114,509613,38,SavedShot,0.8590000152587891,0.68,0.037065401673316956,Alexis Mac Allister,h,8379,FromCorner,2022,RightFoot,18434,Brighton,Fulham,0,1,2023-02-18 15:00:00,Estupiñán,HeadPass
3115,509621,58,SavedShot,0.9359999847412109,0.5629999923706055,0.5389459729194641,Alexis Mac Allister,h,8379,OpenPlay,2022,RightFoot,18434,Brighton,Fulham,0,1,2023-02-18 15:00:00,Solly March,Cross
3116,509626,70,SavedShot,0.784000015258789,0.6459999847412109,0.025519099086523056,Alexis Mac Allister,h,8379,OpenPlay,2022,RightFoot,18434,Brighton,Fulham,0,1,2023-02-18 15:00:00,Adam Webster,BallRecovery
3117,509633,96,MissedShots,0.7380000305175781,0.5840000152587891,0.052515700459480286,Alexis Mac Allister,h,8379,DirectFreekick,2022,RightFoot,18434,Brighton,Fulham,0,1,2023-02-18 15:00:00,,Standard
3118,512179,17,Goal,0.885,0.5,0.7611690163612366,Alexis Mac Allister,h,8379,Penalty,2022,RightFoot,18455,Brighton,West Ham,4,0,2023-03-04 15:00:00,,Standard
3119,512184,48,MissedShots,0.8480000305175781,0.6320000076293946,0.07841990143060684,Alexis Mac Allister,h,8379,OpenPlay,2022,LeftFoot,18455,Brighton,West Ham,4,0,2023-03-04 15:00:00,Kaoru Mitoma,Pass
3120,512186,50,BlockedShot,0.9369999694824219,0.4929999923706055,0.13928000628948212,Alexis Mac Allister,h,8379,OpenPlay,2022,RightFoot,18455,Brighton,West Ham,4,0,2023-03-04 15:00:00,,None
3121,513521,18,MissedShots,0.8490000152587891,0.41,0.05811629816889763,Alexis Mac Allister,a,8379,FromCorner,2022,RightFoot,18466,Leeds,Brighton,2,2,2023-03-11 15:00:00,,Rebound
3122,513525,30,MissedShots,0.765,0.32299999237060545,0.017315400764346123,Alexis Mac Allister,a,8379,OpenPlay,2022,RightFoot,18466,Leeds,Brighton,2,2,2023-03-11 15:00:00,Evan Ferguson,Pass
3123,513526,32,Goal,0.9569999694824218,0.5129999923706055,0.5522570013999939,Alexis Mac Allister,a,8379,OpenPlay,2022,Head,18466,Leeds,Brighton,2,2,2023-03-11 15:00:00,Kaoru Mitoma,HeadPass
3124,513530,42,MissedShots,0.8640000152587891,0.5309999847412109,0.10448899865150452,Alexis Mac Allister,a,8379,OpenPlay,2022,RightFoot,18466,Leeds,Brighton,2,2,2023-03-11 15:00:00,Kaoru Mitoma,Pass
3125,514545,43,MissedShots,0.6990000152587891,0.6469999694824219,0.01362599991261959,Alexis Mac Allister,h,8379,SetPiece,2022,RightFoot,18276,Brighton,Crystal Palace,1,0,2023-03-15 19:30:00,Solly March,Pass
3126,514549,65,SavedShot,0.9540000152587891,0.3820000076293945,0.029169799759984016,Alexis Mac Allister,h,8379,FromCorner,2022,Head,18276,Brighton,Crystal Palace,1,0,2023-03-15 19:30:00,Pascal Groß,Cross
3127,514550,75,MissedShots,0.720999984741211,0.41,0.04361550137400627,Alexis Mac Allister,h,8379,DirectFreekick,2022,RightFoot,18276,Brighton,Crystal Palace,1,0,2023-03-15 19:30:00,,Standard
3128,514551,84,MissedShots,0.8530000305175781,0.6559999847412109,0.052976399660110474,Alexis Mac Allister,h,8379,OpenPlay,2022,RightFoot,18276,Brighton,Crystal Palace,1,0,2023-03-15 19:30:00,Estupiñán,Pass
3129,516390,43,SavedShot,0.7919999694824219,0.6430000305175781,0.02897620014846325,Alexis Mac Allister,h,8379,OpenPlay,2022,RightFoot,18484,Brighton,Brentford,3,3,2023-04-01 14:00:00,Estupiñán,Pass
3130,516401,64,SavedShot,0.9380000305175781,0.575,0.09041129797697067,Alexis Mac Allister,h,8379,OpenPlay,2022,Head,18484,Brighton,Brentford,3,3,2023-04-01 14:00:00,Moisés Caicedo,Cross
3131,516403,70,BlockedShot,0.825999984741211,0.3370000076293945,0.07253289967775345,Alexis Mac Allister,h,8379,OpenPlay,2022,RightFoot,18484,Brighton,Brentford,3,3,2023-04-01 14:00:00,Moisés Caicedo,TakeOn
3132,516407,77,MissedShots,0.749000015258789,0.645,0.01776440069079399,Alexis Mac Allister,h,8379,FromCorner,2022,RightFoot,18484,Brighton,Brentford,3,3,2023-04-01 14:00:00,Kaoru Mitoma,Pass
3133,516410,89,Goal,0.885,0.5,0.7611690163612366,Alexis Mac Allister,h,8379,Penalty,2022,RightFoot,18484,Brighton,Brentford,3,3,2023-04-01 14:00:00,,Standard
3134,517433,2,MissedShots,0.8009999847412109,0.445,0.042601700872182846,Alexis Mac Allister,a,8379,OpenPlay,2022,RightFoot,18266,Bournemouth,Brighton,0,2,2023-04-04 18:45:00,Adam Webster,Pass
3135,518025,22,SavedShot,0.740999984741211,0.41,0.019540300592780113,Alexis Mac Allister,a,8379,OpenPlay,2022,RightFoot,18500,Tottenham,Brighton,2,1,2023-04-08 14:00:00,Joël Veltman,Pass
3136,518028,25,BlockedShot,0.7280000305175781,0.4829999923706055,0.0193805992603302,Alexis Mac Allister,a,8379,OpenPlay,2022,RightFoot,18500,Tottenham,Brighton,2,1,2023-04-08 14:00:00,Moisés Caicedo,Pass
3137,518026,25,SavedShot,0.789000015258789,0.3609999847412109,0.04277820140123367,Alexis Mac Allister,a,8379,OpenPlay,2022,RightFoot,18500,Tottenham,Brighton,2,1,2023-04-08 14:00:00,Danny Welbeck,LayOff
3138,518044,95,BlockedShot,0.8590000152587891,0.4620000076293945,0.013903499580919743,Alexis Mac Allister,a,8379,OpenPlay,2022,Head,18500,Tottenham,Brighton,2,1,2023-04-08 14:00:00,Lewis Dunk,Aerial
3139,519446,2,MissedShots,0.9630000305175781,0.5740000152587891,0.5355679988861084,Alexis Mac Allister,a,8379,OpenPlay,2022,RightFoot,18503,Chelsea,Brighton,1,2,2023-04-15 14:00:00,,None
3140,519448,7,MissedShots,0.8809999847412109,0.6780000305175782,0.05687269940972328,Alexis Mac Allister,a,8379,OpenPlay,2022,RightFoot,18503,Chelsea,Brighton,1,2,2023-04-15 14:00:00,Kaoru Mitoma,Pass
3141,519455,29,MissedShots,0.7730000305175782,0.38299999237060545,0.022280899807810783,Alexis Mac Allister,a,8379,OpenPlay,2022,RightFoot,18503,Chelsea,Brighton,1,2,2023-04-15 14:00:00,Solly March,TakeOn
3142,519459,45,BlockedShot,0.745,0.534000015258789,0.020829999819397926,Alexis Mac Allister,a,8379,OpenPlay,2022,RightFoot,18503,Chelsea,Brighton,1,2,2023-04-15 14:00:00,,BallTouch
3143,519466,54,BlockedShot,0.7369999694824219,0.43,0.02516629919409752,Alexis Mac Allister,a,8379,FromCorner,2022,RightFoot,18503,Chelsea,Brighton,1,2,2023-04-15 14:00:00,Moisés Caicedo,Pass
3144,522094,30,SavedShot,0.7809999847412109,0.45799999237060546,0.03222093731164932,Alexis Mac Allister,a,8379,OpenPlay,2022,RightFoot,18524,Nottingham Forest,Brighton,3,1,2023-04-26 18:30:00,Solly March,Pass
3145,522096,36,MissedShots,0.8169999694824219,0.5070000076293946,0.05971556901931763,Alexis Mac Allister,a,8379,OpenPlay,2022,RightFoot,18524,Nottingham Forest,Brighton,3,1,2023-04-26 18:30:00,Solly March,Pass
3146,522110,81,SavedShot,0.755,0.8719999694824219,0.008377490565180779,Alexis Mac Allister,a,8379,OpenPlay,2022,RightFoot,18524,Nottingham Forest,Brighton,3,1,2023-04-26 18:30:00,,None
3147,522114,99,BlockedShot,0.8430000305175781,0.4520000076293945,0.08017753809690475,Alexis Mac Allister,a,8379,OpenPlay,2022,RightFoot,18524,Nottingham Forest,Brighton,3,1,2023-04-26 18:30:00,Solly March,Pass
3148,522115,101,MissedShots,0.9580000305175781,0.3920000076293945,0.04115462675690651,Alexis Mac Allister,a,8379,FromCorner,2022,Head,18524,Nottingham Forest,Brighton,3,1,2023-04-26 18:30:00,Pascal Groß,Cross
3149,522756,86,BlockedShot,0.855999984741211,0.5879999923706055,0.1093440130352974,Alexis Mac Allister,h,8379,OpenPlay,2022,RightFoot,18535,Brighton,Wolverhampton Wanderers,6,0,2023-04-29 14:00:00,Yasin Ayari,LayOff
3150,524299,33,MissedShots,0.735999984741211,0.585999984741211,0.02147301472723484,Alexis Mac Allister,h,8379,OpenPlay,2022,RightFoot,18475,Brighton,Manchester United,1,0,2023-05-04 19:00:00,Julio Enciso,Pass
3151,524322,89,SavedShot,0.7369999694824219,0.42400001525878905,0.015019199810922146,Alexis Mac Allister,h,8379,OpenPlay,2022,LeftFoot,18475,Brighton,Manchester United,1,0,2023-05-04 19:00:00,Solly March,Pass
3152,524325,98,Goal,0.885,0.5,0.7611688375473022,Alexis Mac Allister,h,8379,Penalty,2022,RightFoot,18475,Brighton,Manchester United,1,0,2023-05-04 19:00:00,,Standard
3153,525463,13,BlockedShot,0.8880000305175781,0.5940000152587891,0.08663476258516312,Alexis Mac Allister,h,8379,OpenPlay,2022,RightFoot,18543,Brighton,Everton,1,5,2023-05-08 16:30:00,Kaoru Mitoma,Pass
3154,525477,65,ShotOnPost,0.9159999847412109,0.43,0.06811411678791046,Alexis Mac Allister,h,8379,FromCorner,2022,Head,18543,Brighton,Everton,1,5,2023-05-08 16:30:00,Solly March,Cross
3155,525481,74,SavedShot,0.8809999847412109,0.4540000152587891,0.04320484772324562,Alexis Mac Allister,h,8379,FromCorner,2022,Head,18543,Brighton,Everton,1,5,2023-05-08 16:30:00,Moisés Caicedo,Cross
3156,525484,78,Goal,0.9640000152587891,0.4929999923706055,0.7121793031692505,Alexis Mac Allister,h,8379,OpenPlay,2022,OtherBodyPart,18543,Brighton,Everton,1,5,2023-05-08 16:30:00,,Rebound
3157,526743,75,MissedShots,0.754000015258789,0.39,0.0252281054854393,Alexis Mac Allister,a,8379,OpenPlay,2022,RightFoot,18552,Arsenal,Brighton,0,3,2023-05-14 15:30:00,Danny Welbeck,Pass
3158,527966,84,MissedShots,0.8290000152587891,0.4779999923706055,0.066457599401474,Alexis Mac Allister,h,8379,OpenPlay,2022,RightFoot,18563,Brighton,Southampton,3,1,2023-05-21 13:00:00,,None
3159,528631,60,BlockedShot,0.7330000305175781,0.6780000305175782,0.011961115524172783,Alexis Mac Allister,h,8379,OpenPlay,2022,RightFoot,18515,Brighton,Manchester City,1,1,2023-05-24 19:00:00,Kaoru Mitoma,Pass
3160,529692,54,MissedShots,0.8019999694824219,0.5609999847412109,0.01455037109553814,Alexis Mac Allister,a,8379,OpenPlay,2022,RightFoot,18573,Aston Villa,Brighton,2,1,2023-05-28 15:30:00,,Aerial
3161,529695,71,SavedShot,0.7530000305175781,0.37799999237060544,0.02131829597055912,Alexis Mac Allister,a,8379,OpenPlay,2022,RightFoot,18573,Aston Villa,Brighton,2,1,2023-05-28 15:30:00,Evan Ferguson,Pass
3162,539668,27,MissedShots,0.7680000305175781,0.51,0.03744829073548317,Alexis Mac Allister,h,8379,OpenPlay,2023,RightFoot,21953,Liverpool,West Ham,3,1,2023-09-24 13:00:00,Dominik Szoboszlai,Pass
3163,541470,3,MissedShots,0.815,0.4,0.03080061823129654,Alexis Mac Allister,a,8379,FromCorner,2023,LeftFoot,21962,Tottenham,Liverpool,2,1,2023-09-30 16:30:00,,None
3164,543066,91,BlockedShot,0.7280000305175781,0.34700000762939454,0.01669938676059246,Alexis Mac Allister,a,8379,OpenPlay,2023,RightFoot,21966,Brighton,Liverpool,2,2,2023-10-08 13:00:00,Joseph Gomez,Pass
3165,543722,33,SavedShot,0.71,0.37,0.012685010209679604,Alexis Mac Allister,h,8379,OpenPlay,2023,RightFoot,21979,Liverpool,Everton,2,0,2023-10-21 11:30:00,,BallRecovery
3166,546078,14,MissedShots,0.7219999694824218,0.45599998474121095,0.020344091579318047,Alexis Mac Allister,h,8379,OpenPlay,2023,RightFoot,21991,Liverpool,Nottingham Forest,3,0,2023-10-29 14:00:00,Ibrahima Konaté,Pass
3167,549449,41,MissedShots,0.7190000152587891,0.4909999847412109,0.014553327113389969,Alexis Mac Allister,a,8379,OpenPlay,2023,RightFoot,22020,Manchester City,Liverpool,1,1,2023-11-25 12:30:00,,BallRecovery
3168,551729,38,Goal,0.7659999847412109,0.6170000076293946,0.03164851292967796,Alexis Mac Allister,h,8379,OpenPlay,2023,RightFoot,22030,Liverpool,Fulham,4,3,2023-12-03 14:00:00,,TakeOn
3169,552245,49,SavedShot,0.799000015258789,0.24100000381469727,0.020163685083389282,Alexis Mac Allister,a,8379,OpenPlay,2023,RightFoot,22040,Sheffield United,Liverpool,0,2,2023-12-06 19:30:00,Trent Alexander-Arnold,Pass
3170,559337,18,MissedShots,0.715999984741211,0.47400001525878904,0.019381651654839516,Alexis Mac Allister,a,8379,OpenPlay,2023,RightFoot,22102,Bournemouth,Liverpool,0,4,2024-01-21 16:30:00,Ibrahima Konaté,Pass
3171,560760,8,BlockedShot,0.7609999847412109,0.5179999923706055,0.0205034539103508,Alexis Mac Allister,h,8379,FromCorner,2023,RightFoot,22113,Liverpool,Chelsea,4,1,2024-01-31 20:15:00,,Tackle
3172,560765,19,BlockedShot,0.8130000305175781,0.4640000152587891,0.05026960372924805,Alexis Mac Allister,h,8379,OpenPlay,2023,RightFoot,22113,Liverpool,Chelsea,4,1,2024-01-31 20:15:00,,None
3173,560785,75,BlockedShot,0.7869999694824219,0.395,0.04519125446677208,Alexis Mac Allister,h,8379,OpenPlay,2023,RightFoot,22113,Liverpool,Chelsea,4,1,2024-01-31 20:15:00,Luis Díaz,BallTouch
3174,561864,45,MissedShots,0.685,0.5609999847412109,0.011915328912436962,Alexis Mac Allister,a,8379,OpenPlay,2023,RightFoot,22116,Arsenal,Liverpool,3,1,2024-02-04 16:30:00,Diogo Jota,Pass
3175,561872,68,MissedShots,0.7319999694824219,0.5220000076293946,0.018796218559145927,Alexis Mac Allister,a,8379,OpenPlay,2023,LeftFoot,22116,Arsenal,Liverpool,3,1,2024-02-04 16:30:00,Ibrahima Konaté,Pass
3176,561873,76,MissedShots,0.8030000305175782,0.49599998474121093,0.0321543924510479,Alexis Mac Allister,a,8379,FromCorner,2023,RightFoot,22116,Arsenal,Liverpool,3,1,2024-02-04 16:30:00,,None
3177,562459,58,BlockedShot,0.8,0.46900001525878904,0.017808882519602776,Alexis Mac Allister,h,8379,FromCorner,2023,RightFoot,22128,Liverpool,Burnley,3,1,2024-02-10 15:00:00,,Aerial
3178,562473,94,MissedShots,0.754000015258789,0.5579999923706055,0.023411065340042114,Alexis Mac Allister,h,8379,OpenPlay,2023,RightFoot,22128,Liverpool,Burnley,3,1,2024-02-10 15:00:00,Darwin Núñez,Pass
3179,563624,54,Goal,0.9069999694824219,0.47400001525878904,0.4599151611328125,Alexis Mac Allister,a,8379,OpenPlay,2023,RightFoot,22135,Brentford,Liverpool,1,4,2024-02-17 12:30:00,Mohamed Salah,TakeOn
3180,566644,22,MissedShots,0.909000015258789,0.5570000076293945,0.13447318971157074,Alexis Mac Allister,a,8379,OpenPlay,2023,LeftFoot,22162,Nottingham Forest,Liverpool,0,1,2024-03-02 15:00:00,Harvey Elliott,Pass
3181,566654,50,BlockedShot,0.9030000305175782,0.23600000381469727,0.018364792689681053,Alexis Mac Allister,a,8379,FromCorner,2023,RightFoot,22162,Nottingham Forest,Liverpool,0,1,2024-03-02 15:00:00,Joseph Gomez,Chipped
3182,568702,19,BlockedShot,0.73,0.44,0.017033182084560394,Alexis Mac Allister,h,8379,OpenPlay,2023,RightFoot,22171,Liverpool,Manchester City,1,1,2024-03-10 15:45:00,,Dispossessed
3183,568712,49,Goal,0.885,0.5,0.7611688375473022,Alexis Mac Allister,h,8379,Penalty,2023,RightFoot,22171,Liverpool,Manchester City,1,1,2024-03-10 15:45:00,,Standard
3184,568718,64,SavedShot,0.7980000305175782,0.6790000152587891,0.024047330021858215,Alexis Mac Allister,h,8379,OpenPlay,2023,RightFoot,22171,Liverpool,Manchester City,1,1,2024-03-10 15:45:00,Luis Díaz,Pass
3185,568724,83,MissedShots,0.89,0.5970000076293945,0.08029607683420181,Alexis Mac Allister,h,8379,OpenPlay,2023,LeftFoot,22171,Liverpool,Manchester City,1,1,2024-03-10 15:45:00,,None
3186,571202,11,MissedShots,0.7959999847412109,0.32099998474121094,0.02710479311645031,Alexis Mac Allister,h,8379,OpenPlay,2023,RightFoot,22189,Liverpool,Brighton,2,1,2024-03-31 14:00:00,Jarell Quansah,Pass
3187,571214,39,BlockedShot,0.754000015258789,0.37,0.019128644838929176,Alexis Mac Allister,h,8379,OpenPlay,2023,RightFoot,22189,Liverpool,Brighton,2,1,2024-03-31 14:00:00,,Dispossessed
3188,571215,41,BlockedShot,0.8419999694824218,0.5129999923706055,0.06599999964237213,Alexis Mac Allister,h,8379,OpenPlay,2023,RightFoot,22189,Liverpool,Brighton,2,1,2024-03-31 14:00:00,,None
3189,571216,45,BlockedShot,0.8109999847412109,0.3189999961853027,0.030433570966124535,Alexis Mac Allister,h,8379,OpenPlay,2023,RightFoot,22189,Liverpool,Brighton,2,1,2024-03-31 14:00:00,,BallTouch
3190,571220,53,MissedShots,0.885,0.5179999923706055,0.0640794113278389,Alexis Mac Allister,h,8379,OpenPlay,2023,Head,22189,Liverpool,Brighton,2,1,2024-03-31 14:00:00,Joseph Gomez,Cross
3191,571976,33,MissedShots,0.7730000305175782,0.455,0.03458939865231514,Alexis Mac Allister,h,8379,OpenPlay,2023,RightFoot,22203,Liverpool,Sheffield United,3,1,2024-04-04 18:30:00,Luis Díaz,Pass
3192,571991,75,Goal,0.815,0.53,0.05137626454234123,Alexis Mac Allister,h,8379,OpenPlay,2023,RightFoot,22203,Liverpool,Sheffield United,3,1,2024-04-04 18:30:00,Luis Díaz,None
3193,571994,84,BlockedShot,0.7369999694824219,0.4109999847412109,0.051504019647836685,Alexis Mac Allister,h,8379,DirectFreekick,2023,RightFoot,22203,Liverpool,Sheffield United,3,1,2024-04-04 18:30:00,,Standard
3194,573002,56,BlockedShot,0.8219999694824218,0.515,0.06332693994045258,Alexis Mac Allister,a,8379,OpenPlay,2023,RightFoot,22211,Manchester United,Liverpool,2,2,2024-04-07 14:30:00,Mohamed Salah,Pass
3195,574162,32,BlockedShot,0.8140000152587891,0.47900001525878905,0.15941832959651947,Alexis Mac Allister,h,8379,DirectFreekick,2023,RightFoot,22220,Liverpool,Crystal Palace,0,1,2024-04-14 13:00:00,,Standard
3196,576225,9,BlockedShot,0.8240000152587891,0.56,0.040593136101961136,Alexis Mac Allister,a,8379,FromCorner,2023,LeftFoot,22179,Everton,Liverpool,2,0,2024-04-24 19:00:00,,None
3197,576237,49,BlockedShot,0.7659999847412109,0.595999984741211,0.02124115265905857,Alexis Mac Allister,a,8379,OpenPlay,2023,RightFoot,22179,Everton,Liverpool,2,0,2024-04-24 19:00:00,,BallTouch
3198,576240,50,BlockedShot,0.8119999694824219,0.525,0.0364338718354702,Alexis Mac Allister,a,8379,FromCorner,2023,RightFoot,22179,Everton,Liverpool,2,0,2024-04-24 19:00:00,,None
3199,576254,69,BlockedShot,0.7680000305175781,0.4279999923706055,0.01909024454653263,Alexis Mac Allister,a,8379,FromCorner,2023,RightFoot,22179,Everton,Liverpool,2,0,2024-04-24 19:00:00,,None
3200,576560,17,MissedShots,0.784000015258789,0.43200000762939456,0.02275019884109497,Alexis Mac Allister,a,8379,FromCorner,2023,RightFoot,22243,West Ham,Liverpool,2,2,2024-04-27 11:30:00,,None
3201,576584,69,SavedShot,0.9109999847412109,0.43200000762939456,0.27371877431869507,Alexis Mac Allister,a,8379,OpenPlay,2023,Head,22243,West Ham,Liverpool,2,2,2024-04-27 11:30:00,Trent Alexander-Arnold,Chipped
3202,580910,37,BlockedShot,0.860999984741211,0.305,0.055571265518665314,Alexis Mac Allister,a,8379,OpenPlay,2023,RightFoot,22256,Aston Villa,Liverpool,3,3,2024-05-13 19:00:00,Mohamed Salah,Pass
3203,580915,62,BlockedShot,0.8209999847412109,0.65,0.04263946786522865,Alexis Mac Allister,a,8379,OpenPlay,2023,RightFoot,22256,Aston Villa,Liverpool,3,3,2024-05-13 19:00:00,Luis Díaz,Pass
3204,582020,33,Goal,0.914000015258789,0.485,0.4156332314014435,Alexis Mac Allister,h,8379,OpenPlay,2023,Head,22271,Liverpool,Wolverhampton Wanderers,2,0,2024-05-19 15:00:00,Harvey Elliott,Aerial
3205,582038,58,MissedShots,0.924000015258789,0.51,0.5852771997451782,Alexis Mac Allister,h,8379,OpenPlay,2023,RightFoot,22271,Liverpool,Wolverhampton Wanderers,2,0,2024-05-19 15:00:00,Trent Alexander-Arnold,Rebound
3206,584697,58,BlockedShot,0.8090000152587891,0.5309999847412109,0.05343359708786011,Alexis Mac Allister,a,8379,OpenPlay,2024,RightFoot,26603,Ipswich,Liverpool,0,2,2024-08-17 11:30:00,,BallTouch
3207,584705,91,MissedShots,0.79,0.46,0.016664598137140274,Alexis Mac Allister,a,8379,FromCorner,2024,RightFoot,26603,Ipswich,Liverpool,0,2,2024-08-17 11:30:00,,Aerial
3208,590859,36,SavedShot,0.9059999847412109,0.5209999847412109,0.10010366886854172,Alexis Mac Allister,h,8379,OpenPlay,2024,Head,26635,Liverpool,Nottingham Forest,0,1,2024-09-14 14:00:00,Trent Alexander-Arnold,Cross
3209,592429,87,SavedShot,0.8590000152587891,0.4640000152587891,0.03031957894563675,Alexis Mac Allister,h,8379,SetPiece,2024,Head,26645,Liverpool,Bournemouth,3,0,2024-09-21 14:00:00,Trent Alexander-Arnold,Cross
3210,599070,48,SavedShot,0.9019999694824219,0.515,0.0751345083117485,Alexis Mac Allister,a,8379,OpenPlay,2024,Head,26691,Arsenal,Liverpool,2,2,2024-10-27 16:30:00,Trent Alexander-Arnold,Cross
3211,600150,52,SavedShot,0.92,0.575,0.06371966749429703,Alexis Mac Allister,h,8379,OpenPlay,2024,Head,26696,Liverpool,Brighton,2,1,2024-11-02 15:00:00,Cody Gakpo,Cross
3212,603468,69,MissedShots,0.7240000152587891,0.624000015258789,0.016700875014066696,Alexis Mac Allister,a,8379,OpenPlay,2024,RightFoot,26721,Southampton,Liverpool,2,3,2024-11-24 14:00:00,Andrew Robertson,Pass
3213,605240,13,SavedShot,0.8159999847412109,0.455,0.04349815845489502,Alexis Mac Allister,a,8379,OpenPlay,2024,RightFoot,26740,Newcastle United,Liverpool,3,3,2024-12-04 19:30:00,,Rebound
3214,605241,14,ShotOnPost,0.8430000305175781,0.41400001525878904,0.08170050382614136,Alexis Mac Allister,a,8379,FromCorner,2024,LeftFoot,26740,Newcastle United,Liverpool,3,3,2024-12-04 19:30:00,,TakeOn
3215,605268,91,BlockedShot,0.8419999694824218,0.49700000762939456,0.0815158486366272,Alexis Mac Allister,a,8379,OpenPlay,2024,RightFoot,26740,Newcastle United,Liverpool,3,3,2024-12-04 19:30:00,Mohamed Salah,Pass
3216,608806,35,Goal,0.9730000305175781,0.49,0.8932812809944153,Alexis Mac Allister,a,8379,OpenPlay,2024,Head,26768,Tottenham,Liverpool,3,6,2024-12-22 16:30:00,,Rebound
3217,609228,53,BlockedShot,0.88,0.415,0.02161373570561409,Alexis Mac Allister,h,8379,OpenPlay,2024,Head,26776,Liverpool,Leicester,3,1,2024-12-26 20:00:00,Mohamed Salah,Aerial
3218,610319,15,SavedShot,0.92,0.3970000076293945,0.3040310740470886,Alexis Mac Allister,h,8379,OpenPlay,2024,RightFoot,26797,Liverpool,Manchester United,2,2,2025-01-05 16:30:00,Mohamed Salah,Chipped
3219,610324,37,MissedShots,0.899000015258789,0.3609999847412109,0.09273608773946762,Alexis Mac Allister,h,8379,OpenPlay,2024,RightFoot,26797,Liverpool,Manchester United,2,2,2025-01-05 16:30:00,Mohamed Salah,Pass
3220,610333,65,MissedShots,0.7280000305175781,0.51,0.02106921374797821,Alexis Mac Allister,h,8379,OpenPlay,2024,RightFoot,26797,Liverpool,Manchester United,2,2,2025-01-05 16:30:00,Ryan Gravenberch,Pass
3221,610334,66,BlockedShot,0.875999984741211,0.45,0.031482405960559845,Alexis Mac Allister,h,8379,OpenPlay,2024,Head,26797,Liverpool,Manchester United,2,2,2025-01-05 16:30:00,,None
3222,57544,24,MissedShots,0.7080000305175781,0.4640000152587891,0.012446500360965729,Joseph Gomez,h,987,FromCorner,2015,RightFoot,116,Liverpool,West Ham,0,3,2015-08-29 18:00:00,,Aerial
3223,160495,15,BlockedShot,0.87,0.2989999961853027,0.041236698627471924,Joseph Gomez,h,987,OpenPlay,2017,RightFoot,7193,Liverpool,Manchester United,0,0,2017-10-14 12:30:00,Roberto Firmino,Pass
3224,179241,64,MissedShots,0.9230000305175782,0.505,0.38704100251197815,Joseph Gomez,h,987,SetPiece,2017,Head,7275,Liverpool,Everton,1,1,2017-12-10 14:15:00,Mohamed Salah,Cross
3225,186014,24,MissedShots,0.7930000305175782,0.265,0.016705799847841263,Joseph Gomez,h,987,OpenPlay,2017,RightFoot,7323,Liverpool,Leicester,2,1,2017-12-30 15:00:00,,None
3226,189616,71,BlockedShot,0.7219999694824218,0.23399999618530273,0.008803210221230984,Joseph Gomez,a,987,OpenPlay,2017,RightFoot,7357,Swansea,Liverpool,1,0,2018-01-22 20:00:00,Roberto Firmino,LayOff
3227,189618,80,MissedShots,0.8209999847412109,0.2539999961853027,0.014993100427091122,Joseph Gomez,a,987,OpenPlay,2017,RightFoot,7357,Swansea,Liverpool,1,0,2018-01-22 20:00:00,,TakeOn
3228,232804,69,MissedShots,0.9119999694824219,0.5590000152587891,0.07174839824438095,Joseph Gomez,h,987,SetPiece,2018,OtherBodyPart,9205,Liverpool,West Ham,4,0,2018-08-12 15:30:00,James Milner,Cross
3229,233328,60,SavedShot,0.89,0.475,0.024338599294424057,Joseph Gomez,h,987,SetPiece,2018,Head,9223,Liverpool,Brighton,1,0,2018-08-25 19:30:00,Mohamed Salah,Aerial
3230,233647,15,MissedShots,0.9069999694824219,0.4929999923706055,0.07682830095291138,Joseph Gomez,a,987,FromCorner,2018,Head,9227,Leicester,Liverpool,1,2,2018-09-01 11:30:00,James Milner,Cross
3231,249207,49,BlockedShot,0.8130000305175781,0.38599998474121094,0.04345110058784485,Joseph Gomez,h,987,OpenPlay,2018,LeftFoot,9276,Liverpool,Manchester City,0,0,2018-10-07 15:30:00,Jordan Henderson,Chipped
3232,249212,64,MissedShots,0.7719999694824219,0.49700000762939456,0.012509999796748161,Joseph Gomez,h,987,SetPiece,2018,RightFoot,9276,Liverpool,Manchester City,0,0,2018-10-07 15:30:00,,Aerial
3233,353162,80,BlockedShot,0.735999984741211,0.45799999237060546,0.018379200249910355,Joseph Gomez,h,987,OpenPlay,2019,LeftFoot,11911,Liverpool,West Ham,3,2,2020-02-24 20:00:00,,BallRecovery
3234,471227,79,MissedShots,0.71,0.504000015258789,0.013465600088238716,Joseph Gomez,a,987,FromCorner,2021,RightFoot,16721,Newcastle United,Liverpool,0,1,2022-04-30 11:30:00,,None
3235,485301,25,BlockedShot,0.8080000305175781,0.3160000038146973,0.021887699142098427,Joseph Gomez,h,987,FromCorner,2022,RightFoot,18250,Liverpool,Newcastle United,2,1,2022-08-31 19:00:00,Mohamed Salah,Pass
3236,485323,94,MissedShots,0.764000015258789,0.595999984741211,0.0121970996260643,Joseph Gomez,h,987,OpenPlay,2022,RightFoot,18250,Liverpool,Newcastle United,2,1,2022-08-31 19:00:00,,Aerial
3237,485325,97,MissedShots,0.879000015258789,0.49599998474121093,0.014369400218129158,Joseph Gomez,h,987,FromCorner,2022,Head,18250,Liverpool,Newcastle United,2,1,2022-08-31 19:00:00,James Milner,Aerial
3238,496870,87,MissedShots,0.9069999694824219,0.4329999923706055,0.016780799254775047,Joseph Gomez,h,987,FromCorner,2022,Head,18339,Liverpool,Leeds,1,2,2022-10-29 18:45:00,Andrew Robertson,Aerial
3239,509241,46,MissedShots,0.7269999694824218,0.515,0.012929700314998627,Joseph Gomez,h,987,SetPiece,2022,RightFoot,18428,Liverpool,Everton,2,0,2023-02-13 20:00:00,,Rebound
3240,517507,47,SavedShot,0.7980000305175782,0.32799999237060545,0.026123199611902237,Joseph Gomez,a,987,OpenPlay,2022,RightFoot,18281,Chelsea,Liverpool,0,0,2023-04-04 19:00:00,Darwin Núñez,Pass
3241,529933,96,SavedShot,0.7219999694824218,0.4640000152587891,0.01594841480255127,Joseph Gomez,a,987,OpenPlay,2022,RightFoot,18581,Southampton,Liverpool,4,4,2023-05-28 15:30:00,Harvey Elliott,Pass
3242,535400,61,MissedShots,0.8590000152587891,0.48,0.010284087620675564,Joseph Gomez,a,987,SetPiece,2023,Head,22304,Newcastle United,Liverpool,1,2,2023-08-27 15:30:00,Andrew Robertson,Aerial
3243,536812,87,MissedShots,0.9130000305175782,0.46099998474121096,0.02968713454902172,Joseph Gomez,h,987,FromCorner,2023,Head,21933,Liverpool,Aston Villa,3,0,2023-09-03 13:00:00,Dominik Szoboszlai,Aerial
3244,543741,87,MissedShots,0.86,0.63,0.03832367807626724,Joseph Gomez,h,987,FromCorner,2023,RightFoot,21979,Liverpool,Everton,2,0,2023-10-21 11:30:00,Dominik Szoboszlai,Cross
3245,543742,89,BlockedShot,0.7340000152587891,0.524000015258789,0.02397964894771576,Joseph Gomez,h,987,OpenPlay,2023,RightFoot,21979,Liverpool,Everton,2,0,2023-10-21 11:30:00,Alexis Mac Allister,Pass
3246,547517,5,MissedShots,0.9690000152587891,0.49,0.14541594684123993,Joseph Gomez,a,987,FromCorner,2023,RightFoot,21999,Luton,Liverpool,1,1,2023-11-05 16:30:00,,None
3247,552248,76,MissedShots,0.915,0.685,0.07459401339292526,Joseph Gomez,a,987,OpenPlay,2023,LeftFoot,22040,Sheffield United,Liverpool,0,2,2023-12-06 19:30:00,Cody Gakpo,BallTouch
3248,554977,81,BlockedShot,0.8219999694824218,0.2929999923706055,0.028499430045485497,Joseph Gomez,h,987,OpenPlay,2023,RightFoot,22060,Liverpool,Manchester United,0,0,2023-12-17 16:30:00,Trent Alexander-Arnold,BallTouch
3249,554980,85,MissedShots,0.9169999694824219,0.29200000762939454,0.05619845911860466,Joseph Gomez,h,987,OpenPlay,2023,RightFoot,22060,Liverpool,Manchester United,0,0,2023-12-17 16:30:00,Mohamed Salah,Pass
3250,556389,53,MissedShots,0.8780000305175781,0.6940000152587891,0.050030484795570374,Joseph Gomez,h,987,OpenPlay,2023,RightFoot,22068,Liverpool,Arsenal,1,1,2023-12-23 17:30:00,Luis Díaz,Pass
3251,556396,73,SavedShot,0.9030000305175782,0.715999984741211,0.04716069623827934,Joseph Gomez,h,987,OpenPlay,2023,LeftFoot,22068,Liverpool,Arsenal,1,1,2023-12-23 17:30:00,Harvey Elliott,Pass
3252,556562,40,BlockedShot,0.7630000305175781,0.40900001525878904,0.01773153990507126,Joseph Gomez,a,987,FromCorner,2023,RightFoot,22079,Burnley,Liverpool,0,2,2023-12-26 17:30:00,,None
3253,559344,46,BlockedShot,0.769000015258789,0.5929999923706055,0.02260025031864643,Joseph Gomez,a,987,OpenPlay,2023,RightFoot,22102,Bournemouth,Liverpool,0,4,2024-01-21 16:30:00,Darwin Núñez,TakeOn
3254,564848,27,MissedShots,0.7959999847412109,0.6359999847412109,0.030794553458690643,Joseph Gomez,h,987,OpenPlay,2023,RightFoot,22151,Liverpool,Luton,4,1,2024-02-21 15:00:00,Wataru Endo,Pass
3255,568723,82,BlockedShot,0.7769999694824219,0.42700000762939455,0.02864176034927368,Joseph Gomez,h,987,OpenPlay,2023,RightFoot,22171,Liverpool,Manchester City,1,1,2024-03-10 15:45:00,,None
3256,571974,22,MissedShots,0.785,0.565,0.06495113670825958,Joseph Gomez,h,987,OpenPlay,2023,RightFoot,22203,Liverpool,Sheffield United,3,1,2024-04-04 18:30:00,,TakeOn
3257,571982,46,MissedShots,0.7609999847412109,0.5170000076293946,0.03417658433318138,Joseph Gomez,h,987,OpenPlay,2023,LeftFoot,22203,Liverpool,Sheffield United,3,1,2024-04-04 18:30:00,Alexis Mac Allister,Pass
3258,573009,76,MissedShots,0.7919999694824219,0.34599998474121096,0.024793323129415512,Joseph Gomez,a,987,OpenPlay,2023,RightFoot,22211,Manchester United,Liverpool,2,2,2024-04-07 14:30:00,,None
3259,580905,22,SavedShot,0.9230000305175782,0.6769999694824219,0.07188358157873154,Joseph Gomez,a,987,OpenPlay,2023,RightFoot,22256,Aston Villa,Liverpool,3,3,2024-05-13 19:00:00,Luis Díaz,Pass
3260,580920,72,MissedShots,0.7680000305175781,0.7190000152587891,0.016750572249293327,Joseph Gomez,a,987,OpenPlay,2023,RightFoot,22256,Aston Villa,Liverpool,3,3,2024-05-13 19:00:00,Luis Díaz,Pass
3261,600149,46,SavedShot,0.9109999847412109,0.46099998474121096,0.27243494987487793,Joseph Gomez,h,987,SetPiece,2024,Head,26696,Liverpool,Brighton,2,1,2024-11-02 15:00:00,Konstantinos Tsimikas,Chipped
3262,600162,84,SavedShot,0.9569999694824218,0.44599998474121094,0.07089406251907349,Joseph Gomez,h,987,FromCorner,2024,Head,26696,Liverpool,Brighton,2,1,2024-11-02 15:00:00,Konstantinos Tsimikas,Aerial
3263,607113,55,MissedShots,0.8340000152587891,0.710999984741211,0.030970340594649315,Joseph Gomez,h,987,OpenPlay,2024,LeftFoot,26752,Liverpool,Fulham,2,2,2024-12-14 15:00:00,Cody Gakpo,Pass
3264,422472,94,Goal,0.9269999694824219,0.5320000076293945,0.1076819971203804,Alisson,a,1257,FromCorner,2020,Head,14789,West Bromwich Albion,Liverpool,1,2,2021-05-16 15:30:00,Trent Alexander-Arnold,Cross
3265,441907,3,OwnGoal,0.020999999046325685,0.435,0,Alisson,a,1257,FromCorner,2021,OtherBodyPart,16485,West Ham,Liverpool,3,2,2021-11-07 16:30:00,,Aerial
3266,151229,70,MissedShots,0.750999984741211,0.685,0.009294319897890091,Federico Chiesa,a,1433,OpenPlay,2016,RightFoot,2775,Inter,Fiorentina,4,2,2016-11-29 00:00:00,Borja Valero,Chipped
3267,152387,45,MissedShots,0.884000015258789,0.27100000381469724,0.05313140153884888,Federico Chiesa,h,1433,OpenPlay,2016,RightFoot,3084,Fiorentina,Sassuolo,2,1,2016-12-12 22:00:00,Josip Ilicic,Pass
3268,152394,83,MissedShots,0.8159999847412109,0.3370000076293945,0.023153599351644516,Federico Chiesa,h,1433,FromCorner,2016,RightFoot,3084,Fiorentina,Sassuolo,2,1,2016-12-12 22:00:00,,None
3269,152395,85,SavedShot,0.9130000305175782,0.2520000076293945,0.03893209993839264,Federico Chiesa,h,1433,OpenPlay,2016,RightFoot,3084,Fiorentina,Sassuolo,2,1,2016-12-12 22:00:00,Nikola Kalinic,Chipped
3270,152898,81,BlockedShot,0.8540000152587891,0.3129999923706055,0.033315300941467285,Federico Chiesa,a,1433,OpenPlay,2016,RightFoot,3095,Lazio,Fiorentina,3,1,2016-12-18 23:45:00,Sebastián Cristóforo,Pass
3271,153430,45,SavedShot,0.870999984741211,0.28299999237060547,0.03553690016269684,Federico Chiesa,h,1433,OpenPlay,2016,LeftFoot,3104,Fiorentina,Napoli,3,3,2016-12-22 23:45:00,Milan Badelj,TakeOn
3272,153432,54,MissedShots,0.9009999847412109,0.265,0.03721959888935089,Federico Chiesa,h,1433,OpenPlay,2016,RightFoot,3104,Fiorentina,Napoli,3,3,2016-12-22 23:45:00,Federico Bernardeschi,Chipped
3273,153437,64,BlockedShot,0.7619999694824219,0.3340000152587891,0.02231140062212944,Federico Chiesa,h,1433,OpenPlay,2016,RightFoot,3104,Fiorentina,Napoli,3,3,2016-12-22 23:45:00,Matías Vecino,Pass
3274,153438,66,BlockedShot,0.8319999694824218,0.5209999847412109,0.06731720268726349,Federico Chiesa,h,1433,OpenPlay,2016,RightFoot,3104,Fiorentina,Napoli,3,3,2016-12-22 23:45:00,Matías Vecino,Pass
3275,153441,74,SavedShot,0.909000015258789,0.23700000762939452,0.032650601118803024,Federico Chiesa,h,1433,OpenPlay,2016,RightFoot,3104,Fiorentina,Napoli,3,3,2016-12-22 23:45:00,Mauro Zárate,Pass
3276,144681,10,SavedShot,0.905,0.28,0.03687560185790062,Federico Chiesa,h,1433,OpenPlay,2016,RightFoot,3538,Fiorentina,Juventus,2,1,2017-01-15 23:45:00,Nikola Kalinic,Pass
3277,144683,19,BlockedShot,0.7569999694824219,0.37400001525878906,0.019316600635647774,Federico Chiesa,h,1433,OpenPlay,2016,RightFoot,3538,Fiorentina,Juventus,2,1,2017-01-15 23:45:00,Nikola Kalinic,Pass
3278,144693,55,MissedShots,0.7130000305175781,0.37400001525878906,0.020596500486135483,Federico Chiesa,h,1433,OpenPlay,2016,RightFoot,3538,Fiorentina,Juventus,2,1,2017-01-15 23:45:00,Milan Badelj,Pass
3279,145146,22,BlockedShot,0.7659999847412109,0.605999984741211,0.024671899154782295,Federico Chiesa,a,1433,OpenPlay,2016,LeftFoot,3540,Chievo,Fiorentina,0,3,2017-01-21 20:00:00,Ciprian Tatarusanu,Pass
3280,145147,23,MissedShots,0.860999984741211,0.28200000762939453,0.03695949912071228,Federico Chiesa,a,1433,OpenPlay,2016,LeftFoot,3540,Chievo,Fiorentina,0,3,2017-01-21 20:00:00,Cristian Tello,Chipped
3281,145166,93,Goal,0.9180000305175782,0.3270000076293945,0.11407200247049332,Federico Chiesa,a,1433,OpenPlay,2016,RightFoot,3540,Chievo,Fiorentina,0,3,2017-01-21 20:00:00,Matías Vecino,Pass
3282,145701,18,ShotOnPost,0.9330000305175781,0.3129999923706055,0.10313999652862549,Federico Chiesa,h,1433,OpenPlay,2016,RightFoot,3556,Fiorentina,Genoa,3,3,2017-01-29 17:00:00,,TakeOn
3283,145706,49,Goal,0.845,0.47400001525878904,0.11752700060606003,Federico Chiesa,h,1433,OpenPlay,2016,RightFoot,3556,Fiorentina,Genoa,3,3,2017-01-29 17:00:00,Nikola Kalinic,TakeOn
3284,145715,63,BlockedShot,0.8469999694824218,0.545,0.10533899813890457,Federico Chiesa,h,1433,OpenPlay,2016,RightFoot,3556,Fiorentina,Genoa,3,3,2017-01-29 17:00:00,Nikola Kalinic,Pass
3285,154002,47,MissedShots,0.745999984741211,0.4620000076293945,0.024470100179314613,Federico Chiesa,a,1433,OpenPlay,2016,LeftFoot,3523,Pescara,Fiorentina,1,2,2017-02-01 22:45:00,Borja Valero,TakeOn
3286,146146,13,BlockedShot,0.8009999847412109,0.49599998474121093,0.2762239873409271,Federico Chiesa,a,1433,OpenPlay,2016,RightFoot,3569,Roma,Fiorentina,4,0,2017-02-07 22:45:00,Gonzalo Rodríguez,Throughball
3287,146150,24,MissedShots,0.795,0.6509999847412109,0.022896699607372284,Federico Chiesa,a,1433,FromCorner,2016,LeftFoot,3569,Roma,Fiorentina,4,0,2017-02-07 22:45:00,Borja Valero,Pass
3288,146174,76,MissedShots,0.97,0.345,0.027349399402737617,Federico Chiesa,a,1433,OpenPlay,2016,RightFoot,3569,Roma,Fiorentina,4,0,2017-02-07 22:45:00,Davide Astori,Cross
3289,146877,23,MissedShots,0.89,0.28,0.03916630148887634,Federico Chiesa,h,1433,OpenPlay,2016,RightFoot,3573,Fiorentina,Udinese,3,0,2017-02-11 19:45:00,Matías Vecino,Chipped
3290,146888,69,BlockedShot,0.805,0.3770000076293945,0.06995250284671783,Federico Chiesa,h,1433,OpenPlay,2016,LeftFoot,3573,Fiorentina,Udinese,3,0,2017-02-11 19:45:00,Milan Badelj,Chipped
3291,147175,12,BlockedShot,0.7759999847412109,0.3139999961853027,0.013467100448906422,Federico Chiesa,a,1433,FromCorner,2016,RightFoot,3591,AC Milan,Fiorentina,2,1,2017-02-19 19:45:00,,Aerial
3292,147188,53,SavedShot,0.7380000305175781,0.42400001525878905,0.018427299335598946,Federico Chiesa,a,1433,OpenPlay,2016,RightFoot,3591,AC Milan,Fiorentina,2,1,2017-02-19 19:45:00,Sebastián Cristóforo,Pass
3293,147190,58,MissedShots,0.965,0.32099998474121094,0.04990300163626671,Federico Chiesa,a,1433,OpenPlay,2016,RightFoot,3591,AC Milan,Fiorentina,2,1,2017-02-19 19:45:00,Matías Vecino,Chipped
3294,147871,54,SavedShot,0.7780000305175782,0.5879999923706055,0.03240630030632019,Federico Chiesa,h,1433,OpenPlay,2016,LeftFoot,3600,Fiorentina,Torino,2,2,2017-02-27 19:45:00,Cristian Tello,Pass
3295,147874,62,MissedShots,0.759000015258789,0.39799999237060546,0.03479659929871559,Federico Chiesa,h,1433,OpenPlay,2016,RightFoot,3600,Fiorentina,Torino,2,2,2017-02-27 19:45:00,Borja Valero,TakeOn
3296,148291,38,BlockedShot,0.7569999694824219,0.45099998474121095,0.021561600267887115,Federico Chiesa,a,1433,OpenPlay,2016,LeftFoot,3603,Atalanta,Fiorentina,0,0,2017-03-05 11:30:00,,None
3297,148299,60,BlockedShot,0.865,0.36900001525878906,0.06659200042486191,Federico Chiesa,a,1433,OpenPlay,2016,RightFoot,3603,Atalanta,Fiorentina,0,0,2017-03-05 11:30:00,,BallTouch
3298,148826,12,MissedShots,0.8119999694824219,0.29399999618530276,0.018323099240660667,Federico Chiesa,h,1433,OpenPlay,2016,LeftFoot,3614,Fiorentina,Cagliari,1,0,2017-03-12 14:00:00,,Rebound
3299,148829,24,BlockedShot,0.899000015258789,0.28100000381469725,0.03679709881544113,Federico Chiesa,h,1433,FromCorner,2016,LeftFoot,3614,Fiorentina,Cagliari,1,0,2017-03-12 14:00:00,Davide Astori,TakeOn
3300,148831,31,BlockedShot,0.925,0.2520000076293945,0.041371800005435944,Federico Chiesa,h,1433,OpenPlay,2016,RightFoot,3614,Fiorentina,Cagliari,1,0,2017-03-12 14:00:00,Federico Bernardeschi,Pass
3301,148838,51,SavedShot,0.9059999847412109,0.25799999237060545,0.03834120184183121,Federico Chiesa,h,1433,OpenPlay,2016,RightFoot,3614,Fiorentina,Cagliari,1,0,2017-03-12 14:00:00,Cristian Tello,Pass
3302,148843,67,SavedShot,0.77,0.33099998474121095,0.02350120060145855,Federico Chiesa,h,1433,OpenPlay,2016,LeftFoot,3614,Fiorentina,Cagliari,1,0,2017-03-12 14:00:00,Carlos Sánchez,Pass
3303,149336,30,BlockedShot,0.8969999694824219,0.3139999961853027,0.05964770168066025,Federico Chiesa,a,1433,OpenPlay,2016,LeftFoot,3623,Crotone,Fiorentina,0,1,2017-03-19 14:00:00,Josip Ilicic,Pass
3304,149339,36,SavedShot,0.7190000152587891,0.42400001525878905,0.015004499815404415,Federico Chiesa,a,1433,OpenPlay,2016,RightFoot,3623,Crotone,Fiorentina,0,1,2017-03-19 14:00:00,Borja Valero,Pass
3305,150453,91,BlockedShot,0.86,0.6969999694824218,0.04284830018877983,Federico Chiesa,a,1433,OpenPlay,2016,RightFoot,3643,Sampdoria,Fiorentina,2,2,2017-04-09 11:30:00,Milan Badelj,Chipped
3306,228986,2,MissedShots,0.8130000305175781,0.44299999237060544,0.018830299377441406,Federico Chiesa,h,1433,OpenPlay,2016,RightFoot,3656,Fiorentina,Empoli,1,2,2017-04-15 14:00:00,,Aerial
3307,228987,5,SavedShot,0.8630000305175781,0.345,0.05718399956822395,Federico Chiesa,h,1433,OpenPlay,2016,RightFoot,3656,Fiorentina,Empoli,1,2,2017-04-15 14:00:00,,TakeOn
3308,229005,53,MissedShots,0.9,0.38,0.07447680085897446,Federico Chiesa,h,1433,SetPiece,2016,RightFoot,3656,Fiorentina,Empoli,1,2,2017-04-15 14:00:00,Federico Bernardeschi,Chipped
3309,229011,71,MissedShots,0.9459999847412109,0.30100000381469727,0.050859298557043076,Federico Chiesa,h,1433,OpenPlay,2016,RightFoot,3656,Fiorentina,Empoli,1,2,2017-04-15 14:00:00,,None
3310,152040,46,MissedShots,0.8130000305175781,0.6680000305175782,0.034954801201820374,Federico Chiesa,a,1433,OpenPlay,2016,RightFoot,3673,Palermo,Fiorentina,2,0,2017-04-30 14:00:00,Josip Ilicic,Pass
3311,152045,57,MissedShots,0.8080000305175781,0.41200000762939454,0.029486799612641335,Federico Chiesa,a,1433,FromCorner,2016,LeftFoot,3673,Palermo,Fiorentina,2,0,2017-04-30 14:00:00,,None
3312,152046,61,SavedShot,0.7880000305175782,0.2539999961853027,0.009172339923679829,Federico Chiesa,a,1433,OpenPlay,2016,LeftFoot,3673,Palermo,Fiorentina,2,0,2017-04-30 14:00:00,Cristian Tello,Chipped
3313,152051,77,MissedShots,0.8159999847412109,0.295,0.030810300260782242,Federico Chiesa,a,1433,OpenPlay,2016,LeftFoot,3673,Palermo,Fiorentina,2,0,2017-04-30 14:00:00,Matías Vecino,TakeOn
3314,152625,12,MissedShots,0.8880000305175781,0.3120000076293945,0.05149180069565773,Federico Chiesa,a,1433,OpenPlay,2016,RightFoot,3686,Sassuolo,Fiorentina,2,2,2017-05-07 14:00:00,Matías Vecino,Pass
3315,152627,18,MissedShots,0.7959999847412109,0.34200000762939453,0.04416849836707115,Federico Chiesa,a,1433,OpenPlay,2016,LeftFoot,3686,Sassuolo,Fiorentina,2,2,2017-05-07 14:00:00,Matías Vecino,TakeOn
3316,152633,36,Goal,0.9490000152587891,0.534000015258789,0.6531140208244324,Federico Chiesa,a,1433,OpenPlay,2016,RightFoot,3686,Sassuolo,Fiorentina,2,2,2017-05-07 14:00:00,Borja Valero,Throughball
3317,152635,43,MissedShots,0.759000015258789,0.40599998474121096,0.030679799616336823,Federico Chiesa,a,1433,OpenPlay,2016,RightFoot,3686,Sassuolo,Fiorentina,2,2,2017-05-07 14:00:00,,None
3318,153143,31,MissedShots,0.794000015258789,0.25799999237060545,0.0159962996840477,Federico Chiesa,h,1433,OpenPlay,2016,RightFoot,3696,Fiorentina,Lazio,3,2,2017-05-13 17:00:00,Borja Valero,Pass
3319,154274,6,BlockedShot,0.8369999694824218,0.33599998474121096,0.04483339935541153,Federico Chiesa,h,1433,OpenPlay,2016,LeftFoot,3719,Fiorentina,Pescara,2,2,2017-05-28 19:45:00,Khouma Babacar,Pass
3320,154281,29,MissedShots,0.8480000305175781,0.30700000762939456,0.03515920042991638,Federico Chiesa,h,1433,OpenPlay,2016,RightFoot,3719,Fiorentina,Pescara,2,2,2017-05-28 19:45:00,,None
3321,172901,9,SavedShot,0.815,0.36,0.028865600004792213,Federico Chiesa,h,1433,OpenPlay,2017,LeftFoot,7518,Fiorentina,Sampdoria,1,2,2017-08-27 19:45:00,Giovanni Simeone,Chipped
3322,172922,54,SavedShot,0.8090000152587891,0.764000015258789,0.01716659963130951,Federico Chiesa,h,1433,FromCorner,2017,RightFoot,7518,Fiorentina,Sampdoria,1,2,2017-08-27 19:45:00,Gil Dias,Pass
3323,172924,62,SavedShot,0.740999984741211,0.59,0.0192463006824255,Federico Chiesa,h,1433,OpenPlay,2017,RightFoot,7518,Fiorentina,Sampdoria,1,2,2017-08-27 19:45:00,Cristiano Biraghi,Pass
3324,172928,66,BlockedShot,0.8430000305175781,0.7090000152587891,0.02876090072095394,Federico Chiesa,h,1433,OpenPlay,2017,LeftFoot,7518,Fiorentina,Sampdoria,1,2,2017-08-27 19:45:00,,BallRecovery
3325,172929,71,SavedShot,0.9030000305175782,0.639000015258789,0.072325699031353,Federico Chiesa,h,1433,OpenPlay,2017,RightFoot,7518,Fiorentina,Sampdoria,1,2,2017-08-27 19:45:00,Milan Badelj,Pass
3326,172935,90,MissedShots,0.9230000305175782,0.5970000076293945,0.07814370095729828,Federico Chiesa,h,1433,OpenPlay,2017,RightFoot,7518,Fiorentina,Sampdoria,1,2,2017-08-27 19:45:00,,None
3327,173211,24,SavedShot,0.8780000305175781,0.610999984741211,0.11993400007486343,Federico Chiesa,a,1433,OpenPlay,2017,LeftFoot,7523,Verona,Fiorentina,0,5,2017-09-10 14:00:00,Giovanni Simeone,Pass
3328,173218,37,BlockedShot,0.799000015258789,0.5320000076293945,0.04526109993457794,Federico Chiesa,a,1433,OpenPlay,2017,RightFoot,7523,Verona,Fiorentina,0,5,2017-09-10 14:00:00,,None
3329,173224,57,MissedShots,0.759000015258789,0.7830000305175782,0.02116589993238449,Federico Chiesa,a,1433,OpenPlay,2017,RightFoot,7523,Verona,Fiorentina,0,5,2017-09-10 14:00:00,Jordan Veretout,Pass
3330,173227,66,MissedShots,0.7269999694824218,0.6780000305175782,0.013770599849522114,Federico Chiesa,a,1433,OpenPlay,2017,RightFoot,7523,Verona,Fiorentina,0,5,2017-09-10 14:00:00,Cyril Théréau,Pass
3331,173406,39,MissedShots,0.7430000305175781,0.785,0.013689300045371056,Federico Chiesa,h,1433,OpenPlay,2017,RightFoot,7531,Fiorentina,Bologna,2,1,2017-09-16 17:00:00,Marco Benassi,Pass
3332,173408,42,MissedShots,0.7380000305175781,0.6270000076293946,0.018216099590063095,Federico Chiesa,h,1433,OpenPlay,2017,RightFoot,7531,Fiorentina,Bologna,2,1,2017-09-16 17:00:00,Davide Astori,TakeOn
3333,173410,50,Goal,0.874000015258789,0.664000015258789,0.0449616014957428,Federico Chiesa,h,1433,OpenPlay,2017,RightFoot,7531,Fiorentina,Bologna,2,1,2017-09-16 17:00:00,Gil Dias,Chipped
3334,173416,71,MissedShots,0.885,0.695,0.04579110071063042,Federico Chiesa,h,1433,OpenPlay,2017,LeftFoot,7531,Fiorentina,Bologna,2,1,2017-09-16 17:00:00,Marco Sportiello,Pass
3335,173951,11,Goal,0.8159999847412109,0.34700000762939454,0.04715599864721298,Federico Chiesa,h,1433,OpenPlay,2017,RightFoot,7551,Fiorentina,Atalanta,1,1,2017-09-24 19:45:00,Cyril Théréau,HeadPass
3336,173953,16,BlockedShot,0.9319999694824219,0.34900001525878904,0.08082520216703415,Federico Chiesa,h,1433,OpenPlay,2017,RightFoot,7551,Fiorentina,Atalanta,1,1,2017-09-24 19:45:00,,Rebound
3337,174207,30,BlockedShot,0.86,0.31799999237060544,0.09526769816875458,Federico Chiesa,a,1433,OpenPlay,2017,RightFoot,7561,Chievo,Fiorentina,2,1,2017-10-01 14:00:00,Cristiano Biraghi,BallRecovery
3338,174211,40,SavedShot,0.81,0.53,0.032199300825595856,Federico Chiesa,a,1433,FromCorner,2017,RightFoot,7561,Chievo,Fiorentina,2,1,2017-10-01 14:00:00,,BallTouch
3339,174537,74,SavedShot,0.9530000305175781,0.3120000076293945,0.05977080017328262,Federico Chiesa,h,1433,OpenPlay,2017,RightFoot,7572,Fiorentina,Udinese,2,1,2017-10-15 11:30:00,Cristiano Biraghi,Chipped
3340,174752,61,MissedShots,0.7330000305175781,0.3890000152587891,0.030553599819540977,Federico Chiesa,a,1433,OpenPlay,2017,RightFoot,7580,Benevento,Fiorentina,0,3,2017-10-22 14:00:00,Milan Badelj,Pass
3341,175066,22,MissedShots,0.9369999694824219,0.30700000762939456,0.00803637970238924,Federico Chiesa,h,1433,OpenPlay,2017,Head,7593,Fiorentina,Torino,3,0,2017-10-25 19:45:00,Cristiano Biraghi,Cross
3342,175070,34,MissedShots,0.665,0.3029999923706055,0.008588120341300964,Federico Chiesa,h,1433,OpenPlay,2017,LeftFoot,7593,Fiorentina,Torino,3,0,2017-10-25 19:45:00,Marco Benassi,HeadPass
3343,175074,48,SavedShot,0.835999984741211,0.6170000076293946,0.07114149630069733,Federico Chiesa,h,1433,OpenPlay,2017,LeftFoot,7593,Fiorentina,Torino,3,0,2017-10-25 19:45:00,Valentin Eysseric,Pass
3344,175077,62,SavedShot,0.92,0.6669999694824219,0.08359050005674362,Federico Chiesa,h,1433,OpenPlay,2017,LeftFoot,7593,Fiorentina,Torino,3,0,2017-10-25 19:45:00,,Dispossessed
3345,175083,83,BlockedShot,0.779000015258789,0.7290000152587891,0.014480499550700188,Federico Chiesa,h,1433,FromCorner,2017,RightFoot,7593,Fiorentina,Torino,3,0,2017-10-25 19:45:00,,None
3346,175085,89,BlockedShot,0.795,0.3,0.036982499063014984,Federico Chiesa,h,1433,OpenPlay,2017,LeftFoot,7593,Fiorentina,Torino,3,0,2017-10-25 19:45:00,Marco Benassi,Pass
3347,175246,5,MissedShots,0.7709999847412109,0.345,0.021689800545573235,Federico Chiesa,a,1433,OpenPlay,2017,LeftFoot,7600,Crotone,Fiorentina,2,1,2017-10-29 14:00:00,Valentin Eysseric,Pass
3348,175248,8,MissedShots,0.8480000305175781,0.620999984741211,0.069377601146698,Federico Chiesa,a,1433,OpenPlay,2017,RightFoot,7600,Crotone,Fiorentina,2,1,2017-10-29 14:00:00,Jordan Veretout,Pass
3349,175259,42,MissedShots,0.7469999694824219,0.610999984741211,0.014492800459265709,Federico Chiesa,a,1433,OpenPlay,2017,RightFoot,7600,Crotone,Fiorentina,2,1,2017-10-29 14:00:00,Cristiano Biraghi,Pass
3350,175265,63,MissedShots,0.8730000305175781,0.72,0.04095520079135895,Federico Chiesa,a,1433,OpenPlay,2017,LeftFoot,7600,Crotone,Fiorentina,2,1,2017-10-29 14:00:00,Milan Badelj,Pass
3351,175266,65,ShotOnPost,0.9059999847412109,0.7,0.0267488993704319,Federico Chiesa,a,1433,FromCorner,2017,LeftFoot,7600,Crotone,Fiorentina,2,1,2017-10-29 14:00:00,Germán Pezzella,HeadPass
3352,175579,32,MissedShots,0.799000015258789,0.3659999847412109,0.030392400920391083,Federico Chiesa,h,1433,OpenPlay,2017,RightFoot,7613,Fiorentina,Roma,2,4,2017-11-05 14:00:00,,None
3353,175582,37,MissedShots,0.785,0.759000015258789,0.013834900222718716,Federico Chiesa,h,1433,FromCorner,2017,RightFoot,7613,Fiorentina,Roma,2,4,2017-11-05 14:00:00,,None
3354,175584,42,SavedShot,0.7730000305175782,0.5370000076293945,0.03087249957025051,Federico Chiesa,h,1433,OpenPlay,2017,RightFoot,7613,Fiorentina,Roma,2,4,2017-11-05 14:00:00,Cristiano Biraghi,BallRecovery
3355,175591,55,MissedShots,0.919000015258789,0.639000015258789,0.051871899515390396,Federico Chiesa,h,1433,OpenPlay,2017,LeftFoot,7613,Fiorentina,Roma,2,4,2017-11-05 14:00:00,Marco Benassi,Cross
3356,175893,22,BlockedShot,0.925,0.36700000762939455,0.08222410082817078,Federico Chiesa,a,1433,OpenPlay,2017,LeftFoot,7626,SPAL 2013,Fiorentina,1,1,2017-11-19 14:00:00,Jordan Veretout,Interception
3357,175903,52,MissedShots,0.7390000152587891,0.5570000076293945,0.022374199703335762,Federico Chiesa,a,1433,FromCorner,2017,RightFoot,7626,SPAL 2013,Fiorentina,1,1,2017-11-19 14:00:00,Gil Dias,Pass
3358,175904,55,MissedShots,0.96,0.66,0.054719798266887665,Federico Chiesa,a,1433,OpenPlay,2017,RightFoot,7626,SPAL 2013,Fiorentina,1,1,2017-11-19 14:00:00,,Tackle
3359,175912,79,Goal,0.9269999694824219,0.5720000076293945,0.487962007522583,Federico Chiesa,a,1433,OpenPlay,2017,RightFoot,7626,SPAL 2013,Fiorentina,1,1,2017-11-19 14:00:00,Giovanni Simeone,Throughball
3360,176147,51,SavedShot,0.884000015258789,0.5659999847412109,0.08261600136756897,Federico Chiesa,a,1433,OpenPlay,2017,RightFoot,7635,Lazio,Fiorentina,1,1,2017-11-26 17:00:00,Cyril Théréau,Pass
3361,176159,96,MissedShots,0.6890000152587891,0.6719999694824219,0.008750740438699722,Federico Chiesa,a,1433,OpenPlay,2017,LeftFoot,7635,Lazio,Fiorentina,1,1,2017-11-26 17:00:00,,None
3362,176317,17,MissedShots,0.9819999694824219,0.4,0.08465919643640518,Federico Chiesa,h,1433,FromCorner,2017,RightFoot,7642,Fiorentina,Sassuolo,3,0,2017-12-03 14:00:00,Cyril Théréau,Rebound
3363,176320,28,SavedShot,0.909000015258789,0.425,0.2811259925365448,Federico Chiesa,h,1433,OpenPlay,2017,Head,7642,Fiorentina,Sassuolo,3,0,2017-12-03 14:00:00,Milan Badelj,Throughball
3364,176324,33,BlockedShot,0.8490000152587891,0.2989999961853027,0.0461805984377861,Federico Chiesa,h,1433,OpenPlay,2017,RightFoot,7642,Fiorentina,Sassuolo,3,0,2017-12-03 14:00:00,Cyril Théréau,Pass
3365,176337,70,Goal,0.879000015258789,0.3770000076293945,0.40943700075149536,Federico Chiesa,h,1433,OpenPlay,2017,RightFoot,7642,Fiorentina,Sassuolo,3,0,2017-12-03 14:00:00,Cyril Théréau,Throughball
3366,176340,87,BlockedShot,0.7969999694824219,0.41,0.09489340335130692,Federico Chiesa,h,1433,OpenPlay,2017,LeftFoot,7642,Fiorentina,Sassuolo,3,0,2017-12-03 14:00:00,Marco Benassi,Pass
3367,184809,16,MissedShots,0.775,0.23899999618530274,0.019543999806046486,Federico Chiesa,h,1433,OpenPlay,2017,LeftFoot,7663,Fiorentina,Genoa,0,0,2017-12-17 14:00:00,Vincent Laurini,Pass
3368,184818,49,SavedShot,0.7719999694824219,0.664000015258789,0.022357499226927757,Federico Chiesa,h,1433,OpenPlay,2017,LeftFoot,7663,Fiorentina,Genoa,0,0,2017-12-17 14:00:00,Jordan Veretout,Pass
3369,184825,70,SavedShot,0.789000015258789,0.669000015258789,0.02616949938237667,Federico Chiesa,h,1433,OpenPlay,2017,RightFoot,7663,Fiorentina,Genoa,0,0,2017-12-17 14:00:00,Marco Benassi,Pass
3370,184974,9,SavedShot,0.8580000305175781,0.40599998474121096,0.03732389956712723,Federico Chiesa,a,1433,FromCorner,2017,RightFoot,7669,Cagliari,Fiorentina,0,1,2017-12-22 19:45:00,Nikola Milenkovic,HeadPass
3371,184980,23,MissedShots,0.7340000152587891,0.40099998474121096,0.01440959982573986,Federico Chiesa,a,1433,OpenPlay,2017,RightFoot,7669,Cagliari,Fiorentina,0,1,2017-12-22 19:45:00,,None
3372,184985,31,SavedShot,0.9440000152587891,0.30100000381469727,0.06036769971251488,Federico Chiesa,a,1433,OpenPlay,2017,RightFoot,7669,Cagliari,Fiorentina,0,1,2017-12-22 19:45:00,Giovanni Simeone,Pass
3373,184987,35,MissedShots,0.885,0.62,0.10828199982643127,Federico Chiesa,a,1433,OpenPlay,2017,LeftFoot,7669,Cagliari,Fiorentina,0,1,2017-12-22 19:45:00,Cyril Théréau,TakeOn
3374,184990,40,MissedShots,0.8590000152587891,0.2979999923706055,0.04033679887652397,Federico Chiesa,a,1433,OpenPlay,2017,LeftFoot,7669,Cagliari,Fiorentina,0,1,2017-12-22 19:45:00,Milan Badelj,Pass
3375,184992,43,MissedShots,0.789000015258789,0.27299999237060546,0.01889609917998314,Federico Chiesa,a,1433,OpenPlay,2017,RightFoot,7669,Cagliari,Fiorentina,0,1,2017-12-22 19:45:00,Milan Badelj,Pass
3376,185006,84,BlockedShot,0.845,0.35900001525878905,0.11828199774026871,Federico Chiesa,a,1433,OpenPlay,2017,RightFoot,7669,Cagliari,Fiorentina,0,1,2017-12-22 19:45:00,Giovanni Simeone,Chipped
3377,185815,53,MissedShots,0.8019999694824219,0.3220000076293945,0.032533198595047,Federico Chiesa,h,1433,OpenPlay,2017,RightFoot,7683,Fiorentina,AC Milan,1,1,2017-12-30 11:30:00,Milan Badelj,HeadPass
3378,186597,5,MissedShots,0.7780000305175782,0.445,0.051885999739170074,Federico Chiesa,h,1433,OpenPlay,2017,LeftFoot,7693,Fiorentina,Inter,1,1,2018-01-05 19:45:00,Giovanni Simeone,Pass
3379,186610,53,MissedShots,0.799000015258789,0.33099998474121095,0.027828700840473175,Federico Chiesa,h,1433,OpenPlay,2017,LeftFoot,7693,Fiorentina,Inter,1,1,2018-01-05 19:45:00,Jordan Veretout,Pass
3380,186616,66,MissedShots,0.8909999847412109,0.37900001525878907,0.061107199639081955,Federico Chiesa,h,1433,OpenPlay,2017,RightFoot,7693,Fiorentina,Inter,1,1,2018-01-05 19:45:00,Vincent Laurini,Cross
3381,186617,69,BlockedShot,0.86,0.36700000762939455,0.059260498732328415,Federico Chiesa,h,1433,OpenPlay,2017,LeftFoot,7693,Fiorentina,Inter,1,1,2018-01-05 19:45:00,Giovanni Simeone,Pass
3382,186620,73,MissedShots,0.8980000305175782,0.3039999961853027,0.036841001361608505,Federico Chiesa,h,1433,OpenPlay,2017,LeftFoot,7693,Fiorentina,Inter,1,1,2018-01-05 19:45:00,Valentin Eysseric,Chipped
3383,189213,64,BlockedShot,0.8769999694824219,0.27299999237060546,0.035002000629901886,Federico Chiesa,a,1433,OpenPlay,2017,RightFoot,7702,Sampdoria,Fiorentina,3,1,2018-01-21 14:00:00,Giovanni Simeone,Pass
3384,190354,18,BlockedShot,0.83,0.5129999923706055,0.052657898515462875,Federico Chiesa,h,1433,OpenPlay,2017,RightFoot,7713,Fiorentina,Verona,1,4,2018-01-28 14:00:00,,GoodSkill
3385,190360,42,MissedShots,0.8269999694824218,0.315,0.0349867008626461,Federico Chiesa,h,1433,OpenPlay,2017,RightFoot,7713,Fiorentina,Verona,1,4,2018-01-28 14:00:00,Vincent Laurini,Pass
3386,190361,45,ShotOnPost,0.8540000152587891,0.6580000305175782,0.049262598156929016,Federico Chiesa,h,1433,OpenPlay,2017,LeftFoot,7713,Fiorentina,Verona,1,4,2018-01-28 14:00:00,Jordan Veretout,Pass
3387,190364,51,MissedShots,0.909000015258789,0.44799999237060545,0.08145970106124878,Federico Chiesa,h,1433,OpenPlay,2017,LeftFoot,7713,Fiorentina,Verona,1,4,2018-01-28 14:00:00,,None
3388,190368,63,MissedShots,0.7759999847412109,0.49900001525878906,0.03632260113954544,Federico Chiesa,h,1433,OpenPlay,2017,RightFoot,7713,Fiorentina,Verona,1,4,2018-01-28 14:00:00,Milan Badelj,Pass
3389,190370,68,BlockedShot,0.8280000305175781,0.475,0.07809460163116455,Federico Chiesa,h,1433,OpenPlay,2017,RightFoot,7713,Fiorentina,Verona,1,4,2018-01-28 14:00:00,Milan Badelj,Pass
3390,195642,16,MissedShots,0.87,0.35900001525878905,0.07816939800977707,Federico Chiesa,a,1433,OpenPlay,2017,LeftFoot,7721,Bologna,Fiorentina,1,2,2018-02-04 14:00:00,Gil Dias,Pass
3391,195645,23,BlockedShot,0.750999984741211,0.41200000762939454,0.020027199760079384,Federico Chiesa,a,1433,OpenPlay,2017,LeftFoot,7721,Bologna,Fiorentina,1,2,2018-02-04 14:00:00,Marco Benassi,Pass
3392,195647,30,BlockedShot,0.855999984741211,0.5320000076293945,0.10042999684810638,Federico Chiesa,a,1433,OpenPlay,2017,RightFoot,7721,Bologna,Fiorentina,1,2,2018-02-04 14:00:00,Milan Badelj,Pass
3393,195656,70,Goal,0.9119999694824219,0.4329999923706055,0.4082159996032715,Federico Chiesa,a,1433,OpenPlay,2017,LeftFoot,7721,Bologna,Fiorentina,1,2,2018-02-04 14:00:00,Milan Badelj,TakeOn
3394,196094,93,BlockedShot,0.8580000305175781,0.6140000152587891,0.07043109834194183,Federico Chiesa,h,1433,OpenPlay,2017,LeftFoot,7735,Fiorentina,Juventus,0,2,2018-02-09 19:45:00,Jordan Veretout,Pass
3395,196868,39,BlockedShot,0.945,0.6759999847412109,0.08072710037231445,Federico Chiesa,a,1433,OpenPlay,2017,LeftFoot,7743,Atalanta,Fiorentina,1,1,2018-02-18 17:00:00,Jordan Veretout,Pass
3396,196869,40,BlockedShot,0.779000015258789,0.5179999923706055,0.022945500910282135,Federico Chiesa,a,1433,FromCorner,2017,RightFoot,7743,Atalanta,Fiorentina,1,1,2018-02-18 17:00:00,,None
3397,197866,36,MissedShots,0.6769999694824219,0.549000015258789,0.031074300408363342,Federico Chiesa,h,1433,DirectFreekick,2017,RightFoot,7758,Fiorentina,Chievo,1,0,2018-02-25 14:00:00,,Standard
3398,197880,84,MissedShots,0.6919999694824219,0.3629999923706055,0.012416400015354156,Federico Chiesa,h,1433,OpenPlay,2017,RightFoot,7758,Fiorentina,Chievo,1,0,2018-02-25 14:00:00,Giovanni Simeone,Pass
3399,200483,21,SavedShot,0.8159999847412109,0.3029999923706055,0.028122499585151672,Federico Chiesa,h,1433,OpenPlay,2017,LeftFoot,7770,Fiorentina,Benevento,1,0,2018-03-11 11:30:00,Riccardo Saponara,Pass
3400,200488,45,BlockedShot,0.8919999694824219,0.34299999237060547,0.09060979634523392,Federico Chiesa,h,1433,OpenPlay,2017,RightFoot,7770,Fiorentina,Benevento,1,0,2018-03-11 11:30:00,Giovanni Simeone,Pass
3401,200490,46,MissedShots,0.7809999847412109,0.4620000076293945,0.034085799008607864,Federico Chiesa,h,1433,FromCorner,2017,LeftFoot,7770,Fiorentina,Benevento,1,0,2018-03-11 11:30:00,,Rebound
3402,200497,84,MissedShots,0.8209999847412109,0.6840000152587891,0.03716599941253662,Federico Chiesa,h,1433,OpenPlay,2017,RightFoot,7770,Fiorentina,Benevento,1,0,2018-03-11 11:30:00,Cristiano Biraghi,Pass
3403,202042,44,SavedShot,0.7559999847412109,0.3390000152587891,0.020001700147986412,Federico Chiesa,a,1433,OpenPlay,2017,RightFoot,7783,Torino,Fiorentina,1,2,2018-03-18 14:00:00,Riccardo Saponara,Pass
3404,202045,51,MissedShots,0.8469999694824218,0.28,0.028558900579810143,Federico Chiesa,a,1433,OpenPlay,2017,LeftFoot,7783,Torino,Fiorentina,1,2,2018-03-18 14:00:00,Germán Pezzella,BallRecovery
3405,204948,61,Goal,0.915,0.355,0.35420000553131104,Federico Chiesa,h,1433,OpenPlay,2017,RightFoot,7790,Fiorentina,Crotone,2,0,2018-03-31 14:00:00,Riccardo Saponara,Throughball
3406,204947,61,BlockedShot,0.8580000305175781,0.2929999923706055,0.047571100294589996,Federico Chiesa,h,1433,OpenPlay,2017,LeftFoot,7790,Fiorentina,Crotone,2,0,2018-03-31 14:00:00,Valentin Eysseric,Chipped
3407,204950,69,MissedShots,0.8069999694824219,0.21600000381469728,0.029253199696540833,Federico Chiesa,h,1433,OpenPlay,2017,RightFoot,7790,Fiorentina,Crotone,2,0,2018-03-31 14:00:00,Vincent Laurini,Pass
3408,204848,6,MissedShots,0.845,0.35700000762939454,0.05440239980816841,Federico Chiesa,a,1433,OpenPlay,2017,LeftFoot,7762,Udinese,Fiorentina,0,2,2018-04-03 17:30:00,Diego Falcinelli,Pass
3409,204850,9,MissedShots,0.8219999694824218,0.35700000762939454,0.04411860182881355,Federico Chiesa,a,1433,OpenPlay,2017,LeftFoot,7762,Udinese,Fiorentina,0,2,2018-04-03 17:30:00,,BallRecovery
3410,204851,16,BlockedShot,0.8059999847412109,0.5279999923706055,0.05525590106844902,Federico Chiesa,a,1433,OpenPlay,2017,RightFoot,7762,Udinese,Fiorentina,0,2,2018-04-03 17:30:00,Riccardo Saponara,Pass
3411,208967,40,SavedShot,0.789000015258789,0.4879999923706055,0.04019929841160774,Federico Chiesa,h,1433,OpenPlay,2017,RightFoot,7816,Fiorentina,SPAL 2013,0,0,2018-04-15 10:30:00,Riccardo Saponara,Pass
3412,208974,69,MissedShots,0.7609999847412109,0.46700000762939453,0.027063200250267982,Federico Chiesa,h,1433,OpenPlay,2017,LeftFoot,7816,Fiorentina,SPAL 2013,0,0,2018-04-15 10:30:00,Valentin Eysseric,Pass
3413,209911,11,MissedShots,0.894000015258789,0.6669999694824219,0.06919089704751968,Federico Chiesa,h,1433,OpenPlay,2017,RightFoot,7825,Fiorentina,Lazio,3,4,2018-04-18 18:45:00,Jordan Veretout,Pass
3414,209910,11,BlockedShot,0.84,0.655,0.04855410009622574,Federico Chiesa,h,1433,OpenPlay,2017,RightFoot,7825,Fiorentina,Lazio,3,4,2018-04-18 18:45:00,,BallRecovery
3415,209929,64,BlockedShot,0.8480000305175781,0.7080000305175781,0.046936798840761185,Federico Chiesa,h,1433,OpenPlay,2017,RightFoot,7825,Fiorentina,Lazio,3,4,2018-04-18 18:45:00,Bryan Dabo,Chipped
3416,209935,84,BlockedShot,0.85,0.28299999237060547,0.033929500728845596,Federico Chiesa,h,1433,OpenPlay,2017,LeftFoot,7825,Fiorentina,Lazio,3,4,2018-04-18 18:45:00,Riccardo Saponara,Pass
3417,212568,44,SavedShot,0.9569999694824218,0.580999984741211,0.1537189930677414,Federico Chiesa,h,1433,OpenPlay,2017,LeftFoot,7845,Fiorentina,Napoli,3,0,2018-04-29 16:00:00,Riccardo Saponara,Rebound
3418,212572,51,MissedShots,0.8619999694824219,0.53,0.09278420358896255,Federico Chiesa,h,1433,OpenPlay,2017,RightFoot,7845,Fiorentina,Napoli,3,0,2018-04-29 16:00:00,Milan Badelj,Chipped
3419,212574,56,SavedShot,0.8490000152587891,0.5970000076293945,0.08419889956712723,Federico Chiesa,h,1433,OpenPlay,2017,RightFoot,7845,Fiorentina,Napoli,3,0,2018-04-29 16:00:00,Cristiano Biraghi,HeadPass
3420,212576,58,SavedShot,0.88,0.7230000305175781,0.04547709971666336,Federico Chiesa,h,1433,OpenPlay,2017,LeftFoot,7845,Fiorentina,Napoli,3,0,2018-04-29 16:00:00,Riccardo Saponara,Pass
3421,213741,40,BlockedShot,0.909000015258789,0.705,0.05189239978790283,Federico Chiesa,a,1433,OpenPlay,2017,LeftFoot,7853,Genoa,Fiorentina,2,3,2018-05-06 14:00:00,Riccardo Saponara,Pass
3422,215426,8,MissedShots,0.6869999694824219,0.22899999618530273,0.01047889981418848,Federico Chiesa,h,1433,OpenPlay,2017,RightFoot,7859,Fiorentina,Cagliari,0,1,2018-05-13 14:00:00,Valentin Eysseric,Pass
3423,215430,34,BlockedShot,0.7809999847412109,0.47400001525878904,0.03704100102186203,Federico Chiesa,h,1433,OpenPlay,2017,LeftFoot,7859,Fiorentina,Cagliari,0,1,2018-05-13 14:00:00,Giovanni Simeone,BallTouch
3424,215442,70,BlockedShot,0.830999984741211,0.44799999237060545,0.037541501224040985,Federico Chiesa,h,1433,FromCorner,2017,LeftFoot,7859,Fiorentina,Cagliari,0,1,2018-05-13 14:00:00,Cristiano Biraghi,Cross
3425,215445,79,MissedShots,0.8830000305175781,0.3110000038146973,0.02745779976248741,Federico Chiesa,h,1433,OpenPlay,2017,LeftFoot,7859,Fiorentina,Cagliari,0,1,2018-05-13 14:00:00,Cristiano Biraghi,Cross
3426,215447,86,MissedShots,0.7859999847412109,0.7809999847412109,0.016390100121498108,Federico Chiesa,h,1433,OpenPlay,2017,RightFoot,7859,Fiorentina,Cagliari,0,1,2018-05-13 14:00:00,Riccardo Saponara,Pass
3427,216571,46,BlockedShot,0.8719999694824219,0.7169999694824218,0.04283440113067627,Federico Chiesa,a,1433,OpenPlay,2017,RightFoot,7873,AC Milan,Fiorentina,5,1,2018-05-20 14:00:00,Riccardo Saponara,Pass
3428,216577,52,SavedShot,0.815,0.5429999923706055,0.04029490053653717,Federico Chiesa,a,1433,OpenPlay,2017,LeftFoot,7873,AC Milan,Fiorentina,5,1,2018-05-20 14:00:00,Riccardo Saponara,Chipped
3429,216580,60,MissedShots,0.904000015258789,0.8059999847412109,0.018837900832295418,Federico Chiesa,a,1433,OpenPlay,2017,RightFoot,7873,AC Milan,Fiorentina,5,1,2018-05-20 14:00:00,Riccardo Saponara,Chipped
3430,216585,82,SavedShot,0.8169999694824219,0.6990000152587891,0.018236100673675537,Federico Chiesa,a,1433,OpenPlay,2017,RightFoot,7873,AC Milan,Fiorentina,5,1,2018-05-20 14:00:00,,None
3431,220885,4,SavedShot,0.775,0.7,0.0194156002253294,Federico Chiesa,h,1433,FromCorner,2018,RightFoot,9592,Fiorentina,Chievo,6,1,2018-08-26 21:30:00,Valentin Eysseric,Pass
3432,220891,36,BlockedShot,0.8959999847412109,0.47200000762939454,0.08274660259485245,Federico Chiesa,h,1433,OpenPlay,2018,LeftFoot,9592,Fiorentina,Chievo,6,1,2018-08-26 21:30:00,Giovanni Simeone,Aerial
3433,220893,40,BlockedShot,0.8930000305175781,0.62,0.13658000528812408,Federico Chiesa,h,1433,OpenPlay,2018,RightFoot,9592,Fiorentina,Chievo,6,1,2018-08-26 21:30:00,Giovanni Simeone,Throughball
3434,220899,42,MissedShots,0.7240000152587891,0.4640000152587891,0.01803719997406006,Federico Chiesa,h,1433,OpenPlay,2018,RightFoot,9592,Fiorentina,Chievo,6,1,2018-08-26 21:30:00,Valentin Eysseric,BallRecovery
3435,220905,60,MissedShots,0.95,0.5159999847412109,0.5868309736251831,Federico Chiesa,h,1433,OpenPlay,2018,RightFoot,9592,Fiorentina,Chievo,6,1,2018-08-26 21:30:00,Cristiano Biraghi,Cross
3436,220910,70,Goal,0.9030000305175782,0.3920000076293945,0.45733198523521423,Federico Chiesa,h,1433,OpenPlay,2018,RightFoot,9592,Fiorentina,Chievo,6,1,2018-08-26 21:30:00,Gerson,Throughball
3437,222397,55,BlockedShot,0.7340000152587891,0.59,0.014657899737358093,Federico Chiesa,h,1433,FromCorner,2018,RightFoot,9600,Fiorentina,Udinese,1,0,2018-09-02 16:00:00,,None
3438,222402,89,SavedShot,0.784000015258789,0.4779999923706055,0.04596570134162903,Federico Chiesa,h,1433,OpenPlay,2018,RightFoot,9600,Fiorentina,Udinese,1,0,2018-09-02 16:00:00,Bryan Dabo,Pass
3439,222404,92,MissedShots,0.745999984741211,0.645,0.015853099524974823,Federico Chiesa,h,1433,OpenPlay,2018,RightFoot,9600,Fiorentina,Udinese,1,0,2018-09-02 16:00:00,,Rebound
3440,223725,38,MissedShots,0.8109999847412109,0.5970000076293945,0.04666230082511902,Federico Chiesa,a,1433,OpenPlay,2018,RightFoot,9613,Napoli,Fiorentina,1,0,2018-09-15 16:00:00,,BallRecovery
3441,223726,40,MissedShots,0.7169999694824218,0.544000015258789,0.014735500328242779,Federico Chiesa,a,1433,OpenPlay,2018,LeftFoot,9613,Napoli,Fiorentina,1,0,2018-09-15 16:00:00,,BallTouch
3442,223735,66,BlockedShot,0.795,0.7069999694824218,0.023272400721907616,Federico Chiesa,a,1433,OpenPlay,2018,RightFoot,9613,Napoli,Fiorentina,1,0,2018-09-15 16:00:00,Valentin Eysseric,Pass
3443,224624,34,MissedShots,0.774000015258789,0.6270000076293946,0.019541900604963303,Federico Chiesa,a,1433,OpenPlay,2018,RightFoot,9580,Sampdoria,Fiorentina,1,1,2018-09-19 17:00:00,Marko Pjaca,Chipped
3444,225314,38,BlockedShot,0.735,0.64,0.02326739951968193,Federico Chiesa,h,1433,OpenPlay,2018,RightFoot,9619,Fiorentina,SPAL 2013,3,0,2018-09-22 16:00:00,Marco Benassi,Pass
3445,225315,44,BlockedShot,0.8640000152587891,0.32799999237060545,0.0707710012793541,Federico Chiesa,h,1433,OpenPlay,2018,RightFoot,9619,Fiorentina,SPAL 2013,3,0,2018-09-22 16:00:00,Giovanni Simeone,Pass
3446,225318,47,MissedShots,0.870999984741211,0.315,0.07701490074396133,Federico Chiesa,h,1433,OpenPlay,2018,LeftFoot,9619,Fiorentina,SPAL 2013,3,0,2018-09-22 16:00:00,Jordan Veretout,Chipped
3447,225320,50,MissedShots,0.8580000305175781,0.7090000152587891,0.04664349928498268,Federico Chiesa,h,1433,OpenPlay,2018,RightFoot,9619,Fiorentina,SPAL 2013,3,0,2018-09-22 16:00:00,David Hancko,Pass
3448,225322,55,Goal,0.8819999694824219,0.44299999237060544,0.13360700011253357,Federico Chiesa,h,1433,OpenPlay,2018,RightFoot,9619,Fiorentina,SPAL 2013,3,0,2018-09-22 16:00:00,Marko Pjaca,Pass
3449,226371,31,BlockedShot,0.87,0.5359999847412109,0.1100350022315979,Federico Chiesa,a,1433,OpenPlay,2018,LeftFoot,9631,Inter,Fiorentina,2,1,2018-09-25 19:00:00,Giovanni Simeone,Pass
3450,226380,52,Goal,0.7519999694824219,0.28899999618530275,0.01596909947693348,Federico Chiesa,a,1433,OpenPlay,2018,RightFoot,9631,Inter,Fiorentina,2,1,2018-09-25 19:00:00,Vitor Hugo,Pass
3451,226386,61,SavedShot,0.874000015258789,0.3659999847412109,0.0952984020113945,Federico Chiesa,a,1433,OpenPlay,2018,RightFoot,9631,Inter,Fiorentina,2,1,2018-09-25 19:00:00,,TakeOn
3452,226385,61,BlockedShot,0.845,0.524000015258789,0.08310689777135849,Federico Chiesa,a,1433,OpenPlay,2018,RightFoot,9631,Inter,Fiorentina,2,1,2018-09-25 19:00:00,Marko Pjaca,Pass
3453,226387,66,MissedShots,0.750999984741211,0.36200000762939455,0.04013650119304657,Federico Chiesa,a,1433,OpenPlay,2018,RightFoot,9631,Inter,Fiorentina,2,1,2018-09-25 19:00:00,Jordan Veretout,Pass
3454,252218,59,BlockedShot,0.9359999847412109,0.6840000152587891,0.04706839844584465,Federico Chiesa,a,1433,OpenPlay,2018,LeftFoot,9651,Lazio,Fiorentina,1,0,2018-10-07 13:00:00,Cristiano Biraghi,TakeOn
3455,252225,83,SavedShot,0.7880000305175782,0.6840000152587891,0.019148999825119972,Federico Chiesa,a,1433,FromCorner,2018,RightFoot,9651,Lazio,Fiorentina,1,0,2018-10-07 13:00:00,Cristiano Biraghi,Pass
3456,252490,44,MissedShots,0.904000015258789,0.28600000381469726,0.047149401158094406,Federico Chiesa,h,1433,OpenPlay,2018,RightFoot,9659,Fiorentina,Cagliari,1,1,2018-10-21 16:00:00,Edimilson Fernandes,Pass
3457,252493,51,MissedShots,0.909000015258789,0.5879999923706055,0.19142800569534302,Federico Chiesa,h,1433,OpenPlay,2018,Head,9659,Fiorentina,Cagliari,1,1,2018-10-21 16:00:00,Cristiano Biraghi,Cross
3458,252494,56,BlockedShot,0.785,0.7080000305175781,0.022578800097107887,Federico Chiesa,h,1433,OpenPlay,2018,RightFoot,9659,Fiorentina,Cagliari,1,1,2018-10-21 16:00:00,Edimilson Fernandes,Pass
3459,252498,66,BlockedShot,0.8280000305175781,0.3240000152587891,0.03767620027065277,Federico Chiesa,h,1433,OpenPlay,2018,LeftFoot,9659,Fiorentina,Cagliari,1,1,2018-10-21 16:00:00,Cristiano Biraghi,Pass
3460,252501,78,MissedShots,0.8430000305175781,0.27100000381469724,0.030165599659085274,Federico Chiesa,h,1433,OpenPlay,2018,RightFoot,9659,Fiorentina,Cagliari,1,1,2018-10-21 16:00:00,Nikola Milenkovic,BallRecovery
3461,252503,87,SavedShot,0.895,0.6229999923706054,0.06484229862689972,Federico Chiesa,h,1433,OpenPlay,2018,RightFoot,9659,Fiorentina,Cagliari,1,1,2018-10-21 16:00:00,Cristiano Biraghi,Cross
3462,252646,45,SavedShot,0.7809999847412109,0.5359999847412109,0.03346659988164902,Federico Chiesa,a,1433,FromCorner,2018,RightFoot,9675,Torino,Fiorentina,1,1,2018-10-27 18:30:00,Gerson,Pass
3463,252654,72,MissedShots,0.7380000305175781,0.30100000381469727,0.018081899732351303,Federico Chiesa,a,1433,OpenPlay,2018,LeftFoot,9675,Torino,Fiorentina,1,1,2018-10-27 18:30:00,Marco Benassi,Pass
3464,252656,77,SavedShot,0.7290000152587891,0.44799999237060545,0.007643450051546097,Federico Chiesa,a,1433,FromCorner,2018,RightFoot,9675,Torino,Fiorentina,1,1,2018-10-27 18:30:00,Jordan Veretout,Chipped
3465,252930,3,MissedShots,0.8219999694824218,0.8119999694824219,0.014549500308930874,Federico Chiesa,h,1433,OpenPlay,2018,LeftFoot,9679,Fiorentina,Roma,1,1,2018-11-03 17:00:00,Marco Benassi,HeadPass
3466,252946,49,BlockedShot,0.8030000305175782,0.6869999694824219,0.032544199377298355,Federico Chiesa,h,1433,OpenPlay,2018,RightFoot,9679,Fiorentina,Roma,1,1,2018-11-03 17:00:00,Germán Pezzella,Chipped
3467,252950,61,MissedShots,0.7980000305175782,0.6430000305175781,0.0393402986228466,Federico Chiesa,h,1433,OpenPlay,2018,RightFoot,9679,Fiorentina,Roma,1,1,2018-11-03 17:00:00,Jordan Veretout,Pass
3468,252951,66,BlockedShot,0.8009999847412109,0.625999984741211,0.04802139848470688,Federico Chiesa,h,1433,OpenPlay,2018,LeftFoot,9679,Fiorentina,Roma,1,1,2018-11-03 17:00:00,Marco Benassi,Pass
3469,252960,93,MissedShots,0.815,0.6990000152587891,0.027888400480151176,Federico Chiesa,h,1433,OpenPlay,2018,RightFoot,9679,Fiorentina,Roma,1,1,2018-11-03 17:00:00,Bryan Dabo,Pass
3470,253153,30,MissedShots,0.8690000152587891,0.285,0.035118699073791504,Federico Chiesa,a,1433,OpenPlay,2018,RightFoot,9690,Frosinone,Fiorentina,1,1,2018-11-09 19:30:00,Jordan Veretout,Pass
3471,253156,37,MissedShots,0.8059999847412109,0.7169999694824218,0.024580100551247597,Federico Chiesa,a,1433,OpenPlay,2018,RightFoot,9690,Frosinone,Fiorentina,1,1,2018-11-09 19:30:00,Marco Benassi,Pass
3472,253168,76,SavedShot,0.875999984741211,0.68,0.0877303034067154,Federico Chiesa,a,1433,OpenPlay,2018,LeftFoot,9690,Frosinone,Fiorentina,1,1,2018-11-09 19:30:00,Kevin Mirallas,TakeOn
3473,253173,84,MissedShots,0.8190000152587891,0.6930000305175781,0.0388793982565403,Federico Chiesa,a,1433,OpenPlay,2018,RightFoot,9690,Frosinone,Fiorentina,1,1,2018-11-09 19:30:00,Kevin Mirallas,Pass
3474,253174,85,SavedShot,0.909000015258789,0.6819999694824219,0.08377409726381302,Federico Chiesa,a,1433,OpenPlay,2018,LeftFoot,9690,Frosinone,Fiorentina,1,1,2018-11-09 19:30:00,Kevin Mirallas,Pass
3475,253574,14,SavedShot,0.779000015258789,0.695,0.020651599392294884,Federico Chiesa,a,1433,OpenPlay,2018,RightFoot,9697,Bologna,Fiorentina,0,0,2018-11-25 14:00:00,Cristiano Biraghi,TakeOn
3476,253576,17,BlockedShot,0.899000015258789,0.700999984741211,0.05421150103211403,Federico Chiesa,a,1433,OpenPlay,2018,RightFoot,9697,Bologna,Fiorentina,0,0,2018-11-25 14:00:00,Giovanni Simeone,Pass
3477,253593,54,BlockedShot,0.935,0.6930000305175781,0.06382080167531967,Federico Chiesa,a,1433,OpenPlay,2018,LeftFoot,9697,Bologna,Fiorentina,0,0,2018-11-25 14:00:00,Gerson,Pass
3478,253594,57,BlockedShot,0.7290000152587891,0.509000015258789,0.020793400704860687,Federico Chiesa,a,1433,OpenPlay,2018,RightFoot,9697,Bologna,Fiorentina,0,0,2018-11-25 14:00:00,Vitor Hugo,Pass
3479,253773,32,BlockedShot,0.8190000152587891,0.69,0.03301899880170822,Federico Chiesa,h,1433,OpenPlay,2018,RightFoot,9709,Fiorentina,Juventus,0,3,2018-12-01 17:00:00,Edimilson Fernandes,LayOff
3480,253778,36,SavedShot,0.725,0.6120000076293945,0.016771800816059113,Federico Chiesa,h,1433,OpenPlay,2018,RightFoot,9709,Fiorentina,Juventus,0,3,2018-12-01 17:00:00,Gerson,Pass
3481,253787,55,SavedShot,0.9019999694824219,0.30100000381469727,0.04867890104651451,Federico Chiesa,h,1433,OpenPlay,2018,RightFoot,9709,Fiorentina,Juventus,0,3,2018-12-01 17:00:00,Gerson,Chipped
3482,253788,61,SavedShot,0.8159999847412109,0.5329999923706055,0.06061910092830658,Federico Chiesa,h,1433,OpenPlay,2018,RightFoot,9709,Fiorentina,Juventus,0,3,2018-12-01 17:00:00,Gerson,Pass
3483,253791,66,BlockedShot,0.909000015258789,0.46599998474121096,0.08805710077285767,Federico Chiesa,h,1433,OpenPlay,2018,LeftFoot,9709,Fiorentina,Juventus,0,3,2018-12-01 17:00:00,,None
3484,254384,28,MissedShots,0.72,0.43599998474121093,0.016837799921631813,Federico Chiesa,h,1433,OpenPlay,2018,RightFoot,9731,Fiorentina,Empoli,3,1,2018-12-16 14:00:00,Gerson,Pass
3485,254385,29,MissedShots,0.7219999694824218,0.5320000076293945,0.016304699704051018,Federico Chiesa,h,1433,OpenPlay,2018,LeftFoot,9731,Fiorentina,Empoli,3,1,2018-12-16 14:00:00,Kevin Mirallas,Pass
3486,254387,37,SavedShot,0.82,0.3039999961853027,0.03126079961657524,Federico Chiesa,h,1433,OpenPlay,2018,LeftFoot,9731,Fiorentina,Empoli,3,1,2018-12-16 14:00:00,Giovanni Simeone,Pass
3487,254391,41,MissedShots,0.9390000152587891,0.5029999923706054,0.13532200455665588,Federico Chiesa,h,1433,OpenPlay,2018,RightFoot,9731,Fiorentina,Empoli,3,1,2018-12-16 14:00:00,Marco Benassi,Chipped
3488,254394,57,MissedShots,0.720999984741211,0.5,0.01952500082552433,Federico Chiesa,h,1433,OpenPlay,2018,RightFoot,9731,Fiorentina,Empoli,3,1,2018-12-16 14:00:00,Gerson,Pass
3489,254396,60,SavedShot,0.9480000305175781,0.34,0.05379210039973259,Federico Chiesa,h,1433,FromCorner,2018,RightFoot,9731,Fiorentina,Empoli,3,1,2018-12-16 14:00:00,,None
3490,254402,83,SavedShot,0.860999984741211,0.445,0.11106099933385849,Federico Chiesa,h,1433,OpenPlay,2018,LeftFoot,9731,Fiorentina,Empoli,3,1,2018-12-16 14:00:00,Valentin Eysseric,Pass
3491,254406,93,SavedShot,0.7780000305175782,0.31,0.019970500841736794,Federico Chiesa,h,1433,OpenPlay,2018,RightFoot,9731,Fiorentina,Empoli,3,1,2018-12-16 14:00:00,,None
3492,254609,9,MissedShots,0.7909999847412109,0.24600000381469728,0.01822740025818348,Federico Chiesa,a,1433,OpenPlay,2018,LeftFoot,9738,AC Milan,Fiorentina,0,1,2018-12-22 14:00:00,Marco Benassi,Pass
3493,254622,72,Goal,0.759000015258789,0.6859999847412109,0.012670599855482578,Federico Chiesa,a,1433,OpenPlay,2018,RightFoot,9738,AC Milan,Fiorentina,0,1,2018-12-22 14:00:00,Jordan Veretout,TakeOn
3494,254625,90,BlockedShot,0.8319999694824218,0.34200000762939453,0.05506470054388046,Federico Chiesa,a,1433,OpenPlay,2018,LeftFoot,9738,AC Milan,Fiorentina,0,1,2018-12-22 14:00:00,Gerson,Pass
3495,255073,16,SavedShot,0.865999984741211,0.615999984741211,0.058191701769828796,Federico Chiesa,h,1433,OpenPlay,2018,LeftFoot,9750,Fiorentina,Parma Calcio 1913,0,1,2018-12-26 14:00:00,,Rebound
3496,255076,22,SavedShot,0.7880000305175782,0.5820000076293945,0.03506670147180557,Federico Chiesa,h,1433,OpenPlay,2018,LeftFoot,9750,Fiorentina,Parma Calcio 1913,0,1,2018-12-26 14:00:00,Marko Pjaca,Pass
3497,255080,43,MissedShots,0.7290000152587891,0.4209999847412109,0.019912799820303917,Federico Chiesa,h,1433,OpenPlay,2018,RightFoot,9750,Fiorentina,Parma Calcio 1913,0,1,2018-12-26 14:00:00,Edimilson Fernandes,Pass
3498,255089,51,MissedShots,0.8519999694824218,0.649000015258789,0.058065399527549744,Federico Chiesa,h,1433,OpenPlay,2018,RightFoot,9750,Fiorentina,Parma Calcio 1913,0,1,2018-12-26 14:00:00,Cristiano Biraghi,Pass
3499,255093,57,BlockedShot,0.7759999847412109,0.5359999847412109,0.03337069973349571,Federico Chiesa,h,1433,OpenPlay,2018,RightFoot,9750,Fiorentina,Parma Calcio 1913,0,1,2018-12-26 14:00:00,Jordan Veretout,Pass
3500,255098,72,BlockedShot,0.855999984741211,0.39,0.07074540108442307,Federico Chiesa,h,1433,OpenPlay,2018,LeftFoot,9750,Fiorentina,Parma Calcio 1913,0,1,2018-12-26 14:00:00,Gerson,Pass
3501,263392,16,SavedShot,0.925,0.33,0.0758000984787941,Federico Chiesa,a,1433,OpenPlay,2018,RightFoot,9759,Genoa,Fiorentina,0,0,2018-12-29 14:00:00,Giovanni Simeone,Pass
3502,263395,35,BlockedShot,0.68,0.41,0.013836300000548363,Federico Chiesa,a,1433,SetPiece,2018,RightFoot,9759,Genoa,Fiorentina,0,0,2018-12-29 14:00:00,Jordan Veretout,Pass
3503,263397,39,BlockedShot,0.8280000305175781,0.48900001525878906,0.07749100029468536,Federico Chiesa,a,1433,OpenPlay,2018,RightFoot,9759,Genoa,Fiorentina,0,0,2018-12-29 14:00:00,Jordan Veretout,Pass
3504,263402,55,MissedShots,0.830999984741211,0.51,0.06326279789209366,Federico Chiesa,a,1433,OpenPlay,2018,RightFoot,9759,Genoa,Fiorentina,0,0,2018-12-29 14:00:00,Jordan Veretout,Pass
3505,263403,57,ShotOnPost,0.9390000152587891,0.4620000076293945,0.46612900495529175,Federico Chiesa,a,1433,OpenPlay,2018,RightFoot,9759,Genoa,Fiorentina,0,0,2018-12-29 14:00:00,Jordan Veretout,Cross
3506,263405,59,SavedShot,0.815,0.46700000762939453,0.056734900921583176,Federico Chiesa,a,1433,OpenPlay,2018,RightFoot,9759,Genoa,Fiorentina,0,0,2018-12-29 14:00:00,Jordan Veretout,BallTouch
3507,263407,69,MissedShots,0.9069999694824219,0.6430000305175781,0.07392819970846176,Federico Chiesa,a,1433,OpenPlay,2018,LeftFoot,9759,Genoa,Fiorentina,0,0,2018-12-29 14:00:00,Giovanni Simeone,HeadPass
3508,276474,9,MissedShots,0.895,0.34200000762939453,0.25303301215171814,Federico Chiesa,h,1433,OpenPlay,2018,RightFoot,9768,Fiorentina,Sampdoria,3,3,2019-01-20 14:00:00,Gerson,Pass
3509,276478,26,BlockedShot,0.8469999694824218,0.355,0.05029639974236488,Federico Chiesa,h,1433,OpenPlay,2018,LeftFoot,9768,Fiorentina,Sampdoria,3,3,2019-01-20 14:00:00,Gerson,Pass
3510,276490,67,BlockedShot,0.919000015258789,0.61,0.1138409972190857,Federico Chiesa,h,1433,OpenPlay,2018,LeftFoot,9768,Fiorentina,Sampdoria,3,3,2019-01-20 14:00:00,Luis Muriel,Pass
3511,276751,38,BlockedShot,0.86,0.74,0.03440430015325546,Federico Chiesa,a,1433,OpenPlay,2018,RightFoot,9784,Chievo,Fiorentina,3,4,2019-01-27 11:30:00,Jordan Veretout,Chipped
3512,276757,52,BlockedShot,0.8880000305175781,0.36,0.09631770104169846,Federico Chiesa,a,1433,OpenPlay,2018,LeftFoot,9784,Chievo,Fiorentina,3,4,2019-01-27 11:30:00,Gerson,Pass
3513,276762,62,MissedShots,0.8640000152587891,0.3940000152587891,0.07317689806222916,Federico Chiesa,a,1433,OpenPlay,2018,RightFoot,9784,Chievo,Fiorentina,3,4,2019-01-27 11:30:00,Gerson,BallTouch
3514,276763,65,BlockedShot,0.8919999694824219,0.46,0.090734101831913,Federico Chiesa,a,1433,OpenPlay,2018,LeftFoot,9784,Chievo,Fiorentina,3,4,2019-01-27 11:30:00,Jordan Veretout,TakeOn
3515,276764,68,MissedShots,0.9169999694824219,0.740999984741211,0.03796280175447464,Federico Chiesa,a,1433,OpenPlay,2018,LeftFoot,9784,Chievo,Fiorentina,3,4,2019-01-27 11:30:00,Gerson,Pass
3516,276771,78,Goal,0.965999984741211,0.639000015258789,0.30573201179504395,Federico Chiesa,a,1433,OpenPlay,2018,RightFoot,9784,Chievo,Fiorentina,3,4,2019-01-27 11:30:00,Bryan Dabo,Throughball
3517,276775,85,Goal,0.924000015258789,0.59,0.5843560099601746,Federico Chiesa,a,1433,OpenPlay,2018,RightFoot,9784,Chievo,Fiorentina,3,4,2019-01-27 11:30:00,Gerson,Pass
3518,277068,23,BlockedShot,0.8669999694824219,0.27700000762939453,0.03188899904489517,Federico Chiesa,a,1433,OpenPlay,2018,RightFoot,9788,Udinese,Fiorentina,1,1,2019-02-03 14:00:00,Gerson,Pass
3519,277069,24,BlockedShot,0.8680000305175781,0.639000015258789,0.07067050039768219,Federico Chiesa,a,1433,OpenPlay,2018,LeftFoot,9788,Udinese,Fiorentina,1,1,2019-02-03 14:00:00,Luis Muriel,Pass
3520,277082,76,MissedShots,0.9409999847412109,0.3659999847412109,0.07441910356283188,Federico Chiesa,a,1433,FromCorner,2018,LeftFoot,9788,Udinese,Fiorentina,1,1,2019-02-03 14:00:00,,Rebound
3521,277081,76,SavedShot,0.9159999847412109,0.3,0.03698350116610527,Federico Chiesa,a,1433,FromCorner,2018,RightFoot,9788,Udinese,Fiorentina,1,1,2019-02-03 14:00:00,,None
3522,277085,82,MissedShots,0.97,0.39799999237060546,0.0686308965086937,Federico Chiesa,a,1433,OpenPlay,2018,Head,9788,Udinese,Fiorentina,1,1,2019-02-03 14:00:00,Luis Muriel,Cross
3523,277256,18,BlockedShot,0.9459999847412109,0.6680000305175782,0.0452066995203495,Federico Chiesa,h,1433,OpenPlay,2018,LeftFoot,9800,Fiorentina,Napoli,0,0,2019-02-09 17:00:00,Gerson,Cross
3524,277258,23,BlockedShot,0.745,0.519000015258789,0.013816500082612038,Federico Chiesa,h,1433,SetPiece,2018,LeftFoot,9800,Fiorentina,Napoli,0,0,2019-02-09 17:00:00,,None
3525,277263,30,MissedShots,0.8530000305175781,0.4759999847412109,0.10151299834251404,Federico Chiesa,h,1433,OpenPlay,2018,RightFoot,9800,Fiorentina,Napoli,0,0,2019-02-09 17:00:00,Cristiano Biraghi,Pass
3526,277266,39,MissedShots,0.7959999847412109,0.375,0.01566080003976822,Federico Chiesa,h,1433,FromCorner,2018,RightFoot,9800,Fiorentina,Napoli,0,0,2019-02-09 17:00:00,,Aerial
3527,277274,62,MissedShots,0.8230000305175781,0.4809999847412109,0.04346499964594841,Federico Chiesa,h,1433,FromCorner,2018,RightFoot,9800,Fiorentina,Napoli,0,0,2019-02-09 17:00:00,,None
3528,277537,3,MissedShots,0.855,0.53,0.06969010084867477,Federico Chiesa,a,1433,FromCorner,2018,LeftFoot,9815,SPAL 2013,Fiorentina,1,4,2019-02-17 11:30:00,,Rebound
3529,277550,41,MissedShots,0.92,0.2720000076293945,0.03754660114645958,Federico Chiesa,a,1433,OpenPlay,2018,RightFoot,9815,SPAL 2013,Fiorentina,1,4,2019-02-17 11:30:00,Luis Muriel,Pass
3530,277558,66,MissedShots,0.8209999847412109,0.30700000762939456,0.030063200742006302,Federico Chiesa,a,1433,OpenPlay,2018,RightFoot,9815,SPAL 2013,Fiorentina,1,4,2019-02-17 11:30:00,Luis Muriel,Pass
3531,277944,47,MissedShots,0.7269999694824218,0.500999984741211,0.019052499905228615,Federico Chiesa,h,1433,SetPiece,2018,RightFoot,9819,Fiorentina,Inter,3,3,2019-02-24 19:30:00,Jordan Veretout,Pass
3532,277950,71,BlockedShot,0.735999984741211,0.524000015258789,0.01023850031197071,Federico Chiesa,h,1433,OpenPlay,2018,RightFoot,9819,Fiorentina,Inter,3,3,2019-02-24 19:30:00,,Rebound
3533,277954,85,MissedShots,0.9130000305175782,0.7480000305175781,0.022821500897407532,Federico Chiesa,h,1433,OpenPlay,2018,LeftFoot,9819,Fiorentina,Inter,3,3,2019-02-24 19:30:00,Marko Pjaca,Chipped
3534,277955,89,MissedShots,0.7609999847412109,0.40299999237060546,0.01506350003182888,Federico Chiesa,h,1433,SetPiece,2018,RightFoot,9819,Fiorentina,Inter,3,3,2019-02-24 19:30:00,,None
3535,278208,10,SavedShot,0.9130000305175782,0.32,0.09309600293636322,Federico Chiesa,a,1433,OpenPlay,2018,RightFoot,9830,Atalanta,Fiorentina,3,1,2019-03-03 17:00:00,Jordan Veretout,Pass
3536,278227,65,ShotOnPost,0.784000015258789,0.6759999847412109,0.017055600881576538,Federico Chiesa,a,1433,FromCorner,2018,RightFoot,9830,Atalanta,Fiorentina,3,1,2019-03-03 17:00:00,,None
3537,278234,91,BlockedShot,0.7809999847412109,0.47400001525878904,0.036312200129032135,Federico Chiesa,a,1433,OpenPlay,2018,RightFoot,9830,Atalanta,Fiorentina,3,1,2019-03-03 17:00:00,Luis Muriel,Pass
3538,285870,72,BlockedShot,0.8930000305175781,0.26,0.02906709909439087,Federico Chiesa,a,1433,SetPiece,2018,RightFoot,9848,Cagliari,Fiorentina,2,1,2019-03-15 19:30:00,Giovanni Simeone,Pass
3539,285877,87,Goal,0.9230000305175782,0.6840000152587891,0.08373100310564041,Federico Chiesa,a,1433,OpenPlay,2018,RightFoot,9848,Cagliari,Fiorentina,2,1,2019-03-15 19:30:00,Gerson,Pass
3540,285878,90,SavedShot,0.8530000305175781,0.7340000152587891,0.028809700161218643,Federico Chiesa,a,1433,OpenPlay,2018,RightFoot,9848,Cagliari,Fiorentina,2,1,2019-03-15 19:30:00,Bryan Dabo,Pass
3541,291508,74,MissedShots,0.74,0.53,0.015872899442911148,Federico Chiesa,a,1433,FromCorner,2018,LeftFoot,9873,Roma,Fiorentina,2,2,2019-04-03 20:00:00,,None
3542,292399,30,MissedShots,0.9359999847412109,0.41900001525878905,0.25409600138664246,Federico Chiesa,h,1433,OpenPlay,2018,Head,9879,Fiorentina,Frosinone,0,1,2019-04-07 11:30:00,Cristiano Biraghi,Cross
3543,292415,80,ShotOnPost,0.7680000305175781,0.6719999694824219,0.0193099994212389,Federico Chiesa,h,1433,OpenPlay,2018,RightFoot,9879,Fiorentina,Frosinone,0,1,2019-04-07 11:30:00,Kevin Mirallas,Pass
3544,294084,4,MissedShots,0.850999984741211,0.35400001525878905,0.0508773997426033,Federico Chiesa,h,1433,OpenPlay,2018,LeftFoot,9889,Fiorentina,Bologna,0,0,2019-04-14 14:00:00,,None
3545,294088,17,BlockedShot,0.8109999847412109,0.639000015258789,0.03603009879589081,Federico Chiesa,h,1433,FromCorner,2018,RightFoot,9889,Fiorentina,Bologna,0,0,2019-04-14 14:00:00,,Rebound
3546,294089,30,MissedShots,0.7519999694824219,0.39099998474121095,0.017191700637340546,Federico Chiesa,h,1433,OpenPlay,2018,LeftFoot,9889,Fiorentina,Bologna,0,0,2019-04-14 14:00:00,,None
3547,294094,51,SavedShot,0.825,0.3240000152587891,0.014653099700808525,Federico Chiesa,h,1433,OpenPlay,2018,RightFoot,9889,Fiorentina,Bologna,0,0,2019-04-14 14:00:00,,Aerial
3548,294095,53,SavedShot,0.8830000305175781,0.549000015258789,0.12062600255012512,Federico Chiesa,h,1433,OpenPlay,2018,LeftFoot,9889,Fiorentina,Bologna,0,0,2019-04-14 14:00:00,Luis Muriel,Pass
3549,295418,33,ShotOnPost,0.825999984741211,0.524000015258789,0.08187919855117798,Federico Chiesa,a,1433,OpenPlay,2018,RightFoot,9901,Juventus,Fiorentina,2,1,2019-04-20 17:00:00,Kevin Mirallas,Pass
3550,295421,42,ShotOnPost,0.8080000305175781,0.7069999694824218,0.02122809924185276,Federico Chiesa,a,1433,OpenPlay,2018,LeftFoot,9901,Juventus,Fiorentina,2,1,2019-04-20 17:00:00,Marco Benassi,Pass
3551,295427,61,SavedShot,0.7869999694824219,0.6569999694824219,0.02297299914062023,Federico Chiesa,a,1433,OpenPlay,2018,RightFoot,9901,Juventus,Fiorentina,2,1,2019-04-20 17:00:00,Germán Pezzella,Pass
3552,298511,18,MissedShots,0.85,0.639000015258789,0.07963000237941742,Federico Chiesa,h,1433,OpenPlay,2018,LeftFoot,9915,Fiorentina,Sassuolo,0,1,2019-04-29 20:00:00,Jordan Veretout,Pass
3553,298525,56,SavedShot,0.755,0.69,0.017870599403977394,Federico Chiesa,h,1433,OpenPlay,2018,RightFoot,9915,Fiorentina,Sassuolo,0,1,2019-04-29 20:00:00,Luis Muriel,Pass
3554,298527,75,SavedShot,0.9369999694824219,0.7230000305175781,0.04784270003437996,Federico Chiesa,h,1433,OpenPlay,2018,LeftFoot,9915,Fiorentina,Sassuolo,0,1,2019-04-29 20:00:00,Cristiano Biraghi,TakeOn
3555,299687,67,SavedShot,0.960999984741211,0.64,0.32849299907684326,Federico Chiesa,a,1433,OpenPlay,2018,LeftFoot,9918,Empoli,Fiorentina,1,0,2019-05-05 11:30:00,,None
3556,299690,71,SavedShot,0.945,0.7440000152587891,0.03682129830121994,Federico Chiesa,a,1433,FromCorner,2018,LeftFoot,9918,Empoli,Fiorentina,1,0,2019-05-05 11:30:00,,Rebound
3557,301013,51,MissedShots,0.8059999847412109,0.6819999694824219,0.02782610058784485,Federico Chiesa,h,1433,OpenPlay,2018,RightFoot,9933,Fiorentina,AC Milan,0,1,2019-05-11 19:30:00,Cristiano Biraghi,Pass
3558,301015,56,BlockedShot,0.8030000305175782,0.675,0.02678689919412136,Federico Chiesa,h,1433,OpenPlay,2018,RightFoot,9933,Fiorentina,AC Milan,0,1,2019-05-11 19:30:00,Cristiano Biraghi,Pass
3559,301022,75,SavedShot,0.87,0.605999984741211,0.10734400153160095,Federico Chiesa,h,1433,OpenPlay,2018,RightFoot,9933,Fiorentina,AC Milan,0,1,2019-05-11 19:30:00,Gerson,TakeOn
3560,303157,6,MissedShots,0.9359999847412109,0.68,0.07164230197668076,Federico Chiesa,a,1433,OpenPlay,2018,LeftFoot,9943,Parma Calcio 1913,Fiorentina,1,0,2019-05-19 13:00:00,Giovanni Simeone,Pass
3561,303180,70,SavedShot,0.9330000305175781,0.33,0.07915189862251282,Federico Chiesa,a,1433,OpenPlay,2018,LeftFoot,9943,Parma Calcio 1913,Fiorentina,1,0,2019-05-19 13:00:00,Bryan Dabo,Pass
3562,304041,26,SavedShot,0.774000015258789,0.28700000762939454,0.02081489935517311,Federico Chiesa,h,1433,OpenPlay,2018,RightFoot,9950,Fiorentina,Genoa,0,0,2019-05-26 18:30:00,Jordan Veretout,Pass
3563,304046,78,SavedShot,0.9469999694824218,0.629000015258789,0.10904999822378159,Federico Chiesa,h,1433,OpenPlay,2018,LeftFoot,9950,Fiorentina,Genoa,0,0,2019-05-26 18:30:00,Luis Muriel,Pass
3564,312849,4,BlockedShot,0.8569999694824219,0.43900001525878907,0.0338141992688179,Federico Chiesa,h,1433,OpenPlay,2019,RightFoot,13090,Fiorentina,Napoli,3,4,2019-08-24 19:45:00,,Aerial
3565,312852,10,SavedShot,0.735999984741211,0.48200000762939454,0.025938700884580612,Federico Chiesa,h,1433,OpenPlay,2019,LeftFoot,13090,Fiorentina,Napoli,3,4,2019-08-24 19:45:00,Milan Badelj,Pass
3566,312853,15,MissedShots,0.7019999694824218,0.43099998474121093,0.03756140172481537,Federico Chiesa,h,1433,DirectFreekick,2019,RightFoot,13090,Fiorentina,Napoli,3,4,2019-08-24 19:45:00,,Standard
3567,312858,32,MissedShots,0.695,0.6909999847412109,0.013254400342702866,Federico Chiesa,h,1433,SetPiece,2019,RightFoot,13090,Fiorentina,Napoli,3,4,2019-08-24 19:45:00,Erick Pulgar,Pass
3568,312862,49,BlockedShot,0.81,0.6630000305175782,0.025091100484132767,Federico Chiesa,h,1433,OpenPlay,2019,RightFoot,13090,Fiorentina,Napoli,3,4,2019-08-24 19:45:00,Gaetano Castrovilli,Pass
3569,312867,54,SavedShot,0.914000015258789,0.7140000152587891,0.03966059908270836,Federico Chiesa,h,1433,OpenPlay,2019,RightFoot,13090,Fiorentina,Napoli,3,4,2019-08-24 19:45:00,Pol Lirola,Chipped
3570,312876,63,BlockedShot,0.774000015258789,0.649000015258789,0.02203340083360672,Federico Chiesa,h,1433,FromCorner,2019,RightFoot,13090,Fiorentina,Napoli,3,4,2019-08-24 19:45:00,Erick Pulgar,Pass
3571,312878,65,BlockedShot,0.8190000152587891,0.5270000076293946,0.06280279904603958,Federico Chiesa,h,1433,OpenPlay,2019,RightFoot,13090,Fiorentina,Napoli,3,4,2019-08-24 19:45:00,Gaetano Castrovilli,Pass
3572,316781,7,MissedShots,0.9359999847412109,0.6430000305175781,0.28558799624443054,Federico Chiesa,a,1433,OpenPlay,2019,RightFoot,13106,Genoa,Fiorentina,2,1,2019-09-01 19:45:00,Germán Pezzella,Chipped
3573,316793,28,MissedShots,0.9530000305175781,0.5629999923706055,0.12195999920368195,Federico Chiesa,a,1433,OpenPlay,2019,RightFoot,13106,Genoa,Fiorentina,2,1,2019-09-01 19:45:00,Luca Ranieri,Pass
3574,316799,52,SavedShot,0.9269999694824219,0.6859999847412109,0.06282299757003784,Federico Chiesa,a,1433,OpenPlay,2019,LeftFoot,13106,Genoa,Fiorentina,2,1,2019-09-01 19:45:00,Gaetano Castrovilli,Pass
3575,316819,90,SavedShot,0.8040000152587891,0.38299999237060545,0.03692460060119629,Federico Chiesa,a,1433,OpenPlay,2019,LeftFoot,13106,Genoa,Fiorentina,2,1,2019-09-01 19:45:00,Germán Pezzella,Pass
3576,316818,90,ShotOnPost,0.775,0.3940000152587891,0.027881700545549393,Federico Chiesa,a,1433,OpenPlay,2019,RightFoot,13106,Genoa,Fiorentina,2,1,2019-09-01 19:45:00,Franck Ribéry,Pass
3577,317055,15,MissedShots,0.7769999694824219,0.28600000381469726,0.020125899463891983,Federico Chiesa,h,1433,OpenPlay,2019,LeftFoot,13110,Fiorentina,Juventus,0,0,2019-09-14 13:00:00,Martín Cáceres,Pass
3578,317063,34,SavedShot,0.754000015258789,0.3370000076293945,0.01951739937067032,Federico Chiesa,h,1433,OpenPlay,2019,RightFoot,13110,Fiorentina,Juventus,0,0,2019-09-14 13:00:00,Milan Badelj,Pass
3579,317073,64,BlockedShot,0.7930000305175782,0.6959999847412109,0.020592300221323967,Federico Chiesa,h,1433,OpenPlay,2019,LeftFoot,13110,Fiorentina,Juventus,0,0,2019-09-14 13:00:00,Gaetano Castrovilli,Pass
3580,321313,23,MissedShots,0.8059999847412109,0.495,0.03383290022611618,Federico Chiesa,a,1433,FromCorner,2019,LeftFoot,13119,Atalanta,Fiorentina,2,2,2019-09-22 16:00:00,,None
3581,322001,21,BlockedShot,0.8209999847412109,0.3920000076293945,0.1356090009212494,Federico Chiesa,h,1433,DirectFreekick,2019,RightFoot,13130,Fiorentina,Sampdoria,2,1,2019-09-25 19:00:00,,Standard
3582,322002,21,BlockedShot,0.8390000152587891,0.43900001525878907,0.05308869853615761,Federico Chiesa,h,1433,SetPiece,2019,LeftFoot,13130,Fiorentina,Sampdoria,2,1,2019-09-25 19:00:00,,Rebound
3583,322005,28,SavedShot,0.7730000305175782,0.3820000076293945,0.025606200098991394,Federico Chiesa,h,1433,OpenPlay,2019,RightFoot,13130,Fiorentina,Sampdoria,2,1,2019-09-25 19:00:00,Dalbert,Pass
3584,322006,29,SavedShot,0.889000015258789,0.725,0.03825810179114342,Federico Chiesa,h,1433,OpenPlay,2019,LeftFoot,13130,Fiorentina,Sampdoria,2,1,2019-09-25 19:00:00,Dalbert,Pass
3585,322012,56,Goal,0.850999984741211,0.4779999923706055,0.3512730002403259,Federico Chiesa,h,1433,OpenPlay,2019,RightFoot,13130,Fiorentina,Sampdoria,2,1,2019-09-25 19:00:00,Dalbert,Throughball
3586,322015,67,MissedShots,0.9519999694824218,0.6759999847412109,0.036652401089668274,Federico Chiesa,h,1433,FromCorner,2019,RightFoot,13130,Fiorentina,Sampdoria,2,1,2019-09-25 19:00:00,Franck Ribéry,Cross
3587,322017,70,SavedShot,0.924000015258789,0.325,0.09973269701004028,Federico Chiesa,h,1433,OpenPlay,2019,RightFoot,13130,Fiorentina,Sampdoria,2,1,2019-09-25 19:00:00,Pol Lirola,Pass
3588,322023,82,SavedShot,0.8040000152587891,0.6320000076293946,0.025411900132894516,Federico Chiesa,h,1433,SetPiece,2019,RightFoot,13130,Fiorentina,Sampdoria,2,1,2019-09-25 19:00:00,,None
3589,323558,3,BlockedShot,0.784000015258789,0.34799999237060547,0.025791000574827194,Federico Chiesa,a,1433,OpenPlay,2019,RightFoot,13143,AC Milan,Fiorentina,1,3,2019-09-29 18:45:00,Gaetano Castrovilli,Pass
3590,323560,9,BlockedShot,0.7819999694824219,0.519000015258789,0.028969500213861465,Federico Chiesa,a,1433,SetPiece,2019,RightFoot,13143,AC Milan,Fiorentina,1,3,2019-09-29 18:45:00,Dalbert,Pass
3591,323562,10,SavedShot,0.855999984741211,0.35700000762939454,0.05800139904022217,Federico Chiesa,a,1433,OpenPlay,2019,RightFoot,13143,AC Milan,Fiorentina,1,3,2019-09-29 18:45:00,Franck Ribéry,Chipped
3592,323571,37,MissedShots,0.7680000305175781,0.30100000381469727,0.02135070040822029,Federico Chiesa,a,1433,OpenPlay,2019,RightFoot,13143,AC Milan,Fiorentina,1,3,2019-09-29 18:45:00,,TakeOn
3593,323578,69,SavedShot,0.885,0.5,0.7612990140914917,Federico Chiesa,a,1433,Penalty,2019,RightFoot,13143,AC Milan,Fiorentina,1,3,2019-09-29 18:45:00,,Standard
3594,323579,70,BlockedShot,0.805,0.63,0.07766299694776535,Federico Chiesa,a,1433,OpenPlay,2019,RightFoot,13143,AC Milan,Fiorentina,1,3,2019-09-29 18:45:00,Erick Pulgar,TakeOn
3595,324559,8,SavedShot,0.9430000305175781,0.34299999237060547,0.05928020179271698,Federico Chiesa,h,1433,OpenPlay,2019,RightFoot,13152,Fiorentina,Udinese,1,0,2019-10-06 11:30:00,Erick Pulgar,Chipped
3596,324567,46,BlockedShot,0.78,0.34299999237060547,0.024480700492858887,Federico Chiesa,h,1433,OpenPlay,2019,RightFoot,13152,Fiorentina,Udinese,1,0,2019-10-06 11:30:00,Erick Pulgar,Pass
3597,324569,53,SavedShot,0.855,0.545,0.3428260087966919,Federico Chiesa,h,1433,OpenPlay,2019,LeftFoot,13152,Fiorentina,Udinese,1,0,2019-10-06 11:30:00,,BallRecovery
3598,324572,66,BlockedShot,0.8680000305175781,0.3039999961853027,0.04481939971446991,Federico Chiesa,h,1433,OpenPlay,2019,LeftFoot,13152,Fiorentina,Udinese,1,0,2019-10-06 11:30:00,Marco Benassi,Pass
3599,324580,87,BlockedShot,0.9159999847412109,0.42700000762939455,0.09103570133447647,Federico Chiesa,h,1433,FromCorner,2019,LeftFoot,13152,Fiorentina,Udinese,1,0,2019-10-06 11:30:00,Erick Pulgar,Pass
3600,326697,50,SavedShot,0.865999984741211,0.38599998474121094,0.02422969974577427,Federico Chiesa,a,1433,FromCorner,2019,RightFoot,13159,Brescia,Fiorentina,0,0,2019-10-21 20:00:00,,Aerial
3601,328223,14,SavedShot,0.8290000152587891,0.53,0.07738280296325684,Federico Chiesa,h,1433,OpenPlay,2019,LeftFoot,13171,Fiorentina,Lazio,1,2,2019-10-27 19:45:00,Franck Ribéry,Pass
3602,328226,26,Goal,0.885,0.534000015258789,0.10804300010204315,Federico Chiesa,h,1433,OpenPlay,2019,LeftFoot,13171,Fiorentina,Lazio,1,2,2019-10-27 19:45:00,Franck Ribéry,Pass
3603,328231,65,MissedShots,0.7969999694824219,0.3559999847412109,0.03066070005297661,Federico Chiesa,h,1433,OpenPlay,2019,LeftFoot,13171,Fiorentina,Lazio,1,2,2019-10-27 19:45:00,Milan Badelj,Pass
3604,328610,27,BlockedShot,0.885,0.7530000305175781,0.02711229957640171,Federico Chiesa,a,1433,OpenPlay,2019,RightFoot,13187,Sassuolo,Fiorentina,1,2,2019-10-30 20:00:00,Dalbert,BallRecovery
3605,328611,28,MissedShots,0.9019999694824219,0.5579999923706055,0.06881950050592422,Federico Chiesa,a,1433,FromCorner,2019,LeftFoot,13187,Sassuolo,Fiorentina,1,2,2019-10-30 20:00:00,Erick Pulgar,Foul
3606,328616,55,BlockedShot,0.8469999694824218,0.40900001525878904,0.05350010097026825,Federico Chiesa,a,1433,OpenPlay,2019,RightFoot,13187,Sassuolo,Fiorentina,1,2,2019-10-30 20:00:00,,None
3607,328623,87,SavedShot,0.884000015258789,0.7240000152587891,0.06627330183982849,Federico Chiesa,a,1433,OpenPlay,2019,LeftFoot,13187,Sassuolo,Fiorentina,1,2,2019-10-30 20:00:00,Erick Pulgar,Pass
3608,328625,90,MissedShots,0.7030000305175781,0.5820000076293945,0.01347769983112812,Federico Chiesa,a,1433,OpenPlay,2019,LeftFoot,13187,Sassuolo,Fiorentina,1,2,2019-10-30 20:00:00,,None
3609,329994,72,MissedShots,0.8590000152587891,0.35900001525878905,0.06425269693136215,Federico Chiesa,h,1433,OpenPlay,2019,LeftFoot,13191,Fiorentina,Parma Calcio 1913,1,1,2019-11-03 17:00:00,Kevin-Prince Boateng,Pass
3610,329997,83,MissedShots,0.93,0.40099998474121096,0.06953980028629303,Federico Chiesa,h,1433,OpenPlay,2019,Head,13191,Fiorentina,Parma Calcio 1913,1,1,2019-11-03 17:00:00,Erick Pulgar,Cross
3611,329998,85,BlockedShot,0.8169999694824219,0.4370000076293945,0.058577898889780045,Federico Chiesa,h,1433,OpenPlay,2019,LeftFoot,13191,Fiorentina,Parma Calcio 1913,1,1,2019-11-03 17:00:00,Gaetano Castrovilli,Pass
3612,331135,6,BlockedShot,0.7880000305175782,0.3579999923706055,0.034559499472379684,Federico Chiesa,a,1433,OpenPlay,2019,RightFoot,13200,Cagliari,Fiorentina,5,2,2019-11-10 11:30:00,Dusan Vlahovic,LayOff
3613,331144,43,MissedShots,0.9440000152587891,0.7180000305175781,0.029603799805045128,Federico Chiesa,a,1433,OpenPlay,2019,RightFoot,13200,Cagliari,Fiorentina,5,2,2019-11-10 11:30:00,Martín Cáceres,Pass
3614,331146,51,BlockedShot,0.7730000305175782,0.39,0.01864520087838173,Federico Chiesa,a,1433,FromCorner,2019,LeftFoot,13200,Cagliari,Fiorentina,5,2,2019-11-10 11:30:00,,None
3615,336371,46,BlockedShot,0.7169999694824218,0.7030000305175781,0.01359499990940094,Federico Chiesa,a,1433,OpenPlay,2019,RightFoot,13237,Torino,Fiorentina,2,1,2019-12-08 14:00:00,Marco Benassi,Pass
3616,336376,60,SavedShot,0.9590000152587891,0.5990000152587891,0.41762199997901917,Federico Chiesa,a,1433,OpenPlay,2019,LeftFoot,13237,Torino,Fiorentina,2,1,2019-12-08 14:00:00,,None
3617,336387,92,BlockedShot,0.7730000305175782,0.6120000076293945,0.022825000807642937,Federico Chiesa,a,1433,SetPiece,2019,RightFoot,13237,Torino,Fiorentina,2,1,2019-12-08 14:00:00,Erick Pulgar,Pass
3618,353963,13,SavedShot,0.7830000305175782,0.639000015258789,0.02618199959397316,Federico Chiesa,a,1433,OpenPlay,2019,RightFoot,13260,Bologna,Fiorentina,1,1,2020-01-06 11:30:00,Gaetano Castrovilli,Pass
3619,353976,69,SavedShot,0.8730000305175781,0.6580000305175782,0.10294900089502335,Federico Chiesa,a,1433,OpenPlay,2019,RightFoot,13260,Bologna,Fiorentina,1,1,2020-01-06 11:30:00,Gaetano Castrovilli,Pass
3620,354414,49,MissedShots,0.9290000152587891,0.48,0.5545290112495422,Federico Chiesa,h,1433,OpenPlay,2019,RightFoot,13270,Fiorentina,SPAL 2013,1,0,2020-01-12 14:00:00,Dusan Vlahovic,Pass
3621,355022,25,Goal,0.88,0.44299999237060544,0.10984999686479568,Federico Chiesa,a,1433,OpenPlay,2019,RightFoot,13287,Napoli,Fiorentina,0,2,2020-01-18 19:45:00,Marco Benassi,Pass
3622,355026,30,SavedShot,0.975,0.62,0.028226399794220924,Federico Chiesa,a,1433,FromCorner,2019,Head,13287,Napoli,Fiorentina,0,2,2020-01-18 19:45:00,,Rebound
3623,355034,55,SavedShot,0.9059999847412109,0.5520000076293945,0.3283959925174713,Federico Chiesa,a,1433,OpenPlay,2019,RightFoot,13287,Napoli,Fiorentina,0,2,2020-01-18 19:45:00,Gaetano Castrovilli,Chipped
3624,355855,27,MissedShots,0.9169999694824219,0.6730000305175782,0.07088760286569595,Federico Chiesa,h,1433,OpenPlay,2019,RightFoot,13290,Fiorentina,Genoa,0,0,2020-01-25 17:00:00,Pol Lirola,Pass
3625,355856,32,MissedShots,0.7859999847412109,0.6659999847412109,0.026242300868034363,Federico Chiesa,h,1433,OpenPlay,2019,RightFoot,13290,Fiorentina,Genoa,0,0,2020-01-25 17:00:00,Gaetano Castrovilli,Pass
3626,355865,68,BlockedShot,0.9469999694824218,0.6619999694824219,0.05914599820971489,Federico Chiesa,h,1433,SetPiece,2019,RightFoot,13290,Fiorentina,Genoa,0,0,2020-01-25 17:00:00,,None
3627,355868,78,SavedShot,0.87,0.34200000762939453,0.0680093988776207,Federico Chiesa,h,1433,OpenPlay,2019,RightFoot,13290,Fiorentina,Genoa,0,0,2020-01-25 17:00:00,Marco Benassi,TakeOn
3628,357043,21,SavedShot,0.9359999847412109,0.4909999847412109,0.6337689757347107,Federico Chiesa,a,1433,OpenPlay,2019,RightFoot,13302,Juventus,Fiorentina,3,0,2020-02-02 11:30:00,Marco Benassi,Pass
3629,357045,25,MissedShots,0.720999984741211,0.3120000076293945,0.017494000494480133,Federico Chiesa,a,1433,OpenPlay,2019,RightFoot,13302,Juventus,Fiorentina,3,0,2020-02-02 11:30:00,Erick Pulgar,Pass
3630,357050,54,MissedShots,0.919000015258789,0.35200000762939454,0.0592912994325161,Federico Chiesa,a,1433,FromCorner,2019,LeftFoot,13302,Juventus,Fiorentina,3,0,2020-02-02 11:30:00,,None
3631,357897,25,MissedShots,0.7969999694824219,0.7180000305175781,0.014962200075387955,Federico Chiesa,h,1433,OpenPlay,2019,RightFoot,13310,Fiorentina,Atalanta,1,2,2020-02-08 14:00:00,,Rebound
3632,357899,31,Goal,0.7609999847412109,0.365,0.017952000722289085,Federico Chiesa,h,1433,OpenPlay,2019,RightFoot,13310,Fiorentina,Atalanta,1,2,2020-02-08 14:00:00,,None
3633,357900,36,BlockedShot,0.865,0.7190000152587891,0.05657409876585007,Federico Chiesa,h,1433,OpenPlay,2019,RightFoot,13310,Fiorentina,Atalanta,1,2,2020-02-08 14:00:00,Marco Benassi,Pass
3634,357912,92,MissedShots,0.7669999694824219,0.6530000305175782,0.022774700075387955,Federico Chiesa,h,1433,OpenPlay,2019,RightFoot,13310,Fiorentina,Atalanta,1,2,2020-02-08 14:00:00,Milan Badelj,Pass
3635,359347,20,SavedShot,0.7440000152587891,0.700999984741211,0.016903400421142578,Federico Chiesa,a,1433,OpenPlay,2019,RightFoot,13326,Sampdoria,Fiorentina,1,5,2020-02-16 14:00:00,Gaetano Castrovilli,Pass
3636,359352,39,Goal,0.885,0.5,0.7612990140914917,Federico Chiesa,a,1433,Penalty,2019,RightFoot,13326,Sampdoria,Fiorentina,1,5,2020-02-16 14:00:00,,Standard
3637,359359,55,ShotOnPost,0.955999984741211,0.40799999237060547,0.4964810013771057,Federico Chiesa,a,1433,OpenPlay,2019,RightFoot,13326,Sampdoria,Fiorentina,1,5,2020-02-16 14:00:00,,Rebound
3638,359363,61,ShotOnPost,0.745999984741211,0.46799999237060547,0.021164799109101295,Federico Chiesa,a,1433,OpenPlay,2019,RightFoot,13326,Sampdoria,Fiorentina,1,5,2020-02-16 14:00:00,,None
3639,359366,77,Goal,0.83,0.42400001525878905,0.08273690193891525,Federico Chiesa,a,1433,OpenPlay,2019,RightFoot,13326,Sampdoria,Fiorentina,1,5,2020-02-16 14:00:00,Pol Lirola,Pass
3640,360109,11,BlockedShot,0.7780000305175782,0.3320000076293945,0.022412700578570366,Federico Chiesa,h,1433,OpenPlay,2019,RightFoot,13332,Fiorentina,AC Milan,1,1,2020-02-22 19:45:00,Pol Lirola,Pass
3641,360117,44,BlockedShot,0.874000015258789,0.5740000152587891,0.07151500135660172,Federico Chiesa,h,1433,OpenPlay,2019,LeftFoot,13332,Fiorentina,AC Milan,1,1,2020-02-22 19:45:00,Gaetano Castrovilli,Cross
3642,360119,52,SavedShot,0.9159999847412109,0.62,0.026720300316810608,Federico Chiesa,h,1433,SetPiece,2019,Head,13332,Fiorentina,AC Milan,1,1,2020-02-22 19:45:00,Dalbert,Cross
3643,362316,41,MissedShots,0.7569999694824219,0.6020000076293945,0.010552500374615192,Federico Chiesa,a,1433,FromCorner,2019,RightFoot,13348,Udinese,Fiorentina,0,0,2020-03-08 17:00:00,Germán Pezzella,HeadPass
3644,362329,91,SavedShot,0.8530000305175781,0.3729999923706055,0.05710630118846893,Federico Chiesa,a,1433,OpenPlay,2019,RightFoot,13348,Udinese,Fiorentina,0,0,2020-03-08 17:00:00,,None
3645,365956,18,MissedShots,0.9580000305175781,0.30700000762939456,0.04657730087637901,Federico Chiesa,h,1433,OpenPlay,2019,RightFoot,13351,Fiorentina,Brescia,1,1,2020-06-22 17:30:00,Erick Pulgar,Chipped
3646,365957,20,SavedShot,0.7880000305175782,0.5129999923706055,0.036263201385736465,Federico Chiesa,h,1433,OpenPlay,2019,LeftFoot,13351,Fiorentina,Brescia,1,1,2020-06-22 17:30:00,Franck Ribéry,Pass
3647,365963,39,MissedShots,0.9319999694824219,0.4420000076293945,0.46525099873542786,Federico Chiesa,h,1433,OpenPlay,2019,RightFoot,13351,Fiorentina,Brescia,1,1,2020-06-22 17:30:00,Erick Pulgar,Rebound
3648,365968,59,MissedShots,0.9280000305175782,0.6940000152587891,0.06819769740104675,Federico Chiesa,h,1433,OpenPlay,2019,LeftFoot,13351,Fiorentina,Brescia,1,1,2020-06-22 17:30:00,Gaetano Castrovilli,Pass
3649,365975,79,MissedShots,0.9580000305175781,0.6120000076293945,0.3361720144748688,Federico Chiesa,h,1433,OpenPlay,2019,LeftFoot,13351,Fiorentina,Brescia,1,1,2020-06-22 17:30:00,,TakeOn
3650,368210,2,SavedShot,0.904000015258789,0.345,0.26339900493621826,Federico Chiesa,h,1433,OpenPlay,2019,RightFoot,13371,Fiorentina,Sassuolo,1,3,2020-07-01 19:45:00,Rachid Ghezzal,Pass
3651,368217,38,MissedShots,0.9080000305175782,0.415,0.10998699814081192,Federico Chiesa,h,1433,OpenPlay,2019,RightFoot,13371,Fiorentina,Sassuolo,1,3,2020-07-01 19:45:00,Franck Ribéry,Pass
3652,368230,81,MissedShots,0.8,0.28899999618530275,0.022459400817751884,Federico Chiesa,h,1433,OpenPlay,2019,RightFoot,13371,Fiorentina,Sassuolo,1,3,2020-07-01 19:45:00,Erick Pulgar,Pass
3653,369208,80,MissedShots,0.9730000305175781,0.36400001525878906,0.19465899467468262,Federico Chiesa,a,1433,SetPiece,2019,RightFoot,13381,Parma Calcio 1913,Fiorentina,1,2,2020-07-05 17:30:00,Erick Pulgar,Pass
3654,369210,83,MissedShots,0.8430000305175781,0.6179999923706054,0.0628947988152504,Federico Chiesa,a,1433,OpenPlay,2019,RightFoot,13381,Parma Calcio 1913,Fiorentina,1,2,2020-07-05 17:30:00,Gaetano Castrovilli,Chipped
3655,369787,15,SavedShot,0.7330000305175781,0.5690000152587891,0.016950499266386032,Federico Chiesa,h,1433,OpenPlay,2019,RightFoot,13391,Fiorentina,Cagliari,0,0,2020-07-08 17:30:00,Franck Ribéry,Pass
3656,371085,60,BlockedShot,0.845999984741211,0.3039999961853027,0.0371675007045269,Federico Chiesa,h,1433,OpenPlay,2019,RightFoot,13406,Fiorentina,Verona,1,1,2020-07-12 17:30:00,Pol Lirola,Pass
3657,371657,5,Goal,0.915,0.39599998474121095,0.3759090006351471,Federico Chiesa,a,1433,OpenPlay,2019,RightFoot,13417,Lecce,Fiorentina,1,3,2020-07-15 19:45:00,Patrick Cutrone,Throughball
3658,371661,14,MissedShots,0.8580000305175781,0.3340000152587891,0.08286049962043762,Federico Chiesa,a,1433,OpenPlay,2019,LeftFoot,13417,Lecce,Fiorentina,1,3,2020-07-15 19:45:00,Rachid Ghezzal,TakeOn
3659,372625,19,MissedShots,0.850999984741211,0.25299999237060544,0.03391509875655174,Federico Chiesa,h,1433,OpenPlay,2019,RightFoot,13421,Fiorentina,Torino,2,0,2020-07-19 17:30:00,Gaetano Castrovilli,Pass
3660,372628,40,SavedShot,0.7759999847412109,0.76,0.01634090021252632,Federico Chiesa,h,1433,OpenPlay,2019,RightFoot,13421,Fiorentina,Torino,2,0,2020-07-19 17:30:00,Gaetano Castrovilli,Pass
3661,372632,52,MissedShots,0.8569999694824219,0.4179999923706055,0.10123299807310104,Federico Chiesa,h,1433,OpenPlay,2019,RightFoot,13421,Fiorentina,Torino,2,0,2020-07-19 17:30:00,Franck Ribéry,Pass
3662,373448,78,MissedShots,0.9540000152587891,0.6090000152587891,0.13589200377464294,Federico Chiesa,a,1433,OpenPlay,2019,RightFoot,13430,Inter,Fiorentina,0,0,2020-07-22 19:45:00,,CornerAwarded
3663,373933,20,MissedShots,0.8069999694824219,0.34599998474121096,0.022144099697470665,Federico Chiesa,a,1433,FromCorner,2019,RightFoot,13444,Roma,Fiorentina,2,1,2020-07-26 17:30:00,,None
3664,374298,5,BlockedShot,0.899000015258789,0.5409999847412109,0.03632349893450737,Federico Chiesa,h,1433,OpenPlay,2019,Head,13451,Fiorentina,Bologna,4,0,2020-07-29 19:45:00,Nikola Milenkovic,Foul
3665,374304,22,BlockedShot,0.9119999694824219,0.5690000152587891,0.42972299456596375,Federico Chiesa,h,1433,OpenPlay,2019,RightFoot,13451,Fiorentina,Bologna,4,0,2020-07-29 19:45:00,Patrick Cutrone,TakeOn
3666,374312,46,SavedShot,0.84,0.5770000076293945,0.07813909649848938,Federico Chiesa,h,1433,OpenPlay,2019,RightFoot,13451,Fiorentina,Bologna,4,0,2020-07-29 19:45:00,Dalbert,Pass
3667,374313,47,Goal,0.8869999694824219,0.5579999923706055,0.11905399709939957,Federico Chiesa,h,1433,OpenPlay,2019,RightFoot,13451,Fiorentina,Bologna,4,0,2020-07-29 19:45:00,Dalbert,Pass
3668,374315,53,Goal,0.9569999694824218,0.4640000152587891,0.6578580141067505,Federico Chiesa,h,1433,OpenPlay,2019,RightFoot,13451,Fiorentina,Bologna,4,0,2020-07-29 19:45:00,,Rebound
3669,374314,53,SavedShot,0.895,0.375,0.1373780071735382,Federico Chiesa,h,1433,OpenPlay,2019,RightFoot,13451,Fiorentina,Bologna,4,0,2020-07-29 19:45:00,Lorenzo Venuti,TakeOn
3670,374323,88,Goal,0.865,0.655,0.07986059784889221,Federico Chiesa,h,1433,OpenPlay,2019,RightFoot,13451,Fiorentina,Bologna,4,0,2020-07-29 19:45:00,Christian Kouamé,Pass
3671,374492,6,SavedShot,0.8369999694824218,0.285,0.028225399553775787,Federico Chiesa,a,1433,OpenPlay,2019,LeftFoot,13460,SPAL 2013,Fiorentina,1,3,2020-08-02 16:00:00,Kevin Agudelo,Pass
3672,374499,19,MissedShots,0.8169999694824219,0.46,0.06367889791727066,Federico Chiesa,a,1433,OpenPlay,2019,LeftFoot,13460,SPAL 2013,Fiorentina,1,3,2020-08-02 16:00:00,Dusan Vlahovic,Pass
3673,374503,34,BlockedShot,0.8680000305175781,0.4540000152587891,0.11412200331687927,Federico Chiesa,a,1433,OpenPlay,2019,RightFoot,13460,SPAL 2013,Fiorentina,1,3,2020-08-02 16:00:00,Lorenzo Venuti,Pass
3674,374518,70,BlockedShot,0.8540000152587891,0.295,0.024837100878357887,Federico Chiesa,a,1433,FromCorner,2019,RightFoot,13460,SPAL 2013,Fiorentina,1,3,2020-08-02 16:00:00,Nikola Milenkovic,Pass
3675,377612,70,MissedShots,0.9209999847412109,0.30700000762939456,0.046461399644613266,Federico Chiesa,h,1433,OpenPlay,2020,RightFoot,14116,Fiorentina,Torino,1,0,2020-09-19 16:00:00,Franck Ribéry,Chipped
3676,377614,77,BlockedShot,0.805,0.36700000762939455,0.037126101553440094,Federico Chiesa,h,1433,OpenPlay,2020,RightFoot,14116,Fiorentina,Torino,1,0,2020-09-19 16:00:00,Giacomo Bonaventura,Pass
3677,379093,62,Goal,0.8819999694824219,0.37900001525878907,0.48255500197410583,Federico Chiesa,a,1433,OpenPlay,2020,RightFoot,14126,Inter,Fiorentina,4,3,2020-09-26 18:45:00,Franck Ribéry,Throughball
3678,380283,2,BlockedShot,0.855,0.3,0.05916450172662735,Federico Chiesa,h,1433,OpenPlay,2020,LeftFoot,15446,Fiorentina,Sampdoria,1,2,2020-10-02 18:45:00,,TakeOn
3679,380291,27,MissedShots,0.9419999694824219,0.27,0.01972060091793537,Federico Chiesa,h,1433,OpenPlay,2020,RightFoot,15446,Fiorentina,Sampdoria,1,2,2020-10-02 18:45:00,Cristiano Biraghi,Cross
3680,380302,47,BlockedShot,0.8680000305175781,0.5629999923706055,0.0906423032283783,Federico Chiesa,h,1433,OpenPlay,2020,LeftFoot,15446,Fiorentina,Sampdoria,1,2,2020-10-02 18:45:00,Dusan Vlahovic,Pass
3681,380314,69,MissedShots,0.73,0.3089999961853027,0.00928501971065998,Federico Chiesa,h,1433,SetPiece,2020,RightFoot,15446,Fiorentina,Sampdoria,1,2,2020-10-02 18:45:00,,None
3682,380317,76,MissedShots,0.8369999694824218,0.67,0.04557939991354942,Federico Chiesa,h,1433,OpenPlay,2020,RightFoot,15446,Fiorentina,Sampdoria,1,2,2020-10-02 18:45:00,Cristiano Biraghi,Pass
3683,380319,85,BlockedShot,0.86,0.26799999237060546,0.027540000155568123,Federico Chiesa,h,1433,FromCorner,2020,RightFoot,15446,Fiorentina,Sampdoria,1,2,2020-10-02 18:45:00,Giacomo Bonaventura,Pass
3684,380322,94,ShotOnPost,0.865999984741211,0.29399999618530276,0.041313499212265015,Federico Chiesa,h,1433,OpenPlay,2020,RightFoot,15446,Fiorentina,Sampdoria,1,2,2020-10-02 18:45:00,Riccardo Saponara,Pass
3685,385025,17,MissedShots,0.8640000152587891,0.43,0.37519899010658264,Federico Chiesa,a,1433,OpenPlay,2020,RightFoot,15482,Spezia,Juventus,1,4,2020-11-01 14:00:00,Álvaro Morata,Throughball
3686,385027,28,BlockedShot,0.8730000305175781,0.5840000152587891,0.13806399703025818,Federico Chiesa,a,1433,OpenPlay,2020,RightFoot,15482,Spezia,Juventus,1,4,2020-11-01 14:00:00,Danilo,Throughball
3687,388871,23,SavedShot,0.7090000152587891,0.4779999923706055,0.020870700478553772,Federico Chiesa,a,1433,OpenPlay,2020,RightFoot,15507,Benevento,Juventus,1,1,2020-11-28 17:00:00,Arthur,Pass
3688,390298,63,MissedShots,0.830999984741211,0.715,0.020180700346827507,Federico Chiesa,h,1433,OpenPlay,2020,RightFoot,15519,Juventus,Torino,2,1,2020-12-05 17:00:00,Rodrigo Bentancur,Chipped
3689,390300,76,SavedShot,0.8669999694824219,0.3160000038146973,0.04225140064954758,Federico Chiesa,h,1433,OpenPlay,2020,RightFoot,15519,Juventus,Torino,2,1,2020-12-05 17:00:00,Paulo Dybala,Pass
3690,392863,28,Goal,0.7809999847412109,0.40900001525878904,0.03033760003745556,Federico Chiesa,h,1433,OpenPlay,2020,RightFoot,15540,Juventus,Atalanta,1,1,2020-12-16 17:30:00,Rodrigo Bentancur,Pass
3691,395021,70,SavedShot,0.9009999847412109,0.27700000762939453,0.046197399497032166,Federico Chiesa,h,1433,OpenPlay,2020,RightFoot,15558,Juventus,Fiorentina,0,3,2020-12-22 19:45:00,Danilo,Pass
3692,397068,47,SavedShot,0.7680000305175781,0.3940000152587891,0.03251339867711067,Federico Chiesa,h,1433,OpenPlay,2020,RightFoot,15572,Juventus,Udinese,4,1,2021-01-03 19:45:00,Rodrigo Bentancur,Pass
3693,397069,48,Goal,0.875,0.620999984741211,0.5275949835777283,Federico Chiesa,h,1433,OpenPlay,2020,LeftFoot,15572,Juventus,Udinese,4,1,2021-01-03 19:45:00,Cristiano Ronaldo,Throughball
3694,397073,58,BlockedShot,0.73,0.545,0.02439359948039055,Federico Chiesa,h,1433,FromCorner,2020,RightFoot,15572,Juventus,Udinese,4,1,2021-01-03 19:45:00,Paulo Dybala,Pass
3695,397077,68,MissedShots,0.9269999694824219,0.5609999847412109,0.46018800139427185,Federico Chiesa,h,1433,OpenPlay,2020,LeftFoot,15572,Juventus,Udinese,4,1,2021-01-03 19:45:00,Alex Sandro,Cross
3696,397079,70,BlockedShot,0.905,0.305,0.044776398688554764,Federico Chiesa,h,1433,SetPiece,2020,RightFoot,15572,Juventus,Udinese,4,1,2021-01-03 19:45:00,,None
3697,397515,15,ShotOnPost,0.865999984741211,0.4540000152587891,0.07007519900798798,Federico Chiesa,a,1433,FromCorner,2020,RightFoot,15581,AC Milan,Juventus,1,3,2021-01-06 19:45:00,,None
3698,397516,17,MissedShots,0.904000015258789,0.5209999847412109,0.3110400140285492,Federico Chiesa,a,1433,OpenPlay,2020,Head,15581,AC Milan,Juventus,1,3,2021-01-06 19:45:00,Leonardo Bonucci,Cross
3699,397518,17,Goal,0.879000015258789,0.37599998474121094,0.34832099080085754,Federico Chiesa,a,1433,OpenPlay,2020,RightFoot,15581,AC Milan,Juventus,1,3,2021-01-06 19:45:00,Paulo Dybala,Throughball
3700,397521,23,SavedShot,0.7819999694824219,0.6309999847412109,0.045194000005722046,Federico Chiesa,a,1433,OpenPlay,2020,LeftFoot,15581,AC Milan,Juventus,1,3,2021-01-06 19:45:00,Matthijs de Ligt,TakeOn
3701,397533,61,Goal,0.8330000305175781,0.43099998474121093,0.07106129825115204,Federico Chiesa,a,1433,OpenPlay,2020,LeftFoot,15581,AC Milan,Juventus,1,3,2021-01-06 19:45:00,Paulo Dybala,Pass
3702,398474,66,ShotOnPost,0.919000015258789,0.62,0.10541199892759323,Federico Chiesa,h,1433,OpenPlay,2020,LeftFoot,15589,Juventus,Sassuolo,3,1,2021-01-10 19:45:00,Dejan Kulusevski,Pass
3703,399569,86,SavedShot,0.8530000305175781,0.565,0.08951059728860855,Federico Chiesa,a,1433,OpenPlay,2020,RightFoot,15600,Inter,Juventus,2,0,2021-01-17 19:45:00,Weston McKennie,Pass
3704,401765,19,Goal,0.9230000305175782,0.5129999923706055,0.5349130034446716,Federico Chiesa,a,1433,OpenPlay,2020,RightFoot,15617,Sampdoria,Juventus,0,2,2021-01-30 17:00:00,Álvaro Morata,Pass
3705,401774,74,MissedShots,0.7819999694824219,0.6329999923706054,0.03576439991593361,Federico Chiesa,a,1433,FromCorner,2020,RightFoot,15617,Sampdoria,Juventus,0,2,2021-01-30 17:00:00,Arthur,Pass
3706,404365,42,MissedShots,0.799000015258789,0.754000015258789,0.018523000180721283,Federico Chiesa,a,1433,OpenPlay,2020,RightFoot,15640,Napoli,Juventus,1,0,2021-02-13 17:00:00,Álvaro Morata,Pass
3707,404374,55,SavedShot,0.8569999694824219,0.5870000076293945,0.07428749650716782,Federico Chiesa,a,1433,SetPiece,2020,RightFoot,15640,Napoli,Juventus,1,0,2021-02-13 17:00:00,Federico Bernardeschi,Pass
3708,404380,84,MissedShots,0.750999984741211,0.4909999847412109,0.022919900715351105,Federico Chiesa,a,1433,OpenPlay,2020,RightFoot,15640,Napoli,Juventus,1,0,2021-02-13 17:00:00,Danilo,Pass
3709,404385,94,MissedShots,0.8109999847412109,0.4879999923706055,0.04519199952483177,Federico Chiesa,a,1433,OpenPlay,2020,RightFoot,15640,Napoli,Juventus,1,0,2021-02-13 17:00:00,,None
3710,406287,42,MissedShots,0.9030000305175782,0.2879999923706055,0.05238189920783043,Federico Chiesa,h,1433,OpenPlay,2020,LeftFoot,15647,Juventus,Crotone,3,0,2021-02-22 19:45:00,Rodrigo Bentancur,Chipped
3711,406292,48,SavedShot,0.8580000305175781,0.6990000152587891,0.03956969827413559,Federico Chiesa,h,1433,OpenPlay,2020,RightFoot,15647,Juventus,Crotone,3,0,2021-02-22 19:45:00,Matthijs de Ligt,TakeOn
3712,406929,4,MissedShots,0.935,0.29399999618530276,0.049281101673841476,Federico Chiesa,a,1433,OpenPlay,2020,RightFoot,15661,Verona,Juventus,1,1,2021-02-27 19:45:00,,None
3713,406931,13,SavedShot,0.899000015258789,0.34400001525878904,0.07739060372114182,Federico Chiesa,a,1433,OpenPlay,2020,RightFoot,15661,Verona,Juventus,1,1,2021-02-27 19:45:00,Aaron Ramsey,Pass
3714,407695,14,MissedShots,0.799000015258789,0.27700000762939453,0.022101400420069695,Federico Chiesa,h,1433,OpenPlay,2020,RightFoot,15670,Juventus,Spezia,3,0,2021-03-02 19:45:00,Weston McKennie,Pass
3715,407702,37,BlockedShot,0.8059999847412109,0.56,0.04938989877700806,Federico Chiesa,h,1433,OpenPlay,2020,RightFoot,15670,Juventus,Spezia,3,0,2021-03-02 19:45:00,Dejan Kulusevski,Pass
3716,407713,70,Goal,0.94,0.5,0.6192039847373962,Federico Chiesa,h,1433,OpenPlay,2020,RightFoot,15670,Juventus,Spezia,3,0,2021-03-02 19:45:00,,Rebound
3717,407712,70,SavedShot,0.9119999694824219,0.500999984741211,0.5119370222091675,Federico Chiesa,h,1433,OpenPlay,2020,LeftFoot,15670,Juventus,Spezia,3,0,2021-03-02 19:45:00,Federico Bernardeschi,Pass
3718,408728,48,SavedShot,0.879000015258789,0.6719999694824219,0.06238039955496788,Federico Chiesa,h,1433,OpenPlay,2020,RightFoot,15681,Juventus,Lazio,3,1,2021-03-06 19:45:00,,TakeOn
3719,408732,65,SavedShot,0.805,0.664000015258789,0.03115059994161129,Federico Chiesa,h,1433,OpenPlay,2020,RightFoot,15681,Juventus,Lazio,3,1,2021-03-06 19:45:00,Dejan Kulusevski,Pass
3720,412668,3,MissedShots,0.8819999694824219,0.625999984741211,0.045865498483181,Federico Chiesa,a,1433,OpenPlay,2020,RightFoot,15709,Torino,Juventus,2,2,2021-04-03 16:00:00,Cristiano Ronaldo,HeadPass
3721,412669,4,SavedShot,0.8780000305175781,0.7030000305175781,0.04833419993519783,Federico Chiesa,a,1433,OpenPlay,2020,LeftFoot,15709,Torino,Juventus,2,2,2021-04-03 16:00:00,Cristiano Ronaldo,Pass
3722,412671,12,Goal,0.9619999694824218,0.6630000305175782,0.2809939980506897,Federico Chiesa,a,1433,OpenPlay,2020,LeftFoot,15709,Torino,Juventus,2,2,2021-04-03 16:00:00,Álvaro Morata,TakeOn
3723,412679,45,MissedShots,0.8540000152587891,0.6090000152587891,0.04869589954614639,Federico Chiesa,a,1433,FromCorner,2020,RightFoot,15709,Torino,Juventus,2,2,2021-04-03 16:00:00,,None
3724,412682,50,BlockedShot,0.7269999694824218,0.6120000076293945,0.00827390979975462,Federico Chiesa,a,1433,OpenPlay,2020,RightFoot,15709,Torino,Juventus,2,2,2021-04-03 16:00:00,Álvaro Morata,Chipped
3725,412684,56,MissedShots,0.8169999694824219,0.37099998474121093,0.035339899361133575,Federico Chiesa,a,1433,OpenPlay,2020,RightFoot,15709,Torino,Juventus,2,2,2021-04-03 16:00:00,Álvaro Morata,BallTouch
3726,413494,8,BlockedShot,0.9019999694824219,0.5879999923706055,0.08696260303258896,Federico Chiesa,h,1433,OpenPlay,2020,RightFoot,15455,Juventus,Napoli,2,1,2021-04-07 18:45:00,,None
3727,413502,40,MissedShots,0.8719999694824219,0.605999984741211,0.09804899990558624,Federico Chiesa,h,1433,OpenPlay,2020,RightFoot,15455,Juventus,Napoli,2,1,2021-04-07 18:45:00,Álvaro Morata,Pass
3728,413505,49,MissedShots,0.865,0.5629999923706055,0.026179099455475807,Federico Chiesa,h,1433,OpenPlay,2020,Head,15455,Juventus,Napoli,2,1,2021-04-07 18:45:00,Juan Cuadrado,Chipped
3729,414368,6,SavedShot,0.8369999694824218,0.7069999694824218,0.03976469859480858,Federico Chiesa,h,1433,OpenPlay,2020,RightFoot,15720,Juventus,Genoa,3,1,2021-04-11 13:00:00,Rodrigo Bentancur,Pass
3730,414374,21,SavedShot,0.899000015258789,0.3920000076293945,0.3823370039463043,Federico Chiesa,h,1433,OpenPlay,2020,RightFoot,15720,Juventus,Genoa,3,1,2021-04-11 13:00:00,,None
3731,414378,34,BlockedShot,0.8769999694824219,0.66,0.08697859942913055,Federico Chiesa,h,1433,OpenPlay,2020,LeftFoot,15720,Juventus,Genoa,3,1,2021-04-11 13:00:00,Danilo,Pass
3732,414383,49,SavedShot,0.8669999694824219,0.7069999694824218,0.051107101142406464,Federico Chiesa,h,1433,OpenPlay,2020,RightFoot,15720,Juventus,Genoa,3,1,2021-04-11 13:00:00,Álvaro Morata,Pass
3733,415770,15,MissedShots,0.7219999694824218,0.59,0.016770200803875923,Federico Chiesa,a,1433,OpenPlay,2020,RightFoot,15730,Atalanta,Juventus,1,0,2021-04-18 13:00:00,Juan Cuadrado,Pass
3734,415781,43,BlockedShot,0.8869999694824219,0.46099998474121096,0.12406899780035019,Federico Chiesa,a,1433,OpenPlay,2020,RightFoot,15730,Atalanta,Juventus,1,0,2021-04-18 13:00:00,Juan Cuadrado,Pass
3735,420880,73,BlockedShot,0.775,0.6419999694824219,0.024053199216723442,Federico Chiesa,h,1433,OpenPlay,2020,RightFoot,15771,Juventus,AC Milan,0,3,2021-05-09 18:45:00,Giorgio Chiellini,Pass
3736,421350,10,BlockedShot,0.774000015258789,0.3729999923706055,0.019989000633358955,Federico Chiesa,a,1433,OpenPlay,2020,LeftFoot,15779,Sassuolo,Juventus,1,3,2021-05-12 18:45:00,Dejan Kulusevski,Pass
3737,421364,46,SavedShot,0.8059999847412109,0.3129999923706055,0.0498029999434948,Federico Chiesa,a,1433,OpenPlay,2020,RightFoot,15779,Sassuolo,Juventus,1,3,2021-05-12 18:45:00,Cristiano Ronaldo,LayOff
3738,421368,56,MissedShots,0.8909999847412109,0.3060000038146973,0.071868896484375,Federico Chiesa,a,1433,OpenPlay,2020,RightFoot,15779,Sassuolo,Juventus,1,3,2021-05-12 18:45:00,Arthur,Pass
3739,421371,62,MissedShots,0.875,0.7080000305175781,0.05458579957485199,Federico Chiesa,a,1433,OpenPlay,2020,RightFoot,15779,Sassuolo,Juventus,1,3,2021-05-12 18:45:00,Cristiano Ronaldo,Pass
3740,422000,10,MissedShots,0.8680000305175781,0.40900001525878904,0.052741799503564835,Federico Chiesa,h,1433,FromCorner,2020,RightFoot,15790,Juventus,Inter,3,2,2021-05-15 16:00:00,Juan Cuadrado,Pass
3741,422002,20,BlockedShot,0.8869999694824219,0.6630000305175782,0.07464460283517838,Federico Chiesa,h,1433,OpenPlay,2020,LeftFoot,15790,Juventus,Inter,3,2,2021-05-15 16:00:00,Cristiano Ronaldo,Pass
3742,422009,42,BlockedShot,0.794000015258789,0.7019999694824218,0.02206289954483509,Federico Chiesa,h,1433,SetPiece,2020,RightFoot,15790,Juventus,Inter,3,2,2021-05-15 16:00:00,Juan Cuadrado,Pass
3743,424328,5,Goal,0.9569999694824218,0.4779999923706055,0.6493319869041443,Federico Chiesa,a,1433,OpenPlay,2020,LeftFoot,15799,Bologna,Juventus,1,4,2021-05-23 18:45:00,,Rebound
3744,424343,51,MissedShots,0.8519999694824218,0.595999984741211,0.09413819760084152,Federico Chiesa,a,1433,OpenPlay,2020,RightFoot,15799,Bologna,Juventus,1,4,2021-05-23 18:45:00,Dejan Kulusevski,Pass
3745,428958,3,SavedShot,0.9540000152587891,0.639000015258789,0.44197800755500793,Federico Chiesa,h,1433,OpenPlay,2021,RightFoot,16771,Juventus,Empoli,0,1,2021-08-28 18:45:00,Alex Sandro,TakeOn
3746,428960,11,SavedShot,0.79,0.4420000076293945,0.044471099972724915,Federico Chiesa,h,1433,OpenPlay,2021,RightFoot,16771,Juventus,Empoli,0,1,2021-08-28 18:45:00,Rodrigo Bentancur,TakeOn
3747,428965,21,SavedShot,0.81,0.4909999847412109,0.05312639847397804,Federico Chiesa,h,1433,OpenPlay,2021,RightFoot,16771,Juventus,Empoli,0,1,2021-08-28 18:45:00,Juan Cuadrado,Pass
3748,432495,13,BlockedShot,0.8930000305175781,0.24299999237060546,0.030667299404740334,Federico Chiesa,a,1433,OpenPlay,2021,RightFoot,16804,Spezia,Juventus,2,3,2021-09-22 16:30:00,Moise Kean,Pass
3749,432508,50,BlockedShot,0.8080000305175781,0.69,0.02529059909284115,Federico Chiesa,a,1433,OpenPlay,2021,RightFoot,16804,Spezia,Juventus,2,3,2021-09-22 16:30:00,Alex Sandro,Pass
3750,432519,65,Goal,0.914000015258789,0.4859999847412109,0.4046980142593384,Federico Chiesa,a,1433,OpenPlay,2021,RightFoot,16804,Spezia,Juventus,2,3,2021-09-22 16:30:00,Álvaro Morata,BallTouch
3751,432520,68,MissedShots,0.8109999847412109,0.720999984741211,0.02314930036664009,Federico Chiesa,a,1433,OpenPlay,2021,RightFoot,16804,Spezia,Juventus,2,3,2021-09-22 16:30:00,Alex Sandro,Pass
3752,433832,11,MissedShots,0.9030000305175782,0.3770000076293945,0.33262598514556885,Federico Chiesa,h,1433,OpenPlay,2021,RightFoot,16809,Juventus,Sampdoria,3,2,2021-09-26 10:30:00,Paulo Dybala,Pass
3753,433838,40,BlockedShot,0.8540000152587891,0.27100000381469724,0.04110660031437874,Federico Chiesa,h,1433,OpenPlay,2021,RightFoot,16809,Juventus,Sampdoria,3,2,2021-09-26 10:30:00,Dejan Kulusevski,Pass
3754,438925,2,BlockedShot,0.8959999847412109,0.32799999237060545,0.06291580200195312,Federico Chiesa,h,1433,OpenPlay,2021,RightFoot,16848,Juventus,Sassuolo,1,2,2021-10-27 16:30:00,Álvaro Morata,BallTouch
3755,438933,40,MissedShots,0.919000015258789,0.41700000762939454,0.10732900351285934,Federico Chiesa,h,1433,OpenPlay,2021,RightFoot,16848,Juventus,Sassuolo,1,2,2021-10-27 16:30:00,Paulo Dybala,BallTouch
3756,438939,58,MissedShots,0.935,0.4540000152587891,0.05295860022306442,Federico Chiesa,h,1433,OpenPlay,2021,Head,16848,Juventus,Sassuolo,1,2,2021-10-27 16:30:00,Juan Cuadrado,HeadPass
3757,438944,83,MissedShots,0.8719999694824219,0.665,0.05378149822354317,Federico Chiesa,h,1433,OpenPlay,2021,RightFoot,16848,Juventus,Sassuolo,1,2,2021-10-27 16:30:00,,None
3758,441213,75,ShotOnPost,0.9259999847412109,0.2539999961853027,0.03989509865641594,Federico Chiesa,h,1433,OpenPlay,2021,RightFoot,16868,Juventus,Fiorentina,1,0,2021-11-06 17:00:00,Manuel Locatelli,Chipped
3759,441214,79,MissedShots,0.8009999847412109,0.635,0.03209809958934784,Federico Chiesa,h,1433,OpenPlay,2021,RightFoot,16868,Juventus,Fiorentina,1,0,2021-11-06 17:00:00,,None
3760,441215,85,SavedShot,0.885,0.47,0.09071090072393417,Federico Chiesa,h,1433,OpenPlay,2021,RightFoot,16868,Juventus,Fiorentina,1,0,2021-11-06 17:00:00,Juan Cuadrado,Cross
3761,441217,95,SavedShot,0.94,0.6709999847412109,0.06948070228099823,Federico Chiesa,h,1433,OpenPlay,2021,LeftFoot,16868,Juventus,Fiorentina,1,0,2021-11-06 17:00:00,Luca Pellegrini,Chipped
3762,444201,19,BlockedShot,0.875999984741211,0.5720000076293945,0.12501199543476105,Federico Chiesa,h,1433,OpenPlay,2021,LeftFoot,16888,Juventus,Atalanta,0,1,2021-11-27 17:00:00,Weston McKennie,Chipped
3763,451831,3,BlockedShot,0.885,0.61,0.07326769828796387,Federico Chiesa,h,1433,OpenPlay,2021,LeftFoot,16949,Juventus,Napoli,1,1,2022-01-06 19:45:00,,None
3764,451835,11,SavedShot,0.875999984741211,0.29100000381469726,0.042514801025390625,Federico Chiesa,h,1433,OpenPlay,2021,RightFoot,16949,Juventus,Napoli,1,1,2022-01-06 19:45:00,Manuel Locatelli,Pass
3765,451840,15,MissedShots,0.8440000152587891,0.6480000305175782,0.04163090139627457,Federico Chiesa,h,1433,OpenPlay,2021,LeftFoot,16949,Juventus,Napoli,1,1,2022-01-06 19:45:00,Matthijs de Ligt,Chipped
3766,451844,25,BlockedShot,0.7969999694824219,0.40700000762939453,0.03807219862937927,Federico Chiesa,h,1433,OpenPlay,2021,RightFoot,16949,Juventus,Napoli,1,1,2022-01-06 19:45:00,Federico Bernardeschi,Pass
3767,451848,38,BlockedShot,0.8669999694824219,0.6370000076293946,0.06853950023651123,Federico Chiesa,h,1433,OpenPlay,2021,LeftFoot,16949,Juventus,Napoli,1,1,2022-01-06 19:45:00,Álvaro Morata,Pass
3768,451853,46,BlockedShot,0.8880000305175781,0.3920000076293945,0.06431499868631363,Federico Chiesa,h,1433,OpenPlay,2021,RightFoot,16949,Juventus,Napoli,1,1,2022-01-06 19:45:00,,None
3769,451855,53,Goal,0.8440000152587891,0.45099998474121095,0.0240068007260561,Federico Chiesa,h,1433,OpenPlay,2021,LeftFoot,16949,Juventus,Napoli,1,1,2022-01-06 19:45:00,,Aerial
3770,451861,60,SavedShot,0.8769999694824219,0.6630000305175782,0.0533314011991024,Federico Chiesa,h,1433,OpenPlay,2021,RightFoot,16949,Juventus,Napoli,1,1,2022-01-06 19:45:00,,None
3771,452717,7,MissedShots,0.7090000152587891,0.7169999694824218,0.010995700024068356,Federico Chiesa,a,1433,OpenPlay,2021,RightFoot,16962,Roma,Juventus,3,4,2022-01-09 17:30:00,,Dispossessed
3772,452723,23,BlockedShot,0.7669999694824219,0.71,0.019130999222397804,Federico Chiesa,a,1433,OpenPlay,2021,RightFoot,16962,Roma,Juventus,3,4,2022-01-09 17:30:00,Paulo Dybala,Pass
3773,502434,65,MissedShots,0.9059999847412109,0.6530000305175782,0.3184930086135864,Federico Chiesa,a,1433,OpenPlay,2022,LeftFoot,18732,Cremonese,Juventus,0,1,2023-01-04 17:30:00,,BallRecovery
3774,502744,90,BlockedShot,0.8909999847412109,0.669000015258789,0.22949600219726562,Federico Chiesa,h,1433,OpenPlay,2022,LeftFoot,18745,Juventus,Udinese,1,0,2023-01-07 17:00:00,Adrien Rabiot,TakeOn
3775,503386,60,BlockedShot,0.8869999694824219,0.705,0.05313729867339134,Federico Chiesa,a,1433,OpenPlay,2022,RightFoot,18757,Napoli,Juventus,5,1,2023-01-13 19:45:00,Adrien Rabiot,Pass
3776,508030,73,MissedShots,0.8580000305175781,0.355,0.11163999885320663,Federico Chiesa,a,1433,OpenPlay,2022,RightFoot,18788,Salernitana,Juventus,0,3,2023-02-07 19:45:00,Dusan Vlahovic,Pass
3777,508035,88,MissedShots,0.794000015258789,0.66,0.045103900134563446,Federico Chiesa,a,1433,OpenPlay,2022,RightFoot,18788,Salernitana,Juventus,0,3,2023-02-07 19:45:00,Juan Cuadrado,Pass
3778,509074,70,MissedShots,0.7919999694824219,0.52,0.052873700857162476,Federico Chiesa,h,1433,OpenPlay,2022,RightFoot,18796,Juventus,Fiorentina,1,0,2023-02-12 17:00:00,Filip Kostic,Pass
3779,511700,95,SavedShot,0.7480000305175781,0.509000015258789,0.06379710137844086,Federico Chiesa,h,1433,DirectFreekick,2022,RightFoot,18820,Juventus,Torino,4,2,2023-02-28 19:45:00,,Standard
3780,512962,81,BlockedShot,0.7580000305175781,0.5120000076293946,0.014389599673449993,Federico Chiesa,a,1433,FromCorner,2022,RightFoot,18827,Roma,Juventus,1,0,2023-03-05 19:45:00,,Aerial
3781,512961,81,MissedShots,0.855,0.6469999694824219,0.038716599345207214,Federico Chiesa,a,1433,FromCorner,2022,LeftFoot,18827,Roma,Juventus,1,0,2023-03-05 19:45:00,,None
3782,512963,96,MissedShots,0.79,0.6869999694824219,0.02377619966864586,Federico Chiesa,a,1433,OpenPlay,2022,RightFoot,18827,Roma,Juventus,1,0,2023-03-05 19:45:00,Adrien Rabiot,Pass
3783,515874,72,MissedShots,0.8180000305175781,0.500999984741211,0.11154299974441528,Federico Chiesa,a,1433,OpenPlay,2022,RightFoot,18844,Inter,Juventus,0,1,2023-03-19 19:45:00,Adrien Rabiot,TakeOn
3784,523557,17,BlockedShot,0.8859999847412109,0.7169999694824218,0.03147236257791519,Federico Chiesa,a,1433,OpenPlay,2022,LeftFoot,18892,Bologna,Juventus,1,1,2023-04-30 18:45:00,Filip Kostic,Pass
3785,526865,36,MissedShots,0.7830000305175782,0.6709999847412109,0.022162355482578278,Federico Chiesa,h,1433,FromCorner,2022,RightFoot,18926,Juventus,Cremonese,2,0,2023-05-14 18:45:00,Leandro Paredes,Pass
3786,526866,46,MissedShots,0.8730000305175781,0.7080000305175781,0.03956267982721329,Federico Chiesa,h,1433,OpenPlay,2022,LeftFoot,18926,Juventus,Cremonese,2,0,2023-05-14 18:45:00,Bremer,Pass
3787,526871,57,BlockedShot,0.9669999694824218,0.6370000076293946,0.09019257873296738,Federico Chiesa,h,1433,OpenPlay,2022,RightFoot,18926,Juventus,Cremonese,2,0,2023-05-14 18:45:00,,None
3788,528419,71,BlockedShot,0.8059999847412109,0.2520000076293945,0.01785915531218052,Federico Chiesa,a,1433,OpenPlay,2022,LeftFoot,18934,Empoli,Juventus,4,1,2023-05-22 18:45:00,Adrien Rabiot,Pass
3789,528424,84,Goal,0.8819999694824219,0.32799999237060545,0.028101952746510506,Federico Chiesa,a,1433,OpenPlay,2022,RightFoot,18934,Empoli,Juventus,4,1,2023-05-22 18:45:00,Adrien Rabiot,Cross
3790,528428,94,MissedShots,0.825,0.39,0.04033195972442627,Federico Chiesa,a,1433,SetPiece,2022,RightFoot,18934,Empoli,Juventus,4,1,2023-05-22 18:45:00,,None
3791,530262,25,MissedShots,0.9080000305175782,0.2989999961853027,0.04876740649342537,Federico Chiesa,h,1433,OpenPlay,2022,RightFoot,18946,Juventus,AC Milan,0,1,2023-05-28 18:45:00,,None
3792,530268,43,BlockedShot,0.7340000152587891,0.4209999847412109,0.017968684434890747,Federico Chiesa,h,1433,OpenPlay,2022,RightFoot,18946,Juventus,AC Milan,0,1,2023-05-28 18:45:00,Adrien Rabiot,Pass
3793,530269,49,BlockedShot,0.6890000152587891,0.61,0.01197625882923603,Federico Chiesa,h,1433,FromCorner,2022,RightFoot,18946,Juventus,AC Milan,0,1,2023-05-28 18:45:00,,None
3794,530279,83,BlockedShot,0.8480000305175781,0.28299999237060547,0.03369874507188797,Federico Chiesa,h,1433,OpenPlay,2022,LeftFoot,18946,Juventus,AC Milan,0,1,2023-05-28 18:45:00,Juan Cuadrado,Pass
3795,531191,29,BlockedShot,0.9380000305175781,0.29600000381469727,0.05064711347222328,Federico Chiesa,a,1433,OpenPlay,2022,RightFoot,18961,Udinese,Juventus,0,1,2023-06-04 19:00:00,Arkadiusz Milik,Pass
3796,531194,30,BlockedShot,0.950999984741211,0.315,0.07403451204299927,Federico Chiesa,a,1433,OpenPlay,2022,LeftFoot,18961,Udinese,Juventus,0,1,2023-06-04 19:00:00,Adrien Rabiot,TakeOn
3797,531198,49,MissedShots,0.9359999847412109,0.585,0.09863530844449997,Federico Chiesa,a,1433,OpenPlay,2022,Head,18961,Udinese,Juventus,0,1,2023-06-04 19:00:00,Samuel Iling-Junior,Cross
3798,531205,67,Goal,0.875999984741211,0.6419999694824219,0.08087606728076935,Federico Chiesa,a,1433,OpenPlay,2022,RightFoot,18961,Udinese,Juventus,0,1,2023-06-04 19:00:00,Manuel Locatelli,Pass
3799,534030,1,Goal,0.81,0.49900001525878906,0.06014296039938927,Federico Chiesa,a,1433,OpenPlay,2023,RightFoot,22311,Udinese,Juventus,0,3,2023-08-20 18:45:00,Dusan Vlahovic,Pass
3800,534037,35,BlockedShot,0.8719999694824219,0.36900001525878906,0.0881379172205925,Federico Chiesa,a,1433,OpenPlay,2023,RightFoot,22311,Udinese,Juventus,0,3,2023-08-20 18:45:00,Dusan Vlahovic,Pass
3801,535490,54,BlockedShot,0.7780000305175782,0.7280000305175781,0.010030739940702915,Federico Chiesa,h,1433,OpenPlay,2023,RightFoot,22320,Juventus,Bologna,1,1,2023-08-27 16:30:00,Manuel Locatelli,Chipped
3802,537100,58,MissedShots,0.9219999694824219,0.605,0.37437209486961365,Federico Chiesa,a,1433,OpenPlay,2023,RightFoot,22333,Empoli,Juventus,0,2,2023-09-03 18:45:00,Filip Kostic,TakeOn
3803,537104,81,Goal,0.950999984741211,0.68,0.5587242841720581,Federico Chiesa,a,1433,OpenPlay,2023,RightFoot,22333,Empoli,Juventus,0,2,2023-09-03 18:45:00,Arkadiusz Milik,TakeOn
3804,537397,5,BlockedShot,0.905,0.5940000152587891,0.08707097172737122,Federico Chiesa,h,1433,OpenPlay,2023,RightFoot,22335,Juventus,Lazio,3,1,2023-09-16 13:00:00,,None
3805,537405,25,Goal,0.8809999847412109,0.64,0.10026424378156662,Federico Chiesa,h,1433,OpenPlay,2023,LeftFoot,22335,Juventus,Lazio,3,1,2023-09-16 13:00:00,Adrien Rabiot,Pass
3806,539245,52,MissedShots,0.775,0.669000015258789,0.061200499534606934,Federico Chiesa,a,1433,DirectFreekick,2023,RightFoot,22353,Sassuolo,Juventus,4,2,2023-09-23 16:00:00,,Standard
3807,539256,77,Goal,0.879000015258789,0.6270000076293946,0.07221545279026031,Federico Chiesa,a,1433,OpenPlay,2023,RightFoot,22353,Sassuolo,Juventus,4,2,2023-09-23 16:00:00,Nicolo Fagioli,Pass
3808,539259,91,SavedShot,0.9330000305175781,0.23600000381469727,0.024371903389692307,Federico Chiesa,a,1433,SetPiece,2023,RightFoot,22353,Sassuolo,Juventus,4,2,2023-09-23 16:00:00,,None
3809,540166,6,MissedShots,0.8719999694824219,0.24399999618530274,0.022902503609657288,Federico Chiesa,h,1433,OpenPlay,2023,LeftFoot,22359,Juventus,Lecce,1,0,2023-09-26 18:45:00,Arkadiusz Milik,Pass
3810,540167,12,MissedShots,0.759000015258789,0.580999984741211,0.02273154817521572,Federico Chiesa,h,1433,OpenPlay,2023,RightFoot,22359,Juventus,Lecce,1,0,2023-09-26 18:45:00,Nicolo Fagioli,Pass
3811,540170,21,BlockedShot,0.85,0.7440000152587891,0.028105366975069046,Federico Chiesa,h,1433,OpenPlay,2023,RightFoot,22359,Juventus,Lecce,1,0,2023-09-26 18:45:00,Danilo,Pass
3812,540171,26,MissedShots,0.9259999847412109,0.649000015258789,0.3519858121871948,Federico Chiesa,h,1433,OpenPlay,2023,LeftFoot,22359,Juventus,Lecce,1,0,2023-09-26 18:45:00,Danilo,Throughball
3813,541954,27,BlockedShot,0.9180000305175782,0.6709999847412109,0.07034061849117279,Federico Chiesa,a,1433,OpenPlay,2023,LeftFoot,22365,Atalanta,Juventus,0,0,2023-10-01 16:00:00,Wojciech Szczesny,TakeOn
3814,541955,29,BlockedShot,0.7609999847412109,0.7369999694824219,0.04164264351129532,Federico Chiesa,a,1433,DirectFreekick,2023,RightFoot,22365,Atalanta,Juventus,0,0,2023-10-01 16:00:00,,Standard
3815,541960,50,SavedShot,0.815,0.6320000076293946,0.037673529237508774,Federico Chiesa,a,1433,OpenPlay,2023,LeftFoot,22365,Atalanta,Juventus,0,0,2023-10-01 16:00:00,,None
3816,545755,63,SavedShot,0.785,0.6819999694824219,0.024747397750616074,Federico Chiesa,h,1433,OpenPlay,2023,RightFoot,22403,Juventus,Verona,1,0,2023-10-28 18:45:00,Daniele Rugani,Pass
3817,545758,68,BlockedShot,0.8919999694824219,0.515,0.3966981768608093,Federico Chiesa,h,1433,OpenPlay,2023,RightFoot,22403,Juventus,Verona,1,0,2023-10-28 18:45:00,Weston McKennie,Pass
3818,545764,85,MissedShots,0.9,0.7080000305175781,0.050097085535526276,Federico Chiesa,h,1433,OpenPlay,2023,RightFoot,22403,Juventus,Verona,1,0,2023-10-28 18:45:00,Fabio Miretti,Pass
3819,547660,50,SavedShot,0.88,0.5879999923706055,0.36177578568458557,Federico Chiesa,a,1433,OpenPlay,2023,LeftFoot,22408,Fiorentina,Juventus,0,1,2023-11-05 19:45:00,Moise Kean,Pass
3820,548503,17,MissedShots,0.750999984741211,0.5820000076293945,0.06108424812555313,Federico Chiesa,h,1433,DirectFreekick,2023,RightFoot,22421,Juventus,Cagliari,2,1,2023-11-11 17:00:00,,Standard
3821,548513,45,SavedShot,0.759000015258789,0.5770000076293945,0.023478509858250618,Federico Chiesa,h,1433,OpenPlay,2023,RightFoot,22421,Juventus,Cagliari,2,1,2023-11-11 17:00:00,,BallRecovery
3822,548515,48,MissedShots,0.8030000305175782,0.654000015258789,0.02927698753774166,Federico Chiesa,h,1433,OpenPlay,2023,RightFoot,22421,Juventus,Cagliari,2,1,2023-11-11 17:00:00,,None
3823,548516,53,SavedShot,0.9540000152587891,0.5459999847412109,0.5969404578208923,Federico Chiesa,h,1433,OpenPlay,2023,LeftFoot,22421,Juventus,Cagliari,2,1,2023-11-11 17:00:00,,None
3824,550590,14,MissedShots,0.8490000152587891,0.525,0.08920799195766449,Federico Chiesa,h,1433,OpenPlay,2023,LeftFoot,22432,Juventus,Inter,1,1,2023-11-26 19:45:00,Adrien Rabiot,Pass
3825,550844,26,MissedShots,0.8109999847412109,0.6569999694824219,0.040654391050338745,Federico Chiesa,a,1433,OpenPlay,2023,RightFoot,22443,Monza,Juventus,1,2,2023-12-01 18:45:00,Filip Kostic,Pass
3826,550853,46,BlockedShot,0.805,0.6370000076293946,0.043986428529024124,Federico Chiesa,a,1433,OpenPlay,2023,LeftFoot,22443,Monza,Juventus,1,2,2023-12-01 18:45:00,Dusan Vlahovic,Pass
3827,550855,48,BlockedShot,0.8430000305175781,0.7469999694824219,0.022982211783528328,Federico Chiesa,a,1433,FromCorner,2023,RightFoot,22443,Monza,Juventus,1,2,2023-12-01 18:45:00,Hans Nicolussi Caviglia,Pass
3828,552541,19,MissedShots,0.7669999694824219,0.4859999847412109,0.020067758858203888,Federico Chiesa,h,1433,FromCorner,2023,LeftFoot,22451,Juventus,Napoli,1,0,2023-12-08 19:45:00,,None
3829,552552,65,MissedShots,0.7780000305175782,0.6730000305175782,0.03889913484454155,Federico Chiesa,h,1433,OpenPlay,2023,RightFoot,22451,Juventus,Napoli,1,0,2023-12-08 19:45:00,,TakeOn
3830,553995,13,SavedShot,0.9630000305175781,0.27600000381469725,0.04554210603237152,Federico Chiesa,a,1433,OpenPlay,2023,RightFoot,22458,Genoa,Juventus,1,1,2023-12-15 19:45:00,Andrea Cambiaso,Pass
3831,554000,27,Goal,0.885,0.5,0.7612988352775574,Federico Chiesa,a,1433,Penalty,2023,RightFoot,22458,Genoa,Juventus,1,1,2023-12-15 19:45:00,,Standard
3832,554006,50,SavedShot,0.865999984741211,0.63,0.31766051054000854,Federico Chiesa,a,1433,OpenPlay,2023,RightFoot,22458,Genoa,Juventus,1,1,2023-12-15 19:45:00,,BallRecovery
3833,554011,78,BlockedShot,0.870999984741211,0.6379999923706055,0.03386939689517021,Federico Chiesa,a,1433,OpenPlay,2023,RightFoot,22458,Genoa,Juventus,1,1,2023-12-15 19:45:00,Timothy Weah,Cross
3834,558799,64,MissedShots,0.7580000305175781,0.485,0.03722052648663521,Federico Chiesa,h,1433,OpenPlay,2023,RightFoot,22498,Juventus,Sassuolo,3,0,2024-01-16 19:45:00,Dusan Vlahovic,Pass
3835,558802,88,Goal,0.8640000152587891,0.514000015258789,0.13225451111793518,Federico Chiesa,h,1433,OpenPlay,2023,RightFoot,22498,Juventus,Sassuolo,3,0,2024-01-16 19:45:00,Manuel Locatelli,Pass
3836,563376,6,SavedShot,0.7580000305175781,0.73,0.013920187950134277,Federico Chiesa,h,1433,OpenPlay,2023,RightFoot,22538,Juventus,Udinese,0,1,2024-02-12 19:45:00,Timothy Weah,Pass
3837,563391,72,MissedShots,0.8669999694824219,0.75,0.024891607463359833,Federico Chiesa,h,1433,FromCorner,2023,RightFoot,22538,Juventus,Udinese,0,1,2024-02-12 19:45:00,Kenan Yildiz,Pass
3838,564030,82,MissedShots,0.8630000305175781,0.32299999237060545,0.054925236850976944,Federico Chiesa,a,1433,OpenPlay,2023,LeftFoot,22551,Verona,Juventus,2,2,2024-02-17 17:00:00,Arkadiusz Milik,Pass
3839,564032,91,SavedShot,0.889000015258789,0.6509999847412109,0.262004554271698,Federico Chiesa,a,1433,OpenPlay,2023,RightFoot,22551,Verona,Juventus,2,2,2024-02-17 17:00:00,Carlos Alcaraz,Pass
3840,565520,56,BlockedShot,0.825,0.6370000076293946,0.04077247530221939,Federico Chiesa,h,1433,OpenPlay,2023,RightFoot,22562,Juventus,Frosinone,3,2,2024-02-25 11:30:00,Dusan Vlahovic,Pass
3841,567438,29,BlockedShot,0.76,0.3770000076293945,0.017438892275094986,Federico Chiesa,a,1433,OpenPlay,2023,LeftFoot,22573,Napoli,Juventus,2,1,2024-03-03 19:45:00,Andrea Cambiaso,Pass
3842,567439,30,MissedShots,0.8919999694824219,0.41400001525878904,0.031851958483457565,Federico Chiesa,a,1433,OpenPlay,2023,Head,22573,Napoli,Juventus,2,1,2024-03-03 19:45:00,Andrea Cambiaso,Cross
3843,567458,80,Goal,0.8630000305175781,0.28399999618530275,0.03645167127251625,Federico Chiesa,a,1433,OpenPlay,2023,RightFoot,22573,Napoli,Juventus,2,1,2024-03-03 19:45:00,Carlos Alcaraz,Pass
3844,568802,4,MissedShots,0.7559999847412109,0.769000015258789,0.035727839916944504,Federico Chiesa,h,1433,DirectFreekick,2023,RightFoot,22578,Juventus,Atalanta,2,2,2024-03-10 17:00:00,,Standard
3845,568805,22,SavedShot,0.850999984741211,0.735,0.029468201100826263,Federico Chiesa,h,1433,OpenPlay,2023,RightFoot,22578,Juventus,Atalanta,2,2,2024-03-10 17:00:00,Samuel Iling-Junior,Pass
3846,568806,26,BlockedShot,0.7580000305175781,0.485,0.07185547053813934,Federico Chiesa,h,1433,DirectFreekick,2023,RightFoot,22578,Juventus,Atalanta,2,2,2024-03-10 17:00:00,,Standard
3847,568812,50,MissedShots,0.8769999694824219,0.685,0.04967363923788071,Federico Chiesa,h,1433,OpenPlay,2023,LeftFoot,22578,Juventus,Atalanta,2,2,2024-03-10 17:00:00,Arkadiusz Milik,Pass
3848,568816,57,MissedShots,0.835999984741211,0.735999984741211,0.017805246636271477,Federico Chiesa,h,1433,OpenPlay,2023,RightFoot,22578,Juventus,Atalanta,2,2,2024-03-10 17:00:00,Weston McKennie,Chipped
3849,568825,84,BlockedShot,0.7769999694824219,0.549000015258789,0.021751644089818,Federico Chiesa,h,1433,FromCorner,2023,RightFoot,22578,Juventus,Atalanta,2,2,2024-03-10 17:00:00,,None
3850,570912,40,SavedShot,0.86,0.624000015258789,0.07219835370779037,Federico Chiesa,a,1433,OpenPlay,2023,RightFoot,22603,Lazio,Juventus,1,0,2024-03-30 17:00:00,Adrien Rabiot,Pass
3851,570914,42,SavedShot,0.815,0.7019999694824218,0.02671869285404682,Federico Chiesa,a,1433,OpenPlay,2023,RightFoot,22603,Lazio,Juventus,1,0,2024-03-30 17:00:00,Manuel Locatelli,Pass
3852,570917,52,BlockedShot,0.8430000305175781,0.5170000076293946,0.05428260937333107,Federico Chiesa,a,1433,OpenPlay,2023,LeftFoot,22603,Lazio,Juventus,1,0,2024-03-30 17:00:00,Moise Kean,HeadPass
3853,573182,48,SavedShot,0.8540000152587891,0.654000015258789,0.0890616849064827,Federico Chiesa,h,1433,OpenPlay,2023,RightFoot,22605,Juventus,Fiorentina,1,0,2024-04-07 18:45:00,Dusan Vlahovic,Pass
3854,573847,56,BlockedShot,0.8680000305175781,0.649000015258789,0.06788764148950577,Federico Chiesa,a,1433,OpenPlay,2023,RightFoot,22619,Torino,Juventus,0,0,2024-04-13 16:00:00,Danilo,LayOff
3855,574713,8,BlockedShot,0.85,0.6530000305175782,0.049750372767448425,Federico Chiesa,a,1433,OpenPlay,2023,RightFoot,22625,Cagliari,Juventus,2,2,2024-04-19 18:45:00,Adrien Rabiot,Pass
3856,579200,2,MissedShots,0.7680000305175781,0.7319999694824219,0.017671732231974602,Federico Chiesa,a,1433,OpenPlay,2023,RightFoot,22652,Roma,Juventus,1,1,2024-05-05 18:45:00,Andrea Cambiaso,Pass
3857,579208,29,BlockedShot,0.9669999694824218,0.3039999961853027,0.054454315453767776,Federico Chiesa,a,1433,OpenPlay,2023,RightFoot,22652,Roma,Juventus,1,1,2024-05-05 18:45:00,Dusan Vlahovic,Pass
3858,579216,46,ShotOnPost,0.825,0.6320000076293946,0.12901055812835693,Federico Chiesa,a,1433,OpenPlay,2023,LeftFoot,22652,Roma,Juventus,1,1,2024-05-05 18:45:00,Federico Gatti,TakeOn
3859,579220,61,SavedShot,0.875,0.7280000305175781,0.03054262325167656,Federico Chiesa,a,1433,OpenPlay,2023,RightFoot,22652,Roma,Juventus,1,1,2024-05-05 18:45:00,Andrea Cambiaso,Chipped
3860,580509,56,BlockedShot,0.8930000305175781,0.6519999694824219,0.06742815673351288,Federico Chiesa,h,1433,OpenPlay,2023,RightFoot,22660,Juventus,Salernitana,1,1,2024-05-12 16:00:00,Dusan Vlahovic,Pass
3861,580511,61,MissedShots,0.899000015258789,0.6919999694824219,0.051649730652570724,Federico Chiesa,h,1433,OpenPlay,2023,LeftFoot,22660,Juventus,Salernitana,1,1,2024-05-12 16:00:00,Andrea Cambiaso,Pass
3862,580514,62,MissedShots,0.7719999694824219,0.27600000381469725,0.017113348469138145,Federico Chiesa,h,1433,FromCorner,2023,LeftFoot,22660,Juventus,Salernitana,1,1,2024-05-12 16:00:00,Andrea Cambiaso,Pass
3863,580512,62,BlockedShot,0.8619999694824219,0.5029999923706054,0.05810851976275444,Federico Chiesa,h,1433,OpenPlay,2023,LeftFoot,22660,Juventus,Salernitana,1,1,2024-05-12 16:00:00,Adrien Rabiot,HeadPass
3864,580518,80,SavedShot,0.8159999847412109,0.4129999923706055,0.03310017287731171,Federico Chiesa,h,1433,FromCorner,2023,LeftFoot,22660,Juventus,Salernitana,1,1,2024-05-12 16:00:00,,None
3865,582962,67,BlockedShot,0.735,0.4520000076293945,0.01764385588467121,Federico Chiesa,a,1433,OpenPlay,2023,LeftFoot,22665,Bologna,Juventus,3,3,2024-05-20 18:45:00,Bremer,Pass
3866,582963,75,Goal,0.8630000305175781,0.45099998474121095,0.2852008640766144,Federico Chiesa,a,1433,OpenPlay,2023,LeftFoot,22665,Bologna,Juventus,3,3,2024-05-20 18:45:00,,None
3867,582964,77,BlockedShot,0.8909999847412109,0.32799999237060545,0.06333573907613754,Federico Chiesa,a,1433,OpenPlay,2023,LeftFoot,22665,Bologna,Juventus,3,3,2024-05-20 18:45:00,Nicolo Fagioli,Pass
3868,582967,87,BlockedShot,0.9059999847412109,0.610999984741211,0.36313846707344055,Federico Chiesa,a,1433,OpenPlay,2023,RightFoot,22665,Bologna,Juventus,3,3,2024-05-20 18:45:00,Kenan Yildiz,Pass
3869,583253,20,BlockedShot,0.8909999847412109,0.7040000152587891,0.06962382048368454,Federico Chiesa,h,1433,OpenPlay,2023,RightFoot,22680,Juventus,Monza,2,0,2024-05-25 16:00:00,Kenan Yildiz,Pass
3870,583256,25,Goal,0.9359999847412109,0.67,0.09241441637277603,Federico Chiesa,h,1433,OpenPlay,2023,LeftFoot,22680,Juventus,Monza,2,0,2024-05-25 16:00:00,,TakeOn
3871,583266,52,ShotOnPost,0.7869999694824219,0.7380000305175781,0.01879311352968216,Federico Chiesa,h,1433,OpenPlay,2023,RightFoot,22680,Juventus,Monza,2,0,2024-05-25 16:00:00,Kenan Yildiz,Pass
3872,583268,60,SavedShot,0.919000015258789,0.5309999847412109,0.44426628947257996,Federico Chiesa,h,1433,OpenPlay,2023,LeftFoot,22680,Juventus,Monza,2,0,2024-05-25 16:00:00,Nicolo Fagioli,Chipped
3873,592420,72,SavedShot,0.6869999694824219,0.5629999923706055,0.013311637565493584,Federico Chiesa,h,1433,OpenPlay,2024,RightFoot,26645,Liverpool,Bournemouth,3,0,2024-09-21 14:00:00,Cody Gakpo,BallRecovery
3874,592423,77,ShotOnPost,0.9019999694824219,0.639000015258789,0.40743890404701233,Federico Chiesa,h,1433,OpenPlay,2024,LeftFoot,26645,Liverpool,Bournemouth,3,0,2024-09-21 14:00:00,Cody Gakpo,BallTouch
3875,14758,39,BlockedShot,0.8209999847412109,0.7119999694824218,0.02600489929318428,Andrew Robertson,h,1688,OpenPlay,2014,LeftFoot,4765,Hull,Stoke,1,1,2014-08-24 13:30:00,Tom Ince,Pass
3876,15761,55,MissedShots,0.8630000305175781,0.7519999694824219,0.02590320073068142,Andrew Robertson,h,1688,OpenPlay,2014,LeftFoot,4744,Hull,Manchester City,2,4,2014-09-27 15:00:00,,None
3877,16858,20,MissedShots,0.8730000305175781,0.7769999694824219,0.026110399514436722,Andrew Robertson,h,1688,OpenPlay,2014,LeftFoot,4689,Hull,Crystal Palace,2,0,2014-10-04 15:00:00,Nikica Jelavic,Pass
3878,17416,92,MissedShots,0.77,0.755,0.01214080024510622,Andrew Robertson,h,1688,OpenPlay,2014,LeftFoot,4655,Hull,Southampton,0,1,2014-11-01 15:00:00,Ahmed Elmohamady,Cross
3879,17967,52,SavedShot,0.845,0.5420000076293945,0.07517380267381668,Andrew Robertson,a,1688,OpenPlay,2014,LeftFoot,4683,Manchester United,Hull,3,0,2014-11-29 15:00:00,Nikica Jelavic,LayOff
3880,18764,21,ShotOnPost,0.9359999847412109,0.69,0.06207429990172386,Andrew Robertson,h,1688,OpenPlay,2014,LeftFoot,4625,Hull,Swansea,0,1,2014-12-20 15:00:00,Abel Hernández,Pass
3881,23266,25,SavedShot,0.7530000305175781,0.6869999694824219,0.01754559949040413,Andrew Robertson,h,1688,OpenPlay,2014,LeftFoot,4581,Hull,Newcastle United,0,3,2015-01-31 12:45:00,Abel Hernández,Pass
3882,24148,16,SavedShot,0.8380000305175781,0.7419999694824219,0.033518001437187195,Andrew Robertson,h,1688,OpenPlay,2014,RightFoot,4483,Hull,Sunderland,1,1,2015-03-03 19:45:00,David Meyler,Pass
3883,24158,69,MissedShots,0.8030000305175782,0.6090000152587891,0.05233899876475334,Andrew Robertson,h,1688,OpenPlay,2014,RightFoot,4483,Hull,Sunderland,1,1,2015-03-03 19:45:00,David Meyler,LayOff
3884,20954,93,BlockedShot,0.7619999694824219,0.7230000305175781,0.013328500092029572,Andrew Robertson,h,1688,OpenPlay,2014,LeftFoot,4408,Hull,Arsenal,1,3,2015-05-04 20:00:00,David Meyler,Pass
3885,113216,86,MissedShots,0.7219999694824218,0.6809999847412109,0.014251500368118286,Andrew Robertson,a,1688,OpenPlay,2016,LeftFoot,496,Burnley,Hull,1,1,2016-09-10 18:00:00,Ryan Mason,Pass
3886,116823,1,BlockedShot,0.875999984741211,0.6819999694824219,0.04458789899945259,Andrew Robertson,h,1688,OpenPlay,2016,RightFoot,3116,Hull,Crystal Palace,3,3,2016-12-10 19:00:00,Tom Huddlestone,Chipped
3887,116026,58,ShotOnPost,0.855,0.7419999694824219,0.0263311006128788,Andrew Robertson,a,1688,OpenPlay,2016,LeftFoot,3137,West Ham,Hull,1,0,2016-12-17 19:00:00,Tom Huddlestone,Chipped
3888,116034,70,BlockedShot,0.754000015258789,0.7,0.012005100026726723,Andrew Robertson,a,1688,OpenPlay,2016,LeftFoot,3137,West Ham,Hull,1,0,2016-12-17 19:00:00,,None
3889,118463,18,BlockedShot,0.7140000152587891,0.46,0.014273700304329395,Andrew Robertson,h,1688,OpenPlay,2016,LeftFoot,3394,Hull,Burnley,1,1,2017-02-25 15:00:00,Ahmed Elmohamady,Pass
3890,119932,71,MissedShots,0.9059999847412109,0.645,0.05022110044956207,Andrew Robertson,a,1688,OpenPlay,2016,LeftFoot,3427,Everton,Hull,4,0,2017-03-18 15:00:00,Omar Elabdellaoui,Cross
3891,119302,52,Goal,0.875999984741211,0.5970000076293945,0.08380330353975296,Andrew Robertson,h,1688,OpenPlay,2016,LeftFoot,3433,Hull,West Ham,2,1,2017-04-01 15:00:00,Kamil Grosicki,Pass
3892,158500,59,MissedShots,0.9030000305175782,0.7469999694824219,0.02779489941895008,Andrew Robertson,h,1688,OpenPlay,2017,LeftFoot,7134,Liverpool,Crystal Palace,1,0,2017-08-19 15:00:00,Daniel Sturridge,Pass
3893,158509,88,SavedShot,0.8059999847412109,0.61,0.040115199983119965,Andrew Robertson,h,1688,OpenPlay,2017,LeftFoot,7134,Liverpool,Crystal Palace,1,0,2017-08-19 15:00:00,,Rebound
3894,158715,58,MissedShots,0.7369999694824219,0.620999984741211,0.022795600816607475,Andrew Robertson,h,1688,FromCorner,2017,LeftFoot,7162,Liverpool,Burnley,1,1,2017-09-16 15:00:00,James Milner,Pass
3895,158716,60,MissedShots,0.8859999847412109,0.6969999694824218,0.057489700615406036,Andrew Robertson,h,1688,OpenPlay,2017,LeftFoot,7162,Liverpool,Burnley,1,1,2017-09-16 15:00:00,Roberto Firmino,Pass
3896,179228,33,MissedShots,0.7340000152587891,0.715,0.012724299915134907,Andrew Robertson,h,1688,OpenPlay,2017,LeftFoot,7275,Liverpool,Everton,1,1,2017-12-10 14:15:00,Mohamed Salah,Pass
3897,185330,18,BlockedShot,0.9019999694824219,0.6569999694824219,0.06114960089325905,Andrew Robertson,h,1688,OpenPlay,2017,LeftFoot,7287,Liverpool,West Bromwich Albion,0,0,2017-12-13 20:00:00,,None
3898,183204,51,MissedShots,0.815,0.525,0.03516029939055443,Andrew Robertson,a,1688,FromCorner,2017,LeftFoot,7290,Bournemouth,Liverpool,0,4,2017-12-17 16:30:00,Philippe Coutinho,Cross
3899,185655,10,MissedShots,0.784000015258789,0.5770000076293945,0.0459464006125927,Andrew Robertson,h,1688,OpenPlay,2017,LeftFoot,7313,Liverpool,Swansea,5,0,2017-12-26 17:30:00,,None
3900,194062,8,BlockedShot,0.8819999694824219,0.6759999847412109,0.062311600893735886,Andrew Robertson,a,1688,OpenPlay,2017,LeftFoot,7359,Huddersfield,Liverpool,0,3,2018-01-30 20:00:00,Sadio Mané,Pass
3901,193959,73,BlockedShot,0.8680000305175781,0.6840000152587891,0.06377439945936203,Andrew Robertson,a,1688,OpenPlay,2017,LeftFoot,7384,Southampton,Liverpool,0,2,2018-02-11 16:30:00,,Rebound
3902,208661,91,MissedShots,0.9069999694824219,0.7,0.07448550313711166,Andrew Robertson,h,1688,OpenPlay,2017,LeftFoot,7452,Liverpool,Bournemouth,3,0,2018-04-14 16:30:00,Mohamed Salah,Pass
3903,215755,84,Goal,0.9019999694824219,0.5429999923706055,0.12160900235176086,Andrew Robertson,h,1688,OpenPlay,2017,LeftFoot,7495,Liverpool,Brighton,4,0,2018-05-13 15:00:00,,None
3904,233040,34,MissedShots,0.8730000305175781,0.5879999923706055,0.07309140264987946,Andrew Robertson,a,1688,OpenPlay,2018,LeftFoot,9216,Crystal Palace,Liverpool,0,2,2018-08-20 22:00:00,,None
3905,234190,84,MissedShots,0.8530000305175781,0.615999984741211,0.04616079851984978,Andrew Robertson,h,1688,FromCorner,2018,LeftFoot,9249,Liverpool,Southampton,3,0,2018-09-22 14:00:00,,None
3906,249402,25,BlockedShot,0.7769999694824219,0.5840000152587891,0.036094099283218384,Andrew Robertson,a,1688,OpenPlay,2018,LeftFoot,9284,Huddersfield,Liverpool,0,1,2018-10-20 16:30:00,Xherdan Shaqiri,Pass
3907,249407,46,BlockedShot,0.8580000305175781,0.7269999694824218,0.042533401399850845,Andrew Robertson,a,1688,OpenPlay,2018,LeftFoot,9284,Huddersfield,Liverpool,0,1,2018-10-20 16:30:00,Daniel Sturridge,Pass
3908,249880,23,SavedShot,0.86,0.664000015258789,0.038993898779153824,Andrew Robertson,a,1688,OpenPlay,2018,LeftFoot,9303,Arsenal,Liverpool,1,1,2018-11-03 17:30:00,,Rebound
3909,250180,61,SavedShot,0.8690000152587891,0.675,0.07549309730529785,Andrew Robertson,h,1688,OpenPlay,2018,LeftFoot,9313,Liverpool,Fulham,2,0,2018-11-11 12:00:00,Roberto Firmino,Pass
3910,251445,9,MissedShots,0.8730000305175781,0.76,0.019594499841332436,Andrew Robertson,h,1688,FromCorner,2018,LeftFoot,9362,Liverpool,Manchester United,3,1,2018-12-16 16:00:00,,None
3911,274661,43,SavedShot,0.9019999694824219,0.5920000076293945,0.08036509901285172,Andrew Robertson,h,1688,OpenPlay,2018,LeftFoot,9422,Liverpool,Crystal Palace,4,3,2019-01-19 15:00:00,Fabinho,Rebound
3912,274664,48,MissedShots,0.76,0.625999984741211,0.010157099924981594,Andrew Robertson,h,1688,OpenPlay,2018,LeftFoot,9422,Liverpool,Crystal Palace,4,3,2019-01-19 15:00:00,Sadio Mané,Chipped
3913,275117,76,MissedShots,0.775,0.655,0.013003399595618248,Andrew Robertson,h,1688,OpenPlay,2018,LeftFoot,9436,Liverpool,Leicester,1,1,2019-01-30 20:00:00,Sadio Mané,Chipped
3914,275365,63,MissedShots,0.7440000152587891,0.7030000305175781,0.015776799991726875,Andrew Robertson,a,1688,OpenPlay,2018,LeftFoot,9437,West Ham,Liverpool,1,1,2019-02-04 20:00:00,Fabinho,Pass
3915,276050,48,MissedShots,0.9119999694824219,0.6229999923706054,0.12883299589157104,Andrew Robertson,h,1688,OpenPlay,2018,LeftFoot,9476,Liverpool,Watford,5,0,2019-02-27 20:00:00,Divock Origi,Pass
3916,284944,84,BlockedShot,0.885,0.6509999847412109,0.09317229688167572,Andrew Robertson,h,1688,OpenPlay,2018,LeftFoot,9490,Liverpool,Burnley,4,2,2019-03-10 12:00:00,Sadio Mané,Pass
3917,286757,34,SavedShot,0.9780000305175781,0.6179999923706054,0.11242300271987915,Andrew Robertson,a,1688,OpenPlay,2018,LeftFoot,9502,Fulham,Liverpool,1,2,2019-03-17 14:15:00,Adam Lallana,Pass
3918,299610,36,MissedShots,0.8669999694824219,0.7080000305175781,0.05448940023779869,Andrew Robertson,a,1688,OpenPlay,2018,LeftFoot,9559,Newcastle United,Liverpool,2,3,2019-05-04 18:45:00,Jordan Henderson,Pass
3919,301355,23,SavedShot,0.764000015258789,0.7069999694824218,0.021421300247311592,Andrew Robertson,h,1688,OpenPlay,2018,LeftFoot,9571,Liverpool,Wolverhampton Wanderers,2,0,2019-05-12 14:00:00,Trent Alexander-Arnold,Pass
3920,309897,15,MissedShots,0.8830000305175781,0.7130000305175781,0.053779199719429016,Andrew Robertson,h,1688,OpenPlay,2019,LeftFoot,11643,Liverpool,Norwich,4,1,2019-08-09 20:00:00,Divock Origi,Pass
3921,309911,57,MissedShots,0.78,0.6930000305175781,0.01307579968124628,Andrew Robertson,h,1688,SetPiece,2019,LeftFoot,11643,Liverpool,Norwich,4,1,2019-08-09 20:00:00,,None
3922,310462,76,SavedShot,0.8819999694824219,0.6730000305175782,0.08118460327386856,Andrew Robertson,a,1688,OpenPlay,2019,LeftFoot,11658,Southampton,Liverpool,1,2,2019-08-17 15:00:00,Sadio Mané,Pass
3923,312698,1,MissedShots,0.755,0.7530000305175781,0.015664199367165565,Andrew Robertson,h,1688,OpenPlay,2019,LeftFoot,11670,Liverpool,Arsenal,3,1,2019-08-24 17:30:00,Joel Matip,Pass
3924,312701,14,BlockedShot,0.7569999694824219,0.7180000305175781,0.01623529940843582,Andrew Robertson,h,1688,OpenPlay,2019,LeftFoot,11670,Liverpool,Arsenal,3,1,2019-08-24 17:30:00,Fabinho,Pass
3925,312726,60,BlockedShot,0.87,0.655,0.09113439917564392,Andrew Robertson,h,1688,OpenPlay,2019,LeftFoot,11670,Liverpool,Arsenal,3,1,2019-08-24 17:30:00,Sadio Mané,Pass
3926,317042,62,SavedShot,0.97,0.5879999923706055,0.33162999153137207,Andrew Robertson,h,1688,OpenPlay,2019,LeftFoot,11683,Liverpool,Newcastle United,3,1,2019-09-14 11:30:00,Roberto Firmino,Chipped
3927,322361,35,MissedShots,0.7909999847412109,0.7169999694824218,0.01145320013165474,Andrew Robertson,a,1688,OpenPlay,2019,LeftFoot,11703,Sheffield United,Liverpool,0,1,2019-09-28 11:30:00,,Aerial
3928,324102,65,SavedShot,0.9059999847412109,0.6780000305175782,0.0810403972864151,Andrew Robertson,h,1688,OpenPlay,2019,LeftFoot,11715,Liverpool,Leicester,2,1,2019-10-05 15:00:00,Mohamed Salah,Pass
3929,328018,49,BlockedShot,0.785,0.6079999923706054,0.028322400525212288,Andrew Robertson,h,1688,OpenPlay,2019,RightFoot,11736,Liverpool,Tottenham,2,1,2019-10-27 16:30:00,,None
3930,329268,86,Goal,0.9630000305175781,0.5670000076293945,0.3317199945449829,Andrew Robertson,a,1688,OpenPlay,2019,Head,11744,Aston Villa,Liverpool,1,2,2019-11-02 15:00:00,Sadio Mané,Cross
3931,333641,1,MissedShots,0.75,0.634000015258789,0.015098899602890015,Andrew Robertson,h,1688,OpenPlay,2019,LeftFoot,11776,Liverpool,Brighton,2,1,2019-11-30 15:00:00,,None
3932,351631,81,BlockedShot,0.7859999847412109,0.6930000305175781,0.016401199623942375,Andrew Robertson,h,1688,FromCorner,2019,LeftFoot,11847,Liverpool,Sheffield United,2,0,2020-01-02 20:00:00,,None
3933,352350,23,MissedShots,0.9459999847412109,0.6569999694824219,0.3197300136089325,Andrew Robertson,a,1688,OpenPlay,2019,LeftFoot,11822,West Ham,Liverpool,0,2,2020-01-29 19:45:00,Mohamed Salah,Throughball
3934,352767,46,BlockedShot,0.884000015258789,0.7119999694824218,0.04368310049176216,Andrew Robertson,a,1688,OpenPlay,2019,LeftFoot,11899,Norwich,Liverpool,0,1,2020-02-15 17:30:00,Alex Oxlade-Chamberlain,Pass
3935,353135,5,MissedShots,0.8109999847412109,0.37,0.0400163009762764,Andrew Robertson,h,1688,FromCorner,2019,LeftFoot,11911,Liverpool,West Ham,3,2,2020-02-24 20:00:00,Mohamed Salah,Pass
3936,353326,51,SavedShot,0.9290000152587891,0.6930000305175781,0.05686520040035248,Andrew Robertson,a,1688,OpenPlay,2019,LeftFoot,11921,Watford,Liverpool,3,0,2020-02-29 17:30:00,Virgil van Dijk,Pass
3937,366440,52,MissedShots,0.764000015258789,0.7180000305175781,0.055785998702049255,Andrew Robertson,h,1688,OpenPlay,2019,LeftFoot,11951,Liverpool,Crystal Palace,4,0,2020-06-24 19:15:00,Mohamed Salah,Pass
3938,370422,33,Goal,0.9169999694824219,0.34599998474121096,0.01332130003720522,Andrew Robertson,h,1688,FromCorner,2019,Head,11986,Liverpool,Burnley,1,1,2020-07-11 14:00:00,Fabinho,Chipped
3939,371638,48,BlockedShot,0.8859999847412109,0.5209999847412109,0.07835789769887924,Andrew Robertson,a,1688,OpenPlay,2019,LeftFoot,11993,Arsenal,Liverpool,2,1,2020-07-15 19:15:00,,None
3940,371639,48,BlockedShot,0.8969999694824219,0.5320000076293945,0.10186199843883514,Andrew Robertson,a,1688,OpenPlay,2019,LeftFoot,11993,Arsenal,Liverpool,2,1,2020-07-15 19:15:00,,Rebound
3941,371643,54,MissedShots,0.7519999694824219,0.6430000305175781,0.01823199912905693,Andrew Robertson,a,1688,FromCorner,2019,RightFoot,11993,Arsenal,Liverpool,2,1,2020-07-15 19:15:00,Georginio Wijnaldum,Pass
3942,387028,35,MissedShots,0.91,0.6880000305175781,0.02942590042948723,Andrew Robertson,a,1688,OpenPlay,2020,LeftFoot,14102,Chelsea,Liverpool,0,2,2020-09-20 15:30:00,Jordan Henderson,Cross
3943,387040,89,BlockedShot,0.8880000305175781,0.74,0.06220079958438873,Andrew Robertson,a,1688,OpenPlay,2020,LeftFoot,14102,Chelsea,Liverpool,0,2,2020-09-20 15:30:00,Thiago Alcántara,HeadPass
3944,380004,33,Goal,0.9319999694824219,0.51,0.4809759855270386,Andrew Robertson,h,1688,OpenPlay,2020,LeftFoot,14115,Liverpool,Arsenal,3,1,2020-09-28 19:15:00,Trent Alexander-Arnold,Cross
3945,381506,45,SavedShot,0.9540000152587891,0.6569999694824219,0.2646329998970032,Andrew Robertson,a,1688,OpenPlay,2020,LeftFoot,14466,Aston Villa,Liverpool,7,2,2020-10-04 18:15:00,Mohamed Salah,Chipped
3946,383647,55,BlockedShot,0.865,0.720999984741211,0.02847670018672943,Andrew Robertson,h,1688,OpenPlay,2020,LeftFoot,14490,Liverpool,Sheffield United,2,1,2020-10-24 19:00:00,Sadio Mané,Pass
3947,384735,36,MissedShots,0.885,0.6419999694824219,0.05726420134305954,Andrew Robertson,h,1688,OpenPlay,2020,LeftFoot,14499,Liverpool,West Ham,2,1,2020-10-31 17:30:00,Sadio Mané,Chipped
3948,388174,17,MissedShots,0.7930000305175782,0.5629999923706055,0.037033699452877045,Andrew Robertson,h,1688,OpenPlay,2020,LeftFoot,14519,Liverpool,Leicester,3,0,2020-11-22 19:15:00,,None
3949,399460,13,MissedShots,0.8830000305175781,0.6880000305175781,0.03856329992413521,Andrew Robertson,h,1688,OpenPlay,2020,LeftFoot,14620,Liverpool,Manchester United,0,0,2021-01-17 16:30:00,,Rebound
3950,400181,38,SavedShot,0.9430000305175781,0.7,0.05603120103478432,Andrew Robertson,h,1688,OpenPlay,2020,LeftFoot,14613,Liverpool,Burnley,0,1,2021-01-21 20:00:00,Sadio Mané,Pass
3951,400186,55,BlockedShot,0.81,0.69,0.024057500064373016,Andrew Robertson,h,1688,OpenPlay,2020,LeftFoot,14613,Liverpool,Burnley,0,1,2021-01-21 20:00:00,Sadio Mané,Pass
3952,404136,38,BlockedShot,0.875,0.7,0.04689110070466995,Andrew Robertson,a,1688,OpenPlay,2020,LeftFoot,14670,Leicester,Liverpool,3,1,2021-02-13 12:30:00,Roberto Firmino,Pass
3953,404140,50,MissedShots,0.8619999694824219,0.7130000305175781,0.037623900920152664,Andrew Robertson,a,1688,OpenPlay,2020,LeftFoot,14670,Leicester,Liverpool,3,1,2021-02-13 12:30:00,Sadio Mané,Pass
3954,407562,74,MissedShots,0.8569999694824219,0.6359999847412109,0.07858949899673462,Andrew Robertson,a,1688,OpenPlay,2020,LeftFoot,14694,Sheffield United,Liverpool,0,2,2021-02-28 19:15:00,Curtis Jones,BallTouch
3955,407563,77,SavedShot,0.875,0.5379999923706055,0.0312390998005867,Andrew Robertson,a,1688,OpenPlay,2020,Head,14694,Sheffield United,Liverpool,0,2,2021-02-28 19:15:00,Mohamed Salah,Cross
3956,408285,6,MissedShots,0.7909999847412109,0.6040000152587891,0.032743699848651886,Andrew Robertson,h,1688,OpenPlay,2020,LeftFoot,14719,Liverpool,Chelsea,0,1,2021-03-04 20:15:00,Mohamed Salah,Pass
3957,413890,56,SavedShot,0.8669999694824219,0.6959999847412109,0.04401040077209473,Andrew Robertson,h,1688,OpenPlay,2020,LeftFoot,14739,Liverpool,Aston Villa,2,1,2021-04-10 14:00:00,Diogo Jota,Pass
3958,417066,63,MissedShots,0.7759999847412109,0.6759999847412109,0.028941499069333076,Andrew Robertson,h,1688,OpenPlay,2020,LeftFoot,14760,Liverpool,Newcastle United,1,1,2021-04-24 11:30:00,,None
3959,423342,14,BlockedShot,0.87,0.74,0.03261049836874008,Andrew Robertson,a,1688,OpenPlay,2020,LeftFoot,14796,Burnley,Liverpool,0,3,2021-05-19 19:15:00,Georginio Wijnaldum,Pass
3960,424055,25,MissedShots,0.8009999847412109,0.68,0.02662160061299801,Andrew Robertson,h,1688,OpenPlay,2020,LeftFoot,14810,Liverpool,Crystal Palace,2,0,2021-05-23 15:00:00,Roberto Firmino,Pass
3961,428823,59,SavedShot,0.795,0.6459999847412109,0.0150821004062891,Andrew Robertson,h,1688,FromCorner,2021,LeftFoot,16402,Liverpool,Chelsea,1,1,2021-08-28 16:30:00,,Aerial
3962,433700,61,MissedShots,0.8030000305175782,0.6370000076293946,0.03654779866337776,Andrew Robertson,a,1688,OpenPlay,2021,LeftFoot,16432,Brentford,Liverpool,3,3,2021-09-25 16:30:00,,Rebound
3963,447679,15,SavedShot,0.899000015258789,0.6469999694824219,0.013147000223398209,Andrew Robertson,h,1688,OpenPlay,2021,Head,16533,Liverpool,Aston Villa,1,0,2021-12-11 15:00:00,Trent Alexander-Arnold,Cross
3964,449805,0,MissedShots,0.8919999694824219,0.555,0.04357919842004776,Andrew Robertson,a,1688,OpenPlay,2021,Head,16552,Tottenham,Liverpool,2,2,2021-12-19 16:30:00,Trent Alexander-Arnold,Chipped
3965,449830,68,Goal,0.9780000305175781,0.5159999847412109,0.8842189908027649,Andrew Robertson,a,1688,OpenPlay,2021,Head,16552,Tottenham,Liverpool,2,2,2021-12-19 16:30:00,Trent Alexander-Arnold,Pass
3966,453618,73,BlockedShot,0.875,0.6759999847412109,0.05423479899764061,Andrew Robertson,h,1688,OpenPlay,2021,LeftFoot,16589,Liverpool,Brentford,3,0,2022-01-16 14:00:00,,None
3967,454964,4,MissedShots,0.8480000305175781,0.6959999847412109,0.02969839982688427,Andrew Robertson,a,1688,OpenPlay,2021,LeftFoot,16599,Crystal Palace,Liverpool,1,3,2022-01-23 14:00:00,Curtis Jones,Pass
3968,454967,10,MissedShots,0.860999984741211,0.7240000152587891,0.043176598846912384,Andrew Robertson,a,1688,OpenPlay,2021,LeftFoot,16599,Crystal Palace,Liverpool,1,3,2022-01-23 14:00:00,Curtis Jones,Pass
3969,454972,28,SavedShot,0.745,0.68,0.013146299868822098,Andrew Robertson,a,1688,FromCorner,2021,LeftFoot,16599,Crystal Palace,Liverpool,1,3,2022-01-23 14:00:00,,TakeOn
3970,457393,9,BlockedShot,0.745999984741211,0.68,0.012485099956393242,Andrew Robertson,a,1688,OpenPlay,2021,LeftFoot,16617,Burnley,Liverpool,0,1,2022-02-13 14:00:00,,None
3971,459200,28,SavedShot,0.884000015258789,0.5509999847412109,0.12167000025510788,Andrew Robertson,h,1688,OpenPlay,2021,LeftFoot,16559,Liverpool,Leeds,6,0,2022-02-23 19:45:00,Luis Díaz,Pass
3972,462291,26,MissedShots,0.94,0.674000015258789,0.04144259914755821,Andrew Robertson,a,1688,OpenPlay,2021,LeftFoot,16658,Brighton,Liverpool,0,2,2022-03-12 12:30:00,Trent Alexander-Arnold,Cross
3973,463613,61,BlockedShot,0.7819999694824219,0.6990000152587891,0.018915299326181412,Andrew Robertson,a,1688,OpenPlay,2021,LeftFoot,16636,Arsenal,Liverpool,0,2,2022-03-16 20:15:00,,Rebound
3974,464960,37,MissedShots,0.785,0.615999984741211,0.029761599376797676,Andrew Robertson,h,1688,FromCorner,2021,LeftFoot,16680,Liverpool,Watford,2,0,2022-04-02 11:30:00,,Rebound
3975,470765,58,BlockedShot,0.8180000305175781,0.635,0.030800899490714073,Andrew Robertson,h,1688,OpenPlay,2021,RightFoot,16708,Liverpool,Everton,2,0,2022-04-24 15:30:00,,Rebound
3976,470766,61,Goal,0.94,0.5709999847412109,0.32579299807548523,Andrew Robertson,h,1688,OpenPlay,2021,Head,16708,Liverpool,Everton,2,0,2022-04-24 15:30:00,Mohamed Salah,Chipped
3977,471217,58,SavedShot,0.85,0.764000015258789,0.021960999816656113,Andrew Robertson,a,1688,OpenPlay,2021,LeftFoot,16721,Newcastle United,Liverpool,0,1,2022-04-30 11:30:00,,Rebound
3978,477905,27,MissedShots,0.93,0.6730000305175782,0.06340029835700989,Andrew Robertson,h,1688,OpenPlay,2021,LeftFoot,16753,Liverpool,Wolverhampton Wanderers,3,1,2022-05-22 15:00:00,Jordan Henderson,Chipped
3979,477929,88,Goal,0.9540000152587891,0.5870000076293945,0.4721289873123169,Andrew Robertson,h,1688,OpenPlay,2021,LeftFoot,16753,Liverpool,Wolverhampton Wanderers,3,1,2022-05-22 15:00:00,Roberto Firmino,Pass
3980,481429,16,BlockedShot,0.8619999694824219,0.4370000076293945,0.08031939715147018,Andrew Robertson,h,1688,OpenPlay,2022,RightFoot,18221,Liverpool,Crystal Palace,1,1,2022-08-15 19:00:00,James Milner,Chipped
3981,483654,33,MissedShots,0.9130000305175782,0.6190000152587891,0.043755799531936646,Andrew Robertson,h,1688,OpenPlay,2022,Head,18236,Liverpool,Bournemouth,9,0,2022-08-27 14:00:00,Trent Alexander-Arnold,Cross
3982,485308,52,BlockedShot,0.8430000305175781,0.674000015258789,0.036768801510334015,Andrew Robertson,h,1688,OpenPlay,2022,RightFoot,18250,Liverpool,Newcastle United,2,1,2022-08-31 19:00:00,,None
3983,493836,23,MissedShots,0.870999984741211,0.6509999847412109,0.05678889900445938,Andrew Robertson,h,1688,OpenPlay,2022,LeftFoot,18307,Liverpool,Manchester City,1,0,2022-10-16 15:30:00,,None
3984,496858,60,SavedShot,0.8640000152587891,0.6559999847412109,0.0642704963684082,Andrew Robertson,h,1688,OpenPlay,2022,LeftFoot,18339,Liverpool,Leeds,1,2,2022-10-29 18:45:00,Thiago Alcántara,Pass
3985,507107,49,BlockedShot,0.8030000305175782,0.6569999694824219,0.022525999695062637,Andrew Robertson,a,1688,OpenPlay,2022,RightFoot,18421,Wolverhampton Wanderers,Liverpool,3,0,2023-02-04 15:00:00,Trent Alexander-Arnold,Chipped
3986,507111,50,BlockedShot,0.9619999694824218,0.545,0.16743500530719757,Andrew Robertson,a,1688,OpenPlay,2022,LeftFoot,18421,Wolverhampton Wanderers,Liverpool,3,0,2023-02-04 15:00:00,,Rebound
3987,507110,50,BlockedShot,0.9319999694824219,0.5379999923706055,0.09107010066509247,Andrew Robertson,a,1688,OpenPlay,2022,LeftFoot,18421,Wolverhampton Wanderers,Liverpool,3,0,2023-02-04 15:00:00,Naby Keita,None
3988,507114,57,BlockedShot,0.8719999694824219,0.7569999694824219,0.02887360006570816,Andrew Robertson,a,1688,OpenPlay,2022,LeftFoot,18421,Wolverhampton Wanderers,Liverpool,3,0,2023-02-04 15:00:00,Thiago Alcántara,Pass
3989,512827,21,BlockedShot,0.8730000305175781,0.6519999694824219,0.07026849687099457,Andrew Robertson,h,1688,OpenPlay,2022,RightFoot,18457,Liverpool,Manchester United,7,0,2023-03-05 16:30:00,Trent Alexander-Arnold,Pass
3990,512837,55,MissedShots,0.875,0.5979999923706054,0.12477400153875351,Andrew Robertson,h,1688,OpenPlay,2022,RightFoot,18457,Liverpool,Manchester United,7,0,2023-03-05 16:30:00,Cody Gakpo,Pass
3991,513238,12,SavedShot,0.919000015258789,0.7280000305175781,0.044767800718545914,Andrew Robertson,a,1688,OpenPlay,2022,LeftFoot,18462,Bournemouth,Liverpool,1,0,2023-03-11 12:30:00,Virgil van Dijk,Chipped
3992,518757,19,MissedShots,0.9059999847412109,0.664000015258789,0.2583079934120178,Andrew Robertson,h,1688,OpenPlay,2022,LeftFoot,18497,Liverpool,Arsenal,2,2,2023-04-09 15:30:00,Fabinho,Chipped
3993,537367,84,Goal,0.935,0.4329999923706055,0.4940738081932068,Andrew Robertson,a,1688,OpenPlay,2023,LeftFoot,21935,Wolverhampton Wanderers,Liverpool,1,3,2023-09-16 11:30:00,Mohamed Salah,Pass
3994,541473,12,SavedShot,0.9590000152587891,0.6580000305175782,0.057455193251371384,Andrew Robertson,a,1688,OpenPlay,2023,LeftFoot,21962,Tottenham,Liverpool,2,1,2023-09-30 16:30:00,,Rebound
3995,562449,35,BlockedShot,0.9519999694824218,0.639000015258789,0.3455209732055664,Andrew Robertson,h,1688,OpenPlay,2023,LeftFoot,22128,Liverpool,Burnley,3,1,2024-02-10 15:00:00,Curtis Jones,Throughball
3996,566653,49,BlockedShot,0.915,0.6090000152587891,0.08223040401935577,Andrew Robertson,a,1688,OpenPlay,2023,LeftFoot,22162,Nottingham Forest,Liverpool,0,1,2024-03-02 15:00:00,,None
3997,571990,73,MissedShots,0.9359999847412109,0.6780000305175782,0.2134837657213211,Andrew Robertson,h,1688,OpenPlay,2023,LeftFoot,22203,Liverpool,Sheffield United,3,1,2024-04-04 18:30:00,Harvey Elliott,Cross
3998,572986,20,MissedShots,0.799000015258789,0.6930000305175781,0.022975698113441467,Andrew Robertson,a,1688,OpenPlay,2023,LeftFoot,22211,Manchester United,Liverpool,2,2,2024-04-07 14:30:00,Wataru Endo,Pass
3999,573004,62,BlockedShot,0.8159999847412109,0.624000015258789,0.044554274529218674,Andrew Robertson,a,1688,OpenPlay,2023,LeftFoot,22211,Manchester United,Liverpool,2,2,2024-04-07 14:30:00,Dominik Szoboszlai,Pass
4000,576238,49,SavedShot,0.955999984741211,0.6780000305175782,0.06605846434831619,Andrew Robertson,a,1688,OpenPlay,2023,LeftFoot,22179,Everton,Liverpool,2,0,2024-04-24 19:00:00,Curtis Jones,Pass
4001,576572,47,Goal,0.8530000305175781,0.549000015258789,0.08197865635156631,Andrew Robertson,a,1688,OpenPlay,2023,LeftFoot,22243,West Ham,Liverpool,2,2,2024-04-27 11:30:00,Luis Díaz,Pass
4002,576586,74,SavedShot,0.914000015258789,0.6990000152587891,0.07537046819925308,Andrew Robertson,a,1688,OpenPlay,2023,LeftFoot,22243,West Ham,Liverpool,2,2,2024-04-27 11:30:00,Luis Díaz,Pass
4003,579008,35,BlockedShot,0.8819999694824219,0.6730000305175782,0.06870462745428085,Andrew Robertson,h,1688,OpenPlay,2023,LeftFoot,22251,Liverpool,Tottenham,4,2,2024-05-05 15:30:00,,None
4004,579015,44,Goal,0.9780000305175781,0.53,0.8801809549331665,Andrew Robertson,h,1688,OpenPlay,2023,RightFoot,22251,Liverpool,Tottenham,4,2,2024-05-05 15:30:00,,Rebound
4005,586848,18,SavedShot,0.9490000152587891,0.6680000305175782,0.09154102951288223,Andrew Robertson,h,1688,OpenPlay,2024,LeftFoot,26621,Liverpool,Brentford,2,0,2024-08-25 15:30:00,Luis Díaz,Pass
4006,586857,46,SavedShot,0.9590000152587891,0.5779999923706055,0.4041951596736908,Andrew Robertson,h,1688,OpenPlay,2024,Head,26621,Liverpool,Brentford,2,0,2024-08-25 15:30:00,Diogo Jota,Rebound
4007,592397,5,MissedShots,0.9219999694824219,0.664000015258789,0.039124418050050735,Andrew Robertson,h,1688,OpenPlay,2024,LeftFoot,26645,Liverpool,Bournemouth,3,0,2024-09-21 14:00:00,Mohamed Salah,Cross
4008,604836,91,BlockedShot,0.7819999694824219,0.6480000305175782,0.048400748521089554,Andrew Robertson,h,1688,OpenPlay,2024,LeftFoot,26726,Liverpool,Manchester City,2,0,2024-12-01 16:00:00,,TakeOn
4009,609220,24,ShotOnPost,0.870999984741211,0.5359999847412109,0.034916218370199203,Andrew Robertson,h,1688,FromCorner,2024,Head,26776,Liverpool,Leicester,3,1,2024-12-26 20:00:00,Trent Alexander-Arnold,Cross
4010,609599,63,MissedShots,0.759000015258789,0.645,0.019787069410085678,Andrew Robertson,a,1688,OpenPlay,2024,LeftFoot,26791,West Ham,Liverpool,0,5,2024-12-29 17:15:00,,None
4011,301325,85,SavedShot,0.855,0.46299999237060546,0.056498199701309204,Harvey Elliott,h,7546,OpenPlay,2018,LeftFoot,9573,Fulham,Newcastle United,0,4,2019-05-12 14:00:00,,None
4012,426782,41,MissedShots,0.865,0.575,0.10480500012636185,Harvey Elliott,h,7546,OpenPlay,2021,LeftFoot,16386,Liverpool,Burnley,2,0,2021-08-21 11:30:00,Sadio Mané,Pass
4013,426791,63,BlockedShot,0.8830000305175781,0.3129999923706055,0.06168660148978233,Harvey Elliott,h,7546,OpenPlay,2021,RightFoot,16386,Liverpool,Burnley,2,0,2021-08-21 11:30:00,Mohamed Salah,Pass
4014,428804,3,MissedShots,0.7569999694824219,0.6140000152587891,0.024068700149655342,Harvey Elliott,h,7546,OpenPlay,2021,LeftFoot,16402,Liverpool,Chelsea,1,1,2021-08-28 16:30:00,Mohamed Salah,Pass
4015,428812,35,MissedShots,0.8680000305175781,0.4590000152587891,0.0675669014453888,Harvey Elliott,h,7546,OpenPlay,2021,RightFoot,16402,Liverpool,Chelsea,1,1,2021-08-28 16:30:00,,None
4016,430561,26,SavedShot,0.9290000152587891,0.35400001525878905,0.08309510350227356,Harvey Elliott,a,7546,OpenPlay,2021,RightFoot,16414,Leeds,Liverpool,0,3,2021-09-12 15:30:00,,Rebound
4017,430560,26,BlockedShot,0.8580000305175781,0.46700000762939453,0.10586600005626678,Harvey Elliott,a,7546,OpenPlay,2021,LeftFoot,16414,Leeds,Liverpool,0,3,2021-09-12 15:30:00,Andrew Robertson,Pass
4018,430564,37,MissedShots,0.7619999694824219,0.49599998474121093,0.03373190015554428,Harvey Elliott,a,7546,OpenPlay,2021,RightFoot,16414,Leeds,Liverpool,0,3,2021-09-12 15:30:00,Trent Alexander-Arnold,Pass
4019,476903,17,MissedShots,0.7619999694824219,0.3170000076293945,0.013072099536657333,Harvey Elliott,a,7546,FromCorner,2021,LeftFoot,16740,Southampton,Liverpool,1,2,2022-05-17 18:45:00,,Aerial
4020,476918,55,MissedShots,0.9469999694824218,0.35900001525878905,0.09334269911050797,Harvey Elliott,a,7546,OpenPlay,2021,RightFoot,16740,Southampton,Liverpool,1,2,2022-05-17 18:45:00,Roberto Firmino,Pass
4021,476920,58,BlockedShot,0.805,0.3340000152587891,0.026705000549554825,Harvey Elliott,a,7546,FromCorner,2021,LeftFoot,16740,Southampton,Liverpool,1,2,2022-05-17 18:45:00,James Milner,Pass
4022,481426,4,BlockedShot,0.855,0.27700000762939453,0.030385399237275124,Harvey Elliott,h,7546,OpenPlay,2022,LeftFoot,18221,Liverpool,Crystal Palace,1,1,2022-08-15 19:00:00,Mohamed Salah,Pass
4023,481427,8,BlockedShot,0.8830000305175781,0.5540000152587891,0.12360499799251556,Harvey Elliott,h,7546,OpenPlay,2022,LeftFoot,18221,Liverpool,Crystal Palace,1,1,2022-08-15 19:00:00,Mohamed Salah,TakeOn
4024,481443,43,SavedShot,0.8780000305175781,0.4420000076293945,0.03211339935660362,Harvey Elliott,h,7546,OpenPlay,2022,Head,18221,Liverpool,Crystal Palace,1,1,2022-08-15 19:00:00,Mohamed Salah,Chipped
4025,483114,34,BlockedShot,0.9169999694824219,0.40799999237060547,0.07826349884271622,Harvey Elliott,a,7546,OpenPlay,2022,RightFoot,18231,Manchester United,Liverpool,2,1,2022-08-22 19:00:00,,None
4026,483117,40,MissedShots,0.8540000152587891,0.34299999237060547,0.04664570093154907,Harvey Elliott,a,7546,FromCorner,2022,LeftFoot,18231,Manchester United,Liverpool,2,1,2022-08-22 19:00:00,,Rebound
4027,483119,48,BlockedShot,0.7909999847412109,0.32599998474121095,0.022943999618291855,Harvey Elliott,a,7546,OpenPlay,2022,LeftFoot,18231,Manchester United,Liverpool,2,1,2022-08-22 19:00:00,,None
4028,483124,56,MissedShots,0.874000015258789,0.3170000076293945,0.058786600828170776,Harvey Elliott,a,7546,OpenPlay,2022,RightFoot,18231,Manchester United,Liverpool,2,1,2022-08-22 19:00:00,Jordan Henderson,Pass
4029,483647,5,Goal,0.8030000305175782,0.41400001525878904,0.05668310075998306,Harvey Elliott,h,7546,OpenPlay,2022,LeftFoot,18236,Liverpool,Bournemouth,9,0,2022-08-27 14:00:00,Roberto Firmino,BallTouch
4030,485311,59,SavedShot,0.8490000152587891,0.5520000076293945,0.09070269763469696,Harvey Elliott,h,7546,OpenPlay,2022,LeftFoot,18250,Liverpool,Newcastle United,2,1,2022-08-31 19:00:00,,TakeOn
4031,485641,48,SavedShot,0.9390000152587891,0.27,0.041617199778556824,Harvey Elliott,a,7546,OpenPlay,2022,LeftFoot,18252,Everton,Liverpool,0,0,2022-09-03 11:30:00,,None
4032,490159,76,MissedShots,0.885,0.665,0.043615300208330154,Harvey Elliott,h,7546,FromCorner,2022,LeftFoot,18288,Liverpool,Brighton,3,3,2022-10-01 14:00:00,,None
4033,492379,97,BlockedShot,0.764000015258789,0.5940000152587891,0.024186400696635246,Harvey Elliott,a,7546,OpenPlay,2022,LeftFoot,18292,Arsenal,Liverpool,3,2,2022-10-09 15:30:00,,Rebound
4034,493840,37,BlockedShot,0.8030000305175782,0.3370000076293945,0.0221088994294405,Harvey Elliott,h,7546,FromCorner,2022,LeftFoot,18307,Liverpool,Manchester City,1,0,2022-10-16 15:30:00,Diogo Jota,Pass
4035,493846,60,BlockedShot,0.8969999694824219,0.38,0.057760801166296005,Harvey Elliott,h,7546,OpenPlay,2022,RightFoot,18307,Liverpool,Manchester City,1,0,2022-10-16 15:30:00,Diogo Jota,Cross
4036,494426,63,BlockedShot,0.8069999694824219,0.28200000762939453,0.017074700444936752,Harvey Elliott,h,7546,FromCorner,2022,RightFoot,18320,Liverpool,West Ham,1,0,2022-10-19 18:30:00,,None
4037,494767,56,SavedShot,0.8959999847412109,0.3370000076293945,0.062494900077581406,Harvey Elliott,a,7546,OpenPlay,2022,RightFoot,18327,Nottingham Forest,Liverpool,1,0,2022-10-22 11:30:00,James Milner,Pass
4038,496850,40,MissedShots,0.799000015258789,0.28299999237060547,0.016402000561356544,Harvey Elliott,h,7546,FromCorner,2022,LeftFoot,18339,Liverpool,Leeds,1,2,2022-10-29 18:45:00,,None
4039,498844,43,SavedShot,0.7440000152587891,0.615999984741211,0.022023199126124382,Harvey Elliott,a,7546,OpenPlay,2022,LeftFoot,18349,Tottenham,Liverpool,1,2,2022-11-06 16:30:00,Thiago Alcántara,Pass
4040,498845,44,BlockedShot,0.74,0.3970000076293945,0.014922600239515305,Harvey Elliott,a,7546,FromCorner,2022,LeftFoot,18349,Tottenham,Liverpool,1,2,2022-11-06 16:30:00,,None
4041,503516,75,MissedShots,0.8859999847412109,0.38799999237060545,0.14345699548721313,Harvey Elliott,a,7546,OpenPlay,2022,LeftFoot,18394,Brighton,Liverpool,3,0,2023-01-14 15:00:00,Naby Keita,TakeOn
4042,507123,84,BlockedShot,0.7330000305175781,0.34900001525878904,0.01430249959230423,Harvey Elliott,a,7546,OpenPlay,2022,LeftFoot,18421,Wolverhampton Wanderers,Liverpool,3,0,2023-02-04 15:00:00,Joel Matip,Pass
4043,509856,67,SavedShot,0.794000015258789,0.28899999618530275,0.0335438996553421,Harvey Elliott,a,7546,OpenPlay,2022,LeftFoot,18438,Newcastle United,Liverpool,0,2,2023-02-18 17:30:00,Fabinho,Pass
4044,511732,38,MissedShots,0.914000015258789,0.504000015258789,0.32671400904655457,Harvey Elliott,h,7546,OpenPlay,2022,Head,18264,Liverpool,Wolverhampton Wanderers,2,0,2023-03-01 20:00:00,Darwin Núñez,Chipped
4045,511733,46,SavedShot,0.8380000305175781,0.4490000152587891,0.06316989660263062,Harvey Elliott,h,7546,OpenPlay,2022,LeftFoot,18264,Liverpool,Wolverhampton Wanderers,2,0,2023-03-01 20:00:00,Darwin Núñez,Pass
4046,511736,54,SavedShot,0.8540000152587891,0.44799999237060545,0.09748309850692749,Harvey Elliott,h,7546,OpenPlay,2022,RightFoot,18264,Liverpool,Wolverhampton Wanderers,2,0,2023-03-01 20:00:00,Darwin Núñez,Pass
4047,512821,2,BlockedShot,0.865999984741211,0.3240000152587891,0.05379670113325119,Harvey Elliott,h,7546,OpenPlay,2022,LeftFoot,18457,Liverpool,Manchester United,7,0,2023-03-05 16:30:00,Mohamed Salah,Pass
4048,512824,15,MissedShots,0.8680000305175781,0.53,0.07308389991521835,Harvey Elliott,h,7546,SetPiece,2022,LeftFoot,18457,Liverpool,Manchester United,7,0,2023-03-05 16:30:00,,None
4049,512844,81,SavedShot,0.7709999847412109,0.38799999237060545,0.022303299978375435,Harvey Elliott,h,7546,OpenPlay,2022,LeftFoot,18457,Liverpool,Manchester United,7,0,2023-03-05 16:30:00,,None
4050,516059,14,BlockedShot,0.889000015258789,0.2989999961853027,0.07917799800634384,Harvey Elliott,a,7546,OpenPlay,2022,LeftFoot,18488,Manchester City,Liverpool,4,1,2023-04-01 11:30:00,Mohamed Salah,Pass
4051,523438,31,MissedShots,0.9219999694824219,0.47,0.05508621782064438,Harvey Elliott,h,7546,OpenPlay,2022,Head,18539,Liverpool,Tottenham,4,3,2023-04-30 15:30:00,Andrew Robertson,Aerial
4052,526981,88,BlockedShot,0.8530000305175781,0.3870000076293945,0.09894218295812607,Harvey Elliott,a,7546,OpenPlay,2022,LeftFoot,18559,Leicester,Liverpool,0,3,2023-05-15 19:00:00,James Milner,Pass
4053,527484,94,SavedShot,0.779000015258789,0.3659999847412109,0.020178765058517456,Harvey Elliott,h,7546,FromCorner,2022,LeftFoot,18565,Liverpool,Aston Villa,1,1,2023-05-20 14:00:00,Cody Gakpo,BallTouch
4054,529912,66,BlockedShot,0.8119999694824219,0.36700000762939455,0.01944669336080551,Harvey Elliott,a,7546,OpenPlay,2022,LeftFoot,18581,Southampton,Liverpool,4,4,2023-05-28 15:30:00,,Rebound
4055,529914,70,MissedShots,0.7930000305175782,0.3629999923706055,0.020099157467484474,Harvey Elliott,a,7546,OpenPlay,2022,LeftFoot,18581,Southampton,Liverpool,4,4,2023-05-28 15:30:00,Mohamed Salah,Pass
4056,529917,74,SavedShot,0.7809999847412109,0.27899999618530275,0.02122204378247261,Harvey Elliott,a,7546,OpenPlay,2022,LeftFoot,18581,Southampton,Liverpool,4,4,2023-05-28 15:30:00,Joel Matip,Pass
4057,529927,90,MissedShots,0.7680000305175781,0.405,0.022737566381692886,Harvey Elliott,a,7546,OpenPlay,2022,LeftFoot,18581,Southampton,Liverpool,4,4,2023-05-28 15:30:00,,None
4058,536809,74,BlockedShot,0.8059999847412109,0.514000015258789,0.033540546894073486,Harvey Elliott,h,7546,FromCorner,2023,LeftFoot,21933,Liverpool,Aston Villa,3,0,2023-09-03 13:00:00,,None
4059,537361,67,BlockedShot,0.7609999847412109,0.2979999923706055,0.01087215542793274,Harvey Elliott,a,7546,SetPiece,2023,LeftFoot,21935,Wolverhampton Wanderers,Liverpool,1,3,2023-09-16 11:30:00,,None
4060,537365,83,BlockedShot,0.755,0.4859999847412109,0.02329920046031475,Harvey Elliott,a,7546,OpenPlay,2023,LeftFoot,21935,Wolverhampton Wanderers,Liverpool,1,3,2023-09-16 11:30:00,Luis Díaz,Pass
4061,537369,90,MissedShots,0.815,0.4109999847412109,0.05703013390302658,Harvey Elliott,a,7546,OpenPlay,2023,LeftFoot,21935,Wolverhampton Wanderers,Liverpool,1,3,2023-09-16 11:30:00,Mohamed Salah,Pass
4062,543743,89,SavedShot,0.7390000152587891,0.43099998474121093,0.01726248487830162,Harvey Elliott,h,7546,OpenPlay,2023,LeftFoot,21979,Liverpool,Everton,2,0,2023-10-21 11:30:00,,Rebound
4063,546093,58,BlockedShot,0.899000015258789,0.34400001525878904,0.09836385399103165,Harvey Elliott,h,7546,OpenPlay,2023,LeftFoot,21991,Liverpool,Nottingham Forest,3,0,2023-10-29 14:00:00,Dominik Szoboszlai,Pass
4064,546095,65,MissedShots,0.7630000305175781,0.4109999847412109,0.017789393663406372,Harvey Elliott,h,7546,FromCorner,2023,LeftFoot,21991,Liverpool,Nottingham Forest,3,0,2023-10-29 14:00:00,,None
4065,546105,91,MissedShots,0.7580000305175781,0.335,0.028227820992469788,Harvey Elliott,h,7546,OpenPlay,2023,LeftFoot,21991,Liverpool,Nottingham Forest,3,0,2023-10-29 14:00:00,,TakeOn
4066,547539,72,BlockedShot,0.7769999694824219,0.6179999923706054,0.018873387947678566,Harvey Elliott,a,7546,FromCorner,2023,LeftFoot,21999,Luton,Liverpool,1,1,2023-11-05 16:30:00,,None
4067,548854,87,SavedShot,0.755,0.7119999694824218,0.028160300105810165,Harvey Elliott,h,7546,OpenPlay,2023,LeftFoot,22011,Liverpool,Brentford,3,0,2023-11-12 14:00:00,Darwin Núñez,HeadPass
4068,552249,81,BlockedShot,0.7230000305175781,0.4179999923706055,0.019562363624572754,Harvey Elliott,a,7546,OpenPlay,2023,LeftFoot,22040,Sheffield United,Liverpool,0,2,2023-12-06 19:30:00,Trent Alexander-Arnold,Pass
4069,552645,87,MissedShots,0.9019999694824219,0.35200000762939454,0.06485208123922348,Harvey Elliott,a,7546,OpenPlay,2023,RightFoot,22047,Crystal Palace,Liverpool,1,2,2023-12-09 12:30:00,Luis Díaz,None
4070,552646,90,Goal,0.7869999694824219,0.34299999237060547,0.025177232921123505,Harvey Elliott,a,7546,OpenPlay,2023,LeftFoot,22047,Crystal Palace,Liverpool,1,2,2023-12-09 12:30:00,Mohamed Salah,Pass
4071,554976,80,SavedShot,0.759000015258789,0.7080000305175781,0.017075058072805405,Harvey Elliott,h,7546,OpenPlay,2023,LeftFoot,22060,Liverpool,Manchester United,0,0,2023-12-17 16:30:00,Ibrahima Konaté,Pass
4072,556394,70,BlockedShot,0.7930000305175782,0.305,0.023890424519777298,Harvey Elliott,h,7546,OpenPlay,2023,LeftFoot,22068,Liverpool,Arsenal,1,1,2023-12-23 17:30:00,Trent Alexander-Arnold,BallRecovery
4073,556549,3,SavedShot,0.7580000305175781,0.47099998474121096,0.022276416420936584,Harvey Elliott,a,7546,OpenPlay,2023,LeftFoot,22079,Burnley,Liverpool,0,2,2023-12-26 17:30:00,Ryan Gravenberch,Pass
4074,556556,19,BlockedShot,0.794000015258789,0.4209999847412109,0.04657787084579468,Harvey Elliott,a,7546,OpenPlay,2023,RightFoot,22079,Burnley,Liverpool,0,2,2023-12-26 17:30:00,Darwin Núñez,Pass
4075,559349,53,BlockedShot,0.919000015258789,0.395,0.10713391751050949,Harvey Elliott,a,7546,OpenPlay,2023,LeftFoot,22102,Bournemouth,Liverpool,0,4,2024-01-21 16:30:00,,None
4076,560784,75,SavedShot,0.750999984741211,0.4809999847412109,0.03010915406048298,Harvey Elliott,h,7546,OpenPlay,2023,LeftFoot,22113,Liverpool,Chelsea,4,1,2024-01-31 20:15:00,,BallRecovery
4077,562469,77,BlockedShot,0.825999984741211,0.3220000076293945,0.040197670459747314,Harvey Elliott,h,7546,OpenPlay,2023,LeftFoot,22128,Liverpool,Burnley,3,1,2024-02-10 15:00:00,Curtis Jones,Pass
4078,563634,90,SavedShot,0.8190000152587891,0.3840000152587891,0.12660768628120422,Harvey Elliott,a,7546,DirectFreekick,2023,LeftFoot,22135,Brentford,Liverpool,1,4,2024-02-17 12:30:00,,Standard
4079,564853,39,MissedShots,0.7480000305175781,0.3579999923706055,0.017687205225229263,Harvey Elliott,h,7546,FromCorner,2023,LeftFoot,22151,Liverpool,Luton,4,1,2024-02-21 15:00:00,Conor Bradley,Pass
4080,564855,49,MissedShots,0.76,0.4909999847412109,0.02654326520860195,Harvey Elliott,h,7546,OpenPlay,2023,LeftFoot,22151,Liverpool,Luton,4,1,2024-02-21 15:00:00,Luis Díaz,Pass
4081,564858,54,BlockedShot,0.785,0.4540000152587891,0.03507295995950699,Harvey Elliott,h,7546,FromCorner,2023,LeftFoot,22151,Liverpool,Luton,4,1,2024-02-21 15:00:00,Conor Bradley,Pass
4082,564872,75,SavedShot,0.860999984741211,0.3129999923706055,0.03009168617427349,Harvey Elliott,h,7546,FromCorner,2023,RightFoot,22151,Liverpool,Luton,4,1,2024-02-21 15:00:00,,None
4083,564878,89,Goal,0.860999984741211,0.504000015258789,0.0959058478474617,Harvey Elliott,h,7546,OpenPlay,2023,LeftFoot,22151,Liverpool,Luton,4,1,2024-02-21 15:00:00,,None
4084,566655,57,BlockedShot,0.85,0.32299999237060545,0.03208828344941139,Harvey Elliott,a,7546,FromCorner,2023,LeftFoot,22162,Nottingham Forest,Liverpool,0,1,2024-03-02 15:00:00,Andrew Robertson,Cross
4085,566656,61,BlockedShot,0.815,0.3990000152587891,0.05054374039173126,Harvey Elliott,a,7546,OpenPlay,2023,RightFoot,22162,Nottingham Forest,Liverpool,0,1,2024-03-02 15:00:00,Joseph Gomez,Pass
4086,568707,38,BlockedShot,0.8859999847412109,0.35400001525878905,0.07302761822938919,Harvey Elliott,h,7546,OpenPlay,2023,RightFoot,22171,Liverpool,Manchester City,1,1,2024-03-10 15:45:00,Dominik Szoboszlai,Pass
4087,571231,82,MissedShots,0.950999984741211,0.66,0.011732971295714378,Harvey Elliott,h,7546,FromCorner,2023,Head,22189,Liverpool,Brighton,2,1,2024-03-31 14:00:00,Dominik Szoboszlai,Cross
4088,571234,87,BlockedShot,0.775,0.29700000762939455,0.026539823040366173,Harvey Elliott,h,7546,OpenPlay,2023,LeftFoot,22189,Liverpool,Brighton,2,1,2024-03-31 14:00:00,Conor Bradley,Pass
4089,573016,97,SavedShot,0.865,0.33099998474121095,0.04319276660680771,Harvey Elliott,a,7546,SetPiece,2023,RightFoot,22211,Manchester United,Liverpool,2,2,2024-04-07 14:30:00,,None
4090,574180,85,SavedShot,0.9830000305175781,0.405,0.04827359691262245,Harvey Elliott,h,7546,OpenPlay,2023,Head,22220,Liverpool,Crystal Palace,0,1,2024-04-14 13:00:00,Cody Gakpo,Cross
4091,575638,20,BlockedShot,0.8619999694824219,0.6730000305175782,0.04687764123082161,Harvey Elliott,a,7546,OpenPlay,2023,LeftFoot,22229,Fulham,Liverpool,1,3,2024-04-21 15:30:00,Cody Gakpo,Pass
4092,575641,27,BlockedShot,0.7530000305175781,0.4540000152587891,0.06569238007068634,Harvey Elliott,a,7546,DirectFreekick,2023,LeftFoot,22229,Fulham,Liverpool,1,3,2024-04-21 15:30:00,,Standard
4093,575649,50,MissedShots,0.82,0.5270000076293946,0.06452493369579315,Harvey Elliott,a,7546,OpenPlay,2023,LeftFoot,22229,Fulham,Liverpool,1,3,2024-04-21 15:30:00,Diogo Jota,Pass
4094,575659,89,MissedShots,0.7719999694824219,0.35200000762939454,0.021864846348762512,Harvey Elliott,a,7546,OpenPlay,2023,LeftFoot,22229,Fulham,Liverpool,1,3,2024-04-21 15:30:00,,None
4095,576259,89,SavedShot,0.805,0.4420000076293945,0.030813828110694885,Harvey Elliott,a,7546,FromCorner,2023,LeftFoot,22179,Everton,Liverpool,2,0,2024-04-24 19:00:00,,None
4096,576556,10,MissedShots,0.9480000305175781,0.34299999237060547,0.32255613803863525,Harvey Elliott,a,7546,OpenPlay,2023,RightFoot,22243,West Ham,Liverpool,2,2,2024-04-27 11:30:00,Cody Gakpo,None
4097,576564,32,SavedShot,0.8780000305175781,0.3220000076293945,0.0615372434258461,Harvey Elliott,a,7546,OpenPlay,2023,LeftFoot,22243,West Ham,Liverpool,2,2,2024-04-27 11:30:00,Alexis Mac Allister,Pass
4098,576568,40,MissedShots,0.9290000152587891,0.44099998474121094,0.11744500696659088,Harvey Elliott,a,7546,OpenPlay,2023,Head,22243,West Ham,Liverpool,2,2,2024-04-27 11:30:00,Andrew Robertson,Cross
4099,576591,88,ShotOnPost,0.7519999694824219,0.6320000076293946,0.03150719776749611,Harvey Elliott,a,7546,OpenPlay,2023,LeftFoot,22243,West Ham,Liverpool,2,2,2024-04-27 11:30:00,Darwin Núñez,Pass
4100,579004,8,BlockedShot,0.9130000305175782,0.395,0.0929560735821724,Harvey Elliott,h,7546,OpenPlay,2023,RightFoot,22251,Liverpool,Tottenham,4,2,2024-05-05 15:30:00,,Rebound
4101,579013,43,SavedShot,0.904000015258789,0.34299999237060547,0.09765907377004623,Harvey Elliott,h,7546,OpenPlay,2023,RightFoot,22251,Liverpool,Tottenham,4,2,2024-05-05 15:30:00,Cody Gakpo,Pass
4102,579021,58,Goal,0.7669999694824219,0.4420000076293945,0.03398790955543518,Harvey Elliott,h,7546,OpenPlay,2023,LeftFoot,22251,Liverpool,Tottenham,4,2,2024-05-05 15:30:00,Mohamed Salah,TakeOn
4103,579025,71,SavedShot,0.799000015258789,0.4129999923706055,0.04502308741211891,Harvey Elliott,h,7546,OpenPlay,2023,LeftFoot,22251,Liverpool,Tottenham,4,2,2024-05-05 15:30:00,Luis Díaz,Pass
4104,582034,54,BlockedShot,0.7559999847412109,0.40400001525878904,0.03058626502752304,Harvey Elliott,h,7546,OpenPlay,2023,LeftFoot,22271,Liverpool,Wolverhampton Wanderers,2,0,2024-05-19 15:00:00,Wataru Endo,Pass
4105,582036,58,BlockedShot,0.8569999694824219,0.44,0.08577845245599747,Harvey Elliott,h,7546,OpenPlay,2023,LeftFoot,22271,Liverpool,Wolverhampton Wanderers,2,0,2024-05-19 15:00:00,,None
4106,582041,73,MissedShots,0.9180000305175782,0.33,0.08011439442634583,Harvey Elliott,h,7546,OpenPlay,2023,RightFoot,22271,Liverpool,Wolverhampton Wanderers,2,0,2024-05-19 15:00:00,Andrew Robertson,Cross
4107,607121,81,MissedShots,0.874000015258789,0.30700000762939456,0.059658292680978775,Harvey Elliott,h,7546,OpenPlay,2024,LeftFoot,26752,Liverpool,Fulham,2,2,2024-12-14 15:00:00,,TakeOn
4108,377441,15,SavedShot,0.73,0.6229999923706054,0.013169200159609318,Wataru Endo,h,8808,OpenPlay,2020,RightFoot,14178,VfB Stuttgart,Freiburg,2,3,2020-09-19 13:30:00,Orel Mangala,None
4109,378815,3,SavedShot,0.8690000152587891,0.46299999237060546,0.02375750057399273,Wataru Endo,a,8808,FromCorner,2020,Head,14183,Mainz 05,VfB Stuttgart,1,4,2020-09-26 13:30:00,Gonzalo Castro,Cross
4110,378831,65,MissedShots,0.93,0.5479999923706055,0.12393900007009506,Wataru Endo,a,8808,FromCorner,2020,RightFoot,14183,Mainz 05,VfB Stuttgart,1,4,2020-09-26 13:30:00,Sasa Kalajdzic,Pass
4111,381751,55,MissedShots,0.9269999694824219,0.43900001525878907,0.06491369754076004,Wataru Endo,a,8808,OpenPlay,2020,Head,15169,Hertha Berlin,VfB Stuttgart,0,2,2020-10-17 13:30:00,Gonzalo Castro,Aerial
4112,382958,45,SavedShot,0.9059999847412109,0.5629999923706055,0.01909160055220127,Wataru Endo,h,8808,FromCorner,2020,Head,15176,VfB Stuttgart,FC Cologne,1,1,2020-10-23 18:30:00,Daniel Didavi,Aerial
4113,382964,71,MissedShots,0.9059999847412109,0.5640000152587891,0.0838857963681221,Wataru Endo,h,8808,SetPiece,2020,Head,15176,VfB Stuttgart,FC Cologne,1,1,2020-10-23 18:30:00,Daniel Didavi,Cross
4114,384321,50,SavedShot,0.78,0.44799999237060545,0.03349069878458977,Wataru Endo,a,8808,OpenPlay,2020,RightFoot,15185,Schalke 04,VfB Stuttgart,1,1,2020-10-30 19:30:00,Gonzalo Castro,Pass
4115,387261,13,SavedShot,0.7230000305175781,0.580999984741211,0.016248300671577454,Wataru Endo,a,8808,OpenPlay,2020,RightFoot,15205,Hoffenheim,VfB Stuttgart,3,3,2020-11-21 14:30:00,Daniel Didavi,Pass
4116,387281,49,MissedShots,0.74,0.5979999923706054,0.01612520031630993,Wataru Endo,a,8808,OpenPlay,2020,RightFoot,15205,Hoffenheim,VfB Stuttgart,3,3,2020-11-21 14:30:00,Silas Wamangituka,Pass
4117,388729,59,SavedShot,0.7080000305175781,0.4520000076293945,0.015549699775874615,Wataru Endo,h,8808,OpenPlay,2020,RightFoot,15220,VfB Stuttgart,Bayern Munich,1,3,2020-11-28 14:30:00,Mateo Klimowicz,Pass
4118,388737,89,MissedShots,0.8130000305175781,0.38799999237060545,0.0453513003885746,Wataru Endo,h,8808,OpenPlay,2020,RightFoot,15220,VfB Stuttgart,Bayern Munich,1,3,2020-11-28 14:30:00,Mateo Klimowicz,Pass
4119,391590,2,SavedShot,0.735,0.3509999847412109,0.018268000334501266,Wataru Endo,a,8808,OpenPlay,2020,RightFoot,15230,Borussia Dortmund,VfB Stuttgart,1,5,2020-12-12 14:30:00,Konstantinos Mavropanos,Pass
4120,399076,29,BlockedShot,0.7580000305175781,0.37099998474121093,0.01760680042207241,Wataru Endo,h,8808,OpenPlay,2020,RightFoot,15283,VfB Stuttgart,Borussia M.Gladbach,2,2,2021-01-16 17:30:00,,None
4121,399087,66,SavedShot,0.8809999847412109,0.46099998474121096,0.036160700023174286,Wataru Endo,h,8808,OpenPlay,2020,Head,15283,VfB Stuttgart,Borussia M.Gladbach,2,2,2021-01-16 17:30:00,Marc-Oliver Kempf,Chipped
4122,400428,32,MissedShots,0.7669999694824219,0.43599998474121093,0.03136549890041351,Wataru Endo,a,8808,OpenPlay,2020,RightFoot,15296,Freiburg,VfB Stuttgart,2,1,2021-01-23 14:30:00,Gonzalo Castro,LayOff
4123,400440,48,BlockedShot,0.7369999694824219,0.595999984741211,0.018363000825047493,Wataru Endo,a,8808,OpenPlay,2020,RightFoot,15296,Freiburg,VfB Stuttgart,2,1,2021-01-23 14:30:00,Daniel Didavi,Pass
4124,400445,64,MissedShots,0.710999984741211,0.6029999923706054,0.01544210035353899,Wataru Endo,a,8808,OpenPlay,2020,RightFoot,15296,Freiburg,VfB Stuttgart,2,1,2021-01-23 14:30:00,Tanguy Coulibaly,Pass
4125,404253,7,SavedShot,0.8859999847412109,0.355,0.07607570290565491,Wataru Endo,h,8808,OpenPlay,2020,LeftFoot,15328,VfB Stuttgart,Hertha Berlin,1,1,2021-02-13 14:30:00,Sasa Kalajdzic,Pass
4126,406675,9,Goal,0.955,0.5509999847412109,0.4100100100040436,Wataru Endo,h,8808,FromCorner,2020,RightFoot,15346,VfB Stuttgart,Schalke 04,5,1,2021-02-27 14:30:00,Borna Sosa,Cross
4127,406680,25,Goal,0.9619999694824218,0.47,0.4864329993724823,Wataru Endo,h,8808,FromCorner,2020,LeftFoot,15346,VfB Stuttgart,Schalke 04,5,1,2021-02-27 14:30:00,Gonzalo Castro,Cross
4128,410624,58,SavedShot,0.735999984741211,0.43599998474121093,0.02565390057861805,Wataru Endo,h,8808,OpenPlay,2020,RightFoot,15364,VfB Stuttgart,Hoffenheim,2,0,2021-03-14 17:00:00,,BallRecovery
4129,410631,83,SavedShot,0.95,0.42200000762939455,0.48937898874282837,Wataru Endo,h,8808,OpenPlay,2020,LeftFoot,15364,VfB Stuttgart,Hoffenheim,2,0,2021-03-14 17:00:00,Silas Wamangituka,Cross
4130,413108,2,MissedShots,0.7369999694824219,0.7140000152587891,0.01415649987757206,Wataru Endo,h,8808,OpenPlay,2020,RightFoot,15381,VfB Stuttgart,Werder Bremen,1,0,2021-04-04 13:30:00,Borna Sosa,Pass
4131,414015,45,BlockedShot,0.8130000305175781,0.605999984741211,0.05708960071206093,Wataru Endo,h,8808,OpenPlay,2020,RightFoot,15391,VfB Stuttgart,Borussia Dortmund,2,3,2021-04-10 16:30:00,Atakan Karazor,Pass
4132,415257,37,BlockedShot,0.8019999694824219,0.34299999237060547,0.026556100696325302,Wataru Endo,a,8808,OpenPlay,2020,LeftFoot,15398,Union Berlin,VfB Stuttgart,2,1,2021-04-17 13:30:00,Marcin Kaminski,Chipped
4133,416533,59,BlockedShot,0.9319999694824219,0.6229999923706054,0.031836699694395065,Wataru Endo,h,8808,OpenPlay,2020,Head,15409,VfB Stuttgart,Wolfsburg,1,3,2021-04-21 18:30:00,Roberto Massimo,Cross
4134,417879,91,MissedShots,0.94,0.48200000762939454,0.12848499417304993,Wataru Endo,a,8808,FromCorner,2020,Head,15410,RasenBallsport Leipzig,VfB Stuttgart,2,0,2021-04-25 13:30:00,Philipp Förster,Cross
4135,421814,71,Goal,0.7709999847412109,0.4490000152587891,0.03142780065536499,Wataru Endo,a,8808,OpenPlay,2020,RightFoot,15429,Borussia M.Gladbach,VfB Stuttgart,1,2,2021-05-15 13:30:00,Philipp Förster,Pass
4136,425714,29,Goal,0.9369999694824219,0.3890000152587891,0.38835400342941284,Wataru Endo,h,8808,OpenPlay,2021,RightFoot,17519,VfB Stuttgart,Greuther Fuerth,5,1,2021-08-14 13:30:00,Philipp Förster,Throughball
4137,426715,79,SavedShot,0.91,0.43099998474121093,0.08022300153970718,Wataru Endo,a,8808,OpenPlay,2021,Head,17525,RasenBallsport Leipzig,VfB Stuttgart,4,0,2021-08-20 18:30:00,Roberto Massimo,Cross
4138,426714,79,BlockedShot,0.8590000152587891,0.34900001525878904,0.07088469713926315,Wataru Endo,a,8808,OpenPlay,2021,RightFoot,17525,RasenBallsport Leipzig,VfB Stuttgart,4,0,2021-08-20 18:30:00,,TakeOn
4139,428505,33,SavedShot,0.7559999847412109,0.475,0.025013800710439682,Wataru Endo,h,8808,OpenPlay,2021,RightFoot,17539,VfB Stuttgart,Freiburg,2,3,2021-08-28 13:30:00,Hamadi Al Ghaddioui,LayOff
4140,428509,44,BlockedShot,0.7530000305175781,0.5020000076293946,0.017534999176859856,Wataru Endo,h,8808,OpenPlay,2021,LeftFoot,17539,VfB Stuttgart,Freiburg,2,3,2021-08-28 13:30:00,Hamadi Al Ghaddioui,Pass
4141,454276,86,BlockedShot,0.8690000152587891,0.37599998474121094,0.0701994001865387,Wataru Endo,a,8808,OpenPlay,2021,RightFoot,17549,Eintracht Frankfurt,VfB Stuttgart,1,1,2021-09-12 13:30:00,Tanguy Coulibaly,Pass
4142,431911,73,MissedShots,0.785,0.4570000076293945,0.013297099620103836,Wataru Endo,h,8808,FromCorner,2021,LeftFoot,17558,VfB Stuttgart,Bayer Leverkusen,1,3,2021-09-19 13:30:00,Konstantinos Mavropanos,HeadPass
4143,434122,62,SavedShot,0.7280000305175781,0.45,0.014902500435709953,Wataru Endo,a,8808,FromCorner,2021,RightFoot,17568,Bochum,VfB Stuttgart,0,0,2021-09-26 13:30:00,,None
4144,434126,82,SavedShot,0.7419999694824219,0.595999984741211,0.025164000689983368,Wataru Endo,a,8808,OpenPlay,2021,RightFoot,17568,Bochum,VfB Stuttgart,0,0,2021-09-26 13:30:00,Omar Marmoush,TakeOn
4145,438483,16,MissedShots,0.899000015258789,0.5590000152587891,0.09348490089178085,Wataru Endo,h,8808,OpenPlay,2021,RightFoot,17593,VfB Stuttgart,Union Berlin,1,1,2021-10-24 15:30:00,Konstantinos Mavropanos,Chipped
4146,438487,32,SavedShot,0.705,0.5620000076293945,0.015526600182056427,Wataru Endo,h,8808,OpenPlay,2021,RightFoot,17593,VfB Stuttgart,Union Berlin,1,1,2021-10-24 15:30:00,Nikolas Nartey,Pass
4147,442370,19,BlockedShot,0.7619999694824219,0.47,0.027808699756860733,Wataru Endo,a,8808,OpenPlay,2021,LeftFoot,17623,Borussia Dortmund,VfB Stuttgart,2,1,2021-11-20 14:30:00,Atakan Karazor,Pass
4148,442398,92,MissedShots,0.8969999694824219,0.5070000076293946,0.036652300506830215,Wataru Endo,a,8808,OpenPlay,2021,Head,17623,Borussia Dortmund,VfB Stuttgart,2,1,2021-11-20 14:30:00,Borna Sosa,Aerial
4149,446907,92,BlockedShot,0.750999984741211,0.5509999847412109,0.026379600167274475,Wataru Endo,h,8808,FromCorner,2021,RightFoot,17637,VfB Stuttgart,Hertha Berlin,2,2,2021-12-05 14:30:00,Omar Marmoush,Pass
4150,447931,76,BlockedShot,0.8830000305175781,0.575999984741211,0.014879199676215649,Wataru Endo,a,8808,SetPiece,2021,Head,17648,Wolfsburg,VfB Stuttgart,0,2,2021-12-11 17:30:00,Omar Marmoush,Aerial
4151,447933,78,MissedShots,0.879000015258789,0.4420000076293945,0.09351590275764465,Wataru Endo,a,8808,SetPiece,2021,RightFoot,17648,Wolfsburg,VfB Stuttgart,0,2,2021-12-11 17:30:00,,Rebound
4152,448783,45,BlockedShot,0.779000015258789,0.5579999923706055,0.03238489851355553,Wataru Endo,h,8808,OpenPlay,2021,LeftFoot,17654,VfB Stuttgart,Bayern Munich,0,5,2021-12-14 17:30:00,Omar Marmoush,Pass
4153,452091,79,BlockedShot,0.9669999694824218,0.5829999923706055,0.10092300176620483,Wataru Endo,a,8808,OpenPlay,2021,RightFoot,17669,Greuther Fuerth,VfB Stuttgart,0,0,2022-01-08 14:30:00,,None
4154,453178,43,SavedShot,0.88,0.6819999694824219,0.049855899065732956,Wataru Endo,h,8808,SetPiece,2021,LeftFoot,17682,VfB Stuttgart,RasenBallsport Leipzig,0,2,2022-01-15 14:30:00,,BallTouch
4155,453182,50,MissedShots,0.7769999694824219,0.5879999923706055,0.029253600165247917,Wataru Endo,h,8808,OpenPlay,2021,RightFoot,17682,VfB Stuttgart,RasenBallsport Leipzig,0,2,2022-01-15 14:30:00,Nikolas Nartey,Pass
4156,453190,79,BlockedShot,0.8969999694824219,0.5779999923706055,0.03783069923520088,Wataru Endo,h,8808,FromCorner,2021,Head,17682,VfB Stuttgart,RasenBallsport Leipzig,0,2,2022-01-15 14:30:00,Chris Führich,Cross
4157,458167,84,SavedShot,0.8980000305175782,0.45,0.14284799993038177,Wataru Endo,h,8808,OpenPlay,2021,LeftFoot,17719,VfB Stuttgart,Bochum,1,1,2022-02-19 14:30:00,Orel Mangala,TakeOn
4158,458170,95,MissedShots,0.9119999694824219,0.5,0.06142269819974899,Wataru Endo,h,8808,OpenPlay,2021,Head,17719,VfB Stuttgart,Bochum,1,1,2022-02-19 14:30:00,Philipp Förster,Aerial
4159,459349,57,Goal,0.9740000152587891,0.5470000076293945,0.5582919716835022,Wataru Endo,a,8808,FromCorner,2021,LeftFoot,17726,Hoffenheim,VfB Stuttgart,2,1,2022-02-25 19:30:00,Sasa Kalajdzic,HeadPass
4160,459355,88,MissedShots,0.889000015258789,0.3079999923706055,0.031539201736450195,Wataru Endo,a,8808,SetPiece,2021,RightFoot,17726,Hoffenheim,VfB Stuttgart,2,1,2022-02-25 19:30:00,Erik Thommy,Pass
4161,461299,37,Goal,0.894000015258789,0.5779999923706055,0.0715441033244133,Wataru Endo,h,8808,OpenPlay,2021,RightFoot,17737,VfB Stuttgart,Borussia M.Gladbach,3,2,2022-03-05 17:30:00,,None
4162,461304,47,MissedShots,0.8919999694824219,0.445,0.05600820109248161,Wataru Endo,h,8808,OpenPlay,2021,Head,17737,VfB Stuttgart,Borussia M.Gladbach,3,2,2022-03-05 17:30:00,Borna Sosa,Cross
4163,462416,32,SavedShot,0.9590000152587891,0.544000015258789,0.5504239797592163,Wataru Endo,a,8808,SetPiece,2021,Head,17746,Union Berlin,VfB Stuttgart,1,1,2022-03-12 14:30:00,Chris Führich,Cross
4164,462422,62,BlockedShot,0.7609999847412109,0.42700000762939455,0.027033599093556404,Wataru Endo,a,8808,OpenPlay,2021,RightFoot,17746,Union Berlin,VfB Stuttgart,1,1,2022-03-12 14:30:00,Orel Mangala,Pass
4165,462425,70,BlockedShot,0.909000015258789,0.5320000076293945,0.1280599981546402,Wataru Endo,a,8808,OpenPlay,2021,RightFoot,17746,Union Berlin,VfB Stuttgart,1,1,2022-03-12 14:30:00,Orel Mangala,Pass
4166,463922,16,MissedShots,0.8530000305175781,0.57,0.07086479663848877,Wataru Endo,h,8808,OpenPlay,2021,RightFoot,17755,VfB Stuttgart,Augsburg,3,2,2022-03-19 14:30:00,Atakan Karazor,Pass
4167,463933,38,MissedShots,0.9269999694824219,0.5209999847412109,0.11525599658489227,Wataru Endo,h,8808,FromCorner,2021,Head,17755,VfB Stuttgart,Augsburg,3,2,2022-03-19 14:30:00,Borna Sosa,Cross
4168,463936,41,SavedShot,0.9230000305175782,0.4570000076293945,0.12718899548053741,Wataru Endo,h,8808,SetPiece,2021,RightFoot,17755,VfB Stuttgart,Augsburg,3,2,2022-03-19 14:30:00,Konstantinos Mavropanos,Rebound
4169,465164,63,MissedShots,0.86,0.325,0.05386580154299736,Wataru Endo,a,8808,OpenPlay,2021,LeftFoot,17759,Arminia Bielefeld,VfB Stuttgart,1,1,2022-04-02 13:30:00,Pascal Stenzel,Pass
4170,466393,38,BlockedShot,0.9159999847412109,0.48,0.04882960021495819,Wataru Endo,h,8808,OpenPlay,2021,Head,17772,VfB Stuttgart,Borussia Dortmund,0,2,2022-04-08 18:30:00,Chris Führich,Aerial
4171,470736,12,SavedShot,0.745999984741211,0.5120000076293946,0.01908770017325878,Wataru Endo,a,8808,OpenPlay,2021,RightFoot,17789,Hertha Berlin,VfB Stuttgart,2,0,2022-04-24 15:30:00,,Dispossessed
4172,471505,29,BlockedShot,0.785,0.3160000038146973,0.01793999969959259,Wataru Endo,h,8808,OpenPlay,2021,RightFoot,17799,VfB Stuttgart,Wolfsburg,1,1,2022-04-30 13:30:00,Omar Marmoush,TakeOn
4173,471509,38,SavedShot,0.9309999847412109,0.624000015258789,0.03259339928627014,Wataru Endo,h,8808,FromCorner,2021,Head,17799,VfB Stuttgart,Wolfsburg,1,1,2022-04-30 13:30:00,Konstantinos Mavropanos,Rebound
4174,474307,6,MissedShots,0.8830000305175781,0.46599998474121096,0.05351559817790985,Wataru Endo,a,8808,FromCorner,2021,LeftFoot,17812,Bayern Munich,VfB Stuttgart,2,2,2022-05-08 15:30:00,Borna Sosa,Cross
4175,474334,67,MissedShots,0.7530000305175781,0.4179999923706055,0.02185560017824173,Wataru Endo,a,8808,OpenPlay,2021,RightFoot,17812,Bayern Munich,VfB Stuttgart,2,2,2022-05-08 15:30:00,Atakan Karazor,Pass
4176,475691,8,MissedShots,0.8930000305175781,0.4279999923706055,0.04321949928998947,Wataru Endo,h,8808,OpenPlay,2021,Head,17816,VfB Stuttgart,FC Cologne,2,1,2022-05-14 13:30:00,Borna Sosa,Chipped
4177,475700,31,MissedShots,0.935,0.47200000762939454,0.4629569947719574,Wataru Endo,h,8808,OpenPlay,2021,LeftFoot,17816,VfB Stuttgart,FC Cologne,2,1,2022-05-14 13:30:00,Borna Sosa,Cross
4178,475702,34,ShotOnPost,0.960999984741211,0.5379999923706055,0.653423011302948,Wataru Endo,h,8808,OpenPlay,2021,LeftFoot,17816,VfB Stuttgart,FC Cologne,2,1,2022-05-14 13:30:00,,Rebound
4179,475716,74,SavedShot,0.7619999694824219,0.44299999237060544,0.024952899664640427,Wataru Endo,h,8808,OpenPlay,2021,RightFoot,17816,VfB Stuttgart,FC Cologne,2,1,2022-05-14 13:30:00,Omar Marmoush,Pass
4180,475725,91,Goal,0.9730000305175781,0.46799999237060547,0.5400090217590332,Wataru Endo,h,8808,FromCorner,2021,Head,17816,VfB Stuttgart,FC Cologne,2,1,2022-05-14 13:30:00,Hiroki Ito,HeadPass
4181,479782,95,MissedShots,0.7559999847412109,0.5359999847412109,0.02305860072374344,Wataru Endo,h,8808,OpenPlay,2022,RightFoot,19349,VfB Stuttgart,RasenBallsport Leipzig,1,1,2022-08-07 13:30:00,Enzo Millot,Pass
4182,480260,31,SavedShot,0.659000015258789,0.5929999923706055,0.01153239980340004,Wataru Endo,a,8808,OpenPlay,2022,RightFoot,19354,Werder Bremen,VfB Stuttgart,2,2,2022-08-13 13:30:00,Silas Wamangituka,Pass
4183,480262,37,Goal,0.749000015258789,0.44299999237060544,0.022397400811314583,Wataru Endo,a,8808,OpenPlay,2022,RightFoot,19354,Werder Bremen,VfB Stuttgart,2,2,2022-08-13 13:30:00,Sasa Kalajdzic,Pass
4184,480268,72,SavedShot,0.9380000305175781,0.555,0.05447759851813316,Wataru Endo,a,8808,FromCorner,2022,Head,19354,Werder Bremen,VfB Stuttgart,2,2,2022-08-13 13:30:00,Borna Sosa,Aerial
4185,481739,76,BlockedShot,0.874000015258789,0.34099998474121096,0.05059570074081421,Wataru Endo,h,8808,OpenPlay,2022,RightFoot,19363,VfB Stuttgart,Freiburg,0,1,2022-08-20 13:30:00,Luca Pfeiffer,Pass
4186,484386,0,BlockedShot,0.7759999847412109,0.34599998474121096,0.023636799305677414,Wataru Endo,a,8808,OpenPlay,2022,RightFoot,19376,FC Cologne,VfB Stuttgart,0,0,2022-08-28 13:30:00,Borna Sosa,Pass
4187,485809,84,MissedShots,0.9,0.4279999923706055,0.06806699931621552,Wataru Endo,h,8808,SetPiece,2022,Head,19381,VfB Stuttgart,Schalke 04,1,1,2022-09-03 13:30:00,Hiroki Ito,Cross
4188,488685,70,BlockedShot,0.894000015258789,0.42200000762939455,0.03449450060725212,Wataru Endo,h,8808,FromCorner,2022,RightFoot,19400,VfB Stuttgart,Eintracht Frankfurt,1,3,2022-09-17 13:30:00,,Aerial
4189,489986,7,MissedShots,0.7280000305175781,0.3509999847412109,0.011155500076711178,Wataru Endo,a,8808,OpenPlay,2022,RightFoot,19410,Wolfsburg,VfB Stuttgart,3,2,2022-10-01 13:30:00,,None
4190,489988,11,SavedShot,0.9309999847412109,0.445,0.4891420006752014,Wataru Endo,a,8808,OpenPlay,2022,RightFoot,19410,Wolfsburg,VfB Stuttgart,3,2,2022-10-01 13:30:00,Konstantinos Mavropanos,Throughball
4191,489999,24,MissedShots,0.8630000305175781,0.55,0.033514998853206635,Wataru Endo,a,8808,SetPiece,2022,Head,19410,Wolfsburg,VfB Stuttgart,3,2,2022-10-01 13:30:00,Hiroki Ito,Cross
4192,490003,45,BlockedShot,0.81,0.41900001525878905,0.0448186993598938,Wataru Endo,a,8808,OpenPlay,2022,LeftFoot,19410,Wolfsburg,VfB Stuttgart,3,2,2022-10-01 13:30:00,Silas Wamangituka,Pass
4193,490006,62,MissedShots,0.85,0.36700000762939455,0.08470329642295837,Wataru Endo,a,8808,OpenPlay,2022,RightFoot,19410,Wolfsburg,VfB Stuttgart,3,2,2022-10-01 13:30:00,Atakan Karazor,Pass
4194,492482,53,SavedShot,0.9109999847412109,0.5209999847412109,0.05436420068144798,Wataru Endo,h,8808,OpenPlay,2022,Head,19421,VfB Stuttgart,Union Berlin,0,1,2022-10-09 17:30:00,Naouirou Ahamada,Aerial
4195,492991,70,Goal,0.9219999694824219,0.54,0.52053302526474,Wataru Endo,h,8808,SetPiece,2022,RightFoot,19429,VfB Stuttgart,Bochum,4,1,2022-10-15 13:30:00,,None
4196,496379,26,MissedShots,0.7140000152587891,0.7180000305175781,0.011177700012922287,Wataru Endo,h,8808,OpenPlay,2022,RightFoot,19447,VfB Stuttgart,Augsburg,2,1,2022-10-29 13:30:00,Dan-Axel Zagadou,BallRecovery
4197,496391,64,MissedShots,0.779000015258789,0.41400001525878904,0.03701170161366463,Wataru Endo,h,8808,OpenPlay,2022,RightFoot,19447,VfB Stuttgart,Augsburg,2,1,2022-10-29 13:30:00,Hiroki Ito,TakeOn
4198,496394,68,BlockedShot,0.955999984741211,0.4109999847412109,0.12595100700855255,Wataru Endo,h,8808,FromCorner,2022,RightFoot,19447,VfB Stuttgart,Augsburg,2,1,2022-10-29 13:30:00,Dan-Axel Zagadou,Rebound
4199,496395,69,BlockedShot,0.965999984741211,0.565,0.39565399289131165,Wataru Endo,h,8808,FromCorner,2022,Head,19447,VfB Stuttgart,Augsburg,2,1,2022-10-29 13:30:00,Borna Sosa,Cross
4200,496403,83,MissedShots,0.750999984741211,0.5840000152587891,0.017696499824523926,Wataru Endo,h,8808,OpenPlay,2022,RightFoot,19447,VfB Stuttgart,Augsburg,2,1,2022-10-29 13:30:00,,None
4201,497665,75,MissedShots,0.9219999694824219,0.575999984741211,0.06765329837799072,Wataru Endo,a,8808,FromCorner,2022,Head,19453,Borussia M.Gladbach,VfB Stuttgart,3,1,2022-11-04 18:30:00,Chris Führich,Cross
4202,499207,50,MissedShots,0.8809999847412109,0.605999984741211,0.00967720989137888,Wataru Endo,h,8808,SetPiece,2022,Head,19466,VfB Stuttgart,Hertha Berlin,2,1,2022-11-08 19:30:00,Borna Sosa,Aerial
4203,504515,57,BlockedShot,0.759000015258789,0.5690000152587891,0.020835399627685547,Wataru Endo,h,8808,OpenPlay,2022,RightFoot,19485,VfB Stuttgart,Mainz 05,1,1,2023-01-21 14:30:00,,None
4204,505374,76,Goal,0.8240000152587891,0.48400001525878905,0.1026030033826828,Wataru Endo,a,8808,OpenPlay,2022,RightFoot,19490,Hoffenheim,VfB Stuttgart,2,2,2023-01-24 19:30:00,Naouirou Ahamada,Pass
4205,505554,6,MissedShots,0.9519999694824218,0.55,0.11459100246429443,Wataru Endo,a,8808,FromCorner,2022,OtherBodyPart,19497,RasenBallsport Leipzig,VfB Stuttgart,2,1,2023-01-27 19:30:00,Pascal Stenzel,Cross
4206,505556,9,MissedShots,0.905,0.610999984741211,0.02555369958281517,Wataru Endo,a,8808,FromCorner,2022,Head,19497,RasenBallsport Leipzig,VfB Stuttgart,2,1,2023-01-27 19:30:00,Pascal Stenzel,Cross
4207,507675,79,BlockedShot,0.7719999694824219,0.30100000381469727,0.019926900044083595,Wataru Endo,h,8808,OpenPlay,2022,RightFoot,19512,VfB Stuttgart,Werder Bremen,0,2,2023-02-05 14:30:00,Konstantinos Mavropanos,TakeOn
4208,507677,84,MissedShots,0.8059999847412109,0.4470000076293945,0.044658198952674866,Wataru Endo,h,8808,OpenPlay,2022,RightFoot,19512,VfB Stuttgart,Werder Bremen,0,2,2023-02-05 14:30:00,Atakan Karazor,Pass
4209,509515,54,MissedShots,0.865999984741211,0.36900001525878906,0.09206300228834152,Wataru Endo,h,8808,OpenPlay,2022,LeftFoot,19530,VfB Stuttgart,FC Cologne,3,0,2023-02-18 14:30:00,Genki Haraguchi,Pass
4210,510961,16,SavedShot,0.9169999694824219,0.48400001525878905,0.04487619921565056,Wataru Endo,a,8808,FromCorner,2022,Head,19538,Schalke 04,VfB Stuttgart,2,1,2023-02-25 17:30:00,Borna Sosa,Aerial
4211,510962,25,SavedShot,0.925,0.48200000762939454,0.393000990152359,Wataru Endo,a,8808,OpenPlay,2022,Head,19538,Schalke 04,VfB Stuttgart,2,1,2023-02-25 17:30:00,Gil Dias,Cross
4212,510967,33,MissedShots,0.779000015258789,0.6090000152587891,0.029598500579595566,Wataru Endo,a,8808,OpenPlay,2022,RightFoot,19538,Schalke 04,VfB Stuttgart,2,1,2023-02-25 17:30:00,Chris Führich,Pass
4213,510976,65,SavedShot,0.9069999694824219,0.41200000762939454,0.183447003364563,Wataru Endo,a,8808,OpenPlay,2022,Head,19538,Schalke 04,VfB Stuttgart,2,1,2023-02-25 17:30:00,Borna Sosa,Cross
4214,514858,93,MissedShots,0.845999984741211,0.3820000076293945,0.04409870132803917,Wataru Endo,h,8808,FromCorner,2022,LeftFoot,19566,VfB Stuttgart,Wolfsburg,0,1,2023-03-18 14:30:00,,None
4215,518794,50,SavedShot,0.919000015258789,0.5670000076293945,0.09835059940814972,Wataru Endo,a,8808,FromCorner,2022,RightFoot,19582,Bochum,VfB Stuttgart,2,3,2023-04-09 15:30:00,,None
4216,519320,29,MissedShots,0.8419999694824218,0.47200000762939454,0.041673801839351654,Wataru Endo,h,8808,FromCorner,2022,LeftFoot,19591,VfB Stuttgart,Borussia Dortmund,3,3,2023-04-15 13:30:00,Borna Sosa,Cross
4217,520476,77,Goal,0.97,0.5159999847412109,0.8262560963630676,Wataru Endo,a,8808,SetPiece,2022,LeftFoot,19601,Augsburg,VfB Stuttgart,1,1,2023-04-21 18:30:00,,Rebound
4218,520475,77,SavedShot,0.965,0.5329999923706055,0.5877793431282043,Wataru Endo,a,8808,SetPiece,2022,LeftFoot,19601,Augsburg,VfB Stuttgart,1,1,2023-04-21 18:30:00,Tiago Tomás,Chipped
4219,524550,83,MissedShots,0.77,0.315,0.010375410318374634,Wataru Endo,a,8808,OpenPlay,2022,RightFoot,19619,Hertha Berlin,VfB Stuttgart,2,1,2023-05-06 13:30:00,,Aerial
4220,526591,37,BlockedShot,0.8469999694824218,0.6,0.07225260883569717,Wataru Endo,h,8808,OpenPlay,2022,LeftFoot,19629,VfB Stuttgart,Bayer Leverkusen,1,1,2023-05-14 13:30:00,Serhou Guirassy,Pass
4221,526592,38,MissedShots,0.924000015258789,0.585,0.02020888403058052,Wataru Endo,h,8808,FromCorner,2022,Head,19629,VfB Stuttgart,Bayer Leverkusen,1,1,2023-05-14 13:30:00,Tiago Tomás,Aerial
4222,528020,37,MissedShots,0.9069999694824219,0.4370000076293945,0.05816388130187988,Wataru Endo,a,8808,FromCorner,2022,Head,19633,Mainz 05,VfB Stuttgart,1,4,2023-05-21 13:30:00,Hiroki Ito,Cross
4223,528022,40,Goal,0.8240000152587891,0.48400001525878905,0.0839606299996376,Wataru Endo,a,8808,OpenPlay,2022,RightFoot,19633,Mainz 05,VfB Stuttgart,1,4,2023-05-21 13:30:00,,None
4224,528027,65,SavedShot,0.8540000152587891,0.6630000305175782,0.04356545954942703,Wataru Endo,a,8808,SetPiece,2022,RightFoot,19633,Mainz 05,VfB Stuttgart,1,4,2023-05-21 13:30:00,Nikolas Nartey,Pass
4225,529004,93,MissedShots,0.7319999694824219,0.504000015258789,0.014442605897784233,Wataru Endo,h,8808,OpenPlay,2022,RightFoot,19647,VfB Stuttgart,Hoffenheim,1,1,2023-05-27 13:30:00,,None
4226,551749,83,BlockedShot,0.8469999694824218,0.44,0.05837484821677208,Wataru Endo,h,8808,OpenPlay,2023,RightFoot,22030,Liverpool,Fulham,4,3,2023-12-03 14:00:00,,Rebound
4227,551752,86,Goal,0.8109999847412109,0.5059999847412109,0.05252916365861893,Wataru Endo,h,8808,OpenPlay,2023,RightFoot,22030,Liverpool,Fulham,4,3,2023-12-03 14:00:00,Mohamed Salah,Pass
4228,554973,76,BlockedShot,0.8130000305175781,0.4640000152587891,0.019405821338295937,Wataru Endo,h,8808,FromCorner,2023,RightFoot,22060,Liverpool,Manchester United,0,0,2023-12-17 16:30:00,,Aerial
4229,556561,39,SavedShot,0.815,0.5229999923706055,0.07316499203443527,Wataru Endo,a,8808,OpenPlay,2023,LeftFoot,22079,Burnley,Liverpool,0,2,2023-12-26 17:30:00,Darwin Núñez,Pass
4230,557216,11,MissedShots,0.765,0.6580000305175782,0.016836365684866905,Wataru Endo,h,8808,OpenPlay,2023,RightFoot,22088,Liverpool,Newcastle United,4,2,2024-01-01 19:00:00,Luis Díaz,Pass
4231,557224,28,BlockedShot,0.7559999847412109,0.5159999847412109,0.024645568802952766,Wataru Endo,h,8808,OpenPlay,2023,RightFoot,22088,Liverpool,Newcastle United,4,2,2024-01-01 19:00:00,Dominik Szoboszlai,Pass
4232,562467,72,BlockedShot,0.7180000305175781,0.6,0.015914348885416985,Wataru Endo,h,8808,OpenPlay,2023,RightFoot,22128,Liverpool,Burnley,3,1,2024-02-10 15:00:00,Darwin Núñez,Pass
4233,563616,22,MissedShots,0.8530000305175781,0.6480000305175782,0.04424262046813965,Wataru Endo,a,8808,FromCorner,2023,LeftFoot,22135,Brentford,Liverpool,1,4,2024-02-17 12:30:00,Luis Díaz,Pass
4234,574158,26,ShotOnPost,0.93,0.5209999847412109,0.10634731501340866,Wataru Endo,h,8808,FromCorner,2023,LeftFoot,22220,Liverpool,Crystal Palace,0,1,2024-04-14 13:00:00,,BallTouch
4235,582023,39,SavedShot,0.765,0.610999984741211,0.02631182037293911,Wataru Endo,h,8808,OpenPlay,2023,RightFoot,22271,Liverpool,Wolverhampton Wanderers,2,0,2024-05-19 15:00:00,Andrew Robertson,Pass
4236,425986,32,BlockedShot,0.874000015258789,0.7090000152587891,0.05945789813995361,Konstantinos Tsimikas,a,8852,OpenPlay,2021,LeftFoot,16383,Norwich,Liverpool,0,3,2021-08-14 16:30:00,Mohamed Salah,Pass
4237,425997,62,SavedShot,0.8959999847412109,0.6469999694824219,0.10001099854707718,Konstantinos Tsimikas,a,8852,OpenPlay,2021,LeftFoot,16383,Norwich,Liverpool,0,3,2021-08-14 16:30:00,Sadio Mané,Pass
4238,431337,30,BlockedShot,0.8330000305175781,0.7119999694824218,0.02163740061223507,Konstantinos Tsimikas,h,8852,OpenPlay,2021,LeftFoot,16420,Liverpool,Crystal Palace,3,0,2021-09-18 14:00:00,,Rebound
4239,451192,65,MissedShots,0.799000015258789,0.63,0.02388549968600273,Konstantinos Tsimikas,a,8852,FromCorner,2021,LeftFoot,16578,Chelsea,Liverpool,2,2,2022-01-02 16:30:00,Mohamed Salah,Pass
4240,458296,4,MissedShots,0.9740000152587891,0.59,0.31499001383781433,Konstantinos Tsimikas,h,8852,OpenPlay,2021,LeftFoot,16631,Liverpool,Norwich,3,1,2022-02-19 15:00:00,Mohamed Salah,Cross
4241,458306,36,SavedShot,0.88,0.6669999694824219,0.05772149935364723,Konstantinos Tsimikas,h,8852,OpenPlay,2021,LeftFoot,16631,Liverpool,Norwich,3,1,2022-02-19 15:00:00,Luis Díaz,Pass
4242,458309,45,MissedShots,0.8290000152587891,0.5570000076293945,0.05708780139684677,Konstantinos Tsimikas,h,8852,OpenPlay,2021,RightFoot,16631,Liverpool,Norwich,3,1,2022-02-19 15:00:00,,None
4243,476904,17,BlockedShot,0.805,0.624000015258789,0.03578310087323189,Konstantinos Tsimikas,a,8852,FromCorner,2021,LeftFoot,16740,Southampton,Liverpool,1,2,2022-05-17 18:45:00,,Rebound
4244,481451,85,BlockedShot,0.9069999694824219,0.7390000152587891,0.01947689987719059,Konstantinos Tsimikas,h,8852,OpenPlay,2022,LeftFoot,18221,Liverpool,Crystal Palace,1,1,2022-08-15 19:00:00,Jordan Henderson,Cross
4245,485627,2,BlockedShot,0.7919999694824219,0.5690000152587891,0.025053199380636215,Konstantinos Tsimikas,a,8852,FromCorner,2022,LeftFoot,18252,Everton,Liverpool,0,0,2022-09-03 11:30:00,,None
4246,485642,48,MissedShots,0.9690000152587891,0.6780000305175782,0.04626769945025444,Konstantinos Tsimikas,a,8852,OpenPlay,2022,LeftFoot,18252,Everton,Liverpool,0,0,2022-09-03 11:30:00,Roberto Firmino,Rebound
4247,501595,86,BlockedShot,0.8230000305175781,0.5620000076293945,0.0794890969991684,Konstantinos Tsimikas,h,8852,OpenPlay,2022,LeftFoot,18375,Liverpool,Leicester,2,1,2022-12-30 20:00:00,Naby Keita,Pass
4248,502068,23,SavedShot,0.909000015258789,0.6179999923706054,0.3512920141220093,Konstantinos Tsimikas,a,8852,OpenPlay,2022,LeftFoot,18384,Brentford,Liverpool,3,1,2023-01-02 17:30:00,Alex Oxlade-Chamberlain,Pass
4249,502069,24,BlockedShot,0.9119999694824219,0.754000015258789,0.019777700304985046,Konstantinos Tsimikas,a,8852,FromCorner,2022,LeftFoot,18384,Brentford,Liverpool,3,1,2023-01-02 17:30:00,Alex Oxlade-Chamberlain,Chipped
4250,502078,43,SavedShot,0.92,0.515,0.06703410297632217,Konstantinos Tsimikas,a,8852,OpenPlay,2022,Head,18384,Brentford,Liverpool,3,1,2023-01-02 17:30:00,Harvey Elliott,Aerial
4251,548840,51,MissedShots,0.8019999694824219,0.7240000152587891,0.027138691395521164,Konstantinos Tsimikas,h,8852,OpenPlay,2023,LeftFoot,22011,Liverpool,Brentford,3,0,2023-11-12 14:00:00,Joel Matip,Pass
4252,552627,2,MissedShots,0.749000015258789,0.7280000305175781,0.01149686612188816,Konstantinos Tsimikas,a,8852,OpenPlay,2023,LeftFoot,22047,Crystal Palace,Liverpool,1,2,2023-12-09 12:30:00,Trent Alexander-Arnold,None
4253,566669,98,BlockedShot,0.8519999694824218,0.580999984741211,0.054098840802907944,Konstantinos Tsimikas,a,8852,FromCorner,2023,LeftFoot,22162,Nottingham Forest,Liverpool,0,1,2024-03-02 15:00:00,,None
4254,595226,41,BlockedShot,0.8030000305175782,0.7330000305175781,0.026425983756780624,Konstantinos Tsimikas,a,8852,OpenPlay,2024,LeftFoot,26662,Crystal Palace,Liverpool,0,1,2024-10-05 11:30:00,Alexis Mac Allister,Pass
4255,600159,80,SavedShot,0.855,0.610999984741211,0.07724325358867645,Konstantinos Tsimikas,h,8852,OpenPlay,2024,LeftFoot,26696,Liverpool,Brighton,2,1,2024-11-02 15:00:00,,None
4256,559340,38,BlockedShot,0.7919999694824219,0.36,0.028520707041025162,Conor Bradley,a,10120,OpenPlay,2023,RightFoot,22102,Bournemouth,Liverpool,0,4,2024-01-21 16:30:00,Darwin Núñez,Pass
4257,559348,52,SavedShot,0.8440000152587891,0.5070000076293946,0.05766810476779938,Conor Bradley,a,10120,FromCorner,2023,LeftFoot,22102,Bournemouth,Liverpool,0,4,2024-01-21 16:30:00,,None
4258,559347,52,MissedShots,0.9590000152587891,0.4229999923706055,0.07562779635190964,Conor Bradley,a,10120,OpenPlay,2023,Head,22102,Bournemouth,Liverpool,0,4,2024-01-21 16:30:00,Darwin Núñez,Chipped
4259,560771,38,Goal,0.85,0.35200000762939454,0.0693047046661377,Conor Bradley,h,10120,OpenPlay,2023,RightFoot,22113,Liverpool,Chelsea,4,1,2024-01-31 20:15:00,Luis Díaz,Pass
4260,563610,9,SavedShot,0.87,0.45,0.24980883300304413,Conor Bradley,a,10120,OpenPlay,2023,RightFoot,22135,Brentford,Liverpool,1,4,2024-02-17 12:30:00,Luis Díaz,TakeOn
4261,563626,59,MissedShots,0.7280000305175781,0.41900001525878905,0.02501789480447769,Conor Bradley,a,10120,OpenPlay,2023,RightFoot,22135,Brentford,Liverpool,1,4,2024-02-17 12:30:00,Alexis Mac Allister,Pass
4262,564862,57,SavedShot,0.8780000305175781,0.4179999923706055,0.10386589169502258,Conor Bradley,h,10120,OpenPlay,2023,RightFoot,22151,Liverpool,Luton,4,1,2024-02-21 15:00:00,Harvey Elliott,Pass
4263,568705,33,BlockedShot,0.8619999694824219,0.32099998474121094,0.040986839681863785,Conor Bradley,h,10120,OpenPlay,2023,RightFoot,22171,Liverpool,Manchester City,1,1,2024-03-10 15:45:00,,BallRecovery
4264,571213,37,MissedShots,0.874000015258789,0.32299999237060545,0.05505726486444473,Conor Bradley,h,10120,OpenPlay,2023,RightFoot,22189,Liverpool,Brighton,2,1,2024-03-31 14:00:00,Mohamed Salah,Foul
4265,571218,52,BlockedShot,0.8430000305175781,0.34799999237060547,0.05208880826830864,Conor Bradley,h,10120,OpenPlay,2023,RightFoot,22189,Liverpool,Brighton,2,1,2024-03-31 14:00:00,Darwin Núñez,Pass
4266,571972,19,MissedShots,0.7669999694824219,0.38099998474121094,0.03157231584191322,Conor Bradley,h,10120,OpenPlay,2023,RightFoot,22203,Liverpool,Sheffield United,3,1,2024-04-04 18:30:00,Alexis Mac Allister,Pass
4267,571987,57,OwnGoal,0.04099999904632568,0.445,0,Conor Bradley,h,10120,OpenPlay,2023,RightFoot,22203,Liverpool,Sheffield United,3,1,2024-04-04 18:30:00,,None
4268,572994,46,BlockedShot,0.91,0.36400001525878906,0.11334756761789322,Conor Bradley,a,10120,OpenPlay,2023,LeftFoot,22211,Manchester United,Liverpool,2,2,2024-04-07 14:30:00,Dominik Szoboszlai,Pass
4269,584709,93,SavedShot,0.9640000152587891,0.4209999847412109,0.5641074180603027,Conor Bradley,a,10120,OpenPlay,2024,RightFoot,26603,Ipswich,Liverpool,0,2,2024-08-17 11:30:00,Luis Díaz,Pass
4270,584708,93,BlockedShot,0.885,0.40200000762939453,0.07648533582687378,Conor Bradley,a,10120,OpenPlay,2024,RightFoot,26603,Ipswich,Liverpool,0,2,2024-08-17 11:30:00,,Rebound
4271,603453,28,SavedShot,0.7909999847412109,0.4,0.04231169447302818,Conor Bradley,a,10120,OpenPlay,2024,LeftFoot,26721,Southampton,Liverpool,2,3,2024-11-24 14:00:00,Mohamed Salah,TakeOn
4272,603464,63,MissedShots,0.87,0.315,0.05208693817257881,Conor Bradley,a,10120,OpenPlay,2024,RightFoot,26721,Southampton,Liverpool,2,3,2024-11-24 14:00:00,Luis Díaz,Pass
4273,603470,70,BlockedShot,0.865999984741211,0.4229999923706055,0.09441055357456207,Conor Bradley,a,10120,OpenPlay,2024,RightFoot,26721,Southampton,Liverpool,2,3,2024-11-24 14:00:00,Luis Díaz,Pass
4274,610341,89,SavedShot,0.970999984741211,0.29700000762939455,0.06696677207946777,Conor Bradley,h,10120,OpenPlay,2024,RightFoot,26797,Liverpool,Manchester United,2,2,2025-01-05 16:30:00,,TakeOn
4275,556563,40,MissedShots,0.9119999694824219,0.5029999923706054,0.035428375005722046,Jarell Quansah,a,10187,FromCorner,2023,Head,22079,Burnley,Liverpool,0,2,2023-12-26 17:30:00,Harvey Elliott,Aerial
4276,562466,70,MissedShots,0.8619999694824219,0.5120000076293946,0.06334652751684189,Jarell Quansah,h,10187,FromCorner,2023,LeftFoot,22128,Liverpool,Burnley,3,1,2024-02-10 15:00:00,Virgil van Dijk,HeadPass
4277,568721,79,SavedShot,0.8180000305175781,0.28,0.02444472722709179,Jarell Quansah,h,10187,OpenPlay,2023,RightFoot,22171,Liverpool,Manchester City,1,1,2024-03-10 15:45:00,Wataru Endo,Pass
4278,580913,47,Goal,0.9159999847412109,0.43900001525878907,0.3022225499153137,Jarell Quansah,a,10187,SetPiece,2023,Head,22256,Aston Villa,Liverpool,3,3,2024-05-13 19:00:00,Harvey Elliott,Aerial
4279,582026,39,Goal,0.9890000152587891,0.5120000076293946,0.9672112464904785,Jarell Quansah,h,10187,FromCorner,2023,RightFoot,22271,Liverpool,Wolverhampton Wanderers,2,0,2024-05-19 15:00:00,,Rebound
4280,582030,49,SavedShot,0.955,0.4159999847412109,0.03403494134545326,Jarell Quansah,h,10187,FromCorner,2023,Head,22271,Liverpool,Wolverhampton Wanderers,2,0,2024-05-19 15:00:00,Harvey Elliott,Aerial
4281,479016,81,BlockedShot,0.805,0.48700000762939455,0.07647909969091415,Ryan Gravenberch,a,10697,OpenPlay,2022,RightFoot,19342,Eintracht Frankfurt,Bayern Munich,1,6,2022-08-05 18:30:00,Mathys Tel,Pass
4282,482535,82,BlockedShot,0.8440000152587891,0.38599998474121094,0.0944857969880104,Ryan Gravenberch,a,10697,OpenPlay,2022,RightFoot,19368,Bochum,Bayern Munich,0,7,2022-08-21 15:30:00,Gabriel Vidovic,Pass
4283,487410,82,BlockedShot,0.879000015258789,0.5409999847412109,0.14792099595069885,Ryan Gravenberch,h,10697,OpenPlay,2022,RightFoot,19388,Bayern Munich,VfB Stuttgart,2,2,2022-09-10 13:30:00,Leroy Sané,Pass
4284,489741,87,BlockedShot,0.914000015258789,0.47299999237060547,0.12514999508857727,Ryan Gravenberch,h,10697,OpenPlay,2022,Head,19405,Bayern Munich,Bayer Leverkusen,4,0,2022-09-30 18:30:00,Serge Gnabry,Cross
4285,494893,82,BlockedShot,0.8040000152587891,0.4929999923706055,0.04948509857058525,Ryan Gravenberch,a,10697,OpenPlay,2022,RightFoot,19436,Hoffenheim,Bayern Munich,0,2,2022-10-22 13:30:00,Matthijs de Ligt,BallRecovery
4286,500314,89,SavedShot,0.8130000305175781,0.534000015258789,0.07661940157413483,Ryan Gravenberch,a,10697,OpenPlay,2022,RightFoot,19475,Schalke 04,Bayern Munich,0,2,2022-11-12 17:30:00,Serge Gnabry,Pass
4287,505396,48,MissedShots,0.7880000305175782,0.725999984741211,0.019898900762200356,Ryan Gravenberch,h,10697,OpenPlay,2022,RightFoot,19486,Bayern Munich,FC Cologne,1,1,2023-01-24 19:30:00,Jamal Musiala,Pass
4288,509579,2,BlockedShot,0.825,0.44799999237060545,0.06549510359764099,Ryan Gravenberch,a,10697,OpenPlay,2022,RightFoot,19525,Borussia M.Gladbach,Bayern Munich,3,2,2023-02-18 14:30:00,Thomas Müller,Pass
4289,517927,92,SavedShot,0.85,0.524000015258789,0.06227409839630127,Ryan Gravenberch,a,10697,FromCorner,2022,RightFoot,19578,Freiburg,Bayern Munich,0,1,2023-04-08 13:30:00,,None
4290,523331,91,SavedShot,0.7709999847412109,0.629000015258789,0.03589431941509247,Ryan Gravenberch,h,10697,OpenPlay,2022,RightFoot,19603,Bayern Munich,Hertha Berlin,2,0,2023-04-30 13:30:00,João Cancelo,Pass
4291,527679,78,MissedShots,0.7519999694824219,0.495,0.02152732014656067,Ryan Gravenberch,h,10697,OpenPlay,2022,RightFoot,19630,Bayern Munich,RasenBallsport Leipzig,1,3,2023-05-20 16:30:00,Joshua Kimmich,BallRecovery
4292,543056,53,ShotOnPost,0.9590000152587891,0.5479999923706055,0.6327582001686096,Ryan Gravenberch,a,10697,OpenPlay,2023,LeftFoot,21966,Brighton,Liverpool,2,2,2023-10-08 13:00:00,Dominik Szoboszlai,Pass
4293,543057,64,SavedShot,0.8630000305175781,0.43099998474121093,0.10883978009223938,Ryan Gravenberch,a,10697,OpenPlay,2023,LeftFoot,21966,Brighton,Liverpool,2,2,2023-10-08 13:00:00,Dominik Szoboszlai,Pass
4294,543731,51,BlockedShot,0.86,0.63,0.06379437446594238,Ryan Gravenberch,h,10697,OpenPlay,2023,RightFoot,21979,Liverpool,Everton,2,0,2023-10-21 11:30:00,Diogo Jota,Pass
4295,546086,39,SavedShot,0.7909999847412109,0.6559999847412109,0.025626586750149727,Ryan Gravenberch,h,10697,OpenPlay,2023,RightFoot,21991,Liverpool,Nottingham Forest,3,0,2023-10-29 14:00:00,,None
4296,547541,78,SavedShot,0.745999984741211,0.33099998474121095,0.020678194239735603,Ryan Gravenberch,a,10697,OpenPlay,2023,LeftFoot,21999,Luton,Liverpool,1,1,2023-11-05 16:30:00,Alexis Mac Allister,Pass
4297,551730,45,MissedShots,0.7630000305175781,0.42400001525878905,0.03798595443367958,Ryan Gravenberch,h,10697,OpenPlay,2023,RightFoot,22030,Liverpool,Fulham,4,3,2023-12-03 14:00:00,,None
4298,551745,70,SavedShot,0.7569999694824219,0.6569999694824219,0.015833180397748947,Ryan Gravenberch,h,10697,OpenPlay,2023,RightFoot,22030,Liverpool,Fulham,4,3,2023-12-03 14:00:00,Luis Díaz,Pass
4299,552630,15,BlockedShot,0.85,0.6569999694824219,0.04084334522485733,Ryan Gravenberch,a,10697,FromCorner,2023,RightFoot,22047,Crystal Palace,Liverpool,1,2,2023-12-09 12:30:00,Luis Díaz,Pass
4300,554948,15,MissedShots,0.9619999694824218,0.46099998474121096,0.13366833329200745,Ryan Gravenberch,h,10697,OpenPlay,2023,RightFoot,22060,Liverpool,Manchester United,0,0,2023-12-17 16:30:00,Darwin Núñez,HeadPass
4301,554955,35,BlockedShot,0.7930000305175782,0.5029999923706054,0.03209519758820534,Ryan Gravenberch,h,10697,SetPiece,2023,RightFoot,22060,Liverpool,Manchester United,0,0,2023-12-17 16:30:00,,None
4302,556552,6,SavedShot,0.85,0.4420000076293945,0.09112802892923355,Ryan Gravenberch,a,10697,OpenPlay,2023,RightFoot,22079,Burnley,Liverpool,0,2,2023-12-26 17:30:00,,BallRecovery
4303,557240,68,MissedShots,0.8240000152587891,0.605,0.03132564201951027,Ryan Gravenberch,h,10697,FromCorner,2023,RightFoot,22088,Liverpool,Newcastle United,4,2,2024-01-01 19:00:00,,Dispossessed
4304,559352,69,BlockedShot,0.7290000152587891,0.3559999847412109,0.024867074564099312,Ryan Gravenberch,a,10697,OpenPlay,2023,LeftFoot,22102,Bournemouth,Liverpool,0,4,2024-01-21 16:30:00,Alexis Mac Allister,TakeOn
4305,564847,24,BlockedShot,0.765,0.5979999923706054,0.020920205861330032,Ryan Gravenberch,h,10697,OpenPlay,2023,LeftFoot,22151,Liverpool,Luton,4,1,2024-02-21 15:00:00,Alexis Mac Allister,BallRecovery
4306,564851,31,SavedShot,0.769000015258789,0.37099998474121093,0.021180767565965652,Ryan Gravenberch,h,10697,OpenPlay,2023,RightFoot,22151,Liverpool,Luton,4,1,2024-02-21 15:00:00,,None
4307,571975,29,MissedShots,0.8690000152587891,0.509000015258789,0.043737877160310745,Ryan Gravenberch,h,10697,OpenPlay,2023,Head,22203,Liverpool,Sheffield United,3,1,2024-04-04 18:30:00,,None
4308,571977,41,SavedShot,0.7769999694824219,0.6120000076293945,0.03584974259138107,Ryan Gravenberch,h,10697,OpenPlay,2023,RightFoot,22203,Liverpool,Sheffield United,3,1,2024-04-04 18:30:00,Luis Díaz,Pass
4309,575650,52,Goal,0.8090000152587891,0.4779999923706055,0.054629135876894,Ryan Gravenberch,a,10697,OpenPlay,2023,RightFoot,22229,Fulham,Liverpool,1,3,2024-04-21 15:30:00,Harvey Elliott,Pass
4310,576571,46,MissedShots,0.855,0.509000015258789,0.08620913326740265,Ryan Gravenberch,a,10697,OpenPlay,2023,RightFoot,22243,West Ham,Liverpool,2,2,2024-04-27 11:30:00,Luis Díaz,Pass
4311,576579,63,MissedShots,0.705999984741211,0.5520000076293945,0.017816858366131783,Ryan Gravenberch,a,10697,OpenPlay,2023,RightFoot,22243,West Ham,Liverpool,2,2,2024-04-27 11:30:00,Trent Alexander-Arnold,Pass
4312,576590,85,BlockedShot,0.8680000305175781,0.6190000152587891,0.05989082530140877,Ryan Gravenberch,a,10697,FromCorner,2023,RightFoot,22243,West Ham,Liverpool,2,2,2024-04-27 11:30:00,,Rebound
4313,579028,79,MissedShots,0.9209999847412109,0.6509999847412109,0.08378473669290543,Ryan Gravenberch,h,10697,OpenPlay,2023,RightFoot,22251,Liverpool,Tottenham,4,2,2024-05-05 15:30:00,Harvey Elliott,Chipped
4314,582045,87,BlockedShot,0.7780000305175782,0.6170000076293946,0.029784921556711197,Ryan Gravenberch,h,10697,OpenPlay,2023,RightFoot,22271,Liverpool,Wolverhampton Wanderers,2,0,2024-05-19 15:00:00,Dominik Szoboszlai,Pass
4315,590868,69,SavedShot,0.774000015258789,0.6480000305175782,0.02473137155175209,Ryan Gravenberch,h,10697,OpenPlay,2024,RightFoot,26635,Liverpool,Nottingham Forest,0,1,2024-09-14 14:00:00,Dominik Szoboszlai,Pass
4316,592416,55,SavedShot,0.7040000152587891,0.5059999847412109,0.01858462765812874,Ryan Gravenberch,h,10697,OpenPlay,2024,RightFoot,26645,Liverpool,Bournemouth,3,0,2024-09-21 14:00:00,Luis Díaz,Pass
4317,595229,55,BlockedShot,0.7919999694824219,0.57,0.047513142228126526,Ryan Gravenberch,a,10697,OpenPlay,2024,RightFoot,26662,Crystal Palace,Liverpool,0,1,2024-10-05 11:30:00,Cody Gakpo,Pass
4318,599074,64,MissedShots,0.7180000305175781,0.5220000076293946,0.014679099433124065,Ryan Gravenberch,a,10697,OpenPlay,2024,RightFoot,26691,Arsenal,Liverpool,2,2,2024-10-27 16:30:00,,BallRecovery
4319,600161,84,BlockedShot,0.7580000305175781,0.48400001525878905,0.027355801314115524,Ryan Gravenberch,h,10697,OpenPlay,2024,RightFoot,26696,Liverpool,Brighton,2,1,2024-11-02 15:00:00,Luis Díaz,Pass
4320,601748,42,MissedShots,0.7969999694824219,0.600999984741211,0.016270870342850685,Ryan Gravenberch,h,10697,FromCorner,2024,RightFoot,26707,Liverpool,Aston Villa,2,0,2024-11-09 20:00:00,,Aerial
4321,603467,67,MissedShots,0.97,0.5229999923706055,0.6746103763580322,Ryan Gravenberch,a,10697,FromCorner,2024,RightFoot,26721,Southampton,Liverpool,2,3,2024-11-24 14:00:00,,None
4322,610323,28,MissedShots,0.7230000305175781,0.43400001525878906,0.013794475235044956,Ryan Gravenberch,h,10697,OpenPlay,2024,RightFoot,26797,Liverpool,Manchester United,2,2,2025-01-05 16:30:00,Virgil van Dijk,TakeOn
4323,610329,45,BlockedShot,0.8480000305175781,0.5520000076293945,0.10150483250617981,Ryan Gravenberch,h,10697,OpenPlay,2024,RightFoot,26797,Liverpool,Manchester United,2,2,2025-01-05 16:30:00,,TakeOn
