Season,Age,Squad,Country,Comp,LgRank,MP,Min,Mn/MP,Min%,90s,Starts,Mn/Start,Compl,Subs,Mn/Sub,unSub,PPM,onG,onGA,+/-,+/-90,On-Off,onxG,onxGA,xG+/-,xG+/-90,On-Off,Matches,Player
2011-2012,20,Real Sociedad,es ESP,1. La Liga,12th,26,2200,85,64.3,24.4,26,,23,0,,,,,,,,,,,,,,Matches,Iñigo Martínez
2012-2013,21,Real Sociedad,es ESP,1. La Liga,4th,34,3060,90,89.5,34.0,34,,34,0,,,,,,,,,,,,,,Matches,Iñigo Martínez
2013-2014,22,Real Sociedad,es ESP,1. La Liga,7th,35,3120,89,91.2,34.7,35,,34,0,,,,,,,,,,,,,,Matches,Iñigo Martínez
2014-2015,23,Real Sociedad,es ESP,1. La Liga,12th,34,3026,89,88.5,33.6,34,,33,0,,0,1.24,41,47,-6,-0.18,+0.05,,,,,,Matches,Iñigo Martínez
2015-2016,24,Real Sociedad,es ESP,1. La Liga,9th,30,2700,90,78.9,30.0,30,90,30,0,,1,1.20,36,39,-3,-0.10,-0.10,,,,,,Matches,Iñigo Martínez
2016-2017,25,Real Sociedad,es ESP,1. La Liga,6th,34,2997,88,87.6,33.3,34,88,32,0,,0,1.62,51,46,+5,+0.15,-0.06,,,,,,Matches,Iñigo Martínez
2017-2018,26,Real Sociedad,es ESP,1. La Liga,12th,12,1055,88,30.8,11.7,12,88,11,0,,0,1.08,16,19,-3,-0.26,-0.64,17.0,16.5,+0.5,+0.05,-0.05,Matches,Iñigo Martínez
2017-2018,26,Athletic Club,es ESP,1. La Liga,16th,16,1440,90,42.1,16.0,16,90,16,0,,0,1.00,17,25,-8,-0.50,-0.50,18.4,19.6,-1.2,-0.08,-0.10,Matches,Iñigo Martínez
2018-2019,27,Athletic Club,es ESP,1. La Liga,8th,33,2902,88,84.9,32.2,33,88,32,0,,1,1.30,33,40,-7,-0.22,-0.74,34.9,39.4,-4.4,-0.14,-0.52,Matches,Iñigo Martínez
2019-2020,28,Athletic Club,es ESP,1. La Liga,11th,33,2970,90,86.8,33.0,33,90,33,0,,2,1.42,38,32,+6,+0.18,+0.78,38.5,41.5,-3.0,-0.09,+0.78,Matches,Iñigo Martínez
2020-2021,29,Athletic Club,es ESP,1. La Liga,10th,28,2519,90,73.7,28.0,28,90,27,0,,3,1.11,33,34,-1,-0.04,-0.54,31.9,27.0,+4.9,+0.17,+0.13,Matches,Iñigo Martínez
2021-2022,30,Athletic Club,es ESP,1. La Liga,8th,27,2341,87,68.5,26.0,26,88,23,1,45,0,1.70,28,18,+10,+0.38,+0.63,31.2,25.0,+6.2,+0.24,-0.18,Matches,Iñigo Martínez
2022-2023,31,Athletic Club,es ESP,1. La Liga,8th,15,1338,89,39.1,14.9,15,89,14,0,,4,1.80,25,16,+9,+0.61,+0.82,22.7,12.6,+10.1,+0.68,+0.37,Matches,Iñigo Martínez
2023-2024,32,Barcelona,es ESP,1. La Liga,2nd,20,1296,65,37.9,14.4,13,89,12,7,20,7,2.45,27,11,+16,+1.11,+0.31,23.8,12.9,+10.9,+0.76,-0.30,Matches,Iñigo Martínez
2024-2025,33,Barcelona,es ESP,1. La Liga,1st,16,1420,89,92.8,15.8,16,89,14,0,,1,2.38,47,15,+32,+2.03,+2.85,40.8,20.1,+20.7,+1.31,+2.02,Matches,Iñigo Martínez
14 Seasons,14 Seasons,3 Clubs,,1 League,,393,34384,87,69.6,382.0,385,89,368,8,23,19,1.49,392,342,+50,+0.17,0.00,259.3,214.5,+44.8,+0.23,-0.06,,Iñigo Martínez
,,,Country,Comp,LgRank,MP,Min,Mn/MP,Min%,90s,Starts,Mn/Start,Compl,Subs,Mn/Sub,unSub,PPM,onG,onGA,+/-,+/-90,On-Off,onxG,onxGA,xG+/-,xG+/-90,On-Off,Matches,Iñigo Martínez
Real Sociedad (7 Seasons),Real Sociedad (7 Seasons),Real Sociedad (7 Seasons),,1 League,,205,18158,89,75.8,201.8,205,89,197,0,,1,1.33,144,151,-7,-0.06,-0.30,17.0,16.5,+0.5,+0.05,-0.05,,Iñigo Martínez
Athletic Club (6 Seasons),Athletic Club (6 Seasons),Athletic Club (6 Seasons),,1 League,,152,13510,89,65.8,150.1,151,89,145,1,45,10,1.38,174,165,+9,+0.06,+0.10,177.7,165.1,+12.6,+0.08,-0.06,,Iñigo Martínez
Barcelona (2 Seasons),Barcelona (2 Seasons),Barcelona (2 Seasons),,1 League,,36,2716,75,54.9,30.2,29,89,26,7,20,8,2.42,74,26,+48,+1.59,+0.87,64.6,33.0,+31.6,+1.05,+0.07,,Iñigo Martínez
2015,18,Avaí,br BRA,1. Série A,17th,0,,,,,0,,0,0,,1,,,,,,,,,,,,Matches,Raphinha
2015-2016,18,Vitória,pt POR,1. Primeira Liga,10th,1,18,18,0.6,0.2,0,,,1,,0,,,,,,,,,,,,Matches,Raphinha
2016-2017,19,Vitória,pt POR,1. Primeira Liga,4th,32,1695,53,55.4,18.8,18,,,14,,1,,,,,,,,,,,,Matches,Raphinha
2017-2018,20,Vitória,pt POR,1. Primeira Liga,9th,32,2785,87,91.0,30.9,32,,,0,,0,,,,,,,,,,,,Matches,Raphinha
2018-2019,21,Sporting CP,pt POR,1. Primeira Liga,3rd,24,1510,63,49.3,16.8,16,83,8,8,22,2,1.96,27,18,+9,+0.54,-1.21,29.9,19.7,+10.2,+0.61,-0.18,Matches,Raphinha
2019-2020,22,Sporting CP,pt POR,1. Primeira Liga,4th,4,360,90,11.8,4.0,4,90,4,0,,0,1.75,8,6,+2,+0.50,+0.07,5.7,7.5,-1.8,-0.45,-0.94,Matches,Raphinha
2019-2020,22,Rennes,fr FRA,1. Ligue 1,3rd,22,1690,77,67.1,18.8,20,83,13,2,20,0,1.82,25,16,+9,+0.48,-0.06,26.4,17.4,+8.9,+0.47,+0.69,Matches,Raphinha
2020-2021,23,Rennes,fr FRA,1. Ligue 1,6th,6,404,67,11.8,4.5,5,77,1,1,21,0,2.33,8,6,+2,+0.45,+0.15,5.3,3.9,+1.5,+0.33,+0.08,Matches,Raphinha
2020-2021,23,Leeds United,eng ENG,Jr. PL2 — Div. 2,1st,1,90,90,4.2,1.0,1,90,1,0,,0,3.00,2,0,+2,+2.00,+0.65,,,,,,Matches,Raphinha
2020-2021,23,Leeds United,eng ENG,1. Premier League,9th,30,2360,79,69.0,26.2,26,87,19,4,24,0,1.67,44,34,+10,+0.38,+0.55,37.9,40.1,-2.3,-0.09,-0.09,Matches,Raphinha
2021-2022,24,Leeds United,eng ENG,1. Premier League,17th,35,2915,83,85.2,32.4,34,84,26,1,45,0,1.00,34,68,-34,-1.05,-0.52,37.2,57.5,-20.3,-0.63,-0.07,Matches,Raphinha
2022-2023,25,Barcelona,es ESP,1. La Liga,1st,36,2072,58,60.6,23.0,25,72,2,11,24,1,2.28,34,9,+25,+1.09,-0.58,44.9,18.1,+26.8,+1.16,+0.13,Matches,Raphinha
2023-2024,26,Barcelona,es ESP,1. La Liga,2nd,28,1368,49,40.0,15.2,17,68,4,11,19,2,2.14,30,14,+16,+1.05,+0.22,31.0,15.1,+15.9,+1.05,+0.17,Matches,Raphinha
2024-2025,27,Barcelona,es ESP,1. La Liga,1st,17,1406,83,91.9,15.6,16,86,12,1,32,0,2.24,46,14,+32,+2.05,+2.77,39.4,19.5,+20.0,+1.28,+1.34,Matches,Raphinha
10 Seasons,10 Seasons,6 Clubs,,5 Leagues,,267,18583,70,46.6,206.5,213,81,89,54,23,7,1.85,256,185,+71,+0.45,-0.20,257.7,198.8,+58.9,+0.38,-0.08,,Raphinha
,,,Country,Comp,LgRank,MP,Min,Mn/MP,Min%,90s,Starts,Mn/Start,Compl,Subs,Mn/Sub,unSub,PPM,onG,onGA,+/-,+/-90,On-Off,onxG,onxGA,xG+/-,xG+/-90,On-Off,Matches,Raphinha
Barcelona (3 Seasons),Barcelona (3 Seasons),Barcelona (3 Seasons),,1 League,,81,4846,60,57.9,53.8,58,75,18,23,22,3,2.22,110,37,+73,+1.36,+0.26,115.4,52.7,+62.7,+1.16,+0.26,,Raphinha
Vitória (3 Seasons),Vitória (3 Seasons),Vitória (3 Seasons),,1 League,,65,4498,69,49.0,50.0,50,,,15,,1,,,,,,,,,,,,,Raphinha
Leeds United (2 Seasons),Leeds United (2 Seasons),Leeds United (2 Seasons),,1 League,,65,5275,81,77.1,58.6,60,86,45,5,28,0,1.31,78,102,-24,-0.41,-0.12,75.1,97.7,-22.6,-0.39,-0.21,,Raphinha
Sporting CP (2 Seasons),Sporting CP (2 Seasons),Sporting CP (2 Seasons),,1 League,,28,1870,67,30.6,20.8,20,85,12,8,22,2,1.93,35,24,+11,+0.53,-0.38,35.6,27.2,+8.4,+0.41,-0.20,,Raphinha
Rennes (2 Seasons),Rennes (2 Seasons),Rennes (2 Seasons),,1 League,,28,2094,75,35.3,23.3,25,81,14,3,20,0,1.93,33,22,+11,+0.47,+0.12,31.7,21.3,+10.4,+0.45,+0.30,,Raphinha
Leeds United (1 Season),Leeds United (1 Season),Leeds United (1 Season),,1 League,,1,90,90,4.2,1.0,1,90,1,0,,0,3.00,2,0,+2,+2.00,+0.65,,,,,,,Raphinha
Avaí (1 Season),Avaí (1 Season),Avaí (1 Season),,1 League,,0,,,,,0,,0,0,,1,,,,,,,,,,,,,Raphinha
,,,,,,,,,,,,,,,,,,,,,,,,,,,,,Raphinha
Primeira Liga (5 Seasons),Primeira Liga (5 Seasons),Primeira Liga (5 Seasons),,,,93,6368,68,41.6,70.8,70,85,12,23,22,3,1.93,35,24,+11,+0.53,-0.38,35.6,27.2,+8.4,+0.41,-0.20,,Raphinha
La Liga (3 Seasons),La Liga (3 Seasons),La Liga (3 Seasons),,,,81,4846,60,57.9,53.8,58,75,18,23,22,3,2.22,110,37,+73,+1.36,+0.26,115.4,52.7,+62.7,+1.16,+0.26,,Raphinha
Premier League (2 Seasons),Premier League (2 Seasons),Premier League (2 Seasons),,,,65,5275,81,77.1,58.6,60,86,45,5,28,0,1.31,78,102,-24,-0.41,-0.12,75.1,97.7,-22.6,-0.39,-0.21,,Raphinha
Ligue 1 (2 Seasons),Ligue 1 (2 Seasons),Ligue 1 (2 Seasons),,,,28,2094,75,35.3,23.3,25,81,14,3,20,0,1.93,33,22,+11,+0.47,+0.12,31.7,21.3,+10.4,+0.45,+0.30,,Raphinha
PL2 — Div. 2 (1 Season),PL2 — Div. 2 (1 Season),PL2 — Div. 2 (1 Season),,,,1,90,90,4.2,1.0,1,90,1,0,,0,3.00,2,0,+2,+2.00,+0.65,,,,,,,Raphinha
Série A (1 Season),Série A (1 Season),Série A (1 Season),,,,0,,,,,0,,0,0,,1,,,,,,,,,,,,,Raphinha
2023-2024,16,Barcelona,es ESP,1. La Liga,2nd,19,1558,82,45.6,17.3,18,84,13,1,45,7,2.32,36,21,15,0.87,-0.1,31.3,19.9,11.4,0.66,-0.53,Matches,Pau Cubarsí
2024-2025,17,Barcelona,es ESP,1. La Liga,1st,17,1381,81,90.3,15.3,16,84,11,1,32,0,2.24,42,17,25,1.63,-1.99,36.8,19.1,17.6,1.15,-0.21,Matches,Pau Cubarsí
2 Seasons,2 Seasons,1 Club,,1 League,,36,2939,82,59.4,32.7,34,84,24,2,39,7,2.28,78,38,40,1.22,0.06,68.1,39.1,29.0,0.89,-0.31,,Pau Cubarsí
2008-2009,19,Lech Poznań,pl POL,1. Ekstraklasa,3rd,30,2427,81,89.9,27.0,27,,,3,,,,,,,,,,,,,,Matches,Robert Lewandowski
2009-2010,20,Lech Poznań,pl POL,1. Ekstraklasa,1st,28,2514,90,93.1,27.9,28,,,0,,,,,,,,,,,,,,Matches,Robert Lewandowski
2010-2011,21,Dortmund,de GER,1. Bundesliga,1st,33,1591,48,52.0,17.7,15,,6,18,,,,,,,,,,,,,,Matches,Robert Lewandowski
2011-2012,22,Dortmund,de GER,1. Bundesliga,1st,34,2868,84,93.7,31.9,34,,20,0,,,,,,,,,,,,,,Matches,Robert Lewandowski
2012-2013,23,Dortmund,de GER,1. Bundesliga,2nd,31,2595,84,84.8,28.8,29,,27,2,,,,,,,,,,,,,,Matches,Robert Lewandowski
2013-2014,24,Dortmund,de GER,1. Bundesliga,2nd,33,2799,85,91.5,31.1,31,,25,2,,,,,,,,,,,,,,Matches,Robert Lewandowski
2014-2015,25,Bayern Munich,de GER,1. Bundesliga,1st,31,2480,80,81.0,27.6,28,,17,3,,1,2.35,66,13,+53,+1.92,+0.53,,,,,,Matches,Robert Lewandowski
2015-2016,26,Bayern Munich,de GER,1. Bundesliga,1st,32,2653,83,86.7,29.5,29,,26,3,,1,2.63,71,14,+57,+1.93,+0.61,,,,,,Matches,Robert Lewandowski
2016-2017,27,Bayern Munich,de GER,1. Bundesliga,1st,33,2775,84,90.7,30.8,31,,28,2,,0,2.45,84,20,+64,+2.08,+1.13,,,,,,Matches,Robert Lewandowski
2017-2018,28,Bayern Munich,de GER,1. Bundesliga,1st,30,2172,72,71.0,24.1,24,,20,6,,3,2.40,64,21,+43,+1.78,-0.35,58.5,21.6,+37.0,+1.53,+0.81,Matches,Robert Lewandowski
2018-2019,29,Bayern Munich,de GER,1. Bundesliga,1st,33,2957,90,96.6,32.9,33,90,31,0,,1,2.33,87,31,+56,+1.70,+1.70,84.0,25.8,+58.2,+1.77,+1.58,Matches,Robert Lewandowski
2019-2020,30,Bayern Munich,de GER,1. Bundesliga,1st,31,2759,89,90.2,30.7,31,89,29,0,,0,2.35,89,30,+59,+1.92,-0.77,79.5,35.0,+44.5,+1.45,-0.67,Matches,Robert Lewandowski
2020-2021,31,Bayern Munich,de GER,1. Bundesliga,1st,29,2458,85,80.3,27.3,28,87,22,1,34,0,2.24,85,37,+48,+1.76,+0.71,66.0,32.9,+33.1,+1.21,+0.81,Matches,Robert Lewandowski
2021-2022,32,Bayern Munich,de GER,1. Bundesliga,1st,34,2946,87,96.3,32.7,34,87,28,0,,0,2.26,92,36,+56,+1.71,-1.45,84.8,35.3,+49.4,+1.51,-1.06,Matches,Robert Lewandowski
2022-2023,33,Barcelona,es ESP,1. La Liga,1st,34,2847,84,83.2,31.6,33,85,27,1,34,0,2.24,62,20,+42,+1.33,+0.07,66.5,26.1,+40.3,+1.28,+0.96,Matches,Robert Lewandowski
2023-2024,34,Barcelona,es ESP,1. La Liga,2nd,35,2750,79,80.4,30.6,32,83,20,3,31,0,2.23,67,35,+32,+1.05,+0.64,61.5,34.6,+26.9,+0.88,-0.33,Matches,Robert Lewandowski
2024-2025,35,Barcelona,es ESP,1. La Liga,1st,16,1321,83,86.3,14.7,16,83,9,0,,1,2.19,39,13,+26,+1.77,-0.38,33.5,18.3,+15.2,+1.04,-0.97,Matches,Robert Lewandowski
17 Seasons,17 Seasons,4 Clubs,,3 Leagues,,527,42912,81,85.0,476.8,483,86,335,44,32,7,2.34,806,270,+536,+1.72,+0.29,534.3,229.6,+304.7,+1.36,+0.42,,Robert Lewandowski
,,,Country,Comp,LgRank,MP,Min,Mn/MP,Min%,90s,Starts,Mn/Start,Compl,Subs,Mn/Sub,unSub,PPM,onG,onGA,+/-,+/-90,On-Off,onxG,onxGA,xG+/-,xG+/-90,On-Off,Matches,Robert Lewandowski
Bayern Munich (8 Seasons),Bayern Munich (8 Seasons),Bayern Munich (8 Seasons),,1 League,,253,21200,84,86.6,235.6,238,88,201,15,34,6,2.38,638,202,+436,+1.85,+0.23,372.8,150.6,+222.2,+1.50,+0.59,,Robert Lewandowski
Dortmund (4 Seasons),Dortmund (4 Seasons),Dortmund (4 Seasons),,1 League,,131,9853,75,80.5,109.5,109,,78,22,,,,,,,,,,,,,,,Robert Lewandowski
Barcelona (3 Seasons),Barcelona (3 Seasons),Barcelona (3 Seasons),,1 League,,85,6918,81,82.7,76.9,81,84,56,4,32,1,2.23,168,68,+100,+1.30,+0.31,161.5,79.0,+82.5,+1.07,+0.10,,Robert Lewandowski
Lech Poznań (2 Seasons),Lech Poznań (2 Seasons),Lech Poznań (2 Seasons),,1 League,,58,4941,85,91.5,54.9,55,,,3,,,,,,,,,,,,,,,Robert Lewandowski
,,,,,,,,,,,,,,,,,,,,,,,,,,,,,Robert Lewandowski
Bundesliga (12 Seasons),Bundesliga (12 Seasons),Bundesliga (12 Seasons),,,,384,31053,81,84.6,345.0,347,88,279,37,34,6,2.38,638,202,+436,+1.85,+0.23,372.8,150.6,+222.2,+1.50,+0.59,,Robert Lewandowski
La Liga (3 Seasons),La Liga (3 Seasons),La Liga (3 Seasons),,,,85,6918,81,82.7,76.9,81,84,56,4,32,1,2.23,168,68,+100,+1.30,+0.31,161.5,79.0,+82.5,+1.07,+0.10,,Robert Lewandowski
Ekstraklasa (2 Seasons),Ekstraklasa (2 Seasons),Ekstraklasa (2 Seasons),,,,58,4941,85,91.5,54.9,55,,,3,,,,,,,,,,,,,,,Robert Lewandowski
2017-2018,18,Bordeaux,fr FRA,1. Ligue 1,6th,18,1589,88,46.5,17.7,17,90,17,1,59,2,1.89,31,19,+12,+0.68,+1.02,25.3,19.9,+5.4,+0.30,+0.20,Matches,Jules Koundé
2018-2019,19,Bordeaux,fr FRA,1. Ligue 1,14th,37,3330,90,97.4,37.0,37,90,37,0,,0,1.11,34,41,-7,-0.19,+0.81,39.2,52.6,-13.5,-0.36,-0.09,Matches,Jules Koundé
2019-2020,20,Sevilla,es ESP,1. La Liga,4th,29,2309,80,67.5,25.7,25,89,24,4,23,8,2.03,39,22,+17,+0.66,+0.42,34.8,24.2,+10.6,+0.41,-0.11,Matches,Jules Koundé
2020-2021,21,Sevilla,es ESP,1. La Liga,4th,34,2975,88,87.0,33.1,33,90,32,1,10,1,2.18,48,28,+20,+0.61,+0.61,47.0,30.6,+16.4,+0.50,-0.15,Matches,Jules Koundé
2021-2022,22,Sevilla,es ESP,1. La Liga,4th,32,2736,86,80.0,30.4,31,87,28,1,33,0,1.81,45,25,+20,+0.66,+0.26,35.3,32.0,+3.3,+0.11,-0.17,Matches,Jules Koundé
2022-2023,23,Barcelona,es ESP,1. La Liga,1st,29,2426,84,70.9,27.0,28,86,24,1,9,2,2.38,51,12,+39,+1.45,+0.45,53.0,21.6,+31.4,+1.16,+0.17,Matches,Jules Koundé
2023-2024,24,Barcelona,es ESP,1. La Liga,2nd,35,2899,83,84.8,32.2,32,88,30,3,29,2,2.31,69,38,+31,+0.96,+0.27,66.9,37.0,+29.9,+0.93,-0.12,Matches,Jules Koundé
2024-2025,25,Barcelona,es ESP,1. La Liga,1st,17,1345,79,87.9,14.9,15,87,13,2,19,0,2.24,43,17,+26,+1.74,-0.69,36.8,21.2,+15.7,+1.05,-1.00,Matches,Jules Koundé
8 Seasons,8 Seasons,3 Clubs,,2 Leagues,,231,19609,85,77.0,217.9,218,88,205,13,25,15,1.97,360,202,+158,+0.73,+0.45,338.3,239.2,+99.1,+0.45,-0.08,,Jules Koundé
,,,Country,Comp,LgRank,MP,Min,Mn/MP,Min%,90s,Starts,Mn/Start,Compl,Subs,Mn/Sub,unSub,PPM,onG,onGA,+/-,+/-90,On-Off,onxG,onxGA,xG+/-,xG+/-90,On-Off,Matches,Jules Koundé
Sevilla (3 Seasons),Sevilla (3 Seasons),Sevilla (3 Seasons),,1 League,,95,8020,84,78.2,89.1,89,89,84,6,22,9,2.01,132,75,+57,+0.64,+0.40,117.2,86.8,+30.4,+0.34,-0.13,,Jules Koundé
Barcelona (3 Seasons),Barcelona (3 Seasons),Barcelona (3 Seasons),,1 League,,81,6670,82,79.7,74.1,75,87,67,6,22,4,2.32,163,67,+96,+1.30,+0.24,156.7,79.8,+76.9,+1.04,-0.09,,Jules Koundé
Bordeaux (2 Seasons),Bordeaux (2 Seasons),Bordeaux (2 Seasons),,1 League,,55,4919,89,71.9,54.7,54,90,54,1,59,2,1.37,65,60,+5,+0.09,+0.47,64.5,72.6,-8.1,-0.15,-0.23,,Jules Koundé
,,,,,,,,,,,,,,,,,,,,,,,,,,,,,Jules Koundé
La Liga (6 Seasons),La Liga (6 Seasons),La Liga (6 Seasons),,,,176,14690,83,78.9,163.2,164,88,151,12,22,13,2.15,295,142,+153,+0.94,+0.34,273.9,166.7,+107.2,+0.66,-0.10,,Jules Koundé
Ligue 1 (2 Seasons),Ligue 1 (2 Seasons),Ligue 1 (2 Seasons),,,,55,4919,89,71.9,54.7,54,90,54,1,59,2,1.37,65,60,+5,+0.09,+0.47,64.5,72.6,-8.1,-0.15,-0.23,,Jules Koundé
2019-2020,16,Las Palmas,es ESP,2. La Liga 2,9th,36,2823,78,74.7,31.4,34,82,19,2,20,0,1.56,43,29,+14,+0.45,+1.48,39.8,31.4,+8.4,+0.27,+0.79,Matches,Pedri
2020-2021,17,Barcelona,es ESP,1. La Liga,3rd,37,2415,65,70.6,26.8,28,76,6,9,32,0,2.05,66,26,+40,+1.49,+0.86,56.8,26.4,+30.4,+1.13,+0.93,Matches,Pedri
2021-2022,18,Barcelona,es ESP,1. La Liga,2nd,12,885,74,25.9,9.8,10,82,4,2,33,0,2.67,28,9,+19,+1.93,+1.54,23.4,9.1,+14.3,+1.45,+0.93,Matches,Pedri
2022-2023,19,Barcelona,es ESP,1. La Liga,1st,26,1976,76,57.8,22.0,22,83,12,4,38,0,2.62,47,9,+38,+1.73,+0.98,48.6,17.6,+31.0,+1.41,+0.70,Matches,Pedri
2023-2024,20,Barcelona,es ESP,1. La Liga,2nd,24,1476,62,43.2,16.4,16,78,3,8,29,0,2.08,32,20,+12,+0.73,-0.33,34.0,18.2,+15.8,+0.96,+0.03,Matches,Pedri
2024-2025,21,Barcelona,es ESP,1. La Liga,1st,17,1245,73,81.4,13.8,15,80,4,2,21,0,2.24,38,13,+25,+1.81,-0.09,30.8,18.2,+12.6,+0.91,-1.40,Matches,Pedri
6 Seasons,6 Seasons,2 Clubs,,2 Leagues,,152,10820,71,57.0,120.2,125,80,48,27,30,0,2.11,254,106,+148,+1.23,+0.70,233.4,121.0,+112.4,+0.93,+0.38,,Pedri
,,,Country,Comp,LgRank,MP,Min,Mn/MP,Min%,90s,Starts,Mn/Start,Compl,Subs,Mn/Sub,unSub,PPM,onG,onGA,+/-,+/-90,On-Off,onxG,onxGA,xG+/-,xG+/-90,On-Off,Matches,Pedri
Barcelona (5 Seasons),Barcelona (5 Seasons),Barcelona (5 Seasons),,1 League,,116,7997,69,52.6,88.9,91,79,29,25,31,0,2.28,211,77,+134,+1.51,+0.77,193.5,89.6,+104.0,+1.17,+0.47,,Pedri
Las Palmas (1 Season),Las Palmas (1 Season),Las Palmas (1 Season),,1 League,,36,2823,78,74.7,31.4,34,82,19,2,20,0,1.56,43,29,+14,+0.45,+1.48,39.8,31.4,+8.4,+0.27,+0.79,,Pedri
,,,,,,,,,,,,,,,,,,,,,,,,,,,,,Pedri
La Liga (5 Seasons),La Liga (5 Seasons),La Liga (5 Seasons),,,,116,7997,69,52.6,88.9,91,79,29,25,31,0,2.28,211,77,+134,+1.51,+0.77,193.5,89.6,+104.0,+1.17,+0.47,,Pedri
La Liga 2 (1 Season),La Liga 2 (1 Season),La Liga 2 (1 Season),,,,36,2823,78,74.7,31.4,34,82,19,2,20,0,1.56,43,29,+14,+0.45,+1.48,39.8,31.4,+8.4,+0.27,+0.79,,Pedri
2022-2023,15,Barcelona,es ESP,1. La Liga,1st,1,8,8,0.2,0.1,0,,0,1,8,3,3.0,0,0,0,0.0,-1.32,0.5,0.0,0.5,5.65,4.55,Matches,Lamine Yamal
2023-2024,16,Barcelona,es ESP,1. La Liga,2nd,37,2201,59,64.4,24.5,22,83.0,12,15,25,1,2.22,57,33,24,0.98,0.17,52.3,30.5,21.8,0.89,-0.15,Matches,Lamine Yamal
2024-2025,17,Barcelona,es ESP,1. La Liga,1st,15,1200,80,78.4,13.3,13,86.0,7,2,39,0,2.47,45,13,32,2.4,2.67,36.8,15.2,21.6,1.62,2.08,Matches,Lamine Yamal
3 Seasons,3 Seasons,1 Club,,1 League,,53,3409,64,40.7,37.9,35,84.0,19,18,25,4,2.31,102,46,56,1.48,0.39,89.6,45.7,43.9,1.16,0.17,,Lamine Yamal
2021-2022,17,Barcelona,es ESP,1. La Liga,2nd,5,188,38,5.5,2.1,2,65,0,3,19,13,1.4,0,4,-4,-1.91,-2.86,0.7,1.9,-1.2,-0.57,-1.41,Matches,Alejandro Balde
2022-2023,18,Barcelona,es ESP,1. La Liga,1st,33,2471,75,72.3,27.5,30,81,21,3,9,4,2.45,48,15,33,1.2,-0.41,53.8,25.9,27.9,1.02,-0.35,Matches,Alejandro Balde
2023-2024,19,Barcelona,es ESP,1. La Liga,2nd,18,1378,77,40.3,15.3,15,87,12,3,26,2,2.11,29,17,12,0.78,-0.23,34.9,14.9,20.0,1.31,0.61,Matches,Alejandro Balde
2024-2025,20,Barcelona,es ESP,1. La Liga,1st,15,1108,74,72.4,12.3,13,82,7,2,24,2,2.27,40,10,30,2.44,2.22,32.5,15.2,17.3,1.4,0.84,Matches,Alejandro Balde
4 Seasons,4 Seasons,1 Club,,1 League,,71,5145,72,43.6,57.2,60,82,40,11,19,21,2.25,117,46,71,1.24,0.23,122.0,58.0,64.0,1.12,0.27,,Alejandro Balde
2022-2023,18,Barcelona,es ESP,1. La Liga,1st,0,,,,,0,,0,0,,8,,,,,,,,,,,,Matches,Marc Casado
2023-2024,19,Barcelona,es ESP,1. La Liga,2nd,2,15.0,8.0,0.4,0.2,0,,0,2,8.0,19,3.0,0.0,0.0,0.0,0.0,-0.93,0.1,0.3,-0.2,-1.19,-2.14,Matches,Marc Casado
2024-2025,20,Barcelona,es ESP,1. La Liga,1st,14,1024.0,73.0,66.9,11.4,12,81.0,7,2,27.0,2,2.29,34.0,9.0,25.0,2.2,1.13,28.6,14.7,13.9,1.22,0.15,Matches,Marc Casado
3 Seasons,3 Seasons,1 Club,,1 League,,16,1039.0,65.0,12.4,11.5,12,81.0,7,4,17.0,29,2.38,34.0,9.0,25.0,2.17,1.22,28.7,15.0,13.7,1.19,0.22,,Marc Casado
2018-2019,19,Barcelona,es ESP,1. La Liga,1st,0,,,,,0,,0,0,,9,,,,,,,,,,,,Matches,Iñaki Peña
2019-2020,20,Barcelona,es ESP,1. La Liga,2nd,0,,,,,0,,0,0,,16,,,,,,,,,,,,Matches,Iñaki Peña
2020-2021,21,Barcelona,es ESP,1. La Liga,3rd,0,,,,,0,,0,0,,24,,,,,,,,,,,,Matches,Iñaki Peña
2021-2022,22,Galatasaray,tr TUR,1. Süper Lig,13th,6,540,90,15.8,6.0,6,90,6,0,,5,1.83,11,9,+2,+0.33,+0.46,,,,,,Matches,Iñaki Peña
2021-2022,22,Barcelona,es ESP,1. La Liga,2nd,0,,,,,0,,0,0,,18,,,,,,,,,,,,Matches,Iñaki Peña
2022-2023,23,Barcelona,es ESP,1. La Liga,1st,2,73,37,2.1,0.8,0,,0,2,37,36,0.00,2,2,0,0.00,-1.34,1.2,1.4,-0.2,-0.29,-1.43,Matches,Iñaki Peña
2023-2024,24,Barcelona,es ESP,1. La Liga,2nd,10,900,90,26.3,10.0,10,90,10,0,,25,2.00,21,17,+4,+0.40,-0.71,24.6,11.9,+12.7,+1.27,+0.44,Matches,Iñaki Peña
2024-2025,25,Barcelona,es ESP,1. La Liga,1st,12,1036,86,67.7,11.5,11,90,11,1,46,5,1.92,31,14,+17,+1.48,-1.07,27.2,16.7,+10.5,+0.91,-0.79,Matches,Iñaki Peña
7 Seasons,7 Seasons,2 Clubs,,2 Leagues,,30,2549,85,10.0,28.3,27,90,27,3,40,138,1.80,65,42,+23,+0.81,-0.07,53.0,30.0,+23.0,+1.03,-0.03,,Iñaki Peña
,,,Country,Comp,LgRank,MP,Min,Mn/MP,Min%,90s,Starts,Mn/Start,Compl,Subs,Mn/Sub,unSub,PPM,onG,onGA,+/-,+/-90,On-Off,onxG,onxGA,xG+/-,xG+/-90,On-Off,Matches,Iñaki Peña
Barcelona (7 Seasons),Barcelona (7 Seasons),Barcelona (7 Seasons),,1 League,,24,2009,84,9.1,22.3,21,90,21,3,40,133,1.79,54,33,+21,+0.94,-0.40,53.0,30.0,+23.0,+1.03,-0.03,,Iñaki Peña
Galatasaray (1 Season),Galatasaray (1 Season),Galatasaray (1 Season),,1 League,,6,540,90,15.8,6.0,6,90,6,0,,5,1.83,11,9,+2,+0.33,+0.46,,,,,,,Iñaki Peña
,,,,,,,,,,,,,,,,,,,,,,,,,,,,,Iñaki Peña
La Liga (7 Seasons),La Liga (7 Seasons),La Liga (7 Seasons),,,,24,2009,84,9.1,22.3,21,90,21,3,40,133,1.79,54,33,+21,+0.94,-0.40,53.0,30.0,+23.0,+1.03,-0.03,,Iñaki Peña
Süper Lig (1 Season),Süper Lig (1 Season),Süper Lig (1 Season),,,,6,540,90,15.8,6.0,6,90,6,0,,5,1.83,11,9,+2,+0.33,+0.46,,,,,,,Iñaki Peña
2014-2015,16,Dinamo Zagreb,hr CRO,1. 1. HNL,1st,5,71,14,2.3,0.8,0,,0,5,,4,2.60,1,2,-1,-1.27,-3.17,,,,,,Matches,Dani Olmo
2015-2016,17,Dinamo Zagreb,hr CRO,1. 1. HNL,1st,1,45,45,1.4,0.5,0,,0,1,,0,3.00,2,0,+2,+4.00,+2.70,,,,,,Matches,Dani Olmo
2016-2017,18,Dinamo Zagreb,hr CRO,1. 1. HNL,2nd,14,836,60,25.8,9.3,8,,7,6,,6,2.79,25,5,+20,+2.15,+1.25,,,,,,Matches,Dani Olmo
2017-2018,19,Dinamo Zagreb,hr CRO,1. 1. HNL,1st,26,2101,81,64.8,23.3,23,,16,3,,1,2.27,49,22,+27,+1.16,+0.60,,,,,,Matches,Dani Olmo
2018-2019,20,Dinamo Zagreb,hr CRO,1. 1. HNL,1st,25,1590,64,49.1,17.7,16,86,12,9,24,5,2.48,30,5,+25,+1.42,-0.17,,,,,,Matches,Dani Olmo
2019-2020,21,Dinamo Zagreb,hr CRO,1. 1. HNL,1st,9,741,82,22.9,8.2,9,82,4,0,,6,2.78,19,1,+18,+2.19,+1.32,,,,,,Matches,Dani Olmo
2019-2020,21,RB Leipzig,de GER,1. Bundesliga,3rd,12,747,62,24.4,8.3,9,71,1,3,35,3,1.75,20,5,+15,+1.81,+0.68,17.0,7.3,+9.7,+1.17,+0.28,Matches,Dani Olmo
2020-2021,22,RB Leipzig,de GER,1. Bundesliga,2nd,32,2194,69,71.7,24.4,26,78,8,6,27,0,2.00,46,20,+26,+1.07,+0.86,46.2,19.3,+26.9,+1.10,+0.26,Matches,Dani Olmo
2021-2022,23,RB Leipzig,de GER,1. Bundesliga,4th,19,743,39,24.3,8.3,7,71,1,12,21,1,1.84,22,14,+8,+0.97,-0.08,14.0,11.0,+3.0,+0.36,-0.48,Matches,Dani Olmo
2022-2023,24,RB Leipzig,de GER,1. Bundesliga,3rd,23,1282,56,41.9,14.2,15,74,4,8,21,0,2.00,32,16,+16,+1.12,+0.77,28.6,11.6,+17.0,+1.19,+0.77,Matches,Dani Olmo
2023-2024,25,RB Leipzig,de GER,1. Bundesliga,4th,21,1449,69,47.4,16.1,17,82,7,4,16,0,2.00,41,20,+21,+1.30,+0.35,27.3,18.0,+9.3,+0.58,-0.32,Matches,Dani Olmo
2024-2025,26,Barcelona,es ESP,1. La Liga,1st,9,531,59,34.7,5.9,6,69,0,3,39,2,2.22,21,3,+18,+3.05,+1.88,15.9,8.4,+7.5,+1.27,+0.15,Matches,Dani Olmo
11 Seasons,11 Seasons,3 Clubs,,3 Leagues,,196,12330,63,34.1,137.0,136,78,60,60,24,28,2.19,308,113,+195,+1.42,+0.33,149.0,75.6,+73.4,+0.95,+0.14,,Dani Olmo
,,,Country,Comp,LgRank,MP,Min,Mn/MP,Min%,90s,Starts,Mn/Start,Compl,Subs,Mn/Sub,unSub,PPM,onG,onGA,+/-,+/-90,On-Off,onxG,onxGA,xG+/-,xG+/-90,On-Off,Matches,Dani Olmo
Dinamo Zagreb (6 Seasons),Dinamo Zagreb (6 Seasons),Dinamo Zagreb (6 Seasons),,1 League,,80,5384,67,27.8,59.8,56,85,39,24,24,22,2.51,126,35,+91,+1.52,+0.26,,,,,,,Dani Olmo
RB Leipzig (5 Seasons),RB Leipzig (5 Seasons),RB Leipzig (5 Seasons),,1 League,,107,6415,60,41.9,71.3,74,77,21,33,23,4,1.94,161,75,+86,+1.21,+0.38,133.1,67.2,+65.9,+0.92,+0.14,,Dani Olmo
Barcelona (1 Season),Barcelona (1 Season),Barcelona (1 Season),,1 League,,9,531,59,34.7,5.9,6,69,0,3,39,2,2.22,21,3,+18,+3.05,+1.88,15.9,8.4,+7.5,+1.27,+0.15,,Dani Olmo
,,,,,,,,,,,,,,,,,,,,,,,,,,,,,Dani Olmo
1. HNL (6 Seasons),1. HNL (6 Seasons),1. HNL (6 Seasons),,,,80,5384,67,27.8,59.8,56,85,39,24,24,22,2.51,126,35,+91,+1.52,+0.26,,,,,,,Dani Olmo
Bundesliga (5 Seasons),Bundesliga (5 Seasons),Bundesliga (5 Seasons),,,,107,6415,60,41.9,71.3,74,77,21,33,23,4,1.94,161,75,+86,+1.21,+0.38,133.1,67.2,+65.9,+0.92,+0.14,,Dani Olmo
La Liga (1 Season),La Liga (1 Season),La Liga (1 Season),,,,9,531,59,34.7,5.9,6,69,0,3,39,2,2.22,21,3,+18,+3.05,+1.88,15.9,8.4,+7.5,+1.27,+0.15,,Dani Olmo
2010-2011,18,Gladbach,de GER,1. Bundesliga,16th,6,540,90,17.6,6.0,6,,6,0,,,,,,,,,,,,,,Matches,Marc-André ter Stegen
2011-2012,19,Gladbach,de GER,1. Bundesliga,4th,34,3060,90,100.0,34.0,34,,34,0,,,,,,,,,,,,,,Matches,Marc-André ter Stegen
2012-2013,20,Gladbach,de GER,1. Bundesliga,8th,34,3046,90,99.5,33.8,34,,33,0,,,,,,,,,,,,,,Matches,Marc-André ter Stegen
2013-2014,21,Gladbach,de GER,1. Bundesliga,6th,34,3060,90,100.0,34.0,34,,34,0,,,,,,,,,,,,,,Matches,Marc-André ter Stegen
2014-2015,22,Barcelona,es ESP,1. La Liga,1st,0,,,,,0,,0,0,,35,,,,,,,,,,,,Matches,Marc-André ter Stegen
2015-2016,23,Barcelona,es ESP,1. La Liga,1st,7,543,78,15.9,6.0,6,90,6,1,3,31,2.57,17,7,+10,+1.66,-0.63,,,,,,Matches,Marc-André ter Stegen
2016-2017,24,Barcelona,es ESP,1. La Liga,2nd,36,3240,90,94.7,36.0,36,90,36,0,,0,2.42,109,33,+76,+2.11,+0.61,,,,,,Matches,Marc-André ter Stegen
2017-2018,25,Barcelona,es ESP,1. La Liga,1st,37,3330,90,97.4,37.0,37,90,37,0,,1,2.43,94,28,+66,+1.78,-2.22,80.7,41.0,+39.8,+1.07,-0.73,Matches,Marc-André ter Stegen
2018-2019,26,Barcelona,es ESP,1. La Liga,1st,35,3150,90,92.1,35.0,35,90,35,0,,1,2.37,86,32,+54,+1.54,+1.54,71.8,40.7,+31.1,+0.89,+1.11,Matches,Marc-André ter Stegen
2019-2020,27,Barcelona,es ESP,1. La Liga,2nd,36,3240,90,94.7,36.0,36,90,36,0,,1,2.17,79,36,+43,+1.19,-1.31,60.7,37.3,+23.5,+0.65,-1.64,Matches,Marc-André ter Stegen
2020-2021,28,Barcelona,es ESP,1. La Liga,3rd,31,2790,90,81.6,31.0,31,90,31,0,,0,2.19,74,32,+42,+1.35,+0.64,64.5,31.1,+33.4,+1.08,+1.18,Matches,Marc-André ter Stegen
2021-2022,29,Barcelona,es ESP,1. La Liga,2nd,35,3150,90,92.1,35.0,35,90,35,0,,0,1.89,61,34,+27,+0.77,-0.23,58.4,31.5,+26.9,+0.77,+0.07,Matches,Marc-André ter Stegen
2022-2023,30,Barcelona,es ESP,1. La Liga,1st,38,3347,88,97.9,37.2,38,88,36,0,,0,2.32,68,18,+50,+1.34,+1.34,74.3,31.7,+42.5,+1.14,+1.43,Matches,Marc-André ter Stegen
2023-2024,31,Barcelona,es ESP,1. La Liga,2nd,28,2520,90,73.7,28.0,28,90,28,0,,0,2.32,58,27,+31,+1.11,+0.71,53.0,29.8,+23.2,+0.83,-0.44,Matches,Marc-André ter Stegen
2024-2025,32,Barcelona,es ESP,1. La Liga,1st,6,494,82,32.3,5.5,6,82,5,0,,0,3.00,19,5,+14,+2.55,+1.07,15.0,5.6,+9.3,+1.70,+0.79,Matches,Marc-André ter Stegen
15 Seasons,15 Seasons,2 Clubs,,2 Leagues,,397,35510,89,74.0,394.6,396,90,392,1,3,69,2.29,665,252,+413,+1.44,-0.14,478.4,248.6,+229.8,+0.94,+0.15,,Marc-André ter Stegen
,,,Country,Comp,LgRank,MP,Min,Mn/MP,Min%,90s,Starts,Mn/Start,Compl,Subs,Mn/Sub,unSub,PPM,onG,onGA,+/-,+/-90,On-Off,onxG,onxGA,xG+/-,xG+/-90,On-Off,Matches,Marc-André ter Stegen
Barcelona (11 Seasons),Barcelona (11 Seasons),Barcelona (11 Seasons),,1 League,,289,25804,89,72.2,286.7,288,90,285,1,3,69,2.29,665,252,+413,+1.44,-0.14,478.4,248.6,+229.8,+0.94,+0.15,,Marc-André ter Stegen
Gladbach (4 Seasons),Gladbach (4 Seasons),Gladbach (4 Seasons),,1 League,,108,9706,90,79.3,107.8,108,,107,0,,,,,,,,,,,,,,,Marc-André ter Stegen
,,,,,,,,,,,,,,,,,,,,,,,,,,,,,Marc-André ter Stegen
La Liga (11 Seasons),La Liga (11 Seasons),La Liga (11 Seasons),,,,289,25804,89,72.2,286.7,288,90,285,1,3,69,2.29,665,252,+413,+1.44,-0.14,478.4,248.6,+229.8,+0.94,+0.15,,Marc-André ter Stegen
Bundesliga (4 Seasons),Bundesliga (4 Seasons),Bundesliga (4 Seasons),,,,108,9706,90,79.3,107.8,108,,107,0,,,,,,,,,,,,,,,Marc-André ter Stegen
2017-2018,17,Valencia,es ESP,1. La Liga,4th,13,311,24,9.1,3.5,2,75,0,11,15,8,1.85,5,3,+2,+0.58,-0.14,4.2,4.7,-0.5,-0.15,-0.39,Matches,Ferrán Torres
2018-2019,18,Valencia,es ESP,1. La Liga,4th,24,850,35,24.9,9.4,8,69,1,16,19,12,1.83,12,8,+4,+0.42,0.00,14.0,11.9,+2.1,+0.22,-0.33,Matches,Ferrán Torres
2019-2020,19,Valencia,es ESP,1. La Liga,9th,34,2251,66,65.8,25.0,26,79,11,8,24,3,1.38,27,30,-3,-0.12,+0.19,28.9,38.8,-9.9,-0.40,-0.18,Matches,Ferrán Torres
2020-2021,20,Manchester City,eng ENG,1. Premier League,1st,24,1306,54,38.2,14.5,15,74,5,9,22,13,2.13,29,13,+16,+1.10,-0.39,23.2,12.4,+10.9,+0.75,-0.40,Matches,Ferrán Torres
2021-2022,21,Manchester City,eng ENG,1. Premier League,1st,4,303,76,8.9,3.4,4,76,2,0,,3,2.25,8,1,+7,+2.08,+0.17,9.0,1.5,+7.5,+2.23,+0.59,Matches,Ferrán Torres
2021-2022,21,Barcelona,es ESP,1. La Liga,2nd,18,1412,78,41.3,15.7,17,80,10,1,45,0,2.28,31,11,+20,+1.27,+0.83,25.9,14.9,+11.0,+0.70,-0.10,Matches,Ferrán Torres
2022-2023,22,Barcelona,es ESP,1. La Liga,1st,33,1392,42,40.7,15.5,14,72,5,19,20,3,2.27,25,11,+14,+0.91,-0.69,28.4,15.5,+12.8,+0.83,-0.48,Matches,Ferrán Torres
2023-2024,23,Barcelona,es ESP,1. La Liga,2nd,29,1211,42,35.4,13.5,12,68,4,17,23,2,2.21,33,18,+15,+1.11,+0.30,29.6,14.0,+15.6,+1.16,+0.33,Matches,Ferrán Torres
2024-2025,24,Barcelona,es ESP,1. La Liga,1st,11,465,42,30.4,5.2,6,56,1,5,26,0,2.27,11,12,-1,-0.19,-2.90,11.0,7.4,+3.6,+0.70,-0.68,Matches,Ferrán Torres
8 Seasons,8 Seasons,3 Clubs,,2 Leagues,,190,9501,50,32.9,105.6,104,74,39,86,21,44,2.00,181,107,+74,+0.70,-0.38,174.3,121.2,+53.1,+0.50,-0.37,,Ferrán Torres
,,,Country,Comp,LgRank,MP,Min,Mn/MP,Min%,90s,Starts,Mn/Start,Compl,Subs,Mn/Sub,unSub,PPM,onG,onGA,+/-,+/-90,On-Off,onxG,onxGA,xG+/-,xG+/-90,On-Off,Matches,Ferrán Torres
Barcelona (4 Seasons),Barcelona (4 Seasons),Barcelona (4 Seasons),,1 League,,91,4480,49,38.0,49.8,49,72,20,42,22,5,2.25,100,52,+48,+0.96,-0.24,94.9,51.8,+43.1,+0.87,-0.17,,Ferrán Torres
Valencia (3 Seasons),Valencia (3 Seasons),Valencia (3 Seasons),,1 League,,71,3412,48,33.3,37.9,36,77,12,35,19,23,1.62,44,41,+3,+0.08,-0.35,47.2,55.5,-8.3,-0.22,-0.50,,Ferrán Torres
Manchester City (2 Seasons),Manchester City (2 Seasons),Manchester City (2 Seasons),,1 League,,28,1609,57,23.5,17.9,19,74,7,9,22,16,2.15,37,14,+23,+1.29,-0.45,32.2,13.9,+18.4,+1.03,-0.41,,Ferrán Torres
,,,,,,,,,,,,,,,,,,,,,,,,,,,,,Ferrán Torres
La Liga (7 Seasons),La Liga (7 Seasons),La Liga (7 Seasons),,,,162,7892,49,35.8,87.7,85,74,32,77,21,28,1.97,144,93,+51,+0.58,-0.25,142.0,107.3,+34.7,+0.40,-0.27,,Ferrán Torres
Premier League (2 Seasons),Premier League (2 Seasons),Premier League (2 Seasons),,,,28,1609,57,23.5,17.9,19,74,7,9,22,16,2.15,37,14,+23,+1.29,-0.45,32.2,13.9,+18.4,+1.03,-0.41,,Ferrán Torres
2024-2025,22,Barcelona,es ESP,1. La Liga,1st,11,390,35,25.5,4.3,4,67,1,7,17,6,2.27,11,7,4,0.92,-1.21,9.5,5.7,3.8,0.88,-0.38,Matches,Gerard Martín
1 Season,1 Season,1 Club,,1 League,,11,390,35,25.5,4.3,4,67,1,7,17,6,2.27,11,7,4,0.92,-1.21,9.5,5.7,3.8,0.88,-0.38,,Gerard Martín
2022-2023,19,Barcelona,es ESP,1. La Liga,1st,8,144,18,4.2,1.6,1,62,0,7,12,23,0.88,3,2,+1,+0.62,-0.72,3.3,2.7,+0.6,+0.38,-0.77,Matches,Pablo Torre
2023-2024,20,Girona,es ESP,1. La Liga,3rd,26,701,27,20.5,7.8,4,66,0,22,20,10,2.08,14,10,+4,+0.51,-0.64,13.2,13.1,+0.1,+0.01,-0.53,Matches,Pablo Torre
2024-2025,21,Barcelona,es ESP,1. La Liga,1st,7,248,35,16.2,2.8,4,56,0,3,8,10,1.86,8,4,+4,+1.45,-0.44,5.4,4.7,+0.7,+0.25,-1.09,Matches,Pablo Torre
3 Seasons,3 Seasons,2 Clubs,,1 League,,41,1093,27,13.1,12.1,9,61,0,32,17,43,1.81,25,16,+9,+0.74,-0.63,21.8,20.4,+1.4,+0.11,-0.84,,Pablo Torre
,,,Country,Comp,LgRank,MP,Min,Mn/MP,Min%,90s,Starts,Mn/Start,Compl,Subs,Mn/Sub,unSub,PPM,onG,onGA,+/-,+/-90,On-Off,onxG,onxGA,xG+/-,xG+/-90,On-Off,Matches,Pablo Torre
Barcelona (2 Seasons),Barcelona (2 Seasons),Barcelona (2 Seasons),,1 League,,15,392,26,7.9,4.4,5,57,0,10,11,33,1.34,11,6,+5,+1.15,-0.35,8.6,7.4,+1.3,+0.30,-0.90,,Pablo Torre
Girona (1 Season),Girona (1 Season),Girona (1 Season),,1 League,,26,701,27,20.5,7.8,4,66,0,22,20,10,2.08,14,10,+4,+0.51,-0.64,13.2,13.1,+0.1,+0.01,-0.53,,Pablo Torre
2017-2018,16,Manchester City,eng ENG,Jr. PL2 — Div. 1,6th,2,180,90,9.1,2.0,2,90,2,0,,2,1.50,2,1,+1,+0.50,+0.05,,,,,,Matches,Eric García
2018-2019,17,Manchester City,eng ENG,Jr. PL2 — Div. 1,8th,10,885,89,44.7,9.8,10,89,9,0,,1,1.30,21,29,-8,-0.81,-0.65,,,,,,Matches,Eric García
2019-2020,18,Manchester City,eng ENG,Jr. PL2 — Div. 1,9th,3,270,90,16.7,3.0,3,90,3,0,,0,1.33,8,6,+2,+0.67,+0.73,,,,,,Matches,Eric García
2019-2020,18,Manchester City,eng ENG,1. Premier League,2nd,13,793,61,23.2,8.8,8,82,6,5,27,7,2.54,23,7,+16,+1.82,+0.07,20.9,8.0,+12.8,+1.46,-0.01,Matches,Eric García
2020-2021,19,Manchester City,eng ENG,1. Premier League,1st,6,383,64,11.2,4.3,3,90,3,3,38,16,1.67,8,12,-4,-0.94,-2.57,4.0,6.7,-2.6,-0.61,-1.82,Matches,Eric García
2021-2022,20,Barcelona,es ESP,1. La Liga,2nd,26,2039,78,59.6,22.7,23,82,16,3,48,7,2.00,46,20,+26,+1.15,+0.89,42.1,21.7,+20.4,+0.90,+0.34,Matches,Eric García
2022-2023,21,Barcelona,es ESP,1. La Liga,1st,24,1417,59,41.4,15.7,15,79,10,9,25,14,2.00,30,10,+20,+1.27,-0.08,30.6,14.0,+16.7,+1.06,-0.09,Matches,Eric García
2023-2024,22,Girona,es ESP,1. La Liga,3rd,30,2637,88,77.1,29.3,30,88,26,0,,1,2.03,70,40,+30,+1.02,-0.01,60.3,43.9,+16.4,+0.56,+0.56,Matches,Eric García
2023-2024,22,Barcelona,es ESP,1. La Liga,2nd,2,57,29,1.7,0.6,0,,0,2,29,1,3.00,4,1,+3,+4.74,+3.88,3.2,0.4,+2.8,+4.47,+3.59,Matches,Eric García
2024-2025,23,Barcelona,es ESP,1. La Liga,1st,9,452,50,29.5,5.0,3,90,3,6,30,2,2.67,17,6,+11,+2.19,+0.52,13.6,6.5,+7.1,+1.41,+0.35,Matches,Eric García
6 Seasons,6 Seasons,3 Clubs,,2 Leagues,,110,7778,71,35.3,86.4,82,84,64,28,31,48,2.13,198,96,+102,+1.18,-0.09,174.8,101.2,+73.7,+0.85,-0.18,,Eric García
,,,Country,Comp,LgRank,MP,Min,Mn/MP,Min%,90s,Starts,Mn/Start,Compl,Subs,Mn/Sub,unSub,PPM,onG,onGA,+/-,+/-90,On-Off,onxG,onxGA,xG+/-,xG+/-90,On-Off,Matches,Eric García
Barcelona (4 Seasons),Barcelona (4 Seasons),Barcelona (4 Seasons),,1 League,,61,3965,65,33.6,44.1,41,82,29,20,31,24,2.13,97,37,+60,+1.36,+0.37,89.6,42.6,+47.0,+1.07,+0.15,,Eric García
Manchester City (3 Seasons),Manchester City (3 Seasons),Manchester City (3 Seasons),,1 League,,15,1335,89,23.9,14.8,15,89,14,0,,3,1.33,31,36,-5,-0.34,-0.46,,,,,,,Eric García
Manchester City (2 Seasons),Manchester City (2 Seasons),Manchester City (2 Seasons),,1 League,,19,1176,62,17.2,13.1,11,84,9,8,31,23,2.27,31,19,+12,+0.92,-0.77,24.9,14.7,+10.2,+0.78,-0.54,,Eric García
Girona (1 Season),Girona (1 Season),Girona (1 Season),,1 League,,30,2637,88,77.1,29.3,30,88,26,0,,1,2.03,70,40,+30,+1.02,-0.01,60.3,43.9,+16.4,+0.56,+0.56,,Eric García
,,,,,,,,,,,,,,,,,,,,,,,,,,,,,Eric García
La Liga (4 Seasons),La Liga (4 Seasons),La Liga (4 Seasons),,,,91,6602,73,43.4,73.4,71,84,55,20,31,25,2.10,167,77,+90,+1.23,+0.23,149.9,86.5,+63.4,+0.86,+0.03,,Eric García
PL2 — Div. 1 (3 Seasons),PL2 — Div. 1 (3 Seasons),PL2 — Div. 1 (3 Seasons),,,,15,1335,89,23.9,14.8,15,89,14,0,,3,1.33,31,36,-5,-0.34,-0.46,,,,,,,Eric García
Premier League (2 Seasons),Premier League (2 Seasons),Premier League (2 Seasons),,,,19,1176,62,17.2,13.1,11,84,9,8,31,23,2.27,31,19,+12,+0.92,-0.77,24.9,14.7,+10.2,+0.78,-0.54,,Eric García
2023-2024,20,Barcelona,es ESP,1. La Liga,2nd,31,1446,47,42.3,16.1,14,70,1,17,28,6,2.29,31,15,16,1.0,0.13,29.8,17.7,12.1,0.75,-0.33,Matches,Fermin López
2024-2025,21,Barcelona,es ESP,1. La Liga,1st,10,308,31,20.1,3.4,3,56,0,7,20,1,2.2,7,6,1,0.29,-1.92,7.2,5.3,2.0,0.58,-0.74,Matches,Fermin López
2 Seasons,2 Seasons,1 Club,,1 League,,41,1754,43,35.4,19.5,17,67,1,24,26,7,2.27,38,21,17,0.87,-0.51,37.1,22.9,14.1,0.72,-0.45,,Fermin López
2024-2025,17,Barcelona,es ESP,1. La Liga,1st,3,242,81,15.8,2.7,3,81,1,0,,0,3.0,6,3,3,1.12,-0.84,6.0,2.3,3.7,1.39,0.26,Matches,Marc Bernal
1 Season,1 Season,1 Club,,1 League,,3,242,81,15.8,2.7,3,81,1,0,,0,3.0,6,3,3,1.12,-0.84,6.0,2.3,3.7,1.39,0.26,,Marc Bernal
2023-2024,16,Barcelona,es ESP,1. La Liga,2nd,7,318,45,9.3,3.5,4,65,0,3,20,17,2.57,9,2,7,1.98,1.17,5.4,2.9,2.5,0.7,-0.28,Matches,Héctor Fort
2024-2025,17,Barcelona,es ESP,1. La Liga,1st,9,275,31,18.0,3.1,2,72,0,7,19,7,1.89,11,7,4,1.31,-0.63,8.1,4.3,3.8,1.23,0.07,Matches,Héctor Fort
2 Seasons,2 Seasons,1 Club,,1 League,,16,593,37,12.0,6.6,6,67,0,10,19,24,2.19,20,9,11,1.67,0.53,13.5,7.2,6.2,0.94,-0.08,,Héctor Fort
2021-2022,16,Barcelona,es ESP,1. La Liga,2nd,34,2316,68,67.7,25.7,28,78,11,6,23,2,1.85,44,27,17,0.66,-0.4,41.0,19.8,21.2,0.82,0.19,Matches,Gavi
2022-2023,17,Barcelona,es ESP,1. La Liga,1st,36,2531,70,74.0,28.1,30,78,13,6,33,0,2.36,52,11,41,1.46,0.55,53.9,21.9,32.0,1.14,0.1,Matches,Gavi
2023-2024,18,Barcelona,es ESP,1. La Liga,2nd,12,944,79,27.6,10.5,10,88,9,2,34,0,2.25,22,11,11,1.05,0.18,22.7,10.9,11.9,1.13,0.26,Matches,Gavi
2024-2025,19,Barcelona,es ESP,1. La Liga,1st,8,181,23,11.8,2.0,2,65,0,6,9,0,1.75,5,3,2,0.99,-0.94,4.6,2.5,2.1,1.04,-0.15,Matches,Gavi
4 Seasons,4 Seasons,1 Club,,1 League,,90,5972,66,50.7,66.4,70,79,33,20,23,2,2.1,123,52,71,1.07,-0.09,122.2,55.1,67.2,1.01,0.09,,Gavi
2024-2025,19,Barcelona,es ESP,1. La Liga,1st,3,172,57,11.2,1.9,2,71,0,1,30,14,2.0,8,4,4,2.09,0.3,4.3,4.3,0.0,0.01,-1.3,Matches,Sergi Dominguez
1 Season,1 Season,1 Club,,1 League,,3,172,57,11.2,1.9,2,71,0,1,30,14,2.0,8,4,4,2.09,0.3,4.3,4.3,0.0,0.01,-1.3,,Sergi Dominguez
2014-2015,17,Willem II,nl NED,1. Eredivisie,9th,1,23,23,0.8,0.3,0,,0,1,,0,3.00,0,0,0,0.00,+0.12,,,,,,Matches,Frenkie de Jong
2015-2016,18,Willem II,nl NED,1. Eredivisie,16th,1,21,21,0.7,0.2,0,,0,1,,4,0.00,0,0,0,0.00,+0.53,,,,,,Matches,Frenkie de Jong
2015-2016,18,Jong Ajax,nl NED,2. Eerste Divisie,9th,15,1287,86,39.7,14.3,15,,12,0,,1,1.47,23,17,+6,+0.42,+0.60,,,,,,Matches,Frenkie de Jong
2016-2017,19,Jong Ajax,nl NED,2. Eerste Divisie,2nd,31,2606,84,76.2,29.0,30,,25,1,,0,1.94,71,42,+29,+1.00,-0.10,,,,,,Matches,Frenkie de Jong
2016-2017,19,Ajax,nl NED,1. Eredivisie,2nd,4,151,38,4.9,1.7,1,,1,3,,13,3.00,6,1,+5,+2.98,+1.40,,,,,,Matches,Frenkie de Jong
2017-2018,20,Ajax,nl NED,1. Eredivisie,2nd,22,1559,71,50.9,17.3,16,,13,6,,3,2.23,42,16,+26,+1.50,-0.30,,,,,,Matches,Frenkie de Jong
2018-2019,21,Ajax,nl NED,1. Eredivisie,1st,31,2510,81,82.0,27.9,30,83,22,1,34,2,2.48,98,29,+69,+2.47,-0.47,75.0,29.8,+45.2,+1.62,-0.61,Matches,Frenkie de Jong
2019-2020,22,Barcelona,es ESP,1. La Liga,2nd,29,2115,73,61.8,23.5,24,83,14,5,23,1,2.10,52,26,+26,+1.11,-0.41,41.2,25.3,+16.0,+0.68,-0.15,Matches,Frenkie de Jong
2020-2021,23,Barcelona,es ESP,1. La Liga,3rd,37,3154,85,92.2,35.0,35,87,29,2,63,0,2.14,78,35,+43,+1.23,-0.13,67.8,37.7,+30.1,+0.86,-0.01,Matches,Frenkie de Jong
2021-2022,24,Barcelona,es ESP,1. La Liga,2nd,32,2476,77,72.4,27.5,30,81,17,2,28,1,2.00,49,30,+19,+0.69,-0.36,43.1,24.2,+18.9,+0.69,-0.27,Matches,Frenkie de Jong
2022-2023,25,Barcelona,es ESP,1. La Liga,1st,33,2534,77,74.1,28.2,29,83,20,4,29,1,2.33,56,20,+36,+1.28,-0.14,58.4,24.3,+34.2,+1.21,+0.39,Matches,Frenkie de Jong
2023-2024,26,Barcelona,es ESP,1. La Liga,2nd,20,1634,82,47.8,18.2,20,82,17,0,,1,2.05,41,25,+16,+0.88,-0.08,41.3,20.0,+21.3,+1.17,+0.43,Matches,Frenkie de Jong
2024-2025,27,Barcelona,es ESP,1. La Liga,1st,8,235,29,15.4,2.6,1,45,0,7,27,1,1.75,9,7,+2,+0.77,-1.25,8.0,5.3,+2.6,+1.01,-0.19,Matches,Frenkie de Jong
11 Seasons,11 Seasons,4 Clubs,,3 Leagues,,264,20305,77,50.0,225.6,231,83,170,33,30,28,2.12,525,248,+277,+1.23,+0.42,334.8,166.5,+168.2,+1.03,+0.03,,Frenkie de Jong
,,,Country,Comp,LgRank,MP,Min,Mn/MP,Min%,90s,Starts,Mn/Start,Compl,Subs,Mn/Sub,unSub,PPM,onG,onGA,+/-,+/-90,On-Off,onxG,onxGA,xG+/-,xG+/-90,On-Off,Matches,Frenkie de Jong
Barcelona (6 Seasons),Barcelona (6 Seasons),Barcelona (6 Seasons),,1 League,,159,12148,76,65.2,135.0,139,83,97,20,30,5,2.11,285,143,+142,+1.05,-0.32,259.8,136.7,+123.1,+0.91,+0.01,,Frenkie de Jong
Ajax (3 Seasons),Ajax (3 Seasons),Ajax (3 Seasons),,1 League,,57,4220,74,46.0,46.9,47,83,36,10,34,18,2.42,146,46,+100,+2.13,+0.34,75.0,29.8,+45.2,+1.62,-0.61,,Frenkie de Jong
Jong Ajax (2 Seasons),Jong Ajax (2 Seasons),Jong Ajax (2 Seasons),,1 League,,46,3893,85,58.5,43.3,45,,37,1,,1,1.79,94,59,+35,+0.81,+0.61,,,,,,,Frenkie de Jong
Willem II (2 Seasons),Willem II (2 Seasons),Willem II (2 Seasons),,1 League,,2,44,22,0.7,0.5,0,,0,2,,4,1.50,0,0,0,0.00,+0.33,,,,,,,Frenkie de Jong
,,,,,,,,,,,,,,,,,,,,,,,,,,,,,Frenkie de Jong
La Liga (6 Seasons),La Liga (6 Seasons),La Liga (6 Seasons),,,,159,12148,76,65.2,135.0,139,83,97,20,30,5,2.11,285,143,+142,+1.05,-0.32,259.8,136.7,+123.1,+0.91,+0.01,,Frenkie de Jong
Eredivisie (5 Seasons),Eredivisie (5 Seasons),Eredivisie (5 Seasons),,,,59,4264,72,27.9,47.4,47,83,36,12,34,22,2.39,146,46,+100,+2.11,+1.48,75.0,29.8,+45.2,+1.62,-0.61,,Frenkie de Jong
Eerste Divisie (2 Seasons),Eerste Divisie (2 Seasons),Eerste Divisie (2 Seasons),,,,46,3893,85,58.5,43.3,45,,37,1,,1,1.79,94,59,+35,+0.81,+0.61,,,,,,,Frenkie de Jong
2019-2020,17,Girona,es ESP,2. La Liga 2,5th,1,23,23,0.6,0.3,0,,0,1,23,3,0.00,0,1,-1,-3.91,-4.06,0.1,0.8,-0.7,-2.71,-3.10,Matches,Pau Victor Delgado
2020-2021,18,Girona,es ESP,2. La Liga 2,5th,7,108,15,2.9,1.2,0,,0,7,15,12,0.86,2,2,0,0.00,-0.27,1.8,1.5,+0.3,+0.24,+0.32,Matches,Pau Victor Delgado
2021-2022,19,Girona,es ESP,2. La Liga 2,6th,0,,,,,0,,0,0,,2,,,,,,,,,,,,Matches,Pau Victor Delgado
2022-2023,20,Girona,es ESP,1. La Liga,10th,0,,,,,0,,0,0,,1,,,,,,,,,,,,Matches,Pau Victor Delgado
2023-2024,21,Barcelona,es ESP,1. La Liga,2nd,0,,,,,0,,0,0,,3,,,,,,,,,,,,Matches,Pau Victor Delgado
2024-2025,22,Barcelona,es ESP,1. La Liga,1st,12,183,15,12.0,2.0,1,58,0,11,11,5,1.92,9,5,+4,+1.97,+0.16,7.7,3.0,+4.7,+2.31,+1.30,Matches,Pau Victor Delgado
6 Seasons,6 Seasons,2 Clubs,,2 Leagues,,20,314,16,1.6,3.5,1,58,0,19,13,26,1.45,11,8,+3,+0.86,+0.41,9.6,5.3,+4.3,+1.23,+0.94,,Pau Victor Delgado
,,,Country,Comp,LgRank,MP,Min,Mn/MP,Min%,90s,Starts,Mn/Start,Compl,Subs,Mn/Sub,unSub,PPM,onG,onGA,+/-,+/-90,On-Off,onxG,onxGA,xG+/-,xG+/-90,On-Off,Matches,Pau Victor Delgado
Girona (4 Seasons),Girona (4 Seasons),Girona (4 Seasons),,2 Leagues,,8,131,16,0.9,1.5,0,,0,8,16,18,0.75,2,3,-1,-0.69,-0.89,1.9,2.3,-0.4,-0.27,-0.43,,Pau Victor Delgado
Barcelona (2 Seasons),Barcelona (2 Seasons),Barcelona (2 Seasons),,1 League,,12,183,15,3.7,2.0,1,58,0,11,11,8,1.92,9,5,+4,+1.97,+0.16,7.7,3.0,+4.7,+2.31,+1.30,,Pau Victor Delgado
,,,,,,,,,,,,,,,,,,,,,,,,,,,,,Pau Victor Delgado
La Liga (3 Seasons),La Liga (3 Seasons),La Liga (3 Seasons),,,,12,183,15,2.2,2.0,1,58,0,11,11,9,1.92,9,5,+4,+1.97,+0.16,7.7,3.0,+4.7,+2.31,+1.30,,Pau Victor Delgado
La Liga 2 (3 Seasons),La Liga 2 (3 Seasons),La Liga 2 (3 Seasons),,,,8,131,16,1.2,1.5,0,,0,8,16,17,0.75,2,3,-1,-0.69,-0.89,1.9,2.3,-0.4,-0.27,-0.43,,Pau Victor Delgado
2019-2020,16,Barcelona,es ESP,1. La Liga,2nd,24,1027,43,30.0,11.4,11,71,1,13,19,9,2.04,27,14,+13,+1.14,-0.18,22.3,11.3,+11.0,+0.96,+0.32,Matches,Ansu Fati
2020-2021,17,Barcelona,es ESP,1. La Liga,3rd,7,431,62,12.6,4.8,6,67,0,1,29,0,1.57,10,5,+5,+1.04,-0.22,7.9,5.4,+2.5,+0.51,-0.40,Matches,Ansu Fati
2021-2022,18,Barcelona,es ESP,1. La Liga,2nd,10,336,34,9.8,3.7,3,59,0,7,23,0,1.70,8,4,+4,+1.07,+0.31,4.3,3.3,+1.0,+0.27,-0.55,Matches,Ansu Fati
2022-2023,19,Barcelona,es ESP,1. La Liga,1st,36,1393,39,40.7,15.5,12,71,1,24,22,1,2.36,36,5,+31,+2.00,+1.16,31.8,13.1,+18.7,+1.21,+0.16,Matches,Ansu Fati
2023-2024,20,Brighton,eng ENG,1. Premier League,11th,19,521,27,15.2,5.8,3,50,0,16,23,5,1.26,13,12,+1,+0.17,+0.42,10.2,7.0,+3.2,+0.56,+0.61,Matches,Ansu Fati
2023-2024,20,Barcelona,es ESP,1. La Liga,2nd,3,50,17,1.5,0.6,0,,0,3,17,0,2.33,2,0,+2,+3.60,+2.72,2.4,0.3,+2.1,+3.86,+2.96,Matches,Ansu Fati
2024-2025,21,Barcelona,es ESP,1. La Liga,1st,4,127,32,8.3,1.4,1,75,0,3,17,4,2.25,3,0,+3,+2.13,+0.33,3.7,1.0,+2.6,+1.86,+0.76,Matches,Ansu Fati
6 Seasons,6 Seasons,2 Clubs,,2 Leagues,,103,3885,38,17.6,43.2,36,68,2,67,22,19,1.96,99,40,+59,+1.37,+0.50,82.6,41.4,+41.2,+0.95,+0.22,,Ansu Fati
,,,Country,Comp,LgRank,MP,Min,Mn/MP,Min%,90s,Starts,Mn/Start,Compl,Subs,Mn/Sub,unSub,PPM,onG,onGA,+/-,+/-90,On-Off,onxG,onxGA,xG+/-,xG+/-90,On-Off,Matches,Ansu Fati
Barcelona (6 Seasons),Barcelona (6 Seasons),Barcelona (6 Seasons),,1 League,,84,3364,40,18.1,37.4,33,70,2,51,21,14,2.12,86,28,+58,+1.55,+0.47,72.3,34.4,+37.9,+1.01,+0.13,,Ansu Fati
Brighton (1 Season),Brighton (1 Season),Brighton (1 Season),,1 League,,19,521,27,15.2,5.8,3,50,0,16,23,5,1.26,13,12,+1,+0.17,+0.42,10.2,7.0,+3.2,+0.56,+0.61,,Ansu Fati
,,,,,,,,,,,,,,,,,,,,,,,,,,,,,Ansu Fati
La Liga (6 Seasons),La Liga (6 Seasons),La Liga (6 Seasons),,,,84,3364,40,18.1,37.4,33,70,2,51,21,14,2.12,86,28,+58,+1.55,+0.47,72.3,34.4,+37.9,+1.01,+0.13,,Ansu Fati
Premier League (1 Season),Premier League (1 Season),Premier League (1 Season),,,,19,521,27,15.2,5.8,3,50,0,16,23,5,1.26,13,12,+1,+0.17,+0.42,10.2,7.0,+3.2,+0.56,+0.61,,Ansu Fati
2014-2015,18,Chelsea,eng ENG,1. Premier League,1st,1,13,13,0.4,0.1,0,,0,1,,2,3.00,1,0,+1,+6.92,+5.87,,,,,,Matches,Andreas Christensen
2015-2016,19,Gladbach,de GER,1. Bundesliga,4th,31,2790,90,91.2,31.0,31,,31,0,,3,1.77,65,43,+22,+0.71,+2.38,,,,,,Matches,Andreas Christensen
2016-2017,20,Gladbach,de GER,1. Bundesliga,9th,31,2781,90,90.9,30.9,31,,30,0,,0,1.42,45,43,+2,+0.06,+2.00,,,,,,Matches,Andreas Christensen
2017-2018,21,Chelsea,eng ENG,1. Premier League,5th,27,2086,77,61.0,23.2,23,,18,4,,9,1.67,37,23,+14,+0.60,-0.07,34.3,19.3,+15.0,+0.65,+0.28,Matches,Andreas Christensen
2018-2019,22,Chelsea,eng ENG,1. Premier League,3rd,8,617,77,18.0,6.9,6,90,6,2,38,22,1.75,16,7,+9,+1.31,+0.83,13.0,5.6,+7.4,+1.08,+0.60,Matches,Andreas Christensen
2019-2020,23,Chelsea,eng ENG,1. Premier League,4th,21,1751,83,51.2,19.5,21,83,18,0,,14,1.62,37,33,+4,+0.21,-0.39,36.3,21.7,+14.7,+0.75,-0.11,Matches,Andreas Christensen
2020-2021,24,Chelsea,eng ENG,1. Premier League,4th,17,1371,81,40.1,15.2,15,84,13,2,57,6,1.94,21,15,+6,+0.39,-0.31,23.5,10.8,+12.7,+0.84,-0.02,Matches,Andreas Christensen
2021-2022,25,Chelsea,eng ENG,1. Premier League,3rd,19,1496,79,43.7,16.6,17,85,15,2,28,9,2.21,38,11,+27,+1.62,+0.88,25.9,14.8,+11.1,+0.67,-0.22,Matches,Andreas Christensen
2022-2023,26,Barcelona,es ESP,1. La Liga,1st,23,1760,77,51.5,19.6,22,80,15,1,6,4,2.30,33,13,+20,+1.02,-0.60,34.9,19.5,+15.4,+0.79,-0.67,Matches,Andreas Christensen
2023-2024,27,Barcelona,es ESP,1. La Liga,2nd,30,1979,66,57.9,22.0,27,68,6,3,49,6,2.17,37,26,+11,+0.50,-1.00,41.1,24.7,+16.4,+0.75,-0.47,Matches,Andreas Christensen
2024-2025,28,Barcelona,es ESP,1. La Liga,1st,1,27,27,1.8,0.3,0,,0,1,27,0,3.00,0,0,0,0.00,-1.86,0.5,0.0,+0.5,+1.62,+0.46,Matches,Andreas Christensen
11 Seasons,11 Seasons,3 Clubs,,3 Leagues,,209,16671,80,47.6,185.2,193,79,152,16,39,75,1.87,330,214,+116,+0.63,-0.27,209.4,116.3,+93.2,+0.76,-0.12,,Andreas Christensen
,,,Country,Comp,LgRank,MP,Min,Mn/MP,Min%,90s,Starts,Mn/Start,Compl,Subs,Mn/Sub,unSub,PPM,onG,onGA,+/-,+/-90,On-Off,onxG,onxGA,xG+/-,xG+/-90,On-Off,Matches,Andreas Christensen
Chelsea (6 Seasons),Chelsea (6 Seasons),Chelsea (6 Seasons),,1 League,,93,7334,79,35.7,81.5,82,85,70,11,41,62,1.84,150,89,+61,+0.75,+0.01,133.0,72.1,+60.9,+0.75,+0.06,,Andreas Christensen
Barcelona (3 Seasons),Barcelona (3 Seasons),Barcelona (3 Seasons),,1 League,,54,3766,70,45.0,41.8,49,73,21,5,36,10,2.24,70,39,+31,+0.74,-0.92,76.4,44.1,+32.3,+0.77,-0.51,,Andreas Christensen
Gladbach (2 Seasons),Gladbach (2 Seasons),Gladbach (2 Seasons),,1 League,,62,5571,90,91.0,61.9,62,,61,0,,3,1.60,110,86,+24,+0.39,+2.19,,,,,,,Andreas Christensen
,,,,,,,,,,,,,,,,,,,,,,,,,,,,,Andreas Christensen
Premier League (6 Seasons),Premier League (6 Seasons),Premier League (6 Seasons),,,,93,7334,79,35.7,81.5,82,85,70,11,41,62,1.84,150,89,+61,+0.75,+0.01,133.0,72.1,+60.9,+0.75,+0.06,,Andreas Christensen
La Liga (3 Seasons),La Liga (3 Seasons),La Liga (3 Seasons),,,,54,3766,70,45.0,41.8,49,73,21,5,36,10,2.24,70,39,+31,+0.74,-0.92,76.4,44.1,+32.3,+0.77,-0.51,,Andreas Christensen
Bundesliga (2 Seasons),Bundesliga (2 Seasons),Bundesliga (2 Seasons),,,,62,5571,90,91.0,61.9,62,,61,0,,3,1.60,110,86,+24,+0.39,+2.19,,,,,,,Andreas Christensen
2021-2022,14,Freiburg U17,de GER,Jr. U17 Bundesliga,7th,15,987,66,54.8,11.0,14,69,5,1,20,0,2.00,30,26,+4,+0.36,-1.85,Matches,Noah Darvich
2022-2023,15,Freiburg U17,de GER,Jr. U17 Bundesliga,28th,8,659,82,45.8,7.3,7,88,6,1,45,0,1.25,17,15,+2,+0.27,-0.30,Matches,Noah Darvich
,,,,,,,,,,,,,,,,,,,,,,,,Noah Darvich
2024-2025,17,Barcelona,es ESP,1. La Liga,1st,0,,,,,0,,0,0,,1,,,,,,,Matches,Noah Darvich
1 Season,1 Season,1 Club,,1 League,,0,,,,,0,,0,0,,1,,,,,,,,Noah Darvich
,,,Country,Comp,LgRank,MP,Min,Mn/MP,Min%,90s,Starts,Mn/Start,Compl,Subs,Mn/Sub,unSub,PPM,onG,onGA,+/-,+/-90,On-Off,Matches,Noah Darvich
Freiburg U17 (2 Seasons),Freiburg U17 (2 Seasons),Freiburg U17 (2 Seasons),,1 League,,23,1646,72,50.8,18.3,21,75,11,2,33,0,1.74,47,41,+6,+0.33,-1.08,,Noah Darvich
Barcelona (1 Season),Barcelona (1 Season),Barcelona (1 Season),,1 League,,0,,,,,0,,0,0,,1,,,,,,,,Noah Darvich
,,,,,,,,,,,,,,,,,,,,,,,,Noah Darvich
U17 Bundesliga (2 Seasons),U17 Bundesliga (2 Seasons),U17 Bundesliga (2 Seasons),,,,23,1646,72,50.8,18.3,21,75,11,2,33,0,1.74,47,41,+6,+0.33,-1.08,,Noah Darvich
La Liga (1 Season),La Liga (1 Season),La Liga (1 Season),,,,0,,,,,0,,0,0,,1,,,,,,,,Noah Darvich
2009-2010,19,Brentford,eng ENG,3. League One,9th,28,2495,89,60.3,27.7,28,,,0,,,,,,,,,,,,,,Matches,Wojciech Szczęsny
2010-2011,20,Arsenal,eng ENG,1. Premier League,4th,15,1350,90,39.5,15.0,15,,15,0,,,,,,,,,,,,,,Matches,Wojciech Szczęsny
2011-2012,21,Arsenal,eng ENG,1. Premier League,3rd,38,3420,90,100.0,38.0,38,,38,0,,,,,,,,,,,,,,Matches,Wojciech Szczęsny
2012-2013,22,Arsenal,eng ENG,1. Premier League,4th,25,2250,90,65.8,25.0,25,,25,0,,,,,,,,,,,,,,Matches,Wojciech Szczęsny
2013-2014,23,Arsenal,eng ENG,1. Premier League,4th,37,3330,90,97.4,37.0,37,,37,0,,,,,,,,,,,,,,Matches,Wojciech Szczęsny
2014-2015,24,Arsenal,eng ENG,1. Premier League,3rd,17,1498,88,43.8,16.6,17,,16,0,,17,1.59,29,21,+8,+0.48,-0.78,,,,,,Matches,Wojciech Szczęsny
2015-2016,25,Roma,it ITA,1. Serie A,3rd,34,3060,90,89.5,34.0,34,,34,0,,1,2.24,75,34,+41,+1.21,+0.96,,,,,,Matches,Wojciech Szczęsny
2016-2017,26,Roma,it ITA,1. Serie A,2nd,38,3420,90,100.0,38.0,38,,38,0,,0,2.29,90,38,+52,+1.37,,,,,,,Matches,Wojciech Szczęsny
2017-2018,27,Juventus,it ITA,1. Serie A,1st,17,1530,90,44.7,17.0,17,,17,0,,21,2.47,31,9,+22,+1.29,-0.61,23.7,10.6,+13.1,+0.77,+0.06,Matches,Wojciech Szczęsny
2018-2019,28,Juventus,it ITA,1. Serie A,1st,28,2520,90,73.7,28.0,28,90,28,0,,10,2.54,55,20,+35,+1.25,+0.75,48.1,26.6,+21.6,+0.77,+0.43,Matches,Wojciech Szczęsny
2019-2020,29,Juventus,it ITA,1. Serie A,1st,29,2591,89,75.8,28.8,29,89,28,0,,7,2.10,57,33,+24,+0.83,-0.14,51.4,35.9,+15.5,+0.54,-0.62,Matches,Wojciech Szczęsny
2020-2021,30,Juventus,it ITA,1. Serie A,4th,30,2677,89,78.3,29.7,30,89,29,0,,8,1.87,55,32,+23,+0.77,-1.16,56.7,30.0,+26.7,+0.90,-0.11,Matches,Wojciech Szczęsny
2021-2022,31,Juventus,it ITA,1. Serie A,4th,33,2970,90,86.8,33.0,33,90,33,0,,4,1.91,50,29,+21,+0.64,+0.84,46.2,33.3,+12.9,+0.39,+0.29,Matches,Wojciech Szczęsny
2022-2023,32,Juventus,it ITA,1. Serie A,7th,28,2472,88,72.3,27.5,28,88,27,0,,6,1.93,40,26,+14,+0.51,-0.34,40.4,29.1,+11.3,+0.41,+0.18,Matches,Wojciech Szczęsny
2023-2024,33,Juventus,it ITA,1. Serie A,3rd,35,3150,90,92.1,35.0,35,90,35,0,,1,1.83,49,30,+19,+0.54,-0.79,50.2,28.6,+21.6,+0.62,-0.36,Matches,Wojciech Szczęsny
2024-2025,34,Barcelona,es ESP,1. La Liga,1st,0,,,,,0,,0,0,,8,,,,,,,,,,,,Matches,Wojciech Szczęsny
16 Seasons,16 Seasons,5 Clubs,,4 Leagues,,432,38733,90,72.3,430.4,432,90,400,0,,83,2.08,531,272,+259,+0.90,-0.29,316.8,194.2,+122.6,+0.62,-0.03,,Wojciech Szczęsny
,,,Country,Comp,LgRank,MP,Min,Mn/MP,Min%,90s,Starts,Mn/Start,Compl,Subs,Mn/Sub,unSub,PPM,onG,onGA,+/-,+/-90,On-Off,onxG,onxGA,xG+/-,xG+/-90,On-Off,Matches,Wojciech Szczęsny
Juventus (7 Seasons),Juventus (7 Seasons),Juventus (7 Seasons),,1 League,,200,17910,90,74.8,199.0,200,90,197,0,,57,2.06,337,179,+158,+0.79,-0.43,316.8,194.2,+122.6,+0.62,-0.03,,Wojciech Szczęsny
Arsenal (5 Seasons),Arsenal (5 Seasons),Arsenal (5 Seasons),,1 League,,132,11848,90,69.3,131.6,132,,131,0,,17,1.59,29,21,+8,+0.48,-0.78,,,,,,,Wojciech Szczęsny
Roma (2 Seasons),Roma (2 Seasons),Roma (2 Seasons),,1 League,,72,6480,90,94.7,72.0,72,,72,0,,1,2.27,165,72,+93,+1.29,+1.04,,,,,,,Wojciech Szczęsny
Brentford (1 Season),Brentford (1 Season),Brentford (1 Season),,1 League,,28,2495,89,60.3,27.7,28,,,0,,,,,,,,,,,,,,,Wojciech Szczęsny
Barcelona (1 Season),Barcelona (1 Season),Barcelona (1 Season),,1 League,,0,,,,,0,,0,0,,8,,,,,,,,,,,,,Wojciech Szczęsny
,,,,,,,,,,,,,,,,,,,,,,,,,,,,,Wojciech Szczęsny
Serie A (9 Seasons),Serie A (9 Seasons),Serie A (9 Seasons),,,,272,24390,90,79.2,271.0,272,90,269,0,,58,2.11,502,251,+251,+0.93,-0.24,316.8,194.2,+122.6,+0.62,-0.03,,Wojciech Szczęsny
Premier League (5 Seasons),Premier League (5 Seasons),Premier League (5 Seasons),,,,132,11848,90,69.3,131.6,132,,131,0,,17,1.59,29,21,+8,+0.48,-0.78,,,,,,,Wojciech Szczęsny
League One (1 Season),League One (1 Season),League One (1 Season),,,,28,2495,89,60.3,27.7,28,,,0,,,,,,,,,,,,,,,Wojciech Szczęsny
La Liga (1 Season),La Liga (1 Season),La Liga (1 Season),,,,0,,,,,0,,0,0,,8,,,,,,,,,,,,,Wojciech Szczęsny
2022-2023,18,FC Andorra,es ESP,2. La Liga 2,7th,7,305,44,8.1,3.4,3,80,0,4,16,9,1.86,5,3,+2,+0.59,+0.38,3.3,2.6,+0.7,+0.20,+0.02,Matches,Álex Valle
2023-2024,19,Levante,es ESP,2. La Liga 2,8th,29,2307,80,61.0,25.6,26,87,19,3,14,6,1.41,32,30,+2,+0.08,-0.04,29.5,29.4,+0.1,0.00,+0.33,Matches,Álex Valle
2024-2025,20,Barcelona,es ESP,1. La Liga,1st,0,,,,,0,,0,0,,2,,,,,,,,,,,,Matches,Álex Valle
2024-2025,20,Celtic,sct SCO,1. Premiership,1st,6,416,69,30.8,4.6,5,74,2,1,45,6,2.67,14,3,+11,+2.38,-0.41,,,,,,Matches,Álex Valle
3 Seasons,3 Seasons,4 Clubs,,3 Leagues,,42,3028,72,29.0,33.6,34,85,21,8,19,23,1.67,51,36,+15,+0.45,-0.15,32.8,32.0,+0.8,+0.03,0.00,,Álex Valle
,,,Country,Comp,LgRank,MP,Min,Mn/MP,Min%,90s,Starts,Mn/Start,Compl,Subs,Mn/Sub,unSub,PPM,onG,onGA,+/-,+/-90,On-Off,onxG,onxGA,xG+/-,xG+/-90,On-Off,Matches,Álex Valle
Levante (1 Season),Levante (1 Season),Levante (1 Season),,1 League,,29,2307,80,61.0,25.6,26,87,19,3,14,6,1.41,32,30,+2,+0.08,-0.04,29.5,29.4,+0.1,0.00,+0.33,,Álex Valle
FC Andorra (1 Season),FC Andorra (1 Season),FC Andorra (1 Season),,1 League,,7,305,44,8.1,3.4,3,80,0,4,16,9,1.86,5,3,+2,+0.59,+0.38,3.3,2.6,+0.7,+0.20,+0.02,,Álex Valle
Celtic (1 Season),Celtic (1 Season),Celtic (1 Season),,1 League,,6,416,69,30.8,4.6,5,74,2,1,45,6,2.67,14,3,+11,+2.38,-0.41,,,,,,,Álex Valle
Barcelona (1 Season),Barcelona (1 Season),Barcelona (1 Season),,1 League,,0,,,,,0,,0,0,,2,,,,,,,,,,,,,Álex Valle
,,,,,,,,,,,,,,,,,,,,,,,,,,,,,Álex Valle
La Liga 2 (2 Seasons),La Liga 2 (2 Seasons),La Liga 2 (2 Seasons),,,,36,2612,73,34.6,29.0,29,86,19,7,15,15,1.50,37,33,+4,+0.14,-0.04,32.8,32.0,+0.8,+0.03,0.00,,Álex Valle
Premiership (1 Season),Premiership (1 Season),Premiership (1 Season),,,,6,416,69,30.8,4.6,5,74,2,1,45,6,2.67,14,3,+11,+2.38,-0.41,,,,,,,Álex Valle
La Liga (1 Season),La Liga (1 Season),La Liga (1 Season),,,,0,,,,,0,,0,0,,2,,,,,,,,,,,,,Álex Valle
2011-2012,20,Real Sociedad,es ESP,1. La Liga,12th,26,2200,85,64.3,24.4,26,,23,0,,,,,,,,,,,,,,Matches,Iñigo Martínez,DF
2012-2013,21,Real Sociedad,es ESP,1. La Liga,4th,34,3060,90,89.5,34.0,34,,34,0,,,,,,,,,,,,,,Matches,Iñigo Martínez,DF
2013-2014,22,Real Sociedad,es ESP,1. La Liga,7th,35,3120,89,91.2,34.7,35,,34,0,,,,,,,,,,,,,,Matches,Iñigo Martínez,DF
2014-2015,23,Real Sociedad,es ESP,1. La Liga,12th,34,3026,89,88.5,33.6,34,,33,0,,0,1.24,41,47,-6,-0.18,+0.05,,,,,,Matches,Iñigo Martínez,DF
2015-2016,24,Real Sociedad,es ESP,1. La Liga,9th,30,2700,90,78.9,30.0,30,90,30,0,,1,1.20,36,39,-3,-0.10,-0.10,,,,,,Matches,Iñigo Martínez,DF
2016-2017,25,Real Sociedad,es ESP,1. La Liga,6th,34,2997,88,87.6,33.3,34,88,32,0,,0,1.62,51,46,+5,+0.15,-0.06,,,,,,Matches,Iñigo Martínez,DF
2017-2018,26,Real Sociedad,es ESP,1. La Liga,12th,12,1055,88,30.8,11.7,12,88,11,0,,0,1.08,16,19,-3,-0.26,-0.64,17.0,16.5,+0.5,+0.05,-0.05,Matches,Iñigo Martínez,DF
2017-2018,26,Athletic Club,es ESP,1. La Liga,16th,16,1440,90,42.1,16.0,16,90,16,0,,0,1.00,17,25,-8,-0.50,-0.50,18.4,19.6,-1.2,-0.08,-0.10,Matches,Iñigo Martínez,DF
2018-2019,27,Athletic Club,es ESP,1. La Liga,8th,33,2902,88,84.9,32.2,33,88,32,0,,1,1.30,33,40,-7,-0.22,-0.74,34.9,39.4,-4.4,-0.14,-0.52,Matches,Iñigo Martínez,DF
2019-2020,28,Athletic Club,es ESP,1. La Liga,11th,33,2970,90,86.8,33.0,33,90,33,0,,2,1.42,38,32,+6,+0.18,+0.78,38.5,41.5,-3.0,-0.09,+0.78,Matches,Iñigo Martínez,DF
2020-2021,29,Athletic Club,es ESP,1. La Liga,10th,28,2519,90,73.7,28.0,28,90,27,0,,3,1.11,33,34,-1,-0.04,-0.54,31.9,27.0,+4.9,+0.17,+0.13,Matches,Iñigo Martínez,DF
2021-2022,30,Athletic Club,es ESP,1. La Liga,8th,27,2341,87,68.5,26.0,26,88,23,1,45,0,1.70,28,18,+10,+0.38,+0.63,31.2,25.0,+6.2,+0.24,-0.18,Matches,Iñigo Martínez,DF
2022-2023,31,Athletic Club,es ESP,1. La Liga,8th,15,1338,89,39.1,14.9,15,89,14,0,,4,1.80,25,16,+9,+0.61,+0.82,22.7,12.6,+10.1,+0.68,+0.37,Matches,Iñigo Martínez,DF
2023-2024,32,Barcelona,es ESP,1. La Liga,2nd,20,1296,65,37.9,14.4,13,89,12,7,20,7,2.45,27,11,+16,+1.11,+0.31,23.8,12.9,+10.9,+0.76,-0.30,Matches,Iñigo Martínez,DF
2024-2025,33,Barcelona,es ESP,1. La Liga,3rd,18,1600,89,93.6,17.8,18,89,16,0,,1,2.11,48,18,+30,+1.69,+2.51,46.1,21.1,+24.9,+1.40,+2.11,Matches,Iñigo Martínez,DF
14 Seasons,14 Seasons,3 Clubs,,1 League,,395,34564,88,69.7,384.0,387,89,370,8,23,19,1.48,393,345,+48,+0.16,-0.01,264.5,215.6,+49.0,+0.25,-0.04,,Iñigo Martínez,DF
,,,Country,Comp,LgRank,MP,Min,Mn/MP,Min%,90s,Starts,Mn/Start,Compl,Subs,Mn/Sub,unSub,PPM,onG,onGA,+/-,+/-90,On-Off,onxG,onxGA,xG+/-,xG+/-90,On-Off,Matches,Iñigo Martínez,DF
Real Sociedad (7 Seasons),Real Sociedad (7 Seasons),Real Sociedad (7 Seasons),,1 League,,205,18158,89,75.8,201.8,205,89,197,0,,1,1.33,144,151,-7,-0.06,-0.30,17.0,16.5,+0.5,+0.05,-0.05,,Iñigo Martínez,DF
Athletic Club (6 Seasons),Athletic Club (6 Seasons),Athletic Club (6 Seasons),,1 League,,152,13510,89,65.8,150.1,151,89,145,1,45,10,1.38,174,165,+9,+0.06,+0.10,177.7,165.1,+12.6,+0.08,-0.06,,Iñigo Martínez,DF
Barcelona (2 Seasons),Barcelona (2 Seasons),Barcelona (2 Seasons),,1 League,,38,2896,76,56.5,32.2,31,89,28,7,20,8,2.29,75,29,+46,+1.43,+0.70,69.9,34.0,+35.8,+1.11,+0.14,,Iñigo Martínez,DF
2015,18,Avaí,br BRA,1. Série A,17th,0,,,,,0,,0,0,,1,,,,,,,,,,,,Matches,Raphinha,"FW,MF"
2015-2016,18,Vitória,pt POR,1. Primeira Liga,10th,1,18,18,0.6,0.2,0,,,1,,0,,,,,,,,,,,,Matches,Raphinha,"FW,MF"
2016-2017,19,Vitória,pt POR,1. Primeira Liga,4th,32,1695,53,55.4,18.8,18,,,14,,1,,,,,,,,,,,,Matches,Raphinha,"FW,MF"
2017-2018,20,Vitória,pt POR,1. Primeira Liga,9th,32,2785,87,91.0,30.9,32,,,0,,0,,,,,,,,,,,,Matches,Raphinha,"FW,MF"
2018-2019,21,Sporting CP,pt POR,1. Primeira Liga,3rd,24,1510,63,49.3,16.8,16,83,8,8,22,2,1.96,27,18,+9,+0.54,-1.21,29.9,19.7,+10.2,+0.61,-0.18,Matches,Raphinha,"FW,MF"
2019-2020,22,Sporting CP,pt POR,1. Primeira Liga,4th,4,360,90,11.8,4.0,4,90,4,0,,0,1.75,8,6,+2,+0.50,+0.07,5.7,7.5,-1.8,-0.45,-0.94,Matches,Raphinha,"FW,MF"
2019-2020,22,Rennes,fr FRA,1. Ligue 1,3rd,22,1690,77,67.1,18.8,20,83,13,2,20,0,1.82,25,16,+9,+0.48,-0.06,26.4,17.4,+8.9,+0.47,+0.69,Matches,Raphinha,"FW,MF"
2020-2021,23,Rennes,fr FRA,1. Ligue 1,6th,6,404,67,11.8,4.5,5,77,1,1,21,0,2.33,8,6,+2,+0.45,+0.15,5.3,3.9,+1.5,+0.33,+0.08,Matches,Raphinha,"FW,MF"
2020-2021,23,Leeds United,eng ENG,Jr. PL2 — Div. 2,1st,1,90,90,4.2,1.0,1,90,1,0,,0,3.00,2,0,+2,+2.00,+0.65,,,,,,Matches,Raphinha,"FW,MF"
2020-2021,23,Leeds United,eng ENG,1. Premier League,9th,30,2360,79,69.0,26.2,26,87,19,4,24,0,1.67,44,34,+10,+0.38,+0.55,37.9,40.1,-2.3,-0.09,-0.09,Matches,Raphinha,"FW,MF"
2021-2022,24,Leeds United,eng ENG,1. Premier League,17th,35,2915,83,85.2,32.4,34,84,26,1,45,0,1.00,34,68,-34,-1.05,-0.52,37.2,57.5,-20.3,-0.63,-0.07,Matches,Raphinha,"FW,MF"
2022-2023,25,Barcelona,es ESP,1. La Liga,1st,36,2072,58,60.6,23.0,25,72,2,11,24,1,2.28,34,9,+25,+1.09,-0.58,44.9,18.1,+26.8,+1.16,+0.13,Matches,Raphinha,"FW,MF"
2023-2024,26,Barcelona,es ESP,1. La Liga,2nd,28,1368,49,40.0,15.2,17,68,4,11,19,2,2.14,30,14,+16,+1.05,+0.22,31.0,15.1,+15.9,+1.05,+0.17,Matches,Raphinha,"FW,MF"
2024-2025,27,Barcelona,es ESP,1. La Liga,3rd,19,1586,83,92.7,17.6,18,86,14,1,32,0,2.00,47,17,+30,+1.70,+2.43,44.7,20.5,+24.2,+1.37,+1.43,Matches,Raphinha,"FW,MF"
10 Seasons,10 Seasons,6 Clubs,,5 Leagues,,269,18763,70,46.8,208.5,215,81,91,54,23,7,1.83,257,188,+69,+0.44,-0.22,263.0,199.9,+63.1,+0.40,-0.06,,Raphinha,"FW,MF"
,,,Country,Comp,LgRank,MP,Min,Mn/MP,Min%,90s,Starts,Mn/Start,Compl,Subs,Mn/Sub,unSub,PPM,onG,onGA,+/-,+/-90,On-Off,onxG,onxGA,xG+/-,xG+/-90,On-Off,Matches,Raphinha,"FW,MF"
Barcelona (3 Seasons),Barcelona (3 Seasons),Barcelona (3 Seasons),,1 League,,83,5026,61,58.8,55.8,60,75,20,23,22,3,2.17,111,40,+71,+1.27,+0.17,120.6,53.8,+66.9,+1.20,+0.29,,Raphinha,"FW,MF"
Vitória (3 Seasons),Vitória (3 Seasons),Vitória (3 Seasons),,1 League,,65,4498,69,49.0,50.0,50,,,15,,1,,,,,,,,,,,,,Raphinha,"FW,MF"
Leeds United (2 Seasons),Leeds United (2 Seasons),Leeds United (2 Seasons),,1 League,,65,5275,81,77.1,58.6,60,86,45,5,28,0,1.31,78,102,-24,-0.41,-0.12,75.1,97.7,-22.6,-0.39,-0.21,,Raphinha,"FW,MF"
Sporting CP (2 Seasons),Sporting CP (2 Seasons),Sporting CP (2 Seasons),,1 League,,28,1870,67,30.6,20.8,20,85,12,8,22,2,1.93,35,24,+11,+0.53,-0.38,35.6,27.2,+8.4,+0.41,-0.20,,Raphinha,"FW,MF"
Rennes (2 Seasons),Rennes (2 Seasons),Rennes (2 Seasons),,1 League,,28,2094,75,35.3,23.3,25,81,14,3,20,0,1.93,33,22,+11,+0.47,+0.12,31.7,21.3,+10.4,+0.45,+0.30,,Raphinha,"FW,MF"
Leeds United (1 Season),Leeds United (1 Season),Leeds United (1 Season),,1 League,,1,90,90,4.2,1.0,1,90,1,0,,0,3.00,2,0,+2,+2.00,+0.65,,,,,,,Raphinha,"FW,MF"
Avaí (1 Season),Avaí (1 Season),Avaí (1 Season),,1 League,,0,,,,,0,,0,0,,1,,,,,,,,,,,,,Raphinha,"FW,MF"
,,,,,,,,,,,,,,,,,,,,,,,,,,,,,Raphinha,"FW,MF"
Primeira Liga (5 Seasons),Primeira Liga (5 Seasons),Primeira Liga (5 Seasons),,,,93,6368,68,41.6,70.8,70,85,12,23,22,3,1.93,35,24,+11,+0.53,-0.38,35.6,27.2,+8.4,+0.41,-0.20,,Raphinha,"FW,MF"
La Liga (3 Seasons),La Liga (3 Seasons),La Liga (3 Seasons),,,,83,5026,61,58.8,55.8,60,75,20,23,22,3,2.17,111,40,+71,+1.27,+0.17,120.6,53.8,+66.9,+1.20,+0.29,,Raphinha,"FW,MF"
Premier League (2 Seasons),Premier League (2 Seasons),Premier League (2 Seasons),,,,65,5275,81,77.1,58.6,60,86,45,5,28,0,1.31,78,102,-24,-0.41,-0.12,75.1,97.7,-22.6,-0.39,-0.21,,Raphinha,"FW,MF"
Ligue 1 (2 Seasons),Ligue 1 (2 Seasons),Ligue 1 (2 Seasons),,,,28,2094,75,35.3,23.3,25,81,14,3,20,0,1.93,33,22,+11,+0.47,+0.12,31.7,21.3,+10.4,+0.45,+0.30,,Raphinha,"FW,MF"
PL2 — Div. 2 (1 Season),PL2 — Div. 2 (1 Season),PL2 — Div. 2 (1 Season),,,,1,90,90,4.2,1.0,1,90,1,0,,0,3.00,2,0,+2,+2.00,+0.65,,,,,,,Raphinha,"FW,MF"
Série A (1 Season),Série A (1 Season),Série A (1 Season),,,,0,,,,,0,,0,0,,1,,,,,,,,,,,,,Raphinha,"FW,MF"
2008-2009,19,Lech Poznań,pl POL,1. Ekstraklasa,3rd,30,2427,81,89.9,27.0,27,,,3,,,,,,,,,,,,,,Matches,Robert Lewandowski,FW
2009-2010,20,Lech Poznań,pl POL,1. Ekstraklasa,1st,28,2514,90,93.1,27.9,28,,,0,,,,,,,,,,,,,,Matches,Robert Lewandowski,FW
2010-2011,21,Dortmund,de GER,1. Bundesliga,1st,33,1591,48,52.0,17.7,15,,6,18,,,,,,,,,,,,,,Matches,Robert Lewandowski,FW
2011-2012,22,Dortmund,de GER,1. Bundesliga,1st,34,2868,84,93.7,31.9,34,,20,0,,,,,,,,,,,,,,Matches,Robert Lewandowski,FW
2012-2013,23,Dortmund,de GER,1. Bundesliga,2nd,31,2595,84,84.8,28.8,29,,27,2,,,,,,,,,,,,,,Matches,Robert Lewandowski,FW
2013-2014,24,Dortmund,de GER,1. Bundesliga,2nd,33,2799,85,91.5,31.1,31,,25,2,,,,,,,,,,,,,,Matches,Robert Lewandowski,FW
2014-2015,25,Bayern Munich,de GER,1. Bundesliga,1st,31,2480,80,81.0,27.6,28,,17,3,,1,2.35,66,13,+53,+1.92,+0.53,,,,,,Matches,Robert Lewandowski,FW
2015-2016,26,Bayern Munich,de GER,1. Bundesliga,1st,32,2653,83,86.7,29.5,29,,26,3,,1,2.63,71,14,+57,+1.93,+0.61,,,,,,Matches,Robert Lewandowski,FW
2016-2017,27,Bayern Munich,de GER,1. Bundesliga,1st,33,2775,84,90.7,30.8,31,,28,2,,0,2.45,84,20,+64,+2.08,+1.13,,,,,,Matches,Robert Lewandowski,FW
2017-2018,28,Bayern Munich,de GER,1. Bundesliga,1st,30,2172,72,71.0,24.1,24,,20,6,,3,2.40,64,21,+43,+1.78,-0.35,58.5,21.6,+37.0,+1.53,+0.81,Matches,Robert Lewandowski,FW
2018-2019,29,Bayern Munich,de GER,1. Bundesliga,1st,33,2957,90,96.6,32.9,33,90,31,0,,1,2.33,87,31,+56,+1.70,+1.70,84.0,25.8,+58.2,+1.77,+1.58,Matches,Robert Lewandowski,FW
2019-2020,30,Bayern Munich,de GER,1. Bundesliga,1st,31,2759,89,90.2,30.7,31,89,29,0,,0,2.35,89,30,+59,+1.92,-0.77,79.5,35.0,+44.5,+1.45,-0.67,Matches,Robert Lewandowski,FW
2020-2021,31,Bayern Munich,de GER,1. Bundesliga,1st,29,2458,85,80.3,27.3,28,87,22,1,34,0,2.24,85,37,+48,+1.76,+0.71,66.0,32.9,+33.1,+1.21,+0.81,Matches,Robert Lewandowski,FW
2021-2022,32,Bayern Munich,de GER,1. Bundesliga,1st,34,2946,87,96.3,32.7,34,87,28,0,,0,2.26,92,36,+56,+1.71,-1.45,84.8,35.3,+49.4,+1.51,-1.06,Matches,Robert Lewandowski,FW
2022-2023,33,Barcelona,es ESP,1. La Liga,1st,34,2847,84,83.2,31.6,33,85,27,1,34,0,2.24,62,20,+42,+1.33,+0.07,66.5,26.1,+40.3,+1.28,+0.96,Matches,Robert Lewandowski,FW
2023-2024,34,Barcelona,es ESP,1. La Liga,2nd,35,2750,79,80.4,30.6,32,83,20,3,31,0,2.23,67,35,+32,+1.05,+0.64,61.5,34.6,+26.9,+0.88,-0.33,Matches,Robert Lewandowski,FW
2024-2025,35,Barcelona,es ESP,1. La Liga,3rd,18,1476,82,86.3,16.4,18,82,10,0,,1,1.94,40,16,+24,+1.46,-0.46,38.4,19.3,+19.1,+1.16,-0.76,Matches,Robert Lewandowski,FW
17 Seasons,17 Seasons,4 Clubs,,3 Leagues,,529,43067,81,85.0,478.5,485,86,336,44,32,7,2.33,807,273,+534,+1.70,+0.28,539.1,230.6,+308.5,+1.36,+0.43,,Robert Lewandowski,FW
,,,Country,Comp,LgRank,MP,Min,Mn/MP,Min%,90s,Starts,Mn/Start,Compl,Subs,Mn/Sub,unSub,PPM,onG,onGA,+/-,+/-90,On-Off,onxG,onxGA,xG+/-,xG+/-90,On-Off,Matches,Robert Lewandowski,FW
Bayern Munich (8 Seasons),Bayern Munich (8 Seasons),Bayern Munich (8 Seasons),,1 League,,253,21200,84,86.6,235.6,238,88,201,15,34,6,2.38,638,202,+436,+1.85,+0.23,372.8,150.6,+222.2,+1.50,+0.59,,Robert Lewandowski,FW
Dortmund (4 Seasons),Dortmund (4 Seasons),Dortmund (4 Seasons),,1 League,,131,9853,75,80.5,109.5,109,,78,22,,,,,,,,,,,,,,,Robert Lewandowski,FW
Barcelona (3 Seasons),Barcelona (3 Seasons),Barcelona (3 Seasons),,1 League,,87,7073,81,82.7,78.6,83,84,57,4,32,1,2.17,169,71,+98,+1.25,+0.27,166.3,80.0,+86.3,+1.10,+0.13,,Robert Lewandowski,FW
Lech Poznań (2 Seasons),Lech Poznań (2 Seasons),Lech Poznań (2 Seasons),,1 League,,58,4941,85,91.5,54.9,55,,,3,,,,,,,,,,,,,,,Robert Lewandowski,FW
,,,,,,,,,,,,,,,,,,,,,,,,,,,,,Robert Lewandowski,FW
Bundesliga (12 Seasons),Bundesliga (12 Seasons),Bundesliga (12 Seasons),,,,384,31053,81,84.6,345.0,347,88,279,37,34,6,2.38,638,202,+436,+1.85,+0.23,372.8,150.6,+222.2,+1.50,+0.59,,Robert Lewandowski,FW
La Liga (3 Seasons),La Liga (3 Seasons),La Liga (3 Seasons),,,,87,7073,81,82.7,78.6,83,84,57,4,32,1,2.17,169,71,+98,+1.25,+0.27,166.3,80.0,+86.3,+1.10,+0.13,,Robert Lewandowski,FW
Ekstraklasa (2 Seasons),Ekstraklasa (2 Seasons),Ekstraklasa (2 Seasons),,,,58,4941,85,91.5,54.9,55,,,3,,,,,,,,,,,,,,,Robert Lewandowski,FW
2017-2018,18,Bordeaux,fr FRA,1. Ligue 1,6th,18,1589,88,46.5,17.7,17,90,17,1,59,2,1.89,31,19,+12,+0.68,+1.02,25.3,19.9,+5.4,+0.30,+0.20,Matches,Jules Koundé,DF
2018-2019,19,Bordeaux,fr FRA,1. Ligue 1,14th,37,3330,90,97.4,37.0,37,90,37,0,,0,1.11,34,41,-7,-0.19,+0.81,39.2,52.6,-13.5,-0.36,-0.09,Matches,Jules Koundé,DF
2019-2020,20,Sevilla,es ESP,1. La Liga,4th,29,2309,80,67.5,25.7,25,89,24,4,23,8,2.03,39,22,+17,+0.66,+0.42,34.8,24.2,+10.6,+0.41,-0.11,Matches,Jules Koundé,DF
2020-2021,21,Sevilla,es ESP,1. La Liga,4th,34,2975,88,87.0,33.1,33,90,32,1,10,1,2.18,48,28,+20,+0.61,+0.61,47.0,30.6,+16.4,+0.50,-0.15,Matches,Jules Koundé,DF
2021-2022,22,Sevilla,es ESP,1. La Liga,4th,32,2736,86,80.0,30.4,31,87,28,1,33,0,1.81,45,25,+20,+0.66,+0.26,35.3,32.0,+3.3,+0.11,-0.17,Matches,Jules Koundé,DF
2022-2023,23,Barcelona,es ESP,1. La Liga,1st,29,2426,84,70.9,27.0,28,86,24,1,9,2,2.38,51,12,+39,+1.45,+0.45,53.0,21.6,+31.4,+1.16,+0.17,Matches,Jules Koundé,DF
2023-2024,24,Barcelona,es ESP,1. La Liga,2nd,35,2899,83,84.8,32.2,32,88,30,3,29,2,2.31,69,38,+31,+0.96,+0.27,66.9,37.0,+29.9,+0.93,-0.12,Matches,Jules Koundé,DF
2024-2025,25,Barcelona,es ESP,1. La Liga,3rd,19,1525,80,89.2,16.9,17,88,15,2,19,0,2.00,44,20,+24,+1.42,-1.02,42.1,22.3,+19.9,+1.17,-0.87,Matches,Jules Koundé,DF
8 Seasons,8 Seasons,3 Clubs,,2 Leagues,,233,19789,85,77.2,219.9,220,88,207,13,25,15,1.95,361,205,+156,+0.71,+0.43,343.6,240.3,+103.3,+0.47,-0.07,,Jules Koundé,DF
,,,Country,Comp,LgRank,MP,Min,Mn/MP,Min%,90s,Starts,Mn/Start,Compl,Subs,Mn/Sub,unSub,PPM,onG,onGA,+/-,+/-90,On-Off,onxG,onxGA,xG+/-,xG+/-90,On-Off,Matches,Jules Koundé,DF
Sevilla (3 Seasons),Sevilla (3 Seasons),Sevilla (3 Seasons),,1 League,,95,8020,84,78.2,89.1,89,89,84,6,22,9,2.01,132,75,+57,+0.64,+0.40,117.2,86.8,+30.4,+0.34,-0.13,,Jules Koundé,DF
Barcelona (3 Seasons),Barcelona (3 Seasons),Barcelona (3 Seasons),,1 League,,83,6850,83,80.1,76.1,77,87,69,6,22,4,2.26,164,70,+94,+1.24,+0.18,162.0,80.9,+81.1,+1.07,-0.06,,Jules Koundé,DF
Bordeaux (2 Seasons),Bordeaux (2 Seasons),Bordeaux (2 Seasons),,1 League,,55,4919,89,71.9,54.7,54,90,54,1,59,2,1.37,65,60,+5,+0.09,+0.47,64.5,72.6,-8.1,-0.15,-0.23,,Jules Koundé,DF
,,,,,,,,,,,,,,,,,,,,,,,,,,,,,Jules Koundé,DF
La Liga (6 Seasons),La Liga (6 Seasons),La Liga (6 Seasons),,,,178,14870,84,79.1,165.2,166,88,153,12,22,13,2.13,296,145,+151,+0.91,+0.32,279.2,167.7,+111.4,+0.67,-0.08,,Jules Koundé,DF
Ligue 1 (2 Seasons),Ligue 1 (2 Seasons),Ligue 1 (2 Seasons),,,,55,4919,89,71.9,54.7,54,90,54,1,59,2,1.37,65,60,+5,+0.09,+0.47,64.5,72.6,-8.1,-0.15,-0.23,,Jules Koundé,DF
2023-2024,16,Barcelona,es ESP,1. La Liga,2nd,19,1558,82,45.6,17.3,18,84,13,1,45,7,2.32,36,21,15,0.87,-0.1,31.3,19.9,11.4,0.66,-0.53,Matches,Pau Cubarsí,DF
2024-2025,17,Barcelona,es ESP,1. La Liga,3rd,19,1488,78,87.0,16.5,17,85,12,2,25,0,2.0,43,19,24,1.45,-0.58,39.9,20.0,19.9,1.2,-0.49,Matches,Pau Cubarsí,DF
2 Seasons,2 Seasons,1 Club,,1 League,,38,3046,80,59.4,33.8,35,84,25,3,31,7,2.16,79,40,39,1.15,0.07,71.1,39.9,31.2,0.92,-0.32,,Pau Cubarsí,DF
2019-2020,16,Las Palmas,es ESP,2. La Liga 2,9th,36,2823,78,74.7,31.4,34,82,19,2,20,0,1.56,43,29,+14,+0.45,+1.48,39.8,31.4,+8.4,+0.27,+0.79,Matches,Pedri,MF
2020-2021,17,Barcelona,es ESP,1. La Liga,3rd,37,2415,65,70.6,26.8,28,76,6,9,32,0,2.05,66,26,+40,+1.49,+0.86,56.8,26.4,+30.4,+1.13,+0.93,Matches,Pedri,MF
2021-2022,18,Barcelona,es ESP,1. La Liga,2nd,12,885,74,25.9,9.8,10,82,4,2,33,0,2.67,28,9,+19,+1.93,+1.54,23.4,9.1,+14.3,+1.45,+0.93,Matches,Pedri,MF
2022-2023,19,Barcelona,es ESP,1. La Liga,1st,26,1976,76,57.8,22.0,22,83,12,4,38,0,2.62,47,9,+38,+1.73,+0.98,48.6,17.6,+31.0,+1.41,+0.70,Matches,Pedri,MF
2023-2024,20,Barcelona,es ESP,1. La Liga,2nd,24,1476,62,43.2,16.4,16,78,3,8,29,0,2.08,32,20,+12,+0.73,-0.33,34.0,18.2,+15.8,+0.96,+0.03,Matches,Pedri,MF
2024-2025,21,Barcelona,es ESP,1. La Liga,3rd,19,1425,75,83.3,15.8,17,81,6,2,21,0,2.00,39,16,+23,+1.45,-0.44,36.1,19.3,+16.8,+1.06,-1.25,Matches,Pedri,MF
6 Seasons,6 Seasons,2 Clubs,,2 Leagues,,154,11000,71,57.4,122.2,127,80,50,27,30,0,2.08,255,109,+146,+1.19,+0.67,238.6,122.1,+116.6,+0.95,+0.40,,Pedri,MF
,,,Country,Comp,LgRank,MP,Min,Mn/MP,Min%,90s,Starts,Mn/Start,Compl,Subs,Mn/Sub,unSub,PPM,onG,onGA,+/-,+/-90,On-Off,onxG,onxGA,xG+/-,xG+/-90,On-Off,Matches,Pedri,MF
Barcelona (5 Seasons),Barcelona (5 Seasons),Barcelona (5 Seasons),,1 League,,118,8177,69,53.1,90.9,93,80,31,25,31,0,2.24,212,80,+132,+1.45,+0.72,198.8,90.6,+108.2,+1.19,+0.49,,Pedri,MF
Las Palmas (1 Season),Las Palmas (1 Season),Las Palmas (1 Season),,1 League,,36,2823,78,74.7,31.4,34,82,19,2,20,0,1.56,43,29,+14,+0.45,+1.48,39.8,31.4,+8.4,+0.27,+0.79,,Pedri,MF
,,,,,,,,,,,,,,,,,,,,,,,,,,,,,Pedri,MF
La Liga (5 Seasons),La Liga (5 Seasons),La Liga (5 Seasons),,,,118,8177,69,53.1,90.9,93,80,31,25,31,0,2.24,212,80,+132,+1.45,+0.72,198.8,90.6,+108.2,+1.19,+0.49,,Pedri,MF
La Liga 2 (1 Season),La Liga 2 (1 Season),La Liga 2 (1 Season),,,,36,2823,78,74.7,31.4,34,82,19,2,20,0,1.56,43,29,+14,+0.45,+1.48,39.8,31.4,+8.4,+0.27,+0.79,,Pedri,MF
2021-2022,17,Barcelona,es ESP,1. La Liga,2nd,5,188,38,5.5,2.1,2,65,0,3,19,13,1.4,0,4,-4,-1.91,-2.86,0.7,1.9,-1.2,-0.57,-1.41,Matches,Alejandro Balde,DF
2022-2023,18,Barcelona,es ESP,1. La Liga,1st,33,2471,75,72.3,27.5,30,81,21,3,9,4,2.45,48,15,33,1.2,-0.41,53.8,25.9,27.9,1.02,-0.35,Matches,Alejandro Balde,DF
2023-2024,19,Barcelona,es ESP,1. La Liga,2nd,18,1378,77,40.3,15.3,15,87,12,3,26,2,2.11,29,17,12,0.78,-0.23,34.9,14.9,20.0,1.31,0.61,Matches,Alejandro Balde,DF
2024-2025,20,Barcelona,es ESP,1. La Liga,3rd,17,1288,76,75.3,14.3,15,83,9,2,24,2,2.0,41,13,28,1.96,1.74,37.8,16.3,21.5,1.5,0.94,Matches,Alejandro Balde,DF
4 Seasons,4 Seasons,1 Club,,1 League,,73,5325,73,44.5,59.2,62,83,42,11,19,21,2.19,118,49,69,1.17,0.15,127.3,59.1,68.2,1.15,0.3,,Alejandro Balde,DF
2022-2023,15,Barcelona,es ESP,1. La Liga,1st,1,8,8,0.2,0.1,0,,0,1,8,3,3.0,0,0,0,0.0,-1.32,0.5,0.0,0.5,5.65,4.55,Matches,Lamine Yamal,FW
2023-2024,16,Barcelona,es ESP,1. La Liga,2nd,37,2201,59,64.4,24.5,22,83.0,12,15,25,1,2.22,57,33,24,0.98,0.17,52.3,30.5,21.8,0.89,-0.15,Matches,Lamine Yamal,FW
2024-2025,17,Barcelona,es ESP,1. La Liga,3rd,16,1274,80,74.5,14.2,14,86.0,7,2,39,0,2.31,45,14,31,2.19,2.6,39.0,15.5,23.5,1.66,1.54,Matches,Lamine Yamal,FW
3 Seasons,3 Seasons,1 Club,,1 League,,54,3483,65,40.7,38.7,36,84.0,19,18,25,4,2.26,102,47,55,1.42,0.37,91.8,46.0,45.8,1.18,0.18,,Lamine Yamal,FW
2022-2023,18,Barcelona,es ESP,1. La Liga,1st,0,,,,,0,,0,0,,8,,,,,,,,,,,,Matches,Marc Casado,MF
2023-2024,19,Barcelona,es ESP,1. La Liga,2nd,2,15.0,8.0,0.4,0.2,0,,0,2,8.0,19,3.0,0.0,0.0,0.0,0.0,-0.93,0.1,0.3,-0.2,-1.19,-2.14,Matches,Marc Casado,MF
2024-2025,20,Barcelona,es ESP,1. La Liga,3rd,16,1182.0,74.0,69.1,13.1,14,81.0,7,2,27.0,2,2.0,35.0,11.0,24.0,1.83,0.98,32.8,15.3,17.5,1.33,0.22,Matches,Marc Casado,MF
3 Seasons,3 Seasons,1 Club,,1 League,,18,1197.0,67.0,14.0,13.3,14,81.0,7,4,17.0,29,2.11,35.0,11.0,24.0,1.8,0.89,32.9,15.6,17.3,1.3,0.33,,Marc Casado,MF
2018-2019,19,Barcelona,es ESP,1. La Liga,1st,0,,,,,0,,0,0,,9,,,,,,,,,,,,Matches,Iñaki Peña,GK
2019-2020,20,Barcelona,es ESP,1. La Liga,2nd,0,,,,,0,,0,0,,16,,,,,,,,,,,,Matches,Iñaki Peña,GK
2020-2021,21,Barcelona,es ESP,1. La Liga,3rd,0,,,,,0,,0,0,,24,,,,,,,,,,,,Matches,Iñaki Peña,GK
2021-2022,22,Galatasaray,tr TUR,1. Süper Lig,13th,6,540,90,15.8,6.0,6,90,6,0,,5,1.83,11,9,+2,+0.33,+0.46,,,,,,Matches,Iñaki Peña,GK
2021-2022,22,Barcelona,es ESP,1. La Liga,2nd,0,,,,,0,,0,0,,18,,,,,,,,,,,,Matches,Iñaki Peña,GK
2022-2023,23,Barcelona,es ESP,1. La Liga,1st,2,73,37,2.1,0.8,0,,0,2,37,36,0.00,2,2,0,0.00,-1.34,1.2,1.4,-0.2,-0.29,-1.43,Matches,Iñaki Peña,GK
2023-2024,24,Barcelona,es ESP,1. La Liga,2nd,10,900,90,26.3,10.0,10,90,10,0,,25,2.00,21,17,+4,+0.40,-0.71,24.6,11.9,+12.7,+1.27,+0.44,Matches,Iñaki Peña,GK
2024-2025,25,Barcelona,es ESP,1. La Liga,3rd,14,1216,87,71.1,13.5,13,90,13,1,46,5,1.64,32,17,+15,+1.11,-1.44,32.5,17.8,+14.7,+1.09,-0.61,Matches,Iñaki Peña,GK
7 Seasons,7 Seasons,2 Clubs,,2 Leagues,,32,2729,85,10.6,30.3,29,90,29,3,40,138,1.69,66,45,+21,+0.69,-0.19,58.3,31.1,+27.2,+1.12,+0.05,,Iñaki Peña,GK
,,,Country,Comp,LgRank,MP,Min,Mn/MP,Min%,90s,Starts,Mn/Start,Compl,Subs,Mn/Sub,unSub,PPM,onG,onGA,+/-,+/-90,On-Off,onxG,onxGA,xG+/-,xG+/-90,On-Off,Matches,Iñaki Peña,GK
Barcelona (7 Seasons),Barcelona (7 Seasons),Barcelona (7 Seasons),,1 League,,26,2189,84,9.8,24.3,23,90,23,3,40,133,1.65,55,36,+19,+0.78,-0.56,58.3,31.1,+27.2,+1.12,+0.05,,Iñaki Peña,GK
Galatasaray (1 Season),Galatasaray (1 Season),Galatasaray (1 Season),,1 League,,6,540,90,15.8,6.0,6,90,6,0,,5,1.83,11,9,+2,+0.33,+0.46,,,,,,,Iñaki Peña,GK
,,,,,,,,,,,,,,,,,,,,,,,,,,,,,Iñaki Peña,GK
La Liga (7 Seasons),La Liga (7 Seasons),La Liga (7 Seasons),,,,26,2189,84,9.8,24.3,23,90,23,3,40,133,1.65,55,36,+19,+0.78,-0.56,58.3,31.1,+27.2,+1.12,+0.05,,Iñaki Peña,GK
Süper Lig (1 Season),Süper Lig (1 Season),Süper Lig (1 Season),,,,6,540,90,15.8,6.0,6,90,6,0,,5,1.83,11,9,+2,+0.33,+0.46,,,,,,,Iñaki Peña,GK
2014-2015,16,Dinamo Zagreb,hr CRO,1. 1. HNL,1st,5,71,14,2.3,0.8,0,,0,5,,4,2.60,1,2,-1,-1.27,-3.17,,,,,,Matches,Dani Olmo,"MF,FW"
2015-2016,17,Dinamo Zagreb,hr CRO,1. 1. HNL,1st,1,45,45,1.4,0.5,0,,0,1,,0,3.00,2,0,+2,+4.00,+2.70,,,,,,Matches,Dani Olmo,"MF,FW"
2016-2017,18,Dinamo Zagreb,hr CRO,1. 1. HNL,2nd,14,836,60,25.8,9.3,8,,7,6,,6,2.79,25,5,+20,+2.15,+1.25,,,,,,Matches,Dani Olmo,"MF,FW"
2017-2018,19,Dinamo Zagreb,hr CRO,1. 1. HNL,1st,26,2101,81,64.8,23.3,23,,16,3,,1,2.27,49,22,+27,+1.16,+0.60,,,,,,Matches,Dani Olmo,"MF,FW"
2018-2019,20,Dinamo Zagreb,hr CRO,1. 1. HNL,1st,25,1590,64,49.1,17.7,16,86,12,9,24,5,2.48,30,5,+25,+1.42,-0.17,,,,,,Matches,Dani Olmo,"MF,FW"
2019-2020,21,Dinamo Zagreb,hr CRO,1. 1. HNL,1st,9,741,82,22.9,8.2,9,82,4,0,,6,2.78,19,1,+18,+2.19,+1.32,,,,,,Matches,Dani Olmo,"MF,FW"
2019-2020,21,RB Leipzig,de GER,1. Bundesliga,3rd,12,747,62,24.4,8.3,9,71,1,3,35,3,1.75,20,5,+15,+1.81,+0.68,17.0,7.3,+9.7,+1.17,+0.28,Matches,Dani Olmo,"MF,FW"
2020-2021,22,RB Leipzig,de GER,1. Bundesliga,2nd,32,2194,69,71.7,24.4,26,78,8,6,27,0,2.00,46,20,+26,+1.07,+0.86,46.2,19.3,+26.9,+1.10,+0.26,Matches,Dani Olmo,"MF,FW"
2021-2022,23,RB Leipzig,de GER,1. Bundesliga,4th,19,743,39,24.3,8.3,7,71,1,12,21,1,1.84,22,14,+8,+0.97,-0.08,14.0,11.0,+3.0,+0.36,-0.48,Matches,Dani Olmo,"MF,FW"
2022-2023,24,RB Leipzig,de GER,1. Bundesliga,3rd,23,1282,56,41.9,14.2,15,74,4,8,21,0,2.00,32,16,+16,+1.12,+0.77,28.6,11.6,+17.0,+1.19,+0.77,Matches,Dani Olmo,"MF,FW"
2023-2024,25,RB Leipzig,de GER,1. Bundesliga,4th,21,1449,69,47.4,16.1,17,82,7,4,16,0,2.00,41,20,+21,+1.30,+0.35,27.3,18.0,+9.3,+0.58,-0.32,Matches,Dani Olmo,"MF,FW"
2024-2025,26,Barcelona,es ESP,1. La Liga,3rd,11,623,57,36.4,6.9,7,69,0,4,36,2,1.82,21,5,+16,+2.31,+1.24,19.5,9.3,+10.2,+1.47,+0.32,Matches,Dani Olmo,"MF,FW"
11 Seasons,11 Seasons,3 Clubs,,3 Leagues,,198,12422,63,34.2,138.0,137,78,60,61,24,28,2.17,308,115,+193,+1.40,+0.31,152.6,76.5,+76.1,+0.97,+0.15,,Dani Olmo,"MF,FW"
,,,Country,Comp,LgRank,MP,Min,Mn/MP,Min%,90s,Starts,Mn/Start,Compl,Subs,Mn/Sub,unSub,PPM,onG,onGA,+/-,+/-90,On-Off,onxG,onxGA,xG+/-,xG+/-90,On-Off,Matches,Dani Olmo,"MF,FW"
Dinamo Zagreb (6 Seasons),Dinamo Zagreb (6 Seasons),Dinamo Zagreb (6 Seasons),,1 League,,80,5384,67,27.8,59.8,56,85,39,24,24,22,2.51,126,35,+91,+1.52,+0.26,,,,,,,Dani Olmo,"MF,FW"
RB Leipzig (5 Seasons),RB Leipzig (5 Seasons),RB Leipzig (5 Seasons),,1 League,,107,6415,60,41.9,71.3,74,77,21,33,23,4,1.94,161,75,+86,+1.21,+0.38,133.1,67.2,+65.9,+0.92,+0.14,,Dani Olmo,"MF,FW"
Barcelona (1 Season),Barcelona (1 Season),Barcelona (1 Season),,1 League,,11,623,57,36.4,6.9,7,69,0,4,36,2,1.82,21,5,+16,+2.31,+1.24,19.5,9.3,+10.2,+1.47,+0.32,,Dani Olmo,"MF,FW"
,,,,,,,,,,,,,,,,,,,,,,,,,,,,,Dani Olmo,"MF,FW"
1. HNL (6 Seasons),1. HNL (6 Seasons),1. HNL (6 Seasons),,,,80,5384,67,27.8,59.8,56,85,39,24,24,22,2.51,126,35,+91,+1.52,+0.26,,,,,,,Dani Olmo,"MF,FW"
Bundesliga (5 Seasons),Bundesliga (5 Seasons),Bundesliga (5 Seasons),,,,107,6415,60,41.9,71.3,74,77,21,33,23,4,1.94,161,75,+86,+1.21,+0.38,133.1,67.2,+65.9,+0.92,+0.14,,Dani Olmo,"MF,FW"
La Liga (1 Season),La Liga (1 Season),La Liga (1 Season),,,,11,623,57,36.4,6.9,7,69,0,4,36,2,1.82,21,5,+16,+2.31,+1.24,19.5,9.3,+10.2,+1.47,+0.32,,Dani Olmo,"MF,FW"
2017-2018,17,Valencia,es ESP,1. La Liga,4th,13,311,24,9.1,3.5,2,75,0,11,15,8,1.85,5,3,+2,+0.58,-0.14,4.2,4.7,-0.5,-0.15,-0.39,Matches,Ferrán Torres,"FW,MF"
2018-2019,18,Valencia,es ESP,1. La Liga,4th,24,850,35,24.9,9.4,8,69,1,16,19,12,1.83,12,8,+4,+0.42,0.00,14.0,11.9,+2.1,+0.22,-0.33,Matches,Ferrán Torres,"FW,MF"
2019-2020,19,Valencia,es ESP,1. La Liga,9th,34,2251,66,65.8,25.0,26,79,11,8,24,3,1.38,27,30,-3,-0.12,+0.19,28.9,38.8,-9.9,-0.40,-0.18,Matches,Ferrán Torres,"FW,MF"
2020-2021,20,Manchester City,eng ENG,1. Premier League,1st,24,1306,54,38.2,14.5,15,74,5,9,22,13,2.13,29,13,+16,+1.10,-0.39,23.2,12.4,+10.9,+0.75,-0.40,Matches,Ferrán Torres,"FW,MF"
2021-2022,21,Manchester City,eng ENG,1. Premier League,1st,4,303,76,8.9,3.4,4,76,2,0,,3,2.25,8,1,+7,+2.08,+0.17,9.0,1.5,+7.5,+2.23,+0.59,Matches,Ferrán Torres,"FW,MF"
2021-2022,21,Barcelona,es ESP,1. La Liga,2nd,18,1412,78,41.3,15.7,17,80,10,1,45,0,2.28,31,11,+20,+1.27,+0.83,25.9,14.9,+11.0,+0.70,-0.10,Matches,Ferrán Torres,"FW,MF"
2022-2023,22,Barcelona,es ESP,1. La Liga,1st,33,1392,42,40.7,15.5,14,72,5,19,20,3,2.27,25,11,+14,+0.91,-0.69,28.4,15.5,+12.8,+0.83,-0.48,Matches,Ferrán Torres,"FW,MF"
2023-2024,23,Barcelona,es ESP,1. La Liga,2nd,29,1211,42,35.4,13.5,12,68,4,17,23,2,2.21,33,18,+15,+1.11,+0.30,29.6,14.0,+15.6,+1.16,+0.33,Matches,Ferrán Torres,"FW,MF"
2024-2025,24,Barcelona,es ESP,1. La Liga,3rd,13,517,40,30.2,5.7,6,56,1,7,26,0,1.92,11,13,-2,-0.35,-2.69,12.8,8.1,+4.7,+0.82,-0.64,Matches,Ferrán Torres,"FW,MF"
8 Seasons,8 Seasons,3 Clubs,,2 Leagues,,192,9553,50,32.9,106.1,104,74,39,88,21,44,1.98,181,108,+73,+0.69,-0.38,176.1,121.9,+54.2,+0.51,-0.37,,Ferrán Torres,"FW,MF"
,,,Country,Comp,LgRank,MP,Min,Mn/MP,Min%,90s,Starts,Mn/Start,Compl,Subs,Mn/Sub,unSub,PPM,onG,onGA,+/-,+/-90,On-Off,onxG,onxGA,xG+/-,xG+/-90,On-Off,Matches,Ferrán Torres,"FW,MF"
Barcelona (4 Seasons),Barcelona (4 Seasons),Barcelona (4 Seasons),,1 League,,93,4532,49,37.9,50.4,49,72,20,44,23,5,2.20,100,53,+47,+0.93,-0.24,96.7,52.5,+44.2,+0.88,-0.18,,Ferrán Torres,"FW,MF"
Valencia (3 Seasons),Valencia (3 Seasons),Valencia (3 Seasons),,1 League,,71,3412,48,33.3,37.9,36,77,12,35,19,23,1.62,44,41,+3,+0.08,-0.35,47.2,55.5,-8.3,-0.22,-0.50,,Ferrán Torres,"FW,MF"
Manchester City (2 Seasons),Manchester City (2 Seasons),Manchester City (2 Seasons),,1 League,,28,1609,57,23.5,17.9,19,74,7,9,22,16,2.15,37,14,+23,+1.29,-0.45,32.2,13.9,+18.4,+1.03,-0.41,,Ferrán Torres,"FW,MF"
,,,,,,,,,,,,,,,,,,,,,,,,,,,,,Ferrán Torres,"FW,MF"
La Liga (7 Seasons),La Liga (7 Seasons),La Liga (7 Seasons),,,,164,7944,48,35.7,88.3,85,74,32,79,21,28,1.95,144,94,+50,+0.57,-0.25,143.9,108.0,+35.8,+0.41,-0.28,,Ferrán Torres,"FW,MF"
Premier League (2 Seasons),Premier League (2 Seasons),Premier League (2 Seasons),,,,28,1609,57,23.5,17.9,19,74,7,9,22,16,2.15,37,14,+23,+1.29,-0.45,32.2,13.9,+18.4,+1.03,-0.41,,Ferrán Torres,"FW,MF"
2010-2011,18,Gladbach,de GER,1. Bundesliga,16th,6,540,90,17.6,6.0,6,,6,0,,,,,,,,,,,,,,Matches,Marc-André ter Stegen,GK
2011-2012,19,Gladbach,de GER,1. Bundesliga,4th,34,3060,90,100.0,34.0,34,,34,0,,,,,,,,,,,,,,Matches,Marc-André ter Stegen,GK
2012-2013,20,Gladbach,de GER,1. Bundesliga,8th,34,3046,90,99.5,33.8,34,,33,0,,,,,,,,,,,,,,Matches,Marc-André ter Stegen,GK
2013-2014,21,Gladbach,de GER,1. Bundesliga,6th,34,3060,90,100.0,34.0,34,,34,0,,,,,,,,,,,,,,Matches,Marc-André ter Stegen,GK
2014-2015,22,Barcelona,es ESP,1. La Liga,1st,0,,,,,0,,0,0,,35,,,,,,,,,,,,Matches,Marc-André ter Stegen,GK
2015-2016,23,Barcelona,es ESP,1. La Liga,1st,7,543,78,15.9,6.0,6,90,6,1,3,31,2.57,17,7,+10,+1.66,-0.63,,,,,,Matches,Marc-André ter Stegen,GK
2016-2017,24,Barcelona,es ESP,1. La Liga,2nd,36,3240,90,94.7,36.0,36,90,36,0,,0,2.42,109,33,+76,+2.11,+0.61,,,,,,Matches,Marc-André ter Stegen,GK
2017-2018,25,Barcelona,es ESP,1. La Liga,1st,37,3330,90,97.4,37.0,37,90,37,0,,1,2.43,94,28,+66,+1.78,-2.22,80.7,41.0,+39.8,+1.07,-0.73,Matches,Marc-André ter Stegen,GK
2018-2019,26,Barcelona,es ESP,1. La Liga,1st,35,3150,90,92.1,35.0,35,90,35,0,,1,2.37,86,32,+54,+1.54,+1.54,71.8,40.7,+31.1,+0.89,+1.11,Matches,Marc-André ter Stegen,GK
2019-2020,27,Barcelona,es ESP,1. La Liga,2nd,36,3240,90,94.7,36.0,36,90,36,0,,1,2.17,79,36,+43,+1.19,-1.31,60.7,37.3,+23.5,+0.65,-1.64,Matches,Marc-André ter Stegen,GK
2020-2021,28,Barcelona,es ESP,1. La Liga,3rd,31,2790,90,81.6,31.0,31,90,31,0,,0,2.19,74,32,+42,+1.35,+0.64,64.5,31.1,+33.4,+1.08,+1.18,Matches,Marc-André ter Stegen,GK
2021-2022,29,Barcelona,es ESP,1. La Liga,2nd,35,3150,90,92.1,35.0,35,90,35,0,,0,1.89,61,34,+27,+0.77,-0.23,58.4,31.5,+26.9,+0.77,+0.07,Matches,Marc-André ter Stegen,GK
2022-2023,30,Barcelona,es ESP,1. La Liga,1st,38,3347,88,97.9,37.2,38,88,36,0,,0,2.32,68,18,+50,+1.34,+1.34,74.3,31.7,+42.5,+1.14,+1.43,Matches,Marc-André ter Stegen,GK
2023-2024,31,Barcelona,es ESP,1. La Liga,2nd,28,2520,90,73.7,28.0,28,90,28,0,,0,2.32,58,27,+31,+1.11,+0.71,53.0,29.8,+23.2,+0.83,-0.44,Matches,Marc-André ter Stegen,GK
2024-2025,32,Barcelona,es ESP,1. La Liga,3rd,6,494,82,28.9,5.5,6,82,5,0,,0,3.00,19,5,+14,+2.55,+1.44,15.0,5.6,+9.3,+1.70,+0.61,Matches,Marc-André ter Stegen,GK
15 Seasons,15 Seasons,2 Clubs,,2 Leagues,,397,35510,89,73.7,394.6,396,90,392,1,3,69,2.29,665,252,+413,+1.44,-0.07,478.4,248.6,+229.8,+0.94,+0.09,,Marc-André ter Stegen,GK
,,,Country,Comp,LgRank,MP,Min,Mn/MP,Min%,90s,Starts,Mn/Start,Compl,Subs,Mn/Sub,unSub,PPM,onG,onGA,+/-,+/-90,On-Off,onxG,onxGA,xG+/-,xG+/-90,On-Off,Matches,Marc-André ter Stegen,GK
Barcelona (11 Seasons),Barcelona (11 Seasons),Barcelona (11 Seasons),,1 League,,289,25804,89,71.9,286.7,288,90,285,1,3,69,2.29,665,252,+413,+1.44,-0.07,478.4,248.6,+229.8,+0.94,+0.09,,Marc-André ter Stegen,GK
Gladbach (4 Seasons),Gladbach (4 Seasons),Gladbach (4 Seasons),,1 League,,108,9706,90,79.3,107.8,108,,107,0,,,,,,,,,,,,,,,Marc-André ter Stegen,GK
,,,,,,,,,,,,,,,,,,,,,,,,,,,,,Marc-André ter Stegen,GK
La Liga (11 Seasons),La Liga (11 Seasons),La Liga (11 Seasons),,,,289,25804,89,71.9,286.7,288,90,285,1,3,69,2.29,665,252,+413,+1.44,-0.07,478.4,248.6,+229.8,+0.94,+0.09,,Marc-André ter Stegen,GK
Bundesliga (4 Seasons),Bundesliga (4 Seasons),Bundesliga (4 Seasons),,,,108,9706,90,79.3,107.8,108,,107,0,,,,,,,,,,,,,,,Marc-André ter Stegen,GK
2017-2018,16,Manchester City,eng ENG,Jr. PL2 — Div. 1,6th,2,180,90,9.1,2.0,2,90,2,0,,2,1.50,2,1,+1,+0.50,+0.05,,,,,,Matches,Eric García,"MF,DF"
2018-2019,17,Manchester City,eng ENG,Jr. PL2 — Div. 1,8th,10,885,89,44.7,9.8,10,89,9,0,,1,1.30,21,29,-8,-0.81,-0.65,,,,,,Matches,Eric García,"MF,DF"
2019-2020,18,Manchester City,eng ENG,Jr. PL2 — Div. 1,9th,3,270,90,16.7,3.0,3,90,3,0,,0,1.33,8,6,+2,+0.67,+0.73,,,,,,Matches,Eric García,"MF,DF"
2019-2020,18,Manchester City,eng ENG,1. Premier League,2nd,13,793,61,23.2,8.8,8,82,6,5,27,7,2.54,23,7,+16,+1.82,+0.07,20.9,8.0,+12.8,+1.46,-0.01,Matches,Eric García,"MF,DF"
2020-2021,19,Manchester City,eng ENG,1. Premier League,1st,6,383,64,11.2,4.3,3,90,3,3,38,16,1.67,8,12,-4,-0.94,-2.57,4.0,6.7,-2.6,-0.61,-1.82,Matches,Eric García,"MF,DF"
2021-2022,20,Barcelona,es ESP,1. La Liga,2nd,26,2039,78,59.6,22.7,23,82,16,3,48,7,2.00,46,20,+26,+1.15,+0.89,42.1,21.7,+20.4,+0.90,+0.34,Matches,Eric García,"MF,DF"
2022-2023,21,Barcelona,es ESP,1. La Liga,1st,24,1417,59,41.4,15.7,15,79,10,9,25,14,2.00,30,10,+20,+1.27,-0.08,30.6,14.0,+16.7,+1.06,-0.09,Matches,Eric García,"MF,DF"
2023-2024,22,Girona,es ESP,1. La Liga,3rd,30,2637,88,77.1,29.3,30,88,26,0,,1,2.03,70,40,+30,+1.02,-0.01,60.3,43.9,+16.4,+0.56,+0.56,Matches,Eric García,"MF,DF"
2023-2024,22,Barcelona,es ESP,1. La Liga,2nd,2,57,29,1.7,0.6,0,,0,2,29,1,3.00,4,1,+3,+4.74,+3.88,3.2,0.4,+2.8,+4.47,+3.59,Matches,Eric García,"MF,DF"
2024-2025,23,Barcelona,es ESP,1. La Liga,3rd,11,536,49,31.3,6.0,4,86,3,7,28,2,2.18,17,8,+9,+1.51,-0.02,16.6,7.3,+9.4,+1.57,+0.45,Matches,Eric García,"MF,DF"
6 Seasons,6 Seasons,3 Clubs,,2 Leagues,,112,7862,70,35.4,87.4,83,84,64,29,30,48,2.09,198,98,+100,+1.14,-0.11,177.8,101.9,+75.9,+0.87,-0.17,,Eric García,"MF,DF"
,,,Country,Comp,LgRank,MP,Min,Mn/MP,Min%,90s,Starts,Mn/Start,Compl,Subs,Mn/Sub,unSub,PPM,onG,onGA,+/-,+/-90,On-Off,onxG,onxGA,xG+/-,xG+/-90,On-Off,Matches,Eric García,"MF,DF"
Barcelona (4 Seasons),Barcelona (4 Seasons),Barcelona (4 Seasons),,1 League,,63,4049,64,33.8,45.0,42,82,29,21,30,24,2.06,97,39,+58,+1.29,+0.31,92.6,43.3,+49.3,+1.09,+0.16,,Eric García,"MF,DF"
Manchester City (3 Seasons),Manchester City (3 Seasons),Manchester City (3 Seasons),,1 League,,15,1335,89,23.9,14.8,15,89,14,0,,3,1.33,31,36,-5,-0.34,-0.46,,,,,,,Eric García,"MF,DF"
Manchester City (2 Seasons),Manchester City (2 Seasons),Manchester City (2 Seasons),,1 League,,19,1176,62,17.2,13.1,11,84,9,8,31,23,2.27,31,19,+12,+0.92,-0.77,24.9,14.7,+10.2,+0.78,-0.54,,Eric García,"MF,DF"
Girona (1 Season),Girona (1 Season),Girona (1 Season),,1 League,,30,2637,88,77.1,29.3,30,88,26,0,,1,2.03,70,40,+30,+1.02,-0.01,60.3,43.9,+16.4,+0.56,+0.56,,Eric García,"MF,DF"
,,,,,,,,,,,,,,,,,,,,,,,,,,,,,Eric García,"MF,DF"
La Liga (4 Seasons),La Liga (4 Seasons),La Liga (4 Seasons),,,,93,6686,72,43.4,74.3,72,84,55,21,30,25,2.05,167,79,+88,+1.18,+0.20,152.9,87.2,+65.7,+0.88,+0.04,,Eric García,"MF,DF"
PL2 — Div. 1 (3 Seasons),PL2 — Div. 1 (3 Seasons),PL2 — Div. 1 (3 Seasons),,,,15,1335,89,23.9,14.8,15,89,14,0,,3,1.33,31,36,-5,-0.34,-0.46,,,,,,,Eric García,"MF,DF"
Premier League (2 Seasons),Premier League (2 Seasons),Premier League (2 Seasons),,,,19,1176,62,17.2,13.1,11,84,9,8,31,23,2.27,31,19,+12,+0.92,-0.77,24.9,14.7,+10.2,+0.78,-0.54,,Eric García,"MF,DF"
2023-2024,20,Barcelona,es ESP,1. La Liga,2nd,31,1446,47,42.3,16.1,14,70,1,17,28,6,2.29,31,15,16,1.0,0.13,29.8,17.7,12.1,0.75,-0.33,Matches,Fermin López,"MF,FW"
2024-2025,21,Barcelona,es ESP,1. La Liga,3rd,12,396,33,23.2,4.4,4,58,0,8,21,1,1.83,8,7,1,0.23,-1.69,8.9,5.4,3.5,0.79,-0.62,Matches,Fermin López,"MF,FW"
2 Seasons,2 Seasons,1 Club,,1 League,,43,1842,43,35.9,20.5,18,67,1,25,25,7,2.16,39,22,17,0.83,-0.46,38.7,23.1,15.6,0.76,-0.45,,Fermin López,"MF,FW"
2024-2025,22,Barcelona,es ESP,1. La Liga,3rd,11,390,35,22.8,4.3,4,67,1,7,17,8,2.27,11,7,4,0.92,-0.78,9.5,5.7,3.8,0.88,-0.5,Matches,Gerard Martín,DF
1 Season,1 Season,1 Club,,1 League,,11,390,35,22.8,4.3,4,67,1,7,17,8,2.27,11,7,4,0.92,-0.78,9.5,5.7,3.8,0.88,-0.5,,Gerard Martín,DF
2022-2023,19,Barcelona,es ESP,1. La Liga,1st,8,144,18,4.2,1.6,1,62,0,7,12,23,0.88,3,2,+1,+0.62,-0.72,3.3,2.7,+0.6,+0.38,-0.77,Matches,Pablo Torre,"MF,FW"
2023-2024,20,Girona,es ESP,1. La Liga,3rd,26,701,27,20.5,7.8,4,66,0,22,20,10,2.08,14,10,+4,+0.51,-0.64,13.2,13.1,+0.1,+0.01,-0.53,Matches,Pablo Torre,"MF,FW"
2024-2025,21,Barcelona,es ESP,1. La Liga,3rd,7,248,35,14.5,2.8,4,56,0,3,8,12,1.86,8,4,+4,+1.45,-0.09,5.4,4.7,+0.7,+0.25,-1.19,Matches,Pablo Torre,"MF,FW"
3 Seasons,3 Seasons,2 Clubs,,1 League,,41,1093,27,12.8,12.1,9,61,0,32,17,45,1.81,25,16,+9,+0.74,-0.57,21.8,20.4,+1.4,+0.11,-0.87,,Pablo Torre,"MF,FW"
,,,Country,Comp,LgRank,MP,Min,Mn/MP,Min%,90s,Starts,Mn/Start,Compl,Subs,Mn/Sub,unSub,PPM,onG,onGA,+/-,+/-90,On-Off,onxG,onxGA,xG+/-,xG+/-90,On-Off,Matches,Pablo Torre,"MF,FW"
Barcelona (2 Seasons),Barcelona (2 Seasons),Barcelona (2 Seasons),,1 League,,15,392,26,7.6,4.4,5,57,0,10,11,35,1.34,11,6,+5,+1.15,-0.26,8.6,7.4,+1.3,+0.30,-0.94,,Pablo Torre,"MF,FW"
Girona (1 Season),Girona (1 Season),Girona (1 Season),,1 League,,26,701,27,20.5,7.8,4,66,0,22,20,10,2.08,14,10,+4,+0.51,-0.64,13.2,13.1,+0.1,+0.01,-0.53,,Pablo Torre,"MF,FW"
2021-2022,16,Barcelona,es ESP,1. La Liga,2nd,34,2316,68,67.7,25.7,28,78,11,6,23,2,1.85,44,27,17,0.66,-0.4,41.0,19.8,21.2,0.82,0.19,Matches,Gavi,MF
2022-2023,17,Barcelona,es ESP,1. La Liga,1st,36,2531,70,74.0,28.1,30,78,13,6,33,0,2.36,52,11,41,1.46,0.55,53.9,21.9,32.0,1.14,0.1,Matches,Gavi,MF
2023-2024,18,Barcelona,es ESP,1. La Liga,2nd,12,944,79,27.6,10.5,10,88,9,2,34,0,2.25,22,11,11,1.05,0.18,22.7,10.9,11.9,1.13,0.26,Matches,Gavi,MF
2024-2025,19,Barcelona,es ESP,1. La Liga,3rd,10,260,26,15.2,2.9,3,64,0,7,10,0,1.4,6,4,2,0.69,-0.98,6.3,2.7,3.6,1.24,-0.03,Matches,Gavi,MF
4 Seasons,4 Seasons,1 Club,,1 League,,92,6051,66,50.6,67.2,71,79,33,21,22,2,2.05,124,53,71,1.06,-0.05,123.9,55.2,68.7,1.02,0.07,,Gavi,MF
2024-2025,17,Barcelona,es ESP,1. La Liga,3rd,3,242,81,14.2,2.7,3,81,1,0,,0,3.0,6,3,3,1.12,-0.48,6.0,2.3,3.7,1.39,0.15,Matches,Marc Bernal,MF
1 Season,1 Season,1 Club,,1 League,,3,242,81,14.2,2.7,3,81,1,0,,0,3.0,6,3,3,1.12,-0.48,6.0,2.3,3.7,1.39,0.15,,Marc Bernal,MF
2023-2024,16,Barcelona,es ESP,1. La Liga,2nd,7,318,45,9.3,3.5,4,65,0,3,20,17,2.57,9,2,7,1.98,1.17,5.4,2.9,2.5,0.7,-0.28,Matches,Héctor Fort,DF
2024-2025,17,Barcelona,es ESP,1. La Liga,3rd,9,275,31,16.1,3.1,2,72,0,7,19,8,1.89,11,7,4,1.31,-0.26,8.1,4.3,3.8,1.23,-0.05,Matches,Héctor Fort,DF
2 Seasons,2 Seasons,1 Club,,1 League,,16,593,37,11.6,6.6,6,67,0,10,19,25,2.19,20,9,11,1.67,0.62,13.5,7.2,6.2,0.94,-0.12,,Héctor Fort,DF
2024-2025,19,Barcelona,es ESP,1. La Liga,3rd,3,172,57,10.1,1.9,2,71,0,1,30,15,2.0,8,4,4,2.09,0.63,4.3,4.3,0.0,0.01,-1.39,Matches,Sergi Dominguez,DF
1 Season,1 Season,1 Club,,1 League,,3,172,57,10.1,1.9,2,71,0,1,30,15,2.0,8,4,4,2.09,0.63,4.3,4.3,0.0,0.01,-1.39,,Sergi Dominguez,DF
2014-2015,17,Willem II,nl NED,1. Eredivisie,9th,1,23,23,0.8,0.3,0,,0,1,,0,3.00,0,0,0,0.00,+0.12,,,,,,Matches,Frenkie de Jong,MF
2015-2016,18,Willem II,nl NED,1. Eredivisie,16th,1,21,21,0.7,0.2,0,,0,1,,4,0.00,0,0,0,0.00,+0.53,,,,,,Matches,Frenkie de Jong,MF
2015-2016,18,Jong Ajax,nl NED,2. Eerste Divisie,9th,15,1287,86,39.7,14.3,15,,12,0,,1,1.47,23,17,+6,+0.42,+0.60,,,,,,Matches,Frenkie de Jong,MF
2016-2017,19,Jong Ajax,nl NED,2. Eerste Divisie,2nd,31,2606,84,76.2,29.0,30,,25,1,,0,1.94,71,42,+29,+1.00,-0.10,,,,,,Matches,Frenkie de Jong,MF
2016-2017,19,Ajax,nl NED,1. Eredivisie,2nd,4,151,38,4.9,1.7,1,,1,3,,13,3.00,6,1,+5,+2.98,+1.40,,,,,,Matches,Frenkie de Jong,MF
2017-2018,20,Ajax,nl NED,1. Eredivisie,2nd,22,1559,71,50.9,17.3,16,,13,6,,3,2.23,42,16,+26,+1.50,-0.30,,,,,,Matches,Frenkie de Jong,MF
2018-2019,21,Ajax,nl NED,1. Eredivisie,1st,31,2510,81,82.0,27.9,30,83,22,1,34,2,2.48,98,29,+69,+2.47,-0.47,75.0,29.8,+45.2,+1.62,-0.61,Matches,Frenkie de Jong,MF
2019-2020,22,Barcelona,es ESP,1. La Liga,2nd,29,2115,73,61.8,23.5,24,83,14,5,23,1,2.10,52,26,+26,+1.11,-0.41,41.2,25.3,+16.0,+0.68,-0.15,Matches,Frenkie de Jong,MF
2020-2021,23,Barcelona,es ESP,1. La Liga,3rd,37,3154,85,92.2,35.0,35,87,29,2,63,0,2.14,78,35,+43,+1.23,-0.13,67.8,37.7,+30.1,+0.86,-0.01,Matches,Frenkie de Jong,MF
2021-2022,24,Barcelona,es ESP,1. La Liga,2nd,32,2476,77,72.4,27.5,30,81,17,2,28,1,2.00,49,30,+19,+0.69,-0.36,43.1,24.2,+18.9,+0.69,-0.27,Matches,Frenkie de Jong,MF
2022-2023,25,Barcelona,es ESP,1. La Liga,1st,33,2534,77,74.1,28.2,29,83,20,4,29,1,2.33,56,20,+36,+1.28,-0.14,58.4,24.3,+34.2,+1.21,+0.39,Matches,Frenkie de Jong,MF
2023-2024,26,Barcelona,es ESP,1. La Liga,2nd,20,1634,82,47.8,18.2,20,82,17,0,,1,2.05,41,25,+16,+0.88,-0.08,41.3,20.0,+21.3,+1.17,+0.43,Matches,Frenkie de Jong,MF
2024-2025,27,Barcelona,es ESP,1. La Liga,3rd,8,235,29,13.7,2.6,1,45,0,7,27,3,1.75,9,7,+2,+0.77,-0.88,8.0,5.3,+2.6,+1.01,-0.30,Matches,Frenkie de Jong,MF
11 Seasons,11 Seasons,4 Clubs,,3 Leagues,,264,20305,77,49.8,225.6,231,83,170,33,30,30,2.12,525,248,+277,+1.23,+0.44,334.8,166.5,+168.2,+1.03,0.00,,Frenkie de Jong,MF
,,,Country,Comp,LgRank,MP,Min,Mn/MP,Min%,90s,Starts,Mn/Start,Compl,Subs,Mn/Sub,unSub,PPM,onG,onGA,+/-,+/-90,On-Off,onxG,onxGA,xG+/-,xG+/-90,On-Off,Matches,Frenkie de Jong,MF
Barcelona (6 Seasons),Barcelona (6 Seasons),Barcelona (6 Seasons),,1 League,,159,12148,76,64.6,135.0,139,83,97,20,30,7,2.11,285,143,+142,+1.05,-0.26,259.8,136.7,+123.1,+0.91,-0.02,,Frenkie de Jong,MF
Ajax (3 Seasons),Ajax (3 Seasons),Ajax (3 Seasons),,1 League,,57,4220,74,46.0,46.9,47,83,36,10,34,18,2.42,146,46,+100,+2.13,+0.34,75.0,29.8,+45.2,+1.62,-0.61,,Frenkie de Jong,MF
Jong Ajax (2 Seasons),Jong Ajax (2 Seasons),Jong Ajax (2 Seasons),,1 League,,46,3893,85,58.5,43.3,45,,37,1,,1,1.79,94,59,+35,+0.81,+0.61,,,,,,,Frenkie de Jong,MF
Willem II (2 Seasons),Willem II (2 Seasons),Willem II (2 Seasons),,1 League,,2,44,22,0.7,0.5,0,,0,2,,4,1.50,0,0,0,0.00,+0.33,,,,,,,Frenkie de Jong,MF
,,,,,,,,,,,,,,,,,,,,,,,,,,,,,Frenkie de Jong,MF
La Liga (6 Seasons),La Liga (6 Seasons),La Liga (6 Seasons),,,,159,12148,76,64.6,135.0,139,83,97,20,30,7,2.11,285,143,+142,+1.05,-0.26,259.8,136.7,+123.1,+0.91,-0.02,,Frenkie de Jong,MF
Eredivisie (5 Seasons),Eredivisie (5 Seasons),Eredivisie (5 Seasons),,,,59,4264,72,27.9,47.4,47,83,36,12,34,22,2.39,146,46,+100,+2.11,+1.48,75.0,29.8,+45.2,+1.62,-0.61,,Frenkie de Jong,MF
Eerste Divisie (2 Seasons),Eerste Divisie (2 Seasons),Eerste Divisie (2 Seasons),,,,46,3893,85,58.5,43.3,45,,37,1,,1,1.79,94,59,+35,+0.81,+0.61,,,,,,,Frenkie de Jong,MF
2019-2020,17,Girona,es ESP,2. La Liga 2,5th,1,23,23,0.6,0.3,0,,0,1,23,3,0.00,0,1,-1,-3.91,-4.06,0.1,0.8,-0.7,-2.71,-3.10,Matches,Pau Victor Delgado,FW
2020-2021,18,Girona,es ESP,2. La Liga 2,5th,7,108,15,2.9,1.2,0,,0,7,15,12,0.86,2,2,0,0.00,-0.27,1.8,1.5,+0.3,+0.24,+0.32,Matches,Pau Victor Delgado,FW
2021-2022,19,Girona,es ESP,2. La Liga 2,6th,0,,,,,0,,0,0,,2,,,,,,,,,,,,Matches,Pau Victor Delgado,FW
2022-2023,20,Girona,es ESP,1. La Liga,10th,0,,,,,0,,0,0,,1,,,,,,,,,,,,Matches,Pau Victor Delgado,FW
2023-2024,21,Barcelona,es ESP,1. La Liga,2nd,0,,,,,0,,0,0,,3,,,,,,,,,,,,Matches,Pau Victor Delgado,FW
2024-2025,22,Barcelona,es ESP,1. La Liga,3rd,13,194,15,11.3,2.2,1,58,0,12,11,6,1.77,9,5,+4,+1.86,+0.37,8.0,3.1,+4.9,+2.28,+1.14,Matches,Pau Victor Delgado,FW
6 Seasons,6 Seasons,2 Clubs,,2 Leagues,,21,325,15,1.6,3.6,1,58,0,20,13,27,1.38,11,8,+3,+0.83,+0.41,9.9,5.4,+4.5,+1.25,+0.93,,Pau Victor Delgado,FW
,,,Country,Comp,LgRank,MP,Min,Mn/MP,Min%,90s,Starts,Mn/Start,Compl,Subs,Mn/Sub,unSub,PPM,onG,onGA,+/-,+/-90,On-Off,onxG,onxGA,xG+/-,xG+/-90,On-Off,Matches,Pau Victor Delgado,FW
Girona (4 Seasons),Girona (4 Seasons),Girona (4 Seasons),,2 Leagues,,8,131,16,0.9,1.5,0,,0,8,16,18,0.75,2,3,-1,-0.69,-0.89,1.9,2.3,-0.4,-0.27,-0.43,,Pau Victor Delgado,FW
Barcelona (2 Seasons),Barcelona (2 Seasons),Barcelona (2 Seasons),,1 League,,13,194,15,3.8,2.2,1,58,0,12,11,9,1.77,9,5,+4,+1.86,+0.37,8.0,3.1,+4.9,+2.28,+1.14,,Pau Victor Delgado,FW
,,,,,,,,,,,,,,,,,,,,,,,,,,,,,Pau Victor Delgado,FW
La Liga (3 Seasons),La Liga (3 Seasons),La Liga (3 Seasons),,,,13,194,15,2.3,2.2,1,58,0,12,11,10,1.77,9,5,+4,+1.86,+0.37,8.0,3.1,+4.9,+2.28,+1.14,,Pau Victor Delgado,FW
La Liga 2 (3 Seasons),La Liga 2 (3 Seasons),La Liga 2 (3 Seasons),,,,8,131,16,1.2,1.5,0,,0,8,16,17,0.75,2,3,-1,-0.69,-0.89,1.9,2.3,-0.4,-0.27,-0.43,,Pau Victor Delgado,FW
2019-2020,16,Barcelona,es ESP,1. La Liga,2nd,24,1027,43,30.0,11.4,11,71,1,13,19,9,2.04,27,14,+13,+1.14,-0.18,22.3,11.3,+11.0,+0.96,+0.32,Matches,Ansu Fati,FW
2020-2021,17,Barcelona,es ESP,1. La Liga,3rd,7,431,62,12.6,4.8,6,67,0,1,29,0,1.57,10,5,+5,+1.04,-0.22,7.9,5.4,+2.5,+0.51,-0.40,Matches,Ansu Fati,FW
2021-2022,18,Barcelona,es ESP,1. La Liga,2nd,10,336,34,9.8,3.7,3,59,0,7,23,0,1.70,8,4,+4,+1.07,+0.31,4.3,3.3,+1.0,+0.27,-0.55,Matches,Ansu Fati,FW
2022-2023,19,Barcelona,es ESP,1. La Liga,1st,36,1393,39,40.7,15.5,12,71,1,24,22,1,2.36,36,5,+31,+2.00,+1.16,31.8,13.1,+18.7,+1.21,+0.16,Matches,Ansu Fati,FW
2023-2024,20,Brighton,eng ENG,1. Premier League,11th,19,521,27,15.2,5.8,3,50,0,16,23,5,1.26,13,12,+1,+0.17,+0.42,10.2,7.0,+3.2,+0.56,+0.61,Matches,Ansu Fati,FW
2023-2024,20,Barcelona,es ESP,1. La Liga,2nd,3,50,17,1.5,0.6,0,,0,3,17,0,2.33,2,0,+2,+3.60,+2.72,2.4,0.3,+2.1,+3.86,+2.96,Matches,Ansu Fati,FW
2024-2025,21,Barcelona,es ESP,1. La Liga,3rd,4,127,32,7.4,1.4,1,75,0,3,17,5,2.25,3,0,+3,+2.13,+0.65,3.7,1.0,+2.6,+1.86,+0.65,Matches,Ansu Fati,FW
6 Seasons,6 Seasons,2 Clubs,,2 Leagues,,103,3885,38,17.5,43.2,36,68,2,67,22,20,1.96,99,40,+59,+1.37,+0.52,82.6,41.4,+41.2,+0.95,+0.21,,Ansu Fati,FW
,,,Country,Comp,LgRank,MP,Min,Mn/MP,Min%,90s,Starts,Mn/Start,Compl,Subs,Mn/Sub,unSub,PPM,onG,onGA,+/-,+/-90,On-Off,onxG,onxGA,xG+/-,xG+/-90,On-Off,Matches,Ansu Fati,FW
Barcelona (6 Seasons),Barcelona (6 Seasons),Barcelona (6 Seasons),,1 League,,84,3364,40,17.9,37.4,33,70,2,51,21,15,2.12,86,28,+58,+1.55,+0.50,72.3,34.4,+37.9,+1.01,+0.12,,Ansu Fati,FW
Brighton (1 Season),Brighton (1 Season),Brighton (1 Season),,1 League,,19,521,27,15.2,5.8,3,50,0,16,23,5,1.26,13,12,+1,+0.17,+0.42,10.2,7.0,+3.2,+0.56,+0.61,,Ansu Fati,FW
,,,,,,,,,,,,,,,,,,,,,,,,,,,,,Ansu Fati,FW
La Liga (6 Seasons),La Liga (6 Seasons),La Liga (6 Seasons),,,,84,3364,40,17.9,37.4,33,70,2,51,21,15,2.12,86,28,+58,+1.55,+0.50,72.3,34.4,+37.9,+1.01,+0.12,,Ansu Fati,FW
Premier League (1 Season),Premier League (1 Season),Premier League (1 Season),,,,19,521,27,15.2,5.8,3,50,0,16,23,5,1.26,13,12,+1,+0.17,+0.42,10.2,7.0,+3.2,+0.56,+0.61,,Ansu Fati,FW
2014-2015,18,Chelsea,eng ENG,1. Premier League,1st,1,13,13,0.4,0.1,0,,0,1,,2,3.00,1,0,+1,+6.92,+5.87,,,,,,Matches,Andreas Christensen,DF
2015-2016,19,Gladbach,de GER,1. Bundesliga,4th,31,2790,90,91.2,31.0,31,,31,0,,3,1.77,65,43,+22,+0.71,+2.38,,,,,,Matches,Andreas Christensen,DF
2016-2017,20,Gladbach,de GER,1. Bundesliga,9th,31,2781,90,90.9,30.9,31,,30,0,,0,1.42,45,43,+2,+0.06,+2.00,,,,,,Matches,Andreas Christensen,DF
2017-2018,21,Chelsea,eng ENG,1. Premier League,5th,27,2086,77,61.0,23.2,23,,18,4,,9,1.67,37,23,+14,+0.60,-0.07,34.3,19.3,+15.0,+0.65,+0.28,Matches,Andreas Christensen,DF
2018-2019,22,Chelsea,eng ENG,1. Premier League,3rd,8,617,77,18.0,6.9,6,90,6,2,38,22,1.75,16,7,+9,+1.31,+0.83,13.0,5.6,+7.4,+1.08,+0.60,Matches,Andreas Christensen,DF
2019-2020,23,Chelsea,eng ENG,1. Premier League,4th,21,1751,83,51.2,19.5,21,83,18,0,,14,1.62,37,33,+4,+0.21,-0.39,36.3,21.7,+14.7,+0.75,-0.11,Matches,Andreas Christensen,DF
2020-2021,24,Chelsea,eng ENG,1. Premier League,4th,17,1371,81,40.1,15.2,15,84,13,2,57,6,1.94,21,15,+6,+0.39,-0.31,23.5,10.8,+12.7,+0.84,-0.02,Matches,Andreas Christensen,DF
2021-2022,25,Chelsea,eng ENG,1. Premier League,3rd,19,1496,79,43.7,16.6,17,85,15,2,28,9,2.21,38,11,+27,+1.62,+0.88,25.9,14.8,+11.1,+0.67,-0.22,Matches,Andreas Christensen,DF
2022-2023,26,Barcelona,es ESP,1. La Liga,1st,23,1760,77,51.5,19.6,22,80,15,1,6,4,2.30,33,13,+20,+1.02,-0.60,34.9,19.5,+15.4,+0.79,-0.67,Matches,Andreas Christensen,DF
2023-2024,27,Barcelona,es ESP,1. La Liga,2nd,30,1979,66,57.9,22.0,27,68,6,3,49,6,2.17,37,26,+11,+0.50,-1.00,41.1,24.7,+16.4,+0.75,-0.47,Matches,Andreas Christensen,DF
2024-2025,28,Barcelona,es ESP,1. La Liga,3rd,1,27,27,1.6,0.3,0,,0,1,27,0,3.00,0,0,0,0.00,-1.55,0.5,0.0,+0.5,+1.62,+0.36,Matches,Andreas Christensen,DF
11 Seasons,11 Seasons,3 Clubs,,3 Leagues,,209,16671,80,47.4,185.2,193,79,152,16,39,75,1.87,330,214,+116,+0.63,-0.25,209.4,116.3,+93.2,+0.76,-0.14,,Andreas Christensen,DF
,,,Country,Comp,LgRank,MP,Min,Mn/MP,Min%,90s,Starts,Mn/Start,Compl,Subs,Mn/Sub,unSub,PPM,onG,onGA,+/-,+/-90,On-Off,onxG,onxGA,xG+/-,xG+/-90,On-Off,Matches,Andreas Christensen,DF
Chelsea (6 Seasons),Chelsea (6 Seasons),Chelsea (6 Seasons),,1 League,,93,7334,79,35.7,81.5,82,85,70,11,41,62,1.84,150,89,+61,+0.75,+0.01,133.0,72.1,+60.9,+0.75,+0.06,,Andreas Christensen,DF
Barcelona (3 Seasons),Barcelona (3 Seasons),Barcelona (3 Seasons),,1 League,,54,3766,70,44.0,41.8,49,73,21,5,36,10,2.24,70,39,+31,+0.74,-0.82,76.4,44.1,+32.3,+0.77,-0.54,,Andreas Christensen,DF
Gladbach (2 Seasons),Gladbach (2 Seasons),Gladbach (2 Seasons),,1 League,,62,5571,90,91.0,61.9,62,,61,0,,3,1.60,110,86,+24,+0.39,+2.19,,,,,,,Andreas Christensen,DF
,,,,,,,,,,,,,,,,,,,,,,,,,,,,,Andreas Christensen,DF
Premier League (6 Seasons),Premier League (6 Seasons),Premier League (6 Seasons),,,,93,7334,79,35.7,81.5,82,85,70,11,41,62,1.84,150,89,+61,+0.75,+0.01,133.0,72.1,+60.9,+0.75,+0.06,,Andreas Christensen,DF
La Liga (3 Seasons),La Liga (3 Seasons),La Liga (3 Seasons),,,,54,3766,70,44.0,41.8,49,73,21,5,36,10,2.24,70,39,+31,+0.74,-0.82,76.4,44.1,+32.3,+0.77,-0.54,,Andreas Christensen,DF
Bundesliga (2 Seasons),Bundesliga (2 Seasons),Bundesliga (2 Seasons),,,,62,5571,90,91.0,61.9,62,,61,0,,3,1.60,110,86,+24,+0.39,+2.19,,,,,,,Andreas Christensen,DF
2017,17,Boston River,uy URU,1. Uruguayan Primera División,6th,9,530,59,15.9,5.9,5,91,5,4,19,4,1.22,4,10,-6,-1.02,-1.34,,,,,,Matches,Ronald Araújo,DF
2018,18,Boston River,uy URU,1. Uruguayan Primera División,13th,18,1596,89,52.2,17.7,18,89,17,0,,0,1.22,22,26,-4,-0.23,+0.57,,,,,,Matches,Ronald Araújo,DF
2019-2020,20,Barcelona,es ESP,1. La Liga,2nd,6,238,40,7.0,2.6,2,90,2,4,15,9,3.00,11,0,+11,+4.16,+3.11,6.6,2.6,+4.0,+1.50,+0.82,Matches,Ronald Araújo,DF
2020-2021,21,Barcelona,es ESP,1. La Liga,3rd,24,1510,63,44.2,16.8,16,80,12,8,29,5,2.33,34,16,+18,+1.07,-0.29,34.0,16.5,+17.5,+1.04,+0.33,Matches,Ronald Araújo,DF
2021-2022,22,Barcelona,es ESP,1. La Liga,2nd,30,2272,76,66.4,25.2,25,86,22,5,25,1,2.13,48,29,+19,+0.75,-0.11,42.2,23.8,+18.4,+0.73,-0.11,Matches,Ronald Araújo,DF
2022-2023,23,Barcelona,es ESP,1. La Liga,1st,22,1800,82,52.6,20.0,21,85,16,1,24,2,2.45,42,5,+37,+1.85,+1.13,44.4,14.0,+30.4,+1.52,+0.86,Matches,Ronald Araújo,DF
2023-2024,24,Barcelona,es ESP,1. La Liga,2nd,25,1997,80,58.4,22.2,21,88,20,4,38,7,2.00,50,31,+19,+0.86,-0.16,47.9,26.7,+21.3,+0.96,+0.03,Matches,Ronald Araújo,DF
2024-2025,25,Barcelona,es ESP,1. La Liga,3rd,0,,,,,0,,0,0,,2,,,,,,,,,,,,Matches,Ronald Araújo,DF
8 Seasons,8 Seasons,2 Clubs,,2 Leagues,,134,9943,74,39.5,110.5,108,86,94,26,26,30,2.05,211,117,+94,+0.85,+0.17,175.1,83.6,+91.5,+1.05,+0.31,,Ronald Araújo,DF
,,,Country,Comp,LgRank,MP,Min,Mn/MP,Min%,90s,Starts,Mn/Start,Compl,Subs,Mn/Sub,unSub,PPM,onG,onGA,+/-,+/-90,On-Off,onxG,onxGA,xG+/-,xG+/-90,On-Off,Matches,Ronald Araújo,DF
Barcelona (6 Seasons),Barcelona (6 Seasons),Barcelona (6 Seasons),,1 League,,107,7817,73,41.6,86.9,85,85,72,22,27,26,2.26,185,81,+104,+1.20,+0.17,175.1,83.6,+91.5,+1.05,+0.31,,Ronald Araújo,DF
Boston River (2 Seasons),Boston River (2 Seasons),Boston River (2 Seasons),,1 League,,27,2126,79,33.3,23.6,23,89,22,4,19,4,1.22,26,36,-10,-0.42,-0.36,,,,,,,Ronald Araújo,DF
,,,,,,,,,,,,,,,,,,,,,,,,,,,,,Ronald Araújo,DF
La Liga (6 Seasons),La Liga (6 Seasons),La Liga (6 Seasons),,,,107,7817,73,41.6,86.9,85,85,72,22,27,26,2.26,185,81,+104,+1.20,+0.17,175.1,83.6,+91.5,+1.05,+0.31,,Ronald Araújo,DF
Uruguayan Primera División (2 Seasons),Uruguayan Primera División (2 Seasons),Uruguayan Primera División (2 Seasons),,,,27,2126,79,33.3,23.6,23,89,22,4,19,4,1.22,26,36,-10,-0.42,-0.36,,,,,,,Ronald Araújo,DF
2021-2022,14,Freiburg U17,de GER,Jr. U17 Bundesliga,7th,15,987,66,54.8,11.0,14,69,5,1,20,0,2.00,30,26,+4,+0.36,-1.85,Matches,Noah Darvich,MF
2022-2023,15,Freiburg U17,de GER,Jr. U17 Bundesliga,28th,8,659,82,45.8,7.3,7,88,6,1,45,0,1.25,17,15,+2,+0.27,-0.30,Matches,Noah Darvich,MF
,,,,,,,,,,,,,,,,,,,,,,,,Noah Darvich,MF
2024-2025,17,Barcelona,es ESP,1. La Liga,3rd,0,,,,,0,,0,0,,1,,,,,,,Matches,Noah Darvich,MF
1 Season,1 Season,1 Club,,1 League,,0,,,,,0,,0,0,,1,,,,,,,,Noah Darvich,MF
,,,Country,Comp,LgRank,MP,Min,Mn/MP,Min%,90s,Starts,Mn/Start,Compl,Subs,Mn/Sub,unSub,PPM,onG,onGA,+/-,+/-90,On-Off,Matches,Noah Darvich,MF
Freiburg U17 (2 Seasons),Freiburg U17 (2 Seasons),Freiburg U17 (2 Seasons),,1 League,,23,1646,72,50.8,18.3,21,75,11,2,33,0,1.74,47,41,+6,+0.33,-1.08,,Noah Darvich,MF
Barcelona (1 Season),Barcelona (1 Season),Barcelona (1 Season),,1 League,,0,,,,,0,,0,0,,1,,,,,,,,Noah Darvich,MF
,,,,,,,,,,,,,,,,,,,,,,,,Noah Darvich,MF
U17 Bundesliga (2 Seasons),U17 Bundesliga (2 Seasons),U17 Bundesliga (2 Seasons),,,,23,1646,72,50.8,18.3,21,75,11,2,33,0,1.74,47,41,+6,+0.33,-1.08,,Noah Darvich,MF
La Liga (1 Season),La Liga (1 Season),La Liga (1 Season),,,,0,,,,,0,,0,0,,1,,,,,,,,Noah Darvich,MF
2009-2010,19,Brentford,eng ENG,3. League One,9th,28,2495,89,60.3,27.7,28,,,0,,,,,,,,,,,,,,Matches,Wojciech Szczęsny,GK
2010-2011,20,Arsenal,eng ENG,1. Premier League,4th,15,1350,90,39.5,15.0,15,,15,0,,,,,,,,,,,,,,Matches,Wojciech Szczęsny,GK
2011-2012,21,Arsenal,eng ENG,1. Premier League,3rd,38,3420,90,100.0,38.0,38,,38,0,,,,,,,,,,,,,,Matches,Wojciech Szczęsny,GK
2012-2013,22,Arsenal,eng ENG,1. Premier League,4th,25,2250,90,65.8,25.0,25,,25,0,,,,,,,,,,,,,,Matches,Wojciech Szczęsny,GK
2013-2014,23,Arsenal,eng ENG,1. Premier League,4th,37,3330,90,97.4,37.0,37,,37,0,,,,,,,,,,,,,,Matches,Wojciech Szczęsny,GK
2014-2015,24,Arsenal,eng ENG,1. Premier League,3rd,17,1498,88,43.8,16.6,17,,16,0,,17,1.59,29,21,+8,+0.48,-0.78,,,,,,Matches,Wojciech Szczęsny,GK
2015-2016,25,Roma,it ITA,1. Serie A,3rd,34,3060,90,89.5,34.0,34,,34,0,,1,2.24,75,34,+41,+1.21,+0.96,,,,,,Matches,Wojciech Szczęsny,GK
2016-2017,26,Roma,it ITA,1. Serie A,2nd,38,3420,90,100.0,38.0,38,,38,0,,0,2.29,90,38,+52,+1.37,,,,,,,Matches,Wojciech Szczęsny,GK
2017-2018,27,Juventus,it ITA,1. Serie A,1st,17,1530,90,44.7,17.0,17,,17,0,,21,2.47,31,9,+22,+1.29,-0.61,23.7,10.6,+13.1,+0.77,+0.06,Matches,Wojciech Szczęsny,GK
2018-2019,28,Juventus,it ITA,1. Serie A,1st,28,2520,90,73.7,28.0,28,90,28,0,,10,2.54,55,20,+35,+1.25,+0.75,48.1,26.6,+21.6,+0.77,+0.43,Matches,Wojciech Szczęsny,GK
2019-2020,29,Juventus,it ITA,1. Serie A,1st,29,2591,89,75.8,28.8,29,89,28,0,,7,2.10,57,33,+24,+0.83,-0.14,51.4,35.9,+15.5,+0.54,-0.62,Matches,Wojciech Szczęsny,GK
2020-2021,30,Juventus,it ITA,1. Serie A,4th,30,2677,89,78.3,29.7,30,89,29,0,,8,1.87,55,32,+23,+0.77,-1.16,56.7,30.0,+26.7,+0.90,-0.11,Matches,Wojciech Szczęsny,GK
2021-2022,31,Juventus,it ITA,1. Serie A,4th,33,2970,90,86.8,33.0,33,90,33,0,,4,1.91,50,29,+21,+0.64,+0.84,46.2,33.3,+12.9,+0.39,+0.29,Matches,Wojciech Szczęsny,GK
2022-2023,32,Juventus,it ITA,1. Serie A,7th,28,2472,88,72.3,27.5,28,88,27,0,,6,1.93,40,26,+14,+0.51,-0.34,40.4,29.1,+11.3,+0.41,+0.18,Matches,Wojciech Szczęsny,GK
2023-2024,33,Juventus,it ITA,1. Serie A,3rd,35,3150,90,92.1,35.0,35,90,35,0,,1,1.83,49,30,+19,+0.54,-0.79,50.2,28.6,+21.6,+0.62,-0.36,Matches,Wojciech Szczęsny,GK
2024-2025,34,Barcelona,es ESP,1. La Liga,3rd,0,,,,,0,,0,0,,10,,,,,,,,,,,,Matches,Wojciech Szczęsny,GK
16 Seasons,16 Seasons,5 Clubs,,4 Leagues,,432,38733,90,72.1,430.4,432,90,400,0,,85,2.08,531,272,+259,+0.90,-0.29,316.8,194.2,+122.6,+0.62,-0.03,,Wojciech Szczęsny,GK
,,,Country,Comp,LgRank,MP,Min,Mn/MP,Min%,90s,Starts,Mn/Start,Compl,Subs,Mn/Sub,unSub,PPM,onG,onGA,+/-,+/-90,On-Off,onxG,onxGA,xG+/-,xG+/-90,On-Off,Matches,Wojciech Szczęsny,GK
Juventus (7 Seasons),Juventus (7 Seasons),Juventus (7 Seasons),,1 League,,200,17910,90,74.8,199.0,200,90,197,0,,57,2.06,337,179,+158,+0.79,-0.43,316.8,194.2,+122.6,+0.62,-0.03,,Wojciech Szczęsny,GK
Arsenal (5 Seasons),Arsenal (5 Seasons),Arsenal (5 Seasons),,1 League,,132,11848,90,69.3,131.6,132,,131,0,,17,1.59,29,21,+8,+0.48,-0.78,,,,,,,Wojciech Szczęsny,GK
Roma (2 Seasons),Roma (2 Seasons),Roma (2 Seasons),,1 League,,72,6480,90,94.7,72.0,72,,72,0,,1,2.27,165,72,+93,+1.29,+1.04,,,,,,,Wojciech Szczęsny,GK
Brentford (1 Season),Brentford (1 Season),Brentford (1 Season),,1 League,,28,2495,89,60.3,27.7,28,,,0,,,,,,,,,,,,,,,Wojciech Szczęsny,GK
Barcelona (1 Season),Barcelona (1 Season),Barcelona (1 Season),,1 League,,0,,,,,0,,0,0,,10,,,,,,,,,,,,,Wojciech Szczęsny,GK
,,,,,,,,,,,,,,,,,,,,,,,,,,,,,Wojciech Szczęsny,GK
Serie A (9 Seasons),Serie A (9 Seasons),Serie A (9 Seasons),,,,272,24390,90,79.2,271.0,272,90,269,0,,58,2.11,502,251,+251,+0.93,-0.24,316.8,194.2,+122.6,+0.62,-0.03,,Wojciech Szczęsny,GK
Premier League (5 Seasons),Premier League (5 Seasons),Premier League (5 Seasons),,,,132,11848,90,69.3,131.6,132,,131,0,,17,1.59,29,21,+8,+0.48,-0.78,,,,,,,Wojciech Szczęsny,GK
League One (1 Season),League One (1 Season),League One (1 Season),,,,28,2495,89,60.3,27.7,28,,,0,,,,,,,,,,,,,,,Wojciech Szczęsny,GK
La Liga (1 Season),La Liga (1 Season),La Liga (1 Season),,,,0,,,,,0,,0,0,,10,,,,,,,,,,,,,Wojciech Szczęsny,GK
2022-2023,18,FC Andorra,es ESP,2. La Liga 2,7th,7,305,44,8.1,3.4,3,80,0,4,16,9,1.86,5,3,+2,+0.59,+0.38,3.3,2.6,+0.7,+0.20,+0.02,Matches,Álex Valle,DF
2023-2024,19,Levante,es ESP,2. La Liga 2,8th,29,2307,80,61.0,25.6,26,87,19,3,14,6,1.41,32,30,+2,+0.08,-0.04,29.5,29.4,+0.1,0.00,+0.33,Matches,Álex Valle,DF
2024-2025,20,Barcelona,es ESP,1. La Liga,3rd,0,,,,,0,,0,0,,2,,,,,,,,,,,,Matches,Álex Valle,DF
2024-2025,20,Celtic,sct SCO,1. Premiership,1st,9,546,61,30.3,6.1,6,77,3,3,28,8,2.44,19,5,+14,+2.31,-0.13,,,,,,Matches,Álex Valle,DF
3 Seasons,3 Seasons,4 Clubs,,3 Leagues,,45,3158,70,28.5,35.1,35,85,22,10,19,25,1.69,56,38,+18,+0.51,-0.13,32.8,32.0,+0.8,+0.03,0.00,,Álex Valle,DF
,,,Country,Comp,LgRank,MP,Min,Mn/MP,Min%,90s,Starts,Mn/Start,Compl,Subs,Mn/Sub,unSub,PPM,onG,onGA,+/-,+/-90,On-Off,onxG,onxGA,xG+/-,xG+/-90,On-Off,Matches,Álex Valle,DF
Levante (1 Season),Levante (1 Season),Levante (1 Season),,1 League,,29,2307,80,61.0,25.6,26,87,19,3,14,6,1.41,32,30,+2,+0.08,-0.04,29.5,29.4,+0.1,0.00,+0.33,,Álex Valle,DF
Celtic (1 Season),Celtic (1 Season),Celtic (1 Season),,1 League,,9,546,61,30.3,6.1,6,77,3,3,28,8,2.44,19,5,+14,+2.31,-0.13,,,,,,,Álex Valle,DF
FC Andorra (1 Season),FC Andorra (1 Season),FC Andorra (1 Season),,1 League,,7,305,44,8.1,3.4,3,80,0,4,16,9,1.86,5,3,+2,+0.59,+0.38,3.3,2.6,+0.7,+0.20,+0.02,,Álex Valle,DF
Barcelona (1 Season),Barcelona (1 Season),Barcelona (1 Season),,1 League,,0,,,,,0,,0,0,,2,,,,,,,,,,,,,Álex Valle,DF
,,,,,,,,,,,,,,,,,,,,,,,,,,,,,Álex Valle,DF
La Liga 2 (2 Seasons),La Liga 2 (2 Seasons),La Liga 2 (2 Seasons),,,,36,2612,73,34.6,29.0,29,86,19,7,15,15,1.50,37,33,+4,+0.14,-0.04,32.8,32.0,+0.8,+0.03,0.00,,Álex Valle,DF
Premiership (1 Season),Premiership (1 Season),Premiership (1 Season),,,,9,546,61,30.3,6.1,6,77,3,3,28,8,2.44,19,5,+14,+2.31,-0.13,,,,,,,Álex Valle,DF
La Liga (1 Season),La Liga (1 Season),La Liga (1 Season),,,,0,,,,,0,,0,0,,2,,,,,,,,,,,,,Álex Valle,DF
